dia,i,lado,tipo,nivel,entrada,stop,obj,riesgo,hora,ts,R,motivo,neto,dirH1,dirM15,favH1,favM15,diaD,Rinv,motInv,netoInv
2020-01-07,971,1,A,mínimo,1.11832,1.11809,1.11878,2.2999999999995246,8,2020-01-07 07:04:00,-1.0,SL,-1.6217391304349111,-1,-1,False,False,2020-01-07,2.0,TP,1.3782608695650889
2020-01-09,1555,1,B,alto,1.11191,1.11147,1.11279,4.39999999999996,8,2020-01-09 07:44:00,-1.0,SL,-1.3250000000000028,0,1,False,True,2020-01-09,2.0,TP,1.6749999999999972
2020-01-09,1560,-1,B,mínimo,1.11072,1.11162,1.1089199999999997,9.00000000000123,9,2020-01-09 08:09:00,-1.0,SL,-1.158888888888867,1,-1,False,True,2020-01-09,-1.0,SL,-1.158888888888867
2020-01-13,2147,1,B,alto,1.1133,1.11266,1.11458,6.399999999999739,10,2020-01-13 09:04:00,-1.0,SL,-1.223437500000009,-1,1,False,True,2020-01-13,2.0,TP,1.776562499999991
2020-01-13,2159,1,A,mínimo,1.1117,1.11147,1.1121599999999998,2.2999999999995246,11,2020-01-13 10:04:00,-1.0,SL,-1.6217391304349111,-1,-1,False,False,2020-01-13,-1.0,SL,-1.6217391304349111
2020-01-14,2411,-1,A,alto,1.11414,1.11444,1.1135399999999995,3.00000000000189,8,2020-01-14 07:04:00,2.0,TP,1.5233333333336336,1,1,False,False,2020-01-14,-1.0,SL,-1.4766666666663664
2020-01-15,2699,1,B,alto,1.1136,1.11342,1.1139599999999996,1.7999999999984695,8,2020-01-15 07:04:00,-1.0,SL,-1.7944444444451195,-1,-1,False,False,2020-01-15,2.0,TP,1.2055555555548803
2020-01-21,3866,1,A,mínimo,1.10893,1.1089,1.10899,0.2999999999997449,9,2020-01-21 08:19:00,-1.0,SL,-5.766666666670719,-1,-1,False,False,2020-01-21,2.0,TP,-2.7666666666707194
2020-01-22,4143,-1,B,mínimo,1.1077,1.10785,1.1073999999999995,1.500000000000945,8,2020-01-22 07:24:00,-1.0,SL,-1.9533333333327327,1,-1,False,True,2020-01-22,2.0,TP,1.0466666666672673
2020-01-23,4457,1,A,mínimo,1.10815,1.10802,1.10841,1.2999999999996348,10,2020-01-23 09:34:00,2.0,TP,0.899999999999691,1,-1,True,False,2020-01-23,-1.0,SL,-2.1000000000003087
2020-01-24,4733,-1,A,alto,1.1055,1.10526,1.10502,2.40000000000018,9,2020-01-24 08:34:00,-1.0,SL,-1.5958333333332886,-1,1,True,False,2020-01-24,-1.0,SL,-1.5958333333332886
2020-01-24,4720,-1,B,mínimo,1.10439,1.1048,1.10357,4.100000000000215,8,2020-01-24 07:29:00,-1.0,SL,-1.3487804878048597,1,-1,False,True,2020-01-24,2.0,TP,1.6512195121951403
2020-01-27,5007,-1,A,alto,1.10338,1.10355,1.10304,1.7000000000000348,8,2020-01-27 07:24:00,-1.0,SL,-1.841176470588218,1,1,False,False,2020-01-27,2.0,TP,1.158823529411782
2020-01-30,5886,-1,A,alto,1.10172,1.10176,1.10164,0.4000000000004,9,2020-01-30 08:39:00,-1.0,SL,-4.574999999996425,-1,1,True,False,2020-01-30,2.0,TP,-1.5749999999964248
2020-01-31,6155,-1,B,mínimo,1.1018,1.10206,1.1012799999999996,2.60000000000149,8,2020-01-31 07:04:00,-1.0,SL,-1.5499999999996847,1,-1,False,True,2020-01-31,2.0,TP,1.4500000000003153
2020-02-06,7327,1,A,mínimo,1.09969,1.09942,1.10023,2.6999999999999247,9,2020-02-06 08:44:00,2.0,TP,1.4703703703703557,-1,-1,False,False,2020-02-06,-1.0,SL,-1.5296296296296443
2020-02-11,8171,-1,B,mínimo,1.09068,1.09113,1.0897800000000004,4.499999999998394,8,2020-02-11 07:04:00,-1.0,SL,-1.3177777777778912,1,-1,False,True,2020-02-11,2.0,TP,1.6822222222221088
2020-02-18,9614,-1,A,alto,1.0835,1.08362,1.0832599999999997,1.2000000000012,8,2020-02-18 07:34:00,-1.0,SL,-2.191666666665475,1,1,False,False,2020-02-18,-1.0,SL,-2.191666666665475
2020-02-24,10793,-1,B,mínimo,1.08141,1.08251,1.0792099999999998,11.000000000001007,10,2020-02-24 09:49:00,-1.0,SL,-1.129999999999988,1,-1,False,True,2020-02-24,2.0,TP,1.8700000000000119
2020-02-26,11352,-1,A,alto,1.0878,1.08804,1.0873200000000005,2.39999999999796,9,2020-02-26 08:24:00,-1.0,SL,-1.59583333333384,1,1,False,False,2020-02-26,2.0,TP,1.4041666666661603
2020-02-27,11629,-1,A,alto,1.09156,1.09177,1.0911400000000004,2.0999999999982144,8,2020-02-27 07:29:00,-1.0,SL,-1.6809523809529598,1,1,False,False,2020-02-27,-1.0,SL,-1.6809523809529598
2020-03-02,12224,-1,B,alto,1.10711,1.10888,1.10357,17.700000000000493,10,2020-03-02 09:04:00,-1.0,SL,-1.0807909604519752,1,-1,False,True,2020-03-02,2.0,TP,1.9192090395480248
2020-03-03,12519,1,B,mínimo,1.11199,1.11075,1.1144700000000003,12.4000000000013,10,2020-03-03 09:39:00,-1.0,SL,-1.1153225806451492,-1,1,False,True,2020-03-03,-1.0,SL,-1.1153225806451492
2020-03-11,14261,1,A,mínimo,1.13057,1.13019,1.1313300000000002,3.8000000000004697,9,2020-03-11 08:54:00,2.0,TP,1.6236842105263622,-1,-1,False,False,2020-03-11,-1.0,SL,-1.3763157894736378
2020-03-16,15130,-1,B,alto,1.11812,1.12084,1.11268,27.20000000000056,10,2020-03-16 09:19:00,2.0,TP,1.9474264705882365,1,-1,False,True,2020-03-16,-1.0,SL,-1.0525735294117635
2020-03-18,15679,1,A,mínimo,1.0973,1.09664,1.0986199999999997,6.599999999998829,8,2020-03-18 07:04:00,-1.0,SL,-1.216666666666705,-1,-1,False,False,2020-03-18,-1.0,SL,-1.216666666666705
2020-03-18,15685,1,A,mínimo,1.09792,1.09704,1.09968,8.799999999999919,8,2020-03-18 07:34:00,-1.0,SL,-1.1625000000000014,-1,-1,False,False,2020-03-18,2.0,TP,1.8374999999999986
2020-03-18,15689,-1,B,mínimo,1.0959,1.09846,1.0907800000000003,25.59999999999896,8,2020-03-18 07:54:00,-1.0,SL,-1.0558593750000025,-1,1,True,False,2020-03-18,2.0,TP,1.9441406249999977
2020-03-19,15970,1,B,mínimo,1.08526,1.08132,1.0931399999999996,39.39999999999832,8,2020-03-19 07:19:00,-1.0,SL,-1.0362944162436565,-1,-1,False,False,2020-03-19,2.0,TP,1.9637055837563437
2020-03-24,16869,-1,B,alto,1.08719,1.08793,1.0857100000000002,7.399999999999629,11,2020-03-24 10:19:00,2.0,TP,1.806756756756747,1,-1,False,True,2020-03-24,-1.0,SL,-1.193243243243253
2020-04-02,18848,1,B,mínimo,1.09319,1.09171,1.0961500000000004,14.80000000000148,11,2020-04-02 09:24:00,-1.0,SL,-1.096621621621612,-1,1,False,True,2020-04-02,2.0,TP,1.903378378378388
2020-04-15,21398,1,A,mínimo,1.0967,1.09631,1.0974800000000002,3.900000000001125,8,2020-04-15 06:09:00,-1.0,SL,-1.366666666666561,-1,-1,False,False,2020-04-15,2.0,TP,1.633333333333439
2020-04-21,22571,-1,B,mínimo,1.08236,1.08357,1.07994,12.099999999999334,10,2020-04-21 08:04:00,-1.0,SL,-1.1181818181818246,1,-1,False,True,2020-04-21,2.0,TP,1.8818181818181754
2020-04-23,23125,-1,A,alto,1.08266,1.0834,1.08118,7.399999999999629,8,2020-04-23 06:14:00,2.0,TP,1.806756756756747,1,-1,False,True,2020-04-23,-1.0,SL,-1.193243243243253
2020-04-24,23411,1,A,mínimo,1.07642,1.0762,1.0768599999999997,2.199999999998869,8,2020-04-24 06:04:00,-1.0,SL,-1.650000000000334,-1,-1,False,False,2020-04-24,2.0,TP,1.349999999999666
2020-05-05,25450,1,B,alto,1.0915,1.08952,1.0954599999999997,19.799999999998708,10,2020-05-05 08:14:00,-1.0,SL,-1.0722222222222269,-1,1,False,True,2020-05-05,2.0,TP,1.9277777777777731
2020-05-05,25447,1,B,mínimo,1.08985,1.08906,1.09143,7.900000000000684,9,2020-05-05 07:59:00,2.0,TP,1.818987341772168,-1,-1,False,False,2020-05-05,-1.0,SL,-1.1810126582278324
2020-05-07,26002,1,B,alto,1.08029,1.07955,1.08177,7.399999999999629,8,2020-05-07 06:14:00,-1.0,SL,-1.193243243243253,-1,1,False,True,2020-05-07,2.0,TP,1.806756756756747
2020-05-07,26013,1,B,alto,1.08009,1.07891,1.08245,11.799999999999589,9,2020-05-07 07:09:00,-1.0,SL,-1.1211864406779704,-1,1,False,True,2020-05-07,-1.0,SL,-1.1211864406779704
2020-05-07,26007,-1,B,mínimo,1.07875,1.07983,1.0765900000000002,10.7999999999997,8,2020-05-07 06:39:00,-1.0,SL,-1.132407407407411,-1,1,True,False,2020-05-07,2.0,TP,1.867592592592589
2020-05-07,26035,1,A,mínimo,1.07929,1.07904,1.0797900000000002,2.500000000000835,10,2020-05-07 08:59:00,-1.0,SL,-1.571999999999809,-1,-1,False,False,2020-05-07,-1.0,SL,-1.571999999999809
2020-05-11,26591,1,A,mínimo,1.08322,1.083,1.0836600000000003,2.20000000000109,9,2020-05-11 07:19:00,2.0,TP,1.350000000000322,-1,-1,False,False,2020-05-11,-1.0,SL,-1.649999999999678
2020-05-15,27728,1,B,alto,1.08094,1.08041,1.082,5.299999999999194,8,2020-05-15 06:04:00,-1.0,SL,-1.269811320754758,-1,-1,False,False,2020-05-15,2.0,TP,1.730188679245242
2020-05-18,28026,-1,A,alto,1.08195,1.08253,1.08079,5.800000000000249,8,2020-05-18 06:59:00,2.0,TP,1.7534482758620795,-1,1,True,False,2020-05-18,-1.0,SL,-1.2465517241379205
2020-05-19,28332,-1,B,alto,1.09217,1.09339,1.08973,12.199999999999989,10,2020-05-19 08:29:00,-1.0,SL,-1.1172131147540985,1,-1,False,True,2020-05-19,2.0,TP,1.8827868852459015
2020-05-25,29482,1,B,mínimo,1.08862,1.08806,1.0897399999999997,5.599999999998939,10,2020-05-25 08:34:00,2.0,TP,1.7446428571428088,-1,1,False,True,2020-05-25,-1.0,SL,-1.2553571428571912
2020-05-27,30064,-1,B,mínimo,1.09386,1.09682,1.0879400000000004,29.59999999999852,11,2020-05-27 09:04:00,-1.0,SL,-1.0483108108108132,1,-1,False,True,2020-05-27,2.0,TP,1.9516891891891868
2020-05-28,30330,1,A,mínimo,1.10147,1.10106,1.10229,4.100000000000215,9,2020-05-28 07:14:00,-1.0,SL,-1.3487804878048597,-1,-1,False,False,2020-05-28,2.0,TP,1.6512195121951403
2020-05-28,30354,1,B,mínimo,1.10076,1.09922,1.1038399999999997,15.399999999998748,11,2020-05-28 09:14:00,2.0,TP,1.9071428571428497,-1,1,False,True,2020-05-28,-1.0,SL,-1.0928571428571503
2020-05-29,30621,-1,A,alto,1.11075,1.11107,1.1101099999999997,3.20000000000098,9,2020-05-29 07:29:00,2.0,TP,1.5531250000001369,1,1,False,False,2020-05-29,-1.0,SL,-1.4468749999998631
2020-06-01,30893,1,B,alto,1.11435,1.1138,1.11545,5.5000000000005045,8,2020-06-01 06:09:00,-1.0,SL,-1.2599999999999765,-1,1,False,True,2020-06-01,-1.0,SL,-1.2599999999999763
2020-06-03,31468,1,B,alto,1.12065,1.12011,1.12173,5.399999999999849,8,2020-06-03 06:04:00,2.0,TP,1.7351851851851778,1,-1,True,False,2020-06-03,-1.0,SL,-1.2648148148148222
2020-06-03,31487,-1,B,alto,1.12137,1.12236,1.11939,9.900000000000464,9,2020-06-03 07:39:00,2.0,TP,1.8555555555555625,1,1,False,False,2020-06-03,-1.0,SL,-1.1444444444444377
2020-06-08,32332,-1,B,mínimo,1.12829,1.12941,1.12605,11.2000000000001,8,2020-06-08 06:04:00,-1.0,SL,-1.1276785714285702,1,-1,False,True,2020-06-08,2.0,TP,1.8723214285714298
2020-06-12,33521,-1,B,alto,1.13113,1.13252,1.12835,13.900000000000023,11,2020-06-12 09:19:00,-1.0,SL,-1.1028776978417263,1,-1,False,True,2020-06-12,-1.0,SL,-1.1028776978417265
2020-06-16,34071,1,B,alto,1.13473,1.13405,1.13609,6.800000000000139,9,2020-06-16 07:09:00,-1.0,SL,-1.2102941176470543,-1,1,False,True,2020-06-16,2.0,TP,1.7897058823529455
2020-06-16,34082,-1,B,mínimo,1.13204,1.1329,1.1303199999999998,8.60000000000083,10,2020-06-16 08:04:00,-1.0,SL,-1.166279069767426,1,-1,False,True,2020-06-16,2.0,TP,1.833720930232574
2020-06-17,34368,-1,B,alto,1.12665,1.12902,1.12191,23.699999999999832,9,2020-06-17 07:59:00,2.0,TP,1.939662447257384,1,-1,False,True,2020-06-17,-1.0,SL,-1.0603375527426164
2020-06-22,35219,1,B,alto,1.12035,1.1198,1.12145,5.5000000000005045,8,2020-06-22 06:54:00,-1.0,SL,-1.2599999999999765,1,-1,True,False,2020-06-22,2.0,TP,1.7400000000000237
2020-06-25,36089,1,B,mínimo,1.12424,1.12299,1.12674,12.499999999999734,9,2020-06-25 07:34:00,-1.0,SL,-1.1144000000000025,-1,1,False,True,2020-06-25,2.0,TP,1.8855999999999975
2020-06-30,36958,1,B,mínimo,1.12268,1.12186,1.1243199999999995,8.199999999998209,10,2020-06-30 08:04:00,-1.0,SL,-1.1743902439024771,-1,1,False,True,2020-06-30,2.0,TP,1.8256097560975229
2020-07-09,38978,1,A,mínimo,1.13329,1.13287,1.1341299999999996,4.199999999998649,10,2020-07-09 08:49:00,-1.0,SL,-1.3404761904762998,-1,-1,False,False,2020-07-09,2.0,TP,1.6595238095237002
2020-07-17,40691,1,B,alto,1.13947,1.13879,1.14083,6.800000000000139,9,2020-07-17 07:39:00,-1.0,SL,-1.2102941176470543,-1,1,False,True,2020-07-17,-1.0,SL,-1.2102941176470545
2020-07-22,41560,1,B,mínimo,1.15294,1.15169,1.15544,12.499999999999734,10,2020-07-22 08:09:00,-1.0,SL,-1.1144000000000025,-1,-1,False,False,2020-07-22,-1.0,SL,-1.1144000000000025
2020-07-22,41573,1,B,mínimo,1.15293,1.15169,1.1554099999999998,12.399999999999078,11,2020-07-22 09:14:00,2.0,TP,1.88467741935483,1,-1,True,False,2020-07-22,-1.0,SL,-1.1153225806451699
2020-07-24,42129,1,B,alto,1.16209,1.16099,1.1642900000000005,11.000000000001007,9,2020-07-24 07:49:00,-1.0,SL,-1.129999999999988,-1,-1,False,False,2020-07-24,2.0,TP,1.8700000000000119
2020-07-30,43258,1,A,mínimo,1.17607,1.17589,1.1764299999999996,1.7999999999984695,8,2020-07-30 06:04:00,-1.0,SL,-1.7944444444451195,-1,-1,False,False,2020-07-30,2.0,TP,1.2055555555548803
2020-07-31,43583,1,A,mínimo,1.18442,1.18416,1.18494,2.5999999999992696,11,2020-07-31 09:14:00,-1.0,SL,-1.5500000000001544,-1,-1,False,False,2020-07-31,2.0,TP,1.4499999999998456
2020-08-04,44150,-1,B,alto,1.17744,1.17901,1.1743000000000003,15.699999999998491,10,2020-08-04 08:34:00,-1.0,SL,-1.0910828025477797,1,-1,False,True,2020-08-04,2.0,TP,1.9089171974522205
2020-08-10,45272,1,B,alto,1.17959,1.17917,1.1804299999999996,4.199999999998649,8,2020-08-10 06:04:00,-1.0,SL,-1.3404761904762998,-1,1,False,True,2020-08-10,-1.0,SL,-1.3404761904762998
2020-08-10,45307,1,B,mínimo,1.17722,1.17625,1.1791599999999998,9.699999999999154,10,2020-08-10 08:59:00,-1.0,SL,-1.147422680412384,-1,1,False,True,2020-08-10,2.0,TP,1.852577319587616
2020-08-13,46158,-1,B,alto,1.18182,1.18302,1.1794200000000004,11.999999999998678,10,2020-08-13 08:09:00,-1.0,SL,-1.1191666666666795,1,1,False,False,2020-08-13,2.0,TP,1.8808333333333203
2020-08-14,46422,-1,A,alto,1.18193,1.18213,1.18153,1.99999999999978,8,2020-08-14 06:09:00,-1.0,SL,-1.715000000000079,-1,1,True,False,2020-08-14,2.0,TP,1.2849999999999213
2020-08-17,46710,-1,A,alto,1.18645,1.18671,1.1859300000000002,2.5999999999992696,8,2020-08-17 06:14:00,-1.0,SL,-1.5500000000001544,1,1,False,False,2020-08-17,-1.0,SL,-1.5500000000001544
2020-08-19,47298,-1,B,mínimo,1.19284,1.19386,1.1908,10.200000000000207,9,2020-08-19 07:14:00,-1.0,SL,-1.1401960784313696,1,-1,False,True,2020-08-19,2.0,TP,1.8598039215686304
2020-08-20,47594,-1,B,alto,1.18508,1.1861,1.18304,10.200000000000207,9,2020-08-20 07:54:00,2.0,TP,1.8598039215686304,1,1,False,False,2020-08-20,-1.0,SL,-1.1401960784313696
2020-08-20,47604,1,B,mínimo,1.18295,1.18172,1.1854099999999996,12.299999999998423,10,2020-08-20 08:44:00,2.0,TP,1.8837398373983592,-1,-1,False,False,2020-08-20,-1.0,SL,-1.1162601626016408
2020-08-25,48434,1,B,alto,1.18123,1.18074,1.1822100000000002,4.900000000001015,8,2020-08-25 06:04:00,-1.0,SL,-1.291836734693817,-1,1,False,True,2020-08-25,2.0,TP,1.708163265306183
2020-08-25,48465,-1,B,alto,1.18163,1.18199,1.1809099999999997,3.60000000000138,10,2020-08-25 08:39:00,-1.0,SL,-1.3972222222220698,1,-1,False,True,2020-08-25,-1.0,SL,-1.3972222222220698
2020-08-26,48759,1,A,mínimo,1.18103,1.18071,1.1816700000000002,3.20000000000098,11,2020-08-26 09:19:00,-1.0,SL,-1.4468749999998631,1,-1,True,False,2020-08-26,-1.0,SL,-1.4468749999998631
2020-08-27,49013,-1,B,mínimo,1.18259,1.1831,1.18157,5.100000000000104,8,2020-08-27 06:34:00,-1.0,SL,-1.2803921568627394,1,1,False,False,2020-08-27,2.0,TP,1.7196078431372606
2020-09-09,51615,1,B,alto,1.17824,1.17705,1.18062,11.900000000000244,10,2020-09-09 08:04:00,-1.0,SL,-1.1201680672268883,-1,1,False,True,2020-09-09,2.0,TP,1.8798319327731117
2020-09-15,52737,1,B,alto,1.18984,1.18907,1.19138,7.699999999999374,8,2020-09-15 06:24:00,-1.0,SL,-1.1857142857143008,1,-1,True,False,2020-09-15,2.0,TP,1.8142857142856992
2020-09-18,53627,-1,A,alto,1.18573,1.18614,1.18491,4.100000000000215,11,2020-09-18 09:04:00,-1.0,SL,-1.3487804878048597,-1,1,True,False,2020-09-18,-1.0,SL,-1.3487804878048597
2020-09-18,53615,-1,B,mínimo,1.18424,1.18526,1.1822,10.200000000000207,10,2020-09-18 08:04:00,-1.0,SL,-1.1401960784313696,1,-1,False,True,2020-09-18,2.0,TP,1.8598039215686304
2020-09-22,54167,1,A,mínimo,1.17544,1.17528,1.17576,1.5999999999993797,8,2020-09-22 06:14:00,-1.0,SL,-1.8937500000003464,-1,-1,False,False,2020-09-22,2.0,TP,1.1062499999996536
2020-09-23,54455,-1,B,mínimo,1.1675,1.16831,1.16588,8.099999999999774,8,2020-09-23 06:19:00,-1.0,SL,-1.176543209876548,1,-1,False,True,2020-09-23,2.0,TP,1.823456790123452
2020-09-29,55609,-1,A,alto,1.1678,1.16822,1.1669599999999998,4.20000000000087,9,2020-09-29 07:04:00,2.0,TP,1.65952380952388,1,1,False,False,2020-09-29,-1.0,SL,-1.34047619047612
2020-09-29,55630,-1,A,alto,1.16803,1.16816,1.1677699999999995,1.3000000000018552,10,2020-09-29 08:49:00,2.0,TP,0.9000000000015698,1,1,False,False,2020-09-29,-1.0,SL,-2.0999999999984302
2020-10-06,57043,1,B,alto,1.17965,1.17801,1.1829300000000005,16.40000000000086,9,2020-10-06 07:09:00,-1.0,SL,-1.087195121951215,-1,1,False,True,2020-10-06,2.0,TP,1.912804878048785
2020-10-12,58194,-1,B,mínimo,1.18081,1.18176,1.17891,9.500000000000064,9,2020-10-12 07:24:00,-1.0,SL,-1.1505263157894727,1,-1,False,True,2020-10-12,-1.0,SL,-1.1505263157894727
2020-10-14,58781,1,B,alto,1.17496,1.17396,1.1769600000000002,10.00000000000112,10,2020-10-14 08:34:00,-1.0,SL,-1.142999999999984,-1,1,False,True,2020-10-14,2.0,TP,1.857000000000016
2020-10-16,59331,-1,B,mínimo,1.16972,1.17059,1.1679800000000002,8.699999999999264,8,2020-10-16 06:24:00,-1.0,SL,-1.164367816091968,1,-1,False,True,2020-10-16,2.0,TP,1.835632183908032
2020-10-20,59915,-1,B,mínimo,1.17633,1.17729,1.1744100000000004,9.5999999999985,9,2020-10-20 07:14:00,-1.0,SL,-1.1489583333333566,1,-1,False,True,2020-10-20,2.0,TP,1.8510416666666434
2020-10-21,60223,-1,B,alto,1.18506,1.18578,1.18362,7.200000000000539,10,2020-10-21 08:59:00,-1.0,SL,-1.1986111111110962,1,-1,False,True,2020-10-21,-1.0,SL,-1.1986111111110962
2020-10-26,61076,-1,B,mínimo,1.18304,1.18441,1.1803000000000003,13.699999999998711,8,2020-10-26 07:04:00,1.554744525547728,cierre,1.4503649635039224,-1,1,True,False,2020-10-26,-1.0,SL,-1.1043795620438055
2020-10-30,62253,1,A,mínimo,1.16716,1.16647,1.16854,6.900000000000794,10,2020-10-30 09:24:00,-1.0,SL,-1.2072463768115704,-1,-1,False,False,2020-10-30,-1.0,SL,-1.2072463768115704
2020-11-09,63927,1,B,alto,1.18942,1.18857,1.19112,8.500000000000174,8,2020-11-09 07:04:00,-1.0,SL,-1.1682352941176437,-1,1,False,True,2020-11-09,2.0,TP,1.8317647058823563
2020-11-10,64232,1,B,alto,1.1835,1.18263,1.1852399999999998,8.699999999999264,9,2020-11-10 08:29:00,-1.0,SL,-1.164367816091968,-1,1,False,True,2020-11-10,2.0,TP,1.835632183908032
2020-11-25,67397,-1,B,alto,1.19081,1.192,1.18843,11.900000000000244,9,2020-11-25 08:44:00,2.0,TP,1.879831932773112,1,-1,False,True,2020-11-25,-1.0,SL,-1.1201680672268883
2020-11-26,67673,1,B,alto,1.19405,1.19358,1.19499,4.699999999999704,8,2020-11-26 07:49:00,-1.0,SL,-1.3042553191489552,1,-1,True,False,2020-11-26,2.0,TP,1.6957446808510448
2020-11-27,67953,1,B,alto,1.19289,1.19234,1.19399,5.5000000000005045,8,2020-11-27 07:19:00,-1.0,SL,-1.2599999999999765,1,-1,True,False,2020-11-27,2.0,TP,1.7400000000000237
2020-12-02,68592,1,B,alto,1.20836,1.20753,1.2100200000000003,8.300000000001084,8,2020-12-02 07:34:00,-1.0,SL,-1.1722891566264837,-1,1,False,True,2020-12-02,2.0,TP,1.8277108433735165
2020-12-03,68877,-1,A,alto,1.21208,1.21226,1.2117200000000004,1.7999999999984695,8,2020-12-03 07:24:00,-1.0,SL,-1.7944444444451195,-1,1,True,False,2020-12-03,2.0,TP,1.2055555555548803
2020-12-04,69200,-1,B,alto,1.21585,1.21685,1.2138500000000003,9.9999999999989,11,2020-12-04 10:24:00,-1.0,SL,-1.1430000000000158,1,-1,False,True,2020-12-04,-1.0,SL,-1.1430000000000158
2020-12-08,69748,-1,B,mínimo,1.21018,1.21185,1.20684,16.700000000000603,9,2020-12-08 08:04:00,-1.0,SL,-1.0856287425149669,1,-1,False,True,2020-12-08,0.28742514970060995,cierre,0.20179640718564298
2020-12-16,71458,1,B,alto,1.2168,1.21611,1.2181800000000005,6.900000000000794,8,2020-12-16 07:09:00,-1.0,SL,-1.2072463768115704,-1,1,False,True,2020-12-16,2.0,TP,1.7927536231884296
2020-12-22,72607,-1,B,mínimo,1.22153,1.22187,1.22085,3.4000000000000696,8,2020-12-22 07:04:00,-1.0,SL,-1.420588235294109,-1,1,True,False,2020-12-22,2.0,TP,1.579411764705891
2020-12-29,73865,1,B,alto,1.22433,1.22396,1.22507,3.699999999999815,8,2020-12-29 07:04:00,2.0,TP,1.613513513513494,-1,1,False,True,2020-12-29,-1.0,SL,-1.3864864864865059
2020-12-29,73888,-1,B,alto,1.22452,1.22545,1.2226600000000003,9.299999999998754,9,2020-12-29 08:59:00,-1.0,SL,-1.1537634408602355,1,1,False,False,2020-12-29,2.0,TP,1.8462365591397643
2021-01-05,75028,1,B,alto,1.22766,1.22666,1.2296599999999998,9.9999999999989,9,2021-01-05 08:19:00,-1.0,SL,-1.1430000000000158,1,-1,True,False,2021-01-05,-1.0,SL,-1.1430000000000158
2021-01-06,75317,-1,B,alto,1.23238,1.23356,1.23002,11.799999999999589,9,2021-01-06 08:24:00,-1.0,SL,-1.1211864406779704,1,-1,False,True,2021-01-06,2.0,TP,1.8788135593220296
2021-01-08,75910,1,B,mínimo,1.22337,1.22272,1.22467,6.500000000000394,10,2021-01-08 09:54:00,2.0,TP,1.7800000000000131,-1,1,False,True,2021-01-08,-1.0,SL,-1.2199999999999867
2021-01-13,76745,1,B,alto,1.22206,1.2213,1.2235799999999997,7.599999999998719,8,2021-01-13 07:34:00,-1.0,SL,-1.1881578947368738,-1,1,False,True,2021-01-13,2.0,TP,1.8118421052631262
2021-01-18,77604,1,B,alto,1.20841,1.20802,1.2091899999999998,3.899999999998904,8,2021-01-18 07:19:00,-1.0,SL,-1.3666666666667695,-1,1,False,True,2021-01-18,2.0,TP,1.6333333333332303
2021-01-22,78779,1,A,mínimo,1.21695,1.21648,1.21789,4.699999999999704,10,2021-01-22 09:49:00,2.0,TP,1.6957446808510448,1,-1,True,False,2021-01-22,-1.0,SL,-1.3042553191489552
2021-01-28,79911,1,B,alto,1.2111,1.21003,1.2132400000000003,10.700000000001264,9,2021-01-28 08:24:00,-1.0,SL,-1.1336448598130684,-1,1,False,True,2021-01-28,2.0,TP,1.8663551401869316
2021-01-28,79934,1,B,alto,1.21114,1.21056,1.2123000000000002,5.800000000000249,11,2021-01-28 10:19:00,-1.0,SL,-1.2465517241379205,1,-1,True,False,2021-01-28,-1.0,SL,-1.2465517241379205
2021-01-28,79902,1,A,mínimo,1.20872,1.20843,1.2093000000000005,2.900000000001235,8,2021-01-28 07:39:00,2.0,TP,1.506896551724348,1,-1,True,False,2021-01-28,-1.0,SL,-1.493103448275652
2021-02-01,80483,-1,B,mínimo,1.21233,1.21291,1.21117,5.800000000000249,9,2021-02-01 08:04:00,-1.0,SL,-1.2465517241379205,-1,1,True,False,2021-02-01,-1.0,SL,-1.2465517241379205
2021-02-11,82767,-1,A,alto,1.21279,1.21297,1.21243,1.80000000000069,8,2021-02-11 07:04:00,-1.0,SL,-1.79444444444414,1,1,False,False,2021-02-11,2.0,TP,1.2055555555558601
2021-02-18,84211,-1,A,alto,1.20478,1.20489,1.20456,1.100000000000545,8,2021-02-18 07:49:00,-1.0,SL,-2.299999999999356,1,1,False,False,2021-02-18,2.0,TP,0.7000000000006441
2021-02-22,84806,1,B,mínimo,1.21101,1.21015,1.2127299999999996,8.599999999998609,10,2021-02-22 09:24:00,2.0,TP,1.8337209302325312,-1,1,False,True,2021-02-22,-1.0,SL,-1.1662790697674688
2021-02-23,85074,1,B,alto,1.21772,1.21719,1.2187799999999998,5.299999999999194,8,2021-02-23 07:49:00,-1.0,SL,-1.269811320754758,1,-1,True,False,2021-02-23,2.0,TP,1.730188679245242
2021-03-02,86521,1,B,mínimo,1.20123,1.20058,1.20253,6.500000000000394,9,2021-03-02 08:39:00,-1.0,SL,-1.2199999999999869,-1,1,False,True,2021-03-02,2.0,TP,1.7800000000000133
2021-03-05,87364,1,A,mínimo,1.19541,1.19528,1.1956700000000005,1.3000000000018552,8,2021-03-05 07:04:00,-1.0,SL,-2.0999999999984302,-1,0,False,False,2021-03-05,2.0,TP,0.9000000000015698
2021-03-10,88259,1,B,alto,1.19006,1.18952,1.19114,5.399999999999849,11,2021-03-10 10:04:00,-1.0,SL,-1.2648148148148222,1,-1,True,False,2021-03-10,2.0,TP,1.7351851851851778
2021-03-16,89397,1,A,mínimo,1.19177,1.19154,1.19223,2.2999999999995246,8,2021-03-16 07:04:00,2.0,TP,1.3782608695650889,-1,1,False,True,2021-03-16,-1.0,SL,-1.6217391304349111
2021-03-18,89980,-1,B,mínimo,1.19397,1.19534,1.1912299999999998,13.700000000000934,8,2021-03-18 07:49:00,2.0,TP,1.895620437956212,-1,1,True,False,2021-03-18,-1.0,SL,-1.1043795620437884
2021-03-25,91409,1,A,mínimo,1.18079,1.18047,1.1814300000000002,3.20000000000098,8,2021-03-25 07:04:00,-1.0,SL,-1.4468749999998631,-1,-1,False,False,2021-03-25,2.0,TP,1.5531250000001369
2021-03-26,91709,-1,A,alto,1.1787,1.17883,1.1784400000000002,1.2999999999996348,9,2021-03-26 08:04:00,2.0,TP,0.899999999999691,1,1,False,False,2021-03-26,-1.0,SL,-2.1000000000003087
2021-03-29,91970,-1,A,alto,1.17865,1.17931,1.1773299999999998,6.6000000000010495,9,2021-03-29 07:59:00,2.0,TP,1.783333333333368,1,1,False,False,2021-03-29,-1.0,SL,-1.2166666666666321
2021-04-06,93682,-1,B,mínimo,1.18026,1.18046,1.17986,1.99999999999978,9,2021-04-06 07:09:00,-1.0,SL,-1.715000000000079,1,-1,False,True,2021-04-06,-1.0,SL,-1.7150000000000787
2021-04-06,93700,-1,B,mínimo,1.17976,1.18067,1.1779399999999995,9.100000000001884,10,2021-04-06 08:39:00,-1.0,SL,-1.1571428571428246,1,-1,False,True,2021-04-06,2.0,TP,1.8428571428571754
2021-04-07,93959,1,A,mínimo,1.18697,1.18661,1.1876900000000004,3.60000000000138,8,2021-04-07 06:14:00,2.0,TP,1.6027777777779302,1,-1,True,False,2021-04-07,-1.0,SL,-1.3972222222220698
2021-04-07,93976,-1,B,mínimo,1.18668,1.18733,1.18538,6.500000000000394,9,2021-04-07 07:39:00,-1.0,SL,-1.2199999999999869,1,-1,False,True,2021-04-07,2.0,TP,1.7800000000000133
2021-04-09,94531,1,A,mínimo,1.18939,1.18924,1.1896899999999997,1.4999999999987246,8,2021-04-09 06:04:00,-1.0,SL,-1.953333333334144,-1,-1,False,False,2021-04-09,-1.0,SL,-1.953333333334144
2021-04-14,95395,-1,A,alto,1.19636,1.19645,1.1961800000000002,0.8999999999992347,8,2021-04-14 06:04:00,-1.0,SL,-2.5888888888902395,1,1,False,False,2021-04-14,2.0,TP,0.4111111111097603
2021-04-23,97401,-1,A,alto,1.20275,1.20281,1.20263,0.5999999999994898,8,2021-04-23 06:44:00,2.0,TP,-0.3833333333353597,1,-1,False,True,2021-04-23,-1.0,SL,-3.3833333333353597
2021-04-27,97979,1,A,mínimo,1.20714,1.20687,1.20768,2.6999999999999247,9,2021-04-27 07:04:00,-1.0,SL,-1.5296296296296443,1,-1,True,False,2021-04-27,-1.0,SL,-1.5296296296296443
2021-04-28,98255,-1,B,mínimo,1.20705,1.20734,1.2064699999999997,2.900000000001235,8,2021-04-28 06:04:00,-1.0,SL,-1.493103448275652,-1,1,True,False,2021-04-28,2.0,TP,1.506896551724348
2021-04-28,98277,1,B,mínimo,1.20726,1.2066,1.2085800000000002,6.6000000000010495,9,2021-04-28 07:54:00,-1.0,SL,-1.216666666666632,-1,1,False,True,2021-04-28,-1.0,SL,-1.2166666666666321
2021-05-03,99118,-1,B,mínimo,1.20149,1.20218,1.2001099999999998,6.900000000000794,8,2021-05-03 06:09:00,-1.0,SL,-1.2072463768115704,1,-1,False,True,2021-05-03,2.0,TP,1.7927536231884296
2021-05-04,99402,1,A,mínimo,1.20348,1.2034,1.2036400000000005,0.8000000000008001,8,2021-05-04 06:34:00,-1.0,SL,-2.787499999998212,-1,-1,False,False,2021-05-04,2.0,TP,0.21250000000178781
2021-05-11,100843,-1,B,mínimo,1.21258,1.21362,1.2105,10.3999999999993,9,2021-05-11 07:14:00,-1.0,SL,-1.1375000000000093,1,-1,False,True,2021-05-11,2.0,TP,1.8624999999999907
2021-05-13,101424,-1,B,alto,1.20865,1.20975,1.2064499999999998,11.000000000001007,9,2021-05-13 07:54:00,2.0,TP,1.870000000000012,1,-1,False,True,2021-05-13,-1.0,SL,-1.1299999999999881
2021-05-13,101443,1,B,mínimo,1.20706,1.20647,1.2082400000000002,5.9000000000009045,11,2021-05-13 09:29:00,-1.0,SL,-1.242372881355895,-1,-1,False,False,2021-05-13,-1.0,SL,-1.242372881355895
2021-05-20,102869,-1,B,alto,1.21859,1.21906,1.21765,4.699999999999704,11,2021-05-20 09:19:00,-1.0,SL,-1.3042553191489552,1,-1,False,True,2021-05-20,-1.0,SL,-1.3042553191489552
2021-05-21,103117,1,B,alto,1.22385,1.22331,1.2249300000000003,5.40000000000207,8,2021-05-21 06:04:00,-1.0,SL,-1.2648148148147134,-1,-1,False,False,2021-05-21,2.0,TP,1.7351851851852866
2021-05-21,103149,1,B,mínimo,1.22206,1.2217,1.2227799999999998,3.5999999999991594,10,2021-05-21 08:44:00,2.0,TP,1.602777777777685,-1,1,False,True,2021-05-21,-1.0,SL,-1.397222222222315
2021-05-24,103405,-1,A,alto,1.21884,1.21899,1.2185399999999995,1.500000000000945,8,2021-05-24 06:04:00,-1.0,SL,-1.9533333333327327,1,1,False,False,2021-05-24,-1.0,SL,-1.9533333333327327
2021-05-24,103436,-1,B,alto,1.21805,1.2203,1.2135500000000004,22.499999999998632,10,2021-05-24 08:39:00,-1.0,SL,-1.0635555555555594,1,-1,False,True,2021-05-24,2.0,TP,1.9364444444444406
2021-05-28,104557,1,A,mínimo,1.21786,1.21766,1.21826,1.99999999999978,8,2021-05-28 06:04:00,-1.0,SL,-1.715000000000079,-1,-1,False,False,2021-05-28,2.0,TP,1.2849999999999213
2021-06-01,104922,-1,B,mínimo,1.2219,1.22238,1.22094,4.80000000000036,10,2021-06-01 08:29:00,-1.0,SL,-1.2979166666666444,1,-1,False,True,2021-06-01,-1.0,SL,-1.2979166666666444
2021-06-09,106618,1,B,alto,1.21862,1.21799,1.2198800000000003,6.300000000001305,8,2021-06-09 06:39:00,-1.0,SL,-1.22698412698408,-1,1,False,True,2021-06-09,-1.0,SL,-1.22698412698408
2021-06-10,106897,-1,B,mínimo,1.21645,1.2167,1.2159500000000003,2.4999999999986144,8,2021-06-10 06:04:00,-1.0,SL,-1.5720000000003171,1,-1,False,True,2021-06-10,-1.0,SL,-1.5720000000003171
2021-06-11,107186,1,B,alto,1.21911,1.21852,1.2202899999999997,5.899999999998684,8,2021-06-11 06:09:00,-1.0,SL,-1.2423728813559862,-1,1,False,True,2021-06-11,2.0,TP,1.7576271186440138
2021-06-14,107474,1,A,mínimo,1.21013,1.20986,1.21067,2.6999999999999247,8,2021-06-14 06:14:00,-1.0,SL,-1.5296296296296443,1,-1,True,False,2021-06-14,2.0,TP,1.4703703703703557
2021-06-14,107486,1,A,mínimo,1.21013,1.20987,1.2106499999999998,2.5999999999992696,9,2021-06-14 07:14:00,2.0,TP,1.4499999999998456,1,0,True,False,2021-06-14,-1.0,SL,-1.5500000000001544
2021-06-15,107759,-1,A,alto,1.2125,1.21273,1.2120399999999996,2.300000000001745,8,2021-06-15 06:19:00,-1.0,SL,-1.6217391304343107,1,1,False,False,2021-06-15,2.0,TP,1.3782608695656893
2021-06-21,108927,1,B,alto,1.1876,1.18691,1.18898,6.900000000000794,9,2021-06-21 07:44:00,2.0,TP,1.7927536231884296,1,-1,True,False,2021-06-21,-1.0,SL,-1.2072463768115704
2021-06-22,109195,1,A,mínimo,1.18949,1.18916,1.1901499999999998,3.2999999999994145,8,2021-06-22 06:04:00,-1.0,SL,-1.4333333333334102,-1,-1,False,False,2021-06-22,-1.0,SL,-1.4333333333334102
2021-06-23,109498,1,A,mínimo,1.19236,1.19205,1.1929800000000002,3.1000000000003247,9,2021-06-23 07:19:00,2.0,TP,1.5387096774194031,1,-1,True,False,2021-06-23,-1.0,SL,-1.4612903225805969
2021-06-28,110381,1,B,alto,1.19412,1.19364,1.19508,4.80000000000036,10,2021-06-28 08:59:00,-1.0,SL,-1.2979166666666444,1,-1,True,False,2021-06-28,2.0,TP,1.7020833333333556
2021-06-30,110921,1,A,mínimo,1.18973,1.1894,1.1903899999999998,3.2999999999994145,8,2021-06-30 06:09:00,2.0,TP,1.5666666666665898,1,-1,True,False,2021-06-30,-1.0,SL,-1.4333333333334102
2021-07-01,111212,-1,B,mínimo,1.18376,1.18429,1.1826999999999996,5.300000000001415,8,2021-07-01 06:29:00,-1.0,SL,-1.2698113207546449,1,-1,False,True,2021-07-01,2.0,TP,1.7301886792453551
2021-07-07,112371,-1,B,mínimo,1.18153,1.18299,1.17861,14.600000000000168,9,2021-07-07 07:09:00,-1.0,SL,-1.097945205479451,1,-1,False,True,2021-07-07,-1.0,SL,-1.097945205479451
2021-07-07,112389,-1,B,mínimo,1.1816,1.18264,1.17952,10.3999999999993,10,2021-07-07 08:39:00,-1.0,SL,-1.1375000000000093,1,1,False,False,2021-07-07,-1.0,SL,-1.1375000000000093
2021-07-14,113796,-1,A,alto,1.17883,1.17902,1.1784500000000002,1.8999999999991248,8,2021-07-14 06:04:00,-1.0,SL,-1.7526315789477152,1,1,False,False,2021-07-14,2.0,TP,1.2473684210522848
2021-07-15,114112,-1,A,alto,1.18421,1.18431,1.18401,0.99999999999989,10,2021-07-15 08:24:00,-1.0,SL,-2.4300000000001574,1,1,False,False,2021-07-15,2.0,TP,0.5699999999998426
2021-07-23,115807,1,A,mínimo,1.17652,1.17637,1.1768200000000002,1.500000000000945,8,2021-07-23 06:04:00,2.0,TP,1.0466666666672673,-1,-1,False,False,2021-07-23,-1.0,SL,-1.9533333333327327
2021-07-23,115848,-1,B,mínimo,1.17625,1.17731,1.17413,10.600000000000607,11,2021-07-23 09:29:00,-1.0,SL,-1.1349056603773509,1,-1,False,True,2021-07-23,0.8679245283018672,cierre,0.7330188679245164
2021-07-26,116115,-1,B,alto,1.17834,1.17946,1.1761,11.2000000000001,9,2021-07-26 07:59:00,-1.0,SL,-1.1276785714285702,1,1,False,False,2021-07-26,-1.0,SL,-1.1276785714285702
2021-07-29,116957,1,B,alto,1.18621,1.18545,1.1877300000000002,7.600000000000939,8,2021-07-29 06:14:00,-1.0,SL,-1.1881578947368188,-1,1,False,True,2021-07-29,-1.0,SL,-1.1881578947368188
2021-07-30,117249,-1,B,mínimo,1.18762,1.18782,1.1872199999999995,2.000000000002,8,2021-07-30 06:34:00,-1.0,SL,-1.7149999999992849,1,1,False,False,2021-07-30,2.0,TP,1.2850000000007151
2021-08-03,117835,-1,A,alto,1.18783,1.18798,1.1875299999999998,1.500000000000945,9,2021-08-03 07:29:00,-1.0,SL,-1.9533333333327327,1,1,False,False,2021-08-03,-1.0,SL,-1.9533333333327327
2021-08-05,118396,-1,A,alto,1.1837,1.1838,1.1835,0.99999999999989,8,2021-08-05 06:29:00,2.0,TP,0.5699999999998426,1,0,False,False,2021-08-05,-1.0,SL,-2.4300000000001574
2021-08-05,118392,1,A,mínimo,1.18345,1.1832,1.1839499999999996,2.4999999999986144,8,2021-08-05 06:09:00,2.0,TP,1.4279999999996829,1,-1,True,False,2021-08-05,-1.0,SL,-1.5720000000003171
2021-08-05,118424,-1,B,mínimo,1.18314,1.18345,1.1825200000000005,3.0999999999981043,10,2021-08-05 08:49:00,-1.0,SL,-1.4612903225809273,1,-1,False,True,2021-08-05,2.0,TP,1.5387096774190727
2021-08-09,118967,-1,A,alto,1.17625,1.17642,1.17591,1.7000000000000348,8,2021-08-09 06:14:00,-1.0,SL,-1.841176470588218,-1,1,True,False,2021-08-09,-1.0,SL,-1.841176470588218
2021-08-10,119256,-1,A,alto,1.17401,1.17414,1.17375,1.2999999999996348,8,2021-08-10 06:34:00,-1.0,SL,-2.1000000000003087,1,-1,False,True,2021-08-10,-1.0,SL,-2.1000000000003087
2021-08-13,120145,-1,A,alto,1.17403,1.17417,1.1737499999999998,1.40000000000029,10,2021-08-13 08:54:00,-1.0,SL,-2.02142857142836,1,1,False,False,2021-08-13,2.0,TP,0.97857142857164
2021-08-16,120398,1,A,mínimo,1.17899,1.17865,1.17967,3.4000000000000696,8,2021-08-16 06:04:00,-1.0,SL,-1.420588235294109,-1,-1,False,False,2021-08-16,2.0,TP,1.579411764705891
2021-08-17,120723,-1,B,mínimo,1.17655,1.17734,1.1749699999999998,7.900000000000684,11,2021-08-17 09:24:00,-1.0,SL,-1.1810126582278324,1,-1,False,True,2021-08-17,-1.0,SL,-1.1810126582278324
2021-08-18,120981,1,B,alto,1.17229,1.172,1.1728700000000003,2.900000000001235,8,2021-08-18 06:54:00,-1.0,SL,-1.493103448275652,-1,1,False,True,2021-08-18,2.0,TP,1.506896551724348
2021-08-23,121851,-1,A,alto,1.17206,1.17232,1.1715400000000002,2.5999999999992696,9,2021-08-23 07:44:00,-1.0,SL,-1.5500000000001544,1,1,False,False,2021-08-23,2.0,TP,1.4499999999998456
2021-08-24,122136,-1,B,mínimo,1.17335,1.17387,1.1723099999999995,5.20000000000076,9,2021-08-24 07:39:00,-1.0,SL,-1.27499999999996,1,-1,False,True,2021-08-24,-1.0,SL,-1.27499999999996
2021-08-30,123272,1,A,mínimo,1.17966,1.17952,1.17994,1.40000000000029,8,2021-08-30 06:44:00,-1.0,SL,-2.02142857142836,-1,-1,False,False,2021-08-30,-1.0,SL,-2.02142857142836
2021-09-01,123835,-1,B,mínimo,1.17943,1.18,1.17829,5.699999999999594,8,2021-09-01 06:19:00,-1.0,SL,-1.250877192982474,1,1,False,False,2021-09-01,2.0,TP,1.749122807017526
2021-09-09,125569,-1,A,alto,1.18212,1.18237,1.1816200000000003,2.4999999999986144,9,2021-09-09 07:29:00,-1.0,SL,-1.5720000000003171,1,-1,False,True,2021-09-09,2.0,TP,1.4279999999996829
2021-09-15,126703,-1,B,mínimo,1.18007,1.18058,1.17905,5.100000000000104,8,2021-09-15 06:39:00,-1.0,SL,-1.2803921568627394,1,1,False,False,2021-09-15,2.0,TP,1.7196078431372606
2021-09-16,126982,1,B,mínimo,1.18067,1.18027,1.1814700000000005,4.00000000000178,8,2021-09-16 06:04:00,-1.0,SL,-1.357499999999841,-1,-1,False,False,2021-09-16,2.0,TP,1.642500000000159
2021-09-20,127573,-1,B,mínimo,1.17094,1.17151,1.1698000000000002,5.699999999999594,9,2021-09-20 07:19:00,-1.0,SL,-1.250877192982474,1,-1,False,True,2021-09-20,-1.0,SL,-1.250877192982474
2021-09-24,128712,1,A,mínimo,1.17372,1.1736,1.1739600000000003,1.2000000000012,8,2021-09-24 06:24:00,-1.0,SL,-2.191666666665475,-1,-1,False,False,2021-09-24,-1.0,SL,-2.191666666665475
2021-09-29,129577,1,A,mínimo,1.16826,1.16795,1.16888,3.1000000000003247,8,2021-09-29 06:44:00,-1.0,SL,-1.4612903225805969,-1,-1,False,False,2021-09-29,2.0,TP,1.5387096774194031
2021-09-30,129870,-1,B,mínimo,1.1594,1.1606,1.1569999999999998,12.0000000000009,9,2021-09-30 07:09:00,-1.0,SL,-1.1191666666666578,1,-1,False,True,2021-09-30,-1.0,SL,-1.1191666666666578
2021-10-07,131296,1,A,mínimo,1.15512,1.15493,1.1554999999999995,1.8999999999991248,8,2021-10-07 06:04:00,-1.0,SL,-1.7526315789477152,1,-1,True,False,2021-10-07,-1.0,SL,-1.7526315789477152
2021-10-12,132159,-1,A,alto,1.15614,1.15639,1.1556399999999998,2.500000000000835,8,2021-10-12 06:09:00,-1.0,SL,-1.571999999999809,1,-1,False,True,2021-10-12,2.0,TP,1.428000000000191
2021-10-13,132463,1,B,alto,1.15556,1.15469,1.1572999999999998,8.699999999999264,9,2021-10-13 07:39:00,-1.0,SL,-1.164367816091968,-1,1,False,True,2021-10-13,-1.0,SL,-1.164367816091968
2021-10-18,133345,-1,B,mínimo,1.15781,1.15854,1.1563500000000002,7.299999999998974,11,2021-10-18 09:29:00,-1.0,SL,-1.1958904109589317,1,-1,False,True,2021-10-18,2.0,TP,1.8041095890410683
2021-11-08,137623,-1,B,mínimo,1.15537,1.1563,1.1535099999999998,9.300000000000974,8,2021-11-08 07:39:00,-1.0,SL,-1.1537634408601989,1,-1,False,True,2021-11-08,2.0,TP,1.8462365591398011
2021-11-22,140496,1,A,mínimo,1.1268,1.12653,1.12734,2.6999999999999247,8,2021-11-22 07:04:00,-1.0,SL,-1.5296296296296443,-1,-1,False,False,2021-11-22,2.0,TP,1.4703703703703557
2021-11-23,140796,-1,B,alto,1.12458,1.12543,1.12288,8.500000000000174,9,2021-11-23 08:04:00,-1.0,SL,-1.1682352941176437,1,1,False,False,2021-11-23,2.0,TP,1.8317647058823563
2021-11-24,141086,1,B,alto,1.12539,1.12428,1.1276099999999998,11.099999999999444,9,2021-11-24 08:14:00,-1.0,SL,-1.1288288288288353,-1,1,False,True,2021-11-24,2.0,TP,1.8711711711711647
2021-12-03,143088,1,A,mínimo,1.12847,1.12821,1.1289900000000004,2.60000000000149,8,2021-12-03 07:04:00,-1.0,SL,-1.5499999999996847,-1,-1,False,False,2021-12-03,-1.0,SL,-1.5499999999996847
2021-12-07,143671,1,B,alto,1.12967,1.12922,1.13057,4.500000000000615,8,2021-12-07 07:39:00,-1.0,SL,-1.3177777777777344,-1,-1,False,False,2021-12-07,2.0,TP,1.6822222222222656
2021-12-09,144241,1,A,mínimo,1.13287,1.13274,1.13313,1.2999999999996348,8,2021-12-09 07:09:00,-1.0,SL,-2.1000000000003087,-1,-1,False,False,2021-12-09,-1.0,SL,-2.1000000000003087
2021-12-13,144814,1,A,mínimo,1.12852,1.12848,1.1286,0.4000000000004,8,2021-12-13 07:04:00,-1.0,SL,-4.574999999996425,-1,-1,False,False,2021-12-13,-1.0,SL,-4.574999999996425
2021-12-14,145126,-1,A,alto,1.12813,1.12827,1.12785,1.40000000000029,10,2021-12-14 09:04:00,2.0,TP,0.97857142857164,1,1,False,False,2021-12-14,-1.0,SL,-2.02142857142836
2021-12-20,146286,-1,B,alto,1.12508,1.12623,1.12278,11.499999999999844,10,2021-12-20 09:49:00,-1.0,SL,-1.1243478260869582,1,-1,False,True,2021-12-20,2.0,TP,1.8756521739130418
2021-12-23,147130,1,A,mínimo,1.13265,1.13228,1.13339,3.699999999999815,9,2021-12-23 08:14:00,-1.0,SL,-1.386486486486506,-1,-1,False,False,2021-12-23,2.0,TP,1.6135135135134941
2021-12-28,148014,-1,A,alto,1.13303,1.13307,1.13295,0.4000000000004,11,2021-12-28 10:04:00,-1.0,SL,-4.574999999996425,1,1,False,False,2021-12-28,2.0,TP,-1.5749999999964248
2021-12-29,148269,1,A,mínimo,1.12995,1.12977,1.13031,1.80000000000069,8,2021-12-29 07:24:00,-1.0,SL,-1.79444444444414,-1,-1,False,False,2021-12-29,-1.0,SL,-1.7944444444441399
2021-12-31,148847,1,A,mínimo,1.131,1.1308,1.1314,1.99999999999978,8,2021-12-31 07:39:00,-1.0,SL,-1.715000000000079,-1,-1,False,False,2021-12-31,2.0,TP,1.2849999999999213
2022-01-07,150280,1,B,alto,1.13029,1.1298,1.1312700000000002,4.900000000001015,8,2022-01-07 07:14:00,2.0,TP,1.708163265306183,1,-1,True,False,2022-01-07,-1.0,SL,-1.291836734693817
2022-01-10,150578,-1,B,mínimo,1.1328,1.13337,1.13166,5.699999999999594,9,2022-01-10 08:04:00,-1.0,SL,-1.250877192982474,1,-1,False,True,2022-01-10,-1.0,SL,-1.250877192982474
2022-01-12,151140,1,A,mínimo,1.13645,1.13641,1.13653,0.4000000000004,8,2022-01-12 07:04:00,-1.0,SL,-4.574999999996425,-1,-1,False,False,2022-01-12,-1.0,SL,-4.574999999996425
2022-01-24,153455,1,A,mínimo,1.1319,1.13155,1.1325999999999996,3.4999999999985043,9,2022-01-24 08:09:00,-1.0,SL,-1.4085714285716031,-1,-1,False,False,2022-01-24,2.0,TP,1.5914285714283969
2022-01-25,153729,-1,B,mínimo,1.13053,1.13098,1.12963,4.500000000000615,8,2022-01-25 07:04:00,-1.0,SL,-1.3177777777777344,-1,1,True,False,2022-01-25,2.0,TP,1.6822222222222656
2022-01-26,154017,1,A,mínimo,1.12946,1.12931,1.1297599999999997,1.4999999999987246,8,2022-01-26 07:04:00,-1.0,SL,-1.953333333334144,-1,-1,False,False,2022-01-26,-1.0,SL,-1.953333333334144
2022-01-27,154306,-1,B,mínimo,1.12158,1.12191,1.12092,3.2999999999994145,8,2022-01-27 07:09:00,2.0,TP,1.5666666666665898,-1,1,True,False,2022-01-27,-1.0,SL,-1.4333333333334102
2022-01-28,154615,1,B,mínimo,1.1136,1.11297,1.1148599999999995,6.299999999999084,9,2022-01-28 08:59:00,-1.0,SL,-1.22698412698416,-1,1,False,True,2022-01-28,-1.0,SL,-1.22698412698416
2022-01-31,154881,-1,A,alto,1.11659,1.1167,1.11637,1.100000000000545,8,2022-01-31 07:09:00,2.0,TP,0.7000000000006441,1,1,False,False,2022-01-31,-1.0,SL,-2.299999999999356
2022-01-31,154907,-1,B,alto,1.1169,1.11731,1.11608,4.100000000000215,10,2022-01-31 09:19:00,-1.0,SL,-1.3487804878048597,1,-1,False,True,2022-01-31,2.0,TP,1.6512195121951403
2022-02-09,156898,1,A,mínimo,1.14132,1.14128,1.1413999999999995,0.3999999999981796,8,2022-02-09 07:29:00,-1.0,SL,-4.57500000001627,-1,-1,False,False,2022-02-09,-1.0,SL,-4.57500000001627
2022-02-10,157193,-1,A,alto,1.14285,1.14287,1.1428099999999997,0.2000000000013102,9,2022-02-10 08:04:00,-1.0,SL,-8.14999999995316,1,1,False,False,2022-02-10,-1.0,SL,-8.14999999995316
2022-02-15,158047,1,B,alto,1.13263,1.132,1.1338900000000005,6.300000000001305,8,2022-02-15 07:19:00,-1.0,SL,-1.22698412698408,-1,1,False,True,2022-02-15,2.0,TP,1.77301587301592
2022-02-17,158636,-1,A,alto,1.138,1.13841,1.13718,4.100000000000215,9,2022-02-17 08:24:00,2.0,TP,1.6512195121951403,1,1,False,False,2022-02-17,-1.0,SL,-1.3487804878048597
2022-02-22,159518,-1,B,alto,1.13204,1.13278,1.13056,7.399999999999629,10,2022-02-22 09:54:00,-1.0,SL,-1.193243243243253,1,-1,False,True,2022-02-22,2.0,TP,1.806756756756747
2022-02-23,159772,-1,B,mínimo,1.13168,1.13256,1.12992,8.799999999999919,8,2022-02-23 07:04:00,-1.0,SL,-1.1625000000000014,1,-1,False,True,2022-02-23,2.0,TP,1.8374999999999986
2022-03-01,160955,-1,B,mínimo,1.11954,1.12051,1.1176,9.699999999999154,10,2022-03-01 09:54:00,2.0,TP,1.852577319587616,1,-1,False,True,2022-03-01,-1.0,SL,-1.147422680412384
2022-03-02,161242,1,B,mínimo,1.10925,1.10732,1.11311,19.29999999999988,10,2022-03-02 09:54:00,-1.0,SL,-1.074093264248705,-1,-1,False,False,2022-03-02,-1.0,SL,-1.074093264248705
2022-03-03,161509,1,A,mínimo,1.10934,1.10907,1.10988,2.6999999999999247,9,2022-03-03 08:09:00,2.0,TP,1.4703703703703557,-1,-1,False,False,2022-03-03,-1.0,SL,-1.5296296296296443
2022-03-04,161789,1,A,mínimo,1.10143,1.10102,1.1022499999999995,4.099999999997994,8,2022-03-04 07:29:00,-1.0,SL,-1.3487804878050489,-1,-1,False,False,2022-03-04,-1.0,SL,-1.3487804878050487
2022-03-08,162382,-1,B,alto,1.08952,1.09137,1.0858200000000002,18.49999999999908,9,2022-03-08 08:54:00,-1.0,SL,-1.0772972972973012,1,1,False,False,2022-03-08,-1.0,SL,-1.0772972972973012
2022-03-08,162385,-1,B,alto,1.08835,1.09051,1.0840299999999996,21.60000000000161,10,2022-03-08 09:09:00,-1.0,SL,-1.0662037037036989,1,-1,False,True,2022-03-08,2.0,TP,1.9337962962963013
2022-03-10,162960,1,B,alto,1.10455,1.10261,1.1084299999999996,19.399999999998307,10,2022-03-10 09:04:00,-1.0,SL,-1.073711340206192,-1,1,False,True,2022-03-10,-1.0,SL,-1.073711340206192
2022-03-10,162970,-1,B,mínimo,1.10396,1.10573,1.10042,17.700000000000493,10,2022-03-10 09:54:00,-1.0,SL,-1.0807909604519752,-1,1,True,False,2022-03-10,2.0,TP,1.9192090395480248
2022-03-11,163265,1,B,mínimo,1.09815,1.09723,1.09999,9.20000000000032,11,2022-03-11 10:29:00,2.0,TP,1.8445652173913096,-1,1,False,True,2022-03-11,-1.0,SL,-1.1554347826086901
2022-03-16,164130,-1,B,alto,1.09847,1.09893,1.0975500000000002,4.599999999999049,9,2022-03-16 08:34:00,-1.0,SL,-1.3108695652174556,1,-1,False,True,2022-03-16,-1.0,SL,-1.3108695652174556
2022-03-28,166402,-1,B,mínimo,1.09462,1.09552,1.0928199999999997,9.00000000000123,10,2022-03-28 08:04:00,-1.0,SL,-1.158888888888867,1,1,False,False,2022-03-28,2.0,TP,1.841111111111133
2022-03-29,166689,1,A,alto,1.10024,1.09993,1.1008600000000002,3.1000000000003247,10,2022-03-29 08:04:00,-1.0,SL,-1.4612903225805969,-1,-1,False,False,2022-03-29,2.0,TP,1.5387096774194031
2022-03-31,167248,-1,B,mínimo,1.11616,1.11702,1.1144400000000003,8.599999999998609,8,2022-03-31 06:39:00,-1.0,SL,-1.1662790697674688,1,1,False,False,2022-03-31,-1.0,SL,-1.1662790697674688
2022-04-01,167528,-1,B,mínimo,1.1056,1.10702,1.10276,14.199999999999768,8,2022-04-01 06:09:00,-1.0,SL,-1.1007042253521142,1,-1,False,True,2022-04-01,-1.0,SL,-1.1007042253521142
2022-04-04,167818,1,A,mínimo,1.10414,1.10383,1.1047599999999995,3.0999999999981043,8,2022-04-04 06:19:00,-1.0,SL,-1.4612903225809273,-1,-1,False,False,2022-04-04,-1.0,SL,-1.4612903225809273
2022-04-05,168136,-1,B,mínimo,1.09667,1.0969,1.09621,2.2999999999995246,10,2022-04-05 08:49:00,-1.0,SL,-1.6217391304349111,1,-1,False,True,2022-04-05,-1.0,SL,-1.6217391304349111
2022-04-06,168431,-1,B,alto,1.09073,1.09137,1.08945,6.399999999999739,11,2022-04-06 09:29:00,-1.0,SL,-1.223437500000009,1,-1,False,True,2022-04-06,-1.0,SL,-1.223437500000009
2022-04-08,168978,-1,B,mínimo,1.08557,1.08649,1.08373,9.20000000000032,9,2022-04-08 07:09:00,-1.0,SL,-1.15543478260869,1,-1,False,True,2022-04-08,2.0,TP,1.8445652173913099
2022-04-11,169261,-1,B,mínimo,1.08771,1.08812,1.08689,4.100000000000215,8,2022-04-11 06:44:00,-1.0,SL,-1.3487804878048597,1,-1,False,True,2022-04-11,2.0,TP,1.6512195121951403
2022-04-12,169540,1,A,mínimo,1.08721,1.08699,1.0876500000000002,2.20000000000109,8,2022-04-12 06:04:00,-1.0,SL,-1.649999999999678,-1,-1,False,False,2022-04-12,2.0,TP,1.350000000000322
2022-04-13,169826,-1,A,alto,1.08422,1.08439,1.08388,1.7000000000000348,8,2022-04-13 06:04:00,2.0,TP,1.158823529411782,-1,1,True,False,2022-04-13,-1.0,SL,-1.841176470588218
2022-04-19,170993,-1,A,alto,1.07845,1.07874,1.0778699999999997,2.900000000001235,9,2022-04-19 07:19:00,-1.0,SL,-1.493103448275652,1,1,False,False,2022-04-19,2.0,TP,1.506896551724348
2022-04-26,172426,1,A,mínimo,1.07104,1.07073,1.07166,3.1000000000003247,8,2022-04-26 06:49:00,-1.0,SL,-1.4612903225805969,-1,-1,False,False,2022-04-26,2.0,TP,1.5387096774194031
2022-05-02,173568,1,A,mínimo,1.05136,1.05125,1.0515800000000002,1.100000000000545,8,2022-05-02 06:14:00,-1.0,SL,-2.299999999999356,1,-1,True,False,2022-05-02,-1.0,SL,-2.299999999999356
2022-05-03,173890,-1,B,mínimo,1.04953,1.05073,1.0471300000000003,11.999999999998678,11,2022-05-03 09:04:00,-1.0,SL,-1.1191666666666795,1,-1,False,True,2022-05-03,2.0,TP,1.8808333333333203
2022-05-04,174175,1,B,alto,1.05326,1.05261,1.0545600000000002,6.500000000000394,10,2022-05-04 08:49:00,-1.0,SL,-1.2199999999999869,1,-1,True,False,2022-05-04,2.0,TP,1.7800000000000133
2022-05-04,174142,-1,B,mínimo,1.05085,1.0514,1.0497500000000004,5.499999999998284,8,2022-05-04 06:04:00,-1.0,SL,-1.260000000000081,-1,1,True,False,2022-05-04,2.0,TP,1.739999999999919
2022-05-04,174157,-1,B,mínimo,1.05106,1.05236,1.0484600000000004,12.999999999998568,9,2022-05-04 07:19:00,-1.0,SL,-1.110000000000012,1,-1,False,True,2022-05-04,2.0,TP,1.889999999999988
2022-05-06,174752,-1,B,alto,1.05444,1.05696,1.0494000000000003,25.19999999999856,10,2022-05-06 08:54:00,-1.0,SL,-1.056746031746035,1,1,False,False,2022-05-06,2.0,TP,1.943253968253965
2022-05-06,174740,1,B,mínimo,1.05317,1.04955,1.06041,36.19999999999956,9,2022-05-06 07:54:00,0.4337016574585884,cierre,0.3941988950276487,-1,1,False,True,2022-05-06,-1.0,SL,-1.0395027624309396
2022-05-12,175869,1,A,mínimo,1.05046,1.04995,1.05148,5.100000000000104,8,2022-05-12 06:04:00,-1.0,SL,-1.2803921568627394,-1,-1,False,False,2022-05-12,2.0,TP,1.7196078431372606
2022-05-13,176158,-1,A,alto,1.03977,1.04006,1.0391900000000005,2.8999999999990145,8,2022-05-13 06:09:00,2.0,TP,1.5068965517239703,1,-1,False,True,2022-05-13,-1.0,SL,-1.4931034482760297
2022-05-13,176167,1,B,alto,1.0404,1.03909,1.0430199999999998,13.099999999999223,8,2022-05-13 06:54:00,-1.0,SL,-1.109160305343518,1,-1,True,False,2022-05-13,-1.0,SL,-1.109160305343518
2022-05-13,176190,-1,B,alto,1.03997,1.04082,1.03827,8.500000000000174,10,2022-05-13 08:49:00,-1.0,SL,-1.1682352941176437,1,-1,False,True,2022-05-13,-1.0,SL,-1.1682352941176437
2022-05-17,176751,-1,B,alto,1.04551,1.04581,1.04491,2.9999999999996696,9,2022-05-17 07:44:00,-1.0,SL,-1.4766666666667192,1,-1,False,True,2022-05-17,2.0,TP,1.5233333333332808
2022-05-20,177619,-1,B,mínimo,1.05576,1.0572,1.0528800000000005,14.399999999998858,10,2022-05-20 08:19:00,-1.0,SL,-1.0993055555555635,1,-1,False,True,2022-05-20,2.0,TP,1.9006944444444365
2022-06-01,179916,1,B,alto,1.07316,1.07137,1.0767399999999998,17.899999999999583,10,2022-06-01 08:09:00,-1.0,SL,-1.0798882681564264,1,-1,True,False,2022-06-01,2.0,TP,1.9201117318435736
2022-06-03,180480,-1,B,mínimo,1.07465,1.07502,1.07391,3.699999999999815,9,2022-06-03 07:19:00,-1.0,SL,-1.386486486486506,1,-1,False,True,2022-06-03,2.0,TP,1.6135135135134941
2022-06-06,180765,-1,A,alto,1.07315,1.07346,1.07253,3.1000000000003247,9,2022-06-06 07:09:00,-1.0,SL,-1.4612903225805969,1,1,False,False,2022-06-06,-1.0,SL,-1.4612903225805969
2022-06-07,181066,1,B,alto,1.07014,1.06909,1.07224,10.499999999999954,10,2022-06-07 08:14:00,-1.0,SL,-1.1361904761904769,-1,1,False,True,2022-06-07,2.0,TP,1.8638095238095231
2022-06-07,181042,-1,B,mínimo,1.06659,1.06766,1.0644499999999997,10.700000000001264,8,2022-06-07 06:14:00,-1.0,SL,-1.1336448598130684,1,-1,False,True,2022-06-07,2.0,TP,1.8663551401869316
2022-06-08,181359,-1,B,mínimo,1.06763,1.06896,1.0649700000000004,13.299999999998311,10,2022-06-08 08:44:00,-1.0,SL,-1.107518796992495,1,-1,False,True,2022-06-08,2.0,TP,1.892481203007505
2022-06-14,182478,-1,A,alto,1.04383,1.04391,1.0436700000000003,0.7999999999985796,8,2022-06-14 06:04:00,-1.0,SL,-2.7875000000031736,1,1,False,False,2022-06-14,-1.0,SL,-2.7875000000031736
2022-06-15,182776,-1,B,alto,1.04724,1.04837,1.0449799999999998,11.300000000000754,8,2022-06-15 06:54:00,-1.0,SL,-1.1265486725663632,1,1,False,False,2022-06-15,-1.0,SL,-1.1265486725663632
2022-06-15,182787,-1,B,alto,1.04572,1.04915,1.03886,34.30000000000044,9,2022-06-15 07:49:00,-1.0,SL,-1.0416909620991248,1,-1,False,True,2022-06-15,-1.0,SL,-1.0416909620991248
2022-06-17,183357,1,B,mínimo,1.05174,1.05098,1.0532599999999996,7.599999999998719,9,2022-06-17 07:24:00,-1.0,SL,-1.1881578947368738,-1,1,False,True,2022-06-17,-1.0,SL,-1.1881578947368738
2022-06-17,183374,1,B,mínimo,1.05258,1.05017,1.0574,24.100000000000232,10,2022-06-17 08:49:00,-1.0,SL,-1.0593360995850616,-1,1,False,True,2022-06-17,2.0,TP,1.9406639004149384
2022-06-17,183382,-1,B,mínimo,1.05178,1.05326,1.0488199999999996,14.80000000000148,11,2022-06-17 09:29:00,2.0,TP,1.903378378378388,-1,1,True,False,2022-06-17,-1.0,SL,-1.096621621621612
2022-06-22,184212,-1,B,mínimo,1.04858,1.04978,1.0461800000000003,11.999999999998678,8,2022-06-22 06:49:00,-1.0,SL,-1.1191666666666795,-1,1,True,False,2022-06-22,-1.0,SL,-1.1191666666666797
2022-06-22,184218,1,B,mínimo,1.0486,1.04715,1.0515,14.499999999999512,9,2022-06-22 07:19:00,2.0,TP,1.901379310344824,-1,-1,False,False,2022-06-22,-1.0,SL,-1.0986206896551758
2022-06-27,185077,-1,A,alto,1.05733,1.05736,1.0572700000000002,0.2999999999997449,9,2022-06-27 07:09:00,-1.0,SL,-5.766666666670719,1,1,False,False,2022-06-27,-1.0,SL,-5.766666666670719
2022-06-28,185363,-1,B,alto,1.05825,1.05957,1.05561,13.199999999999878,8,2022-06-28 06:59:00,-1.0,SL,-1.1083333333333345,1,1,False,False,2022-06-28,-1.0,SL,-1.1083333333333343
2022-06-30,185929,1,B,alto,1.0461,1.04538,1.04754,7.200000000000539,8,2022-06-30 06:14:00,-1.0,SL,-1.1986111111110962,-1,1,False,True,2022-06-30,-1.0,SL,-1.1986111111110962
2022-06-30,185958,1,B,alto,1.04524,1.04337,1.04898,18.700000000000383,10,2022-06-30 08:39:00,-1.0,SL,-1.0764705882352923,-1,-1,False,False,2022-06-30,2.0,TP,1.9235294117647075
2022-07-06,187089,-1,A,alto,1.0269,1.02702,1.0266599999999997,1.2000000000012,8,2022-07-06 06:59:00,-1.0,SL,-2.191666666665475,1,1,False,False,2022-07-06,-1.0,SL,-2.191666666665475
2022-07-06,187095,1,B,alto,1.02679,1.0256,1.02917,11.900000000000244,9,2022-07-06 07:29:00,-1.0,SL,-1.1201680672268883,-1,1,False,True,2022-07-06,2.0,TP,1.8798319327731117
2022-07-06,187103,1,B,alto,1.02703,1.0254,1.0302900000000002,16.300000000000203,10,2022-07-06 08:09:00,-1.0,SL,-1.087730061349692,-1,1,False,True,2022-07-06,2.0,TP,1.912269938650308
2022-07-06,187112,1,A,mínimo,1.02452,1.0241,1.0253600000000005,4.20000000000087,10,2022-07-06 08:54:00,-1.0,SL,-1.34047619047612,-1,-1,False,False,2022-07-06,2.0,TP,1.65952380952388
2022-07-13,188528,1,B,alto,1.00421,1.00327,1.00609,9.399999999999409,9,2022-07-13 07:04:00,-1.0,SL,-1.1521276595744776,-1,1,False,True,2022-07-13,2.0,TP,1.8478723404255224
2022-07-15,189098,1,A,mínimo,1.00181,1.00139,1.0026500000000005,4.20000000000087,8,2022-07-15 06:39:00,-1.0,SL,-1.34047619047612,-1,-1,False,False,2022-07-15,2.0,TP,1.65952380952388
2022-07-20,189964,-1,A,alto,1.02439,1.02449,1.02419,0.99999999999989,8,2022-07-20 06:54:00,-1.0,SL,-2.4300000000001574,1,1,False,False,2022-07-20,2.0,TP,0.5699999999998426
2022-07-20,189973,-1,B,alto,1.02474,1.02649,1.02124,17.499999999999183,9,2022-07-20 07:39:00,2.0,TP,1.9182857142857104,-1,1,True,False,2022-07-20,-1.0,SL,-1.0817142857142896
2022-07-21,190243,1,B,alto,1.02291,1.02188,1.0249700000000002,10.300000000000864,8,2022-07-21 06:09:00,-1.0,SL,-1.138834951456299,-1,1,False,True,2022-07-21,2.0,TP,1.861165048543701
2022-07-22,190546,1,A,mínimo,1.01875,1.01817,1.01991,5.800000000000249,9,2022-07-22 07:24:00,-1.0,SL,-1.2465517241379205,-1,-1,False,False,2022-07-22,2.0,TP,1.7534482758620795
2022-07-25,190832,1,B,alto,1.02108,1.01862,1.0259999999999998,24.599999999999067,9,2022-07-25 07:24:00,-1.0,SL,-1.0581300813008152,-1,1,False,True,2022-07-25,-1.0,SL,-1.0581300813008152
2022-07-26,191126,-1,B,mínimo,1.02132,1.02251,1.01894,11.900000000000244,9,2022-07-26 07:54:00,2.0,TP,1.879831932773112,-1,1,True,False,2022-07-26,-1.0,SL,-1.1201680672268883
2022-07-27,191392,1,B,alto,1.01501,1.01443,1.01617,5.800000000000249,8,2022-07-27 06:04:00,-1.0,SL,-1.2465517241379205,-1,-1,False,False,2022-07-27,2.0,TP,1.7534482758620795
2022-07-27,191408,-1,A,alto,1.01443,1.01504,1.01321,6.099999999999994,9,2022-07-27 07:24:00,-1.0,SL,-1.234426229508197,-1,1,True,False,2022-07-27,-1.0,SL,-1.234426229508197
2022-07-29,191983,-1,B,alto,1.02346,1.02444,1.0215,9.799999999999809,9,2022-07-29 07:29:00,2.0,TP,1.8540816326530585,1,-1,False,True,2022-07-29,-1.0,SL,-1.1459183673469415
2022-07-29,191986,-1,B,alto,1.02222,1.02431,1.0180399999999996,20.90000000000148,9,2022-07-29 07:44:00,-1.0,SL,-1.068421052631574,1,-1,False,True,2022-07-29,-1.0,SL,-1.068421052631574
2022-08-05,193403,-1,B,mínimo,1.02293,1.02333,1.0221299999999995,4.00000000000178,8,2022-08-05 06:04:00,-1.0,SL,-1.357499999999841,1,-1,False,True,2022-08-05,-1.0,SL,-1.357499999999841
2022-08-08,193719,-1,B,alto,1.01885,1.01954,1.0174700000000003,6.899999999998574,10,2022-08-08 08:24:00,2.0,TP,1.792753623188363,1,-1,False,True,2022-08-08,-1.0,SL,-1.207246376811637
2022-08-10,194292,-1,B,mínimo,1.02053,1.02114,1.01931,6.099999999999994,10,2022-08-10 08:09:00,-1.0,SL,-1.234426229508197,1,-1,False,True,2022-08-10,2.0,TP,1.765573770491803
2022-08-17,195706,1,B,alto,1.01825,1.0178,1.0191500000000002,4.500000000000615,8,2022-08-17 06:04:00,-1.0,SL,-1.3177777777777344,-1,-1,False,False,2022-08-17,2.0,TP,1.6822222222222656
2022-08-18,196017,1,B,mínimo,1.01611,1.01571,1.0169100000000004,4.00000000000178,9,2022-08-18 07:59:00,2.0,TP,1.642500000000159,-1,1,False,True,2022-08-18,-1.0,SL,-1.357499999999841
2022-08-23,196860,1,A,mínimo,0.99176,0.99165,0.99198,1.0999999999994348,8,2022-08-23 06:19:00,-1.0,SL,-2.300000000000668,-1,-1,False,False,2022-08-23,-1.0,SL,-2.3000000000006677
2022-08-24,197145,-1,B,mínimo,0.99391,0.99488,0.99197,9.700000000000264,8,2022-08-24 06:04:00,-1.0,SL,-1.147422680412367,1,-1,False,True,2022-08-24,2.0,TP,1.852577319587633
2022-08-25,197445,-1,B,alto,1.00094,1.00182,0.99918,8.799999999999919,9,2022-08-25 07:04:00,-1.0,SL,-1.1625000000000014,1,1,False,False,2022-08-25,-1.0,SL,-1.1625000000000014
2022-08-26,197748,-1,A,alto,0.99749,0.99765,0.99717,1.60000000000049,10,2022-08-26 08:19:00,-1.0,SL,-1.8937499999997265,1,1,False,False,2022-08-26,-1.0,SL,-1.8937499999997263
2022-09-02,199193,1,A,alto,0.99786,0.99775,0.99808,1.0999999999994348,10,2022-09-02 08:44:00,2.0,TP,0.699999999999332,1,-1,True,False,2022-09-02,-1.0,SL,-2.3000000000006677
2022-09-05,199467,1,B,alto,0.99244,0.99075,0.99582,16.899999999999693,9,2022-09-05 07:34:00,-1.0,SL,-1.084615384615386,-1,1,False,True,2022-09-05,-1.0,SL,-1.084615384615386
2022-09-05,199449,1,A,mínimo,0.98886,0.98843,0.9897199999999998,4.299999999999304,8,2022-09-05 06:04:00,2.0,TP,1.6674418604650625,-1,1,False,True,2022-09-05,-1.0,SL,-1.3325581395349375
2022-09-07,200060,-1,B,alto,0.99072,0.99164,0.9888800000000002,9.199999999999209,10,2022-09-07 08:59:00,2.0,TP,1.844565217391291,1,-1,False,True,2022-09-07,-1.0,SL,-1.155434782608709
2022-09-13,201194,1,B,alto,1.01461,1.0141,1.01563,5.100000000000104,9,2022-09-13 07:34:00,-1.0,SL,-1.2803921568627394,1,-1,True,False,2022-09-13,2.0,TP,1.7196078431372606
2022-09-14,201489,1,B,alto,1.00024,0.9981,1.00452,21.400000000000308,10,2022-09-14 08:09:00,-1.0,SL,-1.0668224299065412,-1,1,False,True,2022-09-14,1.0700934579439165,cierre,1.0032710280373753
2022-09-15,201756,-1,B,mínimo,0.99596,0.9965,0.9948799999999998,5.40000000000096,8,2022-09-15 06:24:00,-1.0,SL,-1.2648148148147678,-1,1,True,False,2022-09-15,2.0,TP,1.7351851851852322
2022-09-30,204921,1,A,mínimo,0.97969,0.97958,0.9799099999999998,1.0999999999994348,8,2022-09-30 06:44:00,-1.0,SL,-2.300000000000668,-1,-1,False,False,2022-09-30,2.0,TP,0.699999999999332
2022-10-07,206363,1,B,mínimo,0.97857,0.97742,0.9808700000000002,11.500000000000954,9,2022-10-07 07:04:00,2.0,TP,1.8756521739130536,-1,1,False,True,2022-10-07,-1.0,SL,-1.1243478260869462
2022-10-11,206942,-1,A,alto,0.9716,0.97225,0.9703000000000002,6.499999999999284,9,2022-10-11 07:39:00,2.0,TP,1.7799999999999758,1,1,False,False,2022-10-11,-1.0,SL,-1.2200000000000242
2022-10-17,208112,-1,A,alto,0.97511,0.97518,0.97497,0.700000000000145,11,2022-10-17 09:19:00,2.0,TP,-0.0428571428567199,1,1,False,False,2022-10-17,-1.0,SL,-3.04285714285672
2022-10-17,208103,-1,B,mínimo,0.97197,0.97463,0.96665,26.599999999999955,10,2022-10-17 08:34:00,-1.0,SL,-1.0537593984962408,1,-1,False,True,2022-10-17,2.0,TP,1.9462406015037592
2022-10-19,208677,1,B,mínimo,0.98301,0.9819,0.9852300000000002,11.100000000000554,10,2022-10-19 08:44:00,-1.0,SL,-1.1288288288288224,-1,-1,False,False,2022-10-19,2.0,TP,1.8711711711711776
2022-10-28,210693,1,B,mínimo,0.99614,0.99486,0.9987,12.800000000000589,11,2022-10-28 09:14:00,-1.0,SL,-1.1117187499999948,-1,1,False,True,2022-10-28,2.0,TP,1.8882812500000052
2022-11-15,214106,-1,A,alto,1.03404,1.03437,1.0333800000000002,3.2999999999994145,8,2022-11-15 07:04:00,-1.0,SL,-1.4333333333334102,1,1,False,False,2022-11-15,2.0,TP,1.5666666666665898
2022-11-17,214717,1,A,mínimo,1.03636,1.03605,1.03698,3.1000000000003247,10,2022-11-17 09:59:00,-1.0,SL,-1.4612903225805969,-1,-1,False,False,2022-11-17,-1.0,SL,-1.4612903225805969
2022-11-21,215258,1,A,mínimo,1.02599,1.02572,1.02653,2.6999999999999247,8,2022-11-21 07:04:00,-1.0,SL,-1.5296296296296443,-1,-1,False,False,2022-11-21,-1.0,SL,-1.5296296296296443
2022-11-28,216702,-1,A,alto,1.03798,1.03807,1.0377999999999996,0.9000000000014552,8,2022-11-28 07:54:00,-1.0,SL,-2.58888888888632,1,1,False,False,2022-11-28,2.0,TP,0.41111111111368026
2022-11-30,217300,-1,B,alto,1.03575,1.03676,1.03373,10.099999999999554,10,2022-11-30 09:49:00,-1.0,SL,-1.141584158415848,1,-1,False,True,2022-11-30,2.0,TP,1.858415841584152
2022-12-01,217555,-1,A,alto,1.04522,1.04563,1.0444,4.100000000000215,8,2022-12-01 07:04:00,-1.0,SL,-1.3487804878048597,-1,1,True,False,2022-12-01,-1.0,SL,-1.3487804878048597
2022-12-02,217862,1,B,alto,1.05369,1.05244,1.05619,12.499999999999734,9,2022-12-02 08:39:00,-1.0,SL,-1.1144000000000025,1,-1,True,False,2022-12-02,2.0,TP,1.8855999999999975
2022-12-05,218142,1,A,mínimo,1.05389,1.05363,1.0544099999999998,2.5999999999992696,8,2022-12-05 07:59:00,-1.0,SL,-1.5500000000001544,-1,-1,False,False,2022-12-05,-1.0,SL,-1.5500000000001544
2022-12-09,219282,1,B,alto,1.05849,1.05757,1.06033,9.20000000000032,8,2022-12-09 07:09:00,-1.0,SL,-1.15543478260869,-1,1,False,True,2022-12-09,2.0,TP,1.8445652173913099
2022-12-12,219575,-1,A,alto,1.05266,1.05313,1.05172,4.699999999999704,8,2022-12-12 07:34:00,-1.0,SL,-1.3042553191489552,1,1,False,False,2022-12-12,-1.0,SL,-1.3042553191489552
2022-12-13,219890,1,A,mínimo,1.05391,1.05357,1.05459,3.4000000000000696,10,2022-12-13 09:54:00,-1.0,SL,-1.420588235294109,-1,-1,False,False,2022-12-13,-1.0,SL,-1.420588235294109
2022-12-16,220721,-1,A,alto,1.06587,1.06622,1.0651700000000004,3.4999999999985043,8,2022-12-16 07:19:00,2.0,TP,1.5914285714283969,-1,1,True,False,2022-12-16,-1.0,SL,-1.4085714285716031
2022-12-16,220735,-1,B,mínimo,1.06286,1.06374,1.0611,8.799999999999919,9,2022-12-16 08:29:00,-1.0,SL,-1.1625000000000014,1,-1,False,True,2022-12-16,2.0,TP,1.8374999999999986
2022-12-19,221040,-1,B,alto,1.06349,1.06513,1.0602100000000003,16.399999999998638,10,2022-12-19 09:54:00,2.0,TP,1.9128048780487727,1,-1,False,True,2022-12-19,-1.0,SL,-1.0871951219512268
2022-12-22,221885,1,B,alto,1.06505,1.06365,1.0678500000000002,14.00000000000068,9,2022-12-22 08:19:00,-1.0,SL,-1.1021428571428522,-1,1,False,True,2022-12-22,2.0,TP,1.8978571428571478
2022-12-30,223584,1,A,mínimo,1.06423,1.06416,1.06437,0.700000000000145,8,2022-12-30 07:34:00,2.0,TP,-0.0428571428567199,-1,1,False,True,2022-12-30,-1.0,SL,-3.04285714285672
2023-01-03,224148,1,A,mínimo,1.0652,1.065,1.0656,1.99999999999978,8,2023-01-03 07:14:00,2.0,TP,1.284999999999921,-1,-1,False,False,2023-01-03,-1.0,SL,-1.7150000000000787
2023-01-05,224720,1,A,mínimo,1.0607,1.06027,1.0615599999999998,4.299999999999304,8,2023-01-05 07:04:00,-1.0,SL,-1.3325581395349375,-1,-1,False,False,2023-01-05,-1.0,SL,-1.3325581395349375
2023-01-06,225006,1,A,mínimo,1.05209,1.05104,1.05419,10.499999999999954,8,2023-01-06 07:04:00,-1.0,SL,-1.1361904761904769,-1,-1,False,False,2023-01-06,2.0,TP,1.8638095238095231
2023-01-09,225292,-1,A,alto,1.06814,1.06831,1.0678,1.7000000000000348,8,2023-01-09 07:04:00,-1.0,SL,-1.841176470588218,1,1,False,False,2023-01-09,2.0,TP,1.158823529411782
2023-01-10,225596,-1,A,alto,1.07391,1.07433,1.0730699999999995,4.20000000000087,9,2023-01-10 08:29:00,-1.0,SL,-1.34047619047612,1,1,False,False,2023-01-10,-1.0,SL,-1.34047619047612
2023-01-11,225889,1,A,mínimo,1.07296,1.0726,1.0736799999999995,3.5999999999991594,10,2023-01-11 09:09:00,2.0,TP,1.602777777777685,-1,-1,False,False,2023-01-11,-1.0,SL,-1.397222222222315
2023-01-12,226152,1,A,mínimo,1.07593,1.07564,1.0765100000000003,2.900000000001235,8,2023-01-12 07:04:00,-1.0,SL,-1.493103448275652,-1,-1,False,False,2023-01-12,-1.0,SL,-1.493103448275652
2023-01-16,226757,1,B,mínimo,1.08189,1.08124,1.08319,6.500000000000394,10,2023-01-16 09:34:00,2.0,TP,1.7800000000000131,-1,1,False,True,2023-01-16,-1.0,SL,-1.2199999999999867
2023-01-18,227301,-1,A,alto,1.07978,1.07989,1.07956,1.100000000000545,8,2023-01-18 07:09:00,-1.0,SL,-2.299999999999356,1,1,False,False,2023-01-18,2.0,TP,0.7000000000006441
2023-01-26,229021,-1,B,mínimo,1.09069,1.09158,1.0889099999999998,8.900000000000574,8,2023-01-26 07:14:00,-1.0,SL,-1.1606741573033603,1,-1,False,True,2023-01-26,2.0,TP,1.8393258426966397
2023-01-27,229323,1,A,mínimo,1.08699,1.0866,1.0877699999999997,3.899999999998904,9,2023-01-27 08:24:00,2.0,TP,1.6333333333332305,1,-1,True,False,2023-01-27,-1.0,SL,-1.3666666666667697
2023-01-31,229903,-1,A,mínimo,1.08232,1.08283,1.0813,5.100000000000104,10,2023-01-31 09:49:00,-1.0,SL,-1.2803921568627394,-1,1,True,False,2023-01-31,2.0,TP,1.7196078431372606
2023-02-03,230735,-1,B,mínimo,1.08861,1.09026,1.0853100000000002,16.499999999999293,8,2023-02-03 07:34:00,-1.0,SL,-1.0866666666666704,1,-1,False,True,2023-02-03,2.0,TP,1.9133333333333296
2023-02-07,231330,1,B,mínimo,1.0727,1.07127,1.07556,14.300000000000423,10,2023-02-07 09:14:00,-1.0,SL,-1.099999999999997,-1,1,False,True,2023-02-07,2.0,TP,1.900000000000003
2023-02-10,232172,-1,A,alto,1.07338,1.074,1.07214,6.200000000000649,8,2023-02-10 07:24:00,-1.0,SL,-1.2306451612902984,1,1,False,False,2023-02-10,-1.0,SL,-1.2306451612902984
2023-02-14,232742,1,B,alto,1.07452,1.07387,1.0758199999999996,6.499999999998174,8,2023-02-14 07:04:00,-1.0,SL,-1.2200000000000617,-1,1,False,True,2023-02-14,2.0,TP,1.7799999999999383
2023-02-15,233030,1,A,mínimo,1.07092,1.0705,1.0717600000000005,4.20000000000087,8,2023-02-15 07:04:00,-1.0,SL,-1.34047619047612,-1,-1,False,False,2023-02-15,-1.0,SL,-1.34047619047612
2023-02-16,233332,1,B,alto,1.07138,1.0705,1.07314,8.799999999999919,9,2023-02-16 08:19:00,-1.0,SL,-1.1625000000000014,-1,1,False,True,2023-02-16,2.0,TP,1.8374999999999986
2023-02-17,233605,-1,B,mínimo,1.06336,1.0635,1.0630800000000005,1.3999999999980697,8,2023-02-17 07:04:00,-1.0,SL,-2.02142857142998,-1,1,True,False,2023-02-17,2.0,TP,0.9785714285700202
2023-02-21,234093,1,B,alto,1.06791,1.06703,1.06967,8.799999999999919,9,2023-02-21 08:19:00,-1.0,SL,-1.1625000000000014,-1,1,False,True,2023-02-21,2.0,TP,1.8374999999999986
2023-02-21,234082,-1,B,mínimo,1.06613,1.06678,1.06483,6.500000000000394,8,2023-02-21 07:24:00,-1.0,SL,-1.2199999999999869,1,-1,False,True,2023-02-21,2.0,TP,1.7800000000000133
2023-02-22,234294,1,A,mínimo,1.0655,1.06531,1.0658799999999995,1.8999999999991248,9,2023-02-22 08:04:00,-1.0,SL,-1.7526315789477152,-1,-1,False,False,2023-02-22,-1.0,SL,-1.7526315789477152
2023-03-02,235511,1,A,mínimo,1.0637,1.06362,1.0638600000000002,0.8000000000008001,8,2023-03-02 07:39:00,-1.0,SL,-2.787499999998212,-1,-1,False,False,2023-03-02,2.0,TP,0.21250000000178781
2023-03-07,236120,1,B,alto,1.06933,1.0687,1.0705899999999997,6.299999999999084,8,2023-03-07 07:39:00,-1.0,SL,-1.22698412698416,-1,1,False,True,2023-03-07,2.0,TP,1.77301587301584
2023-03-07,236114,1,A,mínimo,1.06774,1.0676,1.0680199999999995,1.3999999999980697,8,2023-03-07 07:09:00,2.0,TP,0.9785714285700202,-1,1,False,True,2023-03-07,-1.0,SL,-2.02142857142998
2023-03-09,236512,-1,A,alto,1.05537,1.05549,1.0551299999999997,1.2000000000012,8,2023-03-09 07:09:00,-1.0,SL,-2.191666666665475,1,1,False,False,2023-03-09,-1.0,SL,-2.191666666665475
2023-03-10,236718,1,B,alto,1.05995,1.05908,1.0616899999999998,8.699999999999264,8,2023-03-10 07:34:00,-1.0,SL,-1.164367816091968,-1,1,False,True,2023-03-10,2.0,TP,1.835632183908032
2023-03-10,236748,1,A,mínimo,1.0586,1.05798,1.05984,6.200000000000649,11,2023-03-10 10:04:00,2.0,TP,1.7693548387097016,1,-1,True,False,2023-03-10,-1.0,SL,-1.2306451612902984
2023-03-13,236946,1,A,mínimo,1.06733,1.0666,1.0687899999999997,7.299999999998974,9,2023-03-13 08:34:00,2.0,TP,1.8041095890410683,-1,-1,False,False,2023-03-13,-1.0,SL,-1.1958904109589317
2023-03-17,237736,-1,A,alto,1.06603,1.06692,1.06425,8.900000000000574,8,2023-03-17 07:14:00,2.0,TP,1.83932584269664,1,-1,False,True,2023-03-17,-1.0,SL,-1.1606741573033603
2023-03-27,238945,1,B,alto,1.07771,1.07624,1.0806499999999997,14.699999999998605,9,2023-03-27 07:09:00,-1.0,SL,-1.097278911564635,-1,1,False,True,2023-03-27,2.0,TP,1.902721088435365
2023-03-27,238950,-1,B,mínimo,1.0759,1.07638,1.0749400000000005,4.799999999998139,9,2023-03-27 07:34:00,-1.0,SL,-1.297916666666782,-1,1,True,False,2023-03-27,-1.0,SL,-1.297916666666782
2023-03-27,238971,1,A,mínimo,1.07651,1.07585,1.0778300000000005,6.6000000000010495,11,2023-03-27 09:19:00,-1.0,SL,-1.216666666666632,1,-1,True,False,2023-03-27,-1.0,SL,-1.2166666666666321
2023-03-30,239551,-1,B,mínimo,1.08282,1.08472,1.07902,19.000000000000128,9,2023-03-30 07:09:00,-1.0,SL,-1.0752631578947365,1,-1,False,True,2023-03-30,2.0,TP,1.9247368421052637
2023-03-31,239781,1,B,mínimo,1.08931,1.08829,1.09135,10.200000000000207,11,2023-03-31 09:29:00,-1.0,SL,-1.1401960784313696,-1,1,False,True,2023-03-31,2.0,TP,1.8598039215686304
2023-04-05,240365,1,A,mínimo,1.09546,1.09526,1.0958600000000005,2.000000000002,8,2023-04-05 06:09:00,-1.0,SL,-1.7149999999992849,-1,1,False,True,2023-04-05,-1.0,SL,-1.7149999999992849
2023-04-05,240387,-1,B,mínimo,1.09501,1.09598,1.0930700000000002,9.699999999999154,9,2023-04-05 07:59:00,-1.0,SL,-1.147422680412384,-1,1,True,False,2023-04-05,-1.0,SL,-1.147422680412384
2023-04-12,241294,-1,A,alto,1.09326,1.09355,1.0926799999999997,2.900000000001235,8,2023-04-12 06:04:00,2.0,TP,1.506896551724348,1,1,False,False,2023-04-12,-1.0,SL,-1.493103448275652
2023-04-13,241500,1,A,mínimo,1.09847,1.09831,1.0987900000000004,1.6000000000016,8,2023-04-13 06:14:00,2.0,TP,1.1062500000008937,-1,-1,False,False,2023-04-13,-1.0,SL,-1.8937499999991063
2023-04-14,241699,-1,A,alto,1.10696,1.10746,1.1059599999999996,5.00000000000167,8,2023-04-14 06:04:00,2.0,TP,1.7140000000000954,-1,1,True,False,2023-04-14,-1.0,SL,-1.2859999999999046
2023-04-18,242106,-1,A,alto,1.09408,1.09437,1.0934999999999997,2.900000000001235,8,2023-04-18 06:04:00,-1.0,SL,-1.493103448275652,1,1,False,False,2023-04-18,-1.0,SL,-1.493103448275652
2023-04-21,242741,1,B,mínimo,1.09561,1.09438,1.09807,12.300000000000644,9,2023-04-21 07:59:00,2.0,TP,1.88373983739838,-1,1,False,True,2023-04-21,-1.0,SL,-1.11626016260162
2023-04-24,242934,1,A,mínimo,1.09752,1.09731,1.09794,2.100000000000435,9,2023-04-24 07:04:00,-1.0,SL,-1.68095238095224,1,-1,True,False,2023-04-24,2.0,TP,1.31904761904776
2023-05-03,244339,-1,A,alto,1.1028,1.10286,1.10268,0.5999999999994898,8,2023-05-03 06:54:00,2.0,TP,-0.3833333333353597,1,1,False,False,2023-05-03,-1.0,SL,-3.3833333333353597
2023-05-04,244535,1,B,alto,1.10906,1.10819,1.1107999999999998,8.699999999999264,8,2023-05-04 06:14:00,-1.0,SL,-1.164367816091968,-1,1,False,True,2023-05-04,2.0,TP,1.835632183908032
2023-05-05,244745,-1,A,alto,1.10438,1.10448,1.10418,0.99999999999989,8,2023-05-05 06:54:00,-1.0,SL,-2.4300000000001574,1,1,False,False,2023-05-05,2.0,TP,0.5699999999998426
2023-05-10,245359,1,B,alto,1.09775,1.09679,1.09967,9.60000000000072,9,2023-05-10 07:04:00,-1.0,SL,-1.1489583333333222,-1,1,False,True,2023-05-10,2.0,TP,1.8510416666666778
2023-05-24,247425,1,B,alto,1.07915,1.07785,1.0817500000000002,13.000000000000789,10,2023-05-24 08:09:00,-1.0,SL,-1.1099999999999932,-1,1,False,True,2023-05-24,2.0,TP,1.8900000000000068
2023-05-25,247635,1,B,mínimo,1.07318,1.07254,1.07446,6.399999999999739,10,2023-05-25 08:39:00,-1.0,SL,-1.223437500000009,-1,1,False,True,2023-05-25,2.0,TP,1.776562499999991
2023-06-09,249842,-1,B,mínimo,1.07746,1.07819,1.0760000000000003,7.299999999998974,8,2023-06-09 06:09:00,-1.0,SL,-1.1958904109589317,1,-1,False,True,2023-06-09,-1.0,SL,-1.1958904109589317
2023-06-14,250458,-1,A,alto,1.07933,1.07948,1.0790299999999995,1.500000000000945,9,2023-06-14 07:34:00,2.0,TP,1.0466666666672673,-1,1,True,False,2023-06-14,-1.0,SL,-1.9533333333327327
2023-06-16,250864,-1,B,mínimo,1.0936,1.09457,1.0916599999999996,9.700000000001374,9,2023-06-16 07:24:00,-1.0,SL,-1.1474226804123502,1,-1,False,True,2023-06-16,2.0,TP,1.8525773195876498
2023-06-20,251239,-1,A,alto,1.09251,1.09262,1.0922900000000004,1.0999999999983243,8,2023-06-20 06:04:00,2.0,TP,0.6999999999980198,-1,1,True,False,2023-06-20,-1.0,SL,-2.3000000000019805
2023-06-22,251637,1,A,mínimo,1.09851,1.09832,1.0988900000000004,1.900000000001345,8,2023-06-22 06:19:00,-1.0,SL,-1.7526315789468356,-1,-1,False,False,2023-06-22,-1.0,SL,-1.7526315789468356
2023-06-26,252041,-1,A,alto,1.09074,1.09083,1.0905600000000002,0.8999999999992347,8,2023-06-26 06:14:00,2.0,TP,0.4111111111097603,-1,1,True,False,2023-06-26,-1.0,SL,-2.5888888888902395
2023-06-30,252845,1,A,mínimo,1.0864,1.08624,1.08672,1.5999999999993797,8,2023-06-30 06:14:00,-1.0,SL,-1.8937500000003464,-1,-1,False,False,2023-06-30,2.0,TP,1.1062499999996536
2023-07-05,253486,1,B,alto,1.08923,1.08785,1.0919899999999998,13.799999999999368,10,2023-07-05 08:44:00,-1.0,SL,-1.103623188405802,1,-1,True,False,2023-07-05,2.0,TP,1.8963768115941981
2023-07-05,253479,-1,B,mínimo,1.08725,1.08867,1.08441,14.199999999999768,10,2023-07-05 08:09:00,-1.0,SL,-1.1007042253521142,1,-1,False,True,2023-07-05,2.0,TP,1.8992957746478858
2023-07-06,253679,-1,B,alto,1.08565,1.08633,1.08429,6.800000000000139,9,2023-07-06 07:54:00,-1.0,SL,-1.2102941176470543,1,-1,False,True,2023-07-06,-1.0,SL,-1.2102941176470545
2023-07-07,253862,1,B,alto,1.08975,1.0887,1.09185,10.499999999999954,8,2023-07-07 06:09:00,-1.0,SL,-1.1361904761904769,-1,1,False,True,2023-07-07,2.0,TP,1.8638095238095231
2023-07-10,254064,1,A,mínimo,1.095,1.0946,1.0958,3.99999999999956,8,2023-07-10 06:04:00,-1.0,SL,-1.3575000000000397,-1,-1,False,False,2023-07-10,-1.0,SL,-1.3575000000000395
2023-07-18,255289,1,B,alto,1.12663,1.12532,1.12925,13.099999999999223,9,2023-07-18 07:09:00,-1.0,SL,-1.109160305343518,0,1,False,True,2023-07-18,2.0,TP,1.890839694656482
2023-07-19,255518,1,B,alto,1.12352,1.12255,1.1254600000000003,9.700000000001374,11,2023-07-19 09:14:00,-1.0,SL,-1.1474226804123502,-1,1,False,True,2023-07-19,2.0,TP,1.8525773195876498
2023-07-25,256295,1,B,alto,1.10821,1.10762,1.1093899999999997,5.899999999998684,8,2023-07-25 06:19:00,-1.0,SL,-1.2423728813559862,-1,1,False,True,2023-07-25,2.0,TP,1.7576271186440138
2023-07-28,256926,1,A,mínimo,1.09515,1.095,1.0954500000000005,1.500000000000945,9,2023-07-28 07:59:00,2.0,TP,1.0466666666672673,-1,-1,False,False,2023-07-28,-1.0,SL,-1.9533333333327327
2023-08-09,259146,-1,A,alto,1.09754,1.09772,1.0971799999999998,1.80000000000069,8,2023-08-09 06:09:00,2.0,TP,1.20555555555586,1,-1,False,True,2023-08-09,-1.0,SL,-1.7944444444441399
2023-08-14,260007,-1,B,mínimo,1.09296,1.09385,1.0911799999999998,8.900000000000574,8,2023-08-14 06:04:00,-1.0,SL,-1.1606741573033603,1,-1,False,True,2023-08-14,2.0,TP,1.8393258426966397
2023-08-15,260312,-1,B,alto,1.09196,1.09278,1.09032,8.20000000000043,9,2023-08-15 07:29:00,-1.0,SL,-1.17439024390243,1,-1,False,True,2023-08-15,2.0,TP,1.8256097560975701
2023-08-16,260583,-1,A,alto,1.0915,1.09164,1.09122,1.40000000000029,8,2023-08-16 06:04:00,2.0,TP,0.97857142857164,1,1,False,False,2023-08-16,-1.0,SL,-2.02142857142836
2023-08-22,261761,1,A,alto,1.09183,1.0918,1.09189,0.2999999999997449,10,2023-08-22 08:19:00,-1.0,SL,-5.766666666670719,1,-1,True,False,2023-08-22,2.0,TP,-2.7666666666707194
2023-08-23,262032,1,B,alto,1.08613,1.0859,1.08659,2.2999999999995246,8,2023-08-23 06:59:00,-1.0,SL,-1.6217391304349111,1,-1,True,False,2023-08-23,-1.0,SL,-1.6217391304349111
2023-08-30,263485,-1,B,mínimo,1.08583,1.0865,1.0844900000000002,6.699999999999484,10,2023-08-30 08:04:00,-1.0,SL,-1.213432835820912,1,-1,False,True,2023-08-30,2.0,TP,1.7865671641790881
2023-09-01,264041,-1,B,mínimo,1.08308,1.08419,1.0808600000000002,11.099999999999444,8,2023-09-01 06:24:00,-1.0,SL,-1.1288288288288353,1,-1,False,True,2023-09-01,2.0,TP,1.8711711711711647
2023-09-04,264326,-1,A,alto,1.07872,1.07889,1.07838,1.7000000000000348,8,2023-09-04 06:09:00,-1.0,SL,-1.841176470588218,1,-1,False,True,2023-09-04,-1.0,SL,-1.841176470588218
2023-09-06,264900,1,B,alto,1.07381,1.07317,1.07509,6.399999999999739,8,2023-09-06 06:29:00,-1.0,SL,-1.223437500000009,-1,1,False,True,2023-09-06,2.0,TP,1.776562499999991
2023-09-07,265189,1,A,mínimo,1.07189,1.07162,1.07243,2.6999999999999247,8,2023-09-07 06:39:00,-1.0,SL,-1.5296296296296443,-1,1,False,True,2023-09-07,-1.0,SL,-1.5296296296296443
2023-09-08,265471,1,B,alto,1.07259,1.07223,1.0733099999999998,3.5999999999991594,8,2023-09-08 06:14:00,-1.0,SL,-1.397222222222315,-1,1,False,True,2023-09-08,2.0,TP,1.602777777777685
2023-09-12,266052,1,A,mínimo,1.07376,1.07358,1.0741200000000002,1.80000000000069,8,2023-09-12 06:39:00,-1.0,SL,-1.79444444444414,-1,-1,False,False,2023-09-12,2.0,TP,1.2055555555558601
2023-09-15,266903,-1,A,alto,1.06545,1.06563,1.06509,1.80000000000069,8,2023-09-15 06:04:00,-1.0,SL,-1.79444444444414,1,1,False,False,2023-09-15,2.0,TP,1.2055555555558601
2023-09-18,267190,1,B,alto,1.06737,1.06681,1.0684899999999995,5.599999999998939,8,2023-09-18 06:04:00,-1.0,SL,-1.2553571428571912,-1,1,False,True,2023-09-18,2.0,TP,1.7446428571428088
2023-09-19,267487,1,A,mínimo,1.06785,1.06774,1.06807,1.100000000000545,8,2023-09-19 06:59:00,2.0,TP,0.7000000000006441,-1,-1,False,False,2023-09-19,-1.0,SL,-2.299999999999356
2023-09-20,267767,1,B,alto,1.06903,1.06847,1.0701499999999995,5.599999999998939,8,2023-09-20 06:19:00,-1.0,SL,-1.2553571428571912,-1,1,False,True,2023-09-20,2.0,TP,1.7446428571428088
2023-09-20,267784,1,B,alto,1.06895,1.06853,1.0697900000000002,4.20000000000087,9,2023-09-20 07:44:00,2.0,TP,1.65952380952388,1,-1,True,False,2023-09-20,-1.0,SL,-1.34047619047612
2023-09-20,267764,1,A,mínimo,1.06821,1.0679,1.0688300000000002,3.1000000000003247,8,2023-09-20 06:04:00,2.0,TP,1.5387096774194031,-1,1,False,True,2023-09-20,-1.0,SL,-1.4612903225805969
2023-09-20,267778,-1,B,mínimo,1.06766,1.06833,1.0663200000000002,6.699999999999484,9,2023-09-20 07:14:00,-1.0,SL,-1.213432835820912,1,-1,False,True,2023-09-20,2.0,TP,1.7865671641790881
2023-09-22,268352,1,B,alto,1.06658,1.06558,1.0685800000000003,10.00000000000112,9,2023-09-22 07:09:00,-1.0,SL,-1.142999999999984,-1,1,False,True,2023-09-22,2.0,TP,1.857000000000016
2023-09-22,268357,1,B,mínimo,1.06473,1.06173,1.0707299999999995,29.99999999999892,9,2023-09-22 07:34:00,-0.1233333333333316,cierre,-0.1709999999999999,-1,-1,False,False,2023-09-22,0.12333333333333159,cierre,0.0756666666666632
2023-09-27,269209,-1,A,alto,1.05706,1.05736,1.0564600000000002,2.9999999999996696,9,2023-09-27 07:34:00,2.0,TP,1.5233333333332808,1,1,False,False,2023-09-27,-1.0,SL,-1.4766666666667192
2023-10-02,270078,-1,B,alto,1.05722,1.05776,1.05614,5.399999999999849,9,2023-10-02 07:59:00,-1.0,SL,-1.2648148148148222,1,-1,False,True,2023-10-02,-1.0,SL,-1.2648148148148222
2023-10-04,270650,-1,A,alto,1.04739,1.04743,1.04731,0.4000000000004,9,2023-10-04 07:39:00,2.0,TP,-1.5749999999964248,1,1,False,False,2023-10-04,-1.0,SL,-4.574999999996425
2023-10-05,270936,1,A,mínimo,1.05057,1.05036,1.05099,2.100000000000435,9,2023-10-05 07:29:00,2.0,TP,1.31904761904776,-1,-1,False,False,2023-10-05,-1.0,SL,-1.68095238095224
2023-10-11,272112,-1,A,alto,1.06093,1.06135,1.0600899999999998,4.20000000000087,11,2023-10-11 09:29:00,2.0,TP,1.65952380952388,1,1,False,False,2023-10-11,-1.0,SL,-1.34047619047612
2023-10-11,272071,-1,B,mínimo,1.06013,1.06041,1.05957,2.80000000000058,8,2023-10-11 06:04:00,-1.0,SL,-1.51071428571418,1,-1,False,True,2023-10-11,2.0,TP,1.48928571428582
2023-10-18,273545,-1,A,alto,1.05831,1.05844,1.0580500000000002,1.2999999999996348,10,2023-10-18 08:59:00,-1.0,SL,-2.1000000000003087,1,1,False,False,2023-10-18,-1.0,SL,-2.1000000000003087
2023-10-19,273798,-1,B,mínimo,1.05299,1.05333,1.05231,3.4000000000000696,8,2023-10-19 06:04:00,-1.0,SL,-1.420588235294109,1,-1,False,True,2023-10-19,2.0,TP,1.579411764705891
2023-10-19,273830,1,A,mínimo,1.05356,1.05304,1.0546000000000002,5.20000000000076,10,2023-10-19 08:44:00,2.0,TP,1.72500000000004,1,-1,True,False,2023-10-19,-1.0,SL,-1.27499999999996
2023-10-23,274396,-1,A,alto,1.05929,1.05947,1.0589300000000004,1.7999999999984695,9,2023-10-23 07:54:00,-1.0,SL,-1.7944444444451195,1,1,False,False,2023-10-23,-1.0,SL,-1.7944444444451197
2023-10-23,274377,-1,B,mínimo,1.05714,1.05785,1.05572,7.099999999999884,8,2023-10-23 06:19:00,-1.0,SL,-1.2014084507042286,1,-1,False,True,2023-10-23,2.0,TP,1.7985915492957714
2023-10-24,274674,1,B,alto,1.06874,1.06778,1.0706600000000002,9.60000000000072,9,2023-10-24 07:04:00,-1.0,SL,-1.1489583333333222,-1,1,False,True,2023-10-24,2.0,TP,1.8510416666666778
2023-10-27,275538,1,A,mínimo,1.05578,1.05554,1.05626,2.40000000000018,9,2023-10-27 07:04:00,-1.0,SL,-1.5958333333332886,-1,-1,False,False,2023-10-27,-1.0,SL,-1.5958333333332886
2023-11-06,277256,1,B,alto,1.07403,1.07349,1.07511,5.399999999999849,8,2023-11-06 07:19:00,-1.0,SL,-1.2648148148148222,-1,1,False,True,2023-11-06,-1.0,SL,-1.2648148148148222
2023-11-08,277829,1,A,mínimo,1.0684,1.0681,1.069,2.9999999999996696,8,2023-11-08 07:04:00,-1.0,SL,-1.4766666666667192,-1,-1,False,False,2023-11-08,2.0,TP,1.5233333333332808
2023-11-10,278421,1,B,alto,1.06755,1.06697,1.06871,5.800000000000249,9,2023-11-10 08:24:00,-1.0,SL,-1.2465517241379205,-1,1,False,True,2023-11-10,-1.0,SL,-1.2465517241379205
2023-11-17,279872,-1,A,alto,1.08501,1.08566,1.08371,6.500000000000394,10,2023-11-17 09:19:00,-1.0,SL,-1.2199999999999869,-1,1,True,False,2023-11-17,2.0,TP,1.7800000000000133
2023-11-17,279868,1,B,mínimo,1.08482,1.08417,1.0861199999999995,6.499999999998174,9,2023-11-17 08:59:00,2.0,TP,1.7799999999999383,-1,1,False,True,2023-11-17,-1.0,SL,-1.2200000000000617
2023-12-04,283024,1,B,mínimo,1.08692,1.08602,1.0887200000000004,9.00000000000123,9,2023-12-04 08:14:00,-1.0,SL,-1.158888888888867,-1,1,False,True,2023-12-04,-1.0,SL,-1.158888888888867
2023-12-05,283324,1,A,mínimo,1.08357,1.08314,1.0844299999999998,4.299999999999304,10,2023-12-05 09:14:00,-1.0,SL,-1.3325581395349375,-1,1,False,True,2023-12-05,-1.0,SL,-1.3325581395349375
2023-12-07,283874,-1,B,mínimo,1.07619,1.0765,1.07557,3.1000000000003247,8,2023-12-07 07:04:00,-1.0,SL,-1.4612903225805969,1,1,False,False,2023-12-07,2.0,TP,1.5387096774194031
2023-12-11,284457,1,A,mínimo,1.07614,1.07613,1.0761600000000002,0.1000000000006551,8,2023-12-11 07:39:00,-1.0,SL,-15.29999999990632,-1,-1,False,False,2023-12-11,-1.0,SL,-15.29999999990632
2023-12-25,287281,-1,A,alto,1.10123,1.10149,1.1007099999999996,2.60000000000149,8,2023-12-25 07:09:00,2.0,TP,1.4500000000003153,1,-1,False,True,2023-12-25,-1.0,SL,-1.5499999999996847
2023-12-25,287289,1,B,alto,1.10087,1.10059,1.10143,2.80000000000058,8,2023-12-25 07:53:00,-1.0,SL,-1.51071428571418,1,-1,True,False,2023-12-25,-1.0,SL,-1.51071428571418
2023-12-28,287975,-1,A,alto,1.11182,1.11218,1.1111000000000002,3.5999999999991594,8,2023-12-28 07:24:00,-1.0,SL,-1.397222222222315,-1,1,True,False,2023-12-28,2.0,TP,1.602777777777685
2024-01-03,288841,1,B,alto,1.09602,1.09557,1.09692,4.500000000000615,8,2024-01-03 07:34:00,-1.0,SL,-1.3177777777777344,-1,-1,False,False,2024-01-03,-1.0,SL,-1.3177777777777344
2024-01-05,289441,1,B,mínimo,1.09274,1.09183,1.09456,9.099999999999664,10,2024-01-05 09:34:00,-1.0,SL,-1.157142857142863,-1,1,False,True,2024-01-05,2.0,TP,1.842857142857137
2024-01-09,289986,-1,B,mínimo,1.09491,1.09509,1.0945500000000004,1.7999999999984695,8,2024-01-09 07:04:00,-1.0,SL,-1.7944444444451195,-1,1,True,False,2024-01-09,2.0,TP,1.2055555555548803
2024-01-10,290280,1,B,alto,1.09366,1.09311,1.0947600000000002,5.5000000000005045,8,2024-01-10 07:34:00,-1.0,SL,-1.2599999999999765,-1,1,False,True,2024-01-10,-1.0,SL,-1.2599999999999763
2024-01-16,291426,-1,B,mínimo,1.09122,1.09248,1.0887000000000004,12.599999999998168,9,2024-01-16 08:04:00,2.0,TP,1.88650793650792,-1,1,True,False,2024-01-16,-1.0,SL,-1.11349206349208
2024-01-26,293686,-1,A,mínimo,1.08275,1.08279,1.0826700000000005,0.3999999999981796,9,2024-01-26 08:29:00,-1.0,SL,-4.57500000001627,1,1,False,False,2024-01-26,-1.0,SL,-4.57500000001627
2024-01-29,293963,1,B,alto,1.0849,1.08444,1.0858199999999998,4.599999999999049,8,2024-01-29 07:34:00,-1.0,SL,-1.3108695652174556,-1,1,False,True,2024-01-29,2.0,TP,1.6891304347825444
2024-01-31,294533,1,A,mínimo,1.08163,1.0815,1.0818900000000005,1.3000000000018552,8,2024-01-31 07:04:00,2.0,TP,0.9000000000015698,-1,1,False,True,2024-01-31,-1.0,SL,-2.0999999999984302
2024-02-01,294847,-1,A,mínimo,1.07915,1.07933,1.0787900000000004,1.7999999999984695,10,2024-02-01 09:19:00,-1.0,SL,-1.7944444444451195,-1,1,True,False,2024-02-01,2.0,TP,1.2055555555548803
2024-02-05,295408,1,B,alto,1.07839,1.07786,1.0794499999999998,5.299999999999194,9,2024-02-05 08:04:00,-1.0,SL,-1.269811320754758,-1,1,False,True,2024-02-05,2.0,TP,1.730188679245242
2024-02-08,296263,-1,A,alto,1.07856,1.07876,1.07816,1.99999999999978,8,2024-02-08 07:24:00,2.0,TP,1.284999999999921,-1,1,True,False,2024-02-08,-1.0,SL,-1.7150000000000787
2024-02-13,297162,-1,A,alto,1.07716,1.07729,1.0768999999999995,1.3000000000018552,11,2024-02-13 10:19:00,-1.0,SL,-2.0999999999984302,1,1,False,False,2024-02-13,2.0,TP,0.9000000000015698
2024-02-20,298588,-1,A,alto,1.07791,1.07793,1.0778699999999997,0.2000000000013102,10,2024-02-20 09:14:00,-1.0,SL,-8.14999999995316,1,1,False,False,2024-02-20,2.0,TP,-5.14999999995316
2024-02-21,298870,1,A,mínimo,1.08063,1.08062,1.08065,0.1000000000006551,9,2024-02-21 08:44:00,-1.0,SL,-15.29999999990632,-1,-1,False,False,2024-02-21,2.0,TP,-12.29999999990632
2024-02-23,299437,-1,A,alto,1.08294,1.08304,1.08274,0.99999999999989,8,2024-02-23 07:59:00,-1.0,SL,-2.4300000000001574,1,1,False,False,2024-02-23,-1.0,SL,-2.4300000000001574
2024-02-23,299459,1,A,mínimo,1.08185,1.08151,1.08253,3.4000000000000696,10,2024-02-23 09:49:00,-1.0,SL,-1.420588235294109,-1,-1,False,False,2024-02-23,-1.0,SL,-1.420588235294109
2024-02-27,300039,-1,B,mínimo,1.0844,1.08528,1.08264,8.799999999999919,11,2024-02-27 10:09:00,-1.0,SL,-1.1625000000000014,1,-1,False,True,2024-02-27,2.0,TP,1.8374999999999986
2024-02-28,300290,1,A,mínimo,1.08239,1.0822,1.0827699999999998,1.8999999999991248,8,2024-02-28 07:04:00,-1.0,SL,-1.7526315789477152,-1,-1,False,False,2024-02-28,2.0,TP,1.2473684210522848
2024-03-01,300905,-1,B,mínimo,1.08001,1.08126,1.0775099999999995,12.500000000001954,11,2024-03-01 10:19:00,-1.0,SL,-1.114399999999982,1,-1,False,True,2024-03-01,2.0,TP,1.885600000000018
2024-03-04,301172,-1,B,mínimo,1.08394,1.08447,1.0828799999999996,5.300000000001415,9,2024-03-04 08:34:00,-1.0,SL,-1.2698113207546449,1,-1,False,True,2024-03-04,2.0,TP,1.7301886792453551
2024-03-11,302621,1,B,alto,1.09452,1.09411,1.09534,4.100000000000215,8,2024-03-11 07:24:00,-1.0,SL,-1.3487804878048597,1,-1,True,False,2024-03-11,2.0,TP,1.6512195121951403
2024-03-13,303195,-1,A,alto,1.09294,1.09317,1.09248,2.2999999999995246,8,2024-03-13 07:14:00,-1.0,SL,-1.6217391304349111,1,-1,False,True,2024-03-13,-1.0,SL,-1.6217391304349111
2024-03-19,304346,1,A,mínimo,1.08535,1.08518,1.08569,1.7000000000000348,8,2024-03-19 07:09:00,-1.0,SL,-1.841176470588218,-1,-1,False,False,2024-03-19,2.0,TP,1.158823529411782
2024-03-21,304922,1,A,mínimo,1.0927,1.0926,1.0929,0.99999999999989,8,2024-03-21 07:09:00,-1.0,SL,-2.4300000000001574,-1,-1,False,False,2024-03-21,2.0,TP,0.5699999999998426
2024-04-02,307187,1,A,mínimo,1.07276,1.07259,1.0731,1.7000000000000348,8,2024-04-02 06:04:00,2.0,TP,1.158823529411782,-1,-1,False,False,2024-04-02,-1.0,SL,-1.841176470588218
2024-04-05,308053,-1,B,mínimo,1.08234,1.08287,1.0812800000000002,5.299999999999194,8,2024-04-05 06:14:00,-1.0,SL,-1.269811320754758,1,-1,False,True,2024-04-05,2.0,TP,1.730188679245242
2024-04-11,309227,1,B,alto,1.07488,1.07431,1.07602,5.699999999999594,10,2024-04-11 08:09:00,-1.0,SL,-1.250877192982474,-1,1,False,True,2024-04-11,2.0,TP,1.749122807017526
2024-04-16,310069,1,A,mínimo,1.06087,1.06063,1.06135,2.40000000000018,8,2024-04-16 06:24:00,-1.0,SL,-1.5958333333332886,1,-1,True,False,2024-04-16,2.0,TP,1.4041666666667114
2024-04-17,310390,-1,B,alto,1.06354,1.0641,1.0624199999999997,5.60000000000116,11,2024-04-17 09:09:00,-1.0,SL,-1.25535714285709,1,1,False,False,2024-04-17,2.0,TP,1.74464285714291
2024-04-17,310354,1,B,mínimo,1.06134,1.0606,1.06282,7.399999999999629,8,2024-04-17 06:09:00,2.0,TP,1.806756756756747,1,-1,True,False,2024-04-17,-1.0,SL,-1.193243243243253
2024-04-19,310957,1,A,alto,1.0647,1.06451,1.0650799999999998,1.8999999999991248,10,2024-04-19 08:29:00,-1.0,SL,-1.7526315789477152,1,-1,True,False,2024-04-19,-1.0,SL,-1.7526315789477152
2024-04-23,311543,-1,B,alto,1.06608,1.06653,1.0651799999999998,4.500000000000615,11,2024-04-23 09:19:00,-1.0,SL,-1.3177777777777344,1,-1,False,True,2024-04-23,-1.0,SL,-1.3177777777777344
2024-04-25,312094,-1,B,alto,1.07135,1.07183,1.07039,4.80000000000036,9,2024-04-25 07:14:00,-1.0,SL,-1.2979166666666444,1,-1,False,True,2024-04-25,2.0,TP,1.7020833333333556
2024-04-30,312969,-1,B,mínimo,1.06956,1.07024,1.0682,6.800000000000139,10,2024-04-30 08:19:00,-1.0,SL,-1.2102941176470543,1,-1,False,True,2024-04-30,2.0,TP,1.7897058823529455
2024-05-02,313520,1,B,alto,1.07223,1.07136,1.07397,8.699999999999264,8,2024-05-02 06:14:00,-1.0,SL,-1.164367816091968,-1,1,False,True,2024-05-02,2.0,TP,1.835632183908032
2024-05-10,315249,-1,B,mínimo,1.07732,1.07758,1.0768000000000002,2.5999999999992696,8,2024-05-10 06:49:00,-1.0,SL,-1.5500000000001544,1,1,False,False,2024-05-10,2.0,TP,1.4499999999998456
2024-05-13,315526,1,B,alto,1.07747,1.07724,1.0779299999999998,2.2999999999995246,8,2024-05-13 06:04:00,-1.0,SL,-1.6217391304349111,-1,1,False,True,2024-05-13,2.0,TP,1.3782608695650889
2024-05-14,315819,-1,B,mínimo,1.07838,1.07875,1.0776399999999997,3.700000000002035,8,2024-05-14 06:29:00,-1.0,SL,-1.386486486486274,1,-1,False,True,2024-05-14,-1.0,SL,-1.386486486486274
2024-05-20,316963,1,B,alto,1.08837,1.08798,1.0891500000000005,3.900000000001125,8,2024-05-20 06:09:00,-1.0,SL,-1.366666666666561,1,0,True,False,2024-05-20,2.0,TP,1.633333333333439
2024-05-22,317550,-1,A,alto,1.08589,1.08614,1.08539,2.500000000000835,9,2024-05-22 07:04:00,2.0,TP,1.428000000000191,1,-1,False,True,2024-05-22,-1.0,SL,-1.571999999999809
2024-05-22,317553,-1,B,mínimo,1.08518,1.08554,1.0844600000000002,3.5999999999991594,9,2024-05-22 07:19:00,-1.0,SL,-1.397222222222315,1,-1,False,True,2024-05-22,-1.0,SL,-1.397222222222315
2024-05-23,317844,1,B,alto,1.08244,1.08124,1.0848400000000002,12.0000000000009,9,2024-05-23 07:34:00,2.0,TP,1.8808333333333425,-1,1,False,True,2024-05-23,-1.0,SL,-1.1191666666666578
2024-05-24,318117,-1,A,alto,1.0811,1.08143,1.08044,3.2999999999994145,8,2024-05-24 06:19:00,-1.0,SL,-1.4333333333334102,1,1,False,False,2024-05-24,2.0,TP,1.5666666666665898
2024-05-27,318416,-1,A,alto,1.08504,1.08505,1.08502,0.1000000000006551,9,2024-05-27 07:24:00,-1.0,SL,-15.29999999990632,1,1,False,False,2024-05-27,-1.0,SL,-15.29999999990632
2024-05-27,318402,-1,B,mínimo,1.08449,1.08477,1.0839299999999998,2.80000000000058,8,2024-05-27 06:14:00,-1.0,SL,-1.51071428571418,1,-1,False,True,2024-05-27,2.0,TP,1.48928571428582
2024-05-28,318689,-1,A,alto,1.08777,1.08795,1.0874099999999998,1.80000000000069,8,2024-05-28 06:24:00,2.0,TP,1.20555555555586,-1,1,True,False,2024-05-28,-1.0,SL,-1.7944444444441399
2024-06-03,319849,-1,A,alto,1.08539,1.08586,1.08445,4.699999999999704,9,2024-06-03 07:04:00,2.0,TP,1.6957446808510448,-1,1,True,False,2024-06-03,-1.0,SL,-1.3042553191489552
2024-06-07,320999,1,B,alto,1.08983,1.08927,1.0909500000000003,5.60000000000116,9,2024-06-07 07:14:00,-1.0,SL,-1.25535714285709,-1,1,False,True,2024-06-07,2.0,TP,1.74464285714291
2024-06-10,321285,-1,B,mínimo,1.07508,1.07549,1.07426,4.100000000000215,9,2024-06-10 07:04:00,-1.0,SL,-1.3487804878048597,1,1,False,False,2024-06-10,2.0,TP,1.6512195121951403
2024-06-11,321563,-1,A,alto,1.07685,1.07698,1.0765900000000002,1.2999999999996348,8,2024-06-11 06:14:00,-1.0,SL,-2.1000000000003087,1,-1,False,True,2024-06-11,2.0,TP,0.899999999999691
2024-06-11,321577,1,A,mínimo,1.07654,1.07618,1.0772600000000003,3.60000000000138,9,2024-06-11 07:24:00,-1.0,SL,-1.3972222222220698,-1,-1,False,False,2024-06-11,2.0,TP,1.6027777777779302
2024-06-12,321849,-1,A,alto,1.07437,1.07459,1.0739300000000005,2.199999999998869,8,2024-06-12 06:04:00,-1.0,SL,-1.650000000000334,-1,1,True,False,2024-06-12,-1.0,SL,-1.650000000000334
2024-06-19,323323,1,B,alto,1.07433,1.07377,1.0754500000000002,5.60000000000116,11,2024-06-19 09:19:00,-1.0,SL,-1.25535714285709,-1,1,False,True,2024-06-19,-1.0,SL,-1.25535714285709
2024-06-19,323284,1,A,mínimo,1.07383,1.07367,1.0741500000000004,1.6000000000016,8,2024-06-19 06:04:00,-1.0,SL,-1.8937499999991063,-1,1,False,True,2024-06-19,-1.0,SL,-1.8937499999991063
2024-06-21,323855,1,B,alto,1.07203,1.07164,1.0728100000000005,3.900000000001125,8,2024-06-21 06:09:00,-1.0,SL,-1.366666666666561,-1,1,False,True,2024-06-21,2.0,TP,1.633333333333439
2024-06-27,325010,1,B,alto,1.06978,1.06934,1.07066,4.39999999999996,8,2024-06-27 06:34:00,-1.0,SL,-1.3250000000000028,1,-1,True,False,2024-06-27,2.0,TP,1.6749999999999972
2024-06-27,325045,-1,A,alto,1.0696,1.06966,1.0694800000000002,0.5999999999994898,11,2024-06-27 09:29:00,-1.0,SL,-3.38333333333536,1,1,False,False,2024-06-27,-1.0,SL,-3.3833333333353597
2024-07-03,326169,-1,A,alto,1.07519,1.07531,1.0749500000000003,1.1999999999989797,9,2024-07-03 07:09:00,-1.0,SL,-2.19166666666768,1,1,False,False,2024-07-03,-1.0,SL,-2.19166666666768
2024-07-11,327891,-1,A,alto,1.08394,1.08399,1.0838399999999997,0.5000000000010552,10,2024-07-11 08:04:00,-1.0,SL,-3.859999999993964,1,1,False,False,2024-07-11,-1.0,SL,-3.8599999999939643
2024-07-15,328445,-1,A,alto,1.08948,1.08954,1.08936,0.5999999999994898,8,2024-07-15 06:14:00,2.0,TP,-0.3833333333353597,-1,1,True,False,2024-07-15,-1.0,SL,-3.3833333333353597
2024-07-16,328753,-1,A,alto,1.08972,1.08981,1.0895400000000002,0.8999999999992347,9,2024-07-16 07:54:00,-1.0,SL,-2.5888888888902395,1,1,False,False,2024-07-16,2.0,TP,0.4111111111097603
2024-07-22,329887,1,A,mínimo,1.08832,1.08826,1.08844,0.5999999999994898,8,2024-07-22 06:24:00,2.0,TP,-0.3833333333353597,-1,-1,False,False,2024-07-22,-1.0,SL,-3.3833333333353597
2024-07-30,331622,1,B,alto,1.08251,1.0822,1.08313,3.1000000000003247,9,2024-07-30 07:14:00,-1.0,SL,-1.4612903225805969,-1,1,False,True,2024-07-30,2.0,TP,1.5387096774194031
2024-08-01,332187,1,A,mínimo,1.08231,1.08219,1.0825500000000003,1.2000000000012,8,2024-08-01 06:19:00,-1.0,SL,-2.191666666665475,-1,-1,False,False,2024-08-01,2.0,TP,0.8083333333345251
2024-08-02,332472,-1,A,alto,1.08025,1.08042,1.07991,1.7000000000000348,8,2024-08-02 06:04:00,-1.0,SL,-1.841176470588218,1,1,False,False,2024-08-02,2.0,TP,1.158823529411782
2024-08-05,332782,-1,B,alto,1.09452,1.09629,1.0909799999999998,17.700000000000493,9,2024-08-05 07:54:00,-1.0,SL,-1.0807909604519752,1,1,False,False,2024-08-05,2.0,TP,1.9192090395480248
2024-08-14,334776,-1,B,mínimo,1.09885,1.0991,1.0983500000000004,2.4999999999986144,8,2024-08-14 06:04:00,-1.0,SL,-1.5720000000003171,1,-1,False,True,2024-08-14,2.0,TP,1.4279999999996829
2024-08-15,335081,-1,A,alto,1.10121,1.10138,1.10087,1.7000000000000348,9,2024-08-15 07:29:00,2.0,TP,1.158823529411782,1,-1,False,True,2024-08-15,-1.0,SL,-1.841176470588218
2024-08-16,335353,-1,A,alto,1.09855,1.09858,1.09849,0.2999999999997449,8,2024-08-16 06:09:00,2.0,TP,-2.76666666667072,1,1,False,False,2024-08-16,-1.0,SL,-5.766666666670719
2024-08-20,335952,-1,A,alto,1.10854,1.1087,1.1082200000000002,1.5999999999993797,10,2024-08-20 08:04:00,-1.0,SL,-1.8937500000003464,1,1,False,False,2024-08-20,2.0,TP,1.1062499999996536
2024-08-20,335946,-1,B,mínimo,1.10722,1.10751,1.1066400000000003,2.8999999999990145,9,2024-08-20 07:34:00,-1.0,SL,-1.4931034482760297,1,-1,False,True,2024-08-20,2.0,TP,1.5068965517239703
2024-08-27,337382,1,B,alto,1.11719,1.11674,1.1180899999999996,4.499999999998394,9,2024-08-27 07:24:00,-1.0,SL,-1.3177777777778912,-1,-1,False,False,2024-08-27,2.0,TP,1.6822222222221088
2024-08-29,337941,1,B,alto,1.11377,1.11354,1.1142299999999998,2.2999999999995246,8,2024-08-29 06:04:00,-1.0,SL,-1.6217391304349111,-1,1,False,True,2024-08-29,2.0,TP,1.3782608695650889
2024-09-03,338805,-1,B,mínimo,1.10515,1.10572,1.1040100000000002,5.699999999999594,8,2024-09-03 06:34:00,-1.0,SL,-1.250877192982474,-1,1,True,False,2024-09-03,2.0,TP,1.749122807017526
2024-09-04,339103,-1,A,alto,1.10571,1.10592,1.10529,2.100000000000435,9,2024-09-04 07:24:00,-1.0,SL,-1.68095238095224,1,1,False,False,2024-09-04,2.0,TP,1.31904761904776
2024-09-06,339702,1,A,mínimo,1.11105,1.11085,1.1114500000000005,2.000000000002,11,2024-09-06 09:19:00,-1.0,SL,-1.7149999999992849,-1,-1,False,False,2024-09-06,-1.0,SL,-1.7149999999992849
2024-09-09,339951,1,A,mínimo,1.107,1.10689,1.10722,1.100000000000545,8,2024-09-09 06:04:00,-1.0,SL,-2.299999999999356,-1,-1,False,False,2024-09-09,-1.0,SL,-2.299999999999356
2024-09-10,340246,-1,A,alto,1.10403,1.10418,1.1037300000000003,1.4999999999987246,8,2024-09-10 06:44:00,-1.0,SL,-1.953333333334144,1,-1,False,True,2024-09-10,2.0,TP,1.046666666665856
2024-09-11,340544,-1,A,alto,1.10464,1.10499,1.1039400000000004,3.4999999999985043,9,2024-09-11 07:34:00,2.0,TP,1.5914285714283969,1,1,False,False,2024-09-11,-1.0,SL,-1.4085714285716031
2024-09-12,340830,1,A,mínimo,1.10081,1.10062,1.1011900000000003,1.900000000001345,9,2024-09-12 07:24:00,2.0,TP,1.2473684210531644,-1,-1,False,False,2024-09-12,-1.0,SL,-1.7526315789468356
2024-09-17,341683,1,B,alto,1.11321,1.11299,1.1136500000000005,2.20000000000109,8,2024-09-17 06:39:00,-1.0,SL,-1.649999999999678,-1,1,False,True,2024-09-17,2.0,TP,1.350000000000322
2024-09-23,342831,1,A,mínimo,1.11584,1.11564,1.11624,1.99999999999978,8,2024-09-23 06:29:00,-1.0,SL,-1.715000000000079,-1,-1,False,False,2024-09-23,2.0,TP,1.2849999999999213
2024-09-30,344268,-1,B,mínimo,1.11564,1.11639,1.11414,7.500000000000284,8,2024-09-30 06:19:00,-1.0,SL,-1.1906666666666594,1,-1,False,True,2024-09-30,2.0,TP,1.8093333333333406
2024-10-07,345732,-1,A,alto,1.09745,1.09774,1.0968700000000002,2.8999999999990145,10,2024-10-07 08:29:00,-1.0,SL,-1.4931034482760297,1,1,False,False,2024-10-07,-1.0,SL,-1.4931034482760297
2024-10-24,349458,-1,B,mínimo,1.07769,1.07887,1.07533,11.799999999999589,9,2024-10-24 07:19:00,-1.0,SL,-1.1211864406779704,1,-1,False,True,2024-10-24,2.0,TP,1.8788135593220296
2024-10-28,350031,-1,A,alto,1.08028,1.08056,1.0797199999999998,2.80000000000058,8,2024-10-28 07:04:00,-1.0,SL,-1.51071428571418,1,1,False,False,2024-10-28,2.0,TP,1.48928571428582
2024-10-29,350325,-1,A,alto,1.08161,1.0819,1.0810299999999995,2.900000000001235,8,2024-10-29 07:34:00,-1.0,SL,-1.493103448275652,1,1,False,False,2024-10-29,2.0,TP,1.506896551724348
2024-11-07,352321,-1,B,alto,1.0752,1.07577,1.07406,5.699999999999594,8,2024-11-07 07:59:00,-1.0,SL,-1.250877192982474,1,1,False,False,2024-11-07,2.0,TP,1.749122807017526
2024-11-07,352344,-1,B,alto,1.07501,1.07557,1.0738900000000002,5.599999999998939,10,2024-11-07 09:54:00,-1.0,SL,-1.2553571428571912,1,-1,False,True,2024-11-07,2.0,TP,1.7446428571428088
2024-11-08,352632,-1,B,mínimo,1.07754,1.07842,1.07578,8.799999999999919,10,2024-11-08 09:54:00,-1.0,SL,-1.1625000000000014,-1,1,True,False,2024-11-08,2.0,TP,1.8374999999999986
2024-11-13,353497,-1,A,alto,1.06269,1.06289,1.06229,1.99999999999978,10,2024-11-13 09:59:00,2.0,TP,1.284999999999921,1,1,False,False,2024-11-13,-1.0,SL,-1.7150000000000787
2024-11-15,354073,-1,B,alto,1.05621,1.05677,1.0550900000000003,5.599999999998939,10,2024-11-15 09:59:00,-1.0,SL,-1.2553571428571912,1,-1,False,True,2024-11-15,2.0,TP,1.7446428571428088
2024-11-18,354366,-1,B,alto,1.05523,1.0559,1.0538899999999995,6.700000000001705,11,2024-11-18 10:24:00,2.0,TP,1.7865671641791587,1,-1,False,True,2024-11-18,-1.0,SL,-1.2134328358208413
2024-11-21,355213,1,B,mínimo,1.05406,1.0535,1.0551799999999998,5.599999999998939,9,2024-11-21 08:59:00,-1.0,SL,-1.2553571428571912,-1,1,False,True,2024-11-21,2.0,TP,1.7446428571428088
2024-11-25,355789,1,B,mínimo,1.04655,1.04545,1.0487500000000003,11.000000000001007,9,2024-11-25 08:59:00,2.0,TP,1.870000000000012,-1,1,False,True,2024-11-25,-1.0,SL,-1.1299999999999881
2024-11-29,356944,1,B,alto,1.05796,1.05686,1.0601600000000002,11.000000000001007,10,2024-11-29 09:14:00,-1.0,SL,-1.129999999999988,-1,1,False,True,2024-11-29,2.0,TP,1.8700000000000119
2024-12-02,357232,-1,A,mínimo,1.05137,1.05146,1.0511899999999996,0.9000000000014552,10,2024-12-02 09:14:00,-1.0,SL,-2.58888888888632,-1,1,True,False,2024-12-02,-1.0,SL,-2.58888888888632
2024-12-05,358093,-1,B,alto,1.053,1.05386,1.0512799999999998,8.60000000000083,9,2024-12-05 08:59:00,-1.0,SL,-1.166279069767426,1,-1,False,True,2024-12-05,-1.0,SL,-1.166279069767426
2024-12-12,359520,-1,B,alto,1.05138,1.05229,1.04956,9.099999999999664,9,2024-12-12 08:04:00,2.0,TP,1.842857142857137,1,-1,False,True,2024-12-12,-1.0,SL,-1.157142857142863
2024-12-16,360096,1,B,alto,1.05192,1.05066,1.05444,12.600000000000389,9,2024-12-16 08:34:00,-1.0,SL,-1.11349206349206,-1,-1,False,False,2024-12-16,2.0,TP,1.88650793650794
2024-12-18,360654,-1,A,alto,1.051,1.05118,1.0506399999999998,1.80000000000069,8,2024-12-18 07:04:00,-1.0,SL,-1.79444444444414,-1,1,True,False,2024-12-18,-1.0,SL,-1.7944444444441399
2024-12-20,361262,-1,B,alto,1.03767,1.03835,1.03631,6.800000000000139,10,2024-12-20 09:49:00,-1.0,SL,-1.2102941176470543,1,-1,False,True,2024-12-20,2.0,TP,1.7897058823529455
2024-12-27,362439,-1,B,mínimo,1.04069,1.04101,1.0400499999999997,3.20000000000098,8,2024-12-27 07:44:00,-1.0,SL,-1.4468749999998631,1,-1,False,True,2024-12-27,2.0,TP,1.5531250000001369
2025-01-10,365040,-1,A,alto,1.03014,1.03035,1.02972,2.100000000000435,9,2025-01-10 08:29:00,-1.0,SL,-1.68095238095224,1,1,False,False,2025-01-10,2.0,TP,1.31904761904776
2025-01-10,365023,1,A,mínimo,1.02843,1.02812,1.02905,3.1000000000003247,8,2025-01-10 07:04:00,2.0,TP,1.5387096774194031,-1,1,False,True,2025-01-10,-1.0,SL,-1.4612903225805969
2025-01-15,365897,1,B,alto,1.03106,1.03022,1.0327400000000004,8.40000000000174,9,2025-01-15 08:04:00,-1.0,SL,-1.17023809523806,-1,1,False,True,2025-01-15,2.0,TP,1.82976190476194
2025-01-15,365885,-1,B,mínimo,1.02921,1.02971,1.02821,4.999999999999449,8,2025-01-15 07:04:00,-1.0,SL,-1.2860000000000316,1,-1,False,True,2025-01-15,-1.0,SL,-1.2860000000000316
2025-01-16,366179,-1,A,alto,1.02967,1.02982,1.0293700000000003,1.4999999999987246,8,2025-01-16 07:39:00,-1.0,SL,-1.953333333334144,1,1,False,False,2025-01-16,-1.0,SL,-1.953333333334144
2025-01-23,367649,-1,A,alto,1.04144,1.04149,1.0413399999999997,0.5000000000010552,11,2025-01-23 10:19:00,2.0,TP,-0.8599999999939643,1,1,False,False,2025-01-23,-1.0,SL,-3.8599999999939643
2025-01-28,368497,1,A,mínimo,1.04251,1.04246,1.0426100000000005,0.5000000000010552,9,2025-01-28 08:59:00,2.0,TP,-0.8599999999939643,-1,-1,False,False,2025-01-28,-1.0,SL,-3.8599999999939643
2025-02-17,372513,1,A,mínimo,1.04865,1.04859,1.0487700000000004,0.6000000000017103,8,2025-02-17 07:44:00,-1.0,SL,-3.38333333332654,-1,-1,False,False,2025-02-17,-1.0,SL,-3.3833333333265396
2025-02-17,372545,1,B,mínimo,1.04842,1.04815,1.04896,2.6999999999999247,11,2025-02-17 10:24:00,-1.0,SL,-1.5296296296296443,-1,1,False,True,2025-02-17,-1.0,SL,-1.5296296296296443
2025-02-25,374245,1,A,mínimo,1.04662,1.04633,1.0472000000000004,2.900000000001235,9,2025-02-25 08:04:00,2.0,TP,1.506896551724348,-1,1,False,True,2025-02-25,-1.0,SL,-1.493103448275652
2025-02-25,374252,1,A,mínimo,1.04633,1.04611,1.0467699999999998,2.199999999998869,9,2025-02-25 08:39:00,2.0,TP,1.349999999999666,-1,-1,False,False,2025-02-25,-1.0,SL,-1.650000000000334
2025-03-05,375959,1,B,alto,1.06419,1.0628,1.06697,13.900000000000023,8,2025-03-05 07:04:00,2.0,TP,1.8971223021582733,1,-1,True,False,2025-03-05,-1.0,SL,-1.1028776978417265
2025-03-07,376533,-1,A,alto,1.08208,1.0825,1.0812399999999998,4.20000000000087,8,2025-03-07 07:04:00,-1.0,SL,-1.34047619047612,1,1,False,False,2025-03-07,2.0,TP,1.65952380952388
2025-03-11,377148,-1,B,alto,1.09024,1.09137,1.0879800000000004,11.299999999998532,9,2025-03-11 08:19:00,-1.0,SL,-1.126548672566388,1,1,False,False,2025-03-11,-1.0,SL,-1.126548672566388
2025-03-11,377157,-1,B,alto,1.08984,1.09188,1.0857599999999998,20.40000000000041,10,2025-03-11 09:04:00,-1.0,SL,-1.070098039215685,1,-1,False,True,2025-03-11,2.0,TP,1.929901960784315
2025-03-13,377712,-1,B,mínimo,1.08654,1.08783,1.08396,12.900000000000134,8,2025-03-13 07:19:00,-1.0,SL,-1.1108527131782937,-1,1,True,False,2025-03-13,-1.0,SL,-1.1108527131782935
2025-03-18,378601,-1,B,alto,1.09367,1.09444,1.0921299999999996,7.700000000001594,10,2025-03-18 09:29:00,2.0,TP,1.8142857142857527,1,-1,False,True,2025-03-18,-1.0,SL,-1.1857142857142473
2025-03-20,379154,1,A,mínimo,1.08726,1.08658,1.0886199999999997,6.799999999997919,8,2025-03-20 07:34:00,-1.0,SL,-1.2102941176471231,-1,-1,False,False,2025-03-20,2.0,TP,1.7897058823528769
2025-03-31,381138,1,B,alto,1.08419,1.08336,1.0858499999999998,8.299999999998864,9,2025-03-31 07:09:00,-1.0,SL,-1.1722891566265297,-1,1,False,True,2025-03-31,2.0,TP,1.8277108433734703
2025-04-03,382004,-1,B,alto,1.09495,1.09714,1.0905700000000005,21.899999999999142,9,2025-04-03 07:29:00,-1.0,SL,-1.0652968036529706,1,1,False,False,2025-04-03,2.0,TP,1.9347031963470294
2025-04-07,382563,-1,A,alto,1.10137,1.10203,1.1000499999999998,6.6000000000010495,8,2025-04-07 06:04:00,2.0,TP,1.783333333333368,1,1,False,False,2025-04-07,-1.0,SL,-1.2166666666666321
2025-04-07,382572,1,B,alto,1.10186,1.10011,1.1053600000000003,17.500000000001403,8,2025-04-07 06:49:00,-1.0,SL,-1.0817142857142792,1,-1,True,False,2025-04-07,-1.0,SL,-1.0817142857142792
2025-04-07,382587,1,B,alto,1.10138,1.09977,1.1046000000000002,16.100000000001113,10,2025-04-07 08:04:00,-1.0,SL,-1.0888198757763914,1,-1,True,False,2025-04-07,2.0,TP,1.9111801242236086
2025-04-11,383740,-1,A,alto,1.1374,1.13847,1.1352599999999995,10.700000000001264,10,2025-04-11 08:24:00,-1.0,SL,-1.1336448598130684,1,1,False,False,2025-04-11,2.0,TP,1.8663551401869316
2025-04-14,384027,-1,A,alto,1.14027,1.14053,1.1397499999999996,2.60000000000149,10,2025-04-14 08:24:00,2.0,TP,1.4500000000003153,1,1,False,False,2025-04-14,-1.0,SL,-1.5499999999996847
2025-04-15,384311,1,B,alto,1.13771,1.1351,1.14293,26.10000000000001,10,2025-04-15 08:04:00,-1.0,SL,-1.054789272030651,-1,1,False,True,2025-04-15,2.0,TP,1.9452107279693487
2025-05-06,388640,-1,B,alto,1.13272,1.13384,1.13048,11.2000000000001,10,2025-05-06 08:59:00,-1.0,SL,-1.1276785714285702,1,-1,False,True,2025-05-06,-1.0,SL,-1.1276785714285702
2025-05-08,389204,1,B,mínimo,1.12971,1.12911,1.13091,5.999999999999339,9,2025-05-08 07:59:00,-1.0,SL,-1.2383333333333597,-1,1,False,True,2025-05-08,2.0,TP,1.7616666666666405
2025-05-13,390061,1,B,alto,1.11194,1.11026,1.1152999999999995,16.799999999999038,9,2025-05-13 07:24:00,-1.0,SL,-1.0851190476190524,-1,1,False,True,2025-05-13,-1.0,SL,-1.0851190476190524
2025-05-14,390347,-1,B,mínimo,1.11824,1.1197,1.11532,14.600000000000168,9,2025-05-14 07:14:00,-1.0,SL,-1.097945205479451,1,-1,False,True,2025-05-14,2.0,TP,1.902054794520549
2025-05-15,390642,-1,B,alto,1.11957,1.12074,1.1172299999999995,11.700000000001154,9,2025-05-15 07:49:00,-1.0,SL,-1.1222222222222102,1,-1,False,True,2025-05-15,-1.0,SL,-1.1222222222222102
2025-05-20,391517,-1,B,alto,1.12514,1.12648,1.1224600000000002,13.399999999998968,10,2025-05-20 08:44:00,-1.0,SL,-1.106716417910456,1,-1,False,True,2025-05-20,-1.0,SL,-1.106716417910456
2025-05-23,392349,1,B,alto,1.13238,1.13201,1.13312,3.699999999999815,8,2025-05-23 06:09:00,-1.0,SL,-1.386486486486506,-1,1,False,True,2025-05-23,2.0,TP,1.6135135135134941
2025-06-11,396103,-1,B,mínimo,1.14063,1.14133,1.1392300000000002,6.999999999999229,9,2025-06-11 07:14:00,-1.0,SL,-1.2042857142857368,1,-1,False,True,2025-06-11,2.0,TP,1.7957142857142632
2025-06-18,397527,-1,A,alto,1.15029,1.15053,1.14981,2.40000000000018,8,2025-06-18 06:04:00,-1.0,SL,-1.5958333333332886,1,1,False,False,2025-06-18,-1.0,SL,-1.5958333333332886
2025-06-19,397819,1,A,mínimo,1.14551,1.14521,1.14611,2.9999999999996696,8,2025-06-19 06:24:00,-1.0,SL,-1.4766666666667192,1,-1,True,False,2025-06-19,2.0,TP,1.5233333333332808
2025-06-26,399294,-1,B,alto,1.17175,1.17259,1.1700700000000002,8.399999999999519,11,2025-06-26 09:19:00,-1.0,SL,-1.170238095238105,1,-1,False,True,2025-06-26,-1.0,SL,-1.170238095238105
2025-06-27,399578,-1,B,alto,1.17094,1.17195,1.1689200000000002,10.099999999999554,10,2025-06-27 08:59:00,-1.0,SL,-1.141584158415848,1,-1,False,True,2025-06-27,2.0,TP,1.858415841584152
2025-07-02,400412,1,A,mínimo,1.17858,1.17848,1.17878,0.99999999999989,8,2025-07-02 06:29:00,2.0,TP,0.5699999999998426,-1,-1,False,False,2025-07-02,-1.0,SL,-2.4300000000001574
2025-07-29,405875,-1,B,mínimo,1.15777,1.15805,1.1572099999999998,2.80000000000058,8,2025-07-29 06:04:00,-1.0,SL,-1.51071428571418,-1,1,True,False,2025-07-29,-1.0,SL,-1.51071428571418
2025-07-29,405911,1,B,mínimo,1.15711,1.15664,1.1580500000000005,4.700000000001925,11,2025-07-29 09:04:00,-1.0,SL,-1.3042553191488115,-1,1,False,True,2025-07-29,-1.0,SL,-1.3042553191488115
2025-07-31,406468,-1,B,alto,1.14394,1.14528,1.1412599999999995,13.400000000001189,9,2025-07-31 07:29:00,-1.0,SL,-1.1067164179104385,1,-1,False,True,2025-07-31,-1.0,SL,-1.1067164179104383
2025-08-07,407920,-1,B,alto,1.16775,1.16792,1.16741,1.7000000000000348,10,2025-08-07 08:29:00,-1.0,SL,-1.841176470588218,1,-1,False,True,2025-08-07,-1.0,SL,-1.841176470588218
2025-08-14,409328,-1,B,mínimo,1.16969,1.17013,1.16881,4.39999999999996,8,2025-08-14 06:04:00,-1.0,SL,-1.3250000000000028,-1,1,True,False,2025-08-14,2.0,TP,1.6749999999999972
2025-08-28,412211,-1,B,mínimo,1.16367,1.16429,1.16243,6.200000000000649,8,2025-08-28 06:34:00,-1.0,SL,-1.2306451612902984,-1,1,True,False,2025-08-28,2.0,TP,1.7693548387097016
2025-09-01,412800,1,A,alto,1.1717,1.17159,1.17192,1.100000000000545,9,2025-09-01 07:39:00,-1.0,SL,-2.299999999999356,1,-1,True,False,2025-09-01,-1.0,SL,-2.299999999999356
2025-09-03,413371,-1,B,mínimo,1.16169,1.16315,1.15877,14.600000000000168,9,2025-09-03 07:19:00,-1.0,SL,-1.097945205479451,1,-1,False,True,2025-09-03,2.0,TP,1.902054794520549
2025-09-05,413932,-1,A,alto,1.16756,1.16775,1.1671799999999997,1.900000000001345,8,2025-09-05 06:04:00,2.0,TP,1.2473684210531644,1,1,False,False,2025-09-05,-1.0,SL,-1.7526315789468356
2025-09-08,414258,-1,B,alto,1.1723,1.17295,1.1709999999999998,6.500000000000394,11,2025-09-08 09:14:00,-1.0,SL,-1.2199999999999869,1,-1,False,True,2025-09-08,2.0,TP,1.7800000000000133
2025-09-09,414540,-1,A,mínimo,1.17587,1.17595,1.1757099999999998,0.8000000000008001,10,2025-09-09 08:44:00,2.0,TP,0.2125000000017878,-1,1,True,False,2025-09-09,-1.0,SL,-2.787499999998212
2025-09-10,414799,1,B,alto,1.17173,1.17108,1.17303,6.500000000000394,8,2025-09-10 06:19:00,-1.0,SL,-1.2199999999999869,-1,1,False,True,2025-09-10,2.0,TP,1.7800000000000133
2025-09-19,416810,-1,B,mínimo,1.17705,1.17735,1.17645,2.9999999999996696,8,2025-09-19 06:04:00,-1.0,SL,-1.4766666666667192,-1,1,True,False,2025-09-19,2.0,TP,1.5233333333332808
2025-09-25,417964,1,A,mínimo,1.17424,1.17395,1.1748199999999998,2.8999999999990145,8,2025-09-25 06:14:00,2.0,TP,1.5068965517239703,-1,-1,False,False,2025-09-25,-1.0,SL,-1.4931034482760297
2025-10-06,419989,1,B,mínimo,1.17072,1.17021,1.17174,5.100000000000104,9,2025-10-06 07:19:00,-1.0,SL,-1.2803921568627394,-1,-1,False,False,2025-10-06,2.0,TP,1.7196078431372606
2025-10-13,421416,1,B,alto,1.16276,1.16146,1.1653600000000002,13.000000000000789,8,2025-10-13 06:19:00,-1.0,SL,-1.1099999999999932,-1,1,False,True,2025-10-13,2.0,TP,1.8900000000000068
2025-10-24,424002,-1,B,mínimo,1.16012,1.16055,1.1592600000000002,4.299999999999304,8,2025-10-24 06:14:00,-1.0,SL,-1.3325581395349375,1,-1,False,True,2025-10-24,2.0,TP,1.6674418604650625
2025-10-27,424312,-1,B,mínimo,1.16184,1.16231,1.1609,4.699999999999704,8,2025-10-27 07:04:00,-1.0,SL,-1.3042553191489552,1,1,False,False,2025-10-27,2.0,TP,1.6957446808510448
2025-11-06,426604,1,B,alto,1.15124,1.15078,1.1521600000000003,4.60000000000127,9,2025-11-06 08:04:00,-1.0,SL,-1.3108695652173057,1,-1,True,False,2025-11-06,-1.0,SL,-1.3108695652173055
2025-11-07,426893,1,A,mínimo,1.15383,1.15299,1.1555099999999998,8.399999999999519,9,2025-11-07 08:09:00,2.0,TP,1.829761904761895,-1,1,False,True,2025-11-07,-1.0,SL,-1.170238095238105
2025-11-10,427193,-1,B,alto,1.15674,1.1573,1.1556200000000003,5.599999999998939,10,2025-11-10 09:14:00,2.0,TP,1.7446428571428088,1,-1,False,True,2025-11-10,-1.0,SL,-1.2553571428571912
2025-11-11,427471,1,B,alto,1.15661,1.15583,1.15817,7.800000000000029,9,2025-11-11 08:24:00,-1.0,SL,-1.183333333333333,-1,1,False,True,2025-11-11,-1.0,SL,-1.1833333333333327
2025-11-12,427744,-1,A,alto,1.15846,1.15858,1.1582200000000002,1.1999999999989797,8,2025-11-12 07:09:00,-1.0,SL,-2.19166666666768,1,1,False,False,2025-11-12,2.0,TP,0.8083333333323202
2025-11-14,428334,1,A,mínimo,1.16273,1.16255,1.1630900000000002,1.80000000000069,9,2025-11-14 08:19:00,-1.0,SL,-1.79444444444414,-1,-1,False,False,2025-11-14,2.0,TP,1.2055555555558601
2025-11-18,428908,1,B,alto,1.16041,1.15907,1.1630899999999995,13.399999999998968,9,2025-11-18 08:09:00,-1.0,SL,-1.106716417910456,-1,1,False,True,2025-11-18,2.0,TP,1.893283582089544
2025-11-19,429189,1,B,alto,1.15939,1.15867,1.1608299999999996,7.199999999998319,8,2025-11-19 07:34:00,-1.0,SL,-1.1986111111111577,-1,1,False,True,2025-11-19,2.0,TP,1.8013888888888425
2025-11-21,429760,-1,A,alto,1.15449,1.15452,1.15443,0.2999999999997449,8,2025-11-21 07:14:00,2.0,TP,-2.76666666667072,1,1,False,False,2025-11-21,-1.0,SL,-5.766666666670719
2025-11-25,430340,-1,A,alto,1.15281,1.15286,1.1527099999999997,0.5000000000010552,8,2025-11-25 07:39:00,2.0,TP,-0.8599999999939643,1,1,False,False,2025-11-25,-1.0,SL,-3.8599999999939643
2025-12-02,431803,-1,B,mínimo,1.16054,1.1607,1.1602199999999996,1.6000000000016,10,2025-12-02 09:49:00,-1.0,SL,-1.8937499999991063,0,-1,False,True,2025-12-02,2.0,TP,1.1062500000008937
2025-12-16,434651,-1,B,mínimo,1.17456,1.1754,1.17288,8.399999999999519,8,2025-12-16 07:09:00,-1.0,SL,-1.170238095238105,1,-1,False,True,2025-12-16,2.0,TP,1.829761904761895
2025-12-18,435226,1,B,alto,1.17491,1.17442,1.1758899999999997,4.899999999998794,8,2025-12-18 07:04:00,-1.0,SL,-1.2918367346939492,-1,1,False,True,2025-12-18,2.0,TP,1.7081632653060508
2025-12-23,436100,-1,A,alto,1.17786,1.17793,1.17772,0.700000000000145,8,2025-12-23 07:59:00,-1.0,SL,-3.04285714285672,1,1,False,False,2025-12-23,-1.0,SL,-3.04285714285672
2025-12-24,436390,1,A,mínimo,1.17893,1.17866,1.17947,2.6999999999999247,9,2025-12-24 08:09:00,-1.0,SL,-1.5296296296296443,1,-1,True,False,2025-12-24,2.0,TP,1.4703703703703557
2026-01-06,438424,1,B,alto,1.17405,1.17358,1.17499,4.699999999999704,8,2026-01-06 07:04:00,-1.0,SL,-1.3042553191489552,-1,1,False,True,2026-01-06,2.0,TP,1.6957446808510448
2026-01-08,439006,1,B,alto,1.16823,1.16779,1.16911,4.39999999999996,8,2026-01-08 07:34:00,-1.0,SL,-1.3250000000000028,-1,1,False,True,2026-01-08,2.0,TP,1.6749999999999972
2026-01-14,440152,1,B,alto,1.165,1.16474,1.16552,2.5999999999992696,8,2026-01-14 07:04:00,-1.0,SL,-1.5500000000001544,-1,1,False,True,2026-01-14,2.0,TP,1.4499999999998456
2026-01-16,440729,1,B,alto,1.16136,1.16088,1.16232,4.80000000000036,8,2026-01-16 07:14:00,-1.0,SL,-1.2979166666666444,0,1,False,True,2026-01-16,-1.0,SL,-1.2979166666666444
2026-01-29,443318,1,B,alto,1.19926,1.19844,1.2009,8.20000000000043,8,2026-01-29 07:04:00,-1.0,SL,-1.17439024390243,-1,1,False,True,2026-01-29,2.0,TP,1.8256097560975701
2026-02-04,444484,1,B,alto,1.1835,1.18272,1.18506,7.800000000000029,9,2026-02-04 08:14:00,-1.0,SL,-1.183333333333333,-1,1,False,True,2026-02-04,2.0,TP,1.8166666666666673
2026-02-16,446790,1,A,mínimo,1.18629,1.18607,1.1867300000000005,2.20000000000109,9,2026-02-16 08:29:00,-1.0,SL,-1.649999999999678,1,-1,True,False,2026-02-16,2.0,TP,1.350000000000322
2026-03-02,449671,1,B,mínimo,1.17306,1.17212,1.17494,9.399999999999409,10,2026-03-02 09:04:00,-1.0,SL,-1.1521276595744776,-1,1,False,True,2026-03-02,-1.0,SL,-1.1521276595744776
2026-03-04,450226,-1,A,alto,1.16138,1.1618,1.1605400000000003,4.199999999998649,8,2026-03-04 07:19:00,-1.0,SL,-1.3404761904762998,1,1,False,False,2026-03-04,2.0,TP,1.6595238095237002
2026-03-09,451129,-1,A,alto,1.15569,1.15708,1.15291,13.900000000000023,9,2026-03-09 08:39:00,-1.0,SL,-1.1028776978417263,-1,1,True,False,2026-03-09,2.0,TP,1.8971223021582735
2026-03-11,451716,1,B,mínimo,1.16072,1.16018,1.1618,5.399999999999849,10,2026-03-11 09:34:00,-1.0,SL,-1.2648148148148222,-1,1,False,True,2026-03-11,2.0,TP,1.7351851851851778
2026-03-13,452274,1,B,mínimo,1.14547,1.14396,1.1484899999999998,15.099999999999005,9,2026-03-13 08:04:00,2.0,TP,1.9052980132450268,-1,1,False,True,2026-03-13,-1.0,SL,-1.0947019867549732
2026-03-18,453165,1,B,alto,1.15548,1.1545,1.15744,9.799999999999809,11,2026-03-18 10:19:00,-1.0,SL,-1.1459183673469415,1,-1,True,False,2026-03-18,2.0,TP,1.8540816326530585
2026-03-20,453707,-1,A,alto,1.15771,1.15798,1.15717,2.6999999999999247,8,2026-03-20 07:29:00,2.0,TP,1.4703703703703557,1,1,False,False,2026-03-20,-1.0,SL,-1.5296296296296443
2026-03-20,453734,1,B,mínimo,1.15579,1.15458,1.1582100000000004,12.100000000001554,10,2026-03-20 09:44:00,-1.0,SL,-1.118181818181803,1,0,True,False,2026-03-20,-1.0,SL,-1.118181818181803
2026-03-27,455143,1,A,mínimo,1.1518,1.1517,1.152,0.99999999999989,8,2026-03-27 07:09:00,-1.0,SL,-2.4300000000001574,-1,-1,False,False,2026-03-27,2.0,TP,0.5699999999998426
2026-04-13,458269,1,B,alto,1.16904,1.16862,1.1698800000000005,4.20000000000087,8,2026-04-13 06:04:00,-1.0,SL,-1.34047619047612,-1,1,False,True,2026-04-13,-1.0,SL,-1.34047619047612
2026-04-13,458281,1,B,alto,1.16885,1.16811,1.17033,7.399999999999629,9,2026-04-13 07:04:00,-1.0,SL,-1.193243243243253,1,-1,True,False,2026-04-13,-1.0,SL,-1.193243243243253
2026-04-14,458557,1,B,alto,1.17644,1.17626,1.1767999999999996,1.7999999999984695,8,2026-04-14 06:04:00,-1.0,SL,-1.7944444444451195,1,-1,True,False,2026-04-14,2.0,TP,1.2055555555548803
2026-04-15,458883,1,A,mínimo,1.17818,1.17806,1.1784199999999998,1.1999999999989797,11,2026-04-15 09:14:00,2.0,TP,0.8083333333323202,-1,-1,False,False,2026-04-15,-1.0,SL,-2.19166666666768
2026-04-24,460879,-1,A,alto,1.16872,1.16877,1.1686199999999998,0.5000000000010552,9,2026-04-24 07:54:00,-1.0,SL,-3.859999999993964,1,1,False,False,2026-04-24,2.0,TP,-0.8599999999939643
2026-04-28,461460,1,B,mínimo,1.17052,1.17,1.1715600000000002,5.20000000000076,10,2026-04-28 08:19:00,-1.0,SL,-1.27499999999996,-1,1,False,True,2026-04-28,2.0,TP,1.72500000000004
2026-05-01,462295,1,A,mínimo,1.17228,1.17223,1.1723799999999998,0.4999999999988347,8,2026-05-01 06:09:00,-1.0,SL,-3.860000000006665,1,-1,True,False,2026-05-01,2.0,TP,-0.8600000000066652
2026-05-07,463448,1,A,mínimo,1.17497,1.17478,1.1753500000000003,1.900000000001345,8,2026-05-07 06:34:00,2.0,TP,1.2473684210531644,-1,1,False,True,2026-05-07,-1.0,SL,-1.7526315789468356
2026-05-12,464310,-1,B,mínimo,1.17535,1.17584,1.1743699999999997,4.900000000001015,8,2026-05-12 06:24:00,-1.0,SL,-1.291836734693817,-1,1,True,False,2026-05-12,-1.0,SL,-1.291836734693817
2026-05-14,464846,1,A,mínimo,1.17119,1.171,1.1715699999999998,1.8999999999991248,8,2026-05-14 06:04:00,-1.0,SL,-1.7526315789477152,1,-1,True,False,2026-05-14,2.0,TP,1.2473684210522848
2026-05-15,465134,1,B,mínimo,1.16379,1.16326,1.1648500000000004,5.300000000001415,8,2026-05-15 06:04:00,-1.0,SL,-1.2698113207546449,-1,-1,False,False,2026-05-15,-1.0,SL,-1.2698113207546449
2026-05-20,466022,1,A,mínimo,1.15947,1.15918,1.1600499999999998,2.8999999999990145,10,2026-05-20 08:04:00,-1.0,SL,-1.4931034482760297,-1,-1,False,False,2026-05-20,2.0,TP,1.5068965517239703
2026-05-25,466804,-1,B,mínimo,1.16308,1.16381,1.1616199999999997,7.300000000001194,9,2026-05-25 07:19:00,-1.0,SL,-1.1958904109588722,1,-1,False,True,2026-05-25,2.0,TP,1.8041095890411278
2026-06-03,468803,1,A,mínimo,1.16219,1.16184,1.1628900000000002,3.5000000000007248,8,2026-06-03 06:04:00,-1.0,SL,-1.408571428571344,-1,-1,False,False,2026-06-03,2.0,TP,1.591428571428656
2026-06-04,469121,-1,A,alto,1.16101,1.16108,1.1608700000000003,0.6999999999979245,10,2026-06-04 08:34:00,-1.0,SL,-3.0428571428632,1,1,False,False,2026-06-04,-1.0,SL,-3.0428571428631996
2026-06-10,470243,-1,A,alto,1.15542,1.15543,1.1553999999999998,0.1000000000006551,8,2026-06-10 06:04:00,-1.0,SL,-15.29999999990632,1,1,False,False,2026-06-10,-1.0,SL,-15.29999999990632
2026-06-12,470838,1,A,mínimo,1.15604,1.15573,1.15666,3.1000000000003247,9,2026-06-12 07:44:00,-1.0,SL,-1.4612903225805969,-1,-1,False,False,2026-06-12,-1.0,SL,-1.4612903225805969
2026-06-16,471394,1,B,mínimo,1.15772,1.15751,1.1581400000000002,2.100000000000435,8,2026-06-16 06:04:00,-1.0,SL,-1.68095238095224,-1,-1,False,False,2026-06-16,-1.0,SL,-1.68095238095224
2026-06-22,472545,1,A,mínimo,1.14544,1.14541,1.1455,0.2999999999997449,8,2026-06-22 06:04:00,-1.0,SL,-5.766666666670719,-1,-1,False,False,2026-06-22,-1.0,SL,-5.766666666670719
2026-06-23,472846,1,B,alto,1.1434,1.14223,1.1457399999999998,11.699999999998932,9,2026-06-23 07:09:00,-1.0,SL,-1.1222222222222331,-1,1,False,True,2026-06-23,2.0,TP,1.8777777777777667
2026-06-25,473423,1,A,mínimo,1.13513,1.135,1.13539,1.2999999999996348,9,2026-06-25 07:19:00,2.0,TP,0.899999999999691,-1,-1,False,False,2026-06-25,-1.0,SL,-2.1000000000003087
2026-06-26,473702,1,B,alto,1.13803,1.13748,1.1391300000000002,5.5000000000005045,8,2026-06-26 06:34:00,-1.0,SL,-1.2599999999999765,1,-1,True,False,2026-06-26,-1.0,SL,-1.2599999999999763
2026-06-29,473982,-1,A,alto,1.13932,1.13946,1.1390400000000005,1.3999999999980697,8,2026-06-29 06:04:00,-1.0,SL,-2.02142857142998,1,1,False,False,2026-06-29,2.0,TP,0.9785714285700202
2026-06-29,474016,-1,B,alto,1.13945,1.13988,1.1385900000000002,4.299999999999304,10,2026-06-29 08:54:00,-1.0,SL,-1.3325581395349375,1,-1,False,True,2026-06-29,2.0,TP,1.6674418604650625
2026-07-08,475993,-1,A,alto,1.14178,1.14204,1.1412600000000002,2.5999999999992696,8,2026-07-08 06:04:00,-1.0,SL,-1.5500000000001544,1,1,False,False,2026-07-08,2.0,TP,1.4499999999998456
2026-07-09,476301,-1,B,alto,1.14341,1.14368,1.14287,2.6999999999999247,9,2026-07-09 07:49:00,-1.0,SL,-1.5296296296296443,1,-1,False,True,2026-07-09,-1.0,SL,-1.5296296296296443
2026-07-15,477433,1,B,alto,1.14433,1.14392,1.14515,4.100000000000215,8,2026-07-15 06:19:00,-1.0,SL,-1.3487804878048597,-1,1,False,True,2026-07-15,2.0,TP,1.6512195121951403
2026-07-30,480620,1,B,mínimo,1.14478,1.14438,1.1455799999999998,3.99999999999956,10,2026-07-30 08:19:00,2.0,TP,1.6424999999999603,-1,1,False,True,2026-07-30,-1.0,SL,-1.3575000000000395
2026-08-07,482334,1,A,mínimo,1.15202,1.15195,1.15216,0.700000000000145,9,2026-08-07 07:09:00,2.0,TP,-0.0428571428567199,-1,-1,False,False,2026-08-07,,sin datos,
2026-08-17,484046,-1,A,alto,1.15857,1.15893,1.1578500000000005,3.5999999999991594,8,2026-08-17 06:09:00,-1.0,SL,-1.397222222222315,1,1,False,False,2026-08-17,,sin datos,
