i,ts,lado,entrada,stop,objetivo,riesgo_u,rr,n_obj,tf_obj,tomas,R,motivo,R_neto,ins,coste_R
49,2020-01-05 23:59:00,1,1.30768,1.30623,1.316,14.499999999999513,5.737931034483024,1,12H,1,5.737931034483024,TP,5.634482758620952,GBPUSD,0.10344827586207243
51,2020-01-06 01:59:00,1,1.30788,1.30741,1.316,4.699999999999704,17.276595744682208,1,12H,1,-1.0,SL,-1.3191489361702329,GBPUSD,0.3191489361702328
56,2020-01-06 06:59:00,1,1.30824,1.30674,1.316,15.000000000000568,5.17333333333313,1,12H,1,-1.0,SL,-1.0999999999999963,GBPUSD,0.09999999999999622
58,2020-01-06 13:59:00,1,8733.85,8722.19,8844.68,11.659999999999854,9.50514579759874,1,12H,1,-1.0,SL,-1.1286449399656964,NAS100,0.1286449399656963
57,2020-01-06 13:59:00,1,3217.843,3214.334,3245.955,3.5090000000000146,8.01139925904815,1,12H,1,-1.0,SL,-1.1709888857224273,SPX500,0.17098888572242732
67,2020-01-06 17:59:00,-1,1.31589,1.31755,1.30638,16.599999999999948,5.728915662650564,1,4H,2,-1.0,SL,-1.0903614457831328,GBPUSD,0.09036144578313281
75,2020-01-07 01:59:00,-1,1.11934,1.1198,1.11571,4.599999999999049,7.891304347827766,1,12H,1,7.891304347827766,TP,7.630434782610321,EURUSD,0.2608695652174452
83,2020-01-07 09:59:00,-1,1.11845,1.11906,1.11571,6.099999999999994,4.4918032786884705,1,12H,1,4.4918032786884705,TP,4.2950819672130605,EURUSD,0.19672131147541
95,2020-01-07 21:59:00,1,1.31189,1.31124,1.31643,6.500000000000394,6.984615384614943,1,4H,1,-1.0,SL,-1.2307692307692168,GBPUSD,0.23076923076921677
97,2020-01-07 23:59:00,1,1.31134,1.31037,1.31643,9.699999999999154,5.247422680412869,1,4H,1,5.247422680412869,TP,5.092783505155124,GBPUSD,0.15463917525774545
99,2020-01-08 11:59:00,-1,3240.634,3246.64,3208.634,6.005999999999858,5.328005328005454,1,1D,1,-1.0,SL,-1.0999000999001023,SPX500,0.09990009990010226
103,2020-01-08 15:59:00,-1,3242.237,3250.055,3208.634,7.817999999999756,4.298158096700066,1,1D,1,-1.0,SL,-1.0767459708365335,SPX500,0.07674597083653348
115,2020-01-08 17:59:00,-1,1.31048,1.31178,1.30633,12.999999999998568,3.1923076923081193,1,1D,1,-1.0,SL,-1.115384615384628,GBPUSD,0.11538461538462809
126,2020-01-09 04:59:00,1,1.31084,1.31034,1.31694,4.999999999999449,12.200000000001332,1,4H,2,-1.0,SL,-1.3000000000000331,GBPUSD,0.300000000000033
129,2020-01-09 07:59:00,1,1.31138,1.31,1.31694,13.799999999999368,4.028985507246568,1,4H,2,-1.0,SL,-1.108695652173918,GBPUSD,0.10869565217391802
142,2020-01-09 20:59:00,-1,109.499,109.54700000000001,109.317,4.800000000001603,3.7916666666654453,1,4H,2,-1.0,SL,-1.2708333333332429,USDJPY,0.2708333333332429
167,2020-01-10 21:59:00,-1,1.30569,1.30653,1.30126,8.399999999999519,5.2738095238097475,1,12H,2,5.2738095238097475,TP,5.095238095238309,GBPUSD,0.1785714285714388
158,2020-01-13 03:59:00,-1,8993.42,8998.6,8913.2,5.180000000000291,15.48648648648549,1,1D,1,-1.0,SL,-1.2895752895752732,NAS100,0.2895752895752733
174,2020-01-13 04:59:00,-1,1.30356,1.3042,1.30126,6.399999999999739,3.5937500000000977,1,12H,2,3.5937500000000977,TP,3.359375000000088,GBPUSD,0.23437500000000955
192,2020-01-13 22:59:00,1,1.2989,1.29809,1.30269,8.099999999999774,4.6790123456790935,2,4H,2,-1.0,SL,-1.1851851851851904,GBPUSD,0.18518518518519034
198,2020-01-14 04:59:00,1,1.29941,1.29881,1.30269,5.999999999999339,5.466666666667185,2,4H,2,-1.0,SL,-1.2500000000000275,GBPUSD,0.25000000000002753
187,2020-01-14 12:59:00,-1,3285.737,3288.949,3267.34,3.211999999999989,5.72758405977584,1,12H,2,-1.0,SL,-1.1867995018679958,SPX500,0.18679950186799565
220,2020-01-15 02:59:00,1,109.933,109.875,110.212,5.8000000000006935,4.810344827585569,1,12H,1,-1.0,SL,-1.224137931034456,USDJPY,0.22413793103445598
213,2020-01-15 16:59:00,-1,3294.752,3299.5,3267.34,4.748000000000047,5.773378264532337,2,12H,2,-1.0,SL,-1.1263689974726188,SPX500,0.1263689974726188
218,2020-01-15 19:59:00,-1,9045.1,9059.69,8987.83,14.590000000000146,3.9252912954078045,2,12H,3,-1.0,SL,-1.1028101439342004,NAS100,0.10281014393420049
223,2020-01-16 02:59:00,-1,9053.9,9059.99,8987.83,6.0900000000001455,10.848932676518576,2,12H,3,-1.0,SL,-1.246305418719206,NAS100,0.24630541871920594
236,2020-01-16 15:59:00,-1,9078.22,9104.395,8966.91,26.17500000000109,4.252531041069526,1,1D,2,-1.0,SL,-1.0573065902578773,NAS100,0.057306590257877266
259,2020-01-16 17:59:00,-1,1.30739,1.30838,1.30252,9.900000000000464,4.919191919191842,1,4H,1,-1.0,SL,-1.1515151515151445,GBPUSD,0.15151515151514441
240,2020-01-16 19:59:00,-1,9091.39,9098.89,8966.91,7.5,16.597333333333275,1,1D,2,-1.0,SL,-1.2,NAS100,0.2
282,2020-01-17 16:59:00,-1,110.161,110.211,109.928,4.999999999999716,4.6600000000003465,1,12H,4,-1.0,SL,-1.2600000000000149,USDJPY,0.2600000000000148
262,2020-01-20 00:58:00,-1,3326.243,3328.8,3315.5,2.5570000000002437,4.20140789988225,1,12H,2,4.20140789988225,TP,3.9667579194364375,SPX500,0.2346499804458126
290,2020-01-20 00:59:00,-1,110.178,110.227,109.928,4.900000000000659,5.102040816325844,2,12H,4,5.102040816325844,TP,4.8367346938769,USDJPY,0.2653061224489439
271,2020-01-20 12:56:00,-1,3321.8,3323.752,3315.5,1.9519999999997708,3.2274590163939147,1,12H,2,-1.0,SL,-1.307377049180364,SPX500,0.30737704918036396
312,2020-01-20 22:59:00,1,1.10968,1.10924,1.11425,4.3999999999999595,10.386363636363647,1,1D,1,-1.0,SL,-1.2727272727272751,EURUSD,0.2727272727272752
313,2020-01-20 23:59:00,1,1.10962,1.10923,1.11425,3.900000000001125,11.871794871791222,1,1D,1,-1.0,SL,-1.307692307692219,EURUSD,0.30769230769221895
315,2020-01-21 01:59:00,1,1.30003,1.29942,1.31184,6.099999999999994,19.360655737704732,1,1D,2,19.360655737704732,TP,19.11475409836047,GBPUSD,0.2459016393442625
321,2020-01-21 07:59:00,1,1.30064,1.30001,1.31184,6.299999999999084,17.777777777780166,1,1D,2,-1.0,SL,-1.2380952380952728,GBPUSD,0.23809523809527272
323,2020-01-21 09:59:00,1,1.10905,1.10845,1.11425,6.00000000000156,8.666666666664199,1,1D,1,-1.0,SL,-1.199999999999948,EURUSD,0.199999999999948
332,2020-01-21 18:59:00,1,1.10924,1.1088500000000001,1.11425,3.8999999999989043,12.84615384615735,1,1D,1,-1.0,SL,-1.307692307692394,EURUSD,0.30769230769239414
309,2020-01-22 03:59:00,-1,9213.0,9223.09,9101.3,10.090000000000146,11.07036669970259,1,12H,1,-1.0,SL,-1.1486620416253694,NAS100,0.1486620416253695
350,2020-01-22 12:59:00,1,1.10835,1.10761,1.11179,7.399999999999629,4.64864864864903,1,12H,3,-1.0,SL,-1.1621621621621703,EURUSD,0.16216216216217028
353,2020-01-22 15:59:00,1,1.10754,1.1069,1.11179,6.399999999999739,6.640625000000407,1,12H,3,-1.0,SL,-1.1875000000000075,EURUSD,0.18750000000000763
324,2020-01-23 02:59:00,-1,3319.043,3322.1,3306.64,3.056999999999789,4.057245665685674,1,1D,1,4.057245665685674,TP,3.8609748119074463,SPX500,0.19627085377822748
332,2020-01-23 04:59:00,1,9175.6,9168.39,9225.17,7.210000000000946,6.875173370318059,1,4H,1,-1.0,SL,-1.2080443828016372,NAS100,0.20804438280163706
366,2020-01-23 04:59:00,1,1.10852,1.10799,1.11179,5.299999999999194,6.169811320755855,2,1D,3,-1.0,SL,-1.226415094339657,EURUSD,0.22641509433965706
368,2020-01-23 06:59:00,1,1.10851,1.10799,1.11179,5.20000000000076,6.30769230769129,2,1D,3,-1.0,SL,-1.230769230769197,EURUSD,0.23076923076919706
371,2020-01-23 09:59:00,1,1.10843,1.1078000000000001,1.11179,6.299999999999084,5.3333333333341555,2,1D,3,-1.0,SL,-1.1904761904762182,EURUSD,0.19047619047621817
333,2020-01-23 11:59:00,-1,3320.052,3322.4,3306.64,2.3479999999999563,5.712095400340933,1,1D,1,5.712095400340933,TP,5.456558773424404,SPX500,0.25553662691652945
373,2020-01-23 11:59:00,-1,1.10903,1.10958,1.107,5.5000000000005045,3.690909090908709,1,12H,1,-1.0,SL,-1.2181818181817983,EURUSD,0.21818181818179816
363,2020-01-24 19:59:00,1,3293.7,3280.149,3337.549,13.55099999999993,3.235849752785801,1,12H,2,-1.0,SL,-1.0442771751162279,SPX500,0.04427717511622781
429,2020-01-27 19:59:00,1,1.30486,1.30402,1.31065,8.399999999999519,6.892857142857756,1,12H,1,-1.0,SL,-1.1785714285714388,GBPUSD,0.1785714285714388
411,2020-01-28 17:59:00,-1,9086.01,9098.72,8963.5,12.709999999999127,9.638867033832309,1,4H,1,-1.0,SL,-1.1180173092053582,NAS100,0.11801730920535823
466,2020-01-29 08:59:00,1,1.30179,1.30026,1.30649,15.300000000000313,3.0718954248364905,1,12H,3,-1.0,SL,-1.0980392156862724,GBPUSD,0.0980392156862725
467,2020-01-29 09:59:00,1,1.10021,1.09935,1.10375,8.599999999998609,4.116279069768223,1,1D,2,-1.0,SL,-1.1395348837209527,EURUSD,0.1395348837209528
469,2020-01-29 11:59:00,1,1.10015,1.09961,1.10375,5.399999999999849,6.6666666666669405,1,1D,2,-1.0,SL,-1.2222222222222283,EURUSD,0.2222222222222284
428,2020-01-29 12:59:00,-1,9136.43,9148.4,9082.59,11.969999999999345,4.497911445280125,1,4H,2,-1.0,SL,-1.1253132832080268,NAS100,0.1253132832080269
422,2020-01-29 12:59:00,-1,3289.7,3293.7,3273.846,4.0,3.9634999999999536,1,4H,3,3.9634999999999536,TP,3.8134999999999537,SPX500,0.15
479,2020-01-29 21:59:00,1,1.10098,1.10006,1.10375,9.200000000000319,3.0108695652172206,1,1D,2,3.0108695652172206,TP,2.8804347826085293,EURUSD,0.13043478260869112
580,2020-02-05 02:59:00,-1,109.459,109.50200000000001,109.2,4.300000000000637,6.023255813952605,1,4H,1,-1.0,SL,-1.302325581395304,USDJPY,0.3023255813953041
598,2020-02-05 20:59:00,1,1.29916,1.29847,1.30704,6.900000000000794,11.420289855070985,2,12H,2,-1.0,SL,-1.217391304347801,GBPUSD,0.21739130434780105
600,2020-02-05 22:59:00,1,1.29972,1.2989600000000001,1.30704,7.599999999998719,9.631578947370036,1,12H,2,-1.0,SL,-1.197368421052665,GBPUSD,0.19736842105266486
603,2020-02-06 01:59:00,1,1.29882,1.29811,1.30704,7.099999999999884,11.577464788732435,1,12H,2,-1.0,SL,-1.2112676056338063,GBPUSD,0.21126760563380625
605,2020-02-06 03:59:00,-1,1.29857,1.29918,1.2941,6.099999999999994,7.32786885245898,1,1D,1,-1.0,SL,-1.2459016393442626,GBPUSD,0.2459016393442625
551,2020-02-06 03:59:00,-1,9413.32,9423.5,9310.24,10.180000000000291,10.125736738703043,1,12H,3,-1.0,SL,-1.1473477406679722,NAS100,0.1473477406679722
607,2020-02-06 05:59:00,1,1.29843,1.29704,1.30704,13.900000000000023,6.194244604316541,1,12H,2,-1.0,SL,-1.107913669064748,GBPUSD,0.10791366906474802
608,2020-02-06 06:59:00,-1,1.29827,1.29872,1.2941,4.500000000000615,9.266666666665417,1,1D,1,-1.0,SL,-1.3333333333332877,GBPUSD,0.3333333333332878
560,2020-02-06 12:59:00,-1,9406.74,9427.34,9310.24,20.600000000000364,4.684466019417393,1,12H,3,-1.0,SL,-1.0728155339805812,NAS100,0.07281553398058124
566,2020-02-06 18:59:00,-1,9434.78,9445.98,9310.24,11.199999999998909,11.119642857144019,1,12H,3,-1.0,SL,-1.1339285714285845,NAS100,0.13392857142858447
572,2020-02-07 02:59:00,-1,9427.4,9441.89,9310.24,14.489999999999782,8.085576259489414,1,12H,3,-1.0,SL,-1.1035196687370616,NAS100,0.1035196687370616
577,2020-02-07 07:59:00,-1,9432.96,9454.7,9310.24,21.7400000000016,5.6448942042313845,1,12H,3,-1.0,SL,-1.0689972401103904,NAS100,0.0689972401103905
648,2020-02-09 22:59:00,1,109.715,109.672,110.005,4.300000000000637,6.744186046510444,1,4H,1,-1.0,SL,-1.302325581395304,USDJPY,0.3023255813953041
660,2020-02-10 10:59:00,1,109.769,109.696,110.005,7.30000000000075,3.2328767123282978,1,4H,1,-1.0,SL,-1.1780821917808035,USDJPY,0.17808219178080362
610,2020-02-10 18:59:00,-1,9462.37,9470.3,9354.02,7.929999999998472,13.663303909208228,1,1D,1,-1.0,SL,-1.1891551071879305,NAS100,0.18915510718793052
675,2020-02-11 01:59:00,-1,1.29151,1.29223,1.28716,7.200000000000539,6.0416666666660115,1,12H,2,-1.0,SL,-1.2083333333333177,GBPUSD,0.20833333333331772
632,2020-02-12 02:59:00,-1,3360.44,3363.255,3349.946,2.8150000000000546,3.727886323268184,1,12H,1,-1.0,SL,-1.2131438721136725,SPX500,0.21314387211367258
636,2020-02-12 06:58:00,-1,3366.249,3369.8,3349.946,3.5510000000003856,4.5911010982816425,1,12H,1,-1.0,SL,-1.1689664883131328,SPX500,0.16896648831313288
642,2020-02-12 06:59:00,-1,9552.27,9561.41,9320.49,9.139999999999418,25.358862144421817,1,1D,1,-1.0,SL,-1.1641137855579973,NAS100,0.16411378555799733
707,2020-02-12 09:59:00,1,1.09203,1.09104,1.09527,9.900000000000464,3.2727272727270282,2,12H,3,-1.0,SL,-1.1212121212121156,EURUSD,0.12121212121211553
649,2020-02-12 13:59:00,-1,9566.54,9572.12,9320.49,5.579999999999927,44.09498207885382,1,1D,1,-1.0,SL,-1.2688172043010788,NAS100,0.26881720430107875
734,2020-02-13 12:59:00,1,1.08638,1.08521,1.09184,11.699999999998933,4.666666666667109,1,12H,1,-1.0,SL,-1.102564102564112,EURUSD,0.10256410256411191
736,2020-02-13 14:59:00,1,1.08553,1.08466,1.09184,8.700000000001484,7.252873563216942,1,12H,1,-1.0,SL,-1.1379310344827351,EURUSD,0.13793103448273508
669,2020-02-13 17:59:00,-1,3376.055,3382.055,3348.343,6.0,4.618666666666665,1,4H,1,-1.0,SL,-1.1,SPX500,0.09999999999999999
741,2020-02-13 19:59:00,-1,109.807,109.86,109.619,5.299999999999727,3.547169811320982,1,4H,3,-1.0,SL,-1.2452830188679371,USDJPY,0.24528301886793716
744,2020-02-13 22:59:00,1,109.814,109.76599999999999,110.133,4.800000000000182,6.645833333333136,1,1D,1,-1.0,SL,-1.270833333333323,USDJPY,0.2708333333333231
677,2020-02-14 03:59:00,-1,3383.734,3389.1,3359.44,5.3659999999999854,4.527394707417058,2,4H,2,-1.0,SL,-1.1118151323145735,SPX500,0.11181513231457353
752,2020-02-14 06:59:00,1,109.782,109.738,110.133,4.399999999999693,7.977272727273263,1,1D,1,-1.0,SL,-1.295454545454566,USDJPY,0.29545454545456606
681,2020-02-14 07:59:00,-1,3383.249,3386.1,3371.552,2.8510000000001128,4.10277095755847,2,4H,2,-1.0,SL,-1.2104524728165473,SPX500,0.21045247281654725
687,2020-02-14 07:59:00,-1,9632.0,9639.89,9591.72,7.889999999999418,5.105196451204516,2,4H,2,5.105196451204516,TP,4.915082382763437,NAS100,0.19011406844107867
741,2020-02-18 20:59:00,-1,9628.67,9647.89,9543.51,19.219999999999345,4.430801248699415,1,4H,1,-1.0,SL,-1.0780437044745084,NAS100,0.07804370447450838
816,2020-02-18 22:59:00,1,1.29984,1.29932,1.30418,5.20000000000076,8.34615384615222,1,4H,1,-1.0,SL,-1.2884615384614964,GBPUSD,0.2884615384614963
737,2020-02-19 00:59:00,-1,3375.355,3380.0,3355.437,4.644999999999982,4.288051668460753,1,4H,1,-1.0,SL,-1.1291711517761038,SPX500,0.12917115177610383
840,2020-02-19 22:59:00,1,1.29194,1.29119,1.29612,7.500000000000284,5.573333333332923,1,4H,1,-1.0,SL,-1.1999999999999924,GBPUSD,0.19999999999999243
845,2020-02-20 03:59:00,1,1.07969,1.07906,1.08372,6.300000000001305,6.396825396824037,1,1D,2,-1.0,SL,-1.190476190476151,EURUSD,0.19047619047615102
849,2020-02-20 07:59:00,1,1.07905,1.07768,1.08372,13.700000000000934,3.408759124087324,1,1D,2,3.408759124087324,TP,3.3211678832114173,EURUSD,0.08759124087590643
853,2020-02-20 11:59:00,1,1.07963,1.07864,1.08372,9.900000000000464,4.131313131312864,1,1D,2,-1.0,SL,-1.1212121212121156,EURUSD,0.12121212121211553
860,2020-02-20 18:59:00,1,1.07935,1.07898,1.08211,3.6999999999998145,7.459459459459492,2,4H,3,-1.0,SL,-1.3243243243243406,EURUSD,0.32432432432434055
860,2020-02-20 18:59:00,-1,112.012,112.10600000000001,111.511,9.40000000000083,5.329787234042134,1,4H,1,-1.0,SL,-1.1382978723404134,USDJPY,0.13829787234041332
862,2020-02-20 20:59:00,1,1.07896,1.0783800000000001,1.08211,5.799999999998029,5.431034482760443,2,4H,3,-1.0,SL,-1.2068965517242083,EURUSD,0.20689655172420823
863,2020-02-20 21:59:00,-1,112.059,112.18900000000001,111.511,13.000000000000966,4.215384615384316,1,4H,1,4.215384615384316,TP,4.115384615384324,USDJPY,0.09999999999999257
914,2020-02-25 00:59:00,1,1.08517,1.08471,1.0872,4.599999999999049,4.41304347826173,1,4H,2,-1.0,SL,-1.2608695652174453,EURUSD,0.2608695652174452
917,2020-02-25 03:59:00,-1,1.08628,1.08685,1.08414,5.700000000001815,3.75438596491075,1,4H,2,3.75438596491075,TP,3.543859649121343,EURUSD,0.21052631578940664
978,2020-02-27 16:59:00,1,1.28746,1.28633,1.29462,11.300000000000754,6.336283185840334,1,4H,3,-1.0,SL,-1.1327433628318495,GBPUSD,0.13274336283184954
997,2020-02-28 11:59:00,1,1.28829,1.28656,1.29462,17.300000000000093,3.6589595375723323,2,12H,3,-1.0,SL,-1.0867052023121382,GBPUSD,0.08670520231213827
1002,2020-02-28 16:59:00,1,1.27761,1.2752000000000001,1.29462,24.099999999998012,7.058091286307715,1,12H,2,-1.0,SL,-1.06224066390042,GBPUSD,0.06224066390042007
918,2020-03-01 23:59:00,1,8349.49,8220.79,8870.42,128.6999999999989,4.047630147630184,1,1D,1,4.047630147630184,TP,4.035975135975173,NAS100,0.011655011655011753
919,2020-03-02 06:59:00,1,2967.852,2958.9,3117.052,8.95199999999977,16.666666666667123,1,1D,2,-1.0,SL,-1.0670241286863287,SPX500,0.06702412868632879
925,2020-03-02 06:59:00,1,8499.8,8471.96,8870.42,27.840000000000146,13.31249999999996,1,1D,1,-1.0,SL,-1.0538793103448274,NAS100,0.053879310344827305
927,2020-03-02 08:59:00,-1,8595.41,8671.7,8221.79,76.29000000000087,4.89736531655518,1,4H,3,-1.0,SL,-1.0196618167518676,NAS100,0.019661816751867647
1037,2020-03-03 03:59:00,1,108.006,107.90299999999999,109.68,10.300000000000864,16.25242718446472,1,1D,1,-1.0,SL,-1.1262135922329992,USDJPY,0.12621359223299913
1044,2020-03-03 10:59:00,1,108.0,107.88499999999999,109.68,11.50000000000091,14.608695652172816,1,1D,1,-1.0,SL,-1.1130434782608607,USDJPY,0.11304347826086063
1051,2020-03-03 17:59:00,1,107.338,107.17999999999999,109.68,15.800000000000125,14.822784810126548,1,1D,1,-1.0,SL,-1.0822784810126576,USDJPY,0.08227848101265758
1053,2020-03-03 19:59:00,1,107.247,106.922,109.68,32.500000000000284,7.486153846153802,1,1D,1,-1.0,SL,-1.0399999999999996,USDJPY,0.039999999999999654
1056,2020-03-03 22:59:00,1,107.144,107.068,107.899,7.600000000000762,9.934210526314734,1,4H,2,-1.0,SL,-1.1710526315789302,USDJPY,0.17105263157893022
958,2020-03-04 01:59:00,-1,3016.849,3028.355,2891.255,11.505999999999858,10.91552233617257,1,1D,1,-1.0,SL,-1.0521467060664007,SPX500,0.05214670606640078
964,2020-03-04 01:59:00,-1,8641.26,8673.13,8221.79,31.86999999999898,13.16190775023573,1,1D,1,-1.0,SL,-1.0470662064637606,NAS100,0.04706620646376052
1060,2020-03-04 02:59:00,1,107.337,107.17999999999999,107.899,15.700000000001069,3.5796178343946456,1,4H,2,-1.0,SL,-1.082802547770695,USDJPY,0.082802547770695
1063,2020-03-04 05:59:00,1,107.398,107.32799999999999,107.899,7.000000000000739,7.15714285714217,1,4H,2,-1.0,SL,-1.1857142857142662,USDJPY,0.18571428571426613
963,2020-03-04 06:59:00,-1,3034.849,3044.2,2891.255,9.350999999999658,15.356004705379672,1,1D,1,-1.0,SL,-1.0641642605069,SPX500,0.06416426050690001
969,2020-03-04 06:59:00,-1,8696.45,8721.65,8221.79,25.19999999999891,18.835714285715095,1,1D,1,-1.0,SL,-1.0595238095238122,NAS100,0.0595238095238121
967,2020-03-04 10:59:00,-1,3055.355,3063.4,2891.255,8.045000000000073,20.39776258545661,1,1D,1,-1.0,SL,-1.0745804847731504,SPX500,0.07458048477315035
973,2020-03-04 10:59:00,-1,8755.43,8780.16,8221.79,24.729999999999563,21.578649413667968,1,1D,1,-1.0,SL,-1.0606550748079266,NAS100,0.060655074807926666
978,2020-03-04 15:59:00,-1,8719.65,8799.36,8221.79,79.71000000000095,6.2458913561660125,1,1D,1,-1.0,SL,-1.0188182160331198,NAS100,0.018818216033119835
972,2020-03-04 15:59:00,-1,3047.037,3073.355,2891.255,26.31800000000021,5.919218785621949,1,1D,1,-1.0,SL,-1.022798084960863,SPX500,0.022798084960863104
1082,2020-03-05 00:59:00,-1,1.2868,1.28756,1.27999,7.600000000000939,8.960526315788343,1,4H,1,-1.0,SL,-1.1973684210526072,GBPUSD,0.19736842105260718
987,2020-03-05 02:59:00,1,8852.02,8818.9,9002.02,33.1200000000008,4.528985507246268,1,12H,1,-1.0,SL,-1.0452898550724627,NAS100,0.04528985507246267
996,2020-03-05 11:59:00,1,8732.2,8705.13,9002.02,27.070000000001528,9.967491688215164,1,12H,1,-1.0,SL,-1.0554118950868088,NAS100,0.05541189508680884
1003,2020-03-05 18:59:00,1,8722.67,8657.3,9002.02,65.3700000000008,4.2733669879148986,1,12H,1,-1.0,SL,-1.022946305644791,NAS100,0.02294630564479091
1100,2020-03-05 18:59:00,1,106.446,106.21,108.536,23.60000000000042,8.855932203389687,1,1D,1,-1.0,SL,-1.0550847457627108,USDJPY,0.055084745762710885
1103,2020-03-05 21:59:00,1,106.149,105.958,108.536,19.10000000000025,12.49738219895272,1,1D,1,-1.0,SL,-1.06806282722513,USDJPY,0.06806282722513
1030,2020-03-08 23:59:00,1,8139.98,8101.68,8726.11,38.29999999999927,15.303655352480735,1,12H,1,-1.0,SL,-1.0391644908616195,NAS100,0.03916449086161954
1024,2020-03-08 23:59:00,1,2836.452,2819.837,3038.946,16.615000000000236,12.187421005115667,1,12H,1,-1.0,SL,-1.0361119470358104,SPX500,0.0361119470358105
1037,2020-03-09 17:59:00,1,8031.96,7953.14,8726.11,78.81999999999971,8.806774930220795,1,12H,1,-1.0,SL,-1.0190307028672927,NAS100,0.019030702867292637
1039,2020-03-09 21:59:00,1,8018.98,7818.38,8726.11,200.59999999999945,3.5250747756729957,1,12H,1,-1.0,SL,-1.0074775672981058,NAS100,0.007477567298105703
1044,2020-03-10 09:59:00,-1,2877.352,2883.952,2771.146,6.600000000000364,16.091818181817246,1,4H,1,16.091818181817246,TP,16.00090909090816,SPX500,0.09090909090908589
1222,2020-03-12 18:59:00,1,1.25975,1.25749,1.27474,22.599999999999287,6.632743362832094,1,4H,3,-1.0,SL,-1.0663716814159312,GBPUSD,0.06637168141593129
1222,2020-03-12 18:59:00,-1,105.328,105.507,103.512,17.900000000000205,10.145251396647943,1,4H,2,-1.0,SL,-1.0726256983240214,USDJPY,0.07262569832402152
1237,2020-03-13 09:59:00,-1,106.258,106.57600000000001,103.512,31.800000000001205,8.635220125785821,1,4H,2,-1.0,SL,-1.0408805031446526,USDJPY,0.04088050314465254
1240,2020-03-13 12:59:00,1,1.11237,1.11021,1.13013,21.600000000001618,8.222222222221605,1,4H,1,-1.0,SL,-1.0555555555555514,EURUSD,0.05555555555555139
1127,2020-03-16 17:59:00,1,7336.73,7221.24,7969.06,115.48999999999978,5.475192657372951,2,4H,4,-1.0,SL,-1.0129881375010823,NAS100,0.012988137501082369
1272,2020-03-16 20:59:00,1,1.2267,1.22271,1.25278,39.89999999999938,6.536340852130453,1,12H,2,-1.0,SL,-1.0375939849624065,GBPUSD,0.037593984962406596
1276,2020-03-17 00:59:00,1,1.22416,1.22301,1.25278,11.499999999999844,24.886956521739545,1,12H,2,-1.0,SL,-1.1304347826086973,GBPUSD,0.13043478260869742
1276,2020-03-17 00:59:00,-1,1.11692,1.11741,1.11363,4.900000000001015,6.714285714284355,2,4H,1,-1.0,SL,-1.2448979591836227,EURUSD,0.24489795918362275
1278,2020-03-17 02:59:00,1,106.497,106.152,107.567,34.499999999999886,3.101449275362309,1,12H,1,3.101449275362309,TP,3.063768115942019,USDJPY,0.03768115942028998
1128,2020-03-17 04:59:00,1,2506.052,2478.8,2744.934,27.251999999999953,8.76566857478352,1,1D,3,-1.0,SL,-1.0220167327168648,SPX500,0.022016732716864856
1134,2020-03-17 11:59:00,1,2452.049,2409.449,2744.934,42.59999999999991,6.875234741784057,1,1D,3,-1.0,SL,-1.0140845070422535,SPX500,0.014084507042253551
1135,2020-03-17 11:59:00,1,7185.4,7076.34,8020.49,109.05999999999949,7.657161195672145,1,1D,4,-1.0,SL,-1.0137538969374658,NAS100,0.01375389693746568
1136,2020-03-17 13:59:00,1,2445.343,2364.9,2744.934,80.44299999999976,3.724264385962747,1,1D,3,-1.0,SL,-1.0074586974627997,SPX500,0.007458697462799768
1140,2020-03-17 16:59:00,1,7400.62,7235.31,8020.49,165.3099999999995,3.749742907265149,1,1D,4,-1.0,SL,-1.0090738612304155,NAS100,0.009073861230415611
1139,2020-03-17 16:59:00,1,2492.352,2443.846,2744.934,48.50599999999986,5.207232094998579,1,1D,3,-1.0,SL,-1.0123696037603596,SPX500,0.012369603760359579
1300,2020-03-18 00:59:00,1,1.10007,1.09837,1.11891,17.000000000000348,11.082352941176225,1,12H,1,-1.0,SL,-1.0705882352941163,EURUSD,0.0705882352941162
1146,2020-03-18 00:59:00,1,7159.14,7109.61,8020.49,49.530000000000655,17.390470421966246,1,1D,4,-1.0,SL,-1.030284675953967,NAS100,0.030284675953966892
1307,2020-03-18 07:59:00,1,1.09722,1.09546,1.11891,17.599999999999838,12.323863636363743,1,12H,1,-1.0,SL,-1.0681818181818188,EURUSD,0.0681818181818188
1308,2020-03-18 08:59:00,1,1.20185,1.19841,1.22695,34.40000000000109,7.296511627906715,1,12H,1,-1.0,SL,-1.0436046511627892,GBPUSD,0.04360465116278931
1151,2020-03-18 14:59:00,1,2406.152,2364.649,2744.934,41.503000000000156,8.16283160253473,1,1D,3,-1.0,SL,-1.014456786256415,SPX500,0.014456786256415144
1152,2020-03-18 14:59:00,1,7199.25,7083.36,8020.49,115.89000000000033,7.086375010786068,1,1D,4,-1.0,SL,-1.012943308309604,NAS100,0.012943308309603899
1324,2020-03-19 00:59:00,1,1.09086,1.0884800000000001,1.09848,23.799999999998267,3.201680672269124,1,4H,1,-1.0,SL,-1.0504201680672305,EURUSD,0.05042016806723056
1324,2020-03-19 00:59:00,-1,108.789,109.07300000000001,107.276,28.400000000000603,5.3274647887323,1,4H,1,-1.0,SL,-1.0457746478873229,USDJPY,0.045774647887322974
1163,2020-03-19 03:59:00,1,6945.76,6892.91,8020.49,52.850000000000364,20.335477767265697,1,1D,4,-1.0,SL,-1.0283822138126772,NAS100,0.028382213812677193
1162,2020-03-19 03:59:00,1,2305.234,2286.54,2744.934,18.69399999999996,23.520915801861626,1,1D,3,-1.0,SL,-1.0320958596341072,SPX500,0.03209585963410727
1358,2020-03-20 10:59:00,-1,110.104,110.28,109.329,17.600000000000193,4.403409090909075,1,4H,1,-1.0,SL,-1.0738636363636356,USDJPY,0.07386363636363555
1359,2020-03-20 11:59:00,-1,1.17786,1.18133,1.16008,34.70000000000084,5.123919308357197,1,4H,2,-1.0,SL,-1.0432276657060509,GBPUSD,0.04322766570605083
1196,2020-03-20 16:59:00,-1,7272.18,7334.98,6829.7,62.79999999999927,7.045859872611554,1,1D,2,7.045859872611554,TP,7.021974522293082,NAS100,0.023885350318471613
1364,2020-03-20 16:59:00,1,1.06665,1.06524,1.08394,14.100000000001334,12.262411347516434,1,12H,2,-1.0,SL,-1.0851063829787153,EURUSD,0.08510638297871535
1374,2020-03-23 02:59:00,-1,1.1646,1.16588,1.14755,12.799999999999478,13.32031250000055,1,12H,1,-1.0,SL,-1.1171875000000049,GBPUSD,0.11718750000000477
1374,2020-03-23 02:59:00,-1,110.283,110.399,109.911,11.599999999999966,3.2068965517241463,3,4H,5,3.2068965517241463,TP,3.094827586206905,USDJPY,0.11206896551724171
1381,2020-03-23 09:59:00,1,1.06915,1.06661,1.08309,25.399999999999867,5.488188976378006,2,12H,1,5.488188976378006,TP,5.440944881889817,EURUSD,0.04724409448818922
1382,2020-03-23 10:59:00,1,1.06852,1.06654,1.08309,19.799999999998708,7.358585858586437,2,12H,1,7.358585858586437,TP,7.297979797980372,EURUSD,0.06060606060606456
1384,2020-03-23 12:59:00,-1,110.6,110.86200000000001,109.329,26.200000000001467,4.851145038167671,2,12H,5,-1.0,SL,-1.0496183206106842,USDJPY,0.04961832061068425
1387,2020-03-23 15:59:00,-1,111.224,111.60600000000001,109.329,38.2000000000005,4.960732984293156,2,12H,5,-1.0,SL,-1.034031413612565,USDJPY,0.034031413612565
1398,2020-03-24 02:59:00,1,1.16272,1.16096,1.17133,17.599999999999838,4.892045454545503,2,12H,1,-1.0,SL,-1.0852272727272736,GBPUSD,0.08522727272727351
1401,2020-03-24 05:59:00,-1,110.353,110.5,109.817,14.700000000000557,3.646258503401232,3,4H,5,-1.0,SL,-1.0884353741496566,USDJPY,0.08843537414965652
1407,2020-03-24 11:59:00,-1,110.785,111.013,109.817,22.800000000000864,4.2456140350875735,3,4H,5,-1.0,SL,-1.057017543859647,USDJPY,0.05701754385964696
1413,2020-03-24 17:59:00,1,1.07586,1.07493,1.0949,9.300000000000974,20.47311827956769,1,1D,1,-1.0,SL,-1.1290322580645027,EURUSD,0.1290322580645026
1413,2020-03-24 17:59:00,-1,111.471,111.53,109.329,5.89999999999975,36.305084745764425,2,1D,5,-1.0,SL,-1.2203389830508569,USDJPY,0.2203389830508568
1413,2020-03-24 17:59:00,1,1.175,1.17105,1.19334,39.5000000000012,4.643037974683409,1,1D,1,4.643037974683409,TP,4.605063291139107,GBPUSD,0.03797468354430264
1416,2020-03-24 20:59:00,-1,111.297,111.55000000000001,109.329,25.300000000001432,7.778656126481787,2,1D,5,-1.0,SL,-1.0513833992094832,USDJPY,0.05138339920948326
1416,2020-03-24 20:59:00,1,1.07829,1.07633,1.0949,19.599999999999618,8.47448979591854,1,1D,1,-1.0,SL,-1.0612244897959195,EURUSD,0.06122448979591956
1244,2020-03-25 00:59:00,-1,2424.955,2446.243,2358.849,21.28800000000001,3.1053175497932983,1,4H,1,-1.0,SL,-1.0281848928974069,SPX500,0.028184892897406975
1244,2020-03-25 01:59:00,1,7472.19,7427.98,7645.22,44.210000000000036,3.9138204026238523,1,1D,1,-1.0,SL,-1.0339289753449445,NAS100,0.03392897534494455
1421,2020-03-25 01:59:00,-1,110.866,111.045,109.329,17.900000000000205,8.586592178770886,2,1D,5,-1.0,SL,-1.0726256983240214,USDJPY,0.07262569832402152
1423,2020-03-25 03:59:00,1,1.18037,1.17855,1.19334,18.199999999999328,7.1263736263739705,1,1D,1,7.1263736263739705,TP,7.043956043956385,GBPUSD,0.08241758241758546
1423,2020-03-25 03:59:00,1,1.08113,1.0802100000000001,1.08879,9.199999999998099,8.32608695652346,2,12H,1,-1.0,SL,-1.1304347826087227,EURUSD,0.1304347826087226
1424,2020-03-25 04:59:00,-1,111.234,111.501,109.329,26.700000000001012,7.134831460673891,2,1D,5,-1.0,SL,-1.0486891385767771,USDJPY,0.04868913857677718
1248,2020-03-25 05:59:00,-1,7560.29,7585.8,7302.26,25.51000000000022,10.114856918855255,1,4H,1,-1.0,SL,-1.0588004704037628,NAS100,0.058800470403762725
1430,2020-03-25 10:59:00,1,1.08108,1.07985,1.08879,12.300000000000644,6.268292682926407,2,12H,1,-1.0,SL,-1.097560975609751,EURUSD,0.097560975609751
1433,2020-03-25 13:59:00,-1,111.585,111.68900000000001,109.329,10.400000000001342,21.692307692304897,2,1D,5,21.692307692304897,TP,21.567307692304915,USDJPY,0.12499999999998387
1433,2020-03-25 13:59:00,1,1.08053,1.07958,1.08879,9.500000000000064,8.694736842105135,2,12H,1,-1.0,SL,-1.1263157894736833,EURUSD,0.12631578947368335
1257,2020-03-25 14:59:00,-1,7512.73,7551.6,7240.79,38.8700000000008,6.996140982762902,1,12H,2,-1.0,SL,-1.0385901723694357,NAS100,0.038590172369435786
1265,2020-03-25 23:59:00,-1,2485.346,2510.849,2312.434,25.503000000000156,6.780065090381474,1,12H,3,-1.0,SL,-1.023526643924244,SPX500,0.023526643924244063
1445,2020-03-26 01:59:00,1,1.18557,1.18188,1.1973,36.89999999999971,3.1788617886179162,1,12H,1,-1.0,SL,-1.0406504065040654,GBPUSD,0.040650406504065366
1445,2020-03-26 01:59:00,-1,110.721,110.863,109.329,14.19999999999959,9.802816901408805,2,1D,5,9.802816901408805,TP,9.711267605634156,USDJPY,0.09154929577465053
1272,2020-03-26 07:59:00,-1,7375.92,7411.47,7042.9,35.55000000000018,9.367651195499262,1,1D,1,-1.0,SL,-1.042194092827004,NAS100,0.042194092827004
1285,2020-03-26 21:59:00,-1,2615.734,2638.343,2312.434,22.608999999999924,13.415011720996096,1,12H,3,-1.0,SL,-1.02653810429475,SPX500,0.026538104294749967
1479,2020-03-27 11:59:00,-1,108.786,108.86,108.236,7.399999999999807,7.432432432432588,1,4H,1,-1.0,SL,-1.1756756756756803,USDJPY,0.17567567567568027
1358,2020-04-01 07:59:00,-1,7618.3,7651.5,7411.66,33.19999999999982,6.224096385542213,1,1D,1,-1.0,SL,-1.0451807228915666,NAS100,0.045180722891566515
1554,2020-04-01 16:59:00,1,107.083,106.98899999999999,108.727,9.40000000000083,17.489361702126175,1,12H,1,-1.0,SL,-1.1382978723404134,USDJPY,0.13829787234041332
1373,2020-04-02 00:59:00,-1,7516.02,7537.17,7411.66,21.149999999999636,4.934278959810987,1,1D,1,-1.0,SL,-1.070921985815604,NAS100,0.07092198581560406
1565,2020-04-02 03:59:00,1,1.09389,1.0929200000000001,1.10372,9.699999999999154,10.13402061855759,1,12H,2,-1.0,SL,-1.1237113402061965,EURUSD,0.12371134020619635
1376,2020-04-02 03:59:00,-1,7540.39,7564.49,7411.66,24.099999999999454,5.341493775933751,1,1D,1,-1.0,SL,-1.0622406639004163,NAS100,0.06224066390041635
1381,2020-04-02 08:59:00,-1,7580.8,7612.2,7411.66,31.399999999999636,5.386624203821729,1,1D,1,5.386624203821729,TP,5.338853503184786,NAS100,0.04777070063694323
1571,2020-04-02 09:59:00,1,107.299,107.24199999999999,107.529,5.700000000001637,4.035087719296907,1,4H,2,-1.0,SL,-1.228070175438531,USDJPY,0.228070175438531
1572,2020-04-02 10:59:00,1,1.09199,1.09133,1.10372,6.6000000000010495,17.772727272724474,1,12H,2,-1.0,SL,-1.1818181818181528,EURUSD,0.1818181818181529
1389,2020-04-02 16:59:00,-1,7605.26,7635.79,7411.66,30.529999999999745,6.341303635768162,1,1D,1,-1.0,SL,-1.049132001310187,NAS100,0.049132001310187114
1397,2020-04-03 01:59:00,1,2513.0,2499.455,2573.552,13.545000000000073,4.470431893687693,1,1D,1,-1.0,SL,-1.0442967884828347,SPX500,0.044296788482834755
1405,2020-04-03 09:59:00,1,2500.44,2485.452,2573.552,14.987999999999829,4.878035761942948,1,1D,1,-1.0,SL,-1.040032025620497,SPX500,0.040032025620496854
1404,2020-04-03 09:59:00,1,7562.6,7523.36,7789.38,39.24000000000069,5.779306829765437,1,1D,1,-1.0,SL,-1.038226299694189,NAS100,0.03822629969418893
1407,2020-04-03 12:59:00,1,7610.84,7554.78,7789.38,56.0600000000004,3.184801997859413,1,1D,1,-1.0,SL,-1.026757046022119,NAS100,0.026757046022118966
1413,2020-04-03 18:59:00,1,7509.83,7439.05,7789.38,70.77999999999975,3.949562023170404,1,1D,1,3.949562023170404,TP,3.9283695959310707,NAS100,0.02119242723933322
1423,2020-04-06 06:59:00,-1,7836.39,7882.04,7392.54,45.649999999999636,9.722891566265146,1,1D,1,-1.0,SL,-1.032858707557503,NAS100,0.032858707557503
1427,2020-04-06 09:59:00,-1,2589.855,2594.949,2436.5,5.094000000000051,30.10502552021957,1,1D,1,-1.0,SL,-1.1177856301531202,SPX500,0.11778563015312014
1431,2020-04-06 14:59:00,-1,7865.0,7892.53,7392.54,27.529999999999745,17.161641845259876,1,1D,1,-1.0,SL,-1.0544860152560849,NAS100,0.05448601525608478
1432,2020-04-06 14:59:00,-1,2599.643,2615.2,2436.5,15.556999999999789,10.486790512309716,1,1D,1,-1.0,SL,-1.0385678472713253,SPX500,0.038567847271325326
1627,2020-04-06 17:59:00,1,109.028,108.976,109.381,5.200000000000671,6.788461538460556,1,4H,2,-1.0,SL,-1.2499999999999678,USDJPY,0.24999999999996775
1652,2020-04-07 18:59:00,-1,1.09025,1.09108,1.08603,8.300000000001084,5.084337349396794,1,4H,1,5.084337349396794,TP,4.9397590361438,EURUSD,0.14457831325299317
1678,2020-04-08 20:59:00,1,1.08564,1.08491,1.08883,7.299999999998974,4.36986301369928,1,4H,1,-1.0,SL,-1.1643835616438587,EURUSD,0.16438356164385873
1679,2020-04-08 21:59:00,1,108.829,108.786,109.274,4.299999999999216,10.348837209304385,1,1D,1,-1.0,SL,-1.302325581395404,USDJPY,0.302325581395404
1683,2020-04-09 01:59:00,-1,108.993,109.07100000000001,108.503,7.800000000001717,6.282051282049834,1,12H,2,6.282051282049834,TP,6.1153846153832045,USDJPY,0.16666666666663
1685,2020-04-09 03:59:00,1,108.965,108.895,109.274,7.000000000000739,4.414285714285213,1,1D,1,-1.0,SL,-1.1857142857142662,USDJPY,0.18571428571426613
1692,2020-04-09 10:59:00,1,108.827,108.713,109.274,11.400000000000432,3.9210526315788226,1,1D,1,-1.0,SL,-1.114035087719294,USDJPY,0.11403508771929392
1698,2020-04-09 16:59:00,1,108.381,108.315,109.274,6.60000000000025,13.530303030302528,1,1D,1,-1.0,SL,-1.1969696969696895,USDJPY,0.19696969696968952
1500,2020-04-09 17:59:00,-1,8262.55,8297.22,8019.32,34.67000000000007,7.015575425439835,1,12H,3,-1.0,SL,-1.043265070666282,NAS100,0.043265070666282
1728,2020-04-12 23:59:00,-1,1.24593,1.24728,1.23602,13.499999999999623,7.340740740741008,1,1D,1,-1.0,SL,-1.1111111111111143,GBPUSD,0.11111111111111421
1734,2020-04-13 05:59:00,-1,1.24699,1.24813,1.23602,11.399999999999189,9.622807017544673,1,1D,1,-1.0,SL,-1.1315789473684303,GBPUSD,0.13157894736843043
1736,2020-04-13 07:59:00,-1,1.25057,1.25374,1.23602,31.70000000000117,4.589905362775875,1,1D,1,-1.0,SL,-1.0473186119873799,GBPUSD,0.04731861198737995
1738,2020-04-13 09:59:00,-1,1.25067,1.25165,1.23602,9.799999999999809,14.948979591837078,1,1D,1,-1.0,SL,-1.1530612244897989,GBPUSD,0.1530612244897989
1515,2020-04-13 09:59:00,-1,2751.952,2759.2,2709.243,7.2479999999995925,5.892522075055559,1,4H,2,-1.0,SL,-1.0827814569536471,SPX500,0.08278145695364704
1538,2020-04-14 10:59:00,1,2794.846,2788.34,2816.552,6.505999999999858,3.336304949277683,1,4H,1,3.336304949277683,TP,3.2440823854904077,SPX500,0.0922225637872753
1776,2020-04-14 23:59:00,-1,1.26241,1.26314,1.25714,7.299999999998974,7.219178082192943,1,4H,1,7.219178082192943,TP,7.01369863013812,GBPUSD,0.2054794520548234
1798,2020-04-15 21:59:00,1,1.25254,1.25091,1.26304,16.300000000000203,6.441717791410935,2,12H,1,-1.0,SL,-1.0920245398772994,GBPUSD,0.09202453987729947
1801,2020-04-15 23:59:00,1,1.09037,1.08989,1.09907,4.8000000000003595,18.124999999998497,1,1D,1,-1.0,SL,-1.2499999999999813,EURUSD,0.24999999999998126
1574,2020-04-16 02:59:00,1,2763.14,2760.2,2853.455,2.9400000000000546,30.71938775510149,1,1D,2,-1.0,SL,-1.2040816326530575,SPX500,0.20408163265305743
1804,2020-04-16 02:59:00,-1,107.839,107.923,106.926,8.400000000000318,10.869047619047167,1,12H,1,-1.0,SL,-1.1547619047618989,USDJPY,0.1547619047618989
1574,2020-04-16 03:59:00,1,8549.6,8524.46,8715.01,25.140000000001237,6.579554494828629,1,12H,2,6.579554494828629,TP,6.519888623706914,NAS100,0.05966587112171544
1806,2020-04-16 04:59:00,1,1.08792,1.08635,1.09907,15.700000000000713,7.101910828025151,1,1D,1,-1.0,SL,-1.0764331210191047,EURUSD,0.07643312101910481
1806,2020-04-16 04:59:00,-1,107.925,108.092,106.926,16.70000000000016,5.982035928143627,1,12H,1,1.5688622754490895,tiempo,1.4910179640718448,USDJPY,0.07784431137724478
1805,2020-04-16 04:59:00,1,1.24775,1.24593,1.26304,18.199999999999328,8.401098901099225,2,12H,1,-1.0,SL,-1.0824175824175855,GBPUSD,0.08241758241758546
1812,2020-04-16 10:59:00,1,1.08795,1.08521,1.09907,27.399999999999647,4.058394160584001,1,1D,1,-1.0,SL,-1.0437956204379568,EURUSD,0.04379562043795677
1821,2020-04-16 20:59:00,1,1.2455,1.24431,1.2647,11.900000000000244,16.13445378151218,1,1D,1,-1.0,SL,-1.1260504201680646,GBPUSD,0.12605042016806464
1829,2020-04-17 04:59:00,1,1.24962,1.2487,1.25269,9.200000000000319,3.336956521739154,1,12H,1,-1.0,SL,-1.1630434782608638,GBPUSD,0.1630434782608639
1833,2020-04-17 08:59:00,1,1.24397,1.2424,1.25269,15.700000000000713,5.5541401273883215,1,12H,1,-1.0,SL,-1.095541401273881,GBPUSD,0.09554140127388101
1841,2020-04-17 15:59:00,-1,107.521,107.596,107.163,7.500000000000284,4.773333333333207,1,12H,1,-1.0,SL,-1.1733333333333267,USDJPY,0.17333333333332676
1843,2020-04-17 17:59:00,-1,1.0876,1.0885799999999999,1.08119,9.799999999999809,6.540816326530541,1,4H,2,-1.0,SL,-1.122448979591839,EURUSD,0.12244897959183912
1844,2020-04-17 18:59:00,-1,107.591,107.643,107.163,5.200000000000671,8.230769230768116,1,12H,1,-1.0,SL,-1.2499999999999678,USDJPY,0.24999999999996775
1845,2020-04-17 19:59:00,-1,107.58,107.674,107.163,9.40000000000083,4.436170212765583,1,12H,1,-1.0,SL,-1.1382978723404134,USDJPY,0.13829787234041332
1852,2020-04-20 02:59:00,-1,1.08621,1.08726,1.08119,10.499999999999954,4.780952380952214,1,4H,2,-1.0,SL,-1.1142857142857148,EURUSD,0.11428571428571478
1620,2020-04-20 04:59:00,-1,2876.0,2883.3,2832.555,7.300000000000182,5.951369863013573,1,4H,2,5.951369863013573,TP,5.869178082191658,SPX500,0.08219178082191576
1619,2020-04-20 04:59:00,-1,8817.99,8840.09,8702.22,22.100000000000364,5.238461538461472,1,4H,3,-1.0,SL,-1.0678733031674197,NAS100,0.0678733031674197
1856,2020-04-20 06:59:00,1,1.08556,1.08401,1.09111,15.500000000001624,3.5806451612899113,1,1D,1,-1.0,SL,-1.0774193548387017,EURUSD,0.07741935483870156
1859,2020-04-20 10:59:00,1,1.24639,1.24502,1.25269,13.700000000000934,4.598540145985067,1,1D,1,-1.0,SL,-1.109489051094883,GBPUSD,0.10948905109488305
1862,2020-04-20 12:59:00,-1,107.745,107.87100000000001,107.3,12.600000000000477,3.5317460317459566,2,12H,1,3.5317460317459566,TP,3.4285714285713573,USDJPY,0.10317460317459927
1867,2020-04-20 17:59:00,-1,107.68,107.72200000000001,107.3,4.200000000000159,9.047619047618936,2,12H,1,-1.0,SL,-1.3095238095237978,USDJPY,0.3095238095237978
1870,2020-04-20 20:59:00,1,1.08607,1.08541,1.09111,6.6000000000010495,7.636363636362321,1,1D,1,-1.0,SL,-1.1818181818181528,EURUSD,0.1818181818181529
1873,2020-04-20 23:59:00,-1,107.675,107.771,107.3,9.600000000000364,3.906249999999852,2,12H,1,-1.0,SL,-1.1354166666666616,USDJPY,0.13541666666666155
1878,2020-04-21 04:59:00,-1,1.08328,1.0839699999999999,1.08119,6.899999999998574,3.0289855072468943,1,1D,1,-1.0,SL,-1.1739130434782967,EURUSD,0.1739130434782968
1880,2020-04-21 06:59:00,-1,1.08391,1.08467,1.08119,7.600000000000939,3.5789473684203914,1,1D,1,-1.0,SL,-1.1578947368420858,EURUSD,0.15789473684208574
1883,2020-04-21 10:59:00,1,1.23373,1.23137,1.25269,23.599999999999177,8.033898305085064,1,1D,1,-1.0,SL,-1.0635593220339006,GBPUSD,0.06355932203390052
1889,2020-04-21 16:59:00,1,1.22695,1.22459,1.25269,23.599999999999177,10.90677966101737,1,1D,1,3.364406779661159,tiempo,3.3008474576272584,GBPUSD,0.06355932203390052
1908,2020-04-22 10:59:00,-1,107.64,107.751,107.163,11.10000000000042,4.2972972972971695,1,1D,1,-1.0,SL,-1.1171171171171126,USDJPY,0.11711711711711269
1912,2020-04-22 14:59:00,-1,107.805,107.94800000000001,107.163,14.300000000000068,4.489510489510539,1,1D,1,-1.0,SL,-1.0909090909090904,USDJPY,0.09090909090909048
1918,2020-04-22 21:59:00,-1,1.23275,1.23364,1.22879,8.900000000000574,4.449438202246863,2,4H,6,-1.0,SL,-1.1685393258426857,GBPUSD,0.16853932584268574
1924,2020-04-23 02:59:00,1,1.08113,1.08073,1.08256,3.9999999999995595,3.5750000000005,1,4H,1,3.5750000000005,TP,3.2750000000004666,EURUSD,0.300000000000033
1929,2020-04-23 08:59:00,-1,1.2351,1.23585,1.22879,7.499999999998064,8.413333333335556,2,4H,6,-1.0,SL,-1.2000000000000517,GBPUSD,0.20000000000005164
1931,2020-04-23 10:59:00,-1,1.23507,1.2363,1.22879,12.300000000000644,5.105691056910173,2,4H,6,-1.0,SL,-1.1219512195121888,GBPUSD,0.12195121951218874
1942,2020-04-23 21:59:00,-1,1.23453,1.23563,1.23076,11.000000000001009,3.4272727272722574,2,12H,6,-1.0,SL,-1.1363636363636238,GBPUSD,0.13636363636362386
1953,2020-04-24 07:59:00,1,1.07406,1.07261,1.07886,14.499999999999513,3.3103448275862597,1,4H,3,3.3103448275862597,TP,3.2275862068966017,EURUSD,0.08275862068965795
1715,2020-04-24 11:59:00,-1,2804.64,2816.152,2726.6,11.512000000000171,6.779013203613517,1,1D,1,-1.0,SL,-1.0521195274496171,SPX500,0.052119527449617016
1714,2020-04-24 11:59:00,-1,8644.4,8676.95,8410.87,32.55000000000109,7.174500768048879,1,1D,1,-1.0,SL,-1.0460829493087542,NAS100,0.046082949308754215
1717,2020-04-24 14:59:00,-1,8650.49,8682.69,8522.77,32.20000000000073,3.9664596273290824,2,4H,1,-1.0,SL,-1.046583850931676,NAS100,0.04658385093167597
1719,2020-04-24 15:59:00,1,2799.44,2789.743,2844.9,9.697000000000116,4.688047849850417,1,12H,1,4.688047849850417,TP,4.626173043209188,SPX500,0.0618748066412285
1979,2020-04-27 09:59:00,-1,1.08465,1.08528,1.08197,6.300000000001305,4.253968253967045,1,4H,2,-1.0,SL,-1.190476190476151,EURUSD,0.19047619047615102
1978,2020-04-27 09:59:00,-1,1.2433,1.24402,1.23802,7.199999999998319,7.333333333335286,1,4H,2,-1.0,SL,-1.2083333333333819,GBPUSD,0.20833333333338197
1991,2020-04-27 21:59:00,1,107.249,107.169,107.622,7.9999999999998295,4.662500000000158,1,12H,1,-1.0,SL,-1.1625000000000034,USDJPY,0.16250000000000347
2000,2020-04-28 06:59:00,1,107.23,107.16,107.622,7.000000000000739,5.59999999999935,1,12H,1,-1.0,SL,-1.1857142857142662,USDJPY,0.18571428571426613
2012,2020-04-28 18:59:00,-1,1.08355,1.08409,1.08097,5.399999999999849,4.777777777777961,1,4H,2,-1.0,SL,-1.2222222222222283,EURUSD,0.2222222222222284
2026,2020-04-29 08:59:00,-1,1.08662,1.08751,1.08097,8.900000000000574,6.348314606741088,1,4H,2,-1.0,SL,-1.1348314606741485,EURUSD,0.1348314606741486
2026,2020-04-29 08:59:00,1,106.511,106.347,107.338,16.400000000000148,5.042682926829212,1,12H,1,5.042682926829212,TP,4.963414634146286,USDJPY,0.07926829268292612
1783,2020-04-29 13:59:00,-1,2925.949,2935.6,2821.343,9.65099999999984,10.838876800331775,1,1D,1,-1.0,SL,-1.062169723344732,SPX500,0.06216972334473214
1787,2020-04-29 17:59:00,-1,2942.952,2953.355,2821.343,10.402999999999793,11.689801018937114,1,1D,1,-1.0,SL,-1.0576756704796704,SPX500,0.057675670479670475
2045,2020-04-30 03:59:00,1,1.0863,1.08586,1.08856,4.3999999999999595,5.136363636363522,1,4H,2,-1.0,SL,-1.2727272727272751,EURUSD,0.2727272727272752
2090,2020-05-04 00:59:00,1,106.732,106.65899999999999,107.406,7.30000000000075,9.232876712327908,1,12H,1,-1.0,SL,-1.1780821917808035,USDJPY,0.17808219178080362
2130,2020-05-05 17:59:00,1,1.24411,1.24291,1.2484,12.000000000000899,3.574999999999653,1,12H,1,-1.0,SL,-1.1249999999999907,GBPUSD,0.12499999999999063
2132,2020-05-05 19:59:00,1,1.24421,1.2435100000000001,1.2484,6.999999999999229,5.985714285714825,1,12H,1,-1.0,SL,-1.214285714285738,GBPUSD,0.2142857142857379
2141,2020-05-06 04:59:00,1,1.24347,1.24235,1.24755,11.200000000000099,3.642857142856987,2,4H,3,-1.0,SL,-1.1339285714285703,GBPUSD,0.13392857142857026
2161,2020-05-06 23:59:00,1,1.0798,1.0791,1.08389,7.0000000000014495,5.842857142855829,2,4H,3,-1.0,SL,-1.171428571428536,EURUSD,0.17142857142853593
1902,2020-05-07 01:59:00,-1,8999.15,9017.3,8887.88,18.149999999999636,6.130578512396841,1,12H,1,-1.0,SL,-1.0826446280991753,NAS100,0.08264462809917521
1905,2020-05-07 04:59:00,-1,9032.37,9041.8,8887.88,9.429999999998472,15.322375397669672,1,12H,1,-1.0,SL,-1.1590668080594106,NAS100,0.1590668080594107
2170,2020-05-07 08:59:00,1,1.07929,1.0787,1.08389,5.9000000000009045,7.796610169490224,2,4H,3,-1.0,SL,-1.2033898305084434,EURUSD,0.2033898305084434
2183,2020-05-07 21:59:00,-1,106.287,106.34100000000001,105.991,5.400000000000205,5.481481481481394,2,12H,1,-1.0,SL,-1.2407407407407316,USDJPY,0.24074074074073162
2191,2020-05-08 05:59:00,-1,106.418,106.47200000000001,105.991,5.400000000000205,7.907407407407232,2,12H,1,-1.0,SL,-1.2407407407407316,USDJPY,0.24074074074073162
2195,2020-05-08 09:59:00,-1,106.359,106.41900000000001,105.991,6.0000000000016485,6.1333333333315645,2,12H,1,-1.0,SL,-1.216666666666607,USDJPY,0.21666666666660714
2199,2020-05-08 13:59:00,-1,106.622,106.733,105.991,11.10000000000042,5.684684684684472,2,12H,1,-1.0,SL,-1.1171171171171126,USDJPY,0.11711711711711269
1976,2020-05-12 08:59:00,-1,2919.8,2925.834,2886.646,6.033999999999651,5.49453099105103,1,1D,1,-1.0,SL,-1.0994365263506851,SPX500,0.09943652635068523
2243,2020-05-12 09:59:00,1,1.08195,1.08114,1.08438,8.099999999999774,3.0,1,12H,1,3.0,TP,2.8518518518518476,EURUSD,0.14814814814815228
2244,2020-05-12 12:59:00,-1,1.23602,1.23788,1.22865,18.60000000000195,3.962365591397368,1,4H,2,3.962365591397368,TP,3.881720430107054,GBPUSD,0.08064516129031413
1983,2020-05-12 15:59:00,-1,2928.643,2935.5,2903.243,6.856999999999971,3.7042438384133294,2,4H,2,3.7042438384133294,TP,3.616742015458684,SPX500,0.08750182295464526
2275,2020-05-13 19:59:00,1,1.222,1.22129,1.23778,7.099999999999884,22.2253521126766,1,12H,1,-1.0,SL,-1.2112676056338063,GBPUSD,0.21126760563380625
2280,2020-05-13 22:59:00,1,1.0818,1.08144,1.0865,3.60000000000138,13.055555555550347,1,4H,1,-1.0,SL,-1.3333333333332056,EURUSD,0.33333333333320553
2304,2020-05-14 22:59:00,-1,107.241,107.296,106.856,5.500000000000682,6.999999999999225,1,4H,3,-1.0,SL,-1.236363636363607,USDJPY,0.23636363636360705
2309,2020-05-15 05:59:00,1,1.22093,1.22046,1.22415,4.699999999999704,6.851063829787666,1,12H,1,-1.0,SL,-1.3191489361702329,GBPUSD,0.3191489361702328
2313,2020-05-15 09:59:00,1,1.22063,1.2195,1.22415,11.300000000000754,3.1150442477873743,1,12H,1,-1.0,SL,-1.1327433628318495,GBPUSD,0.13274336283184954
2321,2020-05-15 15:59:00,-1,107.274,107.355,106.856,8.100000000000307,5.160493827160377,1,12H,1,-1.0,SL,-1.1604938271604877,USDJPY,0.16049382716048774
2323,2020-05-15 19:59:00,1,1.21171,1.21095,1.22415,7.600000000000939,16.368421052629564,1,12H,1,-1.0,SL,-1.1973684210526072,GBPUSD,0.19736842105260718
2059,2020-05-18 03:59:00,-1,2884.943,2891.746,2765.64,6.802999999999884,17.536821990298748,1,1D,1,-1.0,SL,-1.0881963839482596,SPX500,0.08819638394825963
2069,2020-05-18 13:59:00,-1,2935.046,2945.4,2765.64,10.35400000000027,16.361406219817997,1,1D,1,-1.0,SL,-1.0579486188912481,SPX500,0.05794861889124825
2344,2020-05-18 14:59:00,-1,1.08571,1.08706,1.07748,13.499999999999623,6.096296296296436,1,1D,1,-1.0,SL,-1.0888888888888915,EURUSD,0.08888888888889136
2349,2020-05-18 21:59:00,1,1.21976,1.2185300000000001,1.22385,12.299999999998423,3.325203252033068,1,1D,1,-1.0,SL,-1.1219512195122108,GBPUSD,0.12195121951221076
2351,2020-05-18 23:59:00,1,1.21994,1.21906,1.22385,8.799999999999919,4.44318181818195,1,1D,1,-1.0,SL,-1.170454545454547,GBPUSD,0.17045454545454702
2092,2020-05-19 15:59:00,-1,9395.72,9413.8,9203.45,18.079999999999927,10.634402654867223,1,12H,2,-1.0,SL,-1.082964601769912,NAS100,0.08296460176991184
2094,2020-05-19 16:59:00,1,2954.1,2948.049,2980.755,6.050999999999931,4.405057015369444,1,4H,1,-1.0,SL,-1.0991571641051077,SPX500,0.09915716410510772
2103,2020-05-20 03:59:00,1,2940.5,2933.055,2963.9,7.445000000000164,3.1430490261920183,1,4H,1,-1.0,SL,-1.08059100067159,SPX500,0.08059100067158989
2381,2020-05-20 03:59:00,-1,1.09403,1.09477,1.09021,7.399999999999629,5.162162162162632,1,12H,2,-1.0,SL,-1.1621621621621703,EURUSD,0.16216216216217028
2102,2020-05-20 03:59:00,1,9347.09,9333.2,9423.31,13.889999999999418,5.48740100791955,1,4H,1,-1.0,SL,-1.1079913606911491,NAS100,0.10799136069114923
2110,2020-05-20 10:59:00,-1,2955.955,2959.952,2892.446,3.9970000000002983,15.889166875155185,2,12H,1,-1.0,SL,-1.1501125844383175,SPX500,0.15011258443831754
2113,2020-05-20 14:59:00,-1,9460.29,9479.08,9118.9,18.789999999999054,18.168706758915295,1,1D,1,-1.0,SL,-1.0798296966471568,NAS100,0.07982969664715676
2399,2020-05-20 21:59:00,-1,1.09779,1.09829,1.0938,4.999999999999449,7.980000000000755,1,4H,2,-1.0,SL,-1.2400000000000264,EURUSD,0.24000000000002641
2143,2020-05-22 00:59:00,-1,9392.67,9412.4,9276.81,19.729999999999563,5.8722757222505395,1,1D,1,5.8722757222505395,TP,5.796249366447193,NAS100,0.07602635580334684
2155,2020-05-22 12:59:00,-1,9352.83,9369.2,9276.81,16.3700000000008,4.643860720830587,1,1D,1,-1.0,SL,-1.0916310323762937,NAS100,0.09163103237629362
2473,2020-05-26 01:59:00,-1,1.22099,1.22241,1.21635,14.199999999999768,3.2676056338028543,1,12H,1,-1.0,SL,-1.105633802816903,GBPUSD,0.10563380281690313
2491,2020-05-26 17:59:00,1,107.595,107.526,107.848,6.9000000000002615,3.6666666666665293,1,1D,1,-1.0,SL,-1.1884057971014421,USDJPY,0.18840579710144215
2203,2020-05-26 18:59:00,1,3010.752,3006.749,3023.743,4.003000000000156,3.245316012990127,1,4H,1,-1.0,SL,-1.1498875843117604,SPX500,0.1498875843117603
2497,2020-05-26 23:59:00,-1,1.09784,1.0986,1.09516,7.600000000000939,3.526315789473269,1,4H,3,3.526315789473269,TP,3.368421052631183,EURUSD,0.15789473684208574
2232,2020-05-28 04:59:00,1,9396.67,9360.36,9508.92,36.30999999999949,3.0914348664280245,3,4H,3,-1.0,SL,-1.0413109336271005,NAS100,0.04131093362710055
2539,2020-05-28 17:59:00,-1,1.10813,1.10909,1.09552,9.599999999998499,13.135416666668732,1,12H,1,-1.0,SL,-1.1250000000000195,EURUSD,0.12500000000001954
2542,2020-05-28 22:59:00,-1,1.23183,1.23255,1.22774,7.200000000000539,5.680555555555029,1,4H,1,-1.0,SL,-1.2083333333333177,GBPUSD,0.20833333333331772
2556,2020-05-29 12:59:00,-1,1.2353,1.23711,1.22335,18.099999999998673,6.602209944751936,1,12H,1,-1.0,SL,-1.0828729281768017,GBPUSD,0.08287292817680166
2263,2020-05-29 13:59:00,1,9461.59,9423.62,9606.82,37.969999999999345,3.824861732947118,1,1D,3,-1.0,SL,-1.0395048722675804,NAS100,0.03950487226758035
2560,2020-05-29 14:59:00,-1,1.11254,1.1133899999999999,1.10894,8.499999999997954,4.2352941176481345,1,4H,1,4.2352941176481345,TP,4.094117647059865,EURUSD,0.14117647058826926
2278,2020-06-01 05:59:00,-1,3043.749,3048.955,3011.037,5.206000000000131,6.28351901651924,1,4H,3,-1.0,SL,-1.1152516327314608,SPX500,0.11525163273146079
2277,2020-06-01 05:59:00,-1,9559.58,9573.16,9453.03,13.579999999999927,7.846097201767293,1,4H,2,-1.0,SL,-1.1104565537555233,NAS100,0.11045655375552342
2576,2020-06-01 06:59:00,-1,1.11369,1.11514,1.10698,14.499999999999513,4.627586206896702,1,12H,2,-1.0,SL,-1.082758620689658,EURUSD,0.08275862068965795
2280,2020-06-01 07:59:00,-1,3052.5,3058.8,3011.037,6.300000000000182,6.581428571428412,1,4H,3,-1.0,SL,-1.0952380952380925,SPX500,0.09523809523809249
2581,2020-06-01 11:59:00,-1,1.11117,1.11214,1.10809,9.699999999999154,3.1752577319590105,1,12H,1,-1.0,SL,-1.1237113402061965,EURUSD,0.12371134020619635
2587,2020-06-01 17:59:00,-1,1.11294,1.11336,1.10809,4.199999999998649,11.547619047622812,1,12H,1,-1.0,SL,-1.2857142857143775,EURUSD,0.28571428571437757
2594,2020-06-02 00:59:00,-1,1.11317,1.11394,1.10809,7.699999999999374,6.597402597403099,1,12H,1,-1.0,SL,-1.1558441558441686,EURUSD,0.1558441558441685
2295,2020-06-02 00:59:00,-1,3047.346,3049.846,2995.443,2.5,20.761199999999917,2,1D,2,-1.0,SL,-1.24,SPX500,0.24
2301,2020-06-02 06:59:00,-1,3050.334,3054.849,2995.443,4.515000000000327,12.157475083055512,2,1D,2,-1.0,SL,-1.1328903654484954,SPX500,0.13289036544849533
2309,2020-06-02 14:59:00,-1,3063.649,3073.455,2995.443,9.80600000000004,6.955537426065613,1,1D,1,-1.0,SL,-1.0611870283499896,SPX500,0.06118702834998955
2685,2020-06-05 19:59:00,-1,1.12915,1.13005,1.11952,8.999999999999009,10.700000000001209,1,12H,3,-1.0,SL,-1.133333333333348,EURUSD,0.13333333333334801
2688,2020-06-07 22:59:00,-1,109.586,109.703,109.168,11.700000000000443,3.5726495726493703,1,4H,1,3.5726495726493703,TP,3.4615384615382636,USDJPY,0.1111111111111069
2698,2020-06-08 08:59:00,-1,1.13,1.13167,1.11952,16.700000000000603,6.275449101796075,2,12H,3,-1.0,SL,-1.0718562874251472,EURUSD,0.0718562874251471
2701,2020-06-08 11:59:00,-1,109.416,109.46900000000001,109.168,5.300000000001148,4.679245283017674,1,4H,1,4.679245283017674,TP,4.433962264149803,USDJPY,0.2452830188678714
2725,2020-06-09 11:59:00,-1,1.12818,1.12855,1.11952,3.6999999999998145,23.40540540540628,1,12H,3,-1.0,SL,-1.3243243243243406,EURUSD,0.32432432432434055
2419,2020-06-09 15:59:00,-1,9950.15,9976.82,9748.86,26.670000000000073,7.547431571053562,1,12H,1,-1.0,SL,-1.0562429696287963,NAS100,0.05624296962879625
2732,2020-06-09 18:59:00,-1,1.13448,1.13491,1.12612,4.300000000001525,19.441860465109205,2,4H,3,-1.0,SL,-1.2790697674417615,EURUSD,0.2790697674417615
2734,2020-06-09 20:59:00,1,1.13395,1.13301,1.13836,9.399999999999409,4.691489361702449,1,1D,2,4.691489361702449,TP,4.563829787234356,EURUSD,0.12765957446809312
2735,2020-06-09 21:59:00,-1,1.13374,1.13421,1.12612,4.699999999999704,16.212765957447743,2,4H,3,-1.0,SL,-1.2553191489361861,EURUSD,0.25531914893618624
2739,2020-06-10 01:59:00,-1,1.13385,1.1347,1.12612,8.500000000000174,9.094117647058654,2,4H,3,-1.0,SL,-1.1411764705882324,EURUSD,0.1411764705882324
2741,2020-06-10 03:59:00,-1,1.13424,1.13467,1.12612,4.300000000001525,18.883720930225643,2,4H,3,-1.0,SL,-1.2790697674417615,EURUSD,0.2790697674417615
2742,2020-06-10 04:59:00,-1,1.13427,1.13468,1.12612,4.100000000000215,19.87804878048647,2,4H,3,-1.0,SL,-1.292682926829253,EURUSD,0.29268292682925295
2432,2020-06-10 05:59:00,-1,3224.149,3227.9,3207.143,3.7510000000002037,4.533724340175669,1,4H,1,4.533724340175669,TP,4.3737669954676,SPX500,0.15995734470806916
2443,2020-06-10 17:59:00,-1,10057.55,10079.72,9959.67,22.170000000000073,4.414975191700446,1,4H,1,-1.0,SL,-1.06765899864682,NAS100,0.0676589986468198
2771,2020-06-11 09:59:00,-1,1.13832,1.14024,1.13251,19.199999999999218,3.0260416666668384,1,4H,1,-1.0,SL,-1.0625000000000024,EURUSD,0.06250000000000254
2795,2020-06-12 09:59:00,1,1.13217,1.1309,1.14036,12.699999999998823,6.448818897638504,1,12H,1,-1.0,SL,-1.0944881889763867,EURUSD,0.09448818897638671
2797,2020-06-12 11:59:00,1,1.13094,1.12914,1.14036,18.000000000000238,5.233333333333255,1,12H,1,-1.0,SL,-1.0666666666666658,EURUSD,0.06666666666666578
2801,2020-06-12 15:59:00,1,1.12516,1.12322,1.14036,19.399999999998307,7.835051546392489,1,12H,1,-1.0,SL,-1.0618556701030981,EURUSD,0.06185567010309818
2803,2020-06-12 17:59:00,-1,107.453,107.53200000000001,107.063,7.900000000000773,4.936708860759018,1,4H,2,-1.0,SL,-1.1645569620253005,USDJPY,0.16455696202530035
2802,2020-06-12 18:59:00,1,1.24903,1.24724,1.26958,17.900000000001803,11.480446927373059,1,12H,1,-1.0,SL,-1.0837988826815559,GBPUSD,0.0837988826815558
2495,2020-06-15 03:59:00,1,9575.52,9553.93,9829.79,21.590000000000146,11.777211672070344,2,4H,2,-1.0,SL,-1.0694766095414538,NAS100,0.0694766095414539
2499,2020-06-15 06:59:00,1,2950.249,2935.0,3190.049,15.248999999999796,15.72562135222004,1,1D,2,9.318840579710274,tiempo,9.279493737294377,SPX500,0.03934684241589665
2498,2020-06-15 06:59:00,1,9423.96,9381.32,10105.22,42.63999999999942,15.977016885553693,1,1D,2,11.919090056285373,tiempo,11.883911819887624,NAS100,0.03517823639774907
2818,2020-06-15 08:59:00,-1,107.304,107.452,106.584,14.799999999999613,4.864864864864984,1,12H,3,-1.0,SL,-1.0878378378378402,USDJPY,0.08783783783784013
2823,2020-06-15 13:59:00,-1,107.389,107.503,106.584,11.400000000000432,7.061403508771598,1,12H,3,-1.0,SL,-1.114035087719294,USDJPY,0.11403508771929392
2825,2020-06-15 17:59:00,-1,1.25627,1.25716,1.25047,8.900000000000574,6.51685393258388,1,4H,1,-1.0,SL,-1.1685393258426857,GBPUSD,0.16853932584268574
2845,2020-06-16 11:59:00,1,107.323,107.247,107.639,7.599999999999341,4.157894736842499,1,4H,2,-1.0,SL,-1.1710526315789622,USDJPY,0.17105263157896222
2536,2020-06-17 00:59:00,1,9982.64,9941.8,10105.22,40.840000000000146,3.001469147894209,1,1D,2,-1.0,SL,-1.0367286973555336,NAS100,0.03672869735553366
2541,2020-06-17 05:59:00,1,9970.62,9948.22,10105.22,22.400000000001455,6.008928571428116,1,1D,2,-1.0,SL,-1.0669642857142814,NAS100,0.06696428571428137
2542,2020-06-17 05:59:00,1,3124.255,3116.534,3168.1,7.721000000000004,5.678668566247866,2,4H,2,-1.0,SL,-1.0777101411734231,SPX500,0.07771014117342309
2863,2020-06-17 07:59:00,-1,1.2558,1.25895,1.2454,31.49999999999986,3.301587301587305,1,1D,1,3.301587301587305,TP,3.253968253968257,GBPUSD,0.04761904761904783
2867,2020-06-17 11:59:00,-1,1.25617,1.25839,1.2454,22.199999999998887,4.85135135135157,1,1D,1,4.85135135135157,TP,4.783783783783999,GBPUSD,0.06756756756757096
2885,2020-06-18 03:59:00,-1,106.862,106.95100000000001,106.584,8.900000000001285,3.1235955056174323,1,1D,2,-1.0,SL,-1.146067415730316,USDJPY,0.146067415730316
2884,2020-06-18 04:59:00,-1,1.25516,1.25589,1.2454,7.299999999998974,13.369863013700497,1,1D,1,-1.0,SL,-1.2054794520548233,GBPUSD,0.2054794520548234
2888,2020-06-18 06:59:00,1,1.12541,1.12436,1.12939,10.499999999999954,3.7904761904760855,1,12H,1,-1.0,SL,-1.1142857142857148,EURUSD,0.11428571428571478
2891,2020-06-18 09:59:00,1,107.023,106.93599999999999,107.433,8.70000000000033,4.712643678160865,1,12H,2,-1.0,SL,-1.1494252873563162,USDJPY,0.1494252873563162
2571,2020-06-18 12:59:00,1,3098.637,3083.149,3150.555,15.488000000000284,3.3521435950412393,2,12H,3,3.3521435950412393,TP,3.3134039256197525,SPX500,0.03873966942148689
2896,2020-06-18 14:59:00,1,1.1221,1.12016,1.12939,19.400000000000528,3.7577319587626796,1,12H,1,-1.0,SL,-1.061855670103091,EURUSD,0.0618556701030911
2899,2020-06-18 17:59:00,1,1.12038,1.11844,1.12939,19.399999999998307,4.644329896907602,1,12H,1,-1.0,SL,-1.0618556701030981,EURUSD,0.06185567010309818
2897,2020-06-18 17:59:00,1,1.24272,1.24037,1.25492,23.500000000000743,5.191489361701959,1,4H,1,-1.0,SL,-1.0638297872340405,GBPUSD,0.06382978723404054
2899,2020-06-18 17:59:00,-1,106.876,106.961,106.584,8.499999999999375,3.4352941176473304,1,1D,2,-1.0,SL,-1.1529411764705995,USDJPY,0.1529411764705995
2902,2020-06-18 20:59:00,1,1.12055,1.11986,1.12939,6.899999999998574,12.811594202901139,1,12H,1,-1.0,SL,-1.1739130434782967,EURUSD,0.1739130434782968
2584,2020-06-19 03:59:00,-1,3116.4,3119.543,3098.137,3.143000000000029,5.810690423162504,1,4H,1,-1.0,SL,-1.1909004136175612,SPX500,0.19090041361756108
2915,2020-06-19 09:59:00,1,106.93,106.89,107.128,4.000000000000625,4.949999999999059,1,4H,1,-1.0,SL,-1.324999999999949,USDJPY,0.3249999999999492
2625,2020-06-23 00:59:00,1,3131.537,3127.334,3155.6,4.2029999999999745,5.725196288365512,2,12H,2,-1.0,SL,-1.1427551748750902,SPX500,0.14275517487509007
2965,2020-06-23 13:59:00,-1,1.24821,1.25037,1.23795,21.599999999999397,4.750000000000103,1,12H,1,-1.0,SL,-1.0694444444444464,GBPUSD,0.06944444444444638
2976,2020-06-23 22:59:00,-1,1.13079,1.13135,1.12834,5.60000000000116,4.374999999999207,1,4H,1,-1.0,SL,-1.21428571428567,EURUSD,0.2142857142856699
2646,2020-06-23 23:59:00,1,3122.4,3117.346,3190.049,5.054000000000087,13.385239414325033,1,1D,2,-1.0,SL,-1.1187178472497012,SPX500,0.11871784724970115
2648,2020-06-24 01:59:00,-1,3124.549,3136.9,3072.343,12.351000000000113,4.226864221520497,1,12H,1,-1.0,SL,-1.0485790624240947,SPX500,0.04857906242409477
2649,2020-06-24 02:59:00,1,3126.555,3118.849,3190.049,7.705999999999676,8.239553594601974,1,1D,2,-1.0,SL,-1.0778614066960843,SPX500,0.07786140669608424
2980,2020-06-24 02:59:00,1,106.529,106.41199999999999,107.105,11.700000000000443,4.923076923076802,1,4H,1,4.923076923076802,TP,4.8119658119656945,USDJPY,0.1111111111111069
2653,2020-06-24 06:59:00,1,3131.343,3123.9,3190.049,7.442999999999756,7.887410990192403,1,1D,2,-1.0,SL,-1.080612656187024,SPX500,0.080612656187024
2652,2020-06-24 06:59:00,1,10234.54,10214.83,10296.63,19.710000000000946,3.150177574834873,1,4H,1,-1.0,SL,-1.0761035007610313,NAS100,0.07610350076103135
2671,2020-06-25 02:59:00,1,3045.349,3031.252,3190.049,14.097000000000207,10.26459530396522,1,1D,2,-1.0,SL,-1.042562247286656,SPX500,0.042562247286656106
3010,2020-06-25 10:59:00,1,1.24417,1.24209,1.25373,20.800000000000818,4.596153846153672,1,12H,2,-1.0,SL,-1.0721153846153817,GBPUSD,0.07211538461538178
3012,2020-06-25 12:59:00,1,1.24216,1.24114,1.25373,10.200000000000209,11.343137254901807,1,12H,2,-1.0,SL,-1.1470588235294088,GBPUSD,0.14705882352940874
3019,2020-06-25 17:59:00,-1,1.1223,1.12313,1.11903,8.299999999998864,3.9397590361452455,1,4H,1,-1.0,SL,-1.1445783132530318,EURUSD,0.14457831325303183
3020,2020-06-25 18:59:00,-1,107.212,107.25200000000001,107.047,4.000000000000625,4.1249999999995115,1,4H,1,4.1249999999995115,TP,3.7999999999995624,USDJPY,0.3249999999999492
3021,2020-06-25 21:59:00,1,1.24194,1.24099,1.24639,9.500000000000064,4.684210526315827,2,4H,3,-1.0,SL,-1.1578947368421042,GBPUSD,0.1578947368421042
3025,2020-06-25 23:59:00,-1,1.12179,1.12247,1.11903,6.800000000000139,4.058823529411822,1,4H,1,-1.0,SL,-1.1764705882352904,EURUSD,0.1764705882352905
2690,2020-06-26 00:59:00,1,10112.82,10084.13,10251.99,28.69000000000051,4.850819100731878,1,1D,1,-1.0,SL,-1.0522830254444049,NAS100,0.05228302544440479
2693,2020-06-26 03:59:00,1,10103.46,10091.87,10251.99,11.589999999998327,12.815358067301302,1,1D,1,-1.0,SL,-1.1294219154443672,NAS100,0.12942191544436726
2694,2020-06-26 03:59:00,1,3082.949,3075.749,3139.237,7.200000000000273,7.817777777777483,1,1D,1,-1.0,SL,-1.0833333333333302,SPX500,0.08333333333333018
2695,2020-06-26 05:59:00,1,10105.99,10099.14,10251.99,6.850000000000364,21.313868613137554,1,1D,1,-1.0,SL,-1.2189781021897694,NAS100,0.2189781021897694
3031,2020-06-26 07:59:00,1,1.24165,1.23969,1.25373,19.599999999999618,6.163265306122615,1,12H,2,-1.0,SL,-1.0765306122448994,GBPUSD,0.07653061224489945
2698,2020-06-26 08:59:00,1,10083.64,10042.9,10251.99,40.73999999999978,4.132302405498313,1,1D,1,-1.0,SL,-1.036818851251841,NAS100,0.03681885125184114
2702,2020-06-26 11:59:00,-1,3079.8,3092.752,3022.543,12.95199999999977,4.420707226683221,1,12H,1,4.420707226683221,TP,4.3743823347746345,SPX500,0.046324891908586366
2706,2020-06-26 16:59:00,1,9933.74,9890.31,10251.99,43.43000000000029,7.327883951185767,1,1D,1,-1.0,SL,-1.0345383375546855,NAS100,0.034538337554685467
2707,2020-06-26 16:59:00,1,3027.349,3013.4,3139.237,13.94900000000007,8.021220159151149,1,1D,1,-1.0,SL,-1.0430138361172843,SPX500,0.043013836117284175
3073,2020-06-29 23:59:00,-1,1.12467,1.12527,1.1217,5.999999999999339,4.950000000000777,1,12H,1,4.950000000000777,TP,4.750000000000755,EURUSD,0.20000000000002202
2740,2020-06-30 06:59:00,1,9994.57,9973.41,10131.2,21.159999999999854,6.456994328922588,1,1D,1,-1.0,SL,-1.0708884688090743,NAS100,0.0708884688090742
3113,2020-07-01 17:59:00,-1,1.24801,1.24912,1.22614,11.099999999999444,19.70270270270374,1,12H,1,-1.0,SL,-1.135135135135142,GBPUSD,0.13513513513514191
3115,2020-07-01 17:59:00,1,107.469,107.39999999999999,107.708,6.9000000000002615,3.4637681159419604,1,4H,2,-1.0,SL,-1.1884057971014421,USDJPY,0.18840579710144215
3117,2020-07-01 19:59:00,1,1.12507,1.12422,1.12879,8.500000000000174,4.37647058823514,1,1D,2,4.37647058823514,TP,4.235294117646908,EURUSD,0.1411764705882324
3137,2020-07-02 15:59:00,1,1.12361,1.12242,1.12879,11.900000000000244,4.352941176470467,2,1D,2,-1.0,SL,-1.1008403361344516,EURUSD,0.10084033613445172
3141,2020-07-02 21:59:00,-1,1.24661,1.24732,1.23592,7.099999999999884,15.056338028169383,1,1D,2,-1.0,SL,-1.2112676056338063,GBPUSD,0.21126760563380625
3143,2020-07-02 21:59:00,1,107.526,107.467,108.164,5.89999999999975,10.813559322034445,1,1D,3,-1.0,SL,-1.2203389830508569,USDJPY,0.2203389830508568
3145,2020-07-03 01:59:00,-1,1.24625,1.24737,1.23592,11.200000000000099,9.223214285714358,1,1D,2,-1.0,SL,-1.1339285714285703,GBPUSD,0.13392857142857026
3149,2020-07-03 03:59:00,-1,1.12446,1.12486,1.11848,3.9999999999995595,14.950000000001888,1,1D,1,-1.0,SL,-1.3000000000000331,EURUSD,0.300000000000033
3167,2020-07-05 23:59:00,-1,1.24736,1.24782,1.23592,4.599999999999049,24.869565217396698,1,1D,2,-1.0,SL,-1.3260869565218065,GBPUSD,0.3260869565218065
3178,2020-07-06 10:59:00,-1,1.24945,1.25045,1.23592,10.000000000001119,13.529999999998529,1,1D,2,-1.0,SL,-1.1499999999999833,GBPUSD,0.1499999999999832
3191,2020-07-06 21:59:00,1,107.371,107.27799999999999,108.164,9.300000000000352,8.526881720429852,1,1D,3,-1.0,SL,-1.139784946236554,USDJPY,0.13978494623655385
3195,2020-07-07 01:59:00,1,107.35,107.235,108.164,11.499999999999488,7.078260869565595,1,1D,3,-1.0,SL,-1.1130434782608747,USDJPY,0.1130434782608746
3204,2020-07-07 10:59:00,1,107.705,107.65299999999999,108.164,5.200000000000671,8.826923076922,1,1D,3,-1.0,SL,-1.2499999999999678,USDJPY,0.24999999999996775
2856,2020-07-07 15:59:00,-1,10666.43,10705.79,10475.68,39.36000000000058,4.8462906504064325,1,12H,2,-1.0,SL,-1.0381097560975605,NAS100,0.03810975609756041
3207,2020-07-07 15:59:00,-1,1.25705,1.25931,1.23592,22.599999999999287,9.349557522124229,1,1D,2,-1.0,SL,-1.0663716814159312,GBPUSD,0.06637168141593129
2867,2020-07-08 03:59:00,-1,3152.352,3158.334,3131.14,5.981999999999971,3.5459712470745726,1,1D,1,-1.0,SL,-1.100300902708125,SPX500,0.10030090270812486
2871,2020-07-08 08:59:00,-1,10572.52,10596.0,10475.68,23.479999999999563,4.124361158432792,2,12H,2,-1.0,SL,-1.0638841567291324,NAS100,0.06388415672913236
2878,2020-07-08 14:59:00,-1,3163.137,3173.149,3131.14,10.011999999999716,3.1958649620456656,1,1D,1,-1.0,SL,-1.059928086296446,SPX500,0.05992808629644596
2890,2020-07-09 04:59:00,-1,3173.152,3177.637,3145.0,4.485000000000127,6.276923076922908,1,4H,3,-1.0,SL,-1.133779264214043,SPX500,0.13377926421404301
3246,2020-07-09 04:59:00,1,107.275,107.216,107.531,5.900000000001171,4.3389830508466005,1,4H,3,-1.0,SL,-1.2203389830508038,USDJPY,0.22033898305080374
2893,2020-07-09 07:59:00,-1,3168.9,3172.4,3145.0,3.5,6.828571428571455,1,4H,3,-1.0,SL,-1.1714285714285715,SPX500,0.17142857142857143
2901,2020-07-09 15:59:00,1,3129.955,3113.752,3193.155,16.202999999999975,3.9005122508177728,1,1D,3,3.9005122508177728,TP,3.8634820712214015,SPX500,0.0370301795963711
3262,2020-07-09 22:59:00,-1,1.26047,1.26117,1.25084,6.999999999999229,13.757142857144412,1,1D,3,-1.0,SL,-1.214285714285738,GBPUSD,0.2142857142857379
3268,2020-07-10 02:59:00,1,107.065,106.99499999999999,107.597,7.000000000000739,7.599999999999147,1,12H,2,-1.0,SL,-1.1857142857142662,USDJPY,0.18571428571426613
2911,2020-07-10 03:59:00,1,3144.655,3139.352,3193.155,5.303000000000338,9.14576654723683,1,1D,3,-1.0,SL,-1.1131435036771566,SPX500,0.11314350367715664
3283,2020-07-10 17:59:00,1,1.13056,1.12941,1.13486,11.499999999999844,3.7391304347826337,1,12H,2,3.7391304347826337,TP,3.6347826086956756,EURUSD,0.10434782608695793
3282,2020-07-10 18:59:00,-1,1.26268,1.26362,1.25851,9.399999999999409,4.436170212766244,2,4H,3,-1.0,SL,-1.1595744680851163,GBPUSD,0.1595744680851164
3283,2020-07-10 19:59:00,1,1.26282,1.26195,1.26691,8.700000000001484,4.70114942528647,1,12H,3,-1.0,SL,-1.1724137931034189,GBPUSD,0.17241379310341887
3285,2020-07-10 19:59:00,1,1.13004,1.12945,1.13486,5.899999999998684,8.169491525425629,1,12H,2,8.169491525425629,TP,7.966101694917109,EURUSD,0.20338983050851994
3289,2020-07-12 23:59:00,1,106.914,106.844,107.263,7.000000000000739,4.985714285713813,1,12H,1,-1.0,SL,-1.1857142857142662,USDJPY,0.18571428571426613
3289,2020-07-12 23:59:00,-1,1.13085,1.13183,1.12735,9.799999999999809,3.5714285714284744,1,4H,1,-1.0,SL,-1.122448979591839,EURUSD,0.12244897959183912
3293,2020-07-13 03:59:00,1,106.829,106.777,107.263,5.19999999999925,8.346153846155275,1,12H,1,8.346153846155275,TP,8.09615384615524,USDJPY,0.2500000000000361
3300,2020-07-13 12:59:00,1,1.26038,1.25913,1.26691,12.499999999999734,5.224000000000051,1,12H,3,-1.0,SL,-1.1200000000000025,GBPUSD,0.12000000000000256
3304,2020-07-13 16:59:00,1,1.26142,1.2601,1.26653,13.199999999999878,3.8712121212121176,2,4H,3,-1.0,SL,-1.1136363636363646,GBPUSD,0.11363636363636469
3310,2020-07-13 22:59:00,-1,1.25564,1.25617,1.25084,5.299999999999194,9.056603773586541,1,1D,3,9.056603773586541,TP,8.77358490566197,GBPUSD,0.2830188679245713
3313,2020-07-13 23:59:00,-1,107.281,107.325,107.041,4.399999999999693,5.454545454546042,1,4H,3,-1.0,SL,-1.295454545454566,USDJPY,0.29545454545456606
2956,2020-07-14 05:59:00,-1,3158.437,3164.237,3120.846,5.800000000000182,6.481206896551503,1,1D,1,-1.0,SL,-1.1034482758620656,SPX500,0.10344827586206572
2985,2020-07-15 12:59:00,1,10734.94,10704.23,11071.39,30.710000000000946,10.955714750895101,1,1D,2,-1.0,SL,-1.0488440247476376,NAS100,0.0488440247476377
2989,2020-07-15 16:59:00,1,10657.51,10562.85,11071.39,94.65999999999985,4.372279738009717,1,1D,2,-1.0,SL,-1.0158461863511514,NAS100,0.015846186351151512
3363,2020-07-16 01:59:00,-1,106.961,107.042,106.666,8.100000000000307,3.6419753086418583,1,4H,3,-1.0,SL,-1.1604938271604877,USDJPY,0.16049382716048774
2996,2020-07-16 01:59:00,1,10639.62,10612.38,11071.39,27.2400000000016,15.8505873715115,1,1D,2,-1.0,SL,-1.055066079295151,NAS100,0.05506607929515095
2998,2020-07-16 03:59:00,1,10607.8,10587.78,11071.39,20.019999999998618,23.156343656345264,1,1D,2,-1.0,SL,-1.07492507492508,NAS100,0.0749250749250801
3000,2020-07-16 05:59:00,1,10616.02,10590.39,11071.39,25.63000000000102,17.767069840030466,1,1D,2,-1.0,SL,-1.0585251658213009,NAS100,0.05852516582130084
3375,2020-07-16 13:59:00,-1,107.134,107.21000000000001,106.901,7.600000000000762,3.065789473683957,1,4H,1,-1.0,SL,-1.1710526315789302,USDJPY,0.17105263157893022
3381,2020-07-16 21:59:00,-1,1.25516,1.25578,1.25205,6.199999999998429,5.016129032259249,2,4H,1,-1.0,SL,-1.241935483871029,GBPUSD,0.24193548387102903
3385,2020-07-16 23:59:00,-1,107.284,107.343,107.043,5.89999999999975,4.084745762712032,1,4H,2,-1.0,SL,-1.2203389830508569,USDJPY,0.2203389830508568
3028,2020-07-17 11:59:00,1,10623.71,10607.56,10710.8,16.149999999999636,5.392569659442855,1,12H,1,-1.0,SL,-1.0928792569659465,NAS100,0.09287925696594636
3046,2020-07-20 07:59:00,1,10585.5,10559.33,10710.8,26.170000000000073,4.787925105082114,1,12H,1,4.787925105082114,TP,4.730607565915129,NAS100,0.05731753916698494
3452,2020-07-21 18:59:00,-1,1.15307,1.15408,1.14023,10.099999999999554,12.712871287129238,1,12H,1,-1.0,SL,-1.118811881188124,EURUSD,0.11881188118812405
3094,2020-07-22 11:59:00,-1,10871.32,10894.91,10560.33,23.590000000000146,13.18312844425595,1,1D,1,-1.0,SL,-1.0635862653666803,NAS100,0.06358626536668041
3099,2020-07-22 16:59:00,-1,10841.5,10874.19,10560.33,32.69000000000051,8.601101254206048,1,1D,1,-1.0,SL,-1.0458855919241352,NAS100,0.045885591924135105
3479,2020-07-22 21:59:00,1,1.15709,1.15658,1.15951,5.1000000000001044,4.745098039215763,1,4H,2,-1.0,SL,-1.235294117647054,EURUSD,0.235294117647054
3509,2020-07-24 05:59:00,1,1.27353,1.2723,1.27731,12.300000000000644,3.0731707317070707,1,4H,3,-1.0,SL,-1.1219512195121888,GBPUSD,0.12195121951218874
3157,2020-07-27 08:59:00,-1,3222.6,3228.6,3199.737,6.0,3.8104999999999714,1,4H,1,-1.0,SL,-1.1,SPX500,0.09999999999999999
3551,2020-07-27 21:59:00,-1,1.17495,1.17552,1.1705,5.699999999999594,7.80701754385993,1,4H,3,-1.0,SL,-1.2105263157894885,EURUSD,0.21052631578948866
3554,2020-07-28 00:59:00,-1,1.17661,1.17739,1.1705,7.800000000000029,7.833333333333096,1,4H,3,7.833333333333096,TP,7.679487179486943,EURUSD,0.15384615384615327
3560,2020-07-28 06:59:00,1,105.561,105.491,106.054,7.000000000000739,7.042857142856328,1,12H,1,-1.0,SL,-1.1857142857142662,USDJPY,0.18571428571426613
3567,2020-07-28 13:59:00,-1,1.17322,1.17432,1.16987,11.000000000001009,3.0454545454542337,1,4H,1,-1.0,SL,-1.1090909090908991,EURUSD,0.10909090909089908
3576,2020-07-28 22:59:00,-1,1.17199,1.17244,1.16987,4.499999999998394,4.711111111113063,1,4H,1,-1.0,SL,-1.2666666666667619,EURUSD,0.2666666666667618
3202,2020-07-29 09:59:00,1,10596.12,10573.82,10671.64,22.30000000000109,3.386547085201566,1,12H,1,3.386547085201566,TP,3.3192825112105377,NAS100,0.0672645739910281
3203,2020-07-29 10:59:00,-1,10595.36,10612.5,10413.24,17.139999999999418,10.62543757292923,1,1D,2,-1.0,SL,-1.087514585764297,NAS100,0.08751458576429702
3208,2020-07-29 15:59:00,-1,3244.334,3247.352,3199.737,3.018000000000029,14.777004638833441,1,1D,1,-1.0,SL,-1.1988071570576522,SPX500,0.19880715705765215
3599,2020-07-29 21:59:00,1,104.928,104.886,105.194,4.200000000000159,6.33333333333322,1,4H,3,6.33333333333322,TP,6.0238095238094225,USDJPY,0.3095238095237978
3631,2020-07-31 07:59:00,-1,1.31369,1.31454,1.30858,8.500000000000174,6.011764705882168,1,4H,2,-1.0,SL,-1.1764705882352904,GBPUSD,0.1764705882352905
3634,2020-07-31 10:59:00,-1,1.31351,1.31437,1.30858,8.60000000000083,5.7325581395341905,1,4H,2,-1.0,SL,-1.174418604651146,GBPUSD,0.17441860465114598
3647,2020-08-02 23:59:00,-1,1.30987,1.31053,1.29441,6.599999999998829,23.424242424246625,1,1D,3,-1.0,SL,-1.2272727272727675,GBPUSD,0.2272727272727676
3652,2020-08-03 04:59:00,-1,1.3091,1.30975,1.29441,6.500000000000394,22.599999999998428,1,1D,3,-1.0,SL,-1.2307692307692168,GBPUSD,0.23076923076921677
3660,2020-08-03 12:59:00,-1,1.30228,1.30424,1.29441,19.599999999999618,4.01530612244908,1,1D,3,-1.0,SL,-1.0765306122448994,GBPUSD,0.07653061224489945
3673,2020-08-03 23:59:00,1,1.17603,1.1755,1.17966,5.299999999999194,6.849056603774668,1,12H,1,-1.0,SL,-1.226415094339657,EURUSD,0.22641509433965706
3675,2020-08-04 03:59:00,-1,1.30739,1.30893,1.29441,15.399999999998748,8.42857142857211,1,1D,3,-1.0,SL,-1.0974025974026054,GBPUSD,0.09740259740260532
3678,2020-08-04 06:59:00,-1,1.30777,1.30879,1.29441,10.199999999997988,13.098039215688896,1,1D,3,-1.0,SL,-1.1470588235294408,GBPUSD,0.14705882352944077
3682,2020-08-04 08:59:00,-1,105.949,106.06,104.546,11.10000000000042,12.639639639639086,1,12H,4,-1.0,SL,-1.1171171171171126,USDJPY,0.11711711711711269
3290,2020-08-04 09:59:00,-1,3286.849,3291.14,3272.734,4.290999999999713,3.28944302027527,1,12H,1,-1.0,SL,-1.1398275460265765,SPX500,0.1398275460265766
3295,2020-08-04 14:59:00,-1,11063.32,11094.68,10951.76,31.360000000000582,3.557397959183591,1,12H,1,-1.0,SL,-1.0478316326530603,NAS100,0.047831632653060334
3689,2020-08-04 17:59:00,-1,1.30599,1.30744,1.30044,14.499999999999513,3.8275862068966413,2,12H,3,-1.0,SL,-1.1034482758620725,GBPUSD,0.10344827586207243
3695,2020-08-04 21:59:00,-1,105.702,105.759,104.546,5.700000000000216,20.28070175438505,1,12H,4,-1.0,SL,-1.2280701754385879,USDJPY,0.22807017543858785
3696,2020-08-05 00:59:00,-1,1.3081,1.3088,1.29441,6.999999999999229,19.55714285714498,1,1D,3,-1.0,SL,-1.214285714285738,GBPUSD,0.2142857142857379
3704,2020-08-05 06:59:00,-1,105.615,105.76100000000001,104.546,14.6000000000015,7.3219178082183465,1,12H,4,-1.0,SL,-1.0890410958904018,USDJPY,0.08904109589040181
3708,2020-08-05 12:59:00,-1,1.31409,1.31496,1.29441,8.699999999999264,22.620689655174235,1,1D,3,-1.0,SL,-1.1724137931034628,GBPUSD,0.17241379310346286
3710,2020-08-05 14:59:00,-1,1.31426,1.31622,1.29441,19.599999999999618,10.12755102040832,1,1D,3,-1.0,SL,-1.0765306122448994,GBPUSD,0.07653061224489945
3317,2020-08-05 14:59:00,-1,3324.943,3329.0,3310.834,4.056999999999789,3.4776928765100106,1,4H,2,-1.0,SL,-1.1478925314271706,SPX500,0.14789253142717063
3326,2020-08-06 01:59:00,-1,3332.04,3336.755,3299.337,4.7150000000001455,6.935949098621202,1,12H,1,-1.0,SL,-1.127253446447504,SPX500,0.12725344644750403
3728,2020-08-06 08:59:00,-1,1.31604,1.3182099999999999,1.30575,21.699999999997832,4.741935483871503,1,12H,1,-1.0,SL,-1.0691244239631406,GBPUSD,0.06912442396314054
3358,2020-08-07 11:59:00,-1,3337.155,3341.037,3307.24,3.881999999999607,7.706079340546998,1,12H,2,-1.0,SL,-1.1545595054095983,SPX500,0.1545595054095983
3775,2020-08-10 05:59:00,1,1.17939,1.17885,1.18455,5.399999999999849,9.555555555555921,1,4H,1,-1.0,SL,-1.2222222222222283,EURUSD,0.2222222222222284
3777,2020-08-10 07:59:00,1,1.1766,1.17585,1.18455,7.500000000000284,10.599999999999467,1,4H,1,-1.0,SL,-1.159999999999994,EURUSD,0.15999999999999392
3376,2020-08-10 07:59:00,1,11130.32,11105.81,11276.01,24.51000000000022,5.94410444716439,1,4H,2,-1.0,SL,-1.0611995104039162,NAS100,0.061199510403916225
3377,2020-08-10 08:59:00,1,11122.41,11101.01,11276.01,21.399999999999636,7.177570093458083,1,4H,2,-1.0,SL,-1.0700934579439265,NAS100,0.07009345794392642
3381,2020-08-10 12:59:00,-1,3355.234,3357.055,3307.24,1.8209999999999127,26.355848434927207,1,1D,1,-1.0,SL,-1.3294892915980387,SPX500,0.32948929159803886
3386,2020-08-10 17:59:00,-1,3356.649,3361.152,3307.24,4.503000000000156,10.972462802575702,1,1D,1,-1.0,SL,-1.1332445036642191,SPX500,0.13324450366421922
3795,2020-08-11 01:59:00,1,106.003,105.964,106.201,3.900000000000148,5.0769230769227125,1,4H,1,5.0769230769227125,TP,4.743589743589392,USDJPY,0.3333333333333207
3837,2020-08-12 19:59:00,1,1.1787,1.17816,1.1808,5.399999999999849,3.8888888888889803,1,12H,1,-1.0,SL,-1.2222222222222283,EURUSD,0.2222222222222284
3837,2020-08-12 21:59:00,-1,1.30318,1.30377,1.3005,5.9000000000009045,4.542372881355263,1,4H,1,-1.0,SL,-1.2542372881355544,GBPUSD,0.25423728813555424
3449,2020-08-13 14:59:00,-1,3382.243,3384.6,3366.434,2.356999999999971,6.7072549851505885,1,4H,2,-1.0,SL,-1.254560882477729,SPX500,0.25456088247772907
3865,2020-08-13 23:59:00,-1,1.18155,1.18217,1.17836,6.199999999998429,5.1451612903239266,1,12H,1,-1.0,SL,-1.1935483870968233,EURUSD,0.19354838709682323
3459,2020-08-14 02:59:00,-1,11207.4,11217.62,11115.62,10.220000000001164,8.980430528374598,1,4H,2,-1.0,SL,-1.1467710371819795,NAS100,0.14677103718197937
3459,2020-08-14 02:59:00,-1,3377.849,3381.6,3362.837,3.750999999999749,4.002132764596421,1,4H,2,-1.0,SL,-1.1599573447080886,SPX500,0.15995734470808853
3461,2020-08-14 04:59:00,-1,11207.4,11214.3,11115.62,6.899999999999636,13.30144927536285,1,4H,2,-1.0,SL,-1.2173913043478375,NAS100,0.21739130434783754
3875,2020-08-14 11:59:00,-1,1.31037,1.31147,1.30295,10.999999999998789,6.745454545455273,1,12H,2,-1.0,SL,-1.1363636363636513,GBPUSD,0.13636363636365137
3469,2020-08-14 12:59:00,-1,11201.68,11223.39,11115.62,21.709999999999127,3.964071856287561,1,4H,2,3.964071856287561,TP,3.8949792722249144,NAS100,0.06909258406264672
3877,2020-08-14 13:59:00,-1,1.31238,1.31433,1.30295,19.499999999998963,4.835897435897719,1,12H,2,-1.0,SL,-1.076923076923081,GBPUSD,0.07692307692308102
3893,2020-08-17 03:59:00,1,106.522,106.479,106.736,4.300000000000637,4.976744186045743,1,4H,2,-1.0,SL,-1.302325581395304,USDJPY,0.3023255813953041
3516,2020-08-18 15:59:00,-1,3387.437,3389.255,3375.64,1.818000000000211,6.48899889988925,1,4H,1,-1.0,SL,-1.3300330033002918,SPX500,0.3300330033002917
3978,2020-08-20 16:59:00,1,105.849,105.756,106.129,9.300000000000352,3.0107526881719413,1,4H,2,-1.0,SL,-1.139784946236554,USDJPY,0.13978494623655385
3976,2020-08-20 16:59:00,-1,1.31872,1.3202,1.30641,14.800000000001479,8.317567567566616,1,4H,1,-1.0,SL,-1.1013513513513413,GBPUSD,0.10135135135134123
3983,2020-08-20 21:59:00,1,1.1861,1.18538,1.19526,7.199999999998319,12.722222222225271,1,1D,1,-1.0,SL,-1.1666666666667056,EURUSD,0.16666666666670557
3988,2020-08-21 02:59:00,1,1.18714,1.18618,1.19526,9.600000000000719,8.4583333333326,1,1D,1,-1.0,SL,-1.1249999999999907,EURUSD,0.12499999999999063
3998,2020-08-21 12:59:00,1,1.17849,1.17592,1.19526,25.699999999999612,6.525291828793854,1,1D,1,-1.0,SL,-1.0466926070038918,EURUSD,0.04669260700389175
3998,2020-08-21 12:59:00,-1,105.724,105.88300000000001,105.172,15.900000000000603,3.4716981132074576,2,12H,1,-1.0,SL,-1.081761006289305,USDJPY,0.08176100628930508
4000,2020-08-21 14:59:00,-1,105.951,106.08200000000001,105.172,13.100000000001444,5.9465648854955,2,12H,1,-1.0,SL,-1.099236641221363,USDJPY,0.09923664122136311
4000,2020-08-21 14:59:00,1,1.17795,1.17531,1.19526,26.399999999999757,6.556818181818218,1,1D,1,1.4924242424242768,tiempo,1.446969696969731,EURUSD,0.04545454545454587
4007,2020-08-23 21:59:00,1,1.17949,1.1790100000000001,1.18172,4.799999999998139,4.645833333335502,1,4H,1,-1.0,SL,-1.2500000000000968,EURUSD,0.2500000000000969
4051,2020-08-25 17:59:00,-1,106.431,106.47500000000001,106.25,4.400000000001114,4.113636363635263,2,4H,1,-1.0,SL,-1.2954545454544706,USDJPY,0.29545454545447064
4054,2020-08-25 20:59:00,-1,106.382,106.42500000000001,106.25,4.300000000000637,3.069767441860127,2,4H,1,-1.0,SL,-1.302325581395304,USDJPY,0.3023255813953041
3644,2020-08-26 11:59:00,-1,3446.034,3449.8,3432.352,3.7660000000000764,3.6330323951141703,2,4H,3,-1.0,SL,-1.1593202336696729,SPX500,0.15932023366967282
4086,2020-08-27 04:59:00,-1,1.18327,1.18368,1.18148,4.100000000000215,4.365853658536255,1,4H,3,-1.0,SL,-1.292682926829253,EURUSD,0.29268292682925295
4100,2020-08-27 18:59:00,-1,1.18223,1.18359,1.17721,13.600000000000279,3.6911764705880143,1,12H,1,-1.0,SL,-1.0882352941176452,EURUSD,0.08823529411764525
4113,2020-08-28 09:59:00,-1,1.32722,1.32973,1.31168,25.100000000000122,6.191235059760969,1,1D,1,-1.0,SL,-1.0597609561752985,GBPUSD,0.059760956175298516
3689,2020-08-28 12:59:00,1,3495.6,3493.734,3512.1,1.8659999999999854,8.842443729903605,1,4H,1,-1.0,SL,-1.3215434083601312,SPX500,0.3215434083601311
4145,2020-08-31 17:59:00,-1,1.33751,1.3385,1.32622,9.900000000000464,11.404040404039891,1,12H,1,-1.0,SL,-1.1515151515151445,GBPUSD,0.15151515151514441
3723,2020-09-01 02:59:00,-1,3505.752,3508.6,3483.537,2.8479999999999563,7.800210674157474,1,1D,1,-1.0,SL,-1.210674157303374,SPX500,0.21067415730337402
4163,2020-09-01 09:59:00,-1,105.737,105.807,105.292,7.000000000000739,6.3571428571420885,1,12H,3,-1.0,SL,-1.1857142857142662,USDJPY,0.18571428571426613
4166,2020-09-01 12:59:00,-1,105.855,105.97500000000001,105.292,12.000000000000455,4.691666666666508,1,12H,3,-1.0,SL,-1.1083333333333292,USDJPY,0.10833333333332923
4175,2020-09-01 21:59:00,-1,105.945,105.995,105.292,5.000000000001137,13.059999999996862,1,12H,3,-1.0,SL,-1.259999999999941,USDJPY,0.2599999999999409
4181,2020-09-02 03:59:00,-1,106.056,106.104,105.292,4.800000000000182,15.916666666665975,1,12H,3,-1.0,SL,-1.270833333333323,USDJPY,0.2708333333333231
4180,2020-09-02 04:59:00,-1,1.33786,1.33833,1.3356,4.699999999999704,4.808510638298496,1,12H,1,-1.0,SL,-1.3191489361702329,GBPUSD,0.3191489361702328
4182,2020-09-02 04:59:00,-1,1.19051,1.19102,1.1884,5.1000000000001044,4.13725490196081,1,1D,1,-1.0,SL,-1.235294117647054,EURUSD,0.235294117647054
4223,2020-09-03 21:59:00,1,106.155,106.103,106.437,5.200000000000671,5.423076923076156,1,4H,1,-1.0,SL,-1.2499999999999678,USDJPY,0.24999999999996775
4226,2020-09-04 00:59:00,-1,106.131,106.223,105.85,9.199999999999875,3.0543478260870622,1,1D,4,-1.0,SL,-1.141304347826089,USDJPY,0.1413043478260889
4227,2020-09-04 01:59:00,-1,1.18523,1.1859,1.17889,6.699999999999484,9.462686567164926,1,12H,2,-1.0,SL,-1.1791044776119541,EURUSD,0.17910447761195408
4227,2020-09-04 03:59:00,1,1.32794,1.32735,1.33186,5.899999999998684,6.644067796611898,1,4H,5,-1.0,SL,-1.2542372881356498,GBPUSD,0.25423728813564994
4246,2020-09-04 20:59:00,-1,106.222,106.271,105.85,4.900000000000659,7.591836734692854,1,1D,4,-1.0,SL,-1.265306122448944,USDJPY,0.2653061224489439
4246,2020-09-06 22:59:00,1,1.32513,1.32379,1.33033,13.399999999998968,3.880597014925742,3,4H,1,-1.0,SL,-1.1119402985074713,GBPUSD,0.11194029850747131
4252,2020-09-07 02:59:00,1,106.27,106.20599999999999,106.504,6.400000000000716,3.6562499999997295,1,4H,3,-1.0,SL,-1.2031249999999774,USDJPY,0.20312499999997727
4258,2020-09-07 08:59:00,1,106.201,106.122,106.504,7.899999999999352,3.8354430379751436,1,4H,3,-1.0,SL,-1.16455696202533,USDJPY,0.16455696202532996
4257,2020-09-07 09:59:00,1,1.31921,1.31737,1.33585,18.400000000000638,9.043478260869245,1,1D,1,-1.0,SL,-1.081521739130432,GBPUSD,0.08152173913043195
4266,2020-09-07 18:59:00,1,1.31676,1.31621,1.33585,5.499999999998284,34.70909090910183,1,1D,1,-1.0,SL,-1.2727272727273578,GBPUSD,0.2727272727273578
3831,2020-09-08 03:59:00,1,3430.352,3423.637,3453.9,6.714999999999691,3.5067758749071203,1,4H,3,-1.0,SL,-1.0893521965748365,SPX500,0.08935219657483658
4281,2020-09-08 07:59:00,1,106.26,106.192,106.504,6.800000000001205,3.5882352941170077,2,12H,3,-1.0,SL,-1.1911764705882013,USDJPY,0.19117647058820142
4298,2020-09-09 00:59:00,1,105.983,105.859,106.382,12.400000000000944,3.2177419354836334,1,4H,3,-1.0,SL,-1.1048387096774115,USDJPY,0.10483870967741138
3861,2020-09-09 11:59:00,1,3363.34,3350.534,3402.652,12.80600000000004,3.069811026081507,1,12H,1,3.069811026081507,TP,3.0229579884429,SPX500,0.04685303763860676
4311,2020-09-09 13:59:00,1,106.176,106.119,106.382,5.700000000000216,3.6140350877192153,1,12H,1,-1.0,SL,-1.2280701754385879,USDJPY,0.22807017543858785
4317,2020-09-09 19:59:00,-1,1.18037,1.18119,1.17527,8.20000000000043,6.2195121951214825,1,4H,1,-1.0,SL,-1.1463414634146265,EURUSD,0.14634146341462648
4319,2020-09-09 23:59:00,-1,1.29981,1.30093,1.28845,11.200000000000099,10.142857142856888,1,4H,1,-1.0,SL,-1.1339285714285703,GBPUSD,0.13392857142857026
4321,2020-09-09 23:59:00,-1,1.18037,1.1811099999999999,1.17527,7.399999999999629,6.891891891892079,1,4H,1,-1.0,SL,-1.1621621621621703,EURUSD,0.16216216216217028
3874,2020-09-10 02:59:00,1,3396.437,3384.237,3448.2,12.199999999999818,4.242868852459073,1,1D,2,-1.0,SL,-1.0491803278688532,SPX500,0.049180327868853194
4323,2020-09-10 03:59:00,-1,1.29931,1.29997,1.28845,6.6000000000010495,16.45454545454264,1,4H,1,-1.0,SL,-1.227272727272691,GBPUSD,0.22727272727269113
3876,2020-09-10 04:59:00,1,3393.4,3388.434,3448.2,4.9659999999998945,11.03503826016933,1,1D,2,-1.0,SL,-1.1208215867901759,SPX500,0.12082158679017574
3878,2020-09-10 06:59:00,-1,3403.449,3409.952,3381.134,6.503000000000156,3.431493157004385,1,4H,1,3.431493157004385,TP,3.339228048592885,SPX500,0.09226510841150017
3880,2020-09-10 08:59:00,1,3383.734,3374.755,3448.2,8.978999999999814,7.179641385455087,1,1D,2,-1.0,SL,-1.066822586034081,SPX500,0.0668225860340809
3880,2020-09-10 08:59:00,1,11318.9,11267.0,11583.86,51.899999999999636,5.105202312138783,1,1D,1,-1.0,SL,-1.0289017341040465,NAS100,0.028901734104046447
4332,2020-09-10 12:59:00,1,1.29691,1.29214,1.3168,47.699999999999406,4.169811320754761,1,1D,1,-1.0,SL,-1.0314465408805036,GBPUSD,0.03144654088050353
3887,2020-09-10 15:59:00,1,3394.04,3380.355,3448.2,13.684999999999945,3.957617829740597,1,1D,2,-1.0,SL,-1.0438436244062845,SPX500,0.04384362440628443
4339,2020-09-10 17:59:00,1,106.181,106.119,106.382,6.199999999999761,3.2419354838712153,2,1D,1,-1.0,SL,-1.2096774193548467,USDJPY,0.2096774193548468
4345,2020-09-10 23:59:00,-1,1.18234,1.18297,1.18004,6.300000000001305,3.650793650792845,1,12H,1,-1.0,SL,-1.190476190476151,EURUSD,0.19047619047615102
3893,2020-09-10 23:59:00,-1,3347.5,3354.5,3296.843,7.0,7.236714285714307,1,1D,2,-1.0,SL,-1.0857142857142856,SPX500,0.08571428571428572
3893,2020-09-10 23:59:00,-1,11204.03,11226.61,10937.77,22.579999999999927,11.791851195748498,1,1D,3,-1.0,SL,-1.0664304694419844,NAS100,0.06643046944198427
4347,2020-09-11 01:59:00,-1,1.18332,1.18411,1.18004,7.900000000000684,4.1518987341767915,1,12H,1,-1.0,SL,-1.151898734177202,EURUSD,0.15189873417720204
3896,2020-09-11 02:59:00,-1,3358.952,3363.946,3296.843,4.993999999999687,12.436724068883514,1,1D,2,-1.0,SL,-1.1201441730076167,SPX500,0.12014417300761665
3898,2020-09-11 04:59:00,-1,11243.41,11258.9,10937.77,15.489999999999782,19.731439638476676,1,1D,3,-1.0,SL,-1.096836668818594,NAS100,0.096836668818594
3901,2020-09-11 07:59:00,-1,11295.16,11337.78,10937.77,42.6200000000008,8.3854997653682,1,1D,3,-1.0,SL,-1.0351947442515244,NAS100,0.03519474425152445
4367,2020-09-13 21:59:00,1,106.104,106.059,106.264,4.5000000000001705,3.555555555555345,1,12H,1,-1.0,SL,-1.2888888888888779,USDJPY,0.2888888888888779
4375,2020-09-14 05:59:00,1,106.062,105.999,106.264,6.300000000000239,3.206349206349056,1,12H,1,-1.0,SL,-1.2063492063491985,USDJPY,0.20634920634919854
3923,2020-09-14 07:59:00,-1,3379.934,3385.252,3296.843,5.317999999999756,15.624482888304655,1,1D,2,-1.0,SL,-1.1128243700639389,SPX500,0.11282437006393897
3923,2020-09-14 07:59:00,-1,11252.3,11273.91,10937.77,21.610000000000582,14.554835724201313,1,1D,3,-1.0,SL,-1.069412309116148,NAS100,0.06941230911614805
3927,2020-09-14 11:59:00,-1,3371.252,3377.8,3309.24,6.548000000000229,9.470372632864692,2,12H,2,-1.0,SL,-1.091631032376295,SPX500,0.0916310323762949
4396,2020-09-15 02:59:00,1,105.679,105.597,106.032,8.200000000000784,4.304878048780008,1,4H,2,-1.0,SL,-1.1585365853658385,USDJPY,0.1585365853658385
4398,2020-09-15 04:59:00,1,105.682,105.595,106.032,8.70000000000033,4.022988505746909,1,4H,2,-1.0,SL,-1.1494252873563162,USDJPY,0.1494252873563162
3955,2020-09-15 17:59:00,-1,11465.02,11495.8,11364.85,30.779999999998836,3.254385964912406,2,4H,3,3.254385964912406,TP,3.2056530214426187,NAS100,0.04873294346978742
3958,2020-09-15 22:59:00,-1,3406.352,3409.152,3375.734,2.800000000000182,10.934999999999267,2,12H,2,-1.0,SL,-1.2142857142857004,SPX500,0.21428571428570037
4416,2020-09-16 00:59:00,1,1.28831,1.28738,1.2926,9.300000000000974,4.612903225805867,1,4H,1,4.612903225805867,TP,4.4516129032252385,GBPUSD,0.16129032258062825
4418,2020-09-16 02:59:00,-1,1.29026,1.29162,1.28143,13.600000000000279,6.4926470588233185,1,12H,1,-1.0,SL,-1.1102941176470567,GBPUSD,0.11029411764705656
3969,2020-09-16 09:59:00,-1,11518.08,11544.69,10937.77,26.610000000000582,21.807966929725172,1,1D,3,-1.0,SL,-1.0563697857948127,NAS100,0.05636978579481275
4428,2020-09-16 10:59:00,1,1.18689,1.18607,1.19005,8.20000000000043,3.853658536585227,1,12H,1,-1.0,SL,-1.1463414634146265,EURUSD,0.14634146341462648
4460,2020-09-17 20:59:00,-1,1.29725,1.2992299999999999,1.28645,19.799999999998708,5.45454545454577,1,4H,3,-1.0,SL,-1.0757575757575808,GBPUSD,0.0757575757575807
4463,2020-09-17 23:59:00,-1,1.29747,1.29808,1.28645,6.099999999999994,18.065573770491504,1,4H,3,-1.0,SL,-1.2459016393442626,GBPUSD,0.2459016393442625
4467,2020-09-18 01:59:00,1,1.18487,1.18447,1.18825,4.00000000000178,8.449999999996086,1,1D,1,-1.0,SL,-1.2999999999998666,EURUSD,0.2999999999998665
4007,2020-09-18 03:59:00,-1,11090.0,11128.9,10960.83,38.899999999999636,3.3205655526992617,1,4H,1,-1.0,SL,-1.0385604113110543,NAS100,0.038560411311054345
4007,2020-09-18 03:59:00,-1,3353.24,3359.8,3327.837,6.5600000000004,3.872408536585098,1,4H,2,-1.0,SL,-1.0914634146341409,SPX500,0.09146341463414076
4010,2020-09-18 06:59:00,-1,3362.046,3366.8,3327.837,4.75400000000036,7.1958350862425835,1,4H,2,-1.0,SL,-1.1262095077829102,SPX500,0.12620950778291007
4477,2020-09-18 11:59:00,1,1.18418,1.18294,1.18825,12.399999999999078,3.2822580645163875,1,1D,1,-1.0,SL,-1.0967741935483943,EURUSD,0.09677419354839428
4489,2020-09-20 23:59:00,-1,1.18456,1.18508,1.17373,5.199999999998539,20.826923076929155,1,1D,1,-1.0,SL,-1.2307692307692957,EURUSD,0.2307692307692956
4492,2020-09-21 02:59:00,-1,1.18585,1.1863299999999999,1.18365,4.799999999998139,4.583333333335068,2,4H,1,-1.0,SL,-1.2500000000000968,EURUSD,0.2500000000000969
4494,2020-09-21 04:59:00,-1,1.18664,1.18727,1.18365,6.300000000001305,4.7460317460304875,2,4H,1,4.7460317460304875,TP,4.555555555554337,EURUSD,0.19047619047615102
4051,2020-09-22 03:59:00,-1,10982.25,11005.39,10772.56,23.139999999999418,9.06179775280924,1,4H,1,-1.0,SL,-1.064822817631808,NAS100,0.06482281763180803
4054,2020-09-22 06:59:00,1,10953.06,10926.41,11174.32,26.649999999999636,8.302439024390365,1,1D,1,-1.0,SL,-1.0562851782363984,NAS100,0.05628517823639852
4054,2020-09-22 06:59:00,1,3276.352,3269.834,3336.0,6.518000000000029,9.151273396747449,1,12H,1,-1.0,SL,-1.092052776925437,SPX500,0.09205277692543684
4073,2020-09-23 03:59:00,1,11122.61,11097.79,11207.0,24.81999999999971,3.400080580177293,1,4H,2,3.400080580177293,TP,3.3396454472199997,NAS100,0.06043513295729321
4073,2020-09-23 03:59:00,1,3309.655,3303.137,3336.0,6.518000000000029,4.041884013501025,1,12H,1,-1.0,SL,-1.092052776925437,SPX500,0.09205277692543684
4550,2020-09-23 12:59:00,1,1.16914,1.16843,1.17672,7.099999999999884,10.67605633802823,1,12H,1,-1.0,SL,-1.169014084507045,EURUSD,0.169014084507045
4557,2020-09-23 19:59:00,1,1.16631,1.16503,1.17672,12.799999999999478,8.132812500000355,1,12H,1,-1.0,SL,-1.0937500000000038,EURUSD,0.09375000000000382
4115,2020-09-25 01:59:00,-1,10969.74,10992.78,10825.72,23.040000000000873,6.250868055555338,1,4H,1,-1.0,SL,-1.0651041666666643,NAS100,0.0651041666666642
4120,2020-09-25 06:59:00,1,3260.249,3252.237,3330.7,8.011999999999716,8.793185222167065,1,1D,2,-1.0,SL,-1.0748876684972568,SPX500,0.07488766849725677
4122,2020-09-25 08:59:00,1,3250.949,3242.434,3330.7,8.514999999999873,9.365942454492183,1,1D,2,-1.0,SL,-1.0704638872577814,SPX500,0.07046388725778144
4122,2020-09-25 08:59:00,1,10912.79,10872.41,11237.3,40.38000000000102,8.036404160475241,1,1D,1,-1.0,SL,-1.037147102526002,NAS100,0.037147102526002035
4125,2020-09-25 11:59:00,1,3237.44,3216.237,3330.7,21.202999999999975,4.398434183841903,1,1D,2,4.398434183841903,TP,4.370136301466768,SPX500,0.028297882375135627
4599,2020-09-25 13:59:00,1,1.16342,1.1624700000000001,1.17188,9.499999999997844,8.905263157896899,1,1D,1,-1.0,SL,-1.1263157894737128,EURUSD,0.1263157894737129
4603,2020-09-25 17:59:00,-1,105.594,105.65,105.406,5.60000000000116,3.357142857141951,1,4H,2,-1.0,SL,-1.232142857142809,USDJPY,0.23214285714280908
4139,2020-09-28 03:59:00,1,3310.749,3305.937,3330.7,4.811999999999898,4.146093100581971,1,1D,2,4.146093100581971,TP,4.021404821280223,SPX500,0.12468827930174826
4139,2020-09-28 03:59:00,1,11192.25,11179.24,11237.3,13.010000000000218,3.4627209838584565,1,1D,1,3.4627209838584565,TP,3.3474250576478513,NAS100,0.11529592621060529
4167,2020-09-29 09:59:00,-1,11380.89,11390.89,11242.02,10.0,13.886999999999897,1,12H,1,-1.0,SL,-1.15,NAS100,0.15
4168,2020-09-29 10:59:00,-1,3353.243,3358.252,3327.737,5.0090000000000146,5.092034338191213,1,12H,1,-1.0,SL,-1.1197843881014171,SPX500,0.1197843881014171
4657,2020-09-29 23:59:00,-1,1.17414,1.1746699999999999,1.17096,5.299999999999194,6.0000000000008376,1,4H,1,-1.0,SL,-1.226415094339657,EURUSD,0.22641509433965706
4179,2020-09-29 23:59:00,-1,11350.15,11361.5,11242.02,11.350000000000364,9.526872246695659,2,12H,2,-1.0,SL,-1.1321585903083657,NAS100,0.1321585903083658
4659,2020-09-30 01:59:00,-1,105.693,105.813,105.262,12.000000000000455,3.5916666666665087,1,1D,3,3.5916666666665087,TP,3.4833333333331793,USDJPY,0.10833333333332923
4184,2020-09-30 04:59:00,1,11276.6,11241.12,11402.1,35.47999999999956,3.5372040586246207,1,4H,3,-1.0,SL,-1.042277339346111,NAS100,0.042277339346111005
4189,2020-09-30 09:59:00,1,3317.152,3304.943,3367.5,12.208999999999833,4.123843066590274,1,4H,1,4.123843066590274,TP,4.0746989925465344,SPX500,0.0491440740437389
4189,2020-09-30 09:59:00,1,11245.1,11195.44,11436.85,49.659999999999854,3.8612565445026292,1,4H,1,3.8612565445026292,TP,3.831051147805086,NAS100,0.030205396697543383
4196,2020-09-30 16:59:00,-1,11471.59,11517.91,11155.07,46.31999999999971,6.833333333333385,1,1D,2,-1.0,SL,-1.0323834196891193,NAS100,0.032383419689119376
4209,2020-10-01 07:59:00,-1,11500.4,11519.99,11155.07,19.590000000000146,17.62787136294014,1,1D,2,-1.0,SL,-1.0765696784073502,NAS100,0.07656967840735011
4691,2020-10-01 09:59:00,-1,105.543,105.632,105.262,8.899999999999864,3.157303370786632,1,1D,3,-1.0,SL,-1.1460674157303394,USDJPY,0.14606741573033932
4692,2020-10-01 10:59:00,-1,1.17432,1.17518,1.16626,8.599999999998609,9.372093023257278,1,1D,3,-1.0,SL,-1.1395348837209527,EURUSD,0.1395348837209528
4692,2020-10-01 12:59:00,-1,1.29499,1.29792,1.28145,29.29999999999877,4.621160409556545,1,12H,2,-1.0,SL,-1.0511945392491489,GBPUSD,0.05119453924914891
4700,2020-10-01 18:59:00,-1,105.554,105.619,105.262,6.499999999999773,4.4923076923078735,1,1D,3,-1.0,SL,-1.200000000000007,USDJPY,0.200000000000007
4221,2020-10-01 19:59:00,-1,11581.09,11609.1,11471.52,28.01000000000022,3.911817208139909,2,4H,2,-1.0,SL,-1.0535523027490177,NAS100,0.05355230274901779
4699,2020-10-01 19:59:00,-1,1.28878,1.28964,1.28191,8.599999999998609,7.988372093024469,2,4H,3,-1.0,SL,-1.174418604651191,GBPUSD,0.174418604651191
4702,2020-10-01 20:59:00,-1,1.1746,1.17516,1.16626,5.599999999998939,14.89285714285999,1,1D,3,-1.0,SL,-1.2142857142857548,EURUSD,0.21428571428575488
4251,2020-10-05 05:59:00,-1,11350.01,11363.16,11294.71,13.149999999999636,4.205323193916549,1,4H,1,4.205323193916549,TP,4.091254752851907,NAS100,0.11406844106464194
4745,2020-10-05 17:59:00,-1,1.29733,1.29911,1.28052,17.799999999998928,9.443820224719666,1,1D,2,-1.0,SL,-1.0842696629213533,GBPUSD,0.08426966292135339
4750,2020-10-05 20:59:00,-1,1.17825,1.17887,1.17461,6.200000000000649,5.870967741935011,2,4H,3,-1.0,SL,-1.1935483870967538,EURUSD,0.1935483870967539
4298,2020-10-07 08:59:00,1,11342.02,11331.01,11536.96,11.010000000000218,17.705722070844217,1,4H,1,-1.0,SL,-1.1362397820163461,NAS100,0.13623978201634607
4788,2020-10-07 10:59:00,1,1.17587,1.17482,1.18077,10.499999999999954,4.666666666666807,1,12H,1,-1.0,SL,-1.1142857142857148,EURUSD,0.11428571428571478
4792,2020-10-07 14:59:00,1,1.17614,1.17569,1.18077,4.500000000000615,10.288888888887781,1,12H,1,-1.0,SL,-1.2666666666666302,EURUSD,0.26666666666663025
4796,2020-10-07 18:59:00,1,1.17672,1.17605,1.18077,6.699999999999484,6.044776119403613,1,12H,1,-1.0,SL,-1.1791044776119541,EURUSD,0.17910447761195408
4312,2020-10-08 00:59:00,1,11502.65,11494.73,11536.96,7.920000000000073,4.332070707070603,1,12H,1,-1.0,SL,-1.1893939393939377,NAS100,0.18939393939393764
4317,2020-10-08 05:59:00,-1,11521.96,11528.0,11484.81,6.040000000000873,6.15066225165468,1,4H,1,-1.0,SL,-1.2483443708608912,NAS100,0.24834437086089126
4319,2020-10-08 07:59:00,-1,11566.31,11586.99,11484.81,20.68000000000029,3.941005802707875,1,4H,1,-1.0,SL,-1.0725338491295928,NAS100,0.07253384912959279
4813,2020-10-08 11:59:00,1,1.17599,1.1751,1.18077,8.900000000000574,5.3707865168535935,2,1D,1,-1.0,SL,-1.1348314606741485,EURUSD,0.1348314606741486
4830,2020-10-09 06:59:00,1,1.29524,1.2937400000000001,1.3007,14.999999999998348,3.6400000000004145,1,1D,1,-1.0,SL,-1.100000000000011,GBPUSD,0.10000000000001101
4863,2020-10-12 15:59:00,-1,1.30615,1.30835,1.29208,21.999999999999797,6.395454545454617,1,12H,1,6.395454545454617,TP,6.327272727272797,GBPUSD,0.06818181818181882
4868,2020-10-12 20:59:00,-1,1.3062,1.30685,1.29208,6.500000000000394,21.72307692307581,1,12H,1,21.72307692307581,TP,21.492307692306593,GBPUSD,0.23076923076921677
4870,2020-10-12 20:59:00,-1,1.1812,1.18161,1.17867,4.100000000000215,6.170731707316558,1,4H,1,6.170731707316558,TP,5.878048780487306,EURUSD,0.29268292682925295
4876,2020-10-13 02:59:00,1,1.17964,1.17895,1.18266,6.900000000000794,4.376811594202428,1,12H,1,-1.0,SL,-1.1739130434782408,EURUSD,0.17391304347824085
4390,2020-10-13 12:59:00,1,3531.152,3526.946,3544.2,4.206000000000131,3.102234902520059,1,4H,3,-1.0,SL,-1.1426533523537759,SPX500,0.14265335235377585
4401,2020-10-14 01:59:00,-1,12141.69,12156.6,11704.68,14.909999999999854,29.309859154929878,1,1D,1,-1.0,SL,-1.1006036217303832,NAS100,0.10060362173038327
4917,2020-10-14 19:59:00,-1,1.17515,1.17564,1.17272,4.900000000001015,4.959183673468223,1,4H,1,-1.0,SL,-1.2448979591836227,EURUSD,0.24489795918362275
4419,2020-10-14 19:59:00,-1,11986.11,12044.08,11704.68,57.969999999999345,4.854752458168078,1,1D,1,1.103846817319312,tiempo,1.0779713644988873,NAS100,0.02587545282042465
4929,2020-10-15 07:59:00,1,1.17376,1.17304,1.18154,7.199999999998319,10.805555555558245,1,1D,1,-1.0,SL,-1.1666666666667056,EURUSD,0.16666666666670557
4930,2020-10-15 10:59:00,1,1.29522,1.29289,1.30641,23.299999999999432,4.802575107296269,2,12H,1,-1.0,SL,-1.064377682403435,GBPUSD,0.06437768240343504
4433,2020-10-15 11:59:00,-1,11810.3,11837.0,11704.68,26.700000000000728,3.955805243445547,1,1D,1,-1.0,SL,-1.0561797752808975,NAS100,0.05617977528089735
4940,2020-10-15 18:59:00,1,1.1697,1.16916,1.18154,5.399999999999849,21.925925925926673,1,1D,1,12.629629629630072,tiempo,12.407407407407844,EURUSD,0.2222222222222284
4939,2020-10-15 19:59:00,1,1.28998,1.28911,1.30641,8.699999999999264,18.88505747126616,2,12H,1,-1.0,SL,-1.1724137931034628,GBPUSD,0.17241379310346286
4457,2020-10-16 13:59:00,-1,11970.74,11984.0,11704.68,13.260000000000218,20.064856711915166,1,1D,1,-1.0,SL,-1.1131221719456994,NAS100,0.1131221719456995
4970,2020-10-19 02:59:00,1,1.29338,1.29234,1.29728,10.399999999999299,3.750000000000267,2,12H,2,-1.0,SL,-1.144230769230779,GBPUSD,0.14423076923077896
4475,2020-10-19 09:59:00,-1,11938.28,11960.61,11704.68,22.329999999999927,10.461262875056029,1,1D,1,-1.0,SL,-1.0671742051052397,NAS100,0.0671742051052398
4988,2020-10-19 18:59:00,-1,105.435,105.477,105.217,4.200000000000159,5.190476190476078,1,12H,2,-1.0,SL,-1.3095238095237978,USDJPY,0.3095238095237978
4990,2020-10-19 20:59:00,-1,1.17695,1.1774499999999999,1.17526,4.999999999999449,3.3800000000003108,1,4H,1,-1.0,SL,-1.2400000000000264,EURUSD,0.24000000000002641
4994,2020-10-20 02:59:00,1,1.29436,1.29338,1.30297,9.799999999999809,8.785714285714464,1,1D,1,-1.0,SL,-1.1530612244897989,GBPUSD,0.1530612244897989
4996,2020-10-20 04:59:00,-1,1.29444,1.29532,1.29027,8.799999999999919,4.738636363636415,1,12H,1,-1.0,SL,-1.170454545454547,GBPUSD,0.17045454545454702
4997,2020-10-20 05:59:00,1,1.29474,1.29368,1.30297,10.600000000000609,7.764150943395742,1,1D,1,-1.0,SL,-1.141509433962256,GBPUSD,0.14150943396225601
4999,2020-10-20 07:59:00,1,1.29436,1.29177,1.30297,25.899999999998702,3.3243243243244933,1,1D,1,-1.0,SL,-1.057915057915061,GBPUSD,0.05791505791506082
5011,2020-10-20 19:59:00,1,1.294,1.29293,1.3024,10.700000000001264,7.850467289718664,2,12H,2,7.850467289718664,TP,7.71028037383083,GBPUSD,0.1401869158878339
4536,2020-10-22 04:59:00,1,3415.252,3411.737,3477.855,3.5149999999998727,17.810241820768802,2,1D,2,-1.0,SL,-1.1706970128022822,SPX500,0.17069701280228214
4558,2020-10-23 04:59:00,1,3459.645,3456.399,3477.855,3.2460000000000946,5.6099815157114925,1,1D,2,-1.0,SL,-1.184842883548978,SPX500,0.18484288354897796
4579,2020-10-26 02:59:00,1,3440.751,3436.239,3477.855,4.512000000000171,8.223404255318796,1,1D,2,-1.0,SL,-1.1329787234042503,SPX500,0.13297872340425027
4586,2020-10-26 09:59:00,1,3428.533,3422.033,3477.855,6.5,7.588000000000018,1,1D,2,-1.0,SL,-1.0923076923076922,SPX500,0.0923076923076923
5103,2020-10-26 12:59:00,-1,104.96,105.06400000000001,104.476,10.400000000001342,4.653846153845502,1,1D,2,4.653846153845502,TP,4.528846153845518,USDJPY,0.12499999999998387
4623,2020-10-28 02:59:00,-1,11547.899,11556.188,11501.409,8.28900000000067,5.608637953914347,2,4H,2,-1.0,SL,-1.1809627216793195,NAS100,0.18096272167931945
5152,2020-10-28 15:59:00,1,1.2981,1.2971300000000001,1.30312,9.699999999999154,5.175257731959239,1,4H,1,-1.0,SL,-1.1546391752577454,GBPUSD,0.15463917525774545
5156,2020-10-28 19:59:00,1,1.29825,1.29778,1.30312,4.699999999999704,10.36170212766055,1,4H,1,-1.0,SL,-1.3191489361702329,GBPUSD,0.3191489361702328
5183,2020-10-29 20:59:00,1,1.16741,1.16674,1.17172,6.699999999999484,6.432835820896072,1,4H,1,-1.0,SL,-1.1791044776119541,EURUSD,0.17910447761195408
5186,2020-10-29 23:59:00,1,1.16741,1.16676,1.17172,6.500000000000394,6.630769230768884,1,4H,1,-1.0,SL,-1.1846153846153733,EURUSD,0.1846153846153734
5196,2020-10-30 09:59:00,1,1.16728,1.16635,1.17172,9.300000000000974,4.774193548386596,1,4H,1,-1.0,SL,-1.1290322580645027,EURUSD,0.1290322580645026
4689,2020-11-02 04:59:00,1,3276.236,3272.039,3304.199,4.196999999999662,6.66261615439658,1,4H,1,-1.0,SL,-1.1429592566118771,SPX500,0.14295925661187714
4689,2020-11-02 04:59:00,1,11066.389,11050.139,11292.099,16.25,13.889846153846213,1,4H,2,-1.0,SL,-1.0923076923076924,NAS100,0.09230769230769231
5224,2020-11-02 15:59:00,1,1.16357,1.1624,1.17042,11.699999999998933,5.854700854701408,1,12H,3,-1.0,SL,-1.102564102564112,EURUSD,0.10256410256411191
5226,2020-11-02 19:59:00,-1,1.28996,1.29074,1.28538,7.800000000000029,5.8717948717948865,1,4H,1,-1.0,SL,-1.1923076923076916,GBPUSD,0.1923076923076916
5228,2020-11-02 21:59:00,-1,1.29154,1.29205,1.28538,5.1000000000001044,12.07843137254866,1,4H,1,-1.0,SL,-1.2941176470588176,GBPUSD,0.2941176470588175
4712,2020-11-03 05:59:00,-1,3323.139,3327.899,3251.439,4.7599999999997635,15.06302521008484,1,12H,1,-1.0,SL,-1.1260504201680734,SPX500,0.1260504201680735
5290,2020-11-05 11:59:00,-1,1.30696,1.30759,1.29125,6.300000000001305,24.9365079365026,1,1D,1,-1.0,SL,-1.2380952380951888,GBPUSD,0.2380952380951888
5301,2020-11-05 20:59:00,1,103.547,103.43199999999999,104.383,11.50000000000091,7.269565217390716,1,4H,2,-1.0,SL,-1.1130434782608607,USDJPY,0.11304347826086063
5308,2020-11-06 03:59:00,-1,1.18241,1.18345,1.17913,10.399999999999299,3.153846153846318,1,4H,3,-1.0,SL,-1.1153846153846232,EURUSD,0.11538461538462316
4804,2020-11-09 09:59:00,-1,3555.745,3564.999,3521.533,9.253999999999905,3.6969958936676397,2,4H,2,-1.0,SL,-1.0648368273179172,SPX500,0.06483682731791723
4839,2020-11-11 00:59:00,1,11623.709,11586.129,11878.188,37.57999999999993,6.771660457690257,2,4H,2,-1.0,SL,-1.0399148483235765,NAS100,0.039914848323576446
4842,2020-11-11 03:59:00,1,11677.699,11643.679,11878.188,34.02000000000044,5.893268665490799,2,4H,2,-1.0,SL,-1.044091710758377,NAS100,0.04409171075837686
5382,2020-11-11 05:59:00,1,1.18248,1.18202,1.19199,4.599999999999049,20.673913043482816,1,1D,1,-1.0,SL,-1.2608695652174453,EURUSD,0.2608695652174452
5386,2020-11-11 09:59:00,1,1.1793,1.17788,1.19199,14.199999999999768,8.936619718310068,1,1D,1,-1.0,SL,-1.0845070422535226,EURUSD,0.0845070422535225
5389,2020-11-11 12:59:00,1,1.17722,1.17526,1.18342,19.599999999999618,3.163265306122502,2,12H,1,-1.0,SL,-1.0612244897959195,EURUSD,0.06122448979591956
4851,2020-11-11 12:59:00,1,3574.751,3567.433,3673.554,7.318000000000211,13.501366493577075,1,1D,2,-1.0,SL,-1.0819896146488088,SPX500,0.08198961464880879
4854,2020-11-11 15:59:00,1,3565.348,3555.545,3673.554,9.802999999999884,11.03804957666035,1,1D,2,-1.0,SL,-1.0612057533408148,SPX500,0.06120575334081476
5392,2020-11-11 15:59:00,1,1.17577,1.17444,1.18342,13.300000000000534,5.751879699247841,2,12H,1,5.751879699247841,TP,5.66165413533807,EURUSD,0.09022556390977081
5399,2020-11-11 22:59:00,1,1.17774,1.17727,1.1792,4.699999999999704,3.1063829787236354,1,4H,1,-1.0,SL,-1.2553191489361861,EURUSD,0.25531914893618624
4867,2020-11-12 06:59:00,1,3549.248,3543.636,3673.554,5.61200000000008,22.150035637918435,1,1D,2,-1.0,SL,-1.1069137562366342,SPX500,0.10691375623663425
5417,2020-11-12 16:59:00,1,105.158,105.08999999999999,105.415,6.800000000001205,3.7794117647052863,1,4H,1,-1.0,SL,-1.1911764705882013,USDJPY,0.19117647058820142
4879,2020-11-12 18:59:00,1,3538.951,3523.336,3673.554,15.615000000000236,8.620108869676466,1,1D,2,-1.0,SL,-1.0384245917387123,SPX500,0.03842459173871219
5420,2020-11-12 19:59:00,-1,1.1806,1.18123,1.17627,6.299999999999084,6.873015873017137,1,4H,1,-1.0,SL,-1.1904761904762182,EURUSD,0.19047619047621817
4881,2020-11-12 20:59:00,1,3537.839,3516.533,3673.554,21.30600000000004,6.369801933727583,1,1D,2,3.074955411621128,tiempo,3.0467943302356026,SPX500,0.02816108138552515
4885,2020-11-13 02:59:00,1,3530.633,3521.433,3568.851,9.199999999999818,4.154130434782724,2,4H,2,4.154130434782724,TP,4.0889130434783745,SPX500,0.06521739130434911
4891,2020-11-13 08:59:00,-1,11900.539,11922.999,11583.289,22.459999999999127,14.125111308994315,1,1D,1,-1.0,SL,-1.0667853962600204,NAS100,0.0667853962600204
5433,2020-11-13 08:59:00,-1,1.18138,1.18237,1.17627,9.899999999998244,5.161616161617249,2,4H,1,-1.0,SL,-1.1212121212121426,EURUSD,0.12121212121214271
4901,2020-11-13 18:59:00,-1,3570.751,3577.251,3517.533,6.5,8.187384615384662,1,12H,1,-1.0,SL,-1.0923076923076922,SPX500,0.0923076923076923
5445,2020-11-13 20:59:00,-1,1.18326,1.18363,1.18082,3.6999999999998145,6.594594594594919,1,4H,1,-1.0,SL,-1.3243243243243406,EURUSD,0.32432432432434055
5464,2020-11-16 15:59:00,1,104.586,104.505,105.041,8.100000000000307,5.61728395061705,1,12H,1,-1.0,SL,-1.1604938271604877,USDJPY,0.16049382716048774
5468,2020-11-16 21:59:00,-1,1.31964,1.32042,1.315,7.800000000000029,5.948717948717897,1,12H,2,-1.0,SL,-1.1923076923076916,GBPUSD,0.1923076923076916
4939,2020-11-17 12:59:00,-1,12032.827,12055.987,11856.779,23.159999999999854,7.601381692573401,1,12H,2,7.601381692573401,TP,7.536614853195163,NAS100,0.06476683937823875
4943,2020-11-17 16:59:00,-1,12005.269,12042.419,11856.779,37.149999999999636,3.9970390309556185,1,12H,2,-1.0,SL,-1.0403768506056532,NAS100,0.04037685060565315
4945,2020-11-17 18:59:00,-1,12016.307,12049.689,11856.779,33.38199999999961,4.7788628602241365,1,12H,2,4.7788628602241365,TP,4.733928464441978,NAS100,0.044934395782158576
5492,2020-11-17 19:59:00,-1,1.18641,1.18704,1.18425,6.300000000001305,3.428571428570623,1,4H,5,-1.0,SL,-1.190476190476151,EURUSD,0.19047619047615102
4961,2020-11-18 12:59:00,1,11996.969,11984.919,12054.987,12.049999999999272,4.814771784232659,1,12H,1,-1.0,SL,-1.1244813278008374,NAS100,0.12448132780083739
4991,2020-11-19 20:59:00,-1,11985.559,12002.879,11856.779,17.320000000001528,7.435334872978491,1,1D,1,-1.0,SL,-1.0866050808314012,NAS100,0.08660508083140113
5557,2020-11-20 12:59:00,-1,1.18715,1.18791,1.18183,7.600000000000939,6.999999999999123,1,12H,1,-1.0,SL,-1.1578947368420858,EURUSD,0.15789473684208574
5559,2020-11-20 14:59:00,-1,1.18692,1.18768,1.18183,7.600000000000939,6.697368421051855,1,12H,1,-1.0,SL,-1.1578947368420858,EURUSD,0.15789473684208574
5565,2020-11-20 20:59:00,-1,1.18581,1.18626,1.18183,4.500000000000615,8.844444444443447,1,12H,1,-1.0,SL,-1.2666666666666302,EURUSD,0.26666666666663025
5016,2020-11-23 01:59:00,-1,11940.069,11953.299,11806.129,13.230000000001382,10.12396069538811,1,1D,2,-1.0,SL,-1.1133786848072444,NAS100,0.11337868480724439
5575,2020-11-23 06:59:00,-1,1.18749,1.18798,1.18161,4.900000000001015,11.99999999999728,1,1D,1,-1.0,SL,-1.2448979591836227,EURUSD,0.24489795918362275
5576,2020-11-23 09:59:00,-1,1.33648,1.33819,1.32948,17.100000000001003,4.093567251461687,1,4H,1,-1.0,SL,-1.087719298245609,GBPUSD,0.08771929824560888
5580,2020-11-23 11:59:00,1,103.71,103.67,104.216,3.999999999999204,12.650000000002523,1,1D,1,12.650000000002523,TP,12.325000000002458,USDJPY,0.3250000000000647
5581,2020-11-23 12:59:00,-1,1.19022,1.1907,1.18161,4.8000000000003595,17.93749999999867,1,1D,1,17.93749999999867,TP,17.68749999999869,EURUSD,0.24999999999998126
5045,2020-11-24 08:59:00,-1,3602.448,3609.499,3548.033,7.050999999999931,7.717345057438732,1,12H,1,-1.0,SL,-1.0850943128634245,SPX500,0.08509431286342446
5046,2020-11-24 09:59:00,1,11949.079,11932.919,12018.897,16.159999999999854,4.320420792079316,1,1D,1,-1.0,SL,-1.0928217821782187,NAS100,0.09282178217821865
5615,2020-11-25 00:59:00,-1,1.33604,1.3367,1.33144,6.6000000000010495,6.969696969695767,1,4H,1,-1.0,SL,-1.227272727272691,GBPUSD,0.22727272727269113
5071,2020-11-25 12:59:00,-1,3631.354,3639.536,3596.033,8.182000000000244,4.3169151796625345,1,12H,1,-1.0,SL,-1.0733317037399146,SPX500,0.0733317037399147
5630,2020-11-25 13:59:00,1,104.405,104.35499999999999,104.597,5.000000000001137,3.8399999999989882,1,4H,2,-1.0,SL,-1.259999999999941,USDJPY,0.2599999999999409
5637,2020-11-25 20:59:00,-1,104.418,104.46300000000001,104.145,4.5000000000001705,6.066666666666666,2,12H,2,-1.0,SL,-1.2888888888888779,USDJPY,0.2888888888888779
5079,2020-11-25 20:59:00,-1,3629.439,3635.499,3596.033,6.059999999999945,5.512541254125454,1,12H,1,-1.0,SL,-1.0990099009901,SPX500,0.0990099009900999
5087,2020-11-26 06:59:00,-1,3639.233,3641.399,3578.642,2.1659999999997126,27.973684210530187,1,1D,2,-1.0,SL,-1.2770083102493444,SPX500,0.27700831024934425
5090,2020-11-26 09:59:00,1,3631.848,3628.439,3656.854,3.4090000000001055,7.335288941038159,1,12H,1,-1.0,SL,-1.1760046934584867,SPX500,0.17600469345848677
5094,2020-11-26 13:59:00,-1,3630.799,3633.354,3617.939,2.5549999999998363,5.0332681017616245,2,12H,2,5.0332681017616245,TP,4.798434442270416,SPX500,0.23483365949120877
5656,2020-11-26 17:59:00,-1,1.3354,1.33636,1.33038,9.600000000000719,5.2291666666663,1,12H,1,-1.0,SL,-1.1562499999999882,GBPUSD,0.1562499999999883
5671,2020-11-27 06:59:00,-1,1.19247,1.19299,1.18818,5.20000000000076,8.249999999998613,1,1D,1,-1.0,SL,-1.230769230769197,EURUSD,0.23076923076919706
5670,2020-11-27 07:59:00,1,1.33681,1.33607,1.33975,7.399999999999629,3.9729729729730945,1,12H,1,-1.0,SL,-1.2027027027027128,GBPUSD,0.20270270270271287
5109,2020-11-27 09:59:00,-1,12192.839,12206.719,12078.719,13.8799999999992,8.221902017291598,1,1D,1,-1.0,SL,-1.108069164265136,NAS100,0.10806916426513591
5109,2020-11-27 09:59:00,-1,3634.539,3640.551,3578.642,6.011999999999716,9.297571523619931,1,1D,2,-1.0,SL,-1.0998003992016014,SPX500,0.09980039920160151
5111,2020-11-27 11:59:00,-1,12194.619,12201.297,12078.719,6.677999999999884,17.35549565738297,1,1D,1,-1.0,SL,-1.224618149146455,NAS100,0.22461814914645495
5114,2020-11-27 14:59:00,-1,3639.439,3645.152,3578.642,5.713000000000193,10.641869420619285,1,1D,2,-1.0,SL,-1.1050236303168177,SPX500,0.10502363031681773
5131,2020-12-01 07:59:00,-1,3654.399,3658.899,3638.833,4.5,3.4591111111110675,2,4H,2,-1.0,SL,-1.1333333333333333,SPX500,0.13333333333333333
5705,2020-12-01 11:59:00,-1,104.377,104.44500000000001,103.68,6.800000000001205,10.249999999998014,1,1D,2,-1.0,SL,-1.1911764705882013,USDJPY,0.19117647058820142
5135,2020-12-01 11:59:00,-1,3663.054,3666.399,3578.642,3.3449999999998,25.235276532139107,1,1D,2,-1.0,SL,-1.1793721973094278,SPX500,0.17937219730942777
5143,2020-12-01 19:59:00,-1,3669.754,3679.554,3578.642,9.800000000000182,9.297142857142692,1,1D,2,-1.0,SL,-1.0612244897959173,SPX500,0.06122448979591723
5720,2020-12-02 02:59:00,-1,104.425,104.47,104.182,4.5000000000001705,5.399999999999684,2,12H,2,-1.0,SL,-1.2888888888888779,USDJPY,0.2888888888888779
5149,2020-12-02 03:59:00,-1,12422.509,12437.599,12346.539,15.090000000000146,5.034459907223234,1,4H,1,-1.0,SL,-1.099403578528826,NAS100,0.09940357852882607
5733,2020-12-02 15:59:00,-1,1.20782,1.21091,1.19601,30.90000000000037,3.8220064724918235,1,12H,1,-1.0,SL,-1.0388349514563102,EURUSD,0.03883495145631021
5163,2020-12-02 17:59:00,-1,3662.748,3667.399,3638.833,4.65099999999984,5.141904966674002,1,12H,2,-1.0,SL,-1.129004515158035,SPX500,0.12900451515803496
5166,2020-12-02 20:59:00,-1,12457.549,12471.099,12314.369,13.549999999999272,10.566789667897268,1,4H,1,-1.0,SL,-1.1107011070110762,NAS100,0.11070110701107605
5763,2020-12-03 21:59:00,-1,1.21454,1.21503,1.21112,4.900000000001015,6.979591836733205,1,4H,1,-1.0,SL,-1.2448979591836227,EURUSD,0.24489795918362275
5764,2020-12-03 22:59:00,1,103.857,103.803,104.339,5.400000000000205,8.925925925925576,1,4H,2,-1.0,SL,-1.2407407407407316,USDJPY,0.24074074074073162
5765,2020-12-03 23:59:00,1,103.833,103.786,104.339,4.699999999999704,10.765957446809193,1,4H,2,-1.0,SL,-1.2765957446808684,USDJPY,0.27659574468086845
5765,2020-12-03 23:59:00,-1,1.21449,1.21507,1.21112,5.800000000000249,5.810344827586121,1,4H,1,-1.0,SL,-1.206896551724129,EURUSD,0.20689655172412902
5192,2020-12-04 02:59:00,1,12489.759,12475.129,12539.489,14.6299999999992,3.3991797676009763,1,4H,1,-1.0,SL,-1.1025290498974765,NAS100,0.10252904989747656
5773,2020-12-04 07:59:00,-1,1.21531,1.21615,1.21112,8.40000000000174,4.988095238094105,1,4H,1,-1.0,SL,-1.1428571428571133,EURUSD,0.14285714285711326
5782,2020-12-04 16:59:00,1,1.2141,1.2132,1.21773,8.999999999999009,4.033333333333802,1,4H,1,-1.0,SL,-1.133333333333348,EURUSD,0.13333333333334801
5788,2020-12-06 22:59:00,-1,1.2127,1.21318,1.2101,4.8000000000003595,5.416666666666127,1,1D,1,-1.0,SL,-1.2499999999999813,EURUSD,0.24999999999998126
5787,2020-12-06 23:59:00,-1,1.34144,1.34221,1.33528,7.699999999999374,8.000000000000577,1,1D,1,-1.0,SL,-1.1948051948052107,GBPUSD,0.19480519480521064
5790,2020-12-07 02:59:00,-1,1.34297,1.34371,1.33528,7.399999999999629,10.391891891892378,1,1D,1,-1.0,SL,-1.2027027027027128,GBPUSD,0.20270270270271287
5227,2020-12-07 15:59:00,-1,3694.639,3698.148,3668.936,3.5090000000000146,7.324878882872576,1,12H,1,7.324878882872576,TP,7.153889997150149,SPX500,0.17098888572242732
5813,2020-12-07 23:59:00,-1,1.21092,1.21144,1.20784,5.20000000000076,5.923076923076003,1,12H,2,-1.0,SL,-1.230769230769197,EURUSD,0.23076923076919706
5815,2020-12-08 01:59:00,-1,104.043,104.10000000000001,103.738,5.700000000000216,5.350877192982373,1,1D,1,-1.0,SL,-1.2280701754385879,USDJPY,0.22807017543858785
5821,2020-12-08 07:59:00,-1,104.077,104.152,103.738,7.500000000000284,4.51999999999981,1,1D,1,-1.0,SL,-1.1733333333333267,USDJPY,0.17333333333332676
5836,2020-12-08 22:59:00,1,1.21054,1.20988,1.21287,6.599999999998829,3.5303030303035707,1,4H,1,3.5303030303035707,TP,3.3484848484853567,EURUSD,0.18181818181821408
5297,2020-12-10 19:59:00,1,12363.977,12356.729,12640.897,7.2480000000014115,38.206401765996986,1,12H,2,-1.0,SL,-1.2069536423840657,NAS100,0.20695364238406566
5884,2020-12-10 22:59:00,-1,104.232,104.29,104.051,5.8000000000006935,3.1206896551719954,1,1D,1,3.1206896551719954,TP,2.8965517241375394,USDJPY,0.22413793103445598
5303,2020-12-11 03:59:00,1,12369.579,12357.207,12640.897,12.371999999999389,21.930003233108188,2,12H,2,-1.0,SL,-1.1212415130940894,NAS100,0.1212415130940894
5311,2020-12-11 11:59:00,1,12301.209,12262.559,12672.589,38.650000000001455,9.608796895213072,1,1D,2,-1.0,SL,-1.0388098318240606,NAS100,0.038809831824060635
5918,2020-12-14 08:59:00,-1,1.21437,1.21574,1.20811,13.700000000000934,4.56934306569307,2,12H,3,-1.0,SL,-1.0875912408759065,EURUSD,0.08759124087590643
5921,2020-12-14 11:59:00,-1,1.21551,1.21615,1.20811,6.399999999999739,11.562500000000586,2,12H,3,-1.0,SL,-1.1875000000000075,EURUSD,0.18750000000000763
5928,2020-12-14 18:59:00,-1,1.21504,1.21616,1.20811,11.200000000000099,6.187499999999839,2,12H,3,-1.0,SL,-1.107142857142856,EURUSD,0.1071428571428562
5340,2020-12-14 18:59:00,1,12513.697,12463.409,12672.589,50.288000000000466,3.159640470887654,1,1D,2,-1.0,SL,-1.029828189627744,NAS100,0.029828189627743917
5936,2020-12-15 02:59:00,-1,1.21588,1.21639,1.21155,5.1000000000001044,8.490196078431525,2,12H,3,-1.0,SL,-1.235294117647054,EURUSD,0.235294117647054
5354,2020-12-15 10:59:00,1,12509.579,12504.519,12672.589,5.059999999999491,32.215415019766134,1,1D,2,-1.0,SL,-1.2964426877470654,NAS100,0.2964426877470654
5948,2020-12-15 14:59:00,1,103.783,103.72099999999999,104.266,6.200000000001182,7.790322580643742,1,1D,1,-1.0,SL,-1.2096774193547988,USDJPY,0.20967741935479872
5951,2020-12-15 17:59:00,1,103.734,103.666,104.266,6.799999999999784,7.8235294117651115,1,1D,1,-1.0,SL,-1.1911764705882413,USDJPY,0.1911764705882414
5955,2020-12-15 21:59:00,1,103.675,103.597,104.266,7.800000000000296,7.576923076922895,1,1D,1,-1.0,SL,-1.1666666666666603,USDJPY,0.16666666666666036
5959,2020-12-16 01:59:00,-1,1.21509,1.21562,1.2121,5.299999999999194,5.641509433963213,3,4H,3,-1.0,SL,-1.226415094339657,EURUSD,0.22641509433965706
5370,2020-12-16 04:59:00,1,12607.319,12602.299,12672.589,5.019999999998618,13.001992031876178,1,1D,2,-1.0,SL,-1.2988047808765764,NAS100,0.2988047808765763
5963,2020-12-16 05:59:00,-1,1.21622,1.21661,1.2121,3.8999999999989043,10.564102564105848,3,4H,3,-1.0,SL,-1.307692307692394,EURUSD,0.30769230769239414
5389,2020-12-17 01:59:00,-1,3702.842,3706.354,3687.054,3.5119999999997162,4.49544419134433,1,12H,1,-1.0,SL,-1.1708428246013804,SPX500,0.17084282460138053
5394,2020-12-17 06:59:00,-1,3712.045,3714.551,3687.054,2.505999999999858,9.972466081405187,1,12H,1,-1.0,SL,-1.239425379090197,SPX500,0.2394253790901971
5396,2020-12-17 08:59:00,-1,3718.851,3723.854,3687.054,5.002999999999702,6.3555866480115775,1,12H,1,-1.0,SL,-1.1199280431741028,SPX500,0.11992804317410269
6027,2020-12-20 23:59:00,1,1.34005,1.33929,1.35482,7.599999999998719,19.434210526319,2,4H,1,-1.0,SL,-1.197368421052665,GBPUSD,0.19736842105266486
6030,2020-12-21 00:59:00,1,1.22191,1.2203600000000001,1.22687,15.499999999999403,3.2000000000000286,1,4H,1,-1.0,SL,-1.0774193548387125,EURUSD,0.07741935483871265
6032,2020-12-21 02:59:00,-1,103.345,103.405,102.873,6.000000000000227,7.866666666666272,1,1D,2,-1.0,SL,-1.2166666666666583,USDJPY,0.21666666666665846
6031,2020-12-21 03:59:00,1,1.33528,1.33348,1.36244,18.000000000000238,15.08888888888873,1,1D,1,-1.0,SL,-1.0833333333333321,GBPUSD,0.08333333333333223
6038,2020-12-21 08:59:00,-1,103.539,103.67200000000001,102.873,13.300000000000978,5.007518796992089,1,1D,2,-1.0,SL,-1.0977443609022484,USDJPY,0.09774436090224846
6038,2020-12-21 10:59:00,1,1.32345,1.31865,1.36244,47.999999999999154,8.122916666666827,1,1D,1,5.793750000000079,tiempo,5.762500000000078,GBPUSD,0.03125000000000055
6044,2020-12-21 14:59:00,-1,103.582,103.632,102.873,5.000000000001137,14.179999999996555,1,1D,2,-1.0,SL,-1.259999999999941,USDJPY,0.2599999999999409
6043,2020-12-21 15:59:00,1,1.33122,1.32883,1.36244,23.900000000001143,13.062761506275537,1,1D,1,9.983263598325879,tiempo,9.92050209204973,GBPUSD,0.06276150627614763
5455,2020-12-22 01:59:00,-1,3691.851,3697.399,3633.846,5.5479999999997744,10.455118961788477,1,4H,3,-1.0,SL,-1.1081470800288435,SPX500,0.10814708002884361
5463,2020-12-22 09:59:00,-1,3694.845,3703.351,3633.846,8.506000000000313,7.171290853514878,1,4H,3,-1.0,SL,-1.0705384434516785,SPX500,0.07053844345167858
6070,2020-12-22 16:59:00,-1,103.631,103.745,102.873,11.400000000000432,6.649122807017253,1,1D,2,-1.0,SL,-1.114035087719294,USDJPY,0.11403508771929392
6073,2020-12-22 19:59:00,-1,103.669,103.732,102.873,6.300000000000239,12.634920634920034,1,1D,2,-1.0,SL,-1.2063492063491985,USDJPY,0.20634920634919854
6083,2020-12-23 05:59:00,1,1.21888,1.21834,1.22115,5.399999999999849,4.203703703703811,1,4H,2,-1.0,SL,-1.2222222222222283,EURUSD,0.2222222222222284
6087,2020-12-23 11:59:00,-1,1.34203,1.34418,1.33036,21.499999999998742,5.427906976744536,1,12H,1,-1.0,SL,-1.0697674418604692,GBPUSD,0.0697674418604692
6091,2020-12-23 15:59:00,-1,1.35215,1.35714,1.33036,49.900000000000496,4.36673346693382,1,12H,1,-1.0,SL,-1.0300601202404807,GBPUSD,0.030060120240480662
6097,2020-12-23 21:59:00,-1,1.34904,1.35166,1.34015,26.200000000000667,3.3931297709923047,2,4H,1,-1.0,SL,-1.0572519083969452,GBPUSD,0.057251908396945106
6112,2020-12-24 10:59:00,-1,103.628,103.703,103.387,7.500000000000284,3.213333333333207,2,4H,2,-1.0,SL,-1.1733333333333267,USDJPY,0.17333333333332676
6142,2020-12-28 09:59:00,1,1.35533,1.35428,1.3587,10.499999999999954,3.2095238095239145,1,4H,1,-1.0,SL,-1.1428571428571435,GBPUSD,0.1428571428571435
6165,2020-12-29 08:59:00,-1,1.35056,1.35234,1.34474,17.80000000000115,3.269662921348068,1,4H,2,-1.0,SL,-1.0842696629213429,GBPUSD,0.08426966292134287
5564,2020-12-30 03:59:00,-1,3736.499,3739.748,3688.248,3.249000000000251,14.851031086486925,1,1D,2,-1.0,SL,-1.1846722068328575,SPX500,0.18467220683285737
5566,2020-12-30 05:59:00,-1,3737.433,3746.251,3688.248,8.818000000000211,5.577795418462097,1,1D,2,-1.0,SL,-1.0680426400544325,SPX500,0.06804264005443249
5576,2020-12-30 15:59:00,-1,3739.836,3745.097,3688.248,5.261000000000422,9.805740353544117,1,1D,2,-1.0,SL,-1.114046759171251,SPX500,0.11404675917125107
6206,2020-12-31 01:59:00,-1,1.36433,1.36494,1.35847,6.099999999999994,9.60655737704915,1,4H,2,-1.0,SL,-1.2459016393442626,GBPUSD,0.2459016393442625
5589,2020-12-31 06:57:00,-1,3731.936,3734.936,3688.248,3.0,14.5626666666667,1,1D,2,-1.0,SL,-1.2,SPX500,0.19999999999999998
6213,2020-12-31 06:59:00,1,103.141,103.10199999999999,103.583,3.900000000001569,11.333333333328596,1,12H,1,-1.0,SL,-1.3333333333331994,USDJPY,0.33333333333319926
5613,2021-01-04 08:59:00,-1,12934.319,12955.689,12809.279,21.3700000000008,5.851193261581393,1,4H,1,-1.0,SL,-1.070191857744499,NAS100,0.07019185774449901
6275,2021-01-05 20:59:00,-1,1.22936,1.23066,1.22304,13.000000000000789,4.861538461538246,2,12H,2,-1.0,SL,-1.0923076923076867,EURUSD,0.0923076923076867
6289,2021-01-06 10:59:00,-1,1.23381,1.23452,1.22091,7.099999999999884,18.169014084507527,1,1D,1,-1.0,SL,-1.169014084507045,EURUSD,0.169014084507045
6301,2021-01-07 00:59:00,-1,1.36225,1.3634,1.35402,11.499999999999844,7.156521739130497,1,4H,3,7.156521739130497,TP,7.0260869565218,GBPUSD,0.13043478260869742
6305,2021-01-07 04:59:00,-1,1.35973,1.36099,1.35402,12.599999999998168,4.531746031746773,1,4H,3,-1.0,SL,-1.1190476190476364,GBPUSD,0.11904761904763636
6307,2021-01-07 04:59:00,-1,1.23246,1.23323,1.22976,7.699999999999374,3.506493506493982,1,4H,1,3.506493506493982,TP,3.350649350649814,EURUSD,0.1558441558441685
6309,2021-01-07 06:59:00,-1,103.209,103.265,102.758,5.5999999999997385,8.05357142857194,1,4H,2,-1.0,SL,-1.232142857142868,USDJPY,0.232142857142868
6361,2021-01-11 10:59:00,1,1.2167,1.21534,1.22178,13.599999999998058,3.735294117647736,1,4H,2,-1.0,SL,-1.0882352941176596,EURUSD,0.08823529411765965
5726,2021-01-11 11:59:00,-1,3806.651,3809.199,3797.454,2.548000000000229,3.6094976452114733,1,4H,1,3.6094976452114733,TP,3.3740188383041163,SPX500,0.23547880690735715
6382,2021-01-12 07:59:00,1,104.162,104.097,104.397,6.500000000001194,3.6153846153839426,1,4H,1,-1.0,SL,-1.1999999999999633,USDJPY,0.1999999999999633
6415,2021-01-13 16:59:00,-1,103.904,103.98700000000001,103.61,8.300000000001262,3.5421686746982197,1,4H,2,-1.0,SL,-1.1566265060240726,USDJPY,0.15662650602407258
5780,2021-01-13 23:59:00,-1,3813.933,3819.436,3790.939,5.503000000000156,4.178448119207612,1,4H,1,-1.0,SL,-1.1090314373977799,SPX500,0.10903143739777993
6430,2021-01-14 07:59:00,-1,104.029,104.10600000000001,103.525,7.700000000001239,6.545454545453371,1,12H,1,-1.0,SL,-1.1688311688311417,USDJPY,0.16883116883114166
6438,2021-01-14 17:59:00,-1,1.36888,1.37117,1.3504,22.899999999999032,8.069868995633552,1,1D,1,3.5152838427949575,tiempo,3.449781659388841,GBPUSD,0.0655021834061163
5816,2021-01-15 13:59:00,-1,12899.899,12917.119,12831.329,17.220000000001164,3.981997677119342,2,1D,2,-1.0,SL,-1.0871080139372764,NAS100,0.08710801393727634
6462,2021-01-15 15:59:00,-1,103.862,103.90700000000001,103.525,4.500000000001592,7.488888888885998,1,1D,2,-1.0,SL,-1.2888888888887866,USDJPY,0.2888888888887867
6498,2021-01-19 03:59:00,-1,104.003,104.092,103.616,8.899999999999864,4.348314606741645,2,12H,2,4.348314606741645,TP,4.202247191011305,USDJPY,0.14606741573033932
6500,2021-01-19 05:59:00,1,1.20969,1.20899,1.21624,6.999999999999229,9.357142857143968,1,1D,2,-1.0,SL,-1.1714285714285904,EURUSD,0.1714285714285903
6502,2021-01-19 07:59:00,-1,104.003,104.095,103.616,9.199999999999875,4.206521739130497,2,12H,2,4.206521739130497,TP,4.065217391304408,USDJPY,0.1413043478260889
6504,2021-01-19 09:59:00,-1,104.014,104.06800000000001,103.616,5.400000000001626,7.37037037036808,2,12H,2,7.37037037036808,TP,7.129629629627411,USDJPY,0.24074074074066829
6510,2021-01-19 15:59:00,1,1.21281,1.21177,1.21624,10.399999999999299,3.298076923077188,1,1D,2,-1.0,SL,-1.1153846153846232,EURUSD,0.11538461538462316
6515,2021-01-19 22:59:00,1,1.3633,1.36242,1.36977,8.799999999999919,7.3522727272727675,1,1D,1,7.3522727272727675,TP,7.181818181818221,GBPUSD,0.17045454545454702
6517,2021-01-19 22:59:00,1,1.21276,1.21218,1.21624,5.800000000000249,5.999999999999617,1,1D,2,-1.0,SL,-1.206896551724129,EURUSD,0.20689655172412902
6532,2021-01-20 13:59:00,1,1.2107,1.20944,1.21624,12.600000000000389,4.3968253968251645,1,1D,2,-1.0,SL,-1.0952380952380922,EURUSD,0.09523809523809229
6535,2021-01-20 18:59:00,1,1.36471,1.3634600000000001,1.36977,12.499999999999734,4.04799999999996,2,1D,1,4.04799999999996,TP,3.9279999999999573,GBPUSD,0.12000000000000256
6538,2021-01-20 19:59:00,1,1.2107,1.21019,1.21624,5.1000000000001044,10.862745098038754,1,1D,2,-1.0,SL,-1.235294117647054,EURUSD,0.235294117647054
6539,2021-01-20 20:59:00,1,1.2107,1.20978,1.21624,9.200000000000319,6.021739130434441,1,1D,2,6.021739130434441,TP,5.89130434782575,EURUSD,0.13043478260869112
6539,2021-01-20 22:58:00,1,1.36529,1.36453,1.37051,7.599999999998719,6.86842105263274,2,4H,1,6.86842105263274,TP,6.671052631580075,GBPUSD,0.19736842105266486
6553,2021-01-21 10:59:00,-1,1.21389,1.21479,1.20739,9.00000000000123,7.2222222222211805,1,1D,1,-1.0,SL,-1.133333333333315,EURUSD,0.13333333333331512
6558,2021-01-21 15:59:00,-1,1.21512,1.21711,1.20739,19.899999999999363,3.8844221105528955,1,1D,1,-1.0,SL,-1.0603015075376905,EURUSD,0.06030150753769037
6564,2021-01-21 21:59:00,-1,1.2164,1.21709,1.20739,6.900000000000794,13.057971014491196,1,1D,1,-1.0,SL,-1.1739130434782408,EURUSD,0.17391304347824085
5933,2021-01-25 01:59:00,-1,3852.999,3856.639,3830.036,3.6400000000003274,6.308516483515844,1,4H,1,-1.0,SL,-1.16483516483515,SPX500,0.16483516483515
6602,2021-01-25 11:59:00,-1,1.21567,1.21635,1.21093,6.800000000000139,6.970588235293926,1,1D,2,6.970588235293926,TP,6.794117647058635,EURUSD,0.1764705882352905
6604,2021-01-25 15:59:00,1,1.36707,1.36507,1.37359,20.000000000000018,3.2600000000000375,2,12H,3,-1.0,SL,-1.075,GBPUSD,0.07499999999999993
6605,2021-01-25 16:59:00,1,1.36655,1.36474,1.37359,18.099999999998673,3.889502762431311,2,12H,3,-1.0,SL,-1.0828729281768017,GBPUSD,0.08287292817680166
6611,2021-01-25 20:59:00,1,1.21413,1.2135,1.21625,6.299999999999084,3.3650793650800477,1,4H,2,-1.0,SL,-1.1904761904762182,EURUSD,0.19047619047621817
6617,2021-01-26 02:59:00,-1,1.21423,1.21471,1.21093,4.8000000000003595,6.874999999999191,1,1D,2,6.874999999999191,TP,6.6249999999992095,EURUSD,0.24999999999998126
6620,2021-01-26 05:59:00,1,1.2131,1.21259,1.21625,5.1000000000001044,6.176470588235141,1,4H,2,-1.0,SL,-1.235294117647054,EURUSD,0.235294117647054
5976,2021-01-27 00:59:00,1,3853.842,3850.636,3870.054,3.206000000000131,5.056768558951755,1,4H,2,-1.0,SL,-1.187149095446031,SPX500,0.18714909544603103
6643,2021-01-27 04:59:00,1,1.21572,1.2152,1.21832,5.199999999998539,5.000000000001708,1,1D,1,-1.0,SL,-1.2307692307692957,EURUSD,0.2307692307692956
6649,2021-01-27 10:59:00,1,1.2131,1.21177,1.21758,13.300000000000534,3.3684210526314735,2,12H,1,-1.0,SL,-1.0902255639097709,EURUSD,0.09022556390977081
6652,2021-01-27 13:59:00,1,1.21112,1.20971,1.21758,14.099999999999113,4.581560283688325,2,12H,1,-1.0,SL,-1.0851063829787289,EURUSD,0.08510638297872876
6659,2021-01-27 20:59:00,1,1.21048,1.20922,1.21758,12.600000000000389,5.634920634920546,2,12H,1,-1.0,SL,-1.0952380952380922,EURUSD,0.09523809523809229
6664,2021-01-28 01:59:00,-1,1.21014,1.21069,1.20677,5.5000000000005045,6.127272727272338,1,4H,1,-1.0,SL,-1.2181818181817983,EURUSD,0.21818181818179816
6007,2021-01-28 09:59:00,1,3727.345,3712.542,3792.648,14.802999999999884,4.411470647841711,1,4H,2,4.411470647841711,TP,4.3709383233129,SPX500,0.040532324528812044
6673,2021-01-28 10:59:00,-1,1.21086,1.21183,1.20677,9.699999999999154,4.216494845361346,1,4H,1,-1.0,SL,-1.1237113402061965,EURUSD,0.12371134020619635
6022,2021-01-29 02:59:00,1,3763.842,3756.642,3837.854,7.200000000000273,10.279444444444016,2,12H,1,-1.0,SL,-1.0833333333333302,SPX500,0.08333333333333018
6687,2021-01-29 02:59:00,1,1.3713,1.37054,1.37585,7.599999999998719,5.986842105264238,1,1D,2,-1.0,SL,-1.197368421052665,GBPUSD,0.19736842105266486
6689,2021-01-29 04:59:00,1,1.37079,1.36942,1.37585,13.699999999998713,3.6934306569347006,1,1D,2,-1.0,SL,-1.1094890510949007,GBPUSD,0.1094890510949008
6028,2021-01-29 08:59:00,1,3749.136,3726.842,3837.854,22.29399999999987,3.9794563559702327,2,12H,1,-1.0,SL,-1.0269130707813763,SPX500,0.02691307078137631
6703,2021-01-29 18:59:00,1,1.37091,1.36954,1.37585,13.700000000000934,3.605839416058108,1,1D,2,-1.0,SL,-1.109489051094883,GBPUSD,0.10948905109488305
6038,2021-01-29 18:59:00,1,3707.951,3691.433,3830.197,16.51800000000003,7.400774912216968,2,12H,1,-1.0,SL,-1.0363240101707227,SPX500,0.03632401017072278
6712,2021-02-01 01:59:00,-1,1.21271,1.21373,1.20944,10.200000000000209,3.205882352940997,1,12H,1,3.205882352940997,TP,3.08823529411747,EURUSD,0.117647058823527
6713,2021-02-01 04:59:00,-1,1.37321,1.37401,1.3657,7.999999999999119,9.387500000001193,2,12H,2,-1.0,SL,-1.1875000000000207,GBPUSD,0.18750000000002065
6715,2021-02-01 04:59:00,-1,1.21275,1.21339,1.20944,6.399999999999739,5.171875000000092,1,12H,1,5.171875000000092,TP,4.984375000000084,EURUSD,0.18750000000000763
6717,2021-02-01 06:59:00,-1,1.21292,1.21336,1.20944,4.3999999999999595,7.909090909090818,1,12H,1,7.909090909090818,TP,7.6363636363635425,EURUSD,0.2727272727272752
6763,2021-02-03 04:59:00,1,1.20432,1.2038200000000001,1.20877,4.999999999999449,8.900000000000666,1,12H,1,-1.0,SL,-1.2400000000000264,EURUSD,0.24000000000002641
6109,2021-02-04 01:59:00,1,3834.642,3830.633,3850.836,4.0090000000000146,4.039411324519806,1,12H,2,-1.0,SL,-1.1496632576702415,SPX500,0.1496632576702414
6787,2021-02-04 04:59:00,1,1.20197,1.20147,1.205,4.999999999999449,6.060000000000843,1,12H,1,-1.0,SL,-1.2400000000000264,EURUSD,0.24000000000002641
6112,2021-02-04 04:59:00,1,3822.942,3818.939,3850.836,4.003000000000156,6.9682737946536815,1,12H,2,-1.0,SL,-1.1498875843117604,SPX500,0.1498875843117603
6115,2021-02-04 07:59:00,-1,13426.839,13461.349,13240.999,34.51000000000022,5.385105766444479,1,1D,1,-1.0,SL,-1.0434656621269194,NAS100,0.043465662126919456
6120,2021-02-04 12:59:00,-1,13457.739,13463.899,13240.999,6.1599999999998545,35.18506493506573,1,1D,1,-1.0,SL,-1.2435064935064992,NAS100,0.24350649350649925
6842,2021-02-08 11:59:00,-1,1.20295,1.20401,1.19686,10.600000000000609,5.745283018867528,1,12H,1,-1.0,SL,-1.1132075471698049,EURUSD,0.11320754716980481
6846,2021-02-08 15:59:00,-1,1.20465,1.2066999999999999,1.19686,20.499999999998852,3.8000000000001948,1,12H,1,-1.0,SL,-1.0585365853658568,EURUSD,0.05853658536585693
6847,2021-02-08 18:59:00,-1,1.37394,1.37448,1.36717,5.399999999999849,12.537037037037281,1,12H,2,-1.0,SL,-1.2777777777777855,GBPUSD,0.2777777777777855
6851,2021-02-08 20:59:00,-1,1.20518,1.20585,1.20196,6.700000000001705,4.805970149252509,2,4H,1,-1.0,SL,-1.1791044776118946,EURUSD,0.1791044776118947
6852,2021-02-08 21:59:00,-1,105.208,105.25500000000001,104.975,4.7000000000011255,4.9574468085095384,1,1D,2,-1.0,SL,-1.276595744680785,USDJPY,0.27659574468078485
6176,2021-02-09 02:59:00,-1,13680.989,13690.589,13627.329,9.600000000000364,5.589583333333106,1,4H,2,-1.0,SL,-1.156249999999994,NAS100,0.1562499999999941
6176,2021-02-09 02:59:00,-1,3915.633,3919.048,3897.937,3.4149999999999636,5.181844802342636,1,4H,2,-1.0,SL,-1.1756954612005874,SPX500,0.17569546120058752
6862,2021-02-09 09:59:00,-1,1.37806,1.37899,1.3737,9.299999999998754,4.688172043011533,2,4H,2,-1.0,SL,-1.1612903225806668,GBPUSD,0.16129032258066678
6186,2021-02-09 12:59:00,-1,13673.949,13685.719,13627.329,11.769999999998618,3.9609175870863447,2,4H,2,-1.0,SL,-1.1274426508071518,NAS100,0.12744265080715175
6195,2021-02-09 23:59:00,-1,3915.245,3919.552,3891.733,4.307000000000244,5.459020199674573,1,1D,1,-1.0,SL,-1.1393081030879884,SPX500,0.13930810308798838
6198,2021-02-10 02:59:00,-1,3924.748,3927.099,3891.733,2.3510000000001128,14.042960442364222,1,1D,1,-1.0,SL,-1.2552105487026675,SPX500,0.25521054870266746
6901,2021-02-10 22:59:00,1,104.61,104.562,105.262,4.800000000000182,13.58333333333284,1,1D,1,-1.0,SL,-1.270833333333323,USDJPY,0.2708333333333231
6906,2021-02-11 05:59:00,-1,1.38466,1.38527,1.38023,6.099999999999994,7.262295081967111,1,12H,2,-1.0,SL,-1.2459016393442626,GBPUSD,0.2459016393442625
6910,2021-02-11 07:59:00,1,104.584,104.539,105.262,4.5000000000001705,15.066666666666036,1,1D,1,15.066666666666036,TP,14.777777777777159,USDJPY,0.2888888888888779
6913,2021-02-11 10:59:00,1,104.72,104.649,105.262,7.099999999999795,7.6338028169016505,1,1D,1,-1.0,SL,-1.183098591549301,USDJPY,0.18309859154930105
6922,2021-02-11 19:59:00,-1,104.755,104.80300000000001,104.549,4.800000000001603,4.291666666665002,1,4H,3,-1.0,SL,-1.2708333333332429,USDJPY,0.2708333333332429
6923,2021-02-11 22:59:00,1,1.3816,1.38092,1.38449,6.800000000000139,4.25,2,4H,2,-1.0,SL,-1.220588235294113,GBPUSD,0.22058823529411312
6928,2021-02-12 03:59:00,1,1.37902,1.37849,1.38658,5.299999999999194,14.264150943398416,1,1D,2,-1.0,SL,-1.2830188679245713,GBPUSD,0.2830188679245713
6244,2021-02-12 04:59:00,-1,13714.039,13724.297,13646.009,10.25799999999981,6.631897055956513,1,4H,2,-1.0,SL,-1.1462273347631144,NAS100,0.14622733476311442
6946,2021-02-12 21:59:00,-1,1.38497,1.38567,1.38167,6.999999999999229,4.714285714286349,1,4H,1,-1.0,SL,-1.214285714285738,GBPUSD,0.2142857142857379
6956,2021-02-15 05:59:00,1,105.047,105.0,105.262,4.699999999999704,4.574468085106743,1,1D,1,4.574468085106743,TP,4.297872340425875,USDJPY,0.27659574468086845
7002,2021-02-17 05:59:00,-1,1.38909,1.3899299999999999,1.38556,8.399999999999519,4.202380952381232,1,1D,1,-1.0,SL,-1.1785714285714388,GBPUSD,0.1785714285714388
7028,2021-02-18 05:59:00,-1,105.869,105.917,105.179,4.800000000000182,14.374999999999408,2,1D,2,-1.0,SL,-1.270833333333323,USDJPY,0.2708333333333231
7027,2021-02-18 06:59:00,1,1.38512,1.38413,1.38862,9.899999999998244,3.5353535353542216,1,4H,1,-1.0,SL,-1.1515151515151785,GBPUSD,0.1515151515151784
7033,2021-02-18 10:59:00,-1,105.725,105.787,105.179,6.200000000001182,8.806451612901421,2,1D,2,-1.0,SL,-1.2096774193547988,USDJPY,0.20967741935479872
7035,2021-02-18 12:59:00,-1,105.708,105.778,105.179,7.000000000000739,7.557142857142007,2,1D,2,-1.0,SL,-1.1857142857142662,USDJPY,0.18571428571426613
7038,2021-02-18 15:59:00,-1,105.783,105.88900000000001,105.179,10.600000000000875,5.698113207546692,2,1D,2,5.698113207546692,TP,5.5754716981127395,USDJPY,0.12264150943395213
7041,2021-02-18 18:59:00,-1,1.20804,1.2086999999999999,1.20232,6.599999999998829,8.666666666668124,1,12H,1,-1.0,SL,-1.181818181818214,EURUSD,0.18181818181821408
7044,2021-02-18 21:59:00,-1,1.20908,1.20955,1.20232,4.699999999999704,14.382978723404898,1,12H,1,-1.0,SL,-1.2553191489361861,EURUSD,0.25531914893618624
7047,2021-02-19 00:59:00,-1,105.668,105.75200000000001,105.179,8.400000000000318,5.821428571428402,2,1D,2,-1.0,SL,-1.1547619047618989,USDJPY,0.1547619047618989
6350,2021-02-19 03:59:00,1,13570.889,13552.049,13724.787,18.839999999998327,8.168683651805452,1,12H,2,8.168683651805452,TP,8.08906581741054,NAS100,0.07961783439491153
7054,2021-02-19 07:59:00,-1,105.604,105.70700000000001,105.179,10.300000000000864,4.126213592232636,2,1D,2,-1.0,SL,-1.1262135922329992,USDJPY,0.12621359223299913
7062,2021-02-19 15:59:00,-1,1.21281,1.21346,1.20904,6.500000000000394,5.799999999999727,1,4H,1,-1.0,SL,-1.1846153846153733,EURUSD,0.1846153846153734
7071,2021-02-22 00:59:00,-1,1.21235,1.2132,1.20904,8.500000000000174,3.894117647058916,2,4H,1,-1.0,SL,-1.1411764705882324,EURUSD,0.1411764705882324
6374,2021-02-22 06:59:00,1,3897.599,3891.731,3917.299,5.867999999999938,3.3571915473756007,1,4H,1,-1.0,SL,-1.1022494887525573,SPX500,0.10224948875255731
7079,2021-02-22 08:59:00,-1,105.77,105.855,105.179,8.500000000000796,6.952941176469866,1,1D,1,6.952941176469866,TP,6.799999999999292,USDJPY,0.15294117647057393
6385,2021-02-22 16:59:00,1,13327.789,13286.799,13536.709,40.98999999999978,5.096852890949041,1,4H,2,-1.0,SL,-1.0365942912905588,NAS100,0.03659429129055887
7096,2021-02-23 01:59:00,1,104.951,104.91199999999999,105.146,3.900000000000148,5.0,1,4H,2,5.0,TP,4.666666666666679,USDJPY,0.3333333333333207
7117,2021-02-23 22:59:00,-1,1.21491,1.21548,1.20911,5.699999999999594,10.175438596492,1,1D,2,-1.0,SL,-1.2105263157894885,EURUSD,0.21052631578948866
7120,2021-02-24 01:59:00,-1,105.419,105.497,105.063,7.800000000000296,4.564102564102321,2,4H,1,-1.0,SL,-1.1666666666666603,USDJPY,0.16666666666666036
6414,2021-02-24 02:59:00,1,3879.245,3875.736,3899.051,3.5090000000000146,5.644343117697337,2,12H,1,-1.0,SL,-1.1709888857224273,SPX500,0.17098888572242732
7126,2021-02-24 07:59:00,-1,1.21554,1.21617,1.20911,6.299999999999084,10.206349206350941,1,1D,2,-1.0,SL,-1.1904761904762182,EURUSD,0.19047619047621817
7145,2021-02-25 02:59:00,1,1.21599,1.21549,1.21801,4.999999999999449,4.040000000000711,1,12H,3,4.040000000000711,TP,3.800000000000684,EURUSD,0.24000000000002641
6439,2021-02-25 05:59:00,-1,3933.554,3937.899,3916.645,4.3449999999998,3.891599539701009,1,4H,1,3.891599539701009,TP,3.7535097813580798,SPX500,0.13808975834292925
7147,2021-02-25 06:59:00,1,1.41598,1.41505,1.42415,9.300000000000974,8.78494623655823,1,12H,1,-1.0,SL,-1.1612903225806281,GBPUSD,0.16129032258062825
7158,2021-02-25 15:59:00,-1,1.2223,1.22443,1.20911,21.299999999999653,6.192488262910915,1,1D,2,6.192488262910915,TP,6.1361502347419,EURUSD,0.056338028169015
7184,2021-02-26 19:59:00,-1,1.39448,1.3958599999999999,1.38876,13.799999999999368,4.144927536232036,1,4H,2,-1.0,SL,-1.108695652173918,GBPUSD,0.10869565217391802
7190,2021-03-01 01:59:00,-1,1.39853,1.4,1.38876,14.699999999998603,6.646258503402031,1,4H,2,6.646258503402031,TP,6.5442176870754905,GBPUSD,0.10204081632654032
6491,2021-03-01 12:59:00,1,13068.837,13046.589,13359.399,22.247999999999593,13.060140237324937,1,1D,1,-1.0,SL,-1.0674217907227628,NAS100,0.06742179072276283
7207,2021-03-01 18:59:00,1,1.39199,1.39025,1.3978,17.400000000000748,3.3390804597698973,1,4H,1,-1.0,SL,-1.0862068965517204,GBPUSD,0.08620689655172042
6497,2021-03-01 18:59:00,1,13211.999,13180.607,13359.399,31.391999999999825,4.695463812436304,1,1D,1,-1.0,SL,-1.0477828746177373,NAS100,0.04778287461773727
6504,2021-03-02 03:59:00,1,13255.989,13233.257,13359.399,22.73199999999997,4.5490937884919935,1,1D,1,-1.0,SL,-1.0659862748548303,NAS100,0.06598627485483027
7220,2021-03-02 05:59:00,1,1.20215,1.20154,1.21011,6.099999999999994,13.049180327868811,1,12H,1,-1.0,SL,-1.19672131147541,EURUSD,0.19672131147541
7224,2021-03-02 09:59:00,1,1.20061,1.19906,1.21011,15.499999999999403,6.129032258064793,1,12H,1,6.129032258064793,TP,6.05161290322608,EURUSD,0.07741935483871265
6514,2021-03-02 13:59:00,-1,13264.679,13285.889,13037.319,21.209999999999127,10.719471947195188,1,12H,1,-1.0,SL,-1.0707213578500736,NAS100,0.07072135785007364
7242,2021-03-03 03:59:00,-1,106.839,106.888,106.364,4.900000000000659,9.693877551018987,1,1D,1,-1.0,SL,-1.265306122448944,USDJPY,0.2653061224489439
6529,2021-03-03 06:59:00,-1,13151.099,13166.797,13037.319,15.69800000000032,7.248057077334586,2,12H,1,-1.0,SL,-1.0955535737036546,NAS100,0.09555357370365457
6531,2021-03-03 08:59:00,-1,13161.659,13196.199,13037.319,34.54000000000087,3.5998841922407934,2,12H,1,3.5998841922407934,TP,3.5564562825708466,NAS100,0.043427909669946786
7254,2021-03-03 15:59:00,-1,106.972,107.16300000000001,106.364,19.10000000000167,3.183246073298098,1,1D,1,-1.0,SL,-1.068062827225125,USDJPY,0.06806282722512494
7257,2021-03-03 18:59:00,-1,1.20727,1.20795,1.20349,6.800000000000139,5.558823529411822,2,4H,4,5.558823529411822,TP,5.382352941176531,EURUSD,0.1764705882352905
7259,2021-03-03 22:59:00,-1,1.39486,1.39589,1.38587,10.300000000000864,8.728155339805145,1,1D,2,-1.0,SL,-1.1456310679611528,GBPUSD,0.14563106796115283
7264,2021-03-04 03:59:00,-1,1.39381,1.39452,1.38587,7.099999999999884,11.18309859154956,1,1D,2,-1.0,SL,-1.2112676056338063,GBPUSD,0.21126760563380625
7268,2021-03-04 07:59:00,-1,1.39552,1.39692,1.38587,13.999999999998458,6.892857142858015,1,1D,2,-1.0,SL,-1.107142857142869,GBPUSD,0.10714285714286895
7272,2021-03-04 11:59:00,-1,1.39381,1.39522,1.38587,14.099999999999113,5.63120567375926,1,1D,2,-1.0,SL,-1.106382978723411,GBPUSD,0.10638297872341095
7284,2021-03-04 23:59:00,1,1.38933,1.38821,1.40171,11.200000000000099,11.053571428571383,1,4H,2,-1.0,SL,-1.1339285714285703,GBPUSD,0.13392857142857026
7291,2021-03-05 06:59:00,1,1.38841,1.3876,1.39101,8.099999999999774,3.209876543210161,1,4H,2,-1.0,SL,-1.1851851851851904,GBPUSD,0.18518518518519034
7316,2021-03-08 07:59:00,1,1.38174,1.37989,1.39062,18.499999999999073,4.80000000000024,1,12H,1,4.80000000000024,TP,4.7189189189191545,GBPUSD,0.08108108108108515
6598,2021-03-08 10:59:00,-1,3816.636,3820.199,3730.733,3.563000000000102,24.1097389840015,1,12H,2,-1.0,SL,-1.168397417906254,SPX500,0.16839741790625395
6601,2021-03-08 12:59:00,-1,12486.759,12522.797,12213.369,36.038000000000466,7.586159054331425,1,12H,2,-1.0,SL,-1.0416227315611293,NAS100,0.04162273156112938
7323,2021-03-08 14:59:00,1,1.3828,1.38206,1.39062,7.399999999999629,10.567567567568014,1,12H,1,-1.0,SL,-1.2027027027027128,GBPUSD,0.20270270270271287
6602,2021-03-08 14:59:00,-1,3843.739,3865.254,3730.733,21.514999999999873,5.252428538229167,1,12H,2,-1.0,SL,-1.0278875203346505,SPX500,0.027887520334650407
6603,2021-03-08 14:59:00,-1,12582.759,12702.699,12213.369,119.94000000000051,3.0797898949474556,1,12H,2,-1.0,SL,-1.0125062531265632,NAS100,0.012506253126563229
6604,2021-03-08 16:59:00,-1,3856.799,3879.251,3730.733,22.452000000000226,5.614911811865247,1,12H,2,-1.0,SL,-1.0267236771779795,SPX500,0.02672367717797942
6606,2021-03-08 17:59:00,1,12527.969,12486.059,12802.369,41.909999999999854,6.547363397757156,1,1D,2,-1.0,SL,-1.0357909806728705,NAS100,0.03579098067287056
7332,2021-03-08 21:59:00,-1,108.866,108.94300000000001,107.819,7.700000000001239,13.597402597400372,1,12H,2,-1.0,SL,-1.1688311688311417,USDJPY,0.16883116883114166
7330,2021-03-08 21:59:00,1,1.38183,1.38135,1.38562,4.799999999998139,7.895833333336774,2,4H,3,-1.0,SL,-1.3125000000001212,GBPUSD,0.3125000000001212
6611,2021-03-09 00:59:00,-1,12369.339,12391.389,12213.369,22.049999999999272,7.073469387755305,1,12H,2,-1.0,SL,-1.068027210884356,NAS100,0.06802721088435598
6624,2021-03-09 13:59:00,-1,12598.809,12608.899,12213.369,10.090000000000146,38.20019821605482,1,12H,2,-1.0,SL,-1.1486620416253694,NAS100,0.1486620416253695
7365,2021-03-10 06:59:00,1,1.18774,1.18678,1.19321,9.600000000000719,5.6979166666663295,1,1D,1,5.6979166666663295,TP,5.572916666666339,EURUSD,0.12499999999999063
7398,2021-03-11 17:59:00,-1,1.39696,1.3981999999999999,1.39301,12.399999999999078,3.1854838709678965,1,4H,1,-1.0,SL,-1.1209677419354929,GBPUSD,0.12096774193549287
7421,2021-03-12 14:59:00,-1,109.002,109.155,108.309,15.30000000000058,4.529411764705697,1,1D,1,-1.0,SL,-1.0849673202614347,USDJPY,0.08496732026143469
7429,2021-03-14 20:59:00,1,1.19489,1.19429,1.19899,5.999999999999339,6.833333333334074,1,1D,2,-1.0,SL,-1.200000000000022,EURUSD,0.20000000000002202
6704,2021-03-15 03:59:00,1,12952.649,12925.759,13093.589,26.889999999999418,5.241353663071906,1,12H,1,-1.0,SL,-1.0557828188917826,NAS100,0.05578281889178254
7438,2021-03-15 05:59:00,1,1.1935,1.19245,1.19899,10.499999999999954,5.228571428571446,1,1D,2,-1.0,SL,-1.1142857142857148,EURUSD,0.11428571428571478
6706,2021-03-15 05:59:00,1,12914.019,12881.629,13093.589,32.38999999999942,5.543995060203858,1,12H,1,-1.0,SL,-1.0463105896881761,NAS100,0.046310589688176196
7442,2021-03-15 09:59:00,1,1.19303,1.19182,1.19899,12.099999999999334,4.925619834710987,1,1D,2,-1.0,SL,-1.0991735537190137,EURUSD,0.09917355371901372
6710,2021-03-15 09:59:00,1,12971.109,12950.419,13093.589,20.69000000000051,5.9197680038664355,1,12H,1,-1.0,SL,-1.0724987916868034,NAS100,0.07249879168680344
7444,2021-03-15 11:59:00,1,1.19247,1.19197,1.19899,4.999999999999449,13.040000000001598,1,1D,2,-1.0,SL,-1.2400000000000264,EURUSD,0.24000000000002641
7458,2021-03-16 01:59:00,1,1.19262,1.1921,1.19674,5.20000000000076,7.923076923075576,2,12H,2,-1.0,SL,-1.230769230769197,EURUSD,0.23076923076919706
7487,2021-03-17 08:59:00,1,1.39,1.38911,1.39495,8.899999999998354,5.561797752810029,1,1D,1,-1.0,SL,-1.168539325842728,GBPUSD,0.1685393258427278
7498,2021-03-17 19:59:00,-1,1.39627,1.39717,1.38609,9.00000000000123,11.311111111109406,1,12H,1,-1.0,SL,-1.1666666666666439,GBPUSD,0.1666666666666439
7500,2021-03-17 21:59:00,-1,1.39625,1.39758,1.38609,13.300000000000534,7.639097744360556,1,12H,1,-1.0,SL,-1.1127819548872135,GBPUSD,0.11278195488721351
7515,2021-03-18 10:59:00,-1,1.1941,1.19507,1.18912,9.700000000001374,5.134020618555958,1,12H,1,5.134020618555958,TP,5.01030927834979,EURUSD,0.12371134020616803
7518,2021-03-18 15:59:00,-1,1.39321,1.39534,1.38506,21.299999999999653,3.8262910798123166,1,12H,1,-1.0,SL,-1.0704225352112688,GBPUSD,0.07042253521126876
7522,2021-03-18 19:59:00,-1,1.39277,1.39391,1.38506,11.399999999999189,6.763157894737416,1,12H,1,-1.0,SL,-1.1315789473684303,GBPUSD,0.13157894736843043
7524,2021-03-18 19:59:00,-1,1.19132,1.19194,1.18912,6.200000000000649,3.5483870967737894,1,12H,1,-1.0,SL,-1.1935483870967538,EURUSD,0.1935483870967539
7528,2021-03-19 01:59:00,-1,1.39091,1.39178,1.38506,8.699999999999264,6.724137931035204,2,1D,1,-1.0,SL,-1.1724137931034628,GBPUSD,0.17241379310346286
7546,2021-03-19 17:59:00,-1,1.19081,1.19134,1.18861,5.300000000001415,4.150943396225269,1,1D,1,4.150943396225269,TP,3.924528301885707,EURUSD,0.2264150943395622
7553,2021-03-22 00:59:00,1,1.18844,1.18741,1.19371,10.299999999998644,5.116504854369711,1,12H,2,5.116504854369711,TP,5.000000000000764,EURUSD,0.11650485436894738
6815,2021-03-22 04:59:00,1,12928.277,12908.569,13276.287,19.70800000000054,17.658311345645966,1,1D,1,-1.0,SL,-1.0761112238684778,NAS100,0.07611122386847773
7559,2021-03-22 06:59:00,1,1.18841,1.18734,1.19371,10.699999999999044,4.953271028037903,1,12H,2,4.953271028037903,TP,4.841121495327612,EURUSD,0.11214953271029039
6830,2021-03-22 21:59:00,1,13089.519,13075.299,13276.287,14.219999999999345,13.13417721519048,1,1D,1,-1.0,SL,-1.1054852320675155,NAS100,0.10548523206751541
6835,2021-03-23 02:59:00,1,13042.949,13023.299,13276.287,19.649999999999636,11.874707379135067,1,1D,1,-1.0,SL,-1.0763358778625969,NAS100,0.07633587786259684
7580,2021-03-23 03:59:00,1,108.733,108.68799999999999,109.325,4.500000000001592,13.155555555550874,1,1D,3,-1.0,SL,-1.2888888888887866,USDJPY,0.2888888888887867
6848,2021-03-23 15:59:00,1,13131.699,13084.959,13276.287,46.73999999999978,3.0934531450577754,1,1D,1,-1.0,SL,-1.03209242618742,NAS100,0.03209242618741992
6855,2021-03-24 00:59:00,-1,13049.509,13085.489,12836.219,35.97999999999956,5.928015564202431,1,1D,1,-1.0,SL,-1.041689827682046,NAS100,0.041689827682046085
6863,2021-03-24 08:59:00,-1,13132.049,13156.519,12836.219,24.469999999999345,12.089497343686542,1,1D,1,12.089497343686542,TP,12.028197793216577,NAS100,0.06129955046996486
7679,2021-03-29 08:59:00,-1,109.633,109.69200000000001,109.129,5.900000000001171,8.542372881354078,1,12H,2,-1.0,SL,-1.2203389830508038,USDJPY,0.22033898305080374
7691,2021-03-29 20:59:00,-1,109.803,109.854,109.129,5.100000000000193,13.215686274509153,1,12H,2,-1.0,SL,-1.254901960784304,USDJPY,0.25490196078430405
7690,2021-03-29 21:59:00,-1,1.37617,1.37662,1.37418,4.500000000000615,4.422222222221476,1,1D,1,-1.0,SL,-1.3333333333332877,GBPUSD,0.3333333333332878
7705,2021-03-30 12:59:00,1,1.37388,1.37287,1.38469,10.099999999999554,10.702970297030163,1,12H,1,-1.0,SL,-1.148514851485155,GBPUSD,0.14851485148515509
7740,2021-03-31 21:59:00,-1,1.17275,1.17318,1.1704,4.299999999999304,5.465116279070308,1,12H,1,-1.0,SL,-1.2790697674419056,EURUSD,0.2790697674419056
7742,2021-04-01 01:59:00,-1,1.3786,1.37914,1.3716,5.399999999999849,12.962962962963541,1,12H,2,-1.0,SL,-1.2777777777777855,GBPUSD,0.2777777777777855
7748,2021-04-01 05:59:00,1,1.17176,1.17127,1.17737,4.899999999998794,11.448979591839787,1,1D,1,-1.0,SL,-1.2448979591837337,EURUSD,0.24489795918373372
6993,2021-04-01 08:59:00,-1,13224.859,13247.797,13066.639,22.938000000000102,6.897724300287752,1,4H,1,-1.0,SL,-1.0653936698927542,NAS100,0.0653936698927541
7789,2021-04-05 00:59:00,-1,1.38287,1.38362,1.37457,7.500000000000284,11.066666666666213,1,1D,1,-1.0,SL,-1.1999999999999924,GBPUSD,0.19999999999999243
7800,2021-04-05 11:59:00,-1,1.38635,1.38718,1.37457,8.300000000001084,14.192771084335376,1,1D,1,-1.0,SL,-1.1807228915662416,GBPUSD,0.18072289156624144
7803,2021-04-05 14:59:00,-1,1.38937,1.39058,1.37457,12.099999999999334,12.231404958678297,1,1D,1,-1.0,SL,-1.1239669421487672,GBPUSD,0.12396694214876716
7808,2021-04-05 17:59:00,-1,1.18126,1.18204,1.17125,7.800000000000029,12.83333333333338,1,1D,1,-1.0,SL,-1.1538461538461533,EURUSD,0.15384615384615327
7829,2021-04-06 14:59:00,-1,1.18381,1.18469,1.17379,8.799999999999919,11.3863636363639,1,12H,1,-1.0,SL,-1.1363636363636376,EURUSD,0.1363636363636376
7832,2021-04-06 17:59:00,-1,1.18554,1.18613,1.17379,5.899999999998684,19.91525423729283,1,12H,1,-1.0,SL,-1.20338983050852,EURUSD,0.20338983050851994
7070,2021-04-07 04:59:00,-1,13567.469,13572.889,13542.909,5.420000000000073,4.531365313652982,3,4H,2,-1.0,SL,-1.2767527675276715,NAS100,0.2767527675276716
7854,2021-04-07 15:59:00,1,109.674,109.588,110.551,8.600000000001273,10.197674418603087,1,12H,2,-1.0,SL,-1.151162790697652,USDJPY,0.15116279069765204
7868,2021-04-08 05:59:00,1,109.68,109.628,110.551,5.200000000000671,16.749999999997744,2,1D,2,-1.0,SL,-1.2499999999999678,USDJPY,0.24999999999996775
7879,2021-04-08 16:59:00,1,109.245,109.17999999999999,110.551,6.500000000001194,20.09230769230396,1,1D,1,6.615384615383287,tiempo,6.415384615383324,USDJPY,0.1999999999999633
7879,2021-04-08 18:59:00,1,1.37362,1.37266,1.38348,9.600000000000719,10.270833333332543,1,12H,2,-1.0,SL,-1.1562499999999882,GBPUSD,0.1562499999999883
7881,2021-04-08 20:59:00,1,1.37325,1.37271,1.38348,5.399999999999849,18.9444444444449,1,12H,2,-1.0,SL,-1.2777777777777855,GBPUSD,0.2777777777777855
7888,2021-04-09 03:59:00,1,1.3737,1.3727800000000001,1.38348,9.199999999998099,10.630434782611026,1,12H,2,-1.0,SL,-1.1630434782609034,GBPUSD,0.16304347826090326
7123,2021-04-09 13:59:00,-1,13729.589,13738.287,13699.919,8.69800000000032,3.4111289951711865,1,12H,1,-1.0,SL,-1.1724534375718492,NAS100,0.17245343757184925
7911,2021-04-12 00:59:00,1,1.18973,1.18932,1.19201,4.100000000000215,5.560975609755952,1,12H,3,-1.0,SL,-1.292682926829253,EURUSD,0.29268292682925295
7913,2021-04-12 02:59:00,1,1.18899,1.18843,1.19201,5.599999999998939,5.392857142858205,1,12H,3,-1.0,SL,-1.2142857142857548,EURUSD,0.21428571428575488
7915,2021-04-12 04:59:00,-1,109.532,109.598,108.997,6.60000000000025,8.106060606060247,1,1D,1,-1.0,SL,-1.1969696969696895,USDJPY,0.19696969696968952
7939,2021-04-13 04:59:00,-1,109.704,109.76100000000001,108.997,5.700000000001637,12.40350877192615,1,1D,1,12.40350877192615,TP,12.17543859648762,USDJPY,0.228070175438531
7168,2021-04-13 14:59:00,-1,13928.239,13960.699,13741.939,32.460000000000946,5.739371534195744,1,12H,1,-1.0,SL,-1.0462107208872444,NAS100,0.0462107208872445
8007,2021-04-16 02:59:00,1,1.37586,1.3751200000000001,1.38088,7.399999999999629,6.783783783784157,1,12H,2,-1.0,SL,-1.2027027027027128,GBPUSD,0.20270270270271287
7223,2021-04-16 03:59:00,-1,13976.619,13984.789,13940.829,8.170000000000073,4.38066095471243,1,4H,1,-1.0,SL,-1.1835985312117487,NAS100,0.18359853121174868
8048,2021-04-19 17:59:00,-1,1.20353,1.20417,1.19485,6.399999999999739,13.562500000000586,1,1D,2,-1.0,SL,-1.1875000000000075,EURUSD,0.18750000000000763
8055,2021-04-20 00:59:00,-1,1.2039,1.20465,1.19424,7.500000000000284,12.879999999999514,1,12H,1,-1.0,SL,-1.159999999999994,EURUSD,0.15999999999999392
8062,2021-04-20 07:59:00,-1,1.20691,1.20807,1.19424,11.600000000000499,10.922413793102944,1,12H,1,4.568965517241063,tiempo,4.465517241378999,EURUSD,0.10344827586206451
8066,2021-04-20 11:59:00,1,108.408,108.309,108.834,9.900000000000375,4.30303030303016,1,12H,3,-1.0,SL,-1.1313131313131264,USDJPY,0.13131313131312633
8081,2021-04-21 02:59:00,1,107.944,107.871,108.834,7.30000000000075,12.191780821916563,1,12H,3,-1.0,SL,-1.1780821917808035,USDJPY,0.17808219178080362
8084,2021-04-21 05:59:00,1,108.002,107.954,108.834,4.800000000000182,17.33333333333284,1,12H,3,-1.0,SL,-1.270833333333323,USDJPY,0.2708333333333231
8085,2021-04-21 06:59:00,1,108.024,107.94099999999999,108.834,8.300000000001262,9.759036144576857,1,12H,3,-1.0,SL,-1.1566265060240726,USDJPY,0.15662650602407258
8089,2021-04-21 10:59:00,1,108.142,108.05199999999999,108.515,9.000000000000341,4.144444444444339,1,12H,3,-1.0,SL,-1.144444444444439,USDJPY,0.14444444444443896
8087,2021-04-21 10:59:00,-1,1.39336,1.39413,1.38094,7.7000000000015945,16.129870129866628,1,1D,1,-1.0,SL,-1.1948051948051543,GBPUSD,0.19480519480515446
8108,2021-04-22 05:59:00,1,1.20337,1.20297,1.20797,3.9999999999995595,11.50000000000111,1,1D,1,-1.0,SL,-1.3000000000000331,EURUSD,0.300000000000033
8111,2021-04-22 10:59:00,-1,1.39027,1.39197,1.38094,17.000000000000348,5.488235294117439,1,1D,1,-1.0,SL,-1.0882352941176452,GBPUSD,0.08823529411764525
8120,2021-04-22 19:59:00,-1,1.38367,1.38456,1.38094,8.900000000000574,3.0674157303367675,1,1D,1,-1.0,SL,-1.1685393258426857,GBPUSD,0.16853932584268574
7329,2021-04-22 23:59:00,-1,13769.539,13783.579,13710.289,14.039999999999054,4.220085470085754,1,1D,2,-1.0,SL,-1.106837606837614,NAS100,0.10683760683761404
7334,2021-04-23 10:59:00,-1,4144.836,4147.599,4120.233,2.76299999999992,8.904451682953594,1,1D,1,-1.0,SL,-1.2171552660152072,SPX500,0.21715526601520715
8136,2021-04-23 11:59:00,-1,1.3886,1.38962,1.38094,10.200000000000209,7.509803921568474,1,1D,1,-1.0,SL,-1.1470588235294088,GBPUSD,0.14705882352940874
7341,2021-04-23 17:59:00,-1,4181.954,4186.454,4120.233,4.5,13.715777777777678,1,1D,1,-1.0,SL,-1.1333333333333333,SPX500,0.13333333333333333
7354,2021-04-26 02:59:00,-1,13944.619,13953.187,13710.289,8.567999999999302,27.349439775912586,1,1D,2,-1.0,SL,-1.1750700280112187,NAS100,0.17507002801121876
8152,2021-04-26 03:59:00,-1,1.39,1.3908099999999999,1.38343,8.099999999999774,8.111111111111294,2,12H,1,-1.0,SL,-1.1851851851851904,GBPUSD,0.18518518518519034
8153,2021-04-26 04:59:00,-1,1.39021,1.39084,1.38343,6.300000000001305,10.761904761902546,2,12H,1,-1.0,SL,-1.2380952380951888,GBPUSD,0.2380952380951888
7358,2021-04-26 06:59:00,1,13925.529,13916.209,13989.957,9.319999999999709,6.9128755364808905,1,4H,1,-1.0,SL,-1.1609442060085886,NAS100,0.16094420600858872
8184,2021-04-27 11:59:00,-1,1.39067,1.39185,1.38094,11.799999999999589,8.245762711864709,1,1D,1,-1.0,SL,-1.1271186440678012,GBPUSD,0.12711864406780105
8187,2021-04-27 12:59:00,-1,108.277,108.339,108.081,6.199999999999761,3.161290322580734,1,4H,2,-1.0,SL,-1.2096774193548467,USDJPY,0.2096774193548468
7392,2021-04-27 18:59:00,1,13972.109,13951.729,14049.089,20.38000000000102,3.777232580961517,1,4H,1,-1.0,SL,-1.0736015701668264,NAS100,0.07360157016682654
7395,2021-04-27 23:59:00,-1,13973.817,13984.389,13873.869,10.572000000000116,9.454029511918028,1,1D,1,-1.0,SL,-1.1418842224744592,NAS100,0.14188422247445928
8200,2021-04-28 01:59:00,1,1.20784,1.20741,1.21167,4.299999999999304,8.906976744187487,1,1D,1,-1.0,SL,-1.2790697674419056,EURUSD,0.2790697674419056
7398,2021-04-28 02:59:00,-1,13986.469,13991.389,13873.869,4.920000000000073,22.886178861787982,1,1D,1,-1.0,SL,-1.3048780487804832,NAS100,0.3048780487804833
8201,2021-04-28 04:59:00,-1,1.38746,1.38815,1.38094,6.900000000000794,9.449275362317548,1,1D,1,-1.0,SL,-1.217391304347801,GBPUSD,0.21739130434780105
8209,2021-04-28 12:59:00,-1,1.38677,1.38842,1.38094,16.499999999999293,3.533333333333486,1,1D,1,-1.0,SL,-1.0909090909090948,GBPUSD,0.09090909090909481
8224,2021-04-29 01:59:00,-1,108.489,108.549,108.081,6.000000000000227,6.799999999999764,1,1D,1,-1.0,SL,-1.2166666666666583,USDJPY,0.21666666666665846
8235,2021-04-29 14:59:00,1,1.39443,1.39364,1.39696,7.900000000000684,3.202531645569243,1,4H,2,-1.0,SL,-1.1898734177215025,GBPUSD,0.18987341772150254
8238,2021-04-29 15:59:00,-1,1.21102,1.21199,1.20563,9.699999999999154,5.556701030928326,1,12H,2,-1.0,SL,-1.1237113402061965,EURUSD,0.12371134020619635
7437,2021-04-29 19:59:00,-1,13967.979,13994.189,13873.869,26.210000000000946,3.590614269362662,1,1D,1,3.590614269362662,TP,3.5333842045019237,NAS100,0.05723006486073811
8244,2021-04-29 21:59:00,1,1.2121,1.21159,1.21498,5.1000000000001044,5.647058823529283,1,12H,1,-1.0,SL,-1.235294117647054,EURUSD,0.235294117647054
7447,2021-04-30 07:59:00,-1,13916.709,13935.497,13831.679,18.787999999998647,4.525761124122141,1,4H,1,4.525761124122141,TP,4.445922929529843,NAS100,0.0798381945922987
8263,2021-04-30 16:59:00,-1,109.302,109.352,108.435,4.999999999999716,17.340000000001073,1,12H,1,-1.0,SL,-1.2600000000000149,USDJPY,0.2600000000000148
8267,2021-04-30 20:59:00,-1,109.296,109.37400000000001,108.984,7.800000000000296,4.0,1,4H,1,-1.0,SL,-1.1666666666666603,USDJPY,0.16666666666666036
8289,2021-05-03 20:59:00,1,1.39081,1.39035,1.39233,4.60000000000127,3.30434782608597,1,12H,1,-1.0,SL,-1.326086956521649,GBPUSD,0.3260869565216491
8292,2021-05-03 23:59:00,1,1.39028,1.38978,1.39581,4.999999999999449,11.060000000001288,1,1D,1,-1.0,SL,-1.3000000000000331,GBPUSD,0.300000000000033
8298,2021-05-04 04:59:00,1,1.20405,1.20359,1.20977,4.60000000000127,12.434782608692105,2,12H,1,-1.0,SL,-1.2608695652173192,EURUSD,0.2608695652173193
8303,2021-05-04 09:59:00,1,1.20078,1.19979,1.21265,9.900000000000464,11.989898989898476,1,1D,1,-1.0,SL,-1.1212121212121156,EURUSD,0.12121212121211553
7487,2021-05-04 10:59:00,-1,4188.499,4191.799,4174.933,3.300000000000182,4.110909090908804,2,1D,2,4.110909090908804,TP,3.9290909090906325,SPX500,0.18181818181817178
8313,2021-05-04 19:59:00,1,1.20151,1.20083,1.21265,6.800000000000139,16.38235294117603,1,1D,1,-1.0,SL,-1.1764705882352904,EURUSD,0.1764705882352905
8314,2021-05-04 19:59:00,-1,109.3,109.346,108.711,4.600000000000648,12.804347826085124,1,1D,4,-1.0,SL,-1.282608695652134,USDJPY,0.2826086956521341
8326,2021-05-05 09:59:00,1,1.38944,1.3874900000000001,1.39581,19.499999999998963,3.2666666666668336,1,1D,1,-1.0,SL,-1.076923076923081,GBPUSD,0.07692307692308102
8335,2021-05-05 18:59:00,-1,1.39077,1.39135,1.38759,5.800000000000249,5.482758620689352,1,4H,2,-1.0,SL,-1.2586206896551613,GBPUSD,0.2586206896551613
8339,2021-05-05 22:59:00,-1,1.3905,1.39108,1.38759,5.800000000000249,5.017241379310074,2,4H,2,-1.0,SL,-1.2586206896551613,GBPUSD,0.2586206896551613
8347,2021-05-06 06:59:00,-1,1.39027,1.39122,1.38382,9.500000000000064,6.789473684210317,1,1D,2,-1.0,SL,-1.1578947368421042,GBPUSD,0.1578947368421042
8348,2021-05-06 07:59:00,-1,1.3903,1.39143,1.38382,11.299999999998533,5.734513274337064,1,1D,2,-1.0,SL,-1.1327433628318757,GBPUSD,0.13274336283187563
8357,2021-05-06 16:59:00,-1,1.38861,1.38965,1.38382,10.40000000000152,4.605769230768414,1,1D,2,-1.0,SL,-1.144230769230748,GBPUSD,0.14423076923074815
7549,2021-05-06 23:59:00,1,13619.529,13612.319,13677.719,7.210000000000946,8.070735090151326,1,12H,2,-1.0,SL,-1.2080443828016372,NAS100,0.20804438280163706
8368,2021-05-07 01:59:00,-1,109.102,109.19600000000001,108.711,9.40000000000083,4.159574468084796,1,1D,4,-1.0,SL,-1.1382978723404134,USDJPY,0.13829787234041332
8386,2021-05-09 21:59:00,-1,1.3998,1.4006399999999999,1.3941,8.399999999999519,6.78571428571472,1,4H,1,-1.0,SL,-1.1785714285714388,GBPUSD,0.1785714285714388
7572,2021-05-10 00:59:00,1,13745.659,13731.159,13818.669,14.5,5.035172413793118,1,4H,1,-1.0,SL,-1.103448275862069,NAS100,0.10344827586206896
8398,2021-05-10 07:59:00,-1,108.923,109.066,108.467,14.300000000000068,3.188811188811195,1,4H,2,3.188811188811195,TP,3.0979020979021046,USDJPY,0.09090909090909048
7576,2021-05-10 11:59:00,-1,4234.042,4237.142,4202.436,3.0999999999994543,10.195483870969754,1,12H,1,-1.0,SL,-1.1935483870968082,SPX500,0.19354838709680824
8409,2021-05-10 18:59:00,1,108.811,108.75099999999999,109.056,6.0000000000016485,4.0833333333320505,1,4H,2,-1.0,SL,-1.216666666666607,USDJPY,0.21666666666660714
8417,2021-05-11 03:59:00,-1,1.21397,1.21503,1.20527,10.600000000000609,8.207547169810784,1,1D,2,-1.0,SL,-1.1132075471698049,EURUSD,0.11320754716980481
8420,2021-05-11 05:59:00,1,108.858,108.795,109.056,6.300000000000239,3.142857142856917,1,4H,2,-1.0,SL,-1.2063492063491985,USDJPY,0.20634920634919854
8424,2021-05-11 09:59:00,1,108.842,108.79899999999999,109.056,4.300000000000637,4.976744186045743,1,4H,2,-1.0,SL,-1.302325581395304,USDJPY,0.3023255813953041
7597,2021-05-11 10:59:00,1,4157.648,4150.448,4191.499,7.199999999999818,4.701527777777849,1,4H,3,-1.0,SL,-1.0833333333333355,SPX500,0.08333333333333544
8454,2021-05-12 17:59:00,1,1.40626,1.40546,1.41665,8.00000000000134,12.9874999999977,1,12H,1,-1.0,SL,-1.1874999999999687,GBPUSD,0.1874999999999686
8456,2021-05-12 19:59:00,1,1.40587,1.40499,1.41665,8.799999999999919,12.250000000000126,1,12H,1,-1.0,SL,-1.170454545454547,GBPUSD,0.17045454545454702
8478,2021-05-13 15:59:00,-1,109.572,109.644,108.661,7.200000000000273,12.652777777777317,1,12H,1,-1.0,SL,-1.1805555555555487,USDJPY,0.18055555555554872
8480,2021-05-13 18:59:00,-1,1.20759,1.20808,1.20527,4.900000000001015,4.73469387754979,1,1D,2,-1.0,SL,-1.2448979591836227,EURUSD,0.24489795918362275
7650,2021-05-13 19:59:00,-1,4110.149,4132.651,4042.336,22.501999999999498,3.0136432317128286,1,4H,1,-1.0,SL,-1.0266642965069777,SPX500,0.026664296506977752
8483,2021-05-13 21:59:00,1,1.20834,1.2076,1.2152,7.399999999999629,9.270270270270855,1,1D,1,-1.0,SL,-1.1621621621621703,EURUSD,0.16216216216217028
7662,2021-05-14 02:59:00,1,13166.319,13147.879,13358.899,18.43999999999869,10.443600867679697,1,1D,1,10.443600867679697,TP,10.362255965293574,NAS100,0.08134490238612291
8496,2021-05-14 10:59:00,1,1.21137,1.21019,1.2152,11.799999999999589,3.24576271186452,1,1D,1,3.24576271186452,TP,3.144067796610279,EURUSD,0.10169491525424083
8507,2021-05-16 22:59:00,-1,1.40964,1.41051,1.40538,8.699999999999264,4.8965517241382654,1,4H,1,-1.0,SL,-1.1724137931034628,GBPUSD,0.17241379310346286
8512,2021-05-17 03:59:00,-1,1.40856,1.4094,1.40538,8.399999999999519,3.7857142857144557,1,4H,1,-1.0,SL,-1.1785714285714388,GBPUSD,0.1785714285714388
8514,2021-05-17 05:59:00,1,1.40848,1.40789,1.41041,5.899999999998684,3.271186440678674,1,4H,1,3.271186440678674,TP,3.0169491525430243,GBPUSD,0.25423728813564994
8519,2021-05-17 08:59:00,-1,109.208,109.33800000000001,108.661,13.000000000000966,4.207692307691972,2,12H,1,4.207692307691972,TP,4.10769230769198,USDJPY,0.09999999999999257
7691,2021-05-17 16:59:00,-1,4152.939,4160.299,4127.536,7.359999999999673,3.4514945652175784,1,12H,1,-1.0,SL,-1.0815217391304384,SPX500,0.0815217391304384
8530,2021-05-17 19:59:00,-1,109.171,109.221,108.661,4.999999999999716,10.200000000000681,2,12H,1,-1.0,SL,-1.2600000000000149,USDJPY,0.2600000000000148
7695,2021-05-17 22:59:00,-1,4160.854,4167.399,4110.042,6.545000000000073,7.76348357524818,1,1D,2,-1.0,SL,-1.0916730328495023,SPX500,0.09167303284950241
7702,2021-05-17 22:59:00,-1,13298.319,13325.099,13075.209,26.780000000000655,8.331217326362708,1,1D,2,-1.0,SL,-1.0560119492158313,NAS100,0.056011949215831344
8535,2021-05-18 00:59:00,-1,109.212,109.293,108.604,8.100000000000307,7.506172839505939,1,1D,1,-1.0,SL,-1.1604938271604877,USDJPY,0.16049382716048774
8536,2021-05-18 02:59:00,-1,1.21629,1.21701,1.21259,7.199999999998319,5.13888888889014,1,12H,1,-1.0,SL,-1.1666666666667056,EURUSD,0.16666666666670557
7699,2021-05-18 02:59:00,-1,4172.345,4176.199,4110.042,3.8539999999993597,16.165801764403277,1,1D,2,-1.0,SL,-1.1556824078879346,SPX500,0.15568240788793453
8538,2021-05-18 03:59:00,-1,109.182,109.22800000000001,108.604,4.600000000000648,12.565217391302642,1,1D,1,-1.0,SL,-1.282608695652134,USDJPY,0.2826086956521341
7711,2021-05-18 07:59:00,-1,13418.379,13437.669,13075.209,19.289999999999054,17.790046656299477,1,1D,2,17.790046656299477,TP,17.71228615863229,NAS100,0.07776049766718889
7714,2021-05-18 17:59:00,-1,4157.433,4164.499,4110.042,7.0659999999998035,6.7069063119163514,1,1D,2,6.7069063119163514,TP,6.621992640815302,SPX500,0.08491367110104962
8553,2021-05-18 19:59:00,-1,1.22264,1.22312,1.21649,4.8000000000003595,12.812499999998785,1,4H,2,-1.0,SL,-1.2499999999999813,EURUSD,0.24999999999998126
8555,2021-05-18 20:59:00,-1,108.888,108.944,108.604,5.5999999999997385,5.071428571428916,1,1D,1,-1.0,SL,-1.232142857142868,USDJPY,0.232142857142868
7727,2021-05-19 01:59:00,-1,13195.369,13222.187,13075.209,26.8179999999993,4.480572749645871,1,1D,2,4.480572749645871,TP,4.42464016705209,NAS100,0.055932582593781754
8570,2021-05-19 11:59:00,-1,109.182,109.345,108.604,16.29999999999967,3.54601226993874,1,1D,1,3.54601226993874,TP,3.4662576687117443,USDJPY,0.07975460122699549
8577,2021-05-19 19:59:00,1,1.21733,1.21588,1.22451,14.499999999999513,4.951724137931176,1,4H,1,1.0827586206897408,tiempo,1.0000000000000828,EURUSD,0.08275862068965795
7740,2021-05-19 23:59:00,1,4104.533,4102.533,4127.148,2.0,11.30749999999989,1,12H,2,-1.0,SL,-1.3,SPX500,0.3
8583,2021-05-20 01:59:00,-1,1.2181,1.21861,1.21507,5.1000000000001044,5.941176470587851,1,1D,2,-1.0,SL,-1.235294117647054,EURUSD,0.235294117647054
8586,2021-05-20 04:59:00,-1,1.2182,1.21862,1.21507,4.20000000000087,7.452380952379064,1,1D,2,-1.0,SL,-1.2857142857142265,EURUSD,0.2857142857142265
7748,2021-05-20 07:59:00,1,4111.545,4108.099,4127.148,3.4459999999999127,4.527858386535247,1,12H,2,-1.0,SL,-1.1741149158444617,SPX500,0.17411491584446176
8594,2021-05-20 12:59:00,-1,1.21998,1.22089,1.21507,9.099999999999664,5.395604395604562,1,1D,2,-1.0,SL,-1.1318681318681367,EURUSD,0.13186813186813673
7765,2021-05-20 17:59:00,-1,13482.589,13501.499,12959.349,18.909999999999854,27.670015864622094,1,12H,1,-1.0,SL,-1.0793231094658917,NAS100,0.07932310946589168
7767,2021-05-20 19:59:00,-1,13490.599,13526.699,12959.349,36.100000000000364,14.71606648199431,1,12H,1,-1.0,SL,-1.0415512465373957,NAS100,0.041551246537395704
8607,2021-05-21 01:59:00,-1,1.22321,1.22401,1.21507,8.00000000000134,10.174999999998064,1,1D,2,-1.0,SL,-1.1499999999999748,EURUSD,0.14999999999997488
7768,2021-05-21 05:59:00,-1,4165.133,4170.945,4136.136,5.811999999999898,4.98916035788023,1,4H,4,-1.0,SL,-1.103234686854785,SPX500,0.10323468685478501
7773,2021-05-21 10:59:00,-1,4167.636,4174.454,4136.136,6.8179999999993015,4.620123203285894,1,4H,4,-1.0,SL,-1.0880023467292552,SPX500,0.08800234672925512
7796,2021-05-24 04:59:00,1,13414.129,13398.539,13467.117,15.590000000000146,3.398845413726676,1,4H,2,3.398845413726676,TP,3.30262989095567,NAS100,0.09621552277100616
8634,2021-05-24 04:59:00,-1,1.21796,1.21843,1.21507,4.699999999999704,6.1489361702128065,1,1D,2,-1.0,SL,-1.2553191489361861,EURUSD,0.25531914893618624
7797,2021-05-24 05:59:00,-1,13418.129,13430.209,13155.639,12.079999999999927,21.729304635761853,1,1D,1,-1.0,SL,-1.1241721854304643,NAS100,0.12417218543046432
8635,2021-05-24 06:59:00,-1,1.41514,1.41632,1.41009,11.799999999999589,4.279661016949301,1,1D,1,-1.0,SL,-1.1271186440678012,GBPUSD,0.12711864406780105
8638,2021-05-24 07:59:00,1,108.758,108.68499999999999,109.308,7.30000000000075,7.5342465753418475,1,1D,4,-1.0,SL,-1.1780821917808035,USDJPY,0.17808219178080362
7802,2021-05-24 10:59:00,-1,13495.649,13502.789,13155.639,7.140000000001237,47.62044817926349,1,1D,1,-1.0,SL,-1.210084033613409,NAS100,0.210084033613409
8641,2021-05-24 10:59:00,1,108.898,108.83699999999999,109.308,6.100000000000705,6.7213114754092365,1,1D,4,-1.0,SL,-1.213114754098336,USDJPY,0.21311475409833605
7803,2021-05-24 11:59:00,1,13498.849,13479.629,13572.409,19.219999999999345,3.827263267429865,1,12H,1,3.827263267429865,TP,3.749219562955356,NAS100,0.07804370447450838
8643,2021-05-24 12:59:00,1,108.9,108.84599999999999,109.308,5.400000000001626,7.555555555553304,1,1D,4,-1.0,SL,-1.2407407407406683,USDJPY,0.24074074074066829
8642,2021-05-24 12:59:00,-1,1.22102,1.22171,1.21507,6.900000000000794,8.623188405795963,1,1D,2,-1.0,SL,-1.1739130434782408,EURUSD,0.17391304347824085
8644,2021-05-24 14:59:00,-1,1.22167,1.22308,1.21507,14.099999999999113,4.680851063830039,1,1D,2,-1.0,SL,-1.0851063829787289,EURUSD,0.08510638297872876
8643,2021-05-24 14:59:00,-1,1.41565,1.41687,1.41009,12.199999999999989,4.55737704918034,1,1D,1,-1.0,SL,-1.1229508196721312,GBPUSD,0.12295081967213126
8650,2021-05-24 20:59:00,-1,1.22151,1.2219,1.22033,3.8999999999989043,3.0256410256423396,2,4H,2,-1.0,SL,-1.307692307692394,EURUSD,0.30769230769239414
7813,2021-05-24 23:59:00,-1,13657.299,13670.999,13583.339,13.699999999998909,5.3985401459859,1,4H,2,-1.0,SL,-1.1094890510948991,NAS100,0.10948905109489923
7806,2021-05-24 23:59:00,-1,4204.054,4207.099,4188.333,3.0450000000000728,5.1628899835796656,1,4H,2,-1.0,SL,-1.1970443349753648,SPX500,0.19704433497536475
8662,2021-05-25 07:59:00,1,108.725,108.54899999999999,109.308,17.600000000000193,3.3125000000000355,1,1D,4,3.3125000000000355,TP,3.2386363636364,USDJPY,0.07386363636363555
8664,2021-05-25 11:59:00,1,1.41631,1.41487,1.42336,14.399999999998858,4.895833333333722,1,1D,2,-1.0,SL,-1.104166666666675,GBPUSD,0.10416666666667493
8666,2021-05-25 12:59:00,-1,1.22536,1.22674,1.21507,13.799999999999368,7.456521739130711,1,1D,2,5.101449275362506,tiempo,5.014492753623371,EURUSD,0.08695652173913442
8674,2021-05-25 19:59:00,1,108.739,108.689,108.981,5.000000000001137,4.839999999998704,2,12H,4,4.839999999998704,TP,4.579999999998763,USDJPY,0.2599999999999409
8675,2021-05-25 21:59:00,-1,1.22495,1.22577,1.22202,8.20000000000043,3.57317073170698,2,4H,2,-1.0,SL,-1.1463414634146265,EURUSD,0.14634146341462648
7830,2021-05-26 01:59:00,-1,4200.151,4204.145,4145.939,3.9940000000005966,13.573360040057945,1,1D,1,-1.0,SL,-1.150225338006988,SPX500,0.15022533800698806
8680,2021-05-26 01:59:00,1,108.769,108.713,109.308,5.60000000000116,9.624999999998034,1,1D,4,9.624999999998034,TP,9.392857142855224,USDJPY,0.23214285714280908
7832,2021-05-26 03:58:00,-1,4201.199,4203.654,4145.939,2.4550000000008367,22.50916496944215,1,1D,1,-1.0,SL,-1.2443991853359655,SPX500,0.24439918533596558
7840,2021-05-26 04:59:00,1,13708.639,13702.409,13738.589,6.229999999999563,4.8073836276088,1,12H,1,-1.0,SL,-1.2407704654895835,NAS100,0.24077046548958347
8686,2021-05-26 07:59:00,-1,108.832,108.911,108.559,7.900000000000773,3.4556962025312585,1,12H,1,-1.0,SL,-1.1645569620253005,USDJPY,0.16455696202530035
8687,2021-05-26 08:59:00,1,108.862,108.78699999999999,109.308,7.500000000000284,5.946666666666603,1,1D,4,5.946666666666603,TP,5.773333333333277,USDJPY,0.17333333333332676
7838,2021-05-26 09:59:00,-1,4200.148,4208.333,4145.939,8.18499999999949,6.622968845449384,1,1D,1,-1.0,SL,-1.0733048259010431,SPX500,0.07330482590104305
7840,2021-05-26 11:59:00,-1,4200.145,4207.339,4145.939,7.193999999999505,7.534890186266869,1,1D,1,-1.0,SL,-1.0834028356964194,SPX500,0.08340283569641942
8698,2021-05-26 19:59:00,1,109.144,109.098,109.308,4.600000000000648,3.565217391303878,1,1D,4,-1.0,SL,-1.282608695652134,USDJPY,0.2826086956521341
8698,2021-05-26 21:59:00,1,1.41193,1.41116,1.41592,7.699999999999374,5.181818181818811,1,4H,1,-1.0,SL,-1.1948051948052107,GBPUSD,0.19480519480521064
7849,2021-05-26 22:59:00,-1,4195.642,4200.354,4145.939,4.712000000000444,10.54817487266444,1,1D,1,-1.0,SL,-1.1273344651952342,SPX500,0.12733446519523417
7850,2021-05-26 23:59:00,1,4195.648,4192.333,4206.339,3.3150000000005093,3.225037707390094,2,4H,1,-1.0,SL,-1.1809954751130944,SPX500,0.18099547511309436
7862,2021-05-27 04:59:00,1,13676.039,13665.979,13730.209,10.06000000000131,5.384691848905867,2,4H,3,-1.0,SL,-1.1491053677932213,NAS100,0.14910536779322114
7859,2021-05-27 08:59:00,-1,4184.836,4190.899,4145.939,6.063000000000102,6.415470888998727,1,1D,1,-1.0,SL,-1.0989609104403744,SPX500,0.09896091044037439
8710,2021-05-27 09:59:00,1,1.41199,1.41131,1.41758,6.800000000000139,8.220588235293926,1,12H,1,8.220588235293926,TP,7.999999999999813,GBPUSD,0.22058823529411312
7874,2021-05-27 16:59:00,-1,13706.989,13718.199,13622.309,11.210000000000946,7.5539696699369445,1,4H,1,-1.0,SL,-1.133809099018722,NAS100,0.13380909901872198
8723,2021-05-27 21:59:00,1,1.21942,1.21899,1.22629,4.299999999999304,15.976744186049453,1,1D,3,-1.0,SL,-1.2790697674419056,EURUSD,0.2790697674419056
8725,2021-05-27 23:59:00,1,1.21927,1.21886,1.22629,4.100000000000215,17.121951219511363,1,1D,3,-1.0,SL,-1.292682926829253,EURUSD,0.29268292682925295
7882,2021-05-28 02:59:00,1,13695.649,13686.739,13730.209,8.909999999999854,3.878787878788089,1,1D,1,-1.0,SL,-1.1683501683501711,NAS100,0.1683501683501711
7884,2021-05-28 04:59:00,1,13699.669,13692.219,13730.209,7.450000000000728,4.09932885906012,1,1D,1,-1.0,SL,-1.201342281879175,NAS100,0.20134228187917497
8732,2021-05-28 06:59:00,1,1.21826,1.2170400000000001,1.22629,12.199999999997768,6.581967213116125,1,1D,3,-1.0,SL,-1.0983606557377228,EURUSD,0.0983606557377229
8747,2021-05-28 20:59:00,-1,109.809,109.884,109.036,7.500000000000284,10.306666666666224,1,1D,1,-1.0,SL,-1.1733333333333267,USDJPY,0.17333333333332676
7901,2021-05-30 23:59:00,-1,13714.719,13723.037,13682.919,8.31800000000112,3.8230343832646057,3,4H,2,3.8230343832646057,TP,3.6427025727332523,NAS100,0.18033181053135344
7894,2021-05-30 23:59:00,-1,4210.042,4214.051,4180.639,4.0090000000000146,7.334247942130242,1,1D,3,-1.0,SL,-1.1496632576702415,SPX500,0.1496632576702414
8750,2021-05-31 00:59:00,1,1.21915,1.21835,1.22629,7.999999999999119,8.925000000001166,1,1D,3,-1.0,SL,-1.1500000000000166,EURUSD,0.1500000000000165
8757,2021-06-01 03:59:00,1,1.22301,1.22249,1.22629,5.199999999998539,6.30769230769441,1,1D,3,-1.0,SL,-1.2307692307692957,EURUSD,0.2307692307692956
7911,2021-06-01 05:59:00,-1,13693.449,13702.089,13665.609,8.639999999999418,3.2222222222224564,2,12H,2,-1.0,SL,-1.1736111111111227,NAS100,0.17361111111112282
8759,2021-06-01 05:59:00,1,1.22248,1.22171,1.22629,7.699999999999374,4.948051948052469,1,1D,3,-1.0,SL,-1.1558441558441686,EURUSD,0.1558441558441685
7904,2021-06-01 05:59:00,-1,4207.051,4209.554,4180.639,2.5029999999997017,10.552137435079269,1,1D,3,-1.0,SL,-1.2397123451858056,SPX500,0.23971234518580564
8760,2021-06-01 05:59:00,-1,109.47,109.543,109.036,7.30000000000075,5.94520547945141,1,1D,1,-1.0,SL,-1.1780821917808035,USDJPY,0.17808219178080362
8765,2021-06-01 10:59:00,-1,109.585,109.688,109.036,10.300000000000864,5.330097087378119,1,1D,1,-1.0,SL,-1.1262135922329992,USDJPY,0.12621359223299913
8775,2021-06-01 20:59:00,-1,109.467,109.51100000000001,109.036,4.400000000001114,9.795454545452007,1,1D,1,-1.0,SL,-1.2954545454544706,USDJPY,0.29545454545447064
7922,2021-06-02 01:59:00,-1,4200.342,4203.836,4180.639,3.4940000000005966,5.6390955924430894,1,1D,3,-1.0,SL,-1.1717229536347733,SPX500,0.1717229536347732
8780,2021-06-02 01:59:00,-1,109.603,109.667,109.036,6.400000000000716,8.8593749999989,1,1D,1,-1.0,SL,-1.2031249999999774,USDJPY,0.20312499999997727
8790,2021-06-02 11:59:00,-1,109.793,109.89200000000001,109.036,9.900000000000375,7.646464646464407,1,1D,1,-1.0,SL,-1.1313131313131264,USDJPY,0.13131313131312633
7941,2021-06-02 22:58:00,-1,4208.648,4211.199,4180.639,2.550999999999476,10.979615836928955,1,1D,3,-1.0,SL,-1.2352018816151011,SPX500,0.23520188161510122
8804,2021-06-03 03:59:00,1,1.41693,1.41637,1.42491,5.60000000000116,14.249999999996827,1,1D,1,-1.0,SL,-1.2678571428570873,GBPUSD,0.2678571428570874
7948,2021-06-03 05:59:00,1,4210.345,4208.133,4217.351,2.212000000000444,3.167269439420433,1,4H,1,-1.0,SL,-1.2712477396021156,SPX500,0.27124773960211557
8811,2021-06-03 08:59:00,-1,109.791,109.855,109.036,6.400000000000716,11.79687499999861,1,1D,1,-1.0,SL,-1.2031249999999774,USDJPY,0.20312499999997727
8812,2021-06-03 11:59:00,1,1.41867,1.4174,1.42491,12.700000000001044,4.913385826771093,1,1D,1,-1.0,SL,-1.1181102362204627,GBPUSD,0.11811023622046274
8813,2021-06-03 11:59:00,1,1.21875,1.21837,1.22265,3.8000000000004697,10.263157894735611,2,12H,3,-1.0,SL,-1.3157894736841715,EURUSD,0.3157894736841715
7962,2021-06-03 12:59:00,1,13545.629,13510.789,13714.967,34.840000000000146,4.860447761194002,1,4H,1,-1.0,SL,-1.0430539609644085,NAS100,0.04305396096440855
8815,2021-06-03 14:59:00,1,1.4115,1.40985,1.42491,16.499999999999293,8.127272727273029,1,1D,1,-1.0,SL,-1.0909090909090948,GBPUSD,0.09090909090909481
8819,2021-06-03 16:59:00,-1,110.274,110.324,109.036,4.999999999999716,24.760000000001398,1,1D,1,-1.0,SL,-1.2600000000000149,USDJPY,0.2600000000000148
8823,2021-06-03 20:59:00,-1,110.276,110.33,109.036,5.400000000000205,22.962962962962,1,1D,1,14.777777777777251,tiempo,14.53703703703652,USDJPY,0.24074074074073162
7966,2021-06-04 01:59:00,-1,4187.748,4191.048,4167.233,3.300000000000182,6.216666666666147,1,4H,2,-1.0,SL,-1.1818181818181719,SPX500,0.18181818181817178
8840,2021-06-04 15:59:00,1,1.41732,1.41643,1.42026,8.899999999998354,3.3033707865176503,1,12H,1,-1.0,SL,-1.168539325842728,GBPUSD,0.1685393258427278
8010,2021-06-08 01:59:00,-1,4233.551,4237.299,4215.739,3.7479999999995925,4.752401280683763,1,12H,2,4.752401280683763,TP,4.592315901815016,SPX500,0.16008537886874738
8881,2021-06-08 08:59:00,1,1.41419,1.41271,1.42002,14.800000000001479,3.939189189188797,2,12H,3,-1.0,SL,-1.1013513513513413,GBPUSD,0.10135135135134123
8896,2021-06-08 21:59:00,-1,109.482,109.522,109.198,4.000000000000625,7.09999999999904,1,12H,1,-1.0,SL,-1.324999999999949,USDJPY,0.3249999999999492
8901,2021-06-09 02:59:00,-1,109.437,109.476,109.198,3.900000000000148,6.128205128205007,1,12H,1,-1.0,SL,-1.3333333333333206,USDJPY,0.3333333333333207
8902,2021-06-09 05:59:00,1,1.41565,1.41497,1.41843,6.800000000000139,4.08823529411757,2,12H,3,4.08823529411757,TP,3.867647058823457,GBPUSD,0.22058823529411312
8906,2021-06-09 09:59:00,1,1.4175,1.41676,1.42026,7.399999999999629,3.729729729730046,1,1D,3,-1.0,SL,-1.2027027027027128,GBPUSD,0.20270270270271287
8910,2021-06-09 12:59:00,1,1.21946,1.21883,1.22141,6.299999999999084,3.095238095238733,1,1D,1,3.095238095238733,TP,2.904761904762515,EURUSD,0.19047619047621817
8064,2021-06-10 04:59:00,-1,13829.069,13835.689,13803.619,6.6200000000008,3.844410876132301,1,12H,1,3.844410876132301,TP,3.617824773413295,NAS100,0.22658610271900584
8943,2021-06-10 21:59:00,1,1.21738,1.21667,1.22179,7.099999999999884,6.21126760563394,1,1D,1,-1.0,SL,-1.169014084507045,EURUSD,0.169014084507045
8082,2021-06-11 09:59:00,-1,4240.854,4243.042,4207.536,2.188000000000102,15.22760511882937,1,4H,2,-1.0,SL,-1.2742230347349048,SPX500,0.27422303473490495
8956,2021-06-11 11:59:00,-1,1.41514,1.41662,1.40842,14.799999999999258,4.540540540540809,1,12H,1,4.540540540540809,TP,4.439189189189452,GBPUSD,0.10135135135135644
8084,2021-06-11 11:59:00,-1,4244.542,4249.599,4207.536,5.056999999999789,7.317777338343258,1,4H,2,-1.0,SL,-1.1186474194186327,SPX500,0.11864741941863259
8093,2021-06-11 11:59:00,-1,13975.939,13998.497,13725.629,22.557999999999083,11.096285131661036,1,12H,1,-1.0,SL,-1.0664952566716934,NAS100,0.06649525667169345
8963,2021-06-11 17:59:00,1,1.20996,1.20915,1.22179,8.099999999999774,14.604938271605354,1,1D,1,2.9629629629632674,tiempo,2.814814814815115,EURUSD,0.14814814814815228
8965,2021-06-11 18:59:00,-1,109.706,109.766,109.443,6.000000000000227,4.383333333333255,2,4H,3,-1.0,SL,-1.2166666666666583,USDJPY,0.21666666666665846
8966,2021-06-13 21:59:00,1,1.4108,1.40984,1.42026,9.600000000000719,9.854166666665954,1,1D,3,-1.0,SL,-1.1562499999999882,GBPUSD,0.1562499999999883
8972,2021-06-14 01:59:00,-1,109.77,109.84,109.224,7.000000000000739,7.799999999999066,1,12H,3,-1.0,SL,-1.1857142857142662,USDJPY,0.18571428571426613
8970,2021-06-14 01:59:00,1,1.41099,1.41038,1.42026,6.099999999999994,15.196721311475606,1,1D,3,-1.0,SL,-1.2459016393442626,GBPUSD,0.2459016393442625
8972,2021-06-14 03:59:00,1,1.41107,1.41049,1.42026,5.800000000000249,15.84482758620627,1,1D,3,-1.0,SL,-1.2586206896551613,GBPUSD,0.2586206896551613
8974,2021-06-14 03:59:00,-1,109.773,109.81400000000001,109.224,4.100000000001103,13.390243902435238,1,12H,3,-1.0,SL,-1.3170731707316221,USDJPY,0.31707317073162206
8984,2021-06-14 15:59:00,1,1.41149,1.41059,1.42026,8.999999999999009,9.744444444445703,1,1D,3,-1.0,SL,-1.166666666666685,GBPUSD,0.16666666666668503
8989,2021-06-14 20:59:00,1,1.4107,1.41024,1.42026,4.60000000000127,20.782608695646466,1,1D,3,-1.0,SL,-1.326086956521649,GBPUSD,0.3260869565216491
9000,2021-06-15 07:59:00,1,1.41154,1.41051,1.41851,10.300000000000864,6.766990291261491,1,1D,1,-1.0,SL,-1.1456310679611528,GBPUSD,0.14563106796115283
9009,2021-06-15 16:59:00,1,1.40779,1.40692,1.41286,8.700000000001484,5.827586206895452,2,4H,2,5.827586206895452,TP,5.655172413792033,GBPUSD,0.17241379310341887
9010,2021-06-15 16:59:00,1,1.2124,1.21163,1.21473,7.699999999999374,3.0259740259744867,1,4H,2,-1.0,SL,-1.1558441558441686,EURUSD,0.1558441558441685
9014,2021-06-15 20:59:00,-1,1.21261,1.213,1.21013,3.900000000001125,6.358974358972621,1,4H,1,-1.0,SL,-1.307692307692219,EURUSD,0.30769230769221895
8152,2021-06-16 04:59:00,-1,14041.119,14046.387,13964.609,5.268000000000029,14.523538344722816,1,1D,1,-1.0,SL,-1.2847380410022764,NAS100,0.28473804100227634
8155,2021-06-16 07:59:00,-1,14042.959,14055.499,13964.609,12.539999999999054,6.248006379585827,1,1D,1,-1.0,SL,-1.1196172248803917,NAS100,0.1196172248803918
8158,2021-06-16 10:59:00,-1,14039.629,14053.689,13964.609,14.05999999999949,5.335704125178034,1,1D,1,-1.0,SL,-1.1066856330014263,NAS100,0.10668563300142633
9045,2021-06-17 04:59:00,1,1.39985,1.3989800000000001,1.41007,8.699999999999264,11.747126436782484,1,4H,1,-1.0,SL,-1.1724137931034628,GBPUSD,0.17241379310346286
9046,2021-06-17 04:59:00,1,1.20008,1.19921,1.21136,8.699999999999264,12.965517241380358,1,4H,1,-1.0,SL,-1.1379310344827702,EURUSD,0.13793103448277028
8188,2021-06-18 05:59:00,-1,4226.033,4228.033,4195.336,2.0,15.348500000000058,1,4H,1,15.348500000000058,TP,15.048500000000057,SPX500,0.3
9078,2021-06-18 11:59:00,-1,110.127,110.19800000000001,109.803,7.1000000000012164,4.563380281689332,1,1D,1,-1.0,SL,-1.1830985915492644,USDJPY,0.18309859154926442
8224,2021-06-21 10:59:00,1,14109.099,14100.409,14193.089,8.69000000000051,9.66513233601782,1,12H,2,-1.0,SL,-1.1726121979286435,NAS100,0.17261219792864352
9130,2021-06-22 17:59:00,-1,1.39378,1.39438,1.38588,5.999999999999339,13.166666666668148,1,12H,1,-1.0,SL,-1.2500000000000275,GBPUSD,0.25000000000002753
8272,2021-06-23 14:59:00,-1,14287.519,14327.617,14112.599,40.097999999999956,4.362312334779796,1,12H,2,-1.0,SL,-1.0374083495436182,NAS100,0.03740834954361818
8276,2021-06-23 18:59:00,-1,14292.119,14299.199,14112.599,7.079999999999927,25.355932203390154,1,12H,2,-1.0,SL,-1.2118644067796631,NAS100,0.2118644067796632
8277,2021-06-24 06:59:00,-1,4251.242,4253.599,4242.239,2.356999999999971,3.819686041578584,2,4H,1,-1.0,SL,-1.254560882477729,SPX500,0.25456088247772907
9169,2021-06-24 07:59:00,-1,1.19321,1.19439,1.18808,11.799999999999589,4.347457627118863,1,1D,3,-1.0,SL,-1.1016949152542408,EURUSD,0.10169491525424083
8288,2021-06-24 17:59:00,-1,4267.154,4272.143,4216.136,4.988999999999578,10.226097414312356,1,1D,1,-1.0,SL,-1.1202645820805874,SPX500,0.12026458208058743
9184,2021-06-24 21:59:00,1,110.859,110.797,111.114,6.199999999999761,4.1129032258067655,1,12H,2,-1.0,SL,-1.2096774193548467,USDJPY,0.2096774193548468
9191,2021-06-25 04:59:00,1,110.866,110.79599999999999,111.114,7.000000000000739,3.5428571428568354,1,12H,2,-1.0,SL,-1.1857142857142662,USDJPY,0.18571428571426613
9197,2021-06-25 10:59:00,-1,110.762,110.804,110.624,4.200000000000159,3.2857142857142856,1,1D,1,3.2857142857142856,TP,2.976190476190488,USDJPY,0.3095238095237978
9205,2021-06-25 18:59:00,-1,110.838,110.885,110.624,4.7000000000011255,4.553191489360583,1,1D,1,4.553191489360583,TP,4.276595744679798,USDJPY,0.27659574468078485
9207,2021-06-27 21:59:00,1,1.19363,1.19286,1.19742,7.699999999999374,4.92207792207827,1,4H,1,-1.0,SL,-1.1558441558441686,EURUSD,0.1558441558441685
9209,2021-06-27 22:59:00,-1,110.79,110.86800000000001,110.535,7.800000000000296,3.269230769230769,1,4H,2,-1.0,SL,-1.1666666666666603,USDJPY,0.16666666666666036
9224,2021-06-28 14:59:00,-1,1.19261,1.19407,1.18808,14.600000000000168,3.1027397260273086,1,1D,3,3.1027397260273086,TP,3.020547945205392,EURUSD,0.08219178082191686
9224,2021-06-28 15:59:00,1,1.38948,1.38807,1.39393,14.100000000001334,3.1560283687939163,1,4H,1,-1.0,SL,-1.1063829787233943,GBPUSD,0.1063829787233942
9228,2021-06-28 18:59:00,1,1.19234,1.19188,1.19444,4.599999999999049,4.565217391305271,2,4H,3,-1.0,SL,-1.2608695652174453,EURUSD,0.2608695652174452
9240,2021-06-29 06:59:00,-1,1.19196,1.1924,1.18808,4.3999999999999595,8.818181818181635,1,1D,3,8.818181818181635,TP,8.54545454545436,EURUSD,0.2727272727272752
8378,2021-06-30 10:59:00,-1,14550.399,14563.107,14477.909,12.708000000000538,5.704280768019886,1,12H,1,-1.0,SL,-1.1180358829083992,NAS100,0.11803588290839916
8383,2021-06-30 15:59:00,-1,14563.549,14585.409,14477.909,21.859999999998763,3.91765782250714,1,12H,1,-1.0,SL,-1.0686184812442856,NAS100,0.06861848124428567
8401,2021-07-01 11:59:00,-1,14551.749,14556.309,14525.889,4.559999999999491,5.671052631579708,2,12H,2,-1.0,SL,-1.3289473684210893,NAS100,0.32894736842108935
8430,2021-07-02 18:59:00,-1,14696.789,14705.399,14475.409,8.609999999998763,25.711962833917866,1,1D,2,-1.0,SL,-1.1742160278745895,NAS100,0.17421602787458948
9335,2021-07-05 05:59:00,-1,1.18531,1.18605,1.18295,7.399999999999629,3.189189189189538,1,4H,2,-1.0,SL,-1.1621621621621703,EURUSD,0.16216216216217028
9363,2021-07-06 08:59:00,1,110.789,110.737,111.189,5.200000000000671,7.692307692306536,1,12H,1,-1.0,SL,-1.2499999999999678,USDJPY,0.24999999999996775
8474,2021-07-07 08:59:00,-1,4346.339,4352.048,4313.942,5.708999999999833,5.67472411981098,1,4H,1,-1.0,SL,-1.1050972149238076,SPX500,0.1050972149238076
9403,2021-07-08 02:59:00,1,1.37807,1.37733,1.38981,7.399999999999629,15.864864864865773,1,1D,2,-1.0,SL,-1.2027027027027128,GBPUSD,0.20270270270271287
9411,2021-07-08 08:59:00,1,109.849,109.744,110.965,10.500000000000398,10.628571428571023,1,1D,1,-1.0,SL,-1.1238095238095192,USDJPY,0.12380952380951912
9422,2021-07-08 20:59:00,-1,1.18441,1.1849399999999999,1.18249,5.299999999999194,3.6226415094343656,1,4H,1,-1.0,SL,-1.226415094339657,EURUSD,0.22641509433965706
9424,2021-07-08 21:59:00,1,109.752,109.699,109.957,5.299999999999727,3.8679245283020536,1,4H,1,3.8679245283020536,TP,3.6226415094341164,USDJPY,0.24528301886793716
9423,2021-07-08 21:59:00,1,1.18441,1.18389,1.18678,5.199999999998539,4.557692307693556,1,4H,2,-1.0,SL,-1.2307692307692957,EURUSD,0.2307692307692956
8512,2021-07-09 02:59:00,1,4310.399,4300.345,4349.899,10.054000000000087,3.9287845633578335,2,4H,4,3.9287845633578335,TP,3.86910682315493,SPX500,0.0596777402029038
9429,2021-07-09 03:59:00,1,1.18393,1.18331,1.18678,6.199999999998429,4.5967741935495825,1,4H,2,-1.0,SL,-1.1935483870968233,EURUSD,0.19354838709682323
9440,2021-07-09 15:59:00,1,1.384,1.38224,1.38981,17.599999999999838,3.301136363636447,1,1D,2,3.301136363636447,TP,3.2159090909091734,GBPUSD,0.08522727272727351
8546,2021-07-12 05:59:00,1,14809.559,14800.949,14849.387,8.609999999998763,4.625783972126255,1,4H,1,-1.0,SL,-1.1742160278745895,NAS100,0.17421602787458948
8556,2021-07-12 15:59:00,-1,14851.529,14868.909,14791.919,17.3799999999992,3.429804372842539,1,4H,2,-1.0,SL,-1.0863060989643307,NAS100,0.0863060989643308
9468,2021-07-12 18:59:00,-1,1.18578,1.18617,1.1836,3.8999999999989043,5.589743589745342,1,4H,2,-1.0,SL,-1.307692307692394,EURUSD,0.30769230769239414
9469,2021-07-12 20:59:00,-1,1.38805,1.38859,1.37938,5.399999999999849,16.05555555555592,1,12H,1,-1.0,SL,-1.2777777777777855,GBPUSD,0.2777777777777855
9471,2021-07-12 22:59:00,-1,1.38843,1.38891,1.37552,4.8000000000003595,26.89583333333127,1,1D,1,-1.0,SL,-1.3124999999999765,GBPUSD,0.3124999999999766
9474,2021-07-12 23:59:00,-1,110.328,110.378,110.1,4.999999999999716,4.560000000000432,1,4H,4,-1.0,SL,-1.2600000000000149,USDJPY,0.2600000000000148
9476,2021-07-13 01:59:00,-1,110.354,110.41300000000001,110.1,5.900000000001171,4.30508474576194,1,4H,4,-1.0,SL,-1.2203389830508038,USDJPY,0.22033898305080374
9477,2021-07-13 02:59:00,-1,110.364,110.45100000000001,110.1,8.70000000000033,3.0344827586206895,1,4H,4,-1.0,SL,-1.1494252873563162,USDJPY,0.1494252873563162
9477,2021-07-13 03:59:00,-1,1.18696,1.18761,1.1836,6.500000000000394,5.169230769230501,1,4H,2,5.169230769230501,TP,4.984615384615128,EURUSD,0.1846153846153734
9476,2021-07-13 03:59:00,-1,1.3898,1.39061,1.37552,8.099999999999774,17.629629629629935,1,1D,1,7.654320987654514,tiempo,7.4691358024693235,GBPUSD,0.18518518518519034
9483,2021-07-13 10:59:00,1,1.3856,1.38481,1.39097,7.899999999998464,6.797468354431825,1,12H,2,-1.0,SL,-1.189873417721556,GBPUSD,0.18987341772155591
9493,2021-07-13 18:59:00,-1,110.594,110.655,110.1,6.100000000000705,8.098360655736766,1,12H,1,-1.0,SL,-1.213114754098336,USDJPY,0.21311475409833605
9500,2021-07-14 03:59:00,-1,1.38192,1.38249,1.37552,5.699999999999594,11.228070175439328,1,1D,1,-1.0,SL,-1.263157894736861,GBPUSD,0.26315789473686085
9504,2021-07-14 07:59:00,-1,1.38372,1.38543,1.37552,17.099999999998783,4.795321637427233,1,1D,1,-1.0,SL,-1.0877192982456203,GBPUSD,0.08771929824562028
9505,2021-07-14 08:59:00,-1,1.38459,1.38628,1.37552,16.899999999999693,5.366863905325489,1,1D,1,-1.0,SL,-1.0887573964497057,GBPUSD,0.08875739644970576
8598,2021-07-14 13:59:00,-1,14951.989,14999.309,14791.919,47.31999999999971,3.382713440405763,1,1D,1,-1.0,SL,-1.0316990701606088,NAS100,0.031699070160608814
9514,2021-07-14 17:59:00,-1,1.38529,1.38682,1.37998,15.300000000000313,3.4705882352939983,2,12H,4,-1.0,SL,-1.0980392156862724,GBPUSD,0.0980392156862725
8603,2021-07-14 18:59:00,-1,14938.349,14950.279,14791.919,11.930000000000291,12.274098910309867,1,1D,1,-1.0,SL,-1.1257334450963925,NAS100,0.1257334450963926
9522,2021-07-15 00:59:00,1,1.18333,1.18275,1.18507,5.800000000000249,3.0,2,12H,6,-1.0,SL,-1.206896551724129,EURUSD,0.20689655172412902
8599,2021-07-15 01:59:00,1,4370.045,4364.542,4392.599,5.502999999999702,4.098491731782902,1,4H,4,-1.0,SL,-1.109031437397789,SPX500,0.10903143739778894
9542,2021-07-15 21:59:00,-1,1.38249,1.38325,1.38011,7.600000000000939,3.131578947368098,2,1D,4,-1.0,SL,-1.1973684210526072,GBPUSD,0.19736842105260718
9546,2021-07-16 00:59:00,-1,1.18114,1.18178,1.17717,6.399999999999739,6.203125000000298,1,1D,1,-1.0,SL,-1.1875000000000075,EURUSD,0.18750000000000763
9550,2021-07-16 04:59:00,-1,1.18094,1.18133,1.17717,3.8999999999989043,9.666666666669514,1,1D,1,-1.0,SL,-1.307692307692394,EURUSD,0.30769230769239414
9549,2021-07-16 04:59:00,-1,1.38366,1.38411,1.38011,4.500000000000615,7.888888888887683,2,1D,4,7.888888888887683,TP,7.555555555554395,GBPUSD,0.3333333333332878
9551,2021-07-16 05:59:00,-1,1.18101,1.18143,1.17717,4.20000000000087,9.142857142854877,1,1D,1,-1.0,SL,-1.2857142857142265,EURUSD,0.2857142857142265
9552,2021-07-16 06:59:00,1,1.181,1.1803,1.18507,7.0000000000014495,5.814285714284536,1,12H,6,-1.0,SL,-1.171428571428536,EURUSD,0.17142857142853593
9556,2021-07-16 11:59:00,1,1.38124,1.37986,1.38988,13.799999999999368,6.260869565217664,1,12H,1,-1.0,SL,-1.108695652173918,GBPUSD,0.10869565217391802
9563,2021-07-16 17:59:00,-1,1.18111,1.18195,1.17717,8.399999999999519,4.690476190476524,1,1D,1,4.690476190476524,TP,4.5476190476193725,EURUSD,0.14285714285715104
9590,2021-07-19 20:59:00,-1,1.17967,1.18017,1.17717,4.999999999999449,5.000000000000444,2,1D,1,-1.0,SL,-1.2400000000000264,EURUSD,0.24000000000002641
9600,2021-07-20 07:59:00,1,1.3637,1.36258,1.37193,11.200000000000099,7.348214285714383,1,4H,3,-1.0,SL,-1.1339285714285703,GBPUSD,0.13392857142857026
8684,2021-07-20 11:59:00,-1,14612.239,14632.289,14452.549,20.05000000000109,7.9645885286778055,1,12H,1,-1.0,SL,-1.0748129675810434,NAS100,0.0748129675810433
9605,2021-07-20 11:59:00,1,1.17877,1.17748,1.18507,12.900000000000134,4.883720930232486,1,12H,6,-1.0,SL,-1.0930232558139525,EURUSD,0.09302325581395252
9615,2021-07-20 21:59:00,1,1.17808,1.17766,1.18507,4.20000000000087,16.64285714285382,1,12H,6,-1.0,SL,-1.2857142857142265,EURUSD,0.2857142857142265
9617,2021-07-20 23:59:00,1,1.17813,1.1777,1.18507,4.299999999999304,16.139534883723933,1,12H,6,-1.0,SL,-1.2790697674419056,EURUSD,0.2790697674419056
9639,2021-07-21 21:59:00,1,1.17952,1.17881,1.18507,7.099999999999884,7.8169014084510655,1,12H,6,-1.0,SL,-1.169014084507045,EURUSD,0.169014084507045
9659,2021-07-22 16:59:00,1,110.126,110.053,110.357,7.30000000000075,3.1643835616434357,1,4H,2,3.1643835616434357,TP,2.986301369862632,USDJPY,0.17808219178080362
9662,2021-07-22 20:59:00,1,1.17706,1.1765700000000001,1.18507,4.899999999998794,16.346938775514374,1,12H,6,-1.0,SL,-1.2448979591837337,EURUSD,0.24489795918373372
9666,2021-07-22 23:59:00,1,110.141,110.07499999999999,110.357,6.600000000001671,3.2727272727263528,1,4H,2,3.2727272727263528,TP,3.0757575757567057,USDJPY,0.1969696969696471
9679,2021-07-23 13:59:00,1,1.17647,1.1759,1.17865,5.699999999999594,3.8245614035091684,1,4H,2,-1.0,SL,-1.2105263157894885,EURUSD,0.21052631578948866
8751,2021-07-25 23:59:00,-1,4410.542,4414.351,4382.039,3.808999999999287,7.483066421634536,1,4H,3,-1.0,SL,-1.1575216592281734,SPX500,0.15752165922817335
9692,2021-07-26 03:59:00,1,1.37476,1.37401,1.37796,7.500000000000284,4.2666666666666275,1,12H,1,-1.0,SL,-1.1999999999999924,GBPUSD,0.19999999999999243
8758,2021-07-26 06:59:00,-1,4398.542,4400.899,4382.039,2.356999999999971,7.001697072550197,1,4H,3,-1.0,SL,-1.254560882477729,SPX500,0.25456088247772907
8775,2021-07-26 14:59:00,-1,15101.109,15131.799,14981.939,30.69000000000051,3.8830237862495305,2,4H,3,-1.0,SL,-1.0488758553274675,NAS100,0.04887585532746742
8768,2021-07-26 16:59:00,-1,4414.499,4421.942,4382.039,7.443000000000211,4.3611446997177366,1,4H,3,-1.0,SL,-1.080612656187019,SPX500,0.08061265618701907
8780,2021-07-26 19:59:00,-1,15125.119,15133.399,14981.939,8.279999999998836,17.29227053140343,2,4H,3,-1.0,SL,-1.1811594202898805,NAS100,0.18115942028988055
9710,2021-07-26 19:59:00,-1,110.376,110.41900000000001,110.116,4.300000000000637,6.046511627906201,1,4H,2,6.046511627906201,TP,5.7441860465108965,USDJPY,0.3023255813953041
9726,2021-07-27 13:59:00,-1,1.38156,1.38281,1.37664,12.500000000001954,3.9359999999992357,1,4H,1,-1.0,SL,-1.1199999999999812,GBPUSD,0.11999999999998125
9800,2021-07-30 15:59:00,1,1.3912,1.38893,1.39832,22.699999999999942,3.136563876651997,1,4H,1,-1.0,SL,-1.066079295154185,GBPUSD,0.06607929515418519
8866,2021-07-30 17:59:00,-1,14975.089,14989.799,14878.899,14.710000000000946,6.5390890550641965,1,1D,1,-1.0,SL,-1.101971447994555,NAS100,0.10197144799455496
8857,2021-07-30 17:59:00,-1,4399.736,4403.754,4382.939,4.018000000000029,4.180438028869948,1,4H,1,-1.0,SL,-1.1493280238924828,SPX500,0.14932802389248273
8863,2021-08-02 01:59:00,-1,4416.639,4420.999,4377.433,4.359999999999673,8.99220183486309,1,12H,1,-1.0,SL,-1.1376146788990928,SPX500,0.1376146788990929
9816,2021-08-02 05:59:00,1,109.676,109.637,109.805,3.900000000000148,3.3076923076923075,3,4H,1,-1.0,SL,-1.3333333333333206,USDJPY,0.3333333333333207
9817,2021-08-02 07:59:00,-1,1.18814,1.18884,1.18406,6.999999999999229,5.8285714285721895,1,1D,3,-1.0,SL,-1.1714285714285904,EURUSD,0.1714285714285903
9820,2021-08-02 10:59:00,-1,1.18909,1.18978,1.18406,6.900000000000794,7.289855072463059,1,1D,3,-1.0,SL,-1.1739130434782408,EURUSD,0.17391304347824085
9820,2021-08-02 11:59:00,1,1.38996,1.38921,1.39785,7.500000000000284,10.519999999999538,1,12H,1,-1.0,SL,-1.1999999999999924,GBPUSD,0.19999999999999243
9827,2021-08-02 16:59:00,1,109.251,109.176,109.911,7.500000000000284,8.79999999999962,2,12H,1,-1.0,SL,-1.1733333333333267,USDJPY,0.17333333333332676
9828,2021-08-02 19:59:00,1,1.38914,1.38821,1.39785,9.300000000000974,9.365591397848476,1,12H,1,-1.0,SL,-1.1612903225806281,GBPUSD,0.16129032258062825
9844,2021-08-03 11:59:00,-1,1.39322,1.39395,1.38753,7.300000000001194,7.794520547943893,1,12H,2,-1.0,SL,-1.205479452054761,GBPUSD,0.2054794520547609
8895,2021-08-03 11:59:00,1,4403.248,4399.933,4429.542,3.3149999999996,7.931825037708583,1,1D,3,-1.0,SL,-1.180995475113144,SPX500,0.180995475113144
8898,2021-08-03 14:59:00,1,4386.033,4371.833,4429.542,14.200000000000728,3.064014084506886,1,1D,3,3.064014084506886,TP,3.021760563380128,SPX500,0.0422535211267584
8910,2021-08-03 17:59:00,-1,15031.719,15049.697,14820.939,17.978000000000975,11.724329736343721,1,1D,1,-1.0,SL,-1.0834353098231126,NAS100,0.08343530982311262
9860,2021-08-04 03:59:00,-1,1.39247,1.39338,1.38753,9.099999999999664,5.428571428571812,1,12H,2,-1.0,SL,-1.164835164835171,GBPUSD,0.1648351648351709
9862,2021-08-04 05:59:00,-1,1.39256,1.39306,1.38753,4.999999999999449,10.060000000001288,1,12H,2,-1.0,SL,-1.3000000000000331,GBPUSD,0.300000000000033
9864,2021-08-04 07:59:00,-1,1.39416,1.39478,1.38753,6.199999999998429,10.693548387099703,1,12H,2,-1.0,SL,-1.241935483871029,GBPUSD,0.24193548387102903
9865,2021-08-04 07:59:00,-1,1.18767,1.18808,1.18406,4.100000000000215,8.804878048780303,1,1D,3,-1.0,SL,-1.292682926829253,EURUSD,0.29268292682925295
9890,2021-08-05 09:59:00,-1,1.39177,1.39285,1.38823,10.799999999999699,3.277777777777755,1,1D,1,-1.0,SL,-1.1388888888888928,GBPUSD,0.13888888888889275
8938,2021-08-05 10:59:00,1,4410.551,4408.751,4429.542,1.800000000000182,10.550555555554482,1,1D,3,-1.0,SL,-1.3333333333332997,SPX500,0.3333333333332996
8939,2021-08-05 11:59:00,1,4413.236,4408.233,4429.542,5.002999999999702,3.2592444533282965,1,1D,3,3.2592444533282965,TP,3.1393164101541937,SPX500,0.11992804317410269
9894,2021-08-05 13:59:00,1,1.39109,1.3898,1.39574,12.900000000000134,3.604651162790694,1,12H,1,-1.0,SL,-1.1162790697674407,GBPUSD,0.11627906976744065
9900,2021-08-05 18:59:00,1,1.18357,1.18303,1.18572,5.399999999999849,3.981481481481771,1,4H,2,-1.0,SL,-1.2222222222222283,EURUSD,0.2222222222222284
9899,2021-08-05 18:59:00,1,1.39321,1.3927,1.39574,5.1000000000001044,4.960784313725234,1,12H,1,-1.0,SL,-1.2941176470588176,GBPUSD,0.2941176470588175
9909,2021-08-06 04:59:00,1,1.39206,1.39159,1.39574,4.699999999999704,7.829787234042844,1,12H,1,-1.0,SL,-1.3191489361702329,GBPUSD,0.3191489361702328
9920,2021-08-06 15:59:00,1,1.38708,1.38598,1.39574,11.000000000001009,7.872727272726451,1,12H,1,-1.0,SL,-1.1363636363636238,GBPUSD,0.13636363636362386
9931,2021-08-09 00:59:00,-1,110.26,110.327,109.776,6.6999999999993065,7.223880597015805,1,4H,3,-1.0,SL,-1.1940298507462888,USDJPY,0.19402985074628876
9938,2021-08-09 07:59:00,-1,110.185,110.248,109.776,6.300000000000239,6.492063492063342,1,4H,3,-1.0,SL,-1.2063492063491985,USDJPY,0.20634920634919854
9943,2021-08-09 13:59:00,1,1.17611,1.1755200000000001,1.18125,5.899999999998684,8.711864406781473,1,12H,1,-1.0,SL,-1.20338983050852,EURUSD,0.20338983050851994
9945,2021-08-09 15:59:00,1,1.17481,1.17395,1.18125,8.599999999998609,7.488372093024469,1,12H,1,-1.0,SL,-1.1395348837209527,EURUSD,0.1395348837209528
9946,2021-08-09 15:59:00,-1,110.256,110.31400000000001,109.776,5.8000000000006935,8.275862068964596,1,4H,3,-1.0,SL,-1.224137931034456,USDJPY,0.22413793103445598
9947,2021-08-09 16:59:00,-1,110.272,110.327,109.776,5.499999999999261,9.0181818181832,1,4H,3,-1.0,SL,-1.236363636363668,USDJPY,0.23636363636366814
9947,2021-08-09 17:59:00,1,1.17434,1.17365,1.18125,6.899999999998574,10.014492753625218,1,12H,1,-1.0,SL,-1.1739130434782967,EURUSD,0.1739130434782968
9000,2021-08-09 19:59:00,1,15133.809,15126.779,15164.109,7.029999999998836,4.310099573258337,2,12H,2,-1.0,SL,-1.2133712660028804,NAS100,0.21337126600288028
9005,2021-08-10 02:59:00,1,15116.639,15101.839,15164.109,14.799999999999272,3.2074324324326686,2,12H,1,3.2074324324326686,TP,3.1060810810813124,NAS100,0.10135135135135634
8996,2021-08-10 02:59:00,1,4426.348,4422.339,4440.045,4.0090000000000146,3.4165627338488567,1,1D,1,3.4165627338488567,TP,3.266899476178615,SPX500,0.1496632576702414
9962,2021-08-10 09:59:00,1,1.38603,1.38502,1.38923,10.100000000001774,3.168316831682483,1,12H,1,-1.0,SL,-1.1485148514851224,GBPUSD,0.14851485148512242
9020,2021-08-10 17:59:00,1,15066.639,15048.029,15164.109,18.609999999998763,5.2375067168193254,2,12H,1,-1.0,SL,-1.0806018269747502,NAS100,0.08060182697475012
10025,2021-08-12 23:59:00,-1,1.17356,1.17396,1.17236,3.9999999999995595,3.0,1,4H,2,-1.0,SL,-1.3000000000000331,EURUSD,0.300000000000033
10046,2021-08-15 21:59:00,1,1.38594,1.38542,1.38782,5.199999999998539,3.615384615385831,1,1D,1,-1.0,SL,-1.2884615384616196,GBPUSD,0.2884615384616195
10077,2021-08-17 04:59:00,1,1.38189,1.38132,1.38783,5.699999999999594,10.421052631579398,1,4H,2,-1.0,SL,-1.263157894736861,GBPUSD,0.26315789473686085
10111,2021-08-18 13:59:00,1,1.17184,1.17075,1.17753,10.900000000000354,5.220183486238338,1,12H,2,-1.0,SL,-1.1100917431192625,EURUSD,0.11009174311926248
9183,2021-08-20 04:59:00,1,14920.299,14912.319,15042.589,7.980000000001382,15.324561403506,1,1D,1,-1.0,SL,-1.1879699248119975,NAS100,0.1879699248119975
10161,2021-08-20 14:59:00,-1,109.802,109.888,109.478,8.599999999999852,3.7674418604653237,1,1D,2,-1.0,SL,-1.151162790697677,USDJPY,0.15116279069767702
9188,2021-08-20 18:59:00,1,4435.236,4430.533,4453.633,4.70299999999952,3.9117584520522675,1,1D,2,3.9117584520522675,TP,3.7841803104405174,SPX500,0.1275781416117502
10170,2021-08-22 23:59:00,-1,109.84,109.891,109.478,5.100000000000193,7.098039215686182,1,1D,2,-1.0,SL,-1.254901960784304,USDJPY,0.25490196078430405
10177,2021-08-23 06:59:00,-1,109.939,109.994,109.478,5.500000000000682,8.381818181817115,1,1D,2,-1.0,SL,-1.236363636363607,USDJPY,0.23636363636360705
10196,2021-08-24 01:59:00,-1,109.741,109.786,109.478,4.5000000000001705,5.844444444444339,1,1D,2,-1.0,SL,-1.2888888888888779,USDJPY,0.2888888888888779
10202,2021-08-24 09:59:00,-1,1.37105,1.3724,1.36602,13.499999999999623,3.7259259259260964,1,12H,3,-1.0,SL,-1.1111111111111143,GBPUSD,0.11111111111111421
10206,2021-08-24 11:59:00,1,109.7,109.642,110.146,5.8000000000006935,7.689655172412839,1,12H,1,-1.0,SL,-1.224137931034456,USDJPY,0.22413793103445598
10212,2021-08-24 17:59:00,1,109.691,109.636,110.146,5.500000000000682,8.272727272726216,1,12H,1,-1.0,SL,-1.236363636363607,USDJPY,0.23636363636360705
10251,2021-08-26 10:59:00,-1,1.3738,1.3750499999999999,1.36962,12.499999999999734,3.343999999999952,1,12H,1,3.343999999999952,TP,3.223999999999949,GBPUSD,0.12000000000000256
10284,2021-08-27 17:59:00,1,109.838,109.786,110.229,5.19999999999925,7.519230769231957,1,12H,1,-1.0,SL,-1.250000000000036,USDJPY,0.2500000000000361
9306,2021-08-30 04:58:00,-1,4510.736,4513.299,4478.851,2.563000000000102,12.440499414747933,1,4H,3,-1.0,SL,-1.2341006632852034,SPX500,0.23410066328520332
10301,2021-08-30 10:59:00,1,109.835,109.78999999999999,110.267,4.5000000000001705,9.599999999999683,1,12H,2,-1.0,SL,-1.2888888888888779,USDJPY,0.2888888888888779
10322,2021-08-31 07:59:00,1,109.813,109.768,110.267,4.5000000000001705,10.088888888888363,2,1D,2,-1.0,SL,-1.2888888888888779,USDJPY,0.2888888888888779
10332,2021-08-31 17:59:00,1,109.991,109.922,110.267,6.9000000000002615,3.999999999999794,2,1D,2,3.999999999999794,TP,3.811594202898352,USDJPY,0.18840579710144215
9354,2021-08-31 23:59:00,1,15598.589,15588.449,15638.587,10.139999999999418,3.9445759368838154,1,4H,1,-1.0,SL,-1.1479289940828488,NAS100,0.14792899408284874
9349,2021-09-01 03:59:00,-1,4534.248,4537.242,4503.736,2.9940000000005966,10.191048764192931,1,1D,4,-1.0,SL,-1.2004008016031664,SPX500,0.20040080160316648
9362,2021-09-01 07:59:00,-1,15626.329,15650.879,15421.129,24.55000000000109,8.358452138492456,1,1D,1,-1.0,SL,-1.0610997963340094,NAS100,0.061099796334009505
9361,2021-09-01 15:59:00,-1,4529.654,4533.699,4503.736,4.044999999999163,6.4074165636603055,1,1D,4,-1.0,SL,-1.148331273176792,SPX500,0.14833127317679212
9386,2021-09-02 09:59:00,-1,15636.919,15651.369,15522.419,14.450000000000728,7.923875432525553,1,12H,4,-1.0,SL,-1.1038062283736971,NAS100,0.1038062283736972
9377,2021-09-02 09:59:00,1,4530.542,4528.742,4541.245,1.800000000000182,5.946111111110244,1,12H,1,5.946111111110244,TP,5.6127777777769445,SPX500,0.3333333333332996
9378,2021-09-02 10:59:00,1,4530.733,4528.536,4541.245,2.1970000000001164,4.78470641784213,1,12H,1,4.78470641784213,TP,4.51160673645844,SPX500,0.27309968138369056
9393,2021-09-03 03:59:00,-1,4544.736,4548.254,4503.736,3.518000000000029,11.654349061966931,1,1D,4,-1.0,SL,-1.1705514496873208,SPX500,0.17055144968732092
9402,2021-09-03 03:59:00,-1,15619.229,15630.799,15522.419,11.570000000001528,8.36732929991242,1,12H,4,-1.0,SL,-1.1296456352635957,NAS100,0.12964563526359568
9404,2021-09-03 05:59:00,1,15619.819,15615.279,15660.389,4.539999999999054,8.936123348019418,1,4H,1,-1.0,SL,-1.330396475770994,NAS100,0.33039647577099396
9408,2021-09-03 09:59:00,1,15614.049,15606.709,15660.389,7.3400000000001455,6.313351498637249,1,4H,1,6.313351498637249,TP,6.10899182561273,NAS100,0.2043596730245191
10401,2021-09-03 15:59:00,-1,1.18833,1.18911,1.18363,7.799999999997809,6.0256410256429085,1,12H,1,-1.0,SL,-1.153846153846197,EURUSD,0.15384615384619707
10417,2021-09-06 08:59:00,1,1.38418,1.3835,1.38677,6.800000000000139,3.8088235294118222,1,4H,1,-1.0,SL,-1.220588235294113,GBPUSD,0.22058823529411312
9421,2021-09-06 09:59:00,-1,4544.354,4546.839,4517.733,2.4849999999996726,10.712676056339477,1,1D,1,-1.0,SL,-1.2414486921529493,SPX500,0.2414486921529493
9422,2021-09-06 10:59:00,-1,4544.642,4547.899,4517.733,3.2570000000005166,8.261897451641198,1,1D,1,-1.0,SL,-1.1842186060791848,SPX500,0.18421860607918478
9426,2021-09-06 14:57:00,-1,4547.954,4550.299,4517.733,2.3450000000002547,12.887420042642331,1,1D,1,12.887420042642331,TP,12.63155650319673,SPX500,0.2558635394456012
10473,2021-09-08 14:59:00,-1,110.312,110.403,109.935,9.100000000000819,4.142857142856719,1,12H,2,4.142857142856719,TP,3.9999999999995888,USDJPY,0.14285714285713
10479,2021-09-08 21:59:00,1,1.18169,1.18104,1.18448,6.499999999998174,4.292307692309006,2,4H,8,-1.0,SL,-1.1846153846154364,EURUSD,0.18461538461543647
10512,2021-09-10 06:59:00,1,1.18288,1.18235,1.18448,5.299999999999194,3.0188679245288474,2,4H,8,3.0188679245288474,TP,2.79245283018919,EURUSD,0.22641509433965706
9553,2021-09-14 03:59:00,1,15455.849,15442.509,15666.999,13.340000000000146,15.828335832083757,1,12H,2,-1.0,SL,-1.1124437781109433,NAS100,0.1124437781109433
9548,2021-09-14 07:59:00,1,4469.251,4460.733,4518.899,8.518000000000029,5.828598262502931,2,1D,2,-1.0,SL,-1.070439070204273,SPX500,0.07043907020427306
9551,2021-09-14 10:59:00,1,4472.245,4467.748,4518.899,4.497000000000298,10.374471870135059,2,1D,2,-1.0,SL,-1.133422281521005,SPX500,0.13342228152100516
10566,2021-09-14 13:59:00,-1,1.38797,1.3914,1.3753,34.30000000000044,3.6938775510203485,1,1D,2,2.7288629737609083,tiempo,2.685131195335253,GBPUSD,0.04373177842565542
10569,2021-09-14 16:59:00,-1,1.38483,1.38579,1.3753,9.600000000000719,9.92708333333263,1,1D,2,4.156249999999624,tiempo,3.999999999999636,GBPUSD,0.1562499999999883
9558,2021-09-14 17:59:00,1,4452.333,4441.836,4518.899,10.496999999999389,6.341430885015203,2,1D,2,-1.0,SL,-1.0571591883395288,SPX500,0.057159188339528905
10584,2021-09-15 07:59:00,-1,1.38265,1.38385,1.3753,12.000000000000899,6.124999999999514,1,1D,2,-1.0,SL,-1.1249999999999907,GBPUSD,0.12499999999999063
10586,2021-09-15 09:59:00,1,1.38274,1.38204,1.3913,7.0000000000014495,12.228571428568754,1,12H,1,-1.0,SL,-1.21428571428567,GBPUSD,0.21428571428566992
10591,2021-09-15 14:59:00,-1,1.38294,1.38546,1.3753,25.199999999998557,3.0317460317462417,1,1D,2,3.0317460317462417,TP,2.972222222222429,GBPUSD,0.059523809523812934
10598,2021-09-15 21:59:00,1,1.38413,1.38323,1.3913,9.00000000000123,7.966666666665466,1,12H,1,-1.0,SL,-1.1666666666666439,GBPUSD,0.1666666666666439
10601,2021-09-16 00:59:00,1,1.38483,1.3841,1.3913,7.299999999998974,8.863013698631349,1,12H,1,-1.0,SL,-1.2054794520548233,GBPUSD,0.2054794520548234
10605,2021-09-16 02:59:00,1,109.268,109.211,109.743,5.700000000000216,8.333333333332918,1,12H,2,8.333333333332918,TP,8.105263157894331,USDJPY,0.22807017543858785
10617,2021-09-16 16:59:00,-1,1.37824,1.37908,1.3753,8.40000000000174,3.499999999999207,1,1D,2,-1.0,SL,-1.1785714285713915,GBPUSD,0.1785714285713916
10630,2021-09-17 05:59:00,-1,1.38059,1.38106,1.3753,4.699999999999704,11.255319148936914,1,1D,2,-1.0,SL,-1.3191489361702329,GBPUSD,0.3191489361702328
9613,2021-09-17 06:59:00,-1,4478.533,4481.848,4436.433,3.3149999999996,12.699849170439048,2,1D,1,-1.0,SL,-1.180995475113144,SPX500,0.180995475113144
10633,2021-09-17 06:59:00,-1,109.873,109.917,109.667,4.399999999999693,4.681818181818578,1,4H,1,-1.0,SL,-1.295454545454566,USDJPY,0.29545454545456606
10637,2021-09-17 12:59:00,-1,1.37971,1.38081,1.3753,11.000000000001009,4.009090909090564,1,1D,2,4.009090909090564,TP,3.8727272727269404,GBPUSD,0.13636363636362386
9641,2021-09-20 03:59:00,1,15249.359,15215.449,15414.749,33.909999999999854,4.8773223237982934,1,4H,1,-1.0,SL,-1.04423473901504,NAS100,0.04423473901504
10671,2021-09-20 21:59:00,1,1.17273,1.17221,1.17888,5.20000000000076,11.826923076921114,1,1D,2,-1.0,SL,-1.230769230769197,EURUSD,0.23076923076919706
10689,2021-09-21 15:59:00,1,1.17243,1.17137,1.17888,10.600000000000609,6.0849056603768625,1,1D,2,-1.0,SL,-1.1132075471698049,EURUSD,0.11320754716980481
10695,2021-09-21 21:59:00,1,1.17253,1.17215,1.17888,3.8000000000004697,16.71052631578703,1,1D,2,-1.0,SL,-1.3157894736841715,EURUSD,0.3157894736841715
10702,2021-09-22 04:59:00,1,1.17217,1.17157,1.17888,5.999999999999339,11.183333333334554,1,1D,2,-1.0,SL,-1.200000000000022,EURUSD,0.20000000000002202
10708,2021-09-22 10:59:00,1,1.17337,1.17273,1.17888,6.399999999999739,8.6093750000002,1,1D,2,-1.0,SL,-1.1875000000000075,EURUSD,0.18750000000000763
9684,2021-09-22 11:59:00,1,4376.433,4372.633,4399.999,3.800000000000182,6.2015789473680725,1,12H,1,-1.0,SL,-1.1578947368420978,SPX500,0.1578947368420977
10717,2021-09-22 19:59:00,1,1.16949,1.16833,1.17888,11.599999999998278,8.094827586208106,1,1D,2,-0.34482758620690973,tiempo,-0.44827586206899406,EURUSD,0.10344827586208431
10754,2021-09-24 08:59:00,1,1.1736,1.17299,1.17555,6.099999999999994,3.196721311475607,2,12H,1,-1.0,SL,-1.19672131147541,EURUSD,0.19672131147541
10759,2021-09-24 13:59:00,1,1.17117,1.16995,1.17555,12.199999999999989,3.590163934426274,2,12H,1,-1.0,SL,-1.098360655737705,EURUSD,0.098360655737705
10768,2021-09-26 23:59:00,1,1.36678,1.36609,1.36948,6.900000000000794,3.91304347826031,1,4H,3,-1.0,SL,-1.217391304347801,GBPUSD,0.21739130434780105
10773,2021-09-27 03:59:00,1,1.17221,1.17173,1.17555,4.8000000000003595,6.958333333333064,2,12H,1,-1.0,SL,-1.2499999999999813,EURUSD,0.24999999999998126
10783,2021-09-27 13:59:00,1,1.17018,1.16897,1.17555,12.099999999999334,4.438016528925944,2,12H,1,-1.0,SL,-1.0991735537190137,EURUSD,0.09917355371901372
10786,2021-09-27 15:59:00,-1,110.965,111.03200000000001,110.614,6.700000000000728,5.238805970148671,1,4H,1,-1.0,SL,-1.1940298507462477,USDJPY,0.1940298507462476
10798,2021-09-28 05:59:00,-1,1.37133,1.3718,1.36804,4.699999999999704,7.0000000000004725,1,4H,1,7.0000000000004725,TP,6.680851063830239,GBPUSD,0.3191489361702328
10801,2021-09-28 07:59:00,1,1.16869,1.1671,1.17555,15.899999999999803,4.31446540880514,2,12H,1,-1.0,SL,-1.0754716981132084,EURUSD,0.07547169811320847
10815,2021-09-28 20:59:00,1,111.49,111.442,111.638,4.800000000000182,3.083333333333432,1,4H,1,3.083333333333432,TP,2.812500000000109,USDJPY,0.2708333333333231
10814,2021-09-28 21:59:00,1,1.35366,1.3532,1.35522,4.60000000000127,3.3913043478251637,1,4H,1,-1.0,SL,-1.326086956521649,GBPUSD,0.3260869565216491
10819,2021-09-29 01:59:00,1,1.16824,1.1676900000000001,1.17012,5.499999999998284,3.4181818181830734,2,4H,2,-1.0,SL,-1.2181818181818862,EURUSD,0.21818181818188626
10860,2021-09-30 19:59:00,-1,1.34722,1.34853,1.34322,13.099999999999223,3.0534351145040004,1,4H,1,-1.0,SL,-1.1145038167938999,GBPUSD,0.11450381679389991
9864,2021-10-04 15:59:00,1,4298.842,4277.345,4397.748,21.49699999999939,4.600921058752513,1,1D,1,4.130669395729776,tiempo,4.10275852444541,SPX500,0.027910871284366052
9873,2021-10-04 15:59:00,1,14457.909,14395.529,14893.559,62.3799999999992,6.983808913113261,1,1D,1,-1.0,SL,-1.0240461686437965,NAS100,0.024046168643796398
9866,2021-10-04 17:59:00,1,4288.333,4278.833,4397.748,9.5,11.517368421052629,1,1D,1,11.517368421052629,TP,11.454210526315787,SPX500,0.06315789473684211
9875,2021-10-04 17:59:00,1,14412.849,14379.819,14893.559,33.030000000000655,14.553739025128356,1,1D,1,14.553739025128356,TP,14.508325764456242,NAS100,0.04541326067211536
10911,2021-10-04 22:59:00,-1,1.36082,1.36137,1.35733,5.5000000000005045,6.345454545453951,1,4H,1,-1.0,SL,-1.2727272727272476,GBPUSD,0.2727272727272477
10927,2021-10-05 14:59:00,-1,1.36235,1.36328,1.35848,9.300000000000974,4.161290322580252,1,4H,1,-1.0,SL,-1.1612903225806281,GBPUSD,0.16129032258062825
10936,2021-10-05 23:59:00,-1,1.36256,1.3631,1.35841,5.399999999999849,7.685185185185581,1,12H,1,7.685185185185581,TP,7.407407407407796,GBPUSD,0.2777777777777855
10963,2021-10-07 01:59:00,1,1.15565,1.15501,1.15839,6.399999999999739,4.281250000000119,2,4H,2,-1.0,SL,-1.1875000000000075,EURUSD,0.18750000000000763
10965,2021-10-07 03:59:00,1,1.15555,1.15513,1.15839,4.20000000000087,6.761904761903251,2,4H,2,-1.0,SL,-1.2857142857142265,EURUSD,0.2857142857142265
10964,2021-10-07 03:59:00,1,1.35837,1.35761,1.36139,7.600000000000939,3.9736842105258545,2,4H,1,-1.0,SL,-1.1973684210526072,GBPUSD,0.19736842105260718
10971,2021-10-07 09:59:00,1,1.15605,1.15539,1.15839,6.6000000000010495,3.5454545454539947,2,4H,2,-1.0,SL,-1.1818181818181528,EURUSD,0.1818181818181529
10973,2021-10-07 12:59:00,1,1.35948,1.35886,1.36139,6.200000000000649,3.080645161290126,2,4H,1,-1.0,SL,-1.2419354838709424,GBPUSD,0.2419354838709424
10976,2021-10-07 13:59:00,-1,111.442,111.561,110.869,11.900000000001398,4.815126050419546,1,1D,1,-1.0,SL,-1.1092436974789788,USDJPY,0.10924369747897876
10980,2021-10-07 17:59:00,-1,111.595,111.63900000000001,110.869,4.400000000001114,16.4999999999958,1,1D,1,-1.0,SL,-1.2954545454544706,USDJPY,0.29545454545447064
10983,2021-10-07 20:59:00,-1,111.607,111.658,110.869,5.100000000000193,14.47058823529356,1,1D,1,-1.0,SL,-1.254901960784304,USDJPY,0.25490196078430405
10986,2021-10-08 00:59:00,1,1.15581,1.1551500000000001,1.15839,6.599999999998829,3.9090909090916433,2,4H,2,-1.0,SL,-1.181818181818214,EURUSD,0.18181818181821408
9938,2021-10-08 01:59:00,-1,4407.248,4412.754,4390.139,5.506000000000313,3.107337450054213,1,4H,1,-1.0,SL,-1.1089720305121624,SPX500,0.10897203051216235
10999,2021-10-08 13:59:00,1,1.15639,1.15547,1.16006,9.200000000000319,3.989130434782538,1,12H,1,-1.0,SL,-1.1304347826086911,EURUSD,0.13043478260869112
11000,2021-10-08 15:59:00,-1,1.36291,1.3649499999999999,1.35436,20.399999999998197,4.191176470588634,1,1D,2,-1.0,SL,-1.0735294117647123,GBPUSD,0.07352941176471238
11001,2021-10-08 15:59:00,-1,1.1572,1.15804,1.15416,8.399999999999519,3.6190476190477447,1,4H,2,-1.0,SL,-1.142857142857151,EURUSD,0.14285714285715104
11003,2021-10-08 17:59:00,1,1.15681,1.15586,1.16006,9.499999999997844,3.4210526315799314,1,12H,1,-1.0,SL,-1.1263157894737128,EURUSD,0.1263157894737129
11007,2021-10-10 21:59:00,1,1.15715,1.15652,1.16006,6.299999999999084,4.619047619048592,1,12H,1,-1.0,SL,-1.1904761904762182,EURUSD,0.19047619047621817
11013,2021-10-11 03:59:00,1,1.15722,1.15671,1.16006,5.1000000000001044,5.568627450980623,1,12H,1,-1.0,SL,-1.235294117647054,EURUSD,0.235294117647054
11028,2021-10-11 18:59:00,1,1.15593,1.15546,1.16006,4.699999999999704,8.787234042554147,1,12H,1,-1.0,SL,-1.2553191489361861,EURUSD,0.25531914893618624
11033,2021-10-11 23:59:00,1,1.15532,1.15468,1.16006,6.399999999999739,7.406250000000596,1,12H,1,-1.0,SL,-1.1875000000000075,EURUSD,0.18750000000000763
11036,2021-10-12 03:59:00,-1,1.35963,1.36037,1.35702,7.4000000000018495,3.527027027026147,1,1D,2,-1.0,SL,-1.202702702702652,GBPUSD,0.20270270270265203
11039,2021-10-12 06:59:00,-1,1.36069,1.36126,1.35702,5.699999999999594,6.438596491228638,1,1D,2,6.438596491228638,TP,6.175438596491777,GBPUSD,0.26315789473686085
11045,2021-10-12 11:59:00,1,1.15561,1.15489,1.16006,7.200000000000539,6.180555555555183,1,12H,1,-1.0,SL,-1.166666666666654,EURUSD,0.16666666666665417
9998,2021-10-12 17:59:00,1,4355.536,4350.039,4416.939,5.497000000000298,11.170274695287778,1,12H,1,-1.0,SL,-1.1091504456976473,SPX500,0.10915044569764734
10018,2021-10-13 06:59:00,1,14643.709,14626.029,14732.109,17.68000000000029,4.999999999999897,1,4H,1,-1.0,SL,-1.0848416289592746,NAS100,0.08484162895927462
11098,2021-10-14 15:59:00,1,113.58,113.52499999999999,113.804,5.500000000000682,4.072727272726836,1,12H,1,-1.0,SL,-1.236363636363607,USDJPY,0.23636363636360705
11109,2021-10-15 03:59:00,-1,1.16079,1.16126,1.15292,4.699999999999704,16.744680851064977,1,1D,2,-1.0,SL,-1.2553191489361861,EURUSD,0.25531914893618624
11113,2021-10-15 07:59:00,-1,1.16119,1.1616,1.15292,4.100000000000215,20.170731707316016,1,1D,2,-1.0,SL,-1.292682926829253,EURUSD,0.29268292682925295
11127,2021-10-15 20:59:00,-1,114.228,114.296,113.646,6.800000000001205,8.558823529410155,1,12H,3,-1.0,SL,-1.1911764705882013,USDJPY,0.19117647058820142
11138,2021-10-18 08:59:00,-1,1.15806,1.15971,1.15292,16.499999999999293,3.1151515151517364,1,1D,2,-1.0,SL,-1.0727272727272759,EURUSD,0.07272727272727585
11143,2021-10-18 13:59:00,-1,1.1601,1.1614,1.15292,13.000000000000789,5.523076923076561,1,1D,2,-1.0,SL,-1.0923076923076867,EURUSD,0.0923076923076867
11146,2021-10-18 15:59:00,-1,114.223,114.31,113.646,8.70000000000033,6.632183908045705,1,12H,3,-1.0,SL,-1.1494252873563162,USDJPY,0.1494252873563162
11147,2021-10-18 17:59:00,-1,1.16129,1.16233,1.15292,10.40000000000152,8.048076923075737,1,1D,2,-1.0,SL,-1.1153846153845985,EURUSD,0.11538461538459853
11148,2021-10-18 19:59:00,1,1.37315,1.3725,1.37731,6.500000000000394,6.399999999999522,1,12H,2,-1.0,SL,-1.2307692307692168,GBPUSD,0.23076923076921677
11157,2021-10-19 02:59:00,-1,114.176,114.24900000000001,113.646,7.30000000000075,7.260273972602009,1,12H,3,-1.0,SL,-1.1780821917808035,USDJPY,0.17808219178080362
11169,2021-10-19 14:59:00,-1,114.26,114.304,113.646,4.399999999999693,13.954545454546526,1,12H,3,-1.0,SL,-1.295454545454566,USDJPY,0.29545454545456606
11170,2021-10-19 16:59:00,1,1.1636,1.16285,1.16693,7.500000000000284,4.439999999999905,1,4H,1,-1.0,SL,-1.159999999999994,EURUSD,0.15999999999999392
11174,2021-10-19 21:58:00,-1,1.37916,1.3799,1.37688,7.399999999999629,3.0810810810810163,2,4H,2,-1.0,SL,-1.2027027027027128,GBPUSD,0.20270270270271287
10129,2021-10-20 16:59:00,-1,4538.445,4540.299,4496.548,1.8540000000002692,22.598166127289023,1,12H,1,-1.0,SL,-1.3236245954692087,SPX500,0.3236245954692087
11199,2021-10-20 22:59:00,-1,1.38236,1.38286,1.37797,4.999999999999449,8.780000000001198,1,4H,2,-1.0,SL,-1.3000000000000331,GBPUSD,0.300000000000033
10146,2021-10-21 02:59:00,-1,15367.289,15379.109,15282.709,11.819999999999709,7.155668358714214,1,1D,1,-1.0,SL,-1.1269035532994955,NAS100,0.12690355329949551
11211,2021-10-21 09:59:00,-1,1.16413,1.16458,1.16212,4.499999999998394,4.46666666666841,1,12H,1,-1.0,SL,-1.2666666666667619,EURUSD,0.2666666666667618
10159,2021-10-21 15:59:00,-1,15429.529,15461.119,15282.709,31.590000000000146,4.647673314339951,1,1D,1,-1.0,SL,-1.0474833808167139,NAS100,0.04748338081671393
11241,2021-10-22 16:59:00,1,1.37546,1.37344,1.38242,20.199999999999108,3.445544554455636,1,4H,3,3.445544554455636,TP,3.3712871287130586,GBPUSD,0.07425742574257754
11254,2021-10-25 04:59:00,-1,1.16599,1.16659,1.1621,5.999999999999339,6.483333333334333,1,12H,2,6.483333333334333,TP,6.28333333333431,EURUSD,0.20000000000002202
10187,2021-10-25 08:59:00,-1,4549.451,4555.154,4519.133,5.703000000000429,5.316149395054871,1,1D,1,-1.0,SL,-1.10520778537611,SPX500,0.1052077853761099
10191,2021-10-25 12:59:00,-1,4550.936,4553.948,4537.933,3.0120000000006257,4.3170650730401725,2,4H,1,-1.0,SL,-1.1992031872509545,SPX500,0.19920318725095462
11272,2021-10-25 23:59:00,1,1.3763,1.37574,1.37918,5.60000000000116,5.142857142856067,1,4H,1,-1.0,SL,-1.2678571428570873,GBPUSD,0.2678571428570874
11294,2021-10-26 21:59:00,-1,1.37641,1.37698,1.37413,5.700000000001815,3.9999999999984417,1,1D,1,-1.0,SL,-1.2631578947367583,GBPUSD,0.2631578947367583
11300,2021-10-27 03:59:00,-1,1.37693,1.37767,1.37413,7.399999999999629,3.7837837837838566,1,1D,1,-1.0,SL,-1.2027027027027128,GBPUSD,0.20270270270271287
11320,2021-10-27 21:59:00,1,113.814,113.759,114.22,5.499999999999261,7.381818181819281,2,12H,4,-1.0,SL,-1.236363636363668,USDJPY,0.23636363636366814
11331,2021-10-28 08:59:00,1,113.647,113.51299999999999,114.22,13.400000000001455,4.27611940298456,2,12H,4,-1.0,SL,-1.0970149253731238,USDJPY,0.0970149253731238
11329,2021-10-28 08:59:00,1,1.37498,1.37415,1.37808,8.300000000001084,3.734939759035513,2,12H,2,-1.0,SL,-1.1807228915662416,GBPUSD,0.18072289156624144
11334,2021-10-28 11:59:00,1,113.609,113.50399999999999,114.22,10.500000000000398,5.8190476190474385,2,12H,4,-1.0,SL,-1.1238095238095192,USDJPY,0.12380952380951912
11340,2021-10-28 18:59:00,-1,1.16835,1.1690099999999999,1.15848,6.599999999998829,14.954545454548176,1,1D,1,14.954545454548176,TP,14.772727272729963,EURUSD,0.18181818181821408
11397,2021-11-02 02:59:00,-1,1.15989,1.16026,1.15857,3.6999999999998145,3.5675675675677136,1,4H,3,-1.0,SL,-1.3243243243243406,EURUSD,0.32432432432434055
10315,2021-11-02 03:59:00,-1,4603.836,4606.399,4594.754,2.563000000000102,3.543503706593825,1,4H,2,-1.0,SL,-1.2341006632852034,SPX500,0.23410066328520332
11415,2021-11-02 20:59:00,1,1.1579,1.1575,1.16075,3.9999999999995595,7.125000000000833,1,4H,3,-1.0,SL,-1.3000000000000331,EURUSD,0.300000000000033
11422,2021-11-03 03:59:00,1,1.15835,1.15792,1.16075,4.299999999999304,5.581395348838014,1,4H,3,-1.0,SL,-1.2790697674419056,EURUSD,0.2790697674419056
11440,2021-11-03 21:59:00,-1,1.16112,1.1617,1.1546,5.800000000000249,11.2413793103441,1,1D,1,11.2413793103441,TP,11.034482758619973,EURUSD,0.20689655172412902
11441,2021-11-03 21:59:00,-1,113.984,114.03,113.72,4.600000000000648,5.739130434781709,1,4H,1,-1.0,SL,-1.282608695652134,USDJPY,0.2826086956521341
11445,2021-11-04 01:59:00,-1,114.163,114.253,113.72,9.000000000000341,4.922222222222012,2,4H,2,-1.0,SL,-1.144444444444439,USDJPY,0.14444444444443896
11450,2021-11-04 06:59:00,-1,114.211,114.287,113.461,7.600000000000762,9.86842105263059,1,1D,2,9.86842105263059,TP,9.697368421051658,USDJPY,0.17105263157893022
10366,2021-11-04 10:59:00,-1,4664.945,4668.699,4621.242,3.7539999999999054,11.641715503463137,1,12H,1,-1.0,SL,-1.159829515183808,SPX500,0.15982951518380797
11469,2021-11-05 02:59:00,1,1.15463,1.15399,1.1616,6.399999999999739,10.89062500000032,1,12H,1,-1.0,SL,-1.1875000000000075,EURUSD,0.18750000000000763
11470,2021-11-05 02:59:00,-1,113.699,113.75,113.461,5.100000000000193,4.666666666666481,1,1D,2,-1.0,SL,-1.254901960784304,USDJPY,0.25490196078430405
11472,2021-11-05 05:59:00,1,1.15542,1.15493,1.1616,4.899999999998794,12.612244897962439,1,12H,1,-1.0,SL,-1.2448979591837337,EURUSD,0.24489795918373372
11478,2021-11-05 10:59:00,-1,113.83,113.92800000000001,113.461,9.800000000001319,3.7653061224484707,1,1D,2,-1.0,SL,-1.132653061224472,USDJPY,0.13265306122447196
11484,2021-11-05 16:59:00,1,113.372,113.289,114.277,8.29999999999984,10.903614457831548,1,12H,2,-1.0,SL,-1.1566265060240994,USDJPY,0.1566265060240994
11491,2021-11-08 02:59:00,1,1.15592,1.15521,1.1616,7.099999999999884,8.0,1,1D,1,-1.0,SL,-1.169014084507045,EURUSD,0.169014084507045
11499,2021-11-08 10:59:00,1,1.15673,1.15541,1.1616,13.199999999999878,3.6893939393939204,1,1D,1,-1.0,SL,-1.0909090909090917,EURUSD,0.09090909090909174
11503,2021-11-08 14:59:00,1,1.1575,1.1563,1.1616,11.999999999998678,3.416666666667037,1,1D,1,-1.0,SL,-1.100000000000011,EURUSD,0.10000000000001101
11507,2021-11-08 18:59:00,1,1.15873,1.15825,1.1616,4.8000000000003595,5.979166666666069,1,1D,1,-1.0,SL,-1.2499999999999813,EURUSD,0.24999999999998126
11509,2021-11-08 19:59:00,1,113.229,113.181,113.504,4.800000000000182,5.729166666666568,1,4H,1,-1.0,SL,-1.270833333333323,USDJPY,0.2708333333333231
10440,2021-11-09 11:59:00,-1,16363.519,16381.109,16161.589,17.590000000000146,11.479818078453588,1,1D,3,-1.0,SL,-1.0852757248436604,NAS100,0.08527572484366047
11534,2021-11-09 22:59:00,1,1.35571,1.35518,1.35907,5.299999999999194,6.339622641510454,1,4H,1,-1.0,SL,-1.2830188679245713,GBPUSD,0.2830188679245713
11538,2021-11-10 01:59:00,1,1.15914,1.1587,1.1616,4.3999999999999595,5.59090909090893,1,1D,1,-1.0,SL,-1.2727272727272751,EURUSD,0.2727272727272752
11539,2021-11-10 03:59:00,-1,1.35574,1.35655,1.34498,8.099999999999774,13.283950617284175,1,1D,1,13.283950617284175,TP,13.098765432098984,GBPUSD,0.18518518518519034
11543,2021-11-10 06:59:00,1,1.15797,1.15757,1.1616,3.9999999999995595,9.075000000001054,1,1D,1,-1.0,SL,-1.3000000000000331,EURUSD,0.300000000000033
11549,2021-11-10 12:59:00,1,1.15583,1.15441,1.1616,14.199999999999768,4.063380281690244,1,1D,1,-1.0,SL,-1.0845070422535226,EURUSD,0.0845070422535225
10490,2021-11-12 04:59:00,-1,4654.842,4657.845,4644.039,3.003000000000611,3.5974025974018264,1,12H,1,-1.0,SL,-1.199800199800159,SPX500,0.19980019980015912
10496,2021-11-12 10:59:00,-1,4655.639,4658.633,4644.039,2.993999999999687,3.874415497662517,1,12H,1,-1.0,SL,-1.2004008016032273,SPX500,0.20040080160322735
10512,2021-11-12 17:59:00,-1,16182.359,16208.519,15980.389,26.159999999999854,7.720565749235561,1,12H,1,-1.0,SL,-1.0573394495412847,NAS100,0.057339449541284726
10503,2021-11-12 17:59:00,-1,4678.499,4684.948,4649.636,6.449000000000524,4.4755776089311565,2,4H,1,-1.0,SL,-1.093037680260498,SPX500,0.09303768026049794
11626,2021-11-15 16:59:00,1,113.964,113.911,114.13,5.299999999999727,3.132075471698214,1,12H,1,3.132075471698214,TP,2.886792452830277,USDJPY,0.24528301886793716
10529,2021-11-15 23:58:00,-1,4684.836,4687.399,4649.636,2.563000000000102,13.733905579398526,1,1D,1,-1.0,SL,-1.2341006632852034,SPX500,0.23410066328520332
11635,2021-11-16 03:59:00,-1,1.34333,1.34391,1.34027,5.800000000000249,5.275862068965016,2,4H,2,-1.0,SL,-1.2586206896551613,GBPUSD,0.2586206896551613
10542,2021-11-16 12:59:00,-1,4684.636,4689.699,4649.636,5.062999999999192,6.91289749160687,1,1D,1,-1.0,SL,-1.118506814141832,SPX500,0.11850681414183205
11644,2021-11-16 12:59:00,-1,1.34455,1.34576,1.33528,12.100000000001554,7.661157024792313,1,1D,2,-1.0,SL,-1.1239669421487444,GBPUSD,0.12396694214874442
10545,2021-11-16 15:59:00,-1,4693.748,4701.449,4649.636,7.701000000000022,5.7280872613945,1,1D,1,-1.0,SL,-1.077911959485781,SPX500,0.07791195948578085
11653,2021-11-16 21:59:00,1,1.34267,1.3419,1.34725,7.699999999999374,5.948051948052469,1,4H,4,-1.0,SL,-1.1948051948052107,GBPUSD,0.19480519480521064
11654,2021-11-16 22:59:00,-1,1.34251,1.34316,1.33528,6.499999999998174,11.123076923080156,1,1D,2,-1.0,SL,-1.2307692307692957,GBPUSD,0.2307692307692956
11661,2021-11-17 05:59:00,-1,1.34212,1.34297,1.33528,8.500000000000174,8.047058823529197,1,1D,2,-1.0,SL,-1.1764705882352904,GBPUSD,0.1764705882352905
10566,2021-11-17 05:59:00,-1,16291.819,16304.289,16200.349,12.470000000001164,7.335204490777129,1,4H,3,-1.0,SL,-1.1202886928628597,NAS100,0.12028869286285966
10567,2021-11-17 06:59:00,-1,16293.789,16306.399,16200.349,12.609999999998763,7.409992069786651,1,4H,3,-1.0,SL,-1.1189532117367285,NAS100,0.11895321173672856
10573,2021-11-17 12:59:00,-1,16316.549,16330.819,16200.349,14.269999999998618,8.142957252979116,1,4H,3,-1.0,SL,-1.1051156271899192,NAS100,0.10511562718991908
11669,2021-11-17 13:59:00,-1,1.34542,1.34833,1.33528,29.09999999999968,3.484536082474278,1,1D,2,-1.0,SL,-1.0515463917525778,GBPUSD,0.051546391752577886
11677,2021-11-17 21:59:00,-1,1.34888,1.34952,1.33528,6.399999999999739,21.250000000000956,1,1D,2,-1.0,SL,-1.2343750000000095,GBPUSD,0.23437500000000955
11689,2021-11-18 08:59:00,-1,1.13337,1.13406,1.12635,6.900000000000794,10.173913043477128,1,12H,1,-1.0,SL,-1.1739130434782408,EURUSD,0.17391304347824085
11693,2021-11-18 11:59:00,1,114.181,114.112,114.829,6.9000000000002615,9.391304347825676,1,12H,3,-1.0,SL,-1.1884057971014421,USDJPY,0.18840579710144215
11699,2021-11-18 17:59:00,1,114.239,114.152,114.829,8.70000000000033,6.781609195401917,1,12H,3,-1.0,SL,-1.1494252873563162,USDJPY,0.1494252873563162
11709,2021-11-19 03:59:00,-1,114.365,114.408,114.122,4.300000000000637,5.651162790696722,1,4H,1,-1.0,SL,-1.302325581395304,USDJPY,0.3023255813953041
10611,2021-11-19 15:59:00,-1,4701.839,4711.649,4671.651,9.8100000000004,3.0772680937817403,1,12H,2,-1.0,SL,-1.0611620795107009,SPX500,0.061162079510700865
11724,2021-11-19 19:59:00,1,1.12894,1.12843,1.13587,5.1000000000001044,13.588235294117135,1,4H,1,-1.0,SL,-1.235294117647054,EURUSD,0.235294117647054
10624,2021-11-22 06:59:00,-1,4710.136,4713.699,4698.645,3.5629999999991924,3.2250912152687596,3,4H,2,-1.0,SL,-1.168397417906297,SPX500,0.16839741790629695
11767,2021-11-23 14:59:00,1,1.12492,1.1239000000000001,1.12881,10.199999999997988,3.8137254901969984,1,12H,1,-1.0,SL,-1.1176470588235525,EURUSD,0.11764705882355261
11772,2021-11-23 19:59:00,1,1.12503,1.1245100000000001,1.12881,5.199999999998539,7.269230769233036,1,12H,1,-1.0,SL,-1.2307692307692957,EURUSD,0.2307692307692956
11772,2021-11-23 20:59:00,-1,1.33797,1.3386,1.33419,6.299999999999084,6.000000000001057,1,4H,3,-1.0,SL,-1.2380952380952728,GBPUSD,0.23809523809527272
11775,2021-11-23 21:59:00,-1,115.121,115.203,114.063,8.200000000000784,12.90243902438892,1,12H,1,-1.0,SL,-1.1585365853658385,USDJPY,0.1585365853658385
11775,2021-11-23 22:59:00,1,1.12491,1.12419,1.12881,7.200000000000539,5.4166666666662815,2,12H,1,-1.0,SL,-1.166666666666654,EURUSD,0.16666666666665417
10662,2021-11-24 00:59:00,-1,4687.939,4691.797,4652.836,3.857999999999265,9.098755832039075,1,4H,4,-1.0,SL,-1.1555209953343997,SPX500,0.15552099533439975
11787,2021-11-24 10:59:00,1,1.12086,1.12023,1.12904,6.299999999999084,12.984126984128993,1,1D,1,-1.0,SL,-1.1904761904762182,EURUSD,0.19047619047621817
11794,2021-11-24 16:59:00,-1,115.344,115.489,114.793,14.500000000001023,3.799999999999647,1,12H,1,-1.0,SL,-1.0896551724137868,USDJPY,0.08965517241378677
10680,2021-11-24 18:59:00,-1,4692.651,4698.842,4652.836,6.1909999999998035,6.431109675335303,1,4H,4,-1.0,SL,-1.0969148764335357,SPX500,0.09691487643353562
11865,2021-11-29 16:59:00,1,1.1262,1.12578,1.13301,4.20000000000087,16.214285714282315,1,12H,2,16.214285714282315,TP,15.92857142856809,EURUSD,0.2857142857142265
11868,2021-11-29 18:59:00,1,113.77,113.676,114.209,9.399999999999409,4.6702127659578165,1,12H,1,-1.0,SL,-1.1382978723404342,USDJPY,0.13829787234043422
11872,2021-11-29 22:59:00,1,113.629,113.49799999999999,114.209,13.100000000001444,4.427480916030033,2,12H,2,-1.0,SL,-1.099236641221363,USDJPY,0.09923664122136311
11876,2021-11-30 02:59:00,1,113.726,113.612,114.209,11.400000000000432,4.236842105263033,2,12H,2,-1.0,SL,-1.114035087719294,USDJPY,0.11403508771929392
11880,2021-11-30 06:59:00,1,113.194,112.94,114.209,25.40000000000049,3.9960629921259097,2,12H,2,-1.0,SL,-1.0511811023622037,USDJPY,0.05118110236220374
11898,2021-12-01 00:59:00,1,113.241,113.091,113.89,15.000000000000568,4.326666666666509,2,12H,3,-1.0,SL,-1.0866666666666633,USDJPY,0.08666666666666338
10785,2021-12-01 10:59:00,-1,16366.139,16380.709,16042.529,14.570000000001528,22.21070693204975,1,1D,1,-1.0,SL,-1.1029512697323158,NAS100,0.1029512697323159
10787,2021-12-01 12:59:00,-1,16377.509,16398.587,16042.529,21.07799999999952,15.892399658411955,1,1D,1,-1.0,SL,-1.0711642470822675,NAS100,0.07116424708226748
11910,2021-12-01 12:59:00,1,113.396,113.294,113.89,10.200000000000387,4.843137254901775,2,12H,3,-1.0,SL,-1.127450980392152,USDJPY,0.12745098039215202
11913,2021-12-01 15:59:00,1,112.981,112.73899999999999,113.89,24.200000000000443,3.7561983471073943,2,12H,3,-1.0,SL,-1.0537190082644619,USDJPY,0.053719008264461826
10791,2021-12-01 16:59:00,-1,16339.619,16431.097,16042.529,91.47800000000097,3.2476661055116747,1,1D,1,3.2476661055116747,TP,3.231268720348029,NAS100,0.01639738516364573
11916,2021-12-01 18:59:00,1,112.782,112.658,113.89,12.399999999999523,8.935483870968119,2,12H,3,-1.0,SL,-1.1048387096774235,USDJPY,0.1048387096774234
10819,2021-12-03 00:59:00,1,15939.287,15907.539,16430.097,31.747999999999593,15.459556507496774,1,1D,1,-1.0,SL,-1.0472470706816184,NAS100,0.04724707068161835
11946,2021-12-03 00:59:00,1,113.126,112.949,113.89,17.70000000000067,4.316384180790773,1,12H,3,-1.0,SL,-1.073446327683613,USDJPY,0.07344632768361303
10816,2021-12-03 06:59:00,-1,4579.533,4585.397,4524.445,5.863999999999578,9.394270122783869,1,4H,2,-1.0,SL,-1.1023192360163785,SPX500,0.10231923601637843
11958,2021-12-03 12:59:00,-1,113.327,113.391,113.081,6.400000000000716,3.8437499999994933,1,4H,1,3.8437499999994933,TP,3.640624999999516,USDJPY,0.20312499999997727
10836,2021-12-03 17:59:00,1,15631.529,15559.019,16430.097,72.51000000000022,11.013211970762637,1,1D,1,-1.0,SL,-1.0206868018204385,NAS100,0.0206868018204385
11965,2021-12-03 19:59:00,1,112.617,112.548,113.89,6.9000000000002615,18.449275362318087,1,12H,3,11.985507246376331,tiempo,11.797101449274889,USDJPY,0.18840579710144215
10841,2021-12-06 00:59:00,1,15717.539,15670.149,15869.379,47.39000000000124,3.204051487655543,1,4H,2,-1.0,SL,-1.0316522473095582,NAS100,0.03165224730955815
11970,2021-12-06 01:59:00,1,1.12941,1.12872,1.13476,6.900000000000794,7.753623188404855,2,1D,3,-1.0,SL,-1.1739130434782408,EURUSD,0.17391304347824085
11972,2021-12-06 03:59:00,1,1.12925,1.12875,1.13476,5.00000000000167,11.019999999996127,2,1D,3,-1.0,SL,-1.2399999999999198,EURUSD,0.23999999999991983
11996,2021-12-07 04:59:00,-1,1.32817,1.32902,1.3222,8.500000000000174,7.023529411764598,1,12H,2,7.023529411764598,TP,6.8470588235293075,GBPUSD,0.1764705882352905
12013,2021-12-07 21:59:00,-1,1.32413,1.32458,1.3222,4.500000000000615,4.288888888888275,1,12H,2,-1.0,SL,-1.3333333333332877,GBPUSD,0.3333333333332878
10886,2021-12-08 01:59:00,-1,16369.749,16392.539,16214.039,22.790000000000873,6.832382623957576,1,4H,1,-1.0,SL,-1.0658183413777949,NAS100,0.06581834137779476
12092,2021-12-13 03:59:00,1,1.12979,1.12925,1.13454,5.399999999999849,8.796296296296601,1,1D,2,-1.0,SL,-1.2222222222222283,EURUSD,0.2222222222222284
12096,2021-12-13 07:59:00,1,1.12903,1.12827,1.13454,7.599999999998719,7.250000000001388,1,1D,2,-1.0,SL,-1.157894736842132,EURUSD,0.15789473684213187
12107,2021-12-13 18:59:00,1,1.12947,1.12903,1.13239,4.3999999999999595,6.636363636363774,2,12H,3,-1.0,SL,-1.2727272727272751,EURUSD,0.2727272727272752
12129,2021-12-14 17:59:00,1,1.32276,1.3221,1.32685,6.599999999998829,6.196969696971022,1,12H,1,-1.0,SL,-1.2272727272727675,GBPUSD,0.2272727272727676
12137,2021-12-15 01:59:00,-1,1.32322,1.32372,1.31907,4.999999999999449,8.300000000001111,1,12H,1,-1.0,SL,-1.3000000000000331,GBPUSD,0.300000000000033
12182,2021-12-16 20:59:00,1,113.64,113.564,114.196,7.600000000000762,7.315789473683443,1,4H,2,-1.0,SL,-1.1710526315789302,USDJPY,0.17105263157893022
11029,2021-12-17 00:59:00,-1,4672.033,4675.099,4611.133,3.0659999999998035,19.863013698631587,1,1D,1,-1.0,SL,-1.195694716242674,SPX500,0.19569471624267398
12187,2021-12-17 01:59:00,1,113.674,113.594,114.196,8.00000000000125,6.524999999998872,1,4H,2,-1.0,SL,-1.1624999999999746,USDJPY,0.1624999999999746
11034,2021-12-17 05:59:00,-1,4660.848,4665.851,4611.133,5.002999999999702,9.937037777334222,1,1D,1,-1.0,SL,-1.1199280431741028,SPX500,0.11992804317410269
11037,2021-12-17 08:59:00,-1,4663.333,4675.342,4611.133,12.009000000000015,4.3467399450411985,1,1D,1,4.3467399450411985,TP,4.296777416937276,SPX500,0.049962528103921995
12210,2021-12-20 00:59:00,1,113.58,113.49,113.857,9.000000000000341,3.0777777777776727,1,12H,3,-1.0,SL,-1.144444444444439,USDJPY,0.14444444444443896
12223,2021-12-20 13:59:00,1,113.528,113.484,113.857,4.400000000001114,7.4772727272706865,1,12H,3,-1.0,SL,-1.2954545454544706,USDJPY,0.29545454545447064
12229,2021-12-20 20:59:00,1,1.12778,1.12708,1.13327,6.999999999999229,7.842857142858,1,12H,1,-1.0,SL,-1.1714285714285904,EURUSD,0.1714285714285903
12233,2021-12-21 00:59:00,1,1.12779,1.1272,1.13327,5.9000000000009045,9.288135593218795,2,12H,1,-1.0,SL,-1.2033898305084434,EURUSD,0.2033898305084434
11089,2021-12-21 07:59:00,1,15790.609,15782.119,15856.589,8.489999999999782,7.771495877503093,1,12H,1,-1.0,SL,-1.1766784452296866,NAS100,0.1766784452296865
12242,2021-12-21 09:59:00,-1,1.1295,1.13036,1.12645,8.60000000000083,3.5465116279066313,1,4H,3,3.5465116279066313,TP,3.4069767441857146,EURUSD,0.13953488372091677
12249,2021-12-21 16:59:00,1,1.12705,1.12597,1.13327,10.80000000000192,5.759259259258136,2,12H,1,5.759259259258136,TP,5.648148148147045,EURUSD,0.11111111111109136
12264,2021-12-22 07:59:00,1,1.12676,1.1263400000000001,1.13026,4.199999999998649,8.333333333336153,2,12H,2,8.333333333336153,TP,8.047619047621776,EURUSD,0.28571428571437757
12279,2021-12-22 23:59:00,-1,1.33501,1.33565,1.33206,6.399999999999739,4.609375000000201,1,4H,1,-1.0,SL,-1.2343750000000095,GBPUSD,0.23437500000000955
12292,2021-12-23 11:59:00,1,1.13237,1.1317,1.13488,6.700000000001705,3.746268656715483,1,1D,1,-1.0,SL,-1.1791044776118946,EURUSD,0.1791044776118947
12299,2021-12-23 17:59:00,-1,114.413,114.456,113.948,4.300000000000637,10.813953488370572,1,12H,2,-1.0,SL,-1.302325581395304,USDJPY,0.3023255813953041
12305,2021-12-24 00:59:00,1,1.13255,1.1321,1.13488,4.499999999998394,5.177777777779993,1,1D,1,-1.0,SL,-1.2666666666667619,EURUSD,0.2666666666667618
12310,2021-12-24 05:59:00,1,1.133,1.13253,1.13488,4.699999999999704,4.0000000000004725,1,1D,1,-1.0,SL,-1.2553191489361861,EURUSD,0.25531914893618624
11148,2021-12-27 00:59:00,-1,16344.589,16367.659,16234.229,23.06999999999971,4.783701777199912,1,4H,1,-1.0,SL,-1.0650195058517564,NAS100,0.06501950585175635
12346,2021-12-27 16:59:00,-1,114.848,114.92,114.095,7.200000000000273,10.458333333332938,1,1D,1,-1.0,SL,-1.1805555555555487,USDJPY,0.18055555555554872
12355,2021-12-28 02:59:00,1,1.13231,1.13171,1.13412,5.999999999999339,3.0166666666671476,2,12H,2,-1.0,SL,-1.200000000000022,EURUSD,0.20000000000002202
12363,2021-12-28 10:59:00,-1,1.13303,1.1334,1.13033,3.6999999999998145,7.29729729729746,1,4H,3,7.29729729729746,TP,6.972972972973119,EURUSD,0.32432432432434055
12379,2021-12-29 03:59:00,-1,1.34329,1.34381,1.33912,5.199999999998539,8.019230769233035,1,1D,1,-1.0,SL,-1.2884615384616196,GBPUSD,0.2884615384616195
11195,2021-12-29 03:59:00,-1,16542.049,16548.469,16308.919,6.420000000001892,36.31308411213871,1,1D,1,-1.0,SL,-1.2336448598130152,NAS100,0.23364485981301528
11189,2021-12-29 06:59:00,-1,4793.339,4796.042,4780.633,2.7030000000004293,4.700702922677808,1,4H,3,-1.0,SL,-1.2219755826858694,SPX500,0.22197558268586928
12385,2021-12-29 07:59:00,-1,114.886,114.938,114.626,5.200000000000671,4.99999999999918,2,12H,1,-1.0,SL,-1.2499999999999678,USDJPY,0.24999999999996775
12388,2021-12-29 10:59:00,-1,114.996,115.036,114.308,4.000000000000625,17.199999999997015,1,1D,1,-1.0,SL,-1.324999999999949,USDJPY,0.3249999999999492
12396,2021-12-29 18:59:00,-1,114.963,115.01100000000001,114.308,4.800000000001603,13.645833333328504,1,1D,1,-1.0,SL,-1.2708333333332429,USDJPY,0.2708333333332429
11212,2021-12-29 20:59:00,-1,16492.199,16527.639,16308.919,35.43999999999869,5.171557562076959,1,1D,1,-1.0,SL,-1.0423250564334101,NAS100,0.04232505643341014
12398,2021-12-29 21:59:00,-1,1.13459,1.13533,1.12783,7.399999999999629,9.135135135135426,1,4H,3,-1.0,SL,-1.1621621621621703,EURUSD,0.16216216216217028
11216,2021-12-30 02:59:00,-1,16478.419,16494.009,16308.919,15.589999999996508,10.872354073126349,1,1D,1,-1.0,SL,-1.0962155227710286,NAS100,0.09621552277102861
12415,2021-12-30 15:59:00,-1,1.34985,1.35225,1.34164,23.999999999999577,3.4208333333334147,1,12H,3,-1.0,SL,-1.062500000000001,GBPUSD,0.0625000000000011
12431,2021-12-31 06:59:00,1,1.13153,1.13069,1.13598,8.399999999999519,5.2976190476194285,1,12H,1,-1.0,SL,-1.142857142857151,EURUSD,0.14285714285715104
11242,2021-12-31 06:59:00,-1,16412.889,16425.889,16308.919,13.0,7.997692307692257,1,1D,1,-1.0,SL,-1.1153846153846154,NAS100,0.11538461538461539
11244,2021-12-31 08:59:00,-1,16422.389,16435.999,16308.919,13.610000000000582,8.337252020572704,1,1D,1,-1.0,SL,-1.1102130786186581,NAS100,0.11021307861865803
11254,2021-12-31 18:59:00,-1,16379.249,16402.199,16308.919,22.950000000000728,3.0644880174290936,1,1D,1,-1.0,SL,-1.065359477124181,NAS100,0.06535947712418093
11259,2022-01-03 01:59:00,-1,16404.179,16429.709,16308.919,25.529999999998836,3.7312965139053884,1,1D,1,-1.0,SL,-1.0587544065804961,NAS100,0.058754406580496216
11261,2022-01-03 03:59:00,-1,16408.129,16420.299,16308.919,12.169999999998254,8.152013147084238,1,1D,1,-1.0,SL,-1.1232539030402806,NAS100,0.12325390304028062
12465,2022-01-03 15:59:00,-1,115.293,115.376,115.004,8.29999999999984,3.481927710843458,1,12H,2,-1.0,SL,-1.1566265060240994,USDJPY,0.1566265060240994
12476,2022-01-04 04:59:00,-1,1.34688,1.3477,1.34304,8.199999999998209,4.6829268292693955,1,4H,2,-1.0,SL,-1.1829268292683326,GBPUSD,0.18292682926833265
12496,2022-01-05 00:59:00,-1,1.35293,1.35358,1.34304,6.500000000000394,15.215384615383622,1,1D,1,-1.0,SL,-1.2307692307692168,GBPUSD,0.23076923076921677
12498,2022-01-05 02:59:00,-1,1.35311,1.3540699999999999,1.34304,9.599999999998499,10.489583333334998,1,1D,1,-1.0,SL,-1.1562500000000244,GBPUSD,0.15625000000002442
12502,2022-01-05 05:59:00,1,1.12937,1.12863,1.13224,7.399999999999629,3.8783783783784758,1,4H,2,3.8783783783784758,TP,3.7162162162163055,EURUSD,0.16216216216217028
11301,2022-01-05 08:59:00,-1,4786.545,4791.599,4755.933,5.054000000000087,6.056984566679769,1,1D,1,-1.0,SL,-1.1187178472497012,SPX500,0.11871784724970115
11303,2022-01-05 10:59:00,-1,4790.539,4797.299,4755.933,6.760000000000218,5.11923076923057,1,1D,1,5.11923076923057,TP,5.030473372780868,SPX500,0.08875739644970128
12510,2022-01-05 14:59:00,-1,1.35467,1.35612,1.34304,14.499999999999513,8.020689655172703,1,1D,1,-1.0,SL,-1.1034482758620725,GBPUSD,0.10344827586207243
11308,2022-01-05 15:59:00,-1,4790.399,4798.145,4755.933,7.746000000000095,4.449522334107917,1,1D,1,4.449522334107917,TP,4.37206300025819,SPX500,0.07745933384972795
12514,2022-01-05 18:59:00,-1,1.35851,1.35992,1.34304,14.099999999999113,10.971631205674516,1,1D,1,-0.34751773049639023,tiempo,-0.4539007092198012,GBPUSD,0.10638297872341095
12526,2022-01-06 04:59:00,1,115.884,115.81599999999999,116.241,6.800000000001205,5.249999999999059,1,12H,2,-1.0,SL,-1.1911764705882013,USDJPY,0.19117647058820142
12542,2022-01-06 20:59:00,-1,115.9,115.962,115.619,6.199999999999761,4.532258064516399,1,12H,1,-1.0,SL,-1.2096774193548467,USDJPY,0.2096774193548468
12545,2022-01-07 00:59:00,1,1.12958,1.12889,1.13298,6.900000000000794,4.927536231883591,1,4H,1,4.927536231883591,TP,4.75362318840535,EURUSD,0.17391304347824085
12561,2022-01-07 17:59:00,-1,1.3579,1.35843,1.349,5.299999999999194,16.79245283019148,1,12H,1,-1.0,SL,-1.2830188679245713,GBPUSD,0.2830188679245713
12593,2022-01-11 01:59:00,-1,1.35795,1.35881,1.3527,8.60000000000083,6.104651162790082,1,1D,1,-1.0,SL,-1.174418604651146,GBPUSD,0.17441860465114598
11414,2022-01-12 02:59:00,-1,15835.379,15846.909,15772.829,11.529999999998836,5.4249783174334265,1,4H,1,-1.0,SL,-1.1300954032957633,NAS100,0.13009540329576336
12636,2022-01-12 20:59:00,-1,1.37105,1.37153,1.35612,4.799999999998139,31.104166666678953,1,12H,1,-1.0,SL,-1.3125000000001212,GBPUSD,0.3125000000001212
12664,2022-01-13 23:59:00,-1,1.14564,1.1460299999999999,1.14357,3.8999999999989043,5.3076923076938405,1,12H,2,-1.0,SL,-1.307692307692394,EURUSD,0.30769230769239414
12664,2022-01-14 00:59:00,1,1.37093,1.37038,1.37487,5.5000000000005045,7.163636363635805,1,12H,1,-1.0,SL,-1.2727272727272476,GBPUSD,0.2727272727272477
12669,2022-01-14 04:59:00,-1,1.14736,1.14775,1.14357,3.900000000001125,9.717948717945813,1,12H,2,-1.0,SL,-1.307692307692219,EURUSD,0.30769230769221895
11457,2022-01-14 10:59:00,1,4667.136,4659.854,4744.651,7.282000000000153,10.6447404559184,1,12H,3,-1.0,SL,-1.0823949464432832,SPX500,0.08239494644328307
11463,2022-01-14 16:59:00,1,4644.951,4621.74,4744.651,23.21100000000024,4.29537719184864,1,12H,3,-1.0,SL,-1.0258498125888584,SPX500,0.025849812588858462
11465,2022-01-14 18:59:00,1,4635.236,4613.442,4744.651,21.79399999999987,5.020418463797404,1,12H,3,-1.0,SL,-1.0275305129852255,SPX500,0.027530512985225457
11475,2022-01-14 19:59:00,-1,15507.619,15557.209,15322.879,49.590000000000146,3.7253478523895796,1,4H,1,-1.0,SL,-1.030248033877798,NAS100,0.030248033877797856
11479,2022-01-17 10:59:00,-1,4668.039,4675.342,4629.799,7.302999999999884,5.2362042996029565,1,4H,3,5.2362042996029565,TP,5.154046282349771,SPX500,0.08215801725318493
11488,2022-01-17 10:59:00,-1,15612.599,15646.589,15482.059,33.98999999999978,3.8405413356870173,1,4H,3,3.8405413356870173,TP,3.7964107090321186,NAS100,0.04413062665489878
11481,2022-01-17 12:59:00,-1,4671.848,4675.345,4629.799,3.4970000000002983,12.024306548469085,1,4H,3,12.024306548469085,TP,11.852730912209449,SPX500,0.17157563625963648
11490,2022-01-17 12:59:00,-1,15625.409,15639.699,15482.059,14.290000000000873,10.031490552833562,1,4H,3,10.031490552833562,TP,9.926522043386402,NAS100,0.10496850944715944
11489,2022-01-18 01:59:00,-1,4667.342,4671.199,4653.833,3.856999999999971,3.5024630541872224,1,4H,1,3.5024630541872224,TP,3.3469017371014034,SPX500,0.15556131708581916
11495,2022-01-18 07:59:00,1,4640.633,4633.636,4744.651,6.996999999999389,14.866085465200674,2,1D,3,-1.0,SL,-1.085751036158361,SPX500,0.08575103615836106
11504,2022-01-18 07:59:00,-1,15455.579,15469.489,15322.879,13.909999999999854,9.539899352983486,1,1D,1,9.539899352983486,TP,9.432063263838984,NAS100,0.10783608914450149
11501,2022-01-18 13:59:00,1,4619.636,4610.639,4744.651,8.997000000000298,13.895187284649914,1,1D,2,-1.0,SL,-1.066688896298764,SPX500,0.06668889629876404
11506,2022-01-18 18:59:00,1,4586.836,4569.348,4744.651,17.488000000000284,9.02418801463844,1,1D,2,-1.0,SL,-1.0343092406221404,SPX500,0.03430924062214034
11553,2022-01-20 12:59:00,1,15155.679,15125.719,15275.279,29.960000000000946,3.991989319092009,2,4H,1,3.991989319092009,TP,3.941922563417778,NAS100,0.05006675567423073
11545,2022-01-20 13:59:00,-1,4554.033,4559.748,4536.436,5.714999999999236,3.0790901137363105,1,4H,1,-1.0,SL,-1.104986876640434,SPX500,0.10498687664043398
12831,2022-01-24 21:59:00,-1,113.939,114.00800000000001,113.65,6.900000000001683,4.188405797100243,1,4H,1,-1.0,SL,-1.1884057971014033,USDJPY,0.18840579710140334
11599,2022-01-25 01:59:00,1,4376.336,4361.851,4494.352,14.485000000000582,8.147462892647212,1,1D,1,-1.0,SL,-1.0414221608560563,SPX500,0.04142216085605632
11607,2022-01-25 01:59:00,1,14358.319,14305.309,14869.579,53.01000000000022,9.644595359366122,1,1D,1,-1.0,SL,-1.0282965478211656,NAS100,0.0282965478211657
11600,2022-01-25 02:59:00,1,4375.845,4361.539,4494.352,14.306000000000495,8.283727107507026,1,1D,1,-1.0,SL,-1.041940444568711,SPX500,0.041940444568710974
12835,2022-01-25 03:59:00,1,1.34758,1.34658,1.35071,9.999999999998899,3.130000000000422,1,4H,2,-1.0,SL,-1.1500000000000166,GBPUSD,0.1500000000000165
11621,2022-01-25 15:59:00,1,14141.789,14048.869,14869.579,92.92000000000007,7.832436504520001,1,1D,1,-1.0,SL,-1.01614291863969,NAS100,0.016142918639690043
11613,2022-01-25 15:59:00,1,4325.799,4283.139,4494.352,42.659999999999854,3.9510782934833677,1,1D,1,-1.0,SL,-1.0140646976090015,SPX500,0.014064697609001454
12854,2022-01-25 22:59:00,1,1.35047,1.34977,1.3565,7.0000000000014495,8.614285714283902,1,1D,1,-1.0,SL,-1.21428571428567,GBPUSD,0.21428571428566992
12855,2022-01-25 22:59:00,1,1.13016,1.12932,1.13289,8.399999999999519,3.250000000000066,2,12H,2,-1.0,SL,-1.142857142857151,EURUSD,0.14285714285715104
12860,2022-01-26 02:59:00,-1,113.86,113.90400000000001,113.466,4.400000000001114,8.954545454543311,1,1D,1,-1.0,SL,-1.2954545454544706,USDJPY,0.29545454545447064
11627,2022-01-26 07:59:00,1,4367.036,4353.333,4411.999,13.70300000000043,3.2812522805223914,1,4H,1,3.2812522805223914,TP,3.2374662482666823,SPX500,0.043786032255709054
11635,2022-01-26 07:59:00,1,14227.289,14165.029,14414.569,62.26000000000022,3.0080308384195016,1,4H,1,3.0080308384195016,TP,2.9839383231609085,NAS100,0.024092515258592913
12867,2022-01-26 09:59:00,-1,114.124,114.19000000000001,113.466,6.600000000001671,9.969696969694464,1,1D,1,-1.0,SL,-1.196969696969647,USDJPY,0.1969696969696471
12888,2022-01-27 06:59:00,-1,114.663,114.75800000000001,114.207,9.500000000001307,4.799999999999372,1,4H,2,-1.0,SL,-1.136842105263139,USDJPY,0.13684210526313906
12895,2022-01-27 15:59:00,1,1.33895,1.33649,1.3565,24.600000000001288,7.134146341463023,1,1D,1,-1.0,SL,-1.0609756097560943,GBPUSD,0.06097560975609437
12898,2022-01-27 18:59:00,1,1.33836,1.33656,1.3565,18.000000000000238,10.07777777777767,1,1D,1,-1.0,SL,-1.0833333333333321,GBPUSD,0.08333333333333223
11664,2022-01-28 00:59:00,1,4346.945,4328.545,4454.599,18.399999999999636,5.850760869565358,1,1D,2,-1.0,SL,-1.0326086956521745,SPX500,0.03260869565217456
11672,2022-01-28 00:59:00,1,14132.869,14062.359,14654.387,70.51000000000022,7.396369309317805,2,1D,3,-1.0,SL,-1.0212735782158557,NAS100,0.02127357821585584
12907,2022-01-28 01:59:00,-1,115.443,115.485,115.137,4.200000000000159,7.285714285713947,1,4H,2,-1.0,SL,-1.3095238095237978,USDJPY,0.3095238095237978
11679,2022-01-28 07:59:00,1,14155.659,14111.319,14654.387,44.340000000000146,11.247812359043738,2,1D,3,-1.0,SL,-1.0338294993234098,NAS100,0.0338294993234099
11671,2022-01-28 07:59:00,1,4352.533,4342.533,4454.599,10.0,10.20659999999998,1,1D,2,-1.0,SL,-1.06,SPX500,0.06
12915,2022-01-28 11:59:00,-1,1.33892,1.33954,1.33577,6.199999999998429,5.080645161291946,1,12H,2,-1.0,SL,-1.241935483871029,GBPUSD,0.24193548387102903
12918,2022-01-28 14:59:00,-1,1.34203,1.34326,1.33577,12.299999999998423,5.089430894309721,1,12H,2,-1.0,SL,-1.1219512195122108,GBPUSD,0.12195121951221076
12920,2022-01-28 16:59:00,-1,1.34173,1.34337,1.33577,16.399999999998638,3.634146341463831,1,12H,2,-1.0,SL,-1.091463414634154,GBPUSD,0.09146341463415394
11690,2022-01-28 18:59:00,1,14244.419,14188.209,14654.387,56.20999999999913,7.29350649350662,2,1D,3,-1.0,SL,-1.0266856431239997,NAS100,0.0266856431239997
12926,2022-01-28 20:59:00,1,115.238,115.178,115.668,6.000000000000227,7.166666666666509,1,4H,1,-1.0,SL,-1.2166666666666583,USDJPY,0.21666666666665846
12926,2022-01-30 22:59:00,-1,1.33954,1.34055,1.33649,10.099999999999554,3.0198019801981504,1,12H,1,-1.0,SL,-1.148514851485155,GBPUSD,0.14851485148515509
12928,2022-01-31 00:59:00,-1,1.34009,1.34093,1.33649,8.399999999999519,4.285714285714588,1,12H,1,-1.0,SL,-1.1785714285714388,GBPUSD,0.1785714285714388
12931,2022-01-31 01:59:00,-1,115.438,115.49600000000001,114.474,5.8000000000006935,16.620689655170402,1,1D,2,-1.0,SL,-1.224137931034456,USDJPY,0.22413793103445598
11699,2022-01-31 05:59:00,1,14500.539,14467.199,14654.387,33.340000000000146,4.614517096580663,2,1D,3,-1.0,SL,-1.0449910017996398,NAS100,0.04499100179963988
12936,2022-01-31 06:59:00,-1,115.437,115.539,114.474,10.200000000000387,9.441176470587818,1,1D,2,9.441176470587818,TP,9.313725490195665,USDJPY,0.12745098039215202
12937,2022-01-31 07:59:00,1,115.433,115.368,115.668,6.500000000001194,3.6153846153839426,1,4H,1,-1.0,SL,-1.1999999999999633,USDJPY,0.1999999999999633
11701,2022-01-31 07:59:00,1,14486.759,14446.819,14654.387,39.94000000000051,4.196995493239822,2,1D,3,-1.0,SL,-1.0375563345017522,NAS100,0.03755633450175215
12936,2022-01-31 08:59:00,-1,1.34324,1.34453,1.33649,12.900000000000134,5.232558139534856,1,12H,1,-1.0,SL,-1.1162790697674407,GBPUSD,0.11627906976744065
11703,2022-01-31 09:59:00,-1,14534.229,14559.699,14365.849,25.470000000001164,6.610914801727189,1,4H,1,-1.0,SL,-1.058892815076558,NAS100,0.05889281507655797
12951,2022-01-31 23:59:00,-1,1.34441,1.34493,1.34056,5.199999999998539,7.403846153848486,1,4H,1,-1.0,SL,-1.2884615384616196,GBPUSD,0.2884615384616195
11719,2022-02-01 11:59:00,-1,4500.742,4511.799,4403.742,11.056999999999789,8.772723161798124,1,12H,1,-1.0,SL,-1.0542642669801945,SPX500,0.05426426698019458
12979,2022-02-02 01:59:00,1,114.701,114.637,115.068,6.399999999999295,5.734375000000701,1,4H,3,-1.0,SL,-1.2031250000000224,USDJPY,0.20312500000002237
12982,2022-02-02 04:59:00,-1,114.764,114.81200000000001,114.474,4.800000000001603,6.041666666664483,1,1D,2,6.041666666664483,TP,5.77083333333124,USDJPY,0.2708333333332429
12995,2022-02-02 18:59:00,-1,1.13092,1.13152,1.1268,6.00000000000156,6.866666666664718,1,4H,1,6.866666666664718,TP,6.66666666666477,EURUSD,0.199999999999948
13003,2022-02-03 02:59:00,-1,1.12988,1.13043,1.1268,5.5000000000005045,5.599999999999435,2,4H,1,-1.0,SL,-1.2181818181817983,EURUSD,0.21818181818179816
13009,2022-02-03 08:59:00,-1,1.1295,1.13034,1.1268,8.399999999999519,3.2142857142858086,2,4H,1,3.2142857142858086,TP,3.0714285714286573,EURUSD,0.14285714285715104
13052,2022-02-07 03:59:00,1,1.14328,1.14237,1.14837,9.099999999999664,5.593406593406598,1,4H,1,-1.0,SL,-1.1318681318681367,EURUSD,0.13186813186813673
13067,2022-02-07 18:59:00,1,1.14264,1.14161,1.14587,10.300000000000864,3.135922330096673,1,4H,1,-1.0,SL,-1.1165048543689222,EURUSD,0.11650485436892226
13070,2022-02-07 20:59:00,1,115.105,115.04299999999999,115.353,6.200000000001182,3.999999999999083,1,4H,1,3.999999999999083,TP,3.7903225806442844,USDJPY,0.20967741935479872
11828,2022-02-08 02:59:00,1,14601.179,14569.179,14837.809,32.0,7.394687499999975,1,12H,2,-1.0,SL,-1.046875,NAS100,0.046875
11821,2022-02-08 03:59:00,-1,4486.551,4491.94,4451.254,5.388999999999214,6.549823714975993,1,4H,3,-1.0,SL,-1.1113379105585615,SPX500,0.11133791055856142
11824,2022-02-08 06:59:00,-1,4486.799,4491.199,4451.254,4.399999999999636,8.078409090909775,1,4H,3,-1.0,SL,-1.1363636363636476,SPX500,0.13636363636364762
13079,2022-02-08 07:59:00,1,1.35232,1.35063,1.36144,16.899999999999693,5.39644970414212,1,1D,1,5.39644970414212,TP,5.307692307692414,GBPUSD,0.08875739644970576
13085,2022-02-08 13:59:00,1,1.35383,1.35145,1.36144,23.800000000000487,3.1974789915965287,1,1D,1,3.1974789915965287,TP,3.134453781512496,GBPUSD,0.06302521008403232
13088,2022-02-08 16:59:00,-1,1.35505,1.3557299999999999,1.35073,6.799999999997919,6.352941176472682,1,4H,3,-1.0,SL,-1.2205882352941853,GBPUSD,0.22058823529418517
13092,2022-02-08 20:59:00,1,1.355,1.35395,1.36144,10.499999999999954,6.133333333333361,1,1D,1,-1.0,SL,-1.1428571428571435,GBPUSD,0.1428571428571435
13099,2022-02-09 03:59:00,-1,1.35588,1.35673,1.35073,8.500000000000174,6.058823529411627,1,12H,1,-1.0,SL,-1.1764705882352904,GBPUSD,0.1764705882352905
13103,2022-02-09 07:59:00,1,1.35529,1.35363,1.36144,16.599999999999948,3.704819277108372,1,1D,1,-1.0,SL,-1.0903614457831328,GBPUSD,0.09036144578313281
13107,2022-02-09 11:59:00,1,1.35762,1.35662,1.36144,10.000000000001119,3.819999999999507,1,1D,1,-1.0,SL,-1.1499999999999833,GBPUSD,0.1499999999999832
13116,2022-02-09 20:59:00,1,1.35365,1.35256,1.36144,10.900000000000354,7.1467889908254225,1,1D,1,-1.0,SL,-1.1376146788990782,GBPUSD,0.1376146788990781
13122,2022-02-10 00:59:00,-1,115.573,115.644,115.232,7.1000000000012164,4.802816901407543,2,12H,1,-1.0,SL,-1.1830985915492644,USDJPY,0.18309859154926442
13123,2022-02-10 03:59:00,-1,1.3532,1.35369,1.35073,4.900000000001015,5.040816326529511,1,1D,3,-1.0,SL,-1.3061224489795284,GBPUSD,0.30612244897952845
11879,2022-02-10 09:59:00,1,14992.569,14975.319,15070.117,17.25,4.495536231884097,1,4H,2,-1.0,SL,-1.0869565217391304,NAS100,0.08695652173913043
13130,2022-02-10 10:59:00,-1,1.35693,1.35799,1.35073,10.600000000000609,5.849056603773233,1,1D,3,-1.0,SL,-1.141509433962256,GBPUSD,0.14150943396225601
11873,2022-02-10 11:59:00,-1,4577.351,4582.099,4548.736,4.748000000000502,6.026748104464355,1,12H,1,-1.0,SL,-1.1263689974726068,SPX500,0.1263689974726067
13133,2022-02-10 11:59:00,-1,115.816,115.864,115.05,4.800000000000182,15.95833333333284,1,1D,1,-1.0,SL,-1.270833333333323,USDJPY,0.2708333333333231
11881,2022-02-10 11:59:00,-1,15003.179,15017.419,14864.849,14.239999999999782,9.714185393258571,1,12H,1,-1.0,SL,-1.105337078651687,NAS100,0.10533707865168701
13141,2022-02-10 19:59:00,1,115.907,115.815,116.337,9.199999999999875,4.673913043478398,1,4H,1,-1.0,SL,-1.141304347826089,USDJPY,0.1413043478260889
13143,2022-02-10 21:59:00,-1,115.959,116.13000000000001,115.05,17.100000000000648,5.3157894736840445,1,1D,1,-1.0,SL,-1.0760233918128626,USDJPY,0.07602339181286262
13155,2022-02-11 11:59:00,-1,1.35623,1.3571199999999999,1.35073,8.899999999998354,6.179775280900087,1,1D,3,-1.0,SL,-1.168539325842728,GBPUSD,0.1685393258427278
13161,2022-02-11 17:59:00,-1,1.36007,1.36063,1.35073,5.60000000000116,16.678571428567803,1,1D,3,16.678571428567803,TP,16.410714285710714,GBPUSD,0.2678571428570874
13177,2022-02-14 07:59:00,1,115.408,115.28399999999999,115.99,12.400000000000944,4.6935483870963655,1,4H,1,-1.0,SL,-1.1048387096774115,USDJPY,0.10483870967741138
13179,2022-02-14 11:59:00,1,1.35139,1.35066,1.36432,7.300000000001194,17.712328767120233,1,1D,3,-1.0,SL,-1.205479452054761,GBPUSD,0.2054794520547609
13193,2022-02-15 01:59:00,-1,1.35376,1.3546799999999999,1.34948,9.199999999998099,4.652173913044507,1,4H,1,-1.0,SL,-1.1630434782609034,GBPUSD,0.16304347826090326
13194,2022-02-15 02:59:00,1,1.35402,1.35334,1.36432,6.800000000000139,15.147058823529067,1,1D,3,-1.0,SL,-1.220588235294113,GBPUSD,0.22058823529411312
11939,2022-02-15 03:59:00,1,14303.469,14295.369,14403.997,8.099999999998545,12.410864197533124,2,4H,1,-1.0,SL,-1.1851851851852184,NAS100,0.18518518518521845
13201,2022-02-15 09:59:00,-1,1.35512,1.35676,1.34948,16.399999999998638,3.4390243902442426,1,4H,1,3.4390243902442426,TP,3.347560975610089,GBPUSD,0.09146341463415394
13204,2022-02-15 12:59:00,1,1.35403,1.3532,1.36432,8.300000000001084,12.397590361444056,1,1D,3,-1.0,SL,-1.1807228915662416,GBPUSD,0.18072289156624144
11950,2022-02-15 14:59:00,1,14512.089,14454.739,14778.189,57.350000000000364,4.639930252833455,1,1D,1,-1.0,SL,-1.02615518744551,NAS100,0.02615518744550986
13207,2022-02-15 15:59:00,1,1.35209,1.34852,1.36432,35.70000000000073,3.4257703081231687,1,1D,3,2.526610644257659,tiempo,2.484593837534971,GBPUSD,0.04201680672268822
13209,2022-02-15 17:59:00,1,1.35317,1.35194,1.36432,12.300000000000644,9.065040650406024,1,1D,3,6.479674796747655,tiempo,6.357723577235466,GBPUSD,0.12195121951218874
11957,2022-02-16 07:59:00,-1,4464.245,4469.099,4441.845,4.854000000000269,4.614750721054469,1,4H,2,-1.0,SL,-1.1236093943139611,SPX500,0.12360939431396101
13267,2022-02-18 02:59:00,-1,1.13669,1.13722,1.1323,5.299999999999194,8.283018867925588,1,4H,1,-1.0,SL,-1.226415094339657,EURUSD,0.22641509433965706
13270,2022-02-18 05:59:00,1,1.13658,1.13601,1.13957,5.699999999999594,5.2456140350881775,1,1D,1,-1.0,SL,-1.2105263157894885,EURUSD,0.21052631578948866
13272,2022-02-18 07:59:00,-1,1.13697,1.13746,1.1323,4.899999999998794,9.530612244900206,1,4H,1,-1.0,SL,-1.2448979591837337,EURUSD,0.24489795918373372
13274,2022-02-18 09:59:00,1,1.13709,1.13628,1.13957,8.099999999999774,3.0617283950618606,1,1D,1,-1.0,SL,-1.1481481481481524,EURUSD,0.14814814814815228
12016,2022-02-18 14:59:00,1,14194.519,14096.639,14568.687,97.88000000000102,3.822721700040823,1,12H,1,-1.0,SL,-1.0153248876174907,NAS100,0.015324887617490646
13287,2022-02-20 23:59:00,-1,1.35907,1.35981,1.35549,7.399999999999629,4.837837837837967,1,1D,2,-1.0,SL,-1.2027027027027128,GBPUSD,0.20270270270271287
13298,2022-02-21 08:59:00,1,114.935,114.795,115.536,14.000000000000057,4.292857142857119,1,1D,1,-1.0,SL,-1.0928571428571425,USDJPY,0.09285714285714249
13302,2022-02-21 14:59:00,-1,1.36059,1.36181,1.35549,12.199999999999989,4.180327868852366,1,1D,2,4.180327868852366,TP,4.057377049180235,GBPUSD,0.12295081967213126
12062,2022-02-23 05:59:00,-1,4325.239,4332.648,4255.154,7.40900000000056,9.459441220136837,1,12H,1,-1.0,SL,-1.0809825887434141,SPX500,0.08098258874341403
12066,2022-02-23 09:59:00,-1,4339.142,4350.699,4255.154,11.556999999999789,7.267283897205235,1,12H,1,7.267283897205235,TP,7.215367309855576,SPX500,0.05191658734965916
12081,2022-02-23 16:59:00,1,13819.857,13722.149,14116.087,97.70800000000054,3.0317885945879346,1,4H,1,-1.0,SL,-1.015351864739837,NAS100,0.015351864739836981
12100,2022-02-24 13:59:00,1,13104.599,13033.919,13347.597,70.68000000000029,3.438002263723806,1,4H,1,3.438002263723806,TP,3.416779852857932,NAS100,0.021222410865874276
12107,2022-02-25 06:59:00,1,4263.833,4257.833,4283.199,6.0,3.2276666666666642,2,4H,2,-1.0,SL,-1.1,SPX500,0.09999999999999999
13392,2022-02-25 07:59:00,1,1.121,1.11958,1.13086,14.199999999999768,6.9436619718310855,1,12H,1,-1.0,SL,-1.0845070422535226,EURUSD,0.0845070422535225
13394,2022-02-25 09:59:00,1,1.11813,1.1168500000000001,1.13086,12.799999999999478,9.945312500000334,1,12H,1,-1.0,SL,-1.0937500000000038,EURUSD,0.09375000000000382
13399,2022-02-25 14:59:00,-1,1.12324,1.12507,1.11062,18.299999999999983,6.896174863388026,1,12H,1,-1.0,SL,-1.0655737704918034,EURUSD,0.06557377049180334
13400,2022-02-25 16:59:00,-1,1.34027,1.34253,1.32726,22.599999999999287,5.75663716814176,1,12H,3,-1.0,SL,-1.0663716814159312,GBPUSD,0.06637168141593129
12126,2022-02-25 17:59:00,-1,14086.789,14184.299,13765.039,97.51000000000022,3.299661573171975,1,4H,1,-1.0,SL,-1.0153830376371653,NAS100,0.015383037637165385
13408,2022-02-28 00:59:00,-1,1.33697,1.33827,1.32726,13.000000000000789,7.4692307692302276,1,12H,3,-1.0,SL,-1.1153846153846083,GBPUSD,0.11538461538460838
13420,2022-02-28 10:59:00,-1,115.556,115.65100000000001,115.145,9.500000000001307,4.326315789473103,2,12H,3,4.326315789473103,TP,4.189473684209964,USDJPY,0.13684210526313906
13419,2022-02-28 11:59:00,-1,1.33931,1.34125,1.32726,19.400000000000528,6.211340206185343,1,12H,3,-1.0,SL,-1.077319587628864,GBPUSD,0.07731958762886387
12144,2022-02-28 13:59:00,1,14005.359,13975.759,14203.277,29.600000000000364,6.686418918918825,1,12H,1,6.686418918918825,TP,6.63574324324315,NAS100,0.050675675675675054
13422,2022-02-28 14:59:00,-1,1.34098,1.34286,1.33515,18.799999999998818,3.1010638297874302,2,4H,3,-1.0,SL,-1.0797872340425583,GBPUSD,0.0797872340425582
13438,2022-03-01 05:59:00,-1,1.1196,1.1204,1.11421,8.00000000000134,6.737499999998879,1,12H,2,-1.0,SL,-1.1499999999999748,EURUSD,0.14999999999997488
13439,2022-03-01 07:59:00,-1,1.34231,1.3437999999999999,1.32726,14.899999999999913,10.100671140939513,1,12H,3,10.100671140939513,TP,9.999999999999915,GBPUSD,0.1006711409395979
13441,2022-03-01 08:59:00,-1,1.12266,1.1233899999999999,1.11421,7.299999999998974,11.575342465755146,1,12H,2,11.575342465755146,TP,11.410958904111286,EURUSD,0.16438356164385873
13443,2022-03-01 11:59:00,-1,1.34065,1.34255,1.32726,19.000000000000128,7.047368421052474,1,12H,3,7.047368421052474,TP,6.968421052631422,GBPUSD,0.0789473684210521
13446,2022-03-01 13:59:00,1,1.11602,1.11393,1.12739,20.899999999999253,5.4401913875599455,1,1D,1,-1.0,SL,-1.0574162679425858,EURUSD,0.05741626794258578
12170,2022-03-01 17:57:00,1,14079.047,14003.069,14331.699,75.97800000000097,3.3253310168732635,1,4H,1,-1.0,SL,-1.0197425570559897,NAS100,0.019742557055989637
12162,2022-03-01 17:57:00,1,4315.946,4290.454,4402.699,25.49200000000019,3.4031460850462523,1,4H,1,-1.0,SL,-1.0235367958575237,SPX500,0.023536795857523753
13450,2022-03-01 17:59:00,1,1.11091,1.10886,1.12739,20.500000000001073,8.039024390243398,1,1D,1,-1.0,SL,-1.0585365853658506,EURUSD,0.058536585365850595
13451,2022-03-01 17:59:00,1,114.837,114.75999999999999,115.074,7.700000000001239,3.0779220779215146,1,4H,1,-1.0,SL,-1.1688311688311417,USDJPY,0.16883116883114166
13454,2022-03-01 20:59:00,-1,114.822,114.92200000000001,114.406,10.000000000000853,4.159999999999614,1,1D,3,-1.0,SL,-1.129999999999989,USDJPY,0.12999999999998893
12175,2022-03-02 00:59:00,-1,14050.209,14071.279,13692.239,21.06999999999971,16.989558614143622,1,1D,2,-1.0,SL,-1.0711912672045572,NAS100,0.07119126720455722
13457,2022-03-02 01:59:00,-1,1.33306,1.33398,1.32726,9.200000000000319,6.304347826086526,1,12H,3,6.304347826086526,TP,6.141304347825662,GBPUSD,0.1630434782608639
12177,2022-03-02 02:59:00,1,14026.169,13975.309,14278.139,50.86000000000058,4.954187966968078,1,4H,4,-1.0,SL,-1.0294927251278014,NAS100,0.02949272512780147
12183,2022-03-02 08:59:00,-1,13991.379,14064.309,13692.239,72.92999999999847,4.101741395859146,1,1D,2,-1.0,SL,-1.0205676676264916,NAS100,0.020567667626491586
12177,2022-03-02 10:59:00,-1,4332.133,4347.333,4257.536,15.199999999999818,4.907697368421095,1,1D,3,-1.0,SL,-1.0394736842105268,SPX500,0.039473684210526785
12178,2022-03-02 11:59:00,1,4336.699,4326.151,4369.139,10.547999999999774,3.075464543041449,1,4H,2,-1.0,SL,-1.056882821387942,SPX500,0.056882821387942054
12189,2022-03-02 14:59:00,-1,14079.799,14135.179,13692.239,55.3799999999992,6.998194293969067,1,1D,2,-1.0,SL,-1.0270855904658724,NAS100,0.02708559046587255
12195,2022-03-02 20:59:00,-1,14242.099,14295.879,13692.239,53.780000000000655,10.224246931944847,1,1D,2,-1.0,SL,-1.0278914094458904,NAS100,0.027891409445890327
13481,2022-03-03 01:59:00,1,1.33835,1.3376,1.3437,7.500000000000284,7.133333333333018,1,1D,1,-1.0,SL,-1.1999999999999924,GBPUSD,0.19999999999999243
13483,2022-03-03 01:59:00,-1,115.595,115.67800000000001,114.406,8.300000000001262,14.325301204817015,1,1D,3,-1.0,SL,-1.1566265060240726,USDJPY,0.15662650602407258
13492,2022-03-03 12:59:00,-1,1.33764,1.33935,1.33064,17.100000000001003,4.093567251461687,1,12H,1,4.093567251461687,TP,4.005847953216079,GBPUSD,0.08771929824560888
12211,2022-03-03 14:59:00,-1,14267.269,14394.999,13692.239,127.72999999999956,4.501918108510159,1,1D,2,4.501918108510159,TP,4.490174587019514,NAS100,0.011743521490644369
12203,2022-03-03 14:59:00,-1,4402.639,4422.299,4257.536,19.659999999999854,7.380620549338817,1,1D,3,7.380620549338817,TP,7.350101729399854,SPX500,0.030518819938962584
13500,2022-03-03 20:59:00,1,1.33382,1.33304,1.3437,7.800000000000029,12.666666666666476,1,1D,1,-1.0,SL,-1.1923076923076916,GBPUSD,0.1923076923076916
13507,2022-03-04 01:59:00,-1,115.468,115.566,114.791,9.799999999999898,6.908163265306263,1,1D,1,6.908163265306263,TP,6.775510204081772,USDJPY,0.1326530612244912
12235,2022-03-04 16:59:00,1,13788.199,13734.909,14062.289,53.29000000000087,5.143366485269199,1,4H,1,-1.0,SL,-1.028147870144492,NAS100,0.028147870144491938
13555,2022-03-08 02:59:00,-1,1.08747,1.08857,1.08059,11.000000000001009,6.254545454544878,1,12H,2,-1.0,SL,-1.1090909090908991,EURUSD,0.10909090909089908
12273,2022-03-08 10:59:00,1,13344.779,13282.869,13880.469,61.909999999999854,8.65272169277984,1,12H,1,-1.0,SL,-1.0242287191083832,NAS100,0.024228719108383194
13565,2022-03-08 13:59:00,1,1.31068,1.30842,1.32141,22.600000000001508,4.747787610619111,1,12H,1,-1.0,SL,-1.0663716814159248,GBPUSD,0.06637168141592477
12270,2022-03-08 15:59:00,1,4198.645,4157.899,4327.999,40.746000000000095,3.1746429097334476,1,12H,1,-1.0,SL,-1.0147253718156384,SPX500,0.01472537181563831
12282,2022-03-08 19:59:00,1,13421.009,13291.029,13880.469,129.97999999999956,3.5348515156177926,1,12H,1,-1.0,SL,-1.0115402369595323,NAS100,0.011540236959532274
13573,2022-03-08 21:59:00,1,1.31,1.30908,1.32141,9.200000000000319,12.402173913042962,1,12H,1,-1.0,SL,-1.1630434782608638,GBPUSD,0.1630434782608639
13578,2022-03-09 01:59:00,-1,1.09138,1.09209,1.08059,7.099999999999884,15.197183098591907,2,1D,2,-1.0,SL,-1.169014084507045,EURUSD,0.169014084507045
12290,2022-03-09 05:59:00,1,13286.399,13253.209,13511.279,33.18999999999869,6.775534799638743,1,4H,1,6.775534799638743,TP,6.730340463995475,NAS100,0.04519433564326783
13582,2022-03-09 05:59:00,-1,1.09159,1.09306,1.08059,14.699999999998603,7.482993197279705,2,1D,2,-1.0,SL,-1.0816326530612321,EURUSD,0.08163265306123224
13587,2022-03-09 10:59:00,-1,1.09666,1.09936,1.08059,26.999999999999247,5.9518518518520285,1,1D,1,-1.0,SL,-1.0444444444444456,EURUSD,0.04444444444444568
13597,2022-03-09 20:59:00,-1,1.10704,1.10843,1.08059,13.900000000000023,19.028776978417294,1,1D,1,-1.0,SL,-1.0863309352517985,EURUSD,0.08633093525179841
12315,2022-03-10 16:59:00,1,4223.845,4208.333,4276.145,15.512000000000626,3.3715832903557295,1,4H,1,3.3715832903557295,TP,3.332903558535205,SPX500,0.038679731820524484
13625,2022-03-11 00:59:00,-1,1.0998,1.10198,1.089,21.799999999998487,4.9541284403673815,1,1D,1,-1.0,SL,-1.055045871559637,EURUSD,0.05504587155963685
13627,2022-03-11 02:59:00,-1,1.09944,1.10038,1.089,9.399999999999409,11.106382978724108,1,1D,1,-1.0,SL,-1.127659574468093,EURUSD,0.12765957446809312
13629,2022-03-11 04:59:00,-1,1.1001,1.10112,1.089,10.200000000000209,10.882352941176356,1,1D,1,-1.0,SL,-1.117647058823527,EURUSD,0.117647058823527
13666,2022-03-14 15:59:00,-1,1.0974,1.09948,1.089,20.800000000000818,4.038461538461362,1,1D,1,-1.0,SL,-1.0576923076923055,EURUSD,0.05769230769230542
13667,2022-03-14 16:59:00,1,1.09749,1.09628,1.10435,12.100000000001554,5.669421487602467,1,12H,1,-1.0,SL,-1.0991735537189955,EURUSD,0.09917355371899553
13671,2022-03-14 20:59:00,1,1.0944,1.0930900000000001,1.10435,13.099999999999223,7.595419847328621,1,12H,1,-1.0,SL,-1.09160305343512,EURUSD,0.09160305343511993
13673,2022-03-14 22:59:00,1,1.09426,1.09294,1.10435,13.199999999999878,7.643939393939413,1,1D,1,-1.0,SL,-1.0909090909090917,EURUSD,0.09090909090909174
13686,2022-03-15 11:59:00,-1,1.09903,1.10051,1.09005,14.800000000001479,6.067567567566953,1,12H,3,-1.0,SL,-1.081081081081073,EURUSD,0.08108108108107298
13692,2022-03-15 17:59:00,1,1.09401,1.0925,1.10435,15.099999999999003,6.847682119205761,1,1D,1,6.847682119205761,TP,6.768211920530259,EURUSD,0.07947019867550194
13705,2022-03-16 07:59:00,-1,1.30582,1.30709,1.3,12.700000000001044,4.582677165353904,1,12H,1,-1.0,SL,-1.1181102362204627,GBPUSD,0.11811023622046274
12432,2022-03-17 13:59:00,-1,13881.889,14015.589,13465.449,133.70000000000073,3.1147344801794796,1,12H,1,-1.0,SL,-1.0112191473448018,NAS100,0.011219147344801735
12424,2022-03-17 13:59:00,-1,4351.134,4372.954,4250.936,21.81999999999971,4.592025664528032,1,12H,1,-1.0,SL,-1.02749770852429,SPX500,0.02749770852429001
12442,2022-03-18 01:59:00,-1,13990.759,14002.889,13907.759,12.1299999999992,6.842539159110097,1,4H,1,-1.0,SL,-1.1236603462489776,NAS100,0.12366034624897766
13748,2022-03-18 02:59:00,1,1.31591,1.31498,1.32106,9.299999999998754,5.537634408602879,1,12H,1,-1.0,SL,-1.1612903225806668,GBPUSD,0.16129032258066678
12448,2022-03-18 07:59:00,-1,14033.589,14056.789,13907.759,23.200000000000728,5.4237068965515505,1,4H,1,-1.0,SL,-1.0646551724137912,NAS100,0.06465517241379108
12452,2022-03-18 11:59:00,-1,14007.709,14031.899,13907.759,24.18999999999869,4.131872674659204,1,4H,1,-1.0,SL,-1.0620090946672212,NAS100,0.062009094667221216
13775,2022-03-21 04:59:00,1,1.10417,1.10367,1.10584,5.00000000000167,3.339999999998561,3,4H,2,-1.0,SL,-1.2399999999999198,EURUSD,0.23999999999991983
12482,2022-03-21 21:59:00,-1,14371.689,14392.879,13981.669,21.19000000000051,18.40585181689434,1,12H,3,-1.0,SL,-1.0707881075979218,NAS100,0.07078810759792185
12474,2022-03-21 21:59:00,-1,4459.842,4465.933,4376.533,6.091000000000349,13.67739287473231,1,12H,2,-1.0,SL,-1.0985059924478682,SPX500,0.09850599244786826
12490,2022-03-22 05:59:00,-1,14331.739,14356.357,13981.669,24.618000000000393,14.220082866195227,2,12H,3,-1.0,SL,-1.0609310260784781,NAS100,0.06093102607847819
12493,2022-03-22 08:59:00,-1,14421.399,14451.889,13981.669,30.48999999999978,14.422105608396285,2,12H,3,-1.0,SL,-1.0491964578550348,NAS100,0.04919645785503479
13807,2022-03-22 13:59:00,-1,1.32507,1.32745,1.31105,23.800000000000487,5.890756302520855,1,1D,1,-1.0,SL,-1.0630252100840323,GBPUSD,0.06302521008403232
13808,2022-03-22 13:59:00,-1,1.10337,1.10467,1.09608,13.000000000000789,5.607692307691982,1,4H,1,0.13846153846158313,tiempo,0.04615384615389642,EURUSD,0.0923076923076867
12491,2022-03-22 14:59:00,-1,4503.948,4514.654,4373.548,10.706000000000131,12.180085933121516,1,1D,1,-1.0,SL,-1.0560433401830742,SPX500,0.056043340183074226
12502,2022-03-22 17:59:00,-1,14644.959,14661.689,13981.669,16.729999999999563,39.64674237896104,2,12H,3,-1.0,SL,-1.0896592946802175,NAS100,0.08965929468021752
13817,2022-03-22 22:59:00,1,1.10293,1.1025,1.10701,4.299999999999304,9.488372093024985,1,1D,1,-1.0,SL,-1.2790697674419056,EURUSD,0.2790697674419056
13822,2022-03-23 03:59:00,1,1.10274,1.10229,1.10701,4.500000000000615,9.488888888887583,1,1D,1,-1.0,SL,-1.2666666666666302,EURUSD,0.26666666666663025
13834,2022-03-23 16:59:00,1,1.32071,1.31963,1.32624,10.799999999999699,5.120370370370545,1,4H,3,-1.0,SL,-1.1388888888888928,GBPUSD,0.13888888888889275
13847,2022-03-24 05:59:00,-1,1.31899,1.32023,1.31198,12.399999999999078,5.6532258064521805,1,1D,1,-1.0,SL,-1.1209677419354929,GBPUSD,0.12096774193549287
12537,2022-03-24 08:59:00,-1,14543.359,14572.699,14449.919,29.340000000000146,3.184730743012953,1,4H,1,-1.0,SL,-1.051124744376278,NAS100,0.05112474437627786
13853,2022-03-24 11:59:00,-1,1.31978,1.32149,1.31198,17.100000000001003,4.561403508771679,1,1D,1,-1.0,SL,-1.087719298245609,GBPUSD,0.08771929824560888
13868,2022-03-25 01:59:00,-1,1.10285,1.10366,1.09639,8.099999999999774,7.975308641975695,1,12H,2,-1.0,SL,-1.1481481481481524,EURUSD,0.14814814814815228
13867,2022-03-25 01:59:00,-1,1.32065,1.32139,1.31567,7.399999999999629,6.729729729730346,2,4H,3,-1.0,SL,-1.2027027027027128,GBPUSD,0.20270270270271287
13874,2022-03-25 06:59:00,1,121.74,121.642,122.357,9.799999999999898,6.29591836734705,1,4H,2,-1.0,SL,-1.1326530612244912,USDJPY,0.1326530612244912
13877,2022-03-25 11:59:00,-1,1.31952,1.32062,1.31198,10.999999999998789,6.854545454546303,1,1D,1,-1.0,SL,-1.1363636363636513,GBPUSD,0.13636363636365137
13888,2022-03-27 21:59:00,1,122.014,121.973,122.357,4.099999999999682,8.36585365853732,2,4H,2,8.36585365853732,TP,8.048780487805589,USDJPY,0.31707317073173197
12573,2022-03-28 02:59:00,-1,14706.629,14716.089,14584.239,9.459999999999127,12.93763213530788,2,4H,1,-1.0,SL,-1.1585623678647081,NAS100,0.1585623678647081
12574,2022-03-28 03:59:00,-1,14693.319,14719.899,14584.239,26.579999999999927,4.103837471783304,2,4H,1,-1.0,SL,-1.0564334085778782,NAS100,0.05643340857787826
12566,2022-03-28 03:59:00,-1,4529.133,4535.151,4505.739,6.018000000000029,3.8873379860418944,1,4H,2,-1.0,SL,-1.0997008973080753,SPX500,0.09970089730807528
12573,2022-03-28 10:59:00,-1,4543.942,4546.999,4505.739,3.056999999999789,12.496892378149514,2,4H,2,-1.0,SL,-1.1962708537782274,SPX500,0.19627085377822748
12583,2022-03-28 12:59:00,-1,14757.279,14812.809,14584.239,55.529999999998836,3.116153430578147,2,4H,1,-1.0,SL,-1.0270124257158297,NAS100,0.027012425715829846
13907,2022-03-28 19:59:00,1,1.30937,1.30809,1.31591,12.799999999999478,5.109375000000201,1,4H,3,-1.0,SL,-1.1171875000000049,GBPUSD,0.11718750000000477
13909,2022-03-28 21:59:00,1,1.30922,1.30863,1.31591,5.9000000000009045,11.338983050845487,1,4H,3,-1.0,SL,-1.2542372881355544,GBPUSD,0.25423728813555424
13910,2022-03-28 21:59:00,1,1.09852,1.09773,1.10376,7.899999999998464,6.632911392406522,1,1D,1,-1.0,SL,-1.1518987341772446,EURUSD,0.15189873417724473
13917,2022-03-29 05:59:00,1,1.30948,1.30858,1.31591,8.999999999999009,7.14444444444516,1,4H,3,-1.0,SL,-1.166666666666685,GBPUSD,0.16666666666668503
13933,2022-03-29 21:59:00,1,1.30965,1.30837,1.31841,12.799999999999478,6.843750000000358,1,1D,1,2.5000000000001736,tiempo,2.3828125000001688,GBPUSD,0.11718750000000477
13946,2022-03-30 10:59:00,1,1.31411,1.31283,1.31841,12.799999999999478,3.3593750000002873,1,1D,1,-1.0,SL,-1.1171875000000049,GBPUSD,0.11718750000000477
13953,2022-03-30 15:59:00,-1,121.953,122.05900000000001,121.521,10.600000000000875,4.075471698112891,1,4H,1,-1.0,SL,-1.1226415094339521,USDJPY,0.12264150943395213
13955,2022-03-30 17:59:00,1,121.92,121.856,125.097,6.400000000000716,49.64062499999433,1,1D,1,-1.0,SL,-1.2031249999999774,USDJPY,0.20312499999997727
13956,2022-03-30 19:59:00,-1,1.11519,1.1163399999999999,1.11118,11.499999999999844,3.486956521739045,1,4H,1,-1.0,SL,-1.104347826086958,EURUSD,0.10434782608695793
12633,2022-03-31 04:59:00,1,4611.148,4608.345,4628.397,2.8029999999998836,6.153763824473961,1,4H,1,-1.0,SL,-1.214056368176962,SPX500,0.21405636817696214
13967,2022-03-31 07:59:00,-1,1.3135,1.31488,1.30881,13.800000000001589,3.398550724637189,1,12H,2,-1.0,SL,-1.1086956521739004,GBPUSD,0.10869565217390052
13977,2022-03-31 17:59:00,-1,1.31426,1.31536,1.30881,11.000000000001009,4.954545454544959,1,12H,2,4.954545454544959,TP,4.818181818181335,GBPUSD,0.13636363636362386
13979,2022-03-31 19:59:00,-1,1.31367,1.31494,1.30881,12.700000000001044,3.826771653542886,1,12H,2,-1.0,SL,-1.1181102362204627,GBPUSD,0.11811023622046274
13983,2022-03-31 21:59:00,1,121.678,121.582,121.971,9.600000000000364,3.052083333333284,1,4H,1,3.052083333333284,TP,2.9166666666666226,USDJPY,0.13541666666666155
13987,2022-04-01 03:59:00,1,1.31341,1.31205,1.31841,13.600000000000279,3.6764705882353037,1,1D,1,-1.0,SL,-1.1102941176470567,GBPUSD,0.11029411764705656
13988,2022-04-01 03:59:00,1,1.10652,1.10603,1.10813,4.899999999998794,3.2857142857153216,1,4H,1,-1.0,SL,-1.2448979591837337,EURUSD,0.24489795918373372
13989,2022-04-01 05:59:00,-1,1.31331,1.31395,1.30881,6.399999999999739,7.031250000000206,1,12H,2,-1.0,SL,-1.2343750000000095,GBPUSD,0.23437500000000955
13993,2022-04-01 09:59:00,-1,1.31273,1.31341,1.30881,6.800000000000139,5.764705882352711,1,12H,2,-1.0,SL,-1.220588235294113,GBPUSD,0.22058823529411312
13998,2022-04-01 14:59:00,1,1.31078,1.30852,1.31841,22.600000000001508,3.3761061946900517,1,1D,1,-1.0,SL,-1.0663716814159248,GBPUSD,0.06637168141592477
14023,2022-04-04 15:59:00,1,1.31151,1.31083,1.31841,6.800000000000139,10.147058823529392,1,1D,1,-1.0,SL,-1.220588235294113,GBPUSD,0.22058823529411312
14057,2022-04-06 01:59:00,1,1.30642,1.30556,1.31841,8.599999999998609,13.94186046511873,1,1D,1,-1.0,SL,-1.174418604651191,GBPUSD,0.174418604651191
14067,2022-04-06 11:59:00,1,1.30851,1.30702,1.31666,14.899999999999913,5.469798657718072,2,12H,1,-1.0,SL,-1.100671140939598,GBPUSD,0.1006711409395979
14071,2022-04-06 14:59:00,1,1.09196,1.09045,1.09781,15.100000000001224,3.8741721854300906,1,12H,1,-1.0,SL,-1.0794701986754902,EURUSD,0.07947019867549025
14070,2022-04-06 14:59:00,1,1.30885,1.30668,1.31666,21.700000000000053,3.5990783410137577,2,12H,1,-1.0,SL,-1.0691244239631335,GBPUSD,0.06912442396313347
12747,2022-04-07 00:59:00,1,14454.599,14428.829,14705.487,25.770000000000437,9.73566162204093,1,4H,2,-1.0,SL,-1.0582072176949933,NAS100,0.058207217694993194
14086,2022-04-07 04:59:00,1,123.685,123.603,124.05,8.200000000000784,4.451219512194633,1,12H,2,-1.0,SL,-1.1585365853658385,USDJPY,0.1585365853658385
14107,2022-04-08 03:59:00,1,1.30692,1.30635,1.31063,5.700000000001815,6.508771929822279,1,12H,1,-1.0,SL,-1.2631578947367583,GBPUSD,0.2631578947367583
12780,2022-04-08 11:59:00,-1,14577.019,14593.117,14315.899,16.097999999999956,16.22064852776752,2,12H,2,16.22064852776752,TP,16.127469250838708,NAS100,0.09317927692881128
14254,2022-04-18 06:59:00,-1,1.30217,1.30299,1.29728,8.20000000000043,5.963414634146104,1,1D,1,-1.0,SL,-1.182926829268283,GBPUSD,0.1829268292682831
14257,2022-04-18 09:59:00,-1,1.30123,1.30206,1.29728,8.299999999998864,4.75903614457911,1,1D,1,-1.0,SL,-1.1807228915662897,GBPUSD,0.1807228915662898
14260,2022-04-18 12:59:00,-1,1.30362,1.30455,1.29728,9.300000000000974,6.817204301074568,1,1D,1,-1.0,SL,-1.1612903225806281,GBPUSD,0.16129032258062825
14269,2022-04-18 21:59:00,1,1.30097,1.30041,1.30445,5.599999999998939,6.214285714287159,1,4H,2,-1.0,SL,-1.2678571428571936,GBPUSD,0.2678571428571936
12894,2022-04-19 01:59:00,1,4403.245,4396.033,4460.399,7.211999999999534,7.9248474764287495,1,1D,1,-1.0,SL,-1.0831946755407706,SPX500,0.08319467554077076
12902,2022-04-19 01:59:00,1,13960.209,13930.959,14289.699,29.25,11.264615384615377,1,1D,2,-1.0,SL,-1.0512820512820513,NAS100,0.05128205128205128
14281,2022-04-19 09:59:00,-1,1.30284,1.30415,1.29728,13.099999999999223,4.244274809160564,1,1D,1,-1.0,SL,-1.1145038167938999,GBPUSD,0.11450381679389991
12918,2022-04-19 17:59:00,1,14154.379,14120.589,14289.699,33.79000000000087,4.0047351287362005,1,1D,2,-1.0,SL,-1.0443918319029286,NAS100,0.04439183190292871
14293,2022-04-19 21:59:00,1,1.29979,1.2988,1.30405,9.900000000000464,4.303030303030031,1,4H,2,4.303030303030031,TP,4.151515151514887,GBPUSD,0.15151515151514441
12920,2022-04-20 05:59:00,1,4447.748,4441.033,4471.652,6.714999999999236,3.5597915115417975,1,4H,1,-1.0,SL,-1.0893521965748427,SPX500,0.08935219657484263
12939,2022-04-20 16:59:00,1,14051.949,13976.419,14289.699,75.53000000000065,3.1477558585992047,1,1D,2,-1.0,SL,-1.019859658413875,NAS100,0.01985965841387511
14312,2022-04-20 16:59:00,-1,1.30507,1.3065499999999999,1.29728,14.799999999999258,5.263513513513753,1,1D,1,-1.0,SL,-1.1013513513513564,GBPUSD,0.10135135135135644
14314,2022-04-20 18:59:00,-1,1.30562,1.30712,1.29728,15.000000000000568,5.559999999999799,1,1D,1,-1.0,SL,-1.0999999999999963,GBPUSD,0.09999999999999622
14317,2022-04-20 20:59:00,-1,1.08514,1.08558,1.08205,4.3999999999999595,7.022727272727422,1,4H,1,-1.0,SL,-1.2727272727272751,EURUSD,0.2727272727272752
14327,2022-04-21 07:59:00,-1,1.30746,1.30834,1.29728,8.799999999999919,11.568181818182014,1,1D,1,-1.0,SL,-1.170454545454547,GBPUSD,0.17045454545454702
14337,2022-04-21 17:59:00,-1,1.30387,1.30487,1.29728,9.999999999998899,6.590000000000821,1,1D,1,6.590000000000821,TP,6.440000000000805,GBPUSD,0.1500000000000165
14349,2022-04-22 05:59:00,-1,1.30244,1.30337,1.29961,9.299999999998754,3.0430107526886983,1,1D,1,3.0430107526886983,TP,2.8817204301080315,GBPUSD,0.16129032258066678
14358,2022-04-22 12:59:00,-1,128.44,128.495,126.986,5.500000000000682,26.43636363636024,1,1D,2,-1.0,SL,-1.236363636363607,USDJPY,0.23636363636360705
14375,2022-04-25 05:59:00,-1,128.486,128.60299999999998,126.986,11.699999999999022,12.82051282051377,1,1D,2,12.82051282051377,TP,12.70940170940265,USDJPY,0.1111111111111204
14380,2022-04-25 10:59:00,-1,128.165,128.27599999999998,126.986,11.099999999999,10.62162162162247,1,1D,2,-1.0,SL,-1.1171171171171277,USDJPY,0.11711711711712768
14381,2022-04-25 11:59:00,-1,128.165,128.51,126.986,34.499999999999886,3.417391304347802,1,1D,2,3.417391304347802,TP,3.379710144927512,USDJPY,0.03768115942028998
14389,2022-04-25 19:59:00,-1,128.017,128.111,126.986,9.399999999999409,10.96808510638358,1,1D,2,-1.0,SL,-1.1382978723404342,USDJPY,0.13829787234043422
13020,2022-04-26 09:59:00,-1,13500.209,13525.899,13179.899,25.68999999999869,12.46827559361688,1,12H,1,12.46827559361688,TP,12.409887115609871,NAS100,0.058388478007009595
13012,2022-04-26 09:59:00,-1,4286.839,4293.336,4199.436,6.497000000000298,13.45282438048272,1,12H,1,13.45282438048272,TP,13.36047406495248,SPX500,0.09235031553024048
13022,2022-04-26 11:59:00,1,13483.689,13453.109,13774.689,30.579999999999927,9.516023544800547,1,1D,1,-1.0,SL,-1.0490516677567039,NAS100,0.049051667756703846
13014,2022-04-26 11:59:00,1,4282.539,4273.851,4397.054,8.688000000000102,13.180824125230085,1,1D,1,-1.0,SL,-1.069060773480662,SPX500,0.06906077348066217
13028,2022-04-26 17:59:00,1,13125.779,13099.209,13774.689,26.56999999999971,24.42265713210414,1,1D,1,-1.0,SL,-1.0564546480993608,NAS100,0.0564546480993608
14412,2022-04-26 18:59:00,-1,127.579,127.64800000000001,126.986,6.900000000001683,8.594202898548474,1,1D,2,-1.0,SL,-1.1884057971014033,USDJPY,0.18840579710140334
14421,2022-04-27 03:59:00,-1,127.717,127.836,126.986,11.899999999999977,6.142857142857109,1,1D,2,-1.0,SL,-1.1092436974789919,USDJPY,0.1092436974789918
14419,2022-04-27 03:59:00,1,1.25799,1.25743,1.25988,5.599999999998939,3.375000000000942,1,4H,1,-1.0,SL,-1.2678571428571936,GBPUSD,0.2678571428571936
14435,2022-04-27 19:59:00,1,1.25455,1.2534,1.27246,11.499999999999844,15.57391304347836,1,12H,1,-1.0,SL,-1.1304347826086973,GBPUSD,0.13043478260869742
14437,2022-04-27 19:59:00,-1,128.31,128.38299999999998,126.986,7.299999999997908,18.136986301375035,1,1D,2,-1.0,SL,-1.178082191780873,USDJPY,0.17808219178087295
13054,2022-04-27 23:59:00,1,13172.629,13153.429,13256.199,19.200000000000728,4.352604166666486,1,4H,2,-1.0,SL,-1.0781249999999971,NAS100,0.07812499999999704
13055,2022-04-28 00:59:00,1,13162.399,13137.979,13256.199,24.420000000000073,3.8411138411138745,1,4H,2,-1.0,SL,-1.0614250614250613,NAS100,0.06142506142506124
13049,2022-04-28 02:59:00,-1,4216.245,4220.648,4154.239,4.403000000000247,14.082670906199597,1,12H,1,-1.0,SL,-1.1362707245060109,SPX500,0.13627072450601097
14444,2022-04-28 04:59:00,1,1.25153,1.25072,1.25612,8.099999999999774,5.666666666666667,1,4H,1,-1.0,SL,-1.1851851851851904,GBPUSD,0.18518518518519034
14458,2022-04-28 18:59:00,1,1.2462,1.24457,1.2517,16.300000000000203,3.374233128834351,1,4H,1,3.374233128834351,TP,3.2822085889570514,GBPUSD,0.09202453987729947
14486,2022-05-01 21:59:00,-1,1.05453,1.05607,1.0471,15.400000000000968,4.824675324675052,1,1D,2,-1.0,SL,-1.077922077922073,EURUSD,0.07792207792207302
13103,2022-05-02 12:59:00,1,4121.545,4114.899,4270.445,6.645999999999731,22.404453806801936,1,12H,2,-1.0,SL,-1.090279867589531,SPX500,0.09027986758953119
14505,2022-05-02 15:59:00,-1,130.198,130.358,129.314,15.999999999999659,5.525000000000209,1,12H,1,-1.0,SL,-1.0812500000000018,USDJPY,0.08125000000000174
13128,2022-05-03 07:59:00,1,13091.619,13044.639,13432.259,46.98000000000138,7.250744997871209,2,1D,2,-1.0,SL,-1.0319284802043414,NAS100,0.03192848020434133
13120,2022-05-03 07:59:00,1,4167.842,4149.533,4270.445,18.308999999999287,5.603965262985639,2,12H,2,-1.0,SL,-1.032770768474522,SPX500,0.032770768474522004
14522,2022-05-03 09:59:00,1,1.05135,1.04911,1.05928,22.400000000000198,3.540178571428537,1,1D,1,3.540178571428537,TP,3.486607142857109,EURUSD,0.0535714285714281
13130,2022-05-03 09:59:00,1,13080.839,13054.239,13432.259,26.600000000000364,13.211278195488545,2,1D,2,-1.0,SL,-1.0563909774436082,NAS100,0.05639097744360825
13132,2022-05-03 11:59:00,1,13059.809,13001.869,13432.259,57.93999999999869,6.4282015878496575,2,1D,2,-1.0,SL,-1.0258888505350368,NAS100,0.02588885053503683
14531,2022-05-03 18:59:00,1,1.05255,1.05115,1.05928,14.000000000000679,4.807142857142555,1,1D,1,-1.0,SL,-1.0857142857142816,EURUSD,0.08571428571428155
14535,2022-05-03 23:59:00,1,1.24981,1.2492,1.2597,6.099999999999994,16.2131147540983,1,1D,1,-1.0,SL,-1.2459016393442626,GBPUSD,0.2459016393442625
14537,2022-05-04 00:59:00,-1,1.05247,1.05352,1.04901,10.499999999999954,3.2952380952381275,1,1D,1,-1.0,SL,-1.1142857142857148,EURUSD,0.11428571428571478
14552,2022-05-04 14:59:00,-1,129.998,130.137,129.314,13.900000000001,4.920863309352145,1,12H,1,-1.0,SL,-1.0935251798561083,USDJPY,0.09352517985610838
13158,2022-05-04 15:59:00,1,12961.439,12883.229,13432.259,78.21000000000095,6.019946298427235,2,1D,2,6.019946298427235,TP,6.000767165324051,NAS100,0.019179133103183504
13150,2022-05-04 15:59:00,1,4163.342,4147.139,4270.445,16.20299999999952,6.610072208850413,2,12H,2,6.610072208850413,TP,6.573042029254041,SPX500,0.037030179596372136
14552,2022-05-04 16:59:00,1,1.2494,1.2478,1.25669,16.00000000000046,4.556249999999881,2,12H,1,-1.0,SL,-1.0937499999999973,GBPUSD,0.09374999999999732
14570,2022-05-05 09:59:00,-1,1.05977,1.0604,1.05105,6.299999999999084,13.84126984127195,1,12H,1,-1.0,SL,-1.1904761904762182,EURUSD,0.19047619047621817
13192,2022-05-06 05:59:00,1,12845.239,12821.259,13175.179,23.979999999999563,13.758965804837636,1,4H,4,-1.0,SL,-1.0625521267723115,NAS100,0.0625521267723114
13184,2022-05-06 05:59:00,1,4145.445,4138.433,4226.248,7.011999999999716,11.523531089561203,1,4H,2,-1.0,SL,-1.0855675984027415,SPX500,0.08556759840274163
14604,2022-05-06 19:59:00,1,1.05474,1.05352,1.06077,12.199999999999989,4.94262295081966,1,12H,1,-1.0,SL,-1.098360655737705,EURUSD,0.098360655737705
14610,2022-05-09 01:59:00,1,1.05239,1.05125,1.06417,11.399999999999189,10.333333333334178,1,1D,1,-1.0,SL,-1.1052631578947443,EURUSD,0.10526315789474433
14612,2022-05-09 03:59:00,1,1.051,1.05017,1.06417,8.299999999998864,15.867469879520396,1,1D,1,-1.0,SL,-1.1445783132530318,EURUSD,0.14457831325303183
14626,2022-05-09 17:59:00,1,1.05583,1.05515,1.06417,6.800000000000139,12.264705882352711,1,1D,1,-1.0,SL,-1.1764705882352904,EURUSD,0.1764705882352905
14627,2022-05-09 18:59:00,1,1.05658,1.0549600000000001,1.06417,16.199999999999548,4.685185185185307,1,1D,1,-1.0,SL,-1.0740740740740762,EURUSD,0.07407407407407614
14628,2022-05-09 19:59:00,-1,1.05582,1.05765,1.04826,18.299999999999983,4.1311475409836165,1,12H,3,-1.0,SL,-1.0655737704918034,EURUSD,0.06557377049180334
14631,2022-05-09 22:59:00,1,1.05567,1.05515,1.06417,5.20000000000076,16.346153846151367,1,1D,1,-1.0,SL,-1.230769230769197,EURUSD,0.23076923076919706
14633,2022-05-10 00:59:00,1,1.05587,1.05522,1.06417,6.500000000000394,12.769230769229955,1,1D,1,-1.0,SL,-1.1846153846153733,EURUSD,0.1846153846153734
14634,2022-05-10 01:59:00,-1,1.05622,1.05697,1.04826,7.500000000000284,10.613333333332887,1,12H,3,-1.0,SL,-1.159999999999994,EURUSD,0.15999999999999392
14637,2022-05-10 04:59:00,-1,1.05757,1.05818,1.04826,6.099999999999994,15.262295081967112,1,12H,3,-1.0,SL,-1.19672131147541,EURUSD,0.19672131147541
14643,2022-05-10 10:59:00,1,1.05532,1.05344,1.06417,18.800000000001038,4.707446808510391,1,1D,1,-1.0,SL,-1.063829787234039,EURUSD,0.06382978723403902
14644,2022-05-10 11:59:00,-1,1.05532,1.05676,1.04826,14.399999999998858,4.902777777778213,1,12H,3,-1.0,SL,-1.08333333333334,EURUSD,0.08333333333333993
14645,2022-05-10 13:59:00,1,1.23231,1.23117,1.23674,11.399999999999189,3.8859649122809206,1,4H,4,-1.0,SL,-1.1315789473684303,GBPUSD,0.13157894736843043
14649,2022-05-10 16:59:00,-1,1.05337,1.05477,1.04826,14.000000000000679,3.649999999999786,1,12H,3,-1.0,SL,-1.0857142857142816,EURUSD,0.08571428571428155
14653,2022-05-10 21:59:00,1,1.23139,1.23092,1.23674,4.699999999999704,11.382978723404898,2,4H,4,-1.0,SL,-1.3191489361702329,GBPUSD,0.3191489361702328
14663,2022-05-11 05:59:00,1,130.359,130.263,131.345,9.600000000000364,10.27083333333284,1,1D,1,-1.0,SL,-1.1354166666666616,USDJPY,0.13541666666666155
14663,2022-05-11 06:59:00,1,1.05416,1.0536,1.06417,5.599999999998939,17.87500000000352,1,1D,1,-1.0,SL,-1.2142857142857548,EURUSD,0.21428571428575488
14666,2022-05-11 09:59:00,-1,1.05632,1.05766,1.04826,13.400000000001189,6.014925373133762,1,12H,3,-1.0,SL,-1.0895522388059622,EURUSD,0.0895522388059622
14669,2022-05-11 11:59:00,1,129.813,129.62300000000002,131.345,18.99999999999693,8.0631578947382,1,1D,1,-1.0,SL,-1.06842105263159,USDJPY,0.06842105263159
14687,2022-05-12 06:59:00,1,1.05036,1.04893,1.06417,14.300000000000423,9.657342657342442,1,1D,1,-1.0,SL,-1.0839160839160815,EURUSD,0.08391608391608142
14695,2022-05-12 14:59:00,1,1.0412,1.0382500000000001,1.06417,29.49999999999786,7.786440677966719,1,1D,1,-1.0,SL,-1.0406779661016978,EURUSD,0.04067796610169786
14698,2022-05-12 17:59:00,1,1.03684,1.03529,1.06417,15.499999999999403,17.632258064516858,1,1D,1,-1.0,SL,-1.0774193548387125,EURUSD,0.07741935483871265
13328,2022-05-16 09:59:00,-1,12290.349,12352.399,12064.837,62.04999999999927,3.634359387590705,1,12H,1,-1.0,SL,-1.0241740531829173,NAS100,0.024174053182917286
14739,2022-05-16 11:59:00,-1,1.22588,1.22713,1.2155,12.499999999999734,8.304000000000222,1,12H,1,-1.0,SL,-1.1200000000000025,GBPUSD,0.12000000000000256
14741,2022-05-16 12:59:00,1,1.04233,1.04116,1.05292,11.699999999998933,9.05128205128296,1,1D,1,-1.0,SL,-1.102564102564112,EURUSD,0.10256410256411191
14747,2022-05-16 19:59:00,-1,1.23173,1.233,1.2155,12.700000000001044,12.779527559054042,1,12H,1,-1.0,SL,-1.1181102362204627,GBPUSD,0.11811023622046274
14756,2022-05-17 02:59:00,-1,129.248,129.364,128.794,11.600000000001387,3.9137931034476297,2,4H,2,-1.0,SL,-1.112068965517228,USDJPY,0.11206896551722799
14756,2022-05-17 03:59:00,1,1.04401,1.04308,1.05292,9.300000000000974,9.58064516128929,1,1D,1,9.58064516128929,TP,9.451612903224788,EURUSD,0.1290322580645026
13343,2022-05-17 10:59:00,-1,4073.433,4087.299,3919.548,13.865999999999985,11.098009519688475,1,1D,1,-1.0,SL,-1.043271311120727,SPX500,0.043271311120727005
14773,2022-05-17 19:59:00,-1,129.379,129.47899999999998,128.345,9.999999999999432,10.340000000000506,1,1D,2,-1.0,SL,-1.1300000000000074,USDJPY,0.1300000000000074
14775,2022-05-17 21:59:00,1,129.357,129.309,129.78,4.800000000000182,8.812499999999703,1,4H,3,-1.0,SL,-1.270833333333323,USDJPY,0.2708333333333231
14787,2022-05-18 10:59:00,-1,1.05182,1.05299,1.04753,11.700000000001154,3.6666666666662238,1,12H,1,-1.0,SL,-1.1025641025640924,EURUSD,0.10256410256409244
14816,2022-05-19 15:59:00,-1,1.05866,1.0599399999999999,1.04284,12.799999999999478,12.35937500000046,1,1D,1,-1.0,SL,-1.0937500000000038,EURUSD,0.09375000000000382
14823,2022-05-19 21:59:00,1,127.743,127.634,128.942,10.899999999999466,11.000000000000652,1,12H,2,-1.0,SL,-1.1192660550458775,USDJPY,0.11926605504587741
13404,2022-05-20 05:59:00,-1,3932.199,3937.148,3884.099,4.949000000000069,9.719135178823851,2,4H,1,-1.0,SL,-1.1212366134572624,SPX500,0.1212366134572624
14833,2022-05-20 09:59:00,-1,1.24776,1.24915,1.23292,13.900000000000023,10.676258992805712,1,1D,1,-1.0,SL,-1.107913669064748,GBPUSD,0.10791366906474802
14837,2022-05-20 11:59:00,1,128.047,127.842,128.942,20.49999999999983,4.365853658536672,1,12H,2,-1.0,SL,-1.063414634146342,USDJPY,0.06341463414634199
14847,2022-05-22 21:59:00,1,127.819,127.759,128.942,6.000000000000227,18.716666666666036,1,12H,2,-1.0,SL,-1.2166666666666583,USDJPY,0.21666666666665846
14851,2022-05-23 03:59:00,-1,1.25425,1.255,1.23292,7.499999999998064,28.440000000007437,1,1D,1,-1.0,SL,-1.2000000000000517,GBPUSD,0.20000000000005164
13437,2022-05-23 16:59:00,-1,3964.833,3982.354,3810.239,17.52099999999973,8.823354831345382,1,12H,1,-1.0,SL,-1.0342446207408258,SPX500,0.03424462074082582
13439,2022-05-23 18:59:00,-1,3967.336,3983.399,3810.239,16.063000000000102,9.780053539189364,1,12H,1,-1.0,SL,-1.037352922866214,SPX500,0.03735292286621404
14867,2022-05-23 19:59:00,-1,1.2578,1.25829,1.23292,4.899999999998794,50.775510204094154,1,1D,1,-1.0,SL,-1.3061224489796672,GBPUSD,0.30612244897966717
14878,2022-05-24 05:59:00,1,1.0668,1.06612,1.06937,6.800000000000139,3.7794117647057477,1,4H,1,3.7794117647057477,TP,3.6029411764704573,EURUSD,0.1764705882352905
14889,2022-05-24 17:59:00,1,1.25373,1.25274,1.25981,9.900000000000464,6.141414141413939,1,4H,1,-1.0,SL,-1.1515151515151445,GBPUSD,0.15151515151514441
14892,2022-05-24 19:59:00,-1,1.073,1.07395,1.06955,9.500000000000064,3.631578947368347,1,4H,1,3.631578947368347,TP,3.505263157894664,EURUSD,0.12631578947368335
14895,2022-05-24 21:59:00,1,126.837,126.735,127.522,10.200000000000387,6.715686274509571,1,4H,1,-1.0,SL,-1.127450980392152,USDJPY,0.12745098039215202
14893,2022-05-24 21:59:00,1,1.25319,1.25253,1.25981,6.6000000000010495,10.030303030301543,3,12H,2,-1.0,SL,-1.227272727272691,GBPUSD,0.22727272727269113
14903,2022-05-25 05:59:00,1,127.006,126.898,127.522,10.80000000000041,4.777777777777646,1,4H,1,-1.0,SL,-1.1203703703703658,USDJPY,0.12037037037036581
14901,2022-05-25 05:59:00,1,1.25366,1.25286,1.25981,7.999999999999119,7.687500000000972,3,12H,2,-1.0,SL,-1.1875000000000207,GBPUSD,0.18750000000002065
14904,2022-05-25 06:59:00,1,126.987,126.827,127.522,15.999999999999659,3.343750000000139,1,4H,1,-1.0,SL,-1.0812500000000018,USDJPY,0.08125000000000174
14906,2022-05-25 08:59:00,1,127.057,126.92,127.522,13.700000000000045,3.3941605839416193,1,4H,1,-1.0,SL,-1.0948905109489049,USDJPY,0.0948905109489048
14907,2022-05-25 11:59:00,1,1.24908,1.24797,1.25981,11.099999999999444,9.666666666667266,2,4H,2,9.666666666667266,TP,9.531531531532124,GBPUSD,0.13513513513514191
13477,2022-05-25 12:59:00,1,3928.336,3914.536,3984.254,13.799999999999727,4.052028985507335,1,1D,1,4.052028985507335,TP,4.008550724637769,SPX500,0.04347826086956608
14911,2022-05-25 15:59:00,-1,1.25389,1.2558799999999999,1.24713,19.899999999999363,3.3969849246231627,1,12H,1,-1.0,SL,-1.075376884422113,GBPUSD,0.07537688442211296
14915,2022-05-25 19:59:00,-1,1.25765,1.25912,1.24713,14.700000000000824,7.15646258503352,1,12H,1,-1.0,SL,-1.102040816326525,GBPUSD,0.1020408163265249
13484,2022-05-25 19:59:00,-1,3980.336,4000.049,3915.536,19.713000000000193,3.287170902450114,2,4H,1,-1.0,SL,-1.030436767615279,SPX500,0.03043676761527896
14926,2022-05-26 06:59:00,1,1.25628,1.25505,1.26007,12.300000000000644,3.0813008130079362,1,1D,2,3.0813008130079362,TP,2.9593495934957477,GBPUSD,0.12195121951218874
14927,2022-05-26 06:59:00,1,1.06754,1.06614,1.07388,13.999999999998458,4.5285714285719365,1,12H,1,4.5285714285719365,TP,4.442857142857641,EURUSD,0.08571428571429515
14928,2022-05-26 08:59:00,1,1.25637,1.25535,1.26007,10.200000000000209,3.6274509803921187,1,1D,2,3.6274509803921187,TP,3.48039215686271,GBPUSD,0.14705882352940874
14936,2022-05-26 16:59:00,1,1.25747,1.2569,1.26007,5.700000000001815,4.561403508770365,1,1D,2,-1.0,SL,-1.2631578947367583,GBPUSD,0.2631578947367583
14969,2022-05-30 00:59:00,-1,1.07298,1.07356,1.06968,5.800000000000249,5.689655172413688,1,4H,2,-1.0,SL,-1.206896551724129,EURUSD,0.20689655172412902
14971,2022-05-30 02:59:00,-1,1.07452,1.07568,1.06968,11.600000000000499,4.172413793103231,1,4H,2,-1.0,SL,-1.1034482758620645,EURUSD,0.10344827586206451
14978,2022-05-30 08:59:00,-1,127.289,127.39800000000001,126.676,10.900000000000887,5.623853211008712,1,12H,1,-1.0,SL,-1.119266055045862,USDJPY,0.11926605504586187
13580,2022-06-01 00:59:00,-1,12696.819,12717.009,12477.639,20.19000000000051,10.85586924219885,1,4H,1,-1.0,SL,-1.0742942050520041,NAS100,0.07429420505200407
13583,2022-06-01 03:59:00,1,12680.699,12659.569,12821.769,21.13000000000102,6.676289635588874,1,12H,2,-1.0,SL,-1.070989115002363,NAS100,0.07098911500236288
13587,2022-06-01 07:59:00,-1,12640.799,12681.987,12477.639,41.18799999999828,3.961347965427029,1,4H,1,-1.0,SL,-1.0364183742837736,NAS100,0.03641837428377349
13579,2022-06-01 07:59:00,-1,4141.539,4151.754,4104.636,10.215000000000146,3.612628487518239,1,4H,1,-1.0,SL,-1.0587371512481636,SPX500,0.05873715124816362
13589,2022-06-01 09:59:00,-1,12626.789,12653.689,12477.639,26.899999999999636,5.544609665427639,1,4H,1,-1.0,SL,-1.0557620817843874,NAS100,0.05576208178438737
15040,2022-06-01 22:59:00,-1,130.112,130.20499999999998,129.362,9.299999999998931,8.064516129033185,1,4H,2,-1.0,SL,-1.1397849462365752,USDJPY,0.1397849462365752
15041,2022-06-01 23:59:00,-1,130.124,130.248,129.362,12.399999999999523,6.145161290322821,1,4H,2,-1.0,SL,-1.1048387096774235,USDJPY,0.1048387096774234
15050,2022-06-02 08:59:00,-1,129.891,129.975,129.362,8.400000000000318,6.297619047618766,1,4H,2,-1.0,SL,-1.1547619047618989,USDJPY,0.1547619047618989
15054,2022-06-02 14:59:00,-1,1.2544,1.2563199999999999,1.24796,19.199999999999218,3.354166666666804,1,4H,1,-1.0,SL,-1.078125000000003,GBPUSD,0.07812500000000318
15056,2022-06-02 14:59:00,-1,129.842,130.04899999999998,129.204,20.69999999999652,3.0821256038652773,1,12H,1,-1.0,SL,-1.0628019323671603,USDJPY,0.06280193236716032
15059,2022-06-02 17:59:00,-1,129.827,129.892,129.51,6.499999999999773,4.87692307692336,2,4H,2,-1.0,SL,-1.200000000000007,USDJPY,0.200000000000007
15067,2022-06-03 01:59:00,1,129.753,129.672,130.238,8.099999999998886,5.987654320988646,1,12H,2,5.987654320988646,TP,5.8271604938281305,USDJPY,0.1604938271605159
15082,2022-06-03 16:59:00,-1,130.809,130.98999999999998,128.644,18.099999999998317,11.961325966851897,1,1D,1,-1.0,SL,-1.071823204419896,USDJPY,0.07182320441989617
15082,2022-06-03 17:59:00,-1,1.07187,1.07303,1.06825,11.599999999998278,3.120689655173031,1,12H,3,-1.0,SL,-1.1034482758620843,EURUSD,0.10344827586208431
15084,2022-06-03 18:59:00,-1,130.835,130.928,128.644,9.299999999998931,23.55913978494897,1,1D,1,-1.0,SL,-1.1397849462365752,USDJPY,0.1397849462365752
15094,2022-06-06 05:59:00,-1,1.07268,1.07371,1.06825,10.299999999998644,4.300970873787126,2,12H,3,-1.0,SL,-1.1165048543689473,EURUSD,0.11650485436894738
15101,2022-06-06 11:59:00,1,130.648,130.603,130.996,4.4999999999987494,7.733333333335776,1,4H,2,7.733333333335776,TP,7.444444444446806,USDJPY,0.2888888888889692
13650,2022-06-06 12:59:00,-1,4153.539,4160.849,4073.031,7.3100000000004,11.013406292749028,2,1D,1,-1.0,SL,-1.0820793433652485,SPX500,0.08207934336524858
15109,2022-06-06 19:59:00,-1,131.845,132.01999999999998,130.05,17.499999999998295,10.257142857143785,1,12H,1,-1.0,SL,-1.0742857142857216,USDJPY,0.07428571428572153
15109,2022-06-06 21:59:00,1,1.25308,1.25234,1.25895,7.399999999999629,7.932432432432886,1,1D,1,-1.0,SL,-1.2027027027027128,GBPUSD,0.20270270270271287
13663,2022-06-07 03:59:00,-1,4102.533,4106.899,4073.031,4.3659999999999854,6.75721484196072,1,1D,1,-1.0,SL,-1.137425561154375,SPX500,0.13742556115437515
15118,2022-06-07 06:59:00,1,1.24668,1.24289,1.25895,37.8999999999996,3.237467018469692,1,1D,1,3.237467018469692,TP,3.1978891820580824,GBPUSD,0.03957783641160992
13666,2022-06-07 06:59:00,-1,4096.336,4102.599,4073.031,6.26299999999992,3.7210601947949207,1,1D,1,-1.0,SL,-1.0958007344722989,SPX500,0.09580073447229884
15129,2022-06-07 16:59:00,-1,1.0701,1.07092,1.06447,8.20000000000043,6.865853658536255,1,1D,2,-1.0,SL,-1.1463414634146265,EURUSD,0.14634146341462648
13697,2022-06-08 15:59:00,-1,4150.833,4160.554,4073.031,9.721000000000458,8.003497582552825,1,1D,1,8.003497582552825,TP,7.941775537495735,SPX500,0.06172204505708998
15157,2022-06-08 20:59:00,1,1.07157,1.0711600000000001,1.07518,4.099999999997994,8.80487804878507,1,1D,2,-1.0,SL,-1.2926829268294115,EURUSD,0.2926829268294115
13703,2022-06-08 23:59:00,-1,4118.848,4121.354,4073.031,2.506000000000313,18.28292098962262,1,1D,1,-1.0,SL,-1.2394253790901537,SPX500,0.23942537909015366
13711,2022-06-08 23:59:00,-1,12619.249,12628.589,12409.239,9.340000000000146,22.485010706637787,1,1D,1,-1.0,SL,-1.1605995717344728,NAS100,0.16059957173447287
13721,2022-06-09 09:59:00,-1,12656.589,12680.297,12409.239,23.70800000000054,10.43318710983612,1,1D,1,-1.0,SL,-1.0632697823519472,NAS100,0.06326978235194727
13713,2022-06-09 09:59:00,-1,4127.045,4132.899,4073.031,5.854000000000269,9.226853433549307,1,1D,1,-1.0,SL,-1.102494021182093,SPX500,0.102494021182093
13719,2022-06-09 15:59:00,1,4096.554,4082.133,4160.345,14.421000000000276,4.423479647735867,1,12H,1,-1.0,SL,-1.0416059912627411,SPX500,0.04160599126274103
15181,2022-06-09 20:59:00,1,1.06146,1.061,1.07484,4.60000000000127,29.086956521730986,2,12H,2,-1.0,SL,-1.2608695652173192,EURUSD,0.2608695652173193
15195,2022-06-10 09:59:00,-1,133.829,134.01399999999998,133.182,18.499999999997385,3.4972972972978984,1,12H,2,-1.0,SL,-1.0702702702702802,USDJPY,0.07027027027028021
15211,2022-06-13 01:59:00,-1,134.888,135.00799999999998,133.362,11.999999999997613,12.716666666669283,1,12H,1,-1.0,SL,-1.108333333333355,USDJPY,0.10833333333335489
15261,2022-06-15 05:59:00,1,1.20019,1.1988,1.20577,13.900000000000023,4.014388489208567,1,4H,1,4.014388489208567,TP,3.9064748201438193,GBPUSD,0.10791366906474802
15270,2022-06-15 13:59:00,1,1.0426,1.04019,1.05201,24.100000000000232,3.9045643153526255,1,1D,2,-1.0,SL,-1.0497925311203316,EURUSD,0.04979253112033147
15272,2022-06-15 16:59:00,-1,1.20638,1.20747,1.20012,10.900000000000354,5.743119266054797,1,4H,1,-1.0,SL,-1.1376146788990782,GBPUSD,0.1376146788990781
15278,2022-06-15 21:59:00,1,1.0446,1.04363,1.05077,9.699999999999154,6.360824742268605,2,12H,2,-1.0,SL,-1.1237113402061965,EURUSD,0.12371134020619635
13863,2022-06-20 05:59:00,1,3683.751,3673.645,3829.154,10.106000000000222,14.387789432020245,1,1D,1,6.288145656045753,tiempo,6.228774985157173,SPX500,0.05937067088857974
15342,2022-06-20 12:59:00,-1,134.937,134.994,134.262,5.699999999998795,11.842105263160597,1,12H,1,-1.0,SL,-1.2280701754386447,USDJPY,0.22807017543864472
13871,2022-06-20 13:59:00,1,3701.848,3692.739,3829.154,9.108999999999924,13.975848062356034,1,1D,1,-1.0,SL,-1.065868920847514,SPX500,0.065868920847514
15350,2022-06-20 21:59:00,1,1.05114,1.05055,1.05416,5.899999999998684,5.11864406779779,1,4H,1,5.11864406779779,TP,4.91525423728927,EURUSD,0.20338983050851994
13875,2022-06-20 22:59:00,1,3712.651,3707.433,3829.154,5.217999999999847,22.327136834036715,1,1D,1,-1.0,SL,-1.114986584898432,SPX500,0.11498658489843187
13887,2022-06-21 10:59:00,1,3738.699,3733.936,3829.154,4.76299999999992,18.99118202813383,1,1D,1,-1.0,SL,-1.1259710266638694,SPX500,0.12597102666386942
13893,2022-06-21 16:59:00,1,3770.599,3752.848,3829.154,17.751000000000204,3.2986873978930293,1,1D,1,-1.0,SL,-1.0338009126246406,SPX500,0.033800912624640474
13905,2022-06-22 06:59:00,1,3718.936,3711.633,3829.154,7.303000000000338,15.092153909351602,1,1D,1,-1.0,SL,-1.0821580172531797,SPX500,0.08215801725317981
15386,2022-06-22 08:59:00,1,136.252,136.104,136.708,14.799999999999613,3.0810810810810865,1,4H,1,-1.0,SL,-1.0878378378378402,USDJPY,0.08783783783784013
13907,2022-06-22 08:59:00,1,3700.339,3688.733,3829.154,11.605999999999767,11.099000516974206,1,1D,1,11.099000516974206,TP,11.047303119076565,SPX500,0.05169739789764019
15395,2022-06-22 17:59:00,-1,136.156,136.29899999999998,135.327,14.299999999997226,5.797202797203976,1,12H,1,-1.0,SL,-1.0909090909091086,USDJPY,0.09090909090910855
15398,2022-06-22 22:59:00,-1,1.22618,1.22679,1.21606,6.099999999999994,16.590163934426457,1,12H,2,-1.0,SL,-1.2459016393442626,GBPUSD,0.2459016393442625
15400,2022-06-23 00:59:00,1,1.22597,1.22408,1.23242,18.899999999999473,3.412698412698543,1,1D,3,-1.0,SL,-1.0793650793650815,GBPUSD,0.07936507936508158
13923,2022-06-23 02:59:00,1,3748.439,3736.436,3829.154,12.002999999999702,6.724568857785733,1,1D,1,-1.0,SL,-1.0499875031242203,SPX500,0.049987503124220185
13932,2022-06-23 03:59:00,-1,11489.509,11516.299,11281.819,26.790000000000873,7.752519596864268,1,12H,1,-1.0,SL,-1.0559910414333689,NAS100,0.05599104143336884
13924,2022-06-23 03:59:00,-1,3748.251,3755.949,3689.733,7.697999999999865,7.601714731099124,1,12H,1,-1.0,SL,-1.0779423226812173,SPX500,0.07794232268121726
15404,2022-06-23 04:59:00,-1,1.2255,1.22639,1.21606,8.900000000000574,10.606741573033153,1,12H,2,-1.0,SL,-1.1685393258426857,GBPUSD,0.16853932584268574
13927,2022-06-23 06:59:00,1,3755.199,3749.936,3829.154,5.26299999999992,14.051871556146883,1,1D,1,-1.0,SL,-1.1140034201026048,SPX500,0.11400342010260481
13929,2022-06-23 08:59:00,-1,3753.448,3766.799,3689.733,13.351000000000113,4.772301700247109,1,12H,1,-1.0,SL,-1.044940453898584,SPX500,0.044940453898584
13938,2022-06-23 17:59:00,1,3762.345,3741.839,3829.154,20.505999999999858,3.2580220423291064,1,1D,1,3.2580220423291064,TP,3.2287623134692605,SPX500,0.0292597288598461
15423,2022-06-23 23:59:00,-1,1.22593,1.22716,1.21953,12.300000000000644,5.203252032520021,2,4H,1,-1.0,SL,-1.1219512195121888,GBPUSD,0.12195121951218874
15429,2022-06-24 05:59:00,-1,1.22753,1.22851,1.21953,9.799999999999809,8.163265306122616,2,4H,1,-1.0,SL,-1.1530612244897989,GBPUSD,0.1530612244897989
15454,2022-06-27 05:59:00,-1,1.05589,1.05716,1.0512,12.700000000001044,3.6929133858265333,1,12H,1,-1.0,SL,-1.0944881889763702,EURUSD,0.09448818897637018
15457,2022-06-27 08:59:00,-1,1.05838,1.05921,1.0512,8.299999999998864,8.650602409639962,1,12H,1,-1.0,SL,-1.1445783132530318,EURUSD,0.14457831325303183
13973,2022-06-27 08:59:00,-1,3932.254,3945.399,3892.336,13.144999999999982,3.03674400912896,1,4H,1,3.03674400912896,TP,2.9910992772917595,SPX500,0.04564473183720052
13991,2022-06-28 04:59:00,-1,3895.699,3900.954,3778.733,5.255000000000109,22.258039961940526,1,1D,2,-1.0,SL,-1.1141769743101784,SPX500,0.11417697431017841
13994,2022-06-28 07:59:00,-1,3913.054,3934.342,3778.733,21.28800000000001,6.309704998121,1,1D,2,-1.0,SL,-1.0281848928974069,SPX500,0.028184892897406975
13996,2022-06-28 09:59:00,-1,3917.339,3928.197,3778.733,10.858000000000175,12.76533431571169,1,1D,2,-1.0,SL,-1.0552587953582604,SPX500,0.055258795358260296
14004,2022-06-28 09:59:00,-1,12052.149,12092.497,11648.309,40.347999999999956,10.008922375334604,1,1D,1,-1.0,SL,-1.0371765638941213,NAS100,0.03717656389412119
14005,2022-06-28 10:59:00,1,12069.709,12041.559,12187.899,28.150000000001455,4.198579040852312,1,12H,1,-1.0,SL,-1.0532859680284163,NAS100,0.053285968028416425
14006,2022-06-28 11:59:00,-1,12064.919,12088.089,11648.309,23.170000000000073,17.980578334052623,1,1D,1,-1.0,SL,-1.0647388864911522,NAS100,0.06473888649115214
14011,2022-06-28 16:59:00,1,11782.549,11724.059,12187.899,58.4900000000016,6.930244486236749,1,12H,1,-1.0,SL,-1.0256454094717038,NAS100,0.025645409471703864
14013,2022-06-29 04:59:00,-1,3827.651,3831.499,3778.733,3.8479999999999563,12.71257796257802,1,1D,2,-1.0,SL,-1.1559251559251578,SPX500,0.15592515592515768
14016,2022-06-29 07:59:00,1,3818.642,3808.642,3851.652,10.0,3.301000000000022,1,4H,1,-1.0,SL,-1.06,SPX500,0.06
14024,2022-06-29 07:59:00,1,11629.989,11590.619,11750.269,39.36999999999898,3.0551181102363163,1,4H,1,-1.0,SL,-1.0381000762001533,NAS100,0.038100076200153384
14023,2022-06-29 14:59:00,-1,3822.236,3836.599,3778.733,14.363000000000284,3.028824061825443,1,1D,2,3.028824061825443,TP,2.987050059179757,SPX500,0.04177400264568601
14033,2022-06-30 02:59:00,-1,3810.333,3813.454,3797.033,3.1210000000000946,4.261454661967247,2,4H,2,4.261454661967247,TP,4.069208586991284,SPX500,0.1922460749759634
15551,2022-07-01 06:59:00,1,1.04612,1.04397,1.05354,21.499999999998742,3.451162790697868,1,1D,1,-1.0,SL,-1.0558139534883753,EURUSD,0.055813953488375354
15557,2022-07-01 13:59:00,1,1.2007,1.1994,1.22127,13.000000000000789,15.823076923075945,1,1D,1,-1.0,SL,-1.1153846153846083,GBPUSD,0.11538461538460838
15564,2022-07-01 19:59:00,1,135.29,135.16,135.709,12.999999999999545,3.2230769230771217,1,4H,2,-1.0,SL,-1.1000000000000034,USDJPY,0.1000000000000035
14084,2022-07-04 01:59:00,1,11505.399,11470.339,11660.899,35.05999999999949,4.435253850541993,1,12H,3,4.435253850541993,TP,4.392470051340623,NAS100,0.0427837992013697
15570,2022-07-04 01:59:00,1,1.04332,1.0425200000000001,1.0474,7.999999999999119,5.100000000000666,1,4H,1,-1.0,SL,-1.1500000000000166,EURUSD,0.1500000000000165
15584,2022-07-04 15:59:00,1,1.04272,1.0416,1.0474,11.200000000000099,4.1785714285714075,1,4H,1,-1.0,SL,-1.107142857142856,EURUSD,0.1071428571428562
15584,2022-07-04 16:59:00,1,1.21107,1.20948,1.21751,15.899999999999803,4.050314465408856,1,12H,1,-1.0,SL,-1.0943396226415105,GBPUSD,0.0943396226415106
14126,2022-07-06 10:59:00,-1,3826.248,3835.299,3784.899,9.05099999999993,4.568445475638104,1,4H,3,-1.0,SL,-1.06629101756712,SPX500,0.06629101756712016
15643,2022-07-07 03:59:00,-1,1.19469,1.19542,1.18854,7.299999999998974,8.424657534247896,1,4H,1,-1.0,SL,-1.2054794520548233,GBPUSD,0.2054794520548234
14158,2022-07-07 12:59:00,-1,11897.689,11918.999,11829.629,21.30999999999949,3.193805725011784,1,4H,1,-1.0,SL,-1.0703894885030518,NAS100,0.07038948850305189
15663,2022-07-07 22:59:00,-1,135.997,136.07,135.672,7.299999999997908,4.452054794522057,1,4H,2,-1.0,SL,-1.178082191780873,USDJPY,0.17808219178087295
14169,2022-07-08 01:59:00,-1,12081.069,12099.999,11959.719,18.93000000000029,6.410459587955547,1,4H,2,6.410459587955547,TP,6.331220285261412,NAS100,0.07923930269413507
15686,2022-07-10 21:59:00,1,1.01795,1.01687,1.02209,10.799999999999699,3.8333333333334703,1,1D,1,-1.0,SL,-1.1111111111111143,EURUSD,0.1111111111111142
15699,2022-07-11 10:59:00,1,1.01128,1.00947,1.02209,18.099999999998673,5.972375690608165,1,1D,1,-1.0,SL,-1.0662983425414414,EURUSD,0.06629834254144132
15706,2022-07-11 17:59:00,1,1.00705,1.00591,1.02209,11.399999999999189,13.19298245614124,1,1D,1,-1.0,SL,-1.1052631578947443,EURUSD,0.10526315789474433
15709,2022-07-11 21:59:00,1,1.18907,1.18811,1.19715,9.600000000000719,8.416666666665895,1,4H,2,-1.0,SL,-1.1562499999999882,GBPUSD,0.1562499999999883
15734,2022-07-12 21:59:00,1,136.819,136.769,136.983,4.999999999998295,3.2800000000014324,1,4H,1,-1.0,SL,-1.2600000000000886,USDJPY,0.26000000000008866
15740,2022-07-13 03:59:00,-1,1.00363,1.00479,0.99999,11.600000000000499,3.1379310344826035,1,12H,1,-1.0,SL,-1.1034482758620645,EURUSD,0.10344827586206451
15739,2022-07-13 03:59:00,-1,1.19055,1.192,1.18072,14.499999999999513,6.779310344827818,1,12H,3,-1.0,SL,-1.1034482758620725,GBPUSD,0.10344827586207243
15756,2022-07-13 19:59:00,-1,137.305,137.375,136.979,6.999999999999318,4.657142857143217,1,4H,1,-1.0,SL,-1.1857142857143037,USDJPY,0.18571428571430382
15762,2022-07-14 01:59:00,-1,137.897,138.01899999999998,136.47,12.199999999998568,11.696721311476722,1,1D,1,-1.0,SL,-1.1065573770491928,USDJPY,0.10655737704919284
15763,2022-07-14 03:59:00,-1,1.18714,1.18848,1.18072,13.399999999998968,4.791044776119841,1,12H,3,4.791044776119841,TP,4.67910447761237,GBPUSD,0.11194029850747131
15769,2022-07-14 08:59:00,-1,139.072,139.397,136.47,32.49999999999886,8.006153846154138,1,1D,1,3.070769230769309,tiempo,3.0307692307693075,USDJPY,0.0400000000000014
15796,2022-07-15 11:59:00,-1,1.0054,1.00669,0.99521,12.900000000000134,7.899224806201493,1,12H,1,-1.0,SL,-1.0930232558139525,EURUSD,0.09302325581395252
15816,2022-07-18 08:59:00,-1,1.19457,1.19664,1.18624,20.700000000000163,4.024154589371924,1,4H,1,-1.0,SL,-1.0724637681159415,GBPUSD,0.07246376811594146
15831,2022-07-18 22:59:00,-1,1.01416,1.01495,1.00812,7.900000000000684,7.64556962025256,2,4H,3,-1.0,SL,-1.151898734177202,EURUSD,0.15189873417720204
14322,2022-07-19 00:59:00,-1,11896.609,11915.359,11710.509,18.75,9.925333333333352,1,1D,1,-1.0,SL,-1.08,NAS100,0.08
14323,2022-07-19 01:59:00,-1,11901.029,11920.899,11710.509,19.86999999999898,9.58832410669402,1,1D,1,-1.0,SL,-1.0754906894816345,NAS100,0.07549068948163447
15836,2022-07-19 03:59:00,-1,1.01267,1.01391,1.00812,12.400000000001299,3.6693548387093364,2,4H,3,-1.0,SL,-1.096774193548377,EURUSD,0.09677419354837695
14320,2022-07-19 06:59:00,-1,3839.348,3844.899,3777.451,5.550999999999931,11.150603494865917,1,1D,1,-1.0,SL,-1.108088632678798,SPX500,0.10808863267879795
14328,2022-07-19 06:59:00,-1,11900.899,11917.499,11710.509,16.600000000000364,11.469277108433449,1,1D,1,-1.0,SL,-1.0903614457831305,NAS100,0.09036144578313055
15846,2022-07-19 13:59:00,-1,1.02413,1.02575,1.01456,16.199999999999548,5.907407407407621,1,4H,2,-1.0,SL,-1.0740740740740762,EURUSD,0.07407407407407614
14340,2022-07-19 18:59:00,-1,12222.599,12249.899,11710.509,27.299999999999272,18.75787545787596,1,1D,1,-1.0,SL,-1.0549450549450563,NAS100,0.05494505494505641
15854,2022-07-19 21:59:00,1,138.175,138.136,138.568,3.900000000001569,10.07692307691904,1,1D,1,-1.0,SL,-1.3333333333331994,USDJPY,0.33333333333319926
15860,2022-07-20 03:59:00,1,138.092,138.02800000000002,138.568,6.399999999999295,7.437500000000805,1,1D,1,-1.0,SL,-1.2031250000000224,USDJPY,0.20312500000002237
15859,2022-07-20 03:59:00,-1,1.20253,1.20324,1.19246,7.099999999999884,14.18309859154956,1,12H,2,-1.0,SL,-1.2112676056338063,GBPUSD,0.21126760563380625
14354,2022-07-20 18:59:00,-1,3956.633,3961.199,3918.645,4.566000000000258,8.319754708716093,1,4H,1,-1.0,SL,-1.1314060446780478,SPX500,0.13140604467804776
15875,2022-07-20 18:59:00,-1,138.254,138.29899999999998,137.38,4.4999999999987494,19.422222222227514,1,12H,2,-1.0,SL,-1.2888888888889691,USDJPY,0.2888888888889692
15876,2022-07-20 20:59:00,-1,1.1971,1.1981,1.19246,9.999999999998899,4.640000000000488,1,12H,2,-1.0,SL,-1.1500000000000166,GBPUSD,0.1500000000000165
15878,2022-07-20 22:59:00,-1,1.19773,1.19829,1.19246,5.60000000000116,9.410714285712134,1,12H,2,-1.0,SL,-1.2678571428570873,GBPUSD,0.2678571428570874
15879,2022-07-20 22:59:00,-1,138.261,138.309,138.022,4.800000000000182,4.979166666666568,2,4H,2,-1.0,SL,-1.270833333333323,USDJPY,0.2708333333333231
15884,2022-07-21 03:59:00,-1,1.02088,1.02144,1.01195,5.599999999998939,15.94642857143178,2,1D,3,-1.0,SL,-1.2142857142857548,EURUSD,0.21428571428575488
15885,2022-07-21 05:59:00,-1,1.19926,1.20035,1.19246,10.900000000000354,6.238532110091465,1,12H,2,-1.0,SL,-1.1376146788990782,GBPUSD,0.1376146788990781
15886,2022-07-21 05:59:00,-1,1.02228,1.02294,1.01195,6.599999999998829,15.65151515151819,2,1D,3,-1.0,SL,-1.181818181818214,EURUSD,0.18181818181821408
15891,2022-07-21 10:59:00,-1,1.01886,1.01999,1.01195,11.299999999998533,6.115044247788576,2,1D,3,-1.0,SL,-1.1061946902655004,EURUSD,0.1061946902655005
14397,2022-07-22 09:59:00,-1,12539.289,12561.409,12345.539,22.11999999999898,8.759041591320475,1,4H,2,-1.0,SL,-1.0678119349005457,NAS100,0.06781193490054561
14400,2022-07-22 12:59:00,-1,12567.799,12588.809,12345.539,21.0099999999984,10.578772013327804,1,4H,2,-1.0,SL,-1.0713945740123805,NAS100,0.0713945740123805
15919,2022-07-22 14:59:00,1,136.077,135.555,138.843,52.199999999999136,5.298850574712715,1,12H,1,1.6609195402298937,tiempo,1.6360153256705063,USDJPY,0.024904214559387385
15919,2022-07-22 14:59:00,-1,1.02305,1.02563,1.01195,25.800000000000267,4.302325581395347,2,1D,3,-1.0,SL,-1.0465116279069762,EURUSD,0.04651162790697626
15922,2022-07-22 17:59:00,1,136.053,135.87300000000002,137.532,17.99999999999784,8.216666666667727,2,4H,2,4.616666666667159,tiempo,4.544444444444928,USDJPY,0.07222222222223089
15925,2022-07-22 20:59:00,-1,1.02119,1.02171,1.01431,5.199999999998539,13.230769230772943,2,4H,2,-1.0,SL,-1.2307692307692957,EURUSD,0.2307692307692956
15924,2022-07-22 20:59:00,-1,1.19972,1.20103,1.19264,13.100000000001444,5.404580152671141,1,4H,1,-1.0,SL,-1.1145038167938806,GBPUSD,0.11450381679388051
15926,2022-07-24 22:59:00,-1,1.19997,1.2011,1.19264,11.300000000000754,6.486725663716434,1,4H,1,-1.0,SL,-1.1327433628318495,GBPUSD,0.13274336283184954
15927,2022-07-24 22:59:00,-1,1.0212,1.02195,1.01431,7.499999999998064,9.186666666669122,2,4H,2,-1.0,SL,-1.1600000000000412,EURUSD,0.1600000000000413
15931,2022-07-25 02:59:00,1,136.159,135.877,137.532,28.199999999998226,4.868794326241508,1,4H,2,3.783687943262675,tiempo,3.7375886524825304,USDJPY,0.04609929078014474
15933,2022-07-25 04:59:00,1,136.212,136.068,137.532,14.399999999997704,9.166666666668279,1,4H,2,7.611111111112351,tiempo,7.520833333334559,USDJPY,0.09027777777779218
14414,2022-07-25 04:59:00,-1,12388.389,12400.099,12316.869,11.710000000000946,6.107600341587775,1,4H,1,-1.0,SL,-1.1280956447480683,NAS100,0.12809564474806823
15933,2022-07-25 04:59:00,1,1.02072,1.02028,1.02781,4.3999999999999595,16.1136363636361,1,1D,1,-1.0,SL,-1.2727272727272751,EURUSD,0.2727272727272752
14406,2022-07-25 04:59:00,-1,3956.542,3960.299,3927.136,3.757000000000062,7.82698961937702,1,1D,1,-1.0,SL,-1.1597018898056934,SPX500,0.1597018898056934
15941,2022-07-25 12:59:00,-1,136.544,136.754,135.887,20.999999999997954,3.1285714285717843,1,4H,1,-1.0,SL,-1.061904761904768,USDJPY,0.06190476190476794
14425,2022-07-26 01:59:00,-1,3952.842,3957.897,3927.136,5.054999999999836,5.085262116716313,1,1D,1,-1.0,SL,-1.118694362017808,SPX500,0.11869436201780799
14436,2022-07-26 04:59:00,1,12282.319,12273.779,12380.789,8.539999999999054,11.530444964872608,1,4H,2,-1.0,SL,-1.175644028103064,NAS100,0.17564402810306395
14440,2022-07-26 08:59:00,1,12285.599,12271.359,12380.789,14.239999999999782,6.684691011236093,1,4H,2,-1.0,SL,-1.105337078651687,NAS100,0.10533707865168701
15967,2022-07-26 15:59:00,-1,1.2035,1.2054799999999999,1.196,19.799999999998708,3.7878787878790665,1,12H,2,-1.0,SL,-1.0757575757575808,GBPUSD,0.0757575757575807
15969,2022-07-26 17:59:00,-1,1.20292,1.20366,1.196,7.399999999999629,9.35135135135187,1,12H,2,-1.0,SL,-1.2027027027027128,GBPUSD,0.20270270270271287
15970,2022-07-26 18:59:00,-1,1.20273,1.20429,1.196,15.600000000000058,4.314102564102628,1,12H,2,-1.0,SL,-1.0961538461538458,GBPUSD,0.0961538461538458
15972,2022-07-26 20:59:00,-1,1.20261,1.20347,1.196,8.60000000000083,7.686046511627171,1,12H,2,-1.0,SL,-1.174418604651146,GBPUSD,0.17441860465114598
15975,2022-07-26 23:59:00,-1,1.2035,1.20419,1.196,6.900000000000794,10.869565217390143,1,1D,1,-1.0,SL,-1.217391304347801,GBPUSD,0.21739130434780105
15978,2022-07-27 02:59:00,-1,1.20462,1.20543,1.196,8.099999999999774,10.641975308642362,1,1D,1,-1.0,SL,-1.1851851851851904,GBPUSD,0.18518518518519034
15987,2022-07-27 11:59:00,-1,1.20646,1.20763,1.196,11.699999999998933,8.940170940171871,1,1D,1,-1.0,SL,-1.12820512820514,GBPUSD,0.12820512820513988
15990,2022-07-27 13:59:00,-1,136.932,137.027,136.28,9.499999999999886,6.863157894736785,1,12H,2,-1.0,SL,-1.1368421052631597,USDJPY,0.13684210526315954
15998,2022-07-27 21:59:00,1,1.02002,1.01925,1.025,7.699999999999374,6.4675324675329735,1,1D,1,-1.0,SL,-1.1558441558441686,EURUSD,0.1558441558441685
16015,2022-07-28 15:59:00,-1,1.21263,1.2136,1.20203,9.699999999999154,10.927835051547515,1,12H,2,-1.0,SL,-1.1546391752577454,GBPUSD,0.15463917525774545
16017,2022-07-28 16:59:00,1,1.01578,1.01409,1.025,16.899999999999693,5.455621301775251,1,1D,1,5.455621301775251,TP,5.384615384615486,EURUSD,0.0710059171597646
16018,2022-07-28 17:59:00,-1,1.016,1.01673,1.00966,7.299999999998974,8.684931506850553,1,12H,1,-1.0,SL,-1.1643835616438587,EURUSD,0.16438356164385873
16023,2022-07-28 22:59:00,1,1.01949,1.01889,1.02343,5.999999999999339,6.566666666667481,1,12H,1,-1.0,SL,-1.200000000000022,EURUSD,0.20000000000002202
16026,2022-07-29 01:59:00,-1,1.01971,1.02049,1.00966,7.800000000000029,12.884615384615199,1,1D,1,-1.0,SL,-1.1538461538461533,EURUSD,0.15384615384615327
16028,2022-07-29 04:59:00,-1,1.21875,1.22044,1.20203,16.899999999999693,9.893491124260574,1,12H,2,-1.0,SL,-1.0887573964497057,GBPUSD,0.08875739644970576
16031,2022-07-29 07:59:00,-1,1.2214,1.22464,1.20203,32.399999999999096,5.9783950617285955,1,12H,2,-1.0,SL,-1.0462962962962976,GBPUSD,0.046296296296297584
16045,2022-07-31 21:59:00,1,1.21747,1.21606,1.22454,14.100000000001334,5.014184397162582,1,12H,1,-1.0,SL,-1.1063829787233943,GBPUSD,0.1063829787233942
16076,2022-08-02 03:59:00,-1,1.02736,1.02834,1.02053,9.799999999999809,6.969387755102293,1,12H,2,6.969387755102293,TP,6.846938775510454,EURUSD,0.12244897959183912
16082,2022-08-02 09:59:00,-1,1.02379,1.02463,1.02053,8.399999999999519,3.8809523809526514,1,12H,2,3.8809523809526514,TP,3.7380952380955,EURUSD,0.14285714285715104
14562,2022-08-03 06:59:00,-1,4100.651,4106.454,4078.145,5.802999999999884,3.8783387902809427,1,1D,1,-1.0,SL,-1.1033947957952803,SPX500,0.10339479579528038
16109,2022-08-03 12:59:00,1,1.01858,1.01787,1.02426,7.099999999999884,8.0,1,12H,3,-1.0,SL,-1.169014084507045,EURUSD,0.169014084507045
16110,2022-08-03 13:59:00,-1,133.566,133.713,130.637,14.699999999999136,19.925170068028397,1,12H,1,-1.0,SL,-1.088435374149665,USDJPY,0.08843537414966507
16111,2022-08-03 15:59:00,1,1.2131,1.20987,1.22407,32.30000000000066,3.396284829721269,1,12H,1,-1.0,SL,-1.0464396284829711,GBPUSD,0.04643962848297119
16112,2022-08-03 15:59:00,1,1.01444,1.01216,1.02426,22.800000000000598,4.3070175438595095,1,12H,3,4.3070175438595095,TP,4.254385964912142,EURUSD,0.05263157894736704
16115,2022-08-03 19:59:00,1,1.21456,1.21363,1.22053,9.300000000000974,6.4193548387087995,2,4H,1,-1.0,SL,-1.1612903225806281,GBPUSD,0.16129032258062825
16131,2022-08-04 10:59:00,1,1.01911,1.01841,1.02426,6.999999999999229,7.35714285714365,2,12H,3,-1.0,SL,-1.1714285714285904,EURUSD,0.1714285714285903
16146,2022-08-05 01:59:00,1,1.02329,1.02284,1.02939,4.500000000000615,13.555555555553692,1,1D,3,-1.0,SL,-1.2666666666666302,EURUSD,0.26666666666663025
16146,2022-08-05 02:59:00,-1,1.21385,1.2147,1.20951,8.499999999997954,5.105882352942418,1,4H,3,-1.0,SL,-1.1764705882353366,GBPUSD,0.1764705882353366
16151,2022-08-05 07:59:00,-1,1.21545,1.2169699999999999,1.20951,15.199999999999658,3.907894736842084,1,4H,3,3.907894736842084,TP,3.809210526315766,GBPUSD,0.09868421052631801
16155,2022-08-05 11:59:00,-1,1.21395,1.2147999999999999,1.20951,8.499999999997954,5.223529411765963,1,4H,3,-1.0,SL,-1.1764705882353366,GBPUSD,0.1764705882353366
16158,2022-08-05 13:59:00,1,1.01751,1.0140500000000001,1.02939,34.59999999999796,3.4335260115609283,1,1D,3,1.1213872832370906,tiempo,1.086705202312233,EURUSD,0.034682080924857535
16160,2022-08-05 15:59:00,1,1.01685,1.01501,1.02939,18.400000000000638,6.815217391304109,1,1D,3,2.423913043478127,tiempo,2.3586956521737816,EURUSD,0.06521739130434556
16167,2022-08-07 22:59:00,1,1.01728,1.01681,1.02537,4.699999999999704,17.212765957447743,1,1D,1,-1.0,SL,-1.2553191489361861,EURUSD,0.25531914893618624
14633,2022-08-08 03:59:00,-1,13192.739,13204.989,13125.739,12.25,5.469387755102041,1,4H,1,-1.0,SL,-1.1224489795918366,NAS100,0.12244897959183673
16186,2022-08-08 17:59:00,1,1.02019,1.01924,1.02537,9.500000000000064,5.452631578947292,1,1D,1,-1.0,SL,-1.1263157894736833,EURUSD,0.12631578947368335
14648,2022-08-09 04:59:00,-1,4149.648,4153.199,4101.554,3.550999999999476,13.543790481556504,1,1D,1,-1.0,SL,-1.168966488313176,SPX500,0.16896648831317615
16212,2022-08-09 19:59:00,1,1.02078,1.02014,1.02537,6.399999999999739,7.171875000000092,1,1D,1,7.171875000000092,TP,6.984375000000084,EURUSD,0.18750000000000763
16217,2022-08-10 00:59:00,1,1.02075,1.02017,1.02537,5.800000000000249,7.965517241378703,1,1D,1,7.965517241378703,TP,7.758620689654574,EURUSD,0.20689655172412902
14676,2022-08-10 02:59:00,1,12995.229,12981.329,13146.997,13.899999999999636,10.918561151079425,1,4H,3,-1.0,SL,-1.107913669064751,NAS100,0.10791366906475103
14680,2022-08-10 06:59:00,1,12978.449,12959.089,13146.997,19.360000000000582,8.70599173553687,1,4H,3,-1.0,SL,-1.0774793388429729,NAS100,0.07747933884297288
16245,2022-08-11 04:59:00,-1,1.02831,1.02942,1.02226,11.099999999999444,5.450450450450823,1,4H,1,-1.0,SL,-1.1081081081081134,EURUSD,0.10810810810811353
16251,2022-08-11 10:59:00,-1,1.03369,1.03438,1.02226,6.900000000000794,16.565217391302514,1,4H,1,-1.0,SL,-1.1739130434782408,EURUSD,0.17391304347824085
16263,2022-08-11 22:59:00,-1,1.03214,1.03284,1.02752,6.999999999999229,6.600000000000825,1,12H,1,6.600000000000825,TP,6.428571428572234,EURUSD,0.1714285714285903
14726,2022-08-12 08:59:00,-1,13362.349,13386.009,12958.429,23.659999999999854,17.071851225697486,1,1D,1,-1.0,SL,-1.0633981403212176,NAS100,0.06339814032121763
16277,2022-08-12 12:59:00,1,133.684,133.43300000000002,135.3,25.099999999997635,6.438247011952853,1,1D,1,-1.0,SL,-1.0517928286852638,USDJPY,0.051792828685263845
16281,2022-08-12 16:59:00,1,133.586,133.491,135.3,9.499999999999886,18.042105263158096,1,1D,1,-1.0,SL,-1.1368421052631597,USDJPY,0.13684210526315954
16336,2022-08-16 23:59:00,-1,1.01694,1.01757,1.01225,6.300000000001305,7.4444444444426825,1,4H,2,-1.0,SL,-1.190476190476151,EURUSD,0.19047619047615102
16337,2022-08-17 00:59:00,1,1.01704,1.0165,1.02682,5.399999999999849,18.111111111111843,1,1D,2,-1.0,SL,-1.2222222222222283,EURUSD,0.2222222222222284
16339,2022-08-17 03:59:00,1,1.21069,1.21001,1.2148,6.800000000000139,6.044117647058785,1,1D,1,-1.0,SL,-1.220588235294113,GBPUSD,0.22058823529411312
16340,2022-08-17 03:59:00,1,1.01733,1.01671,1.02682,6.200000000000649,15.30645161290162,1,1D,2,-1.0,SL,-1.1935483870967538,EURUSD,0.1935483870967539
16344,2022-08-17 07:59:00,1,1.01663,1.01482,1.02682,18.099999999998673,5.629834254144138,1,1D,2,-1.0,SL,-1.0662983425414414,EURUSD,0.06629834254144132
16347,2022-08-17 10:59:00,1,1.01743,1.01644,1.02682,9.900000000000464,9.48484848484805,1,1D,2,-1.0,SL,-1.1212121212121156,EURUSD,0.12121212121211553
16352,2022-08-17 16:59:00,1,1.20394,1.20267,1.2148,12.700000000001044,8.551181102361575,1,1D,1,-1.0,SL,-1.1181102362204627,GBPUSD,0.11811023622046274
16360,2022-08-17 23:59:00,1,1.01773,1.01714,1.02682,5.9000000000009045,15.406779661014658,1,1D,2,-1.0,SL,-1.2033898305084434,EURUSD,0.2033898305084434
16362,2022-08-18 02:59:00,1,1.20483,1.20386,1.20876,9.700000000001374,4.051546391751992,1,4H,1,-1.0,SL,-1.15463917525771,GBPUSD,0.15463917525771004
16368,2022-08-18 07:59:00,1,1.01611,1.01448,1.02682,16.300000000000203,6.57055214723918,1,1D,2,-1.0,SL,-1.0736196319018396,EURUSD,0.07361963190183957
16375,2022-08-18 14:59:00,1,1.01286,1.01106,1.02682,18.000000000000238,7.755555555555437,1,1D,2,-1.0,SL,-1.0666666666666658,EURUSD,0.06666666666666578
16405,2022-08-21 21:59:00,1,1.18271,1.18159,1.18706,11.200000000000099,3.883928571428605,1,4H,4,-1.0,SL,-1.1339285714285703,GBPUSD,0.13392857142857026
16406,2022-08-21 22:59:00,1,1.18213,1.18147,1.18706,6.599999999998829,7.469696969698448,1,4H,4,-1.0,SL,-1.2272727272727675,GBPUSD,0.2272727272727676
16420,2022-08-22 11:59:00,-1,136.978,137.107,136.565,12.899999999999068,3.2015503875972153,1,12H,1,-1.0,SL,-1.100775193798457,USDJPY,0.1007751937984569
16423,2022-08-22 14:59:00,-1,137.183,137.385,136.565,20.199999999999818,3.059405940594062,1,12H,1,-1.0,SL,-1.0643564356435649,USDJPY,0.06435643564356494
16429,2022-08-22 20:59:00,-1,137.478,137.534,136.565,5.599999999998317,16.30357142857652,1,12H,1,-1.0,SL,-1.232142857142927,USDJPY,0.2321428571429269
14875,2022-08-23 11:59:00,1,4145.636,4136.936,4185.697,8.700000000000728,4.604712643677741,1,12H,1,-1.0,SL,-1.0689655172413735,SPX500,0.06896551724137354
16444,2022-08-23 11:59:00,1,137.368,137.25900000000001,137.705,10.899999999998045,3.0917431192667704,1,4H,2,-1.0,SL,-1.119266055045893,USDJPY,0.11926605504589297
16444,2022-08-23 12:59:00,1,1.17642,1.1748,1.18267,16.199999999999548,3.858024691358187,1,12H,1,3.858024691358187,TP,3.765432098765592,GBPUSD,0.09259259259259517
14887,2022-08-23 15:59:00,1,12903.239,12856.059,13074.077,47.18000000000029,3.620983467570977,1,12H,4,-1.0,SL,-1.0317931326833403,NAS100,0.031793132683340206
14879,2022-08-23 15:59:00,1,4135.099,4124.039,4185.697,11.0600000000004,4.574864376130029,1,12H,1,-1.0,SL,-1.0542495479204321,SPX500,0.05424954792043203
16453,2022-08-23 21:59:00,1,1.18295,1.1824000000000001,1.18774,5.499999999998284,8.709090909093756,1,4H,1,-1.0,SL,-1.2727272727273578,GBPUSD,0.2727272727273578
14893,2022-08-23 23:59:00,-1,12877.579,12892.299,12804.989,14.720000000001164,4.931385869564838,1,4H,2,-1.0,SL,-1.1019021739130355,NAS100,0.10190217391303542
16460,2022-08-24 03:59:00,1,0.99474,0.9943,1.00466,4.3999999999999595,22.545454545455097,1,1D,2,-1.0,SL,-1.2727272727272751,EURUSD,0.2727272727272752
16463,2022-08-24 06:59:00,1,0.99491,0.99337,1.00466,15.399999999999858,6.331168831168985,1,1D,2,-1.0,SL,-1.0779220779220786,EURUSD,0.07792207792207864
16478,2022-08-24 21:59:00,1,0.99676,0.99616,1.00466,5.999999999999339,13.166666666668332,1,1D,2,-1.0,SL,-1.200000000000022,EURUSD,0.20000000000002202
16480,2022-08-24 23:59:00,-1,137.094,137.153,136.391,5.89999999999975,11.915254237288691,1,4H,3,-1.0,SL,-1.2203389830508569,USDJPY,0.2203389830508568
16484,2022-08-25 03:59:00,-1,136.815,136.86599999999999,136.391,5.099999999998772,8.313725490198209,1,4H,3,8.313725490198209,TP,8.058823529413834,USDJPY,0.2549019607843751
16497,2022-08-25 16:59:00,1,0.99605,0.9948,1.00466,12.499999999999734,6.888000000000241,1,1D,2,-1.0,SL,-1.096000000000002,EURUSD,0.09600000000000204
16524,2022-08-26 19:59:00,1,0.99652,0.99553,1.00334,9.899999999999354,6.888888888889275,2,12H,2,-1.0,SL,-1.121212121212129,EURUSD,0.12121212121212913
16545,2022-08-29 17:59:00,-1,1.17172,1.17299,1.16768,12.699999999998823,3.1811023622050536,1,4H,3,-1.0,SL,-1.1181102362204833,GBPUSD,0.11811023622048339
16549,2022-08-29 21:59:00,-1,1.17049,1.17096,1.16768,4.699999999999704,5.978723404255651,2,4H,3,-1.0,SL,-1.3191489361702329,GBPUSD,0.3191489361702328
16552,2022-08-30 00:59:00,-1,1.1716,1.1726,1.16768,10.000000000001119,3.919999999999485,2,4H,3,-1.0,SL,-1.1499999999999833,GBPUSD,0.1499999999999832
16555,2022-08-30 02:59:00,1,0.99905,0.99808,1.00898,9.700000000000264,10.23711340206157,1,12H,1,-1.0,SL,-1.1237113402061822,EURUSD,0.1237113402061822
16574,2022-08-30 21:59:00,1,1.00161,1.0011,1.00898,5.099999999997884,14.450980392163052,1,12H,1,-1.0,SL,-1.2352941176471564,EURUSD,0.23529411764715644
16579,2022-08-31 02:59:00,1,1.00253,1.00154,1.00898,9.899999999998244,6.515151515152739,1,12H,1,-1.0,SL,-1.1212121212121426,EURUSD,0.12121212121214271
16599,2022-08-31 22:59:00,1,1.00508,1.00471,1.00898,3.6999999999998145,10.540540540541109,1,12H,1,-1.0,SL,-1.3243243243243406,EURUSD,0.32432432432434055
16649,2022-09-05 02:59:00,-1,140.292,140.368,139.015,7.599999999999341,16.802631578949025,1,1D,1,-1.0,SL,-1.1710526315789622,USDJPY,0.17105263157896222
16652,2022-09-05 05:59:00,-1,140.346,140.492,139.015,14.599999999998658,9.11643835616534,1,1D,1,-1.0,SL,-1.089041095890419,USDJPY,0.08904109589041914
16691,2022-09-06 19:59:00,1,1.15161,1.15116,1.15884,4.500000000000615,16.066666666664627,1,1D,1,-1.0,SL,-1.3333333333332877,GBPUSD,0.3333333333332878
16696,2022-09-06 23:59:00,1,0.9897,0.9889,0.99568,8.00000000000023,7.474999999999768,1,4H,3,-1.0,SL,-1.1499999999999957,EURUSD,0.1499999999999957
16700,2022-09-07 03:59:00,1,0.98863,0.98758,0.99568,10.499999999999954,6.714285714285745,1,4H,3,-1.0,SL,-1.1142857142857148,EURUSD,0.11428571428571478
15123,2022-09-07 12:59:00,1,12005.707,11969.689,12228.297,36.01800000000003,6.17996557276917,1,12H,1,6.17996557276917,TP,6.138319729024376,NAS100,0.041645843744794235
16741,2022-09-08 20:59:00,-1,0.99959,1.00007,0.98756,4.8000000000003595,25.062499999998092,1,12H,2,-1.0,SL,-1.2499999999999813,EURUSD,0.24999999999998126
16745,2022-09-09 02:59:00,1,143.707,143.5,144.989,20.699999999999363,6.193236714976088,1,12H,2,-1.0,SL,-1.0628019323671516,USDJPY,0.06280193236715169
16752,2022-09-09 08:59:00,-1,1.16291,1.16487,1.14047,19.599999999999618,11.448979591836967,1,12H,2,-1.0,SL,-1.0765306122448994,GBPUSD,0.07653061224489945
16776,2022-09-12 09:59:00,1,142.724,142.514,144.122,20.999999999997954,6.657142857143623,1,12H,1,-1.0,SL,-1.061904761904768,USDJPY,0.06190476190476794
16782,2022-09-12 15:59:00,1,142.442,142.291,144.122,15.100000000001046,11.125827814568812,1,12H,1,-1.0,SL,-1.086092715231782,USDJPY,0.08609271523178212
15194,2022-09-13 03:59:00,-1,4113.351,4118.399,4096.142,5.048000000000684,3.4090729001579834,1,4H,1,-1.0,SL,-1.1188589540411884,SPX500,0.11885895404118833
15202,2022-09-13 03:59:00,-1,12750.599,12762.097,12678.679,11.497999999999593,6.2550008697167,1,4H,1,-1.0,SL,-1.1304574708645028,NAS100,0.1304574708645028
16829,2022-09-14 12:59:00,1,0.99975,0.99791,1.0187,18.400000000000638,10.298913043477855,1,12H,1,-1.0,SL,-1.0652173913043455,EURUSD,0.06521739130434556
16831,2022-09-14 14:59:00,1,0.9997,0.99695,1.0187,27.500000000000302,6.909090909090799,1,12H,1,-1.0,SL,-1.0436363636363633,EURUSD,0.043636363636363154
16832,2022-09-14 16:59:00,1,1.15648,1.1557600000000001,1.17379,7.199999999998319,24.041666666672192,1,12H,1,-1.0,SL,-1.2083333333333819,GBPUSD,0.20833333333338197
16835,2022-09-14 19:59:00,1,1.15399,1.15248,1.17379,15.100000000001224,13.112582781455771,1,12H,1,-1.0,SL,-1.0993377483443627,GBPUSD,0.0993377483443628
16836,2022-09-14 19:59:00,1,0.99795,0.9967900000000001,1.0187,11.599999999999389,17.887931034483646,1,12H,1,-1.0,SL,-1.1034482758620745,EURUSD,0.10344827586207442
16842,2022-09-15 01:59:00,1,0.99812,0.99693,1.0187,11.900000000000244,17.29411764705841,1,1D,4,-1.0,SL,-1.1008403361344516,EURUSD,0.10084033613445172
16843,2022-09-15 03:59:00,1,1.15309,1.15235,1.15551,7.399999999999629,3.270270270270554,2,4H,1,-1.0,SL,-1.2027027027027128,GBPUSD,0.20270270270271287
16846,2022-09-15 06:59:00,1,1.15204,1.15046,1.17379,15.799999999999148,13.765822784810828,1,1D,1,-1.0,SL,-1.0949367088607647,GBPUSD,0.09493670886076461
16847,2022-09-15 06:59:00,1,0.99624,0.99546,1.0187,7.800000000000029,28.79487179487159,1,1D,4,-1.0,SL,-1.1538461538461533,EURUSD,0.15384615384615327
16848,2022-09-15 08:59:00,1,1.15276,1.15143,1.17379,13.300000000000534,15.812030075187247,1,1D,1,-1.0,SL,-1.1127819548872135,GBPUSD,0.11278195488721351
15258,2022-09-15 15:59:00,1,11945.679,11909.099,12867.189,36.57999999999993,25.191634773100112,1,1D,1,-1.0,SL,-1.0410060142154183,NAS100,0.04100601421541834
16856,2022-09-15 16:59:00,1,1.14804,1.14616,1.15379,18.799999999998818,3.058510638298141,2,4H,1,-1.0,SL,-1.0797872340425583,GBPUSD,0.0797872340425582
16855,2022-09-15 16:59:00,-1,143.494,143.613,142.961,11.899999999999977,4.478991596638555,2,4H,2,4.478991596638555,TP,4.369747899159563,USDJPY,0.1092436974789918
16860,2022-09-15 19:59:00,1,0.99945,0.99869,1.00234,7.599999999999829,3.802631578947532,2,12H,4,-1.0,SL,-1.1578947368421089,EURUSD,0.1578947368421088
16859,2022-09-15 19:59:00,1,1.14692,1.14601,1.17379,9.099999999999664,29.527472527473563,1,1D,1,-1.0,SL,-1.164835164835171,GBPUSD,0.1648351648351709
16858,2022-09-15 19:59:00,-1,143.457,143.563,142.961,10.599999999999454,4.679245283018929,2,4H,2,4.679245283018929,TP,4.5566037735849605,USDJPY,0.12264150943396858
16859,2022-09-15 20:59:00,1,143.459,143.417,144.955,4.200000000000159,35.61904761904649,1,12H,3,-1.0,SL,-1.3095238095237978,USDJPY,0.3095238095237978
16876,2022-09-16 13:59:00,-1,143.146,143.363,141.607,21.700000000001296,7.092165898617029,1,1D,1,-1.0,SL,-1.059907834101379,USDJPY,0.05990783410137891
16886,2022-09-18 21:59:00,1,1.00131,1.00062,1.0187,6.899999999998574,25.20289855072987,1,1D,4,-1.0,SL,-1.1739130434782967,EURUSD,0.1739130434782968
16889,2022-09-19 02:59:00,-1,143.068,143.22199999999998,141.607,15.399999999996794,9.487012987015044,1,1D,1,-1.0,SL,-1.084415584415602,USDJPY,0.08441558441560199
16896,2022-09-19 07:59:00,1,0.99795,0.99647,1.0187,14.800000000000368,14.020270270269878,1,1D,4,-1.0,SL,-1.0810810810810791,EURUSD,0.08108108108107906
16905,2022-09-19 18:59:00,-1,143.261,143.396,141.607,13.49999999999909,12.251851851852651,1,1D,1,-1.0,SL,-1.0962962962963028,USDJPY,0.09629629629630279
16909,2022-09-19 22:59:00,-1,143.227,143.285,142.639,5.799999999999272,10.137931034483925,1,12H,1,-1.0,SL,-1.2241379310345109,USDJPY,0.22413793103451088
16915,2022-09-20 02:59:00,1,1.00333,1.00189,1.0187,14.400000000001079,10.673611111110231,1,1D,4,-1.0,SL,-1.083333333333327,EURUSD,0.08333333333332708
16928,2022-09-20 15:59:00,-1,0.99933,1.00003,0.99669,6.999999999999229,3.7714285714291105,1,12H,1,3.7714285714291105,TP,3.60000000000052,EURUSD,0.1714285714285903
16949,2022-09-21 12:59:00,1,0.99131,0.98944,1.0187,18.700000000000383,14.647058823529067,1,1D,4,-1.0,SL,-1.064171122994651,EURUSD,0.0641711229946511
15344,2022-09-21 13:59:00,-1,11899.019,11926.589,11718.619,27.56999999999971,6.543344214726208,2,1D,1,-1.0,SL,-1.0544069640914042,NAS100,0.054406964091404275
16952,2022-09-21 15:59:00,1,0.98787,0.98654,1.0187,13.300000000000534,23.180451127818554,1,1D,4,-1.0,SL,-1.0902255639097709,EURUSD,0.09022556390977081
15355,2022-09-22 10:59:00,1,3797.145,3784.654,3907.746,12.490999999999985,8.854455207749599,1,12H,1,-1.0,SL,-1.0480345849011288,SPX500,0.048034584901128864
15363,2022-09-22 10:59:00,1,11654.119,11607.809,12066.919,46.31000000000131,8.913841502914869,1,12H,1,-1.0,SL,-1.0323904124379175,NAS100,0.03239041243791746
15356,2022-09-22 11:59:00,1,3791.636,3774.342,3907.746,17.29399999999987,6.7138892101307395,1,12H,1,-1.0,SL,-1.0346941135653986,SPX500,0.034694113565398664
15360,2022-09-22 15:59:00,1,3758.754,3747.733,3907.746,11.02099999999973,13.518918428455116,1,12H,1,-1.0,SL,-1.0544415207331472,SPX500,0.05444152073314714
15368,2022-09-22 15:59:00,1,11501.599,11446.569,12066.919,55.030000000000655,10.272942031618989,1,12H,1,-1.0,SL,-1.0272578593494455,NAS100,0.027257859349445433
15373,2022-09-22 22:59:00,1,11507.409,11493.239,11679.419,14.170000000000073,12.139026111503128,1,4H,3,-1.0,SL,-1.105857445306986,NAS100,0.10585744530698604
15368,2022-09-23 01:59:00,1,3764.145,3757.942,3805.699,6.2029999999999745,6.699016604868653,1,4H,3,-1.0,SL,-1.0967273899725942,SPX500,0.0967273899725943
15376,2022-09-23 01:59:00,1,11518.367,11499.409,11679.419,18.95800000000054,8.495199915602653,1,4H,3,-1.0,SL,-1.079122270281673,NAS100,0.07912227028167304
16992,2022-09-23 09:59:00,-1,142.563,143.274,140.346,71.10000000000127,3.1181434599155344,1,12H,1,-1.0,SL,-1.0182841068917015,USDJPY,0.018284106891701502
16998,2022-09-23 15:59:00,-1,143.178,143.337,140.346,15.899999999999181,17.81132075471786,1,12H,1,-1.0,SL,-1.0817610062893124,USDJPY,0.08176100628931239
17001,2022-09-23 18:59:00,-1,143.366,143.46699999999998,140.346,10.099999999997067,29.900990099018685,1,12H,1,-1.0,SL,-1.1287128712871661,USDJPY,0.1287128712871661
15417,2022-09-26 22:59:00,1,11260.159,11233.319,11474.709,26.840000000000146,7.9936661698956755,1,4H,1,7.9936661698956755,TP,7.9377794336810705,NAS100,0.055886736214604764
15420,2022-09-27 01:59:00,-1,11331.209,11359.787,11192.899,28.57799999999952,4.839736860522207,1,12H,2,-1.0,SL,-1.0524879277766122,NAS100,0.052487927776612264
15421,2022-09-27 02:59:00,1,11335.319,11320.689,11474.709,14.6299999999992,9.527682843472922,1,4H,1,-1.0,SL,-1.1025290498974765,NAS100,0.10252904989747656
15431,2022-09-27 12:59:00,-1,11410.569,11461.699,11192.899,51.13000000000102,4.257187561118633,1,12H,2,-1.0,SL,-1.029336984158028,NAS100,0.02933698415802797
17046,2022-09-27 13:59:00,1,0.96233,0.96158,0.96707,7.500000000000284,6.319999999999716,1,4H,1,-1.0,SL,-1.159999999999994,EURUSD,0.15999999999999392
17126,2022-10-02 22:59:00,-1,1.11555,1.11953,1.10246,39.799999999998725,3.2889447236182074,1,4H,3,-1.0,SL,-1.0376884422110564,GBPUSD,0.03768844221105648
17137,2022-10-03 08:59:00,-1,0.98108,0.98283,0.96353,17.50000000000029,10.028571428571235,1,1D,2,-1.0,SL,-1.0685714285714274,EURUSD,0.06857142857142742
17142,2022-10-03 13:59:00,-1,0.9767,0.97843,0.96353,17.300000000000093,7.612716763005748,1,1D,2,-1.0,SL,-1.0693641618497105,EURUSD,0.0693641618497106
17144,2022-10-03 15:59:00,-1,0.98079,0.98455,0.96353,37.59999999999985,4.590425531914925,1,1D,2,-1.0,SL,-1.0319148936170215,EURUSD,0.0319148936170214
17149,2022-10-03 20:59:00,-1,0.98248,0.98298,0.96353,4.999999999999449,37.90000000000422,1,1D,2,-1.0,SL,-1.2400000000000264,EURUSD,0.24000000000002641
17169,2022-10-04 16:59:00,-1,0.99699,0.99947,0.96353,24.799999999999265,13.491935483871385,1,1D,2,-1.0,SL,-1.048387096774195,EURUSD,0.04838709677419498
17172,2022-10-04 19:59:00,-1,0.99902,1.00005,0.96353,10.300000000000864,34.456310679608784,1,1D,2,18.66019417475573,tiempo,18.543689320386807,EURUSD,0.11650485436892226
17179,2022-10-05 04:59:00,1,144.13,144.031,144.684,9.899999999998954,5.595959595960208,1,4H,2,-1.0,SL,-1.1313131313131453,USDJPY,0.1313131313131452
17196,2022-10-05 20:59:00,1,1.13265,1.13151,1.13916,11.399999999999189,5.710526315789894,1,4H,1,-1.0,SL,-1.1315789473684303,GBPUSD,0.13157894736843043
17196,2022-10-05 21:59:00,1,144.601,144.532,144.843,6.89999999999884,3.507246376812042,2,4H,2,-1.0,SL,-1.188405797101481,USDJPY,0.18840579710148095
17204,2022-10-06 05:59:00,1,144.522,144.46900000000002,144.931,5.299999999996885,7.716981132080389,1,12H,1,7.716981132080389,TP,7.47169811321232,USDJPY,0.2452830188680687
15600,2022-10-07 05:59:00,1,11455.209,11438.409,11667.989,16.80000000000109,12.665476190475298,1,12H,1,-1.0,SL,-1.0892857142857084,NAS100,0.08928571428570849
15605,2022-10-07 10:59:00,1,11442.809,11422.259,11505.099,20.549999999999272,3.0311435523115855,1,4H,1,-1.0,SL,-1.0729927007299296,NAS100,0.0729927007299296
15597,2022-10-07 10:59:00,1,3741.955,3735.432,3798.046,6.523000000000138,8.598957534876392,1,12H,1,-1.0,SL,-1.0919822167714222,SPX500,0.09198221677142224
15601,2022-10-07 14:59:00,1,3675.551,3657.58,3798.046,17.971000000000004,6.816259529241548,1,12H,1,-1.0,SL,-1.0333871236992933,SPX500,0.033387123699293295
15606,2022-10-07 19:59:00,1,3638.745,3619.41,3798.046,19.335000000000036,8.238996638220824,1,12H,1,-1.0,SL,-1.031031807602793,SPX500,0.031031807602792803
17244,2022-10-07 19:59:00,1,0.97386,0.97296,0.98942,8.999999999999009,17.288888888890813,1,12H,1,-1.0,SL,-1.133333333333348,EURUSD,0.13333333333334801
17252,2022-10-10 04:59:00,1,1.10799,1.10678,1.11443,12.099999999999334,5.322314049587071,1,4H,2,-1.0,SL,-1.1239669421487672,GBPUSD,0.12396694214876716
15660,2022-10-11 23:59:00,1,10808.809,10790.209,10984.569,18.599999999998545,9.449462365592149,1,4H,1,-1.0,SL,-1.080645161290329,NAS100,0.08064516129032889
15652,2022-10-11 23:59:00,1,3592.97,3587.259,3640.895,5.710999999999785,8.391700227631235,1,4H,1,-1.0,SL,-1.1050604097356018,SPX500,0.10506040973560192
15663,2022-10-12 02:59:00,1,10822.599,10784.379,10984.569,38.219999999999345,4.237833594976507,1,4H,1,-1.0,SL,-1.039246467817897,NAS100,0.03924646781789706
17299,2022-10-12 05:59:00,-1,146.208,146.289,145.66,8.099999999998886,6.765432098766385,1,4H,1,-1.0,SL,-1.1604938271605159,USDJPY,0.1604938271605159
15663,2022-10-12 10:59:00,1,3609.178,3600.28,3640.895,8.897999999999683,3.5645088783997783,1,4H,1,-1.0,SL,-1.0674308833445743,SPX500,0.06743088334457421
17324,2022-10-13 03:59:00,1,0.97004,0.96938,0.97346,6.599999999999939,5.181818181818197,1,12H,1,-1.0,SL,-1.1818181818181834,EURUSD,0.1818181818181835
15689,2022-10-13 06:59:00,1,10779.039,10766.059,10984.569,12.980000000001382,15.834360554697762,1,4H,1,-1.0,SL,-1.1155624036979845,NAS100,0.11556240369798461
15681,2022-10-13 06:59:00,1,3577.265,3573.133,3640.895,4.132000000000062,15.399322362052072,1,4H,1,-1.0,SL,-1.1452081316553706,SPX500,0.14520813165537053
17355,2022-10-14 10:59:00,-1,0.97339,0.97585,0.96315,24.600000000000176,4.162601626016241,1,12H,1,-1.0,SL,-1.0487804878048776,EURUSD,0.0487804878048777
17360,2022-10-14 15:59:00,-1,0.97386,0.9769599999999999,0.96315,30.999999999999915,3.454838709677428,1,12H,1,-1.0,SL,-1.038709677419355,EURUSD,0.038709677419354944
17363,2022-10-14 18:59:00,-1,0.97232,0.97328,0.96315,9.600000000000719,9.55208333333263,1,12H,1,-1.0,SL,-1.1249999999999907,EURUSD,0.12499999999999063
15725,2022-10-17 06:59:00,-1,3613.6,3619.196,3489.693,5.596000000000004,22.142065761257975,2,1D,3,-1.0,SL,-1.107219442458899,SPX500,0.10721944245889914
15733,2022-10-17 06:59:00,-1,10787.869,10806.187,10431.569,18.3179999999993,19.450813407578046,1,12H,2,-1.0,SL,-1.0818866688503144,NAS100,0.08188666885031429
17376,2022-10-17 07:59:00,-1,0.97469,0.97578,0.96315,10.900000000000354,10.587155963302404,2,1D,1,-1.0,SL,-1.1100917431192625,EURUSD,0.11009174311926248
17379,2022-10-17 10:59:00,-1,0.97487,0.97716,0.96315,22.90000000000014,5.117903930131001,2,1D,1,-1.0,SL,-1.0524017467248905,EURUSD,0.05240174672489051
15741,2022-10-17 14:54:00,-1,10988.309,11086.619,10431.569,98.31000000000131,5.663106499847344,1,12H,2,-1.0,SL,-1.015257857796765,NAS100,0.015257857796765131
15733,2022-10-17 14:54:00,-1,3662.763,3691.336,3489.693,28.572999999999865,6.057116858572797,2,1D,3,-1.0,SL,-1.0209988450635217,SPX500,0.020998845063521603
17385,2022-10-17 16:59:00,-1,0.9839,0.9853,0.96315,13.999999999999568,14.821428571429061,2,1D,1,-1.0,SL,-1.0857142857142883,EURUSD,0.08571428571428835
15735,2022-10-17 16:59:00,-1,3675.331,3687.42,3489.693,12.088999999999942,15.355943419637754,2,1D,3,-1.0,SL,-1.049631896765655,SPX500,0.049631896765654965
15745,2022-10-17 18:59:00,-1,11060.249,11092.587,10431.569,32.33799999999974,19.440905436328944,1,12H,2,-1.0,SL,-1.0463850578267058,NAS100,0.0463850578267058
15737,2022-10-17 18:59:00,-1,3678.406,3690.366,3489.693,11.960000000000036,15.778678929765816,2,1D,3,-1.0,SL,-1.0501672240802673,SPX500,0.05016722408026741
17406,2022-10-18 13:59:00,-1,0.98526,0.98765,0.97294,23.90000000000003,5.154811715481164,1,12H,1,3.2008368200836967,tiempo,3.1506276150627763,EURUSD,0.05020920502092044
17413,2022-10-18 20:59:00,-1,0.98558,0.9864499999999999,0.97294,8.699999999999264,14.52873563218512,1,12H,1,-1.0,SL,-1.1379310344827702,EURUSD,0.13793103448277028
17413,2022-10-18 21:59:00,1,1.13227,1.13134,1.1368,9.300000000000974,4.870967741934891,2,4H,2,-1.0,SL,-1.1612903225806281,GBPUSD,0.16129032258062825
17423,2022-10-19 07:59:00,1,1.12771,1.12589,1.1368,18.199999999999328,4.994505494505702,2,4H,2,-1.0,SL,-1.0824175824175855,GBPUSD,0.08241758241758546
17433,2022-10-19 17:59:00,1,1.12078,1.11836,1.14106,24.200000000000887,8.38016528925583,1,12H,2,-1.0,SL,-1.0619834710743778,GBPUSD,0.06198347107437789
17450,2022-10-20 09:59:00,1,0.97828,0.97717,0.98209,11.100000000000554,3.4324324324322433,1,12H,1,3.4324324324322433,TP,3.3243243243241407,EURUSD,0.10810810810810272
15804,2022-10-20 11:59:00,-1,11108.549,11138.089,10957.839,29.539999999999054,5.101895734597352,1,4H,1,-1.0,SL,-1.0507786052809767,NAS100,0.05077860528097657
15796,2022-10-20 11:59:00,-1,3703.831,3714.241,3665.905,10.409999999999854,3.643227665706096,1,4H,1,-1.0,SL,-1.05763688760807,SPX500,0.05763688760806997
17451,2022-10-20 13:59:00,-1,149.89,149.934,149.364,4.400000000001114,11.95454545454202,1,12H,1,-1.0,SL,-1.2954545454544706,USDJPY,0.29545454545447064
17469,2022-10-21 04:59:00,1,0.9771,0.97636,0.98721,7.399999999999629,13.662162162162932,1,1D,2,-1.0,SL,-1.1621621621621703,EURUSD,0.16216216216217028
17474,2022-10-21 10:59:00,1,1.11221,1.1099,1.13573,23.099999999998122,10.181818181819004,1,1D,2,-1.0,SL,-1.0649350649350702,GBPUSD,0.06493506493507022
17475,2022-10-21 10:59:00,1,0.97496,0.97311,0.98721,18.50000000000018,6.621621621621547,1,1D,2,-1.0,SL,-1.0648648648648642,EURUSD,0.06486486486486423
17508,2022-10-24 19:59:00,-1,0.98738,0.98819,0.98131,8.099999999999774,7.49382716049406,2,4H,2,-1.0,SL,-1.1481481481481524,EURUSD,0.14814814814815228
17511,2022-10-24 23:59:00,-1,1.13051,1.13163,1.10601,11.200000000000099,21.874999999999776,1,1D,1,-1.0,SL,-1.1339285714285703,GBPUSD,0.13392857142857026
17512,2022-10-24 23:59:00,-1,0.98842,0.9891,0.98131,6.800000000000139,10.455882352940888,1,4H,2,-1.0,SL,-1.1764705882352904,EURUSD,0.1764705882352905
17509,2022-10-24 23:59:00,1,148.887,148.741,151.941,14.599999999998658,20.917808219180017,2,1D,3,-1.0,SL,-1.089041095890419,USDJPY,0.08904109589041914
17521,2022-10-25 11:59:00,1,148.903,148.854,151.941,4.899999999997817,62.00000000002784,2,1D,3,-1.0,SL,-1.2653061224490978,USDJPY,0.2653061224490978
17526,2022-10-25 14:59:00,-1,1.14582,1.14998,1.10601,41.59999999999941,9.569711538461702,1,1D,1,-1.0,SL,-1.0360576923076927,GBPUSD,0.03605769230769282
17527,2022-10-25 14:59:00,-1,0.9957,0.99776,0.98131,20.599999999999508,6.985436893204057,1,12H,1,-1.0,SL,-1.0582524271844673,EURUSD,0.05825242718446741
17524,2022-10-25 14:59:00,1,147.823,147.51500000000001,151.941,30.799999999999272,13.37012987013017,2,1D,3,-1.0,SL,-1.0422077922077932,USDJPY,0.04220779220779321
17528,2022-10-25 15:59:00,-1,0.99577,0.99778,0.98131,20.09999999999956,7.194029850746439,1,12H,1,-1.0,SL,-1.0597014925373147,EURUSD,0.059701492537314736
17531,2022-10-25 18:59:00,-1,0.9959,0.99706,0.98484,11.599999999999389,9.534482758621156,2,4H,3,-1.0,SL,-1.1034482758620745,EURUSD,0.10344827586207442
17528,2022-10-25 18:59:00,1,147.96,147.82000000000002,148.988,13.999999999998636,7.342857142857798,3,4H,3,-1.0,SL,-1.0928571428571519,USDJPY,0.09285714285715191
17533,2022-10-25 20:59:00,-1,0.99646,0.99705,0.98484,5.899999999999794,19.694915254237912,2,4H,3,-1.0,SL,-1.2033898305084816,EURUSD,0.20338983050848167
17538,2022-10-26 04:59:00,1,148.256,148.127,148.988,12.899999999999068,5.674418604651567,3,4H,3,-1.0,SL,-1.100775193798457,USDJPY,0.1007751937984569
15891,2022-10-26 10:59:00,1,11485.607,11456.309,11684.889,29.298000000000684,6.801897740459915,1,12H,2,-1.0,SL,-1.0511980339954934,NAS100,0.05119803399549338
15901,2022-10-26 22:59:00,1,11415.879,11369.819,11684.889,46.06000000000131,5.8404255319146925,1,12H,2,-1.0,SL,-1.0325662179765513,NAS100,0.0325662179765514
15895,2022-10-27 00:59:00,-1,3845.802,3857.478,3779.54,11.67599999999993,5.675059952038418,1,1D,1,-1.0,SL,-1.051387461459404,SPX500,0.051387461459404205
17559,2022-10-27 01:59:00,1,146.079,145.904,151.941,17.500000000001137,33.49714285714065,2,1D,3,-1.0,SL,-1.0742857142857094,USDJPY,0.07428571428570946
17576,2022-10-27 16:59:00,1,1.15725,1.15623,1.16292,10.199999999997988,5.558823529412924,1,4H,1,-1.0,SL,-1.1470588235294408,GBPUSD,0.14705882352944077
17578,2022-10-27 20:59:00,1,146.249,146.115,147.356,13.399999999998613,8.261194029851596,2,12H,3,-1.0,SL,-1.0970149253731445,USDJPY,0.09701492537314438
17581,2022-10-27 21:59:00,1,1.1565,1.15534,1.16449,11.600000000000499,6.8879310344824125,1,12H,1,-1.0,SL,-1.1293103448275805,GBPUSD,0.12931034482758064
17583,2022-10-28 01:59:00,-1,146.415,146.72,145.126,30.500000000000682,4.226229508196585,1,4H,3,-1.0,SL,-1.0426229508196712,USDJPY,0.04262295081967118
17592,2022-10-28 08:59:00,1,1.15265,1.15025,1.16449,23.999999999999577,4.933333333333451,1,12H,1,-1.0,SL,-1.062500000000001,GBPUSD,0.0625000000000011
17596,2022-10-28 14:59:00,1,147.503,147.239,151.941,26.39999999999816,16.810606060607295,1,1D,3,-1.0,SL,-1.0492424242424276,USDJPY,0.04924242424242768
17601,2022-10-28 17:59:00,-1,1.15871,1.1598,1.14299,10.900000000000354,14.422018348623345,1,1D,1,-1.0,SL,-1.1376146788990782,GBPUSD,0.1376146788990781
17605,2022-10-28 20:59:00,-1,0.99631,0.99685,0.99265,5.399999999999849,6.777777777777961,1,4H,2,6.777777777777961,TP,6.555555555555732,EURUSD,0.2222222222222284
17609,2022-10-31 00:59:00,1,1.15941,1.15854,1.16235,8.700000000001484,3.3793103448269437,2,4H,2,-1.0,SL,-1.1724137931034189,GBPUSD,0.17241379310341887
17610,2022-10-31 03:59:00,1,147.964,147.797,151.941,16.70000000000016,23.814371257484826,1,1D,3,-1.0,SL,-1.0778443113772447,USDJPY,0.07784431137724478
17623,2022-10-31 16:59:00,1,148.627,148.507,151.941,12.000000000000455,27.616666666665562,1,1D,3,-1.0,SL,-1.1083333333333292,USDJPY,0.10833333333332923
17626,2022-10-31 19:59:00,-1,148.659,148.767,147.981,10.80000000000041,6.277777777777515,1,4H,4,-1.0,SL,-1.1203703703703658,USDJPY,0.12037037037036581
17630,2022-10-31 23:59:00,-1,148.728,148.832,147.981,10.3999999999985,7.18269230769348,1,4H,4,7.18269230769348,TP,7.057692307693462,USDJPY,0.12500000000001804
17637,2022-11-01 06:59:00,1,147.925,147.49,151.941,43.50000000000023,9.232183908045908,1,1D,3,-1.0,SL,-1.0298850574712641,USDJPY,0.02988505747126421
17644,2022-11-01 10:59:00,-1,0.99343,0.99434,0.98717,9.099999999999664,6.879120879121181,1,12H,1,-1.0,SL,-1.1318681318681367,EURUSD,0.13186813186813673
17654,2022-11-01 20:59:00,1,0.98746,0.98709,0.99539,3.6999999999998145,21.432432432433487,1,4H,1,-1.0,SL,-1.3243243243243406,EURUSD,0.32432432432434055
17655,2022-11-02 00:59:00,1,147.313,147.148,148.848,16.499999999999204,9.303030303030903,1,1D,3,-1.0,SL,-1.0787878787878826,USDJPY,0.07878787878788258
17659,2022-11-02 04:59:00,1,147.514,147.318,148.848,19.599999999999795,6.806122448979679,1,1D,3,-1.0,SL,-1.0663265306122456,USDJPY,0.0663265306122456
17675,2022-11-02 20:59:00,1,147.77,147.595,148.848,17.500000000001137,6.1599999999996164,1,1D,3,-1.0,SL,-1.0742857142857094,USDJPY,0.07428571428570946
17679,2022-11-03 00:59:00,1,147.369,147.098,148.848,27.09999999999866,5.457564575646076,1,1D,3,-1.0,SL,-1.0479704797047995,USDJPY,0.047970479704799424
17700,2022-11-03 21:59:00,1,148.168,147.964,148.848,20.400000000000773,3.3333333333332407,1,1D,3,-1.0,SL,-1.063725490196076,USDJPY,0.06372549019607601
17705,2022-11-04 02:59:00,1,148.09,148.025,148.848,6.499999999999773,11.66153846153902,1,1D,3,-1.0,SL,-1.200000000000007,USDJPY,0.200000000000007
17707,2022-11-04 04:59:00,1,147.968,147.82000000000002,148.848,14.799999999996771,5.945945945947404,1,1D,3,-1.0,SL,-1.087837837837857,USDJPY,0.08783783783785701
17739,2022-11-07 14:59:00,1,146.449,146.071,148.198,37.80000000000143,4.626984126983939,1,12H,2,-1.0,SL,-1.034391534391533,USDJPY,0.03439153439153309
17753,2022-11-08 04:59:00,1,146.69,146.592,148.198,9.799999999998477,15.387755102043307,1,12H,2,-1.0,SL,-1.1326530612245105,USDJPY,0.13265306122451043
17784,2022-11-09 11:59:00,1,145.701,145.578,146.548,12.299999999999045,6.886178861789221,1,12H,1,6.886178861789221,TP,6.780487804878644,USDJPY,0.10569105691057731
17797,2022-11-10 00:59:00,1,146.267,146.108,146.932,15.899999999999181,4.182389937107083,1,1D,1,-1.0,SL,-1.0817610062893124,USDJPY,0.08176100628931239
17801,2022-11-10 04:59:00,1,146.187,146.038,146.932,14.900000000000091,4.999999999999809,1,1D,1,-1.0,SL,-1.0872483221476505,USDJPY,0.08724832214765048
17813,2022-11-10 16:59:00,1,141.781,141.45600000000002,146.932,32.49999999999886,15.849230769231268,1,1D,1,-1.0,SL,-1.0400000000000014,USDJPY,0.0400000000000014
17851,2022-11-14 03:59:00,-1,1.03267,1.03353,1.02749,8.60000000000083,6.023255813952864,1,4H,1,-1.0,SL,-1.1395348837209167,EURUSD,0.13953488372091677
16208,2022-11-15 20:59:00,-1,11870.349,11917.307,11534.819,46.95800000000054,7.145321350994438,1,1D,1,-1.0,SL,-1.0319434388176665,NAS100,0.03194343881766649
16200,2022-11-15 20:59:00,-1,3992.25,4003.378,3944.103,11.128000000000156,4.326653486700149,1,1D,3,-1.0,SL,-1.0539180445722494,SPX500,0.05391804457224942
16205,2022-11-16 03:59:00,-1,3986.866,3991.606,3944.103,4.7400000000002365,9.02172995780544,1,1D,3,-1.0,SL,-1.1265822784810062,SPX500,0.12658227848100634
17906,2022-11-16 11:59:00,1,1.19018,1.18879,1.19444,13.900000000000023,3.064748201438794,1,4H,1,-1.0,SL,-1.107913669064748,GBPUSD,0.10791366906474802
17905,2022-11-16 12:59:00,1,139.37,139.18,140.624,18.999999999999773,6.60000000000003,1,12H,4,-1.0,SL,-1.0684210526315798,USDJPY,0.06842105263157977
17907,2022-11-16 14:59:00,1,139.419,139.03400000000002,140.624,38.49999999999909,3.1298701298701626,1,12H,4,-1.0,SL,-1.0337662337662346,USDJPY,0.03376623376623457
17913,2022-11-16 20:59:00,1,139.398,139.233,140.624,16.499999999999204,7.430303030303383,1,12H,4,-1.0,SL,-1.0787878787878826,USDJPY,0.07878787878788258
17923,2022-11-17 06:59:00,1,139.482,139.31,140.624,17.199999999999704,6.63953488372102,1,12H,4,-1.0,SL,-1.0755813953488385,USDJPY,0.07558139534883851
16231,2022-11-17 07:59:00,-1,3974.812,3981.262,3944.103,6.450000000000273,4.761085271317602,1,1D,3,-1.0,SL,-1.0930232558139497,SPX500,0.09302325581394955
16243,2022-11-17 11:59:00,1,11645.479,11603.749,12084.889,41.72999999999956,10.529834651330084,1,1D,1,-1.0,SL,-1.0359453630481672,NAS100,0.035945363048167166
16252,2022-11-17 20:59:00,1,11676.429,11587.779,12084.889,88.64999999999964,4.607557811618735,1,1D,1,-1.0,SL,-1.0169204737732658,NAS100,0.01692047377326572
16254,2022-11-18 00:59:00,1,11700.819,11676.229,11789.409,24.590000000000146,3.6026840178934374,1,12H,1,-1.0,SL,-1.0610004066693774,NAS100,0.061000406669377435
16246,2022-11-18 00:59:00,1,3951.426,3943.699,3981.295,7.726999999999862,3.8655364306976416,1,12H,2,-1.0,SL,-1.0776497994046863,SPX500,0.07764979940468626
16261,2022-11-18 07:59:00,-1,11670.199,11691.309,11588.779,21.109999999998763,3.856939838939121,1,4H,1,-1.0,SL,-1.071056371387972,NAS100,0.07105637138797195
17957,2022-11-18 13:59:00,1,1.03645,1.03554,1.04065,9.100000000001884,4.61538461538364,2,12H,1,-1.0,SL,-1.1318681318681045,EURUSD,0.13186813186810456
16270,2022-11-18 16:59:00,1,11650.259,11613.599,11789.409,36.659999999999854,3.7956901254773645,1,12H,1,-1.0,SL,-1.0409165302782326,NAS100,0.04091653027823257
16280,2022-11-21 04:59:00,-1,11646.919,11656.797,11605.539,9.878000000000611,4.189107106701421,1,4H,1,4.189107106701421,TP,4.037254504960187,NAS100,0.15185260174123377
16291,2022-11-22 01:59:00,-1,3955.39,3960.892,3903.75,5.501999999999953,9.385677935296313,1,1D,1,-1.0,SL,-1.1090512540894228,SPX500,0.10905125408942296
18004,2022-11-22 12:59:00,1,1.02714,1.02547,1.0333,16.699999999998383,3.6886227544914743,1,12H,1,-1.0,SL,-1.0718562874251567,EURUSD,0.07185628742515665
18006,2022-11-22 14:59:00,1,1.02651,1.02528,1.0333,12.300000000000644,5.5203252032518035,1,12H,1,5.5203252032518035,TP,5.422764227642053,EURUSD,0.097560975609751
16307,2022-11-22 17:59:00,-1,3979.363,3984.635,3903.75,5.272000000000389,14.342374810317573,1,1D,1,-1.0,SL,-1.1138088012139522,SPX500,0.11380880121395213
18015,2022-11-23 00:59:00,-1,1.18888,1.191,1.17779,21.200000000001218,5.231132075471418,1,1D,1,-1.0,SL,-1.070754716981128,GBPUSD,0.07075471698112801
16348,2022-11-24 14:59:00,-1,4038.331,4040.376,4031.813,2.0450000000000728,3.1872860635695828,1,4H,1,-1.0,SL,-1.2933985330073245,SPX500,0.2933985330073245
16359,2022-11-24 17:58:00,-1,11893.989,11899.619,11846.969,5.630000000001019,8.351687388986132,2,12H,1,8.351687388986132,TP,8.085257548844085,NAS100,0.26642984014204774
18057,2022-11-24 17:59:00,1,1.04086,1.04006,1.04396,7.999999999999119,3.875000000000555,1,4H,2,-1.0,SL,-1.1500000000000166,EURUSD,0.1500000000000165
18061,2022-11-24 22:59:00,1,1.21133,1.2107,1.2153,6.299999999999084,6.301587301588264,1,4H,1,-1.0,SL,-1.2380952380952728,GBPUSD,0.23809523809527272
18059,2022-11-24 22:59:00,1,138.542,138.479,139.582,6.299999999998818,16.50793650793948,1,12H,1,-1.0,SL,-1.2063492063492451,USDJPY,0.20634920634924508
18075,2022-11-25 12:59:00,1,1.20888,1.20804,1.21269,8.399999999999519,4.535714285714654,1,4H,1,-1.0,SL,-1.1785714285714388,GBPUSD,0.1785714285714388
18104,2022-11-28 19:59:00,-1,138.866,139.01899999999998,138.049,15.299999999996317,5.3398692810470845,1,1D,1,-1.0,SL,-1.0849673202614585,USDJPY,0.08496732026145837
18106,2022-11-28 21:59:00,-1,138.92,138.98,138.049,6.000000000000227,14.516666666665799,1,1D,1,-1.0,SL,-1.2166666666666583,USDJPY,0.21666666666665846
18109,2022-11-29 00:59:00,1,138.77,138.52800000000002,139.594,24.199999999999022,3.4049586776860212,1,1D,2,-1.0,SL,-1.053719008264465,USDJPY,0.05371900826446498
18131,2022-11-29 22:59:00,1,138.665,138.585,139.35,7.999999999998408,8.562500000001732,2,12H,2,-1.0,SL,-1.1625000000000323,USDJPY,0.16250000000003234
18147,2022-11-30 12:59:00,-1,1.20013,1.20195,1.19414,18.20000000000155,3.291208791208478,1,4H,2,-1.0,SL,-1.0824175824175755,GBPUSD,0.08241758241757541
16456,2022-12-01 18:59:00,-1,4073.673,4084.066,3937.663,10.393000000000029,13.086692966419646,1,12H,2,-1.0,SL,-1.0577311652073509,SPX500,0.057731165207350936
16466,2022-12-01 20:59:00,-1,12038.129,12077.889,11477.329,39.7599999999984,14.104627766600192,1,12H,4,5.825955734406704,tiempo,5.788229376257809,NAS100,0.03772635814889488
16458,2022-12-01 20:59:00,-1,4076.176,4088.506,3937.663,12.329999999999927,11.23381995133826,1,12H,2,6.315085158150871,tiempo,6.2664233576642525,SPX500,0.04866180048661829
18188,2022-12-02 04:59:00,-1,1.05231,1.05268,1.04959,3.6999999999998145,7.3513513513518705,1,4H,3,-1.0,SL,-1.3243243243243406,EURUSD,0.32432432432434055
18189,2022-12-02 05:59:00,-1,1.05231,1.05294,1.04959,6.299999999999084,4.317460317461034,1,4H,3,-1.0,SL,-1.1904761904762182,EURUSD,0.19047619047621817
16478,2022-12-02 10:59:00,-1,12032.289,12039.599,11477.329,7.309999999999491,75.91792065664016,2,12H,4,-1.0,SL,-1.205198358413147,NAS100,0.205198358413147
16470,2022-12-02 10:59:00,-1,4077.126,4080.618,3937.663,3.4919999999997344,39.93785796105693,2,1D,2,-1.0,SL,-1.1718213058419376,SPX500,0.17182130584193747
16477,2022-12-02 17:59:00,-1,4050.08,4066.423,3937.663,16.342999999999847,6.878602459768768,2,1D,2,-1.0,SL,-1.036712965795754,SPX500,0.03671296579575387
16485,2022-12-02 17:59:00,-1,11905.249,11964.919,11477.329,59.67000000000007,7.171442936148811,2,12H,4,-1.0,SL,-1.025138260432378,NAS100,0.02513826043237805
18203,2022-12-02 20:59:00,-1,1.22822,1.22995,1.21338,17.300000000000093,8.578034682080986,1,4H,2,-1.0,SL,-1.0867052023121382,GBPUSD,0.08670520231213827
18207,2022-12-05 00:59:00,-1,1.22919,1.23042,1.21338,12.300000000000644,12.853658536584776,1,4H,2,-1.0,SL,-1.1219512195121888,GBPUSD,0.12195121951218874
18214,2022-12-05 09:59:00,-1,135.232,135.492,133.618,25.99999999999909,6.207692307692541,1,12H,1,-1.0,SL,-1.0500000000000018,USDJPY,0.05000000000000175
16499,2022-12-05 09:59:00,-1,11963.039,11977.189,11477.329,14.149999999999636,34.325795053004484,2,12H,4,-1.0,SL,-1.106007067137812,NAS100,0.10600706713781191
18216,2022-12-05 11:59:00,-1,135.277,135.54999999999998,133.618,27.299999999999613,6.076923076923133,1,12H,1,-1.0,SL,-1.0476190476190483,USDJPY,0.047619047619048296
18226,2022-12-05 21:59:00,-1,136.719,136.845,133.618,12.600000000000477,24.611111111110173,1,12H,1,-1.0,SL,-1.1031746031745993,USDJPY,0.10317460317459927
16515,2022-12-06 03:59:00,1,11805.689,11793.169,11935.989,12.520000000000437,10.40734824281108,1,4H,2,-1.0,SL,-1.119808306709261,NAS100,0.119808306709261
18236,2022-12-06 05:59:00,1,1.21927,1.21776,1.2246,15.100000000001224,3.529801324502916,1,4H,2,-1.0,SL,-1.0993377483443627,GBPUSD,0.0993377483443628
16522,2022-12-06 10:59:00,1,11799.649,11771.249,11935.989,28.399999999999636,4.800704225352179,1,4H,2,-1.0,SL,-1.0528169014084514,NAS100,0.05281690140845138
16516,2022-12-06 12:59:00,-1,4001.076,4008.739,3937.663,7.663000000000011,8.27521858280046,2,1D,2,8.27521858280046,TP,8.196920266214265,SPX500,0.07829831658619328
16524,2022-12-06 12:59:00,-1,11803.799,11829.289,11477.329,25.48999999999978,12.807767752059787,2,12H,4,12.807767752059787,TP,12.74892114554743,NAS100,0.05884660651235829
18248,2022-12-06 19:59:00,-1,136.918,137.082,135.015,16.399999999998727,11.603658536586389,1,12H,1,-1.0,SL,-1.079268292682933,USDJPY,0.07926829268293299
16532,2022-12-06 20:59:00,-1,11551.989,11565.699,11477.329,13.710000000000946,5.445660102114858,2,12H,4,-1.0,SL,-1.1094091903719836,NAS100,0.1094091903719837
18254,2022-12-06 22:59:00,1,1.04654,1.0461,1.05288,4.3999999999999595,14.40909090909107,1,4H,2,-1.0,SL,-1.2727272727272751,EURUSD,0.2727272727272752
16534,2022-12-07 00:59:00,-1,11557.189,11573.989,11477.329,16.799999999999272,4.753571428571669,2,12H,4,-1.0,SL,-1.0892857142857182,NAS100,0.08928571428571815
18259,2022-12-07 03:59:00,1,1.04669,1.04569,1.05288,9.999999999998899,6.190000000000822,1,4H,2,-1.0,SL,-1.1200000000000132,EURUSD,0.12000000000001321
16536,2022-12-07 10:59:00,1,3934.636,3927.886,3976.382,6.75,6.184592592592606,1,4H,3,-1.0,SL,-1.0888888888888888,SPX500,0.08888888888888889
16552,2022-12-08 04:59:00,-1,3929.109,3932.341,3911.035,3.231999999999971,5.592202970297102,1,4H,1,-1.0,SL,-1.1856435643564374,SPX500,0.1856435643564373
18323,2022-12-11 22:59:00,1,136.567,136.40900000000002,137.243,15.799999999998704,4.278481012658501,1,1D,1,4.278481012658501,TP,4.196202531645836,USDJPY,0.08227848101266498
16599,2022-12-12 07:59:00,-1,3932.205,3937.496,3912.529,5.291000000000167,3.7187677187675883,1,1D,1,-1.0,SL,-1.1134001134001097,SPX500,0.1134001134001098
18335,2022-12-12 10:59:00,1,136.69,136.607,137.243,8.29999999999984,6.662650602409734,1,1D,1,6.662650602409734,TP,6.506024096385635,USDJPY,0.1566265060240994
16611,2022-12-12 11:59:00,-1,11596.629,11607.699,11419.259,11.069999999999709,16.02258355916942,1,1D,1,-1.0,SL,-1.1355013550135538,NAS100,0.1355013550135537
16607,2022-12-12 15:59:00,-1,3945.972,3950.765,3912.529,4.792999999999665,6.977467139579083,1,1D,1,-1.0,SL,-1.1251825578969417,SPX500,0.12518255789694177
16616,2022-12-12 16:59:00,-1,11582.389,11596.999,11419.259,14.610000000000582,11.165639972620992,1,1D,1,-1.0,SL,-1.1026694045174497,NAS100,0.10266940451744971
18348,2022-12-12 21:59:00,-1,1.22667,1.22736,1.22054,6.900000000000794,8.884057971013425,1,4H,2,-1.0,SL,-1.217391304347801,GBPUSD,0.21739130434780105
18349,2022-12-12 21:59:00,-1,1.05352,1.05398,1.05145,4.599999999999049,4.5000000000009654,2,4H,2,-1.0,SL,-1.2608695652174453,EURUSD,0.2608695652174452
18350,2022-12-12 22:59:00,1,1.05354,1.05299,1.058,5.499999999998284,8.109090909093677,1,4H,1,-1.0,SL,-1.2181818181818862,EURUSD,0.21818181818188626
18353,2022-12-13 02:59:00,-1,1.2275,1.22914,1.22054,16.399999999998638,4.24390243902479,1,12H,2,-1.0,SL,-1.091463414634154,GBPUSD,0.09146341463415394
18356,2022-12-13 04:59:00,1,1.05411,1.05301,1.058,11.000000000001009,3.536363636363266,1,4H,1,-1.0,SL,-1.1090909090908991,EURUSD,0.10909090909089908
18358,2022-12-13 06:59:00,-1,1.05466,1.05557,1.05057,9.099999999999664,4.494505494505581,2,12H,2,-1.0,SL,-1.1318681318681367,EURUSD,0.13186813186813673
18357,2022-12-13 06:59:00,-1,1.22764,1.22912,1.22054,14.799999999999258,4.797297297297609,1,12H,2,-1.0,SL,-1.1013513513513564,GBPUSD,0.10135135135135644
18366,2022-12-13 14:59:00,-1,1.06452,1.06741,1.05057,28.900000000000592,4.826989619377032,2,12H,2,-1.0,SL,-1.04152249134948,EURUSD,0.04152249134948012
16652,2022-12-14 08:59:00,1,11844.159,11822.709,12210.559,21.44999999999891,17.081585081585935,1,4H,2,-1.0,SL,-1.0699300699300736,NAS100,0.06993006993007349
16644,2022-12-14 08:59:00,1,4023.731,4018.323,4136.192,5.4080000000003565,20.795303254436458,1,4H,2,-1.0,SL,-1.110946745562123,SPX500,0.11094674556212286
16655,2022-12-14 11:59:00,1,11822.227,11786.849,12210.559,35.37800000000061,10.976652156707328,1,4H,2,-1.0,SL,-1.0423992311606076,NAS100,0.04239923116060756
16649,2022-12-14 13:59:00,1,4018.152,4008.609,4136.192,9.54300000000012,12.369275909043118,1,4H,2,-1.0,SL,-1.0628733102797854,SPX500,0.06287331027978543
16657,2022-12-14 13:59:00,1,11813.589,11790.369,12210.559,23.219999999999345,17.096037898363935,1,4H,2,-1.0,SL,-1.064599483204136,NAS100,0.0645994832041362
16661,2022-12-15 03:59:00,1,3996.263,3989.151,4136.192,7.11200000000008,19.67505624296942,1,1D,1,-1.0,SL,-1.0843644544431936,SPX500,0.08436445444319365
16669,2022-12-15 03:59:00,1,11728.229,11707.249,12210.559,20.979999999999563,22.98999046711201,1,1D,1,-1.0,SL,-1.0714966634890386,NAS100,0.07149666348903867
18402,2022-12-15 05:59:00,-1,135.591,135.891,134.509,29.999999999998295,3.6066666666669454,1,12H,1,-1.0,SL,-1.0433333333333359,USDJPY,0.0433333333333358
18418,2022-12-15 18:59:00,1,1.06221,1.05911,1.07361,31.000000000001027,3.677419354838541,1,4H,2,-1.0,SL,-1.0387096774193536,EURUSD,0.03870967741935356
18421,2022-12-15 21:59:00,1,1.06256,1.06188,1.07361,6.800000000000139,16.249999999999673,1,4H,2,-1.0,SL,-1.1764705882352904,EURUSD,0.1764705882352905
16689,2022-12-16 09:59:00,1,3856.619,3848.031,3903.746,8.588000000000193,5.487540754541092,1,4H,1,-1.0,SL,-1.0698649278062398,SPX500,0.0698649278062397
16697,2022-12-16 09:59:00,1,11245.177,11204.377,11379.989,40.79999999999927,3.304215686274566,1,4H,1,3.304215686274566,TP,3.2674509803922125,NAS100,0.036764705882353595
18434,2022-12-16 10:59:00,1,1.06233,1.06083,1.07361,15.000000000000568,7.519999999999686,1,4H,2,-1.0,SL,-1.079999999999997,EURUSD,0.07999999999999696
18437,2022-12-16 13:59:00,1,1.0634,1.06122,1.07361,21.799999999998487,4.683486238532459,1,4H,2,-1.0,SL,-1.055045871559637,EURUSD,0.05504587155963685
16721,2022-12-19 11:59:00,1,11281.359,11265.789,11348.237,15.569999999999709,4.295311496467568,1,4H,1,-1.0,SL,-1.096339113680156,NAS100,0.09633911368015595
18473,2022-12-20 01:59:00,1,1.06052,1.05966,1.06578,8.599999999998609,6.11627906976848,2,12H,3,-1.0,SL,-1.1395348837209527,EURUSD,0.1395348837209528
16737,2022-12-20 13:59:00,1,3808.633,3803.286,3866.329,5.346999999999753,10.790349728820466,1,12H,2,-1.0,SL,-1.1122124555825748,SPX500,0.11221245558257485
18486,2022-12-20 17:59:00,1,131.154,130.556,137.792,59.79999999999848,11.100334448160826,1,1D,1,2.5518394648830256,tiempo,2.5301003344482424,USDJPY,0.021739130434783163
18499,2022-12-21 03:59:00,1,1.06164,1.06118,1.06584,4.599999999999049,9.130434782610543,2,4H,3,-1.0,SL,-1.2608695652174453,EURUSD,0.2608695652174452
18497,2022-12-21 04:59:00,-1,1.21658,1.21731,1.2138,7.299999999998974,3.8082191780827332,1,4H,1,-1.0,SL,-1.2054794520548233,GBPUSD,0.2054794520548234
18502,2022-12-21 06:59:00,-1,1.06137,1.06186,1.05788,4.900000000001015,7.122448979590348,1,12H,2,-1.0,SL,-1.2448979591836227,EURUSD,0.24489795918362275
16756,2022-12-21 10:59:00,1,3840.563,3838.05,3866.329,2.51299999999992,10.253083963390727,2,12H,2,-1.0,SL,-1.2387584560286586,SPX500,0.2387584560286586
16757,2022-12-21 11:59:00,1,3843.205,3837.333,3866.329,5.871999999999844,3.938010899182709,2,12H,2,-1.0,SL,-1.1021798365122644,SPX500,0.1021798365122643
16760,2022-12-21 14:59:00,1,3847.248,3841.868,3866.329,5.380000000000109,3.546654275092889,2,12H,2,3.546654275092889,TP,3.435130111524118,SPX500,0.11152416356877097
16770,2022-12-21 16:59:00,-1,11226.039,11276.179,10937.159,50.13999999999942,5.761467889908344,1,12H,2,-1.0,SL,-1.029916234543279,NAS100,0.029916234543279168
18513,2022-12-21 17:59:00,1,1.06003,1.05891,1.0663,11.200000000000099,5.598214285714234,1,1D,3,-1.0,SL,-1.107142857142856,EURUSD,0.1071428571428562
16772,2022-12-21 18:59:00,-1,11247.909,11271.207,10937.159,23.298000000000684,13.338054768649277,1,12H,2,-1.0,SL,-1.0643832088591276,NAS100,0.06438320885912766
18516,2022-12-21 20:59:00,1,1.06111,1.06069,1.06455,4.20000000000087,8.190476190474756,2,4H,3,-1.0,SL,-1.2857142857142265,EURUSD,0.2857142857142265
18518,2022-12-21 22:59:00,1,1.06049,1.06,1.06455,4.899999999998794,8.285714285716681,2,4H,3,8.285714285716681,TP,8.040816326532948,EURUSD,0.24489795918373372
18522,2022-12-22 02:59:00,-1,1.06288,1.06343,1.05788,5.5000000000005045,9.090909090908466,1,12H,2,-1.0,SL,-1.2181818181817983,EURUSD,0.21818181818179816
18526,2022-12-22 06:59:00,-1,1.06443,1.06505,1.05788,6.200000000000649,10.564516129031242,1,12H,2,-1.0,SL,-1.1935483870967538,EURUSD,0.1935483870967539
16792,2022-12-23 02:59:00,-1,3825.429,3831.436,3763.638,6.007000000000062,10.286499084401454,1,4H,3,-1.0,SL,-1.0998834692858321,SPX500,0.09988346928583217
18553,2022-12-23 09:59:00,1,1.06096,1.05951,1.0663,14.499999999999513,3.6827586206898633,1,1D,3,-1.0,SL,-1.082758620689658,EURUSD,0.08275862068965795
16816,2022-12-23 18:59:00,1,10943.629,10923.269,11049.599,20.360000000000582,5.204813359528306,1,4H,1,5.204813359528306,TP,5.13113948919432,NAS100,0.0736738703339861
18565,2022-12-23 21:59:00,1,1.06172,1.06113,1.0663,5.9000000000009045,7.762711864405638,1,1D,3,-1.0,SL,-1.2033898305084434,EURUSD,0.2033898305084434
18574,2022-12-26 06:59:00,-1,1.06279,1.06327,1.05867,4.8000000000003595,8.583333333332485,1,12H,2,-1.0,SL,-1.2499999999999813,EURUSD,0.24999999999998126
18581,2022-12-26 17:53:00,-1,1.20542,1.20634,1.2018,9.200000000000319,3.9347826086954685,1,12H,1,-1.0,SL,-1.1630434782608638,GBPUSD,0.1630434782608639
18587,2022-12-26 19:58:00,1,1.06286,1.06249,1.0663,3.6999999999998145,9.29729729729806,1,1D,3,9.29729729729806,TP,8.97297297297372,EURUSD,0.32432432432434055
18590,2022-12-27 02:59:00,-1,1.20948,1.21032,1.20475,8.399999999999519,5.6309523809528494,1,12H,1,-1.0,SL,-1.1785714285714388,GBPUSD,0.1785714285714388
16831,2022-12-27 19:59:00,1,3828.755,3819.24,3871.261,9.515000000000327,4.467262217551066,1,4H,1,-1.0,SL,-1.0630583289542805,SPX500,0.06305832895428054
16836,2022-12-28 02:59:00,-1,3830.235,3837.226,3795.49,6.9909999999999854,4.969961378915809,1,1D,1,-1.0,SL,-1.0858246316692892,SPX500,0.08582463166928926
16845,2022-12-28 03:59:00,1,10827.119,10821.259,10866.689,5.860000000000582,6.752559726961737,1,4H,2,-1.0,SL,-1.2559726962457083,NAS100,0.25597269624570834
16837,2022-12-28 03:59:00,1,3831.262,3828.24,3871.261,3.0220000000003893,13.23593646591484,1,4H,1,-1.0,SL,-1.1985440105889884,SPX500,0.19854401058898832
18625,2022-12-28 09:59:00,1,1.06368,1.06268,1.06694,9.999999999998899,3.2600000000003995,1,12H,2,3.2600000000003995,TP,3.140000000000386,EURUSD,0.12000000000001321
18621,2022-12-28 09:59:00,-1,134.032,134.215,133.424,18.299999999999272,3.322404371584854,1,4H,2,3.322404371584854,TP,3.251366120218731,USDJPY,0.07103825136612305
18625,2022-12-28 13:59:00,-1,133.815,133.908,133.424,9.299999999998931,4.204301075269205,1,4H,2,-1.0,SL,-1.1397849462365752,USDJPY,0.1397849462365752
18637,2022-12-28 21:59:00,1,1.06117,1.06055,1.06694,6.199999999998429,9.306451612905668,1,12H,2,9.306451612905668,TP,9.112903225808845,EURUSD,0.19354838709682323
18661,2022-12-30 01:59:00,1,132.446,132.37,133.369,7.599999999999341,12.14473684210634,1,4H,1,-1.0,SL,-1.1710526315789622,USDJPY,0.17105263157896222
16912,2023-01-03 04:59:00,-1,10935.699,10951.879,10798.499,16.18000000000029,8.479604449938087,1,4H,1,-1.0,SL,-1.0927070457354742,NAS100,0.09270704573547423
18727,2023-01-03 16:59:00,1,1.05579,1.05361,1.06585,21.800000000000708,4.614678899082399,1,4H,2,-1.0,SL,-1.0550458715596311,EURUSD,0.05504587155963124
18741,2023-01-04 06:59:00,1,1.057,1.0558400000000001,1.06585,11.599999999998278,7.62931034482874,2,4H,2,-1.0,SL,-1.1034482758620843,EURUSD,0.10344827586208431
18747,2023-01-04 12:59:00,1,1.06071,1.05976,1.06585,9.500000000000064,5.4105263157893555,2,4H,2,-1.0,SL,-1.1263157894736833,EURUSD,0.12631578947368335
18754,2023-01-04 23:59:00,-1,1.20556,1.2061,1.19573,5.399999999999849,18.20370370370422,1,12H,1,-1.0,SL,-1.2777777777777855,GBPUSD,0.2777777777777855
18760,2023-01-05 04:59:00,-1,132.307,132.435,130.966,12.800000000001432,10.47656249999867,1,4H,2,-1.0,SL,-1.1015624999999887,USDJPY,0.10156249999998863
18766,2023-01-05 07:59:00,1,1.06052,1.05891,1.06585,16.099999999998893,3.310559006211443,2,4H,2,-1.0,SL,-1.0745341614906883,EURUSD,0.07453416149068835
18763,2023-01-05 07:59:00,-1,132.482,132.62199999999999,130.966,13.999999999998636,10.82857142857242,1,4H,2,-1.0,SL,-1.0928571428571519,USDJPY,0.09285714285715191
18765,2023-01-05 10:59:00,-1,1.20251,1.20389,1.19573,13.799999999999368,4.9130434782611,1,12H,1,4.9130434782611,TP,4.804347826087182,GBPUSD,0.10869565217391802
18780,2023-01-05 21:59:00,1,1.05202,1.05145,1.06585,5.699999999999594,24.263157894738583,1,4H,2,-1.0,SL,-1.2105263157894885,EURUSD,0.21052631578948866
18777,2023-01-05 22:59:00,1,1.19077,1.18887,1.20351,19.000000000000128,6.705263157894678,1,4H,3,-1.0,SL,-1.0789473684210522,GBPUSD,0.0789473684210521
18782,2023-01-06 02:59:00,-1,133.642,133.833,132.321,19.10000000000025,6.916230366492045,1,4H,2,-1.0,SL,-1.06806282722513,USDJPY,0.06806282722513
18818,2023-01-09 14:59:00,1,131.879,131.674,134.773,20.49999999999841,14.11707317073283,1,12H,1,-1.0,SL,-1.0634146341463464,USDJPY,0.06341463414634639
18821,2023-01-09 17:59:00,1,131.761,131.542,134.773,21.89999999999941,13.75342465753462,1,12H,1,-1.0,SL,-1.059360730593609,USDJPY,0.05936073059360891
18837,2023-01-10 06:59:00,1,1.07338,1.07252,1.07605,8.60000000000083,3.1046511627903404,1,4H,6,-1.0,SL,-1.1395348837209167,EURUSD,0.13953488372091677
17018,2023-01-10 08:59:00,-1,3886.568,3894.729,3798.23,8.160999999999603,10.824408773435177,1,1D,1,-1.0,SL,-1.073520401911534,SPX500,0.07352040191153401
17020,2023-01-10 10:59:00,-1,3889.096,3894.033,3798.23,4.936999999999898,18.405104314361324,1,1D,1,-1.0,SL,-1.121531294308287,SPX500,0.12153129430828688
18844,2023-01-10 13:59:00,1,1.07215,1.07109,1.07605,10.599999999998388,3.679245283019441,1,4H,6,3.679245283019441,TP,3.5660377358496125,EURUSD,0.11320754716982853
17025,2023-01-10 15:59:00,-1,3897.375,3914.416,3798.23,17.041000000000167,5.818027111084972,1,1D,1,-1.0,SL,-1.0352092013379492,SPX500,0.0352092013379493
17029,2023-01-10 19:59:00,-1,3908.67,3916.806,3798.23,8.135999999999967,13.57423795476899,1,1D,1,-1.0,SL,-1.073746312684366,SPX500,0.07374631268436607
18848,2023-01-10 20:59:00,1,132.234,132.14100000000002,132.639,9.299999999998931,4.354838709677932,1,12H,1,-1.0,SL,-1.1397849462365752,USDJPY,0.1397849462365752
18853,2023-01-10 22:59:00,1,1.0734,1.07295,1.07605,4.499999999998394,5.888888888891082,1,4H,6,-1.0,SL,-1.2666666666667619,EURUSD,0.2666666666667618
17044,2023-01-11 04:59:00,-1,11199.409,11210.899,11143.589,11.489999999999782,4.858137510879092,1,4H,2,-1.0,SL,-1.130548302872065,NAS100,0.13054830287206515
18857,2023-01-11 06:59:00,-1,1.21618,1.21749,1.21096,13.099999999999223,3.984732824427719,1,4H,1,-1.0,SL,-1.1145038167938999,GBPUSD,0.11450381679389991
18873,2023-01-11 21:59:00,-1,132.466,132.563,132.132,9.699999999997999,3.443298969072908,1,4H,3,3.443298969072908,TP,3.3092783505161796,USDJPY,0.13402061855672867
17057,2023-01-12 05:59:00,-1,3971.642,3974.868,3945.383,3.2260000000001128,8.139801611903005,1,4H,3,-1.0,SL,-1.1859888406695533,SPX500,0.18598884066955332
17063,2023-01-12 11:59:00,-1,3968.833,3971.616,3945.383,2.7829999999999018,8.426158821416134,2,4H,3,-1.0,SL,-1.2155946819978516,SPX500,0.21559468199785164
17074,2023-01-13 00:59:00,-1,3983.408,3988.966,3948.585,5.557999999999993,6.265383231378178,1,4H,1,6.265383231378178,TP,6.157430730478573,SPX500,0.10795250089960431
17084,2023-01-13 10:59:00,-1,3983.253,3987.159,3948.585,3.905999999999949,8.875576036866505,1,4H,1,8.875576036866505,TP,8.721966205837317,SPX500,0.15360983102918788
18922,2023-01-13 19:59:00,-1,1.08291,1.08361,1.07297,6.999999999999229,14.20000000000165,1,12H,5,-1.0,SL,-1.1714285714285904,EURUSD,0.1714285714285903
18922,2023-01-15 23:59:00,-1,1.22222,1.22342,1.21817,11.999999999998678,3.3750000000004627,1,4H,1,-1.0,SL,-1.1250000000000138,GBPUSD,0.12500000000001377
18929,2023-01-16 02:59:00,-1,1.08665,1.08751,1.07297,8.60000000000083,15.906976744184414,2,1D,5,-1.0,SL,-1.1395348837209167,EURUSD,0.13953488372091677
18938,2023-01-16 11:59:00,-1,1.08268,1.08374,1.07297,10.599999999998388,9.16037735849206,2,1D,5,-1.0,SL,-1.1132075471698286,EURUSD,0.11320754716982853
18951,2023-01-17 00:59:00,-1,1.08284,1.08346,1.07297,6.200000000000649,15.919354838708083,2,1D,5,-1.0,SL,-1.1935483870967538,EURUSD,0.1935483870967539
17140,2023-01-17 15:59:00,-1,11543.289,11618.289,11316.159,75.0,3.0284000000000137,2,1D,1,-1.0,SL,-1.02,NAS100,0.02
18964,2023-01-17 16:59:00,1,128.183,127.976,129.415,20.699999999999363,5.951690821256219,1,1D,1,5.951690821256219,TP,5.888888888889067,USDJPY,0.06280193236715169
18970,2023-01-17 19:59:00,-1,1.07932,1.08045,1.07297,11.299999999998533,5.619469026549471,2,1D,5,-1.0,SL,-1.1061946902655004,EURUSD,0.1061946902655005
17144,2023-01-18 07:59:00,-1,3997.622,4001.926,3981.11,4.304000000000087,3.8364312267656553,2,12H,1,-1.0,SL,-1.1394052044609637,SPX500,0.13940520446096372
18996,2023-01-18 21:59:00,-1,1.07935,1.07981,1.07297,4.599999999999049,13.869565217394285,2,1D,5,-1.0,SL,-1.2608695652174453,EURUSD,0.2608695652174452
18996,2023-01-19 01:59:00,1,1.2336,1.23171,1.24166,18.899999999999473,4.26455026455036,1,4H,2,-1.0,SL,-1.0793650793650815,GBPUSD,0.07936507936508158
18997,2023-01-19 02:59:00,-1,1.23296,1.23383,1.22536,8.699999999999264,8.735632183908844,1,12H,1,-1.0,SL,-1.1724137931034628,GBPUSD,0.17241379310346286
18998,2023-01-19 03:59:00,-1,1.23335,1.23458,1.22536,12.300000000000644,6.495934959349206,1,12H,1,-1.0,SL,-1.1219512195121888,GBPUSD,0.12195121951218874
19003,2023-01-19 08:59:00,-1,1.23293,1.23502,1.22536,20.899999999999253,3.6220095693781564,1,12H,1,-1.0,SL,-1.0717703349282321,GBPUSD,0.07177033492823223
19012,2023-01-19 13:59:00,1,1.08093,1.07945,1.08873,14.799999999999258,5.270270270270554,1,12H,2,-1.0,SL,-1.0810810810810851,EURUSD,0.08108108108108514
19015,2023-01-19 19:59:00,1,128.445,128.33800000000002,131.572,10.69999999999709,29.2242990654286,1,12H,2,-1.0,SL,-1.1214953271028367,USDJPY,0.1214953271028368
19019,2023-01-19 20:59:00,-1,1.08289,1.08408,1.07297,11.900000000000244,8.336134453781282,1,1D,4,-1.0,SL,-1.1008403361344516,EURUSD,0.10084033613445172
19015,2023-01-19 20:59:00,-1,1.23864,1.23982,1.22536,11.799999999999589,11.25423728813595,1,12H,1,-1.0,SL,-1.1271186440678012,GBPUSD,0.12711864406780105
19021,2023-01-19 22:59:00,1,1.08299,1.08255,1.08873,4.3999999999999595,13.045454545454843,1,12H,2,-1.0,SL,-1.2727272727272751,EURUSD,0.2727272727272752
19023,2023-01-20 00:59:00,-1,1.08312,1.08411,1.07297,9.899999999998244,10.252525252527176,1,1D,4,-1.0,SL,-1.1212121212121426,EURUSD,0.12121212121214271
19022,2023-01-20 02:59:00,-1,128.754,128.89999999999998,127.218,14.599999999998658,10.520547945206358,1,1D,2,-1.0,SL,-1.089041095890419,USDJPY,0.08904109589041914
19023,2023-01-20 03:59:00,1,128.815,128.68900000000002,131.572,12.599999999997635,21.880952380956526,1,12H,2,10.30158730158925,tiempo,10.198412698414627,USDJPY,0.10317460317462254
17196,2023-01-20 06:59:00,-1,11340.229,11346.789,11318.509,6.56000000000131,3.310975609755337,1,4H,1,-1.0,SL,-1.2286585365853202,NAS100,0.2286585365853202
19033,2023-01-20 10:59:00,1,1.08384,1.08248,1.08873,13.599999999998058,3.595588235294676,1,12H,2,-1.0,SL,-1.0882352941176596,EURUSD,0.08823529411765965
19039,2023-01-20 20:59:00,-1,1.23939,1.2405,1.23146,11.099999999999444,7.144144144144495,1,12H,3,-1.0,SL,-1.135135135135142,GBPUSD,0.13513513513514191
17205,2023-01-23 02:59:00,-1,3968.115,3972.116,3944.788,4.001000000000204,5.830292426892923,1,4H,3,-1.0,SL,-1.149962509372649,SPX500,0.14996250937264918
19056,2023-01-23 09:59:00,-1,1.09114,1.09213,1.07297,9.900000000000464,18.353535353534514,1,1D,4,-1.0,SL,-1.1212121212121156,EURUSD,0.12121212121211553
19056,2023-01-23 12:59:00,-1,130.236,130.468,129.038,23.199999999999932,5.163793103448201,1,4H,1,-1.0,SL,-1.0560344827586208,USDJPY,0.05603448275862086
19063,2023-01-23 16:59:00,-1,1.08638,1.08767,1.07297,12.900000000000134,10.395348837209134,1,1D,4,-1.0,SL,-1.0930232558139525,EURUSD,0.09302325581395252
19075,2023-01-24 04:59:00,1,1.08761,1.0868200000000001,1.09267,7.899999999998464,6.405063291140568,1,12H,3,-1.0,SL,-1.1518987341772446,EURUSD,0.15189873417724473
19071,2023-01-24 04:59:00,1,1.23835,1.23732,1.24476,10.300000000000864,6.22330097087329,1,12H,1,-1.0,SL,-1.1456310679611528,GBPUSD,0.14563106796115283
19089,2023-01-24 22:59:00,1,1.23278,1.23229,1.24134,4.899999999998794,17.46938775510659,1,12H,3,-1.0,SL,-1.3061224489796672,GBPUSD,0.30612244897966717
19095,2023-01-25 00:59:00,1,1.0887,1.08797,1.09267,7.299999999998974,5.438356164384365,1,12H,3,-1.0,SL,-1.1643835616438587,EURUSD,0.16438356164385873
19094,2023-01-25 03:59:00,1,1.23255,1.23146,1.24134,10.900000000000354,8.064220183486047,1,12H,3,-1.0,SL,-1.1376146788990782,GBPUSD,0.1376146788990781
19095,2023-01-25 04:59:00,-1,1.23247,1.23338,1.22636,9.099999999999664,6.714285714286028,1,4H,1,-1.0,SL,-1.164835164835171,GBPUSD,0.1648351648351709
19096,2023-01-25 04:59:00,-1,130.443,130.589,129.723,14.599999999998658,4.931506849315514,2,12H,1,4.931506849315514,TP,4.8424657534250946,USDJPY,0.08904109589041914
19100,2023-01-25 05:59:00,1,1.08973,1.08908,1.09267,6.500000000000394,4.523076923076561,1,12H,3,-1.0,SL,-1.1846153846153733,EURUSD,0.1846153846153734
19111,2023-01-25 19:59:00,-1,129.535,129.684,129.038,14.900000000000091,3.335570469798541,1,1D,1,3.335570469798541,TP,3.2483221476508906,USDJPY,0.08724832214765048
17279,2023-01-26 01:59:00,1,11840.779,11818.219,11912.749,22.56000000000131,3.190159574467871,1,12H,1,3.190159574467871,TP,3.1236702127657474,NAS100,0.0664893617021238
19126,2023-01-26 11:59:00,-1,1.2391,1.2407299999999999,1.22961,16.299999999997983,5.822085889571271,1,12H,1,-1.0,SL,-1.092024539877312,GBPUSD,0.092024539877312
19132,2023-01-26 16:59:00,-1,130.399,130.628,129.038,22.8999999999985,5.943231441048381,1,1D,1,0.4890829694323236,tiempo,0.4323144104803548,USDJPY,0.056768558951968785
19140,2023-01-26 21:59:00,-1,1.08916,1.08958,1.08571,4.20000000000087,8.214285714283902,1,12H,1,-1.0,SL,-1.2857142857142265,EURUSD,0.2857142857142265
19177,2023-01-30 14:59:00,1,1.23754,1.2365,1.24184,10.40000000000152,4.134615384614753,1,12H,1,-1.0,SL,-1.144230769230748,GBPUSD,0.14423076923074815
19190,2023-01-31 02:59:00,1,130.182,130.049,130.618,13.299999999998136,3.278195488722317,1,12H,3,-1.0,SL,-1.0977443609022695,USDJPY,0.09774436090226934
19211,2023-02-01 00:59:00,1,1.231,1.23016,1.23622,8.40000000000174,6.21428571428443,2,4H,4,-1.0,SL,-1.1785714285713915,GBPUSD,0.1785714285713916
17367,2023-02-01 01:59:00,1,12039.729,12029.139,12194.299,10.590000000000146,14.595845136921568,1,1D,1,-1.0,SL,-1.141643059490083,NAS100,0.14164305949008305
19218,2023-02-01 07:59:00,1,1.23192,1.23076,1.23622,11.599999999998278,3.706896551724854,2,4H,4,-1.0,SL,-1.1293103448276054,GBPUSD,0.1293103448276054
19223,2023-02-01 12:59:00,1,1.23246,1.23146,1.23622,10.000000000001119,3.7599999999995646,2,4H,4,-1.0,SL,-1.1499999999999833,GBPUSD,0.1499999999999832
19250,2023-02-02 12:59:00,-1,1.09839,1.10053,1.0888,21.400000000000308,4.481308411214883,1,12H,1,4.481308411214883,TP,4.425233644859744,EURUSD,0.05607476635513938
19252,2023-02-02 16:59:00,1,128.449,128.23700000000002,129.133,21.19999999999891,3.226415094339777,1,4H,1,3.226415094339777,TP,3.165094339622793,USDJPY,0.06132075471698429
19267,2023-02-03 05:59:00,-1,1.08934,1.08992,1.0852,5.800000000000249,7.1379310344825075,1,1D,1,-1.0,SL,-1.206896551724129,EURUSD,0.20689655172412902
17430,2023-02-06 07:59:00,1,4117.769,4113.01,4195.332,4.7590000000000146,16.29817188484973,1,1D,1,-1.0,SL,-1.1260769069132166,SPX500,0.12607690691321669
17436,2023-02-06 13:59:00,1,4104.51,4099.639,4195.332,4.871000000000095,18.645452679120993,1,1D,1,-1.0,SL,-1.1231779921987248,SPX500,0.12317799219872476
17438,2023-02-06 15:59:00,1,4113.763,4091.272,4195.332,22.490999999999985,3.626739584722799,1,1D,1,-1.0,SL,-1.0266773376017073,SPX500,0.026677337601707367
17440,2023-02-06 17:59:00,1,4111.093,4103.025,4195.332,8.068000000000211,10.441125433812381,1,1D,1,-1.0,SL,-1.074367873078828,SPX500,0.074367873078828
17456,2023-02-07 11:59:00,1,4113.332,4109.332,4130.775,4.0,4.360749999999825,1,12H,1,-1.0,SL,-1.15,SPX500,0.15
19349,2023-02-08 15:59:00,1,1.07251,1.07127,1.07987,12.400000000001299,5.935483870967147,1,1D,1,-1.0,SL,-1.096774193548377,EURUSD,0.09677419354837695
19352,2023-02-08 22:59:00,1,1.20695,1.20614,1.2108,8.099999999999774,4.753086419753381,1,4H,3,-1.0,SL,-1.1851851851851904,GBPUSD,0.18518518518519034
19376,2023-02-09 22:59:00,-1,1.21185,1.21233,1.20562,4.799999999998139,12.979166666672073,1,12H,1,-1.0,SL,-1.3125000000001212,GBPUSD,0.3125000000001212
19392,2023-02-10 10:59:00,1,1.07086,1.06905,1.07987,18.099999999998673,4.977900552486655,1,1D,1,-1.0,SL,-1.0662983425414414,EURUSD,0.06629834254144132
19389,2023-02-10 11:59:00,-1,1.21083,1.21189,1.20562,10.599999999998388,4.915094339623539,1,12H,1,-1.0,SL,-1.1415094339622858,GBPUSD,0.14150943396228566
17533,2023-02-13 00:59:00,1,4079.266,4074.022,4159.222,5.244000000000142,15.247139588100213,1,1D,2,-1.0,SL,-1.114416475972537,SPX500,0.11441647597253694
17542,2023-02-13 00:59:00,1,12268.739,12247.009,12400.599,21.729999999999563,6.068108605614507,2,4H,3,-1.0,SL,-1.0690289921767155,NAS100,0.06902899217671561
19426,2023-02-13 22:59:00,-1,132.377,132.459,131.386,8.199999999999363,12.085365853659644,1,12H,1,-1.0,SL,-1.158536585365866,USDJPY,0.15853658536586598
17558,2023-02-14 03:59:00,1,4132.703,4128.478,4159.222,4.225000000000364,6.276686390531844,1,1D,2,-1.0,SL,-1.1420118343195145,SPX500,0.1420118343195144
19434,2023-02-14 06:59:00,-1,131.948,132.07299999999998,131.386,12.499999999997158,4.496000000001117,1,12H,1,-1.0,SL,-1.1040000000000236,USDJPY,0.10400000000002366
19436,2023-02-14 08:59:00,-1,132.012,132.15099999999998,131.386,13.899999999998158,4.503597122302789,1,12H,1,-1.0,SL,-1.0935251798561274,USDJPY,0.0935251798561275
19472,2023-02-15 18:59:00,1,1.06755,1.06594,1.07241,16.099999999998893,3.018633540372932,1,4H,1,-1.0,SL,-1.0745341614906883,EURUSD,0.07453416149068835
17596,2023-02-15 19:59:00,-1,4132.09,4144.032,4068.76,11.942000000000007,5.303131803717961,1,1D,1,-1.0,SL,-1.0502428403952437,SPX500,0.05024284039524365
19476,2023-02-15 22:59:00,1,1.0688,1.06839,1.07241,4.100000000000215,8.804878048780303,1,4H,1,-1.0,SL,-1.292682926829253,EURUSD,0.29268292682925295
17624,2023-02-16 16:59:00,-1,12603.799,12636.399,12478.219,32.599999999998545,3.852147239264029,1,12H,1,-1.0,SL,-1.0460122699386523,NAS100,0.04601226993865236
17618,2023-02-16 19:59:00,-1,4129.353,4137.331,4102.856,7.9780000000000655,3.32125846076712,1,12H,1,3.32125846076712,TP,3.2460516420155536,SPX500,0.07520681875156619
19495,2023-02-16 21:59:00,1,1.19938,1.19801,1.20594,13.699999999998713,4.78832116788375,1,4H,1,-1.0,SL,-1.1094890510949007,GBPUSD,0.1094890510949008
19502,2023-02-17 02:59:00,-1,134.593,134.7,133.602,10.699999999999932,9.261682242990577,2,12H,3,-1.0,SL,-1.1214953271028045,USDJPY,0.12149532710280452
19518,2023-02-17 18:59:00,-1,134.235,134.302,132.542,6.699999999997885,25.268656716426065,1,1D,3,-1.0,SL,-1.1940298507463298,USDJPY,0.1940298507463299
19533,2023-02-20 15:59:00,-1,1.20289,1.20414,1.19207,12.499999999999734,8.656000000000226,1,12H,1,-1.0,SL,-1.1200000000000025,GBPUSD,0.12000000000000256
19535,2023-02-20 18:59:00,-1,1.20344,1.20412,1.19207,6.800000000000139,16.720588235293924,1,12H,1,-1.0,SL,-1.220588235294113,GBPUSD,0.22058823529411312
19540,2023-02-20 20:59:00,-1,1.06844,1.06883,1.06126,3.8999999999989043,18.41025641026149,1,12H,1,-1.0,SL,-1.307692307692394,EURUSD,0.30769230769239414
19537,2023-02-20 23:59:00,-1,1.20378,1.20444,1.19207,6.599999999998829,17.742424242427557,1,12H,1,-1.0,SL,-1.2272727272727675,GBPUSD,0.2272727272727676
17666,2023-02-21 01:59:00,1,12315.699,12297.899,12422.549,17.80000000000109,6.0028089887636975,1,12H,1,-1.0,SL,-1.084269662921343,NAS100,0.08426966292134315
19541,2023-02-21 01:59:00,-1,134.306,134.486,132.542,17.99999999999784,9.800000000001232,1,1D,3,-1.0,SL,-1.0722222222222308,USDJPY,0.07222222222223089
17658,2023-02-21 01:59:00,1,4062.723,4057.47,4086.316,5.253000000000156,4.491338282885807,1,12H,2,-1.0,SL,-1.114220445459734,SPX500,0.1142204454597339
19543,2023-02-21 03:59:00,-1,134.42,134.503,132.542,8.29999999999984,22.62650602409665,1,1D,3,-1.0,SL,-1.1566265060240994,USDJPY,0.1566265060240994
17660,2023-02-21 03:59:00,1,4061.714,4058.229,4086.316,3.4850000000001273,7.059397417503289,1,12H,2,-1.0,SL,-1.1721664275466221,SPX500,0.17216642754662212
19544,2023-02-21 06:59:00,-1,1.20272,1.20321,1.19207,4.899999999998794,21.734693877556467,1,12H,1,-1.0,SL,-1.3061224489796672,GBPUSD,0.30612244897966717
19549,2023-02-21 09:59:00,1,134.585,134.42100000000002,135.116,16.399999999998727,3.237804878049068,1,12H,1,3.237804878049068,TP,3.158536585366135,USDJPY,0.07926829268293299
19556,2023-02-22 01:59:00,-1,1.21206,1.2136,1.20617,15.400000000000968,3.8246753246750522,1,4H,1,3.8246753246750522,TP,3.727272727272461,GBPUSD,0.09740259740259127
19560,2023-02-22 01:59:00,-1,1.06573,1.06648,1.06126,7.500000000000284,5.95999999999974,2,1D,1,5.95999999999974,TP,5.799999999999746,EURUSD,0.15999999999999392
19564,2023-02-22 09:59:00,1,1.20772,1.20636,1.2135,13.599999999998058,4.250000000000694,1,4H,1,-1.0,SL,-1.1102941176470746,GBPUSD,0.11029411764707457
17685,2023-02-22 15:59:00,1,3997.313,3981.727,4052.777,15.58600000000024,3.5585782112151345,1,12H,1,-1.0,SL,-1.0384960862312325,SPX500,0.03849608623123257
19569,2023-02-22 18:59:00,-1,1.20658,1.20833,1.19854,17.499999999999183,4.594285714285956,1,12H,1,4.594285714285956,TP,4.508571428571666,GBPUSD,0.08571428571428971
17701,2023-02-23 04:59:00,1,12172.229,12162.719,12255.899,9.510000000000218,8.79810725552031,2,12H,2,-1.0,SL,-1.157728706624602,NAS100,0.15772870662460206
17706,2023-02-23 09:59:00,1,12148.849,12115.609,12255.899,33.23999999999978,3.2205174488567985,2,12H,2,-1.0,SL,-1.045126353790614,NAS100,0.04512635379061401
17698,2023-02-23 09:59:00,1,4007.897,4000.914,4052.777,6.98299999999972,6.427037090076172,1,12H,1,-1.0,SL,-1.0859229557496812,SPX500,0.08592295574968123
17713,2023-02-24 00:59:00,1,12165.049,12140.229,12255.899,24.820000000001528,3.660354552779732,2,12H,2,-1.0,SL,-1.0604351329572888,NAS100,0.060435132957288785
17719,2023-02-24 06:59:00,1,12148.569,12135.949,12255.899,12.619999999998981,8.504754358162328,2,12H,2,-1.0,SL,-1.118858954041214,NAS100,0.11885895404121403
19626,2023-02-28 03:59:00,-1,136.23,136.31199999999998,134.054,8.199999999999363,26.53658536585557,1,1D,2,-1.0,SL,-1.158536585365866,USDJPY,0.15853658536586598
19627,2023-02-28 04:59:00,-1,136.237,136.33499999999998,134.054,9.799999999998477,22.27551020408502,1,1D,2,-1.0,SL,-1.1326530612245105,USDJPY,0.13265306122451043
19631,2023-02-28 08:59:00,-1,136.71,136.856,134.054,14.599999999998658,18.19178082191952,1,1D,2,-1.0,SL,-1.089041095890419,USDJPY,0.08904109589041914
19646,2023-03-01 02:59:00,-1,1.05832,1.05873,1.05328,4.100000000000215,12.292682926828462,1,1D,1,-1.0,SL,-1.292682926829253,EURUSD,0.29268292682925295
19643,2023-03-01 03:59:00,-1,136.368,136.432,134.054,6.399999999999295,36.15625000000387,1,1D,2,-1.0,SL,-1.2031250000000224,USDJPY,0.20312500000002237
19649,2023-03-01 05:59:00,-1,1.05907,1.05962,1.05328,5.5000000000005045,10.527272727271692,1,1D,1,-1.0,SL,-1.2181818181817983,EURUSD,0.21818181818179816
19653,2023-03-01 09:59:00,-1,1.06422,1.06582,1.05328,16.00000000000046,6.837499999999773,1,1D,1,-1.0,SL,-1.074999999999998,EURUSD,0.07499999999999785
19655,2023-03-01 21:59:00,-1,136.15,136.245,134.054,9.499999999999886,22.063157894737145,1,1D,2,-1.0,SL,-1.1368421052631597,USDJPY,0.13684210526315954
19672,2023-03-02 21:59:00,1,136.752,136.66400000000002,137.1,8.799999999999386,3.954545454545557,1,4H,2,-1.0,SL,-1.1477272727272831,USDJPY,0.14772727272728303
19675,2023-03-03 01:59:00,1,136.622,136.48700000000002,137.1,13.49999999999909,3.5407407407408327,1,4H,2,-1.0,SL,-1.0962962962963028,USDJPY,0.09629629629630279
19679,2023-03-03 05:59:00,-1,1.19641,1.19768,1.1922,12.700000000001044,3.3149606299210244,1,1D,2,-1.0,SL,-1.1181102362204627,GBPUSD,0.11811023622046274
19682,2023-03-03 08:59:00,-1,1.19783,1.19949,1.1922,16.599999999999948,3.391566265060266,1,1D,2,-1.0,SL,-1.0903614457831328,GBPUSD,0.09036144578313281
19685,2023-03-03 12:59:00,-1,1.19881,1.20071,1.1922,19.000000000000128,3.4789473684210317,1,1D,2,-1.0,SL,-1.0789473684210522,GBPUSD,0.0789473684210521
19691,2023-03-06 00:59:00,-1,1.20283,1.20397,1.1922,11.399999999999189,9.324561403509557,1,1D,2,-1.0,SL,-1.1315789473684303,GBPUSD,0.13157894736843043
17825,2023-03-07 00:59:00,-1,12310.739,12318.659,12275.569,7.920000000000073,4.440656565656534,1,4H,1,-1.0,SL,-1.1893939393939377,NAS100,0.18939393939393764
17827,2023-03-07 02:59:00,-1,12334.387,12352.299,12275.569,17.912000000000262,3.283720410897737,1,4H,1,-1.0,SL,-1.0837427422956665,NAS100,0.08374274229566649
19711,2023-03-07 03:59:00,-1,135.963,136.07299999999998,135.527,10.999999999998522,3.9636363636369603,1,4H,3,-1.0,SL,-1.1181818181818342,USDJPY,0.11818181818183407
19713,2023-03-07 05:59:00,-1,135.991,136.047,135.527,5.599999999998317,8.285714285717258,1,4H,3,-1.0,SL,-1.232142857142927,USDJPY,0.2321428571429269
17851,2023-03-09 02:59:00,1,3985.607,3980.773,4060.802,4.833999999999833,15.555440628879348,1,1D,1,-1.0,SL,-1.1241208109226357,SPX500,0.12412081092263566
17858,2023-03-09 02:59:00,1,12179.049,12164.509,12352.909,14.540000000000873,11.957359009627808,1,1D,1,-1.0,SL,-1.1031636863823873,NAS100,0.1031636863823872
19747,2023-03-09 05:59:00,1,136.822,136.72,137.465,10.200000000000387,6.303921568627219,2,4H,2,-1.0,SL,-1.127450980392152,USDJPY,0.12745098039215202
17859,2023-03-09 10:59:00,1,3982.273,3974.511,4060.802,7.762000000000171,10.117108992527475,1,1D,1,-1.0,SL,-1.0772996650347832,SPX500,0.07729966503478314
19760,2023-03-10 01:59:00,1,1.19245,1.19158,1.20649,8.699999999999264,16.137931034484183,1,1D,1,-1.0,SL,-1.1724137931034628,GBPUSD,0.17241379310346286
19767,2023-03-10 04:59:00,-1,1.05945,1.0599399999999999,1.05635,4.899999999998794,6.326530612246664,1,4H,3,-1.0,SL,-1.2448979591837337,EURUSD,0.24489795918373372
19780,2023-03-12 23:59:00,-1,1.06815,1.06989,1.05806,17.400000000000748,5.798850574712356,1,4H,1,-1.0,SL,-1.0689655172413763,EURUSD,0.06896551724137634
19778,2023-03-13 00:59:00,1,134.717,134.226,136.874,49.10000000000139,4.393075356415318,2,4H,1,-1.0,SL,-1.0264765784114045,USDJPY,0.02647657841140455
19780,2023-03-13 02:59:00,1,134.108,133.67100000000002,137.284,43.69999999999834,7.267734553775992,1,12H,1,-1.0,SL,-1.0297482837528615,USDJPY,0.029748283752861544
19813,2023-03-15 02:59:00,-1,1.21724,1.21825,1.20459,10.099999999999554,12.524752475248128,1,1D,1,12.524752475248128,TP,12.376237623762973,GBPUSD,0.14851485148515509
19853,2023-03-17 08:59:00,1,133.111,132.941,135.112,16.99999999999875,11.770588235295012,1,1D,1,-1.0,SL,-1.0764705882352998,USDJPY,0.07647058823529974
17985,2023-03-21 00:59:00,1,12565.949,12545.389,12628.499,20.56000000000131,3.042315175097047,1,1D,1,3.042315175097047,TP,2.969357976653472,NAS100,0.07295719844357512
19880,2023-03-21 00:59:00,1,131.229,131.019,132.08,21.000000000000796,4.052380952380794,1,4H,1,4.052380952380794,TP,3.9904761904760346,USDJPY,0.06190476190475956
17986,2023-03-21 01:59:00,-1,12570.819,12581.009,12395.099,10.19000000000051,17.24435721295295,1,4H,2,-1.0,SL,-1.1472031403336531,NAS100,0.1472031403336531
19882,2023-03-21 02:59:00,1,131.213,131.149,132.08,6.399999999999295,13.546875000001783,1,4H,1,13.546875000001783,TP,13.34375000000176,USDJPY,0.20312500000002237
17988,2023-03-21 03:59:00,1,12566.609,12555.649,12628.499,10.960000000000946,5.646897810218437,1,1D,1,5.646897810218437,TP,5.510036496349836,NAS100,0.13686131386860131
19884,2023-03-21 04:59:00,1,131.243,131.16500000000002,132.08,7.799999999997453,10.730769230772959,1,4H,1,10.730769230772959,TP,10.564102564106237,USDJPY,0.16666666666672109
19912,2023-03-23 00:59:00,-1,1.22879,1.22937,1.22079,5.800000000000249,13.79310344827528,2,12H,3,-1.0,SL,-1.2586206896551613,GBPUSD,0.2586206896551613
19917,2023-03-23 05:59:00,-1,1.23234,1.23372,1.22079,13.799999999999368,8.369565217391651,2,12H,3,-1.0,SL,-1.108695652173918,GBPUSD,0.10869565217391802
18025,2023-03-23 23:59:00,1,3949.692,3946.597,4040.137,3.0949999999998,29.222940226173186,1,1D,2,-1.0,SL,-1.1938610662358768,SPX500,0.19386106623587682
19927,2023-03-23 23:59:00,1,1.22815,1.22659,1.23432,15.600000000000058,3.955128205128196,1,12H,1,-1.0,SL,-1.0961538461538458,GBPUSD,0.0961538461538458
18035,2023-03-24 01:59:00,-1,12723.089,12741.689,12546.389,18.600000000000364,9.499999999999853,1,1D,2,-1.0,SL,-1.080645161290321,NAS100,0.08064516129032101
19937,2023-03-24 04:59:00,-1,1.08335,1.0838,1.0759,4.500000000000615,16.555555555553198,1,1D,1,16.555555555553198,TP,16.288888888886568,EURUSD,0.26666666666663025
19934,2023-03-24 06:59:00,-1,1.22709,1.2288999999999999,1.21784,18.099999999998673,5.110497237569425,1,1D,3,-1.0,SL,-1.0828729281768017,GBPUSD,0.08287292817680166
19937,2023-03-24 11:59:00,-1,1.2213,1.22204,1.21784,7.399999999999629,4.675675675675935,1,1D,3,-1.0,SL,-1.2027027027027128,GBPUSD,0.20270270270271287
18045,2023-03-24 13:59:00,-1,12678.869,12714.549,12571.629,35.68000000000029,3.0056053811658887,2,12H,2,-1.0,SL,-1.0420403587443943,NAS100,0.042040358744394275
19941,2023-03-24 19:59:00,-1,1.22278,1.2234099999999999,1.21784,6.299999999999084,7.841269841270893,1,1D,3,-1.0,SL,-1.2380952380952728,GBPUSD,0.23809523809527272
18049,2023-03-27 00:59:00,-1,12796.509,12825.899,12571.629,29.389999999999418,7.651582170806521,1,12H,1,-1.0,SL,-1.0510377679482827,NAS100,0.05103776794828274
19945,2023-03-27 01:59:00,1,1.2236,1.22289,1.22736,7.099999999999884,5.29577464788739,1,4H,1,-1.0,SL,-1.2112676056338063,GBPUSD,0.21126760563380625
18045,2023-03-27 05:59:00,-1,3992.594,3995.963,3982.081,3.369000000000142,3.120510537251255,1,4H,1,-1.0,SL,-1.1780943900267067,SPX500,0.17809439002670666
18061,2023-03-28 05:59:00,1,3982.723,3979.08,4040.137,3.643000000000029,15.760087839692494,1,1D,2,-1.0,SL,-1.1646994235520163,SPX500,0.16469942355201625
18073,2023-03-28 08:59:00,1,12642.799,12628.719,12703.579,14.080000000001746,4.316761363635745,1,4H,1,-1.0,SL,-1.1065340909090777,NAS100,0.1065340909090777
18068,2023-03-28 15:59:00,1,3974.837,3960.691,4040.137,14.146000000000186,4.616145906970121,1,1D,2,-1.0,SL,-1.0424148169093732,SPX500,0.04241481690937312
19995,2023-03-29 23:59:00,-1,1.23097,1.23159,1.22807,6.200000000000649,4.6774193548380625,1,1D,1,-1.0,SL,-1.2419354838709424,GBPUSD,0.2419354838709424
20056,2023-04-04 09:59:00,-1,132.818,133.078,130.755,25.99999999999909,7.934615384615726,1,1D,4,-1.0,SL,-1.0500000000000018,USDJPY,0.05000000000000175
20062,2023-04-04 20:59:00,-1,131.69,131.783,130.755,9.299999999998931,10.053763440861395,1,1D,4,-1.0,SL,-1.1397849462365752,USDJPY,0.1397849462365752
20067,2023-04-05 03:59:00,-1,131.676,131.852,130.755,17.600000000001614,5.232954545454022,1,1D,4,-1.0,SL,-1.0738636363636296,USDJPY,0.0738636363636296
20071,2023-04-05 07:59:00,-1,1.24862,1.25151,1.23947,28.89999999999837,3.166089965398099,1,12H,1,3.166089965398099,TP,3.114186851211245,GBPUSD,0.051903114186854137
20075,2023-04-05 13:59:00,-1,1.2479,1.24945,1.23947,15.499999999999403,5.438709677419524,1,12H,1,-1.0,SL,-1.0967741935483908,GBPUSD,0.09677419354839083
20095,2023-04-06 14:59:00,-1,131.756,131.91299999999998,130.755,15.699999999998226,6.375796178344699,1,1D,4,-1.0,SL,-1.08280254777071,USDJPY,0.08280254777071
20110,2023-04-10 04:59:00,-1,132.657,132.807,130.755,14.999999999997726,12.680000000002023,1,1D,4,-1.0,SL,-1.0866666666666798,USDJPY,0.08666666666667981
20144,2023-04-11 18:59:00,-1,1.09074,1.09127,1.08808,5.299999999999194,5.018867924529267,1,4H,2,-1.0,SL,-1.226415094339657,EURUSD,0.22641509433965706
18239,2023-04-12 07:59:00,1,12952.239,12927.789,13124.289,24.44999999999891,7.036809815951279,1,1D,2,7.036809815951279,TP,6.975460122699743,NAS100,0.06134969325153648
18290,2023-04-17 10:59:00,-1,13086.389,13092.587,12817.529,6.19800000000032,43.37850919651257,1,1D,4,-1.0,SL,-1.242013552758942,NAS100,0.242013552758942
20215,2023-04-18 19:59:00,-1,1.24252,1.24325,1.23858,7.299999999998974,5.397260273973436,1,4H,2,-1.0,SL,-1.2054794520548233,GBPUSD,0.2054794520548234
20217,2023-04-18 23:59:00,-1,1.24243,1.24298,1.23858,5.5000000000005045,6.999999999999193,2,4H,6,-1.0,SL,-1.2727272727272476,GBPUSD,0.2727272727272477
18312,2023-04-19 00:59:00,-1,13081.509,13087.599,12817.529,6.0900000000001455,43.34646962233058,1,1D,4,-1.0,SL,-1.246305418719206,NAS100,0.24630541871920594
20233,2023-04-19 09:59:00,-1,134.789,135.143,133.709,35.40000000000134,3.050847457626958,1,1D,1,3.050847457626958,TP,3.0141242937851516,USDJPY,0.036723163841806516
20245,2023-04-20 10:59:00,-1,1.24351,1.24467,1.23672,11.600000000000499,5.853448275861689,1,12H,6,-1.0,SL,-1.1293103448275805,GBPUSD,0.12931034482758064
18342,2023-04-20 17:59:00,-1,13079.409,13109.839,12817.529,30.43000000000029,8.605980939861869,1,1D,4,8.605980939861869,TP,8.55668747946095,NAS100,0.04929346040091967
20253,2023-04-21 01:59:00,-1,1.24406,1.24467,1.23672,6.099999999999994,12.032786885245752,1,12H,6,12.032786885245752,TP,11.78688524590149,GBPUSD,0.2459016393442625
18346,2023-04-21 01:59:00,-1,13001.839,13017.099,12927.569,15.260000000000218,4.866972477064179,2,12H,4,4.866972477064179,TP,4.76867627785055,NAS100,0.098296199213629
18368,2023-04-24 06:59:00,1,12940.669,12924.629,13108.839,16.039999999999054,10.484413965087905,1,1D,2,-1.0,SL,-1.0935162094763147,NAS100,0.09351620947631474
20292,2023-04-25 01:59:00,-1,134.254,134.376,133.548,12.20000000000141,5.786885245900879,1,1D,1,-1.0,SL,-1.1065573770491681,USDJPY,0.10655737704916803
18371,2023-04-25 05:59:00,1,4125.597,4121.34,4148.716,4.256999999999607,5.430819826169305,2,1D,2,-1.0,SL,-1.1409443269908517,SPX500,0.14094432699085163
18386,2023-04-25 08:59:00,1,12905.039,12877.639,13016.099,27.400000000001455,4.053284671532613,2,12H,2,-1.0,SL,-1.0547445255474424,NAS100,0.05474452554744235
20295,2023-04-25 09:59:00,-1,1.24695,1.24784,1.24274,8.900000000000574,4.730337078651433,1,12H,1,-1.0,SL,-1.1685393258426857,GBPUSD,0.16853932584268574
20332,2023-04-26 20:59:00,-1,1.10384,1.10429,1.09641,4.500000000000615,16.51111111110847,1,1D,1,-1.0,SL,-1.2666666666666302,EURUSD,0.26666666666663025
20338,2023-04-27 04:59:00,-1,1.10506,1.10557,1.09641,5.1000000000001044,16.960784313724798,1,1D,1,-1.0,SL,-1.235294117647054,EURUSD,0.235294117647054
20342,2023-04-27 08:59:00,-1,1.10528,1.10603,1.09641,7.500000000000284,11.82666666666613,1,1D,1,11.82666666666613,TP,11.666666666666135,EURUSD,0.15999999999999392
20357,2023-04-30 22:59:00,-1,136.214,136.34,135.835,12.600000000000477,3.00793650793632,1,4H,1,-1.0,SL,-1.1031746031745993,USDJPY,0.10317460317459927
18462,2023-05-02 04:59:00,-1,13222.589,13230.309,13091.059,7.719999999999345,17.03756476684091,1,1D,1,-1.0,SL,-1.1943005181347315,NAS100,0.1943005181347315
18450,2023-05-02 04:59:00,-1,4165.537,4167.877,4112.741,2.3400000000001455,22.562393162391878,1,1D,1,-1.0,SL,-1.2564102564102404,SPX500,0.25641025641024046
20428,2023-05-05 03:59:00,1,134.037,133.96900000000002,134.349,6.799999999998363,4.588235294118507,1,4H,1,-1.0,SL,-1.1911764705882812,USDJPY,0.19117647058828133
20439,2023-05-05 04:59:00,-1,1.10417,1.10459,1.1022,4.199999999998649,4.690476190477764,1,12H,1,-1.0,SL,-1.2857142857143775,EURUSD,0.28571428571437757
20461,2023-05-08 09:59:00,1,1.10359,1.10217,1.10917,14.199999999999768,3.929577464788739,1,1D,1,-1.0,SL,-1.0845070422535226,EURUSD,0.0845070422535225
20463,2023-05-08 12:59:00,1,1.10369,1.10308,1.10917,6.099999999999994,8.983606557376941,1,1D,1,-1.0,SL,-1.19672131147541,EURUSD,0.19672131147541
20462,2023-05-09 04:59:00,-1,1.26125,1.26191,1.25681,6.6000000000010495,6.727272727271656,1,1D,1,-1.0,SL,-1.227272727272691,GBPUSD,0.22727272727269113
20468,2023-05-09 10:59:00,-1,1.26186,1.26258,1.25681,7.200000000000539,7.013888888888362,1,1D,1,-1.0,SL,-1.2083333333333177,GBPUSD,0.20833333333331772
20491,2023-05-10 23:59:00,-1,1.26252,1.26303,1.25845,5.1000000000001044,7.980392156862617,1,12H,1,-1.0,SL,-1.2941176470588176,GBPUSD,0.2941176470588175
20493,2023-05-11 01:59:00,-1,1.26285,1.26413,1.25845,12.799999999999478,3.4375000000001084,1,12H,1,3.4375000000001084,TP,3.3203125000001035,GBPUSD,0.11718750000000477
18560,2023-05-11 02:59:00,1,4144.797,4142.249,4154.062,2.5479999999997744,3.636185243328551,1,4H,2,-1.0,SL,-1.2354788069073992,SPX500,0.23547880690739917
20508,2023-05-11 22:59:00,1,134.518,134.46900000000002,134.842,4.899999999997817,6.61224489796238,2,12H,1,-1.0,SL,-1.2653061224490978,USDJPY,0.2653061224490978
20513,2023-05-12 04:59:00,1,134.57,134.50900000000001,134.842,6.099999999997863,4.45901639344451,2,12H,1,4.45901639344451,TP,4.245901639346075,USDJPY,0.21311475409843533
18588,2023-05-12 18:59:00,1,4106.787,4097.61,4153.113,9.17700000000059,5.048054919908145,1,12H,2,5.048054919908145,TP,4.982674076495269,SPX500,0.06538084341287582
20584,2023-05-18 09:59:00,1,1.24423,1.2427,1.25461,15.300000000000313,6.784313725490094,1,1D,1,-1.0,SL,-1.0980392156862724,GBPUSD,0.0980392156862725
18692,2023-05-22 10:59:00,1,13785.919,13775.119,13844.879,10.799999999999272,5.4592592592597144,1,4H,1,5.4592592592597144,TP,5.320370370370816,NAS100,0.13888888888889825
20643,2023-05-23 02:59:00,1,1.08102,1.08015,1.08479,8.700000000001484,4.333333333332398,1,1D,2,-1.0,SL,-1.1379310344827351,EURUSD,0.13793103448273508
20673,2023-05-25 11:59:00,-1,139.571,139.64499999999998,138.812,7.399999999998386,10.256756756758806,1,4H,1,-1.0,SL,-1.175675675675714,USDJPY,0.17567567567571402
20695,2023-05-29 02:59:00,-1,1.23497,1.23584,1.23085,8.700000000001484,4.735632183907125,1,1D,1,-1.0,SL,-1.1724137931034189,GBPUSD,0.17241379310341887
20721,2023-05-30 12:59:00,-1,1.2423,1.24471,1.23085,24.100000000000232,4.751037344398278,1,1D,1,-1.0,SL,-1.0622406639004143,GBPUSD,0.062240663900414335
20738,2023-05-31 09:59:00,-1,139.888,140.003,139.492,11.499999999998067,3.4434782608702745,1,1D,2,-1.0,SL,-1.1130434782608885,USDJPY,0.11304347826088856
20792,2023-06-04 21:59:00,-1,1.07063,1.07117,1.06617,5.399999999999849,8.25925925925932,1,1D,1,-1.0,SL,-1.2222222222222283,EURUSD,0.2222222222222284
20796,2023-06-05 02:59:00,-1,1.07001,1.07055,1.06617,5.399999999999849,7.11111111111102,1,1D,1,-1.0,SL,-1.2222222222222283,EURUSD,0.2222222222222284
20803,2023-06-05 09:59:00,-1,1.06922,1.07,1.06617,7.800000000000029,3.910256410256392,1,1D,1,-1.0,SL,-1.1538461538461533,EURUSD,0.15384615384615327
20808,2023-06-05 19:59:00,-1,1.07124,1.07184,1.06617,5.999999999999339,8.450000000000777,1,1D,1,-1.0,SL,-1.200000000000022,EURUSD,0.20000000000002202
20821,2023-06-06 10:59:00,1,1.06977,1.06813,1.07789,16.40000000000086,4.951219512194805,1,1D,1,-1.0,SL,-1.0731707317073131,EURUSD,0.07317073170731324
20809,2023-06-06 14:59:00,-1,139.75,140.00199999999998,138.603,25.199999999998113,4.551587301587608,1,1D,1,-1.0,SL,-1.0515873015873054,USDJPY,0.05158730158730545
18874,2023-06-07 00:59:00,-1,14562.617,14572.889,14475.399,10.271999999999025,8.490848909658201,1,4H,2,-1.0,SL,-1.1460280373831915,NAS100,0.14602803738319142
18861,2023-06-07 00:59:00,-1,4286.474,4289.964,4267.391,3.4899999999997817,5.467908309456083,1,4H,1,-1.0,SL,-1.1719197707736497,SPX500,0.17191977077364973
18876,2023-06-07 02:59:00,1,14549.429,14537.809,14664.567,11.6200000000008,9.908605851978578,1,1D,1,-1.0,SL,-1.1290877796901804,NAS100,0.12908777969018043
20817,2023-06-07 03:59:00,1,139.305,139.157,140.453,14.799999999999613,7.756756756756933,1,1D,2,-1.0,SL,-1.0878378378378402,USDJPY,0.08783783783784013
20818,2023-06-07 04:59:00,1,139.254,139.14000000000001,140.453,11.39999999999759,10.517543859651454,1,1D,2,-1.0,SL,-1.1140350877193224,USDJPY,0.11403508771932236
20820,2023-06-07 06:59:00,1,139.246,139.115,140.453,13.100000000000023,9.213740458015202,1,1D,2,-1.0,SL,-1.0992366412213739,USDJPY,0.09923664122137388
18882,2023-06-07 08:59:00,1,14526.809,14507.449,14664.567,19.359999999998763,7.1155991735541635,1,1D,1,-1.0,SL,-1.0774793388429802,NAS100,0.07747933884298015
18869,2023-06-07 08:59:00,1,4279.553,4274.527,4298.48,5.02599999999984,3.7658177477119543,1,1D,3,-1.0,SL,-1.1193792280143293,SPX500,0.1193792280143293
20832,2023-06-08 01:59:00,-1,139.916,140.10399999999998,139.032,18.799999999998818,4.70212765957469,1,4H,1,4.70212765957469,TP,4.632978723404473,USDJPY,0.06914893617021711
20831,2023-06-08 03:59:00,-1,1.24486,1.24532,1.23946,4.599999999999049,11.73913043478519,1,12H,1,-1.0,SL,-1.3260869565218065,GBPUSD,0.3260869565218065
20850,2023-06-08 05:59:00,-1,1.07101,1.07182,1.06669,8.099999999999774,5.3333333333336075,1,1D,1,-1.0,SL,-1.1481481481481524,EURUSD,0.14814814814815228
20839,2023-06-08 08:59:00,1,139.73,139.61100000000002,140.453,11.899999999997135,6.075630252102414,1,1D,2,-1.0,SL,-1.1092436974790179,USDJPY,0.1092436974790179
20841,2023-06-08 10:59:00,1,139.791,139.686,140.453,10.499999999998977,6.304761904762578,1,1D,2,-1.0,SL,-1.1238095238095358,USDJPY,0.12380952380953587
20858,2023-06-08 17:59:00,-1,1.0778,1.07866,1.06669,8.599999999998609,12.918604651165085,1,1D,1,-1.0,SL,-1.1395348837209527,EURUSD,0.1395348837209528
18932,2023-06-12 09:59:00,-1,14612.319,14639.889,14464.329,27.56999999999971,5.367791077257937,1,4H,1,-1.0,SL,-1.0544069640914042,NAS100,0.054406964091404275
20877,2023-06-12 17:59:00,-1,139.634,139.77499999999998,139.173,14.099999999999113,3.269503546099385,1,4H,1,-1.0,SL,-1.0921985815602895,USDJPY,0.09219858156028948
18975,2023-06-15 04:59:00,-1,14996.809,15009.109,14909.399,12.300000000001091,7.106504065040008,1,4H,2,-1.0,SL,-1.1219512195121844,NAS100,0.1219512195121843
18991,2023-06-16 04:59:00,-1,15155.519,15166.309,14988.769,10.789999999999054,15.454124189065302,1,4H,1,-1.0,SL,-1.139017608897139,NAS100,0.13901760889713916
18996,2023-06-19 06:59:00,-1,4408.129,4410.632,4346.177,2.5029999999997017,24.75109868158514,1,1D,1,-1.0,SL,-1.2397123451858056,SPX500,0.23971234518580564
20970,2023-06-19 08:59:00,-1,1.09294,1.09395,1.08036,10.099999999999554,12.45544554455504,1,1D,1,-1.0,SL,-1.118811881188124,EURUSD,0.11881188118812405
19012,2023-06-19 09:59:00,-1,15088.629,15097.889,14885.679,9.2599999999984,21.916846652271687,1,1D,1,-1.0,SL,-1.161987041036745,NAS100,0.16198704103674508
20974,2023-06-19 15:59:00,-1,1.09218,1.09298,1.08036,8.00000000000134,14.774999999997453,1,1D,1,-1.0,SL,-1.1499999999999748,EURUSD,0.14999999999997488
19023,2023-06-20 06:59:00,-1,15043.829,15057.087,14885.679,13.25799999999981,11.928646854729363,1,1D,1,-1.0,SL,-1.1131392366872848,NAS100,0.11313923668728476
20985,2023-06-20 06:59:00,-1,1.09215,1.09332,1.08036,11.700000000001154,10.076923076922055,1,1D,1,-1.0,SL,-1.1025641025640924,EURUSD,0.10256410256409244
19019,2023-06-20 18:59:00,-1,4392.787,4397.802,4346.177,5.014999999999418,9.294117647060018,1,1D,1,9.294117647060018,TP,9.174476570290313,SPX500,0.11964107676970481
19036,2023-06-21 03:59:00,1,15070.059,15059.539,15135.299,10.519999999998618,6.201520912548496,1,1D,1,-1.0,SL,-1.1425855513308172,NAS100,0.1425855513308172
19024,2023-06-21 03:59:00,1,4389.657,4386.671,4399.427,2.9859999999998763,3.271935699932998,1,4H,2,-1.0,SL,-1.2009377093101221,SPX500,0.20093770931012217
19040,2023-06-21 07:59:00,1,15043.129,15029.719,15135.299,13.410000000001673,6.873228933630766,1,1D,1,-1.0,SL,-1.1118568232662054,NAS100,0.11185682326620527
19031,2023-06-21 10:59:00,-1,4389.117,4393.812,4346.177,4.694999999999709,9.145899893504403,1,1D,1,9.145899893504403,TP,9.018104366347846,SPX500,0.12779552715655743
21013,2023-06-22 22:59:00,1,1.2746,1.2739800000000001,1.28017,6.199999999998429,8.983870967744332,2,4H,4,-1.0,SL,-1.241935483871029,GBPUSD,0.24193548387102903
19070,2023-06-23 05:59:00,1,14974.809,14947.539,15088.297,27.269999999998618,4.161642830950016,1,1D,1,-1.0,SL,-1.0550055005500578,NAS100,0.0550055005500578
19075,2023-06-23 10:59:00,1,14933.719,14920.109,15088.297,13.609999999998763,11.357678177811565,1,1D,1,-1.0,SL,-1.1102130786186728,NAS100,0.11021307861867276
19077,2023-06-23 14:59:00,1,14882.309,14824.549,15088.297,57.7599999999984,3.5662742382272663,1,1D,1,-1.0,SL,-1.0259695290858732,NAS100,0.025969529085873296
19065,2023-06-23 15:59:00,1,4354.174,4343.397,4393.557,10.777000000000044,3.6543564999535727,1,1D,1,-1.0,SL,-1.055674120812842,SPX500,0.05567412081284193
19081,2023-06-26 00:59:00,-1,14924.849,14934.699,14784.519,9.850000000000364,14.24670050761368,1,1D,1,-1.0,SL,-1.1522842639593853,NAS100,0.15228426395938524
19069,2023-06-26 00:59:00,-1,4356.367,4358.427,4349.616,2.0599999999994907,3.2771844660203264,1,12H,1,-1.0,SL,-1.2912621359224021,SPX500,0.2912621359224021
19084,2023-06-26 03:59:00,-1,14934.219,14946.997,14784.519,12.778000000000247,11.715448426983567,1,1D,1,-1.0,SL,-1.1173892627954274,NAS100,0.11738926279542737
21035,2023-06-26 04:59:00,1,1.27316,1.27268,1.28058,4.8000000000003595,15.458333333332138,1,1D,2,-1.0,SL,-1.3124999999999765,GBPUSD,0.3124999999999766
21083,2023-06-28 21:59:00,-1,144.372,144.48,144.046,10.799999999997567,3.0185185185194006,2,4H,2,-1.0,SL,-1.1203703703703976,USDJPY,0.1203703703703975
21090,2023-06-29 05:59:00,-1,144.53,144.614,143.37,8.400000000000318,13.809523809523245,1,12H,1,-1.0,SL,-1.1547619047618989,USDJPY,0.1547619047618989
21108,2023-06-29 14:59:00,1,1.08896,1.08679,1.09621,21.700000000000053,3.3410138248847745,2,12H,1,-1.0,SL,-1.0552995391705067,EURUSD,0.05529953917050678
21133,2023-07-04 01:59:00,-1,1.26943,1.27021,1.26613,7.800000000000029,4.230769230769319,2,4H,3,-1.0,SL,-1.1923076923076916,GBPUSD,0.1923076923076916
21145,2023-07-04 09:59:00,1,144.422,144.29000000000002,145.067,13.199999999997658,4.886363636364581,1,1D,2,-1.0,SL,-1.098484848484866,USDJPY,0.09848484848486597
21146,2023-07-04 11:59:00,-1,144.412,144.474,143.984,6.19999999999834,6.903225806453417,1,4H,2,-1.0,SL,-1.209677419354895,USDJPY,0.20967741935489484
21149,2023-07-05 00:59:00,-1,1.27132,1.27219,1.2599,8.699999999999264,13.12643678161029,1,1D,3,-1.0,SL,-1.1724137931034628,GBPUSD,0.17241379310346286
21166,2023-07-05 02:59:00,1,1.08781,1.0874,1.09414,4.100000000000215,15.439024390242965,1,1D,1,-1.0,SL,-1.292682926829253,EURUSD,0.29268292682925295
21168,2023-07-05 20:59:00,-1,144.647,144.706,143.984,5.89999999999975,11.2372881355934,1,4H,2,11.2372881355934,TP,11.016949152542542,USDJPY,0.2203389830508568
21165,2023-07-05 22:59:00,-1,1.27009,1.27068,1.2599,5.9000000000009045,17.271186440675184,1,1D,3,-1.0,SL,-1.2542372881355544,GBPUSD,0.25423728813555424
19192,2023-07-06 02:59:00,-1,15184.549,15199.559,15112.099,15.0099999999984,4.826782145237072,1,4H,1,4.826782145237072,TP,4.726848767488893,NAS100,0.09993337774817855
21176,2023-07-06 06:59:00,1,143.837,143.607,145.067,22.999999999998977,5.347826086956839,1,1D,2,-1.0,SL,-1.0565217391304373,USDJPY,0.0565217391304373
19263,2023-07-13 04:59:00,-1,4481.61,4485.562,4445.394,3.9520000000002256,9.163967611335368,1,4H,2,-1.0,SL,-1.1518218623481695,SPX500,0.15182186234816947
21268,2023-07-13 14:59:00,1,138.186,138.041,139.693,14.500000000001023,10.393103448275163,1,12H,1,-1.0,SL,-1.0896551724137868,USDJPY,0.08965517241378677
19321,2023-07-18 03:59:00,-1,15679.019,15686.899,15595.269,7.8799999999992,10.628172588833566,1,4H,1,-1.0,SL,-1.190355329949258,NAS100,0.1903553299492579
21304,2023-07-18 04:59:00,-1,1.3094,1.31006,1.30533,6.6000000000010495,6.166666666665377,2,4H,2,-1.0,SL,-1.227272727272691,GBPUSD,0.22727272727269113
21319,2023-07-18 14:59:00,-1,138.616,139.00199999999998,137.237,38.599999999996726,3.5725388601039794,1,1D,1,-1.0,SL,-1.0336787564766867,USDJPY,0.0336787564766868
21329,2023-07-19 05:59:00,-1,139.356,139.453,137.237,9.700000000000841,21.84536082474037,1,1D,1,-1.0,SL,-1.1340206185566895,USDJPY,0.13402061855668942
21334,2023-07-19 11:59:00,-1,139.795,140.00199999999998,137.237,20.699999999999363,12.357487922705658,1,1D,1,-1.0,SL,-1.0628019323671516,USDJPY,0.06280193236715169
21370,2023-07-24 02:59:00,-1,1.28624,1.28707,1.28366,8.299999999998864,3.108433734940217,1,4H,2,-1.0,SL,-1.1807228915662897,GBPUSD,0.1807228915662898
21386,2023-07-24 02:59:00,-1,1.11263,1.11321,1.11079,5.800000000000249,3.1724137931034218,1,4H,1,-1.0,SL,-1.206896551724129,EURUSD,0.20689655172412902
21452,2023-07-30 21:59:00,1,1.28521,1.28371,1.29804,15.000000000000568,8.55333333333309,2,12H,2,-1.0,SL,-1.0999999999999963,GBPUSD,0.09999999999999622
21468,2023-07-30 21:59:00,1,1.10184,1.10085,1.11439,9.899999999998244,12.676767676769988,1,1D,2,-1.0,SL,-1.1212121212121426,EURUSD,0.12121212121214271
21457,2023-07-31 02:59:00,1,1.28541,1.28427,1.29804,11.399999999999189,11.078947368421964,2,12H,2,-1.0,SL,-1.1315789473684303,GBPUSD,0.13157894736843043
21473,2023-07-31 02:59:00,1,1.10153,1.10081,1.11439,7.199999999998319,17.861111111115413,1,1D,2,-1.0,SL,-1.1666666666667056,EURUSD,0.16666666666670557
21468,2023-07-31 13:59:00,1,1.28551,1.2827,1.29804,28.099999999999792,4.459074733096172,2,12H,2,-1.0,SL,-1.0533807829181498,GBPUSD,0.05338078291814986
21471,2023-07-31 16:59:00,1,1.28577,1.2851,1.29804,6.700000000001705,18.31343283581624,2,12H,2,-1.0,SL,-1.2238805970148685,GBPUSD,0.22388059701486843
21491,2023-07-31 20:59:00,1,1.09963,1.09924,1.11439,3.900000000001125,37.846153846142634,1,1D,2,-1.0,SL,-1.307692307692219,EURUSD,0.30769230769221895
21487,2023-08-01 02:59:00,-1,142.573,142.80599999999998,140.689,23.299999999997567,8.085836909872151,1,12H,1,-1.0,SL,-1.0557939914163148,USDJPY,0.05579399141631484
21493,2023-08-01 08:59:00,-1,142.688,142.82399999999998,140.689,13.599999999999568,14.698529411765138,1,12H,1,-1.0,SL,-1.0955882352941206,USDJPY,0.0955882352941207
21504,2023-08-01 09:59:00,1,1.09752,1.0964800000000001,1.11439,10.399999999999299,16.221153846154884,1,1D,2,-1.0,SL,-1.1153846153846232,EURUSD,0.11538461538462316
21522,2023-08-02 03:59:00,1,1.09868,1.09792,1.11439,7.600000000000939,20.67105263157625,1,1D,2,-1.0,SL,-1.1578947368420858,EURUSD,0.15789473684208574
21506,2023-08-02 03:59:00,1,1.27742,1.27618,1.29804,12.399999999999078,16.62903225806582,2,12H,2,-1.0,SL,-1.1209677419354929,GBPUSD,0.12096774193549287
21509,2023-08-02 06:59:00,1,1.27732,1.27593,1.29804,13.900000000000023,14.906474820143911,2,12H,2,-1.0,SL,-1.107913669064748,GBPUSD,0.10791366906474802
21525,2023-08-02 06:59:00,1,1.09896,1.09803,1.10181,9.299999999998754,3.064516129032689,2,4H,2,-1.0,SL,-1.1290322580645333,EURUSD,0.12903225806453342
19516,2023-08-02 08:59:00,1,15535.869,15492.039,15788.169,43.82999999999993,5.756331279945236,1,12H,1,-1.0,SL,-1.0342231348391513,NAS100,0.03422313483915132
21513,2023-08-02 10:59:00,1,1.27822,1.27653,1.29953,16.899999999999693,12.609467455621626,1,1D,2,-1.0,SL,-1.0887573964497057,GBPUSD,0.08875739644970576
21529,2023-08-02 20:59:00,-1,143.317,143.42999999999998,142.624,11.299999999997112,6.132743362833533,1,4H,3,-1.0,SL,-1.11504424778764,USDJPY,0.11504424778764002
21533,2023-08-03 00:59:00,-1,143.349,143.422,142.624,7.30000000000075,9.931506849313969,1,4H,3,-1.0,SL,-1.1780821917808035,USDJPY,0.17808219178080362
21530,2023-08-03 03:59:00,1,1.27184,1.27085,1.2789,9.900000000000464,7.131313131312639,1,4H,2,-1.0,SL,-1.1515151515151445,GBPUSD,0.15151515151514441
21532,2023-08-03 05:59:00,1,1.27078,1.26912,1.2789,16.599999999999948,4.891566265060199,1,4H,2,-1.0,SL,-1.0903614457831328,GBPUSD,0.09036144578313281
19554,2023-08-04 02:59:00,1,15424.039,15410.369,15690.489,13.670000000000073,19.491587417702817,1,1D,1,-1.0,SL,-1.1097293343087047,NAS100,0.10972933430870462
21569,2023-08-04 02:59:00,1,1.09557,1.09514,1.10181,4.299999999999304,14.511627906979147,1,1D,1,-1.0,SL,-1.2790697674419056,EURUSD,0.2790697674419056
21576,2023-08-04 09:59:00,1,1.09446,1.09341,1.10181,10.499999999999954,7.0,1,1D,1,7.0,TP,6.885714285714285,EURUSD,0.11428571428571478
21578,2023-08-06 21:59:00,1,141.729,141.639,142.903,9.000000000000341,13.044444444443707,1,4H,2,-1.0,SL,-1.144444444444439,USDJPY,0.14444444444443896
21627,2023-08-08 12:59:00,1,1.09431,1.09337,1.10139,9.399999999999409,7.531914893617705,1,12H,1,-1.0,SL,-1.127659574468093,EURUSD,0.12765957446809312
21620,2023-08-08 21:59:00,1,1.27435,1.27383,1.27853,5.20000000000076,8.038461538460076,2,12H,2,-1.0,SL,-1.2884615384614964,GBPUSD,0.2884615384614963
21622,2023-08-08 23:59:00,1,1.27429,1.27374,1.27853,5.499999999998284,7.709090909093353,2,12H,2,-1.0,SL,-1.2727272727273578,GBPUSD,0.2727272727273578
19617,2023-08-08 23:59:00,1,15274.809,15265.129,15345.199,9.679999999998472,7.271694214877309,1,4H,1,7.271694214877309,TP,7.116735537191334,NAS100,0.15495867768597488
21639,2023-08-09 00:59:00,-1,1.09576,1.09661,1.0929,8.500000000000174,3.364705882352972,1,4H,1,-1.0,SL,-1.1411764705882324,EURUSD,0.1411764705882324
21623,2023-08-09 00:59:00,-1,1.27407,1.27507,1.2687,9.999999999998899,5.3700000000006884,1,4H,1,-1.0,SL,-1.1500000000000166,GBPUSD,0.1500000000000165
19622,2023-08-09 04:59:00,1,15301.689,15290.219,15345.199,11.470000000001164,3.7933740191801046,1,4H,1,3.7933740191801046,TP,3.662598081952568,NAS100,0.13077593722753686
21633,2023-08-09 10:59:00,1,1.27351,1.27284,1.27888,6.699999999999484,8.01492537313509,1,1D,2,-1.0,SL,-1.2238805970149427,GBPUSD,0.22388059701494262
21634,2023-08-09 11:59:00,1,1.27341,1.27278,1.27888,6.299999999999084,8.682539682541082,1,1D,2,-1.0,SL,-1.2380952380952728,GBPUSD,0.23809523809527272
21649,2023-08-10 02:59:00,-1,1.2715,1.27244,1.26838,9.399999999999409,3.319148936170434,1,12H,1,-1.0,SL,-1.1595744680851163,GBPUSD,0.1595744680851164
21684,2023-08-11 13:59:00,1,1.27038,1.2680500000000001,1.28185,23.299999999999432,4.9227467811159435,1,12H,1,-1.0,SL,-1.064377682403435,GBPUSD,0.06437768240343504
21692,2023-08-13 21:59:00,-1,1.26966,1.27041,1.26655,7.500000000000284,4.146666666666437,1,12H,1,-1.0,SL,-1.1999999999999924,GBPUSD,0.19999999999999243
19687,2023-08-14 03:59:00,1,14981.039,14951.819,15119.909,29.220000000001164,4.752566735112712,1,4H,2,4.752566735112712,TP,4.701232032853987,NAS100,0.05133470225872486
21704,2023-08-14 09:59:00,1,1.26962,1.26863,1.27382,9.900000000000464,4.242424242424025,2,12H,3,-1.0,SL,-1.1515151515151445,GBPUSD,0.15151515151514441
19682,2023-08-14 09:59:00,1,4474.114,4469.861,4526.367,4.252999999999702,12.286150952269992,1,1D,2,-1.0,SL,-1.1410768869033723,SPX500,0.14107688690337222
21720,2023-08-14 09:59:00,1,1.09496,1.09408,1.10049,8.799999999999919,6.284090909091007,1,12H,1,-1.0,SL,-1.1363636363636376,EURUSD,0.1363636363636376
21712,2023-08-14 17:59:00,1,1.26917,1.26859,1.27382,5.799999999998029,8.017241379313143,2,12H,3,-1.0,SL,-1.2586206896552603,GBPUSD,0.2586206896552603
21714,2023-08-14 19:59:00,1,1.26801,1.26719,1.27382,8.20000000000043,7.085365853658009,2,12H,3,7.085365853658009,TP,6.902439024389725,GBPUSD,0.1829268292682831
19703,2023-08-15 08:59:00,1,4473.879,4463.622,4526.367,10.256999999999607,5.11728575606925,1,1D,2,-1.0,SL,-1.0584966364434067,SPX500,0.05849663644340674
19715,2023-08-15 09:59:00,-1,15142.839,15166.079,14968.709,23.23999999999978,7.492685025817591,1,12H,1,-1.0,SL,-1.0645438898450952,NAS100,0.06454388984509526
19707,2023-08-15 12:59:00,1,4458.129,4452.379,4526.367,5.75,11.867478260869614,1,1D,2,-1.0,SL,-1.1043478260869566,SPX500,0.10434782608695652
21745,2023-08-15 20:59:00,1,145.562,145.508,145.822,5.400000000000205,4.814814814814464,1,4H,1,-1.0,SL,-1.2407407407407316,USDJPY,0.24074074074073162
19729,2023-08-16 01:59:00,-1,15049.109,15067.789,14968.709,18.68000000000029,4.3040685224838535,2,12H,1,-1.0,SL,-1.0802997858672365,NAS100,0.08029978586723643
19734,2023-08-16 17:59:00,1,4430.427,4416.527,4474.114,13.899999999999636,3.1429496402878447,1,12H,1,-1.0,SL,-1.0431654676259003,SPX500,0.04316546762590041
21791,2023-08-17 18:59:00,-1,146.151,146.308,145.549,15.699999999998226,3.8343949044590566,1,12H,1,3.8343949044590566,TP,3.7515923566883465,USDJPY,0.08280254777071
21794,2023-08-17 21:59:00,-1,145.812,145.879,145.549,6.699999999997885,3.925373134329675,2,12H,1,3.925373134329675,TP,3.731343283583345,USDJPY,0.1940298507463299
21803,2023-08-18 12:59:00,1,1.27106,1.26879,1.27871,22.699999999999942,3.370044052863416,1,12H,2,3.370044052863416,TP,3.3039647577092306,GBPUSD,0.06607929515418519
21819,2023-08-21 04:59:00,1,1.27381,1.27327,1.27655,5.40000000000207,5.074074074072064,1,12H,1,-1.0,SL,-1.2777777777776713,GBPUSD,0.2777777777776713
19789,2023-08-21 06:59:00,1,4365.926,4361.061,4420.622,4.865000000000691,11.242754367932609,1,1D,2,-1.0,SL,-1.1233299075025518,SPX500,0.12332990750255185
21852,2023-08-21 21:59:00,1,1.08961,1.08914,1.09136,4.699999999999704,3.7234042553196818,2,4H,1,3.7234042553196818,TP,3.4680851063834957,EURUSD,0.25531914893618624
21859,2023-08-22 04:59:00,-1,1.09091,1.09178,1.08695,8.699999999999264,4.5517241379313775,1,12H,1,-1.0,SL,-1.1379310344827702,EURUSD,0.13793103448277028
19810,2023-08-22 05:59:00,1,4396.663,4391.904,4420.622,4.758999999999105,5.034461021224049,1,1D,2,5.034461021224049,TP,4.908384114310808,SPX500,0.12607690691324078
21869,2023-08-22 14:59:00,1,1.08511,1.08319,1.0918,19.199999999999218,3.484375000000186,1,1D,1,-1.0,SL,-1.0625000000000024,EURUSD,0.06250000000000254
19840,2023-08-23 02:59:00,-1,14961.009,14976.389,14662.709,15.3799999999992,19.395318595579635,1,1D,1,-1.0,SL,-1.0975292587776384,NAS100,0.09752925877763836
19844,2023-08-23 06:59:00,-1,14975.539,14987.789,14662.709,12.25,25.53714285714285,1,1D,1,-1.0,SL,-1.1224489795918366,NAS100,0.12244897959183673
19833,2023-08-23 06:59:00,-1,4402.032,4405.557,4359.807,3.524999999999636,11.978723404256659,1,1D,1,-1.0,SL,-1.1702127659574644,SPX500,0.17021276595746437
19843,2023-08-23 16:59:00,-1,4428.563,4434.099,4359.807,5.536000000000058,12.419797687861198,1,1D,1,-1.0,SL,-1.1083815028901722,SPX500,0.10838150289017226
21884,2023-08-23 21:59:00,1,1.27183,1.27116,1.27644,6.699999999999484,6.8805970149259075,2,12H,2,-1.0,SL,-1.2238805970149427,GBPUSD,0.22388059701494262
21886,2023-08-23 23:59:00,1,1.27196,1.27128,1.27644,6.800000000000139,6.58823529411757,2,12H,2,-1.0,SL,-1.220588235294113,GBPUSD,0.22058823529411312
21905,2023-08-24 02:59:00,1,1.0865,1.08573,1.09303,7.699999999999374,8.480519480520073,1,1D,1,-1.0,SL,-1.1558441558441686,EURUSD,0.1558441558441685
21889,2023-08-24 02:59:00,1,1.2716,1.27045,1.27644,11.499999999999844,4.208695652173931,2,12H,2,-1.0,SL,-1.1304347826086973,GBPUSD,0.13043478260869742
21913,2023-08-24 10:59:00,1,1.08546,1.08455,1.09303,9.100000000001884,8.318681318679436,1,1D,1,-1.0,SL,-1.1318681318681045,EURUSD,0.13186813186810456
21897,2023-08-24 10:59:00,1,1.26845,1.26662,1.27644,18.299999999999983,4.366120218579207,2,12H,2,-1.0,SL,-1.0819672131147542,GBPUSD,0.08196721311475418
21900,2023-08-24 13:59:00,1,1.26452,1.26251,1.27644,20.100000000000673,5.930348258706235,2,12H,2,-1.0,SL,-1.0746268656716393,GBPUSD,0.07462686567163929
21917,2023-08-24 14:59:00,-1,1.08393,1.08496,1.08025,10.299999999998644,3.572815533981177,1,12H,1,3.572815533981177,TP,3.4563106796122294,EURUSD,0.11650485436894738
19865,2023-08-24 16:59:00,1,4405.203,4396.466,4473.647,8.73700000000008,7.83381023234507,1,4H,1,-1.0,SL,-1.068673457708595,SPX500,0.068673457708595
21907,2023-08-24 20:59:00,1,1.25985,1.25896,1.27644,8.899999999998354,18.640449438205813,1,12H,1,-1.0,SL,-1.168539325842728,GBPUSD,0.1685393258427278
19883,2023-08-25 01:59:00,1,14813.317,14794.539,14959.379,18.77799999999843,7.778357652572901,1,4H,2,-1.0,SL,-1.0798807114708768,NAS100,0.07988071147087686
21921,2023-08-25 04:59:00,-1,146.045,146.18699999999998,144.538,14.19999999999959,10.612676056338168,1,1D,1,-1.0,SL,-1.0915492957746504,USDJPY,0.09154929577465053
21923,2023-08-25 06:59:00,-1,146.087,146.266,144.538,17.900000000000205,8.65363128491598,1,1D,1,-1.0,SL,-1.0726256983240214,USDJPY,0.07262569832402152
19880,2023-08-25 09:59:00,1,4380.824,4378.584,4465.009,2.2399999999997817,37.58258928571813,1,12H,2,-1.0,SL,-1.267857142857169,SPX500,0.26785714285716894
19886,2023-08-25 15:59:00,1,4375.609,4354.737,4465.009,20.8720000000003,4.283250287466384,1,12H,2,4.283250287466384,TP,4.254503641241777,SPX500,0.028746646224606716
19897,2023-08-25 15:59:00,1,14765.259,14712.589,15342.099,52.67000000000007,10.95196506550217,1,12H,2,10.95196506550217,TP,10.9234858553256,NAS100,0.028479210176571065
19908,2023-08-28 04:59:00,1,14948.719,14936.079,15342.099,12.639999999999418,31.121835443039487,2,12H,2,-1.0,SL,-1.1186708860759549,NAS100,0.11867088607595483
19902,2023-08-28 09:59:00,1,4412.167,4406.911,4465.009,5.256000000000313,10.053652968035863,2,12H,2,10.053652968035863,TP,9.939497716894317,SPX500,0.11415525114154572
19914,2023-08-28 10:59:00,1,14971.089,14952.659,15342.099,18.43000000000029,20.13076505697202,2,12H,2,-1.0,SL,-1.0813890396093313,NAS100,0.08138903960933132
19915,2023-08-29 00:59:00,1,4434.587,4429.387,4465.009,5.200000000000728,5.850384615383714,2,12H,2,-1.0,SL,-1.1153846153845992,SPX500,0.11538461538459924
19926,2023-08-29 00:59:00,1,15058.849,15039.0,15342.099,19.84900000000016,14.270240314373405,2,12H,2,-1.0,SL,-1.0755705577107153,NAS100,0.07557055771071529
19930,2023-08-29 04:59:00,-1,15070.519,15077.299,14965.719,6.780000000000655,15.457227138641736,1,4H,1,-1.0,SL,-1.221238938053076,NAS100,0.22123893805307598
19927,2023-08-29 12:59:00,1,4430.482,4423.461,4465.009,7.020999999999731,4.917675544794384,2,12H,2,4.917675544794384,TP,4.83221763281603,SPX500,0.08545791197835394
19938,2023-08-29 12:59:00,1,15032.589,15008.719,15342.099,23.8700000000008,12.966485127775025,2,12H,2,12.966485127775025,TP,12.903644742353997,NAS100,0.06284038542102847
21984,2023-08-29 19:59:00,1,145.814,145.657,146.742,15.699999999998226,5.910828025478358,1,12H,1,-1.0,SL,-1.08280254777071,USDJPY,0.08280254777071
21993,2023-08-30 04:59:00,1,146.223,146.126,147.125,9.700000000000841,9.298969072164006,1,4H,1,-1.0,SL,-1.1340206185566895,USDJPY,0.13402061855668942
19967,2023-08-30 19:59:00,-1,15463.949,15482.997,15009.719,19.047999999998865,23.846598068040134,1,12H,1,-1.0,SL,-1.078748425031504,NAS100,0.07874842503150406
19956,2023-08-30 19:59:00,-1,4515.274,4520.001,4489.604,4.726999999999862,5.430505606092834,2,4H,3,-1.0,SL,-1.1269303998307632,SPX500,0.12693039983076318
22009,2023-08-31 02:59:00,1,1.27228,1.27177,1.2746,5.1000000000001044,4.549019607842804,1,4H,1,-1.0,SL,-1.2941176470588176,GBPUSD,0.2941176470588175
19963,2023-08-31 04:59:00,-1,4517.993,4520.967,4489.604,2.9739999999992506,9.54572965703002,1,4H,3,-1.0,SL,-1.2017484868863992,SPX500,0.20174848688639918
22011,2023-08-31 04:59:00,1,1.27229,1.2718,1.2746,4.899999999998794,4.7142857142869445,1,4H,1,-1.0,SL,-1.3061224489796672,GBPUSD,0.30612244897966717
19982,2023-08-31 12:59:00,-1,15468.569,15504.909,15330.519,36.340000000000146,3.79884424876166,1,12H,1,-1.0,SL,-1.0412768299394606,NAS100,0.04127682993946048
19971,2023-08-31 12:59:00,-1,4524.55,4532.767,4489.604,8.216999999999643,4.252890349276066,1,12H,4,-1.0,SL,-1.073019350127787,SPX500,0.07301935012778703
22028,2023-08-31 15:59:00,1,145.686,145.446,146.535,24.00000000000091,3.5374999999998225,2,12H,2,-1.0,SL,-1.0541666666666647,USDJPY,0.054166666666664615
19995,2023-09-01 03:59:00,1,15515.099,15507.549,15564.999,7.549999999999272,6.609271523179396,1,4H,2,-1.0,SL,-1.198675496688761,NAS100,0.19867549668876086
22049,2023-09-01 18:59:00,1,1.25926,1.2584,1.26962,8.60000000000083,12.046511627905728,1,12H,1,-1.0,SL,-1.174418604651146,GBPUSD,0.17441860465114598
20015,2023-09-04 01:59:00,-1,15492.559,15508.399,15431.529,15.840000000000146,3.8529040404039314,2,4H,1,-1.0,SL,-1.0946969696969688,NAS100,0.09469696969696882
20006,2023-09-04 03:59:00,-1,4515.664,4518.727,4503.011,3.063000000000102,4.13091740124026,3,4H,4,-1.0,SL,-1.1958863858961737,SPX500,0.1958863858961737
20017,2023-09-04 03:59:00,-1,15504.489,15514.389,15431.529,9.899999999999636,7.369696969697152,2,4H,1,-1.0,SL,-1.1515151515151572,NAS100,0.15151515151515707
20020,2023-09-04 06:59:00,-1,15516.869,15522.409,15420.619,5.539999999999054,17.373646209389246,1,1D,1,-1.0,SL,-1.2707581227437286,NAS100,0.2707581227437285
20024,2023-09-04 10:59:00,-1,15531.309,15542.399,15420.619,11.090000000000146,9.981064021640869,1,1D,1,-1.0,SL,-1.135256988277726,NAS100,0.13525698827772592
20054,2023-09-05 23:59:00,-1,15493.169,15498.389,15416.349,5.219999999999345,14.716475095787231,2,4H,1,-1.0,SL,-1.2873563218391166,NAS100,0.2873563218391165
20059,2023-09-06 04:59:00,-1,15478.049,15487.069,15416.349,9.019999999998618,6.840354767185165,2,4H,1,-1.0,SL,-1.1662971175166552,NAS100,0.16629711751665519
20063,2023-09-06 08:59:00,-1,15454.589,15465.389,15416.349,10.799999999999272,3.5407407407409592,2,4H,1,-1.0,SL,-1.1388888888888982,NAS100,0.13888888888889825
20072,2023-09-06 17:59:00,1,15333.529,15286.129,15558.779,47.399999999999636,4.752109704641387,1,12H,1,-1.0,SL,-1.0316455696202533,NAS100,0.03164556962025341
22148,2023-09-07 05:59:00,1,1.07191,1.07145,1.07982,4.599999999999049,17.19565217391678,1,1D,1,-1.0,SL,-1.2608695652174453,EURUSD,0.2608695652174452
22142,2023-09-07 09:59:00,-1,147.444,147.507,147.13,6.30000000000166,4.9841269841255595,2,12H,3,-1.0,SL,-1.2063492063491519,USDJPY,0.206349206349152
22154,2023-09-07 21:59:00,-1,147.276,147.319,146.451,4.2999999999977945,19.186046511638143,1,1D,3,-1.0,SL,-1.302325581395504,USDJPY,0.3023255813955039
22170,2023-09-08 13:59:00,-1,147.463,147.706,146.451,24.2999999999995,4.16460905349803,1,1D,3,-1.0,SL,-1.0534979423868325,USDJPY,0.05349794238683238
20112,2023-09-11 03:58:00,-1,4461.873,4464.677,4429.28,2.8040000000000873,11.623751783166488,1,1D,1,-1.0,SL,-1.213980028530664,SPX500,0.2139800285306638
22216,2023-09-12 11:59:00,-1,146.895,147.00799999999998,146.521,11.299999999997112,3.3097345132753913,1,4H,1,-1.0,SL,-1.11504424778764,USDJPY,0.11504424778764002
20158,2023-09-12 15:59:00,1,15346.169,15308.229,15464.779,37.94000000000051,3.1262519768054555,1,4H,1,-1.0,SL,-1.0395361096468103,NAS100,0.03953610964681022
20171,2023-09-13 06:59:00,1,15289.369,15260.509,15483.099,28.860000000000582,6.712751212751062,1,1D,2,-1.0,SL,-1.051975051975051,NAS100,0.05197505197505093
20159,2023-09-13 06:59:00,1,4460.537,4453.334,4490.927,7.203000000000429,4.219075385255811,1,1D,2,-1.0,SL,-1.083298625572673,SPX500,0.08329862557267308
20162,2023-09-13 09:59:00,1,4461.331,4455.892,4490.927,5.439000000000306,5.441441441441053,1,1D,2,-1.0,SL,-1.1103143960286754,SPX500,0.11031439602867554
20174,2023-09-13 09:59:00,1,15283.279,15268.019,15483.099,15.260000000000218,13.094364351244879,1,1D,2,-1.0,SL,-1.098296199213629,NAS100,0.098296199213629
20163,2023-09-13 10:59:00,1,4459.171,4453.237,4490.927,5.9340000000001965,5.351533535557524,1,1D,2,-1.0,SL,-1.101112234580381,SPX500,0.10111223458038088
22242,2023-09-13 19:59:00,1,1.24873,1.24797,1.25298,7.599999999998719,5.592105263158952,2,12H,3,-1.0,SL,-1.197368421052665,GBPUSD,0.19736842105266486
20176,2023-09-14 01:59:00,-1,4475.239,4478.987,4455.647,3.748000000000502,5.227321237992801,1,4H,1,-1.0,SL,-1.1600853788687084,SPX500,0.16008537886870855
20179,2023-09-14 04:59:00,-1,4478.574,4481.864,4455.647,3.2899999999999636,6.968693009118521,1,4H,1,-1.0,SL,-1.182370820668695,SPX500,0.18237082066869503
22268,2023-09-14 15:59:00,1,147.173,147.006,147.745,16.70000000000016,3.425149700598786,1,12H,2,3.425149700598786,TP,3.347305389221541,USDJPY,0.07784431137724478
22263,2023-09-14 16:59:00,1,1.2414,1.24021,1.25298,11.900000000000244,9.731092436974526,2,1D,3,-1.0,SL,-1.1260504201680646,GBPUSD,0.12605042016806464
22309,2023-09-18 14:55:00,1,1.238,1.23714,1.24339,8.60000000000083,6.267441860464519,1,12H,2,-1.0,SL,-1.174418604651146,GBPUSD,0.17441860465114598
20248,2023-09-18 17:59:00,1,15245.489,15232.719,15336.169,12.770000000000437,7.101018010962975,1,4H,3,-1.0,SL,-1.1174628034455716,NAS100,0.11746280344557156
20255,2023-09-19 02:59:00,1,15223.759,15214.269,15336.169,9.489999999999782,11.845100105374335,2,4H,3,-1.0,SL,-1.1580611169652302,NAS100,0.1580611169652302
20247,2023-09-19 06:59:00,1,4450.972,4447.804,4516.381,3.1679999999996653,20.64678030303266,1,1D,1,-1.0,SL,-1.1893939393939594,SPX500,0.1893939393939594
20256,2023-09-19 15:59:00,1,4425.403,4420.249,4516.381,5.154000000000451,17.651920838182402,1,1D,1,-1.0,SL,-1.116414435389978,SPX500,0.11641443538997817
20257,2023-09-19 16:59:00,1,4422.604,4415.141,4516.381,7.463000000000648,12.565590245208616,1,1D,1,-1.0,SL,-1.0803966233418127,SPX500,0.08039662334181266
22340,2023-09-19 21:59:00,1,1.23919,1.23866,1.24455,5.299999999999194,10.113207547171408,1,1D,2,-1.0,SL,-1.2830188679245713,GBPUSD,0.2830188679245713
22344,2023-09-20 01:59:00,1,1.23897,1.23844,1.24455,5.299999999999194,10.528301886794319,1,1D,2,-1.0,SL,-1.2830188679245713,GBPUSD,0.2830188679245713
20276,2023-09-20 01:59:00,1,15181.609,15168.029,15252.549,13.579999999999927,5.223858615611259,2,4H,1,-1.0,SL,-1.1104565537555233,NAS100,0.11045655375552342
22363,2023-09-20 20:59:00,1,1.2343,1.23308,1.24455,12.199999999999989,8.401639344262378,1,1D,2,-1.0,SL,-1.1229508196721312,GBPUSD,0.12295081967213126
22385,2023-09-21 12:59:00,-1,147.954,148.06799999999998,147.472,11.39999999999759,4.228070175439484,1,12H,1,4.228070175439484,TP,4.114035087720161,USDJPY,0.11403508771932236
22390,2023-09-21 23:59:00,1,1.22924,1.22877,1.23448,4.700000000001925,11.148936170208012,1,12H,1,-1.0,SL,-1.319148936170082,GBPUSD,0.31914893617008205
22397,2023-09-22 06:59:00,1,1.22817,1.22676,1.23448,14.099999999999113,4.475177304964848,1,12H,1,-1.0,SL,-1.106382978723411,GBPUSD,0.10638297872341095
20315,2023-09-22 08:59:00,1,4336.851,4330.41,4361.107,6.4409999999998035,3.7658748641516926,1,4H,1,-1.0,SL,-1.0931532370749912,SPX500,0.0931532370749912
20318,2023-09-22 11:59:00,1,4339.903,4335.192,4361.107,4.71100000000024,4.500955211207524,2,4H,1,-1.0,SL,-1.1273614943748609,SPX500,0.12736149437486083
20320,2023-09-22 13:59:00,1,4340.512,4331.853,4379.913,8.65899999999965,4.550294491280914,1,12H,1,-1.0,SL,-1.069292066058439,SPX500,0.0692920660584391
20323,2023-09-22 16:59:00,1,4350.487,4342.081,4379.913,8.405999999999949,3.500594813228605,1,12H,1,-1.0,SL,-1.071377587437545,SPX500,0.07137758743754503
22429,2023-09-24 22:59:00,-1,1.06489,1.06527,1.06345,3.8000000000004697,3.7894736842097574,2,4H,1,-1.0,SL,-1.3157894736841715,EURUSD,0.3157894736841715
20347,2023-09-25 06:59:00,1,14747.909,14737.169,14972.389,10.739999999999782,20.90130353817543,1,1D,2,-1.0,SL,-1.1396648044692765,NAS100,0.1396648044692766
22433,2023-09-25 19:59:00,1,1.22112,1.22042,1.22431,6.999999999999229,4.557142857143396,1,4H,1,-1.0,SL,-1.214285714285738,GBPUSD,0.2142857142857379
22464,2023-09-26 10:59:00,1,1.0596,1.05921,1.06435,3.900000000001125,12.17948717948318,1,12H,1,-1.0,SL,-1.307692307692219,EURUSD,0.30769230769221895
22471,2023-09-26 17:59:00,1,1.05708,1.05661,1.06435,4.699999999999704,15.468085106383713,1,12H,1,-1.0,SL,-1.2553191489361861,EURUSD,0.25531914893618624
20381,2023-09-26 19:59:00,1,14546.309,14502.789,14972.389,43.51999999999862,9.790441176470898,1,1D,2,-1.0,SL,-1.034466911764707,NAS100,0.034466911764706974
22501,2023-09-27 23:59:00,1,1.05052,1.05012,1.05258,3.9999999999995595,5.150000000001,1,4H,1,-1.0,SL,-1.3000000000000331,EURUSD,0.300000000000033
20407,2023-09-28 01:59:00,1,14622.019,14607.329,14782.179,14.69000000000051,10.902654867256249,1,1D,1,-1.0,SL,-1.1021102791014261,NAS100,0.102110279101426
20410,2023-09-28 04:59:00,1,14585.649,14556.249,14782.179,29.399999999999636,6.684693877551125,1,1D,1,-1.0,SL,-1.051020408163266,NAS100,0.05102040816326594
20415,2023-09-28 09:59:00,1,14579.679,14521.719,14782.179,57.960000000000946,3.493788819875719,1,1D,1,-1.0,SL,-1.0258799171842645,NAS100,0.02587991718426459
20410,2023-09-28 16:59:00,-1,4304.241,4318.594,4238.274,14.353000000000065,4.5960426391694655,1,4H,2,-1.0,SL,-1.041803107364314,SPX500,0.04180310736431389
20412,2023-09-28 18:59:00,1,4298.746,4288.464,4340.197,10.282000000000153,4.031414121766136,1,1D,2,-1.0,SL,-1.0583544057576337,SPX500,0.05835440575763383
22513,2023-09-28 21:59:00,1,149.279,149.203,149.559,7.599999999999341,3.6842105263161242,1,12H,1,-1.0,SL,-1.1710526315789622,USDJPY,0.17105263157896222
20417,2023-09-29 01:59:00,1,4293.27,4288.544,4340.197,4.7260000000005675,9.929538721962345,1,1D,2,-1.0,SL,-1.1269572577232179,SPX500,0.12695725772321792
22517,2023-09-29 01:59:00,1,149.332,149.276,149.559,5.599999999998317,4.053571428572716,1,12H,1,-1.0,SL,-1.232142857142927,USDJPY,0.2321428571429269
22515,2023-09-29 05:59:00,-1,1.22204,1.223,1.21749,9.600000000000719,4.739583333333035,1,4H,2,-1.0,SL,-1.1562499999999882,GBPUSD,0.1562499999999883
22531,2023-09-29 05:59:00,-1,1.05763,1.05871,1.0488,10.799999999999699,8.175925925926261,1,1D,2,-1.0,SL,-1.1111111111111143,EURUSD,0.1111111111111142
22517,2023-09-29 07:59:00,-1,1.22428,1.2255,1.21749,12.199999999999989,5.565573770491869,1,4H,2,-1.0,SL,-1.1229508196721312,GBPUSD,0.12295081967213126
22539,2023-10-01 23:59:00,-1,149.528,149.641,149.133,11.299999999999955,3.495575221238791,1,4H,1,-1.0,SL,-1.115044247787611,USDJPY,0.11504424778761109
22534,2023-10-02 00:59:00,-1,1.21876,1.2197,1.21198,9.399999999999409,7.212765957447271,1,1D,1,-1.0,SL,-1.1595744680851163,GBPUSD,0.1595744680851164
22557,2023-10-02 07:59:00,-1,1.05722,1.05929,1.0488,20.700000000000163,4.0676328502415595,1,1D,2,4.0676328502415595,TP,4.0096618357488065,EURUSD,0.057971014492753166
22548,2023-10-02 08:59:00,-1,149.725,149.79899999999998,149.429,7.399999999998386,4.000000000000768,1,4H,2,-1.0,SL,-1.175675675675714,USDJPY,0.17567567567571402
22616,2023-10-04 18:59:00,1,1.05031,1.04968,1.05321,6.300000000001305,4.603174603173495,1,4H,1,4.603174603173495,TP,4.4126984126973445,EURUSD,0.19047619047615102
22600,2023-10-04 18:59:00,1,1.21374,1.21293,1.21765,8.099999999999774,4.82716049382712,1,4H,1,-1.0,SL,-1.1851851851851904,GBPUSD,0.18518518518519034
20525,2023-10-05 09:59:00,1,14728.899,14706.759,14876.309,22.139999999999418,6.658084914182644,1,1D,1,-1.0,SL,-1.0677506775067769,NAS100,0.06775067750677685
20519,2023-10-05 15:59:00,1,4234.047,4224.551,4299.252,9.495999999999185,6.866575400169169,1,1D,1,-1.0,SL,-1.0631844987363155,SPX500,0.06318449873631544
20539,2023-10-06 01:59:00,-1,14727.819,14737.489,14442.269,9.670000000000073,29.529472595656372,1,1D,1,-1.0,SL,-1.155118924508789,NAS100,0.15511892450878892
20546,2023-10-06 08:59:00,-1,14729.109,14757.079,14442.269,27.969999999999345,10.255273507329527,1,1D,1,-1.0,SL,-1.053628888094388,NAS100,0.0536288880943881
20557,2023-10-06 19:59:00,-1,14973.219,15022.399,14442.269,49.18000000000029,10.796055307035294,1,1D,1,-1.0,SL,-1.0305002033346886,NAS100,0.030500203334688718
22662,2023-10-09 08:59:00,1,1.21776,1.2162600000000001,1.22242,14.999999999998348,3.1066666666670812,1,4H,1,3.1066666666670812,TP,3.00666666666707,GBPUSD,0.10000000000001101
22707,2023-10-10 23:59:00,1,148.626,148.53900000000002,149.239,8.699999999998909,7.045977011495132,1,1D,1,-1.0,SL,-1.1494252873563406,USDJPY,0.14942528735634059
22714,2023-10-11 06:59:00,-1,148.894,148.977,148.161,8.29999999999984,8.831325301205037,1,12H,2,-1.0,SL,-1.1566265060240994,USDJPY,0.1566265060240994
22717,2023-10-11 09:59:00,1,148.674,148.595,149.239,7.900000000000773,7.151898734176487,1,1D,1,7.151898734176487,TP,6.987341772151186,USDJPY,0.16455696202530035
22723,2023-10-11 15:59:00,-1,149.002,149.194,148.161,19.199999999997885,4.380208333333858,1,12H,2,-1.0,SL,-1.0677083333333408,USDJPY,0.0677083333333408
22740,2023-10-11 22:59:00,-1,1.0619,1.06228,1.05718,3.7999999999982492,12.421052631584821,1,12H,3,-1.0,SL,-1.315789473684356,EURUSD,0.315789473684356
22742,2023-10-12 00:59:00,-1,1.06224,1.06289,1.05718,6.499999999998174,7.784615384617671,1,12H,3,-1.0,SL,-1.1846153846154364,EURUSD,0.18461538461543647
22736,2023-10-12 04:59:00,1,149.127,149.07500000000002,149.323,5.19999999999925,3.7692307692312736,1,4H,2,-1.0,SL,-1.250000000000036,USDJPY,0.2500000000000361
20653,2023-10-13 05:59:00,1,15190.889,15186.129,15338.287,4.759999999998399,30.965966386565256,1,4H,1,-1.0,SL,-1.315126050420274,NAS100,0.31512605042027403
22796,2023-10-16 22:59:00,-1,1.22119,1.22171,1.2153,5.20000000000076,11.326923076921329,1,4H,2,11.326923076921329,TP,11.038461538459833,GBPUSD,0.2884615384614963
20715,2023-10-18 01:59:00,1,15087.759,15066.059,15211.559,21.700000000000728,5.705069124423738,1,1D,1,-1.0,SL,-1.0691244239631312,NAS100,0.06912442396313133
20706,2023-10-18 04:59:00,-1,4366.853,4369.95,4325.729,3.0969999999997526,13.278656764611908,1,1D,1,-1.0,SL,-1.1937358734259116,SPX500,0.1937358734259115
20721,2023-10-18 07:59:00,1,15081.819,15043.629,15211.559,38.18999999999869,3.3972244042944286,1,1D,1,-1.0,SL,-1.039277297721918,NAS100,0.03927729772191808
22844,2023-10-18 16:59:00,-1,149.818,149.893,149.481,7.499999999998863,4.493333333334248,1,4H,2,-1.0,SL,-1.1733333333333595,USDJPY,0.17333333333335962
20731,2023-10-18 17:59:00,1,14997.259,14948.059,15211.559,49.20000000000073,4.35569105691049,1,1D,1,-1.0,SL,-1.0304878048780484,NAS100,0.03048780487804833
22871,2023-10-20 01:59:00,1,1.21255,1.21166,1.22108,8.900000000000574,9.584269662920647,1,1D,2,-1.0,SL,-1.1685393258426857,GBPUSD,0.16853932584268574
20773,2023-10-20 15:59:00,1,14622.579,14556.739,15028.799,65.84000000000015,6.1698055893074155,1,12H,1,-1.0,SL,-1.022782503037667,NAS100,0.02278250303766702
22888,2023-10-20 18:59:00,1,1.21568,1.2148,1.21914,8.799999999999919,3.9318181818179867,2,12H,2,-1.0,SL,-1.170454545454547,GBPUSD,0.17045454545454702
22891,2023-10-22 21:59:00,1,1.2159,1.2149,1.21914,9.999999999998899,3.2400000000002667,2,12H,2,-1.0,SL,-1.1500000000000166,GBPUSD,0.1500000000000165
22894,2023-10-23 00:59:00,1,1.21622,1.21536,1.21914,8.60000000000083,3.395348837208756,2,12H,2,-1.0,SL,-1.174418604651146,GBPUSD,0.17441860465114598
22898,2023-10-23 04:59:00,1,1.21492,1.21429,1.21914,6.299999999999084,6.698412698413499,2,12H,2,6.698412698413499,TP,6.460317460318226,GBPUSD,0.23809523809527272
22931,2023-10-23 21:59:00,-1,1.06679,1.0671599999999999,1.06048,3.6999999999998145,17.05405405405441,1,4H,2,-1.0,SL,-1.3243243243243406,EURUSD,0.32432432432434055
22919,2023-10-24 01:59:00,-1,1.22524,1.22636,1.21717,11.199999999997878,7.205357142858527,1,4H,2,-1.0,SL,-1.1339285714285967,GBPUSD,0.1339285714285968
22935,2023-10-24 01:59:00,-1,1.06704,1.06758,1.06048,5.399999999999849,12.1481481481483,1,4H,2,-1.0,SL,-1.2222222222222283,EURUSD,0.2222222222222284
20798,2023-10-24 08:59:00,1,4232.683,4221.621,4278.947,11.061999999999898,4.1822455252215285,1,1D,2,-1.0,SL,-1.0542397396492502,SPX500,0.054239739649250183
22945,2023-10-24 11:59:00,-1,1.06353,1.06425,1.05904,7.199999999998319,6.236111111112713,1,12H,1,6.236111111112713,TP,6.069444444446008,EURUSD,0.16666666666670557
20814,2023-10-24 12:59:00,1,14702.369,14680.509,14781.809,21.860000000000582,3.634034766697007,1,1D,1,-1.0,SL,-1.06861848124428,NAS100,0.06861848124427997
22945,2023-10-25 03:59:00,-1,1.2171,1.21759,1.2144,4.899999999998794,5.510204081634308,2,12H,1,5.510204081634308,TP,5.204081632654641,GBPUSD,0.30612244897966717
20816,2023-10-25 04:59:00,1,4239.153,4236.524,4278.947,2.6289999999999054,15.136553822746786,1,1D,2,-1.0,SL,-1.2282236591860105,SPX500,0.22822365918601048
22991,2023-10-27 01:59:00,1,1.21293,1.2120900000000001,1.21756,8.399999999999519,5.511904761904972,1,1D,2,-1.0,SL,-1.1785714285714388,GBPUSD,0.1785714285714388
23010,2023-10-27 20:59:00,-1,1.21178,1.2123,1.20691,5.199999999998539,9.365384615387539,1,1D,1,-1.0,SL,-1.2884615384616196,GBPUSD,0.2884615384616195
23018,2023-10-30 03:59:00,-1,1.21159,1.21222,1.20691,6.300000000001305,7.428571428569918,1,1D,1,-1.0,SL,-1.2380952380951888,GBPUSD,0.2380952380951888
20895,2023-10-30 04:59:00,1,14257.029,14242.659,14325.389,14.3700000000008,4.757132915796448,1,4H,1,4.757132915796448,TP,4.652748782184763,NAS100,0.1043841336116852
23025,2023-10-30 10:59:00,-1,1.21251,1.21426,1.20691,17.499999999999183,3.200000000000178,1,1D,1,-1.0,SL,-1.0857142857142896,GBPUSD,0.08571428571428971
23033,2023-10-30 12:59:00,1,149.761,149.685,150.141,7.599999999999341,5.000000000000374,1,12H,1,-1.0,SL,-1.1710526315789622,USDJPY,0.17105263157896222
23027,2023-10-30 12:59:00,-1,1.21376,1.21492,1.20691,11.600000000000499,5.905172413792869,1,1D,1,-1.0,SL,-1.1293103448275805,GBPUSD,0.12931034482758064
23049,2023-10-30 18:59:00,-1,1.06169,1.06225,1.05221,5.599999999998939,16.928571428574514,1,1D,1,-1.0,SL,-1.2142857142857548,EURUSD,0.21428571428575488
23041,2023-10-30 20:59:00,1,149.053,149.00400000000002,150.141,4.899999999997817,22.204081632662827,1,12H,1,22.204081632662827,TP,21.93877551021373,USDJPY,0.2653061224490978
23075,2023-10-31 20:59:00,1,1.05749,1.0571,1.06609,3.900000000001125,22.05128205127554,1,4H,1,-1.0,SL,-1.307692307692219,EURUSD,0.30769230769221895
23080,2023-11-01 01:59:00,1,1.05702,1.05654,1.06609,4.8000000000003595,18.895833333331733,1,4H,1,-1.0,SL,-1.2499999999999813,EURUSD,0.24999999999998126
23083,2023-11-01 04:59:00,1,1.05678,1.05641,1.06609,3.6999999999998145,25.162162162163234,1,4H,1,-1.0,SL,-1.3243243243243406,EURUSD,0.32432432432434055
23110,2023-11-02 07:59:00,1,1.06003,1.059,1.06748,10.300000000000864,7.233009708737216,1,1D,1,7.233009708737216,TP,7.116504854368293,EURUSD,0.11650485436892226
23120,2023-11-02 17:59:00,-1,1.06258,1.0633299999999999,1.0591,7.499999999998064,4.640000000001398,1,4H,1,-1.0,SL,-1.1600000000000412,EURUSD,0.1600000000000413
23129,2023-11-03 02:59:00,-1,1.06253,1.06297,1.05837,4.3999999999999595,9.454545454545409,1,12H,1,-1.0,SL,-1.2727272727272751,EURUSD,0.2727272727272752
23113,2023-11-03 02:59:00,-1,1.21996,1.22048,1.21549,5.20000000000076,8.596153846152541,1,12H,1,-1.0,SL,-1.2884615384614964,GBPUSD,0.2884615384614963
23133,2023-11-03 16:59:00,1,149.357,149.234,150.59,12.299999999999045,10.02439024390325,1,12H,1,10.02439024390325,TP,9.918699186992672,USDJPY,0.10569105691057731
20994,2023-11-06 07:59:00,-1,4363.129,4366.629,4312.409,3.5,14.491428571428644,1,4H,2,-1.0,SL,-1.1714285714285715,SPX500,0.17142857142857143
23172,2023-11-06 23:59:00,-1,1.07182,1.07231,1.06146,4.900000000001015,21.142857142852613,1,1D,1,5.530612244896794,tiempo,5.285714285713171,EURUSD,0.24489795918362275
23169,2023-11-07 12:59:00,-1,1.22955,1.23027,1.21842,7.200000000000539,15.458333333331984,1,1D,1,-1.0,SL,-1.2083333333333177,GBPUSD,0.20833333333331772
23185,2023-11-07 12:59:00,-1,1.06786,1.06856,1.06146,6.999999999999229,9.142857142858094,1,1D,1,-1.0,SL,-1.1714285714285904,EURUSD,0.1714285714285903
23172,2023-11-07 15:59:00,-1,1.22984,1.23116,1.21842,13.199999999999878,8.65151515151522,1,1D,1,5.818181818181971,tiempo,5.704545454545606,GBPUSD,0.11363636363636469
23176,2023-11-07 19:59:00,-1,1.22955,1.23076,1.21842,12.100000000001554,9.198347107436721,1,1D,1,-1.0,SL,-1.1239669421487444,GBPUSD,0.12396694214874442
23192,2023-11-07 19:59:00,-1,1.06952,1.07057,1.06146,10.499999999999954,7.6761904761904685,1,1D,1,-1.0,SL,-1.1142857142857148,EURUSD,0.11428571428571478
23198,2023-11-08 01:59:00,1,1.06918,1.06853,1.07221,6.500000000000394,4.661538461538314,1,12H,1,-1.0,SL,-1.1846153846153733,EURUSD,0.1846153846153734
23199,2023-11-08 18:59:00,-1,1.22958,1.23021,1.21842,6.300000000001305,17.714285714281786,1,1D,1,-1.0,SL,-1.2380952380951888,GBPUSD,0.2380952380951888
23218,2023-11-08 21:59:00,-1,1.0708,1.0712,1.06146,3.9999999999995595,23.350000000002332,1,1D,1,-1.0,SL,-1.3000000000000331,EURUSD,0.300000000000033
21065,2023-11-09 00:59:00,-1,15285.289,15295.559,15100.559,10.269999999998618,17.987341772154455,1,1D,2,-1.0,SL,-1.146056475170419,NAS100,0.1460564751704189
23207,2023-11-09 02:59:00,-1,1.22828,1.22947,1.22414,11.900000000000244,3.4789915966386116,2,12H,2,-1.0,SL,-1.1260504201680646,GBPUSD,0.12605042016806464
21070,2023-11-09 05:59:00,-1,15298.109,15311.789,15100.559,13.680000000000291,14.440789473683983,1,1D,2,-1.0,SL,-1.109649122807015,NAS100,0.1096491228070152
23232,2023-11-09 11:59:00,1,1.06882,1.0679400000000001,1.07221,8.799999999999919,3.8522727272727675,1,1D,1,3.8522727272727675,TP,3.71590909090913,EURUSD,0.1363636363636376
23220,2023-11-09 15:59:00,-1,1.22867,1.22961,1.22506,9.40000000000163,3.840425531914112,2,12H,1,3.840425531914112,TP,3.6808510638290333,GBPUSD,0.15957446808507872
23232,2023-11-09 21:59:00,-1,151.335,151.39,150.77,5.49999999999784,10.272727272731267,1,4H,2,-1.0,SL,-1.2363636363637291,USDJPY,0.2363636363637292
23227,2023-11-09 22:59:00,-1,1.22215,1.22265,1.21842,4.999999999999449,7.460000000000844,1,1D,1,-1.0,SL,-1.3000000000000331,GBPUSD,0.300000000000033
21093,2023-11-10 06:59:00,-1,15178.059,15184.089,15138.659,6.030000000000655,6.5339966832496446,2,4H,2,-1.0,SL,-1.2487562189054455,NAS100,0.24875621890544564
23277,2023-11-13 08:59:00,1,1.06913,1.0684500000000001,1.07254,6.799999999997919,5.014705882354675,1,1D,1,-1.0,SL,-1.1764705882353481,EURUSD,0.1764705882353481
21120,2023-11-14 01:59:00,-1,4411.401,4413.653,4339.024,2.2520000000004075,32.13898756660142,1,1D,1,-1.0,SL,-1.2664298401420477,SPX500,0.2664298401420477
21123,2023-11-14 04:55:00,-1,4412.203,4414.674,4339.024,2.470999999999549,29.615135572648096,1,1D,1,-1.0,SL,-1.2428166734116186,SPX500,0.24281667341161858
21135,2023-11-14 04:59:00,-1,15507.619,15513.899,15409.849,6.279999999998836,15.568471337582574,1,4H,2,-1.0,SL,-1.2388535031847576,NAS100,0.23885350318475765
21140,2023-11-14 09:59:00,-1,15528.519,15543.789,15409.849,15.270000000000437,7.7714472822525655,1,4H,2,-1.0,SL,-1.0982318271119815,NAS100,0.09823182711198147
21143,2023-11-14 12:59:00,-1,15517.529,15523.299,15409.849,5.770000000000437,18.662045060657217,1,4H,2,-1.0,SL,-1.2599653379549196,NAS100,0.25996533795491966
21135,2023-11-14 16:59:00,-1,4492.53,4506.457,4339.024,13.92700000000059,11.0221871185462,1,1D,1,-1.0,SL,-1.0430817835858386,SPX500,0.043081783585838626
21149,2023-11-14 18:59:00,-1,15783.329,15825.109,15490.659,41.780000000000655,7.00502632838668,1,4H,1,-1.0,SL,-1.0359023456199132,NAS100,0.03590234561991327
21151,2023-11-14 20:59:00,-1,15810.929,15850.889,15490.659,39.95999999999913,8.014764764764951,1,4H,1,-1.0,SL,-1.0375375375375384,NAS100,0.03753753753753836
21139,2023-11-14 20:59:00,-1,4495.301,4509.787,4339.024,14.485999999999876,10.788140273367484,1,1D,1,-1.0,SL,-1.0414193013944502,SPX500,0.041419301394450166
21170,2023-11-16 07:59:00,-1,4500.376,4504.12,4409.651,3.743999999999687,24.232104700856823,1,1D,2,-1.0,SL,-1.1602564102564237,SPX500,0.16025641025642365
23342,2023-11-16 11:59:00,1,151.221,151.14700000000002,151.782,7.399999999998386,7.58108108108283,1,1D,1,-1.0,SL,-1.175675675675714,USDJPY,0.17567567567571402
21191,2023-11-16 16:59:00,1,15777.689,15733.709,15975.699,43.97999999999956,4.5022737608004135,1,12H,2,4.5022737608004135,TP,4.468167348794956,NAS100,0.034106412005457366
21181,2023-11-16 18:59:00,1,4495.279,4490.771,4524.312,4.50800000000072,6.440328305233986,1,12H,2,6.440328305233986,TP,6.307231588286358,SPX500,0.13309671694762734
21193,2023-11-16 18:59:00,1,15785.069,15768.119,15975.699,16.94999999999891,11.246607669617303,1,12H,2,-1.0,SL,-1.0884955752212446,NAS100,0.08849557522124464
23349,2023-11-16 18:59:00,1,150.515,150.413,151.782,10.199999999997544,12.42156862745421,1,1D,1,-1.0,SL,-1.1274509803921875,USDJPY,0.12745098039218755
21194,2023-11-16 19:59:00,-1,15815.319,15830.899,15487.379,15.579999999999927,21.04878048780489,1,1D,1,-1.0,SL,-1.0962772785622596,NAS100,0.09627727856225976
23352,2023-11-16 21:59:00,-1,150.718,150.78099999999998,150.047,6.299999999998818,10.650793650795526,1,12H,1,10.650793650795526,TP,10.444444444446281,USDJPY,0.20634920634924508
23354,2023-11-16 23:59:00,-1,150.704,150.753,150.047,4.899999999997817,13.408163265312313,2,1D,1,-1.0,SL,-1.2653061224490978,USDJPY,0.2653061224490978
21185,2023-11-17 00:59:00,1,4511.529,4508.019,4524.312,3.5100000000002183,3.6418803418799577,1,12H,2,3.6418803418799577,TP,3.4709401709397976,SPX500,0.1709401709401603
23355,2023-11-17 06:59:00,-1,1.24114,1.24193,1.23817,7.900000000000684,3.7594936708856452,2,4H,1,3.7594936708856452,TP,3.5696202531641426,GBPUSD,0.18987341772150254
21206,2023-11-17 09:59:00,-1,15834.759,15857.619,15734.709,22.860000000000582,4.376640419947363,1,4H,1,-1.0,SL,-1.0656167979002609,NAS100,0.0656167979002608
21194,2023-11-17 09:59:00,-1,4515.99,4522.073,4409.651,6.083000000000538,17.481341443365203,1,1D,2,-1.0,SL,-1.0986355416735076,SPX500,0.09863554167350762
21208,2023-11-17 11:59:00,1,15838.109,15817.669,15975.699,20.44000000000051,6.731409001956787,2,1D,2,-1.0,SL,-1.0733855185909962,NAS100,0.07338551859099622
21197,2023-11-17 12:59:00,-1,4519.577,4523.304,4409.651,3.7269999999998618,29.494499597532723,1,1D,2,-1.0,SL,-1.1609873893211757,SPX500,0.16098738932117582
23365,2023-11-17 16:59:00,-1,1.24276,1.24379,1.23736,10.299999999998644,5.2427184466027015,1,4H,1,-1.0,SL,-1.1456310679611843,GBPUSD,0.14563106796118422
23374,2023-11-17 19:59:00,1,149.645,149.573,150.693,7.200000000000273,14.55555555555503,1,4H,1,-1.0,SL,-1.1805555555555487,USDJPY,0.18055555555554872
21204,2023-11-17 19:59:00,-1,4515.357,4520.957,4409.651,5.600000000000364,18.876071428570224,1,1D,2,-1.0,SL,-1.10714285714285,SPX500,0.10714285714285018
23383,2023-11-20 04:59:00,1,148.955,148.67700000000002,150.774,27.79999999999916,6.543165467626055,1,12H,1,-1.0,SL,-1.046762589928059,USDJPY,0.04676258992805897
21229,2023-11-20 10:59:00,-1,15855.779,15872.819,15764.659,17.039999999999054,5.347417840375931,1,4H,2,-1.0,SL,-1.0880281690140894,NAS100,0.0880281690140894
21230,2023-11-20 11:59:00,1,15859.749,15844.529,15975.699,15.219999999999345,7.618265440210625,2,1D,2,-1.0,SL,-1.0985545335085456,NAS100,0.09855453350854564
21232,2023-11-20 13:59:00,1,15853.209,15826.739,15975.699,26.470000000001164,4.627502833396086,2,1D,2,4.627502833396086,TP,4.570834907442179,NAS100,0.05666792595390759
23396,2023-11-20 17:59:00,1,148.353,148.175,149.208,17.799999999999727,4.80337078651687,1,4H,2,-1.0,SL,-1.0730337078651697,USDJPY,0.07303370786516966
23399,2023-11-20 20:59:00,1,148.333,148.28300000000002,149.208,4.999999999998295,17.50000000000597,1,4H,2,-1.0,SL,-1.2600000000000886,USDJPY,0.26000000000008866
23427,2023-11-22 00:59:00,-1,148.233,148.309,147.438,7.599999999999341,10.46052631579059,2,4H,1,-1.0,SL,-1.1710526315789622,USDJPY,0.17105263157896222
23424,2023-11-22 03:59:00,-1,1.25384,1.25444,1.25027,5.999999999999339,5.950000000000777,1,12H,1,-1.0,SL,-1.2500000000000275,GBPUSD,0.25000000000002753
21255,2023-11-22 04:55:00,1,4538.226,4536.104,4546.242,2.121999999999389,3.7775683317638267,1,4H,2,-1.0,SL,-1.2827521206409862,SPX500,0.28275212064098626
21280,2023-11-22 17:59:00,-1,16022.579,16052.719,15778.009,30.139999999999418,8.114465826144805,1,1D,2,-1.0,SL,-1.0497677504976786,NAS100,0.04976775049767847
23443,2023-11-22 22:59:00,1,1.24941,1.24883,1.25484,5.799999999998029,9.362068965520502,1,4H,1,9.362068965520502,TP,9.103448275865242,GBPUSD,0.2586206896552603
21287,2023-11-23 02:59:00,-1,16008.789,16018.549,15863.629,9.760000000000218,14.872950819671784,1,1D,2,-1.0,SL,-1.1536885245901605,NAS100,0.1536885245901605
21311,2023-11-24 08:59:00,-1,15999.259,16011.599,15863.629,12.340000000000146,10.991085899513582,1,1D,2,-1.0,SL,-1.1215559157212303,NAS100,0.12155591572123034
23478,2023-11-24 09:59:00,-1,1.25491,1.25668,1.24488,17.700000000000493,5.666666666666499,1,1D,1,-1.0,SL,-1.084745762711862,GBPUSD,0.08474576271186204
21325,2023-11-27 04:59:00,-1,15904.059,15908.779,15863.629,4.720000000001164,8.565677966099258,1,1D,2,-1.0,SL,-1.3177966101694132,NAS100,0.31779661016941313
21332,2023-11-27 11:59:00,-1,15959.989,15970.279,15863.629,10.290000000000873,9.364431486879552,1,1D,2,-1.0,SL,-1.1457725947521742,NAS100,0.14577259475217422
21333,2023-11-27 12:59:00,-1,15961.189,15976.099,15863.629,14.909999999999854,6.543259557344094,1,1D,2,-1.0,SL,-1.1006036217303832,NAS100,0.10060362173038327
21347,2023-11-28 04:59:00,1,15957.069,15950.009,16016.629,7.059999999999491,8.436260623230256,1,4H,3,-1.0,SL,-1.2124645892351429,NAS100,0.2124645892351428
21351,2023-11-28 08:59:00,1,15931.289,15908.529,16016.629,22.76000000000022,3.7495606326888984,1,4H,3,-1.0,SL,-1.065905096660808,NAS100,0.06590509666080781
21354,2023-11-28 11:59:00,-1,15950.079,15971.179,15863.629,21.100000000000364,4.0971563981041434,1,1D,2,-1.0,SL,-1.0710900473933638,NAS100,0.0710900473933637
21362,2023-11-28 19:59:00,-1,15980.629,15988.289,15905.169,7.6599999999998545,9.85117493472616,2,4H,2,-1.0,SL,-1.1958224543080977,NAS100,0.19582245430809772
21383,2023-11-29 18:59:00,-1,16037.299,16062.099,15863.629,24.799999999999272,7.00282258064537,1,1D,2,7.00282258064537,TP,6.942338709677626,NAS100,0.06048387096774371
23560,2023-11-29 19:59:00,-1,1.27071,1.27283,1.26076,21.199999999998997,4.69339622641527,1,12H,2,4.69339622641527,TP,4.622641509434135,GBPUSD,0.07075471698113542
23566,2023-11-29 19:59:00,1,147.241,147.067,148.694,17.40000000000066,8.350574712643215,1,12H,1,-1.0,SL,-1.074712643678158,USDJPY,0.0747126436781581
23579,2023-11-29 22:59:00,1,1.09714,1.09668,1.1001,4.599999999999049,6.434782608697143,1,4H,4,-1.0,SL,-1.2608695652174453,EURUSD,0.2608695652174452
21393,2023-11-30 06:59:00,-1,16021.059,16031.299,15905.169,10.2400000000016,11.317382812498174,1,1D,1,-1.0,SL,-1.1464843749999771,NAS100,0.1464843749999771
23590,2023-11-30 09:59:00,1,1.09249,1.0919,1.09947,5.899999999998684,11.830508474578886,1,4H,2,-1.0,SL,-1.20338983050852,EURUSD,0.20338983050851994
23630,2023-12-04 01:59:00,1,1.08731,1.08655,1.0901,7.600000000000939,3.671052631578586,1,4H,1,-1.0,SL,-1.1578947368420858,EURUSD,0.15789473684208574
23639,2023-12-04 10:59:00,1,1.08681,1.08577,1.0901,10.40000000000152,3.163461538461091,1,4H,1,-1.0,SL,-1.1153846153845985,EURUSD,0.11538461538459853
21442,2023-12-05 01:59:00,1,4560.954,4557.45,4599.281,3.5039999999999054,10.938070776256067,1,1D,2,-1.0,SL,-1.1712328767123334,SPX500,0.1712328767123334
21446,2023-12-05 05:59:00,1,4559.891,4557.64,4599.281,2.2509999999992942,17.4988893825023,1,1D,2,-1.0,SL,-1.2665482007997282,SPX500,0.2665482007997282
21453,2023-12-05 12:59:00,1,4552.424,4547.683,4599.281,4.7409999999999854,9.883357941362606,1,1D,2,-1.0,SL,-1.1265555789917743,SPX500,0.12655557899177428
21458,2023-12-05 17:59:00,1,4564.974,4554.32,4599.281,10.654000000000451,3.220105124835586,1,1D,2,-1.0,SL,-1.0563168762905928,SPX500,0.0563168762905927
21475,2023-12-06 12:59:00,1,4577.457,4572.63,4599.281,4.8270000000002256,4.521234721358731,1,1D,2,-1.0,SL,-1.124300807955246,SPX500,0.1243008079552459
23684,2023-12-06 17:59:00,1,147.217,147.08700000000002,148.345,12.999999999999545,8.676923076923272,1,1D,2,-1.0,SL,-1.1000000000000034,USDJPY,0.1000000000000035
21481,2023-12-06 18:59:00,1,4567.134,4557.434,4599.281,9.699999999999818,3.3141237113402617,1,1D,2,-1.0,SL,-1.061855670103094,SPX500,0.061855670103093945
23707,2023-12-07 16:59:00,1,144.1,143.785,148.345,31.499999999999773,13.476190476190588,1,1D,2,-1.0,SL,-1.0412698412698416,USDJPY,0.04126984126984157
23717,2023-12-08 08:59:00,1,1.25678,1.25558,1.26133,12.000000000000899,3.7916666666664276,1,1D,1,-1.0,SL,-1.1249999999999907,GBPUSD,0.12499999999999063
23732,2023-12-08 17:59:00,-1,144.805,144.986,143.719,18.099999999998317,6.000000000000628,1,4H,1,-1.0,SL,-1.071823204419896,USDJPY,0.07182320441989617
21548,2023-12-11 19:59:00,-1,4617.437,4621.524,4560.311,4.087000000000444,13.977489601172987,1,12H,1,-1.0,SL,-1.1468069488622301,SPX500,0.1468069488622302
23759,2023-12-12 02:59:00,-1,1.25635,1.25704,1.25347,6.899999999998574,4.173913043479114,2,4H,2,-1.0,SL,-1.217391304347871,GBPUSD,0.21739130434787102
23801,2023-12-13 14:59:00,1,145.247,145.026,146.166,22.100000000000364,4.158371040723836,2,12H,2,-1.0,SL,-1.0588235294117638,USDJPY,0.05882352941176374
23813,2023-12-13 16:59:00,-1,1.07919,1.07977,1.07612,5.799999999998029,5.293103448277882,1,12H,1,-1.0,SL,-1.2068965517242083,EURUSD,0.20689655172420823
23803,2023-12-13 16:59:00,1,145.177,145.084,146.166,9.299999999998931,10.634408602151806,2,12H,2,-1.0,SL,-1.1397849462365752,USDJPY,0.1397849462365752
23804,2023-12-13 17:59:00,1,145.173,145.018,146.166,15.500000000000114,6.406451612903147,2,12H,2,-1.0,SL,-1.083870967741935,USDJPY,0.08387096774193487
23817,2023-12-13 20:59:00,-1,1.08812,1.08975,1.07612,16.300000000000203,7.361963190183964,1,12H,1,-1.0,SL,-1.0736196319018396,EURUSD,0.07361963190183957
23843,2023-12-14 22:59:00,-1,1.09918,1.0996,1.09062,4.199999999998649,20.38095238095923,1,4H,2,-1.0,SL,-1.2857142857143775,EURUSD,0.28571428571437757
21629,2023-12-15 00:59:00,-1,16546.499,16561.659,16355.449,15.159999999999854,12.602242744063398,1,1D,1,-1.0,SL,-1.0989445910290248,NAS100,0.0989445910290247
23835,2023-12-15 00:59:00,-1,142.243,142.474,140.956,23.099999999999454,5.571428571428729,1,4H,4,-1.0,SL,-1.0562770562770576,USDJPY,0.05627705627705761
23844,2023-12-15 09:59:00,1,141.773,141.58,142.464,19.299999999998363,3.580310880829332,1,4H,1,-1.0,SL,-1.0673575129533737,USDJPY,0.0673575129533736
21640,2023-12-15 11:59:00,-1,16592.809,16600.489,16355.449,7.680000000000291,30.906249999998906,1,1D,1,-1.0,SL,-1.1953124999999927,NAS100,0.1953124999999926
23851,2023-12-15 16:59:00,-1,141.803,141.897,141.469,9.399999999999409,3.5531914893619594,2,4H,2,-1.0,SL,-1.1382978723404342,USDJPY,0.13829787234043422
23854,2023-12-15 19:59:00,-1,142.18,142.32,141.228,13.999999999998636,6.80000000000065,1,12H,2,-1.0,SL,-1.0928571428571519,USDJPY,0.09285714285715191
23867,2023-12-18 08:59:00,-1,142.38,142.552,141.228,17.199999999999704,6.69767441860469,1,12H,2,-1.0,SL,-1.0755813953488385,USDJPY,0.07558139534883851
21661,2023-12-19 00:59:00,-1,4737.84,4739.822,4730.921,1.981999999999971,3.4909182643794,1,4H,1,-1.0,SL,-1.30272452068618,SPX500,0.30272452068618
21677,2023-12-19 04:59:00,1,16718.879,16710.419,16766.299,8.459999999999127,5.60520094562685,1,4H,1,-1.0,SL,-1.1773049645390254,NAS100,0.1773049645390254
23892,2023-12-19 09:59:00,-1,144.537,144.702,142.244,16.499999999999204,13.896969696970405,1,4H,1,-1.0,SL,-1.0787878787878826,USDJPY,0.07878787878788258
23899,2023-12-19 22:59:00,-1,1.27282,1.27337,1.26971,5.499999999998284,5.654545454547525,1,4H,1,5.654545454547525,TP,5.381818181820167,GBPUSD,0.2727272727273578
23930,2023-12-20 23:59:00,1,143.525,143.388,144.095,13.700000000000045,4.1605839416057755,1,12H,1,-1.0,SL,-1.0948905109489049,USDJPY,0.0948905109489048
23954,2023-12-22 05:59:00,1,1.26851,1.26796,1.27326,5.5000000000005045,8.636363636362903,1,1D,1,8.636363636362903,TP,8.363636363635655,GBPUSD,0.2727272727272477
21745,2023-12-22 06:59:00,1,16704.839,16691.849,16766.819,12.9900000000016,4.771362586604459,1,4H,1,4.771362586604459,TP,4.655889145495928,NAS100,0.1154734411085308
23972,2023-12-22 17:59:00,-1,142.504,142.672,141.864,16.800000000000637,3.809523809523584,1,4H,1,-1.0,SL,-1.0773809523809494,USDJPY,0.07738095238094946
23981,2023-12-25 04:59:00,1,142.154,142.091,143.567,6.299999999998818,22.42857142857581,1,1D,1,-1.0,SL,-1.2063492063492451,USDJPY,0.20634920634924508
23986,2023-12-26 00:59:00,1,142.276,142.08,143.567,19.599999999999795,6.586734693877603,1,1D,1,-1.0,SL,-1.0663265306122456,USDJPY,0.0663265306122456
21751,2023-12-26 02:59:00,-1,4758.826,4761.127,4735.811,2.3010000000003856,10.002172968273129,1,4H,1,-1.0,SL,-1.260756192959539,SPX500,0.26075619295953906
23980,2023-12-26 04:59:00,-1,1.27081,1.27136,1.26778,5.5000000000005045,5.509090909090564,1,12H,1,-1.0,SL,-1.2727272727272476,GBPUSD,0.2727272727272477
24010,2023-12-26 15:59:00,-1,1.10249,1.10334,1.09938,8.500000000000174,3.6588235294116265,1,12H,2,-1.0,SL,-1.1411764705882324,EURUSD,0.1411764705882324
23992,2023-12-26 16:59:00,1,1.2707,1.27009,1.27438,6.099999999999994,6.032786885246116,1,12H,2,-1.0,SL,-1.2459016393442626,GBPUSD,0.2459016393442625
23993,2023-12-26 17:59:00,1,1.27062,1.27005,1.27438,5.700000000001815,6.59649122806805,1,12H,2,-1.0,SL,-1.2631578947367583,GBPUSD,0.2631578947367583
24015,2023-12-26 20:59:00,-1,1.10423,1.1046,1.09938,3.6999999999998145,13.108108108108821,1,12H,2,-1.0,SL,-1.3243243243243406,EURUSD,0.32432432432434055
24013,2023-12-27 03:59:00,1,142.566,142.424,143.567,14.19999999999959,7.049295774648124,1,1D,1,-1.0,SL,-1.0915492957746504,USDJPY,0.09154929577465053
24031,2023-12-27 21:59:00,1,141.817,141.729,143.567,8.799999999999386,19.886363636365022,1,1D,1,-1.0,SL,-1.1477272727272831,USDJPY,0.14772727272728303
24039,2023-12-28 15:59:00,-1,1.27702,1.27756,1.27217,5.399999999999849,8.98148148148177,1,12H,1,8.98148148148177,TP,8.703703703703985,GBPUSD,0.2777777777777855
24049,2023-12-29 01:59:00,-1,1.27364,1.27476,1.26983,11.199999999997878,3.40178571428644,1,1D,1,-1.0,SL,-1.1339285714285967,GBPUSD,0.1339285714285968
21834,2023-12-29 07:59:00,-1,16918.929,16927.819,16849.289,8.889999999999418,7.83352080989921,1,1D,1,-1.0,SL,-1.1687289088864001,NAS100,0.16872890888640024
24068,2023-12-29 20:59:00,-1,1.27476,1.27567,1.26983,9.100000000001884,5.417582417581163,1,1D,1,-1.0,SL,-1.1648351648351307,GBPUSD,0.1648351648351307
