dia,cierre_min,crt_h4_cer,crt_h4_viva,pos_h4,crt_m15,crt_m15_viva
2020-01-15,480,0,0,0.8928571428572278,0,0
2020-01-15,485,0,0,0.952380952380902,0,0
2020-01-15,490,0,-1,0.7499999999999339,0,-1
2020-01-15,495,0,-1,0.7499999999999339,0,-1
2020-01-15,500,0,-1,0.8452380952381299,-1,0
2020-01-15,505,0,-1,0.8809523809523873,-1,0
2020-01-15,510,0,-1,0.8214285714287131,-1,0
2020-01-15,515,0,-1,0.5000000000001321,0,0
2020-01-15,520,0,-1,0.25000000000006606,0,0
2020-01-15,525,0,-1,0.15476190476187016,0,0
2020-01-15,530,0,-1,0.2142857142858087,0,1
2020-01-15,535,0,0,0.11904761904761275,0,0
2020-01-15,540,0,0,0.04761904761909797,0,0
2020-01-15,545,0,0,-0.3452380952379977,0,0
2020-01-15,550,0,0,-0.42857142857135305,0,0
2020-01-15,555,0,0,-0.7023809523811003,0,0
2020-01-15,560,0,0,-0.7023809523811003,0,1
2020-01-15,565,0,0,-0.7261904761905171,0,0
2020-01-15,570,0,0,-0.5833333333334876,0,1
2020-01-15,575,0,0,-0.6666666666668429,1,-1
2020-01-15,580,0,0,-0.4166666666667768,1,0
2020-01-15,585,0,0,-0.5952380952380638,1,-1
2020-01-15,590,0,0,-0.2976190476191641,-1,0
2020-01-15,595,0,0,-0.023809523809416814,-1,0
2020-01-15,600,0,1,0.25000000000006606,-1,0
2020-01-15,605,0,0,0.035714285714257395,0,0
2020-01-15,610,0,0,0.04761904761909797,0,0
2020-01-15,615,0,1,0.2380952380952255,0,-1
2020-01-15,620,0,0,0.10714285714277218,-1,0
2020-01-15,625,0,1,0.2857142857143235,-1,0
2020-01-15,630,0,1,0.476190476190451,-1,0
2020-01-15,635,0,1,0.15476190476187016,0,0
2020-01-15,640,0,1,0.5952380952380638,0,0
2020-01-15,645,0,1,0.523809523809549,0,0
2020-01-15,650,0,1,0.3452380952379977,0,0
2020-01-15,655,0,1,0.14285714285702958,0,0
2020-01-15,660,0,0,0.023809523809416814,0,0
2020-01-15,665,0,0,-0.26190476190490664,0,0
2020-01-15,670,0,0,-0.19047619047612754,0,0
2020-01-15,675,0,0,-0.3095238095237403,0,0
2020-01-15,680,0,0,0.07142857142851479,0,0
2020-01-15,685,0,0,0.04761904761909797,0,0
2020-01-15,690,0,1,0.3095238095237403,0,0
2020-02-21,480,0,0,0.22413793103441015,1,0
2020-02-21,485,0,0,0.27586206896539844,0,0
2020-02-21,490,0,0,0.46551724137927736,0,0
2020-02-21,495,0,0,0.6379310344826992,0,0
2020-02-21,500,0,0,1.0,0,0
2020-02-21,505,0,0,1.2413793103448671,0,0
2020-02-21,510,0,0,1.172413793103422,0,0
2020-02-21,515,0,0,1.2758620689653983,0,0
2020-02-21,520,0,0,1.2586206896553243,0,0
2020-02-21,525,0,0,1.1206896551724337,0,1
2020-02-21,530,0,0,1.5172413793102657,1,0
2020-02-21,535,0,0,1.3448275862068437,1,0
2020-02-21,540,0,0,1.22413793103441,1,0
2020-02-21,545,0,0,0.5344827586207227,0,0
2020-02-21,550,0,0,0.24137931034486718,0,0
2020-02-21,555,0,0,1.0689655172414454,0,0
2020-02-21,560,0,0,1.9482758620690117,0,0
2020-02-21,565,0,0,2.051724137930988,0,0
2020-02-21,570,0,0,1.9137931034480977,0,0
2020-02-21,575,0,0,4.258620689654942,0,0
2020-02-21,580,0,0,3.982758620689543,0,0
2020-02-21,585,0,0,3.6896551724136875,0,0
2020-02-21,590,0,0,4.258620689654942,0,0
2020-02-21,595,0,0,4.293103448275856,0,0
2020-02-21,600,0,0,4.327586206896386,0,0
2020-02-21,605,0,0,5.017241379310074,0,0
2020-02-21,610,0,0,4.793103448275664,0,0
2020-02-21,615,0,0,4.603448275861785,0,0
2020-02-21,620,0,0,4.465517241379278,0,1
2020-02-21,625,0,0,4.275862068965399,0,0
2020-02-21,630,0,0,4.586206896551711,0,1
2020-02-21,635,0,0,4.8448275862066525,1,0
2020-02-21,640,0,0,4.310344827585929,1,0
2020-02-21,645,0,0,4.551724137930797,1,0
2020-02-21,650,0,0,4.396551724137832,0,0
2020-02-21,655,0,0,4.310344827585929,0,0
2020-02-21,660,0,0,3.5689655172412538,0,0
2020-02-21,665,0,0,2.8275862068965782,0,0
2020-02-21,670,0,0,2.6896551724136875,0,0
2020-02-21,675,0,0,2.189655172413879,0,0
2020-02-21,680,0,0,1.5862068965517109,0,0
2020-02-21,685,0,0,2.017241379310457,0,0
2020-02-21,690,0,0,2.1206896551724337,0,0
2020-03-16,480,0,0,0.9273972602739823,0,0
2020-03-16,485,0,0,1.0150684931506926,0,0
2020-03-16,490,0,0,1.097260273972603,0,0
2020-03-16,495,0,0,1.0630136986301555,0,0
2020-03-16,500,0,0,1.0917808219178333,0,0
2020-03-16,505,0,0,1.2054794520548062,0,0
2020-03-16,510,0,0,1.3780821917808421,0,0
2020-03-16,515,0,0,1.3904109589041196,0,0
2020-03-16,520,0,0,1.420547945205505,0,0
2020-03-16,525,0,0,1.367123287671242,0,-1
2020-03-16,530,0,0,1.4493150684931826,-1,0
2020-03-16,535,0,0,1.497260273972615,-1,0
2020-03-16,540,0,0,1.6054794520548183,-1,0
2020-03-16,545,0,0,1.6136986301370033,0,0
2020-03-16,550,0,0,1.5931506849315409,0,-1
2020-03-16,555,0,0,1.7438356164383766,0,0
2020-03-16,560,0,0,1.5547945205479705,0,0
2020-03-16,565,0,0,1.491780821917815,0,0
2020-03-16,570,0,0,1.398630136986335,0,0
2020-03-16,575,0,0,1.2986301369863167,0,0
2020-03-16,580,0,0,1.2821917808219467,0,0
2020-03-16,585,0,0,1.1931506849315288,0,0
2020-03-16,590,0,0,1.1616438356164662,0,0
2020-03-16,595,0,0,1.1808219178082209,0,0
2020-03-16,600,0,0,1.1547945205479584,0,0
2020-03-16,605,0,0,1.1493150684931583,0,0
2020-03-16,610,0,0,1.3342465753424717,0,0
2020-03-16,615,0,0,1.1849315068493438,0,-1
2020-03-16,620,0,0,0.9972602739726152,-1,0
2020-03-16,625,0,-1,0.6068493150684956,-1,0
2020-03-16,630,0,-1,0.8383561643835642,-1,0
2020-03-16,635,0,0,0.98356164383563,0,0
2020-03-16,640,0,0,1.0465753424657553,0,0
2020-03-16,645,0,0,1.0287671232876778,0,-1
2020-03-16,650,0,-1,0.7904109589041317,-1,0
2020-03-16,655,0,-1,0.7630136986301312,-1,0
2020-03-16,660,0,-1,0.7808219178082392,-1,0
2020-03-16,665,0,-1,0.7876712328767165,0,0
2020-03-16,670,0,-1,0.6835616438356362,0,0
2020-03-16,675,0,-1,0.8493150684931644,0,0
2020-03-16,680,0,-1,0.8150684931506866,0,-1
2020-03-16,685,0,-1,0.6328767123287581,0,0
2020-03-16,690,0,-1,0.7315068493150687,0,0
2020-04-08,480,1,0,0.7724137931034218,0,0
2020-04-08,485,1,0,-0.5551724137930414,0,0
2020-04-08,490,1,0,-0.26896551724136875,0,0
2020-04-08,495,1,0,-0.48620689655167265,0,0
2020-04-08,500,1,0,-0.8206896551723953,0,0
2020-04-08,505,1,0,-0.8931034482757789,0,0
2020-04-08,510,1,0,-0.675862068965475,0,0
2020-04-08,515,1,0,-0.5758620689655133,0,0
2020-04-08,520,1,0,-0.662068965517186,0,0
2020-04-08,525,1,0,-0.43103448275859296,0,0
2020-04-08,530,1,0,-0.2172413793103039,0,0
2020-04-08,535,1,0,-0.11379310344825078,0,0
2020-04-08,540,1,0,-0.058620689655171095,0,0
2020-04-08,545,1,0,0.1758620689655133,0,0
2020-04-08,550,1,0,-0.02758620689650156,0,0
2020-04-08,555,1,0,0.04137931034486719,0,0
2020-04-08,560,1,0,-0.15172413793102657,0,0
2020-04-08,565,1,0,-0.3103448275861594,0,0
2020-04-08,570,1,0,-0.3103448275861594,0,0
2020-04-08,575,1,0,-0.2551724137930797,0,0
2020-04-08,580,1,0,-0.2931034482758555,0,0
2020-04-08,585,1,0,-0.1379310344827375,0,0
2020-04-08,590,1,0,-0.24482758620688203,0,-1
2020-04-08,595,1,0,0.0034482758620914076,0,0
2020-04-08,600,1,0,0.058620689655171095,0,0
2020-04-08,605,1,0,0.0,0,0
2020-04-08,610,1,0,0.02068965517239531,0,0
2020-04-08,615,1,0,-0.19655172413790858,0,0
2020-04-08,620,1,0,-0.23103448275859298,0,0
2020-04-08,625,1,0,-0.15862068965513282,0,1
2020-04-08,630,1,0,-0.16551724137931562,0,1
2020-04-08,635,1,0,-0.11724137931034219,1,0
2020-04-08,640,1,0,-0.3758620689655133,1,0
2020-04-08,645,1,0,-0.13103448275863125,1,0
2020-04-08,650,1,0,-0.15172413793102657,0,0
2020-04-08,655,1,0,-0.20344827586201483,0,0
2020-04-08,660,1,0,-0.23448275862068438,0,0
2020-04-08,665,1,0,0.3137931034482508,0,0
2020-04-08,670,1,0,0.3517241379310266,0,0
2020-04-08,675,1,0,0.24827586206897342,0,0
2020-04-08,680,1,0,0.2931034482758555,0,0
2020-04-08,685,1,0,0.3517241379310266,0,0
2020-04-08,690,1,1,0.475862068965475,0,0
2020-05-01,480,0,0,0.8081395348837487,0,0
2020-05-01,485,0,0,1.2151162790697636,0,0
2020-05-01,490,0,0,1.3488372093022987,0,0
2020-05-01,495,0,0,1.2848837209301718,0,0
2020-05-01,500,0,0,1.4825581395348335,0,0
2020-05-01,505,0,0,1.4360465116279377,0,0
2020-05-01,510,0,0,1.3662790697674005,0,0
2020-05-01,515,0,0,1.1627906976744575,0,0
2020-05-01,520,0,0,1.2441860465115573,0,0
2020-05-01,525,0,0,1.0988372093023309,0,0
2020-05-01,530,0,0,0.9360465116278732,0,0
2020-05-01,535,0,0,1.017441860465102,0,0
2020-05-01,540,0,0,1.2732558139534802,0,1
2020-05-01,545,0,0,1.6686046511628034,1,0
2020-05-01,550,0,0,1.6046511627906768,1,0
2020-05-01,555,0,0,1.2093023255813533,1,-1
2020-05-01,560,0,0,0.982558139534898,-1,0
2020-05-01,565,0,0,1.0813953488372288,-1,0
2020-05-01,570,0,0,0.9302325581394628,-1,0
2020-05-01,575,0,-1,0.6744186046510847,0,0
2020-05-01,580,0,0,0.8430232558139528,0,0
2020-05-01,585,0,0,0.9941860465115896,0,1
2020-05-01,590,0,0,1.1918604651162512,1,0
2020-05-01,595,0,0,1.1802325581395596,1,0
2020-05-01,600,0,0,1.5465116279069602,1,0
2020-05-01,605,0,0,1.5174418604651665,0,-1
2020-05-01,610,0,0,1.5523255813953707,0,0
2020-05-01,615,0,0,1.5290697674418583,0,-1
2020-05-01,620,0,0,1.6627906976743931,-1,0
2020-05-01,625,0,0,2.2267441860465844,-1,0
2020-05-01,630,0,0,1.6918604651163158,-1,0
2020-05-01,635,0,0,1.9767441860464876,0,0
2020-05-01,640,0,0,1.6220930232557786,0,0
2020-05-01,645,0,0,1.982558139534898,0,0
2020-05-01,650,0,0,1.8372093023255425,0,-1
2020-05-01,655,0,0,2.1744186046511493,0,0
2020-05-01,660,0,0,2.2267441860465844,0,0
2020-05-01,665,0,0,2.1918604651162514,0,-1
2020-05-01,670,0,0,2.2267441860465844,0,-1
2020-05-01,675,0,0,2.308139534883684,0,0
2020-05-01,680,0,0,2.3662790697674008,0,0
2020-05-01,685,0,0,2.3953488372093235,0,0
2020-05-01,690,0,0,2.831395348837261,0,0
2020-07-03,480,0,0,0.422885572139298,0,0
2020-07-03,485,0,0,0.2636815920398626,0,0
2020-07-03,490,0,0,0.467661691542354,0,0
2020-07-03,495,0,0,0.5074626865671575,0,0
2020-07-03,500,0,0,0.6567164179104197,0,0
2020-07-03,505,0,0,0.47761194029852727,0,-1
2020-07-03,510,0,0,0.42786069651743985,0,-1
2020-07-03,515,0,0,0.4925373134328424,-1,0
2020-07-03,520,0,0,0.5522388059702136,-1,0
2020-07-03,525,0,0,0.4825870646766691,-1,0
2020-07-03,530,0,0,0.4975124378109843,0,0
2020-07-03,535,0,0,0.5074626865671575,0,0
2020-07-03,540,0,0,0.621890547263758,0,0
2020-07-03,545,0,0,0.6169154228856161,0,0
2020-07-03,550,0,0,0.7711442786070202,0,0
2020-07-03,555,0,0,0.8855721393035101,0,0
2020-07-03,560,0,0,0.8059701492537924,0,-1
2020-07-03,565,0,0,0.3383084577114384,0,0
2020-07-03,570,0,0,0.2935323383084929,0,0
2020-07-03,575,0,0,0.13432835820894698,0,0
2020-07-03,580,0,0,-0.024875621890488458,0,0
2020-07-03,585,0,0,0.29850746268663475,0,1
2020-07-03,590,0,0,0.4079601990049828,1,0
2020-07-03,595,0,0,0.2935323383084929,1,-1
2020-07-03,600,0,0,0.3731343283582106,1,0
2020-07-03,605,0,0,0.288557213930351,0,0
2020-07-03,610,0,0,0.34328358208958026,0,0
2020-07-03,615,0,0,0.3781094527363525,0,0
2020-07-03,620,0,1,0.5522388059702136,0,0
2020-07-03,625,0,1,0.6517412935323883,0,0
2020-07-03,630,0,1,0.6069651741293324,0,0
2020-07-03,635,0,1,0.6616915422885616,0,0
2020-07-03,640,0,1,0.5721393034825601,0,-1
2020-07-03,645,0,0,0.30845771144280804,0,0
2020-07-03,650,0,1,0.4477611940298969,0,1
2020-07-03,655,0,1,0.5074626865671575,0,1
2020-07-03,660,0,0,0.29850746268663475,0,0
2020-07-03,665,0,0,0.15422885572140402,0,0
2020-07-03,670,0,0,0.2835820895523196,0,0
2020-07-03,675,0,0,0.13930348258708886,0,0
2020-07-03,680,0,0,0.05472636815922926,0,0
2020-07-03,685,0,0,0.13930348258708886,0,1
2020-07-03,690,0,0,0.009950248756283758,0,0
2020-09-18,480,0,0,1.0,-1,0
2020-09-18,485,0,-1,0.7096774193547578,0,0
2020-09-18,490,0,-1,0.9274193548385999,0,-1
2020-09-18,495,0,-1,0.9596774193547578,0,-1
2020-09-18,500,0,-1,0.6370967741935368,-1,0
2020-09-18,505,0,-1,0.5322580645161579,-1,0
2020-09-18,510,0,-1,0.6854838709676842,-1,0
2020-09-18,515,0,-1,0.9435483870967685,0,-1
2020-09-18,520,0,0,1.0967741935482946,0,0
2020-09-18,525,0,0,1.362903225806463,0,0
2020-09-18,530,0,0,1.4274193548385998,0,0
2020-09-18,535,0,0,1.532258064515979,0,0
2020-09-18,540,0,0,1.790322580645063,0,0
2020-09-18,545,0,0,1.6209677419353683,0,-1
2020-09-18,550,0,0,1.749999999999821,0,-1
2020-09-18,555,0,0,1.362903225806463,0,-1
2020-09-18,560,0,0,1.612903225806284,-1,1
2020-09-18,565,0,0,1.0887096774193894,-1,0
2020-09-18,570,0,0,1.1854838709676843,-1,0
2020-09-18,575,0,-1,0.8629032258064632,0,0
2020-09-18,580,0,-1,0.854838709677379,0,0
2020-09-18,585,0,-1,0.9274193548385999,0,0
2020-09-18,590,0,-1,0.895161290322621,0,0
2020-09-18,595,0,-1,0.7338709677420105,0,0
2020-09-18,600,0,0,0.4516129032258527,0,0
2020-09-18,605,0,0,-0.048387096774147334,0,0
2020-09-18,610,0,0,0.20967741935493692,0,0
2020-09-18,615,0,0,0.27419354838707366,0,0
2020-09-18,620,0,1,0.6935483870967685,0,0
2020-09-18,625,0,1,0.5241935483870737,0,0
2020-09-18,630,0,1,0.9838709677418315,0,0
2020-09-18,635,0,1,0.822580645161221,0,-1
2020-09-18,640,0,1,0.8467741935482946,0,-1
2020-09-18,645,0,1,0.9032258064515263,0,-1
2020-09-18,650,0,0,1.1612903225806106,-1,0
2020-09-18,655,0,0,1.3467741935482946,-1,0
2020-09-18,660,0,0,1.2983870967741473,-1,0
2020-09-18,665,0,0,1.1532258064515262,0,-1
2020-09-18,670,0,0,1.1532258064515262,0,-1
2020-09-18,675,0,0,1.1935483870967685,0,-1
2020-09-18,680,0,0,1.5967741935482946,-1,0
2020-09-18,685,0,0,1.5483870967741473,-1,0
2020-09-18,690,0,0,1.5241935483870737,-1,0
2020-10-20,480,0,0,0.8121212121212097,0,0
2020-10-20,485,0,0,0.6242424242424194,0,0
2020-10-20,490,0,0,0.5757575757575268,0,0
2020-10-20,495,0,0,0.4666666666667205,0,0
2020-10-20,500,0,0,0.533333333333414,0,0
2020-10-20,505,0,0,0.709090909090914,0,0
2020-10-20,510,0,0,0.6545454545455108,0,0
2020-10-20,515,0,0,0.709090909090914,0,0
2020-10-20,520,0,0,0.6666666666666666,0,0
2020-10-20,525,0,0,0.533333333333414,0,-1
2020-10-20,530,0,0,0.54545454545457,-1,1
2020-10-20,535,0,0,0.6303030303030646,-1,1
2020-10-20,540,0,0,0.18787878787879034,-1,0
2020-10-20,545,0,0,0.533333333333414,0,0
2020-10-20,550,0,0,0.145454545454543,0,0
2020-10-20,555,0,0,-0.042424242424112746,0,0
2020-10-20,560,0,0,0.012121212121290418,0,1
2020-10-20,565,0,0,-0.03636363636360211,0,1
2020-10-20,570,0,0,0.018181818181935625,0,1
2020-10-20,575,0,0,-0.012121212121155845,1,-1
2020-10-20,580,0,0,0.1515151515151882,1,0
2020-10-20,585,0,1,0.4787878787878763,1,0
2020-10-20,590,0,1,0.48484848484852155,0,0
2020-10-20,595,0,1,0.44848484848491943,0,-1
2020-10-20,600,0,1,0.7696969696969623,0,0
2020-10-20,605,0,1,0.6787878787878225,0,0
2020-10-20,610,0,1,0.5696969696970162,0,0
2020-10-20,615,0,0,1.1333333333332525,0,0
2020-10-20,620,0,0,1.0,0,0
2020-10-20,625,0,0,1.303030303030242,0,0
2020-10-20,630,0,0,1.1696969696969892,0,0
2020-10-20,635,0,0,0.8181818181818549,0,0
2020-10-20,640,0,0,0.9878787878787095,0,0
2020-10-20,645,0,0,1.3818181818180912,0,0
2020-10-20,650,0,0,1.648484848484731,0,0
2020-10-20,655,0,0,1.3151515151513977,0,-1
2020-10-20,660,0,0,1.0848484848484947,0,0
2020-10-20,665,0,0,1.3757575757575806,0,1
2020-10-20,670,0,0,1.466666666666586,0,0
2020-10-20,675,0,0,1.5030303030301881,0,0
2020-10-20,680,0,0,1.7030303030302687,0,0
2020-10-20,685,0,0,1.8424242424241666,0,0
2020-10-20,690,0,0,1.9939393939392203,0,0
2020-11-10,480,0,0,0.5617977528090154,0,0
2020-11-10,485,0,0,0.6910112359550478,0,0
2020-11-10,490,0,0,0.4943820224718737,0,-1
2020-11-10,495,0,0,0.4775280898876194,0,-1
2020-11-10,500,0,0,0.42134831460673033,-1,0
2020-11-10,505,0,0,0.5224719101123806,-1,1
2020-11-10,510,0,0,0.7865168539325716,-1,0
2020-11-10,515,0,0,0.34831460674158704,0,0
2020-11-10,520,0,0,0.20224719101130043,0,0
2020-11-10,525,0,0,0.4269662921348567,0,0
2020-11-10,530,0,0,0.37078651685396763,0,0
2020-11-10,535,0,0,-0.2528089887639384,0,0
2020-11-10,540,0,0,-0.16292134831454086,0,0
2020-11-10,545,0,0,0.26404494382031585,0,0
2020-11-10,550,0,0,0.14044943820228503,0,0
2020-11-10,555,0,1,0.5168539325842543,0,0
2020-11-10,560,0,1,0.3651685393258413,0,-1
2020-11-10,565,0,0,0.7359550561798089,0,0
2020-11-10,570,0,0,0.8651685393258413,0,0
2020-11-10,575,0,0,0.9044943820224761,0,0
2020-11-10,580,0,0,1.095505617977524,0,0
2020-11-10,585,0,0,1.1460674157302866,0,0
2020-11-10,590,0,0,1.0280898876403821,0,0
2020-11-10,595,0,0,0.9269662921348567,0,0
2020-11-10,600,0,0,0.8370786516853344,0,0
2020-11-10,605,0,0,0.8595505617977149,0,0
2020-11-10,610,0,0,1.0056179775281264,0,0
2020-11-10,615,0,0,0.8089887640449522,0,0
2020-11-10,620,0,0,1.0224719101123805,0,0
2020-11-10,625,0,0,0.9382022471909846,0,0
2020-11-10,630,0,0,0.6910112359550478,0,0
2020-11-10,635,0,0,0.022471910112380575,0,0
2020-11-10,640,0,0,0.09550561797752388,0,0
2020-11-10,645,0,0,-0.28651685393257165,0,0
2020-11-10,650,0,0,-0.4775280898874947,0,0
2020-11-10,655,0,0,-0.898876404494225,0,0
2020-11-10,660,0,0,-0.7415730337078105,0,0
2020-11-10,665,0,0,-0.9269662921347319,0,0
2020-11-10,670,0,0,-1.5674157303368923,0,0
2020-11-10,675,0,0,-1.4101123595503529,0,0
2020-11-10,680,0,0,-1.2247191011234315,0,0
2020-11-10,685,0,0,-1.106741573033527,0,0
2020-11-10,690,0,0,-1.230337078651558,0,0
2021-01-27,480,0,0,0.7674418604651443,0,1
2021-01-27,485,0,0,0.5891472868216,1,0
2021-01-27,490,0,0,0.5193798449611949,1,0
2021-01-27,495,0,0,0.5503875968992101,1,0
2021-01-27,500,0,0,0.48837209302317974,0,0
2021-01-27,505,0,0,0.3100775193798076,0,0
2021-01-27,510,0,0,0.3178294573643544,0,0
2021-01-27,515,0,0,-0.06201550387603037,0,0
2021-01-27,520,0,0,0.10077519379842026,0,0
2021-01-27,525,0,0,0.372093023255838,0,1
2021-01-27,530,0,0,0.32558139534872915,1,-1
2021-01-27,535,0,0,0.186046511627919,1,0
2021-01-27,540,0,0,0.14728682170535698,1,0
2021-01-27,545,0,0,0.11627906976734179,0,0
2021-01-27,550,0,0,0.25581395348832403,0,1
2021-01-27,555,0,0,0.05426356589148354,0,0
2021-01-27,560,0,0,-0.372093023255838,0,0
2021-01-27,565,0,0,-0.48062015503880506,0,0
2021-01-27,570,0,0,-0.47286821705425824,0,0
2021-01-27,575,0,0,-0.3953488372093063,0,0
2021-01-27,580,0,0,-0.3953488372093063,0,1
2021-01-27,585,0,0,-0.4108527131784,0,1
2021-01-27,590,0,0,-0.3100775193798076,1,0
2021-01-27,595,0,0,-0.0697674418605772,1,0
2021-01-27,600,0,0,-0.3875968992247595,1,0
2021-01-27,605,0,0,-0.35658914728691643,0,0
2021-01-27,610,0,0,-0.7984496124031595,0,0
2021-01-27,615,0,0,-2.410852713178228,0,0
2021-01-27,620,0,0,-2.1085271317829672,0,1
2021-01-27,625,0,0,-2.2480620155039492,0,1
2021-01-27,630,0,0,-2.2790697674417926,0,1
2021-01-27,635,0,0,-2.0,1,0
2021-01-27,640,0,0,-1.9147286821705012,1,0
2021-01-27,645,0,0,-1.7829457364340657,1,0
2021-01-27,650,0,0,-2.1240310077518885,0,0
2021-01-27,655,0,0,-2.2093023255813873,0,0
2021-01-27,660,0,0,-2.364341085271291,0,0
2021-01-27,665,0,0,-2.5348837209302886,0,0
2021-01-27,670,0,0,-2.410852713178228,0,0
2021-01-27,675,0,0,-2.2713178294574177,0,1
2021-01-27,680,0,0,-2.085271317829499,1,0
2021-01-27,685,0,0,-2.0620155038760304,1,0
2021-01-27,690,0,0,-1.813953488372081,1,0
2021-02-26,480,0,0,0.310457516339865,0,0
2021-02-26,485,0,0,0.1176470588235721,0,0
2021-02-26,490,0,0,-0.02941176470585674,0,0
2021-02-26,495,0,0,-0.15686274509797518,0,0
2021-02-26,500,0,0,-0.13725490196073736,0,1
2021-02-26,505,0,0,-0.15359477124181725,0,1
2021-02-26,510,0,0,-0.1993464052287539,0,0
2021-02-26,515,0,0,-0.34967320261434065,0,0
2021-02-26,520,0,0,-0.49999999999992745,0,0
2021-02-26,525,0,0,-0.43464052287575294,0,0
2021-02-26,530,0,0,-0.3627450980391901,0,0
2021-02-26,535,0,0,-0.2745098039215473,0,0
2021-02-26,540,0,0,-0.3366013071894913,0,0
2021-02-26,545,0,0,-0.23856209150322955,0,0
2021-02-26,550,0,0,-0.15032679738558677,0,0
2021-02-26,555,0,0,-0.016339869281007335,0,0
2021-02-26,560,0,0,0.15032679738565932,0,0
2021-02-26,565,0,0,0.22549019607845272,0,0
2021-02-26,570,0,0,0.3039215686274766,0,0
2021-02-26,575,0,1,0.3888888888888889,0,0
2021-02-26,580,0,0,0.25816993464053994,0,-1
2021-02-26,585,0,0,0.24836601307192105,0,-1
2021-02-26,590,0,0,0.10784313725495318,-1,0
2021-02-26,595,0,0,0.09477124183010377,-1,0
2021-02-26,600,0,0,0.14379084967319836,-1,0
2021-02-26,605,0,0,0.0065359477124609855,0,0
2021-02-26,610,0,0,0.09477124183010377,0,0
2021-02-26,615,0,0,-0.1699346405228246,0,0
2021-02-26,620,0,0,-0.24183006535946006,0,0
2021-02-26,625,0,0,-0.1111111111111111,0,1
2021-02-26,630,0,0,-0.2091503267973728,0,0
2021-02-26,635,0,0,-0.1601307189542057,0,0
2021-02-26,640,0,0,-0.09477124183003122,0,0
2021-02-26,645,0,0,-0.1993464052287539,0,-1
2021-02-26,650,0,0,-0.45424836601306334,-1,0
2021-02-26,655,0,0,-0.7156862745097612,-1,0
2021-02-26,660,0,0,-0.6503267973855867,-1,0
2021-02-26,665,0,0,-0.5490196078430946,0,0
2021-02-26,670,0,0,-0.9117647058822846,0,0
2021-02-26,675,0,0,-0.8431372549018796,0,0
2021-02-26,680,0,0,-0.7810457516339357,0,1
2021-02-26,685,0,0,-0.6928104575162929,0,1
2021-02-26,690,0,0,-0.7026143790849119,0,1
2021-03-02,480,0,0,0.54867256637181,0,0
2021-03-02,485,0,0,0.04424778761052209,0,0
2021-03-02,490,0,0,0.017699115044169534,0,0
2021-03-02,495,0,0,0.23893805309736948,0,0
2021-03-02,500,0,0,-0.7168141592921085,0,0
2021-03-02,505,0,0,-0.26548672566372206,0,0
2021-03-02,510,0,0,0.07964601769905766,0,0
2021-03-02,515,0,0,-0.5309734513274441,0,0
2021-03-02,520,0,0,-0.486725663716922,0,0
2021-03-02,525,0,0,-1.0619469026550845,0,0
2021-03-02,530,0,0,-0.8495575221240677,0,0
2021-03-02,535,0,0,-1.1150442477877898,0,0
2021-03-02,540,0,0,-0.8141592920355322,0,1
2021-03-02,545,0,0,-1.1061946902656068,1,0
2021-03-02,550,0,0,-1.185840707964861,1,0
2021-03-02,555,0,0,-0.54867256637181,1,0
2021-03-02,560,0,0,-1.0884955752214371,0,0
2021-03-02,565,0,0,-1.495575221239105,0,0
2021-03-02,570,0,0,-0.9469026548674914,0,0
2021-03-02,575,0,0,-0.49557522123910497,0,0
2021-03-02,580,0,0,-0.3628318584071457,0,0
2021-03-02,585,0,0,-0.06194690265488812,0,0
2021-03-02,590,0,0,-0.20353982300883391,0,-1
2021-03-02,595,0,0,-0.3362831858407932,0,-1
2021-03-02,600,0,0,-1.2566371681417354,0,0
2021-03-02,605,0,0,-1.3097345132746372,0,0
2021-03-02,610,0,0,-2.088495575221634,0,0
2021-03-02,615,0,0,-0.973451327433844,0,1
2021-03-02,620,0,0,-1.3185840707966237,1,0
2021-03-02,625,0,0,-0.9115044247789558,1,0
2021-03-02,630,0,0,-0.9380530973453084,1,0
2021-03-02,635,0,0,-0.9469026548674914,0,-1
2021-03-02,640,0,0,-0.6194690265488813,0,0
2021-03-02,645,0,0,-0.38053097345131526,0,0
2021-03-02,650,0,0,-0.5044247787610915,0,-1
2021-03-02,655,0,0,-0.32743362831861017,0,0
2021-03-02,660,0,0,-0.9115044247789558,0,-1
2021-03-02,665,0,0,-0.5752212389381627,-1,0
2021-03-02,670,0,0,-0.5221238938054575,-1,0
2021-03-02,675,0,0,-0.38053097345131526,-1,0
2021-03-02,680,0,0,-0.05309734513270511,0,0
2021-03-02,685,0,1,0.4513274336283864,0,0
2021-03-02,690,0,0,0.3362831858407932,0,0
2021-03-22,480,1,0,0.3849206349206234,-1,1
2021-03-22,485,1,0,0.32936507936505316,1,0
2021-03-22,490,1,0,0.20238095238096812,1,0
2021-03-22,495,1,0,0.41666666666668867,1,0
2021-03-22,500,1,0,0.6071428571429044,0,0
2021-03-22,505,1,0,0.5555555555555262,0,0
2021-03-22,510,1,0,0.6785714285714192,0,0
2021-03-22,515,1,0,1.1825396825397434,0,0
2021-03-22,520,1,0,0.9960317460318079,0,0
2021-03-22,525,1,0,1.0,0,0
2021-03-22,530,1,0,0.89682539682542,0,0
2021-03-22,535,1,0,1.0833333333333555,0,0
2021-03-22,540,1,0,1.099206349206388,0,0
2021-03-22,545,1,0,1.0595238095238504,0,0
2021-03-22,550,1,0,1.1388888888889257,0,0
2021-03-22,555,1,0,1.0793650793651632,0,0
2021-03-22,560,1,0,1.0277777777777852,0,0
2021-03-22,565,1,0,0.9087301587301724,0,0
2021-03-22,570,1,0,0.8571428571428823,0,0
2021-03-22,575,1,0,0.9325396825396773,0,0
2021-03-22,580,1,0,1.0,0,0
2021-03-22,585,1,0,0.8769841269841951,0,0
2021-03-22,590,1,0,0.9682539682540228,0,0
2021-03-22,595,1,0,0.873015873015915,0,1
2021-03-22,600,1,0,1.0158730158730327,0,0
2021-03-22,605,1,0,1.099206349206388,0,0
2021-03-22,610,1,0,1.150793650793678,0,0
2021-03-22,615,1,0,1.2539682539683463,0,0
2021-03-22,620,1,0,1.3690476190476788,0,0
2021-03-22,625,1,0,1.3928571428571839,0,0
2021-03-22,630,1,0,1.3809523809524313,0,0
2021-03-22,635,1,0,1.3095238095238284,0,0
2021-03-22,640,1,0,1.1309523809524533,0,0
2021-03-22,645,1,0,1.146825396825486,0,0
2021-03-22,650,1,0,1.2380952380953136,0,0
2021-03-22,655,1,0,1.301587301587356,0,0
2021-03-22,660,1,0,1.4325396825397214,0,0
2021-03-22,665,1,0,1.7341269841270774,0,0
2021-03-22,670,1,0,1.7103174603175726,0,0
2021-03-22,675,1,0,1.8412698412699378,0,0
2021-03-22,680,1,0,1.8492063492064101,0,0
2021-03-22,685,1,0,2.0912698412699156,0,0
2021-03-22,690,1,0,1.976190476190583,0,0
2021-04-08,480,0,0,0.5635359116021936,0,0
2021-04-08,485,0,0,0.44751381215466157,0,0
2021-04-08,490,0,0,0.5414364640883605,0,0
2021-04-08,495,0,0,0.5801104972375379,0,1
2021-04-08,500,0,0,0.5801104972375379,1,0
2021-04-08,505,0,0,0.5469613259668494,1,0
2021-04-08,510,0,0,0.48618784530383896,1,0
2021-04-08,515,0,0,0.49723756906081684,0,1
2021-04-08,520,0,0,0.34806629834259634,0,0
2021-04-08,525,0,0,0.5469613259668494,0,1
2021-04-08,530,0,0,0.4917127071823279,1,-1
2021-04-08,535,0,0,0.7569060773480806,1,0
2021-04-08,540,0,0,1.0331491712706884,1,0
2021-04-08,545,0,0,0.8508287292817794,0,0
2021-04-08,550,0,0,1.276243093922608,0,0
2021-04-08,555,0,0,1.4640883977900059,0,0
2021-04-08,560,0,0,1.508287292817672,0,0
2021-04-08,565,0,0,1.3370165745856184,0,0
2021-04-08,570,0,0,1.0552486187845216,0,0
2021-04-08,575,0,0,1.0552486187845216,0,1
2021-04-08,580,0,0,1.116022099447532,0,1
2021-04-08,585,0,0,1.0220994475138332,0,0
2021-04-08,590,0,0,0.9005524861878121,0,0
2021-04-08,595,0,0,1.116022099447532,0,0
2021-04-08,600,0,0,1.1657458563535648,0,0
2021-04-08,605,0,0,1.0662983425413768,0,0
2021-04-08,610,0,0,0.9392265193369894,0,0
2021-04-08,615,0,0,0.8121546961326022,0,0
2021-04-08,620,0,0,0.906077348066301,0,1
2021-04-08,625,0,0,1.0773480662983548,0,1
2021-04-08,630,0,0,1.0718232044198657,0,1
2021-04-08,635,0,0,0.817679558011091,1,1
2021-04-08,640,0,0,0.878453038673979,1,1
2021-04-08,645,0,0,0.7403314917127364,1,0
2021-04-08,650,0,0,0.817679558011091,0,1
2021-04-08,655,0,0,0.7790055248619137,0,1
2021-04-08,660,0,0,1.0276243093921995,0,1
2021-04-08,665,0,0,0.8342541436464352,1,0
2021-04-08,670,0,-1,0.5248618784530164,1,0
2021-04-08,675,0,0,0.6243093922652042,1,0
2021-04-08,680,0,-1,0.48618784530383896,0,0
2021-04-08,685,0,-1,0.3756906077347958,0,0
2021-04-08,690,0,-1,0.4585635359116395,0,0
2021-04-13,480,0,0,0.4645161290322442,0,0
2021-04-13,485,0,0,0.4516129032258527,0,1
2021-04-13,490,0,0,0.6451612903225853,0,0
2021-04-13,495,0,0,0.8387096774193179,0,0
2021-04-13,500,0,0,0.8645161290322442,0,0
2021-04-13,505,0,0,0.9161290322580968,0,0
2021-04-13,510,0,0,0.7419354838710231,0,-1
2021-04-13,515,0,0,0.7032258064515621,-1,0
2021-04-13,520,0,0,0.6258064516129264,-1,0
2021-04-13,525,0,0,0.6387096774193178,-1,0
2021-04-13,530,0,0,0.4451612903225853,0,0
2021-04-13,535,0,0,0.5483870967741473,0,0
2021-04-13,540,0,0,-0.10322580645156207,0,0
2021-04-13,545,0,0,0.12903225806463164,0,0
2021-04-13,550,0,0,0.42580645161292635,0,0
2021-04-13,555,0,1,0.5548387096774148,0,0
2021-04-13,560,0,1,0.5483870967741473,0,0
2021-04-13,565,0,1,0.6709677419355116,0,0
2021-04-13,570,0,1,0.8064516129032674,0,0
2021-04-13,575,0,0,1.0838709677419032,0,0
2021-04-13,580,0,0,1.3483870967741474,0,0
2021-04-13,585,0,0,1.0838709677419032,0,0
2021-04-13,590,0,0,1.2258064516127831,0,0
2021-04-13,595,0,0,1.3161290322579535,0,0
2021-04-13,600,0,0,1.1548387096774146,0,0
2021-04-13,605,0,1,0.8322580645160504,0,0
2021-04-13,610,0,1,0.7741935483870737,0,0
2021-04-13,615,0,0,1.103225806451562,0,1
2021-04-13,620,0,0,0.903225806451562,1,0
2021-04-13,625,0,1,0.7935483870967326,1,0
2021-04-13,630,0,0,0.8967741935482947,1,0
2021-04-13,635,0,1,0.8,0,0
2021-04-13,640,0,0,1.0,0,1
2021-04-13,645,0,0,1.0645161290322442,0,1
2021-04-13,650,0,0,0.9612903225805389,1,0
2021-04-13,655,0,0,1.0645161290322442,1,0
2021-04-13,660,0,0,0.9548387096774147,1,-1
2021-04-13,665,0,1,0.5032258064515621,-1,0
2021-04-13,670,0,1,0.6129032258063916,-1,0
2021-04-13,675,0,1,0.7354838709677558,-1,0
2021-04-13,680,0,0,1.0645161290322442,0,0
2021-04-13,685,0,0,0.9741935483870736,0,-1
2021-04-13,690,0,0,1.0967741935482946,0,0
2021-04-14,480,0,0,0.864864864864973,0,0
2021-04-14,485,0,-1,0.8018018018018938,0,-1
2021-04-14,490,0,0,0.9909909909909316,0,0
2021-04-14,495,0,0,1.0,0,0
2021-04-14,500,0,0,1.2252252252253117,0,0
2021-04-14,505,0,0,1.0810810810810163,0,0
2021-04-14,510,0,0,1.0,0,-1
2021-04-14,515,0,0,1.0990990990991532,-1,0
2021-04-14,520,0,0,1.2072072072071747,-1,0
2021-04-14,525,0,0,1.0990990990991532,-1,0
2021-04-14,530,0,0,1.0900900900900847,0,-1
2021-04-14,535,0,0,1.0180180180181368,0,1
2021-04-14,540,0,0,1.2972972972972594,0,0
2021-04-14,545,0,0,1.0090090090090684,0,0
2021-04-14,550,0,0,1.0360360360360739,0,0
2021-04-14,555,0,0,0.9819819819820631,0,0
2021-04-14,560,0,0,1.4144144144145496,0,0
2021-04-14,565,0,-1,0.8288288288288991,0,0
2021-04-14,570,0,0,1.0630630630630793,0,-1
2021-04-14,575,0,-1,0.8198198198198307,-1,0
2021-04-14,580,0,-1,0.27927927927932256,-1,0
2021-04-14,585,0,-1,0.29729729729725946,-1,0
2021-04-14,590,0,-1,0.36036036036033875,0,0
2021-04-14,595,0,0,0.1081081081080216,0,0
2021-04-14,600,0,0,0.2522522522523171,0,0
2021-04-14,605,0,-1,0.4864864864864973,0,0
2021-04-14,610,0,-1,0.7207207207206775,0,0
2021-04-14,615,0,-1,0.7387387387388145,0,0
2021-04-14,620,0,0,1.0180180180181368,0,0
2021-04-14,625,0,0,0.9009009009008468,0,0
2021-04-14,630,0,0,1.0720720720721477,0,0
2021-04-14,635,0,0,1.3243243243242648,0,0
2021-04-14,640,0,0,1.3873873873873441,0,0
2021-04-14,645,0,0,1.4594594594594918,0,0
2021-04-14,650,0,0,1.1801801801801695,0,0
2021-04-14,655,0,0,1.2432432432432488,0,0
2021-04-14,660,0,0,1.0720720720721477,0,0
2021-04-14,665,0,0,1.1711711711711008,0,0
2021-04-14,670,0,0,1.2522522522523172,0,0
2021-04-14,675,0,0,1.1081081081082216,0,0
2021-04-14,680,0,-1,0.7567567567567514,0,0
2021-04-14,685,0,0,0.9009009009008468,0,0
2021-04-14,690,0,-1,0.36036036036033875,0,0
2021-04-15,480,0,0,0.4512195121950757,0,0
2021-04-15,485,0,0,0.6707317073170996,0,0
2021-04-15,490,0,0,1.0365853658536255,0,0
2021-04-15,495,0,0,0.7926829268292749,0,0
2021-04-15,500,0,0,0.8536585365852272,0,0
2021-04-15,505,0,0,0.43902439024377693,0,0
2021-04-15,510,0,-1,0.4512195121950757,0,0
2021-04-15,515,0,0,0.5853658536585498,0,1
2021-04-15,520,0,0,0.5731707317072511,0,1
2021-04-15,525,0,0,1.0,0,0
2021-04-15,530,0,0,1.1463414634145022,0,0
2021-04-15,535,0,0,0.6829268292681275,0,-1
2021-04-15,540,0,0,0.6219512195121754,0,-1
2021-04-15,545,0,0,1.1585365853658007,-1,0
2021-04-15,550,0,0,1.4634146341461036,-1,0
2021-04-15,555,0,0,1.7560975609753786,-1,0
2021-04-15,560,0,0,1.9024390243901514,0,0
2021-04-15,565,0,0,2.0243902439023267,0,0
2021-04-15,570,0,0,2.0609756097559524,0,0
2021-04-15,575,0,0,1.7439024390243507,0,0
2021-04-15,580,0,0,1.3902439024388527,0,0
2021-04-15,585,0,0,1.1951219512194264,0,0
2021-04-15,590,0,0,1.5365853658536255,0,0
2021-04-15,595,0,0,1.0487804878049243,0,0
2021-04-15,600,0,0,1.2804878048779762,0,1
2021-04-15,605,0,0,0.8170731707316017,1,0
2021-04-15,610,0,0,1.012195121951028,1,0
2021-04-15,615,0,0,0.8536585365852272,1,0
2021-04-15,620,0,0,0.7682926829266774,0,0
2021-04-15,625,0,0,0.6951219512194263,0,0
2021-04-15,630,0,0,0.9268292682924781,0,1
2021-04-15,635,0,0,0.8292682926829004,1,0
2021-04-15,640,0,0,1.1707317073170995,1,0
2021-04-15,645,0,0,1.804878048780303,1,0
2021-04-15,650,0,0,1.707317073170725,0,-1
2021-04-15,655,0,0,1.7682926829266774,0,-1
2021-04-15,660,0,0,1.3536585365852272,0,-1
2021-04-15,665,0,0,1.6829268292681276,-1,0
2021-04-15,670,0,0,1.5487804878046536,-1,0
2021-04-15,675,0,0,1.865853658536526,-1,0
2021-04-15,680,0,0,2.3414634146339286,0,0
2021-04-15,685,0,0,2.439024390243777,0,0
2021-04-15,690,0,0,1.7804878048779762,0,-1
2021-04-16,480,0,0,0.9223744292237397,0,0
2021-04-16,485,0,0,0.8036529680365537,0,1
2021-04-16,490,0,0,0.7716894977169112,0,1
2021-04-16,495,0,0,0.7899543378995786,0,1
2021-04-16,500,0,0,0.6073059360731075,1,0
2021-04-16,505,0,0,0.5068493150684876,1,0
2021-04-16,510,0,0,0.3926940639268925,1,0
2021-04-16,515,0,0,0.47488584474884504,0,0
2021-04-16,520,0,0,0.6803652968036756,0,0
2021-04-16,525,0,0,0.6484018264840331,0,0
2021-04-16,530,0,0,0.5433789954338224,0,0
2021-04-16,535,0,0,0.47031963470315286,0,0
2021-04-16,540,0,0,0.5479452054794132,0,1
2021-04-16,545,0,0,0.8675799086758389,1,0
2021-04-16,550,0,0,0.7625570776256282,1,0
2021-04-16,555,0,0,0.7351598173515764,1,0
2021-04-16,560,0,0,0.7625570776256282,0,0
2021-04-16,565,0,0,0.8538812785388638,0,0
2021-04-16,570,0,0,0.8584474885844545,0,0
2021-04-16,575,0,0,0.9543378995433822,0,0
2021-04-16,580,0,0,0.9178082191781488,0,0
2021-04-16,585,0,0,0.8949771689497893,0,0
2021-04-16,590,0,0,1.0456621004566178,0,0
2021-04-16,595,0,0,1.223744292237498,0,0
2021-04-16,600,0,0,1.698630136986343,0,0
2021-04-16,605,0,0,1.5525114155252067,0,0
2021-04-16,610,0,0,1.5296803652968471,0,0
2021-04-16,615,0,0,1.5114155251141799,0,0
2021-04-16,620,0,0,1.6301369863014672,0,0
2021-04-16,625,0,0,1.6621004566210082,0,0
2021-04-16,630,0,0,1.465753424657562,0,0
2021-04-16,635,0,0,1.3926940639269938,0,0
2021-04-16,640,0,0,1.2968036529680662,0,0
2021-04-16,645,0,0,1.0684931506849773,0,0
2021-04-16,650,0,0,1.3013698630137585,0,0
2021-04-16,655,0,0,1.1369863013698533,0,0
2021-04-16,660,0,0,1.2602739726027314,0,0
2021-04-16,665,0,0,1.1963470319635476,0,0
2021-04-16,670,0,0,1.2876712328767832,0,0
2021-04-16,675,0,0,1.0365296803653348,0,0
2021-04-16,680,0,0,1.2968036529680662,0,0
2021-04-16,685,0,0,1.1415525114155456,0,-1
2021-04-16,690,0,0,1.0730593607306695,0,-1
2021-05-03,480,0,0,0.4912280701754796,1,0
2021-05-03,485,0,0,0.07017543859655273,0,0
2021-05-03,490,0,0,-0.11403508771925211,0,0
2021-05-03,495,0,0,0.08771929824559353,0,0
2021-05-03,500,0,0,0.19298245614042264,0,0
2021-05-03,505,0,0,0.2456140350877398,0,0
2021-05-03,510,0,1,0.4912280701754796,0,0
2021-05-03,515,0,0,0.21052631578946343,0,0
2021-05-03,520,0,0,0.017543859649235573,0,0
2021-05-03,525,0,1,0.526315789473756,0,0
2021-05-03,530,0,0,0.4824561403508618,0,-1
2021-05-03,535,0,0,0.2543859649123576,0,0
2021-05-03,540,0,0,1.8771929824559352,0,0
2021-05-03,545,0,0,1.7807017543859187,0,-1
2021-05-03,550,0,0,1.9912280701751874,0,0
2021-05-03,555,0,0,2.008771929824423,0,0
2021-05-03,560,0,0,1.8771929824559352,0,0
2021-05-03,565,0,0,1.7807017543859187,0,0
2021-05-03,570,0,0,1.5350877192981789,0,0
2021-05-03,575,0,0,1.6140350877191547,0,1
2021-05-03,580,0,0,1.5789473684208783,0,1
2021-05-03,585,0,0,1.9824561403507643,0,1
2021-05-03,590,0,0,2.1140350877190572,1,0
2021-05-03,595,0,0,2.06140350877174,1,0
2021-05-03,600,0,0,1.6842105263157074,1,-1
2021-05-03,605,0,0,1.6403508771928133,-1,0
2021-05-03,610,0,0,1.5263157894735613,-1,0
2021-05-03,615,0,0,1.5175438596489434,-1,0
2021-05-03,620,0,0,1.4473684210525855,0,0
2021-05-03,625,0,0,1.473684210526244,0,0
2021-05-03,630,0,0,1.6315789473683904,0,0
2021-05-03,635,0,0,2.1578947368419517,0,0
2021-05-03,640,0,0,2.236842105262927,0,0
2021-05-03,645,0,0,2.4035087719296913,0,0
2021-05-03,650,0,0,2.342105263157756,0,0
2021-05-03,655,0,0,2.798245614034765,0,0
2021-05-03,660,0,0,2.719298245613789,0,0
2021-05-03,665,0,0,2.9912280701751874,0,0
2021-05-03,670,0,0,3.3596491228066023,0,0
2021-05-03,675,0,0,3.271929824561009,0,0
2021-05-03,680,0,0,3.36842105263122,0,0
2021-05-03,685,0,0,2.9999999999996105,0,-1
2021-05-03,690,0,0,3.1052631578944396,0,-1
2021-05-14,480,0,0,0.9305555555556126,0,0
2021-05-14,485,0,0,0.9166666666667352,0,0
2021-05-14,490,0,0,0.9861111111111225,0,0
2021-05-14,495,0,0,0.9351851851851699,0,0
2021-05-14,500,0,0,1.0231481481481977,0,0
2021-05-14,505,0,0,1.1018518518519052,0,0
2021-05-14,510,0,0,1.3611111111111225,0,0
2021-05-14,515,0,0,1.4583333333333677,0,0
2021-05-14,520,0,0,1.3981481481481977,0,0
2021-05-14,525,0,0,1.4953703703704426,0,0
2021-05-14,530,0,0,1.4814814814815653,0,0
2021-05-14,535,0,0,1.4629629629630276,0,-1
2021-05-14,540,0,0,1.43981481481483,0,-1
2021-05-14,545,0,0,1.472222222222245,-1,0
2021-05-14,550,0,0,1.5509259259259527,-1,0
2021-05-14,555,0,0,1.5462962962962925,-1,0
2021-05-14,560,0,0,1.472222222222245,0,1
2021-05-14,565,0,0,1.6527777777778578,0,0
2021-05-14,570,0,0,1.4444444444444902,0,1
2021-05-14,575,0,0,1.5,1,0
2021-05-14,580,0,0,1.5370370370370752,1,0
2021-05-14,585,0,0,1.6990740740741501,1,0
2021-05-14,590,0,0,1.7546296296296602,0,0
2021-05-14,595,0,0,1.8194444444444902,0,0
2021-05-14,600,0,0,1.81481481481483,0,0
2021-05-14,605,0,0,1.8935185185185375,0,0
2021-05-14,610,0,0,1.7685185185185375,0,0
2021-05-14,615,0,0,1.9444444444444902,0,0
2021-05-14,620,0,0,2.0787037037037077,0,0
2021-05-14,625,0,0,2.19444444444449,0,0
2021-05-14,630,0,0,2.222222222222245,0,0
2021-05-14,635,0,0,2.3333333333333677,0,0
2021-05-14,640,0,0,2.3935185185185377,0,0
2021-05-14,645,0,0,2.2777777777778576,0,0
2021-05-14,650,0,0,2.25462962962966,0,0
2021-05-14,655,0,0,2.282407407407518,0,0
2021-05-14,660,0,0,2.2731481481481977,0,0
2021-05-14,665,0,0,2.1342592592593204,0,0
2021-05-14,670,0,0,2.1342592592593204,0,0
2021-05-14,675,0,0,2.0277777777778576,0,0
2021-05-14,680,0,0,1.8194444444444902,0,0
2021-05-14,685,0,0,1.6990740740741501,0,0
2021-05-14,690,0,0,1.7592592592593201,0,0
2021-05-17,480,0,0,0.08661417322822255,-1,0
2021-05-17,485,0,0,0.18897637795278757,0,0
2021-05-17,490,0,0,0.4724409448818815,0,0
2021-05-17,495,0,0,0.5905511811024393,0,0
2021-05-17,500,0,0,0.881889763779617,0,0
2021-05-17,505,0,0,0.6456692913386763,0,0
2021-05-17,510,0,0,0.6220472440944249,0,0
2021-05-17,515,0,0,1.055118110236237,0,0
2021-05-17,520,0,0,1.1968503937008714,0,0
2021-05-17,525,0,0,1.0,0,0
2021-05-17,530,0,0,1.0708661417324046,0,0
2021-05-17,535,0,0,1.0787401574803135,0,0
2021-05-17,540,0,0,0.9133858267717775,0,0
2021-05-17,545,0,0,1.3149606299212544,0,0
2021-05-17,550,0,0,1.5826771653543554,0,0
2021-05-17,555,0,0,1.4330708661418121,0,0
2021-05-17,560,0,0,1.4015748031496518,0,0
2021-05-17,565,0,0,1.220472440944948,0,0
2021-05-17,570,0,0,1.1417322834646344,0,0
2021-05-17,575,0,0,1.110236220472474,0,0
2021-05-17,580,0,0,1.165354330708711,0,1
2021-05-17,585,0,0,1.0393700787402442,0,0
2021-05-17,590,0,0,0.6456692913386763,0,0
2021-05-17,595,0,0,0.6062992125984321,0,0
2021-05-17,600,0,0,0.7559055118109754,0,0
2021-05-17,605,0,0,1.0,0,0
2021-05-17,610,0,0,1.1259842519686416,0,0
2021-05-17,615,0,0,0.7480314960630665,0,0
2021-05-17,620,0,0,0.7637795275590592,0,0
2021-05-17,625,0,0,0.8425196850393728,0,0
2021-05-17,630,0,0,0.889763779527526,0,0
2021-05-17,635,0,0,1.1496062992127183,0,0
2021-05-17,640,0,0,1.2913385826771777,0,0
2021-05-17,645,0,0,1.3622047244095823,0,0
2021-05-17,650,0,0,1.5984251968505232,0,0
2021-05-17,655,0,0,1.7795275590552269,0,0
2021-05-17,660,0,0,1.7401574803151576,0,0
2021-05-17,665,0,0,1.5826771653543554,0,0
2021-05-17,670,0,0,1.220472440944948,0,0
2021-05-17,675,0,0,1.5826771653543554,0,1
2021-05-17,680,0,0,1.503937007874042,1,0
2021-05-17,685,0,0,1.7874015748033107,1,0
2021-05-17,690,0,0,1.763779527559234,1,0
2021-06-22,480,0,0,0.004255319148963913,0,0
2021-06-22,485,0,1,0.14042553191486426,0,1
2021-06-22,490,0,1,0.08085106382974742,0,1
2021-06-22,495,0,1,0.1021276595744725,0,1
2021-06-22,500,0,1,0.19148936170214775,1,0
2021-06-22,505,0,1,0.1744680851063866,1,0
2021-06-22,510,0,1,0.17872340425535052,1,0
2021-06-22,515,0,1,0.26808510638293126,0,0
2021-06-22,520,0,1,0.3191489361702148,0,0
2021-06-22,525,0,1,0.45531914893611514,0,0
2021-06-22,530,0,1,0.39574468085109277,0,-1
2021-06-22,535,0,1,0.5276595744680292,0,0
2021-06-22,540,0,1,0.310638297872287,0,-1
2021-06-22,545,0,1,0.4680851063830069,-1,0
2021-06-22,550,0,1,0.382978723404201,-1,-1
2021-06-22,555,0,1,0.1744680851063866,-1,0
2021-06-22,560,0,1,0.5276595744680292,0,0
2021-06-22,565,0,1,0.5234042553191598,0,0
2021-06-22,570,0,1,0.5021276595744347,0,0
2021-06-22,575,0,0,0.7276595744681048,0,0
2021-06-22,580,0,1,0.59148936170211,0,0
2021-06-22,585,0,0,0.7872340425531271,0,0
2021-06-22,590,0,0,0.6638297872340241,0,-1
2021-06-22,595,0,1,0.4382978723404484,0,0
2021-06-22,600,0,1,0.4297872340425206,0,0
2021-06-22,605,0,1,0.21702127659574227,0,0
2021-06-22,610,0,1,0.23829787234046734,0,0
2021-06-22,615,0,1,0.09361702127663916,0,0
2021-06-22,620,0,1,0.13191489361703093,0,1
2021-06-22,625,0,1,0.059574468085116836,0,0
2021-06-22,630,0,1,0.11489361702126977,0,1
2021-06-22,635,0,1,0.4510638297872457,1,0
2021-06-22,640,0,1,0.21702127659574227,1,0
2021-06-22,645,0,1,0.26808510638293126,1,0
2021-06-22,650,0,1,0.33191489361701204,0,0
2021-06-22,655,0,1,0.22978723404253953,0,0
2021-06-22,660,0,1,0.204255319148945,0,1
2021-06-22,665,0,1,0.1999999999999811,1,0
2021-06-22,670,0,1,0.16170212765958936,1,0
2021-06-22,675,0,1,0.14042553191486426,1,0
2021-06-22,680,0,1,0.17872340425535052,0,0
2021-06-22,685,0,1,0.0723404255319141,0,0
2021-06-22,690,0,1,0.04255319148935567,0,0
2021-08-11,480,0,0,0.2233009708739371,0,0
2021-08-11,485,0,0,-0.06796116504833648,0,0
2021-08-11,490,0,0,-0.1747572815532348,0,0
2021-08-11,495,0,0,-0.22330097087372153,0,0
2021-08-11,500,0,0,-0.34951456310668516,0,0
2021-08-11,505,0,0,-0.4563106796115835,0,0
2021-08-11,510,0,0,-0.3980582524269563,0,0
2021-08-11,515,0,0,-0.5825242718445471,0,0
2021-08-11,520,0,0,-0.6601941747570241,0,0
2021-08-11,525,0,0,-0.6699029126211645,0,0
2021-08-11,530,0,0,-0.4660194174755084,0,-1
2021-08-11,535,0,0,-0.16504854368930993,0,0
2021-08-11,540,0,0,-0.5631067961162662,0,-1
2021-08-11,545,0,0,-0.5048543689318546,-1,0
2021-08-11,550,0,0,-0.6213592233008934,-1,0
2021-08-11,555,0,0,-0.5339805825240604,-1,0
2021-08-11,560,0,0,-0.8737864077668207,0,0
2021-08-11,565,0,0,-0.7766990291260629,0,0
2021-08-11,570,0,0,-0.6019417475726125,0,0
2021-08-11,575,0,0,-0.35922330097082567,0,0
2021-08-11,580,0,0,-0.34951456310668516,0,0
2021-08-11,585,0,0,-0.33009708737840426,0,0
2021-08-11,590,0,0,-0.4368932038833026,0,0
2021-08-11,595,0,0,-0.34951456310668516,0,0
2021-08-11,600,0,0,-0.24271844660178687,0,0
2021-08-11,605,0,0,-0.21359223300958108,0,0
2021-08-11,610,0,0,0.08737864077683298,0,0
2021-08-11,615,0,1,0.2815533980583487,0,0
2021-08-11,620,0,1,0.23300970873786198,0,0
2021-08-11,625,0,0,-0.03883495145613068,0,0
2021-08-11,630,0,0,-0.06796116504833648,0,0
2021-08-11,635,0,0,-0.21359223300958108,0,0
2021-08-11,640,0,0,-0.4271844660193777,0,0
2021-08-11,645,0,0,-0.378640776698891,0,0
2021-08-11,650,0,0,-0.34951456310668516,0,1
2021-08-11,655,0,0,-0.1165048543688232,0,1
2021-08-11,660,0,0,-0.27184466019399267,0,1
2021-08-11,665,0,0,-0.0291262135922058,1,0
2021-08-11,670,0,0,0.019417475728280918,1,0
2021-08-11,675,0,0,0.019417475728280918,1,0
2021-08-11,680,0,0,-0.10679611650468275,0,0
2021-08-11,685,0,0,-0.30097087378619847,0,0
2021-08-11,690,0,0,-0.3106796116503389,0,0
2021-08-17,480,0,0,0.4250000000000555,0,0
2021-08-17,485,0,0,0.08750000000002775,0,0
2021-08-17,490,0,0,0.06249999999986122,0,0
2021-08-17,495,0,0,-0.07499999999994449,0,0
2021-08-17,500,0,0,-0.08750000000002775,0,0
2021-08-17,505,0,0,0.03749999999997224,0,0
2021-08-17,510,0,0,-0.3000000000000555,0,0
2021-08-17,515,0,0,-0.11250000000019429,0,1
2021-08-17,520,0,0,-0.3625000000001943,0,0
2021-08-17,525,0,0,-0.3875000000000833,0,0
2021-08-17,530,0,0,-0.025000000000166535,0,0
2021-08-17,535,0,0,-0.3875000000000833,0,-1
2021-08-17,540,0,0,-0.6750000000000556,0,0
2021-08-17,545,0,0,0.18749999999986122,0,0
2021-08-17,550,0,0,0.274999999999889,0,0
2021-08-17,555,0,0,-0.11250000000019429,0,0
2021-08-17,560,0,0,0.07499999999994449,0,0
2021-08-17,565,0,0,0.2625000000000833,0,0
2021-08-17,570,0,1,0.600000000000111,0,0
2021-08-17,575,0,1,0.475000000000111,0,0
2021-08-17,580,0,0,0.23749999999991672,0,-1
2021-08-17,585,0,1,0.75,0,0
2021-08-17,590,0,1,0.4499999999999445,0,0
2021-08-17,595,0,1,0.4374999999998612,0,0
2021-08-17,600,0,1,0.6999999999999444,0,0
2021-08-17,605,0,1,0.4625000000000278,0,0
2021-08-17,610,0,0,1.2625000000000832,0,0
2021-08-17,615,0,0,1.625,0,0
2021-08-17,620,0,0,1.4875000000001943,0,0
2021-08-17,625,0,0,1.9625000000003052,0,0
2021-08-17,630,0,0,2.1125000000001943,0,0
2021-08-17,635,0,0,1.700000000000222,0,0
2021-08-17,640,0,0,1.6750000000000556,0,0
2021-08-17,645,0,0,1.3125000000001388,0,0
2021-08-17,650,0,0,1.1000000000001111,0,0
2021-08-17,655,0,0,1.1750000000000556,0,0
2021-08-17,660,0,0,1.325000000000222,0,1
2021-08-17,665,0,1,0.75,1,0
2021-08-17,670,0,1,0.7874999999999722,1,0
2021-08-17,675,0,1,0.8375000000000278,1,0
2021-08-17,680,0,0,0.350000000000111,0,0
2021-08-17,685,0,0,-0.13750000000008328,0,0
2021-08-17,690,0,0,0.13750000000008328,0,0
2021-08-19,480,0,0,0.3133640552995448,1,0
2021-08-19,485,0,0,0.39170506912443104,0,0
2021-08-19,490,0,0,0.1566820276497724,0,0
2021-08-19,495,0,0,0.47004608294931727,0,1
2021-08-19,500,0,0,0.4285714285713701,1,0
2021-08-19,505,0,0,0.4884792626728379,1,0
2021-08-19,510,0,0,0.3686635944700046,1,0
2021-08-19,515,0,0,0.5760368663594333,0,0
2021-08-19,520,0,0,0.580645161290339,0,0
2021-08-19,525,0,0,0.49308755760364137,0,0
2021-08-19,530,0,0,0.5668202764977242,0,0
2021-08-19,535,0,0,0.4654377880184115,0,0
2021-08-19,540,0,0,0.5944700460829541,0,0
2021-08-19,545,0,0,0.6267281105990896,0,0
2021-08-19,550,0,0,0.5990783410137575,0,0
2021-08-19,555,0,0,0.5898617511520483,0,1
2021-08-19,560,0,0,0.5622119815668184,1,0
2021-08-19,565,0,0,0.5023041474654529,1,0
2021-08-19,570,0,0,0.4976958525345471,1,0
2021-08-19,575,0,0,0.5852534562211426,0,0
2021-08-19,580,0,0,0.608294930875569,0,0
2021-08-19,585,0,0,0.5622119815668184,0,-1
2021-08-19,590,0,0,0.5852534562211426,-1,0
2021-08-19,595,0,0,0.8248847926267069,-1,0
2021-08-19,600,0,0,0.7834101382488621,-1,0
2021-08-19,605,0,0,0.8156682027649977,0,0
2021-08-19,610,0,0,0.7511520737327264,0,-1
2021-08-19,615,0,0,0.7880184331796655,0,0
2021-08-19,620,0,0,0.7741935483870506,0,0
2021-08-19,625,0,0,0.9539170506912494,0,0
2021-08-19,630,0,0,1.2764976958525034,0,0
2021-08-19,635,0,0,1.2903225806451184,0,0
2021-08-19,640,0,0,1.3824884792626195,0,0
2021-08-19,645,0,0,1.1520737327188666,0,-1
2021-08-19,650,0,0,1.0230414746543242,-1,0
2021-08-19,655,0,0,0.9585253456220528,-1,0
2021-08-19,660,0,0,0.9723502304147701,-1,0
2021-08-19,665,0,-1,0.7050691244239758,0,0
2021-08-19,670,0,0,0.9585253456220528,0,0
2021-08-19,675,0,0,0.9124423963133023,0,0
2021-08-19,680,0,0,1.096774193548407,0,0
2021-08-19,685,0,0,1.0230414746543242,0,0
2021-08-19,690,0,0,0.9400921658986345,0,-1
2021-08-26,480,0,0,0.5000000000001291,0,0
2021-08-26,485,0,0,0.5813953488373474,0,0
2021-08-26,490,0,0,0.5116279069766901,0,0
2021-08-26,495,0,0,0.4651162790699296,0,0
2021-08-26,500,0,0,0.34883720930225354,0,0
2021-08-26,505,0,0,0.15116279069787555,0,0
2021-08-26,510,0,0,0.023255813953638484,0,0
2021-08-26,515,0,0,0.10465116279085679,0,0
2021-08-26,520,0,0,0.10465116279085679,0,0
2021-08-26,525,0,0,-0.08139534883721831,0,0
2021-08-26,530,0,0,-0.05813953488357983,0,0
2021-08-26,535,0,0,-0.2906976744184155,0,0
2021-08-26,540,0,0,-0.4418604651160329,0,0
2021-08-26,545,0,0,0.27906976744185447,0,0
2021-08-26,550,0,0,0.6395348837209273,0,0
2021-08-26,555,0,0,0.7209302325581456,0,0
2021-08-26,560,0,0,0.7325581395349647,0,0
2021-08-26,565,0,0,0.5930232558139085,0,-1
2021-08-26,570,0,0,1.1395348837207981,0,0
2021-08-26,575,0,0,1.1279069767442371,0,-1
2021-08-26,580,0,0,1.3604651162790729,0,0
2021-08-26,585,0,0,1.1627906976744367,0,0
2021-08-26,590,0,0,0.7674418604651643,0,0
2021-08-26,595,0,1,0.5581395348837089,0,0
2021-08-26,600,0,0,1.0116279069768193,0,0
2021-08-26,605,0,0,0.5813953488373474,0,0
2021-08-26,610,0,0,0.23255813953483567,0,0
2021-08-26,615,0,0,0.32558139534887326,0,0
2021-08-26,620,0,0,0.13953488372105632,0,0
2021-08-26,625,0,0,-0.04651162790676058,0,0
2021-08-26,630,0,0,-0.12790697674397888,0,0
2021-08-26,635,0,0,-0.02325581395338029,0,1
2021-08-26,640,0,0,0.10465116279085679,0,1
2021-08-26,645,0,0,0.34883720930225354,0,0
2021-08-26,650,0,0,-0.06976744186039907,0,-1
2021-08-26,655,0,0,-0.15116279069761737,0,-1
2021-08-26,660,0,0,-0.24418604651139675,0,0
2021-08-26,665,0,0,0.15116279069787555,0,0
2021-08-26,670,0,0,0.11627906976741784,0,0
2021-08-26,675,0,0,-0.24418604651139675,0,0
2021-08-26,680,0,0,-0.08139534883721831,0,0
2021-08-26,685,0,0,-0.08139534883721831,0,0
2021-08-26,690,0,0,0.22093023255827463,0,0
2021-10-05,480,0,0,0.2359550561797136,0,0
2021-10-05,485,0,0,0.3033707865168637,0,0
2021-10-05,490,0,0,0.3033707865168637,0,0
2021-10-05,495,0,0,0.258426966292097,0,0
2021-10-05,500,0,0,0.3202247191011201,0,0
2021-10-05,505,0,0,0.3539325842696328,0,0
2021-10-05,510,0,0,0.24157303370784064,0,1
2021-10-05,515,0,0,0.3539325842696328,1,0
2021-10-05,520,0,0,0.4382022471910393,1,0
2021-10-05,525,0,0,0.4382022471910393,1,0
2021-10-05,530,0,0,0.522471910112321,0,0
2021-10-05,535,0,0,0.5955056179775982,0,0
2021-10-05,540,0,0,0.49438202247193536,0,0
2021-10-05,545,0,0,0.26404494382022403,0,0
2021-10-05,550,0,0,0.21910112359545728,0,0
2021-10-05,555,0,0,0.4438202247191663,0,1
2021-10-05,560,0,0,0.6123595505618545,1,0
2021-10-05,565,0,0,0.7808988764045427,1,0
2021-10-05,570,0,0,0.6011235955056005,1,0
2021-10-05,575,0,0,0.49438202247193536,0,1
2021-10-05,580,0,0,0.5000000000000624,0,1
2021-10-05,585,0,0,0.3483146067416305,0,0
2021-10-05,590,0,0,0.30898876404499076,0,0
2021-10-05,595,0,0,0.28089887640448036,0,0
2021-10-05,600,0,0,0.4101123595505289,0,1
2021-10-05,605,0,0,0.5505617977528314,1,0
2021-10-05,610,0,0,0.6292134831461109,1,0
2021-10-05,615,0,0,0.6460674157303672,1,0
2021-10-05,620,0,0,0.7303370786517737,0,0
2021-10-05,625,0,0,0.7528089887640323,0,0
2021-10-05,630,0,0,0.6741573033707529,0,0
2021-10-05,635,0,0,0.7865168539326698,0,0
2021-10-05,640,0,0,0.735955056179776,0,0
2021-10-05,645,0,0,0.735955056179776,0,0
2021-10-05,650,0,0,0.4494382022471686,0,0
2021-10-05,655,0,0,0.6179775280898568,0,0
2021-10-05,660,0,0,0.4887640449438083,0,0
2021-10-05,665,0,0,0.4213483146067829,0,0
2021-10-05,670,0,0,0.3539325842696328,0,0
2021-10-05,675,0,0,0.522471910112321,0,1
2021-10-05,680,0,0,0.6573033707864965,1,0
2021-10-05,685,0,0,0.6516853932584943,1,0
2021-10-05,690,0,0,0.4831460674156813,1,0
2021-10-20,480,0,0,0.5705882352940562,0,0
2021-10-20,485,0,0,0.541176470588243,0,0
2021-10-20,490,0,0,0.6058823529412148,0,0
2021-10-20,495,0,0,0.49411764705878514,0,0
2021-10-20,500,0,0,0.2882352941177008,0,0
2021-10-20,505,0,0,0.441176470588243,0,0
2021-10-20,510,0,0,0.34117647058824296,0,0
2021-10-20,515,0,0,0.20588235294121487,0,0
2021-10-20,520,0,0,0.28235294117648596,0,0
2021-10-20,525,0,0,0.2705882352941868,0,0
2021-10-20,530,0,0,0.26470588235297193,0,0
2021-10-20,535,0,0,0.12352941176472894,0,0
2021-10-20,540,0,0,0.21764705882351404,0,0
2021-10-20,545,0,0,0.11764705882351405,0,0
2021-10-20,550,0,0,-0.17058823529405617,0,0
2021-10-20,555,0,0,-0.35294117647054213,0,0
2021-10-20,560,0,0,-0.3647058823529719,0,0
2021-10-20,565,0,0,-0.18823529411757023,0,0
2021-10-20,570,0,0,-0.5941176470587851,0,0
2021-10-20,575,0,0,-0.7941176470587851,0,0
2021-10-20,580,0,0,-1.023529411764729,0,0
2021-10-20,585,0,0,-0.982352941176486,0,0
2021-10-20,590,0,0,-0.8294117647058132,0,0
2021-10-20,595,0,0,-0.6529411764705422,0,0
2021-10-20,600,0,0,-0.623529411764729,0,-1
2021-10-20,605,0,0,-0.517647058823514,-1,0
2021-10-20,610,0,0,-0.5705882352940562,-1,0
2021-10-20,615,0,0,-0.6,-1,0
2021-10-20,620,0,0,-0.658823529411757,0,0
2021-10-20,625,0,0,-0.48235294117648597,0,0
2021-10-20,630,0,0,-0.35882352941175705,0,0
2021-10-20,635,0,0,-0.3647058823529719,0,-1
2021-10-20,640,0,0,-0.38235294117648594,0,-1
2021-10-20,645,0,0,-0.37058823529405616,0,-1
2021-10-20,650,0,0,-0.3294117647058132,-1,0
2021-10-20,655,0,0,-0.617647058823514,-1,0
2021-10-20,660,0,0,-0.541176470588243,-1,0
2021-10-20,665,0,0,-0.4882352941175702,0,0
2021-10-20,670,0,0,-0.4352941176470281,0,0
2021-10-20,675,0,0,-0.49411764705878514,0,0
2021-10-20,680,0,0,-0.4882352941175702,0,0
2021-10-20,685,0,0,-0.541176470588243,0,1
2021-10-20,690,0,0,-0.6647058823529719,0,0
2021-11-11,480,0,0,0.7475247524752312,0,0
2021-11-11,485,0,0,0.6435643564356012,0,0
2021-11-11,490,0,0,0.7821782178217745,0,1
2021-11-11,495,0,0,0.7128712871286879,0,0
2021-11-11,500,0,0,0.6732673267326069,0,0
2021-11-11,505,0,0,0.6386138613860635,0,0
2021-11-11,510,0,0,0.6188118811881329,0,0
2021-11-11,515,0,0,0.42574257425737566,0,0
2021-11-11,520,0,0,0.47524752475242193,0,0
2021-11-11,525,0,0,0.4158415841584104,0,0
2021-11-11,530,0,0,0.10396039603952016,0,0
2021-11-11,535,0,0,0.10891089108905776,0,0
2021-11-11,540,0,0,-0.22772277227730064,0,0
2021-11-11,545,0,0,-0.16336633663375152,0,1
2021-11-11,550,0,0,-0.13366336633663584,0,1
2021-11-11,555,0,0,-0.3663366336634741,0,0
2021-11-11,560,0,0,-0.4504950495050637,0,0
2021-11-11,565,0,0,-0.22277227722776305,0,0
2021-11-11,570,0,0,-0.10396039603963009,0,0
2021-11-11,575,0,0,0.079207920792052,0,0
2021-11-11,580,0,1,0.2227722772276531,0,0
2021-11-11,585,0,1,0.3217821782177456,0,0
2021-11-11,590,0,1,0.5693069306930867,0,0
2021-11-11,595,0,1,0.5,0,0
2021-11-11,600,0,1,0.3316831683168208,0,0
2021-11-11,605,0,0,0.0841584158415896,0,0
2021-11-11,610,0,0,-0.05445544554458384,0,0
2021-11-11,615,0,0,-0.12376237623767056,0,0
2021-11-11,620,0,0,-0.16336633663375152,0,0
2021-11-11,625,0,0,-0.20792079207926017,0,0
2021-11-11,630,0,0,-0.21287128712879777,0,0
2021-11-11,635,0,0,-0.18811881188121968,0,1
2021-11-11,640,0,0,-0.23762376237626592,0,0
2021-11-11,645,0,0,-0.004950495049537601,0,0
2021-11-11,650,0,0,-0.2524752475247688,0,0
2021-11-11,655,0,0,-0.2524752475247688,0,0
2021-11-11,660,0,0,-0.07920792079216192,0,-1
2021-11-11,665,0,0,0.1683168316831792,-1,0
2021-11-11,670,0,1,0.38613861386140463,-1,0
2021-11-11,675,0,1,0.36138613861382657,-1,0
2021-11-11,680,0,1,0.43069306930691326,0,0
2021-11-11,685,0,1,0.20297029702961264,0,-1
2021-11-11,690,0,1,0.28712871287120223,0,-1
2021-11-26,480,0,0,0.8924050632911463,0,0
2021-11-26,485,0,0,0.759493670886067,0,0
2021-11-26,490,0,0,0.9367088607595061,0,0
2021-11-26,495,0,0,1.2848101265822927,0,0
2021-11-26,500,0,0,1.2784810126582011,0,0
2021-11-26,505,0,0,1.1898734177214816,0,0
2021-11-26,510,0,0,1.1329113924050793,0,0
2021-11-26,515,0,0,1.1392405063290303,0,-1
2021-11-26,520,0,-1,0.8924050632911463,0,0
2021-11-26,525,0,-1,0.7531645569619755,0,0
2021-11-26,530,0,0,1.5126582278480425,0,0
2021-11-26,535,0,0,1.487341772151817,0,0
2021-11-26,540,0,0,1.0316455696201767,0,-1
2021-11-26,545,0,0,1.2405063291139329,-1,0
2021-11-26,550,0,0,1.4367088607595062,-1,0
2021-11-26,555,0,0,1.506329113923951,-1,0
2021-11-26,560,0,0,1.9367088607593657,0,0
2021-11-26,565,0,0,3.170886075949207,0,0
2021-11-26,570,0,0,3.310126582278237,0,0
2021-11-26,575,0,0,3.7784810126579202,0,0
2021-11-26,580,0,0,3.6012658227846215,0,0
2021-11-26,585,0,0,2.8860759493669144,0,-1
2021-11-26,590,0,0,2.784810126582152,-1,0
2021-11-26,595,0,0,2.170886075949207,-1,0
2021-11-26,600,0,0,1.9556962025314997,-1,0
2021-11-26,605,0,0,2.6772151898732983,0,0
2021-11-26,610,0,0,3.196202531645292,0,0
2021-11-26,615,0,0,3.392405063290865,0,0
2021-11-26,620,0,0,3.3987341772149566,0,0
2021-11-26,625,0,0,3.1329113924047984,0,-1
2021-11-26,630,0,0,3.3481012658225056,0,-1
2021-11-26,635,0,0,2.651898734177073,-1,0
2021-11-26,640,0,0,2.9240506329111824,-1,0
2021-11-26,645,0,0,2.449367088607408,-1,0
2021-11-26,650,0,0,2.8037974683542863,0,0
2021-11-26,655,0,0,2.8417721518985544,0,0
2021-11-26,660,0,0,2.9810126582277254,0,0
2021-11-26,665,0,0,2.917721518987091,0,-1
2021-11-26,670,0,0,2.9240506329111824,0,-1
2021-11-26,675,0,0,2.6835443037972495,0,-1
2021-11-26,680,0,0,3.069620253164304,-1,0
2021-11-26,685,0,0,3.253164556961835,-1,0
2021-11-26,690,0,0,3.3227848101264206,-1,0
2021-11-29,480,0,0,0.057971014492814256,0,0
2021-11-29,485,0,0,-0.39130434782609397,0,0
2021-11-29,490,0,0,-0.4202898550725011,0,0
2021-11-29,495,0,0,-0.38405797101445194,0,0
2021-11-29,500,0,0,-0.25362318840586123,0,0
2021-11-29,505,0,0,-0.15217391304351674,0,0
2021-11-29,510,0,0,-0.202898550724689,0,0
2021-11-29,515,0,0,-0.3550724637680448,0,0
2021-11-29,520,0,0,-0.26086956521734234,0,0
2021-11-29,525,0,0,-0.30434782608687255,0,0
2021-11-29,530,0,0,-0.2318840579709352,0,0
2021-11-29,535,0,0,-0.1159420289854676,0,0
2021-11-29,540,0,0,-0.5362318840579687,0,0
2021-11-29,545,0,0,-0.5579710144927338,0,0
2021-11-29,550,0,0,-0.7173913043478926,0,0
2021-11-29,555,0,0,-0.5942028985507829,0,0
2021-11-29,560,0,0,-0.3333333333332797,0,0
2021-11-29,565,0,0,-0.24637681159421923,0,0
2021-11-29,570,0,0,-0.26086956521734234,0,0
2021-11-29,575,0,0,-0.08695652173906047,0,0
2021-11-29,580,0,0,0.05072463768117225,0,0
2021-11-29,585,0,1,0.1086956521739865,0,0
2021-11-29,590,0,0,-0.036231884057888235,0,0
2021-11-29,595,0,1,0.1086956521739865,0,0
2021-11-29,600,0,1,0.3550724637682057,0,0
2021-11-29,605,0,1,0.5652173913043758,0,0
2021-11-29,610,0,1,0.405797101449378,0,0
2021-11-29,615,0,1,0.601449275362425,0,0
2021-11-29,620,0,0,1.2246376811594542,0,0
2021-11-29,625,0,0,1.2826086956522684,0,0
2021-11-29,630,0,0,1.0,0,0
2021-11-29,635,0,1,0.804347826086953,0,0
2021-11-29,640,0,1,0.6159420289855481,0,1
2021-11-29,645,0,0,1.021739130434926,0,0
2021-11-29,650,0,0,1.239130434782738,0,0
2021-11-29,655,0,0,1.0724637681159375,0,0
2021-11-29,660,0,0,1.0579710144928143,0,0
2021-11-29,665,0,0,1.0507246376811723,0,0
2021-11-29,670,0,0,1.043478260869691,0,1
2021-11-29,675,0,0,1.0797101449275794,0,0
2021-11-29,680,0,0,1.0652173913044563,0,1
2021-11-29,685,0,0,1.0,0,0
2021-11-29,690,0,0,1.405797101449378,0,0
2021-12-22,480,0,0,0.141791044776065,-1,0
2021-12-22,485,0,0,0.3208955223880325,0,0
2021-12-22,490,0,0,0.32835820895524614,0,0
2021-12-22,495,0,0,0.19402985074622908,0,0
2021-12-22,500,0,0,0.11940298507458977,0,0
2021-12-22,505,0,0,0.022388059701475223,0,0
2021-12-22,510,0,1,0.17910447761196752,0,1
2021-12-22,515,0,0,0.04477611940295045,1,0
2021-12-22,520,0,1,0.28358208955213,1,0
2021-12-22,525,0,1,0.141791044776065,1,0
2021-12-22,530,0,1,0.41791044776114705,0,0
2021-12-22,535,0,1,0.29850746268655726,0,0
2021-12-22,540,0,1,0.2164179104477043,0,0
2021-12-22,545,0,1,0.3955223880596718,0,0
2021-12-22,550,0,1,0.6716417910447539,0,0
2021-12-22,555,0,1,0.5597014925373778,0,0
2021-12-22,560,0,1,0.5,0,0
2021-12-22,565,0,1,0.3582089552237693,0,0
2021-12-22,570,0,1,0.582089552238853,0,0
2021-12-22,575,0,1,0.5074626865672136,0,0
2021-12-22,580,0,1,0.4701492537313111,0,0
2021-12-22,585,0,1,0.5223880597014752,0,0
2021-12-22,590,0,1,0.49253731343278634,0,0
2021-12-22,595,0,1,0.5074626865672136,0,0
2021-12-22,600,0,1,0.6268656716418034,0,0
2021-12-22,605,0,1,0.5447761194029505,0,0
2021-12-22,610,0,1,0.5746268656716393,0,-1
2021-12-22,615,0,1,0.5895522388059009,0,-1
2021-12-22,620,0,0,1.141791044776065,-1,0
2021-12-22,625,0,1,0.7686567164178684,-1,0
2021-12-22,630,0,1,0.7238805970149179,-1,0
2021-12-22,635,0,1,0.6044776119403282,0,0
2021-12-22,640,0,1,0.858208955223935,0,0
2021-12-22,645,0,0,1.2089552238806565,0,0
2021-12-22,650,0,0,1.0298507462686888,0,-1
2021-12-22,655,0,0,1.3134328358209846,0,0
2021-12-22,660,0,0,1.358208955223935,0,0
2021-12-22,665,0,0,1.492537313432952,0,0
2021-12-22,670,0,0,1.4626865671642633,0,0
2021-12-22,675,0,0,1.2537313432836068,0,-1
2021-12-22,680,0,0,1.4850746268657384,-1,0
2021-12-22,685,0,0,2.417910447761313,-1,0
2021-12-22,690,0,0,2.1940298507463947,-1,0
2022-01-11,480,-1,0,0.3571428571427816,0,1
2022-01-11,485,-1,0,0.48412698412705407,1,0
2022-01-11,490,-1,0,0.6349206349206573,1,0
2022-01-11,495,-1,0,0.7539682539683686,1,0
2022-01-11,500,-1,0,0.7301587301586854,0,-1
2022-01-11,505,-1,0,0.9920634920636151,0,0
2022-01-11,510,-1,0,0.8095238095237676,0,0
2022-01-11,515,-1,0,0.5952380952380281,0,0
2022-01-11,520,-1,-1,0.5079365079365611,0,0
2022-01-11,525,-1,-1,0.48412698412705407,0,0
2022-01-11,530,-1,0,0.6269841269840962,0,0
2022-01-11,535,-1,0,0.25396825396819245,0,0
2022-01-11,540,-1,0,0.8095238095237676,0,0
2022-01-11,545,-1,0,0.8253968253968897,0,0
2022-01-11,550,-1,0,1.0476190476191902,0,0
2022-01-11,555,-1,0,0.93650793650804,0,0
2022-01-11,560,-1,0,1.0476190476191902,0,0
2022-01-11,565,-1,0,1.2777777777778756,0,0
2022-01-11,570,-1,0,1.2460317460318076,0,0
2022-01-11,575,-1,0,1.1269841269842724,0,0
2022-01-11,580,-1,0,1.0396825396826292,0,0
2022-01-11,585,-1,0,1.2460317460318076,0,0
2022-01-11,590,-1,0,1.1666666666667254,0,0
2022-01-11,595,-1,0,1.5555555555557514,0,0
2022-01-11,600,-1,0,1.404761904761972,0,0
2022-01-11,605,-1,0,1.2539682539683688,0,0
2022-01-11,610,-1,0,1.492063492063615,0,0
2022-01-11,615,-1,0,1.5952380952382044,0,0
2022-01-11,620,-1,0,1.5238095238096832,0,-1
2022-01-11,625,-1,0,1.404761904761972,0,0
2022-01-11,630,-1,0,1.1587301587301644,0,0
2022-01-11,635,-1,0,0.8174603174603287,0,0
2022-01-11,640,-1,0,0.8412698412698357,0,0
2022-01-11,645,-1,-1,0.3650793650793427,0,0
2022-01-11,650,-1,0,0.06349206349195999,0,0
2022-01-11,655,-1,0,-0.11111111111115027,0,0
2022-01-11,660,-1,0,0.1349206349206573,0,0
2022-01-11,665,-1,1,0.5,0,0
2022-01-11,670,-1,0,0.28571428571426055,0,-1
2022-01-11,675,-1,0,0.25396825396819245,0,-1
2022-01-11,680,-1,0,0.24603174603163133,-1,0
2022-01-11,685,-1,0,0.015873015872945942,-1,0
2022-01-11,690,-1,0,-0.31746031746050485,-1,0
2022-02-11,480,0,0,0.17168674698794012,0,0
2022-02-11,485,0,0,0.1987951807229238,0,-1
2022-02-11,490,0,0,0.24096385542172785,0,-1
2022-02-11,495,0,0,0.2801204819277411,0,0
2022-02-11,500,0,0,0.22289156626504977,0,-1
2022-02-11,505,0,0,0.24096385542172785,0,1
2022-02-11,510,0,0,0.3403614457831563,0,0
2022-02-11,515,0,0,0.38554216867468427,0,0
2022-02-11,520,0,0,0.42168674698797354,0,0
2022-02-11,525,0,0,0.47590361445787405,0,0
2022-02-11,530,0,0,0.5753012048193025,0,0
2022-02-11,535,0,0,0.587349397590399,0,0
2022-02-11,540,0,0,0.4518072289156812,0,-1
2022-02-11,545,0,0,0.259036144578339,-1,0
2022-02-11,550,0,0,0.45783132530119597,-1,1
2022-02-11,555,0,0,0.6204819277108304,-1,0
2022-02-11,560,0,0,0.5813253012048173,0,-1
2022-02-11,565,0,0,0.6054216867470101,0,-1
2022-02-11,570,0,0,0.6807228915663126,0,0
2022-02-11,575,0,0,0.6174698795181065,0,0
2022-02-11,580,0,0,0.5240963855421928,0,0
2022-02-11,585,0,0,0.5572289156626913,0,0
2022-02-11,590,0,0,0.5481927710843857,0,0
2022-02-11,595,0,0,0.6656626506024254,0,1
2022-02-11,600,0,0,0.6987951807229238,0,0
2022-02-11,605,0,0,0.6987951807229238,0,0
2022-02-11,610,0,0,0.587349397590399,0,0
2022-02-11,615,0,0,0.45783132530119597,0,0
2022-02-11,620,0,0,0.39457831325305676,0,0
2022-02-11,625,0,0,0.5391566265060133,0,1
2022-02-11,630,0,0,0.6415662650602325,0,1
2022-02-11,635,0,0,0.6686746987952161,1,0
2022-02-11,640,0,0,0.5271084337349837,1,-1
2022-02-11,645,0,0,0.5783132530120934,1,-1
2022-02-11,650,0,0,0.5843373493976081,-1,0
2022-02-11,655,0,0,0.6777108433735217,-1,0
2022-02-11,660,0,0,0.4879518072289036,-1,0
2022-02-11,665,0,0,0.4698795180722924,0,0
2022-02-11,670,0,0,0.4427710843373756,0,0
2022-02-11,675,0,0,0.4728915662650832,0,0
2022-02-11,680,0,0,0.48493975903617964,0,-1
2022-02-11,685,0,0,0.542168674698804,0,0
2022-02-11,690,0,0,0.5331325301204984,0,0
2022-02-22,480,0,0,0.6530612244897978,0,0
2022-02-22,485,0,0,0.5469387755101478,0,0
2022-02-22,490,0,0,0.6285714285713613,0,0
2022-02-22,495,0,0,0.644897959183622,0,0
2022-02-22,500,0,0,0.2734693877550739,0,0
2022-02-22,505,0,0,0.31428571428568064,0,0
2022-02-22,510,0,0,0.3428571428571144,0,0
2022-02-22,515,0,0,0.375510204081636,0,0
2022-02-22,520,0,0,0.4326530612245035,0,0
2022-02-22,525,0,0,0.395918367346894,0,0
2022-02-22,530,0,0,0.64897959183671,0,0
2022-02-22,535,0,0,0.6653061224489707,0,0
2022-02-22,540,0,0,0.3510204081632901,0,-1
2022-02-22,545,0,0,0.2857142857142469,-1,0
2022-02-22,550,0,0,0.4448979591836764,-1,0
2022-02-22,555,0,0,0.9469387755101297,-1,0
2022-02-22,560,0,0,1.0244897959183459,0,0
2022-02-22,565,0,0,1.2081632653061214,0,0
2022-02-22,570,0,0,1.3673469387754602,0,0
2022-02-22,575,0,0,1.3510204081631996,0,0
2022-02-22,580,0,0,1.0530612244897797,0,0
2022-02-22,585,0,0,1.3714285714285481,0,0
2022-02-22,590,0,0,1.3428571428571143,0,0
2022-02-22,595,0,0,1.497959183673456,0,0
2022-02-22,600,0,0,1.5387755102040628,0,0
2022-02-22,605,0,0,1.5755102040815816,0,0
2022-02-22,610,0,0,1.6530612244897072,0,0
2022-02-22,615,0,0,1.6979591836734016,0,0
2022-02-22,620,0,0,1.783673469387703,0,0
2022-02-22,625,0,0,1.787755102040791,0,0
2022-02-22,630,0,0,1.9142857142856988,0,0
2022-02-22,635,0,0,1.8367346938774827,0,0
2022-02-22,640,0,0,1.636734693877537,0,0
2022-02-22,645,0,0,1.6081632653061033,0,0
2022-02-22,650,0,0,1.4693877551020222,0,0
2022-02-22,655,0,0,1.3224489795917658,0,0
2022-02-22,660,0,0,1.2775510204081617,0,0
2022-02-22,665,0,0,1.5673469387754966,0,0
2022-02-22,670,0,0,1.7224489795917475,0,0
2022-02-22,675,0,0,1.779591836734615,0,0
2022-02-22,680,0,0,2.032653061224431,0,0
2022-02-22,685,0,0,2.1755102040815997,0,0
2022-02-22,690,0,0,2.1265306122448173,0,0
2022-03-29,480,0,0,0.1988950276243758,0,0
2022-03-29,485,0,0,0.42541436464095106,0,0
2022-03-29,490,0,0,0.4585635359116395,0,0
2022-03-29,495,0,0,0.46408839779000577,0,0
2022-03-29,500,0,0,0.6850828729282148,0,0
2022-03-29,505,0,0,0.6464088397790374,0,0
2022-03-29,510,0,0,0.7127071823204142,0,0
2022-03-29,515,0,0,0.9337016574585005,0,0
2022-03-29,520,0,0,0.817679558011091,0,0
2022-03-29,525,0,0,1.2707182320441188,0,0
2022-03-29,530,0,0,1.6132596685082263,0,0
2022-03-29,535,0,0,1.4033149171269952,0,0
2022-03-29,540,0,0,1.3370165745856184,0,0
2022-03-29,545,0,0,1.3812154696132848,0,0
2022-03-29,550,0,0,1.2486187845304084,0,0
2022-03-29,555,0,0,1.1381215469612427,0,0
2022-03-29,560,0,0,1.1988950276242532,0,1
2022-03-29,565,0,0,1.6574585635358927,0,0
2022-03-29,570,0,0,1.9558011049723336,0,0
2022-03-29,575,0,0,1.8287292817679464,0,-1
2022-03-29,580,0,0,1.668508287292748,0,-1
2022-03-29,585,0,0,1.292817679557952,0,-1
2022-03-29,590,0,0,1.4640883977900059,-1,1
2022-03-29,595,0,0,1.3480662983424736,-1,1
2022-03-29,600,0,0,1.1491712707182205,-1,0
2022-03-29,605,0,0,1.2872928176795857,0,1
2022-03-29,610,0,0,1.4143646408839732,0,0
2022-03-29,615,0,0,1.1049723756905543,0,0
2022-03-29,620,0,0,0.9723756906076779,0,0
2022-03-29,625,0,0,1.1215469613258984,0,1
2022-03-29,630,0,0,1.099447513812188,0,0
2022-03-29,635,0,0,0.8232044198894574,0,0
2022-03-29,640,0,0,0.7790055248619137,0,0
2022-03-29,645,0,0,0.91160220994479,0,0
2022-03-29,650,0,0,0.7348066298342474,0,0
2022-03-29,655,0,0,0.016574585635344204,0,0
2022-03-29,660,0,1,0.31491712707178526,0,0
2022-03-29,665,0,0,-0.16574585635356473,0,0
2022-03-29,670,0,0,1.6795580110497257,0,0
2022-03-29,675,0,0,1.6629834254142588,0,0
2022-03-29,680,0,0,2.6132596685082263,0,0
2022-03-29,685,0,0,2.3535911602209625,0,0
2022-03-29,690,0,0,2.2541436464087745,0,0
2022-04-05,480,1,0,0.6146788990825015,0,-1
2022-04-05,485,1,0,0.743119266055001,-1,1
2022-04-05,490,1,0,0.6880733944954166,-1,1
2022-04-05,495,1,0,0.26605504587146056,-1,0
2022-04-05,500,1,0,0.6788990825687513,0,0
2022-04-05,505,1,0,0.3119266055045834,0,1
2022-04-05,510,1,0,0.3302752293577103,0,1
2022-04-05,515,1,0,0.9449541284402119,1,0
2022-04-05,520,1,0,0.9357798165137503,1,0
2022-04-05,525,1,0,1.3119266055045835,1,0
2022-04-05,530,1,0,1.3761467889906294,0,0
2022-04-05,535,1,0,1.4311926605504175,0,0
2022-04-05,540,1,0,1.2385321100916684,0,-1
2022-04-05,545,1,0,1.3486238532108372,-1,0
2022-04-05,550,1,0,1.412844036697087,-1,0
2022-04-05,555,1,0,1.1100917431191688,-1,0
2022-04-05,560,1,0,1.3761467889906294,0,0
2022-04-05,565,1,0,1.5321100917429211,0,0
2022-04-05,570,1,0,2.018348623853127,0,0
2022-04-05,575,1,0,2.2568807339447954,0,0
2022-04-05,580,1,0,2.018348623853127,0,0
2022-04-05,585,1,0,1.972477064220004,0,0
2022-04-05,590,1,0,2.2385321100916684,0,0
2022-04-05,595,1,0,1.8807339449539622,0,0
2022-04-05,600,1,0,1.7889908256879201,0,0
2022-04-05,605,1,0,1.8715596330275006,0,0
2022-04-05,610,1,0,1.7064220183485435,0,0
2022-04-05,615,1,0,2.018348623853127,0,0
2022-04-05,620,1,0,1.4770642201833368,0,0
2022-04-05,625,1,0,1.7889908256879201,0,0
2022-04-05,630,1,0,1.3761467889906294,0,0
2022-04-05,635,1,0,0.4495412844035445,0,0
2022-04-05,640,1,0,0.5504587155962518,0,0
2022-04-05,645,1,0,0.4770642201833367,0,0
2022-04-05,650,1,0,0.4311926605504176,0,0
2022-04-05,655,1,0,0.36697247706416786,0,0
2022-04-05,660,1,0,0.5321100917431248,0,1
2022-04-05,665,1,0,0.6330275229356285,1,0
2022-04-05,670,1,0,1.2018348623852109,1,0
2022-04-05,675,1,0,1.3944954128439602,1,0
2022-04-05,680,1,0,1.9082568807337543,0,0
2022-04-05,685,1,0,1.8073394495412507,0,0
2022-04-05,690,1,0,1.7889908256879201,0,0
2022-04-06,480,0,0,0.02010050251258356,0,0
2022-04-06,485,0,0,-0.13567839195979955,0,0
2022-04-06,490,0,0,-0.41206030150757245,0,0
2022-04-06,495,0,0,-0.3316582914573498,0,0
2022-04-06,500,0,0,-0.14572864321614712,0,0
2022-04-06,505,0,0,-0.1708542713567929,0,0
2022-04-06,510,0,0,-0.035175879396993334,0,0
2022-04-06,515,0,1,0.025125628140645766,0,0
2022-04-06,520,0,0,-0.01005025125623599,0,0
2022-04-06,525,0,1,0.09045226130657023,0,0
2022-04-06,530,0,1,0.14070351758797334,0,0
2022-04-06,535,0,1,0.12562814070356357,0,0
2022-04-06,540,0,1,0.2361809045226058,0,0
2022-04-06,545,0,1,0.29648241206035647,0,0
2022-04-06,550,0,1,0.0603015075376391,0,0
2022-04-06,555,0,1,0.2160804020100222,0,-1
2022-04-06,560,0,0,0.6432160804020044,-1,0
2022-04-06,565,0,0,0.5276381909547885,-1,0
2022-04-06,570,0,1,0.2763819095477729,-1,0
2022-04-06,575,0,1,0.17587939698496668,0,0
2022-04-06,580,0,1,0.08542713567839645,0,0
2022-04-06,585,0,1,0.36180904522616936,0,0
2022-04-06,590,0,0,0.5226130653266147,0,0
2022-04-06,595,0,0,0.6080402010050111,0,0
2022-04-06,600,0,0,0.5979899497487751,0,0
2022-04-06,605,0,0,0.673366834170824,0,0
2022-04-06,610,0,0,0.5427135678391982,0,-1
2022-04-06,615,0,0,0.5678391959799556,0,-1
2022-04-06,620,0,0,0.5929648241206014,-1,-1
2022-04-06,625,0,0,0.9447236180904232,-1,0
2022-04-06,630,0,0,1.6180904522613586,-1,0
2022-04-06,635,0,0,1.4723618090452115,0,0
2022-04-06,640,0,0,1.7939698492463254,0,0
2022-04-06,645,0,0,1.8442211055277284,0,0
2022-04-06,650,0,0,1.7989949748743876,0,-1
2022-04-06,655,0,0,1.8442211055277284,0,-1
2022-04-06,660,0,0,2.005025125628174,0,0
2022-04-06,665,0,0,1.8190954773869712,0,0
2022-04-06,670,0,0,1.7386934673367485,0,0
2022-04-06,675,0,0,1.7336683417085748,0,0
2022-04-06,680,0,0,1.5276381909547885,0,0
2022-04-06,685,0,0,1.3216080402010022,0,0
2022-04-06,690,0,0,1.2060301507537863,0,0
2022-04-08,480,1,0,0.9701492537313161,0,0
2022-04-08,485,1,0,0.7910447761193783,0,0
2022-04-08,490,1,0,0.6641791044775959,0,0
2022-04-08,495,1,0,0.9402985074626321,0,0
2022-04-08,500,1,0,0.8432835820895337,0,0
2022-04-08,505,1,0,1.0597014925372021,0,0
2022-04-08,510,1,0,0.7537313432834819,0,0
2022-04-08,515,1,-1,0.9626865671641037,0,0
2022-04-08,520,1,0,0.8208955223880622,0,0
2022-04-08,525,1,0,0.6567164179103835,0,0
2022-04-08,530,1,0,0.4179104477612435,0,0
2022-04-08,535,1,0,0.5671641791044973,0,0
2022-04-08,540,1,0,0.5223880597015543,0,0
2022-04-08,545,1,0,0.3134328358209326,0,0
2022-04-08,550,1,0,0.07462686567162695,0,0
2022-04-08,555,1,0,0.1268656716417824,0,0
2022-04-08,560,1,0,-0.14179104477604149,0,0
2022-04-08,565,1,0,-0.11194029850735758,0,0
2022-04-08,570,1,0,-0.17910447761193782,0,0
2022-04-08,575,1,0,-0.24626865671635237,0,0
2022-04-08,580,1,0,-0.04477611940294303,0,0
2022-04-08,585,1,0,0.11940298507473569,0,0
2022-04-08,590,1,0,0.18656716417915023,0,0
2022-04-08,595,1,0,0.32835820895519174,0,0
2022-04-08,600,1,1,0.9328358208954197,0,0
2022-04-08,605,1,0,1.5149253731341763,0,0
2022-04-08,610,1,0,1.6417910447759587,0,0
2022-04-08,615,1,0,1.4925373134327047,0,0
2022-04-08,620,1,0,1.2014925373134093,0,0
2022-04-08,625,1,0,1.3582089552238756,0,0
2022-04-08,630,1,1,0.8731343283582176,0,0
2022-04-08,635,1,0,0.7089552238805389,0,0
2022-04-08,640,1,0,0.8134328358208498,0,0
2022-04-08,645,1,0,1.0149253731342591,0,1
2022-04-08,650,1,1,0.8880597014924767,1,0
2022-04-08,655,1,0,0.7686567164179068,1,0
2022-04-08,660,1,1,0.8880597014924767,1,0
2022-04-08,665,1,0,1.3656716417909223,0,0
2022-04-08,670,1,0,1.3955223880596064,0,0
2022-04-08,675,1,0,1.164179104477513,0,0
2022-04-08,680,1,0,1.4999999999999172,0,0
2022-04-08,685,1,0,1.5373134328358136,0,0
2022-04-08,690,1,0,1.619402985074487,0,0
2022-05-04,480,0,0,0.06153846153851935,1,1
2022-05-04,485,0,0,-0.13333333333328778,1,0
2022-05-04,490,0,1,0.2102564102564085,1,1
2022-05-04,495,0,1,0.3333333333333333,1,0
2022-05-04,500,0,1,0.5435897435897419,0,0
2022-05-04,505,0,1,0.523076923076902,0,0
2022-05-04,510,0,1,0.317948717948732,0,-1
2022-05-04,515,0,1,0.2512820512820881,-1,0
2022-05-04,520,0,1,0.271794871794814,-1,0
2022-05-04,525,0,1,0.11282051282056187,-1,0
2022-05-04,530,0,0,-0.11794871794868642,0,0
2022-05-04,535,0,0,-0.05641025641028093,0,0
2022-05-04,540,0,1,0.12820512820516325,0,1
2022-05-04,545,0,1,0.7743589743588762,1,0
2022-05-04,550,0,1,0.5948717948717843,1,0
2022-05-04,555,0,1,0.4564102564102582,1,0
2022-05-04,560,0,0,-0.025641025640964328,0,0
2022-05-04,565,0,0,0.020512820512839782,0,0
2022-05-04,570,0,0,0.05641025641028093,0,0
2022-05-04,575,0,1,0.38461538461537587,0,0
2022-05-04,580,0,1,0.5743589743589446,0,0
2022-05-04,585,0,1,0.6615384615384282,0,0
2022-05-04,590,0,1,0.6769230769230297,0,0
2022-05-04,595,0,1,0.63589743589735,0,0
2022-05-04,600,0,1,0.6615384615384282,0,0
2022-05-04,605,0,1,0.5128205128205391,0,0
2022-05-04,610,0,1,0.8205128205127943,0,0
2022-05-04,615,0,1,0.6564102564101898,0,0
2022-05-04,620,0,1,0.43076923076917994,0,0
2022-05-04,625,0,1,0.6153846153846242,0,0
2022-05-04,630,0,1,0.692307692307631,0,0
2022-05-04,635,0,1,0.8358974358973956,0,0
2022-05-04,640,0,1,0.7897435897435915,0,0
2022-05-04,645,0,1,0.8923076923076766,0,0
2022-05-04,650,0,0,1.102564102564085,0,0
2022-05-04,655,0,0,0.9538461538460821,0,0
2022-05-04,660,0,1,0.5538461538461048,0,0
2022-05-04,665,0,1,0.5641025641025816,0,0
2022-05-04,670,0,1,0.317948717948732,0,0
2022-05-04,675,0,1,0.6307692307692255,0,1
2022-05-04,680,0,1,0.6461538461538269,1,0
2022-05-04,685,0,1,0.851282051281997,1,0
2022-05-04,690,0,0,1.0051282051281245,1,0
2022-06-01,480,0,0,0.28143712574851254,0,0
2022-06-01,485,0,0,0.4011976047904271,0,0
2022-06-01,490,0,0,0.4790419161676583,0,0
2022-06-01,495,0,0,0.5029940119760679,0,0
2022-06-01,500,0,0,0.4371257485029749,0,0
2022-06-01,505,0,0,0.7245508982036231,0,0
2022-06-01,510,0,0,0.4910179640717966,0,-1
2022-06-01,515,0,0,0.32335329341319596,-1,0
2022-06-01,520,0,0,0.4790419161676583,-1,0
2022-06-01,525,0,0,0.7125748502994848,-1,0
2022-06-01,530,0,0,0.7005988023952135,0,-1
2022-06-01,535,0,0,0.6526946107785275,0,-1
2022-06-01,540,0,0,1.113772455089912,0,0
2022-06-01,545,0,0,1.179640718563005,0,0
2022-06-01,550,0,0,1.694610778443211,0,0
2022-06-01,555,0,0,1.8023952095809872,0,0
2022-06-01,560,0,0,1.5688622754491608,0,0
2022-06-01,565,0,0,1.257485029940236,0,0
2022-06-01,570,0,0,1.1736526946108692,0,0
2022-06-01,575,0,0,1.2215568862275552,0,1
2022-06-01,580,0,0,1.095808383233638,0,0
2022-06-01,585,0,-1,0.5988023952095729,0,0
2022-06-01,590,0,0,0.8263473053892637,0,1
2022-06-01,595,0,-1,0.6526946107785275,0,1
2022-06-01,600,0,-1,0.5928143712574373,0,0
2022-06-01,605,0,0,0.9760479041917235,0,0
2022-06-01,610,0,0,1.5868263473054347,0,0
2022-06-01,615,0,0,1.3293413173653315,0,0
2022-06-01,620,0,0,1.191616766467143,0,0
2022-06-01,625,0,0,1.095808383233638,0,0
2022-06-01,630,0,0,1.209580838323417,0,0
2022-06-01,635,0,0,1.2814371257486454,0,-1
2022-06-01,640,0,0,1.1736526946108692,0,0
2022-06-01,645,0,0,0.9820359281437261,0,0
2022-06-01,650,0,0,0.8802395209580854,0,0
2022-06-01,655,0,0,0.9640718562874522,0,0
2022-06-01,660,0,0,0.7544910179640353,0,0
2022-06-01,665,0,-1,0.5628742514970251,0,0
2022-06-01,670,0,0,0.7305389221557587,0,0
2022-06-01,675,0,0,1.0299401197605451,0,0
2022-06-01,680,0,0,0.7664670658683065,0,-1
2022-06-01,685,0,0,0.9880239520958617,0,-1
2022-06-01,690,0,0,1.0838323353293668,0,0
2022-07-11,480,0,0,0.08839779005520998,0,0
2022-07-11,485,0,0,0.21546961325972003,0,0
2022-07-11,490,0,0,0.06077348066301053,0,0
2022-07-11,495,0,0,-0.06077348066301053,0,0
2022-07-11,500,0,0,0.11602209944753211,0,0
2022-07-11,505,0,0,-0.16574585635356473,0,0
2022-07-11,510,0,0,-0.24861878453040842,0,0
2022-07-11,515,0,0,-0.08839779005520998,0,0
2022-07-11,520,0,0,0.07182320441986578,0,0
2022-07-11,525,0,0,-0.27071823204411893,0,0
2022-07-11,530,0,0,-0.29834254143644107,0,0
2022-07-11,535,0,0,-0.8287292817679464,0,0
2022-07-11,540,0,0,-0.5801104972375379,0,0
2022-07-11,545,0,0,-0.78453038674028,0,0
2022-07-11,550,0,0,-0.16022099447507576,0,0
2022-07-11,555,0,0,-0.5303867403315052,0,-1
2022-07-11,560,0,0,-0.6243093922652042,-1,0
2022-07-11,565,0,0,-0.8397790055248016,-1,0
2022-07-11,570,0,0,-1.1160220994474095,-1,0
2022-07-11,575,0,0,-0.8950276243093231,0,0
2022-07-11,580,0,0,-1.0441988950275436,0,0
2022-07-11,585,0,0,-1.1546961325965868,0,0
2022-07-11,590,0,0,-1.4475138121546616,0,0
2022-07-11,595,0,0,-1.6961325966849474,0,0
2022-07-11,600,0,0,-1.4972375690606943,0,0
2022-07-11,605,0,0,-1.7182320441987804,0,0
2022-07-11,610,0,0,-1.6022099447512483,0,0
2022-07-11,615,0,0,-1.1491712707180979,0,0
2022-07-11,620,0,0,-0.9779005524861668,0,0
2022-07-11,625,0,0,-1.1325966850827536,0,0
2022-07-11,630,0,0,-1.0110497237568552,0,0
2022-07-11,635,0,0,-0.6298342541435705,0,0
2022-07-11,640,0,0,-0.3370165745856184,0,0
2022-07-11,645,0,0,-0.48066298342534997,0,0
2022-07-11,650,0,0,-0.7348066298342474,0,0
2022-07-11,655,0,0,-0.6850828729280921,0,0
2022-07-11,660,0,0,-1.077348066298232,0,0
2022-07-11,665,0,0,-0.9999999999998773,0,1
2022-07-11,670,0,0,-0.8950276243093231,0,1
2022-07-11,675,0,0,-0.9502762430938447,0,1
2022-07-11,680,0,0,-1.2154696132595972,1,0
2022-07-11,685,0,0,-1.0552486187845216,1,1
2022-07-11,690,0,0,-1.2430939226517967,1,0
2022-07-28,480,0,0,0.8445945945945555,0,0
2022-07-28,485,0,0,0.9020270270269878,0,0
2022-07-28,490,0,0,1.006756756756726,0,0
2022-07-28,495,0,0,0.8783783783783348,0,0
2022-07-28,500,0,0,0.8783783783783348,0,1
2022-07-28,505,0,0,0.935810810810767,0,0
2022-07-28,510,0,0,1.0439189189189055,0,0
2022-07-28,515,0,0,1.0,0,-1
2022-07-28,520,0,0,0.9155405405405145,0,-1
2022-07-28,525,0,0,0.9391891891891674,0,-1
2022-07-28,530,0,-1,0.4864864864865108,-1,0
2022-07-28,535,0,-1,0.3851351351350981,-1,0
2022-07-28,540,0,-1,0.6756756756756594,-1,0
2022-07-28,545,0,-1,0.46283783783785787,0,0
2022-07-28,550,0,-1,0.44594594594593073,0,0
2022-07-28,555,0,-1,0.3783783783783723,0,0
2022-07-28,560,0,0,0.3141891891892143,0,0
2022-07-28,565,0,0,-0.29729729729728716,0,0
2022-07-28,570,0,0,-0.010135135135126264,0,0
2022-07-28,575,0,0,-0.07770270270268471,0,0
2022-07-28,580,0,0,-0.09797297297293724,0,0
2022-07-28,585,0,0,-0.13851351351351732,0,0
2022-07-28,590,0,0,-0.07432432432428428,0,0
2022-07-28,595,0,0,0.14189189189191775,0,0
2022-07-28,600,0,1,0.47297297297298413,0,0
2022-07-28,605,0,0,0.19256756756754906,0,-1
2022-07-28,610,0,0,0.2533783783783817,0,-1
2022-07-28,615,0,0,0.1959459459459495,0,-1
2022-07-28,620,0,1,0.38175675675677273,-1,0
2022-07-28,625,0,1,0.38851351351349855,-1,0
2022-07-28,630,0,0,0.20608108108107576,-1,0
2022-07-28,635,0,0,0.2736486486486342,0,0
2022-07-28,640,0,0,0.28040540540543507,0,0
2022-07-28,645,0,1,0.5574324324323947,0,0
2022-07-28,650,0,1,0.6858108108107858,0,0
2022-07-28,655,0,1,0.41891891891887734,0,-1
2022-07-28,660,0,1,0.7297297297296912,0,0
2022-07-28,665,0,0,0.26351351351350794,0,0
2022-07-28,670,0,0,0.2432432432432554,0,0
2022-07-28,675,0,0,0.1689189189188961,0,0
2022-07-28,680,0,0,0.2736486486486342,0,0
2022-07-28,685,0,0,0.22297297297300286,0,0
2022-07-28,690,0,0,0.1790540540540224,0,0
2022-08-04,480,0,0,0.19852941176469627,0,0
2022-08-04,485,0,0,0.30882352941182234,0,0
2022-08-04,490,0,0,0.19852941176469627,0,1
2022-08-04,495,0,0,0.25,0,1
2022-08-04,500,0,0,-0.18382352941165905,1,0
2022-08-04,505,0,0,-0.08088235294105162,1,0
2022-08-04,510,0,0,0.06617647058834093,1,0
2022-08-04,515,0,1,0.25,0,0
2022-08-04,520,0,0,0.11764705882364467,0,-1
2022-08-04,525,0,1,0.30882352941182234,0,0
2022-08-04,530,0,1,0.5441176470589484,0,0
2022-08-04,535,0,0,0.6838235294118223,0,0
2022-08-04,540,0,1,0.5588235294118223,0,0
2022-08-04,545,0,0,1.0220588235293926,0,0
2022-08-04,550,0,0,1.4779411764706074,0,0
2022-08-04,555,0,0,1.375,0,0
2022-08-04,560,0,0,1.5882352941177336,0,0
2022-08-04,565,0,0,1.625,0,0
2022-08-04,570,0,0,1.7573529411765185,0,0
2022-08-04,575,0,0,1.75,0,0
2022-08-04,580,0,0,1.8382352941177336,0,0
2022-08-04,585,0,0,1.316176470588341,0,0
2022-08-04,590,0,0,1.2058823529412148,0,0
2022-08-04,595,0,0,1.0955882352940889,0,0
2022-08-04,600,0,0,1.3676470588234815,0,1
2022-08-04,605,0,0,1.3455882352940889,1,0
2022-08-04,610,0,0,1.5588235294118222,1,0
2022-08-04,615,0,0,1.6617647058824299,1,0
2022-08-04,620,0,0,1.8823529411765185,0,0
2022-08-04,625,0,0,1.5514705882353037,0,-1
2022-08-04,630,0,0,1.1397058823530373,0,0
2022-08-04,635,0,0,1.3014705882353037,0,1
2022-08-04,640,0,0,1.4779411764706074,0,1
2022-08-04,645,0,0,1.625,0,1
2022-08-04,650,0,0,1.4338235294118222,1,-1
2022-08-04,655,0,0,1.9117647058824299,1,0
2022-08-04,660,0,0,2.294117647058785,1,0
2022-08-04,665,0,0,2.205882352941215,0,0
2022-08-04,670,0,0,2.080882352941215,0,0
2022-08-04,675,0,0,2.0,0,0
2022-08-04,680,0,0,1.9779411764706074,0,0
2022-08-04,685,0,0,2.095588235294089,0,1
2022-08-04,690,0,0,2.2720588235293926,0,1
2022-08-22,480,-1,0,0.3333333333333333,0,0
2022-08-22,485,-1,0,0.15277777777784202,0,0
2022-08-22,490,-1,0,0.11574074074077072,0,0
2022-08-22,495,-1,0,0.22685185185188184,0,0
2022-08-22,500,-1,0,0.2916666666667052,0,0
2022-08-22,505,-1,0,0.2777777777778292,0,-1
2022-08-22,510,-1,0,0.2777777777778292,0,-1
2022-08-22,515,-1,0,0.023148148148195265,-1,0
2022-08-22,520,-1,0,0.023148148148195265,-1,0
2022-08-22,525,-1,0,-0.08333333333325624,-1,0
2022-08-22,530,-1,0,-0.05092592592594734,0,1
2022-08-22,535,-1,0,0.07407407407414261,0,1
2022-08-22,540,-1,0,-0.12962962962954397,0,0
2022-08-22,545,-1,0,-0.4166666666665896,0,0
2022-08-22,550,-1,0,-0.2222222222222222,0,0
2022-08-22,555,-1,0,-0.12037037037032754,0,1
2022-08-22,560,-1,0,-0.3240740740740141,1,0
2022-08-22,565,-1,0,-0.3657407407406422,1,0
2022-08-22,570,-1,0,-0.4629629629628773,1,0
2022-08-22,575,-1,0,-0.5324074074073603,0,0
2022-08-22,580,-1,0,-0.6018518518517405,0,0
2022-08-22,585,-1,0,-0.777777777777675,0,0
2022-08-22,590,-1,0,-1.0046296296295567,0,0
2022-08-22,595,-1,0,-1.129629629629544,0,0
2022-08-22,600,-1,0,-0.9861111111110211,0,0
2022-08-22,605,-1,0,-1.0925925925924727,0,0
2022-08-22,610,-1,0,-1.314814814814695,0,0
2022-08-22,615,-1,0,-1.0138888888887732,0,0
2022-08-22,620,-1,0,-1.166666666666564,0,0
2022-08-22,625,-1,0,-1.2731481481480154,0,0
2022-08-22,630,-1,0,-1.0324074074073089,0,0
2022-08-22,635,-1,0,-0.9953703703702376,0,0
2022-08-22,640,-1,0,-0.7824074074073346,0,0
2022-08-22,645,-1,0,-0.7129629629628516,0,0
2022-08-22,650,-1,0,-0.7731481481480154,0,-1
2022-08-22,655,-1,0,-0.509259259259165,0,0
2022-08-22,660,-1,0,-0.5231481481480411,0,0
2022-08-22,665,-1,0,-0.6712962962962234,0,0
2022-08-22,670,-1,0,-0.7083333333332947,0,0
2022-08-22,675,-1,0,-0.6898148148147591,0,0
2022-08-22,680,-1,0,-0.6759259259258831,0,0
2022-08-22,685,-1,0,-0.5972222222221837,0,0
2022-08-22,690,-1,0,-0.8194444444444059,0,0
2022-08-25,480,0,0,0.462962962962947,0,1
2022-08-25,485,0,0,0.5703703703703575,1,0
2022-08-25,490,0,0,0.4592592592592602,1,-1
2022-08-25,495,0,0,0.7148148148147595,1,0
2022-08-25,500,0,0,1.440740740740744,0,0
2022-08-25,505,0,0,1.1370370370370284,0,0
2022-08-25,510,0,0,1.2481481481481258,0,0
2022-08-25,515,0,0,1.7481481481481052,0,0
2022-08-25,520,0,0,1.6148148148148047,0,0
2022-08-25,525,0,0,1.6999999999999713,0,0
2022-08-25,530,0,0,1.4777777777777763,0,0
2022-08-25,535,0,0,1.3481481481481217,0,0
2022-08-25,540,0,0,1.1074074074073694,0,0
2022-08-25,545,0,0,1.0555555555555076,0,0
2022-08-25,550,0,0,1.288888888888886,0,1
2022-08-25,555,0,0,1.3259259259259186,0,1
2022-08-25,560,0,0,1.3259259259259186,1,0
2022-08-25,565,0,0,1.2703703703703288,1,0
2022-08-25,570,0,0,1.3074074074073612,1,0
2022-08-25,575,0,0,0.9481481481481381,0,0
2022-08-25,580,0,0,0.8000000000000083,0,0
2022-08-25,585,0,0,0.6518518518518372,0,0
2022-08-25,590,0,0,0.559259259259256,0,0
2022-08-25,595,0,0,0.7222222222222153,0,1
2022-08-25,600,0,0,0.6851851851851829,0,1
2022-08-25,605,0,0,0.7185185185184875,1,0
2022-08-25,610,0,0,0.5777777777777723,1,0
2022-08-25,615,0,0,0.655555555555524,1,0
2022-08-25,620,0,0,0.5555555555555282,0,0
2022-08-25,625,0,0,0.6222222222222195,0,0
2022-08-25,630,0,0,0.5037037037036662,0,0
2022-08-25,635,0,0,0.8740740740740731,0,0
2022-08-25,640,0,0,0.9222222222222072,0,0
2022-08-25,645,0,0,0.9481481481481381,0,0
2022-08-25,650,0,0,1.1370370370370284,0,0
2022-08-25,655,0,0,0.8259259259259392,0,-1
2022-08-25,660,0,0,0.9740740740740691,0,0
2022-08-25,665,0,0,0.7740740740740772,0,0
2022-08-25,670,0,0,0.9000000000000041,0,0
2022-08-25,675,0,0,0.9814814814814427,0,0
2022-08-25,680,0,0,0.9629629629629676,0,0
2022-08-25,685,0,0,0.7703703703703494,0,0
2022-08-25,690,0,0,0.5185185185184956,0,0
2022-08-26,480,0,0,0.12352941176467169,0,0
2022-08-26,485,0,0,0.27647058823528914,0,0
2022-08-26,490,0,0,0.38235294117644564,0,0
2022-08-26,495,0,0,0.38235294117644564,0,0
2022-08-26,500,0,0,0.4176470588235413,0,0
2022-08-26,505,0,0,0.4235294117646913,0,0
2022-08-26,510,0,0,0.4058823529411761,0,0
2022-08-26,515,0,0,0.541176470588213,0,0
2022-08-26,520,0,0,0.37647058823529567,0,-1
2022-08-26,525,0,0,0.2647058823529239,0,0
2022-08-26,530,0,0,0.1058823529411565,0,0
2022-08-26,535,0,0,-0.39411764705887614,0,0
2022-08-26,540,0,0,-0.3823529411765109,0,0
2022-08-26,545,0,0,-0.28823529411765436,0,0
2022-08-26,550,0,0,-0.08235294117649133,0,0
2022-08-26,555,0,0,-0.0352941176470957,0,0
2022-08-26,560,0,0,-0.1588235294117674,0,0
2022-08-26,565,0,0,0.02941176470588043,0,0
2022-08-26,570,0,0,0.6764705882353153,0,0
2022-08-26,575,0,0,0.7235294117647109,0,0
2022-08-26,580,0,0,0.6941176470588304,0,0
2022-08-26,585,0,0,0.6235294117647043,0,-1
2022-08-26,590,0,0,0.8470588235294478,-1,0
2022-08-26,595,0,0,0.9000000000000588,-1,0
2022-08-26,600,0,0,0.9647058823529696,-1,0
2022-08-26,605,0,0,0.9058823529412088,0,-1
2022-08-26,610,0,0,0.9529411764706044,0,-1
2022-08-26,615,0,0,1.1117647058823719,0,0
2022-08-26,620,0,0,1.0235294117647304,0,-1
2022-08-26,625,0,0,0.9352941176470891,0,0
2022-08-26,630,0,0,1.0235294117647304,0,-1
2022-08-26,635,0,0,1.2352941176471088,-1,0
2022-08-26,640,0,0,0.9882352941177001,-1,0
2022-08-26,645,0,0,1.4117647058823914,-1,0
2022-08-26,650,0,0,1.6117647058824045,0,0
2022-08-26,655,0,0,1.6941176470588957,0,0
2022-08-26,660,0,0,1.8411764705882978,0,0
2022-08-26,665,0,0,1.9705882352941848,0,0
2022-08-26,670,0,0,2.2705882352942046,0,0
2022-08-26,675,0,0,2.0823529411765564,0,0
2022-08-26,680,0,0,2.235294117647174,0,0
2022-08-26,685,0,0,2.4000000000000914,0,0
2022-08-26,690,0,0,2.7823529411766024,0,0
2022-09-16,480,0,0,0.06849315068492318,0,0
2022-09-16,485,0,0,-0.09589041095892285,0,0
2022-09-16,490,0,1,0.13242009132420507,0,1
2022-09-16,495,0,1,0.0913242009132309,0,1
2022-09-16,500,0,1,0.20091324200912825,1,0
2022-09-16,505,0,1,0.388127853881282,1,0
2022-09-16,510,0,1,0.1552511415525128,1,0
2022-09-16,515,0,1,0.09589041095887217,0,0
2022-09-16,520,0,1,0.3242009132420001,0,0
2022-09-16,525,0,1,0.3652968036529236,0,0
2022-09-16,530,0,1,0.2465753424657437,0,0
2022-09-16,535,0,1,0.31963470319630816,0,0
2022-09-16,540,0,1,0.5205479452054363,0,0
2022-09-16,545,0,1,0.6666666666666666,0,0
2022-09-16,550,0,1,0.6621004566209747,0,0
2022-09-16,555,0,1,0.6849315068492824,0,0
2022-09-16,560,0,1,0.24200913242005173,0,0
2022-09-16,565,0,1,0.17808219178082052,0,0
2022-09-16,570,0,1,0.1826484018264618,0,0
2022-09-16,575,0,1,0.18721461187215377,0,0
2022-09-16,580,0,0,0.02739726027394899,0,0
2022-09-16,585,0,0,-0.47488584474887163,0,0
2022-09-16,590,0,0,-1.5662100456621026,0,0
2022-09-16,595,0,0,-1.4018264840182566,0,0
2022-09-16,600,0,0,-1.1415525114155383,0,0
2022-09-16,605,0,0,-0.8219178082191795,0,0
2022-09-16,610,0,0,-1.05936073059359,0,0
2022-09-16,615,0,0,-0.9269406392694356,0,0
2022-09-16,620,0,0,-0.9223744292237436,0,0
2022-09-16,625,0,0,-0.8858447488584614,0,0
2022-09-16,630,0,0,-0.584474885844769,0,0
2022-09-16,635,0,0,-0.8767123287671281,0,-1
2022-09-16,640,0,0,-0.7899543378995385,0,-1
2022-09-16,645,0,0,-1.095890410958923,0,0
2022-09-16,650,0,0,-1.1689497716894872,0,0
2022-09-16,655,0,0,-1.159817351598154,0,0
2022-09-16,660,0,0,-1.1780821917808206,0,0
2022-09-16,665,0,0,-0.7853881278538972,0,0
2022-09-16,670,0,0,-0.4520547945205639,0,0
2022-09-16,675,0,0,-0.6940639269406663,0,0
2022-09-16,680,0,0,-0.3242009132420001,0,0
2022-09-16,685,0,0,-0.392694063926974,0,0
2022-09-16,690,0,0,-0.10502283105025609,0,0
2022-10-25,480,1,0,0.17748917748919268,0,0
2022-10-25,485,1,0,0.36796536796538776,0,0
2022-10-25,490,1,0,0.4112554112554277,0,0
2022-10-25,495,1,0,0.3333333333333173,0,0
2022-10-25,500,1,0,0.3809523809523901,0,0
2022-10-25,505,1,0,0.3333333333333173,0,0
2022-10-25,510,1,0,0.40692640692639487,0,0
2022-10-25,515,1,0,0.2251082251082174,0,0
2022-10-25,520,1,0,0.08225108225109515,0,0
2022-10-25,525,1,0,-0.004329004329032833,0,0
2022-10-25,530,1,0,-0.1168831168831175,0,0
2022-10-25,535,1,0,-0.12121212121215034,0,0
2022-10-25,540,1,0,-0.233766233766235,0,0
2022-10-25,545,1,0,-0.3593073593073701,0,0
2022-10-25,550,1,0,-0.2640692640692726,0,0
2022-10-25,555,1,0,-0.37662337662340534,0,0
2022-10-25,560,1,0,-0.28138528138530783,0,0
2022-10-25,565,1,0,-0.2597402597402878,0,0
2022-10-25,570,1,0,-0.37662337662340534,0,0
2022-10-25,575,1,0,-0.09090909090911276,0,0
2022-10-25,580,1,0,-0.1558441558441727,0,0
2022-10-25,585,1,0,-0.20346320346324548,0,0
2022-10-25,590,1,0,-0.23809523809526784,0,0
2022-10-25,595,1,0,-0.37662337662340534,0,1
2022-10-25,600,1,0,-0.4372294372294805,0,0
2022-10-25,605,1,0,-0.11255411255413274,0,0
2022-10-25,610,1,1,0.2077922077921822,0,0
2022-10-25,615,1,1,0.2597402597402398,0,0
2022-10-25,620,1,0,-0.06493506493505995,0,0
2022-10-25,625,1,0,-0.03896103896105519,0,0
2022-10-25,630,1,0,0.06060606060602711,0,0
2022-10-25,635,1,1,0.2077922077921822,0,-1
2022-10-25,640,1,1,0.233766233766235,0,-1
2022-10-25,645,1,0,0.1082251082250999,0,-1
2022-10-25,650,1,0,0.043290043290039965,-1,0
2022-10-25,655,1,0,0.05627705627704234,-1,0
2022-10-25,660,1,0,-0.40692640692644294,-1,0
2022-10-25,665,1,0,-0.2857142857142926,0,0
2022-10-25,670,1,0,-0.22077922077923265,0,0
2022-10-25,675,1,0,-0.22077922077923265,0,0
2022-10-25,680,1,0,0.06493506493505995,0,0
2022-10-25,685,1,0,0.1385281385281375,0,0
2022-10-25,690,1,1,0.21212121212121504,0,0
2022-11-01,480,0,0,0.7902813299232894,0,0
2022-11-01,485,0,0,0.9053708439897739,0,0
2022-11-01,490,0,0,1.0716112531969464,0,0
2022-11-01,495,0,0,1.1406649616368427,0,0
2022-11-01,500,0,0,1.122762148337606,0,0
2022-11-01,505,0,0,0.9948849104859567,0,0
2022-11-01,510,0,0,0.9590792838874835,0,0
2022-11-01,515,0,0,0.8030690537084544,0,0
2022-11-01,520,0,-1,0.7033248081841565,0,0
2022-11-01,525,0,-1,0.6163682864450236,0,0
2022-11-01,530,0,-1,0.6496163682864468,0,0
2022-11-01,535,0,-1,0.6086956521739303,0,0
2022-11-01,540,0,-1,0.5907928388746937,0,0
2022-11-01,545,0,-1,0.5549872122762206,0,0
2022-11-01,550,0,-1,0.5115089514066541,0,0
2022-11-01,555,0,-1,0.4808184143222526,0,0
2022-11-01,560,0,-1,0.4910485933503959,0,1
2022-11-01,565,0,-1,0.4808184143222526,0,1
2022-11-01,570,0,-1,0.5652173913043639,0,1
2022-11-01,575,0,-1,0.7493606138107446,1,0
2022-11-01,580,0,-1,0.7365728900255797,1,0
2022-11-01,585,0,-1,0.6905370843989915,1,0
2022-11-01,590,0,-1,0.7365728900255797,0,0
2022-11-01,595,0,0,0.7979539641943827,0,0
2022-11-01,600,0,0,0.8797953964194439,0,0
2022-11-01,605,0,-1,0.746803069053723,0,0
2022-11-01,610,0,-1,0.6828644501278983,0,0
2022-11-01,615,0,-1,0.731457800511508,0,0
2022-11-01,620,0,-1,0.7161125319693215,0,0
2022-11-01,625,0,0,0.9488491048593403,0,0
2022-11-01,630,0,0,0.9590792838874835,0,0
2022-11-01,635,0,0,0.9667519181585769,0,0
2022-11-01,640,0,0,0.9795396419437418,0,0
2022-11-01,645,0,0,0.8158567774936193,0,0
2022-11-01,650,0,0,0.8260869565217626,0,0
2022-11-01,655,0,0,0.9641943734015552,0,0
2022-11-01,660,0,0,0.9462915601023186,0,0
2022-11-01,665,0,0,0.9667519181585769,0,0
2022-11-01,670,0,0,0.8465473145780208,0,0
2022-11-01,675,0,-1,0.7263427109974647,0,0
2022-11-01,680,0,-1,0.7749360613810745,0,1
2022-11-01,685,0,0,0.8849104859335156,0,1
2022-11-01,690,0,0,0.9488491048593403,0,1
2022-12-07,480,0,0,0.076595744680878,0,0
2022-12-07,485,0,0,0.2978723404255842,0,0
2022-12-07,490,0,0,0.31489361702125085,0,0
2022-12-07,495,0,0,-0.1021276595744725,0,0
2022-12-07,500,0,0,0.06808510638304466,0,0
2022-12-07,505,0,1,0.16170212765958936,0,0
2022-12-07,510,0,1,0.4510638297872457,0,0
2022-12-07,515,0,1,0.5872340425532405,0,0
2022-12-07,520,0,1,0.5531914893617182,0,0
2022-12-07,525,0,1,0.6851063829787492,0,0
2022-12-07,530,0,1,0.536170212765957,0,0
2022-12-07,535,0,1,0.7361702127659382,0,0
2022-12-07,540,0,1,0.5191489361701959,0,-1
2022-12-07,545,0,1,0.36170212765957044,-1,0
2022-12-07,550,0,1,0.127659574468067,-1,0
2022-12-07,555,0,1,0.3914893617021289,-1,0
2022-12-07,560,0,1,0.3914893617021289,0,0
2022-12-07,565,0,1,0.34042553191493985,0,0
2022-12-07,570,0,1,0.7148936170213076,0,0
2022-12-07,575,0,1,0.4382978723404484,0,0
2022-12-07,580,0,1,0.5234042553191598,0,0
2022-12-07,585,0,1,0.4255319148936512,0,0
2022-12-07,590,0,0,1.0297872340425585,0,0
2022-12-07,595,0,0,1.3659574468085343,0,0
2022-12-07,600,0,0,1.2936170212766203,0,0
2022-12-07,605,0,0,1.1914893617021478,0,0
2022-12-07,610,0,0,0.8553191489361718,0,0
2022-12-07,615,0,0,1.131914893617031,0,0
2022-12-07,620,0,0,1.255319148936134,0,-1
2022-12-07,625,0,0,1.255319148936134,0,-1
2022-12-07,630,0,0,1.3744680851063678,0,0
2022-12-07,635,0,0,1.4127659574467595,0,0
2022-12-07,640,0,0,0.9361702127659193,0,0
2022-12-07,645,0,0,0.9063829787233608,0,0
2022-12-07,650,0,0,0.8808510638297663,0,0
2022-12-07,655,0,0,1.1021276595744725,0,1
2022-12-07,660,0,0,1.2042553191489451,0,1
2022-12-07,665,0,0,1.1659574468084588,1,-1
2022-12-07,670,0,0,1.2680851063829313,1,0
2022-12-07,675,0,0,1.6553191489361907,1,0
2022-12-07,680,0,0,2.0340425531914277,0,0
2022-12-07,685,0,0,1.9361702127659193,0,0
2022-12-07,690,0,0,1.6893617021276186,0,0
2022-12-12,480,0,0,0.7286432160804311,0,0
2022-12-12,485,0,0,0.6733668341708604,0,1
2022-12-12,490,0,0,0.537688442211076,0,0
2022-12-12,495,0,0,0.42713567839193456,0,0
2022-12-12,500,0,0,0.437185929648281,0,1
2022-12-12,505,0,0,0.437185929648281,0,1
2022-12-12,510,0,0,1.100502512562795,0,0
2022-12-12,515,0,0,0.939698492462256,0,-1
2022-12-12,520,0,0,0.9346733668341944,0,-1
2022-12-12,525,0,0,0.839195979899461,0,-1
2022-12-12,530,0,0,0.9597989949748373,-1,0
2022-12-12,535,0,0,0.8643216080402156,-1,0
2022-12-12,540,0,0,0.9145728643216131,-1,0
2022-12-12,545,0,0,0.7839195979898903,0,0
2022-12-12,550,0,0,1.0904522613064485,0,0
2022-12-12,555,0,0,0.824120603015053,0,0
2022-12-12,560,0,-1,0.7185929648240847,0,0
2022-12-12,565,0,0,1.1356783919597844,0,0
2022-12-12,570,0,0,1.1407035175879576,0,0
2022-12-12,575,0,0,1.462311557788924,0,0
2022-12-12,580,0,0,1.5979899497487084,0,0
2022-12-12,585,0,0,1.618090452261178,0,0
2022-12-12,590,0,0,2.1155778894470916,0,0
2022-12-12,595,0,0,2.010050251256123,0,0
2022-12-12,600,0,0,1.864321608040104,0,0
2022-12-12,605,0,0,2.025125628140643,0,0
2022-12-12,610,0,0,1.9698492462310722,0,0
2022-12-12,615,0,0,1.964824120602899,0,0
2022-12-12,620,0,0,1.8844221105526853,0,-1
2022-12-12,625,0,0,2.0301507537687047,0,0
2022-12-12,630,0,0,1.9798994974873072,0,0
2022-12-12,635,0,0,2.145728643216019,0,0
2022-12-12,640,0,0,2.0201005025124696,0,0
2022-12-12,645,0,0,2.62311557788924,0,0
2022-12-12,650,0,0,2.6633165829144025,0,0
2022-12-12,655,0,0,2.4773869346732207,0,-1
2022-12-12,660,0,0,2.5778894472360157,0,-1
2022-12-12,665,0,0,2.537688442210853,-1,0
2022-12-12,670,0,0,2.537688442210853,-1,0
2022-12-12,675,0,0,2.4522613065325776,-1,0
2022-12-12,680,0,0,2.391959798994834,0,0
2022-12-12,685,0,0,2.587939698492362,0,0
2022-12-12,690,0,0,2.442211055276231,0,0
2022-12-20,480,0,0,0.20081967213115898,-1,0
2022-12-20,485,0,0,0.22131147540986043,0,0
2022-12-20,490,0,0,0.25,0,-1
2022-12-20,495,0,0,0.3046448087431938,0,0
2022-12-20,500,0,0,0.3032786885246056,0,0
2022-12-20,505,0,0,0.34836065573771235,0,0
2022-12-20,510,0,0,0.4672131147540959,0,0
2022-12-20,515,0,0,0.4098360655737864,0,0
2022-12-20,520,0,0,0.31830601092898464,0,0
2022-12-20,525,0,0,0.32650273224045306,0,0
2022-12-20,530,0,0,0.4098360655737864,0,0
2022-12-20,535,0,0,0.47131147540986046,0,0
2022-12-20,540,0,0,0.4412568306011023,0,-1
2022-12-20,545,0,0,0.5901639344262439,-1,0
2022-12-20,550,0,0,0.5437158469945489,-1,0
2022-12-20,555,0,0,0.4795081967213289,-1,0
2022-12-20,560,0,0,0.45765027322403923,0,1
2022-12-20,565,0,0,0.3633879781420914,0,0
2022-12-20,570,0,0,0.3743169398907059,0,0
2022-12-20,575,0,0,0.5040983606557342,0,0
2022-12-20,580,0,0,0.6106557377049151,0,0
2022-12-20,585,0,0,0.6625683060109324,0,0
2022-12-20,590,0,0,0.6775956284153115,0,0
2022-12-20,595,0,0,0.7117486338798038,0,0
2022-12-20,600,0,0,0.747267759562854,0,0
2022-12-20,605,0,0,0.6734972677595773,0,0
2022-12-20,610,0,0,0.6598360655737864,0,0
2022-12-20,615,0,0,0.6489071038251416,0,0
2022-12-20,620,0,0,0.6448087431694074,0,0
2022-12-20,625,0,0,0.7322404371584749,0,1
2022-12-20,630,0,0,0.7459016393442658,0,1
2022-12-20,635,0,0,0.7267759562841525,1,-1
2022-12-20,640,0,0,0.7841530054644923,1,0
2022-12-20,645,0,0,0.7199453551912722,1,-1
2022-12-20,650,0,0,0.6967213114754247,-1,0
2022-12-20,655,0,0,0.6407103825136732,-1,0
2022-12-20,660,0,0,0.7923497267759607,-1,0
2022-12-20,665,0,0,0.6953551912568365,0,0
2022-12-20,670,0,0,0.6748633879781655,0,0
2022-12-20,675,0,0,0.6857923497267799,0,0
2022-12-20,680,0,0,0.6612021857923746,0,0
2022-12-20,685,0,0,0.7267759562841525,0,1
2022-12-20,690,0,0,0.7322404371584749,0,1
2022-12-28,480,0,0,0.6941747572815905,0,0
2022-12-28,485,0,0,0.6407766990291356,0,0
2022-12-28,490,0,0,0.7864077669902881,0,0
2022-12-28,495,0,0,0.7427184466019747,0,1
2022-12-28,500,0,0,1.0339805825242796,1,0
2022-12-28,505,0,0,1.0097087378641416,1,0
2022-12-28,510,0,0,1.0097087378641416,1,0
2022-12-28,515,0,0,0.8834951456311643,0,0
2022-12-28,520,0,0,0.8980582524272687,0,0
2022-12-28,525,0,0,0.8155339805826048,0,0
2022-12-28,530,0,-1,0.6941747572815905,0,0
2022-12-28,535,0,-1,0.6359223300971727,0,0
2022-12-28,540,0,-1,0.6747572815534153,0,0
2022-12-28,545,0,-1,0.5436893203883673,0,0
2022-12-28,550,0,-1,0.5291262135922629,0,0
2022-12-28,555,0,-1,0.5194174757282292,0,0
2022-12-28,560,0,-1,0.5436893203883673,0,0
2022-12-28,565,0,-1,0.5194174757282292,0,0
2022-12-28,570,0,-1,0.5970873786408222,0,0
2022-12-28,575,0,-1,0.6310679611651019,0,0
2022-12-28,580,0,-1,0.5000000000000538,0,0
2022-12-28,585,0,-1,0.35922330097086436,0,0
2022-12-28,590,0,-1,0.36893203883500586,0,1
2022-12-28,595,0,-1,0.3640776699029351,0,1
2022-12-28,600,0,0,0.2087378640777489,0,0
2022-12-28,605,0,0,0.17475728155346923,0,0
2022-12-28,610,0,0,-0.06796116504855938,0,0
2022-12-28,615,0,0,-0.048543689320384165,0,0
2022-12-28,620,0,0,-0.09223300970869758,0,0
2022-12-28,625,0,0,-0.15048543689322325,0,0
2022-12-28,630,0,0,-0.04368932038831341,0,0
2022-12-28,635,0,1,0.3009708737864465,0,0
2022-12-28,640,0,1,0.31553398058255094,0,0
2022-12-28,645,0,1,0.3009708737864465,0,0
2022-12-28,650,0,0,0.1990291262136074,0,0
2022-12-28,655,0,0,0.1456310679611525,0,-1
2022-12-28,660,0,1,0.24757281553399157,0,-1
2022-12-28,665,0,0,0.17961165048543218,-1,0
2022-12-28,670,0,0,0.2233009708738534,-1,0
2022-12-28,675,0,1,0.3446601941747599,-1,0
2022-12-28,680,0,1,0.36893203883500586,0,0
2022-12-28,685,0,1,0.3446601941747599,0,-1
2022-12-28,690,0,1,0.40291262135928557,0,0
2023-02-06,480,0,0,0.07200000000010516,0,0
2023-02-06,485,0,0,-0.2799999999998366,0,0
2023-02-06,490,0,1,0.22400000000001136,0,1
2023-02-06,495,0,1,0.26400000000008955,0,1
2023-02-06,500,0,1,0.3279999999999659,1,0
2023-02-06,505,0,0,0.5999999999999289,1,0
2023-02-06,510,0,1,0.3200000000000924,1,0
2023-02-06,515,0,1,0.15200000000008385,0,0
2023-02-06,520,0,1,0.2080000000000867,0,0
2023-02-06,525,0,1,0.07999999999997869,0,0
2023-02-06,530,0,0,0.02400000000015348,0,0
2023-02-06,535,0,0,-0.4879999999999233,0,0
2023-02-06,540,0,0,-0.5039999999998479,0,0
2023-02-06,545,0,0,-0.007999999999873523,0,1
2023-02-06,550,0,0,-0.05600000000000284,0,1
2023-02-06,555,0,1,0.10400000000013217,0,0
2023-02-06,560,0,0,-0.4159999999998181,0,0
2023-02-06,565,0,0,-0.6239999999999047,0,0
2023-02-06,570,0,0,-0.8639999999998408,0,0
2023-02-06,575,0,0,-0.015999999999924682,0,0
2023-02-06,580,0,1,0.19199999999998438,0,0
2023-02-06,585,0,1,0.25600000000003836,0,0
2023-02-06,590,0,0,0.5280000000000015,0,0
2023-02-06,595,0,1,0.10400000000013217,0,-1
2023-02-06,600,0,0,-0.07999999999997869,0,-1
2023-02-06,605,0,0,0.032000000000027,-1,1
2023-02-06,610,0,0,-0.3039999999998124,-1,0
2023-02-06,615,0,0,-0.9839999999997201,-1,0
2023-02-06,620,0,0,-1.1279999999997528,0,0
2023-02-06,625,0,0,-1.0959999999997256,0,0
2023-02-06,630,0,0,-1.1279999999997528,0,0
2023-02-06,635,0,0,-0.5279999999998238,0,0
2023-02-06,640,0,0,-0.7359999999997329,0,0
2023-02-06,645,0,0,-0.9439999999998195,0,0
2023-02-06,650,0,0,-1.1999999999996802,0,0
2023-02-06,655,0,0,-1.2479999999998095,0,0
2023-02-06,660,0,0,-1.583999999999649,0,0
2023-02-06,665,0,0,-1.7439999999996063,0,0
2023-02-06,670,0,0,-1.4399999999996163,0,1
2023-02-06,675,0,0,-1.223999999999656,0,1
2023-02-06,680,0,0,-0.7919999999997357,1,0
2023-02-06,685,0,0,-1.0879999999996746,1,0
2023-02-06,690,0,0,-1.3279999999997882,1,-1
2023-03-29,480,0,0,0.013698630137075885,1,0
2023-03-29,485,0,0,-0.19863013698623158,0,0
2023-03-29,490,0,0,-0.2876712328766165,0,0
2023-03-29,495,0,1,0.02054794520561383,0,1
2023-03-29,500,0,0,0.006849315068537943,1,0
2023-03-29,505,0,0,-0.1712328767122319,1,0
2023-03-29,510,0,0,-0.3424657534246159,1,0
2023-03-29,515,0,0,-0.16438356164369394,0,1
2023-03-29,520,0,0,-0.3424657534246159,0,1
2023-03-29,525,0,0,-0.21917808219169332,0,1
2023-03-29,530,0,0,-0.16438356164369394,1,0
2023-03-29,535,0,0,-0.44520547945192457,1,0
2023-03-29,540,0,0,-0.6164383561643085,1,0
2023-03-29,545,0,0,-0.48630136986300015,0,1
2023-03-29,550,0,0,-0.6095890410957706,0,1
2023-03-29,555,0,0,-0.5410958904108475,0,1
2023-03-29,560,0,0,-0.2945205479451544,1,0
2023-03-29,565,0,0,-0.1438356164382322,1,0
2023-03-29,570,0,1,0.07534246575346111,1,0
2023-03-29,575,0,0,-0.041095890410923486,0,0
2023-03-29,580,0,0,-0.07534246575330904,0,0
2023-03-29,585,0,1,0.2808219178082306,0,0
2023-03-29,590,0,1,0.1849315068493078,0,-1
2023-03-29,595,0,1,0.1849315068493078,0,-1
2023-03-29,600,0,1,0.3561643835616918,0,0
2023-03-29,605,0,1,0.11643835616438461,0,0
2023-03-29,610,0,1,0.08219178082199906,0,0
2023-03-29,615,0,1,0.3424657534247679,0,0
2023-03-29,620,0,1,0.1438356164383843,0,0
2023-03-29,625,0,1,0.3150684931507683,0,0
2023-03-29,630,0,1,0.25342465753438304,0,0
2023-03-29,635,0,1,0.02054794520561383,0,0
2023-03-29,640,0,1,0.1917808219178457,0,0
2023-03-29,645,0,1,0.45890410958915256,0,0
2023-03-29,650,0,1,0.054794520547999374,0,0
2023-03-29,655,0,1,0.03424657534253763,0,0
2023-03-29,660,0,1,0.07534246575346111,0,0
2023-03-29,665,0,1,0.17123287671238396,0,0
2023-03-29,670,0,1,0.42465753424661495,0,0
2023-03-29,675,0,1,0.47260273972607636,0,0
2023-03-29,680,0,1,0.7876712328768446,0,0
2023-03-29,685,0,1,0.8287671232877681,0,0
2023-03-29,690,0,1,0.8013698630137684,0,0
2023-04-26,480,0,0,0.8924731182795802,0,-1
2023-04-26,485,0,0,0.7903225806452171,-1,0
2023-04-26,490,0,0,0.7311827956989504,-1,0
2023-04-26,495,0,0,0.9086021505376312,-1,0
2023-04-26,500,0,0,0.9462365591397901,0,0
2023-04-26,505,0,0,1.0967741935484256,0,0
2023-04-26,510,0,0,1.1935483870968513,0,0
2023-04-26,515,0,0,1.3118279569892652,0,0
2023-04-26,520,0,0,1.526881720430105,0,0
2023-04-26,525,0,0,1.6182795698924737,0,0
2023-04-26,530,0,0,1.7526881720430583,0,0
2023-04-26,535,0,0,2.0053763440860566,0,0
2023-04-26,540,0,0,1.860215053763478,0,0
2023-04-26,545,0,0,1.9946236559140627,0,0
2023-04-26,550,0,0,1.849462365591484,0,0
2023-04-26,555,0,0,2.026881720430165,0,0
2023-04-26,560,0,0,2.462365591397901,0,0
2023-04-26,565,0,0,2.865591397849535,0,0
2023-04-26,570,0,0,2.790322580645217,0,0
2023-04-26,575,0,0,2.4784946236559517,0,0
2023-04-26,580,0,0,2.5161290322581107,0,0
2023-04-26,585,0,0,2.4354838709678557,0,0
2023-04-26,590,0,0,2.2419354838710044,0,0
2023-04-26,595,0,0,2.370967741935532,0,0
2023-04-26,600,0,0,2.5376344086022184,0,1
2023-04-26,605,0,0,2.462365591397901,1,-1
2023-04-26,610,0,0,2.5537634408602696,1,0
2023-04-26,615,0,0,2.473118279569895,1,-1
2023-04-26,620,0,0,2.7150537634408995,-1,0
2023-04-26,625,0,0,2.9408602150538528,-1,0
2023-04-26,630,0,0,3.4569892473119634,-1,0
2023-04-26,635,0,0,3.559139784946326,0,0
2023-04-26,640,0,0,3.3978494623656967,0,-1
2023-04-26,645,0,0,3.1881720430107943,0,-1
2023-04-26,650,0,0,3.387096774193583,-1,1
2023-04-26,655,0,0,3.634408602150644,-1,0
2023-04-26,660,0,0,3.752688172043058,-1,0
2023-04-26,665,0,0,3.9462365591399093,0,0
2023-04-26,670,0,0,4.301075268817271,0,0
2023-04-26,675,0,0,4.0806451612903745,0,0
2023-04-26,680,0,0,3.9784946236560117,0,0
2023-04-26,685,0,0,4.403225806451753,0,0
2023-04-26,690,0,0,4.059139784946267,0,-1
2023-05-11,480,0,0,0.5677419354838876,0,1
2023-05-11,485,0,0,0.5032258064516342,1,0
2023-05-11,490,0,0,0.2903225806450689,1,0
2023-05-11,495,0,0,0.2838709677419438,1,0
2023-05-11,500,0,0,0.10322580645157686,0,0
2023-05-11,505,0,0,-0.06451612903225344,0,0
2023-05-11,510,0,0,-0.01935483870980496,0,0
2023-05-11,515,0,0,-1.180645161290367,0,0
2023-05-11,520,0,0,-1.3354838709678039,0,0
2023-05-11,525,0,0,-1.0064516129032683,0,0
2023-05-11,530,0,0,-1.232258064516227,0,0
2023-05-11,535,0,0,-1.529032258064564,0,0
2023-05-11,540,0,0,-2.5290322580647073,0,0
2023-05-11,545,0,0,-2.6580645161292145,0,0
2023-05-11,550,0,0,-2.8064516129033827,0,0
2023-05-11,555,0,0,-2.3741935483872707,0,1
2023-05-11,560,0,0,-2.703225806451806,1,0
2023-05-11,565,0,0,-2.8193548387097764,1,0
2023-05-11,570,0,0,-2.5354838709678327,1,0
2023-05-11,575,0,0,-2.3290322580646787,0,0
2023-05-11,580,0,0,-2.2967741935484804,0,0
2023-05-11,585,0,0,-2.3935483870969323,0,-1
2023-05-11,590,0,0,-2.019354838709805,-1,0
2023-05-11,595,0,0,-2.387096774193664,-1,0
2023-05-11,600,0,0,-2.5483870967743694,-1,-1
2023-05-11,605,0,0,-3.1225806451615252,-1,0
2023-05-11,610,0,0,-2.522580645161439,-1,1
2023-05-11,615,0,0,-2.7161290322581992,-1,0
2023-05-11,620,0,0,-2.7096774193549313,0,0
2023-05-11,625,0,0,-2.6580645161292145,0,0
2023-05-11,630,0,0,-2.3677419354840024,0,0
2023-05-11,635,0,0,-2.593548387096961,0,0
2023-05-11,640,0,0,-2.6387096774195524,0,0
2023-05-11,645,0,0,-2.3935483870969323,0,0
2023-05-11,650,0,0,-2.4000000000002006,0,0
2023-05-11,655,0,0,-2.5032258064517774,0,0
2023-05-11,660,0,0,-2.664516129032483,0,0
2023-05-11,665,0,0,-2.335483870967947,0,0
2023-05-11,670,0,0,-2.5290322580647073,0,1
2023-05-11,675,0,0,-2.664516129032483,0,1
2023-05-11,680,0,0,-2.6322580645162845,1,0
2023-05-11,685,0,0,-2.522580645161439,1,0
2023-05-11,690,0,0,-2.6000000000002292,1,0
2023-05-19,480,0,0,0.604477611940228,0,0
2023-05-19,485,0,0,0.7014925373133265,0,0
2023-05-19,490,0,0,1.3731343283581348,0,0
2023-05-19,495,0,0,1.529850746268601,0,0
2023-05-19,500,0,0,1.5970149253730157,0,0
2023-05-19,505,0,0,2.014925373134259,0,0
2023-05-19,510,0,0,2.2164179104476682,0,0
2023-05-19,515,0,0,1.738805970149057,0,0
2023-05-19,520,0,0,1.7014925373133265,0,0
2023-05-19,525,0,0,1.6716417910446426,0,0
2023-05-19,530,0,0,1.694029850746114,0,0
2023-05-19,535,0,0,1.6343283582089119,0,0
2023-05-19,540,0,0,1.559701492537285,0,0
2023-05-19,545,0,0,1.9328358208954197,0,0
2023-05-19,550,0,0,1.9626865671641036,0,0
2023-05-19,555,0,0,1.5671641791043316,0,-1
2023-05-19,560,0,0,1.6268656716416996,-1,0
2023-05-19,565,0,0,1.5970149253730157,-1,0
2023-05-19,570,0,0,1.3358208955222384,-1,0
2023-05-19,575,0,0,1.3283582089551917,0,0
2023-05-19,580,0,0,1.4179104477610778,0,1
2023-05-19,585,0,0,1.1716417910447254,0,0
2023-05-19,590,0,0,1.4701492537312333,0,0
2023-05-19,595,0,0,1.6716417910446426,0,0
2023-05-19,600,0,0,1.2611940298506115,0,-1
2023-05-19,605,0,0,1.0820895522386738,-1,0
2023-05-19,610,0,0,1.0149253731342591,-1,0
2023-05-19,615,0,0,1.23880597014914,-1,1
2023-05-19,620,0,0,1.3507462686566631,1,0
2023-05-19,625,0,0,1.283582089552083,1,0
2023-05-19,630,0,0,1.529850746268601,1,0
2023-05-19,635,0,0,1.9925373134326219,0,0
2023-05-19,640,0,0,2.402985074626653,0,0
2023-05-19,645,0,0,2.23880597014914,0,0
2023-05-19,650,0,0,2.253731343283399,0,0
2023-05-19,655,0,0,1.9925373134326219,0,0
2023-05-19,660,0,0,2.059701492537202,0,0
2023-05-19,665,0,0,2.373134328357969,0,0
2023-05-19,670,0,0,2.552238805969907,0,0
2023-05-19,675,0,0,2.2462686567161865,0,0
2023-05-19,680,0,0,2.3059701492535547,0,0
2023-05-19,685,0,0,2.1268656716416166,0,0
2023-05-19,690,0,0,2.1044776119401454,0,0
2023-05-26,480,0,0,0.4660194174758244,0,0
2023-05-26,485,0,0,0.05825242718442416,0,0
2023-05-26,490,0,0,0.18446601941741503,0,0
2023-05-26,495,0,0,0.22330097087376966,0,0
2023-05-26,500,0,1,0.16504854368934552,0,0
2023-05-26,505,0,1,0.43689320388339675,0,1
2023-05-26,510,0,1,0.11650485436884832,0,0
2023-05-26,515,0,1,0.12621359223299086,0,0
2023-05-26,520,0,1,0.21359223300962712,0,0
2023-05-26,525,0,1,0.43689320388339675,0,0
2023-05-26,530,0,0,-0.22330097087376966,0,0
2023-05-26,535,0,0,-0.009708737864142553,0,0
2023-05-26,540,0,0,-0.2815533980584094,0,0
2023-05-26,545,0,0,-0.4077669902914003,0,0
2023-05-26,550,0,0,-0.5533980582524607,0,0
2023-05-26,555,0,1,0.1456310679610604,0,1
2023-05-26,560,0,0,0.7669902912620877,1,0
2023-05-26,565,0,0,0.8640776699028666,1,0
2023-05-26,570,0,1,0.4271844660194698,1,0
2023-05-26,575,0,1,0.3786407766989726,0,0
2023-05-26,580,0,0,-0.058252427184639737,0,0
2023-05-26,585,0,0,-0.1165048543690639,0,0
2023-05-26,590,0,0,0.669902912621309,0,0
2023-05-26,595,0,0,0.9126213592233637,0,0
2023-05-26,600,0,0,0.7961165048545155,0,0
2023-05-26,605,0,0,0.7281553398059487,0,0
2023-05-26,610,0,0,0.5728155339805302,0,0
2023-05-26,615,0,1,0.2330097087379122,0,0
2023-05-26,620,0,0,-0.048543689320497185,0,0
2023-05-26,625,0,1,0.18446601941741503,0,0
2023-05-26,630,0,0,-0.12621359223299086,0,0
2023-05-26,635,0,0,-0.2621359223301243,0,0
2023-05-26,640,0,0,-0.06796116504856671,0,1
2023-05-26,645,0,1,0.17475728155327247,0,1
2023-05-26,650,0,1,0.1941747572815576,1,0
2023-05-26,655,0,0,-0.009708737864142553,1,-1
2023-05-26,660,0,0,-0.048543689320497185,1,-1
2023-05-26,665,0,0,-0.25242718446619733,-1,0
2023-05-26,670,0,0,-0.36893203883504566,-1,0
2023-05-26,675,0,0,-0.5145631067963217,-1,0
2023-05-26,680,0,0,-0.14563106796127598,0,0
2023-05-26,685,0,0,0.009708737863926975,0,0
2023-05-26,690,0,1,0.41747572815532724,0,0
2023-06-19,480,1,0,0.8842105263157329,0,-1
2023-06-19,485,1,0,0.26315789473692824,-1,0
2023-06-19,490,1,0,0.4631578947368347,-1,0
2023-06-19,495,1,0,0.38947368421050416,-1,0
2023-06-19,500,1,0,0.45263157894729217,0,0
2023-06-19,505,1,0,0.09473684210518196,0,0
2023-06-19,510,1,0,-0.3473684210525676,0,0
2023-06-19,515,1,0,0.07368421052633055,0,0
2023-06-19,520,1,0,-0.1473684210526611,0,0
2023-06-19,525,1,0,-0.13684210526311852,0,0
2023-06-19,530,1,0,0.042105263157936564,0,0
2023-06-19,535,1,0,-0.2315789473683005,0,-1
2023-06-19,540,1,0,-0.25263157894738564,0,-1
2023-06-19,545,1,0,-0.08421052631587313,-1,0
2023-06-19,550,1,0,-0.45263157894729217,-1,0
2023-06-19,555,1,0,-0.1789473684210551,-1,1
2023-06-19,560,1,0,-0.27368421052623704,1,0
2023-06-19,565,1,0,-0.28421052631577964,1,0
2023-06-19,570,1,0,-0.42105263157889816,1,0
2023-06-19,575,1,0,0.16842105263151252,0,0
2023-06-19,580,1,0,0.4736842105263773,0,0
2023-06-19,585,1,0,0.021052631579085147,0,0
2023-06-19,590,1,0,-0.4105263157893556,0,0
2023-06-19,595,1,0,-0.42105263157889816,0,0
2023-06-19,600,1,0,-0.26315789473692824,0,0
2023-06-19,605,1,0,0.3473684210525676,0,0
2023-06-19,610,1,0,-0.16842105263151252,0,-1
2023-06-19,615,1,0,0.16842105263151252,0,0
2023-06-19,620,1,0,0.40000000000004676,0,0
2023-06-19,625,1,0,0.5052631578947713,0,0
2023-06-19,630,1,1,0.5473684210527079,0,0
2023-06-19,635,1,0,-0.18947368421059765,0,0
2023-06-19,640,1,0,-0.4947368421052287,0,0
2023-06-19,645,1,0,0.10526315789472454,0,0
2023-06-19,650,1,0,-0.24210526315784306,0,0
2023-06-19,655,1,0,-0.3578947368421102,0,0
2023-06-19,660,1,0,-0.24210526315784306,0,0
2023-06-19,665,1,0,-0.3578947368421102,0,0
2023-06-19,670,1,0,-0.44210526315774956,0,0
2023-06-19,675,1,0,-0.5157894736840801,0,0
2023-06-19,680,1,0,-0.5999999999999532,0,0
2023-06-19,685,1,0,-0.5368421052631652,0,0
2023-06-19,690,1,0,-0.5263157894736227,0,0
2023-08-09,480,0,0,0.8628571428571435,0,0
2023-08-09,485,0,0,0.8914285714285033,0,0
2023-08-09,490,0,-1,0.794285714285652,0,-1
2023-08-09,495,0,-1,0.6914285714284779,0,0
2023-08-09,500,0,-1,0.542857142857103,0,0
2023-08-09,505,0,-1,0.5885714285714307,0,0
2023-08-09,510,0,-1,0.5542857142857484,0,0
2023-08-09,515,0,-1,0.7828571428571335,0,0
2023-08-09,520,0,0,0.9428571428571537,0,0
2023-08-09,525,0,-1,0.8628571428571435,0,0
2023-08-09,530,0,-1,0.7999999999999746,0,0
2023-08-09,535,0,-1,0.6857142857142821,0,0
2023-08-09,540,0,-1,0.6342857142856316,0,1
2023-08-09,545,0,-1,0.8628571428571435,1,0
2023-08-09,550,0,0,1.0057142857141959,1,0
2023-08-09,555,0,0,0.959999999999995,1,0
2023-08-09,560,0,-1,0.7771428571428107,0,0
2023-08-09,565,0,-1,0.7428571428571283,0,0
2023-08-09,570,0,-1,0.6628571428571182,0,1
2023-08-09,575,0,-1,0.7028571428571233,1,1
2023-08-09,580,0,0,1.1371428571427296,1,0
2023-08-09,585,0,0,1.102857142857047,1,0
2023-08-09,590,0,0,1.0171428571428411,0,0
2023-08-09,595,0,0,1.3199999999999137,0,0
2023-08-09,600,0,0,1.29714285714275,0,0
2023-08-09,605,0,0,1.4971428571427752,0,0
2023-08-09,610,0,0,1.3828571428570826,0,0
2023-08-09,615,0,0,1.3085714285713952,0,0
2023-08-09,620,0,0,1.0,0,0
2023-08-09,625,0,0,0.982857142857032,0,0
2023-08-09,630,0,0,0.959999999999995,0,0
2023-08-09,635,0,-1,0.7885714285713292,0,0
2023-08-09,640,0,-1,0.7542857142856468,0,0
2023-08-09,645,0,0,0.9085714285713444,0,0
2023-08-09,650,0,0,1.0114285714285185,0,0
2023-08-09,655,0,0,1.3428571428570777,0,0
2023-08-09,660,0,0,1.2628571428570674,0,0
2023-08-09,665,0,0,1.0971428571428514,0,0
2023-08-09,670,0,0,1.4171428571427651,0,0
2023-08-09,675,0,0,1.26857142857139,0,0
2023-08-09,680,0,0,1.2628571428570674,0,0
2023-08-09,685,0,0,1.3085714285713952,0,0
2023-08-09,690,0,0,1.1599999999998933,0,0
2023-09-08,480,0,0,0.8370370370369518,0,0
2023-09-08,485,0,0,0.8814814814813596,0,0
2023-09-08,490,0,0,0.925925925925932,0,0
2023-09-08,495,0,0,0.9851851851850877,0,0
2023-09-08,500,0,-1,0.8296296296296601,0,0
2023-09-08,505,0,-1,0.6740740740740679,0,0
2023-09-08,510,0,-1,0.6148148148147478,0,0
2023-09-08,515,0,-1,0.4962962962962719,0,0
2023-09-08,520,0,-1,0.5037037037035635,0,0
2023-09-08,525,0,-1,0.45185185185186405,0,0
2023-09-08,530,0,0,0.2666666666666118,0,0
2023-09-08,535,0,0,0.325925925925932,0,0
2023-09-08,540,0,0,0.2,0,0
2023-09-08,545,0,0,0.274074074074068,0,1
2023-09-08,550,0,0,0.14074074074067983,0,0
2023-09-08,555,0,1,0.37777777777763155,0,1
2023-09-08,560,0,0,0.274074074074068,1,-1
2023-09-08,565,0,0,0.19259259259254385,1,0
2023-09-08,570,0,0,-0.0962962962964364,1,0
2023-09-08,575,0,0,-0.1407407407408443,0,0
2023-09-08,580,0,0,-0.022222222222368426,0,1
2023-09-08,585,0,0,0.17037037037033992,0,1
2023-09-08,590,0,0,-0.0962962962964364,1,0
2023-09-08,595,0,0,-0.13333333333338815,1,0
2023-09-08,600,0,0,-0.2962962962964364,1,0
2023-09-08,605,0,0,-0.325925925925932,0,0
2023-09-08,610,0,0,0.0,0,0
2023-09-08,615,0,0,-0.1407407407408443,0,0
2023-09-08,620,0,0,-0.12592592592593202,0,0
2023-09-08,625,0,0,0.051851851851699556,0,0
2023-09-08,630,0,0,0.3185185185184759,0,0
2023-09-08,635,0,0,0.25185185185186404,0,0
2023-09-08,640,0,0,0.2888888888888158,0,0
2023-09-08,645,0,0,0.0592592592591557,0,0
2023-09-08,650,0,0,0.09629629629627193,0,1
2023-09-08,655,0,0,-0.12592592592593202,0,0
2023-09-08,660,0,0,-0.07407407407423246,0,0
2023-09-08,665,0,0,-0.4666666666667763,0,0
2023-09-08,670,0,0,-0.651851851851864,0,0
2023-09-08,675,0,0,-0.5555555555555921,0,0
2023-09-08,680,0,0,-0.6444444444445724,0,0
2023-09-08,685,0,0,-0.7925925925927083,0,0
2023-09-08,690,0,0,-0.8000000000001645,0,0
2023-09-20,480,-1,0,0.23275862068963868,0,0
2023-09-20,485,-1,1,0.3448275862070352,0,0
2023-09-20,490,-1,1,0.6293103448276621,0,0
2023-09-20,495,-1,1,0.7068965517241446,0,0
2023-09-20,500,-1,0,1.0517241379309883,0,0
2023-09-20,505,-1,0,1.0086206896552286,0,0
2023-09-20,510,-1,0,1.025862068965494,0,0
2023-09-20,515,-1,0,0.9051724137930606,0,0
2023-09-20,520,-1,0,1.025862068965494,0,0
2023-09-20,525,-1,0,1.22413793103441,0,0
2023-09-20,530,-1,0,0.9224137931035176,0,0
2023-09-20,535,-1,1,0.5431034482759511,0,0
2023-09-20,540,-1,1,0.3189655172413496,0,0
2023-09-20,545,-1,0,0.17241379310342186,0,0
2023-09-20,550,-1,0,0.13793103448289062,0,0
2023-09-20,555,-1,0,-0.1293103448274707,0,0
2023-09-20,560,-1,0,-0.01724137931026562,0,1
2023-09-20,565,-1,0,0.025862068965494138,0,1
2023-09-20,570,-1,0,0.18965517241387891,0,1
2023-09-20,575,-1,1,0.6206896551724336,1,0
2023-09-20,580,-1,0,0.8362068965518067,1,0
2023-09-20,585,-1,0,0.9827586206897344,1,0
2023-09-20,590,-1,0,1.172413793103422,0,0
2023-09-20,595,-1,0,0.9655172413792773,0,-1
2023-09-20,600,-1,0,1.0517241379309883,0,0
2023-09-20,605,-1,0,1.0603448275862168,0,0
2023-09-20,610,-1,0,1.2068965517241446,0,0
2023-09-20,615,-1,0,1.0344827586207226,0,0
2023-09-20,620,-1,0,1.1120689655172051,0,0
2023-09-20,625,-1,0,1.3965517241380234,0,0
2023-09-20,630,-1,0,1.3103448275861211,0,0
2023-09-20,635,-1,0,1.4137931034482891,0,0
2023-09-20,640,-1,0,1.5603448275862168,0,0
2023-09-20,645,-1,0,1.3534482758620723,0,0
2023-09-20,650,-1,0,1.3793103448275663,0,0
2023-09-20,655,-1,0,1.5086206896552286,0,0
2023-09-20,660,-1,0,1.5517241379309883,0,0
2023-09-20,665,-1,0,1.8189655172413497,0,0
2023-09-20,670,-1,0,1.7931034482758554,0,0
2023-09-20,675,-1,0,1.7672413793103614,0,0
2023-09-20,680,-1,0,1.6551724137931563,0,0
2023-09-20,685,-1,0,1.4655172413792774,0,0
2023-09-20,690,-1,0,1.3879310344827949,0,0
2023-11-09,480,1,0,0.5825242718446727,0,-1
2023-11-09,485,1,0,0.48543689320389394,-1,0
2023-11-09,490,1,0,0.5339805825241756,-1,0
2023-11-09,495,1,0,0.4271844660194698,-1,0
2023-11-09,500,1,0,0.20388349514548457,0,0
2023-11-09,505,1,0,0.48543689320389394,0,1
2023-11-09,510,1,0,0.3786407766989726,0,0
2023-11-09,515,1,0,0.4271844660194698,0,0
2023-11-09,520,1,0,0.5825242718446727,0,0
2023-11-09,525,1,0,0.5825242718446727,0,0
2023-11-09,530,1,0,0.6796116504854516,0,0
2023-11-09,535,1,0,0.43689320388339675,0,-1
2023-11-09,540,1,0,0.36893203883483006,0,1
2023-11-09,545,1,0,0.3203883495145485,1,0
2023-11-09,550,1,0,0.7475728155340182,1,0
2023-11-09,555,1,0,0.1941747572815576,1,0
2023-11-09,560,1,0,-0.5825242718448883,0,0
2023-11-09,565,1,0,-0.29126213592255196,0,0
2023-11-09,570,1,0,-0.5242718446602486,0,0
2023-11-09,575,1,0,-0.1844660194176306,0,0
2023-11-09,580,1,0,0.2718446601940513,0,0
2023-11-09,585,1,0,0.18446601941741503,0,-1
2023-11-09,590,1,0,-0.058252427184639737,-1,-1
2023-11-09,595,1,0,-0.1165048543690639,-1,-1
2023-11-09,600,1,0,0.009708737863926975,-1,-1
2023-11-09,605,1,0,-0.4466019417477549,-1,0
2023-11-09,610,1,0,-0.4660194174758244,-1,0
2023-11-09,615,1,0,-0.20388349514570014,-1,0
2023-11-09,620,1,0,-0.20388349514570014,0,0
2023-11-09,625,1,0,-0.22330097087398523,0,0
2023-11-09,630,1,0,0.1941747572815576,0,0
2023-11-09,635,1,0,0.15533980582520296,0,0
2023-11-09,640,1,0,-0.5242718446602486,0,0
2023-11-09,645,1,0,-0.5436893203885337,0,0
2023-11-09,650,1,0,-0.6699029126215246,0,0
2023-11-09,655,1,0,-0.5145631067963217,0,0
2023-11-09,660,1,0,-0.3495145631069761,0,0
2023-11-09,665,1,0,-0.48543689320410954,0,-1
2023-11-09,670,1,0,-0.4563106796118975,0,-1
2023-11-09,675,1,0,-0.8252427184467275,0,0
2023-11-09,680,1,0,-0.7378640776700913,0,0
2023-11-09,685,1,0,-0.6116504854371004,0,0
2023-11-09,690,1,0,-1.0776699029129249,0,0
2023-11-20,480,-1,0,0.05970149253737114,1,1
2023-11-20,485,-1,0,0.024875621890598925,1,0
2023-11-20,490,-1,0,-0.024875621890488458,1,0
2023-11-20,495,-1,1,0.13930348258708886,1,0
2023-11-20,500,-1,1,0.10447761194031664,0,0
2023-11-20,505,-1,0,-0.029850746268630334,0,0
2023-11-20,510,-1,0,-0.05472636815911879,0,0
2023-11-20,515,-1,0,-0.01990049751245705,0,1
2023-11-20,520,-1,0,-0.03980099502480362,0,1
2023-11-20,525,-1,0,0.024875621890598925,0,1
2023-11-20,530,-1,0,0.0398009950249141,1,0
2023-11-20,535,-1,1,0.08955223880600148,1,0
2023-11-20,540,-1,0,0.014925373134315167,1,-1
2023-11-20,545,-1,0,0.34328358208958026,-1,0
2023-11-20,550,-1,0,0.5422885572139298,-1,0
2023-11-20,555,-1,0,0.5920398009950172,-1,0
2023-11-20,560,-1,1,0.27363184079603586,0,0
2023-11-20,565,-1,0,0.4129353233831247,0,0
2023-11-20,570,-1,0,0.47761194029852727,0,0
2023-11-20,575,-1,1,0.31343283582094994,0,0
2023-11-20,580,-1,0,0.41791044776126657,0,0
2023-11-20,585,-1,0,0.3731343283582106,0,0
2023-11-20,590,-1,0,0.05472636815922926,0,0
2023-11-20,595,-1,1,0.06467661691540255,0,0
2023-11-20,600,-1,1,0.1691542288557192,0,0
2023-11-20,605,-1,0,0.3930348258706676,0,0
2023-11-20,610,-1,0,0.5223880597014727,0,0
2023-11-20,615,-1,0,0.6716417910447349,0,0
2023-11-20,620,-1,0,0.840796019900454,0,0
2023-11-20,625,-1,0,1.0,0,0
2023-11-20,630,-1,0,0.9004975124378253,0,0
2023-11-20,635,-1,0,1.1990049751243494,0,0
2023-11-20,640,-1,0,1.1442786069651203,0,0
2023-11-20,645,-1,0,0.9104477611939985,0,0
2023-11-20,650,-1,0,0.9651741293532278,0,0
2023-11-20,655,-1,0,1.0597014925372608,0,0
2023-11-20,660,-1,0,1.039800995024914,0,0
2023-11-20,665,-1,0,0.7512437810945631,0,0
2023-11-20,670,-1,0,0.5870646766169858,0,0
2023-11-20,675,-1,0,0.5671641791045288,0,0
2023-11-20,680,-1,0,0.5273631840796146,0,0
2023-11-20,685,-1,0,0.5074626865671575,0,0
2023-11-20,690,-1,0,0.5323383084577565,0,0
2023-11-30,480,0,0,0.8132530120481726,0,0
2023-11-30,485,0,0,0.674698795180731,0,0
2023-11-30,490,0,0,0.4096385542168771,0,0
2023-11-30,495,0,0,0.42771084337348836,0,0
2023-11-30,500,0,0,0.4096385542168771,0,0
2023-11-30,505,0,0,0.31325301204810574,0,0
2023-11-30,510,0,0,0.17469879518066406,0,0
2023-11-30,515,0,0,-0.06024096385541524,0,0
2023-11-30,520,0,0,-0.12048192771096425,0,0
2023-11-30,525,0,0,-0.801204819277143,0,0
2023-11-30,530,0,0,-1.0301204819277745,0,0
2023-11-30,535,0,0,-1.0301204819277745,0,0
2023-11-30,540,0,0,-0.8253012048193359,0,0
2023-11-30,545,0,0,-0.6927710843374759,0,0
2023-11-30,550,0,0,-0.6987951807229238,0,0
2023-11-30,555,0,0,-0.5783132530120934,0,0
2023-11-30,560,0,0,-0.5722891566265117,0,0
2023-11-30,565,0,0,-1.1807228915663794,0,0
2023-11-30,570,0,0,-1.1325301204819938,0,0
2023-11-30,575,0,0,-1.7771084337349503,0,0
2023-11-30,580,0,0,-2.265060240963854,0,0
2023-11-30,585,0,0,-2.4397590361446517,0,0
2023-11-30,590,0,0,-2.560240963855482,0,0
2023-11-30,595,0,0,-2.6144578313253155,0,0
2023-11-30,600,0,0,-2.5240963855422596,0,0
2023-11-30,605,0,0,-2.6626506024097014,0,0
2023-11-30,610,0,0,-2.457831325301263,0,1
2023-11-30,615,0,0,-2.3554216867470434,0,0
2023-11-30,620,0,0,-2.1024096385542195,0,0
2023-11-30,625,0,0,-1.909638554216944,0,0
2023-11-30,630,0,0,-1.8915662650603329,0,0
2023-11-30,635,0,0,-1.8433734939759472,0,0
2023-11-30,640,0,0,-2.036144578313356,0,-1
2023-11-30,645,0,0,-1.710843373494087,0,0
2023-11-30,650,0,0,-2.048192771084386,0,0
2023-11-30,655,0,0,-2.3554216867470434,0,0
2023-11-30,660,0,0,-2.4216867469880405,0,0
2023-11-30,665,0,0,-2.4277108433736223,0,0
2023-11-30,670,0,0,-2.608433734939868,0,0
2023-11-30,675,0,0,-2.734939759036146,0,0
2023-11-30,680,0,0,-3.216867469879602,0,0
2023-11-30,685,0,0,-3.150602409638605,0,0
2023-11-30,690,0,0,-3.0843373493976083,0,0
2023-12-19,480,0,0,0.6944444444444902,-1,0
2023-12-19,485,0,0,0.5,0,0
2023-12-19,490,0,0,0.7222222222222451,0,0
2023-12-19,495,0,0,1.3518518518519052,0,0
2023-12-19,500,0,0,1.7592592592593201,0,0
2023-12-19,505,0,0,1.8240740740741501,0,0
2023-12-19,510,0,0,1.8148148148150356,0,0
2023-12-19,515,0,0,1.6944444444444902,0,0
2023-12-19,520,0,0,1.3611111111112253,0,0
2023-12-19,525,0,0,1.1296296296296602,0,0
2023-12-19,530,0,0,1.1944444444444902,0,1
2023-12-19,535,0,0,1.0925925925927906,0,0
2023-12-19,540,0,0,0.7592592592593201,0,0
2023-12-19,545,0,0,0.9444444444444902,0,0
2023-12-19,550,0,0,1.1296296296296602,0,0
2023-12-19,555,0,0,1.31481481481483,0,0
2023-12-19,560,0,0,1.2037037037038103,0,0
2023-12-19,565,0,0,1.222222222222245,0,-1
2023-12-19,570,0,0,1.3888888888889803,0,0
2023-12-19,575,0,0,1.2777777777779604,0,0
2023-12-19,580,0,0,1.1203703703705454,0,0
2023-12-19,585,0,0,1.472222222222245,0,0
2023-12-19,590,0,0,1.6296296296296602,0,0
2023-12-19,595,0,0,1.9074074074076206,0,0
2023-12-19,600,0,0,1.9074074074076206,0,0
2023-12-19,605,0,0,1.9259259259260553,0,0
2023-12-19,610,0,0,2.1851851851853756,0,0
2023-12-19,615,0,0,2.2129629629631307,0,0
2023-12-19,620,0,0,2.4537037037038103,0,0
2023-12-19,625,0,0,2.1666666666667354,0,-1
2023-12-19,630,0,0,2.2592592592593204,0,0
2023-12-19,635,0,0,2.0648148148150356,0,0
2023-12-19,640,0,0,2.1388888888889803,0,0
2023-12-19,645,0,0,1.9259259259260553,0,0
2023-12-19,650,0,0,2.0185185185186403,0,1
2023-12-19,655,0,0,1.9259259259260553,0,1
2023-12-19,660,0,0,1.9537037037038103,0,1
2023-12-19,665,0,0,1.9814814814815653,1,0
2023-12-19,670,0,0,1.9259259259260553,1,0
2023-12-19,675,0,0,1.8240740740741501,1,0
2023-12-19,680,0,0,2.0277777777779606,0,0
2023-12-19,685,0,0,2.1851851851853756,0,0
2023-12-19,690,0,0,2.2037037037038103,0,0
2024-01-11,480,0,0,0.8014184397162897,0,0
2024-01-11,485,0,0,0.7304964539007014,0,0
2024-01-11,490,0,0,0.8014184397162897,0,-1
2024-01-11,495,0,0,0.7659574468084168,0,0
2024-01-11,500,0,0,0.652482269503507,0,0
2024-01-11,505,0,0,0.6312056737588463,0,0
2024-01-11,510,0,0,0.5886524822695247,0,0
2024-01-11,515,0,0,0.5460992907800458,0,0
2024-01-11,520,0,0,0.524822695035385,0,0
2024-01-11,525,0,0,0.3617021276595477,0,0
2024-01-11,530,0,0,0.2624113475176925,0,0
2024-01-11,535,0,0,0.30496453900701403,0,0
2024-01-11,540,0,0,0.31205673758862007,0,0
2024-01-11,545,0,0,-0.06382978723398225,0,0
2024-01-11,550,0,0,0.07801418439719439,0,0
2024-01-11,555,0,0,0.07801418439719439,0,0
2024-01-11,560,0,0,0.17730496453904954,0,0
2024-01-11,565,0,1,0.32624113475183225,0,-1
2024-01-11,570,0,1,0.4184397163120813,0,0
2024-01-11,575,0,0,0.21985815602837103,0,-1
2024-01-11,580,0,1,0.28368794326235325,0,-1
2024-01-11,585,0,0,0.056737588652533644,0,0
2024-01-11,590,0,0,-0.09929078014185513,0,0
2024-01-11,595,0,0,-0.09929078014185513,0,0
2024-01-11,600,0,0,0.0425531914893215,0,0
2024-01-11,605,0,0,-0.15602836879423132,0,0
2024-01-11,610,0,0,-0.3687943262411537,0,0
2024-01-11,615,0,0,-0.45390070921979675,0,0
2024-01-11,620,0,0,-0.6099290780140281,0,0
2024-01-11,625,0,0,-0.41134751773047523,0,1
2024-01-11,630,0,0,-0.48226950354606357,0,0
2024-01-11,635,0,0,-0.7021276595744346,0,0
2024-01-11,640,0,0,-0.9007092198579874,0,0
2024-01-11,645,0,0,-1.0638297872339821,0,0
2024-01-11,650,0,0,-0.8723404255318781,0,0
2024-01-11,655,0,0,-0.7021276595744346,0,0
2024-01-11,660,0,0,-0.7588652482268108,0,0
2024-01-11,665,0,0,-0.8936170212765387,0,0
2024-01-11,670,0,0,-0.8723404255318781,0,1
2024-01-11,675,0,0,-0.7872340425530776,0,1
2024-01-11,680,0,0,-0.5957446808509733,1,0
2024-01-11,685,0,0,-0.5886524822693673,1,0
2024-01-11,690,0,0,-0.6382978723402949,1,0
2024-01-25,480,0,0,0.9586776859505073,0,0
2024-01-25,485,0,0,0.9917355371902116,0,0
2024-01-25,490,0,0,1.1157024793388732,0,0
2024-01-25,495,0,0,1.2396694214877186,0,0
2024-01-25,500,0,0,1.1983471074380423,0,-1
2024-01-25,505,0,0,1.0743801652893805,0,-1
2024-01-25,510,0,0,1.2314049586777467,0,-1
2024-01-25,515,0,-1,0.9421487603307469,-1,0
2024-01-25,520,0,-1,0.925619834710803,-1,0
2024-01-25,525,0,0,1.016528925619944,-1,0
2024-01-25,530,0,0,1.0,0,0
2024-01-25,535,0,0,1.17355371900831,0,0
2024-01-25,540,0,0,1.107438016529085,0,-1
2024-01-25,545,0,-1,0.925619834710803,-1,0
2024-01-25,550,0,0,1.2975206611571553,-1,0
2024-01-25,555,0,0,1.099173553719113,-1,1
2024-01-25,560,0,-1,0.7355371900827326,1,0
2024-01-25,565,0,0,1.0661157024794086,1,0
2024-01-25,570,0,0,1.3719008264463524,1,0
2024-01-25,575,0,0,1.5537190082646342,0,0
2024-01-25,580,0,0,1.7190082644629723,0,0
2024-01-25,585,0,0,1.7272727272729442,0,0
2024-01-25,590,0,0,1.7272727272729442,0,0
2024-01-25,595,0,0,1.9586776859505073,0,0
2024-01-25,600,0,0,2.016528925619944,0,0
2024-01-25,605,0,0,1.8842975206613102,0,0
2024-01-25,610,0,0,1.6446280991735915,0,0
2024-01-25,615,0,0,1.5454545454546622,0,0
2024-01-25,620,0,0,1.842975206611634,0,1
2024-01-25,625,0,0,1.809917355372113,0,1
2024-01-25,630,0,0,1.5454545454546622,0,1
2024-01-25,635,0,0,1.512396694214958,1,0
2024-01-25,640,0,0,1.842975206611634,1,0
2024-01-25,645,0,0,1.6280991735538313,1,0
2024-01-25,650,0,0,1.6694214876035074,0,0
2024-01-25,655,0,0,1.8347107438018455,0,0
2024-01-25,660,0,0,1.776859504132409,0,0
2024-01-25,665,0,0,1.9834710743802395,0,0
2024-01-25,670,0,0,1.851239669421606,0,0
2024-01-25,675,0,0,1.925619834710803,0,0
2024-01-25,680,0,0,1.7024793388430284,0,0
2024-01-25,685,0,0,1.6528925619835635,0,0
2024-01-25,690,0,0,1.7190082644629723,0,0
2024-02-12,480,0,0,0.2727272727272727,1,0
2024-02-12,485,0,0,0.7272727272727273,0,0
2024-02-12,490,0,0,0.7142857142856319,0,0
2024-02-12,495,0,0,0.48051948051935695,0,0
2024-02-12,500,0,0,0.28571428571436813,0,1
2024-02-12,505,0,0,1.0909090909088026,0,0
2024-02-12,510,0,0,0.9350649350648115,0,0
2024-02-12,515,0,0,0.7272727272727273,0,0
2024-02-12,520,0,0,0.8831168831167183,0,0
2024-02-12,525,0,-1,0.6883116883117295,0,0
2024-02-12,530,0,0,1.0519480519478048,0,0
2024-02-12,535,0,0,1.389610389610266,0,0
2024-02-12,540,0,0,1.7922077922076274,0,0
2024-02-12,545,0,0,1.1558441558439911,0,0
2024-02-12,550,0,0,0.7272727272727273,0,1
2024-02-12,555,0,0,0.012987012987095379,0,0
2024-02-12,560,0,0,-0.2077922077920842,0,0
2024-02-12,565,0,0,-1.1298701298698004,0,0
2024-02-12,570,0,0,-1.1558441558437027,0,0
2024-02-12,575,0,0,-1.311688311687982,0,0
2024-02-12,580,0,0,-1.3636363636360753,0,0
2024-02-12,585,0,0,-1.116883116882705,0,1
2024-02-12,590,0,0,-1.2987012987008868,1,0
2024-02-12,595,0,0,-1.9090909090903323,1,0
2024-02-12,600,0,0,-1.8181818181812415,1,0
2024-02-12,605,0,0,-1.8701298701293345,0,0
2024-02-12,610,0,0,-1.8181818181812415,0,1
2024-02-12,615,0,0,-1.7532467532463414,0,1
2024-02-12,620,0,0,-2.233766233765698,1,0
2024-02-12,625,0,0,-1.9999999999994234,1,0
2024-02-12,630,0,0,-1.935064935064523,1,0
2024-02-12,635,0,0,-2.1558441558437025,0,0
2024-02-12,640,0,0,-1.8441558441554322,0,1
2024-02-12,645,0,0,-2.272727272726696,0,0
2024-02-12,650,0,0,-2.41558441558388,0,0
2024-02-12,655,0,0,-2.753246753246053,0,0
2024-02-12,660,0,0,-2.623376623375964,0,0
2024-02-12,665,0,0,-2.363636363635787,0,0
2024-02-12,670,0,0,-2.0779220779217074,0,0
2024-02-12,675,0,0,-2.220779220778603,0,0
2024-02-12,680,0,0,-2.8701298701293347,0,0
2024-02-12,685,0,0,-2.272727272726696,0,1
2024-02-12,690,0,0,-1.9090909090903323,0,0
2024-03-11,480,1,0,0.5666666666666358,0,1
2024-03-11,485,1,0,0.36666666666682085,1,0
2024-03-11,490,1,0,0.4500000000001388,1,0
2024-03-11,495,1,0,0.7833333333334105,1,0
2024-03-11,500,1,0,0.7000000000000925,0,-1
2024-03-11,505,1,0,0.8249999999999769,0,0
2024-03-11,510,1,0,0.6583333333333411,0,-1
2024-03-11,515,1,0,0.6,-1,0
2024-03-11,520,1,-1,0.4833333333333179,-1,0
2024-03-11,525,1,0,0.5833333333334104,-1,0
2024-03-11,530,1,0,0.6916666666667052,0,0
2024-03-11,535,1,0,0.7083333333332947,0,0
2024-03-11,540,1,0,0.7666666666666359,0,0
2024-03-11,545,1,0,0.6916666666667052,0,0
2024-03-11,550,1,0,0.7083333333332947,0,0
2024-03-11,555,1,0,0.5916666666667977,0,0
2024-03-11,560,1,0,0.46666666666672835,0,0
2024-03-11,565,1,-1,0.5666666666666358,0,0
2024-03-11,570,1,0,0.6583333333333411,0,1
2024-03-11,575,1,-1,0.516666666666682,1,0
2024-03-11,580,1,0,0.45833333333334103,1,0
2024-03-11,585,1,0,0.4500000000001388,1,0
2024-03-11,590,1,0,0.15000000000004626,0,0
2024-03-11,595,1,0,0.2,0,0
2024-03-11,600,1,0,-0.058333333333156004,0,0
2024-03-11,605,1,0,-0.12499999999988436,0,0
2024-03-11,610,1,0,0.07500000000011565,0,1
2024-03-11,615,1,0,0.16666666666682087,0,1
2024-03-11,620,1,0,0.34166666666665896,1,0
2024-03-11,625,1,0,0.4249999999999769,1,0
2024-03-11,630,1,0,0.258333333333341,1,0
2024-03-11,635,1,0,0.4083333333333873,0,0
2024-03-11,640,1,0,0.4166666666667746,0,0
2024-03-11,645,1,0,0.30833333333347984,0,0
2024-03-11,650,1,0,0.43333333333336416,0,0
2024-03-11,655,1,0,0.5750000000000232,0,0
2024-03-11,660,1,1,0.516666666666682,0,0
2024-03-11,665,1,1,0.5250000000000694,0,0
2024-03-11,670,1,0,0.36666666666682085,0,0
2024-03-11,675,1,0,0.34166666666665896,0,0
2024-03-11,680,1,0,0.3833333333334104,0,1
2024-03-11,685,1,0,0.24166666666675146,0,0
2024-03-11,690,1,0,0.36666666666682085,0,1
2024-03-25,480,0,0,0.2540983606557646,0,0
2024-03-25,485,0,0,0.4344262295083131,0,1
2024-03-25,490,0,0,0.6393442622950849,0,1
2024-03-25,495,0,0,0.8442622950820389,0,1
2024-03-25,500,0,0,1.0163934426230583,1,0
2024-03-25,505,0,0,0.8032786885245753,1,-1
2024-03-25,510,0,0,0.7213114754098301,1,-1
2024-03-25,515,0,0,0.46721311475424754,-1,0
2024-03-25,520,0,0,-0.15573770491796118,-1,0
2024-03-25,525,0,0,-0.2786885245901699,-1,0
2024-03-25,530,0,0,-0.08196721311474514,0,0
2024-03-25,535,0,0,0.057377049180339805,0,0
2024-03-25,540,0,1,0.2540983606557646,0,0
2024-03-25,545,0,0,0.2704918032788228,0,0
2024-03-25,550,0,0,0.3114754098361044,0,0
2024-03-25,555,0,0,0.3524590163935679,0,0
2024-03-25,560,0,0,0.3524590163935679,0,0
2024-03-25,565,0,0,0.573770491803398,0,0
2024-03-25,570,0,0,0.5573770491803398,0,0
2024-03-25,575,0,0,0.49180327868865287,0,0
2024-03-25,580,0,0,0.4508196721311893,0,0
2024-03-25,585,0,0,0.7377049180328883,0,0
2024-03-25,590,0,0,0.7704918032788228,0,0
2024-03-25,595,0,0,0.8606557377049151,0,0
2024-03-25,600,0,0,0.573770491803398,0,-1
2024-03-25,605,0,0,0.565573770491869,-1,0
2024-03-25,610,0,0,0.7540983606557645,-1,0
2024-03-25,615,0,0,0.6803278688525485,-1,1
2024-03-25,620,0,0,0.7622950819672937,1,0
2024-03-25,625,0,0,0.8606557377049151,1,0
2024-03-25,630,0,0,0.7295081967213592,1,0
2024-03-25,635,0,0,0.6721311475410194,0,1
2024-03-25,640,0,0,0.647540983606614,0,0
2024-03-25,645,0,0,0.5819672131147452,0,0
2024-03-25,650,0,0,0.573770491803398,0,0
2024-03-25,655,0,0,0.48360655737712377,0,0
2024-03-25,660,0,0,0.5983606557378034,0,1
2024-03-25,665,0,0,0.5573770491803398,1,0
2024-03-25,670,0,0,0.6065573770493325,1,0
2024-03-25,675,0,0,0.7704918032788228,1,0
2024-03-25,680,0,0,0.7622950819672937,0,0
2024-03-25,685,0,0,0.9918032786886529,0,0
2024-03-25,690,0,0,1.008196721311529,0,0
2024-04-18,480,0,0,0.7894736842104572,0,-1
2024-04-18,485,0,0,1.0526315789474223,-1,0
2024-04-18,490,0,0,1.19078947368415,-1,0
2024-04-18,495,0,0,1.0789473684209874,-1,0
2024-04-18,500,0,0,1.3684210526315175,0,0
2024-04-18,505,0,0,1.355263157894735,0,0
2024-04-18,510,0,0,1.355263157894735,0,0
2024-04-18,515,0,0,1.2763157894737476,0,0
2024-04-18,520,0,0,1.3223684210525595,0,0
2024-04-18,525,0,0,1.3157894736842413,0,-1
2024-04-18,530,0,0,1.2171052631578612,-1,0
2024-04-18,535,0,0,1.0592105263157405,-1,0
2024-04-18,540,0,0,1.0855263157894517,-1,0
2024-04-18,545,0,0,1.0,0,0
2024-04-18,550,0,0,0.8289473684210968,0,0
2024-04-18,555,0,0,0.9539473684210421,0,0
2024-04-18,560,0,0,0.8881578947368373,0,0
2024-04-18,565,0,-1,0.782894736842139,0,0
2024-04-18,570,0,0,0.9473684210525778,0,0
2024-04-18,575,0,-1,0.7697368421052103,0,0
2024-04-18,580,0,0,0.835526315789415,0,0
2024-04-18,585,0,0,1.09868421052638,0,0
2024-04-18,590,0,0,1.144736842105192,0,0
2024-04-18,595,0,0,0.9013157894736198,0,0
2024-04-18,600,0,0,0.8026315789473857,0,0
2024-04-18,605,0,0,0.9539473684210421,0,1
2024-04-18,610,0,-1,0.6513157894737294,0,0
2024-04-18,615,0,-1,0.6776315789472944,0,0
2024-04-18,620,0,-1,0.5789473684210603,0,0
2024-04-18,625,0,-1,0.736842105263181,0,1
2024-04-18,630,0,-1,0.453947368420969,0,0
2024-04-18,635,0,-1,0.46710526315789763,0,1
2024-04-18,640,0,-1,0.46710526315789763,0,1
2024-04-18,645,0,-1,0.6776315789472944,0,0
2024-04-18,650,0,-1,0.6710526315789762,0,-1
2024-04-18,655,0,-1,0.7105263157894698,0,0
2024-04-18,660,0,-1,0.6315789473683365,0,-1
2024-04-18,665,0,-1,0.7697368421052103,-1,0
2024-04-18,670,0,-1,0.7236842105262523,-1,0
2024-04-18,675,0,-1,0.618421052631554,-1,0
2024-04-18,680,0,-1,0.6776315789472944,0,0
2024-04-18,685,0,-1,0.5197368421051738,0,0
2024-04-18,690,0,-1,0.572368421052596,0,0
2024-04-30,480,0,0,0.3387096774193895,0,1
2024-04-30,485,0,0,0.47580645161292634,1,0
2024-04-30,490,0,0,-0.008064516129084246,1,0
2024-04-30,495,0,0,-0.056451612903231585,1,0
2024-04-30,500,0,0,-0.26612903225798945,0,0
2024-04-30,505,0,0,-0.16935483870969475,0,0
2024-04-30,510,0,0,-0.08064516129030525,0,0
2024-04-30,515,0,0,-0.15322580645152625,0,0
2024-04-30,520,0,0,0.01612903225816849,0,0
2024-04-30,525,0,0,0.008064516129084246,0,0
2024-04-30,530,0,1,0.5,0,0
2024-04-30,535,0,1,0.7177419354838421,0,0
2024-04-30,540,0,1,0.7741935483870737,0,0
2024-04-30,545,0,1,0.9354838709676842,0,0
2024-04-30,550,0,1,0.9516129032256736,0,0
2024-04-30,555,0,1,0.7258064516129263,0,-1
2024-04-30,560,0,1,0.6774193548385999,-1,0
2024-04-30,565,0,1,0.6612903225806105,-1,0
2024-04-30,570,0,1,0.895161290322442,-1,0
2024-04-30,575,0,0,0.9838709677418315,0,0
2024-04-30,580,0,1,0.854838709677379,0,-1
2024-04-30,585,0,1,0.7661290322579895,0,-1
2024-04-30,590,0,1,0.8790322580644526,-1,1
2024-04-30,595,0,1,0.8145161290321368,-1,1
2024-04-30,600,0,1,0.8064516129032315,-1,1
2024-04-30,605,0,1,0.5645161290323158,1,0
2024-04-30,610,0,1,0.4838709677418315,1,0
2024-04-30,615,0,0,0.20967741935493692,1,0
2024-04-30,620,0,0,0.04032258064524216,0,0
2024-04-30,625,0,0,0.21774193548384208,0,1
2024-04-30,630,0,1,0.4032258064515263,0,1
2024-04-30,635,0,1,0.3387096774193895,1,-1
2024-04-30,640,0,1,0.45967741935475787,1,0
2024-04-30,645,0,1,0.47580645161292634,1,0
2024-04-30,650,0,1,0.7016129032258527,0,0
2024-04-30,655,0,1,0.7822580645161579,0,0
2024-04-30,660,0,0,1.2661290322579895,0,0
2024-04-30,665,0,0,2.2983870967739684,0,0
2024-04-30,670,0,0,2.4596774193545787,0,0
2024-04-30,675,0,0,2.1048387096771997,0,0
2024-04-30,680,0,0,2.2661290322578105,0,0
2024-04-30,685,0,0,2.1612903225804314,0,0
2024-04-30,690,0,0,2.637096774193358,0,0
2024-07-11,480,0,0,0.0,-1,0
2024-07-11,485,0,1,0.6607142857141158,0,0
2024-07-11,490,0,1,0.3392857142858842,0,0
2024-07-11,495,0,1,0.35714285714274385,0,0
2024-07-11,500,0,1,0.571428571428628,0,0
2024-07-11,505,0,1,0.5,0,0
2024-07-11,510,0,1,0.39285714285725615,0,0
2024-07-11,515,0,1,0.5,0,0
2024-07-11,520,0,1,0.4107142857141158,0,0
2024-07-11,525,0,1,0.0,0,0
2024-07-11,530,0,0,-0.17857142857137193,0,0
2024-07-11,535,0,0,-0.053571428571371926,0,0
2024-07-11,540,0,0,-0.07142857142862807,0,0
2024-07-11,545,0,0,-0.07142857142862807,0,-1
2024-07-11,550,0,1,0.125,0,0
2024-07-11,555,0,0,-0.14285714285685963,0,0
2024-07-11,560,0,1,0.10714285714274385,0,0
2024-07-11,565,0,1,0.3035714285713719,0,0
2024-07-11,570,0,1,0.39285714285725615,0,0
2024-07-11,575,0,1,0.7142857142854877,0,0
2024-07-11,580,0,0,0.8928571428568597,0,0
2024-07-11,585,0,1,0.625,0,0
2024-07-11,590,0,1,0.6071428571427439,0,0
2024-07-11,595,0,1,0.553571428571372,0,0
2024-07-11,600,0,0,0.8928571428568597,0,0
2024-07-11,605,0,0,0.8928571428568597,0,-1
2024-07-11,610,0,0,0.9642857142854877,0,0
2024-07-11,615,0,0,0.928571428571372,0,0
2024-07-11,620,0,0,1.0178571428568597,0,0
2024-07-11,625,0,0,0.9821428571427439,0,0
2024-07-11,630,0,0,1.053571428571372,0,0
2024-07-11,635,0,0,1.0892857142854877,0,0
2024-07-11,640,0,0,1.0892857142854877,0,0
2024-07-11,645,0,0,1.7142857142854877,0,0
2024-07-11,650,0,0,2.2321428571423474,0,0
2024-07-11,655,0,0,2.1428571428568595,0,0
2024-07-11,660,0,0,2.3035714285709754,0,0
2024-07-11,665,0,0,2.8392857142850914,0,0
2024-07-11,670,0,0,2.9999999999996034,0,0
2024-07-11,675,0,0,3.1071428571423474,0,0
2024-07-11,680,0,0,2.7499999999996034,0,0
2024-07-11,685,0,0,2.3749999999996034,0,0
2024-07-11,690,0,0,2.1964285714282314,0,0
2024-07-15,480,0,0,0.8421052631577963,0,0
2024-07-15,485,0,0,0.8000000000000935,0,1
2024-07-15,490,0,0,0.9157894736841269,0,0
2024-07-15,495,0,0,0.8947368421052755,0,0
2024-07-15,500,0,-1,0.45263157894729217,0,0
2024-07-15,505,0,0,0.26315789473692824,0,0
2024-07-15,510,0,0,0.10526315789472454,0,0
2024-07-15,515,0,0,0.16842105263151252,0,0
2024-07-15,520,0,0,0.1263157894738097,0,0
2024-07-15,525,0,0,0.27368421052623704,0,0
2024-07-15,530,0,0,0.23157894736853424,0,-1
2024-07-15,535,0,0,0.1263157894738097,0,1
2024-07-15,540,0,0,0.3263157894737162,0,0
2024-07-15,545,0,0,0.07368421052633055,0,0
2024-07-15,550,0,0,-0.12631578947357597,0,0
2024-07-15,555,0,0,-0.09473684210518196,0,0
2024-07-15,560,0,0,0.18947368421059765,0,0
2024-07-15,565,0,0,0.28421052631577964,0,-1
2024-07-15,570,0,0,0.23157894736853424,0,-1
2024-07-15,575,0,0,0.1999999999999065,-1,0
2024-07-15,580,0,1,0.42105263157889816,-1,0
2024-07-15,585,0,1,0.7052631578946778,-1,0
2024-07-15,590,0,0,0.9578947368420634,0,0
2024-07-15,595,0,1,0.7368421052630718,0,0
2024-07-15,600,0,0,0.9789473684211486,0,0
2024-07-15,605,0,0,1.3578947368421102,0,0
2024-07-15,610,0,0,1.4842105263156862,0,0
2024-07-15,615,0,0,1.6526315789474324,0,0
2024-07-15,620,0,0,1.8315789473684876,0,0
2024-07-15,625,0,0,2.0,0,0
2024-07-15,630,0,0,1.9157894736841268,0,0
2024-07-15,635,0,0,2.1684210526315124,0,0
2024-07-15,640,0,0,2.1052631578947247,0,0
2024-07-15,645,0,0,2.063157894736788,0,0
2024-07-15,650,0,0,2.1894736842105975,0,0
2024-07-15,655,0,0,2.3263157894737163,0,0
2024-07-15,660,0,0,2.3157894736841738,0,0
2024-07-15,665,0,0,2.2526315789473856,0,-1
2024-07-15,670,0,0,2.4315789473684406,0,0
2024-07-15,675,0,0,2.178947368421055,0,-1
2024-07-15,680,0,0,2.368421052631653,-1,0
2024-07-15,685,0,0,2.3789473684209614,-1,0
2024-07-15,690,0,0,2.452631578947292,-1,0
2024-08-05,480,0,0,0.010830324909738322,0,0
2024-08-05,485,0,0,-0.2238267148014724,0,0
2024-08-05,490,0,0,-0.4007220216607187,0,0
2024-08-05,495,0,0,-0.3249097472924703,0,0
2024-08-05,500,0,0,-0.14801444043322398,0,0
2024-08-05,505,0,0,-0.19494584837553028,0,0
2024-08-05,510,0,0,-0.38628158844770755,0,0
2024-08-05,515,0,0,-0.08664259927798673,0,0
2024-08-05,520,0,0,-0.03249097472929512,0,0
2024-08-05,525,0,1,0.05776173285196443,0,0
2024-08-05,530,0,0,-0.010830324909818482,0,0
2024-08-05,535,0,0,-0.2346570397112107,0,0
2024-08-05,540,0,0,-0.24548736462094906,0,0
2024-08-05,545,0,0,0.2671480144404257,0,0
2024-08-05,550,0,0,0.41155234657037687,0,0
2024-08-05,555,0,0,0.671480144404337,0,0
2024-08-05,560,0,0,0.7833935018050733,0,0
2024-08-05,565,0,0,1.079422382671441,0,0
2024-08-05,570,0,0,1.1083032490974634,0,0
2024-08-05,575,0,0,1.8375451263537648,0,0
2024-08-05,580,0,0,1.653429602888053,0,0
2024-08-05,585,0,0,1.6823104693140754,0,0
2024-08-05,590,0,0,1.6931407942238137,0,0
2024-08-05,595,0,0,1.2021660649819157,0,1
2024-08-05,600,0,0,1.328519855595663,0,1
2024-08-05,605,0,0,1.7003610108303593,1,0
2024-08-05,610,0,0,2.1552346570396894,1,0
2024-08-05,615,0,0,1.9819494584837962,1,0
2024-08-05,620,0,0,2.036101083032488,0,0
2024-08-05,625,0,0,1.93501805054149,0,0
2024-08-05,630,0,0,1.848375451263503,0,0
2024-08-05,635,0,0,2.0758122743682486,0,0
2024-08-05,640,0,0,2.1877256317689846,0,0
2024-08-05,645,0,0,1.9927797833935346,0,0
2024-08-05,650,0,0,1.823104693140834,0,0
2024-08-05,655,0,0,1.6281588447653037,0,0
2024-08-05,660,0,0,1.4043321299639113,0,0
2024-08-05,665,0,0,1.4657039711191486,0,0
2024-08-05,670,0,0,1.3032490974729134,0,0
2024-08-05,675,0,0,1.4476534296028647,0,1
2024-08-05,680,0,0,1.6101083032490997,1,0
2024-08-05,685,0,0,1.4657039711191486,1,0
2024-08-05,690,0,0,1.5451263537905897,1,0
2024-09-23,480,0,0,0.6168224299064877,0,0
2024-09-23,485,0,0,0.42990654205602435,0,0
2024-09-23,490,0,0,0.2336448598129755,0,0
2024-09-23,495,0,0,0.4018691588784756,0,0
2024-09-23,500,0,0,0.2242990654205976,0,0
2024-09-23,505,0,0,0.037383177570134186,0,0
2024-09-23,510,0,0,0.177570093457878,0,0
2024-09-23,515,0,1,0.2710280373831097,0,0
2024-09-23,520,0,0,0.10280373831781713,0,0
2024-09-23,525,0,1,0.2710280373831097,0,0
2024-09-23,530,0,1,0.2242990654205976,0,0
2024-09-23,535,0,0,0.09345794392523171,0,0
2024-09-23,540,0,1,0.21495327102801218,0,1
2024-09-23,545,0,0,-0.5420560747664269,1,0
2024-09-23,550,0,0,-1.3551401869159634,1,0
2024-09-23,555,0,0,-1.7289719626170978,1,0
2024-09-23,560,0,0,-3.4579439252339883,0,0
2024-09-23,565,0,0,-3.2523364485983537,0,0
2024-09-23,570,0,0,-2.8598130841124636,0,0
2024-09-23,575,0,0,-4.542056074766842,0,0
2024-09-23,580,0,0,-4.158878504673329,0,0
2024-09-23,585,0,0,-4.23364485981339,0,0
2024-09-23,590,0,0,-4.691588785047172,0,0
2024-09-23,595,0,0,-5.233644859813598,0,0
2024-09-23,600,0,0,-5.158878504673329,0,0
2024-09-23,605,0,0,-5.682242990654793,0,0
2024-09-23,610,0,0,-5.962616822430489,0,0
2024-09-23,615,0,0,-6.5140186915892935,0,0
2024-09-23,620,0,0,-6.271028037383732,0,0
2024-09-23,625,0,0,-6.355140186916586,0,0
2024-09-23,630,0,0,-5.971962616823074,0,0
2024-09-23,635,0,0,-5.915887850467769,0,0
2024-09-23,640,0,0,-6.093457943925854,0,-1
2024-09-23,645,0,0,-5.672897196262208,0,0
2024-09-23,650,0,0,-5.5981308411219395,0,0
2024-09-23,655,0,0,-5.485981308411745,0,0
2024-09-23,660,0,0,-5.990654205608037,0,0
2024-09-23,665,0,0,-5.794392523364988,0,0
2024-09-23,670,0,0,-5.672897196262208,0,0
2024-09-23,675,0,0,-5.336448598131415,0,0
2024-09-23,680,0,0,-4.8130841121499515,0,0
2024-09-23,685,0,0,-4.149532710280744,0,0
2024-09-23,690,0,0,-4.532710280374257,0,0
2024-09-30,480,0,0,0.7923076923076753,0,0
2024-09-30,485,0,0,0.8000000000000341,0,1
2024-09-30,490,0,0,0.5307692307691795,0,0
2024-09-30,495,0,0,0.26923076923068384,0,0
2024-09-30,500,0,0,0.015384615384547063,0,0
2024-09-30,505,0,1,0.39230769230774354,0,1
2024-09-30,510,0,1,0.5384615384615384,0,1
2024-09-30,515,0,1,0.6153846153846154,1,0
2024-09-30,520,0,1,0.6076923076922565,1,0
2024-09-30,525,0,1,0.5615384615384444,1,0
2024-09-30,530,0,1,0.6538461538462392,0,0
2024-09-30,535,0,1,0.7615384615385811,0,0
2024-09-30,540,0,0,0.9153846153847349,0,0
2024-09-30,545,0,0,1.007692307692359,0,0
2024-09-30,550,0,1,0.41538461538464955,0,0
2024-09-30,555,0,1,0.5384615384615384,0,0
2024-09-30,560,0,1,0.5153846153846324,0,0
2024-09-30,565,0,1,0.6692307692307863,0,1
2024-09-30,570,0,1,0.5923076923077094,0,1
2024-09-30,575,0,0,0.3076923076923077,1,0
2024-09-30,580,0,1,0.5538461538462564,1,1
2024-09-30,585,0,1,0.7846153846154871,1,0
2024-09-30,590,0,0,1.1846153846154188,0,0
2024-09-30,595,0,0,1.3538461538462905,0,0
2024-09-30,600,0,0,1.2307692307694016,0,0
2024-09-30,605,0,0,1.700000000000222,0,0
2024-09-30,610,0,0,1.915384615384735,0,0
2024-09-30,615,0,0,2.12307692307706,0,0
2024-09-30,620,0,0,1.9846153846156238,0,0
2024-09-30,625,0,0,2.3000000000002903,0,0
2024-09-30,630,0,0,2.5615384615386154,0,0
2024-09-30,635,0,0,2.707692307692581,0,0
2024-09-30,640,0,0,2.83076923076947,0,0
2024-09-30,645,0,0,3.261538461538837,0,0
2024-09-30,650,0,0,2.976923076923436,0,0
2024-09-30,655,0,0,3.3384615384619143,0,0
2024-09-30,660,0,0,3.800000000000376,0,0
2024-09-30,665,0,0,3.4846153846157093,0,0
2024-09-30,670,0,0,3.1153846153848717,0,0
2024-09-30,675,0,0,3.015384615384889,0,0
2024-09-30,680,0,0,3.0923076923079655,0,0
2024-09-30,685,0,0,3.2076923076926662,0,0
2024-09-30,690,0,0,2.907692307692547,0,0
2024-10-02,480,0,0,0.4132653061224455,0,0
2024-10-02,485,0,0,0.43367346938777246,0,0
2024-10-02,490,0,0,0.352040816326578,0,-1
2024-10-02,495,0,0,0.48979591836739317,0,0
2024-10-02,500,0,0,0.4387755102041325,0,-1
2024-10-02,505,0,0,0.4795918367346731,0,-1
2024-10-02,510,0,0,0.6938775510204359,0,0
2024-10-02,515,0,0,0.5357142857142938,0,0
2024-10-02,520,0,0,0.7091836734694028,0,0
2024-10-02,525,0,0,0.7244897959183697,0,0
2024-10-02,530,0,0,0.5612244897959808,0,0
2024-10-02,535,0,0,0.6275510204082083,0,0
2024-10-02,540,0,0,0.6275510204082083,0,0
2024-10-02,545,0,0,0.4795918367346731,0,0
2024-10-02,550,0,0,0.6020408163265214,0,0
2024-10-02,555,0,0,0.6938775510204359,0,-1
2024-10-02,560,0,0,0.6683673469387489,-1,-1
2024-10-02,565,0,0,0.5918367346939145,-1,0
2024-10-02,570,0,0,0.6938775510204359,-1,-1
2024-10-02,575,0,0,0.6224489795918483,-1,0
2024-10-02,580,0,0,0.6938775510204359,-1,0
2024-10-02,585,0,0,0.7806122448979904,-1,0
2024-10-02,590,0,0,0.6938775510204359,0,0
2024-10-02,595,0,0,0.48979591836739317,0,0
2024-10-02,600,0,0,0.6326530612244551,0,0
2024-10-02,605,0,0,0.5153061224489669,0,0
2024-10-02,610,0,0,0.6377551020408152,0,0
2024-10-02,615,0,0,0.8775510204081517,0,0
2024-10-02,620,0,0,1.2040816326530428,0,0
2024-10-02,625,0,0,1.1887755102040758,0,0
2024-10-02,630,0,0,1.2551020408163034,0,0
2024-10-02,635,0,0,1.2908163265305972,0,0
2024-10-02,640,0,0,1.4285714285714124,0,0
2024-10-02,645,0,0,1.178571428571469,0,-1
2024-10-02,650,0,0,0.9744897959184263,-1,0
2024-10-02,655,0,0,0.9591836734694594,-1,0
2024-10-02,660,0,0,0.9234693877551656,-1,0
2024-10-02,665,0,-1,0.5918367346939145,0,0
2024-10-02,670,0,-1,0.6887755102040759,0,0
2024-10-02,675,0,-1,0.6173469387754882,0,0
2024-10-02,680,0,-1,0.5969387755101613,0,0
2024-10-02,685,0,-1,0.5612244897959808,0,0
2024-10-02,690,0,-1,0.5663265306122276,0,0
2024-10-16,480,0,0,0.1521739130435045,0,0
2024-10-16,485,0,0,-0.608695652174018,0,0
2024-10-16,490,0,0,-0.5108695652173415,0,0
2024-10-16,495,0,0,-0.7608695652175225,0,0
2024-10-16,500,0,0,-0.4673913043479756,0,0
2024-10-16,505,0,0,-0.663043478260846,0,0
2024-10-16,510,0,0,-0.5652173913044107,0,0
2024-10-16,515,0,0,-0.945652173913172,0,0
2024-10-16,520,0,0,-1.0434782608696072,0,0
2024-10-16,525,0,0,-0.8913043478261027,0,0
2024-10-16,530,0,0,-0.663043478260846,0,-1
2024-10-16,535,0,0,-0.8260869565218126,0,-1
2024-10-16,540,0,0,-0.9565217391303928,0,0
2024-10-16,545,0,0,-0.9565217391303928,0,1
2024-10-16,550,0,0,-0.39130434782622336,0,0
2024-10-16,555,0,0,-0.5217391304348036,0,0
2024-10-16,560,0,0,-0.304347826087009,0,0
2024-10-16,565,0,0,-0.6304347826087009,0,-1
2024-10-16,570,0,0,-0.358695652173837,0,0
2024-10-16,575,0,0,-0.45652173913051347,0,0
2024-10-16,580,0,0,-0.6413043478261631,0,0
2024-10-16,585,0,0,-0.5652173913044107,0,0
2024-10-16,590,0,0,-0.358695652173837,0,0
2024-10-16,595,0,0,-0.14130434782604237,0,0
2024-10-16,600,0,0,-0.4673913043479756,0,-1
2024-10-16,605,0,0,-0.5760869565218729,-1,0
2024-10-16,610,0,0,-0.42391304347836845,-1,0
2024-10-16,615,0,0,-0.7934782608696676,-1,0
2024-10-16,620,0,0,-0.7717391304347433,0,1
2024-10-16,625,0,0,-0.6956521739129911,0,1
2024-10-16,630,0,0,-0.5869565217390937,0,1
2024-10-16,635,0,0,-0.6956521739129911,1,0
2024-10-16,640,0,0,-0.6413043478261631,1,1
2024-10-16,645,0,0,-0.5760869565218729,1,0
2024-10-16,650,0,0,-0.6195652173912387,0,0
2024-10-16,655,0,0,-0.42391304347836845,0,0
2024-10-16,660,0,0,-0.34782608695661615,0,0
2024-10-16,665,0,0,-0.17391304347842876,0,0
2024-10-16,670,0,1,0.304347826087009,0,0
2024-10-16,675,0,1,0.4999999999998793,0,0
2024-10-16,680,0,0,0.717391304347674,0,0
2024-10-16,685,0,1,0.5760869565216316,0,0
2024-10-16,690,0,0,0.9891304347825378,0,0
2024-11-05,480,0,0,0.8227848101265609,0,0
2024-11-05,485,0,0,1.164556962025256,0,0
2024-11-05,490,0,0,1.518987341772134,0,0
2024-11-05,495,0,0,1.4683544303796827,0,0
2024-11-05,500,0,0,1.7088607594937564,0,0
2024-11-05,505,0,0,1.481012658227866,0,0
2024-11-05,510,0,0,1.6582278481013049,0,0
2024-11-05,515,0,0,1.835443037974744,0,0
2024-11-05,520,0,0,2.025316455696085,0,0
2024-11-05,525,0,0,1.8860759493671952,0,0
2024-11-05,530,0,0,1.6582278481013049,0,0
2024-11-05,535,0,0,1.493670886076049,0,0
2024-11-05,540,0,0,1.8101265822783779,0,1
2024-11-05,545,0,0,1.5569620253164023,1,0
2024-11-05,550,0,0,1.5949367088606705,1,0
2024-11-05,555,0,0,1.6202531645570368,1,0
2024-11-05,560,0,0,1.7974683544304757,0,0
2024-11-05,565,0,0,1.6708860759494881,0,0
2024-11-05,570,0,0,1.7468354430380244,0,0
2024-11-05,575,0,0,2.0886075949367195,0,0
2024-11-05,580,0,0,2.341772151898695,0,0
2024-11-05,585,0,0,2.189873417721341,0,0
2024-11-05,590,0,0,2.3037974683544267,0,0
2024-11-05,595,0,0,2.189873417721341,0,0
2024-11-05,600,0,0,2.22784810126589,0,0
2024-11-05,605,0,0,2.658227848101305,0,0
2024-11-05,610,0,0,2.7594936708859263,0,0
2024-11-05,615,0,0,2.8860759493669144,0,0
2024-11-05,620,0,0,2.7088607594934753,0,0
2024-11-05,625,0,0,2.506329113923951,0,0
2024-11-05,630,0,0,2.316455696202329,0,0
2024-11-05,635,0,0,2.4430379746835977,0,1
2024-11-05,640,0,0,2.0759493670885365,0,0
2024-11-05,645,0,0,2.2405063291137925,0,0
2024-11-05,650,0,0,2.2784810126580606,0,0
2024-11-05,655,0,0,2.139240506329171,0,0
2024-11-05,660,0,0,2.202531645569524,0,0
2024-11-05,665,0,0,2.202531645569524,0,0
2024-11-05,670,0,0,2.379746835442963,0,0
2024-11-05,675,0,0,2.379746835442963,0,0
2024-11-05,680,0,0,2.316455696202329,0,1
2024-11-05,685,0,0,2.177215189873439,0,0
2024-11-05,690,0,0,2.215189873417707,0,0
2024-11-13,480,0,0,0.28921568627447086,-1,0
2024-11-13,485,0,0,0.19607843137254474,0,0
2024-11-13,490,0,0,0.215686274509821,0,0
2024-11-13,495,0,0,-0.024509803921622518,0,0
2024-11-13,500,0,0,-0.1568627450981011,0,0
2024-11-13,505,0,0,-0.044117647058898764,0,0
2024-11-13,510,0,0,-0.05392156862748246,0,0
2024-11-13,515,0,0,-0.1568627450981011,0,0
2024-11-13,520,0,0,0.02450980392151367,0,0
2024-11-13,525,0,0,0.0196078431371674,0,0
2024-11-13,530,0,0,-0.17647058823537734,0,0
2024-11-13,535,0,0,-0.10784313725496492,0,0
2024-11-13,540,0,0,-0.22058823529416727,0,0
2024-11-13,545,0,0,-0.23039215686285983,0,0
2024-11-13,550,0,0,-0.6764705882354318,0,0
2024-11-13,555,0,0,-0.5539215686275368,0,0
2024-11-13,560,0,0,-0.31372549019609336,0,0
2024-11-13,565,0,0,-0.13235294117647858,0,0
2024-11-13,570,0,0,-0.3333333333333696,0,-1
2024-11-13,575,0,0,-0.18137254901961478,-1,0
2024-11-13,580,0,0,-0.03431372549020622,-1,0
2024-11-13,585,0,0,-0.17647058823537734,-1,0
2024-11-13,590,0,0,0.0098039215685837,0,0
2024-11-13,595,0,0,0.12254901960778605,0,0
2024-11-13,600,0,0,0.2254901960784047,0,0
2024-11-13,605,0,0,0.06372549019606616,0,-1
2024-11-13,610,0,0,0.17156862745092225,0,-1
2024-11-13,615,0,0,0.0931372549019261,0,-1
2024-11-13,620,0,0,0.06372549019606616,-1,0
2024-11-13,625,0,1,0.41666666666671204,-1,0
2024-11-13,630,0,1,0.7205882352941129,-1,0
2024-11-13,635,0,1,0.8970588235294902,0,0
2024-11-13,640,0,1,0.8284313725490777,0,0
2024-11-13,645,0,1,0.8333333333333152,0,0
2024-11-13,650,0,1,0.8333333333333152,0,0
2024-11-13,655,0,0,1.0392156862745525,0,0
2024-11-13,660,0,0,0.9509803921568638,0,0
2024-11-13,665,0,1,0.8284313725490777,0,0
2024-11-13,670,0,1,0.7254901960784591,0,0
2024-11-13,675,0,1,0.7598039215686654,0,0
2024-11-13,680,0,1,0.7058823529411828,0,0
2024-11-13,685,0,1,0.7941176470588716,0,0
2024-11-13,690,0,1,0.754901960784319,0,0
2024-12-20,480,0,0,0.9244186046511219,0,0
2024-12-20,485,0,0,0.99418604651159,0,0
2024-12-20,490,0,0,1.0552325581395077,0,0
2024-12-20,495,0,0,1.0319767441860614,0,0
2024-12-20,500,0,0,0.9883720930232446,0,0
2024-12-20,505,0,-1,0.8895348837209202,0,0
2024-12-20,510,0,0,1.017441860465101,0,1
2024-12-20,515,0,-1,0.9011627906976756,1,0
2024-12-20,520,0,0,1.0058139534883455,1,0
2024-12-20,525,0,0,1.0755813953488136,1,0
2024-12-20,530,0,0,1.1482558139534866,0,0
2024-12-20,535,0,0,1.1279069767441807,0,0
2024-12-20,540,0,0,1.1598837209302422,0,0
2024-12-20,545,0,0,1.1279069767441807,0,0
2024-12-20,550,0,0,1.2005813953487894,0,0
2024-12-20,555,0,0,1.4127906976743987,0,0
2024-12-20,560,0,0,1.3604651162790315,0,-1
2024-12-20,565,0,0,1.5261627906976192,0,0
2024-12-20,570,0,0,1.5029069767441727,0,0
2024-12-20,575,0,0,1.4680232558139064,0,0
2024-12-20,580,0,0,1.5029069767441727,0,0
2024-12-20,585,0,0,1.4854651162790717,0,0
2024-12-20,590,0,0,1.462209302325561,0,0
2024-12-20,595,0,0,1.5668604651162308,0,0
2024-12-20,600,0,0,1.4302325581394997,0,0
2024-12-20,605,0,0,1.32848837209297,0,0
2024-12-20,610,0,0,1.2354651162790558,0,0
2024-12-20,615,0,0,1.1279069767441807,0,0
2024-12-20,620,0,0,1.2267441860465051,0,0
2024-12-20,625,0,0,1.0581395348837126,0,0
2024-12-20,630,0,0,1.1511627906976272,0,1
2024-12-20,635,0,0,1.1686046511627926,1,0
2024-12-20,640,0,0,1.154069767441832,1,0
2024-12-20,645,0,0,1.0668604651162632,1,0
2024-12-20,650,0,0,0.9825581395348991,0,0
2024-12-20,655,0,0,1.1686046511627926,0,0
2024-12-20,660,0,0,1.1598837209302422,0,0
2024-12-20,665,0,0,1.174418604651138,0,0
2024-12-20,670,0,0,1.284883720930218,0,0
2024-12-20,675,0,0,1.247093023255811,0,0
2024-12-20,680,0,0,1.177325581395343,0,0
2024-12-20,685,0,0,1.2180232558139548,0,1
2024-12-20,690,0,0,1.267441860465117,0,0
2025-01-15,480,0,0,0.3157894736840963,-1,0
2025-01-15,485,0,0,0.015037593984893367,0,0
2025-01-15,490,0,0,-0.030075187969953683,0,0
2025-01-15,495,0,0,0.007518796992363208,0,0
2025-01-15,500,0,0,-0.21052631578950884,0,0
2025-01-15,505,0,0,0.05263157894737721,0,1
2025-01-15,510,0,0,0.24812030075182573,0,1
2025-01-15,515,0,0,0.2781954887217794,1,0
2025-01-15,520,0,0,0.6917293233082669,1,0
2025-01-15,525,0,0,0.6315789473683595,1,0
2025-01-15,530,0,0,1.0751879699248008,0,0
2025-01-15,535,0,0,1.0225563909774236,0,0
2025-01-15,540,0,0,1.0451127819548471,0,0
2025-01-15,545,0,0,1.4060150375939573,0,0
2025-01-15,550,0,0,1.6616541353383132,0,0
2025-01-15,555,0,0,1.563909774435922,0,0
2025-01-15,560,0,0,0.8045112781953845,0,0
2025-01-15,565,0,0,0.8796992481201853,0,0
2025-01-15,570,0,0,0.7293233082705838,0,0
2025-01-15,575,0,0,0.48120300751875805,0,0
2025-01-15,580,0,0,0.6165413533834662,0,0
2025-01-15,585,0,0,0.4210526315788507,0,0
2025-01-15,590,0,0,0.4887218045112882,0,1
2025-01-15,595,0,1,0.3308270676691566,0,0
2025-01-15,600,0,1,0.33834586466168676,0,0
2025-01-15,605,0,0,0.6616541353383132,0,0
2025-01-15,610,0,0,1.0150375939848935,0,0
2025-01-15,615,0,0,0.6917293233082669,0,0
2025-01-15,620,0,0,1.0300751879697867,0,0
2025-01-15,625,0,0,0.6541353383457831,0,-1
2025-01-15,630,0,0,1.0,0,0
2025-01-15,635,0,0,1.2706766917292494,0,0
2025-01-15,640,0,0,1.4285714285713809,0,0
2025-01-15,645,0,0,1.4285714285713809,0,0
2025-01-15,650,0,0,1.390977443608897,0,-1
2025-01-15,655,0,0,1.481203007518758,0,0
2025-01-15,660,0,0,1.34586466165405,0,-1
2025-01-15,665,0,0,1.3984962406014272,-1,0
2025-01-15,670,0,0,1.383458646616367,-1,0
2025-01-15,675,0,0,1.3609022556389434,-1,-1
2025-01-15,680,0,0,1.3082706766915662,-1,0
2025-01-15,685,0,0,1.4135338345863206,-1,0
2025-01-15,690,0,0,1.0451127819548471,-1,0
2025-01-22,480,0,0,0.17674418604652556,0,1
2025-01-22,485,0,0,0.29302325581400107,1,0
2025-01-22,490,0,0,0.5860465116278988,1,0
2025-01-22,495,0,0,0.5953488372093547,1,0
2025-01-22,500,0,0,0.6976744186046464,0,0
2025-01-22,505,0,0,0.6325581395348684,0,0
2025-01-22,510,0,0,0.7767441860465049,0,0
2025-01-22,515,0,0,0.7116279069767268,0,-1
2025-01-22,520,0,0,0.6976744186046464,0,-1
2025-01-22,525,0,0,0.8000000000000413,0,0
2025-01-22,530,0,0,0.7255813953488074,0,0
2025-01-22,535,0,0,0.6232558139535157,0,0
2025-01-22,540,0,0,0.5534883720930098,0,0
2025-01-22,545,0,0,0.45116279069771814,0,0
2025-01-22,550,0,0,0.6046511627907073,0,0
2025-01-22,555,0,0,0.6651162790697573,0,0
2025-01-22,560,0,0,0.7441860465116159,0,0
2025-01-22,565,0,0,0.6651162790697573,0,-1
2025-01-22,570,0,0,0.6093023255814353,0,-1
2025-01-22,575,0,0,0.7116279069767268,-1,0
2025-01-22,580,0,0,0.9767441860464636,-1,0
2025-01-22,585,0,0,0.902325581395333,-1,0
2025-01-22,590,0,0,1.0093023255813527,0,0
2025-01-22,595,0,0,0.9720930232558389,0,0
2025-01-22,600,0,0,1.0790697674418586,0,0
2025-01-22,605,0,0,1.0186046511628084,0,-1
2025-01-22,610,0,0,1.1069767441860197,0,0
2025-01-22,615,0,0,1.195348837209334,0,0
2025-01-22,620,0,0,1.2465116279069282,0,0
2025-01-22,625,0,0,1.3627906976744038,0,0
2025-01-22,630,0,0,1.5023255813953122,0,0
2025-01-22,635,0,0,1.4232558139534537,0,0
2025-01-22,640,0,0,1.4558139534883427,0,0
2025-01-22,645,0,0,1.6837209302325657,0,0
2025-01-22,650,0,0,1.516279069767393,0,-1
2025-01-22,655,0,0,1.799999999999938,0,0
2025-01-22,660,0,0,2.1627906976743416,0,0
2025-01-22,665,0,0,2.1395348837209087,0,0
2025-01-22,670,0,0,2.3674418604650285,0,0
2025-01-22,675,0,0,2.1395348837209087,0,-1
2025-01-22,680,0,0,2.246511627906928,-1,0
2025-01-22,685,0,0,2.451162790697615,-1,0
2025-01-22,690,0,0,2.5627906976743624,-1,0
2025-03-06,480,1,0,0.5153203342618152,0,0
2025-03-06,485,1,0,0.5320334261838685,0,0
2025-03-06,490,1,0,0.8440111420612483,0,0
2025-03-06,495,1,0,0.573816155988847,0,-1
2025-03-06,500,1,0,0.46518105849584085,-1,0
2025-03-06,505,1,0,0.3036211699164459,-1,0
2025-03-06,510,1,0,0.47632311977712727,-1,0
2025-03-06,515,1,0,0.5264623955431634,0,0
2025-03-06,520,1,0,0.6490250696378704,0,0
2025-03-06,525,1,0,0.8746518105849405,0,0
2025-03-06,530,1,0,0.9052924791086326,0,0
2025-03-06,535,1,-1,0.5626740947074989,0,-1
2025-03-06,540,1,0,0.4150417827298047,0,0
2025-03-06,545,1,0,0.28969359331474515,0,0
2025-03-06,550,1,0,0.6211699164345308,0,1
2025-03-06,555,1,-1,0.5236768802228109,0,1
2025-03-06,560,1,0,0.3398328690807813,1,0
2025-03-06,565,1,0,0.3008356545960934,1,0
2025-03-06,570,1,-1,0.5208913649025202,1,0
2025-03-06,575,1,-1,0.5403899721448642,0,0
2025-03-06,580,1,0,0.5041782729804669,0,0
2025-03-06,585,1,0,0.6991643454039066,0,0
2025-03-06,590,1,0,0.7075208913649024,0,0
2025-03-06,595,1,0,0.7130919220055455,0,0
2025-03-06,600,1,0,0.47910863509747975,0,0
2025-03-06,605,1,0,0.3593314763231253,0,0
2025-03-06,610,1,0,0.43175487465179613,0,0
2025-03-06,615,1,0,0.3398328690807813,0,0
2025-03-06,620,1,0,0.07799442896937588,0,0
2025-03-06,625,1,0,0.2674094707521105,0,0
2025-03-06,630,1,0,0.23955431754877082,0,0
2025-03-06,635,1,0,0.03342618384398289,0,0
2025-03-06,640,1,0,0.0,0,0
2025-03-06,645,1,0,0.2506963788300572,0,1
2025-03-06,650,1,0,0.37883008356546927,1,0
2025-03-06,655,1,0,0.49860724233982373,1,0
2025-03-06,660,1,0,0.43175487465179613,1,0
2025-03-06,665,1,0,0.32311977715878987,0,0
2025-03-06,670,1,0,0.47910863509747975,0,0
2025-03-06,675,1,0,0.25626740947076226,0,0
2025-03-06,680,1,0,0.052924791086326854,0,0
2025-03-06,685,1,0,0.05013927576603618,0,0
2025-03-06,690,1,0,0.13370473537605526,0,0
2025-03-13,480,0,0,0.1661721068249006,0,0
2025-03-13,485,0,0,0.21661721068247028,0,0
2025-03-13,490,0,0,0.4243323442136784,0,0
2025-03-13,495,0,0,0.4955489614243689,0,0
2025-03-13,500,0,1,0.1721068249258299,0,1
2025-03-13,505,0,1,0.5964391691395083,0,0
2025-03-13,510,0,1,0.6913946587537184,0,0
2025-03-13,515,0,1,0.5489614243323374,0,-1
2025-03-13,520,0,1,0.590504451038579,0,-1
2025-03-13,525,0,1,0.6023738872403718,0,-1
2025-03-13,530,0,1,0.48071216617211154,-1,0
2025-03-13,535,0,1,0.4688427299703188,-1,0
2025-03-13,540,0,1,0.4005934718100929,-1,0
2025-03-13,545,0,1,0.4154302670623503,0,1
2025-03-13,550,0,1,0.4569732937685261,0,1
2025-03-13,555,0,1,0.5252225519288178,0,1
2025-03-13,560,0,1,0.6142433234421645,1,0
2025-03-13,565,0,1,0.7151335311573038,1,0
2025-03-13,570,0,1,0.7240356083086319,1,0
2025-03-13,575,0,1,0.6142433234421645,0,-1
2025-03-13,580,0,1,0.6053412462908364,0,-1
2025-03-13,585,0,1,0.3976261127596283,0,0
2025-03-13,590,0,1,0.3026706231454182,0,0
2025-03-13,595,0,1,0.46290801186945535,0,1
2025-03-13,600,0,1,0.5816023738872509,0,1
2025-03-13,605,0,1,0.646884272997078,1,0
2025-03-13,610,0,1,0.5074183976260958,1,-1
2025-03-13,615,0,1,0.4272997032640772,1,-1
2025-03-13,620,0,1,0.35014836795252324,-1,0
2025-03-13,625,0,1,0.33531157270026585,-1,0
2025-03-13,630,0,1,0.3590504451038513,-1,0
2025-03-13,635,0,1,0.33531157270026585,0,0
2025-03-13,640,0,1,0.36498516320478064,0,1
2025-03-13,645,0,1,0.30860534124628164,0,0
2025-03-13,650,0,1,0.23442136498519234,0,0
2025-03-13,655,0,1,0.2433234421365204,0,0
2025-03-13,660,0,1,0.3026706231454182,0,0
2025-03-13,665,0,1,0.3026706231454182,0,0
2025-03-13,670,0,1,0.284866468842762,0,0
2025-03-13,675,0,1,0.2017804154302788,0,0
2025-03-13,680,0,1,0.1928783382789507,0,0
2025-03-13,685,0,1,0.30860534124628164,0,1
2025-03-13,690,0,1,0.24629080118691918,0,1
2025-03-17,480,0,0,0.29880478087641543,0,-1
2025-03-17,485,0,0,0.21513944223106865,-1,0
2025-03-17,490,0,0,0.3585657370517516,-1,0
2025-03-17,495,0,0,0.5737051792828203,-1,0
2025-03-17,500,0,0,0.498007968127477,0,-1
2025-03-17,505,0,0,0.5418326693226292,0,-1
2025-03-17,510,0,0,0.494023904382431,0,-1
2025-03-17,515,0,0,0.4661354581672859,-1,0
2025-03-17,520,0,0,0.41434262948204176,-1,0
2025-03-17,525,0,0,0.5537848605577672,-1,1
2025-03-17,530,0,0,0.5019920318724346,1,0
2025-03-17,535,0,0,0.637450199203114,1,0
2025-03-17,540,0,0,0.5976095617529193,1,0
2025-03-17,545,0,0,0.6573705179282555,0,0
2025-03-17,550,0,0,0.6254980079680644,0,0
2025-03-17,555,0,0,0.37848605577689315,0,0
2025-03-17,560,0,0,0.5219123505975761,0,1
2025-03-17,565,0,0,0.6135458167330149,0,0
2025-03-17,570,0,0,0.6613545816733015,0,0
2025-03-17,575,0,0,0.6972111553784501,0,0
2025-03-17,580,0,0,0.9601593625497169,0,0
2025-03-17,585,0,0,1.0318725099601027,0,0
2025-03-17,590,0,0,1.1035856573704883,0,0
2025-03-17,595,0,0,1.0,0,-1
2025-03-17,600,0,0,1.2390438247011677,0,0
2025-03-17,605,0,0,1.1513944223106864,0,-1
2025-03-17,610,0,0,1.1752988047808741,0,-1
2025-03-17,615,0,0,1.2509960159362172,0,0
2025-03-17,620,0,0,1.3346613545816526,0,0
2025-03-17,625,0,0,1.314741035856511,0,0
2025-03-17,630,0,0,1.5338645418326255,0,0
2025-03-17,635,0,0,1.5936254980079618,0,0
2025-03-17,640,0,0,1.4661354581672859,0,-1
2025-03-17,645,0,0,1.5258964143426221,0,-1
2025-03-17,650,0,0,1.513944223107484,-1,0
2025-03-17,655,0,0,1.4342629482070948,-1,0
2025-03-17,660,0,0,1.553784860557767,-1,0
2025-03-17,665,0,0,1.693227091633404,0,0
2025-03-17,670,0,0,1.5896414342629157,0,0
2025-03-17,675,0,0,1.5019920318724345,0,0
2025-03-17,680,0,0,1.4741035856572895,0,0
2025-03-17,685,0,0,1.4023904382469923,0,0
2025-03-17,690,0,0,1.4063745019919498,0,0
2025-03-19,480,0,0,0.29829984544049376,0,0
2025-03-19,485,0,0,0.48995363214836274,0,0
2025-03-19,490,0,0,0.42812982998453625,0,0
2025-03-19,495,0,0,0.39721792890262303,0,0
2025-03-19,500,0,0,0.398763523956729,0,0
2025-03-19,505,0,0,0.49304482225657464,0,0
2025-03-19,510,0,0,0.5023183925811417,0,0
2025-03-19,515,0,0,0.5409582689335505,0,0
2025-03-19,520,0,0,0.5177743431220984,0,0
2025-03-19,525,0,0,0.5023183925811417,0,-1
2025-03-19,530,0,0,0.4466769706337048,-1,0
2025-03-19,535,0,0,0.5146831530139208,-1,0
2025-03-19,540,0,0,0.5239567233384879,-1,0
2025-03-19,545,0,0,0.42503863987635865,0,0
2025-03-19,550,0,0,0.465224111282839,0,0
2025-03-19,555,0,0,0.3894899536321618,0,0
2025-03-19,560,0,0,0.3647604327666038,0,0
2025-03-19,565,0,0,0.4327666151468198,0,1
2025-03-19,570,0,0,0.42503863987635865,0,1
2025-03-19,575,0,0,0.5115919629057089,1,0
2025-03-19,580,0,0,0.5100463678516373,1,0
2025-03-19,585,0,0,0.4358578052550317,1,0
2025-03-19,590,0,0,0.47758887171561804,0,0
2025-03-19,595,0,0,0.479134466769724,0,0
2025-03-19,600,0,0,0.4482225656877764,0,0
2025-03-19,605,0,0,0.42194744976814674,0,0
2025-03-19,610,0,0,0.36012364760432025,0,0
2025-03-19,615,0,0,0.3771251931993828,0,0
2025-03-19,620,0,0,0.37248840803709926,0,0
2025-03-19,625,0,0,0.4497681607418824,0,0
2025-03-19,630,0,0,0.43740340030913766,0,-1
2025-03-19,635,0,0,0.38485316846987827,-1,1
2025-03-19,640,0,0,0.3122102009273444,-1,0
2025-03-19,645,0,0,0.31375579598145037,-1,0
2025-03-19,650,0,0,0.4234930448222527,0,0
2025-03-19,655,0,0,0.41267387944357964,0,-1
2025-03-19,660,0,0,0.411128284389508,0,-1
2025-03-19,665,0,0,0.3863987635239499,-1,0
2025-03-19,670,0,0,0.3585780525502486,-1,0
2025-03-19,675,0,0,0.38794435857805587,-1,0
2025-03-19,680,0,0,0.3585780525502486,0,0
2025-03-19,685,0,0,0.3894899536321618,0,0
2025-03-19,690,0,0,0.41267387944357964,0,0
2025-03-25,480,0,0,0.09243697478995987,0,-1
2025-03-25,485,0,0,0.05462184873947933,-1,0
2025-03-25,490,0,0,-0.09243697478986658,-1,0
2025-03-25,495,0,0,-0.18487394957982645,-1,0
2025-03-25,500,0,0,-0.23529411764700944,0,0
2025-03-25,505,0,0,-0.06302521008397874,0,1
2025-03-25,510,0,0,-0.277310924369693,0,0
2025-03-25,515,0,1,0.15126050420173556,0,0
2025-03-25,520,0,1,0.21008403361341793,0,0
2025-03-25,525,0,1,0.1386554621848465,0,0
2025-03-25,530,0,1,0.09663865546216292,0,0
2025-03-25,535,0,1,0.15966386554623496,0,0
2025-03-25,540,0,1,0.21848739495801064,0,0
2025-03-25,545,0,1,0.33193277310926567,0,0
2025-03-25,550,0,1,0.222689075630307,0,0
2025-03-25,555,0,1,0.4537815126050201,0,0
2025-03-25,560,0,1,0.5126050420167958,0,0
2025-03-25,565,0,1,0.6050420168067556,0,0
2025-03-25,570,0,1,0.5420168067226836,0,0
2025-03-25,575,0,1,0.3949579831932444,0,0
2025-03-25,580,0,1,0.5210084033613884,0,1
2025-03-25,585,0,1,0.6218487394958477,0,0
2025-03-25,590,0,1,0.7352941176471027,0,0
2025-03-25,595,0,1,0.6932773109244191,0,0
2025-03-25,600,0,1,0.6554621848739386,0,0
2025-03-25,605,0,1,0.72689075630251,0,0
2025-03-25,610,0,0,0.7857142857142857,0,0
2025-03-25,615,0,0,1.113445378151255,0,0
2025-03-25,620,0,0,1.159663865546235,0,0
2025-03-25,625,0,0,1.2941176470587852,0,0
2025-03-25,630,0,0,1.3445378151260614,0,0
2025-03-25,635,0,0,1.2184873949580106,0,-1
2025-03-25,640,0,0,1.2184873949580106,0,-1
2025-03-25,645,0,0,1.3151260504201736,0,-1
2025-03-25,650,0,0,1.4285714285714286,-1,0
2025-03-25,655,0,0,1.4579831932773164,-1,0
2025-03-25,660,0,0,1.4705882352941122,-1,0
2025-03-25,665,0,0,1.3613445378151534,0,0
2025-03-25,670,0,0,1.2941176470587852,0,0
2025-03-25,675,0,0,1.1428571428571428,0,0
2025-03-25,680,0,0,1.323529411764673,0,1
2025-03-25,685,0,0,1.4621848739496128,0,1
2025-03-25,690,0,0,1.5042016806722964,0,0
2025-03-26,480,0,0,0.610294117647126,0,0
2025-03-26,485,0,0,0.8970588235293926,0,0
2025-03-26,490,0,0,1.1764705882353037,0,0
2025-03-26,495,0,0,0.75,0,0
2025-03-26,500,0,-1,0.6029411764706074,0,0
2025-03-26,505,0,0,0.8676470588236447,0,0
2025-03-26,510,0,0,1.0808823529412148,0,0
2025-03-26,515,0,0,1.1323529411765185,0,0
2025-03-26,520,0,0,0.941176470588341,0,0
2025-03-26,525,0,0,0.9705882352942521,0,0
2025-03-26,530,0,0,1.1985294117646963,0,0
2025-03-26,535,0,0,1.3382352941177336,0,0
2025-03-26,540,0,0,1.566176470588341,0,0
2025-03-26,545,0,0,1.4632352941177336,0,-1
2025-03-26,550,0,0,1.3308823529412148,0,-1
2025-03-26,555,0,0,1.5294117647059111,0,-1
2025-03-26,560,0,0,1.4191176470589484,-1,0
2025-03-26,565,0,0,1.5882352941177336,-1,0
2025-03-26,570,0,0,1.4926470588236447,-1,0
2025-03-26,575,0,0,1.7279411764706074,0,0
2025-03-26,580,0,0,1.3970588235293926,0,0
2025-03-26,585,0,0,1.5514705882353037,0,0
2025-03-26,590,0,0,1.5294117647059111,0,0
2025-03-26,595,0,0,1.3455882352940889,0,0
2025-03-26,600,0,0,1.3308823529412148,0,0
2025-03-26,605,0,0,1.2205882352940889,0,0
2025-03-26,610,0,0,1.3308823529412148,0,1
2025-03-26,615,0,0,1.625,0,0
2025-03-26,620,0,0,1.6397058823530373,0,0
2025-03-26,625,0,0,1.5955882352940889,0,-1
2025-03-26,630,0,0,1.3235294117646963,0,-1
2025-03-26,635,0,0,0.8014705882353037,-1,0
2025-03-26,640,0,0,1.095588235294252,-1,0
2025-03-26,645,0,0,0.9117647058824297,-1,0
2025-03-26,650,0,0,0.9632352941177335,0,0
2025-03-26,655,0,0,0.7720588235293926,0,0
2025-03-26,660,0,0,1.0220588235293926,0,0
2025-03-26,665,0,0,0.9632352941177335,0,-1
2025-03-26,670,0,0,0.8676470588236447,0,0
2025-03-26,675,0,0,1.0735294117646963,0,0
2025-03-26,680,0,0,1.0735294117646963,0,-1
2025-03-26,685,0,0,1.191176470588341,0,0
2025-03-26,690,0,0,1.0882352941177336,0,0
2025-04-02,480,0,0,0.21656050955413472,0,1
2025-04-02,485,0,0,0.14649681528658726,1,0
2025-04-02,490,0,0,0.25477707006365463,1,0
2025-04-02,495,0,0,0.39490445859874956,1,0
2025-04-02,500,0,0,0.5796178343948567,0,0
2025-04-02,505,0,0,0.363057324840722,0,-1
2025-04-02,510,0,0,0.3821656050954819,0,-1
2025-04-02,515,0,0,0.3757961783439896,-1,0
2025-04-02,520,0,0,0.24840764331202084,-1,0
2025-04-02,525,0,0,0.20382165605100858,-1,0
2025-04-02,530,0,0,0.2866242038216822,0,1
2025-04-02,535,0,0,0.38853503184711574,0,1
2025-04-02,540,0,0,0.4140127388535095,0,0
2025-04-02,545,0,0,0.5095541401273093,0,0
2025-04-02,550,0,0,0.3184713375795683,0,-1
2025-04-02,555,0,0,-0.15286624203822108,0,0
2025-04-02,560,0,0,-0.12738853503182732,0,1
2025-04-02,565,0,0,-0.11464968152870116,0,1
2025-04-02,570,0,0,0.0445859872611537,0,1
2025-04-02,575,0,0,0.07006369426754745,1,0
2025-04-02,580,0,0,0.19745222929937478,1,0
2025-04-02,585,0,0,0.019108280254759955,1,-1
2025-04-02,590,0,0,-0.1337579617834611,-1,0
2025-04-02,595,0,0,0.11464968152870116,-1,0
2025-04-02,600,0,1,0.35031847133759586,-1,0
2025-04-02,605,0,1,0.4140127388535095,0,0
2025-04-02,610,0,1,0.5414012738853368,0,0
2025-04-02,615,0,0,0.5796178343948567,0,0
2025-04-02,620,0,0,0.6942675159235578,0,0
2025-04-02,625,0,0,0.6942675159235578,0,0
2025-04-02,630,0,0,0.6433121019107704,0,0
2025-04-02,635,0,0,0.9490445859872125,0,0
2025-04-02,640,0,0,0.8853503184712989,0,0
2025-04-02,645,0,0,0.6942675159235578,0,0
2025-04-02,650,0,0,0.8917197452229326,0,0
2025-04-02,655,0,0,0.8343949044585114,0,0
2025-04-02,660,0,0,0.726114649681444,0,0
2025-04-02,665,0,0,1.012738853503126,0,0
2025-04-02,670,0,0,1.03821656050952,0,0
2025-04-02,675,0,0,0.7961783439489915,0,0
2025-04-02,680,0,0,0.8407643312101452,0,0
2025-04-02,685,0,0,0.9108280254776926,0,0
2025-04-02,690,0,0,0.7197452229299516,0,0
2025-04-17,480,0,0,0.21599999999999858,0,1
2025-04-17,485,0,0,0.11466666666665055,1,-1
2025-04-17,490,0,0,0.03999999999996684,1,1
2025-04-17,495,0,0,0.20000000000001183,1,1
2025-04-17,500,0,0,0.17866666666665673,1,0
2025-04-17,505,0,1,0.23466666666666952,1,0
2025-04-17,510,0,1,0.37333333333330015,1,0
2025-04-17,515,0,1,0.4426666666666747,0,0
2025-04-17,520,0,1,0.5146666666666743,0,0
2025-04-17,525,0,1,0.5039999999999967,0,0
2025-04-17,530,0,0,0.6773333333333442,0,0
2025-04-17,535,0,1,0.5573333333333252,0,0
2025-04-17,540,0,1,0.38933333333334613,0,-1
2025-04-17,545,0,0,0.6613333333332982,-1,0
2025-04-17,550,0,0,0.632000000000009,-1,0
2025-04-17,555,0,1,0.5626666666666345,-1,0
2025-04-17,560,0,1,0.43199999999999716,0,1
2025-04-17,565,0,1,0.40800000000001707,0,1
2025-04-17,570,0,1,0.4053333333333329,0,1
2025-04-17,575,0,1,0.5706666666666871,1,0
2025-04-17,580,0,0,0.6906666666666468,1,0
2025-04-17,585,0,0,0.6906666666666468,1,0
2025-04-17,590,0,0,0.5786666666666804,0,-1
2025-04-17,595,0,0,0.8533333333333167,0,0
2025-04-17,600,0,0,0.8693333333333035,0,0
2025-04-17,605,0,0,0.9093333333333296,0,0
2025-04-17,610,0,0,0.7973333333333039,0,-1
2025-04-17,615,0,0,0.8400000000000142,0,-1
2025-04-17,620,0,0,0.776000000000008,-1,0
2025-04-17,625,0,0,0.6986666666666401,-1,0
2025-04-17,630,0,0,0.7999999999999882,-1,0
2025-04-17,635,0,0,0.9733333333333357,0,0
2025-04-17,640,0,0,1.0906666666666704,0,0
2025-04-17,645,0,0,0.9680000000000265,0,0
2025-04-17,650,0,0,1.0533333333333286,0,0
2025-04-17,655,0,0,0.9359999999999938,0,-1
2025-04-17,660,0,0,0.9200000000000071,0,-1
2025-04-17,665,0,0,0.7813333333333172,-1,0
2025-04-17,670,0,0,0.8639999999999943,-1,0
2025-04-17,675,0,0,0.8213333333333432,-1,0
2025-04-17,680,0,0,0.9146666666666388,0,1
2025-04-17,685,0,0,0.8666666666666785,0,1
2025-04-17,690,0,0,0.733333333333357,0,0
2025-05-02,480,0,0,0.654867256637156,-1,0
2025-05-02,485,0,0,0.9159292035398591,0,0
2025-05-02,490,0,0,1.1460176991151212,0,0
2025-05-02,495,0,0,0.97345132743365,0,0
2025-05-02,500,0,0,1.4070796460177262,0,0
2025-05-02,505,0,0,1.5663716814160222,0,0
2025-05-02,510,0,0,1.5221238938054062,0,0
2025-05-02,515,0,0,1.544247787610665,0,0
2025-05-02,520,0,0,1.358407079646019,0,-1
2025-05-02,525,0,0,1.2610619469027031,0,-1
2025-05-02,530,0,0,1.3539823008850262,-1,1
2025-05-02,535,0,0,1.318584070796494,-1,1
2025-05-02,540,0,0,1.4601769911505242,-1,1
2025-05-02,545,0,0,1.500000000000049,1,0
2025-05-02,550,0,0,1.606194690265547,1,0
2025-05-02,555,0,0,1.433628318584076,1,-1
2025-05-02,560,0,0,1.526548672566399,-1,0
2025-05-02,565,0,0,1.225663716814171,-1,0
2025-05-02,570,0,0,1.243362831858437,-1,0
2025-05-02,575,0,0,1.411504424778817,0,1
2025-05-02,580,0,0,1.38938053097346,0,1
2025-05-02,585,0,0,1.561946902654931,0,0
2025-05-02,590,0,0,1.5973451327434633,0,0
2025-05-02,595,0,0,1.7699115044248361,0,0
2025-05-02,600,0,0,1.5575221238938401,0,-1
2025-05-02,605,0,0,1.4070796460177262,-1,0
2025-05-02,610,0,0,1.1991150442478211,-1,0
2025-05-02,615,0,0,1.079646017699148,-1,0
2025-05-02,620,0,0,1.185840707964646,0,0
2025-05-02,625,0,0,1.4159292035399083,0,0
2025-05-02,630,0,0,1.4513274336283422,0,0
2025-05-02,635,0,0,1.659292035398247,0,0
2025-05-02,640,0,0,1.632743362831897,0,0
2025-05-02,645,0,0,1.6637168141593381,0,0
2025-05-02,650,0,0,1.747787610619479,0,0
2025-05-02,655,0,0,1.7168141592921362,0,0
2025-05-02,660,0,0,1.734513274336304,0,0
2025-05-02,665,0,0,1.632743362831897,0,0
2025-05-02,670,0,0,1.672566371681422,0,1
2025-05-02,675,0,0,1.544247787610665,0,0
2025-05-02,680,0,0,1.517699115044315,0,0
2025-05-02,685,0,0,1.5840707964601901,0,1
2025-05-02,690,0,0,1.672566371681422,0,1
2025-05-06,480,0,0,0.7383720930232284,1,0
2025-05-06,485,0,0,0.6366279069766989,0,0
2025-05-06,490,0,0,0.7761627906976352,0,0
2025-05-06,495,0,0,0.7616279069767393,0,0
2025-05-06,500,0,0,0.7994186046511461,0,0
2025-05-06,505,0,0,0.7761627906976352,0,0
2025-05-06,510,0,0,0.8313953488372074,0,0
2025-05-06,515,0,0,0.8343023255813479,0,0
2025-05-06,520,0,0,1.0755813953488136,0,0
2025-05-06,525,0,0,1.2063953488371995,0,0
2025-05-06,530,0,0,1.0610465116278531,0,0
2025-05-06,535,0,0,1.011627906976691,0,0
2025-05-06,540,0,0,0.9651162790697336,0,0
2025-05-06,545,0,0,1.1366279069767313,0,-1
2025-05-06,550,0,0,0.9825581395348345,0,-1
2025-05-06,555,0,0,1.0087209302325504,0,-1
2025-05-06,560,0,0,0.9854651162790395,-1,1
2025-05-06,565,0,0,1.2034883720929943,-1,0
2025-05-06,570,0,0,1.2558139534883617,-1,0
2025-05-06,575,0,0,1.354651162790686,0,0
2025-05-06,580,0,0,1.5087209302325182,0,0
2025-05-06,585,0,0,1.5465116279069249,0,0
2025-05-06,590,0,0,1.5581395348836804,0,0
2025-05-06,595,0,0,1.4680232558139064,0,-1
2025-05-06,600,0,0,1.3372093023255207,0,-1
2025-05-06,605,0,0,1.2906976744185634,-1,0
2025-05-06,610,0,0,1.3139534883720743,-1,0
2025-05-06,615,0,0,1.4680232558139064,-1,1
2025-05-06,620,0,0,1.6046511627906377,1,0
2025-05-06,625,0,0,1.5174418604650686,1,0
2025-05-06,630,0,0,1.3895348837208878,1,-1
2025-05-06,635,0,0,1.2674418604650526,-1,0
2025-05-06,640,0,0,1.2877906976743583,-1,0
2025-05-06,645,0,0,1.238372093023196,-1,0
2025-05-06,650,0,0,1.264534883720912,0,1
2025-05-06,655,0,0,1.1976744186045845,0,0
2025-05-06,660,0,0,1.0029069767441405,0,0
2025-05-06,665,0,0,0.9883720930232446,0,0
2025-05-06,670,0,0,1.0610465116278531,0,1
2025-05-06,675,0,0,0.8662790697674092,0,0
2025-05-06,680,0,0,0.9476744186046328,0,0
2025-05-06,685,0,0,0.8604651162790637,0,0
2025-05-06,690,0,-1,0.7151162790697175,0,0
2025-06-13,480,0,0,0.37687366167023595,1,0
2025-06-13,485,0,0,0.5653104925053539,0,0
2025-06-13,490,0,0,0.6167023554603904,0,0
2025-06-13,495,0,0,0.47965738758030896,0,0
2025-06-13,500,0,0,0.4432548179871601,0,0
2025-06-13,505,0,0,0.5267665952890647,0,0
2025-06-13,510,0,0,0.394004282655264,0,1
2025-06-13,515,0,0,0.5610278372591208,1,0
2025-06-13,520,0,0,0.4860813704496826,1,0
2025-06-13,525,0,0,0.3704496788008623,1,0
2025-06-13,530,0,0,0.4646680942184213,0,0
2025-06-13,535,0,0,0.4839400428265422,0,0
2025-06-13,540,0,0,0.6466809421841657,0,0
2025-06-13,545,0,0,0.7858672376873875,0,0
2025-06-13,550,0,0,0.8715203426124325,0,0
2025-06-13,555,0,0,0.9164882226980954,0,0
2025-06-13,560,0,0,0.7858672376873875,0,0
2025-06-13,565,0,-1,0.6980728051392022,0,0
2025-06-13,570,0,-1,0.7730192719485928,0,0
2025-06-13,575,0,0,0.8715203426124325,0,0
2025-06-13,580,0,0,0.8779443254818061,0,-1
2025-06-13,585,0,-1,0.7516059957173316,0,0
2025-06-13,590,0,-1,0.7387580299785843,0,0
2025-06-13,595,0,-1,0.6102783725910168,0,0
2025-06-13,600,0,-1,0.5096359743040842,0,0
2025-06-13,605,0,-1,0.5267665952890647,0,1
2025-06-13,610,0,-1,0.5032119914347106,0,0
2025-06-13,615,0,-1,0.631691648822278,0,1
2025-06-13,620,0,-1,0.5160599571734579,1,-1
2025-06-13,625,0,-1,0.6980728051392022,1,0
2025-06-13,630,0,-1,0.6959314775160618,1,0
2025-06-13,635,0,-1,0.5952890792291292,0,0
2025-06-13,640,0,-1,0.3918629550321236,0,0
2025-06-13,645,0,0,0.33190578158457307,0,0
2025-06-13,650,0,-1,0.42826552462527245,0,0
2025-06-13,655,0,-1,0.42826552462527245,0,0
2025-06-13,660,0,0,0.35546038543897474,0,0
2025-06-13,665,0,-1,0.3918629550321236,0,0
2025-06-13,670,0,-1,0.47537473233402816,0,0
2025-06-13,675,0,0,0.3725910064240027,0,0
2025-06-13,680,0,-1,0.4325481798715057,0,0
2025-06-13,685,0,-1,0.40471092077087084,0,0
2025-06-13,690,0,-1,0.38329764453960957,0,0
2025-06-27,480,0,0,0.17073170731709958,0,0
2025-06-27,485,0,0,0.11788617886183266,0,0
2025-06-27,490,0,0,0.016260162601641426,0,0
2025-06-27,495,0,1,0.17073170731709958,0,1
2025-06-27,500,0,1,0.475609756097583,1,0
2025-06-27,505,0,0,0.6788617886178752,1,0
2025-06-27,510,0,1,0.6504065040650252,1,0
2025-06-27,515,0,1,0.5731707317073413,0,0
2025-06-27,520,0,0,0.7276422764227994,0,0
2025-06-27,525,0,0,0.8211382113821248,0,0
2025-06-27,530,0,0,1.1097560975609668,0,0
2025-06-27,535,0,0,1.1260162601626083,0,0
2025-06-27,540,0,0,1.3780487804877344,0,0
2025-06-27,545,0,0,1.4268292682926587,0,0
2025-06-27,550,0,0,1.5081300813007756,0,0
2025-06-27,555,0,0,1.6788617886178752,0,0
2025-06-27,560,0,0,1.264227642276425,0,0
2025-06-27,565,0,0,1.0975609756097584,0,0
2025-06-27,570,0,0,1.1178861788617425,0,0
2025-06-27,575,0,0,1.1951219512195166,0,0
2025-06-27,580,0,0,1.2479674796747835,0,0
2025-06-27,585,0,0,1.2479674796747835,0,0
2025-06-27,590,0,0,1.1382113821138167,0,0
2025-06-27,595,0,0,1.1707317073170094,0,0
2025-06-27,600,0,0,1.211382113821158,0,1
2025-06-27,605,0,0,1.2560975609755591,1,0
2025-06-27,610,0,0,1.495934959349567,1,0
2025-06-27,615,0,0,1.4918699186991342,1,0
2025-06-27,620,0,0,1.5934959349593254,0,0
2025-06-27,625,0,0,1.345528455284542,0,-1
2025-06-27,630,0,0,1.207317073170725,0,0
2025-06-27,635,0,0,1.2439024390243507,0,1
2025-06-27,640,0,0,1.154471544715458,0,0
2025-06-27,645,0,0,1.1869918699186508,0,0
2025-06-27,650,0,0,1.3983739837398088,0,0
2025-06-27,655,0,0,1.154471544715458,0,0
2025-06-27,660,0,0,1.004065040650433,0,0
2025-06-27,665,0,0,0.760162601625992,0,0
2025-06-27,670,0,0,0.8048780487804834,0,0
2025-06-27,675,0,0,0.8577235772357503,0,0
2025-06-27,680,0,0,0.9268292682926587,0,0
2025-06-27,685,0,0,0.9512195121950757,0,0
2025-06-27,690,0,0,0.9674796747967171,0,-1
2025-10-23,480,1,0,0.7925925925927083,0,0
2025-10-23,485,1,0,0.8148148148149122,0,0
2025-10-23,490,1,0,0.7333333333333881,0,0
2025-10-23,495,1,0,0.703703703703728,0,0
2025-10-23,500,1,0,0.8074074074074561,0,0
2025-10-23,505,1,0,0.6074074074074561,0,0
2025-10-23,510,1,0,0.6,0,0
2025-10-23,515,1,0,0.5925925925925438,0,0
2025-10-23,520,1,0,0.3111111111111842,0,0
2025-10-23,525,1,0,0.274074074074068,0,0
2025-10-23,530,1,0,0.34814814814813594,0,0
2025-10-23,535,1,0,0.474074074074068,0,0
2025-10-23,540,1,0,0.28148148148152413,0,0
2025-10-23,545,1,0,0.33333333333338816,0,0
2025-10-23,550,1,0,0.37037037037033993,0,0
2025-10-23,555,1,0,0.3185185185184759,0,0
2025-10-23,560,1,1,0.5185185185184759,0,0
2025-10-23,565,1,1,0.5185185185184759,0,0
2025-10-23,570,1,0,0.3407407407408443,0,0
2025-10-23,575,1,0,0.2,0,0
2025-10-23,580,1,0,0.19259259259254385,0,0
2025-10-23,585,1,0,0.3111111111111842,0,0
2025-10-23,590,1,0,0.48148148148152414,0,0
2025-10-23,595,1,1,0.5925925925925438,0,0
2025-10-23,600,1,1,0.6962962962962719,0,0
2025-10-23,605,1,0,0.8296296296296601,0,0
2025-10-23,610,1,0,0.8666666666667763,0,0
2025-10-23,615,1,0,0.8074074074074561,0,0
2025-10-23,620,1,0,0.8,0,-1
2025-10-23,625,1,0,0.8666666666667763,0,0
2025-10-23,630,1,0,0.9777777777777961,0,0
2025-10-23,635,1,1,0.7925925925927083,0,0
2025-10-23,640,1,1,0.7407407407408443,0,0
2025-10-23,645,1,1,0.577777777777796,0,0
2025-10-23,650,1,0,0.474074074074068,0,0
2025-10-23,655,1,0,0.36296296296304825,0,0
2025-10-23,660,1,0,0.4074074074074561,0,0
2025-10-23,665,1,0,0.4370370370371162,0,-1
2025-10-23,670,1,0,0.274074074074068,0,0
2025-10-23,675,1,0,0.36296296296304825,0,0
2025-10-23,680,1,1,0.6,0,0
2025-10-23,685,1,1,0.651851851851864,0,0
2025-10-23,690,1,1,0.6370370370371162,0,0
2025-10-29,480,0,0,0.5813953488372253,1,0
2025-10-29,485,0,0,0.3953488372093063,0,0
2025-10-29,490,0,0,0.3178294573643544,0,0
2025-10-29,495,0,0,0.08527131782949873,0,0
2025-10-29,500,0,0,0.21705426356593416,0,1
2025-10-29,505,0,0,0.4186046511627747,0,1
2025-10-29,510,0,0,0.6124031007752405,0,0
2025-10-29,515,0,0,0.44186046511624305,0,-1
2025-10-29,520,0,0,0.24806201550394935,0,-1
2025-10-29,525,0,0,0.3953488372093063,0,-1
2025-10-29,530,0,0,0.3333333333334481,-1,0
2025-10-29,535,0,0,0.015503875969093656,-1,0
2025-10-29,540,0,0,-0.13178294573643545,-1,0
2025-10-29,545,0,0,-0.13178294573643545,0,1
2025-10-29,550,0,0,-0.08527131782949873,0,1
2025-10-29,555,0,0,-0.12403100775188862,0,1
2025-10-29,560,0,0,-0.08527131782949873,1,0
2025-10-29,565,0,0,0.023255813953468357,1,0
2025-10-29,570,0,0,0.2713178294574177,1,0
2025-10-29,575,0,1,0.7674418604651443,0,0
2025-10-29,580,0,1,0.9224806201550481,0,0
2025-10-29,585,0,0,0.9844961240310784,0,0
2025-10-29,590,0,0,1.3410852713178227,0,0
2025-10-29,595,0,0,1.4263565891473216,0,0
2025-10-29,600,0,0,1.2713178294574177,0,0
2025-10-29,605,0,0,1.0155038759690937,0,0
2025-10-29,610,0,0,1.2403100775194025,0,1
2025-10-29,615,0,0,1.294573643410886,0,0
2025-10-29,620,0,0,1.480620155038805,0,0
2025-10-29,625,0,0,1.488372093023352,0,0
2025-10-29,630,0,0,1.5968992248061469,0,0
2025-10-29,635,0,0,1.6434108527132556,0,0
2025-10-29,640,0,0,1.6356589147287088,0,0
2025-10-29,645,0,0,1.6046511627906936,0,0
2025-10-29,650,0,0,1.6511627906976303,0,0
2025-10-29,655,0,0,1.7209302325582077,0,0
2025-10-29,660,0,0,1.7441860465116759,0,0
2025-10-29,665,0,0,1.7596899224805975,0,0
2025-10-29,670,0,0,1.6124031007752404,0,-1
2025-10-29,675,0,0,1.3643410852712912,0,0
2025-10-29,680,0,0,1.2558139534883241,0,0
2025-10-29,685,0,1,0.8217054263566278,0,0
2025-10-29,690,0,1,0.7054263565891139,0,0
2025-12-15,480,0,0,0.40251572327042884,0,-1
2025-12-15,485,0,0,0.26415094339614476,-1,0
2025-12-15,490,0,0,0.23899371069171674,-1,0
2025-12-15,495,0,0,0.2138364779874284,-1,0
2025-12-15,500,0,0,0.25157232704400057,0,0
2025-12-15,505,0,0,0.3962264150942869,0,0
2025-12-15,510,0,0,0.33962264150942867,0,0
2025-12-15,515,0,0,0.3962264150942869,0,0
2025-12-15,520,0,0,0.27672955974842856,0,0
2025-12-15,525,0,0,0.2138364779874284,0,0
2025-12-15,530,0,0,0.2578616352201425,0,1
2025-12-15,535,0,0,0.044025157232714066,0,0
2025-12-15,540,0,0,-0.0314465408805699,0,0
2025-12-15,545,0,0,0.0,0,1
2025-12-15,550,0,0,0.031446540880430245,0,1
2025-12-15,555,0,0,0.0754716981131443,0,1
2025-12-15,560,0,0,0.3018867924527169,1,0
2025-12-15,565,0,0,0.2830188679244308,1,0
2025-12-15,570,0,0,0.26415094339614476,1,0
2025-12-15,575,0,1,0.5660377358490013,0,0
2025-12-15,580,0,1,0.4339622641508591,0,0
2025-12-15,585,0,1,0.45283018867914515,0,0
2025-12-15,590,0,0,0.3584905660377148,0,0
2025-12-15,595,0,0,0.32704402515714487,0,0
2025-12-15,600,0,0,0.14465408805028637,0,0
2025-12-15,605,0,1,0.415094339622573,0,1
2025-12-15,610,0,1,0.6415094339622852,0,0
2025-12-15,615,0,0,0.8238993710691438,0,0
2025-12-15,620,0,1,0.7232704402515715,0,0
2025-12-15,625,0,1,0.6918238993710015,0,0
2025-12-15,630,0,0,0.8427672955974298,0,0
2025-12-15,635,0,1,0.7735849056602878,0,0
2025-12-15,640,0,1,0.7421383647798575,0,0
2025-12-15,645,0,1,0.8050314465408577,0,0
2025-12-15,650,0,1,0.7924528301885738,0,0
2025-12-15,655,0,1,0.7547169811320017,0,0
2025-12-15,660,0,0,0.90566037735843,0,0
2025-12-15,665,0,0,0.8490566037735717,0,-1
2025-12-15,670,0,0,0.9622641509434279,0,0
2025-12-15,675,0,0,0.8113207547169996,0,-1
2025-12-15,680,0,0,0.8679245283018578,-1,1
2025-12-15,685,0,0,1.0377358490565722,-1,0
2025-12-15,690,0,0,0.9119496855345719,-1,0
2026-01-05,480,1,0,0.9593908629441223,0,0
2026-01-05,485,1,0,0.8629441624364412,0,0
2026-01-05,490,1,0,0.7918781725888244,0,0
2026-01-05,495,1,0,0.6903553299492432,0,0
2026-01-05,500,1,0,0.857868020304541,0,1
2026-01-05,505,1,0,0.9847715736039614,0,0
2026-01-05,510,1,-1,0.9137055837563446,0,1
2026-01-05,515,1,0,0.6903553299492432,1,0
2026-01-05,520,1,-1,0.8274111675126892,1,0
2026-01-05,525,1,0,0.7969543147207246,1,0
2026-01-05,530,1,0,0.7106598984770692,0,0
2026-01-05,535,1,-1,0.888324873096393,0,-1
2026-01-05,540,1,0,0.7157360406090821,0,0
2026-01-05,545,1,0,0.736040609137021,0,1
2026-01-05,550,1,0,0.6395939086293397,0,0
2026-01-05,555,1,0,0.7512690355329469,0,1
2026-01-05,560,1,-1,0.9187817258882448,1,0
2026-01-05,565,1,0,1.0456852791877778,1,0
2026-01-05,570,1,0,1.1218274111674074,1,0
2026-01-05,575,1,-1,0.8527918781725282,0,-1
2026-01-05,580,1,0,0.7411167512690339,0,0
2026-01-05,585,1,0,0.5583756345176972,0,0
2026-01-05,590,1,0,0.5736040609136231,0,1
2026-01-05,595,1,0,0.5126903553299195,0,0
2026-01-05,600,1,0,0.5634517766497101,0,1
2026-01-05,605,1,0,0.5736040609136231,1,0
2026-01-05,610,1,0,0.37055837563446054,1,0
2026-01-05,615,1,0,0.3604060913705475,1,0
2026-01-05,620,1,0,0.5279187817258454,0,0
2026-01-05,625,1,0,0.6802030456852174,0,0
2026-01-05,630,1,0,0.5126903553299195,0,-1
2026-01-05,635,1,0,0.44162436548219003,-1,0
2026-01-05,640,1,0,0.3654822335024477,-1,0
2026-01-05,645,1,0,0.1725888324873108,-1,0
2026-01-05,650,1,0,0.16243654822328502,0,0
2026-01-05,655,1,0,0.38578680203038646,0,1
2026-01-05,660,1,0,0.5177664974619324,0,0
2026-01-05,665,1,0,0.39086294416239936,0,-1
2026-01-05,670,1,0,0.5989847715735749,0,0
2026-01-05,675,1,0,0.6700507614213044,0,0
2026-01-05,680,1,0,0.8223350253806764,0,0
2026-01-05,685,1,0,0.6345177664974396,0,-1
2026-01-05,690,1,0,0.5126903553299195,0,0
2026-01-13,480,0,0,0.37226277372261,0,0
2026-01-13,485,0,0,0.401459854014608,0,0
2026-01-13,490,0,0,0.321167883211654,0,-1
2026-01-13,495,0,0,0.24817518248174,0,-1
2026-01-13,500,0,0,0.37956204379565,-1,0
2026-01-13,505,0,0,0.48905109489043996,-1,0
2026-01-13,510,0,0,0.525547445255478,-1,0
2026-01-13,515,0,0,0.700729927007304,0,0
2026-01-13,520,0,0,0.715328467153222,0,0
2026-01-13,525,0,0,0.452554744525564,0,-1
2026-01-13,530,0,0,0.664233576642266,-1,0
2026-01-13,535,0,0,0.5328467153283559,-1,0
2026-01-13,540,0,0,0.75182481751826,-1,0
2026-01-13,545,0,0,0.708029197080182,0,0
2026-01-13,550,0,0,0.897810218978088,0,0
2026-01-13,555,0,0,0.941605839416004,0,0
2026-01-13,560,0,0,0.810218978102094,0,0
2026-01-13,565,0,0,0.686131386861224,0,0
2026-01-13,570,0,0,0.562043795620354,0,0
2026-01-13,575,0,0,0.401459854014608,0,0
2026-01-13,580,0,0,0.591240875912352,0,1
2026-01-13,585,0,0,0.6788321167881839,0,1
2026-01-13,590,0,0,0.700729927007304,1,0
2026-01-13,595,0,0,0.8832116788320079,1,0
2026-01-13,600,0,0,1.11678832116783,1,0
2026-01-13,605,0,0,1.072992700729914,0,-1
2026-01-13,610,0,0,0.839416058394092,0,-1
2026-01-13,615,0,0,0.824817518248174,0,-1
2026-01-13,620,0,0,0.86861313868609,-1,0
2026-01-13,625,0,0,0.919708029197046,-1,0
2026-01-13,630,0,0,1.0145985401459179,-1,0
2026-01-13,635,0,0,1.2627737226276579,0,0
2026-01-13,640,0,0,1.189781021897744,0,0
2026-01-13,645,0,0,1.138686131386788,0,0
2026-01-13,650,0,0,1.204379562043662,0,0
2026-01-13,655,0,0,1.182481751824704,0,0
2026-01-13,660,0,0,1.306569343065574,0,0
2026-01-13,665,0,0,1.36496350364957,0,0
2026-01-13,670,0,0,1.321167883211654,0,0
2026-01-13,675,0,0,1.321167883211654,0,0
2026-01-13,680,0,0,1.138686131386788,0,0
2026-01-13,685,0,0,1.051094890510794,0,0
2026-01-13,690,0,0,1.0,0,0
2026-01-29,480,0,0,0.6052631578946933,0,0
2026-01-29,485,0,0,0.9649122807017202,0,0
2026-01-29,490,0,0,0.7061403508771259,0,0
2026-01-29,495,0,0,0.6666666666666342,0,0
2026-01-29,500,0,0,0.7543859649122363,0,0
2026-01-29,505,0,0,0.6622807017543249,0,0
2026-01-29,510,0,-1,0.5043859649122606,0,0
2026-01-29,515,0,-1,0.19298245614034404,0,0
2026-01-29,520,0,0,0.07456140350877151,0,0
2026-01-29,525,0,0,0.035087719298279786,0,0
2026-01-29,530,0,0,0.030701754385970465,0,0
2026-01-29,535,0,0,0.07894736842108083,0,1
2026-01-29,540,0,1,0.14912280701754302,0,1
2026-01-29,545,0,1,0.17543859649120416,1,0
2026-01-29,550,0,1,0.43859649122801037,1,0
2026-01-29,555,0,1,0.4605263157894596,1,0
2026-01-29,560,0,1,0.12719298245609378,0,0
2026-01-29,565,0,1,0.37719298245616684,0,1
2026-01-29,570,0,1,0.24561403508766633,0,1
2026-01-29,575,0,0,-0.07894736842108083,1,0
2026-01-29,580,0,0,-0.15789473684206426,1,0
2026-01-29,585,0,0,-0.10964912280705129,1,0
2026-01-29,590,0,0,-0.07894736842108083,0,0
2026-01-29,595,0,0,-0.26754385964911553,0,0
2026-01-29,600,0,0,-0.09649122807022072,0,1
2026-01-29,605,0,0,0.026315789473661144,1,0
2026-01-29,610,0,0,-0.00438596491230932,1,0
2026-01-29,615,0,0,-0.030701754385970465,1,0
2026-01-29,620,0,0,-0.1666666666666829,0,0
2026-01-29,625,0,0,-0.30263157894739534,0,0
2026-01-29,630,0,0,-0.3333333333333658,0,0
2026-01-29,635,0,0,-0.06140350877194093,0,0
2026-01-29,640,0,0,-0.2017543859648653,0,0
2026-01-29,645,0,0,-0.22807017543862382,0,0
2026-01-29,650,0,0,-0.552631578947371,0,0
2026-01-29,655,0,0,-0.7149122807017445,0,0
2026-01-29,660,0,0,-0.657894736842113,0,0
2026-01-29,665,0,0,-0.6052631578946933,0,0
2026-01-29,670,0,0,-0.701754385964914,0,0
2026-01-29,675,0,0,-0.7061403508772233,0,0
2026-01-29,680,0,0,-0.9868421052631694,0,0
2026-01-29,685,0,0,-0.7412280701754057,0,0
2026-01-29,690,0,0,-0.7543859649122363,0,0
2026-02-17,480,1,0,0.8100000000000667,0,-1
2026-02-17,485,1,0,0.650000000000111,-1,0
2026-02-17,490,1,0,0.2100000000000666,-1,0
2026-02-17,495,1,0,0.3800000000000888,-1,0
2026-02-17,500,1,0,0.010000000000066614,0,0
2026-02-17,505,1,0,-0.029999999999977794,0,0
2026-02-17,510,1,0,-0.050000000000111025,0,0
2026-02-17,515,1,0,-0.2599999999999556,0,0
2026-02-17,520,1,0,-0.3599999999999556,0,0
2026-02-17,525,1,0,-0.3800000000000888,0,0
2026-02-17,530,1,0,-0.3700000000000222,0,1
2026-02-17,535,1,0,-0.5500000000001111,0,0
2026-02-17,540,1,0,-0.3,0,1
2026-02-17,545,1,0,-0.5100000000000666,1,0
2026-02-17,550,1,0,-0.4800000000000888,1,0
2026-02-17,555,1,0,-0.5200000000001332,1,0
2026-02-17,560,1,0,-0.08999999999993338,0,0
2026-02-17,565,1,0,0.04999999999988898,0,0
2026-02-17,570,1,0,0.17000000000002222,0,0
2026-02-17,575,1,0,0.0,0,0
2026-02-17,580,1,0,0.2,0,0
2026-02-17,585,1,0,0.4299999999999778,0,0
2026-02-17,590,1,1,0.7900000000001555,0,0
2026-02-17,595,1,1,0.7200000000001332,0,0
2026-02-17,600,1,0,0.5,0,0
2026-02-17,605,1,1,0.7,0,0
2026-02-17,610,1,0,0.5100000000000666,0,0
2026-02-17,615,1,0,0.5700000000000222,0,0
2026-02-17,620,1,0,0.9900000000001554,0,0
2026-02-17,625,1,0,0.9100000000000666,0,0
2026-02-17,630,1,0,1.1400000000000443,0,0
2026-02-17,635,1,0,1.3400000000000445,0,0
2026-02-17,640,1,0,1.2200000000001332,0,0
2026-02-17,645,1,0,0.9700000000000222,0,-1
2026-02-17,650,1,0,0.9400000000000444,-1,0
2026-02-17,655,1,0,1.1600000000001776,-1,0
2026-02-17,660,1,0,1.0800000000000889,-1,1
2026-02-17,665,1,0,0.8600000000001776,1,0
2026-02-17,670,1,0,0.9200000000001333,1,0
2026-02-17,675,1,0,0.5599999999999556,1,0
2026-02-17,680,1,0,0.5800000000000888,0,1
2026-02-17,685,1,0,0.9,0,1
2026-02-17,690,1,0,0.8400000000000444,0,1
2026-02-19,480,0,0,0.832298136645979,-1,-1
2026-02-19,485,0,0,0.6521739130434303,-1,0
2026-02-19,490,0,0,0.6832298136646117,-1,0
2026-02-19,495,0,0,0.608695652173997,-1,0
2026-02-19,500,0,0,0.5776397515528156,0,0
2026-02-19,505,0,0,0.5714285714285517,0,0
2026-02-19,510,0,0,0.6273291925466506,0,1
2026-02-19,515,0,0,0.8447204968943688,1,0
2026-02-19,520,0,0,0.9378881987577751,1,0
2026-02-19,525,0,0,0.9875776397516102,1,0
2026-02-19,530,0,0,0.9751552795030825,0,0
2026-02-19,535,0,0,1.0434782608695712,0,0
2026-02-19,540,0,0,0.9875776397516102,0,-1
2026-02-19,545,0,0,1.0993788819875323,-1,0
2026-02-19,550,0,0,0.9627329192546926,-1,0
2026-02-19,555,0,0,0.8385093167702429,-1,0
2026-02-19,560,0,0,1.1925465838509386,0,0
2026-02-19,565,0,0,0.9689440993788186,0,-1
2026-02-19,570,0,-1,0.8136645962733253,0,0
2026-02-19,575,0,0,1.0869565217391424,0,0
2026-02-19,580,0,0,1.0310559006210436,0,0
2026-02-19,585,0,0,1.1801242236024108,0,0
2026-02-19,590,0,0,1.0869565217391424,0,-1
2026-02-19,595,0,0,0.9751552795030825,0,-1
2026-02-19,600,0,0,1.0124223602483897,0,1
2026-02-19,605,0,0,1.1366459627328396,1,0
2026-02-19,610,0,0,1.3540372670806957,1,0
2026-02-19,615,0,0,1.391304347826003,1,0
2026-02-19,620,0,0,0.9937888198757361,0,0
2026-02-19,625,0,0,1.0745341614906148,0,1
2026-02-19,630,0,0,1.0310559006210436,0,1
2026-02-19,635,0,0,1.1490683229813674,1,0
2026-02-19,640,0,0,0.9565217391304288,1,0
2026-02-19,645,0,0,1.0124223602483897,1,0
2026-02-19,650,0,0,1.0186335403726536,0,0
2026-02-19,655,0,0,1.1428571428571035,0,0
2026-02-19,660,0,0,0.9378881987577751,0,0
2026-02-19,665,0,0,0.9503105590061649,0,1
2026-02-19,670,0,0,0.9565217391304288,0,1
2026-02-19,675,0,-1,0.7329192546584468,0,0
2026-02-19,680,0,-1,0.4347826086957121,0,0
2026-02-19,685,0,-1,0.5031055900622009,0,0
2026-02-19,690,0,0,0.32919254658391606,0,0
2026-03-19,480,0,0,0.06896551724140572,0,0
2026-03-19,485,0,0,-0.019157088122560707,0,0
2026-03-19,490,0,0,-0.09961685823751985,0,0
2026-03-19,495,0,0,-0.11494252873561947,0,0
2026-03-19,500,0,1,0.17241379310347174,0,0
2026-03-19,505,0,1,0.11494252873561947,0,0
2026-03-19,510,0,0,0.03448275862066032,0,-1
2026-03-19,515,0,1,0.15325670498082597,-1,0
2026-03-19,520,0,1,0.07662835249041298,-1,0
2026-03-19,525,0,0,-0.180076628352479,-1,0
2026-03-19,530,0,0,-0.0574712643677672,0,0
2026-03-19,535,0,0,0.03831417624520649,0,0
2026-03-19,540,0,0,0.01149425287355344,0,0
2026-03-19,545,0,1,0.40613026819925685,0,0
2026-03-19,550,0,1,0.5249042145594225,0,0
2026-03-19,555,0,1,0.5095785440613229,0,0
2026-03-19,560,0,1,0.7739463601533072,0,0
2026-03-19,565,0,1,0.8927203065133879,0,0
2026-03-19,570,0,1,0.3946360153257034,0,-1
2026-03-19,575,0,1,0.666666666666695,-1,0
2026-03-19,580,0,1,0.6321839080459496,-1,0
2026-03-19,585,0,1,0.639846743295042,-1,0
2026-03-19,590,0,0,1.0038314176245462,0,0
2026-03-19,595,0,0,1.0996168582375199,0,0
2026-03-19,600,0,0,1.1340996168582653,0,0
2026-03-19,605,0,0,0.9770114942528931,0,0
2026-03-19,610,0,0,0.923371647509587,0,0
2026-03-19,615,0,1,0.8735632183908271,0,0
2026-03-19,620,0,1,0.8275862068965283,0,0
2026-03-19,625,0,1,0.6551724137931416,0,0
2026-03-19,630,0,1,0.7203065134100012,0,0
2026-03-19,635,0,1,0.7241379310344622,0,0
2026-03-19,640,0,1,0.7279693486590084,0,0
2026-03-19,645,0,1,0.8544061302681814,0,0
2026-03-19,650,0,0,0.9923371647509928,0,0
2026-03-19,655,0,1,0.8735632183908271,0,0
2026-03-19,660,0,1,0.8850574712643805,0,0
2026-03-19,665,0,0,1.0919540229885125,0,0
2026-03-19,670,0,0,1.1340996168582653,0,0
2026-03-19,675,0,0,1.076628352490413,0,0
2026-03-19,680,0,0,1.026819923371653,0,0
2026-03-19,685,0,1,0.6781609195402485,0,0
2026-03-19,690,0,1,0.8084291187739675,0,0
2026-04-15,480,0,0,0.673469387755109,0,-1
2026-04-15,485,0,0,0.7908163265305972,-1,0
2026-04-15,490,0,0,1.020408163265327,-1,0
2026-04-15,495,0,0,0.7397959183673365,-1,0
2026-04-15,500,0,0,0.5918367346939145,0,0
2026-04-15,505,0,0,0.6887755102040759,0,1
2026-04-15,510,0,-1,0.6530612244897821,0,0
2026-04-15,515,0,0,0.49489795918375323,0,0
2026-04-15,520,0,0,0.5204081632653269,0,0
2026-04-15,525,0,0,0.38265306122451176,0,0
2026-04-15,530,0,0,0.3571428571428248,0,0
2026-04-15,535,0,0,0.32653061224489105,0,0
2026-04-15,540,0,0,0.27551020408163035,0,0
2026-04-15,545,0,0,0.4438775510203793,0,0
2026-04-15,550,0,0,0.3418367346938579,0,1
2026-04-15,555,0,0,0.3724489795919049,0,1
2026-04-15,560,0,0,0.3367346938776111,1,1
2026-04-15,565,0,0,0.4285714285714124,1,0
2026-04-15,570,0,0,0.4438775510203793,1,0
2026-04-15,575,0,0,0.5408163265306538,0,0
2026-04-15,580,0,0,0.5153061224489669,0,0
2026-04-15,585,0,0,0.5204081632653269,0,0
2026-04-15,590,0,0,0.525510204081687,0,0
2026-04-15,595,0,0,0.3724489795919049,0,0
2026-04-15,600,0,0,0.34693877551021796,0,0
2026-04-15,605,0,0,0.5561224489796207,0,0
2026-04-15,610,0,0,0.5357142857142938,0,0
2026-04-15,615,0,0,0.5714285714285876,0,0
2026-04-15,620,0,0,0.7959183673469573,0,0
2026-04-15,625,0,0,0.7500000000000566,0,0
2026-04-15,630,0,-1,0.6683673469387489,0,0
2026-04-15,635,0,0,0.5714285714285876,0,0
2026-04-15,640,0,0,0.45918367346945943,0,0
2026-04-15,645,0,0,0.5459183673470139,0,0
2026-04-15,650,0,0,0.41836734693880556,0,0
2026-04-15,655,0,0,0.48979591836739317,0,0
2026-04-15,660,0,0,0.5357142857142938,0,0
2026-04-15,665,0,0,0.2908163265305972,0,0
2026-04-15,670,0,0,0.11224489795924147,0,0
2026-04-15,675,0,0,0.1581632653061421,0,0
2026-04-15,680,0,0,0.36224489795918485,0,0
2026-04-15,685,0,0,0.32653061224489105,0,0
2026-04-15,690,0,0,0.2908163265305972,0,0
2026-04-22,480,0,0,0.5120000000000334,0,0
2026-04-22,485,0,0,0.4040000000000437,0,0
2026-04-22,490,0,0,0.33999999999998404,0,0
2026-04-22,495,0,0,0.4479999999999737,0,0
2026-04-22,500,0,0,0.38800000000002877,0,0
2026-04-22,505,0,0,0.48400000000002946,0,0
2026-04-22,510,0,0,0.6279999999999861,0,0
2026-04-22,515,0,0,0.5679999999999524,0,-1
2026-04-22,520,0,0,0.5240000000000223,0,-1
2026-04-22,525,0,0,0.4479999999999737,0,-1
2026-04-22,530,0,0,0.4759999999999776,-1,1
2026-04-22,535,0,0,0.5199999999999965,-1,1
2026-04-22,540,0,0,0.46800000000001457,-1,1
2026-04-22,545,0,0,0.5319999999999855,1,0
2026-04-22,550,0,0,0.48400000000002946,1,0
2026-04-22,555,0,0,0.5240000000000223,1,0
2026-04-22,560,0,0,0.4040000000000437,0,0
2026-04-22,565,0,0,0.4040000000000437,0,0
2026-04-22,570,0,0,0.4479999999999737,0,0
2026-04-22,575,0,0,0.4280000000000217,0,0
2026-04-22,580,0,0,0.4879999999999666,0,0
2026-04-22,585,0,0,0.6040000000000082,0,0
2026-04-22,590,0,0,0.5360000000000114,0,0
2026-04-22,595,0,0,0.5719999999999783,0,0
2026-04-22,600,0,0,0.703999999999946,0,0
2026-04-22,605,0,0,0.5839999999999673,0,0
2026-04-22,610,0,0,0.667999999999979,0,0
2026-04-22,615,0,0,0.7719999999999428,0,0
2026-04-22,620,0,0,0.7599999999999538,0,-1
2026-04-22,625,0,0,0.5559999999999634,0,0
2026-04-22,630,0,0,0.6159999999999971,0,0
2026-04-22,635,0,0,0.4479999999999737,0,0
2026-04-22,640,0,0,0.44000000000001066,0,0
2026-04-22,645,0,0,0.5080000000000074,0,0
2026-04-22,650,0,0,0.6040000000000082,0,0
2026-04-22,655,0,0,0.6320000000000121,0,0
2026-04-22,660,0,0,0.6399999999999751,0,0
2026-04-22,665,0,0,0.5839999999999673,0,-1
2026-04-22,670,0,0,0.6880000000000199,0,0
2026-04-22,675,0,0,0.7239999999999869,0,0
2026-04-22,680,0,0,0.6760000000000309,0,0
2026-04-22,685,0,0,0.5400000000000373,0,0
2026-04-22,690,0,0,0.5679999999999524,0,0
2026-04-23,480,0,0,0.7741935483870414,1,0
2026-04-23,485,0,0,0.7225806451613245,0,-1
2026-04-23,490,0,0,0.7290322580644496,0,-1
2026-04-23,495,0,0,0.6129032258064794,0,-1
2026-04-23,500,0,0,0.49032258064509754,-1,0
2026-04-23,505,0,0,0.6709677419354645,-1,1
2026-04-23,510,0,0,0.6387096774192661,-1,1
2026-04-23,515,0,0,0.6774193548387328,1,0
2026-04-23,520,0,0,0.7612903225806479,1,0
2026-04-23,525,0,0,0.8129032258063648,1,0
2026-04-23,530,0,0,0.7419354838709862,0,-1
2026-04-23,535,0,0,0.8258064516129013,0,0
2026-04-23,540,0,0,0.5548387096773509,0,0
2026-04-23,545,0,0,0.4580645161290424,0,0
2026-04-23,550,0,0,0.735483870967718,0,1
2026-04-23,555,0,0,0.5419354838709576,0,0
2026-04-23,560,0,0,0.5483870967742259,0,0
2026-04-23,565,0,0,0.41290322580645067,0,0
2026-04-23,570,0,0,0.49677419354836583,0,0
2026-04-23,575,0,0,0.16129032258056197,0,0
2026-04-23,580,0,0,0.19354838709676034,0,0
2026-04-23,585,0,0,0.18709677419349202,0,0
2026-04-23,590,0,0,0.5161290322580275,0,0
2026-04-23,595,0,0,0.2903225806450689,0,-1
2026-04-23,600,0,0,0.4774193548387041,0,-1
2026-04-23,605,0,0,0.4580645161290424,-1,0
2026-04-23,610,0,0,0.5225806451612959,-1,0
2026-04-23,615,0,0,0.4322580645161124,-1,-1
2026-04-23,620,0,0,0.5419354838709576,-1,0
2026-04-23,625,0,0,0.4516129032257741,-1,0
2026-04-23,630,0,0,0.48387096774197247,-1,0
2026-04-23,635,0,0,0.39999999999991404,0,0
2026-04-23,640,0,0,0.21290322580642204,0,0
2026-04-23,645,0,0,0.18064516129022368,0,0
2026-04-23,650,0,0,0.2645161290322821,0,0
2026-04-23,655,0,0,0.34838709677419727,0,0
2026-04-23,660,0,0,0.4258064516128441,0,0
2026-04-23,665,0,0,0.10322580645157686,0,0
2026-04-23,670,0,0,-0.006451612903268321,0,0
2026-04-23,675,0,0,0.019354838709661707,0,0
2026-04-23,680,0,0,0.20000000000002865,0,1
2026-04-23,685,0,0,0.09677419354830853,0,1
2026-04-23,690,0,0,0.0,0,0
2026-06-10,480,0,0,0.9247311827956822,0,0
2026-06-10,485,0,0,0.9301075268816197,0,-1
2026-06-10,490,0,0,0.9946236559139432,0,0
2026-06-10,495,0,0,1.05376344086021,0,0
2026-06-10,500,0,0,1.048387096774153,0,1
2026-06-10,505,0,0,0.9731182795698353,0,1
2026-06-10,510,0,0,1.0107526881719942,0,1
2026-06-10,515,0,0,0.9892473118278864,1,0
2026-06-10,520,0,0,1.0215053763439885,1,0
2026-06-10,525,0,0,0.9731182795698353,1,0
2026-06-10,530,0,-1,0.8548387096774213,0,0
2026-06-10,535,0,-1,0.7419354838709447,0,0
2026-06-10,540,0,-1,0.6344086021505247,0,0
2026-06-10,545,0,-1,0.7043010752687857,0,1
2026-06-10,550,0,-1,0.8010752688172114,0,1
2026-06-10,555,0,0,1.037634408602159,0,0
2026-06-10,560,0,0,1.1075268817204198,0,0
2026-06-10,565,0,0,1.0591397849461472,0,0
2026-06-10,570,0,-1,0.8924731182795802,0,-1
2026-06-10,575,0,0,0.9301075268816197,-1,0
2026-06-10,580,0,-1,0.8817204301074666,-1,0
2026-06-10,585,0,-1,0.9193548387096254,-1,0
2026-06-10,590,0,-1,0.9139784946235686,0,1
2026-06-10,595,0,-1,0.8333333333333134,0,0
2026-06-10,600,0,-1,0.9032258064515744,0,1
2026-06-10,605,0,-1,0.645161290322519,1,0
2026-06-10,610,0,-1,0.71505376344078,1,0
2026-06-10,615,0,-1,0.6612903225805701,1,0
2026-06-10,620,0,-1,0.71505376344078,0,0
2026-06-10,625,0,-1,0.731182795698831,0,0
2026-06-10,630,0,-1,0.8709677419354723,0,0
2026-06-10,635,0,-1,0.8225806451611998,0,0
2026-06-10,640,0,-1,0.7580645161289957,0,0
2026-06-10,645,0,-1,0.7204301075268368,0,0
2026-06-10,650,0,-1,0.7849462365590409,0,1
2026-06-10,655,0,-1,0.7365591397848879,0,1
2026-06-10,660,0,-1,0.8870967741935234,0,0
2026-06-10,665,0,0,1.0215053763439885,0,0
2026-06-10,670,0,0,0.9354838709676765,0,0
2026-06-10,675,0,-1,0.7473118279570015,0,-1
2026-06-10,680,0,-1,0.8387096774193702,-1,0
2026-06-10,685,0,-1,0.8172043010752624,-1,0
2026-06-10,690,0,-1,0.8440860215053076,-1,0
2026-07-24,480,-1,0,0.11504424778776712,-1,0
2026-07-24,485,-1,0,0.1327433628319332,0,0
2026-07-24,490,-1,0,0.2123893805309752,0,0
2026-07-24,495,-1,0,0.30973451327437973,0,0
2026-07-24,500,-1,0,0.6194690265487595,0,0
2026-07-24,505,-1,0,0.7964601769912061,0,0
2026-07-24,510,-1,0,0.7964601769912061,0,0
2026-07-24,515,-1,0,0.8761061946902481,0,0
2026-07-24,520,-1,0,0.8318584070797347,0,0
2026-07-24,525,-1,0,0.6637168141592729,0,0
2026-07-24,530,-1,0,0.7079646017699828,0,0
2026-07-24,535,-1,0,0.6194690265487595,0,0
2026-07-24,540,-1,0,0.9292035398229428,0,0
2026-07-24,545,-1,0,1.0530973451326946,0,0
2026-07-24,550,-1,0,1.522123893805355,0,0
2026-07-24,555,-1,0,1.522123893805355,0,0
2026-07-24,560,-1,0,1.3982300884956032,0,0
2026-07-24,565,-1,0,1.7699115044246623,0,0
2026-07-24,570,-1,0,1.8230088495575534,0,0
2026-07-24,575,-1,0,1.8230088495575534,0,-1
2026-07-24,580,-1,0,1.3539823008848932,0,0
2026-07-24,585,-1,0,1.4424778761061163,0,0
2026-07-24,590,-1,0,1.3274336283185457,0,0
2026-07-24,595,-1,0,1.3628318584070744,0,0
2026-07-24,600,-1,0,1.1858407079646278,0,0
2026-07-24,605,-1,0,0.9734513274336527,0,0
2026-07-24,610,-1,0,0.9911504424778187,0,0
2026-07-24,615,-1,0,1.0265486725663473,0,0
2026-07-24,620,-1,0,0.8318584070797347,0,0
2026-07-24,625,-1,0,0.7522123893804962,0,0
2026-07-24,630,-1,0,0.9734513274336527,0,0
2026-07-24,635,-1,0,0.8318584070797347,0,0
2026-07-24,640,-1,0,0.9026548672565954,0,0
2026-07-24,645,-1,0,0.8407079646017195,0,0
2026-07-24,650,-1,-1,0.4513274336282977,0,0
2026-07-24,655,-1,-1,0.6371681415929256,0,0
2026-07-24,660,-1,-1,0.6106194690265783,0,0
2026-07-24,665,-1,-1,0.5840707964602309,0,0
2026-07-24,670,-1,0,0.9026548672565954,0,0
2026-07-24,675,-1,0,0.7787610619468436,0,-1
2026-07-24,680,-1,0,0.920353982300958,-1,0
2026-07-24,685,-1,0,0.7256637168141489,-1,-1
2026-07-24,690,-1,0,0.9557522123894866,-1,0
2026-08-11,480,1,0,0.32467532467517113,0,0
2026-08-11,485,1,0,0.45454545454529727,0,-1
2026-08-11,490,1,0,0.32467532467517113,0,-1
2026-08-11,495,1,0,0.23376623376605402,0,0
2026-08-11,500,1,0,-0.05194805194810812,0,0
2026-08-11,505,1,0,-0.5064935064936937,0,0
2026-08-11,510,1,0,-0.23376623376634237,0,0
2026-08-11,515,1,0,-0.5194805194805046,0,0
2026-08-11,520,1,0,-0.19480519480533337,0,1
2026-08-11,525,1,0,-0.2597402597402523,0,0
2026-08-11,530,1,0,-0.3376623376625586,0,0
2026-08-11,535,1,0,-0.5324675324676036,0,0
2026-08-11,540,1,0,-0.20779220779214413,0,0
2026-08-11,545,1,0,-0.012987012987099124,0,0
2026-08-11,550,1,0,0.0,0,0
2026-08-11,555,1,0,-0.012987012987099124,0,0
2026-08-11,560,1,0,-0.077922077922018,0,1
2026-08-11,565,1,0,-0.24675324675344149,0,0
2026-08-11,570,1,0,-0.12987012987012614,0,1
2026-08-11,575,1,0,-0.20779220779214413,1,0
2026-08-11,580,1,0,-0.5454545454547027,1,0
2026-08-11,585,1,0,-0.7532467532468469,1,0
2026-08-11,590,1,0,-0.5974025974028109,0,1
2026-08-11,595,1,0,-0.5844155844157117,0,1
2026-08-11,600,1,0,-0.8571428571430632,0,0
2026-08-11,605,1,0,-0.727272727272937,0,0
2026-08-11,610,1,0,-0.6623376623377297,0,0
2026-08-11,615,1,0,-0.7532467532468469,0,1
2026-08-11,620,1,0,-0.766233766233946,1,0
2026-08-11,625,1,0,-0.6753246753248289,1,0
2026-08-11,630,1,0,-0.5844155844157117,1,0
2026-08-11,635,1,0,-0.4805194805194955,0,0
2026-08-11,640,1,0,-0.2597402597402523,0,0
2026-08-11,645,1,0,-0.077922077922018,0,0
2026-08-11,650,1,0,-0.19480519480533337,0,0
2026-08-11,655,1,0,-0.41558441558457665,0,0
2026-08-11,660,1,0,-0.2987012987012613,0,0
2026-08-11,665,1,0,-0.3636363636364685,0,0
2026-08-11,670,1,0,-0.5844155844157117,0,0
2026-08-11,675,1,0,-0.5974025974028109,0,0
2026-08-11,680,1,0,-0.5324675324676036,0,0
2026-08-11,685,1,0,-0.6753246753248289,0,0
2026-08-11,690,1,0,-0.6363636363638199,0,0
