RA,nA,RB,nB,RC,nC,rgo,lado,anio
-1.0,-1.1443695861405279,-1.0,-1.1443695861405279,-1.0,-1.1443695861405279,10.389999999999418,-1,2020
-1.0,-1.1443695861405279,-1.0,-1.1443695861405279,-1.0,-1.1443695861405279,10.389999999999418,-1,2020
-1.0,-1.1443695861405279,-1.0,-1.1443695861405279,-1.0,-1.1443695861405279,10.389999999999418,-1,2020
-1.0,-1.1443695861405279,-1.0,-1.1443695861405279,-1.0,-1.1443695861405279,10.389999999999418,-1,2020
2.0,1.7560975609755953,2.0,1.7560975609755953,2.0,1.7560975609755953,6.149999999999636,-1,2020
2.0,1.7560975609755953,2.0,1.7560975609755953,2.0,1.7560975609755953,6.149999999999636,-1,2020
2.0,1.7560975609755953,2.0,1.7560975609755953,2.0,1.7560975609755953,6.149999999999636,-1,2020
2.0,1.7560975609755953,2.0,1.7560975609755953,2.0,1.7560975609755953,6.149999999999636,-1,2020
-1.0,-1.2450980392156543,-1.0,-1.2450980392156543,-1.0,-1.2450980392156543,6.1200000000008,1,2020
-1.0,-1.2450980392156543,-1.0,-1.2450980392156543,-1.0,-1.2450980392156543,6.1200000000008,1,2020
-1.0,-1.2450980392156543,-1.0,-1.2450980392156543,-1.0,-1.2450980392156543,6.1200000000008,1,2020
-1.0,-1.2450980392156543,-1.0,-1.2450980392156543,-1.0,-1.2450980392156543,6.1200000000008,1,2020
2.0,1.945945945945946,2.0,1.945945945945946,2.0,1.945945945945946,27.75,1,2020
2.0,1.945945945945946,2.0,1.945945945945946,2.0,1.945945945945946,27.75,1,2020
2.0,1.5726495726493779,2.0,1.5726495726493779,1.6,1.172649572649378,3.5099999999983993,1,2020
2.0,1.7453310696094824,2.0,1.7453310696094824,2.0,1.7453310696094824,5.889999999999418,1,2020
-1.0,-1.8928571428569883,-1.0,-1.8928571428569883,-1.0,-1.8928571428569883,1.680000000000291,1,2020
2.0,1.3212669683260825,2.0,1.3212669683260825,1.6,0.9212669683260825,2.210000000000946,1,2020
-1.0,-2.2711864406776527,-1.0,-2.2711864406776527,-1.0,-2.2711864406776527,1.180000000000291,1,2020
2.0,1.6794871794871995,2.0,1.6794871794871995,1.6,1.2794871794871996,4.680000000000291,-1,2020
-1.0,-1.163043478260889,-1.0,-1.163043478260889,-1.0,-1.163043478260889,9.199999999998909,1,2020
2.0,1.575070821529824,2.0,1.575070821529824,1.6,1.175070821529824,3.530000000000655,1,2020
-1.0,-1.4385964912280609,-1.0,-1.4385964912280609,-1.0,-1.4385964912280609,3.4200000000000728,-1,2020
-1.0,-1.3865979381442284,-1.0,-1.3865979381442284,-1.0,-1.3865979381442284,3.8800000000010186,1,2020
2.0,1.25,2.0,1.25,2.0,1.25,2.0,1,2020
-1.0,-1.9493670886076386,-1.0,-1.9493670886076386,-1.0,-1.9493670886076386,1.5799999999999272,-1,2020
-1.0,-2.2711864406776527,-1.0,-2.2711864406776527,-1.0,-2.2711864406776527,1.180000000000291,-1,2020
2.0,1.8692240627724424,2.0,1.8692240627724424,2.0,1.8692240627724424,11.469999999999345,1,2020
2.0,1.8692240627724424,2.0,1.8692240627724424,2.0,1.8692240627724424,11.469999999999345,1,2020
-1.0,-1.3957783641161938,-1.0,-1.3957783641161938,-1.0,-1.3957783641161938,3.789999999999054,1,2020
-1.0,-1.3957783641161938,-1.0,-1.3957783641161938,-1.0,-1.3957783641161938,3.789999999999054,1,2020
-1.0,-1.1734104046242848,0.0,-0.17341040462428475,0.0,-0.17341040462428475,8.649999999999636,1,2020
-1.0,-1.1734104046242848,0.0,-0.17341040462428475,0.0,-0.17341040462428475,8.649999999999636,1,2020
-1.0,-1.1734104046242848,0.0,-0.17341040462428475,0.0,-0.17341040462428475,8.649999999999636,1,2020
-1.0,-1.4237288135592174,-1.0,-1.4237288135592174,-1.0,-1.4237288135592174,3.540000000000873,1,2020
2.0,1.431818181818448,2.0,1.431818181818448,2.0,1.431818181818448,2.640000000001237,-1,2020
2.0,1.3181818181820437,2.0,1.3181818181820437,2.0,1.3181818181820437,2.2000000000007276,-1,2020
2.0,1.3181818181820437,2.0,1.3181818181820437,2.0,1.3181818181820437,2.2000000000007276,-1,2020
-1.0,-1.273224043715858,-1.0,-1.273224043715858,-1.0,-1.273224043715858,5.489999999999782,-1,2020
-1.0,-1.273224043715858,-1.0,-1.273224043715858,-1.0,-1.273224043715858,5.489999999999782,-1,2020
2.0,1.7047244094488145,2.0,1.7047244094488145,2.0,1.7047244094488145,5.079999999999927,1,2020
2.0,1.860982391102861,0.0,-0.13901760889713916,0.0,-0.13901760889713916,10.789999999999054,1,2020
2.0,1.860982391102861,0.0,-0.13901760889713916,0.0,-0.13901760889713916,10.789999999999054,1,2020
-1.0,-1.6787330316739175,-1.0,-1.6787330316739175,-1.0,-1.6787330316739175,2.210000000000946,1,2020
2.0,1.3617021276596732,2.0,1.3617021276596732,2.0,1.3617021276596732,2.350000000000364,1,2020
2.0,1.9189189189189189,2.0,1.9189189189189189,1.6,1.518918918918919,18.5,-1,2020
2.0,1.7588424437298782,2.0,1.7588424437298782,1.6,1.3588424437298783,6.219999999999345,-1,2020
-1.0,-1.2814258911819927,0.0,-0.28142589118199257,0.0,-0.28142589118199257,5.329999999999927,-1,2020
-1.0,-1.2814258911819927,0.0,-0.28142589118199257,0.0,-0.28142589118199257,5.329999999999927,-1,2020
-1.0,-1.2814258911819927,0.0,-0.28142589118199257,0.0,-0.28142589118199257,5.329999999999927,-1,2020
-1.0,-1.2814258911819927,0.0,-0.28142589118199257,0.0,-0.28142589118199257,5.329999999999927,-1,2020
-1.0,-1.2814258911819927,0.0,-0.28142589118199257,0.0,-0.28142589118199257,5.329999999999927,-1,2020
-1.0,-1.2814258911819927,0.0,-0.28142589118199257,0.0,-0.28142589118199257,5.329999999999927,-1,2020
2.0,1.716981132075433,2.0,1.716981132075433,2.0,1.716981132075433,5.299999999999272,-1,2020
2.0,1.1803278688524266,0.0,-0.8196721311475735,0.0,-0.8196721311475735,1.8299999999999272,-1,2020
-1.0,-1.4398826979472328,-1.0,-1.4398826979472328,-1.0,-1.4398826979472328,3.4099999999998545,-1,2020
-1.0,-1.4297994269341243,0.0,-0.4297994269341243,0.0,-0.4297994269341243,3.4899999999997817,1,2020
-1.0,-1.4297994269341243,0.0,-0.4297994269341243,0.0,-0.4297994269341243,3.4899999999997817,1,2020
-1.0,-1.8571428571428572,-1.0,-1.8571428571428572,-1.0,-1.8571428571428572,1.75,-1,2020
-1.0,-1.247116968698529,-1.0,-1.247116968698529,-1.0,-1.247116968698529,6.069999999999709,-1,2020
-1.0,-1.247116968698529,-1.0,-1.247116968698529,-1.0,-1.247116968698529,6.069999999999709,-1,2020
-1.0,-1.351288056206053,-1.0,-1.351288056206053,-1.0,-1.351288056206053,4.270000000000437,-1,2020
-1.0,-1.351288056206053,-1.0,-1.351288056206053,-1.0,-1.351288056206053,4.270000000000437,-1,2020
-1.0,-1.190355329949258,0.0,-0.1903553299492579,0.0,-0.1903553299492579,7.8799999999992,-1,2020
-1.0,-1.190355329949258,0.0,-0.1903553299492579,0.0,-0.1903553299492579,7.8799999999992,-1,2020
-1.0,-1.1026694045174497,-1.0,-1.1026694045174497,-1.0,-1.1026694045174497,14.610000000000582,-1,2020
-1.0,-1.2742230347349506,-1.0,-1.2742230347349506,-1.0,-1.2742230347349506,5.469999999999345,1,2020
-1.0,-1.0990099009901013,-1.0,-1.0990099009901013,-1.0,-1.0990099009901013,15.149999999999636,1,2020
-1.0,-1.0990099009901013,-1.0,-1.0990099009901013,-1.0,-1.0990099009901013,15.149999999999636,1,2020
-1.0,-1.0990099009901013,-1.0,-1.0990099009901013,-1.0,-1.0990099009901013,15.149999999999636,1,2020
-1.0,-1.156249999999994,0.0,-0.1562499999999941,0.0,-0.1562499999999941,9.600000000000364,-1,2020
2.0,1.7956403269754808,2.0,1.7956403269754808,1.6,1.395640326975481,7.3400000000001455,1,2020
-1.0,-1.0709555345316955,0.0,-0.07095553453169542,0.0,-0.07095553453169542,21.139999999999418,1,2020
-1.0,-1.2209131075110764,-1.0,-1.2209131075110764,-1.0,-1.2209131075110764,6.789999999999054,1,2020
-1.0,-1.3138075313807103,-1.0,-1.3138075313807103,-1.0,-1.3138075313807103,4.780000000000655,-1,2020
-1.0,-1.2384737678854996,0.0,-0.23847376788549948,0.0,-0.23847376788549948,6.290000000000873,-1,2020
-1.0,-1.115473441108547,0.0,-0.11547344110854697,0.0,-0.11547344110854697,12.989999999999782,1,2020
-1.0,-1.126050420168071,0.0,-0.12605042016807108,0.0,-0.12605042016807108,11.899999999999636,-1,2020
2.0,1.9057788944723622,2.0,1.9057788944723622,1.6,1.5057788944723622,15.920000000000073,1,2020
-1.0,-1.2976190476191034,-1.0,-1.2976190476191034,-1.0,-1.2976190476191034,5.039999999999054,-1,2020
-1.0,-1.199203187251027,-1.0,-1.199203187251027,-1.0,-1.199203187251027,7.529999999998836,-1,2020
-1.0,-1.199203187251027,-1.0,-1.199203187251027,-1.0,-1.199203187251027,7.529999999998836,-1,2020
-1.0,-1.199203187251027,-1.0,-1.199203187251027,-1.0,-1.199203187251027,7.529999999998836,-1,2020
2.0,1.82394366197184,2.0,1.82394366197184,2.0,1.82394366197184,8.520000000000437,1,2020
2.0,1.82394366197184,2.0,1.82394366197184,2.0,1.82394366197184,8.520000000000437,1,2020
-1.0,-1.3042596348884201,-1.0,-1.3042596348884201,-1.0,-1.3042596348884201,4.930000000000291,1,2020
-1.0,-1.3896103896103527,-1.0,-1.3896103896103527,-1.0,-1.3896103896103527,3.850000000000364,1,2020
-1.0,-1.3740648379052165,-1.0,-1.3740648379052165,-1.0,-1.3740648379052165,4.010000000000218,-1,2020
-1.0,-1.3061224489796146,0.0,-0.30612244897961455,0.0,-0.30612244897961455,4.899999999999636,-1,2020
-1.0,-1.3061224489796146,0.0,-0.30612244897961455,0.0,-0.30612244897961455,4.899999999999636,-1,2020
-1.0,-1.3061224489796146,0.0,-0.30612244897961455,0.0,-0.30612244897961455,4.899999999999636,-1,2020
-1.0,-1.2631578947368085,-1.0,-1.2631578947368085,-1.0,-1.2631578947368085,5.700000000000728,1,2020
-1.0,-1.29702970297034,-1.0,-1.29702970297034,-1.0,-1.29702970297034,5.049999999999272,1,2020
-1.0,-1.217076700434158,-1.0,-1.217076700434158,-1.0,-1.217076700434158,6.9099999999998545,1,2020
-1.0,-1.217076700434158,-1.0,-1.217076700434158,-1.0,-1.217076700434158,6.9099999999998545,1,2020
-1.0,-1.3296703296702506,-1.0,-1.3296703296702506,-1.0,-1.3296703296702506,4.550000000001091,1,2020
-1.0,-1.212464589235088,-1.0,-1.212464589235088,-1.0,-1.212464589235088,7.06000000000131,1,2020
2.0,1.7093023255813873,2.0,1.7093023255813873,2.0,1.7093023255813873,5.1599999999998545,1,2020
2.0,1.7093023255813873,2.0,1.7093023255813873,2.0,1.7093023255813873,5.1599999999998545,1,2020
-1.0,-1.470219435736602,0.0,-0.470219435736602,0.0,-0.470219435736602,3.1900000000005093,-1,2020
-1.0,-1.0872093023255778,-1.0,-1.0872093023255778,-1.0,-1.0872093023255778,17.200000000000728,-1,2020
2.0,1.5833333333333754,2.0,1.5833333333333754,2.0,1.5833333333333754,3.600000000000364,1,2020
2.0,1.5833333333333754,2.0,1.5833333333333754,2.0,1.5833333333333754,3.600000000000364,1,2020
-1.0,-1.4934210526317324,-1.0,-1.4934210526317324,-1.0,-1.4934210526317324,3.039999999999054,1,2020
-1.0,-1.4934210526317324,-1.0,-1.4934210526317324,-1.0,-1.4934210526317324,3.039999999999054,1,2020
-1.0,-1.2279635258358688,-1.0,-1.2279635258358688,-1.0,-1.2279635258358688,6.579999999999927,-1,2020
-1.0,-1.872093023256146,0.0,-0.872093023256146,0.0,-0.872093023256146,1.7199999999993452,-1,2020
-1.0,-1.872093023256146,0.0,-0.872093023256146,0.0,-0.872093023256146,1.7199999999993452,-1,2020
-1.0,-1.872093023256146,0.0,-0.872093023256146,0.0,-0.872093023256146,1.7199999999993452,-1,2020
2.0,1.8245614035087943,2.0,1.8245614035087943,1.6,1.4245614035087943,8.550000000001091,1,2020
2.0,1.6739130434782867,2.0,1.6739130434782867,2.0,1.6739130434782867,4.600000000000364,1,2020
2.0,1.6739130434782867,2.0,1.6739130434782867,2.0,1.6739130434782867,4.600000000000364,1,2020
2.0,1.6739130434782867,2.0,1.6739130434782867,2.0,1.6739130434782867,4.600000000000364,1,2020
2.0,1.6511627906976154,2.0,1.6511627906976154,1.6,1.2511627906976155,4.299999999999272,1,2020
-1.0,-1.1882057716436791,-1.0,-1.1882057716436791,-1.0,-1.1882057716436791,7.969999999999345,-1,2020
-1.0,-1.1882057716436791,-1.0,-1.1882057716436791,-1.0,-1.1882057716436791,7.969999999999345,-1,2020
-1.0,-1.1882057716436791,-1.0,-1.1882057716436791,-1.0,-1.1882057716436791,7.969999999999345,-1,2020
-1.0,-1.1882057716436791,-1.0,-1.1882057716436791,-1.0,-1.1882057716436791,7.969999999999345,-1,2020
-1.0,-1.1882057716436791,-1.0,-1.1882057716436791,-1.0,-1.1882057716436791,7.969999999999345,-1,2020
-1.0,-1.1882057716436791,-1.0,-1.1882057716436791,-1.0,-1.1882057716436791,7.969999999999345,-1,2020
-1.0,-1.1882057716436791,-1.0,-1.1882057716436791,-1.0,-1.1882057716436791,7.969999999999345,-1,2020
2.0,1.5978552278819904,2.0,1.5978552278819904,1.6,1.1978552278819905,3.7299999999995634,-1,2020
-1.0,-1.1002673796791502,-1.0,-1.1002673796791502,-1.0,-1.1002673796791502,14.959999999999127,-1,2020
-1.0,-1.1002673796791502,-1.0,-1.1002673796791502,-1.0,-1.1002673796791502,14.959999999999127,-1,2020
-1.0,-1.1744186046511553,-1.0,-1.1744186046511553,-1.0,-1.1744186046511553,8.600000000000364,1,2020
-1.0,-1.2380952380952657,-1.0,-1.2380952380952657,-1.0,-1.2380952380952657,6.299999999999272,-1,2020
2.0,1.9200852424080999,2.0,1.9200852424080999,2.0,1.9200852424080999,18.770000000000437,-1,2020
-1.0,-1.1079913606911491,-1.0,-1.1079913606911491,-1.0,-1.1079913606911491,13.889999999999418,-1,2020
-1.0,-1.0678426051560361,-1.0,-1.0678426051560361,-1.0,-1.0678426051560361,22.110000000000582,-1,2020
2.0,1.9340369393139836,2.0,1.9340369393139836,3.3261213720316807,3.260158311345664,22.73999999999978,1,2020
2.0,1.9350368124729325,2.0,1.9350368124729325,2.0,1.9350368124729325,23.090000000000146,1,2020
-1.0,-1.055473372781067,0.0,-0.05547337278106703,0.0,-0.05547337278106703,27.039999999999054,1,2020
-1.0,-1.0959692898272602,-1.0,-1.0959692898272602,-1.0,-1.0959692898272602,15.6299999999992,1,2020
-1.0,-1.0396615547329457,-1.0,-1.0396615547329457,-1.0,-1.0396615547329457,37.81999999999971,-1,2020
-1.0,-1.0491320013101857,-1.0,-1.0491320013101857,-1.0,-1.0491320013101857,30.530000000000655,1,2020
-1.0,-1.0491320013101857,-1.0,-1.0491320013101857,-1.0,-1.0491320013101857,30.530000000000655,1,2020
2.0,1.659090909090881,2.0,1.659090909090881,2.0,1.659090909090881,4.399999999999636,-1,2020
2.0,1.918831168831175,0.0,-0.0811688311688251,0.0,-0.0811688311688251,18.480000000001382,1,2020
-1.0,-1.1833740831295778,0.0,-0.18337408312957781,0.0,-0.18337408312957781,8.180000000000291,1,2020
-1.0,-1.0722543352601148,-1.0,-1.0722543352601148,-1.0,-1.0722543352601148,20.76000000000022,-1,2020
-1.0,-1.0230698246693324,-1.0,-1.0230698246693324,-1.0,-1.0230698246693324,65.02000000000044,1,2020
-1.0,-1.1371115173674753,-1.0,-1.1371115173674753,-1.0,-1.1371115173674753,10.93999999999869,-1,2020
-1.0,-1.2487562189054455,-1.0,-1.2487562189054455,-1.0,-1.2487562189054455,6.030000000000655,-1,2020
-1.0,-1.3012048192771348,0.0,-0.3012048192771348,0.0,-0.3012048192771348,4.979999999999563,-1,2020
2.0,1.8259860788863271,0.0,-0.17401392111367295,0.0,-0.17401392111367295,8.6200000000008,-1,2020
-1.0,-1.0785340314136111,-1.0,-1.0785340314136111,-1.0,-1.0785340314136111,19.100000000000364,-1,2020
-1.0,-1.0789473684210527,-1.0,-1.0789473684210527,-1.0,-1.0789473684210527,19.0,-1,2020
-1.0,-1.3529411764705883,-1.0,-1.3529411764705883,-1.0,-1.3529411764705883,4.25,-1,2020
-1.0,-1.0488281249999996,-1.0,-1.0488281249999996,-1.0,-1.0488281249999996,30.720000000000255,1,2020
-1.0,-1.1413760603204688,0.0,-0.14137606032046887,0.0,-0.14137606032046887,10.609999999998763,1,2020
-1.0,-1.085470085470089,-1.0,-1.085470085470089,-1.0,-1.085470085470089,17.549999999999272,1,2020
-1.0,-1.085470085470089,-1.0,-1.085470085470089,-1.0,-1.085470085470089,17.549999999999272,1,2020
-1.0,-1.0407055630936224,-1.0,-1.0407055630936224,-1.0,-1.0407055630936224,36.850000000000364,-1,2020
-1.0,-1.0407055630936224,-1.0,-1.0407055630936224,-1.0,-1.0407055630936224,36.850000000000364,-1,2020
-1.0,-1.1044568245125372,-1.0,-1.1044568245125372,-1.0,-1.1044568245125372,14.359999999999673,-1,2020
2.0,1.912942542077769,2.0,1.912942542077769,1.6,1.5129425420777691,17.229999999999563,1,2020
-1.0,-1.0525578135949545,-1.0,-1.0525578135949545,-1.0,-1.0525578135949545,28.539999999999964,1,2020
2.0,1.948630136986301,2.0,1.948630136986301,2.0,1.948630136986301,29.199999999999818,-1,2020
-1.0,-1.0192357014619133,0.0,-0.019235701461913418,0.0,-0.019235701461913418,77.97999999999956,-1,2020
-1.0,-1.0253506844684805,-1.0,-1.0253506844684805,-1.0,-1.0253506844684805,59.17000000000007,1,2020
-1.0,-1.0414135836554397,0.0,-0.041413583655439734,0.0,-0.041413583655439734,36.219999999999345,1,2020
-1.0,-1.0485279844710438,-1.0,-1.0485279844710438,-1.0,-1.0485279844710438,30.910000000000764,1,2020
-1.0,-1.0485279844710438,-1.0,-1.0485279844710438,-1.0,-1.0485279844710438,30.910000000000764,1,2020
-1.0,-1.0485279844710438,-1.0,-1.0485279844710438,-1.0,-1.0485279844710438,30.910000000000764,1,2020
-1.0,-1.045248868778281,-1.0,-1.045248868778281,-1.0,-1.045248868778281,33.149999999999636,1,2020
-1.0,-1.0268432355046528,-1.0,-1.0268432355046528,-1.0,-1.0268432355046528,55.88000000000011,-1,2020
-1.0,-1.0265111346765643,-1.0,-1.0265111346765643,-1.0,-1.0265111346765643,56.57999999999993,1,2020
-1.0,-1.0665483584738245,-1.0,-1.0665483584738245,-1.0,-1.0665483584738245,22.539999999999964,1,2020
-1.0,-1.0665483584738245,-1.0,-1.0665483584738245,-1.0,-1.0665483584738245,22.539999999999964,1,2020
-1.0,-1.0665483584738245,-1.0,-1.0665483584738245,-1.0,-1.0665483584738245,22.539999999999964,1,2020
-1.0,-1.0665483584738245,-1.0,-1.0665483584738245,-1.0,-1.0665483584738245,22.539999999999964,1,2020
-1.0,-1.0149521531100478,-1.0,-1.0149521531100478,-1.0,-1.0149521531100478,100.31999999999971,-1,2020
-1.0,-1.0623960066555742,-1.0,-1.0623960066555742,-1.0,-1.0623960066555742,24.039999999999964,-1,2020
-1.0,-1.0501002004008022,-1.0,-1.0501002004008022,-1.0,-1.0501002004008022,29.9399999999996,-1,2020
-1.0,-1.0466562986003116,-1.0,-1.0466562986003116,-1.0,-1.0466562986003116,32.149999999999636,1,2020
-1.0,-1.0956632653061207,-1.0,-1.0956632653061207,-1.0,-1.0956632653061207,15.680000000000291,-1,2020
2.0,1.9154453213077822,2.0,1.9154453213077822,1.6,1.5154453213077823,17.74000000000069,1,2020
2.0,1.9387254901960773,2.0,1.9387254901960773,2.0,1.9387254901960773,24.479999999999563,1,2020
2.0,1.9387254901960773,2.0,1.9387254901960773,2.0,1.9387254901960773,24.479999999999563,1,2020
2.0,1.905123339658441,2.0,1.905123339658441,1.6,1.5051233396584411,15.80999999999949,-1,2020
2.0,1.905123339658441,2.0,1.905123339658441,1.6,1.5051233396584411,15.80999999999949,-1,2020
-1.0,-1.0642673521850896,-1.0,-1.0642673521850896,-1.0,-1.0642673521850896,23.340000000000146,1,2020
-1.0,-1.0808189655172395,-1.0,-1.0808189655172395,-1.0,-1.0808189655172395,18.5600000000004,1,2020
-1.0,-1.0473036896877956,-1.0,-1.0473036896877956,-1.0,-1.0473036896877956,31.710000000000036,1,2020
-1.0,-1.1486620416253694,-1.0,-1.1486620416253694,-1.0,-1.1486620416253694,10.090000000000146,1,2020
-1.0,-1.0525026251312555,0.0,-0.05250262513125543,0.0,-0.05250262513125543,28.57000000000062,1,2020
2.0,1.8891352549889113,2.0,1.8891352549889113,1.6,1.4891352549889114,13.529999999999745,-1,2020
2.0,1.8891352549889113,2.0,1.8891352549889113,1.6,1.4891352549889114,13.529999999999745,-1,2020
2.0,1.8891352549889113,2.0,1.8891352549889113,1.6,1.4891352549889114,13.529999999999745,-1,2020
2.0,1.9112950916617426,2.0,1.9112950916617426,2.0,1.9112950916617426,16.910000000000764,1,2020
-1.0,-1.1040943789035402,0.0,-0.10409437890354026,0.0,-0.10409437890354026,14.409999999999854,-1,2020
-1.0,-1.1040943789035402,0.0,-0.10409437890354026,0.0,-0.10409437890354026,14.409999999999854,-1,2020
-1.0,-1.0897129186602856,-1.0,-1.0897129186602856,-1.0,-1.0897129186602856,16.720000000000255,1,2020
2.0,1.9151103565365029,0.0,-0.0848896434634971,0.0,-0.0848896434634971,17.670000000000073,-1,2020
-1.0,-1.2103786816269253,-1.0,-1.2103786816269253,-1.0,-1.2103786816269253,7.130000000000109,-1,2020
2.0,1.8665480427046237,0.0,-0.13345195729537626,0.0,-0.13345195729537626,11.239999999999782,1,2020
-1.0,-1.1818181818181819,0.0,-0.18181818181818182,0.0,-0.18181818181818182,8.25,-1,2020
-1.0,-1.1893939393939377,-1.0,-1.1893939393939377,-1.0,-1.1893939393939377,7.920000000000073,1,2020
-1.0,-1.1925545571245195,0.0,-0.19255455712451952,0.0,-0.19255455712451952,7.789999999999964,1,2020
2.0,1.9393694421988676,2.0,1.9393694421988676,2.0,1.9393694421988676,24.73999999999978,-1,2020
2.0,1.9671916010498682,2.0,1.9671916010498682,2.0,1.9671916010498682,45.719999999999345,1,2020
2.0,1.9671916010498682,2.0,1.9671916010498682,2.0,1.9671916010498682,45.719999999999345,1,2020
2.0,1.9671916010498682,2.0,1.9671916010498682,2.0,1.9671916010498682,45.719999999999345,1,2020
2.0,1.900859220092532,0.0,-0.09914077990746789,0.0,-0.09914077990746789,15.13000000000011,1,2020
2.0,1.900859220092532,0.0,-0.09914077990746789,0.0,-0.09914077990746789,15.13000000000011,1,2020
2.0,1.900859220092532,0.0,-0.09914077990746789,0.0,-0.09914077990746789,15.13000000000011,1,2020
2.0,1.900859220092532,0.0,-0.09914077990746789,0.0,-0.09914077990746789,15.13000000000011,1,2020
2.0,1.900859220092532,0.0,-0.09914077990746789,0.0,-0.09914077990746789,15.13000000000011,1,2020
-1.0,-1.1913265306122414,-1.0,-1.1913265306122414,-1.0,-1.1913265306122414,7.8400000000001455,1,2020
-1.0,-1.0469043151969988,-1.0,-1.0469043151969988,-1.0,-1.0469043151969988,31.979999999999563,-1,2020
-1.0,-1.0426136363636356,0.0,-0.042613636363635486,0.0,-0.042613636363635486,35.20000000000073,-1,2020
-1.0,-1.0815217391304364,0.0,-0.0815217391304364,0.0,-0.0815217391304364,18.399999999999636,-1,2020
-1.0,-1.1805054151624659,-1.0,-1.1805054151624659,-1.0,-1.1805054151624659,8.30999999999949,-1,2020
-1.0,-1.2873563218390665,-1.0,-1.2873563218390665,-1.0,-1.2873563218390665,5.220000000000255,1,2020
-1.0,-1.2873563218390665,-1.0,-1.2873563218390665,-1.0,-1.2873563218390665,5.220000000000255,1,2020
2.0,1.9124343257443042,0.0,-0.08756567425569586,0.0,-0.08756567425569586,17.1299999999992,1,2020
2.0,1.934239368697938,2.0,1.934239368697938,2.0,1.934239368697938,22.80999999999949,1,2020
-1.0,-1.1872659176029912,-1.0,-1.1872659176029912,-1.0,-1.1872659176029912,8.010000000000218,1,2020
-1.0,-1.0999333777481786,-1.0,-1.0999333777481786,-1.0,-1.0999333777481786,15.0099999999984,-1,2020
2.0,1.8854961832061101,2.0,1.8854961832061101,1.6,1.4854961832061102,13.100000000000364,1,2020
2.0,1.7404844290657733,2.0,1.7404844290657733,1.6,1.3404844290657734,5.780000000000655,-1,2020
2.0,1.7404844290657733,2.0,1.7404844290657733,1.6,1.3404844290657734,5.780000000000655,-1,2020
2.0,1.7404844290657733,2.0,1.7404844290657733,1.6,1.3404844290657734,5.780000000000655,-1,2020
-1.0,-1.044391831902931,-1.0,-1.044391831902931,-1.0,-1.044391831902931,33.789999999999054,-1,2020
-1.0,-1.044391831902931,-1.0,-1.044391831902931,-1.0,-1.044391831902931,33.789999999999054,-1,2020
-1.0,-1.0255841719256358,0.0,-0.02558417192563569,0.0,-0.02558417192563569,58.6299999999992,1,2020
-1.0,-1.0255841719256358,0.0,-0.02558417192563569,0.0,-0.02558417192563569,58.6299999999992,1,2020
-1.0,-1.0500500500500511,0.0,-0.05005005005005114,0.0,-0.05005005005005114,29.969999999999345,1,2020
-1.0,-1.1304347826086956,-1.0,-1.1304347826086956,-1.0,-1.1304347826086956,11.5,-1,2020
-1.0,-1.1773049645389873,0.0,-0.17730496453898728,0.0,-0.17730496453898728,8.460000000000946,1,2020
-1.0,-1.0734214390602046,-1.0,-1.0734214390602046,-1.0,-1.0734214390602046,20.43000000000029,1,2020
-1.0,-1.135256988277726,-1.0,-1.135256988277726,-1.0,-1.135256988277726,11.090000000000146,-1,2020
-1.0,-1.135256988277726,-1.0,-1.135256988277726,-1.0,-1.135256988277726,11.090000000000146,-1,2020
-1.0,-1.135256988277726,-1.0,-1.135256988277726,-1.0,-1.135256988277726,11.090000000000146,-1,2020
-1.0,-1.1306620209059077,-1.0,-1.1306620209059077,-1.0,-1.1306620209059077,11.480000000001382,1,2020
-1.0,-1.2782931354360225,-1.0,-1.2782931354360225,-1.0,-1.2782931354360225,5.389999999999418,-1,2020
-1.0,-1.1173708920187733,0.0,-0.11737089201877333,0.0,-0.11737089201877333,12.780000000000655,-1,2020
-1.0,-1.1173708920187733,0.0,-0.11737089201877333,0.0,-0.11737089201877333,12.780000000000655,-1,2020
-1.0,-1.401069518716601,-1.0,-1.401069518716601,-1.0,-1.401069518716601,3.7399999999997817,1,2020
-1.0,-1.249584026622287,-1.0,-1.249584026622287,-1.0,-1.249584026622287,6.010000000000218,1,2020
2.0,1.8930862437633553,2.0,1.8930862437633553,2.0,1.8930862437633553,14.029999999998836,-1,2020
2.0,1.8930862437633553,2.0,1.8930862437633553,2.0,1.8930862437633553,14.029999999998836,-1,2020
2.0,1.8930862437633553,2.0,1.8930862437633553,2.0,1.8930862437633553,14.029999999998836,-1,2020
2.0,1.859943977591049,0.0,-0.1400560224089512,0.0,-0.1400560224089512,10.710000000000946,1,2020
-1.0,-1.2824858757062418,-1.0,-1.2824858757062418,-1.0,-1.2824858757062418,5.309999999999491,-1,2020
-1.0,-1.2824858757062418,-1.0,-1.2824858757062418,-1.0,-1.2824858757062418,5.309999999999491,-1,2020
-1.0,-1.2164502164502073,0.0,-0.21645021645020737,0.0,-0.21645021645020737,6.930000000000291,1,2020
2.0,1.8571428571428572,2.0,1.8571428571428572,2.0,1.8571428571428572,10.5,1,2020
-1.0,-1.1223491027732442,-1.0,-1.1223491027732442,-1.0,-1.1223491027732442,12.260000000000218,1,2020
-1.0,-1.1734104046242848,0.0,-0.17341040462428475,0.0,-0.17341040462428475,8.649999999999636,-1,2020
2.0,1.8888888888888888,2.0,1.8888888888888888,2.0,1.8888888888888888,13.5,-1,2020
-1.0,-1.1467710371819795,-1.0,-1.1467710371819795,-1.0,-1.1467710371819795,10.220000000001164,1,2020
2.0,1.8817034700315485,2.0,1.8817034700315485,2.0,1.8817034700315485,12.680000000000291,-1,2020
2.0,1.8817034700315485,2.0,1.8817034700315485,2.0,1.8817034700315485,12.680000000000291,-1,2020
-1.0,-1.1371115173674524,0.0,-0.13711151736745247,0.0,-0.13711151736745247,10.94000000000051,1,2020
-1.0,-1.151057401812712,-1.0,-1.151057401812712,-1.0,-1.151057401812712,9.929999999998472,-1,2020
2.0,1.8110831234257048,2.0,1.8110831234257048,1.6,1.4110831234257049,7.940000000000509,1,2020
-1.0,-1.0796601168348383,-1.0,-1.0796601168348383,-1.0,-1.0796601168348383,18.829999999999927,-1,2020
2.0,1.8730964467005045,2.0,1.8730964467005045,2.0,1.8730964467005045,11.819999999999709,1,2020
-1.0,-1.2392344497607488,-1.0,-1.2392344497607488,-1.0,-1.2392344497607488,6.270000000000437,-1,2020
-1.0,-1.5084745762713747,-1.0,-1.5084745762713747,-1.0,-1.5084745762713747,2.9499999999989086,1,2020
2.0,1.311926605504679,2.0,1.311926605504679,1.6,0.9119266055046791,2.180000000000291,1,2020
-1.0,-1.1326259946949662,-1.0,-1.1326259946949662,-1.0,-1.1326259946949662,11.30999999999949,-1,2020
-1.0,-1.1326259946949662,-1.0,-1.1326259946949662,-1.0,-1.1326259946949662,11.30999999999949,-1,2020
2.0,1.807938540332894,2.0,1.807938540332894,1.6,1.4079385403328941,7.809999999999491,1,2020
-1.0,-1.067842605156042,-1.0,-1.067842605156042,-1.0,-1.067842605156042,22.109999999998763,1,2020
-1.0,-1.4143646408838864,-1.0,-1.4143646408838864,-1.0,-1.4143646408838864,3.6200000000008004,1,2020
2.0,1.822485207100607,0.0,-0.177514792899393,0.0,-0.177514792899393,8.450000000000728,1,2020
2.0,1.6855345911948774,2.0,1.6855345911948774,2.0,1.6855345911948774,4.769999999998618,1,2020
2.0,1.7386759581881432,2.0,1.7386759581881432,2.0,1.7386759581881432,5.739999999999782,1,2020
-1.0,-1.1012829169480116,-1.0,-1.1012829169480116,-1.0,-1.1012829169480116,14.80999999999949,1,2020
2.0,1.8727735368956837,2.0,1.8727735368956837,2.0,1.8727735368956837,11.790000000000873,-1,2020
-1.0,-1.106990014265332,-1.0,-1.106990014265332,-1.0,-1.106990014265332,14.020000000000437,-1,2020
-1.0,-1.4297994269341243,-1.0,-1.4297994269341243,-1.0,-1.4297994269341243,3.4899999999997817,-1,2020
-1.0,-1.401069518716601,-1.0,-1.401069518716601,-1.0,-1.401069518716601,3.7399999999997817,1,2020
-1.0,-1.1950585175552537,-1.0,-1.1950585175552537,-1.0,-1.1950585175552537,7.690000000000509,1,2020
-1.0,-1.1950585175552537,-1.0,-1.1950585175552537,-1.0,-1.1950585175552537,7.690000000000509,1,2020
-1.0,-1.0289631202934935,-1.0,-1.0289631202934935,-1.0,-1.0289631202934935,51.789999999999054,-1,2020
-1.0,-1.091911764705884,0.0,-0.091911764705884,0.0,-0.091911764705884,16.31999999999971,1,2020
-1.0,-1.1732101616628205,0.0,-0.17321016166282047,0.0,-0.17321016166282047,8.659999999999854,-1,2020
-1.0,-1.1732101616628205,0.0,-0.17321016166282047,0.0,-0.17321016166282047,8.659999999999854,-1,2020
-1.0,-1.2935420743639587,-1.0,-1.2935420743639587,-1.0,-1.2935420743639587,5.110000000000582,1,2020
-1.0,-1.2935420743639587,-1.0,-1.2935420743639587,-1.0,-1.2935420743639587,5.110000000000582,1,2020
-1.0,-1.04898758981058,-1.0,-1.04898758981058,-1.0,-1.04898758981058,30.6200000000008,-1,2020
-1.0,-1.3416856492027787,-1.0,-1.3416856492027787,-1.0,-1.3416856492027787,4.389999999999418,-1,2020
-1.0,-1.4237288135594353,0.0,-0.42372881355943526,0.0,-0.42372881355943526,3.539999999999054,1,2020
-1.0,-1.1094091903719836,-1.0,-1.1094091903719836,-1.0,-1.1094091903719836,13.710000000000946,1,2020
-1.0,-1.1722158438576522,-1.0,-1.1722158438576522,-1.0,-1.1722158438576522,8.709999999999127,-1,2020
-1.0,-1.3205128205128005,-1.0,-1.3205128205128005,-1.0,-1.3205128205128005,4.680000000000291,1,2020
2.0,1.865951742627352,2.0,1.865951742627352,2.0,1.865951742627352,11.19000000000051,-1,2020
-1.0,-1.1578947368421053,-1.0,-1.1578947368421053,-1.0,-1.1578947368421053,9.5,1,2020
2.0,1.834801762114536,2.0,1.834801762114536,2.0,1.834801762114536,9.079999999999927,-1,2020
-1.0,-1.3067484662577051,0.0,-0.30674846625770524,0.0,-0.30674846625770524,4.889999999999418,-1,2020
2.0,1.811557788944703,0.0,-0.18844221105529704,0.0,-0.18844221105529704,7.959999999999127,1,2020
-1.0,-1.1762632197414762,-1.0,-1.1762632197414762,-1.0,-1.1762632197414762,8.510000000000218,1,2020
-1.0,-1.1762632197414762,-1.0,-1.1762632197414762,-1.0,-1.1762632197414762,8.510000000000218,1,2020
2.0,1.4186046511627743,2.0,1.4186046511627743,1.6,1.0186046511627744,2.5799999999999272,1,2020
2.0,1.4186046511627743,2.0,1.4186046511627743,1.6,1.0186046511627744,2.5799999999999272,1,2020
-1.0,-1.26362038664321,-1.0,-1.26362038664321,-1.0,-1.26362038664321,5.690000000000509,1,2020
-1.0,-1.2127659574467755,-1.0,-1.2127659574467755,-1.0,-1.2127659574467755,7.050000000001091,-1,2020
-1.0,-1.5514705882350581,-1.0,-1.5514705882350581,-1.0,-1.5514705882350581,2.720000000001164,1,2020
2.0,1.2718446601939948,2.0,1.2718446601939948,2.0,1.2718446601939948,2.0599999999994907,1,2020
-1.0,-1.101971447994555,-1.0,-1.101971447994555,-1.0,-1.101971447994555,14.710000000000946,-1,2020
-1.0,-1.101971447994555,-1.0,-1.101971447994555,-1.0,-1.101971447994555,14.710000000000946,-1,2020
-1.0,-1.101971447994555,-1.0,-1.101971447994555,-1.0,-1.101971447994555,14.710000000000946,-1,2020
-1.0,-1.1824817518247916,-1.0,-1.1824817518247916,-1.0,-1.1824817518247916,8.220000000001164,1,2020
-1.0,-1.1824817518247916,-1.0,-1.1824817518247916,-1.0,-1.1824817518247916,8.220000000001164,1,2020
-1.0,-1.1480750246791824,-1.0,-1.1480750246791824,-1.0,-1.1480750246791824,10.1299999999992,-1,2020
2.0,1.7440273037542917,2.0,1.7440273037542917,2.0,1.7440273037542917,5.860000000000582,1,2020
-1.0,-1.1286449399656964,-1.0,-1.1286449399656964,-1.0,-1.1286449399656964,11.659999999999854,-1,2020
-1.0,-1.1286449399656964,-1.0,-1.1286449399656964,-1.0,-1.1286449399656964,11.659999999999854,-1,2020
-1.0,-1.1286449399656964,-1.0,-1.1286449399656964,-1.0,-1.1286449399656964,11.659999999999854,-1,2020
-1.0,-1.249584026622287,-1.0,-1.249584026622287,-1.0,-1.249584026622287,6.010000000000218,1,2020
-1.0,-1.249584026622287,-1.0,-1.249584026622287,-1.0,-1.249584026622287,6.010000000000218,1,2020
-1.0,-1.1789976133651723,-1.0,-1.1789976133651723,-1.0,-1.1789976133651723,8.3799999999992,1,2020
-1.0,-1.063721325403566,-1.0,-1.063721325403566,-1.0,-1.063721325403566,23.540000000000873,-1,2020
-1.0,-1.063721325403566,-1.0,-1.063721325403566,-1.0,-1.063721325403566,23.540000000000873,-1,2020
-1.0,-1.1227495908347038,-1.0,-1.1227495908347038,-1.0,-1.1227495908347038,12.219999999999345,-1,2020
-1.0,-1.1227495908347038,-1.0,-1.1227495908347038,-1.0,-1.1227495908347038,12.219999999999345,-1,2020
-1.0,-1.1227495908347038,-1.0,-1.1227495908347038,-1.0,-1.1227495908347038,12.219999999999345,-1,2020
2.0,1.7175141242937582,2.0,1.7175141242937582,1.6,1.3175141242937582,5.309999999999491,-1,2020
-1.0,-1.23474178403758,-1.0,-1.23474178403758,-1.0,-1.23474178403758,6.389999999999418,1,2020
-1.0,-1.23474178403758,-1.0,-1.23474178403758,-1.0,-1.23474178403758,6.389999999999418,1,2020
-1.0,-1.0921942224953878,-1.0,-1.0921942224953878,-1.0,-1.0921942224953878,16.270000000000437,1,2020
-1.0,-1.2459016393442477,0.0,-0.24590163934424764,0.0,-0.24590163934424764,6.100000000000364,-1,2020
2.0,1.8959778085991683,2.0,1.8959778085991683,2.0,1.8959778085991683,14.420000000000073,1,2020
2.0,1.8959778085991683,2.0,1.8959778085991683,2.0,1.8959778085991683,14.420000000000073,1,2020
-1.0,-1.1756440281030265,-1.0,-1.1756440281030265,-1.0,-1.1756440281030265,8.540000000000873,-1,2020
-1.0,-1.5597014925372528,-1.0,-1.5597014925372528,-1.0,-1.5597014925372528,2.680000000000291,-1,2020
-1.0,-1.5597014925372528,-1.0,-1.5597014925372528,-1.0,-1.5597014925372528,2.680000000000291,-1,2020
2.0,1.8525073746312695,2.0,1.8525073746312695,2.0,1.8525073746312695,10.170000000000073,1,2020
2.0,1.8525073746312695,2.0,1.8525073746312695,2.0,1.8525073746312695,10.170000000000073,1,2020
2.0,1.47183098591552,2.0,1.47183098591552,1.6,1.0718309859155202,2.8400000000001455,-1,2020
-1.0,-1.1732101616628205,-1.0,-1.1732101616628205,-1.0,-1.1732101616628205,8.659999999999854,-1,2020
-1.0,-1.1706484641638408,-1.0,-1.1706484641638408,-1.0,-1.1706484641638408,8.789999999999054,1,2020
-1.0,-1.1472031403336531,-1.0,-1.1472031403336531,-1.0,-1.1472031403336531,10.19000000000051,-1,2020
2.0,1.7070312500000457,0.0,-0.2929687499999542,0.0,-0.2929687499999542,5.1200000000008,1,2020
2.0,1.5145631067961394,0.0,-0.48543689320386063,0.0,-0.48543689320386063,3.0900000000001455,1,2020
-1.0,-1.340909090908978,0.0,-0.34090909090897814,0.0,-0.34090909090897814,4.400000000001455,-1,2020
-1.0,-1.1845018450184683,-1.0,-1.1845018450184683,-1.0,-1.1845018450184683,8.1299999999992,1,2020
-1.0,-1.1960784313725583,-1.0,-1.1960784313725583,-1.0,-1.1960784313725583,7.649999999999636,-1,2020
-1.0,-1.4672897196262953,-1.0,-1.4672897196262953,-1.0,-1.4672897196262953,3.209999999999127,1,2020
-1.0,-1.5154639175254767,0.0,-0.5154639175254767,0.0,-0.5154639175254767,2.9100000000016735,1,2020
-1.0,-1.1136363636363573,-1.0,-1.1136363636363573,-1.0,-1.1136363636363573,13.200000000000728,-1,2020
2.0,1.5844875346258964,2.0,1.5844875346258964,1.6,1.1844875346258965,3.609999999998763,-1,2020
2.0,1.592391304347657,2.0,1.592391304347657,2.0,1.592391304347657,3.679999999998472,1,2020
-1.0,-1.327510917030573,-1.0,-1.327510917030573,-1.0,-1.327510917030573,4.579999999999927,-1,2020
-1.0,-1.1378676470588336,-1.0,-1.1378676470588336,-1.0,-1.1378676470588336,10.8799999999992,-1,2020
-1.0,-1.138376383763859,-1.0,-1.138376383763859,-1.0,-1.138376383763859,10.839999999998327,-1,2020
-1.0,-1.094876660341559,-1.0,-1.094876660341559,-1.0,-1.094876660341559,15.80999999999949,1,2020
-1.0,-1.1094890510948991,-1.0,-1.1094890510948991,-1.0,-1.1094890510948991,13.699999999998909,1,2020
-1.0,-1.098360655737705,-1.0,-1.098360655737705,-1.0,-1.098360655737705,15.25,-1,2020
-1.0,-1.098360655737705,-1.0,-1.098360655737705,-1.0,-1.098360655737705,15.25,-1,2020
-1.0,-1.098360655737705,-1.0,-1.098360655737705,-1.0,-1.098360655737705,15.25,-1,2020
-1.0,-1.098360655737705,-1.0,-1.098360655737705,-1.0,-1.098360655737705,15.25,-1,2020
-1.0,-1.0477554918815666,-1.0,-1.0477554918815666,-1.0,-1.0477554918815666,31.409999999999854,-1,2020
2.0,1.869109947643969,2.0,1.869109947643969,1.6,1.469109947643969,11.459999999999127,1,2020
2.0,1.7395833333333433,2.0,1.7395833333333433,1.6,1.3395833333333433,5.760000000000218,1,2020
2.0,1.9573984663447896,2.0,1.9573984663447896,1.6,1.5573984663447897,35.210000000000946,-1,2020
2.0,1.9573984663447896,2.0,1.9573984663447896,1.6,1.5573984663447897,35.210000000000946,-1,2020
-1.0,-1.1379944802208042,-1.0,-1.1379944802208042,-1.0,-1.1379944802208042,10.869999999998981,1,2020
-1.0,-1.1379944802208042,-1.0,-1.1379944802208042,-1.0,-1.1379944802208042,10.869999999998981,1,2020
-1.0,-1.2568493150684867,-1.0,-1.2568493150684867,-1.0,-1.2568493150684867,5.8400000000001455,-1,2020
-1.0,-1.2568493150684867,-1.0,-1.2568493150684867,-1.0,-1.2568493150684867,5.8400000000001455,-1,2020
-1.0,-1.1849568434031927,-1.0,-1.1849568434031927,-1.0,-1.1849568434031927,8.110000000000582,-1,2020
-1.0,-1.1849568434031927,-1.0,-1.1849568434031927,-1.0,-1.1849568434031927,8.110000000000582,-1,2020
2.0,1.7902097902098328,0.0,-0.2097902097901671,0.0,-0.2097902097901671,7.150000000001455,1,2020
-1.0,-1.0841750841750855,-1.0,-1.0841750841750855,-1.0,-1.0841750841750855,17.81999999999971,1,2020
-1.0,-1.356294536817022,-1.0,-1.356294536817022,-1.0,-1.356294536817022,4.210000000000946,1,2020
-1.0,-1.2862595419847447,0.0,-0.28625954198474474,0.0,-0.28625954198474474,5.239999999999782,1,2020
-1.0,-1.165562913907294,-1.0,-1.165562913907294,-1.0,-1.165562913907294,9.05999999999949,1,2020
-1.0,-1.1580611169652302,-1.0,-1.1580611169652302,-1.0,-1.1580611169652302,9.489999999999782,1,2020
2.0,1.7064579256360413,2.0,1.7064579256360413,1.6,1.3064579256360414,5.110000000000582,1,2020
2.0,1.7981157469717441,2.0,1.7981157469717441,1.6,1.3981157469717442,7.430000000000291,-1,2020
-1.0,-1.25041736227046,-1.0,-1.25041736227046,-1.0,-1.25041736227046,5.989999999999782,1,2020
2.0,1.853515624999997,0.0,-0.14648437500000314,0.0,-0.14648437500000314,10.239999999999782,1,2020
2.0,1.853515624999997,0.0,-0.14648437500000314,0.0,-0.14648437500000314,10.239999999999782,1,2020
2.0,1.8186215235792116,2.0,1.8186215235792116,2.0,1.8186215235792116,8.270000000000437,-1,2020
2.0,1.8186215235792116,2.0,1.8186215235792116,2.0,1.8186215235792116,8.270000000000437,-1,2020
2.0,1.9118165784832464,2.0,1.9118165784832464,2.0,1.9118165784832464,17.01000000000022,1,2020
2.0,1.9118165784832464,2.0,1.9118165784832464,2.0,1.9118165784832464,17.01000000000022,1,2020
2.0,1.9209694415173926,2.0,1.9209694415173926,2.0,1.9209694415173926,18.980000000001382,1,2020
-1.0,-1.1557632398754023,-1.0,-1.1557632398754023,-1.0,-1.1557632398754023,9.6299999999992,1,2020
-1.0,-1.1557632398754023,-1.0,-1.1557632398754023,-1.0,-1.1557632398754023,9.6299999999992,1,2020
-1.0,-1.2130681818181555,-1.0,-1.2130681818181555,-1.0,-1.2130681818181555,7.040000000000873,1,2020
2.0,1.75,2.0,1.75,2.0,1.75,6.0,1,2020
-1.0,-1.3787878787877883,-1.0,-1.3787878787877883,-1.0,-1.3787878787877883,3.960000000000946,1,2020
-1.0,-1.110619469026538,0.0,-0.11061946902653799,0.0,-0.11061946902653799,13.56000000000131,-1,2020
-1.0,-1.110619469026538,0.0,-0.11061946902653799,0.0,-0.11061946902653799,13.56000000000131,-1,2020
2.0,1.528301886792496,0.0,-0.471698113207504,0.0,-0.471698113207504,3.180000000000291,-1,2020
-1.0,-1.0501336898395721,-1.0,-1.0501336898395721,-1.0,-1.0501336898395721,29.920000000000073,1,2020
-1.0,-1.0501336898395721,-1.0,-1.0501336898395721,-1.0,-1.0501336898395721,29.920000000000073,1,2020
-1.0,-1.0501336898395721,-1.0,-1.0501336898395721,-1.0,-1.0501336898395721,29.920000000000073,1,2020
-1.0,-1.0501336898395721,-1.0,-1.0501336898395721,-1.0,-1.0501336898395721,29.920000000000073,1,2020
-1.0,-1.084507042253521,-1.0,-1.084507042253521,-1.0,-1.084507042253521,17.75,-1,2020
2.0,1.874581939799322,0.0,-0.12541806020067806,0.0,-0.12541806020067806,11.959999999999127,1,2020
2.0,1.9432248296744892,2.0,1.9432248296744892,2.0,1.9432248296744892,26.420000000000073,1,2020
-1.0,-1.1314636283961454,-1.0,-1.1314636283961454,-1.0,-1.1314636283961454,11.409999999999854,1,2020
-1.0,-1.5102040816325646,-1.0,-1.5102040816325646,-1.0,-1.5102040816325646,2.9400000000005093,1,2020
-1.0,-1.1035911602209976,-1.0,-1.1035911602209976,-1.0,-1.1035911602209976,14.479999999999563,1,2020
-1.0,-1.1035911602209976,-1.0,-1.1035911602209976,-1.0,-1.1035911602209976,14.479999999999563,1,2020
-1.0,-1.7246376811588853,-1.0,-1.7246376811588853,-1.0,-1.7246376811588853,2.070000000001528,1,2020
2.0,1.8203592814371337,0.0,-0.17964071856286642,0.0,-0.17964071856286642,8.350000000000364,1,2020
-1.0,-1.3937007874014395,-1.0,-1.3937007874014395,-1.0,-1.3937007874014395,3.8100000000013097,1,2020
-1.0,-1.203252032520297,0.0,-0.20325203252029714,0.0,-0.20325203252029714,7.380000000001019,1,2020
2.0,1.7663551401869184,0.0,-0.23364485981308147,0.0,-0.23364485981308147,6.420000000000073,-1,2020
2.0,1.498327759197288,2.0,1.498327759197288,1.6,1.098327759197288,2.9899999999997817,1,2020
2.0,1.4163424124512958,2.0,1.4163424124512958,2.0,1.4163424124512958,2.569999999999709,1,2020
2.0,1.4163424124512958,2.0,1.4163424124512958,2.0,1.4163424124512958,2.569999999999709,1,2020
-1.0,-1.2459016393442477,-1.0,-1.2459016393442477,-1.0,-1.2459016393442477,6.100000000000364,-1,2020
-1.0,-1.3605769230767781,-1.0,-1.3605769230767781,-1.0,-1.3605769230767781,4.1600000000016735,1,2020
2.0,1.6543778801843434,2.0,1.6543778801843434,1.6,1.2543778801843435,4.3400000000001455,1,2020
2.0,1.498327759197288,2.0,1.498327759197288,1.6,1.098327759197288,2.9899999999997817,-1,2020
2.0,1.9315068493150673,2.0,1.9315068493150673,2.0,1.9315068493150673,21.899999999999636,1,2020
2.0,1.9315068493150673,2.0,1.9315068493150673,2.0,1.9315068493150673,21.899999999999636,1,2020
2.0,1.88,0.0,-0.12,0.0,-0.12,12.5,-1,2020
-1.0,-1.0629987400252008,-1.0,-1.0629987400252008,-1.0,-1.0629987400252008,23.80999999999949,-1,2020
-1.0,-1.2152080344332497,-1.0,-1.2152080344332497,-1.0,-1.2152080344332497,6.970000000001164,-1,2020
-1.0,-1.123762376237634,-1.0,-1.123762376237634,-1.0,-1.123762376237634,12.119999999998981,-1,2020
-1.0,-1.123762376237634,-1.0,-1.123762376237634,-1.0,-1.123762376237634,12.119999999998981,-1,2020
-1.0,-1.0497677504976755,-1.0,-1.0497677504976755,-1.0,-1.0497677504976755,30.140000000001237,1,2020
-1.0,-1.4032258064514866,0.0,-0.4032258064514867,0.0,-0.4032258064514867,3.720000000001164,1,2020
-1.0,-1.3703703703702705,0.0,-0.37037037037027054,0.0,-0.37037037037027054,4.050000000001091,1,2020
-1.0,-1.0490837696335087,0.0,-0.04908376963350867,0.0,-0.04908376963350867,30.55999999999949,-1,2020
-1.0,-1.1923076923077103,0.0,-0.19230769230771025,0.0,-0.19230769230771025,7.799999999999272,1,2020
-1.0,-1.1054111033028844,0.0,-0.10541110330288447,0.0,-0.10541110330288447,14.229999999999563,1,2020
2.0,1.7104247104247268,2.0,1.7104247104247268,1.6,1.3104247104247269,5.180000000000291,-1,2020
2.0,1.7790868924889827,2.0,1.7790868924889827,1.6,1.3790868924889828,6.790000000000873,1,2020
2.0,1.6963562753036752,2.0,1.6963562753036752,2.0,1.6963562753036752,4.940000000000509,1,2020
2.0,1.6842105263157894,0.0,-0.3157894736842105,0.0,-0.3157894736842105,4.75,1,2020
-1.0,-1.2595155709342267,-1.0,-1.2595155709342267,-1.0,-1.2595155709342267,5.780000000000655,1,2020
2.0,1.9619579000760845,2.0,1.9619579000760845,1.6,1.5619579000760846,39.43000000000029,-1,2020
2.0,1.9592058743540934,2.0,1.9592058743540934,2.0,1.9592058743540934,36.77000000000044,-1,2020
2.0,1.9592058743540934,2.0,1.9592058743540934,2.0,1.9592058743540934,36.77000000000044,-1,2020
-1.0,-1.088287227781049,-1.0,-1.088287227781049,-1.0,-1.088287227781049,16.98999999999978,-1,2020
-1.0,-1.088287227781049,-1.0,-1.088287227781049,-1.0,-1.088287227781049,16.98999999999978,-1,2020
2.0,1.8327759197324291,2.0,1.8327759197324291,1.6,1.4327759197324292,8.969999999999345,1,2020
2.0,1.8327759197324291,2.0,1.8327759197324291,1.6,1.4327759197324292,8.969999999999345,1,2020
-1.0,-1.2,-1.0,-1.2,-1.0,-1.2,7.5,-1,2020
-1.0,-1.0521014241055906,-1.0,-1.0521014241055906,-1.0,-1.0521014241055906,28.790000000000873,1,2020
-1.0,-1.1666666666666667,0.0,-0.16666666666666666,0.0,-0.16666666666666666,9.0,-1,2020
-1.0,-1.4854368932038606,-1.0,-1.4854368932038606,-1.0,-1.4854368932038606,3.0900000000001455,-1,2020
2.0,1.914040114613184,2.0,1.914040114613184,1.6,1.514040114613184,17.450000000000728,1,2020
2.0,1.7939560439560625,0.0,-0.20604395604393752,0.0,-0.20604395604393752,7.280000000000655,-1,2020
-1.0,-1.088391278727169,-1.0,-1.088391278727169,-1.0,-1.088391278727169,16.969999999999345,1,2020
-1.0,-1.2242152466368152,-1.0,-1.2242152466368152,-1.0,-1.2242152466368152,6.68999999999869,-1,2020
2.0,1.874055415617127,2.0,1.874055415617127,1.6,1.474055415617127,11.909999999999854,1,2020
2.0,1.874055415617127,2.0,1.874055415617127,1.6,1.474055415617127,11.909999999999854,1,2020
2.0,1.874055415617127,2.0,1.874055415617127,1.6,1.474055415617127,11.909999999999854,1,2020
-1.0,-1.0577367205542736,-1.0,-1.0577367205542736,-1.0,-1.0577367205542736,25.979999999999563,-1,2020
-1.0,-1.1038062283737102,-1.0,-1.1038062283737102,-1.0,-1.1038062283737102,14.449999999998909,1,2020
-1.0,-1.0931677018633519,-1.0,-1.0931677018633519,-1.0,-1.0931677018633519,16.100000000000364,-1,2020
2.0,1.6651785714285388,2.0,1.6651785714285388,2.099107142857205,1.7642857142857435,4.479999999999563,1,2020
2.0,1.253731343283663,0.0,-0.7462686567163369,0.0,-0.7462686567163369,2.0100000000002183,-1,2020
2.0,1.253731343283663,0.0,-0.7462686567163369,0.0,-0.7462686567163369,2.0100000000002183,-1,2020
2.0,1.253731343283663,0.0,-0.7462686567163369,0.0,-0.7462686567163369,2.0100000000002183,-1,2020
-1.0,-1.204638472032744,-1.0,-1.204638472032744,-1.0,-1.204638472032744,7.329999999999927,1,2020
-1.0,-1.1953124999999927,-1.0,-1.1953124999999927,-1.0,-1.1953124999999927,7.680000000000291,-1,2020
2.0,1.7017892644134498,0.0,-0.29821073558655015,0.0,-0.29821073558655015,5.029999999998836,1,2020
-1.0,-1.1546391752577494,-1.0,-1.1546391752577494,-1.0,-1.1546391752577494,9.699999999998909,-1,2020
-1.0,-1.368550368550395,-1.0,-1.368550368550395,-1.0,-1.368550368550395,4.069999999999709,1,2020
2.0,1.7005988023952225,2.0,1.7005988023952225,1.6,1.3005988023952226,5.010000000000218,-1,2020
-1.0,-1.1348920863309255,-1.0,-1.1348920863309255,-1.0,-1.1348920863309255,11.1200000000008,-1,2020
-1.0,-1.1348920863309255,-1.0,-1.1348920863309255,-1.0,-1.1348920863309255,11.1200000000008,-1,2020
2.0,1.6173469387755173,2.0,1.6173469387755173,1.6,1.2173469387755174,3.9200000000000728,-1,2020
-1.0,-1.3340757238307512,-1.0,-1.3340757238307512,-1.0,-1.3340757238307512,4.489999999999782,1,2020
-1.0,-1.0785751702462016,-1.0,-1.0785751702462016,-1.0,-1.0785751702462016,19.090000000000146,-1,2020
-1.0,-1.0785751702462016,-1.0,-1.0785751702462016,-1.0,-1.0785751702462016,19.090000000000146,-1,2020
-1.0,-1.0785751702462016,-1.0,-1.0785751702462016,-1.0,-1.0785751702462016,19.090000000000146,-1,2020
-1.0,-1.0785751702462016,-1.0,-1.0785751702462016,-1.0,-1.0785751702462016,19.090000000000146,-1,2020
-1.0,-1.0785751702462016,-1.0,-1.0785751702462016,-1.0,-1.0785751702462016,19.090000000000146,-1,2020
-1.0,-1.1155624036979845,-1.0,-1.1155624036979845,-1.0,-1.1155624036979845,12.980000000001382,1,2020
-1.0,-1.1155624036979845,-1.0,-1.1155624036979845,-1.0,-1.1155624036979845,12.980000000001382,1,2020
-1.0,-1.1155624036979845,-1.0,-1.1155624036979845,-1.0,-1.1155624036979845,12.980000000001382,1,2020
-1.0,-1.0768442622950802,-1.0,-1.0768442622950802,-1.0,-1.0768442622950802,19.520000000000437,-1,2020
-1.0,-1.0284468044756307,-1.0,-1.0284468044756307,-1.0,-1.0284468044756307,52.72999999999956,-1,2020
-1.0,-1.0284468044756307,-1.0,-1.0284468044756307,-1.0,-1.0284468044756307,52.72999999999956,-1,2020
-1.0,-1.0284468044756307,-1.0,-1.0284468044756307,-1.0,-1.0284468044756307,52.72999999999956,-1,2020
-1.0,-1.1344086021505393,-1.0,-1.1344086021505393,-1.0,-1.1344086021505393,11.159999999999854,1,2020
-1.0,-1.1344086021505393,-1.0,-1.1344086021505393,-1.0,-1.1344086021505393,11.159999999999854,1,2020
-1.0,-1.6666666666666665,0.0,-0.6666666666666666,0.0,-0.6666666666666666,2.25,-1,2020
2.0,1.8632634457611585,0.0,-0.13673655423884135,0.0,-0.13673655423884135,10.969999999999345,-1,2020
2.0,1.768518518518568,0.0,-0.2314814814814321,0.0,-0.2314814814814321,6.480000000001382,1,2020
-1.0,-1.0741473059812177,-1.0,-1.0741473059812177,-1.0,-1.0741473059812177,20.229999999999563,1,2020
-1.0,-1.0741473059812177,-1.0,-1.0741473059812177,-1.0,-1.0741473059812177,20.229999999999563,1,2020
-1.0,-1.0741473059812177,-1.0,-1.0741473059812177,-1.0,-1.0741473059812177,20.229999999999563,1,2020
-1.0,-1.1706484641638408,-1.0,-1.1706484641638408,-1.0,-1.1706484641638408,8.789999999999054,-1,2020
-1.0,-1.1706484641638408,-1.0,-1.1706484641638408,-1.0,-1.1706484641638408,8.789999999999054,-1,2020
2.0,1.9457308248914604,2.0,1.9457308248914604,2.0,1.9457308248914604,27.639999999999418,1,2020
2.0,1.893992932862188,2.0,1.893992932862188,1.6,1.4939929328621881,14.149999999999636,1,2020
2.0,1.893992932862188,2.0,1.893992932862188,1.6,1.4939929328621881,14.149999999999636,1,2020
2.0,1.893992932862188,2.0,1.893992932862188,1.6,1.4939929328621881,14.149999999999636,1,2020
-1.0,-1.5102040816325646,-1.0,-1.5102040816325646,-1.0,-1.5102040816325646,2.9400000000005093,1,2020
-1.0,-1.273224043715858,-1.0,-1.273224043715858,-1.0,-1.273224043715858,5.489999999999782,-1,2020
-1.0,-1.0350631136044874,-1.0,-1.0350631136044874,-1.0,-1.0350631136044874,42.780000000000655,1,2020
-1.0,-1.1109467455621267,-1.0,-1.1109467455621267,-1.0,-1.1109467455621267,13.520000000000437,-1,2020
-1.0,-1.1109467455621267,-1.0,-1.1109467455621267,-1.0,-1.1109467455621267,13.520000000000437,-1,2020
-1.0,-1.1109467455621267,-1.0,-1.1109467455621267,-1.0,-1.1109467455621267,13.520000000000437,-1,2020
-1.0,-1.887573964496774,-1.0,-1.887573964496774,-1.0,-1.887573964496774,1.6900000000005093,-1,2020
-1.0,-1.5535055350551574,-1.0,-1.5535055350551574,-1.0,-1.5535055350551574,2.710000000000946,1,2020
-1.0,-1.5535055350551574,-1.0,-1.5535055350551574,-1.0,-1.5535055350551574,2.710000000000946,1,2020
-1.0,-1.249584026622287,0.0,-0.2495840266222871,0.0,-0.2495840266222871,6.010000000000218,1,2020
2.0,1.7041420118343025,0.0,-0.29585798816569747,0.0,-0.29585798816569747,5.069999999999709,-1,2020
-1.0,-1.1945525291828556,0.0,-0.1945525291828555,0.0,-0.1945525291828555,7.710000000000946,1,2020
-1.0,-2.229508196720138,-1.0,-2.229508196720138,-1.0,-2.229508196720138,1.2200000000011642,1,2020
2.0,1.853372434017589,2.0,1.853372434017589,2.0,1.853372434017589,10.229999999999563,-1,2020
-1.0,-1.218340611353744,0.0,-0.21834061135374416,0.0,-0.21834061135374416,6.869999999998981,-1,2020
-1.0,-1.218340611353744,0.0,-0.21834061135374416,0.0,-0.21834061135374416,6.869999999998981,-1,2020
-1.0,-1.2005347593583005,-1.0,-1.2005347593583005,-1.0,-1.2005347593583005,7.479999999999563,1,2020
2.0,1.079754601227569,2.0,1.079754601227569,1.6,0.679754601227569,1.6300000000010186,-1,2020
-1.0,-1.2788104089219745,-1.0,-1.2788104089219745,-1.0,-1.2788104089219745,5.3799999999992,1,2020
-1.0,-1.2617801047120618,-1.0,-1.2617801047120618,-1.0,-1.2617801047120618,5.729999999999563,1,2020
-1.0,-1.2617801047120618,-1.0,-1.2617801047120618,-1.0,-1.2617801047120618,5.729999999999563,1,2020
-1.0,-1.1777251184834017,-1.0,-1.1777251184834017,-1.0,-1.1777251184834017,8.44000000000051,-1,2020
2.0,1.6411483253588766,2.0,1.6411483253588766,2.0,1.6411483253588766,4.180000000000291,1,2020
-1.0,-1.103092783505147,-1.0,-1.103092783505147,-1.0,-1.103092783505147,14.550000000001091,-1,2020
2.0,1.5145631067961394,2.0,1.5145631067961394,2.0,1.5145631067961394,3.0900000000001455,1,2020
2.0,1.5145631067961394,2.0,1.5145631067961394,2.0,1.5145631067961394,3.0900000000001455,1,2020
2.0,1.9131944444444478,2.0,1.9131944444444478,2.0,1.9131944444444478,17.280000000000655,1,2020
2.0,1.9131944444444478,2.0,1.9131944444444478,2.0,1.9131944444444478,17.280000000000655,1,2020
-1.0,-1.3296703296702506,0.0,-0.3296703296702506,0.0,-0.3296703296702506,4.550000000001091,-1,2020
2.0,1.6794871794871995,2.0,1.6794871794871995,2.0,1.6794871794871995,4.680000000000291,1,2020
-1.0,-1.1609442060085886,-1.0,-1.1609442060085886,-1.0,-1.1609442060085886,9.319999999999709,1,2020
2.0,1.9459069599711496,2.0,1.9459069599711496,1.6,1.5459069599711497,27.729999999999563,-1,2020
2.0,1.796747967479703,2.0,1.796747967479703,1.6,1.396747967479703,7.380000000001019,-1,2020
-1.0,-1.0449910017996398,0.0,-0.04499100179963988,0.0,-0.04499100179963988,33.340000000000146,-1,2020
-1.0,-1.0357142857142858,-1.0,-1.0357142857142858,-1.0,-1.0357142857142858,42.0,-1,2020
-1.0,-1.1989389920424172,0.0,-0.19893899204241727,0.0,-0.19893899204241727,7.540000000000873,1,2020
-1.0,-1.2145922746781184,-1.0,-1.2145922746781184,-1.0,-1.2145922746781184,6.989999999999782,-1,2020
2.0,1.9446085672082716,2.0,1.9446085672082716,2.0,1.9446085672082716,27.079999999999927,-1,2020
2.0,1.9579831932773097,0.0,-0.04201680672269036,0.0,-0.04201680672269036,35.69999999999891,1,2020
-1.0,-1.205198358413147,-1.0,-1.205198358413147,-1.0,-1.205198358413147,7.309999999999491,-1,2020
2.0,1.935567010309275,2.0,1.935567010309275,2.0,1.935567010309275,23.279999999998836,1,2020
2.0,1.935567010309275,2.0,1.935567010309275,2.0,1.935567010309275,23.279999999998836,1,2020
-1.0,-1.1732101616628205,-1.0,-1.1732101616628205,-1.0,-1.1732101616628205,8.659999999999854,-1,2020
-1.0,-1.1764705882352942,-1.0,-1.1764705882352942,-1.0,-1.1764705882352942,8.5,1,2020
-1.0,-1.1385041551246546,-1.0,-1.1385041551246546,-1.0,-1.1385041551246546,10.829999999999927,-1,2020
-1.0,-1.270270270270217,-1.0,-1.270270270270217,-1.0,-1.270270270270217,5.550000000001091,1,2020
-1.0,-1.0779625779625788,0.0,-0.07796257796257884,0.0,-0.07796257796257884,19.23999999999978,1,2020
-1.0,-1.0418877408545104,-1.0,-1.0418877408545104,-1.0,-1.0418877408545104,35.80999999999949,-1,2020
-1.0,-1.0372670807453417,0.0,-0.037267080745341616,0.0,-0.037267080745341616,40.25,-1,2020
-1.0,-1.0372670807453417,0.0,-0.037267080745341616,0.0,-0.037267080745341616,40.25,-1,2020
-1.0,-1.1183898973954216,-1.0,-1.1183898973954216,-1.0,-1.1183898973954216,12.670000000000073,1,2020
2.0,1.84093319194062,2.0,1.84093319194062,1.6,1.44093319194062,9.430000000000291,1,2020
2.0,1.747048903878596,2.0,1.747048903878596,1.6,1.347048903878596,5.930000000000291,1,2020
2.0,1.747048903878596,2.0,1.747048903878596,1.6,1.347048903878596,5.930000000000291,1,2020
-1.0,-1.1256281407035122,-1.0,-1.1256281407035122,-1.0,-1.1256281407035122,11.94000000000051,1,2020
-1.0,-1.3488372093023846,-1.0,-1.3488372093023846,-1.0,-1.3488372093023846,4.299999999999272,1,2020
2.0,1.4863013698630265,2.0,1.4863013698630265,1.6,1.0863013698630266,2.9200000000000728,-1,2020
-1.0,-1.041345093715547,-1.0,-1.041345093715547,-1.0,-1.041345093715547,36.279999999998836,1,2020
-1.0,-1.041345093715547,-1.0,-1.041345093715547,-1.0,-1.041345093715547,36.279999999998836,1,2020
2.0,1.9526963103122057,0.0,-0.047303689687794234,0.0,-0.047303689687794234,31.710000000000946,-1,2020
-1.0,-1.3440366972476605,-1.0,-1.3440366972476605,-1.0,-1.3440366972476605,4.360000000000582,-1,2020
-1.0,-1.2555366269164898,-1.0,-1.2555366269164898,-1.0,-1.2555366269164898,5.8700000000008,-1,2020
-1.0,-1.2555366269164898,-1.0,-1.2555366269164898,-1.0,-1.2555366269164898,5.8700000000008,-1,2020
2.0,1.8733108108108123,2.0,1.8733108108108123,2.0,1.8733108108108123,11.840000000000146,-1,2020
-1.0,-1.1498501498501739,0.0,-0.1498501498501738,0.0,-0.1498501498501738,10.0099999999984,1,2020
-1.0,-1.1019714479945675,-1.0,-1.1019714479945675,-1.0,-1.1019714479945675,14.709999999999127,-1,2020
-1.0,-1.2976190476191034,0.0,-0.29761904761910346,0.0,-0.29761904761910346,5.039999999999054,-1,2020
-1.0,-1.0571646341463419,-1.0,-1.0571646341463419,-1.0,-1.0571646341463419,26.23999999999978,-1,2020
-1.0,-1.1021798365122595,-1.0,-1.1021798365122595,-1.0,-1.1021798365122595,14.680000000000291,1,2020
-1.0,-1.1740139211136729,0.0,-0.17401392111367295,0.0,-0.17401392111367295,8.6200000000008,-1,2020
2.0,1.9091459721380992,0.0,-0.09085402786190068,0.0,-0.09085402786190068,16.51000000000022,1,2020
2.0,1.8501498501498534,2.0,1.8501498501498534,1.6,1.4501498501498535,10.010000000000218,1,2020
-1.0,-1.1764705882352942,0.0,-0.17647058823529413,0.0,-0.17647058823529413,8.5,-1,2020
-1.0,-1.1764705882352942,0.0,-0.17647058823529413,0.0,-0.17647058823529413,8.5,-1,2020
-1.0,-1.071225071225073,-1.0,-1.071225071225073,-1.0,-1.071225071225073,21.05999999999949,1,2020
-1.0,-1.1762632197414762,-1.0,-1.1762632197414762,-1.0,-1.1762632197414762,8.510000000000218,-1,2020
2.0,1.93829699712053,2.0,1.93829699712053,2.0,1.93829699712053,24.31000000000131,-1,2020
-1.0,-1.0524292205522567,-1.0,-1.0524292205522567,-1.0,-1.0524292205522567,28.609999999998763,1,2020
2.0,1.8233215547703134,2.0,1.8233215547703134,1.6,1.4233215547703135,8.489999999999782,-1,2020
-1.0,-1.0590783773139045,-1.0,-1.0590783773139045,-1.0,-1.0590783773139045,25.389999999999418,1,2020
-1.0,-1.0590783773139045,-1.0,-1.0590783773139045,-1.0,-1.0590783773139045,25.389999999999418,1,2020
2.0,1.7572815533980697,2.0,1.7572815533980697,1.6,1.3572815533980698,6.180000000000291,-1,2020
-1.0,-1.1232539030402622,-1.0,-1.1232539030402622,-1.0,-1.1232539030402622,12.170000000000073,-1,2020
-1.0,-1.114416475972535,0.0,-0.11441647597253496,0.0,-0.11441647597253496,13.110000000000582,-1,2020
-1.0,-1.1325088339222436,-1.0,-1.1325088339222436,-1.0,-1.1325088339222436,11.320000000001528,1,2020
-1.0,-1.1325088339222436,-1.0,-1.1325088339222436,-1.0,-1.1325088339222436,11.320000000001528,1,2020
-1.0,-1.0759878419452895,-1.0,-1.0759878419452895,-1.0,-1.0759878419452895,19.73999999999978,-1,2020
-1.0,-1.2218934911242532,-1.0,-1.2218934911242532,-1.0,-1.2218934911242532,6.760000000000218,1,2020
-1.0,-1.2218934911242532,-1.0,-1.2218934911242532,-1.0,-1.2218934911242532,6.760000000000218,1,2020
-1.0,-1.2218934911242532,-1.0,-1.2218934911242532,-1.0,-1.2218934911242532,6.760000000000218,1,2020
2.0,1.7409326424870044,0.0,-0.2590673575129957,0.0,-0.2590673575129957,5.789999999999054,1,2020
-1.0,-1.2814258911819927,-1.0,-1.2814258911819927,-1.0,-1.2814258911819927,5.329999999999927,1,2020
2.0,1.8854961832061101,2.0,1.8854961832061101,1.6,1.4854961832061102,13.100000000000364,-1,2020
-1.0,-1.0920245398773047,-1.0,-1.0920245398773047,-1.0,-1.0920245398773047,16.299999999999272,1,2020
-1.0,-1.0920245398773047,-1.0,-1.0920245398773047,-1.0,-1.0920245398773047,16.299999999999272,1,2020
-1.0,-1.1262626262626347,0.0,-0.12626262626263476,0.0,-0.12626262626263476,11.8799999999992,1,2020
-1.0,-1.3614457831324034,-1.0,-1.3614457831324034,-1.0,-1.3614457831324034,4.150000000001455,1,2020
-1.0,-1.3614457831324034,-1.0,-1.3614457831324034,-1.0,-1.3614457831324034,4.150000000001455,1,2020
-1.0,-1.0588928150765622,-1.0,-1.0588928150765622,-1.0,-1.0588928150765622,25.469999999999345,1,2020
-1.0,-1.1102130786186728,-1.0,-1.1102130786186728,-1.0,-1.1102130786186728,13.609999999998763,-1,2020
-1.0,-1.3012048192771348,-1.0,-1.3012048192771348,-1.0,-1.3012048192771348,4.979999999999563,1,2020
-1.0,-1.1241721854304643,-1.0,-1.1241721854304643,-1.0,-1.1241721854304643,12.079999999999927,-1,2020
-1.0,-1.1241721854304643,-1.0,-1.1241721854304643,-1.0,-1.1241721854304643,12.079999999999927,-1,2020
-1.0,-1.1241721854304643,-1.0,-1.1241721854304643,-1.0,-1.1241721854304643,12.079999999999927,-1,2020
2.0,1.7,0.0,-0.3,0.0,-0.3,5.0,1,2020
-1.0,-1.351288056206053,-1.0,-1.351288056206053,-1.0,-1.351288056206053,4.270000000000437,1,2020
-1.0,-1.2559726962457083,-1.0,-1.2559726962457083,-1.0,-1.2559726962457083,5.860000000000582,-1,2020
-1.0,-1.2692998204668005,-1.0,-1.2692998204668005,-1.0,-1.2692998204668005,5.569999999999709,1,2020
-1.0,-1.2692998204668005,-1.0,-1.2692998204668005,-1.0,-1.2692998204668005,5.569999999999709,1,2020
2.0,1.8616236162361641,2.0,1.8616236162361641,1.6,1.4616236162361642,10.840000000000146,1,2020
2.0,1.8560460652591182,0.0,-0.14395393474088192,0.0,-0.14395393474088192,10.420000000000073,1,2020
-1.0,-1.0943396226415116,-1.0,-1.0943396226415116,-1.0,-1.0943396226415116,15.899999999999636,-1,2020
-1.0,-1.0943396226415116,-1.0,-1.0943396226415116,-1.0,-1.0943396226415116,15.899999999999636,-1,2020
-1.0,-1.0899820035992798,-1.0,-1.0899820035992798,-1.0,-1.0899820035992798,16.670000000000073,-1,2020
-1.0,-1.0899820035992798,-1.0,-1.0899820035992798,-1.0,-1.0899820035992798,16.670000000000073,-1,2020
2.0,1.8344370860927393,2.0,1.8344370860927393,2.0,1.8344370860927393,9.06000000000131,1,2020
2.0,1.7716894977168849,2.0,1.7716894977168849,1.6,1.371689497716885,6.569999999999709,1,2020
-1.0,-1.213980028530664,-1.0,-1.213980028530664,-1.0,-1.213980028530664,7.010000000000218,1,2020
-1.0,-1.3472222222222456,-1.0,-1.3472222222222456,-1.0,-1.3472222222222456,4.319999999999709,-1,2020
-1.0,-1.367647058823536,-1.0,-1.367647058823536,-1.0,-1.367647058823536,4.079999999999927,-1,2020
-1.0,-1.210674157303401,-1.0,-1.210674157303401,-1.0,-1.210674157303401,7.119999999998981,1,2020
-1.0,-1.210674157303401,-1.0,-1.210674157303401,-1.0,-1.210674157303401,7.119999999998981,1,2020
-1.0,-1.5791505791505465,-1.0,-1.5791505791505465,-1.0,-1.5791505791505465,2.5900000000001455,-1,2020
2.0,1.8279816513761338,2.0,1.8279816513761338,1.6,1.4279816513761339,8.719999999999345,1,2020
-1.0,-1.6726457399104455,-1.0,-1.6726457399104455,-1.0,-1.6726457399104455,2.2299999999995634,-1,2020
2.0,1.8362445414847135,2.0,1.8362445414847135,2.0,1.8362445414847135,9.159999999999854,1,2020
-1.0,-1.052576235541534,-1.0,-1.052576235541534,-1.0,-1.052576235541534,28.530000000000655,1,2020
2.0,1.8571428571428572,0.0,-0.14285714285714285,0.0,-0.14285714285714285,10.5,-1,2020
-1.0,-1.0921375921375986,-1.0,-1.0921375921375986,-1.0,-1.0921375921375986,16.279999999998836,-1,2020
-1.0,-1.255536626916569,0.0,-0.25553662691656903,0.0,-0.25553662691656903,5.869999999998981,1,2020
-1.0,-1.6493506493507926,-1.0,-1.6493506493507926,-1.0,-1.6493506493507926,2.3099999999994907,-1,2020
-1.0,-1.108853410740198,0.0,-0.10885341074019803,0.0,-0.10885341074019803,13.780000000000655,1,2020
-1.0,-1.2912621359223506,-1.0,-1.2912621359223506,-1.0,-1.2912621359223506,5.149999999999636,1,2020
-1.0,-1.2912621359223506,-1.0,-1.2912621359223506,-1.0,-1.2912621359223506,5.149999999999636,1,2020
2.0,1.9161073825503403,2.0,1.9161073825503403,2.0,1.9161073825503403,17.88000000000102,-1,2020
-1.0,-1.0802568218298534,0.0,-0.08025682182985334,0.0,-0.08025682182985334,18.69000000000051,-1,2020
2.0,1.6651785714285388,0.0,-0.3348214285714612,0.0,-0.3348214285714612,4.479999999999563,-1,2020
2.0,1.864986498649872,2.0,1.864986498649872,1.6,1.4649864986498722,11.110000000000582,-1,2020
-1.0,-1.420168067226925,0.0,-0.420168067226925,0.0,-0.420168067226925,3.569999999999709,-1,2020
-1.0,-1.1297577854671337,-1.0,-1.1297577854671337,-1.0,-1.1297577854671337,11.55999999999949,1,2020
-1.0,-1.1297577854671337,-1.0,-1.1297577854671337,-1.0,-1.1297577854671337,11.55999999999949,1,2020
-1.0,-1.1218422548939824,-1.0,-1.1218422548939824,-1.0,-1.1218422548939824,12.311000000001513,1,2020
-1.0,-1.2411575562701218,-1.0,-1.2411575562701218,-1.0,-1.2411575562701218,6.219999999999345,1,2020
-1.0,-1.0502849480388872,-1.0,-1.0502849480388872,-1.0,-1.0502849480388872,29.829999999999927,-1,2020
-1.0,-1.0502849480388872,-1.0,-1.0502849480388872,-1.0,-1.0502849480388872,29.829999999999927,-1,2020
-1.0,-1.0502849480388872,-1.0,-1.0502849480388872,-1.0,-1.0502849480388872,29.829999999999927,-1,2020
-1.0,-1.0808625336927256,0.0,-0.08086253369272554,0.0,-0.08086253369272554,18.549999999999272,-1,2020
-1.0,-1.0808625336927256,0.0,-0.08086253369272554,0.0,-0.08086253369272554,18.549999999999272,-1,2020
-1.0,-1.2071823204419951,0.0,-0.2071823204419952,0.0,-0.2071823204419952,7.239999999999782,1,2020
-1.0,-1.2071823204419951,0.0,-0.2071823204419952,0.0,-0.2071823204419952,7.239999999999782,1,2020
-1.0,-1.140581068416119,-1.0,-1.140581068416119,-1.0,-1.140581068416119,10.670000000000073,1,2020
-1.0,-1.2622377622377923,0.0,-0.26223776223779227,0.0,-0.26223776223779227,5.719999999999345,-1,2020
-1.0,-1.2622377622377923,0.0,-0.26223776223779227,0.0,-0.26223776223779227,5.719999999999345,-1,2020
-1.0,-1.2622377622377923,0.0,-0.26223776223779227,0.0,-0.26223776223779227,5.719999999999345,-1,2020
-1.0,-1.0910746812386092,-1.0,-1.0910746812386092,-1.0,-1.0910746812386092,16.470000000001164,-1,2020
-1.0,-1.1616379310344713,-1.0,-1.1616379310344713,-1.0,-1.1616379310344713,9.280000000000655,-1,2020
2.0,1.5774647887323079,2.0,1.5774647887323079,1.6,1.177464788732308,3.5499999999992724,1,2020
2.0,1.8713550600343238,0.0,-0.12864493996567622,0.0,-0.12864493996567622,11.660000000001673,-1,2020
2.0,1.8713550600343238,0.0,-0.12864493996567622,0.0,-0.12864493996567622,11.660000000001673,-1,2020
2.0,1.8942917547568612,2.0,1.8942917547568612,2.0,1.8942917547568612,14.18999999999869,-1,2020
2.0,1.8942917547568612,2.0,1.8942917547568612,2.0,1.8942917547568612,14.18999999999869,-1,2020
-1.0,-1.0596208116379833,0.0,-0.05962081163798326,0.0,-0.05962081163798326,25.15899999999965,1,2020
-1.0,-1.0596208116379833,0.0,-0.05962081163798326,0.0,-0.05962081163798326,25.15899999999965,1,2020
-1.0,-1.1583949313621769,0.0,-0.15839493136217694,0.0,-0.15839493136217694,9.470000000001164,1,2020
2.0,1.718098101860548,0.0,-0.2819018981394521,0.0,-0.2819018981394521,5.320999999999913,1,2020
2.0,1.8546370772361849,0.0,-0.14536292276381504,0.0,-0.14536292276381504,10.319000000001324,-1,2020
-1.0,-1.0824628916987333,-1.0,-1.0824628916987333,-1.0,-1.0824628916987333,18.19000000000051,-1,2020
-1.0,-1.1042462992563822,-1.0,-1.1042462992563822,-1.0,-1.1042462992563822,14.388999999999214,-1,2020
-1.0,-1.100193707835151,-1.0,-1.100193707835151,-1.0,-1.100193707835151,14.970999999999549,1,2020
2.0,1.8364231188658682,2.0,1.8364231188658682,2.0,1.8364231188658682,9.170000000000073,-1,2020
2.0,1.8320268756998934,2.0,1.8320268756998934,1.6,1.4320268756998935,8.930000000000291,1,2020
2.0,1.8320268756998934,2.0,1.8320268756998934,1.6,1.4320268756998935,8.930000000000291,1,2020
-1.0,-1.05407354001442,-1.0,-1.05407354001442,-1.0,-1.05407354001442,27.73999999999978,1,2020
-1.0,-1.05407354001442,-1.0,-1.05407354001442,-1.0,-1.05407354001442,27.73999999999978,1,2020
-1.0,-1.1893939393939377,-1.0,-1.1893939393939377,-1.0,-1.1893939393939377,7.920000000000073,-1,2020
2.0,1.8046875000000073,2.0,1.8046875000000073,2.0,1.8046875000000073,7.680000000000291,1,2020
2.0,1.9502157318287408,2.0,1.9502157318287408,1.6,1.5502157318287408,30.1299999999992,1,2020
2.0,1.8587570621469034,2.0,1.8587570621469034,2.0,1.8587570621469034,10.6200000000008,1,2020
2.0,1.7211895910780255,2.0,1.7211895910780255,1.6,1.3211895910780256,5.3799999999992,-1,2020
-1.0,-1.0813052197951165,-1.0,-1.0813052197951165,-1.0,-1.0813052197951165,18.448999999998705,-1,2020
-1.0,-1.0813052197951165,-1.0,-1.0813052197951165,-1.0,-1.0813052197951165,18.448999999998705,-1,2020
-1.0,-1.0813052197951165,-1.0,-1.0813052197951165,-1.0,-1.0813052197951165,18.448999999998705,-1,2020
-1.0,-1.213371266002825,-1.0,-1.213371266002825,-1.0,-1.213371266002825,7.030000000000655,-1,2020
-1.0,-1.0493778392257544,-1.0,-1.0493778392257544,-1.0,-1.0493778392257544,30.37800000000061,1,2020
2.0,1.896907216494853,2.0,1.896907216494853,2.0,1.896907216494853,14.550000000001091,1,2020
2.0,1.9191810344827565,0.0,-0.0808189655172436,0.0,-0.0808189655172436,18.55999999999949,-1,2020
-1.0,-1.1352813852813664,-1.0,-1.1352813852813664,-1.0,-1.1352813852813664,11.088000000001557,-1,2020
-1.0,-1.105857445306986,-1.0,-1.105857445306986,-1.0,-1.105857445306986,14.170000000000073,1,2020
-1.0,-1.105857445306986,-1.0,-1.105857445306986,-1.0,-1.105857445306986,14.170000000000073,1,2020
-1.0,-1.3496503496502785,-1.0,-1.3496503496502785,-1.0,-1.3496503496502785,4.290000000000873,-1,2020
2.0,1.8402555910543033,0.0,-0.1597444089456968,0.0,-0.1597444089456968,9.389999999999418,1,2020
-1.0,-1.2354788069073488,-1.0,-1.2354788069073488,-1.0,-1.2354788069073488,6.3700000000008,1,2020
-1.0,-1.1668520578420507,-1.0,-1.1668520578420507,-1.0,-1.1668520578420507,8.989999999999782,-1,2020
-1.0,-1.2173913043478375,0.0,-0.21739130434783754,0.0,-0.21739130434783754,6.899999999999636,1,2020
-1.0,-1.2071823204419951,-1.0,-1.2071823204419951,-1.0,-1.2071823204419951,7.239999999999782,1,2020
-1.0,-1.0312838908817883,-1.0,-1.0312838908817883,-1.0,-1.0312838908817883,47.94800000000032,-1,2020
-1.0,-1.0312838908817883,-1.0,-1.0312838908817883,-1.0,-1.0312838908817883,47.94800000000032,-1,2020
-1.0,-1.0312838908817883,-1.0,-1.0312838908817883,-1.0,-1.0312838908817883,47.94800000000032,-1,2020
-1.0,-1.2029769959404761,-1.0,-1.2029769959404761,-1.0,-1.2029769959404761,7.389999999999418,1,2020
-1.0,-1.2029769959404761,-1.0,-1.2029769959404761,-1.0,-1.2029769959404761,7.389999999999418,1,2020
-1.0,-1.106837606837614,-1.0,-1.106837606837614,-1.0,-1.106837606837614,14.039999999999054,1,2020
-1.0,-1.106837606837614,-1.0,-1.106837606837614,-1.0,-1.106837606837614,14.039999999999054,1,2020
-1.0,-1.1200960768614914,-1.0,-1.1200960768614914,-1.0,-1.1200960768614914,12.489999999999782,-1,2020
-1.0,-1.2063273727647743,-1.0,-1.2063273727647743,-1.0,-1.2063273727647743,7.270000000000437,1,2020
2.0,1.7896213183731016,0.0,-0.2103786816268984,0.0,-0.2103786816268984,7.130000000001019,1,2020
2.0,1.289099526065934,2.0,1.289099526065934,2.0,1.289099526065934,2.109999999998763,-1,2020
2.0,1.870578084555653,2.0,1.870578084555653,1.6,1.470578084555653,11.590000000000146,1,2020
-1.0,-1.1200960768614738,-1.0,-1.1200960768614738,-1.0,-1.1200960768614738,12.4900000000016,1,2020
-1.0,-1.1200960768614738,-1.0,-1.1200960768614738,-1.0,-1.1200960768614738,12.4900000000016,1,2020
-1.0,-1.1200960768614738,-1.0,-1.1200960768614738,-1.0,-1.1200960768614738,12.4900000000016,1,2020
2.0,1.246231155778812,2.0,1.246231155778812,1.6,0.8462311557788119,1.9899999999997817,1,2020
2.0,1.246231155778812,2.0,1.246231155778812,1.6,0.8462311557788119,1.9899999999997817,1,2020
-1.0,-1.320512820512925,-1.0,-1.320512820512925,-1.0,-1.320512820512925,4.679999999998472,1,2020
2.0,1.6794871794871995,0.0,-0.32051282051280056,0.0,-0.32051282051280056,4.680000000000291,-1,2020
-1.0,-1.247116968698529,-1.0,-1.247116968698529,-1.0,-1.247116968698529,6.069999999999709,1,2020
2.0,1.845201238390072,0.0,-0.15479876160992803,0.0,-0.15479876160992803,9.68999999999869,-1,2020
-1.0,-1.2148997134670623,-1.0,-1.2148997134670623,-1.0,-1.2148997134670623,6.979999999999563,-1,2020
-1.0,-1.0820568927789986,-1.0,-1.0820568927789986,-1.0,-1.0820568927789986,18.279999999998836,1,2020
-1.0,-1.0820568927789986,-1.0,-1.0820568927789986,-1.0,-1.0820568927789986,18.279999999998836,1,2020
-1.0,-1.1117734724292094,-1.0,-1.1117734724292094,-1.0,-1.1117734724292094,13.420000000000073,-1,2020
2.0,1.87479131886477,2.0,1.87479131886477,2.0,1.87479131886477,11.979999999999563,1,2020
2.0,1.87479131886477,2.0,1.87479131886477,2.0,1.87479131886477,11.979999999999563,1,2020
2.0,1.87479131886477,2.0,1.87479131886477,2.0,1.87479131886477,11.979999999999563,1,2020
-1.0,-1.3112033195020936,0.0,-0.31120331950209346,0.0,-0.31120331950209346,4.819999999999709,1,2020
-1.0,-1.1409774436090303,-1.0,-1.1409774436090303,-1.0,-1.1409774436090303,10.639999999999418,1,2020
2.0,1.5495495495495397,2.0,1.5495495495495397,1.6,1.1495495495495398,3.3299999999999272,-1,2020
-1.0,-1.6355932203388264,-1.0,-1.6355932203388264,-1.0,-1.6355932203388264,2.360000000000582,1,2020
-1.0,-1.3119800332779297,-1.0,-1.3119800332779297,-1.0,-1.3119800332779297,4.807999999999083,-1,2020
2.0,1.9468650371944731,2.0,1.9468650371944731,2.0,1.9468650371944731,28.229999999999563,1,2020
2.0,1.845201238390072,2.0,1.845201238390072,2.0,1.845201238390072,9.68999999999869,1,2020
2.0,1.8614958448753454,0.0,-0.13850415512465467,0.0,-0.13850415512465467,10.829999999999927,1,2020
2.0,1.8614958448753454,0.0,-0.13850415512465467,0.0,-0.13850415512465467,10.829999999999927,1,2020
2.0,1.8614958448753454,0.0,-0.13850415512465467,0.0,-0.13850415512465467,10.829999999999927,1,2020
2.0,1.4827586206895904,2.0,1.4827586206895904,1.6,1.0827586206895905,2.899999999999636,-1,2020
-1.0,-1.146484375000003,0.0,-0.14648437500000314,0.0,-0.14648437500000314,10.239999999999782,-1,2020
-1.0,-1.4545454545453043,0.0,-0.4545454545453042,0.0,-0.4545454545453042,3.3000000000010914,1,2020
-1.0,-1.3989361702127427,-1.0,-1.3989361702127427,-1.0,-1.3989361702127427,3.7600000000002183,-1,2020
-1.0,-1.7075471698110536,0.0,-0.7075471698110536,0.0,-0.7075471698110536,2.1200000000008004,-1,2020
-1.0,-1.4424778761062707,-1.0,-1.4424778761062707,-1.0,-1.4424778761062707,3.389999999999418,1,2020
-1.0,-1.4424778761062707,-1.0,-1.4424778761062707,-1.0,-1.4424778761062707,3.389999999999418,1,2020
-1.0,-1.4424778761062707,-1.0,-1.4424778761062707,-1.0,-1.4424778761062707,3.389999999999418,1,2020
-1.0,-1.3253796095444275,-1.0,-1.3253796095444275,-1.0,-1.3253796095444275,4.610000000000582,-1,2020
-1.0,-1.6818181818179563,-1.0,-1.6818181818179563,-1.0,-1.6818181818179563,2.2000000000007276,1,2020
-1.0,-1.2431118314424607,-1.0,-1.2431118314424607,-1.0,-1.2431118314424607,6.170000000000073,-1,2020
-1.0,-1.4702194357368703,-1.0,-1.4702194357368703,-1.0,-1.4702194357368703,3.1899999999986903,1,2020
-1.0,-1.2293577981651709,-1.0,-1.2293577981651709,-1.0,-1.2293577981651709,6.539999999999054,1,2020
-1.0,-1.7653061224486102,-1.0,-1.7653061224486102,-1.0,-1.7653061224486102,1.9600000000009459,-1,2020
-1.0,-1.2136752136752005,-1.0,-1.2136752136752005,-1.0,-1.2136752136752005,7.020000000000437,-1,2020
-1.0,-1.2136752136752005,-1.0,-1.2136752136752005,-1.0,-1.2136752136752005,7.020000000000437,-1,2020
2.0,1.948154292824552,2.0,1.948154292824552,2.0,1.948154292824552,28.93199999999888,-1,2020
2.0,1.948154292824552,2.0,1.948154292824552,2.0,1.948154292824552,28.93199999999888,-1,2020
2.0,1.948154292824552,2.0,1.948154292824552,2.0,1.948154292824552,28.93199999999888,-1,2020
2.0,1.948154292824552,2.0,1.948154292824552,2.0,1.948154292824552,28.93199999999888,-1,2020
2.0,1.8103666245259131,2.0,1.8103666245259131,2.0,1.8103666245259131,7.9099999999998545,-1,2020
2.0,1.9096276659838531,0.0,-0.09037233401614676,0.0,-0.09037233401614676,16.597999999999956,-1,2020
-1.0,-1.4575960951799534,-1.0,-1.4575960951799534,-1.0,-1.4575960951799534,3.2780000000002474,-1,2020
-1.0,-1.0857142857142856,0.0,-0.08571428571428572,0.0,-0.08571428571428572,17.5,1,2020
-1.0,-1.1153846153846154,-1.0,-1.1153846153846154,-1.0,-1.1153846153846154,13.0,-1,2020
-1.0,-1.4273504273504007,-1.0,-1.4273504273504007,-1.0,-1.4273504273504007,3.5100000000002183,1,2020
-1.0,-1.4273504273504007,-1.0,-1.4273504273504007,-1.0,-1.4273504273504007,3.5100000000002183,1,2020
-1.0,-1.376884422110594,0.0,-0.3768844221105941,0.0,-0.3768844221105941,3.9799999999995634,-1,2020
-1.0,-1.312499999999929,-1.0,-1.312499999999929,-1.0,-1.312499999999929,4.800000000001091,-1,2020
-1.0,-1.7281553398053622,-1.0,-1.7281553398053622,-1.0,-1.7281553398053622,2.0600000000013097,1,2020
2.0,1.4755244755242487,2.0,1.4755244755242487,2.0,1.4755244755242487,2.859999999998763,1,2020
-1.0,-1.1382488479262858,-1.0,-1.1382488479262858,-1.0,-1.1382488479262858,10.849999999998545,-1,2020
-1.0,-1.6250000000000946,-1.0,-1.6250000000000946,-1.0,-1.6250000000000946,2.399999999999636,-1,2020
-1.0,-1.1038781163434865,0.0,-0.10387811634348663,0.0,-0.10387811634348663,14.44000000000051,1,2020
-1.0,-1.2396166134185915,-1.0,-1.2396166134185915,-1.0,-1.2396166134185915,6.259999999998399,-1,2020
2.0,1.2385786802034957,2.0,1.2385786802034957,1.6,0.8385786802034957,1.9700000000011642,-1,2020
-1.0,-1.2512562814069863,-1.0,-1.2512562814069863,-1.0,-1.2512562814069863,5.970000000001164,-1,2020
-1.0,-1.1002004008016075,-1.0,-1.1002004008016075,-1.0,-1.1002004008016075,14.969999999999345,1,2020
-1.0,-1.1002004008016075,-1.0,-1.1002004008016075,-1.0,-1.1002004008016075,14.969999999999345,1,2020
-1.0,-1.3043831168831241,-1.0,-1.3043831168831241,-1.0,-1.3043831168831241,4.927999999999884,-1,2020
-1.0,-1.3043831168831241,-1.0,-1.3043831168831241,-1.0,-1.3043831168831241,4.927999999999884,-1,2020
-1.0,-1.3043831168831241,-1.0,-1.3043831168831241,-1.0,-1.3043831168831241,4.927999999999884,-1,2020
2.0,1.7580645161290607,2.0,1.7580645161290607,1.6,1.3580645161290608,6.200000000000728,1,2020
2.0,1.6613995485327537,2.0,1.6613995485327537,1.6,1.2613995485327538,4.430000000000291,1,2020
2.0,1.7427101200686075,2.0,1.7427101200686075,2.0,1.7427101200686075,5.829999999999927,1,2020
2.0,1.9299392807099482,2.0,1.9299392807099482,2.0,1.9299392807099482,21.409999999999854,1,2020
-1.0,-1.1583949313622073,-1.0,-1.1583949313622073,-1.0,-1.1583949313622073,9.469999999999345,-1,2020
-1.0,-1.1583949313622073,-1.0,-1.1583949313622073,-1.0,-1.1583949313622073,9.469999999999345,-1,2020
2.0,1.603174603174481,2.0,1.603174603174481,1.6,1.203174603174481,3.779999999998836,1,2020
2.0,1.65986394557822,0.0,-0.3401360544217799,0.0,-0.3401360544217799,4.4099999999998545,1,2020
2.0,1.619289340101572,2.0,1.619289340101572,2.0,1.619289340101572,3.9400000000005093,1,2020
2.0,1.7142857142857144,2.0,1.7142857142857144,2.0,1.7142857142857144,5.25,1,2020
2.0,1.3562231759656451,0.0,-0.6437768240343549,0.0,-0.6437768240343549,2.3299999999999272,1,2020
-1.0,-1.2024291497975748,-1.0,-1.2024291497975748,-1.0,-1.2024291497975748,7.4099999999998545,1,2020
-1.0,-1.285171102661585,0.0,-0.28517110266158513,0.0,-0.28517110266158513,5.260000000000218,-1,2020
-1.0,-1.285171102661585,0.0,-0.28517110266158513,0.0,-0.28517110266158513,5.260000000000218,-1,2020
-1.0,-1.3157894736842106,-1.0,-1.3157894736842106,-1.0,-1.3157894736842106,4.75,1,2020
-1.0,-1.3157894736842106,-1.0,-1.3157894736842106,-1.0,-1.3157894736842106,4.75,1,2020
-1.0,-1.3731343283581685,-1.0,-1.3731343283581685,-1.0,-1.3731343283581685,4.020000000000437,-1,2021
-1.0,-1.470219435736602,-1.0,-1.470219435736602,-1.0,-1.470219435736602,3.1900000000005093,-1,2021
-1.0,-1.470219435736602,-1.0,-1.470219435736602,-1.0,-1.470219435736602,3.1900000000005093,-1,2021
-1.0,-1.5677517032551473,-1.0,-1.5677517032551473,-1.0,-1.5677517032551473,2.6419999999998254,1,2021
-1.0,-2.020408163264498,-1.0,-2.020408163264498,-1.0,-2.020408163264498,1.4700000000011642,1,2021
2.0,1.9310344827586208,0.0,-0.06896551724137931,0.0,-0.06896551724137931,21.75,-1,2021
2.0,1.9310344827586208,0.0,-0.06896551724137931,0.0,-0.06896551724137931,21.75,-1,2021
2.0,1.9310344827586208,0.0,-0.06896551724137931,0.0,-0.06896551724137931,21.75,-1,2021
2.0,1.9310344827586208,0.0,-0.06896551724137931,0.0,-0.06896551724137931,21.75,-1,2021
-1.0,-1.3640776699028418,-1.0,-1.3640776699028418,-1.0,-1.3640776699028418,4.1200000000008,-1,2021
-1.0,-1.1789976133651723,0.0,-0.17899761336517223,0.0,-0.17899761336517223,8.3799999999992,1,2021
2.0,1.8953244940683875,2.0,1.8953244940683875,2.0,1.8953244940683875,14.329999999999927,-1,2021
-1.0,-1.1594048884165806,-1.0,-1.1594048884165806,-1.0,-1.1594048884165806,9.409999999999854,-1,2021
-1.0,-1.1935483870967742,-1.0,-1.1935483870967742,-1.0,-1.1935483870967742,7.75,1,2021
-1.0,-1.1935483870967742,-1.0,-1.1935483870967742,-1.0,-1.1935483870967742,7.75,1,2021
-1.0,-1.1935483870967742,-1.0,-1.1935483870967742,-1.0,-1.1935483870967742,7.75,1,2021
-1.0,-1.1935483870967742,-1.0,-1.1935483870967742,-1.0,-1.1935483870967742,7.75,1,2021
-1.0,-1.2215657311668986,0.0,-0.22156573116689857,0.0,-0.22156573116689857,6.770000000000437,-1,2021
-1.0,-1.0938673341677014,-1.0,-1.0938673341677014,-1.0,-1.0938673341677014,15.980000000001382,-1,2021
-1.0,-1.2577319587628994,-1.0,-1.2577319587628994,-1.0,-1.2577319587628994,5.819999999999709,1,2021
-1.0,-1.2577319587628994,-1.0,-1.2577319587628994,-1.0,-1.2577319587628994,5.819999999999709,1,2021
2.0,1.7619047619047343,0.0,-0.2380952380952656,0.0,-0.2380952380952656,6.299999999999272,-1,2021
-1.0,-1.2294279596206628,0.0,-0.22942795962066276,0.0,-0.22942795962066276,6.538000000000466,-1,2021
-1.0,-1.1218521527213698,-1.0,-1.1218521527213698,-1.0,-1.1218521527213698,12.30999999999949,1,2021
-1.0,-1.213980028530664,-1.0,-1.213980028530664,-1.0,-1.213980028530664,7.010000000000218,1,2021
-1.0,-1.1781472684085494,-1.0,-1.1781472684085494,-1.0,-1.1781472684085494,8.420000000000073,-1,2021
-1.0,-1.5415162454872793,-1.0,-1.5415162454872793,-1.0,-1.5415162454872793,2.7700000000004366,1,2021
-1.0,-1.931677018634256,-1.0,-1.931677018634256,-1.0,-1.931677018634256,1.609999999998763,-1,2021
-1.0,-1.226586102719006,-1.0,-1.226586102719006,-1.0,-1.226586102719006,6.6200000000008,-1,2021
-1.0,-1.1173708920187733,-1.0,-1.1173708920187733,-1.0,-1.1173708920187733,12.780000000000655,1,2021
-1.0,-2.0791366906479336,-1.0,-2.0791366906479336,-1.0,-2.0791366906479336,1.389999999999418,-1,2021
-1.0,-1.5747126436780328,-1.0,-1.5747126436780328,-1.0,-1.5747126436780328,2.610000000000582,-1,2021
2.0,1.8342541436463955,2.0,1.8342541436463955,1.6,1.4342541436463956,9.049999999999272,1,2021
2.0,1.8342541436463955,2.0,1.8342541436463955,1.6,1.4342541436463956,9.049999999999272,1,2021
2.0,1.5702005730658757,2.0,1.5702005730658757,1.6,1.1702005730658758,3.4899999999997817,-1,2021
-1.0,-1.4087193460490381,-1.0,-1.4087193460490381,-1.0,-1.4087193460490381,3.6700000000000728,-1,2021
2.0,1.8642533936651717,0.0,-0.1357466063348282,0.0,-0.1357466063348282,11.050000000001091,1,2021
-1.0,-1.1403180542563076,-1.0,-1.1403180542563076,-1.0,-1.1403180542563076,10.69000000000051,-1,2021
2.0,1.7047244094488145,0.0,-0.29527559055118535,0.0,-0.29527559055118535,5.079999999999927,1,2021
2.0,1.7047244094488145,0.0,-0.29527559055118535,0.0,-0.29527559055118535,5.079999999999927,1,2021
2.0,1.7047244094488145,0.0,-0.29527559055118535,0.0,-0.29527559055118535,5.079999999999927,1,2021
-1.0,-1.3733200597312067,-1.0,-1.3733200597312067,-1.0,-1.3733200597312067,4.018000000000029,-1,2021
-1.0,-1.2066115702479276,-1.0,-1.2066115702479276,-1.0,-1.2066115702479276,7.260000000000218,1,2021
2.0,1.4584837545123652,2.0,1.4584837545123652,2.0,1.4584837545123652,2.7699999999986176,1,2021
-1.0,-1.3218884120171774,-1.0,-1.3218884120171774,-1.0,-1.3218884120171774,4.6599999999998545,-1,2021
-1.0,-1.3865979381442284,-1.0,-1.3865979381442284,-1.0,-1.3865979381442284,3.8800000000010186,1,2021
2.0,1.404761904762008,2.0,1.404761904762008,2.0,1.404761904762008,2.5200000000004366,1,2021
-1.0,-1.0337306049021817,-1.0,-1.0337306049021817,-1.0,-1.0337306049021817,44.469999999999345,-1,2021
-1.0,-1.115473441108547,-1.0,-1.115473441108547,-1.0,-1.115473441108547,12.989999999999782,-1,2021
2.0,1.7761194029850988,2.0,1.7761194029850988,2.0,1.7761194029850988,6.700000000000728,1,2021
2.0,1.8461538461538463,2.0,1.8461538461538463,2.0,1.8461538461538463,9.75,-1,2021
2.0,1.8461538461538463,2.0,1.8461538461538463,2.0,1.8461538461538463,9.75,-1,2021
2.0,1.8461538461538463,2.0,1.8461538461538463,2.0,1.8461538461538463,9.75,-1,2021
2.0,1.8461538461538463,2.0,1.8461538461538463,2.0,1.8461538461538463,9.75,-1,2021
-1.0,-1.097719869706838,-1.0,-1.097719869706838,-1.0,-1.097719869706838,15.350000000000364,1,2021
-1.0,-1.097719869706838,-1.0,-1.097719869706838,-1.0,-1.097719869706838,15.350000000000364,1,2021
-1.0,-1.097719869706838,-1.0,-1.097719869706838,-1.0,-1.097719869706838,15.350000000000364,1,2021
-1.0,-1.097719869706838,-1.0,-1.097719869706838,-1.0,-1.097719869706838,15.350000000000364,1,2021
-1.0,-1.2479338842974759,-1.0,-1.2479338842974759,-1.0,-1.2479338842974759,6.050000000001091,-1,2021
-1.0,-1.2479338842974759,-1.0,-1.2479338842974759,-1.0,-1.2479338842974759,6.050000000001091,-1,2021
-1.0,-1.2479338842974759,-1.0,-1.2479338842974759,-1.0,-1.2479338842974759,6.050000000001091,-1,2021
-1.0,-1.226586102719068,0.0,-0.2265861027190681,0.0,-0.2265861027190681,6.619999999998981,1,2021
-1.0,-1.226586102719068,0.0,-0.2265861027190681,0.0,-0.2265861027190681,6.619999999998981,1,2021
-1.0,-1.3099173553718915,0.0,-0.3099173553718915,0.0,-0.3099173553718915,4.8400000000001455,-1,2021
-1.0,-1.0778412039439527,-1.0,-1.0778412039439527,-1.0,-1.0778412039439527,19.270000000000437,1,2021
-1.0,-1.0778412039439527,-1.0,-1.0778412039439527,-1.0,-1.0778412039439527,19.270000000000437,1,2021
-1.0,-1.0651041666666694,-1.0,-1.0651041666666694,-1.0,-1.0651041666666694,23.039999999999054,1,2021
-1.0,-1.029910269192423,-1.0,-1.029910269192423,-1.0,-1.029910269192423,50.149999999999636,-1,2021
-1.0,-1.029910269192423,-1.0,-1.029910269192423,-1.0,-1.029910269192423,50.149999999999636,-1,2021
-1.0,-1.098360655737705,-1.0,-1.098360655737705,-1.0,-1.098360655737705,15.25,1,2021
2.0,1.918699186991873,2.0,1.918699186991873,2.0,1.918699186991873,18.450000000000728,1,2021
2.0,1.8419388830347698,2.0,1.8419388830347698,2.0,1.8419388830347698,9.489999999999782,1,2021
2.0,1.7761194029850988,2.0,1.7761194029850988,1.6,1.376119402985099,6.700000000000728,1,2021
-1.0,-1.190355329949258,-1.0,-1.190355329949258,-1.0,-1.190355329949258,7.8799999999992,1,2021
-1.0,-1.2669039145907957,-1.0,-1.2669039145907957,-1.0,-1.2669039145907957,5.619999999998981,1,2021
-1.0,-1.1971090670170677,-1.0,-1.1971090670170677,-1.0,-1.1971090670170677,7.610000000000582,-1,2021
-1.0,-1.0888625592417007,-1.0,-1.0888625592417007,-1.0,-1.0888625592417007,16.88000000000102,1,2021
2.0,1.6519721577727275,2.0,1.6519721577727275,2.0,1.6519721577727275,4.31000000000131,1,2021
-1.0,-1.1781472684085494,-1.0,-1.1781472684085494,-1.0,-1.1781472684085494,8.420000000000073,1,2021
-1.0,-1.1781472684085494,-1.0,-1.1781472684085494,-1.0,-1.1781472684085494,8.420000000000073,1,2021
2.0,1.579831932773075,0.0,-0.420168067226925,0.0,-0.420168067226925,3.569999999999709,-1,2021
-1.0,-1.2622377622377923,-1.0,-1.2622377622377923,-1.0,-1.2622377622377923,5.719999999999345,1,2021
-1.0,-1.2022108385009527,-1.0,-1.2022108385009527,-1.0,-1.2022108385009527,7.417999999999665,-1,2021
-1.0,-1.3355704697985704,0.0,-0.3355704697985703,0.0,-0.3355704697985703,4.470000000001164,1,2021
-1.0,-1.3355704697985704,0.0,-0.3355704697985703,0.0,-0.3355704697985703,4.470000000001164,1,2021
-1.0,-1.3355704697985704,0.0,-0.3355704697985703,0.0,-0.3355704697985703,4.470000000001164,1,2021
-1.0,-1.0444312796208528,-1.0,-1.0444312796208528,-1.0,-1.0444312796208528,33.76000000000022,-1,2021
-1.0,-1.0444312796208528,-1.0,-1.0444312796208528,-1.0,-1.0444312796208528,33.76000000000022,-1,2021
-1.0,-1.0444312796208528,-1.0,-1.0444312796208528,-1.0,-1.0444312796208528,33.76000000000022,-1,2021
-1.0,-1.0444312796208528,-1.0,-1.0444312796208528,-1.0,-1.0444312796208528,33.76000000000022,-1,2021
2.0,1.5923913043478584,2.0,1.5923913043478584,1.6,1.1923913043478584,3.680000000000291,-1,2021
2.0,1.5923913043478584,2.0,1.5923913043478584,1.6,1.1923913043478584,3.680000000000291,-1,2021
2.0,1.5923913043478584,2.0,1.5923913043478584,1.6,1.1923913043478584,3.680000000000291,-1,2021
2.0,1.5601173020527672,2.0,1.5601173020527672,1.6,1.1601173020527673,3.4099999999998545,1,2021
2.0,1.5601173020527672,2.0,1.5601173020527672,1.6,1.1601173020527673,3.4099999999998545,1,2021
2.0,1.5601173020527672,2.0,1.5601173020527672,1.6,1.1601173020527673,3.4099999999998545,1,2021
2.0,1.6926229508197363,2.0,1.6926229508197363,1.6,1.2926229508197364,4.880000000001019,1,2021
2.0,1.8626373626373636,0.0,-0.13736263736263646,0.0,-0.13736263736263646,10.920000000000073,-1,2021
2.0,1.8143564356435626,2.0,1.8143564356435626,1.6,1.4143564356435627,8.079999999999927,-1,2021
-1.0,-1.4559270516718636,-1.0,-1.4559270516718636,-1.0,-1.4559270516718636,3.289999999999054,-1,2021
-1.0,-1.2329192546583667,0.0,-0.23291925465836666,0.0,-0.23291925465836666,6.440000000000509,1,2021
2.0,1.579831932773075,2.0,1.579831932773075,2.0,1.579831932773075,3.569999999999709,1,2021
-1.0,-1.3614457831324034,0.0,-0.3614457831324034,0.0,-0.3614457831324034,4.150000000001455,1,2021
-1.0,-1.3151260504201536,0.0,-0.3151260504201536,0.0,-0.3151260504201536,4.760000000000218,1,2021
2.0,1.790502793296085,2.0,1.790502793296085,1.6,1.3905027932960852,7.1599999999998545,-1,2021
-1.0,-1.1443695861405279,0.0,-0.1443695861405278,0.0,-0.1443695861405278,10.389999999999418,-1,2021
-1.0,-1.1443695861405279,0.0,-0.1443695861405278,0.0,-0.1443695861405278,10.389999999999418,-1,2021
-1.0,-1.1443695861405279,0.0,-0.1443695861405278,0.0,-0.1443695861405278,10.389999999999418,-1,2021
-1.0,-1.1443695861405279,0.0,-0.1443695861405278,0.0,-0.1443695861405278,10.389999999999418,-1,2021
-1.0,-1.1516683518705575,-1.0,-1.1516683518705575,-1.0,-1.1516683518705575,9.890000000001237,1,2021
-1.0,-1.1516683518705575,-1.0,-1.1516683518705575,-1.0,-1.1516683518705575,9.890000000001237,1,2021
-1.0,-1.688073394495321,-1.0,-1.688073394495321,-1.0,-1.688073394495321,2.180000000000291,-1,2021
-1.0,-1.327510917030573,-1.0,-1.327510917030573,-1.0,-1.327510917030573,4.579999999999927,1,2021
-1.0,-1.2491694352159288,0.0,-0.24916943521592877,0.0,-0.24916943521592877,6.020000000000437,-1,2021
-1.0,-1.059241706161134,-1.0,-1.059241706161134,-1.0,-1.059241706161134,25.320000000001528,1,2021
-1.0,-1.059241706161134,-1.0,-1.059241706161134,-1.0,-1.059241706161134,25.320000000001528,1,2021
-1.0,-1.2479338842974759,-1.0,-1.2479338842974759,-1.0,-1.2479338842974759,6.050000000001091,-1,2021
-1.0,-1.2479338842974759,-1.0,-1.2479338842974759,-1.0,-1.2479338842974759,6.050000000001091,-1,2021
-1.0,-1.1327668613913886,0.0,-0.13276686139138866,0.0,-0.13276686139138866,11.298000000000684,-1,2021
-1.0,-1.1162790697674452,-1.0,-1.1162790697674452,-1.0,-1.1162790697674452,12.899999999999636,-1,2021
-1.0,-1.1162790697674452,-1.0,-1.1162790697674452,-1.0,-1.1162790697674452,12.899999999999636,-1,2021
2.0,1.9003322259136284,2.0,1.9003322259136284,1.6,1.5003322259136285,15.050000000001091,1,2021
2.0,1.7196261682243181,2.0,1.7196261682243181,1.6,1.3196261682243182,5.350000000000364,-1,2021
-1.0,-1.221238938053076,-1.0,-1.221238938053076,-1.0,-1.221238938053076,6.780000000000655,-1,2021
-1.0,-1.221238938053076,-1.0,-1.221238938053076,-1.0,-1.221238938053076,6.780000000000655,-1,2021
2.0,1.9210526315789473,2.0,1.9210526315789473,1.6,1.5210526315789474,19.0,-1,2021
-1.0,-1.2300613496932362,0.0,-0.23006134969323613,0.0,-0.23006134969323613,6.520000000000437,-1,2021
-1.0,-1.2121640735501664,-1.0,-1.2121640735501664,-1.0,-1.2121640735501664,7.070000000001528,1,2021
2.0,1.7115384615385019,0.0,-0.2884615384614981,0.0,-0.2884615384614981,5.200000000000728,-1,2021
2.0,1.802631578947378,2.0,1.802631578947378,1.6,1.402631578947378,7.600000000000364,-1,2021
-1.0,-1.149402390438261,-1.0,-1.149402390438261,-1.0,-1.149402390438261,10.039999999999054,-1,2021
-1.0,-1.1026694045174497,0.0,-0.10266940451744971,0.0,-0.10266940451744971,14.610000000000582,1,2021
-1.0,-1.1026694045174497,0.0,-0.10266940451744971,0.0,-0.10266940451744971,14.610000000000582,1,2021
-1.0,-1.096911745703573,-1.0,-1.096911745703573,-1.0,-1.096911745703573,15.478000000000975,-1,2021
-1.0,-1.096911745703573,-1.0,-1.096911745703573,-1.0,-1.096911745703573,15.478000000000975,-1,2021
2.0,1.8936170212765848,2.0,1.8936170212765848,1.6,1.493617021276585,14.099999999998545,1,2021
-1.0,-1.082471959533758,-1.0,-1.082471959533758,-1.0,-1.082471959533758,18.188000000000102,1,2021
2.0,1.8974709501025362,2.0,1.8974709501025362,1.6,1.4974709501025363,14.630000000001019,-1,2021
-1.0,-1.3434065934065624,-1.0,-1.3434065934065624,-1.0,-1.3434065934065624,4.368000000000393,-1,2021
-1.0,-1.0365764447695682,-1.0,-1.0365764447695682,-1.0,-1.0365764447695682,41.01000000000022,-1,2021
-1.0,-1.0365764447695682,-1.0,-1.0365764447695682,-1.0,-1.0365764447695682,41.01000000000022,-1,2021
-1.0,-1.0365764447695682,-1.0,-1.0365764447695682,-1.0,-1.0365764447695682,41.01000000000022,-1,2021
2.0,1.9048706240487063,2.0,1.9048706240487063,1.6,1.5048706240487064,15.768000000000029,-1,2021
2.0,1.9048706240487063,2.0,1.9048706240487063,1.6,1.5048706240487064,15.768000000000029,-1,2021
-1.0,-1.0903723340161469,-1.0,-1.0903723340161469,-1.0,-1.0903723340161469,16.597999999999956,-1,2021
-1.0,-1.1605995717344728,-1.0,-1.1605995717344728,-1.0,-1.1605995717344728,9.340000000000146,1,2021
-1.0,-1.1877346683354244,-1.0,-1.1877346683354244,-1.0,-1.1877346683354244,7.989999999999782,-1,2021
2.0,1.9607021220854075,2.0,1.9607021220854075,1.6,1.5607021220854076,38.17000000000007,-1,2021
-1.0,-1.2711496746204276,-1.0,-1.2711496746204276,-1.0,-1.2711496746204276,5.531999999999243,-1,2021
2.0,1.8614958448753454,2.0,1.8614958448753454,2.0,1.8614958448753454,10.829999999999927,1,2021
-1.0,-1.1646542261251267,-1.0,-1.1646542261251267,-1.0,-1.1646542261251267,9.110000000000582,1,2021
-1.0,-1.2343750000000133,-1.0,-1.2343750000000133,-1.0,-1.2343750000000133,6.399999999999636,-1,2021
2.0,1.8791297340854136,2.0,1.8791297340854136,1.6,1.4791297340854137,12.409999999999854,-1,2021
2.0,1.9352611135088478,2.0,1.9352611135088478,2.0,1.9352611135088478,23.170000000000073,1,2021
-1.0,-1.0294002352018814,-1.0,-1.0294002352018814,-1.0,-1.0294002352018814,51.02000000000044,-1,2021
-1.0,-1.1366369101840148,-1.0,-1.1366369101840148,-1.0,-1.1366369101840148,10.977999999999156,-1,2021
2.0,1.820745697896758,2.0,1.820745697896758,1.6,1.420745697896758,8.368000000000393,-1,2021
-1.0,-1.1310043668122187,-1.0,-1.1310043668122187,-1.0,-1.1310043668122187,11.450000000000728,1,2021
-1.0,-1.0937031484257882,0.0,-0.09370314842578821,0.0,-0.09370314842578821,16.00799999999981,1,2021
-1.0,-1.2311248073960015,-1.0,-1.2311248073960015,-1.0,-1.2311248073960015,6.489999999999782,1,2021
-1.0,-1.2311248073960015,-1.0,-1.2311248073960015,-1.0,-1.2311248073960015,6.489999999999782,1,2021
-1.0,-1.1901140684410787,-1.0,-1.1901140684410787,-1.0,-1.1901140684410787,7.889999999999418,1,2021
-1.0,-1.34013605442178,-1.0,-1.34013605442178,-1.0,-1.34013605442178,4.4099999999998545,1,2021
-1.0,-1.34013605442178,-1.0,-1.34013605442178,-1.0,-1.34013605442178,4.4099999999998545,1,2021
-1.0,-1.34013605442178,-1.0,-1.34013605442178,-1.0,-1.34013605442178,4.4099999999998545,1,2021
-1.0,-1.2307692307692308,-1.0,-1.2307692307692308,-1.0,-1.2307692307692308,6.5,1,2021
2.0,1.8753117206982612,2.0,1.8753117206982612,1.6,1.4753117206982613,12.030000000000655,-1,2021
2.0,1.7412901000345251,2.0,1.7412901000345251,1.6,1.3412901000345252,5.798000000000684,1,2021
2.0,1.8878085265519735,2.0,1.8878085265519735,1.6,1.4878085265519736,13.369999999998981,-1,2021
2.0,1.8878085265519735,2.0,1.8878085265519735,1.6,1.4878085265519736,13.369999999998981,-1,2021
2.0,1.795361527967256,2.0,1.795361527967256,1.6,1.395361527967256,7.329999999999927,1,2021
-1.0,-1.2595155709342267,-1.0,-1.2595155709342267,-1.0,-1.2595155709342267,5.780000000000655,1,2021
2.0,1.6781115879828226,2.0,1.6781115879828226,1.6,1.2781115879828227,4.6599999999998545,-1,2021
-1.0,-1.1339285714285845,0.0,-0.13392857142858447,0.0,-0.13392857142858447,11.199999999998909,1,2021
-1.0,-1.1339285714285845,0.0,-0.13392857142858447,0.0,-0.13392857142858447,11.199999999998909,1,2021
-1.0,-1.1701066001360987,0.0,-0.17010660013609877,0.0,-0.17010660013609877,8.817999999999302,-1,2021
2.0,1.7373029772329682,2.0,1.7373029772329682,1.6,1.3373029772329683,5.710000000000946,1,2021
-1.0,-1.1345291479820672,-1.0,-1.1345291479820672,-1.0,-1.1345291479820672,11.149999999999636,1,2021
2.0,1.7727272727272854,2.0,1.7727272727272854,1.6,1.3727272727272855,6.600000000000364,-1,2021
-1.0,-1.089392133492259,-1.0,-1.089392133492259,-1.0,-1.089392133492259,16.779999999998836,-1,2021
-1.0,-1.1533742331288526,-1.0,-1.1533742331288526,-1.0,-1.1533742331288526,9.779999999998836,-1,2021
-1.0,-1.1035911602209976,0.0,-0.1035911602209976,0.0,-0.1035911602209976,14.479999999999563,1,2021
2.0,1.713083397092532,0.0,-0.2869166029074679,0.0,-0.2869166029074679,5.227999999999156,-1,2021
2.0,1.713083397092532,0.0,-0.2869166029074679,0.0,-0.2869166029074679,5.227999999999156,-1,2021
-1.0,-1.5338078291815913,-1.0,-1.5338078291815913,-1.0,-1.5338078291815913,2.8099999999994907,1,2021
2.0,1.6828752642705838,0.0,-0.3171247357294162,0.0,-0.3171247357294162,4.729999999999563,1,2021
-1.0,-1.0499666888740862,0.0,-0.04996668887408624,0.0,-0.04996668887408624,30.019999999998618,-1,2021
-1.0,-1.0556173526140131,0.0,-0.055617352614013175,0.0,-0.055617352614013175,26.970000000001164,1,2021
2.0,1.7418244406195988,0.0,-0.25817555938040126,0.0,-0.25817555938040126,5.809999999999491,1,2021
2.0,1.7418244406195988,0.0,-0.25817555938040126,0.0,-0.25817555938040126,5.809999999999491,1,2021
-1.0,-1.6250000000000946,0.0,-0.6250000000000947,0.0,-0.6250000000000947,2.399999999999636,1,2021
-1.0,-1.22522522522523,-1.0,-1.22522522522523,-1.0,-1.22522522522523,6.6599999999998545,1,2021
2.0,1.8825187969924815,2.0,1.8825187969924815,1.6,1.4825187969924816,12.768000000000029,-1,2021
-1.0,-1.1567398119122305,-1.0,-1.1567398119122305,-1.0,-1.1567398119122305,9.569999999999709,1,2021
-1.0,-1.0648788927335668,-1.0,-1.0648788927335668,-1.0,-1.0648788927335668,23.11999999999898,-1,2021
-1.0,-1.0665483584738218,-1.0,-1.0665483584738218,-1.0,-1.0665483584738218,22.540000000000873,-1,2021
-1.0,-1.0665483584738218,-1.0,-1.0665483584738218,-1.0,-1.0665483584738218,22.540000000000873,-1,2021
-1.0,-1.082690187431086,0.0,-0.08269018743108587,0.0,-0.08269018743108587,18.140000000001237,-1,2021
-1.0,-1.221304219533837,-1.0,-1.221304219533837,-1.0,-1.221304219533837,6.777999999998428,-1,2021
-1.0,-1.4934210526317324,-1.0,-1.4934210526317324,-1.0,-1.4934210526317324,3.039999999999054,1,2021
-1.0,-1.180072028811526,0.0,-0.18007202881152617,0.0,-0.18007202881152617,8.329999999999927,1,2021
-1.0,-1.0674460431654682,-1.0,-1.0674460431654682,-1.0,-1.0674460431654682,22.23999999999978,1,2021
2.0,1.9195278969957057,2.0,1.9195278969957057,2.0,1.9195278969957057,18.639999999999418,1,2021
2.0,1.1007194244602512,2.0,1.1007194244602512,1.6,0.7007194244602513,1.6679999999996653,-1,2021
-1.0,-1.3424657534245779,0.0,-0.3424657534245779,0.0,-0.3424657534245779,4.380000000001019,1,2021
-1.0,-1.5494505494506372,0.0,-0.5494505494506373,0.0,-0.5494505494506373,2.7299999999995634,1,2021
-1.0,-1.5494505494506372,0.0,-0.5494505494506373,0.0,-0.5494505494506373,2.7299999999995634,1,2021
-1.0,-1.2447780678851657,-1.0,-1.2447780678851657,-1.0,-1.2447780678851657,6.127999999998792,-1,2021
-1.0,-1.2447780678851657,-1.0,-1.2447780678851657,-1.0,-1.2447780678851657,6.127999999998792,-1,2021
-1.0,-1.155118924508789,-1.0,-1.155118924508789,-1.0,-1.155118924508789,9.670000000000073,1,2021
-1.0,-1.1332385858944773,0.0,-0.1332385858944773,0.0,-0.1332385858944773,11.25799999999981,-1,2021
-1.0,-1.4109589041094253,-1.0,-1.4109589041094253,-1.0,-1.4109589041094253,3.650000000001455,1,2021
-1.0,-1.5518763796907957,-1.0,-1.5518763796907957,-1.0,-1.5518763796907957,2.7180000000007567,-1,2021
-1.0,-1.1801152737752265,-1.0,-1.1801152737752265,-1.0,-1.1801152737752265,8.32799999999952,1,2021
-1.0,-1.1801152737752265,-1.0,-1.1801152737752265,-1.0,-1.1801152737752265,8.32799999999952,1,2021
-1.0,-1.2380952380952657,-1.0,-1.2380952380952657,-1.0,-1.2380952380952657,6.299999999999272,-1,2021
-1.0,-1.3968253968253281,0.0,-0.3968253968253281,0.0,-0.3968253968253281,3.780000000000655,-1,2021
2.0,1.5451788963008828,2.0,1.5451788963008828,1.6,1.1451788963008829,3.298000000000684,-1,2021
-1.0,-1.2032520325203473,-1.0,-1.2032520325203473,-1.0,-1.2032520325203473,7.3799999999992,1,2021
2.0,1.5856353591159054,2.0,1.5856353591159054,1.6,1.1856353591159055,3.6199999999989814,1,2021
2.0,1.9206265213250047,0.0,-0.07937347867499531,0.0,-0.07937347867499531,18.89799999999923,-1,2021
2.0,1.908636861980751,2.0,1.908636861980751,2.0,1.908636861980751,16.417999999999665,-1,2021
2.0,1.908636861980751,2.0,1.908636861980751,2.0,1.908636861980751,16.417999999999665,-1,2021
2.0,1.908636861980751,2.0,1.908636861980751,2.0,1.908636861980751,16.417999999999665,-1,2021
-1.0,-1.41095890410963,-1.0,-1.41095890410963,-1.0,-1.41095890410963,3.649999999999636,1,2021
-1.0,-1.41095890410963,-1.0,-1.41095890410963,-1.0,-1.41095890410963,3.649999999999636,1,2021
-1.0,-1.1805054151624264,-1.0,-1.1805054151624264,-1.0,-1.1805054151624264,8.31000000000131,-1,2021
-1.0,-1.1805054151624264,-1.0,-1.1805054151624264,-1.0,-1.1805054151624264,8.31000000000131,-1,2021
2.0,1.8283752860411857,2.0,1.8283752860411857,1.6,1.4283752860411858,8.739999999999782,1,2021
-1.0,-1.2885725278953266,0.0,-0.2885725278953266,0.0,-0.2885725278953266,5.19800000000032,1,2021
2.0,1.7872340425531696,2.0,1.7872340425531696,2.0,1.7872340425531696,7.049999999999272,1,2021
-1.0,-1.1683501683501711,-1.0,-1.1683501683501711,-1.0,-1.1683501683501711,8.909999999999854,-1,2021
2.0,1.826348691826792,2.0,1.826348691826792,2.0,1.826348691826792,8.63799999999901,1,2021
2.0,1.826348691826792,2.0,1.826348691826792,2.0,1.826348691826792,8.63799999999901,1,2021
2.0,1.5726495726495993,2.0,1.5726495726495993,2.0,1.5726495726495993,3.5100000000002183,1,2021
-1.0,-1.2459016393442477,-1.0,-1.2459016393442477,-1.0,-1.2459016393442477,6.100000000000364,1,2021
-1.0,-1.4854368932038606,-1.0,-1.4854368932038606,-1.0,-1.4854368932038606,3.0900000000001455,-1,2021
-1.0,-1.0391747192478464,-1.0,-1.0391747192478464,-1.0,-1.0391747192478464,38.289999999999054,-1,2021
2.0,1.8987170830519884,0.0,-0.10128291694801159,0.0,-0.10128291694801159,14.80999999999949,1,2021
-1.0,-1.3048780487804832,0.0,-0.3048780487804833,0.0,-0.3048780487804833,4.920000000000073,1,2021
2.0,1.9609984399375966,2.0,1.9609984399375966,2.0,1.9609984399375966,38.45999999999913,1,2021
-1.0,-1.425170068027181,-1.0,-1.425170068027181,-1.0,-1.425170068027181,3.5280000000002474,1,2021
-1.0,-1.2435064935064992,-1.0,-1.2435064935064992,-1.0,-1.2435064935064992,6.1599999999998545,-1,2021
-1.0,-1.2435064935064992,-1.0,-1.2435064935064992,-1.0,-1.2435064935064992,6.1599999999998545,-1,2021
2.0,1.4604316546763862,2.0,1.4604316546763862,1.6,1.0604316546763863,2.780000000000655,1,2021
2.0,1.4604316546763862,2.0,1.4604316546763862,1.6,1.0604316546763863,2.780000000000655,1,2021
2.0,1.4604316546763862,2.0,1.4604316546763862,1.6,1.0604316546763863,2.780000000000655,1,2021
-1.0,-1.4043126684635088,0.0,-0.4043126684635088,0.0,-0.4043126684635088,3.710000000000946,1,2021
-1.0,-1.4043126684635088,0.0,-0.4043126684635088,0.0,-0.4043126684635088,3.710000000000946,1,2021
-1.0,-1.746268656716337,0.0,-0.7462686567163369,0.0,-0.7462686567163369,2.0100000000002183,1,2021
-1.0,-1.746268656716337,0.0,-0.7462686567163369,0.0,-0.7462686567163369,2.0100000000002183,1,2021
2.0,1.7201492537312788,2.0,1.7201492537312788,2.0,1.7201492537312788,5.359999999998763,1,2021
-1.0,-1.0957243139757493,-1.0,-1.0957243139757493,-1.0,-1.0957243139757493,15.670000000000073,-1,2021
-1.0,-1.202156334231804,-1.0,-1.202156334231804,-1.0,-1.202156334231804,7.420000000000073,1,2021
-1.0,-1.7177033492822467,-1.0,-1.7177033492822467,-1.0,-1.7177033492822467,2.0900000000001455,1,2021
-1.0,-1.4065040650405942,-1.0,-1.4065040650405942,-1.0,-1.4065040650405942,3.6900000000005093,-1,2021
-1.0,-1.250836120401356,0.0,-0.2508361204013561,0.0,-0.2508361204013561,5.979999999999563,-1,2021
2.0,1.7373029772329682,0.0,-0.2626970227670318,0.0,-0.2626970227670318,5.710000000000946,1,2021
2.0,1.7373029772329682,0.0,-0.2626970227670318,0.0,-0.2626970227670318,5.710000000000946,1,2021
2.0,1.7373029772329682,0.0,-0.2626970227670318,0.0,-0.2626970227670318,5.710000000000946,1,2021
2.0,1.7797356828194255,2.0,1.7797356828194255,2.0,1.7797356828194255,6.81000000000131,-1,2021
-1.0,-1.1468860164512145,0.0,-0.14688601645121438,0.0,-0.14688601645121438,10.212000000001353,-1,2021
-1.0,-1.1870324189526082,-1.0,-1.1870324189526082,-1.0,-1.1870324189526082,8.020000000000437,-1,2021
-1.0,-1.1870324189526082,-1.0,-1.1870324189526082,-1.0,-1.1870324189526082,8.020000000000437,-1,2021
-1.0,-1.597609561752936,0.0,-0.5976095617529361,0.0,-0.5976095617529361,2.5100000000002183,1,2021
-1.0,-1.597609561752936,0.0,-0.5976095617529361,0.0,-0.5976095617529361,2.5100000000002183,1,2021
-1.0,-1.0754147812971295,-1.0,-1.0754147812971295,-1.0,-1.0754147812971295,19.890000000001237,-1,2021
-1.0,-1.0754147812971295,-1.0,-1.0754147812971295,-1.0,-1.0754147812971295,19.890000000001237,-1,2021
-1.0,-1.0754147812971295,-1.0,-1.0754147812971295,-1.0,-1.0754147812971295,19.890000000001237,-1,2021
-1.0,-1.0754147812971295,-1.0,-1.0754147812971295,-1.0,-1.0754147812971295,19.890000000001237,-1,2021
-1.0,-1.3514526710402976,-1.0,-1.3514526710402976,-1.0,-1.3514526710402976,4.268000000000029,-1,2021
-1.0,-1.3514526710402976,-1.0,-1.3514526710402976,-1.0,-1.3514526710402976,4.268000000000029,-1,2021
2.0,1.6794871794871995,0.0,-0.32051282051280056,0.0,-0.32051282051280056,4.680000000000291,1,2021
2.0,1.6794871794871995,0.0,-0.32051282051280056,0.0,-0.32051282051280056,4.680000000000291,1,2021
2.0,1.697580645161348,0.0,-0.302419354838652,0.0,-0.302419354838652,4.960000000000946,-1,2021
-1.0,-1.1373626373626364,-1.0,-1.1373626373626364,-1.0,-1.1373626373626364,10.920000000000073,1,2021
-1.0,-1.14084507042254,-1.0,-1.14084507042254,-1.0,-1.14084507042254,10.649999999999636,-1,2021
-1.0,-1.535714285714425,0.0,-0.5357142857144249,0.0,-0.5357142857144249,2.7999999999992724,1,2021
-1.0,-1.515463917525799,-1.0,-1.515463917525799,-1.0,-1.515463917525799,2.9099999999998545,1,2021
-1.0,-1.515463917525799,-1.0,-1.515463917525799,-1.0,-1.515463917525799,2.9099999999998545,1,2021
-1.0,-1.4437869822486258,-1.0,-1.4437869822486258,-1.0,-1.4437869822486258,3.3799999999991996,1,2021
2.0,1.5844875346261058,2.0,1.5844875346261058,1.6,1.184487534626106,3.610000000000582,-1,2021
-1.0,-1.0702641933670602,-1.0,-1.0702641933670602,-1.0,-1.0702641933670602,21.347999999999956,-1,2021
-1.0,-1.0702641933670602,-1.0,-1.0702641933670602,-1.0,-1.0702641933670602,21.347999999999956,-1,2021
-1.0,-1.5053908355796957,-1.0,-1.5053908355796957,-1.0,-1.5053908355796957,2.9679999999989377,-1,2021
-1.0,-1.055456965394856,0.0,-0.05545696539485592,0.0,-0.05545696539485592,27.047999999998865,-1,2021
-1.0,-1.2595155709342267,-1.0,-1.2595155709342267,-1.0,-1.2595155709342267,5.780000000000655,1,2021
-1.0,-1.1997868939797116,-1.0,-1.1997868939797116,-1.0,-1.1997868939797116,7.50800000000163,-1,2021
-1.0,-1.3099173553718915,-1.0,-1.3099173553718915,-1.0,-1.3099173553718915,4.8400000000001455,-1,2021
2.0,1.9326992103374028,2.0,1.9326992103374028,2.0,1.9326992103374028,22.288000000000466,-1,2021
2.0,1.9326992103374028,2.0,1.9326992103374028,2.0,1.9326992103374028,22.288000000000466,-1,2021
2.0,1.6368038740919393,2.0,1.6368038740919393,2.0,1.6368038740919393,4.1299999999992,-1,2021
-1.0,-1.130321459600345,-1.0,-1.130321459600345,-1.0,-1.130321459600345,11.510000000000218,1,2021
-1.0,-1.0936446497690098,-1.0,-1.0936446497690098,-1.0,-1.0936446497690098,16.01800000000003,-1,2021
-1.0,-1.1227495908347038,-1.0,-1.1227495908347038,-1.0,-1.1227495908347038,12.219999999999345,1,2021
-1.0,-1.087575899112561,0.0,-0.0875758991125611,0.0,-0.0875758991125611,17.12800000000061,-1,2021
-1.0,-1.2586206896552048,0.0,-0.25862068965520485,0.0,-0.25862068965520485,5.799999999999272,1,2021
2.0,1.8329621380846581,2.0,1.8329621380846581,2.0,1.8329621380846581,8.980000000001382,1,2021
2.0,1.6696035242291385,2.0,1.6696035242291385,1.6,1.2696035242291386,4.540000000000873,-1,2021
-1.0,-1.1641137855579973,-1.0,-1.1641137855579973,-1.0,-1.1641137855579973,9.139999999999418,1,2021
2.0,1.790502793296085,2.0,1.790502793296085,1.6,1.3905027932960852,7.1599999999998545,-1,2021
-1.0,-1.3232758620690062,-1.0,-1.3232758620690062,-1.0,-1.3232758620690062,4.639999999999418,1,2021
-1.0,-1.3232758620690062,-1.0,-1.3232758620690062,-1.0,-1.3232758620690062,4.639999999999418,1,2021
-1.0,-1.4225352112676921,-1.0,-1.4225352112676921,-1.0,-1.4225352112676921,3.5499999999992724,-1,2021
-1.0,-1.4225352112676921,-1.0,-1.4225352112676921,-1.0,-1.4225352112676921,3.5499999999992724,-1,2021
-1.0,-1.1973684210526694,0.0,-0.19736842105266936,0.0,-0.19736842105266936,7.599999999998545,-1,2021
2.0,1.3749999999999054,2.0,1.3749999999999054,2.0,1.3749999999999054,2.399999999999636,1,2021
-1.0,-1.1632208922742344,-1.0,-1.1632208922742344,-1.0,-1.1632208922742344,9.18999999999869,1,2021
-1.0,-1.1632208922742344,-1.0,-1.1632208922742344,-1.0,-1.1632208922742344,9.18999999999869,1,2021
-1.0,-1.3378378378379374,-1.0,-1.3378378378379374,-1.0,-1.3378378378379374,4.43999999999869,1,2021
2.0,1.6926229508197363,2.0,1.6926229508197363,2.0,1.6926229508197363,4.880000000001019,-1,2021
-1.0,-1.1915708812260555,-1.0,-1.1915708812260555,-1.0,-1.1915708812260555,7.829999999999927,-1,2021
-1.0,-1.1915708812260555,-1.0,-1.1915708812260555,-1.0,-1.1915708812260555,7.829999999999927,-1,2021
-1.0,-1.1585958976527717,-1.0,-1.1585958976527717,-1.0,-1.1585958976527717,9.458000000000538,1,2021
-1.0,-1.1585958976527717,-1.0,-1.1585958976527717,-1.0,-1.1585958976527717,9.458000000000538,1,2021
-1.0,-1.2516778523490302,-1.0,-1.2516778523490302,-1.0,-1.2516778523490302,5.959999999999127,1,2021
-1.0,-1.2389295954126116,-1.0,-1.2389295954126116,-1.0,-1.2389295954126116,6.277999999998428,-1,2021
2.0,0.8354037267084955,2.0,0.8354037267084955,1.6,0.4354037267084956,1.2880000000004657,-1,2021
-1.0,-1.0734214390602046,-1.0,-1.0734214390602046,-1.0,-1.0734214390602046,20.43000000000029,-1,2021
-1.0,-1.4032258064516838,-1.0,-1.4032258064516838,-1.0,-1.4032258064516838,3.719999999999345,-1,2021
2.0,1.8289623717217873,2.0,1.8289623717217873,2.0,1.8289623717217873,8.770000000000437,1,2021
-1.0,-1.229357798165107,-1.0,-1.229357798165107,-1.0,-1.229357798165107,6.540000000000873,1,2021
-1.0,-1.2300613496933004,-1.0,-1.2300613496933004,-1.0,-1.2300613496933004,6.519999999998618,1,2021
-1.0,-1.0903614457831305,-1.0,-1.0903614457831305,-1.0,-1.0903614457831305,16.600000000000364,-1,2021
-1.0,-1.0903614457831305,-1.0,-1.0903614457831305,-1.0,-1.0903614457831305,16.600000000000364,-1,2021
-1.0,-1.0903614457831305,-1.0,-1.0903614457831305,-1.0,-1.0903614457831305,16.600000000000364,-1,2021
-1.0,-1.0903614457831305,-1.0,-1.0903614457831305,-1.0,-1.0903614457831305,16.600000000000364,-1,2021
-1.0,-1.0903614457831305,-1.0,-1.0903614457831305,-1.0,-1.0903614457831305,16.600000000000364,-1,2021
-1.0,-1.0903614457831305,-1.0,-1.0903614457831305,-1.0,-1.0903614457831305,16.600000000000364,-1,2021
2.0,1.7916087802166836,2.0,1.7916087802166836,2.0,1.7916087802166836,7.197999999998501,1,2021
2.0,1.7916087802166836,2.0,1.7916087802166836,2.0,1.7916087802166836,7.197999999998501,1,2021
-1.0,-1.1868460388639703,0.0,-0.18684603886397033,0.0,-0.18684603886397033,8.028000000000247,-1,2021
-1.0,-1.590551181102159,-1.0,-1.590551181102159,-1.0,-1.590551181102159,2.540000000000873,1,2021
-1.0,-1.590551181102159,-1.0,-1.590551181102159,-1.0,-1.590551181102159,2.540000000000873,1,2021
2.0,1.5238095238097438,2.0,1.5238095238097438,2.0,1.5238095238097438,3.150000000001455,-1,2021
-1.0,-1.4076086956521416,-1.0,-1.4076086956521416,-1.0,-1.4076086956521416,3.680000000000291,-1,2021
-1.0,-1.113636363636373,-1.0,-1.113636363636373,-1.0,-1.113636363636373,13.199999999998909,-1,2021
-1.0,-1.113636363636373,-1.0,-1.113636363636373,-1.0,-1.113636363636373,13.199999999998909,-1,2021
-1.0,-1.2343750000000133,-1.0,-1.2343750000000133,-1.0,-1.2343750000000133,6.399999999999636,1,2021
-1.0,-1.2343750000000133,-1.0,-1.2343750000000133,-1.0,-1.2343750000000133,6.399999999999636,1,2021
-1.0,-1.2343750000000133,-1.0,-1.2343750000000133,-1.0,-1.2343750000000133,6.399999999999636,1,2021
-1.0,-1.2343750000000133,-1.0,-1.2343750000000133,-1.0,-1.2343750000000133,6.399999999999636,1,2021
-1.0,-1.2381708478881925,-1.0,-1.2381708478881925,-1.0,-1.2381708478881925,6.298000000000684,-1,2021
-1.0,-1.386797318205381,0.0,-0.38679731820538094,0.0,-0.38679731820538094,3.877999999998792,-1,2021
-1.0,-1.3325942350332434,0.0,-0.3325942350332433,0.0,-0.3325942350332433,4.510000000000218,1,2021
-1.0,-1.1310043668122396,-1.0,-1.1310043668122396,-1.0,-1.1310043668122396,11.449999999998909,1,2021
-1.0,-1.1310043668122396,-1.0,-1.1310043668122396,-1.0,-1.1310043668122396,11.449999999998909,1,2021
2.0,1.8414376321352919,2.0,1.8414376321352919,1.6,1.441437632135292,9.459999999999127,1,2021
-1.0,-1.2885725278953266,-1.0,-1.2885725278953266,-1.0,-1.2885725278953266,5.19800000000032,-1,2021
-1.0,-1.192554557124497,-1.0,-1.192554557124497,-1.0,-1.192554557124497,7.790000000000873,1,2021
-1.0,-1.2641775272982652,-1.0,-1.2641775272982652,-1.0,-1.2641775272982652,5.678000000001703,-1,2021
-1.0,-1.2641775272982652,-1.0,-1.2641775272982652,-1.0,-1.2641775272982652,5.678000000001703,-1,2021
2.0,1.6445497630332735,0.0,-0.35545023696672656,0.0,-0.35545023696672656,4.220000000001164,1,2021
2.0,1.8971898560657996,2.0,1.8971898560657996,2.0,1.8971898560657996,14.590000000000146,1,2021
2.0,1.8971898560657996,2.0,1.8971898560657996,2.0,1.8971898560657996,14.590000000000146,1,2021
2.0,1.8971898560657996,2.0,1.8971898560657996,2.0,1.8971898560657996,14.590000000000146,1,2021
-1.0,-1.2757352941177134,-1.0,-1.2757352941177134,-1.0,-1.2757352941177134,5.43999999999869,1,2021
2.0,1.9470899470899479,2.0,1.9470899470899479,2.0,1.9470899470899479,28.350000000000364,-1,2021
2.0,1.8775510204081634,2.0,1.8775510204081634,2.0,1.8775510204081634,12.25,1,2021
-1.0,-1.1137225170583889,-1.0,-1.1137225170583889,-1.0,-1.1137225170583889,13.18999999999869,1,2021
2.0,1.9162011173184341,2.0,1.9162011173184341,2.0,1.9162011173184341,17.899999999999636,-1,2021
-1.0,-1.1110288675055646,-1.0,-1.1110288675055646,-1.0,-1.1110288675055646,13.5099999999984,1,2021
-1.0,-1.082918739635157,-1.0,-1.082918739635157,-1.0,-1.082918739635157,18.090000000000146,-1,2021
-1.0,-1.082918739635157,-1.0,-1.082918739635157,-1.0,-1.082918739635157,18.090000000000146,-1,2021
2.0,1.9156924460431715,2.0,1.9156924460431715,1.6,1.5156924460431715,17.79200000000128,-1,2021
2.0,1.7794117647058587,2.0,1.7794117647058587,1.6,1.3794117647058588,6.799999999999272,1,2021
-1.0,-1.622406639004187,0.0,-0.6224066390041869,0.0,-0.6224066390041869,2.4099999999998545,-1,2021
-1.0,-1.622406639004187,0.0,-0.6224066390041869,0.0,-0.6224066390041869,2.4099999999998545,-1,2021
-1.0,-1.1863817097415348,-1.0,-1.1863817097415348,-1.0,-1.1863817097415348,8.048000000000684,1,2021
-1.0,-1.1863817097415348,-1.0,-1.1863817097415348,-1.0,-1.1863817097415348,8.048000000000684,1,2021
-1.0,-1.3296703296702506,-1.0,-1.3296703296702506,-1.0,-1.3296703296702506,4.550000000001091,-1,2021
-1.0,-1.3537735849056787,0.0,-0.3537735849056786,0.0,-0.3537735849056786,4.239999999999782,-1,2021
2.0,1.6503496503497215,2.0,1.6503496503497215,2.0,1.6503496503497215,4.290000000000873,1,2021
-1.0,-1.3434065934065624,-1.0,-1.3434065934065624,-1.0,-1.3434065934065624,4.368000000000393,-1,2021
-1.0,-1.3623188405796018,-1.0,-1.3623188405796018,-1.0,-1.3623188405796018,4.140000000001237,1,2021
2.0,1.6813933729821944,0.0,-0.3186066270178055,0.0,-0.3186066270178055,4.708000000000538,-1,2021
-1.0,-1.1582278481012427,-1.0,-1.1582278481012427,-1.0,-1.1582278481012427,9.480000000001382,1,2021
-1.0,-1.2808988764044869,-1.0,-1.2808988764044869,-1.0,-1.2808988764044869,5.3400000000001455,-1,2021
-1.0,-1.2808988764044869,-1.0,-1.2808988764044869,-1.0,-1.2808988764044869,5.3400000000001455,-1,2021
-1.0,-1.1212611156022556,-1.0,-1.1212611156022556,-1.0,-1.1212611156022556,12.3700000000008,1,2021
-1.0,-1.1212611156022556,-1.0,-1.1212611156022556,-1.0,-1.1212611156022556,12.3700000000008,1,2021
-1.0,-1.6122448979594564,0.0,-0.6122448979594564,0.0,-0.6122448979594564,2.4499999999989086,-1,2021
-1.0,-1.6122448979594564,0.0,-0.6122448979594564,0.0,-0.6122448979594564,2.4499999999989086,-1,2021
2.0,1.96776966050709,2.0,1.96776966050709,2.0,1.96776966050709,46.539999999999054,1,2021
-1.0,-1.3239740820734902,-1.0,-1.3239740820734902,-1.0,-1.3239740820734902,4.6299999999992,1,2021
2.0,1.777117384844028,2.0,1.777117384844028,1.6,1.3771173848440281,6.730000000001382,-1,2021
2.0,1.777117384844028,2.0,1.777117384844028,1.6,1.3771173848440281,6.730000000001382,-1,2021
2.0,1.5508982035928338,2.0,1.5508982035928338,1.6,1.150898203592834,3.3400000000001455,-1,2021
2.0,1.750415973377713,2.0,1.750415973377713,2.0,1.750415973377713,6.010000000000218,1,2021
2.0,1.3333333333333335,2.0,1.3333333333333335,2.0,1.3333333333333335,2.25,1,2021
2.0,1.3333333333333335,2.0,1.3333333333333335,2.0,1.3333333333333335,2.25,1,2021
2.0,1.3333333333333335,2.0,1.3333333333333335,2.0,1.3333333333333335,2.25,1,2021
-1.0,-1.2167630057803445,0.0,-0.21676300578034455,0.0,-0.21676300578034455,6.920000000000073,-1,2021
-1.0,-1.1702610669693276,-1.0,-1.1702610669693276,-1.0,-1.1702610669693276,8.81000000000131,-1,2021
-1.0,-1.0302956858943293,0.0,-0.030295685894329377,0.0,-0.030295685894329377,49.51199999999881,-1,2021
-1.0,-1.1091703056768576,-1.0,-1.1091703056768576,-1.0,-1.1091703056768576,13.739999999999782,1,2021
-1.0,-1.071225071225073,-1.0,-1.071225071225073,-1.0,-1.071225071225073,21.05999999999949,1,2021
-1.0,-1.1969020740351697,-1.0,-1.1969020740351697,-1.0,-1.1969020740351697,7.618000000000393,-1,2021
-1.0,-1.1969020740351697,-1.0,-1.1969020740351697,-1.0,-1.1969020740351697,7.618000000000393,-1,2021
2.0,1.7211895910781196,0.0,-0.2788104089218803,0.0,-0.2788104089218803,5.380000000001019,1,2021
-1.0,-1.2586206896552048,-1.0,-1.2586206896552048,-1.0,-1.2586206896552048,5.799999999999272,1,2021
2.0,1.5833333333333754,0.0,-0.41666666666662455,0.0,-0.41666666666662455,3.600000000000364,1,2021
-1.0,-1.3865979381442284,-1.0,-1.3865979381442284,-1.0,-1.3865979381442284,3.8800000000010186,-1,2021
2.0,1.635036496350255,2.0,1.635036496350255,2.0,1.635036496350255,4.109999999998763,-1,2021
2.0,1.4407158836690495,2.0,1.4407158836690495,1.6,1.0407158836690495,2.6820000000006985,-1,2021
2.0,1.4407158836690495,2.0,1.4407158836690495,1.6,1.0407158836690495,2.6820000000006985,-1,2021
2.0,1.8331479421579493,2.0,1.8331479421579493,2.0,1.8331479421579493,8.989999999999782,1,2021
2.0,1.8331479421579493,2.0,1.8331479421579493,2.0,1.8331479421579493,8.989999999999782,1,2021
-1.0,-1.2140410958904166,-1.0,-1.2140410958904166,-1.0,-1.2140410958904166,7.007999999999811,-1,2021
-1.0,-1.1243781094527228,-1.0,-1.1243781094527228,-1.0,-1.1243781094527228,12.06000000000131,-1,2021
-1.0,-1.0532670454545456,-1.0,-1.0532670454545456,-1.0,-1.0532670454545456,28.159999999999854,1,2021
-1.0,-1.0532670454545456,-1.0,-1.0532670454545456,-1.0,-1.0532670454545456,28.159999999999854,1,2021
-1.0,-1.0532670454545456,-1.0,-1.0532670454545456,-1.0,-1.0532670454545456,28.159999999999854,1,2021
-1.0,-1.0532670454545456,-1.0,-1.0532670454545456,-1.0,-1.0532670454545456,28.159999999999854,1,2021
2.0,1.7474747474747692,0.0,-0.2525252525252309,0.0,-0.2525252525252309,5.940000000000509,1,2021
-1.0,-1.389610389610537,-1.0,-1.389610389610537,-1.0,-1.389610389610537,3.849999999998545,1,2021
-1.0,-1.3649635036495833,0.0,-0.36496350364958335,0.0,-0.36496350364958335,4.110000000000582,-1,2021
2.0,1.7869318181818445,2.0,1.7869318181818445,1.6,1.3869318181818446,7.040000000000873,1,2021
-1.0,-1.0808189655172358,-1.0,-1.0808189655172358,-1.0,-1.0808189655172358,18.56000000000131,-1,2021
-1.0,-1.0808189655172358,-1.0,-1.0808189655172358,-1.0,-1.0808189655172358,18.56000000000131,-1,2021
-1.0,-1.0808189655172358,-1.0,-1.0808189655172358,-1.0,-1.0808189655172358,18.56000000000131,-1,2021
-1.0,-1.0808189655172358,-1.0,-1.0808189655172358,-1.0,-1.0808189655172358,18.56000000000131,-1,2021
-1.0,-1.0808189655172358,-1.0,-1.0808189655172358,-1.0,-1.0808189655172358,18.56000000000131,-1,2021
-1.0,-1.0808189655172358,-1.0,-1.0808189655172358,-1.0,-1.0808189655172358,18.56000000000131,-1,2021
-1.0,-1.2049180327868934,-1.0,-1.2049180327868934,-1.0,-1.2049180327868934,7.319999999999709,-1,2021
-1.0,-1.0406504065040634,-1.0,-1.0406504065040634,-1.0,-1.0406504065040634,36.900000000001455,1,2021
2.0,1.8170731707317236,2.0,1.8170731707317236,1.6,1.4170731707317237,8.200000000000728,1,2021
2.0,1.7790868924889236,2.0,1.7790868924889236,1.6,1.3790868924889237,6.789999999999054,-1,2021
2.0,1.9225126562661439,2.0,1.9225126562661439,2.0,1.9225126562661439,19.358000000000175,-1,2021
2.0,1.579831932773075,2.0,1.579831932773075,1.6,1.179831932773075,3.569999999999709,1,2021
-1.0,-1.3957783641160038,-1.0,-1.3957783641160038,-1.0,-1.3957783641160038,3.790000000000873,-1,2021
-1.0,-1.1413760603204446,-1.0,-1.1413760603204446,-1.0,-1.1413760603204446,10.610000000000582,-1,2021
2.0,1.938974776240846,0.0,-0.061025223759153965,0.0,-0.061025223759153965,24.579999999999927,1,2021
-1.0,-1.4189944134078298,-1.0,-1.4189944134078298,-1.0,-1.4189944134078298,3.5799999999999272,1,2021
-1.0,-1.5338078291815913,0.0,-0.5338078291815914,0.0,-0.5338078291815914,2.8099999999994907,1,2021
-1.0,-1.4573170731706404,-1.0,-1.4573170731706404,-1.0,-1.4573170731706404,3.280000000000655,-1,2021
-1.0,-1.3937007874016274,0.0,-0.39370078740162745,0.0,-0.39370078740162745,3.8099999999994907,1,2021
2.0,1.7557003257328758,2.0,1.7557003257328758,1.6,1.355700325732876,6.139999999999418,-1,2021
-1.0,-1.2263126131562858,-1.0,-1.2263126131562858,-1.0,-1.2263126131562858,6.628000000000611,-1,2021
-1.0,-1.1483679525222468,0.0,-0.14836795252224666,0.0,-0.14836795252224666,10.110000000000582,-1,2021
-1.0,-1.7614213197972073,0.0,-0.7614213197972074,0.0,-0.7614213197972074,1.9699999999993452,1,2021
-1.0,-1.2613240418118568,0.0,-0.26132404181185664,0.0,-0.26132404181185664,5.739999999999782,-1,2021
-1.0,-1.2613240418118568,0.0,-0.26132404181185664,0.0,-0.26132404181185664,5.739999999999782,-1,2021
-1.0,-1.02764467379285,-1.0,-1.02764467379285,-1.0,-1.02764467379285,54.2599999999984,-1,2021
-1.0,-1.02764467379285,-1.0,-1.02764467379285,-1.0,-1.02764467379285,54.2599999999984,-1,2021
-1.0,-1.02764467379285,-1.0,-1.02764467379285,-1.0,-1.02764467379285,54.2599999999984,-1,2021
-1.0,-1.179211469534033,-1.0,-1.179211469534033,-1.0,-1.179211469534033,8.3700000000008,1,2021
2.0,1.8583836858006115,0.0,-0.1416163141993884,0.0,-0.1416163141993884,10.592000000000553,1,2021
-1.0,-1.0629987400251961,-1.0,-1.0629987400251961,-1.0,-1.0629987400251961,23.81000000000131,1,2021
2.0,1.8934659090909085,2.0,1.8934659090909085,2.0,1.8934659090909085,14.079999999999927,-1,2021
2.0,1.8366013071895153,2.0,1.8366013071895153,2.0,1.8366013071895153,9.179999999998472,1,2021
2.0,1.7053045186640556,0.0,-0.2946954813359444,0.0,-0.2946954813359444,5.0900000000001455,-1,2021
2.0,1.8663101604278214,2.0,1.8663101604278214,2.0,1.8663101604278214,11.220000000001164,-1,2021
-1.0,-1.146484375000003,-1.0,-1.146484375000003,-1.0,-1.146484375000003,10.239999999999782,1,2021
-1.0,-1.2199413489735578,-1.0,-1.2199413489735578,-1.0,-1.2199413489735578,6.820000000001528,1,2021
2.0,1.7412901000345251,2.0,1.7412901000345251,2.0,1.7412901000345251,5.798000000000684,-1,2021
2.0,1.5562130177516131,2.0,1.5562130177516131,1.6,1.1562130177516132,3.3800000000010186,1,2021
-1.0,-1.5597014925372528,0.0,-0.5597014925372527,0.0,-0.5597014925372527,2.680000000000291,-1,2021
-1.0,-1.2757352941176212,-1.0,-1.2757352941176212,-1.0,-1.2757352941176212,5.440000000000509,-1,2021
2.0,1.5689655172413253,0.0,-0.4310344827586748,0.0,-0.4310344827586748,3.4799999999995634,-1,2021
-1.0,-1.2757352941176212,-1.0,-1.2757352941176212,-1.0,-1.2757352941176212,5.440000000000509,-1,2021
-1.0,-1.5122950819672334,-1.0,-1.5122950819672334,-1.0,-1.5122950819672334,2.9279999999998836,-1,2021
-1.0,-1.217076700434158,-1.0,-1.217076700434158,-1.0,-1.217076700434158,6.9099999999998545,1,2021
2.0,1.5253164556961807,2.0,1.5253164556961807,2.0,1.5253164556961807,3.1599999999998545,1,2021
-1.0,-1.4398826979472328,0.0,-0.43988269794723284,0.0,-0.43988269794723284,3.4099999999998545,1,2021
-1.0,-1.2793296089385058,-1.0,-1.2793296089385058,-1.0,-1.2793296089385058,5.3700000000008,-1,2021
-1.0,-1.3604036520903184,0.0,-0.3604036520903185,0.0,-0.3604036520903185,4.162000000000262,-1,2021
2.0,1.8069498069497727,2.0,1.8069498069497727,1.6,1.4069498069497728,7.769999999998618,1,2021
2.0,1.8069498069497727,2.0,1.8069498069497727,1.6,1.4069498069497728,7.769999999998618,1,2021
2.0,1.8069498069497727,2.0,1.8069498069497727,1.6,1.4069498069497728,7.769999999998618,1,2021
-1.0,-1.5539143279171719,0.0,-0.553914327917172,0.0,-0.553914327917172,2.7080000000005384,-1,2021
-1.0,-1.5539143279171719,0.0,-0.553914327917172,0.0,-0.553914327917172,2.7080000000005384,-1,2021
-1.0,-1.1865671641790843,-1.0,-1.1865671641790843,-1.0,-1.1865671641790843,8.040000000000873,1,2021
-1.0,-1.1865671641790843,-1.0,-1.1865671641790843,-1.0,-1.1865671641790843,8.040000000000873,1,2021
-1.0,-1.1865671641790843,-1.0,-1.1865671641790843,-1.0,-1.1865671641790843,8.040000000000873,1,2021
-1.0,-1.8928571428569883,-1.0,-1.8928571428569883,-1.0,-1.8928571428569883,1.680000000000291,1,2021
-1.0,-2.02880658436176,-1.0,-2.02880658436176,-1.0,-2.02880658436176,1.4580000000005384,-1,2021
-1.0,-1.4273504273504007,-1.0,-1.4273504273504007,-1.0,-1.4273504273504007,3.5100000000002183,-1,2021
2.0,1.8846153846153846,2.0,1.8846153846153846,2.0,1.8846153846153846,13.0,-1,2021
2.0,1.8846153846153846,2.0,1.8846153846153846,2.0,1.8846153846153846,13.0,-1,2021
2.0,1.8846153846153846,2.0,1.8846153846153846,2.0,1.8846153846153846,13.0,-1,2021
2.0,1.8405951115834502,2.0,1.8405951115834502,2.0,1.8405951115834502,9.410000000001673,1,2021
2.0,1.8405951115834502,2.0,1.8405951115834502,2.0,1.8405951115834502,9.410000000001673,1,2021
2.0,1.781659388646256,0.0,-0.21834061135374416,0.0,-0.21834061135374416,6.869999999998981,-1,2021
2.0,1.7881355932203369,0.0,-0.2118644067796632,0.0,-0.2118644067796632,7.079999999999927,-1,2021
-1.0,-1.0524109014675072,-1.0,-1.0524109014675072,-1.0,-1.0524109014675072,28.61999999999898,1,2021
-1.0,-1.0524109014675072,-1.0,-1.0524109014675072,-1.0,-1.0524109014675072,28.61999999999898,1,2021
2.0,1.9146174863388032,2.0,1.9146174863388032,2.0,1.9146174863388032,17.56800000000112,-1,2021
-1.0,-2.2096774193550517,-1.0,-2.2096774193550517,-1.0,-2.2096774193550517,1.2399999999997817,1,2021
2.0,1.47183098591552,2.0,1.47183098591552,1.6,1.0718309859155202,2.8400000000001455,1,2021
-1.0,-1.3968253968253281,-1.0,-1.3968253968253281,-1.0,-1.3968253968253281,3.780000000000655,-1,2021
-1.0,-1.1192368839427669,-1.0,-1.1192368839427669,-1.0,-1.1192368839427669,12.579999999999927,1,2021
2.0,1.3827160493827901,0.0,-0.61728395061721,0.0,-0.61728395061721,2.430000000000291,1,2021
2.0,1.3718592964821519,2.0,1.3718592964821519,1.6,0.9718592964821519,2.3879999999990105,-1,2021
2.0,1.7656249999999867,2.0,1.7656249999999867,1.6,1.3656249999999868,6.399999999999636,1,2021
-1.0,-1.1641497045305496,0.0,-0.1641497045305496,0.0,-0.1641497045305496,9.13799999999901,-1,2021
-1.0,-1.1641497045305496,0.0,-0.1641497045305496,0.0,-0.1641497045305496,9.13799999999901,-1,2021
-1.0,-1.1641497045305496,0.0,-0.1641497045305496,0.0,-0.1641497045305496,9.13799999999901,-1,2021
-1.0,-1.495049504950388,-1.0,-1.495049504950388,-1.0,-1.495049504950388,3.030000000000655,1,2021
-1.0,-1.495049504950388,-1.0,-1.495049504950388,-1.0,-1.495049504950388,3.030000000000655,1,2021
2.0,1.6842105263157894,2.0,1.6842105263157894,1.6,1.2842105263157895,4.75,-1,2021
2.0,1.6842105263157894,2.0,1.6842105263157894,1.6,1.2842105263157895,4.75,-1,2021
2.0,1.7520661157024495,2.0,1.7520661157024495,2.0,1.7520661157024495,6.049999999999272,-1,2021
2.0,1.909963985594237,2.0,1.909963985594237,1.6,1.509963985594237,16.659999999999854,-1,2021
-1.0,-1.268240343347613,0.0,-0.268240343347613,0.0,-0.268240343347613,5.592000000000553,-1,2021
-1.0,-1.104821802935001,-1.0,-1.104821802935001,-1.0,-1.104821802935001,14.31000000000131,1,2021
2.0,1.6277915632754947,2.0,1.6277915632754947,1.6,1.2277915632754948,4.030000000000655,1,2021
-1.0,-1.0910194174757306,0.0,-0.09101941747573057,0.0,-0.09101941747573057,16.479999999999563,1,2021
-1.0,-1.0910194174757306,0.0,-0.09101941747573057,0.0,-0.09101941747573057,16.479999999999563,1,2021
-1.0,-1.1829268292682764,-1.0,-1.1829268292682764,-1.0,-1.1829268292682764,8.200000000000728,1,2021
-1.0,-1.2173913043478375,0.0,-0.21739130434783754,0.0,-0.21739130434783754,6.899999999999636,-1,2021
-1.0,-1.2551020408163613,0.0,-0.25510204081636123,0.0,-0.25510204081636123,5.8799999999992,1,2021
2.0,1.8241088180112621,2.0,1.8241088180112621,1.6,1.4241088180112622,8.528000000000247,-1,2021
2.0,1.8979591836734744,0.0,-0.10204081632652556,0.0,-0.10204081632652556,14.700000000000728,1,2021
2.0,1.4897959183671197,2.0,1.4897959183671197,1.6,1.0897959183671198,2.9399999999986903,1,2021
-1.0,-1.210674157303347,-1.0,-1.210674157303347,-1.0,-1.210674157303347,7.1200000000008,1,2021
-1.0,-1.210674157303347,-1.0,-1.210674157303347,-1.0,-1.210674157303347,7.1200000000008,1,2021
2.0,1.8122653316645756,0.0,-0.1877346683354244,0.0,-0.1877346683354244,7.989999999999782,-1,2021
-1.0,-1.2343017806935317,-1.0,-1.2343017806935317,-1.0,-1.2343017806935317,6.402000000000044,-1,2021
-1.0,-2.0,-1.0,-2.0,-1.0,-2.0,1.5,-1,2021
2.0,1.8437337222627384,2.0,1.8437337222627384,1.6,1.4437337222627384,9.59900000000016,1,2021
2.0,1.006622516556435,0.0,-0.993377483443565,0.0,-0.993377483443565,1.5100000000002183,-1,2021
2.0,1.006622516556435,0.0,-0.993377483443565,0.0,-0.993377483443565,1.5100000000002183,-1,2021
2.0,1.2424242424240752,2.0,1.2424242424240752,1.6,0.8424242424240754,1.9799999999995634,1,2021
-1.0,-1.0644662197008767,-1.0,-1.0644662197008767,-1.0,-1.0644662197008767,23.26800000000003,-1,2021
-1.0,-1.1339285714285845,0.0,-0.13392857142858447,0.0,-0.13392857142858447,11.199999999998909,1,2021
2.0,1.6143958868895827,2.0,1.6143958868895827,1.6,1.2143958868895828,3.890000000001237,-1,2021
-1.0,-1.404312668463707,-1.0,-1.404312668463707,-1.0,-1.404312668463707,3.709999999999127,-1,2021
2.0,1.1573033707868268,0.0,-0.8426966292131731,0.0,-0.8426966292131731,1.7800000000006548,-1,2021
2.0,1.1573033707868268,0.0,-0.8426966292131731,0.0,-0.8426966292131731,1.7800000000006548,-1,2021
-1.0,-2.0067114093961207,-1.0,-2.0067114093961207,-1.0,-2.0067114093961207,1.4899999999997817,1,2021
-1.0,-1.6329113924048495,-1.0,-1.6329113924048495,-1.0,-1.6329113924048495,2.3700000000008004,1,2021
-1.0,-1.2435064935064992,-1.0,-1.2435064935064992,-1.0,-1.2435064935064992,6.1599999999998545,1,2021
2.0,1.6760259179265098,0.0,-0.32397408207349015,0.0,-0.32397408207349015,4.6299999999992,-1,2021
-1.0,-1.379746835443143,-1.0,-1.379746835443143,-1.0,-1.379746835443143,3.9499999999989086,1,2021
-1.0,-1.6,-1.0,-1.6,-1.0,-1.6,2.5,-1,2021
2.0,1.6629213483145242,2.0,1.6629213483145242,1.6,1.2629213483145243,4.449999999998909,1,2021
2.0,1.7975708502024252,2.0,1.7975708502024252,1.6,1.3975708502024253,7.4099999999998545,-1,2021
-1.0,-1.1562500000000238,-1.0,-1.1562500000000238,-1.0,-1.1562500000000238,9.599999999998545,-1,2021
2.0,1.8458376156217813,0.0,-0.15416238437821864,0.0,-0.15416238437821864,9.729999999999563,1,2021
-1.0,-1.8982035928143322,-1.0,-1.8982035928143322,-1.0,-1.8982035928143322,1.6700000000000728,1,2021
2.0,1.0131578947371256,2.0,1.0131578947371256,2.0,1.0131578947371256,1.5200000000004366,-1,2021
2.0,1.8611111111111251,0.0,-0.13888888888887485,0.0,-0.13888888888887485,10.800000000001091,1,2021
2.0,1.1379310344826505,2.0,1.1379310344826505,1.6,0.7379310344826505,1.7399999999997817,1,2021
-1.0,-1.590551181102159,-1.0,-1.590551181102159,-1.0,-1.590551181102159,2.540000000000873,1,2021
-1.0,-1.590551181102159,-1.0,-1.590551181102159,-1.0,-1.590551181102159,2.540000000000873,1,2021
-1.0,-1.7575757575759248,0.0,-0.7575757575759247,0.0,-0.7575757575759247,1.9799999999995634,-1,2021
-1.0,-1.802139037432812,0.0,-0.8021390374328118,0.0,-0.8021390374328118,1.8700000000008004,1,2021
-1.0,-2.973684210525749,-1.0,-2.973684210525749,-1.0,-2.973684210525749,0.7600000000002183,1,2021
-1.0,-2.973684210525749,-1.0,-2.973684210525749,-1.0,-2.973684210525749,0.7600000000002183,1,2021
-1.0,-1.3906249999999851,-1.0,-1.3906249999999851,-1.0,-1.3906249999999851,3.8400000000001455,-1,2021
-1.0,-1.3906249999999851,-1.0,-1.3906249999999851,-1.0,-1.3906249999999851,3.8400000000001455,-1,2021
-1.0,-1.3906249999999851,-1.0,-1.3906249999999851,-1.0,-1.3906249999999851,3.8400000000001455,-1,2021
-1.0,-1.3703703703702705,-1.0,-1.3703703703702705,-1.0,-1.3703703703702705,4.050000000001091,1,2021
2.0,0.8721804511277578,2.0,0.8721804511277578,2.0,0.8721804511277578,1.3299999999999272,1,2021
2.0,0.8721804511277578,2.0,0.8721804511277578,2.0,0.8721804511277578,1.3299999999999272,1,2021
2.0,0.8721804511277578,2.0,0.8721804511277578,2.0,0.8721804511277578,1.3299999999999272,1,2021
-1.0,-1.0874125874125882,-1.0,-1.0874125874125882,-1.0,-1.0874125874125882,17.159999999999854,-1,2021
-1.0,-1.0874125874125882,-1.0,-1.0874125874125882,-1.0,-1.0874125874125882,17.159999999999854,-1,2021
-1.0,-1.0874125874125882,-1.0,-1.0874125874125882,-1.0,-1.0874125874125882,17.159999999999854,-1,2021
2.0,1.9095840867992775,2.0,1.9095840867992775,2.0,1.9095840867992775,16.590000000000146,-1,2021
2.0,1.9095840867992775,2.0,1.9095840867992775,2.0,1.9095840867992775,16.590000000000146,-1,2021
2.0,1.6957403651115799,0.0,-0.30425963488842017,0.0,-0.30425963488842017,4.930000000000291,-1,2021
2.0,1.4252873563219672,0.0,-0.5747126436780328,0.0,-0.5747126436780328,2.610000000000582,1,2021
2.0,1.80237154150198,2.0,1.80237154150198,1.6,1.4023715415019802,7.5900000000001455,1,2021
-1.0,-1.101078167115902,-1.0,-1.101078167115902,-1.0,-1.101078167115902,14.840000000000146,-1,2021
2.0,1.9078057775046122,2.0,1.9078057775046122,2.0,1.9078057775046122,16.270000000000437,-1,2021
-1.0,-1.235109717868301,-1.0,-1.235109717868301,-1.0,-1.235109717868301,6.380000000001019,-1,2021
-1.0,-1.235109717868301,-1.0,-1.235109717868301,-1.0,-1.235109717868301,6.380000000001019,-1,2021
-1.0,-1.2757352941176212,-1.0,-1.2757352941176212,-1.0,-1.2757352941176212,5.440000000000509,1,2021
-1.0,-1.3171247357294162,-1.0,-1.3171247357294162,-1.0,-1.3171247357294162,4.729999999999563,-1,2021
-1.0,-1.3198294243070015,0.0,-0.3198294243070015,0.0,-0.3198294243070015,4.690000000000509,-1,2021
-1.0,-1.5597014925372528,-1.0,-1.5597014925372528,-1.0,-1.5597014925372528,2.680000000000291,1,2021
2.0,1.7816593886463137,0.0,-0.21834061135368635,0.0,-0.21834061135368635,6.8700000000008,1,2021
-1.0,-1.2697841726618952,-1.0,-1.2697841726618952,-1.0,-1.2697841726618952,5.559999999999491,-1,2021
-1.0,-1.6578947368419163,-1.0,-1.6578947368419163,-1.0,-1.6578947368419163,2.280000000000655,1,2021
2.0,1.8279816513761697,2.0,1.8279816513761697,1.6,1.4279816513761698,8.720000000001164,-1,2021
2.0,1.7607655502392512,2.0,1.7607655502392512,2.0,1.7607655502392512,6.270000000000437,1,2021
2.0,1.4755244755245822,2.0,1.4755244755245822,1.6,1.0755244755245823,2.860000000000582,1,2021
2.0,1.4252873563219672,2.0,1.4252873563219672,2.0,1.4252873563219672,2.610000000000582,-1,2021
2.0,1.4252873563219672,2.0,1.4252873563219672,2.0,1.4252873563219672,2.610000000000582,-1,2021
-1.0,-1.2311248073960015,-1.0,-1.2311248073960015,-1.0,-1.2311248073960015,6.489999999999782,-1,2021
-1.0,-1.2311248073960015,-1.0,-1.2311248073960015,-1.0,-1.2311248073960015,6.489999999999782,-1,2021
-1.0,-1.1805054151624659,-1.0,-1.1805054151624659,-1.0,-1.1805054151624659,8.30999999999949,1,2021
2.0,1.7399445214979208,2.0,1.7399445214979208,1.6,1.3399445214979209,5.768000000000029,-1,2021
-1.0,-1.1875,-1.0,-1.1875,-1.0,-1.1875,8.0,1,2021
-1.0,-1.1875,-1.0,-1.1875,-1.0,-1.1875,8.0,1,2021
2.0,1.8005849508109286,2.0,1.8005849508109286,2.0,1.8005849508109286,7.521999999999025,-1,2021
-1.0,-1.053648068669526,-1.0,-1.053648068669526,-1.0,-1.053648068669526,27.960000000000946,1,2021
-1.0,-1.0758725341426387,0.0,-0.07587253414263868,0.0,-0.07587253414263868,19.770000000000437,-1,2021
2.0,1.824561403508757,2.0,1.824561403508757,2.0,1.824561403508757,8.549999999999272,-1,2021
2.0,1.824561403508757,2.0,1.824561403508757,2.0,1.824561403508757,8.549999999999272,-1,2021
2.0,1.8435870698644445,0.0,-0.1564129301355555,0.0,-0.1564129301355555,9.590000000000146,1,2021
-1.0,-1.0873718546132263,-1.0,-1.0873718546132263,-1.0,-1.0873718546132263,17.168000000001484,1,2021
2.0,1.8424369747899232,0.0,-0.1575630252100768,0.0,-0.1575630252100768,9.520000000000437,-1,2021
2.0,1.8424369747899232,0.0,-0.1575630252100768,0.0,-0.1575630252100768,9.520000000000437,-1,2021
-1.0,-1.039234149403641,-1.0,-1.039234149403641,-1.0,-1.039234149403641,38.23199999999997,-1,2021
-1.0,-1.1314636283961454,-1.0,-1.1314636283961454,-1.0,-1.1314636283961454,11.409999999999854,1,2021
-1.0,-1.1314636283961454,-1.0,-1.1314636283961454,-1.0,-1.1314636283961454,11.409999999999854,1,2021
-1.0,-1.1503006012024113,-1.0,-1.1503006012024113,-1.0,-1.1503006012024113,9.979999999999563,-1,2021
-1.0,-1.1597444089456967,-1.0,-1.1597444089456967,-1.0,-1.1597444089456967,9.389999999999418,-1,2021
-1.0,-1.4398826979472328,-1.0,-1.4398826979472328,-1.0,-1.4398826979472328,3.4099999999998545,-1,2021
2.0,1.925,2.0,1.925,2.0,1.925,20.0,-1,2021
-1.0,-1.0980392156862793,-1.0,-1.0980392156862793,-1.0,-1.0980392156862793,15.299999999999272,1,2021
2.0,1.8392282958199344,2.0,1.8392282958199344,2.0,1.8392282958199344,9.329999999999927,-1,2021
2.0,1.5774647887323079,2.0,1.5774647887323079,2.0,1.5774647887323079,3.5499999999992724,-1,2021
-1.0,-1.3006012024048228,-1.0,-1.3006012024048228,-1.0,-1.3006012024048228,4.989999999999782,1,2021
-1.0,-1.133809099018722,-1.0,-1.133809099018722,-1.0,-1.133809099018722,11.210000000000946,-1,2021
-1.0,-1.0986842105263228,-1.0,-1.0986842105263228,-1.0,-1.0986842105263228,15.199999999998909,-1,2021
-1.0,-1.0674157303370786,-1.0,-1.0674157303370786,-1.0,-1.0674157303370786,22.25,-1,2021
2.0,1.9026606099935213,2.0,1.9026606099935213,1.6,1.5026606099935214,15.410000000001673,1,2021
2.0,1.7899747969756319,2.0,1.7899747969756319,1.6,1.389974796975632,7.141999999999825,-1,2021
-1.0,-1.6048387096770822,-1.0,-1.6048387096770822,-1.0,-1.6048387096770822,2.4800000000013824,1,2021
-1.0,-1.6048387096770822,-1.0,-1.6048387096770822,-1.0,-1.6048387096770822,2.4800000000013824,1,2021
-1.0,-1.1487800039674618,-1.0,-1.1487800039674618,-1.0,-1.1487800039674618,10.082000000000335,-1,2021
-1.0,-1.1487800039674618,-1.0,-1.1487800039674618,-1.0,-1.1487800039674618,10.082000000000335,-1,2021
2.0,1.9375520399666954,2.0,1.9375520399666954,2.0,1.9375520399666954,24.020000000000437,1,2021
2.0,1.9375520399666954,2.0,1.9375520399666954,2.0,1.9375520399666954,24.020000000000437,1,2021
2.0,1.9107674003569277,2.0,1.9107674003569277,2.0,1.9107674003569277,16.80999999999949,-1,2021
2.0,1.9107674003569277,2.0,1.9107674003569277,2.0,1.9107674003569277,16.80999999999949,-1,2021
-1.0,-1.2471169686984551,-1.0,-1.2471169686984551,-1.0,-1.2471169686984551,6.070000000001528,-1,2021
-1.0,-1.2819548872179642,0.0,-0.28195488721796413,0.0,-0.28195488721796413,5.320000000001528,-1,2021
-1.0,-1.2819548872179642,0.0,-0.28195488721796413,0.0,-0.28195488721796413,5.320000000001528,-1,2021
2.0,1.819927971188474,2.0,1.819927971188474,2.0,1.819927971188474,8.329999999999927,-1,2021
-1.0,-1.1575630252100768,0.0,-0.1575630252100768,0.0,-0.1575630252100768,9.520000000000437,1,2021
-1.0,-1.1575630252100768,0.0,-0.1575630252100768,0.0,-0.1575630252100768,9.520000000000437,1,2021
-1.0,-1.1575630252100768,0.0,-0.1575630252100768,0.0,-0.1575630252100768,9.520000000000437,1,2021
-1.0,-1.1575630252100768,0.0,-0.1575630252100768,0.0,-0.1575630252100768,9.520000000000437,1,2021
-1.0,-1.4297994269341243,-1.0,-1.4297994269341243,-1.0,-1.4297994269341243,3.4899999999997817,-1,2021
-1.0,-1.3218884120171774,-1.0,-1.3218884120171774,-1.0,-1.3218884120171774,4.6599999999998545,1,2021
2.0,1.7800586510264422,2.0,1.7800586510264422,1.6,1.3800586510264423,6.820000000001528,1,2021
-1.0,-1.173010380622836,-1.0,-1.173010380622836,-1.0,-1.173010380622836,8.670000000000073,-1,2021
-1.0,-1.173010380622836,-1.0,-1.173010380622836,-1.0,-1.173010380622836,8.670000000000073,-1,2021
-1.0,-1.264550264550261,-1.0,-1.264550264550261,-1.0,-1.264550264550261,5.670000000000073,1,2021
2.0,1.6511627906976154,2.0,1.6511627906976154,1.6,1.2511627906976155,4.299999999999272,1,2021
2.0,1.8459958932238159,0.0,-0.15400410677618415,0.0,-0.15400410677618415,9.739999999999782,1,2021
-1.0,-1.359712230215821,-1.0,-1.359712230215821,-1.0,-1.359712230215821,4.170000000000073,1,2021
-1.0,-1.1403443113772442,-1.0,-1.1403443113772442,-1.0,-1.1403443113772442,10.688000000000102,-1,2021
-1.0,-1.1403443113772442,-1.0,-1.1403443113772442,-1.0,-1.1403443113772442,10.688000000000102,-1,2021
-1.0,-1.229357798165107,-1.0,-1.229357798165107,-1.0,-1.229357798165107,6.540000000000873,-1,2021
-1.0,-1.25,-1.0,-1.25,-1.0,-1.25,6.0,1,2021
-1.0,-1.149402390438234,-1.0,-1.149402390438234,-1.0,-1.149402390438234,10.040000000000873,1,2021
-1.0,-1.3449862005519813,-1.0,-1.3449862005519813,-1.0,-1.3449862005519813,4.347999999999956,-1,2021
-1.0,-1.3449862005519813,-1.0,-1.3449862005519813,-1.0,-1.3449862005519813,4.347999999999956,-1,2021
2.0,1.4565217391304777,2.0,1.4565217391304777,1.6,1.0565217391304778,2.7600000000002183,1,2021
-1.0,-1.1417501417501372,0.0,-0.14175014175013725,0.0,-0.14175014175013725,10.582000000000335,-1,2021
-1.0,-1.0807319698600648,-1.0,-1.0807319698600648,-1.0,-1.0807319698600648,18.579999999999927,1,2021
2.0,1.767441860465077,2.0,1.767441860465077,1.6,1.367441860465077,6.449999999998909,-1,2021
2.0,1.8450413223140543,2.0,1.8450413223140543,2.0,1.8450413223140543,9.680000000000291,1,2021
-1.0,-1.4310344827584496,-1.0,-1.4310344827584496,-1.0,-1.4310344827584496,3.4800000000013824,1,2021
2.0,1.5562130177516131,2.0,1.5562130177516131,1.6,1.1562130177516132,3.3800000000010186,1,2021
-1.0,-1.2142857142857142,-1.0,-1.2142857142857142,-1.0,-1.2142857142857142,7.0,1,2021
-1.0,-1.1042390548992398,0.0,-0.10423905489923979,0.0,-0.10423905489923979,14.389999999999418,1,2021
-1.0,-1.2222222222222223,-1.0,-1.2222222222222223,-1.0,-1.2222222222222223,6.75,1,2021
-1.0,-1.1698754246885632,-1.0,-1.1698754246885632,-1.0,-1.1698754246885632,8.829999999999927,1,2021
-1.0,-1.4132231404957518,-1.0,-1.4132231404957518,-1.0,-1.4132231404957518,3.6300000000010186,-1,2021
-1.0,-1.0851305334846726,-1.0,-1.0851305334846726,-1.0,-1.0851305334846726,17.6200000000008,-1,2021
-1.0,-1.0851305334846726,-1.0,-1.0851305334846726,-1.0,-1.0851305334846726,17.6200000000008,-1,2021
2.0,1.76,0.0,-0.24,0.0,-0.24,6.25,1,2021
-1.0,-1.1428571428571428,-1.0,-1.1428571428571428,-1.0,-1.1428571428571428,10.5,1,2021
-1.0,-1.1428571428571428,-1.0,-1.1428571428571428,-1.0,-1.1428571428571428,10.5,1,2021
-1.0,-1.2092050209204999,-1.0,-1.2092050209204999,-1.0,-1.2092050209204999,7.170000000000073,1,2021
-1.0,-1.1057082452431388,-1.0,-1.1057082452431388,-1.0,-1.1057082452431388,14.18999999999869,1,2021
-1.0,-1.1057082452431388,-1.0,-1.1057082452431388,-1.0,-1.1057082452431388,14.18999999999869,1,2021
-1.0,-1.5136986301369735,-1.0,-1.5136986301369735,-1.0,-1.5136986301369735,2.9200000000000728,1,2021
2.0,1.778761061946924,2.0,1.778761061946924,1.6,1.3787610619469242,6.780000000000655,-1,2021
-1.0,-1.1345291479820672,-1.0,-1.1345291479820672,-1.0,-1.1345291479820672,11.149999999999636,1,2021
2.0,1.7532894736842075,0.0,-0.24671052631579243,0.0,-0.24671052631579243,6.079999999999927,-1,2021
2.0,1.4949494949493836,2.0,1.4949494949493836,1.6,1.0949494949493837,2.969999999999345,1,2021
-1.0,-1.0664952566716934,-1.0,-1.0664952566716934,-1.0,-1.0664952566716934,22.557999999999083,-1,2021
2.0,1.6143958868894024,2.0,1.6143958868894024,2.0,1.6143958868894024,3.889999999999418,-1,2021
-1.0,-1.0746640119462414,-1.0,-1.0746640119462414,-1.0,-1.0746640119462414,20.090000000000146,-1,2021
-1.0,-1.0746640119462414,-1.0,-1.0746640119462414,-1.0,-1.0746640119462414,20.090000000000146,-1,2021
-1.0,-1.0746640119462414,-1.0,-1.0746640119462414,-1.0,-1.0746640119462414,20.090000000000146,-1,2021
-1.0,-1.076687116564412,-1.0,-1.076687116564412,-1.0,-1.076687116564412,19.56000000000131,1,2021
-1.0,-1.2651113467655821,-1.0,-1.2651113467655821,-1.0,-1.2651113467655821,5.658000000001266,-1,2021
-1.0,-1.2651113467655821,-1.0,-1.2651113467655821,-1.0,-1.2651113467655821,5.658000000001266,-1,2021
2.0,1.587912087912022,2.0,1.587912087912022,1.6,1.1879120879120222,3.639999999999418,1,2021
2.0,1.8145859085290517,2.0,1.8145859085290517,1.6,1.4145859085290517,8.090000000000146,1,2021
2.0,1.8145859085290517,2.0,1.8145859085290517,1.6,1.4145859085290517,8.090000000000146,1,2021
-1.0,-1.2994011976047775,-1.0,-1.2994011976047775,-1.0,-1.2994011976047775,5.010000000000218,1,2021
-1.0,-1.285171102661585,-1.0,-1.285171102661585,-1.0,-1.285171102661585,5.260000000000218,-1,2021
-1.0,-1.3448275862068677,0.0,-0.3448275862068677,0.0,-0.3448275862068677,4.350000000000364,1,2021
-1.0,-1.1100513573000652,-1.0,-1.1100513573000652,-1.0,-1.1100513573000652,13.630000000001019,-1,2021
2.0,1.9209611128675348,2.0,1.9209611128675348,2.0,1.9209611128675348,18.978000000000975,-1,2021
2.0,1.8644986449864684,0.0,-0.13550135501353144,0.0,-0.13550135501353144,11.070000000001528,-1,2021
-1.0,-1.3260869565217133,-1.0,-1.3260869565217133,-1.0,-1.3260869565217133,4.600000000000364,1,2021
-1.0,-1.3260869565217133,-1.0,-1.3260869565217133,-1.0,-1.3260869565217133,4.600000000000364,1,2021
-1.0,-1.227617602427916,-1.0,-1.227617602427916,-1.0,-1.227617602427916,6.5900000000001455,-1,2021
-1.0,-1.0964010282776382,-1.0,-1.0964010282776382,-1.0,-1.0964010282776382,15.55999999999949,1,2021
-1.0,-1.0964010282776382,-1.0,-1.0964010282776382,-1.0,-1.0964010282776382,15.55999999999949,1,2021
-1.0,-1.0964010282776382,-1.0,-1.0964010282776382,-1.0,-1.0964010282776382,15.55999999999949,1,2021
2.0,1.6907216494845594,2.0,1.6907216494845594,1.6,1.2907216494845595,4.850000000000364,1,2021
-1.0,-1.41095890410963,-1.0,-1.41095890410963,-1.0,-1.41095890410963,3.649999999999636,1,2021
-1.0,-1.6437768240338522,-1.0,-1.6437768240338522,-1.0,-1.6437768240338522,2.3300000000017462,-1,2021
2.0,1.4565217391301197,0.0,-0.5434782608698804,0.0,-0.5434782608698804,2.7599999999983993,1,2021
-1.0,-1.4285714285714286,0.0,-0.42857142857142855,0.0,-0.42857142857142855,3.5,-1,2021
-1.0,-1.1191421763304197,-1.0,-1.1191421763304197,-1.0,-1.1191421763304197,12.590000000000146,-1,2021
-1.0,-1.1191421763304197,-1.0,-1.1191421763304197,-1.0,-1.1191421763304197,12.590000000000146,-1,2021
-1.0,-1.1339285714285627,0.0,-0.13392857142856274,0.0,-0.13392857142856274,11.200000000000728,1,2021
-1.0,-1.5084745762710612,-1.0,-1.5084745762710612,-1.0,-1.5084745762710612,2.9500000000007276,-1,2021
2.0,1.9309710078232902,2.0,1.9309710078232902,2.0,1.9309710078232902,21.730000000001382,-1,2021
2.0,1.9309710078232902,2.0,1.9309710078232902,2.0,1.9309710078232902,21.730000000001382,-1,2021
-1.0,-1.3846153846152411,0.0,-0.3846153846152411,0.0,-0.3846153846152411,3.900000000001455,1,2021
-1.0,-1.5119453924914166,-1.0,-1.5119453924914166,-1.0,-1.5119453924914166,2.930000000000291,-1,2021
-1.0,-1.0962772785622596,-1.0,-1.0962772785622596,-1.0,-1.0962772785622596,15.579999999999927,1,2021
2.0,1.974441983302096,2.0,1.974441983302096,2.0,1.974441983302096,58.69000000000051,1,2021
-1.0,-2.05633802816896,-1.0,-2.05633802816896,-1.0,-2.05633802816896,1.4200000000000728,1,2021
-1.0,-2.05633802816896,-1.0,-2.05633802816896,-1.0,-2.05633802816896,1.4200000000000728,1,2021
-1.0,-1.4615384615384617,0.0,-0.46153846153846156,0.0,-0.46153846153846156,3.25,-1,2021
-1.0,-1.1298701298701177,-1.0,-1.1298701298701177,-1.0,-1.1298701298701177,11.550000000001091,1,2021
2.0,1.8895434462444618,0.0,-0.11045655375553821,0.0,-0.11045655375553821,13.579999999998108,1,2021
2.0,1.8895434462444618,0.0,-0.11045655375553821,0.0,-0.11045655375553821,13.579999999998108,1,2021
2.0,1.8895434462444618,0.0,-0.11045655375553821,0.0,-0.11045655375553821,13.579999999998108,1,2021
-1.0,-1.1457725947521742,-1.0,-1.1457725947521742,-1.0,-1.1457725947521742,10.290000000000873,-1,2021
-1.0,-1.1217532467532316,-1.0,-1.1217532467532316,-1.0,-1.1217532467532316,12.320000000001528,-1,2021
-1.0,-1.1217532467532316,-1.0,-1.1217532467532316,-1.0,-1.1217532467532316,12.320000000001528,-1,2021
-1.0,-1.1217532467532316,-1.0,-1.1217532467532316,-1.0,-1.1217532467532316,12.320000000001528,-1,2021
-1.0,-1.041288191577209,-1.0,-1.041288191577209,-1.0,-1.041288191577209,36.32999999999993,1,2021
-1.0,-1.1230516817063114,0.0,-0.1230516817063115,0.0,-0.1230516817063115,12.19000000000051,-1,2021
-1.0,-1.1230516817063114,0.0,-0.1230516817063115,0.0,-0.1230516817063115,12.19000000000051,-1,2021
-1.0,-1.1230516817063114,0.0,-0.1230516817063115,0.0,-0.1230516817063115,12.19000000000051,-1,2021
-1.0,-1.055106539309329,-1.0,-1.055106539309329,-1.0,-1.055106539309329,27.220000000001164,1,2021
-1.0,-1.2002670226969352,0.0,-0.20026702269693508,0.0,-0.20026702269693508,7.489999999999782,-1,2021
-1.0,-1.2002670226969352,0.0,-0.20026702269693508,0.0,-0.20026702269693508,7.489999999999782,-1,2021
-1.0,-1.2002670226969352,0.0,-0.20026702269693508,0.0,-0.20026702269693508,7.489999999999782,-1,2021
-1.0,-1.1984126984127117,-1.0,-1.1984126984127117,-1.0,-1.1984126984127117,7.559999999999491,-1,2021
-1.0,-1.0520833333333346,0.0,-0.05208333333333465,0.0,-0.05208333333333465,28.799999999999272,-1,2021
2.0,1.9204244031830253,0.0,-0.0795755968169746,0.0,-0.0795755968169746,18.850000000000364,-1,2021
2.0,1.9204244031830253,0.0,-0.0795755968169746,0.0,-0.0795755968169746,18.850000000000364,-1,2021
2.0,1.8279816513761338,2.0,1.8279816513761338,1.6,1.4279816513761339,8.719999999999345,1,2021
-1.0,-1.1036627505183185,-1.0,-1.1036627505183185,-1.0,-1.1036627505183185,14.469999999999345,-1,2021
2.0,1.830470162748643,2.0,1.830470162748643,1.6,1.4304701627486431,8.847999999999956,-1,2021
-1.0,-1.4054054054053258,-1.0,-1.4054054054053258,-1.0,-1.4054054054053258,3.7000000000007276,1,2021
2.0,1.9286054259876257,2.0,1.9286054259876257,1.6,1.5286054259876258,21.01000000000022,-1,2021
-1.0,-1.0283393160778385,-1.0,-1.0283393160778385,-1.0,-1.0283393160778385,52.93000000000029,1,2021
-1.0,-1.3846153846152411,-1.0,-1.3846153846152411,-1.0,-1.3846153846152411,3.900000000001455,1,2021
-1.0,-1.0462820117247764,-1.0,-1.0462820117247764,-1.0,-1.0462820117247764,32.409999999999854,-1,2021
-1.0,-1.0462820117247764,-1.0,-1.0462820117247764,-1.0,-1.0462820117247764,32.409999999999854,-1,2021
2.0,1.7159090909091261,2.0,1.7159090909091261,1.6,1.3159090909091262,5.280000000000655,-1,2021
2.0,1.8166259168704222,2.0,1.8166259168704222,2.0,1.8166259168704222,8.180000000000291,-1,2021
-1.0,-1.1818181818181819,-1.0,-1.1818181818181819,-1.0,-1.1818181818181819,8.25,-1,2021
-1.0,-1.2103786816268984,-1.0,-1.2103786816268984,-1.0,-1.2103786816268984,7.130000000001019,1,2021
-1.0,-1.1661129568106192,-1.0,-1.1661129568106192,-1.0,-1.1661129568106192,9.030000000000655,-1,2021
2.0,1.971632815159424,2.0,1.971632815159424,1.6,1.571632815159424,52.87800000000061,-1,2021
2.0,1.971632815159424,2.0,1.971632815159424,1.6,1.571632815159424,52.87800000000061,-1,2021
-1.0,-1.2318392581143323,-1.0,-1.2318392581143323,-1.0,-1.2318392581143323,6.470000000001164,-1,2021
-1.0,-1.0481850305171871,-1.0,-1.0481850305171871,-1.0,-1.0481850305171871,31.1299999999992,1,2021
-1.0,-1.140977443609006,-1.0,-1.140977443609006,-1.0,-1.140977443609006,10.640000000001237,1,2021
-1.0,-1.140977443609006,-1.0,-1.140977443609006,-1.0,-1.140977443609006,10.640000000001237,1,2021
-1.0,-1.0971502590673543,-1.0,-1.0971502590673543,-1.0,-1.0971502590673543,15.44000000000051,-1,2021
-1.0,-1.0971502590673543,-1.0,-1.0971502590673543,-1.0,-1.0971502590673543,15.44000000000051,-1,2021
-1.0,-1.077002053388092,-1.0,-1.077002053388092,-1.0,-1.077002053388092,19.479999999999563,1,2021
-1.0,-1.250836120401356,-1.0,-1.250836120401356,-1.0,-1.250836120401356,5.979999999999563,-1,2021
2.0,1.9276410998552806,2.0,1.9276410998552806,1.6,1.5276410998552807,20.729999999999563,1,2021
2.0,1.9276410998552806,2.0,1.9276410998552806,1.6,1.5276410998552807,20.729999999999563,1,2021
2.0,1.6651785714286746,2.0,1.6651785714286746,1.6,1.2651785714286747,4.480000000001382,1,2021
-1.0,-1.1720183486238662,0.0,-0.17201834862386614,0.0,-0.17201834862386614,8.719999999999345,-1,2021
-1.0,-1.0694766095414538,-1.0,-1.0694766095414538,-1.0,-1.0694766095414538,21.590000000000146,-1,2021
-1.0,-1.0851788756388387,-1.0,-1.0851788756388387,-1.0,-1.0851788756388387,17.610000000000582,1,2021
-1.0,-1.2669039145907093,-1.0,-1.2669039145907093,-1.0,-1.2669039145907093,5.6200000000008,-1,2021
-1.0,-1.2808988764044869,-1.0,-1.2808988764044869,-1.0,-1.2808988764044869,5.3400000000001455,1,2021
2.0,1.8467824310521077,0.0,-0.15321756894789237,0.0,-0.15321756894789237,9.790000000000873,-1,2021
-1.0,-1.931677018634256,0.0,-0.9316770186342561,0.0,-0.9316770186342561,1.609999999998763,-1,2021
-1.0,-1.931677018634256,0.0,-0.9316770186342561,0.0,-0.9316770186342561,1.609999999998763,-1,2021
2.0,1.672489082969427,2.0,1.672489082969427,2.0,1.672489082969427,4.579999999999927,1,2021
2.0,1.672489082969427,2.0,1.672489082969427,2.0,1.672489082969427,4.579999999999927,1,2021
-1.0,-1.09339975093399,-1.0,-1.09339975093399,-1.0,-1.09339975093399,16.06000000000131,1,2021
-1.0,-1.1255230125522937,-1.0,-1.1255230125522937,-1.0,-1.1255230125522937,11.950000000000728,1,2021
2.0,1.8801725515258032,2.0,1.8801725515258032,1.6,1.4801725515258033,12.518000000000029,1,2021
-1.0,-1.1371115173674753,-1.0,-1.1371115173674753,-1.0,-1.1371115173674753,10.93999999999869,-1,2021
-1.0,-1.27777777777789,0.0,-0.27777777777789003,0.0,-0.27777777777789003,5.399999999997817,1,2021
-1.0,-1.27777777777789,0.0,-0.27777777777789003,0.0,-0.27777777777789003,5.399999999997817,1,2021
2.0,1.9396135265700487,0.0,-0.060386473429951334,0.0,-0.060386473429951334,24.840000000000146,-1,2021
-1.0,-1.0848416289592746,-1.0,-1.0848416289592746,-1.0,-1.0848416289592746,17.68000000000029,1,2021
-1.0,-1.2002670226968863,-1.0,-1.2002670226968863,-1.0,-1.2002670226968863,7.490000000001601,-1,2022
-1.0,-1.2002670226968863,-1.0,-1.2002670226968863,-1.0,-1.2002670226968863,7.490000000001601,-1,2022
-1.0,-1.2396166134184523,-1.0,-1.2396166134184523,-1.0,-1.2396166134184523,6.260000000002037,1,2022
-1.0,-1.2396166134184523,-1.0,-1.2396166134184523,-1.0,-1.2396166134184523,6.260000000002037,1,2022
-1.0,-1.3073770491804928,-1.0,-1.3073770491804928,-1.0,-1.3073770491804928,4.879999999997381,-1,2022
-1.0,-1.0852757248436604,-1.0,-1.0852757248436604,-1.0,-1.0852757248436604,17.590000000000146,1,2022
-1.0,-1.1796407185628273,0.0,-0.1796407185628273,0.0,-0.1796407185628273,8.350000000002183,1,2022
-1.0,-1.1978891820580968,-1.0,-1.1978891820580968,-1.0,-1.1978891820580968,7.579999999998108,-1,2022
2.0,1.4505494505493628,2.0,1.4505494505493628,2.0,1.4505494505493628,2.7299999999995634,-1,2022
2.0,1.4505494505493628,2.0,1.4505494505493628,2.0,1.4505494505493628,2.7299999999995634,-1,2022
2.0,1.4505494505493628,2.0,1.4505494505493628,2.0,1.4505494505493628,2.7299999999995634,-1,2022
2.0,1.4505494505493628,2.0,1.4505494505493628,2.0,1.4505494505493628,2.7299999999995634,-1,2022
2.0,1.4505494505493628,2.0,1.4505494505493628,2.0,1.4505494505493628,2.7299999999995634,-1,2022
2.0,1.4505494505493628,2.0,1.4505494505493628,2.0,1.4505494505493628,2.7299999999995634,-1,2022
2.0,1.9499833277759249,2.0,1.9499833277759249,2.0,1.9499833277759249,29.98999999999978,-1,2022
2.0,1.8005319148936285,2.0,1.8005319148936285,1.6,1.4005319148936286,7.520000000000437,1,2022
-1.0,-1.0508992195452982,-1.0,-1.0508992195452982,-1.0,-1.0508992195452982,29.470000000001164,-1,2022
-1.0,-1.0660792951541829,-1.0,-1.0660792951541829,-1.0,-1.0660792951541829,22.700000000000728,1,2022
-1.0,-1.064991334488735,-1.0,-1.064991334488735,-1.0,-1.064991334488735,23.079999999999927,1,2022
-1.0,-1.2918287937743522,-1.0,-1.2918287937743522,-1.0,-1.2918287937743522,5.139999999999418,-1,2022
-1.0,-1.0682749203459283,-1.0,-1.0682749203459283,-1.0,-1.0682749203459283,21.969999999999345,-1,2022
-1.0,-1.0775193798449598,-1.0,-1.0775193798449598,-1.0,-1.0775193798449598,19.350000000000364,-1,2022
-1.0,-1.0775193798449598,-1.0,-1.0775193798449598,-1.0,-1.0775193798449598,19.350000000000364,-1,2022
-1.0,-1.2525252525252308,-1.0,-1.2525252525252308,-1.0,-1.2525252525252308,5.940000000000509,1,2022
-1.0,-1.2525252525252308,-1.0,-1.2525252525252308,-1.0,-1.2525252525252308,5.940000000000509,1,2022
-1.0,-1.1239669421487566,-1.0,-1.1239669421487566,-1.0,-1.1239669421487566,12.100000000000364,-1,2022
-1.0,-1.1239669421487566,-1.0,-1.1239669421487566,-1.0,-1.1239669421487566,12.100000000000364,-1,2022
-1.0,-1.0758341759352856,-1.0,-1.0758341759352856,-1.0,-1.0758341759352856,19.780000000000655,1,2022
-1.0,-1.0758341759352856,-1.0,-1.0758341759352856,-1.0,-1.0758341759352856,19.780000000000655,1,2022
-1.0,-1.2521008403361036,-1.0,-1.2521008403361036,-1.0,-1.2521008403361036,5.950000000000728,-1,2022
-1.0,-1.3768844221104217,0.0,-0.37688442211042184,0.0,-0.37688442211042184,3.9800000000013824,1,2022
-1.0,-1.3768844221104217,0.0,-0.37688442211042184,0.0,-0.37688442211042184,3.9800000000013824,1,2022
2.0,1.9030381383322632,2.0,1.9030381383322632,2.0,1.9030381383322632,15.470000000001164,-1,2022
-1.0,-1.0255406095692152,-1.0,-1.0255406095692152,-1.0,-1.0255406095692152,58.72999999999956,1,2022
2.0,1.7335701598578663,2.0,1.7335701598578663,2.0,1.7335701598578663,5.6299999999992,-1,2022
2.0,1.7335701598578663,2.0,1.7335701598578663,2.0,1.7335701598578663,5.6299999999992,-1,2022
2.0,1.5912806539509619,2.0,1.5912806539509619,1.6,1.191280653950962,3.6700000000000728,1,2022
-1.0,-1.0735294117647007,0.0,-0.07352941176470064,0.0,-0.07352941176470064,20.400000000001455,-1,2022
-1.0,-1.0735294117647007,0.0,-0.07352941176470064,0.0,-0.07352941176470064,20.400000000001455,-1,2022
-1.0,-1.2242152466367542,-1.0,-1.2242152466367542,-1.0,-1.2242152466367542,6.690000000000509,-1,2022
-1.0,-1.2442996742671242,-1.0,-1.2442996742671242,-1.0,-1.2442996742671242,6.139999999999418,-1,2022
-1.0,-1.3957783641161938,0.0,-0.39577836411619377,0.0,-0.39577836411619377,3.789999999999054,1,2022
-1.0,-1.4297994269339003,-1.0,-1.4297994269339003,-1.0,-1.4297994269339003,3.4900000000016007,1,2022
2.0,1.689440993788815,2.0,1.689440993788815,1.6,1.2894409937888152,4.829999999999927,-1,2022
2.0,1.8039215686274417,0.0,-0.19607843137255834,0.0,-0.19607843137255834,7.649999999999636,-1,2022
2.0,1.8927805575410992,0.0,-0.10721944245890089,0.0,-0.10721944245890089,13.989999999999782,-1,2022
2.0,1.9608150470219423,2.0,1.9608150470219423,1.6,1.5608150470219424,38.279999999998836,1,2022
-1.0,-1.1008064516128964,0.0,-0.10080645161289632,0.0,-0.10080645161289632,14.880000000001019,-1,2022
2.0,1.9299065420560735,2.0,1.9299065420560735,1.6,1.5299065420560736,21.399999999999636,1,2022
2.0,1.9709920711661182,2.0,1.9709920711661182,2.0,1.9709920711661182,51.70999999999913,-1,2022
2.0,1.9709920711661182,2.0,1.9709920711661182,2.0,1.9709920711661182,51.70999999999913,-1,2022
-1.0,-1.07953340402969,-1.0,-1.07953340402969,-1.0,-1.07953340402969,18.860000000000582,1,2022
2.0,1.935842600513257,0.0,-0.064157399486743,0.0,-0.064157399486743,23.3799999999992,1,2022
-1.0,-1.099272005294503,-1.0,-1.099272005294503,-1.0,-1.099272005294503,15.110000000000582,-1,2022
-1.0,-1.1616379310344713,-1.0,-1.1616379310344713,-1.0,-1.1616379310344713,9.280000000000655,1,2022
-1.0,-1.1012145748987874,-1.0,-1.1012145748987874,-1.0,-1.1012145748987874,14.819999999999709,-1,2022
2.0,1.9793871100728324,2.0,1.9793871100728324,1.6,1.5793871100728325,72.77000000000044,1,2022
-1.0,-1.0459840588595941,0.0,-0.04598405885959421,0.0,-0.04598405885959421,32.6200000000008,-1,2022
-1.0,-1.0408496732026151,-1.0,-1.0408496732026151,-1.0,-1.0408496732026151,36.719999999999345,-1,2022
-1.0,-1.0408496732026151,-1.0,-1.0408496732026151,-1.0,-1.0408496732026151,36.719999999999345,-1,2022
2.0,1.8477157360406147,2.0,1.8477157360406147,1.6,1.4477157360406148,9.850000000000364,1,2022
2.0,1.8477157360406147,2.0,1.8477157360406147,1.6,1.4477157360406148,9.850000000000364,1,2022
2.0,1.8477157360406147,2.0,1.8477157360406147,1.6,1.4477157360406148,9.850000000000364,1,2022
2.0,1.9520153550863726,2.0,1.9520153550863726,2.0,1.9520153550863726,31.26000000000022,1,2022
-1.0,-1.3144654088050027,0.0,-0.3144654088050027,0.0,-0.3144654088050027,4.770000000000437,1,2022
-1.0,-1.2824858757062418,-1.0,-1.2824858757062418,-1.0,-1.2824858757062418,5.309999999999491,1,2022
-1.0,-1.1486915146709,-1.0,-1.1486915146709,-1.0,-1.1486915146709,10.087999999999738,-1,2022
-1.0,-1.1486915146709,-1.0,-1.1486915146709,-1.0,-1.1486915146709,10.087999999999738,-1,2022
2.0,1.5481927710842978,2.0,1.5481927710842978,1.6,1.1481927710842978,3.319999999999709,1,2022
-1.0,-1.01474665250988,-1.0,-1.01474665250988,-1.0,-1.01474665250988,101.71800000000076,-1,2022
-1.0,-1.01474665250988,-1.0,-1.01474665250988,-1.0,-1.01474665250988,101.71800000000076,-1,2022
-1.0,-1.0484652665589649,-1.0,-1.0484652665589649,-1.0,-1.0484652665589649,30.950000000000728,1,2022
-1.0,-1.0484652665589649,-1.0,-1.0484652665589649,-1.0,-1.0484652665589649,30.950000000000728,1,2022
-1.0,-1.0484652665589649,-1.0,-1.0484652665589649,-1.0,-1.0484652665589649,30.950000000000728,1,2022
-1.0,-1.313152400835016,-1.0,-1.313152400835016,-1.0,-1.313152400835016,4.790000000000873,-1,2022
2.0,1.9438832772166135,2.0,1.9438832772166135,1.6,1.5438832772166136,26.730000000001382,-1,2022
2.0,1.913544668587898,0.0,-0.08645533141210193,0.0,-0.08645533141210193,17.350000000000364,-1,2022
-1.0,-1.0701196709050118,0.0,-0.0701196709050118,0.0,-0.0701196709050118,21.391999999999825,-1,2022
2.0,1.9460392834016849,2.0,1.9460392834016849,2.0,1.9460392834016849,27.798000000000684,1,2022
-1.0,-1.0631844987363106,-1.0,-1.0631844987363106,-1.0,-1.0631844987363106,23.73999999999978,1,2022
-1.0,-1.2027027027027126,-1.0,-1.2027027027027126,-1.0,-1.2027027027027126,7.399999999999636,1,2022
-1.0,-1.2027027027027126,-1.0,-1.2027027027027126,-1.0,-1.2027027027027126,7.399999999999636,1,2022
-1.0,-1.063004032258062,-1.0,-1.063004032258062,-1.0,-1.063004032258062,23.808000000000902,-1,2022
-1.0,-1.063004032258062,-1.0,-1.063004032258062,-1.0,-1.063004032258062,23.808000000000902,-1,2022
-1.0,-1.0273622765414083,-1.0,-1.0273622765414083,-1.0,-1.0273622765414083,54.81999999999971,1,2022
-1.0,-1.0273622765414083,-1.0,-1.0273622765414083,-1.0,-1.0273622765414083,54.81999999999971,1,2022
-1.0,-1.0273622765414083,-1.0,-1.0273622765414083,-1.0,-1.0273622765414083,54.81999999999971,1,2022
-1.0,-1.0273622765414083,-1.0,-1.0273622765414083,-1.0,-1.0273622765414083,54.81999999999971,1,2022
2.0,1.9557156353330176,2.0,1.9557156353330176,2.0,1.9557156353330176,33.87199999999939,-1,2022
2.0,1.9557156353330176,2.0,1.9557156353330176,2.0,1.9557156353330176,33.87199999999939,-1,2022
-1.0,-1.1506024096385674,-1.0,-1.1506024096385674,-1.0,-1.1506024096385674,9.959999999999127,1,2022
-1.0,-1.0944584382871476,-1.0,-1.0944584382871476,-1.0,-1.0944584382871476,15.880000000001019,-1,2022
-1.0,-1.0625260525218847,-1.0,-1.0625260525218847,-1.0,-1.0625260525218847,23.98999999999978,-1,2022
-1.0,-1.0625260525218847,-1.0,-1.0625260525218847,-1.0,-1.0625260525218847,23.98999999999978,-1,2022
2.0,1.9708794408852652,0.0,-0.02912055911473488,0.0,-0.02912055911473488,51.51000000000022,-1,2022
-1.0,-1.0231274476548768,0.0,-0.023127447654876745,0.0,-0.023127447654876745,64.85800000000017,-1,2022
2.0,1.8383620689655287,2.0,1.8383620689655287,1.6,1.4383620689655288,9.280000000000655,1,2022
2.0,1.9698128396055548,0.0,-0.030187160394445252,0.0,-0.030187160394445252,49.69000000000051,1,2022
2.0,1.9698128396055548,0.0,-0.030187160394445252,0.0,-0.030187160394445252,49.69000000000051,1,2022
-1.0,-1.083668005354753,-1.0,-1.083668005354753,-1.0,-1.083668005354753,17.927999999999884,1,2022
-1.0,-1.083668005354753,-1.0,-1.083668005354753,-1.0,-1.083668005354753,17.927999999999884,1,2022
-1.0,-1.1128838049367966,-1.0,-1.1128838049367966,-1.0,-1.1128838049367966,13.287999999998647,-1,2022
-1.0,-1.1128838049367966,-1.0,-1.1128838049367966,-1.0,-1.1128838049367966,13.287999999998647,-1,2022
-1.0,-1.2551020408163613,-1.0,-1.2551020408163613,-1.0,-1.2551020408163613,5.8799999999992,1,2022
2.0,1.8947368421052633,0.0,-0.10526315789473684,0.0,-0.10526315789473684,14.25,1,2022
2.0,1.8947368421052633,0.0,-0.10526315789473684,0.0,-0.10526315789473684,14.25,1,2022
2.0,1.8947368421052633,0.0,-0.10526315789473684,0.0,-0.10526315789473684,14.25,1,2022
-1.0,-1.0223015165031222,-1.0,-1.0223015165031222,-1.0,-1.0223015165031222,67.26000000000022,-1,2022
-1.0,-1.0223015165031222,-1.0,-1.0223015165031222,-1.0,-1.0223015165031222,67.26000000000022,-1,2022
2.0,1.9596448748991122,2.0,1.9596448748991122,1.6,1.5596448748991123,37.17000000000007,-1,2022
-1.0,-1.1057082452431253,0.0,-0.10570824524312517,0.0,-0.10570824524312517,14.19000000000051,-1,2022
-1.0,-1.1057082452431253,0.0,-0.10570824524312517,0.0,-0.10570824524312517,14.19000000000051,-1,2022
-1.0,-1.1050420168067179,-1.0,-1.1050420168067179,-1.0,-1.1050420168067179,14.280000000000655,1,2022
-1.0,-1.1050420168067179,-1.0,-1.1050420168067179,-1.0,-1.1050420168067179,14.280000000000655,1,2022
-1.0,-1.1050420168067179,-1.0,-1.1050420168067179,-1.0,-1.1050420168067179,14.280000000000655,1,2022
-1.0,-1.0688705234159817,-1.0,-1.0688705234159817,-1.0,-1.0688705234159817,21.779999999998836,-1,2022
-1.0,-1.0688705234159817,-1.0,-1.0688705234159817,-1.0,-1.0688705234159817,21.779999999998836,-1,2022
-1.0,-1.0423728813559325,0.0,-0.04237288135593264,0.0,-0.04237288135593264,35.399999999999636,-1,2022
-1.0,-1.0801624625908528,-1.0,-1.0801624625908528,-1.0,-1.0801624625908528,18.711999999999534,-1,2022
-1.0,-1.0801624625908528,-1.0,-1.0801624625908528,-1.0,-1.0801624625908528,18.711999999999534,-1,2022
2.0,1.9473721142375948,0.0,-0.05262788576240524,0.0,-0.05262788576240524,28.50199999999859,-1,2022
-1.0,-1.038451679056652,-1.0,-1.038451679056652,-1.0,-1.038451679056652,39.01000000000022,1,2022
-1.0,-1.0278458453998671,-1.0,-1.0278458453998671,-1.0,-1.0278458453998671,53.867999999998574,-1,2022
-1.0,-1.0934579439252379,-1.0,-1.0934579439252379,-1.0,-1.0934579439252379,16.049999999999272,1,2022
-1.0,-1.0934579439252379,-1.0,-1.0934579439252379,-1.0,-1.0934579439252379,16.049999999999272,1,2022
-1.0,-1.0934579439252379,-1.0,-1.0934579439252379,-1.0,-1.0934579439252379,16.049999999999272,1,2022
2.0,1.9417249417249411,2.0,1.9417249417249411,2.0,1.9417249417249411,25.73999999999978,-1,2022
-1.0,-1.0208913649025066,-1.0,-1.0208913649025066,-1.0,-1.0208913649025066,71.80000000000109,1,2022
-1.0,-1.0166407810073221,0.0,-0.01664078100732205,0.0,-0.01664078100732205,90.13999999999942,-1,2022
-1.0,-1.0329163923633973,-1.0,-1.0329163923633973,-1.0,-1.0329163923633973,45.56999999999971,-1,2022
-1.0,-1.042857142857143,-1.0,-1.042857142857143,-1.0,-1.042857142857143,35.0,1,2022
-1.0,-1.042857142857143,-1.0,-1.042857142857143,-1.0,-1.042857142857143,35.0,1,2022
-1.0,-1.042857142857143,-1.0,-1.042857142857143,-1.0,-1.042857142857143,35.0,1,2022
-1.0,-1.0979751796211659,-1.0,-1.0979751796211659,-1.0,-1.0979751796211659,15.30999999999949,1,2022
-1.0,-1.1300954032957633,-1.0,-1.1300954032957633,-1.0,-1.1300954032957633,11.529999999998836,1,2022
2.0,1.946524064171125,2.0,1.946524064171125,2.0,1.946524064171125,28.05000000000109,1,2022
2.0,1.946524064171125,2.0,1.946524064171125,2.0,1.946524064171125,28.05000000000109,1,2022
-1.0,-1.0856164383561622,-1.0,-1.0856164383561622,-1.0,-1.0856164383561622,17.520000000000437,-1,2022
-1.0,-1.0362073959640823,0.0,-0.036207395964082366,0.0,-0.036207395964082366,41.427999999999884,1,2022
-1.0,-1.0362073959640823,0.0,-0.036207395964082366,0.0,-0.036207395964082366,41.427999999999884,1,2022
-1.0,-1.077599586135541,-1.0,-1.077599586135541,-1.0,-1.077599586135541,19.329999999999927,1,2022
2.0,1.926362297496321,2.0,1.926362297496321,1.6,1.5263622974963211,20.3700000000008,-1,2022
2.0,1.8695652173913044,2.0,1.8695652173913044,1.6,1.4695652173913045,11.5,-1,2022
2.0,1.917446340121079,2.0,1.917446340121079,1.6,1.5174463401210792,18.170000000000073,1,2022
2.0,1.8540856031128239,2.0,1.8540856031128239,2.0,1.8540856031128239,10.279999999998836,-1,2022
2.0,1.8540856031128239,2.0,1.8540856031128239,2.0,1.8540856031128239,10.279999999998836,-1,2022
2.0,1.8540856031128239,2.0,1.8540856031128239,2.0,1.8540856031128239,10.279999999998836,-1,2022
2.0,1.8540856031128239,2.0,1.8540856031128239,2.0,1.8540856031128239,10.279999999998836,-1,2022
-1.0,-1.0258754528204246,-1.0,-1.0258754528204246,-1.0,-1.0258754528204246,57.969999999999345,1,2022
-1.0,-1.0536097212294504,0.0,-0.053609721229450444,0.0,-0.053609721229450444,27.979999999999563,-1,2022
2.0,1.9261738360074852,2.0,1.9261738360074852,2.0,1.9261738360074852,20.31800000000112,-1,2022
2.0,1.8695652173913044,2.0,1.8695652173913044,2.0,1.8695652173913044,11.5,-1,2022
-1.0,-1.1361161524501078,-1.0,-1.1361161524501078,-1.0,-1.1361161524501078,11.019999999998618,-1,2022
-1.0,-1.1361161524501078,-1.0,-1.1361161524501078,-1.0,-1.1361161524501078,11.019999999998618,-1,2022
-1.0,-1.1284246575342434,-1.0,-1.1284246575342434,-1.0,-1.1284246575342434,11.680000000000291,1,2022
-1.0,-1.0337002920691978,-1.0,-1.0337002920691978,-1.0,-1.0337002920691978,44.51000000000022,1,2022
-1.0,-1.0221206311753424,0.0,-0.022120631175342444,0.0,-0.022120631175342444,67.81000000000131,-1,2022
-1.0,-1.0679347826086958,-1.0,-1.0679347826086958,-1.0,-1.0679347826086958,22.079999999999927,1,2022
2.0,1.908256880733947,0.0,-0.09174311926605301,0.0,-0.09174311926605301,16.350000000000364,-1,2022
2.0,1.9310344827586208,2.0,1.9310344827586208,1.6,1.5310344827586209,21.75,-1,2022
2.0,1.8342541436464288,2.0,1.8342541436464288,1.6,1.434254143646429,9.050000000001091,-1,2022
-1.0,-1.0720461095100875,-1.0,-1.0720461095100875,-1.0,-1.0720461095100875,20.81999999999971,1,2022
-1.0,-1.0720461095100875,-1.0,-1.0720461095100875,-1.0,-1.0720461095100875,20.81999999999971,1,2022
-1.0,-1.0720461095100875,-1.0,-1.0720461095100875,-1.0,-1.0720461095100875,20.81999999999971,1,2022
-1.0,-1.0720461095100875,-1.0,-1.0720461095100875,-1.0,-1.0720461095100875,20.81999999999971,1,2022
-1.0,-1.2060439560439375,-1.0,-1.2060439560439375,-1.0,-1.2060439560439375,7.280000000000655,-1,2022
-1.0,-1.2060439560439375,-1.0,-1.2060439560439375,-1.0,-1.2060439560439375,7.280000000000655,-1,2022
2.0,1.747814391392078,2.0,1.747814391392078,1.6,1.3478143913920781,5.94800000000032,-1,2022
-1.0,-1.0769625448948188,-1.0,-1.0769625448948188,-1.0,-1.0769625448948188,19.48999999999978,1,2022
-1.0,-1.0769625448948188,-1.0,-1.0769625448948188,-1.0,-1.0769625448948188,19.48999999999978,1,2022
2.0,1.9237804878048792,2.0,1.9237804878048792,1.6,1.5237804878048793,19.68000000000029,-1,2022
-1.0,-1.0269541778975744,-1.0,-1.0269541778975744,-1.0,-1.0269541778975744,55.649999999999636,-1,2022
-1.0,-1.1319261213720224,0.0,-0.13192612137202236,0.0,-0.13192612137202236,11.3700000000008,1,2022
-1.0,-1.0402576489533009,0.0,-0.04025764895330089,0.0,-0.04025764895330089,37.26000000000022,-1,2022
-1.0,-1.1180173092053582,0.0,-0.11801730920535823,0.0,-0.11801730920535823,12.709999999999127,1,2022
-1.0,-1.020894274968659,-1.0,-1.020894274968659,-1.0,-1.020894274968659,71.78999999999905,1,2022
2.0,1.850448654037869,0.0,-0.14955134596213102,0.0,-0.14955134596213102,10.029999999998836,1,2022
2.0,1.850448654037869,0.0,-0.14955134596213102,0.0,-0.14955134596213102,10.029999999998836,1,2022
2.0,1.850448654037869,0.0,-0.14955134596213102,0.0,-0.14955134596213102,10.029999999998836,1,2022
-1.0,-1.0812127774769926,0.0,-0.0812127774769926,0.0,-0.0812127774769926,18.469999999999345,1,2022
-1.0,-1.030814741772464,-1.0,-1.030814741772464,-1.0,-1.030814741772464,48.677999999999884,-1,2022
2.0,1.9443207126948747,2.0,1.9443207126948747,1.6,1.5443207126948748,26.93999999999869,-1,2022
-1.0,-1.0510725229826339,-1.0,-1.0510725229826339,-1.0,-1.0510725229826339,29.3700000000008,1,2022
-1.0,-1.1436781609195332,-1.0,-1.1436781609195332,-1.0,-1.1436781609195332,10.44000000000051,1,2022
-1.0,-1.4263786242183023,0.0,-0.4263786242183023,0.0,-0.4263786242183023,3.518000000000029,-1,2022
2.0,1.6900826446281085,2.0,1.6900826446281085,1.6,1.2900826446281086,4.8400000000001455,-1,2022
-1.0,-1.1467710371820055,-1.0,-1.1467710371820055,-1.0,-1.1467710371820055,10.219999999999345,1,2022
-1.0,-1.2568493150684867,-1.0,-1.2568493150684867,-1.0,-1.2568493150684867,5.8400000000001455,-1,2022
-1.0,-1.070462232243516,0.0,-0.07046223224351593,0.0,-0.07046223224351593,21.288000000000466,-1,2022
-1.0,-1.0639658848614102,0.0,-0.06396588486141022,0.0,-0.06396588486141022,23.44999999999891,1,2022
-1.0,-1.0639658848614102,0.0,-0.06396588486141022,0.0,-0.06396588486141022,23.44999999999891,1,2022
2.0,1.9040307101727398,0.0,-0.09596928982726019,0.0,-0.09596928982726019,15.6299999999992,1,2022
-1.0,-1.2248201438848758,-1.0,-1.2248201438848758,-1.0,-1.2248201438848758,6.67200000000048,-1,2022
-1.0,-1.1911314984709491,-1.0,-1.1911314984709491,-1.0,-1.1911314984709491,7.847999999999956,1,2022
-1.0,-1.1911314984709491,-1.0,-1.1911314984709491,-1.0,-1.1911314984709491,7.847999999999956,1,2022
-1.0,-1.247116968698529,-1.0,-1.247116968698529,-1.0,-1.247116968698529,6.069999999999709,1,2022
-1.0,-1.0315126050420165,0.0,-0.03151260504201656,0.0,-0.03151260504201656,47.600000000000364,1,2022
2.0,1.6445497630332735,2.0,1.6445497630332735,2.0,1.6445497630332735,4.220000000001164,1,2022
-1.0,-1.0315590153587215,-1.0,-1.0315590153587215,-1.0,-1.0315590153587215,47.529999999998836,-1,2022
-1.0,-1.0566679259539076,-1.0,-1.0566679259539076,-1.0,-1.0566679259539076,26.470000000001164,1,2022
-1.0,-1.0664599025254717,-1.0,-1.0664599025254717,-1.0,-1.0664599025254717,22.570000000001528,-1,2022
-1.0,-1.086455331412102,-1.0,-1.086455331412102,-1.0,-1.086455331412102,17.350000000000364,1,2022
-1.0,-1.152594099694813,0.0,-0.15259409969481294,0.0,-0.15259409969481294,9.829999999999927,-1,2022
2.0,1.8868778280543006,2.0,1.8868778280543006,1.6,1.4868778280543007,13.260000000000218,1,2022
-1.0,-1.1117568171658432,-1.0,-1.1117568171658432,-1.0,-1.1117568171658432,13.42200000000048,-1,2022
-1.0,-1.0387797311271971,-1.0,-1.0387797311271971,-1.0,-1.0387797311271971,38.68000000000029,1,2022
-1.0,-1.0387797311271971,-1.0,-1.0387797311271971,-1.0,-1.0387797311271971,38.68000000000029,1,2022
2.0,1.5253164556961807,2.0,1.5253164556961807,1.6,1.1253164556961808,3.1599999999998545,1,2022
2.0,1.5253164556961807,2.0,1.5253164556961807,1.6,1.1253164556961808,3.1599999999998545,1,2022
2.0,1.763406940063097,2.0,1.763406940063097,1.6,1.363406940063097,6.3400000000001455,-1,2022
2.0,1.763406940063097,2.0,1.763406940063097,1.6,1.363406940063097,6.3400000000001455,-1,2022
-1.0,-1.1877346683354244,0.0,-0.1877346683354244,0.0,-0.1877346683354244,7.989999999999782,1,2022
2.0,1.800796812748973,0.0,-0.19920318725102681,0.0,-0.19920318725102681,7.529999999998836,1,2022
2.0,1.800796812748973,0.0,-0.19920318725102681,0.0,-0.19920318725102681,7.529999999998836,1,2022
2.0,1.7945205479452362,0.0,-0.2054794520547638,0.0,-0.2054794520547638,7.300000000001091,-1,2022
2.0,1.9354005167958688,2.0,1.9354005167958688,2.0,1.9354005167958688,23.220000000001164,-1,2022
-1.0,-1.0381020117862219,-1.0,-1.0381020117862219,-1.0,-1.0381020117862219,39.36800000000039,-1,2022
-1.0,-1.0768442622950802,0.0,-0.07684426229508025,0.0,-0.07684426229508025,19.520000000000437,1,2022
2.0,1.7126436781609837,0.0,-0.2873563218390164,0.0,-0.2873563218390164,5.220000000001164,-1,2022
-1.0,-1.0892963448029491,-1.0,-1.0892963448029491,-1.0,-1.0892963448029491,16.798000000000684,-1,2022
-1.0,-1.0588004704037628,-1.0,-1.0588004704037628,-1.0,-1.0588004704037628,25.51000000000022,-1,2022
-1.0,-1.4054054054053258,0.0,-0.40540540540532566,0.0,-0.40540540540532566,3.7000000000007276,1,2022
-1.0,-1.1576955424726558,-1.0,-1.1576955424726558,-1.0,-1.1576955424726558,9.512000000000626,-1,2022
-1.0,-1.1576955424726558,-1.0,-1.1576955424726558,-1.0,-1.1576955424726558,9.512000000000626,-1,2022
-1.0,-1.1576955424726558,-1.0,-1.1576955424726558,-1.0,-1.1576955424726558,9.512000000000626,-1,2022
-1.0,-1.1031636863824001,0.0,-0.1031636863824001,0.0,-0.1031636863824001,14.539999999999054,1,2022
-1.0,-1.22255192878339,-1.0,-1.22255192878339,-1.0,-1.22255192878339,6.739999999999782,1,2022
-1.0,-1.22255192878339,-1.0,-1.22255192878339,-1.0,-1.22255192878339,6.739999999999782,1,2022
-1.0,-1.1861042183622525,-1.0,-1.1861042183622525,-1.0,-1.1861042183622525,8.06000000000131,1,2022
-1.0,-1.0841845324952328,0.0,-0.08418453249523285,0.0,-0.08418453249523285,17.8179999999993,-1,2022
-1.0,-1.047110552763819,-1.0,-1.047110552763819,-1.0,-1.047110552763819,31.840000000000146,-1,2022
2.0,1.9652375434530704,2.0,1.9652375434530704,2.0,1.9652375434530704,43.149999999999636,-1,2022
2.0,1.8651079136690745,2.0,1.8651079136690745,2.0,1.8651079136690745,11.1200000000008,-1,2022
2.0,1.8651079136690745,2.0,1.8651079136690745,2.0,1.8651079136690745,11.1200000000008,-1,2022
-1.0,-1.1861042183622525,-1.0,-1.1861042183622525,-1.0,-1.1861042183622525,8.06000000000131,-1,2022
-1.0,-1.175849941383377,0.0,-0.17584994138337687,0.0,-0.17584994138337687,8.529999999998836,1,2022
2.0,1.8942172073342758,0.0,-0.1057827926657242,0.0,-0.1057827926657242,14.180000000000291,-1,2022
-1.0,-1.109649122807015,-1.0,-1.109649122807015,-1.0,-1.109649122807015,13.680000000000291,-1,2022
2.0,1.9558433912275528,2.0,1.9558433912275528,2.0,1.9558433912275528,33.969999999999345,1,2022
2.0,1.8132004981319778,2.0,1.8132004981319778,1.6,1.413200498131978,8.029999999998836,-1,2022
-1.0,-1.0768049155145905,-1.0,-1.0768049155145905,-1.0,-1.0768049155145905,19.530000000000655,-1,2022
-1.0,-1.0598802395209599,-1.0,-1.0598802395209599,-1.0,-1.0598802395209599,25.049999999999272,-1,2022
-1.0,-1.182926829268317,-1.0,-1.182926829268317,-1.0,-1.182926829268317,8.199999999998909,1,2022
-1.0,-1.134168157423968,-1.0,-1.134168157423968,-1.0,-1.134168157423968,11.180000000000291,1,2022
-1.0,-1.134168157423968,-1.0,-1.134168157423968,-1.0,-1.134168157423968,11.180000000000291,1,2022
-1.0,-1.2069536423841176,0.0,-0.2069536423841176,0.0,-0.2069536423841176,7.2479999999995925,1,2022
2.0,1.8697916666666716,2.0,1.8697916666666716,2.0,1.8697916666666716,11.520000000000437,-1,2022
2.0,1.8806682577565605,2.0,1.8806682577565605,1.6,1.4806682577565606,12.569999999999709,-1,2022
-1.0,-1.3198294243070015,-1.0,-1.3198294243070015,-1.0,-1.3198294243070015,4.690000000000509,1,2022
-1.0,-1.1306620209059284,-1.0,-1.1306620209059284,-1.0,-1.1306620209059284,11.479999999999563,-1,2022
2.0,1.8231132075471987,2.0,1.8231132075471987,1.6,1.4231132075471988,8.480000000001382,1,2022
2.0,1.8231132075471987,2.0,1.8231132075471987,1.6,1.4231132075471988,8.480000000001382,1,2022
-1.0,-1.0745600954369274,0.0,-0.07456009543692745,0.0,-0.07456009543692745,20.117999999998574,-1,2022
-1.0,-1.0745600954369274,0.0,-0.07456009543692745,0.0,-0.07456009543692745,20.117999999998574,-1,2022
-1.0,-1.0745600954369274,0.0,-0.07456009543692745,0.0,-0.07456009543692745,20.117999999998574,-1,2022
2.0,1.9743808710503847,2.0,1.9743808710503847,2.0,1.9743808710503847,58.55000000000109,1,2022
2.0,1.9743808710503847,2.0,1.9743808710503847,2.0,1.9743808710503847,58.55000000000109,1,2022
2.0,1.9743808710503847,2.0,1.9743808710503847,2.0,1.9743808710503847,58.55000000000109,1,2022
-1.0,-1.0244778067885123,-1.0,-1.0244778067885123,-1.0,-1.0244778067885123,61.279999999998836,-1,2022
-1.0,-1.106458481192334,-1.0,-1.106458481192334,-1.0,-1.106458481192334,14.090000000000146,1,2022
2.0,1.8459958932238159,0.0,-0.15400410677618415,0.0,-0.15400410677618415,9.739999999999782,-1,2022
-1.0,-1.0905797101449304,-1.0,-1.0905797101449304,-1.0,-1.0905797101449304,16.55999999999949,1,2022
-1.0,-1.1038062283736971,-1.0,-1.1038062283736971,-1.0,-1.1038062283736971,14.450000000000728,-1,2022
-1.0,-1.1038062283736971,-1.0,-1.1038062283736971,-1.0,-1.1038062283736971,14.450000000000728,-1,2022
-1.0,-1.0376128385155474,0.0,-0.03761283851554739,0.0,-0.03761283851554739,39.8799999999992,-1,2022
-1.0,-1.0376128385155474,0.0,-0.03761283851554739,0.0,-0.03761283851554739,39.8799999999992,-1,2022
-1.0,-1.0376128385155474,0.0,-0.03761283851554739,0.0,-0.03761283851554739,39.8799999999992,-1,2022
-1.0,-1.0627877773126846,-1.0,-1.0627877773126846,-1.0,-1.0627877773126846,23.889999999999418,1,2022
-1.0,-1.0627877773126846,-1.0,-1.0627877773126846,-1.0,-1.0627877773126846,23.889999999999418,1,2022
-1.0,-1.0627877773126846,-1.0,-1.0627877773126846,-1.0,-1.0627877773126846,23.889999999999418,1,2022
-1.0,-1.0339443312966745,-1.0,-1.0339443312966745,-1.0,-1.0339443312966745,44.18999999999869,-1,2022
2.0,1.8908296943231424,2.0,1.8908296943231424,2.0,1.8908296943231424,13.739999999999782,1,2022
2.0,1.8737373737373653,2.0,1.8737373737373653,1.6,1.4737373737373654,11.8799999999992,1,2022
-1.0,-1.019105846388995,-1.0,-1.019105846388995,-1.0,-1.019105846388995,78.51000000000022,-1,2022
-1.0,-1.019105846388995,-1.0,-1.019105846388995,-1.0,-1.019105846388995,78.51000000000022,-1,2022
-1.0,-1.0545454545454545,0.0,-0.05454545454545454,0.0,-0.05454545454545454,27.5,1,2022
-1.0,-1.0545454545454545,0.0,-0.05454545454545454,0.0,-0.05454545454545454,27.5,1,2022
-1.0,-1.0224887556221887,0.0,-0.02248875562218866,0.0,-0.02248875562218866,66.70000000000073,-1,2022
-1.0,-1.1641137855579973,0.0,-0.16411378555799733,0.0,-0.16411378555799733,9.139999999999418,-1,2022
-1.0,-1.3191489361701634,-1.0,-1.3191489361701634,-1.0,-1.3191489361701634,4.700000000000728,1,2022
-1.0,-1.3191489361701634,-1.0,-1.3191489361701634,-1.0,-1.3191489361701634,4.700000000000728,1,2022
-1.0,-1.125439036628193,-1.0,-1.125439036628193,-1.0,-1.125439036628193,11.958000000000538,-1,2022
-1.0,-1.0964630225080432,-1.0,-1.0964630225080432,-1.0,-1.0964630225080432,15.549999999999272,1,2022
-1.0,-1.1805054151624659,-1.0,-1.1805054151624659,-1.0,-1.1805054151624659,8.30999999999949,-1,2022
2.0,1.849548645937831,2.0,1.849548645937831,2.0,1.849548645937831,9.970000000001164,1,2022
2.0,1.970951624772454,2.0,1.970951624772454,2.914806925132677,2.885758549905131,51.63799999999901,-1,2022
-1.0,-1.012471938139187,-1.0,-1.012471938139187,-1.0,-1.012471938139187,120.26999999999862,-1,2022
-1.0,-1.0208159866777686,-1.0,-1.0208159866777686,-1.0,-1.0208159866777686,72.05999999999949,1,2022
-1.0,-1.1637554585152865,-1.0,-1.1637554585152865,-1.0,-1.1637554585152865,9.159999999999854,1,2022
-1.0,-1.116369278510462,-1.0,-1.116369278510462,-1.0,-1.116369278510462,12.890000000001237,-1,2022
2.0,1.9733844352177154,2.0,1.9733844352177154,2.0,1.9733844352177154,56.358000000000175,-1,2022
-1.0,-1.152749490835035,-1.0,-1.152749490835035,-1.0,-1.152749490835035,9.819999999999709,1,2022
2.0,1.862284245317662,2.0,1.862284245317662,1.6,1.462284245317662,10.891999999999825,1,2022
2.0,1.862284245317662,2.0,1.862284245317662,1.6,1.462284245317662,10.891999999999825,1,2022
-1.0,-1.217076700434158,-1.0,-1.217076700434158,-1.0,-1.217076700434158,6.9099999999998545,1,2022
-1.0,-1.1423149905123222,0.0,-0.1423149905123222,0.0,-0.1423149905123222,10.540000000000873,1,2022
-1.0,-1.1423149905123222,0.0,-0.1423149905123222,0.0,-0.1423149905123222,10.540000000000873,1,2022
-1.0,-1.1423149905123222,0.0,-0.1423149905123222,0.0,-0.1423149905123222,10.540000000000873,1,2022
-1.0,-1.0250333778371161,0.0,-0.025033377837116125,0.0,-0.025033377837116125,59.92000000000007,-1,2022
-1.0,-1.2329192546583667,-1.0,-1.2329192546583667,-1.0,-1.2329192546583667,6.440000000000509,1,2022
2.0,1.3243243243246785,2.0,1.3243243243246785,1.6,0.9243243243246787,2.220000000001164,1,2022
-1.0,-1.1666666666666667,0.0,-0.16666666666666666,0.0,-0.16666666666666666,9.0,-1,2022
-1.0,-1.1666666666666667,0.0,-0.16666666666666666,0.0,-0.16666666666666666,9.0,-1,2022
2.0,1.9666132478632479,0.0,-0.033386752136752226,0.0,-0.033386752136752226,44.927999999999884,-1,2022
-1.0,-1.1149425287356385,-1.0,-1.1149425287356385,-1.0,-1.1149425287356385,13.049999999999272,1,2022
2.0,1.9454902245802748,2.0,1.9454902245802748,2.0,1.9454902245802748,27.51800000000003,-1,2022
-1.0,-1.059265112603711,0.0,-0.05926511260371088,0.0,-0.05926511260371088,25.31000000000131,-1,2022
-1.0,-1.2590673575129143,-1.0,-1.2590673575129143,-1.0,-1.2590673575129143,5.790000000000873,1,2022
-1.0,-1.1389918458116959,-1.0,-1.1389918458116959,-1.0,-1.1389918458116959,10.79200000000128,-1,2022
-1.0,-1.0520833333333313,0.0,-0.05208333333333136,0.0,-0.05208333333333136,28.80000000000109,-1,2022
-1.0,-1.4746835443038193,-1.0,-1.4746835443038193,-1.0,-1.4746835443038193,3.1599999999998545,-1,2022
2.0,1.7800586510263836,2.0,1.7800586510263836,1.6,1.3800586510263837,6.819999999999709,-1,2022
-1.0,-1.1367365542388186,-1.0,-1.1367365542388186,-1.0,-1.1367365542388186,10.970000000001164,1,2022
2.0,1.9053627760252279,0.0,-0.09463722397477209,0.0,-0.09463722397477209,15.849999999998545,1,2022
2.0,1.9210941609679126,2.0,1.9210941609679126,2.0,1.9210941609679126,19.01000000000022,1,2022
-1.0,-1.2659574468085382,-1.0,-1.2659574468085382,-1.0,-1.2659574468085382,5.639999999999418,1,2022
2.0,1.9148211243611524,2.0,1.9148211243611524,2.0,1.9148211243611524,17.609999999998763,-1,2022
-1.0,-1.077247914306315,-1.0,-1.077247914306315,-1.0,-1.077247914306315,19.417999999999665,-1,2022
2.0,1.9784358826912016,0.0,-0.021564117308798317,0.0,-0.021564117308798317,69.55999999999949,1,2022
-1.0,-1.1111111111111112,-1.0,-1.1111111111111112,-1.0,-1.1111111111111112,13.5,1,2022
-1.0,-1.230840258541104,-1.0,-1.230840258541104,-1.0,-1.230840258541104,6.4979999999995925,-1,2022
-1.0,-1.227617602427916,-1.0,-1.227617602427916,-1.0,-1.227617602427916,6.5900000000001455,1,2022
2.0,1.4360902255638788,0.0,-0.5639097744361211,0.0,-0.5639097744361211,2.6599999999998545,1,2022
2.0,1.887471867966991,2.0,1.887471867966991,1.6,1.4874718679669912,13.329999999999927,-1,2022
2.0,1.887471867966991,2.0,1.887471867966991,1.6,1.4874718679669912,13.329999999999927,-1,2022
2.0,1.7641509433962481,2.0,1.7641509433962481,2.0,1.7641509433962481,6.360000000000582,1,2022
2.0,1.8327386262265635,0.0,-0.16726137377343642,0.0,-0.16726137377343642,8.967999999998938,-1,2022
2.0,1.8327386262265635,0.0,-0.16726137377343642,0.0,-0.16726137377343642,8.967999999998938,-1,2022
-1.0,-1.1492537313432944,-1.0,-1.1492537313432944,-1.0,-1.1492537313432944,10.049999999999272,1,2022
2.0,1.8840803709428176,2.0,1.8840803709428176,1.6,1.4840803709428176,12.94000000000051,-1,2022
2.0,1.7726583813276735,0.0,-0.22734161867232644,0.0,-0.22734161867232644,6.597999999999956,-1,2022
-1.0,-1.1770538243625734,0.0,-0.1770538243625734,0.0,-0.1770538243625734,8.472000000001572,-1,2022
2.0,1.938870323579755,2.0,1.938870323579755,1.6,1.5388703235797552,24.538000000000466,-1,2022
2.0,1.9502322495023214,0.0,-0.04976775049767847,0.0,-0.04976775049767847,30.139999999999418,1,2022
-1.0,-1.0962155227710062,-1.0,-1.0962155227710062,-1.0,-1.0962155227710062,15.590000000000146,1,2022
-1.0,-1.0962155227710062,-1.0,-1.0962155227710062,-1.0,-1.0962155227710062,15.590000000000146,1,2022
-1.0,-1.188442211055254,0.0,-0.188442211055254,0.0,-0.188442211055254,7.960000000000946,-1,2022
-1.0,-1.0603136308805772,-1.0,-1.0603136308805772,-1.0,-1.0603136308805772,24.8700000000008,-1,2022
-1.0,-1.0603136308805772,-1.0,-1.0603136308805772,-1.0,-1.0603136308805772,24.8700000000008,-1,2022
2.0,1.940495080926687,2.0,1.940495080926687,2.0,1.940495080926687,25.20799999999872,-1,2022
-1.0,-1.0837520938023457,0.0,-0.08375209380234575,0.0,-0.08375209380234575,17.909999999999854,-1,2022
-1.0,-1.6102522375914041,-1.0,-1.6102522375914041,-1.0,-1.6102522375914041,2.4580000000005384,-1,2022
-1.0,-1.6102522375914041,-1.0,-1.6102522375914041,-1.0,-1.6102522375914041,2.4580000000005384,-1,2022
-1.0,-1.6102522375914041,-1.0,-1.6102522375914041,-1.0,-1.6102522375914041,2.4580000000005384,-1,2022
2.0,1.566473988439197,2.0,1.566473988439197,2.0,1.566473988439197,3.459999999999127,1,2022
-1.0,-1.1014198782961526,0.0,-0.10141987829615252,0.0,-0.10141987829615252,14.789999999999054,1,2022
-1.0,-1.1233552631578962,-1.0,-1.1233552631578962,-1.0,-1.1233552631578962,12.159999999999854,1,2022
-1.0,-1.1242750621375341,-1.0,-1.1242750621375341,-1.0,-1.1242750621375341,12.069999999999709,1,2022
-1.0,-1.3211991434689456,-1.0,-1.3211991434689456,-1.0,-1.3211991434689456,4.670000000000073,-1,2022
-1.0,-1.3211991434689456,-1.0,-1.3211991434689456,-1.0,-1.3211991434689456,4.670000000000073,-1,2022
2.0,1.8310810810810658,0.0,-0.16891891891893415,0.0,-0.16891891891893415,8.8799999999992,1,2022
2.0,1.778761061946924,0.0,-0.22123893805307598,0.0,-0.22123893805307598,6.780000000000655,-1,2022
2.0,1.2339121552606804,0.0,-0.7660878447393195,0.0,-0.7660878447393195,1.9580000000005384,-1,2022
2.0,1.9098015634395626,2.0,1.9098015634395626,1.6,1.5098015634395627,16.6299999999992,1,2022
-1.0,-1.1304347826086956,-1.0,-1.1304347826086956,-1.0,-1.1304347826086956,11.5,1,2022
-1.0,-1.26362038664321,-1.0,-1.26362038664321,-1.0,-1.26362038664321,5.690000000000509,1,2022
2.0,1.9106611078022582,2.0,1.9106611078022582,1.6,1.5106611078022583,16.789999999999054,-1,2022
-1.0,-1.097225823178637,-1.0,-1.097225823178637,-1.0,-1.097225823178637,15.427999999999884,1,2022
-1.0,-1.0313938886563423,-1.0,-1.0313938886563423,-1.0,-1.0313938886563423,47.779999999998836,1,2022
-1.0,-1.1155624036980007,-1.0,-1.1155624036980007,-1.0,-1.1155624036980007,12.979999999999563,-1,2022
2.0,1.867139061116042,2.0,1.867139061116042,2.0,1.867139061116042,11.290000000000873,-1,2022
2.0,1.867139061116042,2.0,1.867139061116042,2.0,1.867139061116042,11.290000000000873,-1,2022
-1.0,-1.0990752972258955,-1.0,-1.0990752972258955,-1.0,-1.0990752972258955,15.139999999999418,1,2022
-1.0,-1.2742230347349506,-1.0,-1.2742230347349506,-1.0,-1.2742230347349506,5.469999999999345,1,2022
-1.0,-1.127659574468085,-1.0,-1.127659574468085,-1.0,-1.127659574468085,11.75,1,2022
-1.0,-1.127659574468085,-1.0,-1.127659574468085,-1.0,-1.127659574468085,11.75,1,2022
-1.0,-1.1445086705202423,0.0,-0.14450867052024235,0.0,-0.14450867052024235,10.3799999999992,-1,2022
-1.0,-1.1445086705202423,0.0,-0.14450867052024235,0.0,-0.14450867052024235,10.3799999999992,-1,2022
2.0,1.971688497980446,2.0,1.971688497980446,1.6,1.5716884979804462,52.98199999999997,1,2022
2.0,1.971688497980446,2.0,1.971688497980446,1.6,1.5716884979804462,52.98199999999997,1,2022
2.0,1.906774394033562,2.0,1.906774394033562,1.6,1.506774394033562,16.090000000000146,1,2022
-1.0,-1.058502340093601,-1.0,-1.058502340093601,-1.0,-1.058502340093601,25.640000000001237,-1,2022
2.0,1.7292418772563605,2.0,1.7292418772563605,2.0,1.7292418772563605,5.540000000000873,1,2022
-1.0,-1.2248875562218866,0.0,-0.2248875562218866,0.0,-0.2248875562218866,6.670000000000073,-1,2022
-1.0,-1.054664723032069,-1.0,-1.054664723032069,-1.0,-1.054664723032069,27.44000000000051,-1,2022
2.0,1.7217068645640712,2.0,1.7217068645640712,2.0,1.7217068645640712,5.390000000001237,1,2022
2.0,1.7217068645640712,2.0,1.7217068645640712,2.0,1.7217068645640712,5.390000000001237,1,2022
-1.0,-1.420168067226925,-1.0,-1.420168067226925,-1.0,-1.420168067226925,3.569999999999709,-1,2022
-1.0,-1.235478806907416,0.0,-0.235478806907416,0.0,-0.235478806907416,6.369999999998981,1,2022
-1.0,-1.2604166666666567,-1.0,-1.2604166666666567,-1.0,-1.2604166666666567,5.760000000000218,-1,2022
-1.0,-1.2604166666666567,-1.0,-1.2604166666666567,-1.0,-1.2604166666666567,5.760000000000218,-1,2022
-1.0,-1.2033071293033175,-1.0,-1.2033071293033175,-1.0,-1.2033071293033175,7.378000000000611,-1,2022
2.0,1.9000666222518336,2.0,1.9000666222518336,2.0,1.9000666222518336,15.010000000000218,-1,2022
-1.0,-1.6527415143601192,-1.0,-1.6527415143601192,-1.0,-1.6527415143601192,2.298000000000684,-1,2022
-1.0,-1.1724534375718492,-1.0,-1.1724534375718492,-1.0,-1.1724534375718492,8.69800000000032,1,2022
-1.0,-1.0821557673348678,-1.0,-1.0821557673348678,-1.0,-1.0821557673348678,18.25799999999981,-1,2022
-1.0,-1.2762430939226372,-1.0,-1.2762430939226372,-1.0,-1.2762430939226372,5.430000000000291,-1,2022
-1.0,-1.079795722949247,0.0,-0.07979572294924701,0.0,-0.07979572294924701,18.798000000000684,-1,2022
-1.0,-1.0874125874125882,0.0,-0.08741258741258816,0.0,-0.08741258741258816,17.159999999999854,1,2022
2.0,1.949114593934458,2.0,1.949114593934458,1.6,1.5491145939344582,29.477999999999156,-1,2022
-1.0,-1.088704908338262,-1.0,-1.088704908338262,-1.0,-1.088704908338262,16.909999999999854,-1,2022
-1.0,-1.088704908338262,-1.0,-1.088704908338262,-1.0,-1.088704908338262,16.909999999999854,-1,2022
2.0,1.7645211930926512,2.0,1.7645211930926512,2.0,1.7645211930926512,6.3700000000008,1,2022
2.0,1.7645211930926512,2.0,1.7645211930926512,2.0,1.7645211930926512,6.3700000000008,1,2022
-1.0,-1.1351351351351306,-1.0,-1.1351351351351306,-1.0,-1.1351351351351306,11.100000000000364,1,2022
-1.0,-1.1351351351351306,-1.0,-1.1351351351351306,-1.0,-1.1351351351351306,11.100000000000364,1,2022
2.0,1.8381877022653799,0.0,-0.16181229773462022,0.0,-0.16181229773462022,9.270000000000437,-1,2022
2.0,1.7473896934994992,0.0,-0.25261030650050087,0.0,-0.25261030650050087,5.938000000000102,-1,2022
-1.0,-1.0429307384087,-1.0,-1.0429307384087,-1.0,-1.0429307384087,34.94000000000051,-1,2022
-1.0,-1.0429307384087,-1.0,-1.0429307384087,-1.0,-1.0429307384087,34.94000000000051,-1,2022
-1.0,-1.0429307384087,-1.0,-1.0429307384087,-1.0,-1.0429307384087,34.94000000000051,-1,2022
-1.0,-1.0429307384087,-1.0,-1.0429307384087,-1.0,-1.0429307384087,34.94000000000051,-1,2022
-1.0,-1.0698649278062433,-1.0,-1.0698649278062433,-1.0,-1.0698649278062433,21.469999999999345,1,2022
-1.0,-1.0552486187845311,-1.0,-1.0552486187845311,-1.0,-1.0552486187845311,27.149999999999636,1,2022
-1.0,-1.0552486187845311,-1.0,-1.0552486187845311,-1.0,-1.0552486187845311,27.149999999999636,1,2022
-1.0,-1.2941176470589075,0.0,-0.29411764705890747,0.0,-0.29411764705890747,5.099999999998545,-1,2022
-1.0,-1.096030729833553,-1.0,-1.096030729833553,-1.0,-1.096030729833553,15.619999999998981,1,2022
2.0,1.8884592504461657,2.0,1.8884592504461657,1.6,1.4884592504461658,13.44800000000032,1,2022
2.0,1.8863636363636427,0.0,-0.11363636363635737,0.0,-0.11363636363635737,13.200000000000728,1,2022
-1.0,-1.065217391304348,-1.0,-1.065217391304348,-1.0,-1.065217391304348,23.0,1,2022
2.0,1.9009247027741045,0.0,-0.09907529722589549,0.0,-0.09907529722589549,15.139999999999418,-1,2022
2.0,1.9009247027741045,0.0,-0.09907529722589549,0.0,-0.09907529722589549,15.139999999999418,-1,2022
2.0,1.9272903538536148,0.0,-0.07270964614638517,0.0,-0.07270964614638517,20.63000000000102,1,2022
2.0,1.9272903538536148,0.0,-0.07270964614638517,0.0,-0.07270964614638517,20.63000000000102,1,2022
-1.0,-1.0682128240109148,0.0,-0.06821282401091473,0.0,-0.06821282401091473,21.98999999999978,-1,2022
-1.0,-1.0682128240109148,0.0,-0.06821282401091473,0.0,-0.06821282401091473,21.98999999999978,-1,2022
-1.0,-1.5226480836235476,-1.0,-1.5226480836235476,-1.0,-1.5226480836235476,2.8700000000008004,1,2022
-1.0,-1.0491964578550348,-1.0,-1.0491964578550348,-1.0,-1.0491964578550348,30.48999999999978,-1,2022
-1.0,-1.0491964578550348,-1.0,-1.0491964578550348,-1.0,-1.0491964578550348,30.48999999999978,-1,2022
-1.0,-1.0491964578550348,-1.0,-1.0491964578550348,-1.0,-1.0491964578550348,30.48999999999978,-1,2022
-1.0,-1.0426378624218302,-1.0,-1.0426378624218302,-1.0,-1.0426378624218302,35.18000000000029,1,2022
-1.0,-1.0969618616677481,-1.0,-1.0969618616677481,-1.0,-1.0969618616677481,15.469999999999345,1,2022
-1.0,-1.2040816326530512,0.0,-0.20408163265305113,0.0,-0.20408163265305113,7.350000000000364,-1,2022
-1.0,-1.2040816326530512,0.0,-0.20408163265305113,0.0,-0.20408163265305113,7.350000000000364,-1,2022
2.0,1.7670807453416333,2.0,1.7670807453416333,1.6,1.3670807453416334,6.440000000000509,1,2022
2.0,1.8724489795918193,0.0,-0.12755102040818062,0.0,-0.12755102040818062,11.7599999999984,1,2022
2.0,1.8985801217038474,2.0,1.8985801217038474,1.6,1.4985801217038475,14.789999999999054,-1,2022
2.0,1.6233048719236538,0.0,-0.3766951280763463,0.0,-0.3766951280763463,3.981999999999971,1,2022
-1.0,-1.2158273381294737,-1.0,-1.2158273381294737,-1.0,-1.2158273381294737,6.950000000000728,1,2022
-1.0,-1.2525252525252308,-1.0,-1.2525252525252308,-1.0,-1.2525252525252308,5.940000000000509,-1,2022
-1.0,-1.1262626262626347,-1.0,-1.1262626262626347,-1.0,-1.1262626262626347,11.8799999999992,1,2022
2.0,1.8907501820830264,2.0,1.8907501820830264,2.0,1.8907501820830264,13.729999999999563,1,2022
2.0,1.7272727272727273,2.0,1.7272727272727273,2.0,1.7272727272727273,5.5,1,2022
-1.0,-1.1626898047722458,-1.0,-1.1626898047722458,-1.0,-1.1626898047722458,9.219999999999345,-1,2022
-1.0,-1.2089136490250612,-1.0,-1.2089136490250612,-1.0,-1.2089136490250612,7.180000000000291,-1,2022
-1.0,-1.2089136490250612,-1.0,-1.2089136490250612,-1.0,-1.2089136490250612,7.180000000000291,-1,2022
-1.0,-1.1785714285713977,-1.0,-1.1785714285713977,-1.0,-1.1785714285713977,8.400000000001455,1,2022
-1.0,-1.1319261213720435,-1.0,-1.1319261213720435,-1.0,-1.1319261213720435,11.369999999998981,1,2022
-1.0,-1.1319261213720435,-1.0,-1.1319261213720435,-1.0,-1.1319261213720435,11.369999999998981,1,2022
2.0,1.7321428571428745,2.0,1.7321428571428745,1.6,1.3321428571428746,5.600000000000364,-1,2022
2.0,1.7321428571428745,2.0,1.7321428571428745,1.6,1.3321428571428746,5.600000000000364,-1,2022
-1.0,-1.0951173113506631,0.0,-0.09511731135066319,0.0,-0.09511731135066319,15.770000000000437,-1,2022
-1.0,-1.0951173113506631,0.0,-0.09511731135066319,0.0,-0.09511731135066319,15.770000000000437,-1,2022
-1.0,-1.099535500995357,0.0,-0.09953550099535693,0.0,-0.09953550099535693,15.069999999999709,1,2022
-1.0,-1.1714285714285715,0.0,-0.17142857142857143,0.0,-0.17142857142857143,8.75,1,2022
2.0,1.7981157469717441,0.0,-0.20188425302825588,0.0,-0.20188425302825588,7.430000000000291,-1,2022
-1.0,-1.0239923224568137,0.0,-0.023992322456813653,0.0,-0.023992322456813653,62.52000000000044,1,2022
2.0,1.869109947643969,2.0,1.869109947643969,2.0,1.869109947643969,11.459999999999127,1,2022
2.0,1.869109947643969,2.0,1.869109947643969,2.0,1.869109947643969,11.459999999999127,1,2022
-1.0,-1.4464285714284941,-1.0,-1.4464285714284941,-1.0,-1.4464285714284941,3.360000000000582,1,2022
2.0,1.3562231759656451,0.0,-0.6437768240343549,0.0,-0.6437768240343549,2.3299999999999272,-1,2022
2.0,1.7623574144486653,0.0,-0.23764258555133463,0.0,-0.23764258555133463,6.311999999999898,-1,2022
2.0,1.926210153482879,0.0,-0.07378984651712099,0.0,-0.07378984651712099,20.32799999999952,1,2022
2.0,1.926210153482879,0.0,-0.07378984651712099,0.0,-0.07378984651712099,20.32799999999952,1,2022
-1.0,-1.101971447994555,-1.0,-1.101971447994555,-1.0,-1.101971447994555,14.710000000000946,1,2022
2.0,1.7386759581881432,2.0,1.7386759581881432,2.0,1.7386759581881432,5.739999999999782,-1,2022
-1.0,-1.07156488549618,-1.0,-1.07156488549618,-1.0,-1.07156488549618,20.960000000000946,-1,2022
-1.0,-1.1081470800288329,-1.0,-1.1081470800288329,-1.0,-1.1081470800288329,13.8700000000008,1,2022
2.0,1.9426166794185145,0.0,-0.05738332058148559,0.0,-0.05738332058148559,26.139999999999418,-1,2022
-1.0,-1.375,0.0,-0.375,0.0,-0.375,4.0,1,2022
-1.0,-1.3816793893129489,-1.0,-1.3816793893129489,-1.0,-1.3816793893129489,3.930000000000291,1,2022
-1.0,-1.2752293577981284,0.0,-0.2752293577981284,0.0,-0.2752293577981284,5.450000000000728,-1,2022
-1.0,-1.1025991792065608,-1.0,-1.1025991792065608,-1.0,-1.1025991792065608,14.6200000000008,1,2022
2.0,1.9600106638229788,2.0,1.9600106638229788,2.0,1.9600106638229788,37.5099999999984,1,2022
2.0,1.9600106638229788,2.0,1.9600106638229788,2.0,1.9600106638229788,37.5099999999984,1,2022
2.0,1.9600106638229788,2.0,1.9600106638229788,2.0,1.9600106638229788,37.5099999999984,1,2022
-1.0,-1.4559270516718636,-1.0,-1.4559270516718636,-1.0,-1.4559270516718636,3.289999999999054,1,2022
-1.0,-1.1915708812260555,-1.0,-1.1915708812260555,-1.0,-1.1915708812260555,7.829999999999927,-1,2022
-1.0,-1.0392362019356531,-1.0,-1.0392362019356531,-1.0,-1.0392362019356531,38.22999999999956,-1,2022
-1.0,-1.061299550469965,-1.0,-1.061299550469965,-1.0,-1.061299550469965,24.469999999999345,1,2022
-1.0,-1.130321459600345,-1.0,-1.130321459600345,-1.0,-1.130321459600345,11.510000000000218,-1,2022
-1.0,-1.401069518716601,0.0,-0.40106951871660096,0.0,-0.40106951871660096,3.7399999999997817,1,2022
-1.0,-1.2248875562218866,0.0,-0.2248875562218866,0.0,-0.2248875562218866,6.670000000000073,1,2022
2.0,1.7699386503067638,2.0,1.7699386503067638,2.0,1.7699386503067638,6.520000000000437,1,2022
-1.0,-1.0462534690101752,-1.0,-1.0462534690101752,-1.0,-1.0462534690101752,32.43000000000029,1,2022
-1.0,-1.0462534690101752,-1.0,-1.0462534690101752,-1.0,-1.0462534690101752,32.43000000000029,1,2022
2.0,1.9076240916368976,2.0,1.9076240916368976,1.6,1.5076240916368977,16.237999999999374,-1,2022
2.0,1.9076240916368976,2.0,1.9076240916368976,1.6,1.5076240916368977,16.237999999999374,-1,2022
2.0,1.873289406994422,0.0,-0.12671059300557808,0.0,-0.12671059300557808,11.837999999999738,-1,2022
2.0,1.873289406994422,0.0,-0.12671059300557808,0.0,-0.12671059300557808,11.837999999999738,-1,2022
-1.0,-1.1160092807424569,0.0,-0.11600928074245678,0.0,-0.11600928074245678,12.930000000000291,-1,2022
-1.0,-1.1160092807424569,0.0,-0.11600928074245678,0.0,-0.11600928074245678,12.930000000000291,-1,2022
2.0,1.8770491803278762,0.0,-0.12295081967212382,0.0,-0.12295081967212382,12.200000000000728,-1,2022
-1.0,-1.1194457716196762,-1.0,-1.1194457716196762,-1.0,-1.1194457716196762,12.558000000000902,-1,2022
2.0,1.8854961832061101,2.0,1.8854961832061101,2.0,1.8854961832061101,13.100000000000364,1,2022
2.0,1.8854961832061101,2.0,1.8854961832061101,2.0,1.8854961832061101,13.100000000000364,1,2022
2.0,1.8854961832061101,2.0,1.8854961832061101,2.0,1.8854961832061101,13.100000000000364,1,2022
2.0,1.8854961832061101,2.0,1.8854961832061101,2.0,1.8854961832061101,13.100000000000364,1,2022
2.0,1.8854961832061101,2.0,1.8854961832061101,2.0,1.8854961832061101,13.100000000000364,1,2022
2.0,1.8854961832061101,2.0,1.8854961832061101,2.0,1.8854961832061101,13.100000000000364,1,2022
2.0,1.5207667731630954,2.0,1.5207667731630954,1.6,1.1207667731630955,3.1300000000010186,1,2022
2.0,1.3617021276596732,0.0,-0.6382978723403268,0.0,-0.6382978723403268,2.350000000000364,1,2022
2.0,1.3617021276596732,0.0,-0.6382978723403268,0.0,-0.6382978723403268,2.350000000000364,1,2022
-1.0,-1.2347417840375132,-1.0,-1.2347417840375132,-1.0,-1.2347417840375132,6.390000000001237,-1,2022
-1.0,-1.2347417840375132,-1.0,-1.2347417840375132,-1.0,-1.2347417840375132,6.390000000001237,-1,2022
2.0,1.842271293375398,0.0,-0.15772870662460206,0.0,-0.15772870662460206,9.510000000000218,-1,2022
-1.0,-1.2205882352941413,-1.0,-1.2205882352941413,-1.0,-1.2205882352941413,6.799999999999272,-1,2022
-1.0,-1.0739280433711156,-1.0,-1.0739280433711156,-1.0,-1.0739280433711156,20.290000000000873,1,2022
-1.0,-1.0739280433711156,-1.0,-1.0739280433711156,-1.0,-1.0739280433711156,20.290000000000873,1,2022
-1.0,-1.0739280433711156,-1.0,-1.0739280433711156,-1.0,-1.0739280433711156,20.290000000000873,1,2022
2.0,1.9270072992700704,2.0,1.9270072992700704,1.6,1.5270072992700705,20.549999999999272,1,2022
2.0,1.8638838475499147,2.0,1.8638838475499147,1.6,1.4638838475499147,11.020000000000437,1,2022
2.0,1.8638838475499147,2.0,1.8638838475499147,1.6,1.4638838475499147,11.020000000000437,1,2022
2.0,1.8638838475499147,2.0,1.8638838475499147,1.6,1.4638838475499147,11.020000000000437,1,2022
-1.0,-1.491803278688642,-1.0,-1.491803278688642,-1.0,-1.491803278688642,3.0499999999992724,-1,2022
2.0,1.8643761301989088,2.0,1.8643761301989088,2.0,1.8643761301989088,11.05999999999949,-1,2022
2.0,1.8346196251378117,0.0,-0.16538037486218832,0.0,-0.16538037486218832,9.069999999999709,-1,2022
-1.0,-1.0517063081695963,0.0,-0.0517063081695963,0.0,-0.0517063081695963,29.01000000000022,-1,2022
2.0,1.786628733997175,2.0,1.786628733997175,1.6,1.386628733997175,7.030000000000655,1,2022
-1.0,-1.206896551724138,0.0,-0.20689655172413793,0.0,-0.20689655172413793,7.25,-1,2022
-1.0,-1.0988793671720496,-1.0,-1.0988793671720496,-1.0,-1.0988793671720496,15.170000000000073,1,2022
-1.0,-1.048764629388819,-1.0,-1.048764629388819,-1.0,-1.048764629388819,30.7599999999984,-1,2022
2.0,1.8838829540176467,2.0,1.8838829540176467,1.6,1.4838829540176468,12.917999999999665,-1,2022
2.0,1.71698113207553,2.0,1.71698113207553,1.6,1.31698113207553,5.300000000001091,-1,2022
2.0,1.299065420560557,2.0,1.299065420560557,1.6,0.899065420560557,2.139999999999418,1,2022
2.0,1.4501466275658124,2.0,1.4501466275658124,1.6,1.0501466275658125,2.727999999999156,-1,2022
2.0,1.819711538461532,2.0,1.819711538461532,2.0,1.819711538461532,8.319999999999709,-1,2022
2.0,1.819711538461532,2.0,1.819711538461532,2.0,1.819711538461532,8.319999999999709,-1,2022
-1.0,-1.375,-1.0,-1.375,-1.0,-1.375,4.0,1,2022
-1.0,-1.1698754246885632,-1.0,-1.1698754246885632,-1.0,-1.1698754246885632,8.829999999999927,-1,2022
-1.0,-1.1698754246885632,-1.0,-1.1698754246885632,-1.0,-1.1698754246885632,8.829999999999927,-1,2022
-1.0,-1.1122754491017914,-1.0,-1.1122754491017914,-1.0,-1.1122754491017914,13.360000000000582,-1,2022
-1.0,-1.0653367018032966,-1.0,-1.0653367018032966,-1.0,-1.0653367018032966,22.95799999999872,-1,2022
-1.0,-1.1213592233009653,-1.0,-1.1213592233009653,-1.0,-1.1213592233009653,12.360000000000582,1,2022
-1.0,-1.1213592233009653,-1.0,-1.1213592233009653,-1.0,-1.1213592233009653,12.360000000000582,1,2022
-1.0,-1.0711574952561673,-1.0,-1.0711574952561673,-1.0,-1.0711574952561673,21.079999999999927,-1,2022
-1.0,-1.0711574952561673,-1.0,-1.0711574952561673,-1.0,-1.0711574952561673,21.079999999999927,-1,2022
-1.0,-1.1200960768614738,-1.0,-1.1200960768614738,-1.0,-1.1200960768614738,12.4900000000016,1,2022
-1.0,-1.0884433962264102,-1.0,-1.0884433962264102,-1.0,-1.0884433962264102,16.960000000000946,-1,2022
-1.0,-1.0391236306729281,-1.0,-1.0391236306729281,-1.0,-1.0391236306729281,38.33999999999833,-1,2022
-1.0,-1.4,-1.0,-1.4,-1.0,-1.4,3.75,1,2022
2.0,1.9368633723377384,2.0,1.9368633723377384,1.6,1.5368633723377385,23.75799999999981,-1,2022
-1.0,-1.3416856492026372,0.0,-0.3416856492026372,0.0,-0.3416856492026372,4.390000000001237,1,2022
2.0,1.7242647058823788,2.0,1.7242647058823788,2.0,1.7242647058823788,5.440000000000509,1,2022
2.0,1.7242647058823788,2.0,1.7242647058823788,2.0,1.7242647058823788,5.440000000000509,1,2022
-1.0,-1.4398826979472328,-1.0,-1.4398826979472328,-1.0,-1.4398826979472328,3.4099999999998545,-1,2022
-1.0,-1.0312891113892375,-1.0,-1.0312891113892375,-1.0,-1.0312891113892375,47.93999999999869,-1,2022
-1.0,-1.0312891113892375,-1.0,-1.0312891113892375,-1.0,-1.0312891113892375,47.93999999999869,-1,2022
-1.0,-1.0312891113892375,-1.0,-1.0312891113892375,-1.0,-1.0312891113892375,47.93999999999869,-1,2022
-1.0,-1.0312891113892375,-1.0,-1.0312891113892375,-1.0,-1.0312891113892375,47.93999999999869,-1,2022
-1.0,-1.2591568762957634,-1.0,-1.2591568762957634,-1.0,-1.2591568762957634,5.788000000000466,1,2022
-1.0,-1.2591568762957634,-1.0,-1.2591568762957634,-1.0,-1.2591568762957634,5.788000000000466,1,2022
-1.0,-1.2591568762957634,-1.0,-1.2591568762957634,-1.0,-1.2591568762957634,5.788000000000466,1,2022
-1.0,-1.09375,0.0,-0.09375,0.0,-0.09375,16.0,-1,2022
2.0,1.9112426035502939,2.0,1.9112426035502939,2.0,1.9112426035502939,16.899999999999636,1,2022
-1.0,-1.2722323049001707,0.0,-0.2722323049001707,0.0,-0.2722323049001707,5.510000000000218,1,2022
-1.0,-1.2702702702703057,-1.0,-1.2702702702703057,-1.0,-1.2702702702703057,5.549999999999272,-1,2022
2.0,1.9241274658573613,2.0,1.9241274658573613,1.6,1.5241274658573614,19.770000000000437,1,2022
2.0,1.9241274658573613,2.0,1.9241274658573613,1.6,1.5241274658573614,19.770000000000437,1,2022
-1.0,-1.286916602907468,-1.0,-1.286916602907468,-1.0,-1.286916602907468,5.227999999999156,1,2022
2.0,1.8587570621469034,0.0,-0.1412429378530967,0.0,-0.1412429378530967,10.6200000000008,-1,2022
2.0,1.8587570621469034,0.0,-0.1412429378530967,0.0,-0.1412429378530967,10.6200000000008,-1,2022
2.0,1.8925501432664689,2.0,1.8925501432664689,1.6,1.492550143266469,13.959999999999127,1,2022
2.0,1.6848739495798464,2.0,1.6848739495798464,1.6,1.2848739495798465,4.760000000000218,-1,2022
-1.0,-1.106022052586944,0.0,-0.10602205258694386,0.0,-0.10602205258694386,14.147999999999229,-1,2022
-1.0,-1.19762845849802,-1.0,-1.19762845849802,-1.0,-1.19762845849802,7.5900000000001455,1,2022
-1.0,-1.2407704654895835,-1.0,-1.2407704654895835,-1.0,-1.2407704654895835,6.229999999999563,-1,2022
2.0,1.921342422653381,2.0,1.921342422653381,1.6,1.5213424226533812,19.06999999999971,-1,2022
2.0,1.921342422653381,2.0,1.921342422653381,1.6,1.5213424226533812,19.06999999999971,-1,2022
2.0,1.5341614906833982,0.0,-0.46583850931660176,0.0,-0.46583850931660176,3.220000000001164,-1,2022
2.0,1.5341614906833982,0.0,-0.46583850931660176,0.0,-0.46583850931660176,3.220000000001164,-1,2022
2.0,1.9414291292463894,0.0,-0.05857087075361054,0.0,-0.05857087075361054,25.610000000000582,1,2022
2.0,1.2857142857144095,2.0,1.2857142857144095,1.6,0.8857142857144096,2.100000000000364,-1,2022
2.0,1.2857142857144095,2.0,1.2857142857144095,1.6,0.8857142857144096,2.100000000000364,-1,2022
-1.0,-1.3865979381444096,-1.0,-1.3865979381444096,-1.0,-1.3865979381444096,3.8799999999991996,1,2022
-1.0,-1.2793296089385058,-1.0,-1.2793296089385058,-1.0,-1.2793296089385058,5.3700000000008,1,2022
-1.0,-1.1971090670171147,0.0,-0.19710906701711484,0.0,-0.19710906701711484,7.609999999998763,-1,2022
-1.0,-1.1971090670171147,0.0,-0.19710906701711484,0.0,-0.19710906701711484,7.609999999998763,-1,2022
-1.0,-1.2952755905511855,-1.0,-1.2952755905511855,-1.0,-1.2952755905511855,5.079999999999927,1,2022
2.0,1.857792946530157,2.0,1.857792946530157,1.6,1.4577929465301571,10.548000000000684,1,2022
-1.0,-1.2423263327948817,-1.0,-1.2423263327948817,-1.0,-1.2423263327948817,6.18999999999869,1,2022
-1.0,-1.0131752305665351,-1.0,-1.0131752305665351,-1.0,-1.0131752305665351,113.84999999999854,1,2022
-1.0,-1.0131752305665351,-1.0,-1.0131752305665351,-1.0,-1.0131752305665351,113.84999999999854,1,2022
-1.0,-1.0131752305665351,-1.0,-1.0131752305665351,-1.0,-1.0131752305665351,113.84999999999854,1,2022
-1.0,-1.2508361204012797,-1.0,-1.2508361204012797,-1.0,-1.2508361204012797,5.980000000001382,-1,2022
2.0,1.7237569060772704,2.0,1.7237569060772704,1.6,1.3237569060772705,5.429999999998472,1,2022
2.0,1.909200968523005,2.0,1.909200968523005,1.6,1.509200968523005,16.520000000000437,-1,2022
2.0,1.909200968523005,2.0,1.909200968523005,1.6,1.509200968523005,16.520000000000437,-1,2022
2.0,1.8549323017408144,2.0,1.8549323017408144,1.6,1.4549323017408144,10.340000000000146,1,2022
-1.0,-1.065331010452964,-1.0,-1.065331010452964,-1.0,-1.065331010452964,22.959999999999127,1,2022
-1.0,-1.077002053388092,-1.0,-1.077002053388092,-1.0,-1.077002053388092,19.479999999999563,1,2022
2.0,1.9356223175965646,0.0,-0.06437768240343548,0.0,-0.06437768240343548,23.299999999999272,-1,2022
-1.0,-1.0634195839675291,-1.0,-1.0634195839675291,-1.0,-1.0634195839675291,23.652000000000044,-1,2022
-1.0,-1.0452898550724627,-1.0,-1.0452898550724627,-1.0,-1.0452898550724627,33.1200000000008,1,2022
2.0,1.9058380414312635,0.0,-0.0941619585687365,0.0,-0.0941619585687365,15.930000000000291,-1,2022
-1.0,-1.1473187978785993,-1.0,-1.1473187978785993,-1.0,-1.1473187978785993,10.182000000000698,-1,2022
-1.0,-1.1473187978785993,-1.0,-1.1473187978785993,-1.0,-1.1473187978785993,10.182000000000698,-1,2022
-1.0,-1.1473187978785993,-1.0,-1.1473187978785993,-1.0,-1.1473187978785993,10.182000000000698,-1,2022
2.0,1.9288087327954428,2.0,1.9288087327954428,2.0,1.9288087327954428,21.06999999999971,1,2022
-1.0,-1.3289473684210893,-1.0,-1.3289473684210893,-1.0,-1.3289473684210893,4.559999999999491,1,2022
-1.0,-1.1202886928628772,-1.0,-1.1202886928628772,-1.0,-1.1202886928628772,12.469999999999345,1,2022
-1.0,-1.2133712660028804,-1.0,-1.2133712660028804,-1.0,-1.2133712660028804,7.029999999998836,-1,2022
-1.0,-1.2133712660028804,-1.0,-1.2133712660028804,-1.0,-1.2133712660028804,7.029999999998836,-1,2022
-1.0,-1.228728270814241,-1.0,-1.228728270814241,-1.0,-1.228728270814241,6.558000000000902,-1,2022
-1.0,-1.133809099018722,-1.0,-1.133809099018722,-1.0,-1.133809099018722,11.210000000000946,-1,2022
-1.0,-1.0392978779145925,-1.0,-1.0392978779145925,-1.0,-1.0392978779145925,38.17000000000007,1,2022
-1.0,-1.106837606837614,0.0,-0.10683760683761404,0.0,-0.10683760683761404,14.039999999999054,-1,2022
-1.0,-1.1416430594901072,-1.0,-1.1416430594901072,-1.0,-1.1416430594901072,10.589999999998327,-1,2022
2.0,1.8888065233506433,0.0,-0.1111934766493567,0.0,-0.1111934766493567,13.4900000000016,-1,2022
-1.0,-1.088391278727169,-1.0,-1.088391278727169,-1.0,-1.088391278727169,16.969999999999345,1,2022
2.0,1.884526558891453,2.0,1.884526558891453,1.6,1.4845265588914531,12.989999999999782,1,2022
-1.0,-1.048764629388819,0.0,-0.04876462938881918,0.0,-0.04876462938881918,30.7599999999984,-1,2022
-1.0,-1.0587544065804961,0.0,-0.058754406580496216,0.0,-0.058754406580496216,25.529999999998836,1,2022
2.0,1.9140991868056327,2.0,1.9140991868056327,1.6,1.5140991868056328,17.461999999999534,1,2022
2.0,1.5495495495495397,2.0,1.5495495495495397,1.6,1.1495495495495398,3.3299999999999272,1,2022
2.0,1.5495495495495397,2.0,1.5495495495495397,1.6,1.1495495495495398,3.3299999999999272,1,2022
-1.0,-1.095736533061018,0.0,-0.09573653306101813,0.0,-0.09573653306101813,15.667999999999665,-1,2022
-1.0,-1.1700680272108899,-1.0,-1.1700680272108899,-1.0,-1.1700680272108899,8.819999999999709,1,2022
2.0,1.7913769123783179,2.0,1.7913769123783179,1.6,1.391376912378318,7.190000000000509,-1,2022
2.0,1.8978897208985739,0.0,-0.102110279101426,0.0,-0.102110279101426,14.69000000000051,-1,2022
-1.0,-1.1395348837209303,-1.0,-1.1395348837209303,-1.0,-1.1395348837209303,10.75,1,2022
-1.0,-1.2003205128204808,-1.0,-1.2003205128204808,-1.0,-1.2003205128204808,7.488000000001193,-1,2022
2.0,1.7588424437299486,0.0,-0.24115755627005134,0.0,-0.24115755627005134,6.220000000001164,1,2022
-1.0,-1.149402390438261,-1.0,-1.149402390438261,-1.0,-1.149402390438261,10.039999999999054,-1,2022
-1.0,-1.1831501831501718,0.0,-0.18315018315017176,0.0,-0.18315018315017176,8.19000000000051,1,2022
-1.0,-1.1395348837209303,-1.0,-1.1395348837209303,-1.0,-1.1395348837209303,10.75,1,2022
-1.0,-1.06765899864682,0.0,-0.0676589986468198,0.0,-0.0676589986468198,22.170000000000073,-1,2022
-1.0,-1.1414027149321244,-1.0,-1.1414027149321244,-1.0,-1.1414027149321244,10.608000000000175,-1,2022
2.0,1.9041533546325857,2.0,1.9041533546325857,1.6,1.5041533546325858,15.649999999999636,1,2022
-1.0,-1.0472738733060174,-1.0,-1.0472738733060174,-1.0,-1.0472738733060174,31.730000000001382,-1,2022
-1.0,-1.0472738733060174,-1.0,-1.0472738733060174,-1.0,-1.0472738733060174,31.730000000001382,-1,2022
-1.0,-1.0472738733060174,-1.0,-1.0472738733060174,-1.0,-1.0472738733060174,31.730000000001382,-1,2022
-1.0,-1.0472738733060174,-1.0,-1.0472738733060174,-1.0,-1.0472738733060174,31.730000000001382,-1,2022
2.0,1.9660786974219806,2.0,1.9660786974219806,2.0,1.9660786974219806,44.219999999999345,1,2022
2.0,1.9660786974219806,2.0,1.9660786974219806,2.0,1.9660786974219806,44.219999999999345,1,2022
2.0,1.9660786974219806,2.0,1.9660786974219806,2.0,1.9660786974219806,44.219999999999345,1,2022
-1.0,-1.07156488549618,-1.0,-1.07156488549618,-1.0,-1.07156488549618,20.960000000000946,1,2022
-1.0,-1.07156488549618,-1.0,-1.07156488549618,-1.0,-1.07156488549618,20.960000000000946,1,2022
-1.0,-1.07156488549618,-1.0,-1.07156488549618,-1.0,-1.07156488549618,20.960000000000946,1,2022
-1.0,-1.1626898047722458,-1.0,-1.1626898047722458,-1.0,-1.1626898047722458,9.219999999999345,-1,2022
-1.0,-1.220264317180633,0.0,-0.22026431718063322,0.0,-0.22026431718063322,6.809999999999491,1,2022
-1.0,-1.1594048884165806,-1.0,-1.1594048884165806,-1.0,-1.1594048884165806,9.409999999999854,-1,2022
2.0,1.7955846279640155,2.0,1.7955846279640155,2.0,1.7955846279640155,7.337999999999738,-1,2022
2.0,1.9558303886925783,0.0,-0.04416961130742163,0.0,-0.04416961130742163,33.95999999999913,-1,2022
2.0,1.9558303886925783,0.0,-0.04416961130742163,0.0,-0.04416961130742163,33.95999999999913,-1,2022
2.0,1.7222222222222034,2.0,1.7222222222222034,1.6,1.3222222222222035,5.399999999999636,1,2022
-1.0,-1.1241721854304643,0.0,-0.12417218543046432,0.0,-0.12417218543046432,12.079999999999927,1,2022
-1.0,-1.2622377622377088,-1.0,-1.2622377622377088,-1.0,-1.2622377622377088,5.720000000001164,-1,2022
-1.0,-1.2622377622377088,-1.0,-1.2622377622377088,-1.0,-1.2622377622377088,5.720000000001164,-1,2022
-1.0,-1.22624434389143,-1.0,-1.22624434389143,-1.0,-1.22624434389143,6.6299999999992,1,2022
-1.0,-1.22624434389143,-1.0,-1.22624434389143,-1.0,-1.22624434389143,6.6299999999992,1,2022
2.0,1.891225525743299,2.0,1.891225525743299,1.6,1.4912255257432991,13.790000000000873,1,2022
2.0,1.891225525743299,2.0,1.891225525743299,1.6,1.4912255257432991,13.790000000000873,1,2022
-1.0,-1.045045045045046,0.0,-0.04504504504504603,0.0,-0.04504504504504603,33.29999999999927,1,2022
-1.0,-1.045045045045046,0.0,-0.04504504504504603,0.0,-0.04504504504504603,33.29999999999927,1,2022
-1.0,-1.0762582613116418,-1.0,-1.0762582613116418,-1.0,-1.0762582613116418,19.670000000000073,-1,2022
-1.0,-1.0246386333771356,0.0,-0.024638633377135673,0.0,-0.024638633377135673,60.8799999999992,1,2022
-1.0,-1.0841373120933386,-1.0,-1.0841373120933386,-1.0,-1.0841373120933386,17.82799999999952,-1,2022
-1.0,-1.1571997484804113,0.0,-0.1571997484804113,0.0,-0.1571997484804113,9.541999999999462,1,2022
-1.0,-1.1546391752577494,-1.0,-1.1546391752577494,-1.0,-1.1546391752577494,9.699999999998909,-1,2022
-1.0,-1.120385232744774,-1.0,-1.120385232744774,-1.0,-1.120385232744774,12.460000000000946,1,2022
-1.0,-1.0742942050520041,-1.0,-1.0742942050520041,-1.0,-1.0742942050520041,20.19000000000051,1,2022
-1.0,-1.0742942050520041,-1.0,-1.0742942050520041,-1.0,-1.0742942050520041,20.19000000000051,1,2022
-1.0,-1.1748251748251763,-1.0,-1.1748251748251763,-1.0,-1.1748251748251763,8.579999999999927,1,2022
-1.0,-1.1421800947867151,0.0,-0.14218009478671514,0.0,-0.14218009478671514,10.550000000001091,-1,2022
2.0,1.9250374812593711,0.0,-0.07496251874062887,0.0,-0.07496251874062887,20.01000000000022,1,2022
2.0,1.9250374812593711,0.0,-0.07496251874062887,0.0,-0.07496251874062887,20.01000000000022,1,2022
-1.0,-1.0667853962600204,-1.0,-1.0667853962600204,-1.0,-1.0667853962600204,22.459999999999127,1,2022
-1.0,-1.148514851485143,-1.0,-1.148514851485143,-1.0,-1.148514851485143,10.100000000000364,-1,2022
-1.0,-1.148514851485143,-1.0,-1.148514851485143,-1.0,-1.148514851485143,10.100000000000364,-1,2022
-1.0,-1.0632964807156713,-1.0,-1.0632964807156713,-1.0,-1.0632964807156713,23.69800000000032,-1,2022
-1.0,-1.0936914428482185,0.0,-0.09369144284821858,0.0,-0.09369144284821858,16.01000000000022,-1,2022
-1.0,-1.0890736342042748,-1.0,-1.0890736342042748,-1.0,-1.0890736342042748,16.840000000000146,1,2022
-1.0,-1.0890736342042748,-1.0,-1.0890736342042748,-1.0,-1.0890736342042748,16.840000000000146,1,2022
2.0,1.6518105849582903,2.0,1.6518105849582903,1.6,1.2518105849582903,4.308000000000902,-1,2022
-1.0,-1.1602564102564314,0.0,-0.16025641025643145,0.0,-0.16025641025643145,9.359999999998763,1,2022
-1.0,-1.1602564102564314,0.0,-0.16025641025643145,0.0,-0.16025641025643145,9.359999999998763,1,2022
-1.0,-1.1530924678505996,-1.0,-1.1530924678505996,-1.0,-1.1530924678505996,9.797999999998865,-1,2022
-1.0,-1.1530924678505996,-1.0,-1.1530924678505996,-1.0,-1.1530924678505996,9.797999999998865,-1,2022
2.0,1.640287769784179,2.0,1.640287769784179,1.6,1.240287769784179,4.170000000000073,-1,2022
2.0,1.640287769784179,2.0,1.640287769784179,1.6,1.240287769784179,4.170000000000073,-1,2022
-1.0,-1.0421348314606738,-1.0,-1.0421348314606738,-1.0,-1.0421348314606738,35.600000000000364,1,2022
-1.0,-1.0421348314606738,-1.0,-1.0421348314606738,-1.0,-1.0421348314606738,35.600000000000364,1,2022
-1.0,-1.0421348314606738,-1.0,-1.0421348314606738,-1.0,-1.0421348314606738,35.600000000000364,1,2022
2.0,1.9633251833740843,2.0,1.9633251833740843,1.6,1.5633251833740844,40.900000000001455,1,2022
-1.0,-1.0932951859684068,-1.0,-1.0932951859684068,-1.0,-1.0932951859684068,16.07799999999952,-1,2022
2.0,1.9047013977128322,2.0,1.9047013977128322,1.6,1.5047013977128323,15.739999999999782,1,2022
-1.0,-1.3547776726583856,-1.0,-1.3547776726583856,-1.0,-1.3547776726583856,4.228000000000975,-1,2022
-1.0,-1.3547776726583856,-1.0,-1.3547776726583856,-1.0,-1.3547776726583856,4.228000000000975,-1,2022
2.0,1.9419504643962853,2.0,1.9419504643962853,1.6,1.5419504643962854,25.840000000000146,1,2022
-1.0,-1.1599147121535318,-1.0,-1.1599147121535318,-1.0,-1.1599147121535318,9.3799999999992,1,2022
2.0,1.7142857142857144,2.0,1.7142857142857144,2.0,1.7142857142857144,5.25,1,2022
2.0,1.86795774647888,0.0,-0.13204225352112,0.0,-0.13204225352112,11.360000000000582,1,2022
-1.0,-1.1659659216641098,0.0,-0.16596592166410984,0.0,-0.16596592166410984,9.037999999998647,-1,2022
-1.0,-1.1497005988023887,0.0,-0.14970059880238867,0.0,-0.14970059880238867,10.020000000000437,1,2022
-1.0,-1.1180173092053582,-1.0,-1.1180173092053582,-1.0,-1.1180173092053582,12.709999999999127,-1,2022
2.0,1.9462558222859188,2.0,1.9462558222859188,2.0,1.9462558222859188,27.909999999999854,-1,2022
-1.0,-1.0805239424522277,-1.0,-1.0805239424522277,-1.0,-1.0805239424522277,18.627999999998792,1,2022
-1.0,-1.051670685497763,0.0,-0.05167068549776301,0.0,-0.05167068549776301,29.029999999998836,1,2022
2.0,1.6113989637304456,2.0,1.6113989637304456,1.6,1.2113989637304456,3.859999999998763,-1,2022
-1.0,-1.3561253561253954,-1.0,-1.3561253561253954,-1.0,-1.3561253561253954,4.211999999999534,1,2022
-1.0,-1.1829268292682764,-1.0,-1.1829268292682764,-1.0,-1.1829268292682764,8.200000000000728,-1,2022
-1.0,-1.0408163265306123,0.0,-0.04081632653061224,0.0,-0.04081632653061224,36.75,-1,2022
-1.0,-1.0778412039439527,0.0,-0.07784120394395257,0.0,-0.07784120394395257,19.270000000000437,-1,2022
-1.0,-1.0768836494105578,-1.0,-1.0768836494105578,-1.0,-1.0768836494105578,19.51000000000022,-1,2022
-1.0,-1.1302083333333284,0.0,-0.1302083333333284,0.0,-0.1302083333333284,11.520000000000437,1,2022
-1.0,-1.3205128205128005,-1.0,-1.3205128205128005,-1.0,-1.3205128205128005,4.680000000000291,-1,2022
-1.0,-1.0902527075812232,-1.0,-1.0902527075812232,-1.0,-1.0902527075812232,16.6200000000008,1,2022
2.0,1.9062382797849708,2.0,1.9062382797849708,2.0,1.9062382797849708,15.997999999999593,1,2022
-1.0,-1.1060070671377984,-1.0,-1.1060070671377984,-1.0,-1.1060070671377984,14.150000000001455,1,2022
-1.0,-1.7142857142862091,-1.0,-1.7142857142862091,-1.0,-1.7142857142862091,2.099999999998545,1,2022
-1.0,-1.0516528925619852,-1.0,-1.0516528925619852,-1.0,-1.0516528925619852,29.039999999999054,-1,2022
-1.0,-1.2782931354360225,-1.0,-1.2782931354360225,-1.0,-1.2782931354360225,5.389999999999418,-1,2022
2.0,1.5297805642631297,2.0,1.5297805642631297,1.6,1.1297805642631298,3.1899999999986903,-1,2022
2.0,1.7761194029850988,2.0,1.7761194029850988,1.6,1.376119402985099,6.700000000000728,1,2022
-1.0,-1.048064598820817,0.0,-0.04806459882081715,0.0,-0.04806459882081715,31.20799999999872,-1,2022
2.0,1.7051886792452677,2.0,1.7051886792452677,2.0,1.7051886792452677,5.087999999999738,-1,2022
2.0,1.7051886792452677,2.0,1.7051886792452677,2.0,1.7051886792452677,5.087999999999738,-1,2022
-1.0,-1.2788104089219745,-1.0,-1.2788104089219745,-1.0,-1.2788104089219745,5.3799999999992,1,2022
-1.0,-1.2788104089219745,-1.0,-1.2788104089219745,-1.0,-1.2788104089219745,5.3799999999992,1,2022
-1.0,-1.1065492257422966,0.0,-0.10654922574229657,0.0,-0.10654922574229657,14.07799999999952,-1,2022
-1.0,-1.1065492257422966,0.0,-0.10654922574229657,0.0,-0.10654922574229657,14.07799999999952,-1,2022
2.0,1.9482901268615582,2.0,1.9482901268615582,1.6,1.5482901268615583,29.00800000000163,1,2022
-1.0,-1.0619578686493207,-1.0,-1.0619578686493207,-1.0,-1.0619578686493207,24.209999999999127,1,2022
-1.0,-1.0619578686493207,-1.0,-1.0619578686493207,-1.0,-1.0619578686493207,24.209999999999127,1,2022
2.0,1.7572815533980697,0.0,-0.24271844660193032,0.0,-0.24271844660193032,6.180000000000291,1,2022
2.0,1.7572815533980697,0.0,-0.24271844660193032,0.0,-0.24271844660193032,6.180000000000291,1,2022
2.0,1.8944405348346305,2.0,1.8944405348346305,2.0,1.8944405348346305,14.210000000000946,-1,2022
2.0,1.8944405348346305,2.0,1.8944405348346305,2.0,1.8944405348346305,14.210000000000946,-1,2022
-1.0,-1.0998801438274068,-1.0,-1.0998801438274068,-1.0,-1.0998801438274068,15.018000000000029,-1,2022
2.0,1.4047619047615783,0.0,-0.5952380952384217,0.0,-0.5952380952384217,2.5199999999986176,1,2022
2.0,1.496644295302247,2.0,1.496644295302247,2.0,1.496644295302247,2.9800000000013824,-1,2022
-1.0,-1.2057613168724033,0.0,-0.20576131687240334,0.0,-0.20576131687240334,7.290000000000873,1,2022
2.0,1.8683055311676842,2.0,1.8683055311676842,1.6,1.4683055311676843,11.389999999999418,1,2022
2.0,1.8683055311676842,2.0,1.8683055311676842,1.6,1.4683055311676843,11.389999999999418,1,2022
-1.0,-1.330396475770994,0.0,-0.33039647577099396,0.0,-0.33039647577099396,4.539999999999054,1,2022
-1.0,-1.330396475770994,0.0,-0.33039647577099396,0.0,-0.33039647577099396,4.539999999999054,1,2022
-1.0,-1.2697841726618952,0.0,-0.2697841726618952,0.0,-0.2697841726618952,5.559999999999491,-1,2022
-1.0,-1.35211267605632,0.0,-0.35211267605631996,0.0,-0.35211267605631996,4.260000000000218,1,2022
-1.0,-1.35211267605632,0.0,-0.35211267605631996,0.0,-0.35211267605631996,4.260000000000218,1,2022
2.0,1.894514767932498,0.0,-0.10548523206750192,0.0,-0.10548523206750192,14.220000000001164,1,2022
-1.0,-1.1650165016501624,-1.0,-1.1650165016501624,-1.0,-1.1650165016501624,9.090000000000146,1,2022
2.0,1.1071428571430117,2.0,1.1071428571430117,2.0,1.1071428571430117,1.680000000000291,1,2022
-1.0,-1.8250825082511422,-1.0,-1.8250825082511422,-1.0,-1.8250825082511422,1.8179999999993015,-1,2022
-1.0,-1.2340093603744202,-1.0,-1.2340093603744202,-1.0,-1.2340093603744202,6.4099999999998545,-1,2022
2.0,1.7174076865109749,2.0,1.7174076865109749,1.6,1.317407686510975,5.308000000000902,-1,2022
-1.0,-1.0790722192936242,-1.0,-1.0790722192936242,-1.0,-1.0790722192936242,18.969999999999345,1,2022
-1.0,-1.0790722192936242,-1.0,-1.0790722192936242,-1.0,-1.0790722192936242,18.969999999999345,1,2022
-1.0,-1.0790722192936242,-1.0,-1.0790722192936242,-1.0,-1.0790722192936242,18.969999999999345,1,2022
-1.0,-1.0790722192936242,-1.0,-1.0790722192936242,-1.0,-1.0790722192936242,18.969999999999345,1,2022
-1.0,-1.0472024671156142,-1.0,-1.0472024671156142,-1.0,-1.0472024671156142,31.778000000000247,-1,2022
-1.0,-1.0472024671156142,-1.0,-1.0472024671156142,-1.0,-1.0472024671156142,31.778000000000247,-1,2022
2.0,1.8904309715120566,2.0,1.8904309715120566,2.0,1.8904309715120566,13.69000000000051,-1,2022
-1.0,-1.2558853633572522,-1.0,-1.2558853633572522,-1.0,-1.2558853633572522,5.8619999999991705,-1,2022
2.0,1.7727272727272225,2.0,1.7727272727272225,1.6,1.3727272727272226,6.599999999998545,-1,2022
-1.0,-1.0434153400868293,-1.0,-1.0434153400868293,-1.0,-1.0434153400868293,34.55000000000109,-1,2022
2.0,1.6511627906976154,2.0,1.6511627906976154,1.6,1.2511627906976155,4.299999999999272,-1,2022
-1.0,-1.1266891891891877,-1.0,-1.1266891891891877,-1.0,-1.1266891891891877,11.840000000000146,-1,2022
-1.0,-1.6249999999996212,0.0,-0.6249999999996211,0.0,-0.6249999999996211,2.400000000001455,-1,2022
-1.0,-1.088704908338262,-1.0,-1.088704908338262,-1.0,-1.088704908338262,16.909999999999854,1,2022
2.0,1.8853211009174307,0.0,-0.11467889908256945,0.0,-0.11467889908256945,13.079999999999927,-1,2022
-1.0,-2.1111111111108114,-1.0,-2.1111111111108114,-1.0,-2.1111111111108114,1.3500000000003638,1,2022
-1.0,-2.086956521738328,-1.0,-2.086956521738328,-1.0,-2.086956521738328,1.3800000000010186,-1,2022
-1.0,-2.086956521738328,-1.0,-2.086956521738328,-1.0,-2.086956521738328,1.3800000000010186,-1,2022
-1.0,-1.4885993485342484,0.0,-0.4885993485342483,0.0,-0.4885993485342483,3.069999999999709,1,2022
-1.0,-1.170068027210855,0.0,-0.1700680272108549,0.0,-0.1700680272108549,8.820000000001528,1,2022
2.0,1.3827160493827901,2.0,1.3827160493827901,1.6,0.9827160493827901,2.430000000000291,1,2022
-1.0,-1.1611170784103204,-1.0,-1.1611170784103204,-1.0,-1.1611170784103204,9.30999999999949,-1,2022
-1.0,-1.1575630252100768,-1.0,-1.1575630252100768,-1.0,-1.1575630252100768,9.520000000000437,-1,2022
-1.0,-1.1575630252100768,-1.0,-1.1575630252100768,-1.0,-1.1575630252100768,9.520000000000437,-1,2022
-1.0,-1.0631313131313125,-1.0,-1.0631313131313125,-1.0,-1.0631313131313125,23.76000000000022,-1,2022
-1.0,-1.2380952380951968,-1.0,-1.2380952380951968,-1.0,-1.2380952380951968,6.300000000001091,1,2022
-1.0,-1.3099173553718915,0.0,-0.3099173553718915,0.0,-0.3099173553718915,4.8400000000001455,-1,2022
-1.0,-1.3112033195020936,0.0,-0.31120331950209346,0.0,-0.31120331950209346,4.819999999999709,1,2022
-1.0,-1.0645661157024744,0.0,-0.06456611570247436,0.0,-0.06456611570247436,23.23200000000179,-1,2022
-1.0,-1.2941176470588025,0.0,-0.29411764705880256,0.0,-0.29411764705880256,5.100000000000364,1,2022
2.0,1.7528830313015449,2.0,1.7528830313015449,1.6,1.352883031301545,6.070000000001528,1,2022
-1.0,-1.0772797527047846,0.0,-0.07727975270478468,0.0,-0.07727975270478468,19.410000000001673,-1,2022
-1.0,-1.1629018245004248,0.0,-0.16290182450042487,0.0,-0.16290182450042487,9.208000000000538,-1,2022
-1.0,-1.0550458715596331,-1.0,-1.0550458715596331,-1.0,-1.0550458715596331,27.25,-1,2022
2.0,1.5495495495495397,0.0,-0.4504504504504603,0.0,-0.4504504504504603,3.3299999999999272,1,2022
-1.0,-1.0857142857142856,0.0,-0.08571428571428572,0.0,-0.08571428571428572,17.5,1,2022
2.0,1.9319419237749518,2.0,1.9319419237749518,2.0,1.9319419237749518,22.039999999999054,-1,2022
2.0,1.9319419237749518,2.0,1.9319419237749518,2.0,1.9319419237749518,22.039999999999054,-1,2022
2.0,1.9611096707285451,2.0,1.9611096707285451,2.0,1.9611096707285451,38.56999999999971,1,2022
-1.0,-1.536097212294365,-1.0,-1.536097212294365,-1.0,-1.536097212294365,2.798000000000684,-1,2022
-1.0,-1.1017639077340584,-1.0,-1.1017639077340584,-1.0,-1.1017639077340584,14.739999999999782,1,2022
-1.0,-1.105337078651687,-1.0,-1.105337078651687,-1.0,-1.105337078651687,14.239999999999782,-1,2022
-1.0,-1.2669039145907093,-1.0,-1.2669039145907093,-1.0,-1.2669039145907093,5.6200000000008,-1,2023
-1.0,-1.2669039145907093,-1.0,-1.2669039145907093,-1.0,-1.2669039145907093,5.6200000000008,-1,2023
2.0,1.794801641586853,2.0,1.794801641586853,1.6,1.3948016415868532,7.309999999999491,1,2023
2.0,1.794801641586853,2.0,1.794801641586853,1.6,1.3948016415868532,7.309999999999491,1,2023
2.0,1.794801641586853,2.0,1.794801641586853,1.6,1.3948016415868532,7.309999999999491,1,2023
-1.0,-1.1950585175552537,-1.0,-1.1950585175552537,-1.0,-1.1950585175552537,7.690000000000509,-1,2023
-1.0,-1.0795755968169747,-1.0,-1.0795755968169747,-1.0,-1.0795755968169747,18.850000000000364,-1,2023
-1.0,-1.1202886928628597,-1.0,-1.1202886928628597,-1.0,-1.1202886928628597,12.470000000001164,1,2023
2.0,1.6644295302012933,0.0,-0.33557046979870686,0.0,-0.33557046979870686,4.469999999999345,-1,2023
2.0,1.6644295302012933,0.0,-0.33557046979870686,0.0,-0.33557046979870686,4.469999999999345,-1,2023
-1.0,-1.0710900473933638,-1.0,-1.0710900473933638,-1.0,-1.0710900473933638,21.100000000000364,-1,2023
2.0,1.9172185430463529,2.0,1.9172185430463529,1.6,1.517218543046353,18.11999999999898,1,2023
2.0,1.9172185430463529,2.0,1.9172185430463529,1.6,1.517218543046353,18.11999999999898,1,2023
2.0,1.9761904761904763,2.0,1.9761904761904763,2.0,1.9761904761904763,63.0,-1,2023
-1.0,-1.0401929260450165,-1.0,-1.0401929260450165,-1.0,-1.0401929260450165,37.31999999999971,1,2023
-1.0,-1.0401929260450165,-1.0,-1.0401929260450165,-1.0,-1.0401929260450165,37.31999999999971,1,2023
-1.0,-1.0401929260450165,-1.0,-1.0401929260450165,-1.0,-1.0401929260450165,37.31999999999971,1,2023
-1.0,-1.0716674629718097,0.0,-0.0716674629718098,0.0,-0.0716674629718098,20.93000000000029,-1,2023
-1.0,-1.0716674629718097,0.0,-0.0716674629718098,0.0,-0.0716674629718098,20.93000000000029,-1,2023
2.0,1.7395833333333433,2.0,1.7395833333333433,2.0,1.7395833333333433,5.760000000000218,1,2023
2.0,1.7395833333333433,2.0,1.7395833333333433,2.0,1.7395833333333433,5.760000000000218,1,2023
-1.0,-1.271247739602227,0.0,-0.2712477396022271,0.0,-0.2712477396022271,5.529999999998836,-1,2023
-1.0,-1.3289473684210893,-1.0,-1.3289473684210893,-1.0,-1.3289473684210893,4.559999999999491,-1,2023
-1.0,-1.3289473684210893,-1.0,-1.3289473684210893,-1.0,-1.3289473684210893,4.559999999999491,-1,2023
-1.0,-1.106776765375849,0.0,-0.10677676537584901,0.0,-0.10677676537584901,14.048000000000684,1,2023
-1.0,-1.4491017964071662,0.0,-0.4491017964071661,0.0,-0.4491017964071661,3.3400000000001455,1,2023
-1.0,-1.3694581280786986,-1.0,-1.3694581280786986,-1.0,-1.3694581280786986,4.06000000000131,1,2023
-1.0,-1.3694581280786986,-1.0,-1.3694581280786986,-1.0,-1.3694581280786986,4.06000000000131,1,2023
-1.0,-1.0638569604086852,-1.0,-1.0638569604086852,-1.0,-1.0638569604086852,23.48999999999978,1,2023
-1.0,-1.0638569604086852,-1.0,-1.0638569604086852,-1.0,-1.0638569604086852,23.48999999999978,1,2023
-1.0,-1.4297994269339003,-1.0,-1.4297994269339003,-1.0,-1.4297994269339003,3.4900000000016007,1,2023
-1.0,-1.0374251497005988,0.0,-0.03742514970059887,0.0,-0.03742514970059887,40.07999999999993,1,2023
2.0,1.411764705882185,2.0,1.411764705882185,1.6,1.011764705882185,2.5499999999992724,1,2023
2.0,1.8642533936651495,2.0,1.8642533936651495,1.6,1.4642533936651496,11.049999999999272,-1,2023
-1.0,-1.2884615384614981,-1.0,-1.2884615384614981,-1.0,-1.2884615384614981,5.200000000000728,1,2023
-1.0,-1.2884615384614981,-1.0,-1.2884615384614981,-1.0,-1.2884615384614981,5.200000000000728,1,2023
-1.0,-1.2868068833652246,-1.0,-1.2868068833652246,-1.0,-1.2868068833652246,5.229999999999563,-1,2023
-1.0,-1.2868068833652246,-1.0,-1.2868068833652246,-1.0,-1.2868068833652246,5.229999999999563,-1,2023
-1.0,-1.197889182058002,0.0,-0.1978891820580019,0.0,-0.1978891820580019,7.580000000001746,1,2023
2.0,1.628712871287209,2.0,1.628712871287209,1.6,1.228712871287209,4.040000000000873,-1,2023
2.0,1.628712871287209,2.0,1.628712871287209,1.6,1.228712871287209,4.040000000000873,-1,2023
-1.0,-1.05914826498423,-1.0,-1.05914826498423,-1.0,-1.05914826498423,25.359999999998763,-1,2023
-1.0,-1.098489822718322,0.0,-0.09848982271832193,0.0,-0.09848982271832193,15.229999999999563,1,2023
-1.0,-1.098489822718322,0.0,-0.09848982271832193,0.0,-0.09848982271832193,15.229999999999563,1,2023
-1.0,-1.4322766570603738,0.0,-0.4322766570603737,0.0,-0.4322766570603737,3.470000000001164,1,2023
2.0,1.8922413793103454,2.0,1.8922413793103454,2.0,1.8922413793103454,13.920000000000073,-1,2023
-1.0,-1.2564102564102404,0.0,-0.25641025641024046,0.0,-0.25641025641024046,5.850000000000364,-1,2023
-1.0,-1.1133786848072444,-1.0,-1.1133786848072444,-1.0,-1.1133786848072444,13.230000000001382,1,2023
2.0,1.8638838475499147,2.0,1.8638838475499147,2.0,1.8638838475499147,11.020000000000437,-1,2023
2.0,1.8638838475499147,2.0,1.8638838475499147,2.0,1.8638838475499147,11.020000000000437,-1,2023
-1.0,-1.1269895022011525,-1.0,-1.1269895022011525,-1.0,-1.1269895022011525,11.811999999999898,-1,2023
2.0,1.5901639344262133,2.0,1.5901639344262133,1.6,1.1901639344262134,3.6599999999998545,-1,2023
-1.0,-1.1155624036980007,0.0,-0.1155624036980008,0.0,-0.1155624036980008,12.979999999999563,1,2023
2.0,1.9314128943758542,2.0,1.9314128943758542,2.0,1.9314128943758542,21.86999999999898,1,2023
2.0,1.9314128943758542,2.0,1.9314128943758542,2.0,1.9314128943758542,21.86999999999898,1,2023
2.0,1.9314128943758542,2.0,1.9314128943758542,2.0,1.9314128943758542,21.86999999999898,1,2023
2.0,1.6113989637304456,2.0,1.6113989637304456,1.6,1.2113989637304456,3.859999999998763,-1,2023
-1.0,-1.125313283208008,-1.0,-1.125313283208008,-1.0,-1.125313283208008,11.970000000001164,1,2023
-1.0,-1.0327510917030573,-1.0,-1.0327510917030573,-1.0,-1.0327510917030573,45.79999999999927,-1,2023
-1.0,-1.0327510917030573,-1.0,-1.0327510917030573,-1.0,-1.0327510917030573,45.79999999999927,-1,2023
-1.0,-1.0327510917030573,-1.0,-1.0327510917030573,-1.0,-1.0327510917030573,45.79999999999927,-1,2023
-1.0,-1.0327510917030573,-1.0,-1.0327510917030573,-1.0,-1.0327510917030573,45.79999999999927,-1,2023
2.0,1.82758620689653,2.0,1.82758620689653,1.6,1.4275862068965302,8.699999999998909,1,2023
2.0,1.82758620689653,2.0,1.82758620689653,1.6,1.4275862068965302,8.699999999998909,1,2023
-1.0,-1.2318392581143323,-1.0,-1.2318392581143323,-1.0,-1.2318392581143323,6.470000000001164,-1,2023
-1.0,-1.090090090090092,-1.0,-1.090090090090092,-1.0,-1.090090090090092,16.649999999999636,1,2023
2.0,1.899933288859238,0.0,-0.10006671114076196,0.0,-0.10006671114076196,14.989999999999782,1,2023
2.0,1.9358700299273177,2.0,1.9358700299273177,2.0,1.9358700299273177,23.389999999999418,1,2023
-1.0,-1.1145038167938899,-1.0,-1.1145038167938899,-1.0,-1.1145038167938899,13.100000000000364,-1,2023
-1.0,-1.2161383285302434,-1.0,-1.2161383285302434,-1.0,-1.2161383285302434,6.940000000000509,-1,2023
-1.0,-1.2161383285302434,-1.0,-1.2161383285302434,-1.0,-1.2161383285302434,6.940000000000509,-1,2023
-1.0,-1.3239740820734902,-1.0,-1.3239740820734902,-1.0,-1.3239740820734902,4.6299999999992,-1,2023
-1.0,-1.101488497970238,-1.0,-1.101488497970238,-1.0,-1.101488497970238,14.779999999998836,1,2023
2.0,1.9149659863945638,0.0,-0.08503401360543622,0.0,-0.08503401360543622,17.640000000001237,1,2023
-1.0,-1.8241758241759558,0.0,-0.8241758241759559,0.0,-0.8241758241759559,1.819999999999709,-1,2023
-1.0,-1.0742574257425783,0.0,-0.07425742574257826,0.0,-0.07425742574257826,20.19999999999891,-1,2023
2.0,1.7302158273381931,2.0,1.7302158273381931,2.0,1.7302158273381931,5.56000000000131,1,2023
2.0,1.9445471349353072,2.0,1.9445471349353072,1.6,1.5445471349353073,27.05000000000109,1,2023
-1.0,-1.2212389380531352,0.0,-0.22123893805313533,0.0,-0.22123893805313533,6.779999999998836,1,2023
-1.0,-1.1210653753026691,-1.0,-1.1210653753026691,-1.0,-1.1210653753026691,12.389999999999418,-1,2023
2.0,1.7524752475247316,2.0,1.7524752475247316,1.6,1.3524752475247317,6.059999999999491,1,2023
2.0,1.8872180451127911,0.0,-0.1127819548872088,0.0,-0.1127819548872088,13.300000000001091,-1,2023
-1.0,-1.6465517241375052,-1.0,-1.6465517241375052,-1.0,-1.6465517241375052,2.320000000001528,-1,2023
-1.0,-1.6465517241375052,-1.0,-1.6465517241375052,-1.0,-1.6465517241375052,2.320000000001528,-1,2023
-1.0,-1.6465517241375052,-1.0,-1.6465517241375052,-1.0,-1.6465517241375052,2.320000000001528,-1,2023
-1.0,-1.1006711409395997,-1.0,-1.1006711409395997,-1.0,-1.1006711409395997,14.899999999999636,1,2023
-1.0,-1.0544860152560829,-1.0,-1.0544860152560829,-1.0,-1.0544860152560829,27.530000000000655,1,2023
-1.0,-1.0544860152560829,-1.0,-1.0544860152560829,-1.0,-1.0544860152560829,27.530000000000655,1,2023
-1.0,-1.2186588921283192,0.0,-0.21865889212831932,0.0,-0.21865889212831932,6.859999999998763,-1,2023
-1.0,-1.2186588921283192,0.0,-0.21865889212831932,0.0,-0.21865889212831932,6.859999999998763,-1,2023
-1.0,-1.2362204724409314,-1.0,-1.2362204724409314,-1.0,-1.2362204724409314,6.350000000000364,1,2023
2.0,1.9576868829337082,0.0,-0.04231311706629185,0.0,-0.04231311706629185,35.44999999999891,-1,2023
2.0,1.904458598726108,2.0,1.904458598726108,1.6,1.504458598726108,15.699999999998909,1,2023
2.0,1.904458598726108,2.0,1.904458598726108,1.6,1.504458598726108,15.699999999998909,1,2023
2.0,1.9070055796652154,0.0,-0.09299442033478453,0.0,-0.09299442033478453,16.1299999999992,1,2023
2.0,1.9070055796652154,0.0,-0.09299442033478453,0.0,-0.09299442033478453,16.1299999999992,1,2023
2.0,1.632352941176628,0.0,-0.36764705882337206,0.0,-0.36764705882337206,4.080000000001746,1,2023
-1.0,-1.0203114421123898,-1.0,-1.0203114421123898,-1.0,-1.0203114421123898,73.85000000000036,-1,2023
-1.0,-1.1503307276007342,-1.0,-1.1503307276007342,-1.0,-1.1503307276007342,9.977999999999156,-1,2023
2.0,1.869451697127935,2.0,1.869451697127935,2.0,1.869451697127935,11.489999999999782,1,2023
2.0,1.7819767441860788,0.0,-0.2180232558139212,0.0,-0.2180232558139212,6.880000000001019,1,2023
-1.0,-1.0565824217276494,0.0,-0.056582421727649476,0.0,-0.056582421727649476,26.51000000000022,-1,2023
-1.0,-1.0565824217276494,0.0,-0.056582421727649476,0.0,-0.056582421727649476,26.51000000000022,-1,2023
-1.0,-1.0399254724514244,-1.0,-1.0399254724514244,-1.0,-1.0399254724514244,37.56999999999971,1,2023
-1.0,-1.1235584843492645,-1.0,-1.1235584843492645,-1.0,-1.1235584843492645,12.139999999999418,1,2023
-1.0,-1.4285714285714286,-1.0,-1.4285714285714286,-1.0,-1.4285714285714286,3.5,-1,2023
2.0,1.7386759581881432,2.0,1.7386759581881432,1.6,1.3386759581881433,5.739999999999782,1,2023
2.0,1.8956158663883016,2.0,1.8956158663883016,2.0,1.8956158663883016,14.369999999998981,1,2023
2.0,1.7794117647058587,2.0,1.7794117647058587,2.0,1.7794117647058587,6.799999999999272,-1,2023
2.0,1.8420720151610799,2.0,1.8420720151610799,1.6,1.44207201516108,9.497999999999593,-1,2023
-1.0,-1.375,-1.0,-1.375,-1.0,-1.375,4.0,-1,2023
-1.0,-1.354609929078051,-1.0,-1.354609929078051,-1.0,-1.354609929078051,4.229999999999563,-1,2023
-1.0,-1.225903614457851,-1.0,-1.225903614457851,-1.0,-1.225903614457851,6.639999999999418,1,2023
2.0,1.8530852105778783,2.0,1.8530852105778783,1.6,1.4530852105778784,10.210000000000946,1,2023
-1.0,-1.1918649270913002,-1.0,-1.1918649270913002,-1.0,-1.1918649270913002,7.8180000000011205,1,2023
2.0,1.8776508972267558,0.0,-0.12234910277324415,0.0,-0.12234910277324415,12.260000000000218,-1,2023
-1.0,-1.068405691353521,-1.0,-1.068405691353521,-1.0,-1.068405691353521,21.927999999999884,-1,2023
-1.0,-1.068405691353521,-1.0,-1.068405691353521,-1.0,-1.068405691353521,21.927999999999884,-1,2023
-1.0,-1.2189781021897694,-1.0,-1.2189781021897694,-1.0,-1.2189781021897694,6.850000000000364,-1,2023
-1.0,-1.2189781021897694,-1.0,-1.2189781021897694,-1.0,-1.2189781021897694,6.850000000000364,-1,2023
-1.0,-1.325520833333321,-1.0,-1.325520833333321,-1.0,-1.325520833333321,4.608000000000175,-1,2023
2.0,1.8289623717217873,2.0,1.8289623717217873,1.6,1.4289623717217874,8.770000000000437,1,2023
-1.0,-1.1558927457909058,-1.0,-1.1558927457909058,-1.0,-1.1558927457909058,9.621999999999389,-1,2023
-1.0,-1.1558927457909058,-1.0,-1.1558927457909058,-1.0,-1.1558927457909058,9.621999999999389,-1,2023
2.0,1.7878359264498336,2.0,1.7878359264498336,2.0,1.7878359264498336,7.070000000001528,-1,2023
2.0,1.7878359264498336,2.0,1.7878359264498336,2.0,1.7878359264498336,7.070000000001528,-1,2023
-1.0,-1.4687500000001599,-1.0,-1.4687500000001599,-1.0,-1.4687500000001599,3.1999999999989086,1,2023
-1.0,-1.4687500000001599,-1.0,-1.4687500000001599,-1.0,-1.4687500000001599,3.1999999999989086,1,2023
-1.0,-1.5376344086019822,-1.0,-1.5376344086019822,-1.0,-1.5376344086019822,2.790000000000873,-1,2023
2.0,1.7311827956989212,2.0,1.7311827956989212,1.6,1.3311827956989213,5.579999999999927,1,2023
2.0,1.880095923261393,2.0,1.880095923261393,1.6,1.480095923261393,12.510000000000218,1,2023
-1.0,-1.4966887417217825,0.0,-0.4966887417217825,0.0,-0.4966887417217825,3.0200000000004366,1,2023
2.0,1.7520661157025241,2.0,1.7520661157025241,1.6,1.3520661157025242,6.050000000001091,1,2023
-1.0,-1.0895522388059702,-1.0,-1.0895522388059702,-1.0,-1.0895522388059702,16.75,1,2023
-1.0,-1.1299826689774803,0.0,-0.12998266897748031,0.0,-0.12998266897748031,11.539999999999054,1,2023
2.0,1.880191693290739,2.0,1.880191693290739,1.6,1.480191693290739,12.520000000000437,1,2023
2.0,1.8463114754098395,2.0,1.8463114754098395,2.0,1.8463114754098395,9.760000000000218,-1,2023
2.0,1.9335930582610228,2.0,1.9335930582610228,2.8194085355055867,2.7530015937666095,22.587999999999738,-1,2023
2.0,1.9335930582610228,2.0,1.9335930582610228,2.8194085355055867,2.7530015937666095,22.587999999999738,-1,2023
2.0,1.9335930582610228,2.0,1.9335930582610228,2.8194085355055867,2.7530015937666095,22.587999999999738,-1,2023
-1.0,-1.4573170731706404,-1.0,-1.4573170731706404,-1.0,-1.4573170731706404,3.280000000000655,1,2023
-1.0,-1.2568493150684867,-1.0,-1.2568493150684867,-1.0,-1.2568493150684867,5.8400000000001455,1,2023
2.0,1.8644986449864684,0.0,-0.13550135501353144,0.0,-0.13550135501353144,11.070000000001528,-1,2023
2.0,1.8644986449864684,0.0,-0.13550135501353144,0.0,-0.13550135501353144,11.070000000001528,-1,2023
2.0,1.8644986449864684,0.0,-0.13550135501353144,0.0,-0.13550135501353144,11.070000000001528,-1,2023
-1.0,-1.3211991434689456,-1.0,-1.3211991434689456,-1.0,-1.3211991434689456,4.670000000000073,-1,2023
2.0,1.7126436781608834,2.0,1.7126436781608834,2.0,1.7126436781608834,5.219999999999345,1,2023
-1.0,-1.2054794520548149,0.0,-0.205479452054815,0.0,-0.205479452054815,7.299999999999272,-1,2023
2.0,1.8094027954256864,2.0,1.8094027954256864,1.6,1.4094027954256865,7.8700000000008,1,2023
-1.0,-1.2411575562700514,-1.0,-1.2411575562700514,-1.0,-1.2411575562700514,6.220000000001164,-1,2023
-1.0,-1.2411575562700514,-1.0,-1.2411575562700514,-1.0,-1.2411575562700514,6.220000000001164,-1,2023
-1.0,-1.3529411764705883,0.0,-0.35294117647058826,0.0,-0.35294117647058826,4.25,1,2023
-1.0,-1.125944584382873,-1.0,-1.125944584382873,-1.0,-1.125944584382873,11.909999999999854,1,2023
-1.0,-1.1766784452296866,0.0,-0.1766784452296865,0.0,-0.1766784452296865,8.489999999999782,-1,2023
-1.0,-1.1766784452296866,0.0,-0.1766784452296865,0.0,-0.1766784452296865,8.489999999999782,-1,2023
-1.0,-1.2362204724409314,0.0,-0.23622047244093136,0.0,-0.23622047244093136,6.350000000000364,1,2023
-1.0,-1.2362204724409314,0.0,-0.23622047244093136,0.0,-0.23622047244093136,6.350000000000364,1,2023
-1.0,-1.2362204724409314,0.0,-0.23622047244093136,0.0,-0.23622047244093136,6.350000000000364,1,2023
-1.0,-1.0734214390602046,-1.0,-1.0734214390602046,-1.0,-1.0734214390602046,20.43000000000029,1,2023
-1.0,-1.0943396226415116,-1.0,-1.0943396226415116,-1.0,-1.0943396226415116,15.899999999999636,-1,2023
2.0,1.7211895910781196,2.0,1.7211895910781196,2.0,1.7211895910781196,5.380000000001019,-1,2023
2.0,1.819059107358282,0.0,-0.18094089264171798,0.0,-0.18094089264171798,8.290000000000873,1,2023
-1.0,-1.1371115173674524,-1.0,-1.1371115173674524,-1.0,-1.1371115173674524,10.94000000000051,-1,2023
-1.0,-1.1371115173674524,-1.0,-1.1371115173674524,-1.0,-1.1371115173674524,10.94000000000051,-1,2023
-1.0,-1.313152400835135,-1.0,-1.313152400835135,-1.0,-1.313152400835135,4.789999999999054,1,2023
-1.0,-1.313152400835135,-1.0,-1.313152400835135,-1.0,-1.313152400835135,4.789999999999054,1,2023
-1.0,-1.2318392581143975,-1.0,-1.2318392581143975,-1.0,-1.2318392581143975,6.469999999999345,-1,2023
-1.0,-1.6550218340608858,-1.0,-1.6550218340608858,-1.0,-1.6550218340608858,2.290000000000873,1,2023
2.0,1.6794871794871995,2.0,1.6794871794871995,1.6,1.2794871794871996,4.680000000000291,-1,2023
2.0,1.7277676950998293,2.0,1.7277676950998293,1.6,1.3277676950998294,5.510000000000218,1,2023
-1.0,-1.4761904761905311,-1.0,-1.4761904761905311,-1.0,-1.4761904761905311,3.149999999999636,1,2023
2.0,1.48096885813171,0.0,-0.5190311418682899,0.0,-0.5190311418682899,2.890000000001237,1,2023
-1.0,-1.3937007874014395,-1.0,-1.3937007874014395,-1.0,-1.3937007874014395,3.8100000000013097,-1,2023
-1.0,-1.4237288135592174,-1.0,-1.4237288135592174,-1.0,-1.4237288135592174,3.540000000000873,-1,2023
-1.0,-1.535714285714425,-1.0,-1.535714285714425,-1.0,-1.535714285714425,2.7999999999992724,-1,2023
-1.0,-1.1048951048950968,-1.0,-1.1048951048950968,-1.0,-1.1048951048950968,14.300000000001091,1,2023
2.0,1.6848739495798464,2.0,1.6848739495798464,2.0,1.6848739495798464,4.760000000000218,1,2023
2.0,1.6848739495798464,2.0,1.6848739495798464,2.0,1.6848739495798464,4.760000000000218,1,2023
2.0,1.5114006514660412,2.0,1.5114006514660412,2.0,1.5114006514660412,3.070000000001528,-1,2023
-1.0,-1.1466275659823848,0.0,-0.14662756598238488,0.0,-0.14662756598238488,10.230000000001382,-1,2023
-1.0,-1.1945525291828556,-1.0,-1.1945525291828556,-1.0,-1.1945525291828556,7.710000000000946,1,2023
-1.0,-1.3926701570680926,-1.0,-1.3926701570680926,-1.0,-1.3926701570680926,3.819999999999709,-1,2023
-1.0,-1.2626970227671155,-1.0,-1.2626970227671155,-1.0,-1.2626970227671155,5.709999999999127,-1,2023
-1.0,-1.2626970227671155,-1.0,-1.2626970227671155,-1.0,-1.2626970227671155,5.709999999999127,-1,2023
-1.0,-1.7042253521129407,0.0,-0.7042253521129407,0.0,-0.7042253521129407,2.1299999999991996,1,2023
-1.0,-1.7042253521129407,0.0,-0.7042253521129407,0.0,-0.7042253521129407,2.1299999999991996,1,2023
-1.0,-1.9868421052628744,-1.0,-1.9868421052628744,-1.0,-1.9868421052628744,1.5200000000004366,-1,2023
-1.0,-1.9868421052628744,-1.0,-1.9868421052628744,-1.0,-1.9868421052628744,1.5200000000004366,-1,2023
2.0,1.7933884297520724,0.0,-0.20661157024792767,0.0,-0.20661157024792767,7.260000000000218,1,2023
-1.0,-1.1424501424501337,-1.0,-1.1424501424501337,-1.0,-1.1424501424501337,10.530000000000655,-1,2023
-1.0,-1.3340757238307512,-1.0,-1.3340757238307512,-1.0,-1.3340757238307512,4.489999999999782,-1,2023
-1.0,-2.171875000001066,-1.0,-2.171875000001066,-1.0,-2.171875000001066,1.2799999999988358,1,2023
-1.0,-1.1530612244898073,-1.0,-1.1530612244898073,-1.0,-1.1530612244898073,9.799999999999272,1,2023
-1.0,-1.2442996742670518,0.0,-0.24429967426705176,0.0,-0.24429967426705176,6.140000000001237,-1,2023
-1.0,-1.376884422110594,0.0,-0.3768844221105941,0.0,-0.3768844221105941,3.9799999999995634,1,2023
2.0,1.5440729483281364,2.0,1.5440729483281364,1.6,1.1440729483281364,3.289999999999054,-1,2023
2.0,1.5689655172413253,2.0,1.5689655172413253,1.6,1.1689655172413254,3.4799999999995634,-1,2023
2.0,1.851485148514857,0.0,-0.14851485148514318,0.0,-0.14851485148514318,10.100000000000364,1,2023
-1.0,-1.1364877161055307,0.0,-0.13648771610553062,0.0,-0.13648771610553062,10.9900000000016,1,2023
2.0,1.8926270579813838,2.0,1.8926270579813838,2.0,1.8926270579813838,13.969999999999345,-1,2023
2.0,1.8926270579813838,2.0,1.8926270579813838,2.0,1.8926270579813838,13.969999999999345,-1,2023
-1.0,-1.1564129301355555,0.0,-0.1564129301355555,0.0,-0.1564129301355555,9.590000000000146,-1,2023
-1.0,-1.1564129301355555,0.0,-0.1564129301355555,0.0,-0.1564129301355555,9.590000000000146,-1,2023
-1.0,-1.1564129301355555,0.0,-0.1564129301355555,0.0,-0.1564129301355555,9.590000000000146,-1,2023
-1.0,-1.1564129301355555,0.0,-0.1564129301355555,0.0,-0.1564129301355555,9.590000000000146,-1,2023
-1.0,-1.1564129301355555,0.0,-0.1564129301355555,0.0,-0.1564129301355555,9.590000000000146,-1,2023
-1.0,-1.1564129301355555,0.0,-0.1564129301355555,0.0,-0.1564129301355555,9.590000000000146,-1,2023
2.0,1.779735682819367,2.0,1.779735682819367,1.6,1.379735682819367,6.809999999999491,-1,2023
-1.0,-1.2329192546583667,-1.0,-1.2329192546583667,-1.0,-1.2329192546583667,6.440000000000509,1,2023
-1.0,-1.3260869565217133,-1.0,-1.3260869565217133,-1.0,-1.3260869565217133,4.600000000000364,1,2023
2.0,1.4623655913980178,0.0,-0.5376344086019823,0.0,-0.5376344086019823,2.790000000000873,1,2023
2.0,1.402390438247064,0.0,-0.5976095617529361,0.0,-0.5976095617529361,2.5100000000002183,-1,2023
-1.0,-1.3937007874016274,-1.0,-1.3937007874016274,-1.0,-1.3937007874016274,3.8099999999994907,-1,2023
-1.0,-1.3937007874016274,-1.0,-1.3937007874016274,-1.0,-1.3937007874016274,3.8099999999994907,-1,2023
2.0,1.8574144486692075,2.0,1.8574144486692075,2.0,1.8574144486692075,10.520000000000437,-1,2023
-1.0,-1.5050505050503071,-1.0,-1.5050505050503071,-1.0,-1.5050505050503071,2.970000000001164,1,2023
2.0,1.672489082969427,0.0,-0.3275109170305729,0.0,-0.3275109170305729,4.579999999999927,-1,2023
2.0,1.672489082969427,0.0,-0.3275109170305729,0.0,-0.3275109170305729,4.579999999999927,-1,2023
2.0,1.085365853658212,2.0,1.085365853658212,1.6,0.685365853658212,1.639999999999418,1,2023
-1.0,-1.2590673575129956,-1.0,-1.2590673575129956,-1.0,-1.2590673575129956,5.789999999999054,1,2023
-1.0,-1.4885993485342484,0.0,-0.4885993485342483,0.0,-0.4885993485342483,3.069999999999709,-1,2023
-1.0,-1.188442211055297,-1.0,-1.188442211055297,-1.0,-1.188442211055297,7.959999999999127,1,2023
-1.0,-1.0407497962510193,0.0,-0.04074979625101931,0.0,-0.04074979625101931,36.80999999999949,1,2023
2.0,1.8510722795869756,2.0,1.8510722795869756,2.0,1.8510722795869756,10.072000000000116,-1,2023
2.0,1.8510722795869756,2.0,1.8510722795869756,2.0,1.8510722795869756,10.072000000000116,-1,2023
-1.0,-1.2086230876217348,-1.0,-1.2086230876217348,-1.0,-1.2086230876217348,7.18999999999869,-1,2023
-1.0,-1.3605769230769358,-1.0,-1.3605769230769358,-1.0,-1.3605769230769358,4.1599999999998545,1,2023
-1.0,-1.4385964912280609,0.0,-0.4385964912280608,0.0,-0.4385964912280608,3.4200000000000728,1,2023
-1.0,-1.4385964912280609,0.0,-0.4385964912280608,0.0,-0.4385964912280608,3.4200000000000728,1,2023
-1.0,-1.125418060200678,-1.0,-1.125418060200678,-1.0,-1.125418060200678,11.959999999999127,-1,2023
2.0,1.4339622641508658,2.0,1.4339622641508658,1.6,1.033962264150866,2.649999999999636,1,2023
2.0,1.4339622641508658,2.0,1.4339622641508658,1.6,1.033962264150866,2.649999999999636,1,2023
-1.0,-1.297029702970233,-1.0,-1.297029702970233,-1.0,-1.297029702970233,5.050000000001091,-1,2023
-1.0,-1.0870069605568458,-1.0,-1.0870069605568458,-1.0,-1.0870069605568458,17.23999999999978,-1,2023
-1.0,-1.493421052631437,-1.0,-1.493421052631437,-1.0,-1.493421052631437,3.040000000000873,1,2023
-1.0,-1.1865671641791264,-1.0,-1.1865671641791264,-1.0,-1.1865671641791264,8.039999999999054,1,2023
-1.0,-1.2286585365853835,-1.0,-1.2286585365853835,-1.0,-1.2286585365853835,6.559999999999491,1,2023
-1.0,-1.7142857142855905,-1.0,-1.7142857142855905,-1.0,-1.7142857142855905,2.100000000000364,1,2023
-1.0,-1.7142857142855905,-1.0,-1.7142857142855905,-1.0,-1.7142857142855905,2.100000000000364,1,2023
-1.0,-1.7142857142855905,-1.0,-1.7142857142855905,-1.0,-1.7142857142855905,2.100000000000364,1,2023
2.0,1.479166666666522,0.0,-0.520833333333478,0.0,-0.520833333333478,2.8799999999991996,-1,2023
-1.0,-1.356294536817022,-1.0,-1.356294536817022,-1.0,-1.356294536817022,4.210000000000946,-1,2023
2.0,1.7913769123783179,2.0,1.7913769123783179,2.0,1.7913769123783179,7.190000000000509,1,2023
-1.0,-1.185873605947962,0.0,-0.1858736059479621,0.0,-0.1858736059479621,8.069999999999709,-1,2023
-1.0,-1.185873605947962,0.0,-0.1858736059479621,0.0,-0.1858736059479621,8.069999999999709,-1,2023
-1.0,-1.0914634146341484,-1.0,-1.0914634146341484,-1.0,-1.0914634146341484,16.399999999999636,-1,2023
-1.0,-1.0914634146341484,-1.0,-1.0914634146341484,-1.0,-1.0914634146341484,16.399999999999636,-1,2023
-1.0,-2.190476190475984,-1.0,-2.190476190475984,-1.0,-2.190476190475984,1.2600000000002183,1,2023
-1.0,-1.1863354037267249,0.0,-0.1863354037267249,0.0,-0.1863354037267249,8.049999999999272,1,2023
-1.0,-1.4792332268369046,-1.0,-1.4792332268369046,-1.0,-1.4792332268369046,3.1300000000010186,-1,2023
-1.0,-1.5494505494506372,-1.0,-1.5494505494506372,-1.0,-1.5494505494506372,2.7299999999995634,1,2023
-1.0,-1.7894736842106775,0.0,-0.7894736842106774,0.0,-0.7894736842106774,1.8999999999996362,-1,2023
-1.0,-1.7894736842106775,0.0,-0.7894736842106774,0.0,-0.7894736842106774,1.8999999999996362,-1,2023
-1.0,-1.0630252100840307,-1.0,-1.0630252100840307,-1.0,-1.0630252100840307,23.80000000000109,-1,2023
2.0,1.4485294117645733,2.0,1.4485294117645733,1.6,1.0485294117645734,2.719999999999345,-1,2023
-1.0,-1.3325942350332434,-1.0,-1.3325942350332434,-1.0,-1.3325942350332434,4.510000000000218,-1,2023
-1.0,-1.173010380622836,-1.0,-1.173010380622836,-1.0,-1.173010380622836,8.670000000000073,1,2023
-1.0,-1.4464285714284941,-1.0,-1.4464285714284941,-1.0,-1.4464285714284941,3.360000000000582,1,2023
2.0,1.7189958786063015,2.0,1.7189958786063015,2.0,1.7189958786063015,5.338000000001557,-1,2023
2.0,1.7189958786063015,2.0,1.7189958786063015,2.0,1.7189958786063015,5.338000000001557,-1,2023
2.0,1.7391304347826086,2.0,1.7391304347826086,2.0,1.7391304347826086,5.75,1,2023
2.0,1.82694970004614,2.0,1.82694970004614,1.6,1.4269497000461402,8.667999999999665,-1,2023
-1.0,-1.1829268292682764,-1.0,-1.1829268292682764,-1.0,-1.1829268292682764,8.200000000000728,-1,2023
-1.0,-1.742574257425582,-1.0,-1.742574257425582,-1.0,-1.742574257425582,2.0200000000004366,1,2023
-1.0,-1.2066115702479276,-1.0,-1.2066115702479276,-1.0,-1.2066115702479276,7.260000000000218,1,2023
-1.0,-1.2066115702479276,-1.0,-1.2066115702479276,-1.0,-1.2066115702479276,7.260000000000218,1,2023
2.0,1.8234878795010505,0.0,-0.1765121204989494,0.0,-0.1765121204989494,8.497999999999593,-1,2023
-1.0,-1.3480278422274194,-1.0,-1.3480278422274194,-1.0,-1.3480278422274194,4.309999999999491,-1,2023
2.0,1.6801705756929985,2.0,1.6801705756929985,2.0,1.6801705756929985,4.690000000000509,1,2023
-1.0,-1.6912442396313132,0.0,-0.6912442396313132,0.0,-0.6912442396313132,2.1700000000000728,1,2023
-1.0,-1.495049504950388,-1.0,-1.495049504950388,-1.0,-1.495049504950388,3.030000000000655,-1,2023
2.0,1.651162790697763,2.0,1.651162790697763,1.6,1.2511627906977631,4.300000000001091,-1,2023
-1.0,-2.0135135135138125,-1.0,-2.0135135135138125,-1.0,-2.0135135135138125,1.4799999999995634,1,2023
2.0,1.2105263157893225,2.0,1.2105263157893225,1.6,0.8105263157893227,1.8999999999996362,-1,2023
2.0,1.7201492537313736,2.0,1.7201492537313736,1.6,1.3201492537313737,5.360000000000582,1,2023
2.0,1.7201492537313736,2.0,1.7201492537313736,1.6,1.3201492537313737,5.360000000000582,1,2023
-1.0,-1.3340757238307512,-1.0,-1.3340757238307512,-1.0,-1.3340757238307512,4.489999999999782,1,2023
-1.0,-1.3340757238307512,-1.0,-1.3340757238307512,-1.0,-1.3340757238307512,4.489999999999782,1,2023
-1.0,-1.3660322108345573,-1.0,-1.3660322108345573,-1.0,-1.3660322108345573,4.097999999999956,-1,2023
-1.0,-1.3660322108345573,-1.0,-1.3660322108345573,-1.0,-1.3660322108345573,4.097999999999956,-1,2023
2.0,1.4565217391304777,0.0,-0.5434782608695222,0.0,-0.5434782608695222,2.7600000000002183,1,2023
-1.0,-1.2058177826564083,-1.0,-1.2058177826564083,-1.0,-1.2058177826564083,7.288000000000466,1,2023
2.0,1.473684210526383,2.0,1.473684210526383,1.6,1.073684210526383,2.850000000000364,-1,2023
-1.0,-1.3370786516853381,0.0,-0.3370786516853381,0.0,-0.3370786516853381,4.450000000000728,1,2023
-1.0,-1.2542372881355306,-1.0,-1.2542372881355306,-1.0,-1.2542372881355306,5.900000000001455,-1,2023
2.0,1.901367701209893,0.0,-0.09863229879010697,0.0,-0.09863229879010697,15.208000000000538,-1,2023
-1.0,-1.3937007874014395,-1.0,-1.3937007874014395,-1.0,-1.3937007874014395,3.8100000000013097,-1,2023
-1.0,-1.1116237535347513,-1.0,-1.1116237535347513,-1.0,-1.1116237535347513,13.438000000000102,1,2023
-1.0,-1.3144654088051226,-1.0,-1.3144654088051226,-1.0,-1.3144654088051226,4.769999999998618,-1,2023
-1.0,-1.3144654088051226,-1.0,-1.3144654088051226,-1.0,-1.3144654088051226,4.769999999998618,-1,2023
2.0,1.7076023391813446,0.0,-0.29239766081865537,0.0,-0.29239766081865537,5.130000000001019,-1,2023
-1.0,-1.0666666666666667,-1.0,-1.0666666666666667,-1.0,-1.0666666666666667,22.5,1,2023
-1.0,-1.0666666666666667,-1.0,-1.0666666666666667,-1.0,-1.0666666666666667,22.5,1,2023
2.0,1.1428571428571428,2.0,1.1428571428571428,1.6,0.742857142857143,1.75,1,2023
2.0,1.9342105263157874,2.0,1.9342105263157874,2.0,1.9342105263157874,22.799999999999272,1,2023
2.0,1.9342105263157874,2.0,1.9342105263157874,2.0,1.9342105263157874,22.799999999999272,1,2023
-1.0,-1.462962962962994,-1.0,-1.462962962962994,-1.0,-1.462962962962994,3.2399999999997817,1,2023
2.0,1.7053045186640556,0.0,-0.2946954813359444,0.0,-0.2946954813359444,5.0900000000001455,-1,2023
-1.0,-1.3191489361702868,-1.0,-1.3191489361702868,-1.0,-1.3191489361702868,4.699999999998909,-1,2023
2.0,1.7659906396255798,2.0,1.7659906396255798,1.6,1.3659906396255799,6.4099999999998545,1,2023
-1.0,-1.1877346683354244,-1.0,-1.1877346683354244,-1.0,-1.1877346683354244,7.989999999999782,1,2023
-1.0,-1.1330967169476436,-1.0,-1.1330967169476436,-1.0,-1.1330967169476436,11.270000000000437,1,2023
-1.0,-1.1330967169476436,-1.0,-1.1330967169476436,-1.0,-1.1330967169476436,11.270000000000437,1,2023
-1.0,-1.143568147013803,-1.0,-1.143568147013803,-1.0,-1.143568147013803,10.447999999998501,-1,2023
2.0,1.4773519163764524,2.0,1.4773519163764524,1.6,1.0773519163764524,2.8700000000008004,-1,2023
2.0,1.4773519163764524,2.0,1.4773519163764524,1.6,1.0773519163764524,2.8700000000008004,-1,2023
-1.0,-1.4966887417217825,0.0,-0.4966887417217825,0.0,-0.4966887417217825,3.0200000000004366,1,2023
-1.0,-1.0935162094763042,-1.0,-1.0935162094763042,-1.0,-1.0935162094763042,16.040000000000873,-1,2023
-1.0,-1.0935162094763042,-1.0,-1.0935162094763042,-1.0,-1.0935162094763042,16.040000000000873,-1,2023
-1.0,-1.0935162094763042,-1.0,-1.0935162094763042,-1.0,-1.0935162094763042,16.040000000000873,-1,2023
2.0,1.222797927461257,2.0,1.222797927461257,1.6,0.8227979274612572,1.930000000000291,-1,2023
-1.0,-1.247116968698529,-1.0,-1.247116968698529,-1.0,-1.247116968698529,6.069999999999709,1,2023
-1.0,-1.247116968698529,-1.0,-1.247116968698529,-1.0,-1.247116968698529,6.069999999999709,1,2023
-1.0,-1.146341463414634,-1.0,-1.146341463414634,-1.0,-1.146341463414634,10.25,1,2023
-1.0,-1.0528578476284434,-1.0,-1.0528578476284434,-1.0,-1.0528578476284434,28.37800000000061,-1,2023
-1.0,-1.2199413489736164,0.0,-0.21994134897361642,0.0,-0.21994134897361642,6.819999999999709,-1,2023
-1.0,-1.2976190476191034,-1.0,-1.2976190476191034,-1.0,-1.2976190476191034,5.039999999999054,-1,2023
-1.0,-1.112612612612615,-1.0,-1.112612612612615,-1.0,-1.112612612612615,13.319999999999709,1,2023
-1.0,-1.2103786816268984,-1.0,-1.2103786816268984,-1.0,-1.2103786816268984,7.130000000001019,-1,2023
-1.0,-1.6578947368419163,0.0,-0.6578947368419163,0.0,-0.6578947368419163,2.280000000000655,1,2023
-1.0,-1.6578947368419163,0.0,-0.6578947368419163,0.0,-0.6578947368419163,2.280000000000655,1,2023
-1.0,-1.1873126873126918,-1.0,-1.1873126873126918,-1.0,-1.1873126873126918,8.00799999999981,-1,2023
-1.0,-1.0881937911571036,-1.0,-1.0881937911571036,-1.0,-1.0881937911571036,17.00799999999981,-1,2023
2.0,1.5867768595042482,2.0,1.5867768595042482,1.6,1.1867768595042483,3.6300000000010186,-1,2023
-1.0,-1.1535312180143227,-1.0,-1.1535312180143227,-1.0,-1.1535312180143227,9.770000000000437,-1,2023
2.0,1.7918978912319274,2.0,1.7918978912319274,2.0,1.7918978912319274,7.207999999998719,-1,2023
2.0,1.7918978912319274,2.0,1.7918978912319274,2.0,1.7918978912319274,7.207999999998719,-1,2023
2.0,1.7918978912319274,2.0,1.7918978912319274,2.0,1.7918978912319274,7.207999999998719,-1,2023
-1.0,-1.3807106598986036,0.0,-0.3807106598986037,0.0,-0.3807106598986037,3.9399999999986903,1,2023
-1.0,-1.438596491228294,0.0,-0.43859649122829414,0.0,-0.43859649122829414,3.4199999999982538,-1,2023
2.0,1.5726495726495993,0.0,-0.4273504273504008,0.0,-0.4273504273504008,3.5100000000002183,1,2023
-1.0,-1.3678273663561002,0.0,-0.3678273663561002,0.0,-0.3678273663561002,4.07799999999952,-1,2023
-1.0,-1.3678273663561002,0.0,-0.3678273663561002,0.0,-0.3678273663561002,4.07799999999952,-1,2023
-1.0,-1.1811594202898805,-1.0,-1.1811594202898805,-1.0,-1.1811594202898805,8.279999999998836,1,2023
-1.0,-1.0739280433711156,0.0,-0.0739280433711156,0.0,-0.0739280433711156,20.290000000000873,1,2023
-1.0,-1.4761904761902562,-1.0,-1.4761904761902562,-1.0,-1.4761904761902562,3.150000000001455,1,2023
-1.0,-1.3949447077408452,-1.0,-1.3949447077408452,-1.0,-1.3949447077408452,3.798000000000684,-1,2023
-1.0,-1.3916449086161955,-1.0,-1.3916449086161955,-1.0,-1.3916449086161955,3.8299999999999272,1,2023
-1.0,-1.4054054054053258,0.0,-0.40540540540532566,0.0,-0.40540540540532566,3.7000000000007276,1,2023
-1.0,-2.0416666666662984,-1.0,-2.0416666666662984,-1.0,-2.0416666666662984,1.4400000000005093,1,2023
-1.0,-1.1533742331288241,-1.0,-1.1533742331288241,-1.0,-1.1533742331288241,9.780000000000655,-1,2023
2.0,1.8743718592964687,2.0,1.8743718592964687,2.0,1.8743718592964687,11.93999999999869,1,2023
2.0,1.8743718592964687,2.0,1.8743718592964687,2.0,1.8743718592964687,11.93999999999869,1,2023
-1.0,-1.1102941176470558,-1.0,-1.1102941176470558,-1.0,-1.1102941176470558,13.600000000000364,-1,2023
-1.0,-1.491803278688642,-1.0,-1.491803278688642,-1.0,-1.491803278688642,3.0499999999992724,-1,2023
-1.0,-1.491803278688642,-1.0,-1.491803278688642,-1.0,-1.491803278688642,3.0499999999992724,-1,2023
2.0,1.246231155778812,2.0,1.246231155778812,1.6,0.8462311557788119,1.9899999999997817,-1,2023
2.0,1.4230769230770037,2.0,1.4230769230770037,1.6,1.0230769230770038,2.600000000000364,-1,2023
2.0,1.9203398831651617,2.0,1.9203398831651617,2.0,1.9203398831651617,18.829999999999927,-1,2023
-1.0,-1.3978779840848345,0.0,-0.39787798408483455,0.0,-0.39787798408483455,3.7700000000004366,-1,2023
-1.0,-1.3978779840848345,0.0,-0.39787798408483455,0.0,-0.39787798408483455,3.7700000000004366,-1,2023
2.0,1.8233215547703514,2.0,1.8233215547703514,2.0,1.8233215547703514,8.4900000000016,-1,2023
-1.0,-1.0893921334922492,-1.0,-1.0893921334922492,-1.0,-1.0893921334922492,16.780000000000655,-1,2023
-1.0,-1.742574257425582,-1.0,-1.742574257425582,-1.0,-1.742574257425582,2.0200000000004366,-1,2023
-1.0,-1.1953125000000389,-1.0,-1.1953125000000389,-1.0,-1.1953125000000389,7.679999999998472,1,2023
-1.0,-1.7978723404258716,-1.0,-1.7978723404258716,-1.0,-1.7978723404258716,1.8799999999991996,-1,2023
-1.0,-1.4615384615384617,-1.0,-1.4615384615384617,-1.0,-1.4615384615384617,3.25,1,2023
2.0,1.8949579831932821,2.0,1.8949579831932821,2.0,1.8949579831932821,14.280000000000655,1,2023
2.0,1.8949579831932821,2.0,1.8949579831932821,2.0,1.8949579831932821,14.280000000000655,1,2023
2.0,1.222797927461257,2.0,1.222797927461257,2.0,1.222797927461257,1.930000000000291,1,2023
-1.0,-1.1865671641790843,0.0,-0.18656716417908423,0.0,-0.18656716417908423,8.040000000000873,-1,2023
-1.0,-1.134168157423968,-1.0,-1.134168157423968,-1.0,-1.134168157423968,11.180000000000291,1,2023
2.0,1.6753246753246036,2.0,1.6753246753246036,1.6,1.2753246753246037,4.619999999998981,1,2023
-1.0,-1.52966101694909,-1.0,-1.52966101694909,-1.0,-1.52966101694909,2.8320000000003347,-1,2023
2.0,1.8094027954256864,2.0,1.8094027954256864,1.6,1.4094027954256865,7.8700000000008,-1,2023
2.0,1.8320268756998934,2.0,1.8320268756998934,1.6,1.4320268756998935,8.930000000000291,1,2023
2.0,1.9577345731191882,2.0,1.9577345731191882,2.0,1.9577345731191882,35.48999999999978,-1,2023
2.0,1.6173469387755173,2.0,1.6173469387755173,4.940816326530528,4.558163265306045,3.9200000000000728,1,2023
-1.0,-1.3370786516854758,0.0,-0.3370786516854759,0.0,-0.3370786516854759,4.449999999998909,1,2023
-1.0,-1.3370786516854758,0.0,-0.3370786516854759,0.0,-0.3370786516854759,4.449999999998909,1,2023
-1.0,-1.1827040194884482,-1.0,-1.1827040194884482,-1.0,-1.1827040194884482,8.209999999999127,1,2023
-1.0,-1.1827040194884482,-1.0,-1.1827040194884482,-1.0,-1.1827040194884482,8.209999999999127,1,2023
-1.0,-1.2209131075110173,-1.0,-1.2209131075110173,-1.0,-1.2209131075110173,6.790000000000873,1,2023
-1.0,-1.3472222222222456,0.0,-0.34722222222224564,0.0,-0.34722222222224564,4.319999999999709,-1,2023
-1.0,-1.3472222222222456,0.0,-0.34722222222224564,0.0,-0.34722222222224564,4.319999999999709,-1,2023
-1.0,-1.6048387096770822,-1.0,-1.6048387096770822,-1.0,-1.6048387096770822,2.4800000000013824,1,2023
-1.0,-1.3205128205128005,0.0,-0.32051282051280056,0.0,-0.32051282051280056,4.680000000000291,1,2023
2.0,1.8214285714285636,2.0,1.8214285714285636,1.6,1.4214285714285637,8.399999999999636,-1,2023
2.0,1.8214285714285636,2.0,1.8214285714285636,1.6,1.4214285714285637,8.399999999999636,-1,2023
2.0,1.8214285714285636,2.0,1.8214285714285636,1.6,1.4214285714285637,8.399999999999636,-1,2023
2.0,1.8214285714285636,2.0,1.8214285714285636,1.6,1.4214285714285637,8.399999999999636,-1,2023
2.0,1.954434993924666,2.0,1.954434993924666,2.0,1.954434993924666,32.92000000000007,1,2023
2.0,1.954434993924666,2.0,1.954434993924666,2.0,1.954434993924666,32.92000000000007,1,2023
2.0,1.954434993924666,2.0,1.954434993924666,2.0,1.954434993924666,32.92000000000007,1,2023
-1.0,-1.2824858757062418,-1.0,-1.2824858757062418,-1.0,-1.2824858757062418,5.309999999999491,1,2023
-1.0,-1.663716814159228,-1.0,-1.663716814159228,-1.0,-1.663716814159228,2.2600000000002183,1,2023
-1.0,-1.5140507196710664,-1.0,-1.5140507196710664,-1.0,-1.5140507196710664,2.9179999999996653,1,2023
-1.0,-1.15,-1.0,-1.15,-1.0,-1.15,10.0,1,2023
-1.0,-1.4189944134078298,-1.0,-1.4189944134078298,-1.0,-1.4189944134078298,3.5799999999999272,1,2023
-1.0,-1.4189944134078298,-1.0,-1.4189944134078298,-1.0,-1.4189944134078298,3.5799999999999272,1,2023
2.0,1.824970828471406,2.0,1.824970828471406,1.6,1.424970828471406,8.569999999999709,-1,2023
-1.0,-1.2077562326869995,-1.0,-1.2077562326869995,-1.0,-1.2077562326869995,7.219999999999345,1,2023
-1.0,-1.048343431739074,-1.0,-1.048343431739074,-1.0,-1.048343431739074,31.028000000000247,-1,2023
2.0,1.7716894977168849,2.0,1.7716894977168849,1.6,1.371689497716885,6.569999999999709,-1,2023
-1.0,-1.3061224489796146,0.0,-0.30612244897961455,0.0,-0.30612244897961455,4.899999999999636,-1,2023
-1.0,-1.158227848101273,-1.0,-1.158227848101273,-1.0,-1.158227848101273,9.479999999999563,1,2023
2.0,1.5967741935483162,2.0,1.5967741935483162,1.6,1.1967741935483163,3.719999999999345,-1,2023
-1.0,-1.2232142857143073,-1.0,-1.2232142857143073,-1.0,-1.2232142857143073,6.719999999999345,-1,2023
-1.0,-1.1002004008015953,-1.0,-1.1002004008015953,-1.0,-1.1002004008015953,14.970000000001164,1,2023
-1.0,-1.0895522388059702,-1.0,-1.0895522388059702,-1.0,-1.0895522388059702,16.75,-1,2023
-1.0,-1.190355329949258,-1.0,-1.190355329949258,-1.0,-1.190355329949258,7.8799999999992,1,2023
-1.0,-1.4043126684635088,0.0,-0.4043126684635088,0.0,-0.4043126684635088,3.710000000000946,1,2023
2.0,1.841772151898727,2.0,1.841772151898727,1.6,1.441772151898727,9.479999999999563,1,2023
2.0,1.841772151898727,2.0,1.841772151898727,1.6,1.441772151898727,9.479999999999563,1,2023
-1.0,-1.040827436037017,0.0,-0.04082743603701712,0.0,-0.04082743603701712,36.73999999999978,-1,2023
-1.0,-1.040827436037017,0.0,-0.04082743603701712,0.0,-0.04082743603701712,36.73999999999978,-1,2023
-1.0,-1.3253796095444275,0.0,-0.32537960954442746,0.0,-0.32537960954442746,4.610000000000582,1,2023
-1.0,-1.1829268292682764,-1.0,-1.1829268292682764,-1.0,-1.1829268292682764,8.200000000000728,-1,2023
-1.0,-1.1307759372275576,-1.0,-1.1307759372275576,-1.0,-1.1307759372275576,11.469999999999345,1,2023
-1.0,-1.1307759372275576,-1.0,-1.1307759372275576,-1.0,-1.1307759372275576,11.469999999999345,1,2023
-1.0,-1.1307759372275576,-1.0,-1.1307759372275576,-1.0,-1.1307759372275576,11.469999999999345,1,2023
-1.0,-1.0965872504829435,-1.0,-1.0965872504829435,-1.0,-1.0965872504829435,15.529999999998836,-1,2023
-1.0,-1.0965872504829435,-1.0,-1.0965872504829435,-1.0,-1.0965872504829435,15.529999999998836,-1,2023
-1.0,-1.0965872504829435,-1.0,-1.0965872504829435,-1.0,-1.0965872504829435,15.529999999998836,-1,2023
-1.0,-1.0965872504829435,-1.0,-1.0965872504829435,-1.0,-1.0965872504829435,15.529999999998836,-1,2023
-1.0,-1.2092050209204999,-1.0,-1.2092050209204999,-1.0,-1.2092050209204999,7.170000000000073,1,2023
2.0,1.9155405405405417,2.0,1.9155405405405417,1.6,1.5155405405405418,17.76000000000022,-1,2023
2.0,1.9155405405405417,2.0,1.9155405405405417,1.6,1.5155405405405418,17.76000000000022,-1,2023
2.0,1.9155405405405417,2.0,1.9155405405405417,1.6,1.5155405405405418,17.76000000000022,-1,2023
2.0,1.9155405405405417,2.0,1.9155405405405417,1.6,1.5155405405405418,17.76000000000022,-1,2023
-1.0,-1.0804721030042865,-1.0,-1.0804721030042865,-1.0,-1.0804721030042865,18.640000000001237,-1,2023
-1.0,-1.1094890510948847,0.0,-0.1094890510948847,0.0,-0.1094890510948847,13.700000000000728,1,2023
2.0,1.575070821529824,0.0,-0.42492917847017614,0.0,-0.42492917847017614,3.530000000000655,1,2023
2.0,1.9668596173390487,2.0,1.9668596173390487,2.0,1.9668596173390487,45.262000000000626,1,2023
2.0,1.9668596173390487,2.0,1.9668596173390487,2.0,1.9668596173390487,45.262000000000626,1,2023
2.0,1.9270782693242576,2.0,1.9270782693242576,2.0,1.9270782693242576,20.56999999999971,-1,2023
2.0,1.9270782693242576,2.0,1.9270782693242576,2.0,1.9270782693242576,20.56999999999971,-1,2023
2.0,1.8405951115834194,2.0,1.8405951115834194,1.6,1.4405951115834195,9.409999999999854,-1,2023
2.0,1.755301794453548,2.0,1.755301794453548,1.6,1.3553017944535481,6.130000000001019,1,2023
2.0,1.755301794453548,2.0,1.755301794453548,1.6,1.3553017944535481,6.130000000001019,1,2023
2.0,1.755301794453548,2.0,1.755301794453548,1.6,1.3553017944535481,6.130000000001019,1,2023
2.0,1.755301794453548,2.0,1.755301794453548,1.6,1.3553017944535481,6.130000000001019,1,2023
-1.0,-1.083845723868077,-1.0,-1.083845723868077,-1.0,-1.083845723868077,17.890000000001237,1,2023
-1.0,-1.1258389261744959,-1.0,-1.1258389261744959,-1.0,-1.1258389261744959,11.920000000000073,-1,2023
-1.0,-1.2189781021897694,0.0,-0.2189781021897694,0.0,-0.2189781021897694,6.850000000000364,1,2023
-1.0,-1.0802568218298534,-1.0,-1.0802568218298534,-1.0,-1.0802568218298534,18.69000000000051,1,2023
-1.0,-1.0802568218298534,-1.0,-1.0802568218298534,-1.0,-1.0802568218298534,18.69000000000051,1,2023
-1.0,-1.2918287937743522,0.0,-0.2918287937743521,0.0,-0.2918287937743521,5.139999999999418,-1,2023
2.0,1.7637795275590686,2.0,1.7637795275590686,1.6,1.3637795275590687,6.350000000000364,1,2023
-1.0,-1.1347708894878803,-1.0,-1.1347708894878803,-1.0,-1.1347708894878803,11.1299999999992,1,2023
-1.0,-1.0484027105517912,-1.0,-1.0484027105517912,-1.0,-1.0484027105517912,30.98999999999978,-1,2023
-1.0,-1.0484027105517912,-1.0,-1.0484027105517912,-1.0,-1.0484027105517912,30.98999999999978,-1,2023
-1.0,-1.2411575562701218,0.0,-0.24115755627012186,0.0,-0.24115755627012186,6.219999999999345,-1,2023
-1.0,-1.0972762645914393,-1.0,-1.0972762645914393,-1.0,-1.0972762645914393,15.420000000000073,1,2023
-1.0,-1.3218884120171774,0.0,-0.32188841201717744,0.0,-0.32188841201717744,4.6599999999998545,1,2023
-1.0,-1.0585937499999991,-1.0,-1.0585937499999991,-1.0,-1.0585937499999991,25.600000000000364,1,2023
-1.0,-1.0585937499999991,-1.0,-1.0585937499999991,-1.0,-1.0585937499999991,25.600000000000364,1,2023
2.0,1.9629721056529255,0.0,-0.0370278943470746,0.0,-0.0370278943470746,40.51000000000022,-1,2023
2.0,1.9389499389499383,2.0,1.9389499389499383,1.6,1.5389499389499384,24.56999999999971,-1,2023
-1.0,-1.4098360655737867,-1.0,-1.4098360655737867,-1.0,-1.4098360655737867,3.6599999999998545,1,2023
-1.0,-1.4098360655737867,-1.0,-1.4098360655737867,-1.0,-1.4098360655737867,3.6599999999998545,1,2023
-1.0,-1.0916870415647888,0.0,-0.09168704156478891,0.0,-0.09168704156478891,16.360000000000582,-1,2023
2.0,1.7053045186640556,2.0,1.7053045186640556,2.0,1.7053045186640556,5.0900000000001455,1,2023
-1.0,-1.165929203539807,-1.0,-1.165929203539807,-1.0,-1.165929203539807,9.040000000000873,-1,2023
-1.0,-1.165929203539807,-1.0,-1.165929203539807,-1.0,-1.165929203539807,9.040000000000873,-1,2023
-1.0,-1.4885993485342484,-1.0,-1.4885993485342484,-1.0,-1.4885993485342484,3.069999999999709,1,2023
-1.0,-1.04468009055165,0.0,-0.04468009055165003,0.0,-0.04468009055165003,33.572000000000116,-1,2023
-1.0,-1.04468009055165,0.0,-0.04468009055165003,0.0,-0.04468009055165003,33.572000000000116,-1,2023
-1.0,-1.04468009055165,0.0,-0.04468009055165003,0.0,-0.04468009055165003,33.572000000000116,-1,2023
-1.0,-1.04468009055165,0.0,-0.04468009055165003,0.0,-0.04468009055165003,33.572000000000116,-1,2023
-1.0,-1.0671742051052344,-1.0,-1.0671742051052344,-1.0,-1.0671742051052344,22.330000000001746,1,2023
-1.0,-1.0354526116757272,-1.0,-1.0354526116757272,-1.0,-1.0354526116757272,42.30999999999949,1,2023
-1.0,-1.0585708707536148,-1.0,-1.0585708707536148,-1.0,-1.0585708707536148,25.609999999998763,-1,2023
-1.0,-1.0672947510094186,0.0,-0.06729475100941863,0.0,-0.06729475100941863,22.290000000000873,-1,2023
2.0,1.4186046511631842,2.0,1.4186046511631842,2.0,1.4186046511631842,2.5800000000017462,1,2023
-1.0,-1.1851851851852184,-1.0,-1.1851851851852184,-1.0,-1.1851851851852184,8.099999999998545,1,2023
2.0,1.6703296703296175,2.0,1.6703296703296175,2.0,1.6703296703296175,4.549999999999272,1,2023
2.0,1.8243148278285408,2.0,1.8243148278285408,2.0,1.8243148278285408,8.538000000000466,-1,2023
-1.0,-1.4587155963304692,-1.0,-1.4587155963304692,-1.0,-1.4587155963304692,3.2699999999986176,-1,2023
-1.0,-1.5514705882354267,0.0,-0.5514705882354268,0.0,-0.5514705882354268,2.719999999999345,-1,2023
2.0,1.9233128834355808,0.0,-0.07668711656441918,0.0,-0.07668711656441918,19.55999999999949,-1,2023
2.0,1.9221587960560473,2.0,1.9221587960560473,1.6,1.5221587960560474,19.270000000000437,-1,2023
-1.0,-1.2551020408162823,0.0,-0.25510204081628235,0.0,-0.25510204081628235,5.880000000001019,1,2023
-1.0,-1.2958579881656975,0.0,-0.29585798816569747,0.0,-0.29585798816569747,5.069999999999709,1,2023
-1.0,-1.2958579881656975,0.0,-0.29585798816569747,0.0,-0.29585798816569747,5.069999999999709,1,2023
-1.0,-1.470219435736602,-1.0,-1.470219435736602,-1.0,-1.470219435736602,3.1900000000005093,-1,2023
2.0,1.6932515337422949,2.0,1.6932515337422949,2.0,1.6932515337422949,4.889999999999418,-1,2023
2.0,1.6932515337422949,2.0,1.6932515337422949,2.0,1.6932515337422949,4.889999999999418,-1,2023
2.0,1.6932515337422949,2.0,1.6932515337422949,2.0,1.6932515337422949,4.889999999999418,-1,2023
2.0,1.6932515337422949,2.0,1.6932515337422949,2.0,1.6932515337422949,4.889999999999418,-1,2023
-1.0,-1.1611170784102889,0.0,-0.16111707841028883,0.0,-0.16111707841028883,9.31000000000131,1,2023
-1.0,-1.1611170784102889,0.0,-0.16111707841028883,0.0,-0.16111707841028883,9.31000000000131,1,2023
2.0,1.64605946201033,2.0,1.64605946201033,2.0,1.64605946201033,4.237999999999374,-1,2023
2.0,1.64605946201033,2.0,1.64605946201033,2.0,1.64605946201033,4.237999999999374,-1,2023
2.0,1.64605946201033,2.0,1.64605946201033,2.0,1.64605946201033,4.237999999999374,-1,2023
-1.0,-1.1877346683354244,-1.0,-1.1877346683354244,-1.0,-1.1877346683354244,7.989999999999782,1,2023
-1.0,-1.1877346683354244,-1.0,-1.1877346683354244,-1.0,-1.1877346683354244,7.989999999999782,1,2023
-1.0,-1.1827040194884078,-1.0,-1.1827040194884078,-1.0,-1.1827040194884078,8.210000000000946,-1,2023
2.0,1.7771173848439676,2.0,1.7771173848439676,1.6,1.3771173848439677,6.729999999999563,-1,2023
-1.0,-1.3340757238306158,0.0,-0.33407572383061584,0.0,-0.33407572383061584,4.490000000001601,1,2023
-1.0,-1.517598343685438,0.0,-0.517598343685438,0.0,-0.517598343685438,2.8979999999992287,-1,2023
-1.0,-1.375,-1.0,-1.375,-1.0,-1.375,4.0,1,2023
-1.0,-1.375,-1.0,-1.375,-1.0,-1.375,4.0,1,2023
2.0,1.3212669683260825,2.0,1.3212669683260825,7.169230769228301,6.490497737554383,2.210000000000946,1,2023
2.0,1.8642533936651495,0.0,-0.13574660633485056,0.0,-0.13574660633485056,11.049999999999272,1,2023
2.0,1.8642533936651495,0.0,-0.13574660633485056,0.0,-0.13574660633485056,11.049999999999272,1,2023
-1.0,-1.0711237553342812,-1.0,-1.0711237553342812,-1.0,-1.0711237553342812,21.090000000000146,1,2023
-1.0,-1.0711237553342812,-1.0,-1.0711237553342812,-1.0,-1.0711237553342812,21.090000000000146,1,2023
2.0,1.8587570621469034,0.0,-0.1412429378530967,0.0,-0.1412429378530967,10.6200000000008,-1,2023
2.0,1.8587570621469034,0.0,-0.1412429378530967,0.0,-0.1412429378530967,10.6200000000008,-1,2023
-1.0,-1.7653061224486102,-1.0,-1.7653061224486102,-1.0,-1.7653061224486102,1.9600000000009459,1,2023
-1.0,-1.7653061224486102,-1.0,-1.7653061224486102,-1.0,-1.7653061224486102,1.9600000000009459,1,2023
-1.0,-1.7653061224486102,-1.0,-1.7653061224486102,-1.0,-1.7653061224486102,1.9600000000009459,1,2023
-1.0,-1.313152400835016,-1.0,-1.313152400835016,-1.0,-1.313152400835016,4.790000000000873,-1,2023
-1.0,-1.313152400835016,-1.0,-1.313152400835016,-1.0,-1.313152400835016,4.790000000000873,-1,2023
-1.0,-1.2879078694817134,-1.0,-1.2879078694817134,-1.0,-1.2879078694817134,5.210000000000946,-1,2023
-1.0,-1.113808801213958,-1.0,-1.113808801213958,-1.0,-1.113808801213958,13.180000000000291,-1,2023
-1.0,-1.0627615062761515,-1.0,-1.0627615062761515,-1.0,-1.0627615062761515,23.899999999999636,1,2023
-1.0,-1.0768442622950873,-1.0,-1.0768442622950873,-1.0,-1.0768442622950873,19.519999999998618,1,2023
-1.0,-1.0768442622950873,-1.0,-1.0768442622950873,-1.0,-1.0768442622950873,19.519999999998618,1,2023
-1.0,-1.503355704697753,0.0,-0.503355704697753,0.0,-0.503355704697753,2.9800000000013824,-1,2023
-1.0,-1.503355704697753,0.0,-0.503355704697753,0.0,-0.503355704697753,2.9800000000013824,-1,2023
2.0,1.6073298429319074,2.0,1.6073298429319074,1.6,1.2073298429319075,3.819999999999709,1,2023
-1.0,-1.07953340402969,0.0,-0.07953340402969002,0.0,-0.07953340402969002,18.860000000000582,1,2023
-1.0,-1.203527815468092,0.0,-0.20352781546809187,0.0,-0.20352781546809187,7.3700000000008,1,2023
-1.0,-1.8241758241759558,-1.0,-1.8241758241759558,-1.0,-1.8241758241759558,1.819999999999709,-1,2023
-1.0,-1.24,-1.0,-1.24,-1.0,-1.24,6.25,-1,2023
-1.0,-1.2199413489736164,-1.0,-1.2199413489736164,-1.0,-1.2199413489736164,6.819999999999709,-1,2023
2.0,1.686847599164984,2.0,1.686847599164984,1.6,1.2868475991649841,4.790000000000873,-1,2023
2.0,1.686847599164984,2.0,1.686847599164984,1.6,1.2868475991649841,4.790000000000873,-1,2023
2.0,1.686847599164984,2.0,1.686847599164984,1.6,1.2868475991649841,4.790000000000873,-1,2023
2.0,1.686847599164984,2.0,1.686847599164984,1.6,1.2868475991649841,4.790000000000873,-1,2023
2.0,1.5844875346261058,2.0,1.5844875346261058,1.6,1.184487534626106,3.610000000000582,1,2023
-1.0,-1.2846299810246444,-1.0,-1.2846299810246444,-1.0,-1.2846299810246444,5.270000000000437,-1,2023
-1.0,-1.1364877161055533,-1.0,-1.1364877161055533,-1.0,-1.1364877161055533,10.989999999999782,-1,2023
-1.0,-1.1364877161055533,-1.0,-1.1364877161055533,-1.0,-1.1364877161055533,10.989999999999782,-1,2023
-1.0,-1.1364877161055533,-1.0,-1.1364877161055533,-1.0,-1.1364877161055533,10.989999999999782,-1,2023
-1.0,-1.045972784111805,-1.0,-1.045972784111805,-1.0,-1.045972784111805,32.62800000000061,1,2023
-1.0,-1.045972784111805,-1.0,-1.045972784111805,-1.0,-1.045972784111805,32.62800000000061,1,2023
2.0,0.4848484848481507,2.0,0.4848484848481507,1.6,0.08484848484815077,0.9899999999997817,-1,2023
2.0,1.5601173020527672,0.0,-0.43988269794723284,0.0,-0.43988269794723284,3.4099999999998545,1,2023
2.0,1.828336003662153,2.0,1.828336003662153,2.0,1.828336003662153,8.737999999999374,1,2023
2.0,1.828336003662153,2.0,1.828336003662153,2.0,1.828336003662153,8.737999999999374,1,2023
2.0,1.7483221476509698,2.0,1.7483221476509698,2.0,1.7483221476509698,5.959999999999127,-1,2023
2.0,1.958321756043345,0.0,-0.04167824395665488,0.0,-0.04167824395665488,35.98999999999978,-1,2023
2.0,1.7847919655667503,2.0,1.7847919655667503,2.0,1.7847919655667503,6.970000000001164,-1,2023
-1.0,-1.3,-1.0,-1.3,-1.0,-1.3,5.0,1,2023
-1.0,-1.1867995018679798,-1.0,-1.1867995018679798,-1.0,-1.1867995018679798,8.030000000000655,1,2023
2.0,1.8592870544090037,2.0,1.8592870544090037,2.0,1.8592870544090037,10.659999999999854,-1,2023
2.0,1.8592870544090037,2.0,1.8592870544090037,2.0,1.8592870544090037,10.659999999999854,-1,2023
-1.0,-1.044789489399821,-1.0,-1.044789489399821,-1.0,-1.044789489399821,33.48999999999978,-1,2023
-1.0,-1.1033057851239638,-1.0,-1.1033057851239638,-1.0,-1.1033057851239638,14.520000000000437,-1,2023
-1.0,-1.1597444089456967,-1.0,-1.1597444089456967,-1.0,-1.1597444089456967,9.389999999999418,1,2023
-1.0,-1.3579952267302668,-1.0,-1.3579952267302668,-1.0,-1.3579952267302668,4.190000000000509,-1,2023
-1.0,-1.3386004514672463,-1.0,-1.3386004514672463,-1.0,-1.3386004514672463,4.430000000000291,1,2023
2.0,1.9415887850467297,2.0,1.9415887850467297,2.0,1.9415887850467297,25.68000000000029,1,2023
-1.0,-1.077041602465334,0.0,-0.07704160246533387,0.0,-0.07704160246533387,19.469999999999345,1,2023
-1.0,-1.077041602465334,0.0,-0.07704160246533387,0.0,-0.07704160246533387,19.469999999999345,1,2023
-1.0,-1.077041602465334,0.0,-0.07704160246533387,0.0,-0.07704160246533387,19.469999999999345,1,2023
-1.0,-1.077041602465334,0.0,-0.07704160246533387,0.0,-0.07704160246533387,19.469999999999345,1,2023
2.0,1.7863247863247442,2.0,1.7863247863247442,1.6,1.3863247863247443,7.019999999998618,-1,2023
2.0,1.7863247863247442,2.0,1.7863247863247442,1.6,1.3863247863247443,7.019999999998618,-1,2023
2.0,1.7863247863247442,2.0,1.7863247863247442,1.6,1.3863247863247443,7.019999999998618,-1,2023
-1.0,-1.1637554585152865,0.0,-0.16375545851528645,0.0,-0.16375545851528645,9.159999999999854,-1,2023
2.0,1.884969325153366,2.0,1.884969325153366,2.0,1.884969325153366,13.039999999999054,1,2023
-1.0,-1.309917355372008,-1.0,-1.309917355372008,-1.0,-1.309917355372008,4.8399999999983265,-1,2023
2.0,1.6134020618555904,2.0,1.6134020618555904,1.6,1.2134020618555905,3.8799999999991996,1,2023
2.0,1.482401656314562,2.0,1.482401656314562,2.0,1.482401656314562,2.8979999999992287,1,2023
2.0,1.482401656314562,2.0,1.482401656314562,2.0,1.482401656314562,2.8979999999992287,1,2023
2.0,1.6437054631828238,2.0,1.6437054631828238,2.0,1.6437054631828238,4.209999999999127,1,2023
-1.0,-1.0359453630481656,0.0,-0.0359453630481656,0.0,-0.0359453630481656,41.73000000000138,-1,2023
-1.0,-1.0359453630481656,0.0,-0.0359453630481656,0.0,-0.0359453630481656,41.73000000000138,-1,2023
-1.0,-1.1127819548872242,0.0,-0.11278195488722421,0.0,-0.11278195488722421,13.299999999999272,1,2023
-1.0,-1.2419354838710104,-1.0,-1.2419354838710104,-1.0,-1.2419354838710104,6.199999999998909,-1,2023
2.0,1.85148514851483,2.0,1.85148514851483,1.6,1.4514851485148301,10.099999999998545,1,2023
2.0,1.793103448275862,2.0,1.793103448275862,1.6,1.3931034482758622,7.25,-1,2023
-1.0,-1.1427212178877477,-1.0,-1.1427212178877477,-1.0,-1.1427212178877477,10.5099999999984,1,2023
2.0,1.5161290322581213,2.0,1.5161290322581213,1.6,1.1161290322581214,3.100000000000364,-1,2023
-1.0,-1.0958466453674143,-1.0,-1.0958466453674143,-1.0,-1.0958466453674143,15.649999999999636,1,2023
-1.0,-1.0958466453674143,-1.0,-1.0958466453674143,-1.0,-1.0958466453674143,15.649999999999636,1,2023
-1.0,-1.5514705882354267,-1.0,-1.5514705882354267,-1.0,-1.5514705882354267,2.719999999999345,-1,2023
-1.0,-1.5514705882354267,-1.0,-1.5514705882354267,-1.0,-1.5514705882354267,2.719999999999345,-1,2023
2.0,1.7695852534562289,2.0,1.7695852534562289,2.0,1.7695852534562289,6.510000000000218,1,2023
2.0,1.964904071127749,2.0,1.964904071127749,2.0,1.964904071127749,42.73999999999978,-1,2023
-1.0,-1.246305418719206,-1.0,-1.246305418719206,-1.0,-1.246305418719206,6.0900000000001455,-1,2023
-1.0,-1.246305418719206,-1.0,-1.246305418719206,-1.0,-1.246305418719206,6.0900000000001455,-1,2023
-1.0,-1.0469336670838534,-1.0,-1.0469336670838534,-1.0,-1.0469336670838534,31.960000000000946,-1,2023
-1.0,-1.0469336670838534,-1.0,-1.0469336670838534,-1.0,-1.0469336670838534,31.960000000000946,-1,2023
2.0,1.9808649062380408,2.0,1.9808649062380408,2.0,1.9808649062380408,78.39000000000124,1,2023
-1.0,-1.1641137855579646,0.0,-0.16411378555796466,0.0,-0.16411378555796466,9.140000000001237,1,2023
-1.0,-1.1805054151624264,-1.0,-1.1805054151624264,-1.0,-1.1805054151624264,8.31000000000131,-1,2023
-1.0,-1.2354788069073488,-1.0,-1.2354788069073488,-1.0,-1.2354788069073488,6.3700000000008,-1,2023
-1.0,-1.375,-1.0,-1.375,-1.0,-1.375,4.0,1,2023
-1.0,-1.3432494279177,0.0,-0.34324942791770013,0.0,-0.34324942791770013,4.369999999998981,1,2023
-1.0,-1.116369278510462,-1.0,-1.116369278510462,-1.0,-1.116369278510462,12.890000000001237,-1,2023
2.0,1.6134020618555904,2.0,1.6134020618555904,1.6,1.2134020618555905,3.8799999999991996,-1,2023
-1.0,-1.192554557124497,0.0,-0.19255455712449704,0.0,-0.19255455712449704,7.790000000000873,-1,2023
-1.0,-1.289575289575375,-1.0,-1.289575289575375,-1.0,-1.289575289575375,5.179999999998472,-1,2023
-1.0,-1.2152080344333056,0.0,-0.21520803443330572,0.0,-0.21520803443330572,6.969999999999345,1,2023
2.0,1.528301886792496,0.0,-0.471698113207504,0.0,-0.471698113207504,3.180000000000291,-1,2023
-1.0,-1.2941176470588025,-1.0,-1.2941176470588025,-1.0,-1.2941176470588025,5.100000000000364,1,2023
-1.0,-1.2164502164502073,-1.0,-1.2164502164502073,-1.0,-1.2164502164502073,6.930000000000291,-1,2023
-1.0,-1.2164502164502073,-1.0,-1.2164502164502073,-1.0,-1.2164502164502073,6.930000000000291,-1,2023
2.0,1.7652582159624868,2.0,1.7652582159624868,1.6,1.3652582159624869,6.390000000001237,1,2023
-1.0,-1.0975292587776269,-1.0,-1.0975292587776269,-1.0,-1.0975292587776269,15.380000000001019,1,2023
-1.0,-1.1377410468319633,-1.0,-1.1377410468319633,-1.0,-1.1377410468319633,10.889999999999418,1,2023
-1.0,-1.080342795929298,-1.0,-1.080342795929298,-1.0,-1.080342795929298,18.670000000000073,1,2023
-1.0,-1.375,-1.0,-1.375,-1.0,-1.375,4.0,-1,2023
-1.0,-1.2439024390244047,0.0,-0.24390243902440467,0.0,-0.24390243902440467,6.149999999999636,1,2023
-1.0,-1.0545058139534875,-1.0,-1.0545058139534875,-1.0,-1.0545058139534875,27.520000000000437,-1,2023
-1.0,-1.2747252747253186,-1.0,-1.2747252747253186,-1.0,-1.2747252747253186,5.459999999999127,1,2023
2.0,1.6767241379311206,2.0,1.6767241379311206,1.6,1.2767241379311207,4.640000000001237,-1,2023
2.0,1.8940677966101684,0.0,-0.1059322033898316,0.0,-0.1059322033898316,14.159999999999854,1,2023
-1.0,-1.4950495049506851,0.0,-0.4950495049506852,0.0,-0.4950495049506852,3.029999999998836,1,2023
2.0,1.7878359264497792,2.0,1.7878359264497792,2.0,1.7878359264497792,7.069999999999709,-1,2023
2.0,1.8177842565597662,2.0,1.8177842565597662,2.0,1.8177842565597662,8.231999999999971,-1,2023
2.0,1.8177842565597662,2.0,1.8177842565597662,2.0,1.8177842565597662,8.231999999999971,-1,2023
-1.0,-1.1351351351351306,-1.0,-1.1351351351351306,-1.0,-1.1351351351351306,11.100000000000364,1,2023
-1.0,-1.075,0.0,-0.075,0.0,-0.075,20.0,1,2023
-1.0,-1.1302083333333284,0.0,-0.1302083333333284,0.0,-0.1302083333333284,11.520000000000437,-1,2023
-1.0,-1.1960784313725583,-1.0,-1.1960784313725583,-1.0,-1.1960784313725583,7.649999999999636,-1,2023
-1.0,-1.029655990510083,-1.0,-1.029655990510083,-1.0,-1.029655990510083,50.57999999999993,1,2023
-1.0,-1.1158301158301256,-1.0,-1.1158301158301256,-1.0,-1.1158301158301256,12.949999999998909,-1,2023
-1.0,-1.1158301158301256,-1.0,-1.1158301158301256,-1.0,-1.1158301158301256,12.949999999998909,-1,2023
-1.0,-1.1158301158301256,-1.0,-1.1158301158301256,-1.0,-1.1158301158301256,12.949999999998909,-1,2023
-1.0,-1.1042970379641246,0.0,-0.10429703796412466,0.0,-0.10429703796412466,14.381999999999607,-1,2023
2.0,1.7448979591837177,2.0,1.7448979591837177,2.0,1.7448979591837177,5.880000000001019,-1,2023
2.0,1.7844827586206626,2.0,1.7844827586206626,2.0,1.7844827586206626,6.959999999999127,1,2023
2.0,1.7201492537312788,0.0,-0.2798507462687213,0.0,-0.2798507462687213,5.359999999998763,1,2023
2.0,1.6183206106870511,2.0,1.6183206106870511,1.6,1.2183206106870512,3.930000000000291,1,2023
-1.0,-1.0416319733555384,0.0,-0.0416319733555384,0.0,-0.0416319733555384,36.029999999998836,-1,2023
-1.0,-1.2189781021897694,-1.0,-1.2189781021897694,-1.0,-1.2189781021897694,6.850000000000364,1,2023
2.0,1.8876404494382053,0.0,-0.1123595505617947,0.0,-0.1123595505617947,13.350000000000364,1,2023
-1.0,-1.1239669421487566,-1.0,-1.1239669421487566,-1.0,-1.1239669421487566,12.100000000000364,1,2023
-1.0,-1.1239669421487566,-1.0,-1.1239669421487566,-1.0,-1.1239669421487566,12.100000000000364,1,2023
2.0,1.7689463955637774,2.0,1.7689463955637774,1.6,1.3689463955637775,6.492000000000189,1,2023
2.0,1.068322981365744,2.0,1.068322981365744,1.6,0.668322981365744,1.609999999998763,-1,2023
-1.0,-1.3393665158370984,-1.0,-1.3393665158370984,-1.0,-1.3393665158370984,4.420000000000073,1,2023
-1.0,-1.0999333777481664,-1.0,-1.0999333777481664,-1.0,-1.0999333777481664,15.010000000000218,1,2023
-1.0,-1.436046511628073,-1.0,-1.436046511628073,-1.0,-1.436046511628073,3.4399999999986903,1,2023
2.0,1.8841698841698906,2.0,1.8841698841698906,2.0,1.8841698841698906,12.950000000000728,1,2023
2.0,1.6163682864449984,0.0,-0.3836317135550015,0.0,-0.3836317135550015,3.9099999999998545,1,2023
2.0,1.8338870431893475,2.0,1.8338870431893475,1.6,1.4338870431893476,9.029999999998836,1,2023
-1.0,-1.0787815126050384,-1.0,-1.0787815126050384,-1.0,-1.0787815126050384,19.040000000000873,-1,2023
-1.0,-1.313152400835016,-1.0,-1.313152400835016,-1.0,-1.313152400835016,4.790000000000873,1,2023
-1.0,-1.4950495049506851,-1.0,-1.4950495049506851,-1.0,-1.4950495049506851,3.029999999998836,1,2023
-1.0,-1.223214285714247,-1.0,-1.223214285714247,-1.0,-1.223214285714247,6.720000000001164,-1,2023
-1.0,-1.08413731209333,-1.0,-1.08413731209333,-1.0,-1.08413731209333,17.82800000000134,-1,2023
-1.0,-1.310045473336106,0.0,-0.3100454733361061,0.0,-0.3100454733361061,4.837999999999738,-1,2023
-1.0,-1.186335403726683,-1.0,-1.186335403726683,-1.0,-1.186335403726683,8.050000000001091,1,2023
2.0,1.7373029772328845,2.0,1.7373029772328845,2.0,1.7373029772328845,5.709999999999127,1,2023
2.0,1.716446124763752,2.0,1.716446124763752,1.6,1.316446124763752,5.290000000000873,-1,2023
-1.0,-1.3355704697987067,-1.0,-1.3355704697987067,-1.0,-1.3355704697987067,4.469999999999345,1,2023
-1.0,-1.312499999999929,-1.0,-1.312499999999929,-1.0,-1.312499999999929,4.800000000001091,1,2023
-1.0,-1.163220892274202,0.0,-0.16322089227420206,0.0,-0.16322089227420206,9.19000000000051,-1,2023
2.0,1.6010638297872573,2.0,1.6010638297872573,1.6,1.2010638297872573,3.7600000000002183,-1,2023
2.0,1.6010638297872573,2.0,1.6010638297872573,2.0,1.6010638297872573,3.7600000000002183,1,2023
-1.0,-1.4155124653738942,-1.0,-1.4155124653738942,-1.0,-1.4155124653738942,3.610000000000582,1,2023
-1.0,-1.5660377358491342,-1.0,-1.5660377358491342,-1.0,-1.5660377358491342,2.649999999999636,-1,2023
-1.0,-1.7009345794388473,-1.0,-1.7009345794388473,-1.0,-1.7009345794388473,2.140000000001237,-1,2023
-1.0,-1.1752336448598235,-1.0,-1.1752336448598235,-1.0,-1.1752336448598235,8.55999999999949,1,2023
-1.0,-1.1752336448598235,-1.0,-1.1752336448598235,-1.0,-1.1752336448598235,8.55999999999949,1,2023
-1.0,-1.1752336448598235,-1.0,-1.1752336448598235,-1.0,-1.1752336448598235,8.55999999999949,1,2023
-1.0,-1.2941176470588025,-1.0,-1.2941176470588025,-1.0,-1.2941176470588025,5.100000000000364,-1,2023
-1.0,-1.2941176470588025,-1.0,-1.2941176470588025,-1.0,-1.2941176470588025,5.100000000000364,-1,2023
-1.0,-1.2941176470588025,-1.0,-1.2941176470588025,-1.0,-1.2941176470588025,5.100000000000364,-1,2023
2.0,1.8927805575410992,2.0,1.8927805575410992,1.6,1.4927805575410993,13.989999999999782,1,2023
2.0,0.9361702127658476,2.0,0.9361702127658476,1.6,0.5361702127658476,1.4099999999998545,-1,2023
-1.0,-1.1754385964912057,0.0,-0.1754385964912057,0.0,-0.1754385964912057,8.550000000001091,-1,2023
2.0,1.9200852424080999,2.0,1.9200852424080999,1.6,1.5200852424081,18.770000000000437,-1,2023
2.0,1.9200852424080999,2.0,1.9200852424080999,1.6,1.5200852424081,18.770000000000437,-1,2023
-1.0,-1.3738783649053954,-1.0,-1.3738783649053954,-1.0,-1.3738783649053954,4.011999999998807,1,2023
-1.0,-1.9493670886076386,-1.0,-1.9493670886076386,-1.0,-1.9493670886076386,1.5799999999999272,1,2023
-1.0,-1.9493670886076386,-1.0,-1.9493670886076386,-1.0,-1.9493670886076386,1.5799999999999272,1,2023
2.0,1.8113207547169552,0.0,-0.18867924528304478,0.0,-0.18867924528304478,7.949999999998909,1,2023
-1.0,-1.2403846153845537,-1.0,-1.2403846153845537,-1.0,-1.2403846153845537,6.240000000001601,1,2023
-1.0,-1.359712230215821,0.0,-0.35971223021582105,0.0,-0.35971223021582105,4.170000000000073,-1,2023
-1.0,-1.359712230215821,0.0,-0.35971223021582105,0.0,-0.35971223021582105,4.170000000000073,-1,2023
-1.0,-1.6382978723408208,-1.0,-1.6382978723408208,-1.0,-1.6382978723408208,2.349999999998545,1,2023
-1.0,-1.753768844221188,-1.0,-1.753768844221188,-1.0,-1.753768844221188,1.9899999999997817,-1,2023
-1.0,-1.753768844221188,-1.0,-1.753768844221188,-1.0,-1.753768844221188,1.9899999999997817,-1,2023
-1.0,-1.4658385093168649,0.0,-0.46583850931686493,0.0,-0.46583850931686493,3.219999999999345,1,2023
2.0,1.4755244755245822,2.0,1.4755244755245822,1.6,1.0755244755245823,2.860000000000582,-1,2023
-1.0,-1.158227848101273,-1.0,-1.158227848101273,-1.0,-1.158227848101273,9.479999999999563,-1,2023
-1.0,-1.3978779840848345,-1.0,-1.3978779840848345,-1.0,-1.3978779840848345,3.7700000000004366,1,2023
2.0,1.921218487394954,2.0,1.921218487394954,2.0,1.921218487394954,19.039999999999054,-1,2023
2.0,1.921218487394954,2.0,1.921218487394954,2.0,1.921218487394954,19.039999999999054,-1,2023
-1.0,-1.0890736342042748,0.0,-0.08907363420427476,0.0,-0.08907363420427476,16.840000000000146,-1,2023
-1.0,-1.0890736342042748,0.0,-0.08907363420427476,0.0,-0.08907363420427476,16.840000000000146,-1,2023
-1.0,-1.0890736342042748,0.0,-0.08907363420427476,0.0,-0.08907363420427476,16.840000000000146,-1,2023
-1.0,-1.0890736342042748,0.0,-0.08907363420427476,0.0,-0.08907363420427476,16.840000000000146,-1,2023
-1.0,-1.6493506493507926,0.0,-0.6493506493507926,0.0,-0.6493506493507926,2.3099999999994907,1,2023
2.0,1.8388829215897111,2.0,1.8388829215897111,1.6,1.4388829215897112,9.31000000000131,-1,2023
2.0,1.8388829215897111,2.0,1.8388829215897111,1.6,1.4388829215897112,9.31000000000131,-1,2023
-1.0,-1.3846153846154206,-1.0,-1.3846153846154206,-1.0,-1.3846153846154206,3.899999999999636,-1,2023
-1.0,-1.3846153846154206,-1.0,-1.3846153846154206,-1.0,-1.3846153846154206,3.899999999999636,-1,2023
-1.0,-1.1394052044609637,-1.0,-1.1394052044609637,-1.0,-1.1394052044609637,10.760000000000218,1,2023
-1.0,-1.1394052044609637,-1.0,-1.1394052044609637,-1.0,-1.1394052044609637,10.760000000000218,1,2023
-1.0,-1.9493670886076386,-1.0,-1.9493670886076386,-1.0,-1.9493670886076386,1.5799999999999272,-1,2023
-1.0,-1.1174628034455882,-1.0,-1.1174628034455882,-1.0,-1.1174628034455882,12.769999999998618,-1,2023
-1.0,-1.1174628034455882,-1.0,-1.1174628034455882,-1.0,-1.1174628034455882,12.769999999998618,-1,2023
-1.0,-1.2631578947368085,-1.0,-1.2631578947368085,-1.0,-1.2631578947368085,5.700000000000728,-1,2023
-1.0,-1.231481481481432,-1.0,-1.231481481481432,-1.0,-1.231481481481432,6.480000000001382,-1,2023
-1.0,-1.1940491591203215,-1.0,-1.1940491591203215,-1.0,-1.1940491591203215,7.729999999999563,-1,2023
-1.0,-1.1940491591203215,-1.0,-1.1940491591203215,-1.0,-1.1940491591203215,7.729999999999563,-1,2023
2.0,1.8983050847457628,2.0,1.8983050847457628,1.6,1.4983050847457628,14.75,1,2023
-1.0,-1.0524658971668412,-1.0,-1.0524658971668412,-1.0,-1.0524658971668412,28.590000000000146,-1,2023
-1.0,-1.0524658971668412,-1.0,-1.0524658971668412,-1.0,-1.0524658971668412,28.590000000000146,-1,2023
-1.0,-1.1258389261744959,-1.0,-1.1258389261744959,-1.0,-1.1258389261744959,11.920000000000073,1,2023
-1.0,-1.1258389261744959,-1.0,-1.1258389261744959,-1.0,-1.1258389261744959,11.920000000000073,1,2023
-1.0,-1.1258389261744959,-1.0,-1.1258389261744959,-1.0,-1.1258389261744959,11.920000000000073,1,2023
2.0,1.9237804878048792,0.0,-0.07621951219512083,0.0,-0.07621951219512083,19.68000000000029,-1,2023
2.0,1.2268041237108183,2.0,1.2268041237108183,1.6,0.8268041237108184,1.9399999999986903,1,2023
-1.0,-1.1021102791014261,-1.0,-1.1021102791014261,-1.0,-1.1021102791014261,14.69000000000051,-1,2023
-1.0,-1.1492537313432944,-1.0,-1.1492537313432944,-1.0,-1.1492537313432944,10.049999999999272,1,2023
-1.0,-1.2318392581143975,-1.0,-1.2318392581143975,-1.0,-1.2318392581143975,6.469999999999345,-1,2023
2.0,1.2857142857144095,2.0,1.2857142857144095,1.6,0.8857142857144096,2.100000000000364,-1,2023
2.0,1.8688811188811247,2.0,1.8688811188811247,2.0,1.8688811188811247,11.44000000000051,1,2023
2.0,1.8688811188811247,2.0,1.8688811188811247,2.0,1.8688811188811247,11.44000000000051,1,2023
2.0,1.8688811188811247,2.0,1.8688811188811247,2.0,1.8688811188811247,11.44000000000051,1,2023
-1.0,-1.0625521267723115,-1.0,-1.0625521267723115,-1.0,-1.0625521267723115,23.979999999999563,-1,2023
-1.0,-1.0774793388429729,-1.0,-1.0774793388429729,-1.0,-1.0774793388429729,19.360000000000582,-1,2023
-1.0,-1.0489077274209353,0.0,-0.04890772742093529,0.0,-0.04890772742093529,30.669999999998254,1,2023
2.0,1.7516556291391088,2.0,1.7516556291391088,1.6,1.3516556291391089,6.040000000000873,-1,2023
-1.0,-1.1777251184834399,-1.0,-1.1777251184834399,-1.0,-1.1777251184834399,8.43999999999869,1,2023
-1.0,-1.2358490566037519,-1.0,-1.2358490566037519,-1.0,-1.2358490566037519,6.360000000000582,-1,2023
-1.0,-1.4731861198735348,0.0,-0.47318611987353465,0.0,-0.47318611987353465,3.1700000000018917,1,2023
-1.0,-1.4950495049506851,-1.0,-1.4950495049506851,-1.0,-1.4950495049506851,3.029999999998836,1,2023
-1.0,-1.2851711026616837,0.0,-0.2851711026616837,0.0,-0.2851711026616837,5.259999999998399,1,2023
-1.0,-1.1019021739130355,-1.0,-1.1019021739130355,-1.0,-1.1019021739130355,14.720000000001164,-1,2023
-1.0,-1.1842751842751151,-1.0,-1.1842751842751151,-1.0,-1.1842751842751151,8.140000000003056,-1,2023
2.0,1.5664739884396528,2.0,1.5664739884396528,1.6,1.1664739884396529,3.460000000002765,1,2023
-1.0,-1.2840909090909718,-1.0,-1.2840909090909718,-1.0,-1.2840909090909718,5.279999999998836,-1,2023
-1.0,-1.2840909090909718,-1.0,-1.2840909090909718,-1.0,-1.2840909090909718,5.279999999998836,-1,2023
-1.0,-1.2840909090909718,-1.0,-1.2840909090909718,-1.0,-1.2840909090909718,5.279999999998836,-1,2023
2.0,0.8970588235269334,2.0,0.8970588235269334,1.6,0.49705882352693354,1.359999999996944,1,2023
2.0,0.8970588235269334,2.0,0.8970588235269334,1.6,0.49705882352693354,1.359999999996944,1,2023
-1.0,-1.1535312180143227,-1.0,-1.1535312180143227,-1.0,-1.1535312180143227,9.770000000000437,1,2023
2.0,1.8660714285714373,2.0,1.8660714285714373,2.0,1.8660714285714373,11.200000000000728,-1,2023
-1.0,-1.6355932203388264,0.0,-0.6355932203388263,0.0,-0.6355932203388263,2.360000000000582,-1,2023
2.0,1.625,0.0,-0.375,0.0,-0.375,4.0,1,2023
-1.0,-1.0862564692351955,-1.0,-1.0862564692351955,-1.0,-1.0862564692351955,17.389999999999418,1,2023
-1.0,-1.0862564692351955,-1.0,-1.0862564692351955,-1.0,-1.0862564692351955,17.389999999999418,1,2023
-1.0,-1.209497206703915,-1.0,-1.209497206703915,-1.0,-1.209497206703915,7.1599999999998545,-1,2023
-1.0,-2.530612244898641,-1.0,-2.530612244898641,-1.0,-2.530612244898641,0.9799999999995634,1,2023
-1.0,-2.530612244898641,-1.0,-2.530612244898641,-1.0,-2.530612244898641,0.9799999999995634,1,2023
-1.0,-1.9933774834447617,-1.0,-1.9933774834447617,-1.0,-1.9933774834447617,1.5099999999983993,-1,2023
-1.0,-1.2097902097902737,-1.0,-1.2097902097902737,-1.0,-1.2097902097902737,7.149999999997817,-1,2023
-1.0,-1.201612903225842,-1.0,-1.201612903225842,-1.0,-1.201612903225842,7.43999999999869,1,2023
-1.0,-1.2209131075110173,-1.0,-1.2209131075110173,-1.0,-1.2209131075110173,6.790000000000873,-1,2023
-1.0,-1.2604166666665746,-1.0,-1.2604166666665746,-1.0,-1.2604166666665746,5.760000000002037,1,2023
-1.0,-1.2380952380952657,0.0,-0.2380952380952656,0.0,-0.2380952380952656,6.299999999999272,-1,2023
-1.0,-1.3886010362693715,-1.0,-1.3886010362693715,-1.0,-1.3886010362693715,3.860000000000582,-1,2023
2.0,1.896551724137931,2.0,1.896551724137931,2.0,1.896551724137931,14.5,-1,2023
2.0,1.896551724137931,2.0,1.896551724137931,2.0,1.896551724137931,14.5,-1,2023
2.0,1.896551724137931,2.0,1.896551724137931,2.0,1.896551724137931,14.5,-1,2023
-1.0,-1.0956632653061207,-1.0,-1.0956632653061207,-1.0,-1.0956632653061207,15.680000000000291,-1,2023
-1.0,-1.064850843060957,-1.0,-1.064850843060957,-1.0,-1.064850843060957,23.13000000000102,1,2023
2.0,1.5114006514657516,2.0,1.5114006514657516,2.0,1.5114006514657516,3.069999999999709,-1,2024
2.0,1.5114006514657516,2.0,1.5114006514657516,2.0,1.5114006514657516,3.069999999999709,-1,2024
2.0,1.152542372881565,2.0,1.152542372881565,1.6,0.752542372881565,1.7700000000004366,-1,2024
2.0,1.9049550120390273,0.0,-0.09504498796097274,0.0,-0.09504498796097274,15.781999999999243,-1,2024
2.0,1.7211895910780255,2.0,1.7211895910780255,2.0,1.7211895910780255,5.3799999999992,-1,2024
-1.0,-1.155763239875373,-1.0,-1.155763239875373,-1.0,-1.155763239875373,9.630000000001019,1,2024
2.0,1.8767460969597378,2.0,1.8767460969597378,1.6,1.476746096959738,12.170000000000073,-1,2024
2.0,1.9694749694749691,0.0,-0.030525030525030885,0.0,-0.030525030525030885,49.13999999999942,1,2024
-1.0,-1.188442211055297,-1.0,-1.188442211055297,-1.0,-1.188442211055297,7.959999999999127,1,2024
2.0,1.8229043683588622,2.0,1.8229043683588622,1.6,1.4229043683588622,8.469999999997526,-1,2024
2.0,1.8781478472786122,0.0,-0.12185215272138779,0.0,-0.12185215272138779,12.309999999997672,1,2024
-1.0,-1.8064516129045507,-1.0,-1.8064516129045507,-1.0,-1.8064516129045507,1.859999999996944,1,2024
-1.0,-1.1512096774193814,-1.0,-1.1512096774193814,-1.0,-1.1512096774193814,9.919999999998254,-1,2024
-1.0,-1.059928086296447,-1.0,-1.059928086296447,-1.0,-1.059928086296447,25.029999999998836,-1,2024
-1.0,-1.059928086296447,-1.0,-1.059928086296447,-1.0,-1.059928086296447,25.029999999998836,-1,2024
-1.0,-1.1459143968871761,-1.0,-1.1459143968871761,-1.0,-1.1459143968871761,10.279999999998836,-1,2024
-1.0,-1.1717032967032812,-1.0,-1.1717032967032812,-1.0,-1.1717032967032812,8.736000000000786,-1,2024
2.0,1.9447391688771003,2.0,1.9447391688771003,2.0,1.9447391688771003,27.144000000000233,1,2024
-1.0,-1.0376770822867496,0.0,-0.037677082286749534,0.0,-0.037677082286749534,39.81199999999808,1,2024
-1.0,-1.0376770822867496,0.0,-0.037677082286749534,0.0,-0.037677082286749534,39.81199999999808,1,2024
-1.0,-1.0376770822867496,0.0,-0.037677082286749534,0.0,-0.037677082286749534,39.81199999999808,1,2024
-1.0,-1.0376770822867496,0.0,-0.037677082286749534,0.0,-0.037677082286749534,39.81199999999808,1,2024
2.0,1.833573726838992,2.0,1.833573726838992,2.0,1.833573726838992,9.01299999999901,-1,2024
2.0,1.833573726838992,2.0,1.833573726838992,2.0,1.833573726838992,9.01299999999901,-1,2024
2.0,1.7193638914874325,2.0,1.7193638914874325,1.6,1.3193638914874326,5.345000000001164,-1,2024
-1.0,-1.0740594450478889,-1.0,-1.0740594450478889,-1.0,-1.0740594450478889,20.254000000000815,1,2024
-1.0,-1.0984768907563027,0.0,-0.09847689075630271,0.0,-0.09847689075630271,15.231999999999971,-1,2024
-1.0,-1.0984768907563027,0.0,-0.09847689075630271,0.0,-0.09847689075630271,15.231999999999971,-1,2024
-1.0,-1.1275835672365244,-1.0,-1.1275835672365244,-1.0,-1.1275835672365244,11.757000000001426,1,2024
-1.0,-1.0846357840094707,-1.0,-1.0846357840094707,-1.0,-1.0846357840094707,17.723000000001775,1,2024
-1.0,-1.2600554785020792,0.0,-0.2600554785020791,0.0,-0.2600554785020791,5.768000000000029,-1,2024
2.0,1.7310381925765335,2.0,1.7310381925765335,2.0,1.7310381925765335,5.576999999997497,1,2024
-1.0,-1.1148017756007738,-1.0,-1.1148017756007738,-1.0,-1.1148017756007738,13.066000000002532,-1,2024
-1.0,-1.1148017756007738,-1.0,-1.1148017756007738,-1.0,-1.1148017756007738,13.066000000002532,-1,2024
-1.0,-1.1148017756007738,-1.0,-1.1148017756007738,-1.0,-1.1148017756007738,13.066000000002532,-1,2024
2.0,1.798819742489323,2.0,1.798819742489323,1.6,1.3988197424893232,7.45600000000195,1,2024
2.0,1.798819742489323,2.0,1.798819742489323,1.6,1.3988197424893232,7.45600000000195,1,2024
-1.0,-1.4245683555053028,-1.0,-1.4245683555053028,-1.0,-1.4245683555053028,3.532999999999447,1,2024
-1.0,-1.2726281352237152,-1.0,-1.2726281352237152,-1.0,-1.2726281352237152,5.5019999999967695,-1,2024
-1.0,-1.5671077504724962,-1.0,-1.5671077504724962,-1.0,-1.5671077504724962,2.6450000000004366,-1,2024
2.0,1.451152579582911,2.0,1.451152579582911,1.6,1.051152579582911,2.7330000000001746,-1,2024
2.0,1.7549820320156566,0.0,-0.2450179679843433,0.0,-0.2450179679843433,6.121999999999389,-1,2024
-1.0,-1.2146536920434665,-1.0,-1.2146536920434665,-1.0,-1.2146536920434665,6.988000000001193,1,2024
2.0,1.76525821596242,2.0,1.76525821596242,1.6,1.36525821596242,6.389999999999418,1,2024
-1.0,-1.3532736693359133,-1.0,-1.3532736693359133,-1.0,-1.3532736693359133,4.245999999999185,-1,2024
-1.0,-1.1475071295112351,0.0,-0.14750712951123524,0.0,-0.14750712951123524,10.169000000001688,-1,2024
2.0,1.1496598639451996,2.0,1.1496598639451996,1.6,0.7496598639451996,1.7639999999992142,-1,2024
2.0,1.1496598639451996,2.0,1.1496598639451996,1.6,0.7496598639451996,1.7639999999992142,-1,2024
-1.0,-1.2005883926183698,-1.0,-1.2005883926183698,-1.0,-1.2005883926183698,7.477999999999156,1,2024
-1.0,-1.1496707244063478,-1.0,-1.1496707244063478,-1.0,-1.1496707244063478,10.021999999997206,-1,2024
-1.0,-1.0406504065040634,-1.0,-1.0406504065040634,-1.0,-1.0406504065040634,36.900000000001455,-1,2024
2.0,1.8655432054499705,2.0,1.8655432054499705,2.054948010039487,1.9204912154894576,11.15599999999904,1,2024
2.0,1.9597984562607222,2.0,1.9597984562607222,2.0,1.9597984562607222,37.31200000000172,1,2024
2.0,1.9597984562607222,2.0,1.9597984562607222,2.0,1.9597984562607222,37.31200000000172,1,2024
-1.0,-1.2859321387724425,0.0,-0.28593213877244245,0.0,-0.28593213877244245,5.245999999999185,-1,2024
-1.0,-1.2859321387724425,0.0,-0.28593213877244245,0.0,-0.28593213877244245,5.245999999999185,-1,2024
-1.0,-1.2859321387724425,0.0,-0.28593213877244245,0.0,-0.28593213877244245,5.245999999999185,-1,2024
-1.0,-1.5576208178441378,-1.0,-1.5576208178441378,-1.0,-1.5576208178441378,2.6899999999986903,1,2024
-1.0,-1.15,-1.0,-1.15,-1.0,-1.15,10.0,1,2024
-1.0,-1.1114661514453266,-1.0,-1.1114661514453266,-1.0,-1.1114661514453266,13.457000000002154,1,2024
-1.0,-1.098116169544738,-1.0,-1.098116169544738,-1.0,-1.098116169544738,15.288000000000466,-1,2024
-1.0,-1.4893964110931943,-1.0,-1.4893964110931943,-1.0,-1.4893964110931943,3.0649999999986903,-1,2024
-1.0,-1.0401423716113127,-1.0,-1.0401423716113127,-1.0,-1.0401423716113127,37.36700000000201,1,2024
-1.0,-1.1961810096782468,-1.0,-1.1961810096782468,-1.0,-1.1961810096782468,7.64600000000064,1,2024
-1.0,-1.1961810096782468,-1.0,-1.1961810096782468,-1.0,-1.1961810096782468,7.64600000000064,1,2024
-1.0,-1.239425379090206,-1.0,-1.239425379090206,-1.0,-1.239425379090206,6.264999999999418,1,2024
-1.0,-2.2605042016820596,-1.0,-2.2605042016820596,-1.0,-2.2605042016820596,1.1899999999986903,-1,2024
-1.0,-1.6784260515594691,-1.0,-1.6784260515594691,-1.0,-1.6784260515594691,2.2110000000029686,1,2024
-1.0,-1.3572279114074335,-1.0,-1.3572279114074335,-1.0,-1.3572279114074335,4.199000000000524,1,2024
-1.0,-1.2256657138558462,-1.0,-1.2256657138558462,-1.0,-1.2256657138558462,6.647000000000844,-1,2024
-1.0,-1.0442203944459205,-1.0,-1.0442203944459205,-1.0,-1.0442203944459205,33.92099999999846,-1,2024
-1.0,-1.1022007222184391,0.0,-0.10220072221843923,0.0,-0.10220072221843923,14.67699999999968,-1,2024
2.0,1.965918385894755,2.0,1.965918385894755,1.6,1.5659183858947552,44.01199999999881,1,2024
2.0,1.4686503719447999,2.0,1.4686503719447999,2.0,1.4686503719447999,2.82300000000032,1,2024
-1.0,-1.143760782058639,-1.0,-1.143760782058639,-1.0,-1.143760782058639,10.434000000001106,-1,2024
-1.0,-1.4067245119303737,-1.0,-1.4067245119303737,-1.0,-1.4067245119303737,3.688000000001921,1,2024
-1.0,-1.2331002331003174,0.0,-0.23310023310031744,0.0,-0.23310023310031744,6.434999999997672,1,2024
-1.0,-1.2454991816695173,0.0,-0.24549918166951723,0.0,-0.24549918166951723,6.109999999996944,1,2024
-1.0,-1.2257336343114975,0.0,-0.2257336343114976,0.0,-0.2257336343114976,6.645000000000437,-1,2024
-1.0,-1.0391644908616195,-1.0,-1.0391644908616195,-1.0,-1.0391644908616195,38.29999999999927,-1,2024
-1.0,-1.0391644908616195,-1.0,-1.0391644908616195,-1.0,-1.0391644908616195,38.29999999999927,-1,2024
-1.0,-1.1982553528944617,-1.0,-1.1982553528944617,-1.0,-1.1982553528944617,7.566000000002532,1,2024
-1.0,-1.1982553528944617,-1.0,-1.1982553528944617,-1.0,-1.1982553528944617,7.566000000002532,1,2024
-1.0,-1.1002271816116507,-1.0,-1.1002271816116507,-1.0,-1.1002271816116507,14.96600000000035,1,2024
-1.0,-1.0794575696578002,-1.0,-1.0794575696578002,-1.0,-1.0794575696578002,18.87800000000061,-1,2024
-1.0,-1.1049758555532445,0.0,-0.10497585555324457,0.0,-0.10497585555324457,14.288999999997031,-1,2024
-1.0,-1.1049758555532445,0.0,-0.10497585555324457,0.0,-0.10497585555324457,14.288999999997031,-1,2024
-1.0,-1.1049758555532445,0.0,-0.10497585555324457,0.0,-0.10497585555324457,14.288999999997031,-1,2024
-1.0,-1.101957585644375,0.0,-0.10195758564437517,0.0,-0.10195758564437517,14.711999999999534,1,2024
-1.0,-1.0972699565527395,-1.0,-1.0972699565527395,-1.0,-1.0972699565527395,15.421000000002095,1,2024
2.0,1.8486835468576133,2.0,1.8486835468576133,2.0,1.8486835468576133,9.912999999996828,1,2024
-1.0,-1.339981867633706,-1.0,-1.339981867633706,-1.0,-1.339981867633706,4.412000000000262,-1,2024
-1.0,-1.339981867633706,-1.0,-1.339981867633706,-1.0,-1.339981867633706,4.412000000000262,-1,2024
-1.0,-1.4300458715599345,-1.0,-1.4300458715599345,-1.0,-1.4300458715599345,3.4879999999975553,-1,2024
-1.0,-1.2667140825035659,0.0,-0.2667140825035659,0.0,-0.2667140825035659,5.623999999999796,-1,2024
-1.0,-1.2667140825035659,0.0,-0.2667140825035659,0.0,-0.2667140825035659,5.623999999999796,-1,2024
2.0,1.8527679623085735,2.0,1.8527679623085735,2.0,1.8527679623085735,10.187999999998283,1,2024
-1.0,-1.2180866530969265,-1.0,-1.2180866530969265,-1.0,-1.2180866530969265,6.877999999996973,-1,2024
2.0,1.71633888048414,2.0,1.71633888048414,1.6,1.31633888048414,5.288000000000466,1,2024
-1.0,-1.4152823920264643,0.0,-0.41528239202646433,0.0,-0.41528239202646433,3.6120000000009895,1,2024
-1.0,-1.1340602377334628,-1.0,-1.1340602377334628,-1.0,-1.1340602377334628,11.189000000002125,-1,2024
-1.0,-1.1340602377334628,-1.0,-1.1340602377334628,-1.0,-1.1340602377334628,11.189000000002125,-1,2024
2.0,1.5531724754244822,0.0,-0.4468275245755177,0.0,-0.4468275245755177,3.356999999999971,1,2024
2.0,1.5531724754244822,0.0,-0.4468275245755177,0.0,-0.4468275245755177,3.356999999999971,1,2024
2.0,1.9103514224240974,2.0,1.9103514224240974,1.6,1.5103514224240975,16.73199999999997,1,2024
-1.0,-1.2678093197643876,-1.0,-1.2678093197643876,-1.0,-1.2678093197643876,5.6009999999987485,1,2024
-1.0,-1.2678093197643876,-1.0,-1.2678093197643876,-1.0,-1.2678093197643876,5.6009999999987485,1,2024
-1.0,-1.3947368421053388,-1.0,-1.3947368421053388,-1.0,-1.3947368421053388,3.7999999999992724,-1,2024
-1.0,-1.3947368421053388,-1.0,-1.3947368421053388,-1.0,-1.3947368421053388,3.7999999999992724,-1,2024
-1.0,-1.1063754343663665,0.0,-0.10637543436636644,0.0,-0.10637543436636644,14.100999999998749,1,2024
-1.0,-1.1292880537838015,-1.0,-1.1292880537838015,-1.0,-1.1292880537838015,11.60200000000259,-1,2024
-1.0,-1.1045733407696527,0.0,-0.10457334076965279,0.0,-0.10457334076965279,14.34400000000096,1,2024
-1.0,-1.1045733407696527,0.0,-0.10457334076965279,0.0,-0.10457334076965279,14.34400000000096,1,2024
-1.0,-1.54466230936875,-1.0,-1.54466230936875,-1.0,-1.54466230936875,2.753999999997177,1,2024
2.0,1.7454175152749416,2.0,1.7454175152749416,2.0,1.7454175152749416,5.891999999999825,1,2024
2.0,1.854524294442798,2.0,1.854524294442798,2.0,1.854524294442798,10.310999999997875,-1,2024
2.0,1.768447051559093,2.0,1.768447051559093,1.6,1.3684470515590932,6.477999999999156,1,2024
2.0,1.768447051559093,2.0,1.768447051559093,1.6,1.3684470515590932,6.477999999999156,1,2024
-1.0,-1.2678093197643876,-1.0,-1.2678093197643876,-1.0,-1.2678093197643876,5.6009999999987485,-1,2024
2.0,1.7058246715041208,0.0,-0.2941753284958792,0.0,-0.2941753284958792,5.098999999998341,1,2024
2.0,1.8197548666186039,0.0,-0.1802451333813962,0.0,-0.1802451333813962,8.322000000000116,-1,2024
-1.0,-1.0914634146341382,-1.0,-1.0914634146341382,-1.0,-1.0914634146341382,16.400000000001455,-1,2024
-1.0,-1.1982553528945572,-1.0,-1.1982553528945572,-1.0,-1.1982553528945572,7.565999999998894,1,2024
-1.0,-1.1806793543724474,0.0,-0.18067935437244734,0.0,-0.18067935437244734,8.30199999999968,-1,2024
2.0,1.9412064437737602,2.0,1.9412064437737602,1.6,1.5412064437737603,25.51299999999901,-1,2024
2.0,1.9273783587509166,2.0,1.9273783587509166,1.6,1.5273783587509167,20.655000000002474,-1,2024
2.0,1.9273783587509166,2.0,1.9273783587509166,1.6,1.5273783587509167,20.655000000002474,-1,2024
-1.0,-1.0673007896625972,0.0,-0.0673007896625973,0.0,-0.0673007896625973,22.288000000000466,1,2024
-1.0,-1.0606747026939618,-1.0,-1.0606747026939618,-1.0,-1.0606747026939618,24.721999999997934,1,2024
2.0,1.7418688693857152,2.0,1.7418688693857152,1.6,1.3418688693857153,5.811000000001513,1,2024
2.0,1.9061150403705265,2.0,1.9061150403705265,1.6,1.5061150403705266,15.976999999998952,1,2024
-1.0,-1.082223318533126,-1.0,-1.082223318533126,-1.0,-1.082223318533126,18.243000000002212,-1,2024
-1.0,-1.3382187147690614,-1.0,-1.3382187147690614,-1.0,-1.3382187147690614,4.434999999997672,1,2024
2.0,1.8260062637744876,0.0,-0.17399373622551234,0.0,-0.17399373622551234,8.620999999999185,-1,2024
-1.0,-1.0304933829359035,-1.0,-1.0304933829359035,-1.0,-1.0304933829359035,49.190999999998894,1,2024
-1.0,-1.0304933829359035,-1.0,-1.0304933829359035,-1.0,-1.0304933829359035,49.190999999998894,1,2024
-1.0,-1.0505220613000972,-1.0,-1.0505220613000972,-1.0,-1.0505220613000972,29.69000000000233,1,2024
-1.0,-1.0505220613000972,-1.0,-1.0505220613000972,-1.0,-1.0505220613000972,29.69000000000233,1,2024
-1.0,-1.0968429207824821,-1.0,-1.0968429207824821,-1.0,-1.0968429207824821,15.489000000001397,-1,2024
-1.0,-1.192554557124587,-1.0,-1.192554557124587,-1.0,-1.192554557124587,7.789999999997235,1,2024
-1.0,-1.4636785162286645,-1.0,-1.4636785162286645,-1.0,-1.4636785162286645,3.235000000000582,-1,2024
2.0,1.6310870634532548,2.0,1.6310870634532548,2.0,1.6310870634532548,4.066000000002532,-1,2024
2.0,1.7948297086581266,2.0,1.7948297086581266,2.0,1.7948297086581266,7.310999999997875,1,2024
-1.0,-1.1241002730206053,-1.0,-1.1241002730206053,-1.0,-1.1241002730206053,12.086999999999534,1,2024
-1.0,-1.088235294117647,-1.0,-1.088235294117647,-1.0,-1.088235294117647,17.0,1,2024
2.0,1.6237772761475726,2.0,1.6237772761475726,2.0,1.6237772761475726,3.9870000000009895,1,2024
2.0,1.8680506685432627,0.0,-0.13194933145673718,0.0,-0.13194933145673718,11.367999999998574,-1,2024
-1.0,-1.076753824898935,-1.0,-1.076753824898935,-1.0,-1.076753824898935,19.543000000001484,1,2024
-1.0,-1.076753824898935,-1.0,-1.076753824898935,-1.0,-1.076753824898935,19.543000000001484,1,2024
-1.0,-1.1083580148811614,-1.0,-1.1083580148811614,-1.0,-1.1083580148811614,13.843000000000757,1,2024
-1.0,-1.3659429129057348,-1.0,-1.3659429129057348,-1.0,-1.3659429129057348,4.098999999998341,-1,2024
2.0,1.9442379182156164,0.0,-0.0557620817843836,0.0,-0.0557620817843836,26.900000000001455,-1,2024
2.0,1.9442379182156164,0.0,-0.0557620817843836,0.0,-0.0557620817843836,26.900000000001455,-1,2024
2.0,1.9442379182156164,0.0,-0.0557620817843836,0.0,-0.0557620817843836,26.900000000001455,-1,2024
2.0,1.9442379182156164,0.0,-0.0557620817843836,0.0,-0.0557620817843836,26.900000000001455,-1,2024
-1.0,-1.1009013857123515,-1.0,-1.1009013857123515,-1.0,-1.1009013857123515,14.866000000001804,1,2024
-1.0,-1.1009013857123515,-1.0,-1.1009013857123515,-1.0,-1.1009013857123515,14.866000000001804,1,2024
-1.0,-1.1009013857123515,-1.0,-1.1009013857123515,-1.0,-1.1009013857123515,14.866000000001804,1,2024
-1.0,-1.1009013857123515,-1.0,-1.1009013857123515,-1.0,-1.1009013857123515,14.866000000001804,1,2024
-1.0,-1.1009013857123515,-1.0,-1.1009013857123515,-1.0,-1.1009013857123515,14.866000000001804,1,2024
2.0,1.7746055597294872,2.0,1.7746055597294872,1.6,1.3746055597294873,6.654999999998836,1,2024
2.0,1.955722171384716,2.0,1.955722171384716,2.0,1.955722171384716,33.87700000000041,-1,2024
2.0,1.955722171384716,2.0,1.955722171384716,2.0,1.955722171384716,33.87700000000041,-1,2024
-1.0,-1.1180823427537017,-1.0,-1.1180823427537017,-1.0,-1.1180823427537017,12.7029999999977,-1,2024
-1.0,-1.1180823427537017,-1.0,-1.1180823427537017,-1.0,-1.1180823427537017,12.7029999999977,-1,2024
-1.0,-1.1180823427537017,-1.0,-1.1180823427537017,-1.0,-1.1180823427537017,12.7029999999977,-1,2024
-1.0,-1.1180823427537017,-1.0,-1.1180823427537017,-1.0,-1.1180823427537017,12.7029999999977,-1,2024
-1.0,-1.0658530160681405,-1.0,-1.0658530160681405,-1.0,-1.0658530160681405,22.77799999999843,1,2024
-1.0,-1.2684323550465408,-1.0,-1.2684323550465408,-1.0,-1.2684323550465408,5.587999999999738,1,2024
-1.0,-1.2684323550465408,-1.0,-1.2684323550465408,-1.0,-1.2684323550465408,5.587999999999738,1,2024
2.0,1.5846026031571105,2.0,1.5846026031571105,1.6,1.1846026031571106,3.611000000000786,1,2024
2.0,1.8983326555510427,2.0,1.8983326555510427,1.6,1.4983326555510428,14.754000000000815,-1,2024
-1.0,-1.1914975105323944,-1.0,-1.1914975105323944,-1.0,-1.1914975105323944,7.832999999998719,-1,2024
-1.0,-1.0584681348665004,-1.0,-1.0584681348665004,-1.0,-1.0584681348665004,25.654999999998836,1,2024
2.0,1.9214577442664227,2.0,1.9214577442664227,2.0,1.9214577442664227,19.098000000001775,-1,2024
-1.0,-1.5997600959615665,0.0,-0.5997600959615665,0.0,-0.5997600959615665,2.5010000000002037,1,2024
-1.0,-1.3309066843150634,-1.0,-1.3309066843150634,-1.0,-1.3309066843150634,4.532999999999447,-1,2024
-1.0,-1.4206393718453352,-1.0,-1.4206393718453352,-1.0,-1.4206393718453352,3.565999999998894,-1,2024
-1.0,-1.2486737400530816,-1.0,-1.2486737400530816,-1.0,-1.2486737400530816,6.031999999999243,1,2024
-1.0,-1.6337135614696778,-1.0,-1.6337135614696778,-1.0,-1.6337135614696778,2.367000000002008,-1,2024
-1.0,-1.256235052955113,-1.0,-1.256235052955113,-1.0,-1.256235052955113,5.854000000002998,1,2024
-1.0,-2.0964912280713186,-1.0,-2.0964912280713186,-1.0,-2.0964912280713186,1.367999999998574,-1,2024
-1.0,-2.0964912280713186,-1.0,-2.0964912280713186,-1.0,-2.0964912280713186,1.367999999998574,-1,2024
2.0,1.607535321821048,2.0,1.607535321821048,1.6,1.207535321821048,3.8220000000001164,-1,2024
-1.0,-1.2632040708896055,-1.0,-1.2632040708896055,-1.0,-1.2632040708896055,5.699000000000524,1,2024
2.0,1.3600682593859277,0.0,-0.6399317406140723,0.0,-0.6399317406140723,2.3440000000009604,-1,2024
-1.0,-1.1758087201125331,-1.0,-1.1758087201125331,-1.0,-1.1758087201125331,8.531999999999243,1,2024
-1.0,-1.3845167905667166,-1.0,-1.3845167905667166,-1.0,-1.3845167905667166,3.900999999998021,-1,2024
-1.0,-1.3845167905667166,-1.0,-1.3845167905667166,-1.0,-1.3845167905667166,3.900999999998021,-1,2024
2.0,1.5936060688159173,0.0,-0.40639393118408274,0.0,-0.40639393118408274,3.690999999998894,1,2024
-1.0,-1.448698773556584,-1.0,-1.448698773556584,-1.0,-1.448698773556584,3.3430000000007567,-1,2024
-1.0,-1.1696256926383002,-1.0,-1.1696256926383002,-1.0,-1.1696256926383002,8.842999999997119,1,2024
2.0,1.7680890538033667,2.0,1.7680890538033667,1.6,1.3680890538033668,6.468000000000757,1,2024
2.0,1.7273223050354582,2.0,1.7273223050354582,1.6,1.3273223050354583,5.501000000000204,-1,2024
2.0,1.844479004665637,2.0,1.844479004665637,2.496257128045612,2.340736132711249,9.645000000000437,-1,2024
-1.0,-1.0969806685200716,-1.0,-1.0969806685200716,-1.0,-1.0969806685200716,15.467000000000553,1,2024
-1.0,-1.1760356765637703,0.0,-0.17603567656377037,0.0,-0.17603567656377037,8.52100000000064,1,2024
-1.0,-1.0823135597870908,-1.0,-1.0823135597870908,-1.0,-1.0823135597870908,18.222999999998137,-1,2024
2.0,1.6207332490516517,2.0,1.6207332490516517,2.0,1.6207332490516517,3.9549999999981083,1,2024
2.0,1.6207332490516517,2.0,1.6207332490516517,2.0,1.6207332490516517,3.9549999999981083,1,2024
2.0,1.6207332490516517,2.0,1.6207332490516517,2.0,1.6207332490516517,3.9549999999981083,1,2024
-1.0,-1.2689135890999714,-1.0,-1.2689135890999714,-1.0,-1.2689135890999714,5.578000000001339,-1,2024
2.0,1.7972699013379532,2.0,1.7972699013379532,2.0,1.7972699013379532,7.3989999999976135,-1,2024
-1.0,-1.4299226139293206,0.0,-0.4299226139293206,0.0,-0.4299226139293206,3.489000000001397,1,2024
-1.0,-1.106982383567501,0.0,-0.106982383567501,0.0,-0.106982383567501,14.02100000000064,-1,2024
-1.0,-1.106982383567501,0.0,-0.106982383567501,0.0,-0.106982383567501,14.02100000000064,-1,2024
-1.0,-1.3176620076237824,-1.0,-1.3176620076237824,-1.0,-1.3176620076237824,4.722000000001572,1,2024
-1.0,-1.1590162196543896,0.0,-0.15901621965438953,0.0,-0.15901621965438953,9.433000000000902,1,2024
-1.0,-1.1590162196543896,0.0,-0.15901621965438953,0.0,-0.15901621965438953,9.433000000000902,1,2024
2.0,1.747687132043722,0.0,-0.2523128679562781,0.0,-0.2523128679562781,5.944999999999709,1,2024
2.0,1.7294372294373117,2.0,1.7294372294373117,2.0,1.7294372294373117,5.544000000001688,1,2024
2.0,1.7294372294373117,2.0,1.7294372294373117,2.0,1.7294372294373117,5.544000000001688,1,2024
2.0,1.7294372294373117,2.0,1.7294372294373117,2.0,1.7294372294373117,5.544000000001688,1,2024
2.0,1.7294372294373117,2.0,1.7294372294373117,2.0,1.7294372294373117,5.544000000001688,1,2024
-1.0,-1.0690194634887034,-1.0,-1.0690194634887034,-1.0,-1.0690194634887034,21.733000000000175,-1,2024
-1.0,-1.0690194634887034,-1.0,-1.0690194634887034,-1.0,-1.0690194634887034,21.733000000000175,-1,2024
-1.0,-1.1380452788514865,0.0,-0.13804527885148657,0.0,-0.13804527885148657,10.865999999998166,-1,2024
2.0,1.949871336430169,2.0,1.949871336430169,1.6,1.549871336430169,29.922999999998865,1,2024
2.0,1.949871336430169,2.0,1.949871336430169,1.6,1.549871336430169,29.922999999998865,1,2024
-1.0,-1.1453206742879272,-1.0,-1.1453206742879272,-1.0,-1.1453206742879272,10.322000000000116,-1,2024
2.0,1.3755203996664827,0.0,-0.6244796003335173,0.0,-0.6244796003335173,2.4019999999982247,-1,2024
-1.0,-1.0793566818326026,-1.0,-1.0793566818326026,-1.0,-1.0793566818326026,18.902000000001863,-1,2024
-1.0,-1.1081003170942618,-1.0,-1.1081003170942618,-1.0,-1.1081003170942618,13.876000000000204,-1,2024
-1.0,-1.1081003170942618,-1.0,-1.1081003170942618,-1.0,-1.1081003170942618,13.876000000000204,-1,2024
-1.0,-1.1081003170942618,-1.0,-1.1081003170942618,-1.0,-1.1081003170942618,13.876000000000204,-1,2024
-1.0,-1.1081003170942618,-1.0,-1.1081003170942618,-1.0,-1.1081003170942618,13.876000000000204,-1,2024
-1.0,-1.0858123569794071,0.0,-0.08581235697940717,0.0,-0.08581235697940717,17.479999999999563,1,2024
-1.0,-1.0858123569794071,0.0,-0.08581235697940717,0.0,-0.08581235697940717,17.479999999999563,1,2024
-1.0,-1.19731649565897,-1.0,-1.19731649565897,-1.0,-1.19731649565897,7.60200000000259,-1,2024
-1.0,-1.181006395559304,-1.0,-1.181006395559304,-1.0,-1.181006395559304,8.287000000000262,-1,2024
-1.0,-1.181006395559304,-1.0,-1.181006395559304,-1.0,-1.181006395559304,8.287000000000262,-1,2024
-1.0,-1.181006395559304,-1.0,-1.181006395559304,-1.0,-1.181006395559304,8.287000000000262,-1,2024
-1.0,-1.181006395559304,-1.0,-1.181006395559304,-1.0,-1.181006395559304,8.287000000000262,-1,2024
-1.0,-1.03303237172429,-1.0,-1.03303237172429,-1.0,-1.03303237172429,45.409999999999854,1,2024
2.0,1.8879593665969443,2.0,1.8879593665969443,2.0,1.8879593665969443,13.38799999999901,1,2024
2.0,1.9722340484608394,2.0,1.9722340484608394,2.0,1.9722340484608394,54.02299999999741,1,2024
2.0,1.9722340484608394,2.0,1.9722340484608394,2.0,1.9722340484608394,54.02299999999741,1,2024
2.0,1.4747899159663438,2.0,1.4747899159663438,2.0,1.4747899159663438,2.855999999999767,1,2024
-1.0,-1.1700487473075631,-1.0,-1.1700487473075631,-1.0,-1.1700487473075631,8.820999999999913,-1,2024
2.0,1.9251235461488523,2.0,1.9251235461488523,2.0,1.9251235461488523,20.032999999999447,-1,2024
2.0,1.9251235461488523,2.0,1.9251235461488523,2.0,1.9251235461488523,20.032999999999447,-1,2024
2.0,1.9251235461488523,2.0,1.9251235461488523,2.0,1.9251235461488523,20.032999999999447,-1,2024
-1.0,-1.146727966350361,-1.0,-1.146727966350361,-1.0,-1.146727966350361,10.223000000001775,1,2024
-1.0,-1.2219920082876548,0.0,-0.22199200828765478,0.0,-0.22199200828765478,6.757000000001426,-1,2024
-1.0,-1.4286939125464668,-1.0,-1.4286939125464668,-1.0,-1.4286939125464668,3.4989999999997963,1,2024
2.0,1.908720258017409,0.0,-0.09127974198259098,0.0,-0.09127974198259098,16.433000000000902,1,2024
-1.0,-1.0639222705190479,-1.0,-1.0639222705190479,-1.0,-1.0639222705190479,23.46600000000035,-1,2024
-1.0,-1.0774593338497225,-1.0,-1.0774593338497225,-1.0,-1.0774593338497225,19.3650000000016,-1,2024
2.0,1.8626499404816215,0.0,-0.13735005951837853,0.0,-0.13735005951837853,10.920999999998457,-1,2024
2.0,1.587118084228096,2.0,1.587118084228096,1.6,1.1871180842280962,3.63300000000163,1,2024
-1.0,-1.1338090990187002,-1.0,-1.1338090990187002,-1.0,-1.1338090990187002,11.210000000002765,-1,2024
-1.0,-1.0580383052814832,-1.0,-1.0580383052814832,-1.0,-1.0580383052814832,25.845000000001164,1,2024
-1.0,-1.0580383052814832,-1.0,-1.0580383052814832,-1.0,-1.0580383052814832,25.845000000001164,1,2024
-1.0,-1.1087823627529136,-1.0,-1.1087823627529136,-1.0,-1.1087823627529136,13.78900000000067,1,2024
-1.0,-1.145475705557202,-1.0,-1.145475705557202,-1.0,-1.145475705557202,10.310999999997875,1,2024
2.0,1.5,2.0,1.5,1.6,1.1,3.0,1,2024
-1.0,-1.5624296962884612,0.0,-0.5624296962884612,0.0,-0.5624296962884612,2.6669999999976426,-1,2024
-1.0,-1.5624296962884612,0.0,-0.5624296962884612,0.0,-0.5624296962884612,2.6669999999976426,-1,2024
-1.0,-1.4821600771454906,-1.0,-1.4821600771454906,-1.0,-1.4821600771454906,3.111000000000786,1,2024
-1.0,-1.4821600771454906,-1.0,-1.4821600771454906,-1.0,-1.4821600771454906,3.111000000000786,1,2024
2.0,1.9105438931297711,2.0,1.9105438931297711,2.0,1.9105438931297711,16.76800000000003,1,2024
2.0,1.9105438931297711,2.0,1.9105438931297711,2.0,1.9105438931297711,16.76800000000003,1,2024
-1.0,-1.4383401519580907,0.0,-0.43834015195809084,0.0,-0.43834015195809084,3.4219999999986612,1,2024
-1.0,-1.4383401519580907,0.0,-0.43834015195809084,0.0,-0.43834015195809084,3.4219999999986612,1,2024
-1.0,-1.0920979922637672,-1.0,-1.0920979922637672,-1.0,-1.0920979922637672,16.287000000000262,1,2024
2.0,1.36575052854068,0.0,-0.6342494714593201,0.0,-0.6342494714593201,2.3649999999979627,1,2024
-1.0,-1.306122448979501,0.0,-0.3061224489795009,0.0,-0.3061224489795009,4.900000000001455,1,2024
-1.0,-1.2611420612813926,-1.0,-1.2611420612813926,-1.0,-1.2611420612813926,5.743999999998778,-1,2024
-1.0,-1.1298026998961523,-1.0,-1.1298026998961523,-1.0,-1.1298026998961523,11.556000000000495,-1,2024
-1.0,-1.0578168362627207,-1.0,-1.0578168362627207,-1.0,-1.0578168362627207,25.943999999999505,1,2024
2.0,1.843391104614764,2.0,1.843391104614764,1.6,1.443391104614764,9.578000000001339,-1,2024
2.0,1.843391104614764,2.0,1.843391104614764,1.6,1.443391104614764,9.578000000001339,-1,2024
2.0,1.843391104614764,2.0,1.843391104614764,1.6,1.443391104614764,9.578000000001339,-1,2024
2.0,1.6601721794291409,0.0,-0.3398278205708592,0.0,-0.3398278205708592,4.414000000000669,-1,2024
-1.0,-1.105218855218873,-1.0,-1.105218855218873,-1.0,-1.105218855218873,14.255999999997584,1,2024
-1.0,-1.1607372481783367,-1.0,-1.1607372481783367,-1.0,-1.1607372481783367,9.331999999998516,-1,2024
-1.0,-1.1607372481783367,-1.0,-1.1607372481783367,-1.0,-1.1607372481783367,9.331999999998516,-1,2024
-1.0,-1.3045685279188266,-1.0,-1.3045685279188266,-1.0,-1.3045685279188266,4.924999999999272,-1,2024
-1.0,-1.3045685279188266,-1.0,-1.3045685279188266,-1.0,-1.3045685279188266,4.924999999999272,-1,2024
-1.0,-1.2482210822438575,-1.0,-1.2482210822438575,-1.0,-1.2482210822438575,6.043000000001484,1,2024
2.0,1.7622820919176405,0.0,-0.23771790808235954,0.0,-0.23771790808235954,6.31000000000131,1,2024
2.0,1.7712368461186763,2.0,1.7712368461186763,1.6,1.3712368461186764,6.5570000000006985,-1,2024
2.0,1.4402985074627472,2.0,1.4402985074627472,1.6,1.0402985074627473,2.680000000000291,-1,2024
2.0,1.8654225731204097,0.0,-0.13457742687959034,0.0,-0.13457742687959034,11.14600000000064,1,2024
2.0,1.8363695865605116,2.0,1.8363695865605116,2.0,1.8363695865605116,9.16700000000128,1,2024
2.0,1.8363695865605116,2.0,1.8363695865605116,2.0,1.8363695865605116,9.16700000000128,1,2024
-1.0,-1.0266903914590761,-1.0,-1.0266903914590761,-1.0,-1.0266903914590761,56.19999999999709,1,2024
2.0,1.8404255319149183,2.0,1.8404255319149183,1.6,1.4404255319149184,9.400000000001455,-1,2024
2.0,1.8404255319149183,2.0,1.8404255319149183,1.6,1.4404255319149184,9.400000000001455,-1,2024
-1.0,-1.3720238095238795,-1.0,-1.3720238095238795,-1.0,-1.3720238095238795,4.031999999999243,1,2024
-1.0,-1.3720238095238795,-1.0,-1.3720238095238795,-1.0,-1.3720238095238795,4.031999999999243,1,2024
2.0,1.927804784136311,0.0,-0.07219521586368896,0.0,-0.07219521586368896,20.777000000001863,1,2024
2.0,1.927804784136311,0.0,-0.07219521586368896,0.0,-0.07219521586368896,20.777000000001863,1,2024
2.0,1.927804784136311,0.0,-0.07219521586368896,0.0,-0.07219521586368896,20.777000000001863,1,2024
2.0,1.927804784136311,0.0,-0.07219521586368896,0.0,-0.07219521586368896,20.777000000001863,1,2024
2.0,1.927804784136311,0.0,-0.07219521586368896,0.0,-0.07219521586368896,20.777000000001863,1,2024
2.0,1.927804784136311,0.0,-0.07219521586368896,0.0,-0.07219521586368896,20.777000000001863,1,2024
-1.0,-1.1095850379894645,-1.0,-1.1095850379894645,-1.0,-1.1095850379894645,13.68800000000192,1,2024
-1.0,-1.1923076923077103,-1.0,-1.1923076923077103,-1.0,-1.1923076923077103,7.799999999999272,-1,2024
2.0,1.557391560932326,2.0,1.557391560932326,1.6,1.157391560932326,3.388999999999214,-1,2024
2.0,1.9194025038955491,2.0,1.9194025038955491,2.0,1.9194025038955491,18.611000000000786,1,2024
2.0,1.7703612982241008,0.0,-0.22963870177589923,0.0,-0.22963870177589923,6.531999999999243,1,2024
-1.0,-1.431158378844575,-1.0,-1.431158378844575,-1.0,-1.431158378844575,3.4789999999993597,-1,2024
-1.0,-1.965250965250911,-1.0,-1.965250965250911,-1.0,-1.965250965250911,1.5540000000000873,1,2024
2.0,1.939246658566227,2.0,1.939246658566227,2.0,1.939246658566227,24.69000000000233,1,2024
2.0,1.939246658566227,2.0,1.939246658566227,2.0,1.939246658566227,24.69000000000233,1,2024
-1.0,-1.2122241086587646,0.0,-0.2122241086587646,0.0,-0.2122241086587646,7.0679999999993015,-1,2024
2.0,1.874644827009865,2.0,1.874644827009865,2.0,1.874644827009865,11.96600000000035,1,2024
2.0,1.8792464981484687,2.0,1.8792464981484687,2.0,1.8792464981484687,12.4220000000023,1,2024
2.0,1.787052810902947,0.0,-0.21294718909705287,0.0,-0.21294718909705287,7.044000000001688,1,2024
2.0,0.8847583643132328,2.0,0.8847583643132328,1.6,0.48475836431323294,1.3450000000011642,-1,2024
-1.0,-2.0067114093948915,-1.0,-2.0067114093948915,-1.0,-2.0067114093948915,1.4900000000016007,1,2024
-1.0,-1.2181183655663679,-1.0,-1.2181183655663679,-1.0,-1.2181183655663679,6.8770000000004075,1,2024
2.0,1.7572422722123355,2.0,1.7572422722123355,1.6,1.3572422722123356,6.179000000000087,-1,2024
2.0,1.8709344346928172,2.0,1.8709344346928172,1.6,1.4709344346928173,11.621999999999389,-1,2024
2.0,1.9517219182491146,2.0,1.9517219182491146,2.0,1.9517219182491146,31.06999999999971,-1,2024
2.0,1.7680531931342638,2.0,1.7680531931342638,1.6,1.3680531931342639,6.466999999996915,1,2024
2.0,1.7680531931342638,2.0,1.7680531931342638,1.6,1.3680531931342639,6.466999999996915,1,2024
2.0,1.7680531931342638,2.0,1.7680531931342638,1.6,1.3680531931342639,6.466999999996915,1,2024
2.0,1.7680531931342638,2.0,1.7680531931342638,1.6,1.3680531931342639,6.466999999996915,1,2024
2.0,1.7680531931342638,2.0,1.7680531931342638,1.6,1.3680531931342639,6.466999999996915,1,2024
2.0,1.7367959291103945,2.0,1.7367959291103945,1.6,1.3367959291103946,5.699000000000524,1,2024
-1.0,-1.4355400696864737,0.0,-0.43554006968647374,0.0,-0.43554006968647374,3.4439999999995052,-1,2024
-1.0,-1.2672843905915423,-1.0,-1.2672843905915423,-1.0,-1.2672843905915423,5.6120000000009895,1,2024
-1.0,-1.6399317406140723,-1.0,-1.6399317406140723,-1.0,-1.6399317406140723,2.3440000000009604,-1,2024
-1.0,-1.4155124653738942,-1.0,-1.4155124653738942,-1.0,-1.4155124653738942,3.610000000000582,-1,2024
-1.0,-1.4961958319548396,-1.0,-1.4961958319548396,-1.0,-1.4961958319548396,3.0230000000010477,1,2024
-1.0,-1.0924727205474307,-1.0,-1.0924727205474307,-1.0,-1.0924727205474307,16.221000000001368,-1,2024
-1.0,-1.111474435196209,0.0,-0.11147443519620899,0.0,-0.11147443519620899,13.455999999998312,-1,2024
-1.0,-1.111474435196209,0.0,-0.11147443519620899,0.0,-0.11147443519620899,13.455999999998312,-1,2024
-1.0,-1.0683589299548852,-1.0,-1.0683589299548852,-1.0,-1.0683589299548852,21.9429999999993,1,2024
-1.0,-1.0683589299548852,-1.0,-1.0683589299548852,-1.0,-1.0683589299548852,21.9429999999993,1,2024
2.0,1.5360346427467,2.0,1.5360346427467,1.6,1.1360346427467,3.2330000000001746,1,2024
2.0,1.5360346427467,2.0,1.5360346427467,1.6,1.1360346427467,3.2330000000001746,1,2024
2.0,1.6227364185109476,0.0,-0.37726358148905237,0.0,-0.37726358148905237,3.9759999999987485,-1,2024
-1.0,-1.9253547193095337,-1.0,-1.9253547193095337,-1.0,-1.9253547193095337,1.620999999999185,1,2024
-1.0,-1.3601440576229737,-1.0,-1.3601440576229737,-1.0,-1.3601440576229737,4.165000000000873,-1,2024
2.0,1.862284245317662,2.0,1.862284245317662,1.6,1.462284245317662,10.891999999999825,-1,2024
2.0,1.862284245317662,2.0,1.862284245317662,1.6,1.462284245317662,10.891999999999825,-1,2024
-1.0,-1.0368541313481265,-1.0,-1.0368541313481265,-1.0,-1.0368541313481265,40.70099999999729,1,2024
-1.0,-1.2760905577028807,-1.0,-1.2760905577028807,-1.0,-1.2760905577028807,5.433000000000902,-1,2024
-1.0,-1.2993414488124784,0.0,-0.2993414488124784,0.0,-0.2993414488124784,5.011000000002241,-1,2024
2.0,1.7993847799919473,2.0,1.7993847799919473,2.480674067139423,2.2800588471313703,7.476999999998952,1,2024
2.0,1.9287275491779858,0.0,-0.07127245082201415,0.0,-0.07127245082201415,21.045999999998457,-1,2024
-1.0,-1.048368373532828,-1.0,-1.048368373532828,-1.0,-1.048368373532828,31.011999999998807,-1,2024
-1.0,-1.048368373532828,-1.0,-1.048368373532828,-1.0,-1.048368373532828,31.011999999998807,-1,2024
-1.0,-1.2393871688477642,0.0,-0.2393871688477642,0.0,-0.2393871688477642,6.265999999999622,1,2024
2.0,1.7267261796320608,0.0,-0.2732738203679392,0.0,-0.2732738203679392,5.489000000001397,-1,2024
-1.0,-1.1006103695754021,-1.0,-1.1006103695754021,-1.0,-1.1006103695754021,14.909000000003289,-1,2024
2.0,1.8963157530932506,2.0,1.8963157530932506,1.6,1.4963157530932507,14.467000000000553,1,2024
2.0,1.8963157530932506,2.0,1.8963157530932506,1.6,1.4963157530932507,14.467000000000553,1,2024
-1.0,-1.5397625044975798,0.0,-0.5397625044975799,0.0,-0.5397625044975799,2.77900000000227,1,2024
-1.0,-1.5397625044975798,0.0,-0.5397625044975799,0.0,-0.5397625044975799,2.77900000000227,1,2024
-1.0,-1.1172699554374403,-1.0,-1.1172699554374403,-1.0,-1.1172699554374403,12.790999999997439,1,2024
-1.0,-1.4854368932038606,-1.0,-1.4854368932038606,-1.0,-1.4854368932038606,3.0900000000001455,-1,2024
-1.0,-1.063982255587785,-1.0,-1.063982255587785,-1.0,-1.063982255587785,23.443999999999505,-1,2024
-1.0,-1.063982255587785,-1.0,-1.063982255587785,-1.0,-1.063982255587785,23.443999999999505,-1,2024
2.0,1.9084137257296407,0.0,-0.09158627427035926,0.0,-0.09158627427035926,16.37800000000061,1,2024
-1.0,-1.1039284971939503,-1.0,-1.1039284971939503,-1.0,-1.1039284971939503,14.432999999997264,1,2024
-1.0,-1.1039284971939503,-1.0,-1.1039284971939503,-1.0,-1.1039284971939503,14.432999999997264,1,2024
2.0,1.677072120559772,0.0,-0.322927879440228,0.0,-0.322927879440228,4.645000000000437,1,2024
2.0,1.818071558520293,2.0,1.818071558520293,2.0,1.818071558520293,8.244999999998981,-1,2024
2.0,1.818071558520293,2.0,1.818071558520293,2.0,1.818071558520293,8.244999999998981,-1,2024
-1.0,-1.0645633366332368,0.0,-0.06456333663323673,0.0,-0.06456333663323673,23.233000000000175,1,2024
2.0,1.6475563909775448,0.0,-0.35244360902245514,0.0,-0.35244360902245514,4.256000000001222,-1,2024
-1.0,-1.2153007033156138,-1.0,-1.2153007033156138,-1.0,-1.2153007033156138,6.967000000000553,-1,2024
2.0,1.9161449016100132,2.0,1.9161449016100132,2.0,1.9161449016100132,17.88799999999901,1,2024
2.0,1.9161449016100132,2.0,1.9161449016100132,2.0,1.9161449016100132,17.88799999999901,1,2024
2.0,1.9066932072654943,2.0,1.9066932072654943,2.0,1.9066932072654943,16.07600000000093,1,2024
2.0,1.9066932072654943,2.0,1.9066932072654943,2.0,1.9066932072654943,16.07600000000093,1,2024
-1.0,-1.1090433265484057,-1.0,-1.1090433265484057,-1.0,-1.1090433265484057,13.756000000001222,-1,2024
-1.0,-1.5793742757821683,0.0,-0.5793742757821683,0.0,-0.5793742757821683,2.588999999999942,-1,2024
2.0,1.3946731234864767,2.0,1.3946731234864767,2.0,1.3946731234864767,2.477999999999156,1,2024
-1.0,-1.103677080453409,-1.0,-1.103677080453409,-1.0,-1.103677080453409,14.468000000000757,-1,2024
-1.0,-1.1567889620570264,-1.0,-1.1567889620570264,-1.0,-1.1567889620570264,9.567000000002736,1,2024
-1.0,-1.1767200754005407,0.0,-0.17672007540054066,0.0,-0.17672007540054066,8.488000000001193,1,2024
-1.0,-1.5603287261860963,-1.0,-1.5603287261860963,-1.0,-1.5603287261860963,2.67699999999968,1,2024
-1.0,-1.5603287261860963,-1.0,-1.5603287261860963,-1.0,-1.5603287261860963,2.67699999999968,1,2024
-1.0,-1.1346136587992457,0.0,-0.1346136587992458,0.0,-0.1346136587992458,11.143000000000029,1,2024
2.0,1.8246639392168382,2.0,1.8246639392168382,2.0,1.8246639392168382,8.555000000000291,-1,2024
-1.0,-1.1103915219311178,-1.0,-1.1103915219311178,-1.0,-1.1103915219311178,13.587999999999738,1,2024
-1.0,-1.0306886533818893,-1.0,-1.0306886533818893,-1.0,-1.0306886533818893,48.87800000000061,-1,2024
-1.0,-1.0840100812097473,-1.0,-1.0840100812097473,-1.0,-1.0840100812097473,17.854999999999563,1,2024
2.0,1.8163565132222825,2.0,1.8163565132222825,1.6,1.4163565132222826,8.167999999997846,1,2024
-1.0,-1.1909368635437938,-1.0,-1.1909368635437938,-1.0,-1.1909368635437938,7.855999999999767,-1,2024
-1.0,-1.1909368635437938,-1.0,-1.1909368635437938,-1.0,-1.1909368635437938,7.855999999999767,-1,2024
2.0,1.9615276103516355,2.0,1.9615276103516355,2.0,1.9615276103516355,38.98899999999776,-1,2024
-1.0,-1.1425719988594154,-1.0,-1.1425719988594154,-1.0,-1.1425719988594154,10.52100000000064,1,2024
-1.0,-1.1425719988594154,-1.0,-1.1425719988594154,-1.0,-1.1425719988594154,10.52100000000064,1,2024
2.0,1.4661921708180632,2.0,1.4661921708180632,1.6,1.0661921708180633,2.8099999999976717,1,2024
-1.0,-1.248591315876713,-1.0,-1.248591315876713,-1.0,-1.248591315876713,6.033999999999651,1,2024
-1.0,-1.248591315876713,-1.0,-1.248591315876713,-1.0,-1.248591315876713,6.033999999999651,1,2024
-1.0,-1.089938841587721,-1.0,-1.089938841587721,-1.0,-1.089938841587721,16.677999999999884,1,2024
-1.0,-1.089938841587721,-1.0,-1.089938841587721,-1.0,-1.089938841587721,16.677999999999884,1,2024
-1.0,-1.3443526170799083,0.0,-0.3443526170799082,0.0,-0.3443526170799082,4.355999999999767,-1,2024
-1.0,-1.3443526170799083,0.0,-0.3443526170799082,0.0,-0.3443526170799082,4.355999999999767,-1,2024
2.0,1.2537313432843384,2.0,1.2537313432843384,1.6,0.8537313432843385,2.0100000000020373,1,2024
2.0,1.2537313432843384,2.0,1.2537313432843384,1.6,0.8537313432843385,2.0100000000020373,1,2024
-1.0,-1.1664632116301883,0.0,-0.16646321163018832,0.0,-0.16646321163018832,9.011000000002241,-1,2024
-1.0,-1.1664632116301883,0.0,-0.16646321163018832,0.0,-0.16646321163018832,9.011000000002241,-1,2024
-1.0,-1.0769230769230769,-1.0,-1.0769230769230769,-1.0,-1.0769230769230769,19.5,1,2024
-1.0,-1.0769230769230769,-1.0,-1.0769230769230769,-1.0,-1.0769230769230769,19.5,1,2024
-1.0,-1.501840080294789,0.0,-0.5018400802947891,0.0,-0.5018400802947891,2.988999999997759,1,2024
-1.0,-1.067665102850963,-1.0,-1.067665102850963,-1.0,-1.067665102850963,22.167999999997846,1,2024
-1.0,-1.158027812895036,-1.0,-1.158027812895036,-1.0,-1.158027812895036,9.492000000002008,-1,2024
-1.0,-1.1422475106685377,0.0,-0.14224751066853777,0.0,-0.14224751066853777,10.545000000001892,1,2024
-1.0,-1.1422475106685377,0.0,-0.14224751066853777,0.0,-0.14224751066853777,10.545000000001892,1,2024
-1.0,-1.6648936170209163,-1.0,-1.6648936170209163,-1.0,-1.6648936170209163,2.2560000000012224,1,2024
2.0,1.9054045531941728,2.0,1.9054045531941728,2.0,1.9054045531941728,15.856999999999971,-1,2024
-1.0,-1.0310694090598405,-1.0,-1.0310694090598405,-1.0,-1.0310694090598405,48.27899999999863,-1,2024
-1.0,-1.3260869565218423,-1.0,-1.3260869565218423,-1.0,-1.3260869565218423,4.599999999998545,1,2024
-1.0,-1.6714413607888043,0.0,-0.6714413607888042,0.0,-0.6714413607888042,2.2339999999967404,-1,2024
2.0,1.895178197064999,0.0,-0.10482180293500089,0.0,-0.10482180293500089,14.31000000000131,1,2024
2.0,1.9491732176741643,2.0,1.9491732176741643,2.0,1.9491732176741643,29.511999999998807,1,2024
-1.0,-1.0358568594172075,-1.0,-1.0358568594172075,-1.0,-1.0358568594172075,41.83299999999872,1,2024
-1.0,-1.0358568594172075,-1.0,-1.0358568594172075,-1.0,-1.0358568594172075,41.83299999999872,1,2024
-1.0,-1.1424095699231063,-1.0,-1.1424095699231063,-1.0,-1.1424095699231063,10.532999999999447,-1,2024
2.0,1.7558196321015802,2.0,1.7558196321015802,2.0,1.7558196321015802,6.143000000000029,1,2024
2.0,1.7558196321015802,2.0,1.7558196321015802,2.0,1.7558196321015802,6.143000000000029,1,2024
2.0,1.3315508021386733,2.0,1.3315508021386733,1.6,0.9315508021386734,2.2439999999987776,-1,2024
2.0,1.350930333188499,2.0,1.350930333188499,1.6,0.950930333188499,2.3109999999978754,1,2024
-1.0,-1.2153007033156138,-1.0,-1.2153007033156138,-1.0,-1.2153007033156138,6.967000000000553,1,2024
-1.0,-1.3856041131105976,-1.0,-1.3856041131105976,-1.0,-1.3856041131105976,3.889999999999418,-1,2024
2.0,1.7424008243173763,0.0,-0.25759917568262364,0.0,-0.25759917568262364,5.82300000000032,1,2024
-1.0,-1.1934485426876247,-1.0,-1.1934485426876247,-1.0,-1.1934485426876247,7.754000000000815,1,2024
2.0,1.913644214162362,2.0,1.913644214162362,1.6,1.513644214162362,17.37000000000262,-1,2024
-1.0,-1.25,-1.0,-1.25,-1.0,-1.25,6.0,1,2024
-1.0,-1.25,-1.0,-1.25,-1.0,-1.25,6.0,1,2024
2.0,1.6134020618557716,0.0,-0.3865979381442284,0.0,-0.3865979381442284,3.8800000000010186,1,2024
2.0,1.7341839447102618,2.0,1.7341839447102618,1.6,1.334183944710262,5.643000000000029,1,2024
-1.0,-1.050619242061219,-1.0,-1.050619242061219,-1.0,-1.050619242061219,29.632999999997992,1,2024
2.0,1.9662511812086576,0.0,-0.033748818791342367,0.0,-0.033748818791342367,44.44599999999991,-1,2024
2.0,1.8026575450599225,0.0,-0.1973424549400775,0.0,-0.1973424549400775,7.6010000000023865,1,2024
-1.0,-1.113361547762999,-1.0,-1.113361547762999,-1.0,-1.113361547762999,13.231999999999971,1,2024
-1.0,-1.113361547762999,-1.0,-1.113361547762999,-1.0,-1.113361547762999,13.231999999999971,1,2024
-1.0,-1.0901117385558254,-1.0,-1.0901117385558254,-1.0,-1.0901117385558254,16.645999999997002,-1,2024
-1.0,-1.0901117385558254,-1.0,-1.0901117385558254,-1.0,-1.0901117385558254,16.645999999997002,-1,2024
-1.0,-1.0901117385558254,-1.0,-1.0901117385558254,-1.0,-1.0901117385558254,16.645999999997002,-1,2024
-1.0,-1.1387604070305104,-1.0,-1.1387604070305104,-1.0,-1.1387604070305104,10.81000000000131,1,2024
2.0,1.8704215618521183,2.0,1.8704215618521183,2.0,1.8704215618521183,11.576000000000931,-1,2024
-1.0,-1.1054778144996735,-1.0,-1.1054778144996735,-1.0,-1.1054778144996735,14.221000000001368,-1,2024
-1.0,-1.2557108762358573,0.0,-0.25571087623585725,0.0,-0.25571087623585725,5.866000000001804,-1,2024
-1.0,-1.204498977505137,-1.0,-1.204498977505137,-1.0,-1.204498977505137,7.334999999999127,1,2024
-1.0,-1.0797236247674784,-1.0,-1.0797236247674784,-1.0,-1.0797236247674784,18.81499999999869,-1,2024
-1.0,-1.1384274640088679,0.0,-0.1384274640088679,0.0,-0.1384274640088679,10.83599999999933,1,2024
-1.0,-1.064441293981188,-1.0,-1.064441293981188,-1.0,-1.064441293981188,23.276999999998225,-1,2024
2.0,1.9159004261045045,2.0,1.9159004261045045,1.6,1.5159004261045046,17.83599999999933,1,2024
2.0,1.7528015820698464,0.0,-0.2471984179301537,0.0,-0.2471984179301537,6.0679999999993015,-1,2024
2.0,1.7199402539210145,0.0,-0.2800597460789855,0.0,-0.2800597460789855,5.356000000003405,-1,2024
2.0,1.7199402539210145,0.0,-0.2800597460789855,0.0,-0.2800597460789855,5.356000000003405,-1,2024
2.0,1.7199402539210145,0.0,-0.2800597460789855,0.0,-0.2800597460789855,5.356000000003405,-1,2024
-1.0,-1.0688073394495436,-1.0,-1.0688073394495436,-1.0,-1.0688073394495436,21.799999999999272,-1,2024
2.0,1.9487459851021656,0.0,-0.05125401489783433,0.0,-0.05125401489783433,29.26599999999962,-1,2024
-1.0,-1.0956754688097978,-1.0,-1.0956754688097978,-1.0,-1.0956754688097978,15.677999999999884,1,2024
2.0,1.8612780911865594,0.0,-0.13872190881344063,0.0,-0.13872190881344063,10.81300000000192,1,2024
2.0,1.8612780911865594,0.0,-0.13872190881344063,0.0,-0.13872190881344063,10.81300000000192,1,2024
-1.0,-1.1400168020162453,-1.0,-1.1400168020162453,-1.0,-1.1400168020162453,10.712999999999738,-1,2024
-1.0,-1.5057316250842292,-1.0,-1.5057316250842292,-1.0,-1.5057316250842292,2.9660000000003492,-1,2024
-1.0,-1.0776759359950372,-1.0,-1.0776759359950372,-1.0,-1.0776759359950372,19.310999999997875,1,2024
-1.0,-1.0776759359950372,-1.0,-1.0776759359950372,-1.0,-1.0776759359950372,19.310999999997875,1,2024
-1.0,-1.1713111009593182,0.0,-0.17131110095931826,0.0,-0.17131110095931826,8.756000000001222,-1,2024
-1.0,-1.1713111009593182,0.0,-0.17131110095931826,0.0,-0.17131110095931826,8.756000000001222,-1,2024
2.0,1.830852503382992,2.0,1.830852503382992,1.6,1.4308525033829922,8.868000000002212,-1,2024
2.0,1.830852503382992,2.0,1.830852503382992,1.6,1.4308525033829922,8.868000000002212,-1,2024
-1.0,-1.3046303818032445,-1.0,-1.3046303818032445,-1.0,-1.3046303818032445,4.924000000002707,1,2024
-1.0,-1.0667616165212725,-1.0,-1.0667616165212725,-1.0,-1.0667616165212725,22.468000000000757,1,2024
2.0,1.8848103209952463,2.0,1.8848103209952463,1.6,1.4848103209952463,13.022000000000844,-1,2024
-1.0,-1.1057977147693618,0.0,-0.10579771476936185,0.0,-0.10579771476936185,14.177999999999884,-1,2024
-1.0,-1.2738225629790498,-1.0,-1.2738225629790498,-1.0,-1.2738225629790498,5.478000000002794,1,2024
-1.0,-1.4066142586068353,-1.0,-1.4066142586068353,-1.0,-1.4066142586068353,3.6889999999984866,1,2024
-1.0,-1.1302988186240168,-1.0,-1.1302988186240168,-1.0,-1.1302988186240168,11.512000000002445,-1,2024
2.0,1.9567461576170018,2.0,1.9567461576170018,2.0,1.9567461576170018,34.67900000000009,1,2024
2.0,1.9567461576170018,2.0,1.9567461576170018,2.0,1.9567461576170018,34.67900000000009,1,2024
-1.0,-1.103206274941519,-1.0,-1.103206274941519,-1.0,-1.103206274941519,14.53399999999965,1,2024
-1.0,-1.103206274941519,-1.0,-1.103206274941519,-1.0,-1.103206274941519,14.53399999999965,1,2024
2.0,1.7198356369069518,2.0,1.7198356369069518,1.6,1.319835636906952,5.35399999999936,-1,2024
2.0,1.970878875536313,2.0,1.970878875536313,2.0,1.970878875536313,51.508999999998196,-1,2024
2.0,1.970878875536313,2.0,1.970878875536313,2.0,1.970878875536313,51.508999999998196,-1,2024
2.0,1.970878875536313,2.0,1.970878875536313,2.0,1.970878875536313,51.508999999998196,-1,2024
2.0,1.970878875536313,2.0,1.970878875536313,2.0,1.970878875536313,51.508999999998196,-1,2024
-1.0,-1.1007590515214452,-1.0,-1.1007590515214452,-1.0,-1.1007590515214452,14.887000000002445,1,2024
2.0,1.8701973001038477,2.0,1.8701973001038477,1.6,1.4701973001038477,11.556000000000495,-1,2024
-1.0,-1.0606697945316332,0.0,-0.06066979453163326,0.0,-0.06066979453163326,24.72399999999834,-1,2024
2.0,1.901813183216612,2.0,1.901813183216612,2.0,1.901813183216612,15.277000000001863,-1,2024
2.0,1.9342393686979433,2.0,1.9342393686979433,1.6,1.5342393686979434,22.81000000000131,1,2024
-1.0,-1.0945477466120295,-1.0,-1.0945477466120295,-1.0,-1.0945477466120295,15.8650000000016,-1,2024
-1.0,-1.0945477466120295,-1.0,-1.0945477466120295,-1.0,-1.0945477466120295,15.8650000000016,-1,2024
2.0,1.9572113190324014,2.0,1.9572113190324014,2.0,1.9572113190324014,35.05599999999686,-1,2024
-1.0,-1.0375196978413672,-1.0,-1.0375196978413672,-1.0,-1.0375196978413672,39.97899999999936,-1,2024
2.0,1.9563242487770802,2.0,1.9563242487770802,2.0,1.9563242487770802,34.34400000000096,1,2024
2.0,1.9671268902038115,2.0,1.9671268902038115,2.0,1.9671268902038115,45.62999999999738,1,2024
2.0,1.9671268902038115,2.0,1.9671268902038115,2.0,1.9671268902038115,45.62999999999738,1,2024
-1.0,-1.0613672626109742,0.0,-0.06136726261097422,0.0,-0.06136726261097422,24.4429999999993,1,2024
-1.0,-1.0613672626109742,0.0,-0.06136726261097422,0.0,-0.06136726261097422,24.4429999999993,1,2024
-1.0,-1.0536980024343072,-1.0,-1.0536980024343072,-1.0,-1.0536980024343072,27.934000000001106,1,2024
-1.0,-1.0536980024343072,-1.0,-1.0536980024343072,-1.0,-1.0536980024343072,27.934000000001106,1,2024
-1.0,-1.0536980024343072,-1.0,-1.0536980024343072,-1.0,-1.0536980024343072,27.934000000001106,1,2024
-1.0,-1.0508112868805246,-1.0,-1.0508112868805246,-1.0,-1.0508112868805246,29.52100000000064,1,2024
-1.0,-1.1335232330425449,-1.0,-1.1335232330425449,-1.0,-1.1335232330425449,11.234000000000378,-1,2024
-1.0,-1.0658154534684714,-1.0,-1.0658154534684714,-1.0,-1.0658154534684714,22.791000000001077,-1,2024
-1.0,-1.0536346408266875,-1.0,-1.0536346408266875,-1.0,-1.0536346408266875,27.967000000000553,1,2024
-1.0,-1.16523463317909,-1.0,-1.16523463317909,-1.0,-1.16523463317909,9.078000000001339,-1,2024
-1.0,-1.0717291507268545,-1.0,-1.0717291507268545,-1.0,-1.0717291507268545,20.912000000000262,1,2024
2.0,1.8249299719887813,2.0,1.8249299719887813,2.0,1.8249299719887813,8.567999999999302,1,2024
2.0,1.8249299719887813,2.0,1.8249299719887813,2.0,1.8249299719887813,8.567999999999302,1,2024
-1.0,-1.1156871818602467,-1.0,-1.1156871818602467,-1.0,-1.1156871818602467,12.96600000000035,-1,2024
-1.0,-1.3357206803938553,0.0,-0.3357206803938554,0.0,-0.3357206803938554,4.468000000000757,-1,2024
2.0,1.903654698439203,2.0,1.903654698439203,1.6,1.5036546984392032,15.568999999999505,-1,2024
2.0,1.695925400364945,2.0,1.695925400364945,1.6,1.2959254003649452,4.933000000000902,1,2024
-1.0,-1.368822227686337,-1.0,-1.368822227686337,-1.0,-1.368822227686337,4.066999999999098,1,2024
2.0,1.8043563323334095,2.0,1.8043563323334095,1.6,1.4043563323334096,7.667000000001281,-1,2024
-1.0,-1.3074400491905858,0.0,-0.30744004919058576,0.0,-0.30744004919058576,4.878999999997177,-1,2024
2.0,1.807667649698746,2.0,1.807667649698746,1.6,1.4076676496987461,7.799000000002707,1,2024
-1.0,-1.053592482761082,-1.0,-1.053592482761082,-1.0,-1.053592482761082,27.989000000001397,-1,2024
-1.0,-1.053592482761082,-1.0,-1.053592482761082,-1.0,-1.053592482761082,27.989000000001397,-1,2024
-1.0,-1.2250562640661098,-1.0,-1.2250562640661098,-1.0,-1.2250562640661098,6.664999999997235,1,2024
-1.0,-1.4065040650407947,-1.0,-1.4065040650407947,-1.0,-1.4065040650407947,3.6899999999986903,-1,2024
2.0,1.9476311838843696,2.0,1.9476311838843696,2.0,1.9476311838843696,28.64300000000003,1,2024
-1.0,-1.0428436777012955,0.0,-0.04284367770129559,0.0,-0.04284367770129559,35.0109999999986,-1,2024
-1.0,-1.0428436777012955,0.0,-0.04284367770129559,0.0,-0.04284367770129559,35.0109999999986,-1,2024
-1.0,-1.421585160202254,-1.0,-1.421585160202254,-1.0,-1.421585160202254,3.558000000000902,1,2024
-1.0,-1.4621072088725744,-1.0,-1.4621072088725744,-1.0,-1.4621072088725744,3.245999999999185,-1,2024
-1.0,-1.225056264065987,-1.0,-1.225056264065987,-1.0,-1.225056264065987,6.665000000000873,1,2024
-1.0,-1.0943455563242896,-1.0,-1.0943455563242896,-1.0,-1.0943455563242896,15.899000000001251,-1,2024
-1.0,-1.0943455563242896,-1.0,-1.0943455563242896,-1.0,-1.0943455563242896,15.899000000001251,-1,2024
-1.0,-1.0943455563242896,-1.0,-1.0943455563242896,-1.0,-1.0943455563242896,15.899000000001251,-1,2024
2.0,1.9311642421182977,2.0,1.9311642421182977,2.0,1.9311642421182977,21.79099999999744,-1,2024
2.0,1.9311642421182977,2.0,1.9311642421182977,2.0,1.9311642421182977,21.79099999999744,-1,2024
2.0,1.9311642421182977,2.0,1.9311642421182977,2.0,1.9311642421182977,21.79099999999744,-1,2024
-1.0,-1.3869969040247474,-1.0,-1.3869969040247474,-1.0,-1.3869969040247474,3.8760000000002037,1,2024
2.0,1.977644972354283,2.0,1.977644972354283,2.0,1.977644972354283,67.09900000000198,-1,2024
2.0,1.977644972354283,2.0,1.977644972354283,2.0,1.977644972354283,67.09900000000198,-1,2024
2.0,1.9028056761485186,0.0,-0.09719432385148138,0.0,-0.09719432385148138,15.433000000000902,1,2024
-1.0,-1.3627569528414174,-1.0,-1.3627569528414174,-1.0,-1.3627569528414174,4.135000000002037,1,2024
2.0,1.7712019524100233,2.0,1.7712019524100233,1.6,1.3712019524100234,6.556000000000495,1,2024
-1.0,-1.0895201718787235,0.0,-0.08952017187872348,0.0,-0.08952017187872348,16.756000000001222,1,2024
-1.0,-1.0895201718787235,0.0,-0.08952017187872348,0.0,-0.08952017187872348,16.756000000001222,1,2024
2.0,1.9368527405910605,0.0,-0.06314725940893949,0.0,-0.06314725940893949,23.754000000000815,-1,2024
-1.0,-1.2048061168760094,-1.0,-1.2048061168760094,-1.0,-1.2048061168760094,7.324000000000524,-1,2024
-1.0,-1.1340602377335065,-1.0,-1.1340602377335065,-1.0,-1.1340602377335065,11.188999999998487,1,2024
2.0,1.8820198206701269,2.0,1.8820198206701269,1.6,1.482019820670127,12.713999999999942,-1,2024
-1.0,-1.1267748478701984,0.0,-0.12677484787019846,0.0,-0.12677484787019846,11.831999999998516,1,2024
-1.0,-1.0801624625908528,-1.0,-1.0801624625908528,-1.0,-1.0801624625908528,18.711999999999534,1,2024
-1.0,-1.0439290107186778,-1.0,-1.0439290107186778,-1.0,-1.0439290107186778,34.14600000000064,1,2024
-1.0,-1.0439290107186778,-1.0,-1.0439290107186778,-1.0,-1.0439290107186778,34.14600000000064,1,2024
-1.0,-1.0891265597147857,0.0,-0.08912655971478577,0.0,-0.08912655971478577,16.830000000001746,-1,2024
-1.0,-1.0891265597147857,0.0,-0.08912655971478577,0.0,-0.08912655971478577,16.830000000001746,-1,2024
-1.0,-1.1185208596713112,0.0,-0.11852085967131114,0.0,-0.11852085967131114,12.65599999999904,1,2024
2.0,1.7994116073816302,0.0,-0.2005883926183698,0.0,-0.2005883926183698,7.477999999999156,1,2024
2.0,1.8335737268390593,2.0,1.8335737268390593,1.6,1.4335737268390594,9.013000000002648,-1,2024
-1.0,-1.5057316250848494,-1.0,-1.5057316250848494,-1.0,-1.5057316250848494,2.9659999999967113,1,2024
-1.0,-1.2731742851940449,-1.0,-1.2731742851940449,-1.0,-1.2731742851940449,5.4909999999981665,1,2024
-1.0,-1.3740648379053861,-1.0,-1.3740648379053861,-1.0,-1.3740648379053861,4.009999999998399,-1,2024
-1.0,-1.084635784009488,-1.0,-1.084635784009488,-1.0,-1.084635784009488,17.722999999998137,-1,2024
2.0,1.8564043653072935,2.0,1.8564043653072935,2.0,1.8564043653072935,10.445999999999913,-1,2024
-1.0,-1.2431906614785406,-1.0,-1.2431906614785406,-1.0,-1.2431906614785406,6.168000000001484,-1,2024
-1.0,-1.0987686837426636,-1.0,-1.0987686837426636,-1.0,-1.0987686837426636,15.187000000001717,-1,2024
-1.0,-1.0987686837426636,-1.0,-1.0987686837426636,-1.0,-1.0987686837426636,15.187000000001717,-1,2024
2.0,1.8590887740723403,2.0,1.8590887740723403,1.6,1.4590887740723404,10.645000000000437,1,2024
-1.0,-1.0270002700026999,-1.0,-1.0270002700026999,-1.0,-1.0270002700026999,55.55500000000029,1,2024
2.0,1.8119593832268381,2.0,1.8119593832268381,1.6,1.4119593832268382,7.97700000000259,1,2024
2.0,1.8119593832268381,2.0,1.8119593832268381,1.6,1.4119593832268382,7.97700000000259,1,2024
-1.0,-1.088178237610946,-1.0,-1.088178237610946,-1.0,-1.088178237610946,17.01100000000224,-1,2024
2.0,1.7572422722123355,0.0,-0.24275772778766447,0.0,-0.24275772778766447,6.179000000000087,-1,2024
-1.0,-1.1310730513806417,-1.0,-1.1310730513806417,-1.0,-1.1310730513806417,11.443999999999505,1,2024
2.0,1.8101506138463885,2.0,1.8101506138463885,1.6,1.4101506138463886,7.901000000001659,-1,2024
-1.0,-1.1744591765526506,-1.0,-1.1744591765526506,-1.0,-1.1744591765526506,8.598000000001775,1,2024
2.0,1.9564939961714707,2.0,1.9564939961714707,2.0,1.9564939961714707,34.477999999999156,-1,2024
2.0,1.9564939961714707,2.0,1.9564939961714707,2.0,1.9564939961714707,34.477999999999156,-1,2024
-1.0,-1.039612327356275,-1.0,-1.039612327356275,-1.0,-1.039612327356275,37.86699999999837,1,2024
2.0,1.9455890887986058,0.0,-0.054410911201394296,0.0,-0.054410911201394296,27.5679999999993,-1,2024
-1.0,-1.0608075239176225,-1.0,-1.0608075239176225,-1.0,-1.0608075239176225,24.668000000001484,1,2024
-1.0,-1.0608075239176225,-1.0,-1.0608075239176225,-1.0,-1.0608075239176225,24.668000000001484,1,2024
2.0,1.9587787518206041,2.0,1.9587787518206041,2.0,1.9587787518206041,36.388999999999214,-1,2024
2.0,1.9587787518206041,2.0,1.9587787518206041,2.0,1.9587787518206041,36.388999999999214,-1,2024
2.0,0.8946204863669622,2.0,0.8946204863669622,2.062490788503917,0.9571112748708794,1.356999999999971,1,2024
-1.0,-1.0090688689911185,-1.0,-1.0090688689911185,-1.0,-1.0090688689911185,165.40100000000166,1,2024
-1.0,-1.3161888701516098,-1.0,-1.3161888701516098,-1.0,-1.3161888701516098,4.744000000002416,-1,2024
-1.0,-1.3161888701516098,-1.0,-1.3161888701516098,-1.0,-1.3161888701516098,4.744000000002416,-1,2024
-1.0,-1.3161888701516098,-1.0,-1.3161888701516098,-1.0,-1.3161888701516098,4.744000000002416,-1,2024
-1.0,-1.3161888701516098,-1.0,-1.3161888701516098,-1.0,-1.3161888701516098,4.744000000002416,-1,2024
2.0,1.9267506592440637,2.0,1.9267506592440637,2.0,1.9267506592440637,20.477999999999156,1,2024
-1.0,-1.0680889695869304,-1.0,-1.0680889695869304,-1.0,-1.0680889695869304,22.029999999998836,1,2024
-1.0,-1.1654350942980203,-1.0,-1.1654350942980203,-1.0,-1.1654350942980203,9.066999999999098,1,2024
-1.0,-1.1654350942980203,-1.0,-1.1654350942980203,-1.0,-1.1654350942980203,9.066999999999098,1,2024
-1.0,-1.078814627994959,0.0,-0.078814627994959,0.0,-0.078814627994959,19.031999999999243,1,2024
-1.0,-1.271051680520258,-1.0,-1.271051680520258,-1.0,-1.271051680520258,5.534000000003289,-1,2024
2.0,1.8856968680941821,2.0,1.8856968680941821,2.0,1.8856968680941821,13.122999999999593,1,2024
-1.0,-1.1802667948563894,-1.0,-1.1802667948563894,-1.0,-1.1802667948563894,8.320999999999913,1,2024
-1.0,-1.418176749372789,-1.0,-1.418176749372789,-1.0,-1.418176749372789,3.5869999999995343,-1,2024
-1.0,-1.1142247943953894,-1.0,-1.1142247943953894,-1.0,-1.1142247943953894,13.131999999997788,1,2024
-1.0,-1.1202115723673747,-1.0,-1.1202115723673747,-1.0,-1.1202115723673747,12.477999999999156,-1,2024
2.0,1.7856836690955789,2.0,1.7856836690955789,1.6,1.385683669095579,6.998999999999796,-1,2024
-1.0,-1.162460738654822,-1.0,-1.162460738654822,-1.0,-1.162460738654822,9.233000000000175,1,2024
-1.0,-1.0645939195590446,-1.0,-1.0645939195590446,-1.0,-1.0645939195590446,23.221999999997934,1,2024
-1.0,-1.0645939195590446,-1.0,-1.0645939195590446,-1.0,-1.0645939195590446,23.221999999997934,1,2024
-1.0,-1.0645939195590446,-1.0,-1.0645939195590446,-1.0,-1.0645939195590446,23.221999999997934,1,2024
-1.0,-1.0685275709260385,0.0,-0.06852757092603837,0.0,-0.06852757092603837,21.888999999999214,-1,2024
-1.0,-1.0685275709260385,0.0,-0.06852757092603837,0.0,-0.06852757092603837,21.888999999999214,-1,2024
-1.0,-1.4245683555048656,-1.0,-1.4245683555048656,-1.0,-1.4245683555048656,3.533000000003085,1,2024
2.0,1.9100071994240542,0.0,-0.08999280057594591,0.0,-0.08999280057594591,16.668000000001484,-1,2024
2.0,1.9100071994240542,0.0,-0.08999280057594591,0.0,-0.08999280057594591,16.668000000001484,-1,2024
-1.0,-1.049395725623206,-1.0,-1.049395725623206,-1.0,-1.049395725623206,30.367000000002008,1,2024
2.0,1.9328708883419035,2.0,1.9328708883419035,2.0,1.9328708883419035,22.344999999997526,-1,2024
2.0,1.8969567905475078,0.0,-0.10304320945249214,0.0,-0.10304320945249214,14.557000000000698,1,2024
-1.0,-1.0682873531821895,-1.0,-1.0682873531821895,-1.0,-1.0682873531821895,21.96600000000035,1,2024
-1.0,-1.1236093943139842,-1.0,-1.1236093943139842,-1.0,-1.1236093943139842,12.1349999999984,1,2024
2.0,1.5502248875561042,2.0,1.5502248875561042,1.6,1.1502248875561043,3.334999999999127,-1,2024
2.0,1.79421045410895,2.0,1.79421045410895,1.6,1.3942104541089502,7.289000000000669,-1,2024
2.0,1.79421045410895,2.0,1.79421045410895,1.6,1.3942104541089502,7.289000000000669,-1,2024
-1.0,-1.135538086202234,0.0,-0.13553808620223387,0.0,-0.13553808620223387,11.066999999999098,-1,2024
-1.0,-1.3,-1.0,-1.3,-1.0,-1.3,5.0,1,2024
-1.0,-1.3,-1.0,-1.3,-1.0,-1.3,5.0,1,2024
-1.0,-1.3,-1.0,-1.3,-1.0,-1.3,5.0,1,2024
2.0,1.7499166388797613,2.0,1.7499166388797613,2.0,1.7499166388797613,5.9980000000032305,-1,2024
-1.0,-1.10426079099185,-1.0,-1.10426079099185,-1.0,-1.10426079099185,14.387000000002445,1,2024
-1.0,-1.10426079099185,-1.0,-1.10426079099185,-1.0,-1.10426079099185,14.387000000002445,1,2024
2.0,1.9614514802631582,2.0,1.9614514802631582,1.6,1.5614514802631583,38.91200000000026,-1,2024
-1.0,-1.0636537237428425,-1.0,-1.0636537237428425,-1.0,-1.0636537237428425,23.56499999999869,-1,2024
-1.0,-1.1516836889473272,-1.0,-1.1516836889473272,-1.0,-1.1516836889473272,9.888999999999214,1,2024
-1.0,-1.3230669825543808,-1.0,-1.3230669825543808,-1.0,-1.3230669825543808,4.643000000000029,-1,2024
2.0,1.9359549122582356,2.0,1.9359549122582356,2.0,1.9359549122582356,23.421000000002095,-1,2024
2.0,1.9359549122582356,2.0,1.9359549122582356,2.0,1.9359549122582356,23.421000000002095,-1,2024
2.0,1.9359549122582356,2.0,1.9359549122582356,2.0,1.9359549122582356,23.421000000002095,-1,2024
2.0,1.9075329799038432,2.0,1.9075329799038432,1.6,1.5075329799038433,16.22200000000157,-1,2024
-1.0,-1.2166690741008588,-1.0,-1.2166690741008588,-1.0,-1.2166690741008588,6.922999999998865,1,2024
-1.0,-1.2652050919378102,-1.0,-1.2652050919378102,-1.0,-1.2652050919378102,5.65599999999904,-1,2024
2.0,1.9058498619131135,0.0,-0.09415013808688656,0.0,-0.09415013808688656,15.93199999999706,1,2024
2.0,1.7860504920839366,0.0,-0.2139495079160634,0.0,-0.2139495079160634,7.011000000002241,1,2024
2.0,1.7481108312343308,2.0,1.7481108312343308,2.0,1.7481108312343308,5.955000000001746,1,2024
-1.0,-1.0931734890365747,-1.0,-1.0931734890365747,-1.0,-1.0931734890365747,16.09900000000198,1,2024
-1.0,-1.241507003702992,0.0,-0.24150700370299197,0.0,-0.24150700370299197,6.211000000002969,1,2024
-1.0,-1.241507003702992,0.0,-0.24150700370299197,0.0,-0.24150700370299197,6.211000000002969,1,2024
-1.0,-1.241507003702992,0.0,-0.24150700370299197,0.0,-0.24150700370299197,6.211000000002969,1,2024
-1.0,-1.1829045238385354,-1.0,-1.1829045238385354,-1.0,-1.1829045238385354,8.201000000000931,1,2024
-1.0,-1.1829045238385354,-1.0,-1.1829045238385354,-1.0,-1.1829045238385354,8.201000000000931,1,2024
-1.0,-1.1829045238385354,-1.0,-1.1829045238385354,-1.0,-1.1829045238385354,8.201000000000931,1,2024
-1.0,-1.2486737400530816,-1.0,-1.2486737400530816,-1.0,-1.2486737400530816,6.031999999999243,-1,2024
2.0,1.9011792608208715,2.0,1.9011792608208715,2.0,1.9011792608208715,15.179000000000087,1,2024
-1.0,-1.1170686022009053,-1.0,-1.1170686022009053,-1.0,-1.1170686022009053,12.812999999998283,1,2024
2.0,1.6904024767800276,2.0,1.6904024767800276,2.0,1.6904024767800276,4.844999999997526,1,2024
2.0,1.6904024767800276,2.0,1.6904024767800276,2.0,1.6904024767800276,4.844999999997526,1,2024
-1.0,-1.0551470588235279,-1.0,-1.0551470588235279,-1.0,-1.0551470588235279,27.200000000000728,-1,2024
-1.0,-1.4468275245755178,0.0,-0.4468275245755177,0.0,-0.4468275245755177,3.356999999999971,1,2024
2.0,1.8969355503641616,0.0,-0.10306444963583833,0.0,-0.10306444963583833,14.554000000000087,1,2024
2.0,1.9275397323800816,2.0,1.9275397323800816,1.6,1.5275397323800817,20.70100000000093,1,2024
2.0,1.9275397323800816,2.0,1.9275397323800816,1.6,1.5275397323800817,20.70100000000093,1,2024
-1.0,-1.3046303818034695,-1.0,-1.3046303818034695,-1.0,-1.3046303818034695,4.923999999999069,1,2024
-1.0,-1.140186915887841,0.0,-0.14018691588784093,0.0,-0.14018691588784093,10.700000000000728,-1,2024
2.0,1.9409192957580121,2.0,1.9409192957580121,2.0,1.9409192957580121,25.389000000002852,1,2024
2.0,1.9409192957580121,2.0,1.9409192957580121,2.0,1.9409192957580121,25.389000000002852,1,2024
2.0,1.9409192957580121,2.0,1.9409192957580121,2.0,1.9409192957580121,25.389000000002852,1,2024
-1.0,-1.1049685094471595,-1.0,-1.1049685094471595,-1.0,-1.1049685094471595,14.290000000000873,1,2024
-1.0,-1.211984171848474,-1.0,-1.211984171848474,-1.0,-1.211984171848474,7.076000000000931,-1,2024
-1.0,-1.5578281889181271,-1.0,-1.5578281889181271,-1.0,-1.5578281889181271,2.6889999999984866,-1,2024
-1.0,-1.5578281889181271,-1.0,-1.5578281889181271,-1.0,-1.5578281889181271,2.6889999999984866,-1,2024
-1.0,-1.3778337531485039,-1.0,-1.3778337531485039,-1.0,-1.3778337531485039,3.970000000001164,-1,2024
-1.0,-1.3778337531485039,-1.0,-1.3778337531485039,-1.0,-1.3778337531485039,3.970000000001164,-1,2024
-1.0,-1.3778337531485039,-1.0,-1.3778337531485039,-1.0,-1.3778337531485039,3.970000000001164,-1,2024
2.0,1.774943735934013,2.0,1.774943735934013,1.6,1.374943735934013,6.665000000000873,1,2024
-1.0,-1.0986842105263346,-1.0,-1.0986842105263346,-1.0,-1.0986842105263346,15.19999999999709,-1,2024
-1.0,-1.0349210783628986,-1.0,-1.0349210783628986,-1.0,-1.0349210783628986,42.95400000000154,1,2024
-1.0,-1.0349210783628986,-1.0,-1.0349210783628986,-1.0,-1.0349210783628986,42.95400000000154,1,2024
-1.0,-1.0762350071152553,-1.0,-1.0762350071152553,-1.0,-1.0762350071152553,19.676000000003114,-1,2024
-1.0,-1.0676406926406943,-1.0,-1.0676406926406943,-1.0,-1.0676406926406943,22.175999999999476,1,2024
-1.0,-1.0676406926406943,-1.0,-1.0676406926406943,-1.0,-1.0676406926406943,22.175999999999476,1,2024
-1.0,-1.2220248667850397,-1.0,-1.2220248667850397,-1.0,-1.2220248667850397,6.756000000001222,-1,2024
-1.0,-1.2220248667850397,-1.0,-1.2220248667850397,-1.0,-1.2220248667850397,6.756000000001222,-1,2024
-1.0,-1.2220248667850397,-1.0,-1.2220248667850397,-1.0,-1.2220248667850397,6.756000000001222,-1,2024
-1.0,-1.2213368747233868,-1.0,-1.2213368747233868,-1.0,-1.2213368747233868,6.776999999998225,-1,2024
2.0,1.960973071419277,2.0,1.960973071419277,2.0,1.960973071419277,38.43499999999767,-1,2024
-1.0,-1.3541076487251469,0.0,-0.3541076487251468,0.0,-0.3541076487251468,4.236000000000786,-1,2024
-1.0,-1.3541076487251469,0.0,-0.3541076487251468,0.0,-0.3541076487251468,4.236000000000786,-1,2024
-1.0,-1.3541076487251469,0.0,-0.3541076487251468,0.0,-0.3541076487251468,4.236000000000786,-1,2024
-1.0,-1.3541076487251469,0.0,-0.3541076487251468,0.0,-0.3541076487251468,4.236000000000786,-1,2024
-1.0,-1.2265176683781545,-1.0,-1.2265176683781545,-1.0,-1.2265176683781545,6.621999999999389,1,2024
-1.0,-1.2265176683781545,-1.0,-1.2265176683781545,-1.0,-1.2265176683781545,6.621999999999389,1,2024
-1.0,-1.2132196162046953,-1.0,-1.2132196162046953,-1.0,-1.2132196162046953,7.0349999999998545,-1,2024
2.0,1.8690642458100366,0.0,-0.13093575418996342,0.0,-0.13093575418996342,11.455999999998312,1,2024
2.0,1.8701860666377814,0.0,-0.12981393336221847,0.0,-0.12981393336221847,11.554999999996653,1,2024
-1.0,-1.046823786483534,-1.0,-1.046823786483534,-1.0,-1.046823786483534,32.034999999999854,1,2024
-1.0,-1.046823786483534,-1.0,-1.046823786483534,-1.0,-1.046823786483534,32.034999999999854,1,2024
-1.0,-1.046823786483534,-1.0,-1.046823786483534,-1.0,-1.046823786483534,32.034999999999854,1,2024
-1.0,-1.046823786483534,-1.0,-1.046823786483534,-1.0,-1.046823786483534,32.034999999999854,1,2024
-1.0,-1.0919568415890046,-1.0,-1.0919568415890046,-1.0,-1.0919568415890046,16.312000000001717,-1,2024
-1.0,-1.0919568415890046,-1.0,-1.0919568415890046,-1.0,-1.0919568415890046,16.312000000001717,-1,2024
-1.0,-1.0919568415890046,-1.0,-1.0919568415890046,-1.0,-1.0919568415890046,16.312000000001717,-1,2024
-1.0,-1.0919568415890046,-1.0,-1.0919568415890046,-1.0,-1.0919568415890046,16.312000000001717,-1,2024
-1.0,-1.152532031726623,-1.0,-1.152532031726623,-1.0,-1.152532031726623,9.834000000002561,-1,2024
-1.0,-1.0382535958380092,-1.0,-1.0382535958380092,-1.0,-1.0382535958380092,39.211999999999534,-1,2024
-1.0,-1.0382535958380092,-1.0,-1.0382535958380092,-1.0,-1.0382535958380092,39.211999999999534,-1,2024
-1.0,-1.3948407475652456,-1.0,-1.3948407475652456,-1.0,-1.3948407475652456,3.7989999999990687,-1,2024
2.0,1.7926171712982215,2.0,1.7926171712982215,1.6,1.3926171712982216,7.233000000000175,1,2024
2.0,1.857738998482572,2.0,1.857738998482572,2.0,1.857738998482572,10.544000000001688,1,2024
2.0,1.8673740053050552,2.0,1.8673740053050552,2.0,1.8673740053050552,11.31000000000131,-1,2024
-1.0,-1.1771583795913432,-1.0,-1.1771583795913432,-1.0,-1.1771583795913432,8.467000000000553,1,2024
-1.0,-1.0762698937306099,-1.0,-1.0762698937306099,-1.0,-1.0762698937306099,19.66700000000128,1,2024
-1.0,-1.1469147894221476,-1.0,-1.1469147894221476,-1.0,-1.1469147894221476,10.209999999999127,-1,2024
-1.0,-1.3822629969419866,0.0,-0.38226299694198673,0.0,-0.38226299694198673,3.9239999999990687,1,2024
2.0,1.3752603082043997,2.0,1.3752603082043997,1.6,0.9752603082043998,2.400999999998021,-1,2024
-1.0,-1.0938849596294735,0.0,-0.09388495962947352,0.0,-0.09388495962947352,15.976999999998952,-1,2024
-1.0,-1.0638651168731612,-1.0,-1.0638651168731612,-1.0,-1.0638651168731612,23.48700000000099,1,2024
-1.0,-1.062271670541349,-1.0,-1.062271670541349,-1.0,-1.062271670541349,24.087999999999738,1,2024
-1.0,-1.3373819163292913,-1.0,-1.3373819163292913,-1.0,-1.3373819163292913,4.445999999999913,1,2024
-1.0,-1.4413062665488225,-1.0,-1.4413062665488225,-1.0,-1.4413062665488225,3.3990000000012515,-1,2024
2.0,1.9430112837658142,2.0,1.9430112837658142,2.0,1.9430112837658142,26.320999999999913,1,2024
-1.0,-1.2737725862383966,-1.0,-1.2737725862383966,-1.0,-1.2737725862383966,5.47899999999936,-1,2024
-1.0,-1.2765486725664192,-1.0,-1.2765486725664192,-1.0,-1.2765486725664192,5.423999999999069,-1,2024
-1.0,-1.409165302782204,0.0,-0.40916530278220387,0.0,-0.40916530278220387,3.666000000001077,1,2024
-1.0,-1.3443526170799083,-1.0,-1.3443526170799083,-1.0,-1.3443526170799083,4.355999999999767,1,2024
-1.0,-1.3443526170799083,-1.0,-1.3443526170799083,-1.0,-1.3443526170799083,4.355999999999767,1,2024
-1.0,-1.2783447763962157,-1.0,-1.2783447763962157,-1.0,-1.2783447763962157,5.389000000002852,-1,2024
-1.0,-1.2099076406381004,-1.0,-1.2099076406381004,-1.0,-1.2099076406381004,7.14600000000064,1,2024
2.0,1.9619066968027026,2.0,1.9619066968027026,1.6,1.5619066968027027,39.37700000000041,-1,2024
2.0,1.9619066968027026,2.0,1.9619066968027026,1.6,1.5619066968027027,39.37700000000041,-1,2024
2.0,1.9619066968027026,2.0,1.9619066968027026,1.6,1.5619066968027027,39.37700000000041,-1,2024
2.0,1.9283462310117425,2.0,1.9283462310117425,1.6,1.5283462310117426,20.933999999997468,1,2024
2.0,1.5023224950230951,2.0,1.5023224950230951,1.6,1.1023224950230952,3.013999999999214,1,2024
2.0,1.5023224950230951,2.0,1.5023224950230951,1.6,1.1023224950230952,3.013999999999214,1,2024
2.0,1.7272727272727273,2.0,1.7272727272727273,1.6,1.3272727272727274,5.5,1,2024
2.0,1.935126719141941,0.0,-0.06487328085805898,0.0,-0.06487328085805898,23.12199999999939,-1,2024
2.0,1.948315071325203,0.0,-0.051684928674796925,0.0,-0.051684928674796925,29.022000000000844,1,2024
-1.0,-1.0795924864692714,0.0,-0.07959248646927153,0.0,-0.07959248646927153,18.846000000001368,-1,2024
-1.0,-1.1131477709888993,-1.0,-1.1131477709888993,-1.0,-1.1131477709888993,13.257000000001426,-1,2024
2.0,1.8545384018619326,2.0,1.8545384018619326,1.6,1.4545384018619327,10.312000000001717,1,2024
-1.0,-1.2749266862169106,-1.0,-1.2749266862169106,-1.0,-1.2749266862169106,5.45600000000195,-1,2024
-1.0,-1.0932893836681297,-1.0,-1.0932893836681297,-1.0,-1.0932893836681297,16.079000000001543,-1,2024
-1.0,-1.045899632802937,-1.0,-1.045899632802937,-1.0,-1.045899632802937,32.68000000000029,-1,2024
-1.0,-1.045899632802937,-1.0,-1.045899632802937,-1.0,-1.045899632802937,32.68000000000029,-1,2024
2.0,1.8702085316258623,2.0,1.8702085316258623,2.0,1.8702085316258623,11.557000000000698,1,2024
-1.0,-1.2641310089804503,-1.0,-1.2641310089804503,-1.0,-1.2641310089804503,5.679000000000087,-1,2024
2.0,1.9221426346932404,2.0,1.9221426346932404,1.6,1.5221426346932405,19.26599999999962,-1,2024
2.0,1.9266324284666168,2.0,1.9266324284666168,1.6,1.5266324284666168,20.44499999999971,1,2024
-1.0,-1.1404757445214475,-1.0,-1.1404757445214475,-1.0,-1.1404757445214475,10.677999999999884,1,2024
-1.0,-1.1748863238894487,-1.0,-1.1748863238894487,-1.0,-1.1748863238894487,8.577000000001135,-1,2024
-1.0,-1.0955292319449903,-1.0,-1.0955292319449903,-1.0,-1.0955292319449903,15.701999999997497,-1,2024
-1.0,-1.035875726483463,-1.0,-1.035875726483463,-1.0,-1.035875726483463,41.810999999997875,-1,2024
-1.0,-1.2,0.0,-0.2,0.0,-0.2,7.5,1,2024
-1.0,-1.1762425096933669,-1.0,-1.1762425096933669,-1.0,-1.1762425096933669,8.510999999998603,-1,2024
-1.0,-1.091653427838191,-1.0,-1.091653427838191,-1.0,-1.091653427838191,16.366000000001804,1,2024
-1.0,-1.2830722777883117,0.0,-0.2830722777883117,0.0,-0.2830722777883117,5.298999999999069,1,2024
-1.0,-1.0759186152444657,-1.0,-1.0759186152444657,-1.0,-1.0759186152444657,19.757999999997992,1,2024
-1.0,-1.1148809067932848,0.0,-0.1148809067932848,0.0,-0.1148809067932848,13.057000000000698,-1,2024
-1.0,-1.1427076396156597,-1.0,-1.1427076396156597,-1.0,-1.1427076396156597,10.510999999998603,-1,2024
-1.0,-1.1874765654293165,0.0,-0.18747656542931657,0.0,-0.18747656542931657,8.001000000000204,-1,2024
-1.0,-1.1874765654293165,0.0,-0.18747656542931657,0.0,-0.18747656542931657,8.001000000000204,-1,2024
2.0,1.9386377582327667,2.0,1.9386377582327667,1.6,1.5386377582327668,24.44499999999971,1,2024
2.0,1.9386377582327667,2.0,1.9386377582327667,1.6,1.5386377582327668,24.44499999999971,1,2024
-1.0,-1.9696186166782792,-1.0,-1.9696186166782792,-1.0,-1.9696186166782792,1.5469999999986612,1,2024
2.0,1.8704775062602756,2.0,1.8704775062602756,1.6,1.4704775062602757,11.58100000000195,-1,2024
2.0,1.848469542378037,2.0,1.848469542378037,2.0,1.848469542378037,9.899000000001251,1,2024
-1.0,-1.1020269351108614,-1.0,-1.1020269351108614,-1.0,-1.1020269351108614,14.702000000001135,-1,2024
-1.0,-1.1352813852813886,-1.0,-1.1352813852813886,-1.0,-1.1352813852813886,11.087999999999738,1,2024
-1.0,-1.1352813852813886,-1.0,-1.1352813852813886,-1.0,-1.1352813852813886,11.087999999999738,1,2024
-1.0,-1.0481974166184702,-1.0,-1.0481974166184702,-1.0,-1.0481974166184702,31.12199999999939,-1,2024
-1.0,-1.0851160415366303,-1.0,-1.0851160415366303,-1.0,-1.0851160415366303,17.622999999999593,1,2024
-1.0,-1.3477857639695334,0.0,-0.3477857639695333,0.0,-0.3477857639695333,4.312999999998283,-1,2024
-1.0,-1.3477857639695334,0.0,-0.3477857639695333,0.0,-0.3477857639695333,4.312999999998283,-1,2024
-1.0,-1.3477857639695334,0.0,-0.3477857639695333,0.0,-0.3477857639695333,4.312999999998283,-1,2024
-1.0,-1.4482964734008927,0.0,-0.4482964734008926,0.0,-0.4482964734008926,3.346000000001368,1,2024
-1.0,-1.589622641509886,-1.0,-1.589622641509886,-1.0,-1.589622641509886,2.54399999999805,-1,2024
-1.0,-1.4721435316336642,0.0,-0.4721435316336642,0.0,-0.4721435316336642,3.17699999999968,-1,2024
-1.0,-1.4721435316336642,0.0,-0.4721435316336642,0.0,-0.4721435316336642,3.17699999999968,-1,2024
2.0,1.9567710885039922,0.0,-0.043228911496007875,0.0,-0.043228911496007875,34.699000000000524,1,2024
-1.0,-1.106807177442339,-1.0,-1.106807177442339,-1.0,-1.106807177442339,14.04399999999805,1,2024
-1.0,-1.0292340674332503,-1.0,-1.0292340674332503,-1.0,-1.0292340674332503,51.30999999999767,1,2024
2.0,1.7877458610442634,2.0,1.7877458610442634,1.6,1.3877458610442635,7.066999999999098,1,2024
2.0,1.7877458610442634,2.0,1.7877458610442634,1.6,1.3877458610442635,7.066999999999098,1,2024
-1.0,-1.1662234042552961,-1.0,-1.1662234042552961,-1.0,-1.1662234042552961,9.024000000001251,-1,2024
2.0,1.8936999503932888,2.0,1.8936999503932888,1.6,1.4936999503932888,14.110999999997148,-1,2024
2.0,1.8158379373849085,2.0,1.8158379373849085,1.6,1.4158379373849086,8.145000000000437,1,2024
-1.0,-1.09527439024391,-1.0,-1.09527439024391,-1.0,-1.09527439024391,15.743999999998778,1,2024
-1.0,-1.2684323550465408,-1.0,-1.2684323550465408,-1.0,-1.2684323550465408,5.587999999999738,1,2024
-1.0,-1.0295275590551165,-1.0,-1.0295275590551165,-1.0,-1.0295275590551165,50.80000000000291,-1,2024
-1.0,-1.0295275590551165,-1.0,-1.0295275590551165,-1.0,-1.0295275590551165,50.80000000000291,-1,2024
-1.0,-1.0391644908616195,-1.0,-1.0391644908616195,-1.0,-1.0391644908616195,38.29999999999927,-1,2024
-1.0,-1.0391644908616195,-1.0,-1.0391644908616195,-1.0,-1.0391644908616195,38.29999999999927,-1,2024
-1.0,-1.1157943492357436,-1.0,-1.1157943492357436,-1.0,-1.1157943492357436,12.954000000001543,1,2024
-1.0,-1.2860957467097782,0.0,-0.2860957467097782,0.0,-0.2860957467097782,5.243000000002212,-1,2024
-1.0,-1.037739646756907,-1.0,-1.037739646756907,-1.0,-1.037739646756907,39.745999999999185,-1,2024
-1.0,-1.0673642610140572,0.0,-0.06736426101405721,0.0,-0.06736426101405721,22.266999999999825,1,2024
-1.0,-1.051526914224862,-1.0,-1.051526914224862,-1.0,-1.051526914224862,29.111000000000786,-1,2024
-1.0,-1.12308197259373,0.0,-0.12308197259373009,0.0,-0.12308197259373009,12.187000000001717,1,2025
-1.0,-1.0143162556310603,-1.0,-1.0143162556310603,-1.0,-1.0143162556310603,104.77600000000166,-1,2025
-1.0,-1.0786328370727578,0.0,-0.07863283707275774,0.0,-0.07863283707275774,19.07600000000093,-1,2025
2.0,1.8483009708737712,2.0,1.8483009708737712,2.0,1.8483009708737712,9.88799999999901,1,2025
2.0,1.8483009708737712,2.0,1.8483009708737712,2.0,1.8483009708737712,9.88799999999901,1,2025
2.0,1.8483009708737712,2.0,1.8483009708737712,2.0,1.8483009708737712,9.88799999999901,1,2025
-1.0,-1.6711409395971406,-1.0,-1.6711409395971406,-1.0,-1.6711409395971406,2.235000000000582,-1,2025
-1.0,-1.6711409395971406,-1.0,-1.6711409395971406,-1.0,-1.6711409395971406,2.235000000000582,-1,2025
2.0,1.6657754010696075,2.0,1.6657754010696075,2.0,1.6657754010696075,4.488000000001193,1,2025
2.0,1.6657754010696075,2.0,1.6657754010696075,2.0,1.6657754010696075,4.488000000001193,1,2025
2.0,1.8237781954886971,2.0,1.8237781954886971,2.0,1.8237781954886971,8.511999999998807,1,2025
-1.0,-1.0501840080294422,-1.0,-1.0501840080294422,-1.0,-1.0501840080294422,29.889999999999418,1,2025
-1.0,-1.0501840080294422,-1.0,-1.0501840080294422,-1.0,-1.0501840080294422,29.889999999999418,1,2025
-1.0,-1.0501840080294422,-1.0,-1.0501840080294422,-1.0,-1.0501840080294422,29.889999999999418,1,2025
-1.0,-1.0501840080294422,-1.0,-1.0501840080294422,-1.0,-1.0501840080294422,29.889999999999418,1,2025
-1.0,-1.0501840080294422,-1.0,-1.0501840080294422,-1.0,-1.0501840080294422,29.889999999999418,1,2025
-1.0,-1.1013513513513564,-1.0,-1.1013513513513564,-1.0,-1.1013513513513564,14.799999999999272,-1,2025
-1.0,-1.1013513513513564,-1.0,-1.1013513513513564,-1.0,-1.1013513513513564,14.799999999999272,-1,2025
-1.0,-1.1013513513513564,-1.0,-1.1013513513513564,-1.0,-1.1013513513513564,14.799999999999272,-1,2025
-1.0,-1.1013513513513564,-1.0,-1.1013513513513564,-1.0,-1.1013513513513564,14.799999999999272,-1,2025
-1.0,-1.1013513513513564,-1.0,-1.1013513513513564,-1.0,-1.1013513513513564,14.799999999999272,-1,2025
2.0,1.76801732137335,0.0,-0.23198267862665,0.0,-0.23198267862665,6.466000000000349,1,2025
-1.0,-1.0277896140948928,-1.0,-1.0277896140948928,-1.0,-1.0277896140948928,53.97699999999895,1,2025
2.0,1.778270509977808,0.0,-0.22172949002219203,0.0,-0.22172949002219203,6.764999999999418,1,2025
-1.0,-1.068700192360542,0.0,-0.06870019236054199,0.0,-0.06870019236054199,21.833999999998923,-1,2025
-1.0,-1.212314225053118,-1.0,-1.212314225053118,-1.0,-1.212314225053118,7.06499999999869,-1,2025
-1.0,-1.1748659361156915,-1.0,-1.1748659361156915,-1.0,-1.1748659361156915,8.5779999999977,1,2025
2.0,1.9117023781492881,2.0,1.9117023781492881,2.0,1.9117023781492881,16.988000000001193,-1,2025
-1.0,-1.0984058256248863,-1.0,-1.0984058256248863,-1.0,-1.0984058256248863,15.242999999998574,1,2025
2.0,1.9491904342524171,2.0,1.9491904342524171,2.0,1.9491904342524171,29.521999999997206,-1,2025
-1.0,-1.0783085356303885,-1.0,-1.0783085356303885,-1.0,-1.0783085356303885,19.154999999998836,-1,2025
-1.0,-1.2129169623847227,-1.0,-1.2129169623847227,-1.0,-1.2129169623847227,7.044999999998254,-1,2025
2.0,1.976748151478042,2.0,1.976748151478042,2.0,1.976748151478042,64.5109999999986,1,2025
2.0,1.976748151478042,2.0,1.976748151478042,2.0,1.976748151478042,64.5109999999986,1,2025
2.0,1.976748151478042,2.0,1.976748151478042,2.0,1.976748151478042,64.5109999999986,1,2025
2.0,1.976748151478042,2.0,1.976748151478042,2.0,1.976748151478042,64.5109999999986,1,2025
-1.0,-1.0718081286801568,-1.0,-1.0718081286801568,-1.0,-1.0718081286801568,20.889000000002852,-1,2025
-1.0,-1.078538143358298,0.0,-0.07853814335829783,0.0,-0.07853814335829783,19.09899999999834,1,2025
-1.0,-1.0438020148926863,-1.0,-1.0438020148926863,-1.0,-1.0438020148926863,34.24499999999898,-1,2025
-1.0,-1.036825178602116,0.0,-0.036825178602116065,0.0,-0.036825178602116065,40.733000000000175,-1,2025
2.0,1.4019138755984748,2.0,1.4019138755984748,1.6,1.001913875598475,2.50800000000163,-1,2025
-1.0,-1.1074036946870947,-1.0,-1.1074036946870947,-1.0,-1.1074036946870947,13.96600000000035,1,2025
-1.0,-1.0761459972587422,-1.0,-1.0761459972587422,-1.0,-1.0761459972587422,19.699000000000524,1,2025
-1.0,-1.079605158414262,-1.0,-1.079605158414262,-1.0,-1.079605158414262,18.843000000000757,-1,2025
-1.0,-1.079605158414262,-1.0,-1.079605158414262,-1.0,-1.079605158414262,18.843000000000757,-1,2025
-1.0,-1.079605158414262,-1.0,-1.079605158414262,-1.0,-1.079605158414262,18.843000000000757,-1,2025
-1.0,-1.079605158414262,-1.0,-1.079605158414262,-1.0,-1.079605158414262,18.843000000000757,-1,2025
-1.0,-1.079605158414262,-1.0,-1.079605158414262,-1.0,-1.079605158414262,18.843000000000757,-1,2025
-1.0,-1.135795763172208,-1.0,-1.135795763172208,-1.0,-1.135795763172208,11.045999999998457,1,2025
-1.0,-1.1892983341746814,-1.0,-1.1892983341746814,-1.0,-1.1892983341746814,7.923999999999069,1,2025
2.0,1.727223131478621,2.0,1.727223131478621,1.6,1.3272231314786211,5.499000000003434,-1,2025
-1.0,-1.1658374792703472,0.0,-0.16583747927034712,0.0,-0.16583747927034712,9.044999999998254,-1,2025
-1.0,-1.0383180912481509,0.0,-0.038318091248150894,0.0,-0.038318091248150894,39.145999999997,-1,2025
2.0,1.7984683595324276,2.0,1.7984683595324276,1.6,1.3984683595324277,7.4429999999993015,1,2025
2.0,1.7984683595324276,2.0,1.7984683595324276,1.6,1.3984683595324277,7.4429999999993015,1,2025
2.0,1.7984683595324276,2.0,1.7984683595324276,1.6,1.3984683595324277,7.4429999999993015,1,2025
-1.0,-1.2459419576979034,-1.0,-1.2459419576979034,-1.0,-1.2459419576979034,6.099000000001979,-1,2025
-1.0,-1.2459419576979034,-1.0,-1.2459419576979034,-1.0,-1.2459419576979034,6.099000000001979,-1,2025
-1.0,-1.4639653572533,-1.0,-1.4639653572533,-1.0,-1.4639653572533,3.2330000000001746,1,2025
-1.0,-1.4639653572533,-1.0,-1.4639653572533,-1.0,-1.4639653572533,3.2330000000001746,1,2025
-1.0,-1.2561912894961762,-1.0,-1.2561912894961762,-1.0,-1.2561912894961762,5.854999999999563,1,2025
2.0,1.9292419453747836,2.0,1.9292419453747836,2.0,1.9292419453747836,21.199000000000524,-1,2025
-1.0,-1.3678273663559362,0.0,-0.36782736635593616,0.0,-0.36782736635593616,4.078000000001339,1,2025
-1.0,-1.3678273663559362,0.0,-0.36782736635593616,0.0,-0.36782736635593616,4.078000000001339,1,2025
-1.0,-1.0993377483443805,-1.0,-1.0993377483443805,-1.0,-1.0993377483443805,15.099999999998545,1,2025
-1.0,-1.0993377483443805,-1.0,-1.0993377483443805,-1.0,-1.0993377483443805,15.099999999998545,1,2025
-1.0,-1.2636203866432945,-1.0,-1.2636203866432945,-1.0,-1.2636203866432945,5.68999999999869,-1,2025
-1.0,-1.0736883474159962,-1.0,-1.0736883474159962,-1.0,-1.0736883474159962,20.355999999999767,1,2025
-1.0,-1.0722299802571393,-1.0,-1.0722299802571393,-1.0,-1.0722299802571393,20.766999999999825,1,2025
-1.0,-1.1276052743513683,-1.0,-1.1276052743513683,-1.0,-1.1276052743513683,11.75499999999738,-1,2025
-1.0,-1.105559465165383,-1.0,-1.105559465165383,-1.0,-1.105559465165383,14.209999999999127,1,2025
-1.0,-1.5820721769496853,-1.0,-1.5820721769496853,-1.0,-1.5820721769496853,2.577000000001135,-1,2025
-1.0,-1.1965151316651899,-1.0,-1.1965151316651899,-1.0,-1.1965151316651899,7.632999999997992,1,2025
-1.0,-1.1930998970133875,-1.0,-1.1930998970133875,-1.0,-1.1930998970133875,7.768000000000029,-1,2025
-1.0,-1.0329265080340675,-1.0,-1.0329265080340675,-1.0,-1.0329265080340675,45.556000000000495,-1,2025
-1.0,-1.1152870647913429,-1.0,-1.1152870647913429,-1.0,-1.1152870647913429,13.010999999998603,1,2025
-1.0,-1.1152870647913429,-1.0,-1.1152870647913429,-1.0,-1.1152870647913429,13.010999999998603,1,2025
-1.0,-1.1152870647913429,-1.0,-1.1152870647913429,-1.0,-1.1152870647913429,13.010999999998603,1,2025
-1.0,-1.2695417789756285,-1.0,-1.2695417789756285,-1.0,-1.2695417789756285,5.565000000002328,-1,2025
-1.0,-1.2695417789756285,-1.0,-1.2695417789756285,-1.0,-1.2695417789756285,5.565000000002328,-1,2025
-1.0,-1.2205558006174553,-1.0,-1.2205558006174553,-1.0,-1.2205558006174553,6.801000000003114,1,2025
-1.0,-1.2860411899312183,-1.0,-1.2860411899312183,-1.0,-1.2860411899312183,5.244000000002416,-1,2025
-1.0,-1.1248959200666278,-1.0,-1.1248959200666278,-1.0,-1.1248959200666278,12.0099999999984,-1,2025
2.0,1.955897918381746,0.0,-0.04410208161825393,0.0,-0.04410208161825393,34.01199999999881,1,2025
2.0,1.9142367066895447,2.0,1.9142367066895447,2.0,1.9142367066895447,17.4900000000016,1,2025
2.0,1.9142367066895447,2.0,1.9142367066895447,2.0,1.9142367066895447,17.4900000000016,1,2025
2.0,1.9142367066895447,2.0,1.9142367066895447,2.0,1.9142367066895447,17.4900000000016,1,2025
2.0,1.9142367066895447,2.0,1.9142367066895447,2.0,1.9142367066895447,17.4900000000016,1,2025
2.0,1.9142367066895447,2.0,1.9142367066895447,2.0,1.9142367066895447,17.4900000000016,1,2025
2.0,1.716446124763752,0.0,-0.2835538752362481,0.0,-0.2835538752362481,5.290000000000873,1,2025
2.0,1.716446124763752,0.0,-0.2835538752362481,0.0,-0.2835538752362481,5.290000000000873,1,2025
2.0,1.716446124763752,0.0,-0.2835538752362481,0.0,-0.2835538752362481,5.290000000000873,1,2025
-1.0,-1.1111111111111112,-1.0,-1.1111111111111112,-1.0,-1.1111111111111112,13.5,1,2025
-1.0,-1.0785299198994869,-1.0,-1.0785299198994869,-1.0,-1.0785299198994869,19.10099999999875,1,2025
-1.0,-1.2083622725379426,-1.0,-1.2083622725379426,-1.0,-1.2083622725379426,7.198999999996886,1,2025
-1.0,-1.5112474437625885,-1.0,-1.5112474437625885,-1.0,-1.5112474437625885,2.934000000001106,1,2025
-1.0,-1.3738783649053954,-1.0,-1.3738783649053954,-1.0,-1.3738783649053954,4.011999999998807,1,2025
-1.0,-1.1335351197364887,-1.0,-1.1335351197364887,-1.0,-1.1335351197364887,11.233000000000175,-1,2025
-1.0,-1.1146964367640195,0.0,-0.11469643676401946,0.0,-0.11469643676401946,13.078000000001339,1,2025
2.0,1.215891270254842,2.0,1.215891270254842,1.6,0.815891270254842,1.9129999999968277,-1,2025
-1.0,-1.7378258730941505,-1.0,-1.7378258730941505,-1.0,-1.7378258730941505,2.032999999999447,1,2025
-1.0,-1.2002670226968863,-1.0,-1.2002670226968863,-1.0,-1.2002670226968863,7.490000000001601,-1,2025
-1.0,-1.2002670226968863,-1.0,-1.2002670226968863,-1.0,-1.2002670226968863,7.490000000001601,-1,2025
-1.0,-1.1050493732053899,-1.0,-1.1050493732053899,-1.0,-1.1050493732053899,14.27900000000227,1,2025
2.0,1.8796727097705794,2.0,1.8796727097705794,2.0,1.8796727097705794,12.46600000000035,1,2025
-1.0,-1.4299226139297687,0.0,-0.4299226139297688,0.0,-0.4299226139297688,3.488999999997759,-1,2025
-1.0,-1.4299226139297687,0.0,-0.4299226139297688,0.0,-0.4299226139297688,3.488999999997759,-1,2025
-1.0,-1.4299226139297687,0.0,-0.4299226139297688,0.0,-0.4299226139297688,3.488999999997759,-1,2025
2.0,1.9393792434529553,0.0,-0.0606207565470447,0.0,-0.0606207565470447,24.743999999998778,-1,2025
2.0,1.9393792434529553,0.0,-0.0606207565470447,0.0,-0.0606207565470447,24.743999999998778,-1,2025
2.0,1.9393792434529553,0.0,-0.0606207565470447,0.0,-0.0606207565470447,24.743999999998778,-1,2025
2.0,1.9232068806634903,2.0,1.9232068806634903,2.0,1.9232068806634903,19.532999999999447,1,2025
-1.0,-1.144230769230749,-1.0,-1.144230769230749,-1.0,-1.144230769230749,10.400000000001455,1,2025
-1.0,-1.2003472685988783,0.0,-0.20034726859887828,0.0,-0.20034726859887828,7.4870000000009895,1,2025
-1.0,-1.0799786723540346,-1.0,-1.0799786723540346,-1.0,-1.0799786723540346,18.75500000000102,-1,2025
-1.0,-1.2889616644192485,-1.0,-1.2889616644192485,-1.0,-1.2889616644192485,5.190999999998894,-1,2025
-1.0,-1.0534873769790298,-1.0,-1.0534873769790298,-1.0,-1.0534873769790298,28.044000000001688,-1,2025
-1.0,-1.0534873769790298,-1.0,-1.0534873769790298,-1.0,-1.0534873769790298,28.044000000001688,-1,2025
2.0,1.912049252418647,2.0,1.912049252418647,1.6,1.512049252418647,17.05500000000029,-1,2025
-1.0,-1.0395434054780788,-1.0,-1.0395434054780788,-1.0,-1.0395434054780788,37.9330000000009,-1,2025
-1.0,-1.1318449503383974,-1.0,-1.1318449503383974,-1.0,-1.1318449503383974,11.377000000000407,1,2025
-1.0,-1.12943308309604,-1.0,-1.12943308309604,-1.0,-1.12943308309604,11.588999999999942,-1,2025
-1.0,-1.1074806534823582,0.0,-0.10748065348235815,0.0,-0.10748065348235815,13.95600000000195,-1,2025
-1.0,-1.1074806534823582,0.0,-0.10748065348235815,0.0,-0.10748065348235815,13.95600000000195,-1,2025
-1.0,-1.0981739642646857,0.0,-0.0981739642646858,0.0,-0.0981739642646858,15.278999999998632,1,2025
-1.0,-1.0653110985326757,-1.0,-1.0653110985326757,-1.0,-1.0653110985326757,22.967000000000553,-1,2025
-1.0,-1.023651098987732,-1.0,-1.023651098987732,-1.0,-1.023651098987732,63.4220000000023,1,2025
-1.0,-1.0694862648816432,-1.0,-1.0694862648816432,-1.0,-1.0694862648816432,21.586999999999534,-1,2025
-1.0,-1.0694862648816432,-1.0,-1.0694862648816432,-1.0,-1.0694862648816432,21.586999999999534,-1,2025
-1.0,-1.0785792865000787,-1.0,-1.0785792865000787,-1.0,-1.0785792865000787,19.088999999999942,1,2025
-1.0,-1.035780735651923,0.0,-0.035780735651923044,0.0,-0.035780735651923044,41.9220000000023,-1,2025
-1.0,-1.0386597938144337,-1.0,-1.0386597938144337,-1.0,-1.0386597938144337,38.79999999999927,-1,2025
2.0,1.9017553052135185,2.0,1.9017553052135185,1.6,1.5017553052135186,15.268000000000029,-1,2025
-1.0,-1.1387219088134406,-1.0,-1.1387219088134406,-1.0,-1.1387219088134406,10.81300000000192,1,2025
2.0,1.9224605841302709,0.0,-0.07753941586972911,0.0,-0.07753941586972911,19.345000000001164,-1,2025
2.0,1.8813760379596378,2.0,1.8813760379596378,2.0,1.8813760379596378,12.644999999996799,-1,2025
-1.0,-1.0366452495541487,0.0,-0.036645249554148655,0.0,-0.036645249554148655,40.9330000000009,-1,2025
-1.0,-1.038308305240577,-1.0,-1.038308305240577,-1.0,-1.038308305240577,39.15599999999904,-1,2025
2.0,1.9546348102222877,2.0,1.9546348102222877,2.0,1.9546348102222877,33.06499999999869,-1,2025
-1.0,-1.0845356176735683,-1.0,-1.0845356176735683,-1.0,-1.0845356176735683,17.744000000002416,1,2025
2.0,1.9094640270400733,0.0,-0.09053597295992656,0.0,-0.09053597295992656,16.5679999999993,-1,2025
2.0,1.8693265963934067,2.0,1.8693265963934067,1.6,1.4693265963934068,11.47899999999936,1,2025
2.0,1.8693265963934067,2.0,1.8693265963934067,1.6,1.4693265963934068,11.47899999999936,1,2025
-1.0,-1.255275697753565,-1.0,-1.255275697753565,-1.0,-1.255275697753565,5.876000000000204,-1,2025
2.0,1.9095077220077072,2.0,1.9095077220077072,1.6,1.5095077220077073,16.575999999997293,-1,2025
2.0,1.9095077220077072,2.0,1.9095077220077072,1.6,1.5095077220077073,16.575999999997293,-1,2025
2.0,1.9577059719167658,2.0,1.9577059719167658,2.0,1.9577059719167658,35.46600000000035,-1,2025
-1.0,-1.0233078500839083,-1.0,-1.0233078500839083,-1.0,-1.0233078500839083,64.35599999999977,1,2025
2.0,1.9814789662793708,2.0,1.9814789662793708,1.6,1.581478966279371,80.98899999999776,-1,2025
-1.0,-1.0193685841564983,0.0,-0.019368584156498232,0.0,-0.019368584156498232,77.44499999999971,1,2025
-1.0,-1.0193685841564983,0.0,-0.019368584156498232,0.0,-0.019368584156498232,77.44499999999971,1,2025
-1.0,-1.0193685841564983,0.0,-0.019368584156498232,0.0,-0.019368584156498232,77.44499999999971,1,2025
-1.0,-1.0682842445486394,-1.0,-1.0682842445486394,-1.0,-1.0682842445486394,21.967000000000553,-1,2025
2.0,1.7045499310617167,0.0,-0.29545006893828335,0.0,-0.29545006893828335,5.077000000001135,-1,2025
-1.0,-1.3019323671497125,-1.0,-1.3019323671497125,-1.0,-1.3019323671497125,4.968000000000757,-1,2025
2.0,1.8066262730436473,2.0,1.8066262730436473,1.6,1.4066262730436474,7.756999999997788,1,2025
2.0,1.8540714077244673,2.0,1.8540714077244673,1.6,1.4540714077244674,10.278999999998632,1,2025
-1.0,-1.2055076037813661,0.0,-0.20550760378136612,0.0,-0.20550760378136612,7.298999999999069,1,2025
-1.0,-1.2055076037813661,0.0,-0.20550760378136612,0.0,-0.20550760378136612,7.298999999999069,1,2025
2.0,1.9200724676293486,2.0,1.9200724676293486,1.6,1.5200724676293487,18.766999999999825,1,2025
2.0,1.9200724676293486,2.0,1.9200724676293486,1.6,1.5200724676293487,18.766999999999825,1,2025
-1.0,-1.1443973815941608,-1.0,-1.1443973815941608,-1.0,-1.1443973815941608,10.38799999999901,1,2025
-1.0,-1.1443973815941608,-1.0,-1.1443973815941608,-1.0,-1.1443973815941608,10.38799999999901,1,2025
-1.0,-1.2561912894961762,-1.0,-1.2561912894961762,-1.0,-1.2561912894961762,5.854999999999563,-1,2025
-1.0,-1.068315343626183,0.0,-0.06831534362618306,0.0,-0.06831534362618306,21.956999999998516,1,2025
-1.0,-1.068873685660503,-1.0,-1.068873685660503,-1.0,-1.068873685660503,21.778999999998632,1,2025
-1.0,-1.068455640744808,0.0,-0.06845564074480792,0.0,-0.06845564074480792,21.911999999996624,1,2025
-1.0,-1.068455640744808,0.0,-0.06845564074480792,0.0,-0.06845564074480792,21.911999999996624,1,2025
2.0,1.8901501281581745,0.0,-0.10984987184182556,0.0,-0.10984987184182556,13.654999999998836,-1,2025
2.0,1.8901501281581745,0.0,-0.10984987184182556,0.0,-0.10984987184182556,13.654999999998836,-1,2025
2.0,1.870062370062389,2.0,1.870062370062389,2.0,1.870062370062389,11.544000000001688,1,2025
2.0,1.8345649057019797,0.0,-0.16543509429802022,0.0,-0.16543509429802022,9.066999999999098,1,2025
-1.0,-1.0482672072593862,-1.0,-1.0482672072593862,-1.0,-1.0482672072593862,31.077000000001135,-1,2025
-1.0,-1.028043149058686,-1.0,-1.028043149058686,-1.0,-1.028043149058686,53.48899999999776,-1,2025
-1.0,-1.028043149058686,-1.0,-1.028043149058686,-1.0,-1.028043149058686,53.48899999999776,-1,2025
-1.0,-1.028043149058686,-1.0,-1.028043149058686,-1.0,-1.028043149058686,53.48899999999776,-1,2025
2.0,1.9675934927733492,2.0,1.9675934927733492,2.0,1.9675934927733492,46.28700000000026,1,2025
-1.0,-1.2080443828016896,-1.0,-1.2080443828016896,-1.0,-1.2080443828016896,7.209999999999127,-1,2025
2.0,1.90471955789874,2.0,1.90471955789874,2.0,1.90471955789874,15.742999999998574,1,2025
-1.0,-1.0978282136568267,-1.0,-1.0978282136568267,-1.0,-1.0978282136568267,15.33299999999872,1,2025
-1.0,-1.0241802882290358,0.0,-0.024180288229035826,0.0,-0.024180288229035826,62.03399999999965,1,2025
-1.0,-1.0241802882290358,0.0,-0.024180288229035826,0.0,-0.024180288229035826,62.03399999999965,1,2025
-1.0,-1.5231949773278513,-1.0,-1.5231949773278513,-1.0,-1.5231949773278513,2.867000000002008,-1,2025
-1.0,-1.2371916508540068,-1.0,-1.2371916508540068,-1.0,-1.2371916508540068,6.323999999996886,-1,2025
-1.0,-1.0713538198078174,0.0,-0.07135381980781752,0.0,-0.07135381980781752,21.022000000000844,1,2025
-1.0,-1.0713538198078174,0.0,-0.07135381980781752,0.0,-0.07135381980781752,21.022000000000844,1,2025
2.0,1.9035803818216923,2.0,1.9035803818216923,2.0,1.9035803818216923,15.557000000000698,1,2025
2.0,1.9340746275216474,2.0,1.9340746275216474,2.0,1.9340746275216474,22.75300000000061,-1,2025
2.0,1.9685896764736683,2.0,1.9685896764736683,1.6,1.5685896764736684,47.75500000000102,1,2025
2.0,1.9685896764736683,2.0,1.9685896764736683,1.6,1.5685896764736684,47.75500000000102,1,2025
2.0,1.8538866160140215,2.0,1.8538866160140215,1.6,1.4538866160140216,10.265999999999622,-1,2025
-1.0,-1.0621813207312534,-1.0,-1.0621813207312534,-1.0,-1.0621813207312534,24.122999999999593,-1,2025
-1.0,-1.0683526999316482,-1.0,-1.0683526999316482,-1.0,-1.0683526999316482,21.94499999999971,1,2025
2.0,1.9501495513459624,2.0,1.9501495513459624,1.6,1.5501495513459624,30.090000000000146,1,2025
-1.0,-1.0324738585438729,-1.0,-1.0324738585438729,-1.0,-1.0324738585438729,46.190999999998894,-1,2025
-1.0,-1.0494315373208147,0.0,-0.049431537320814706,0.0,-0.049431537320814706,30.344999999997526,1,2025
-1.0,-1.044497181845151,-1.0,-1.044497181845151,-1.0,-1.044497181845151,33.70999999999913,-1,2025
2.0,1.9448975093674266,2.0,1.9448975093674266,2.0,1.9448975093674266,27.22200000000157,1,2025
-1.0,-1.0652883569096783,-1.0,-1.0652883569096783,-1.0,-1.0652883569096783,22.975000000002183,1,2025
-1.0,-1.0063832775151176,-1.0,-1.0063832775151176,-1.0,-1.0063832775151176,234.9890000000014,-1,2025
2.0,1.9622907134597034,2.0,1.9622907134597034,1.6,1.5622907134597035,39.778000000002066,-1,2025
2.0,1.9635240619604597,2.0,1.9635240619604597,2.0,1.9635240619604597,41.12299999999959,-1,2025
2.0,1.9635240619604597,2.0,1.9635240619604597,2.0,1.9635240619604597,41.12299999999959,-1,2025
-1.0,-1.0206264954209177,0.0,-0.02062649542091757,0.0,-0.02062649542091757,72.72200000000157,1,2025
2.0,1.875807252856447,2.0,1.875807252856447,2.0,1.875807252856447,12.078000000001339,1,2025
2.0,1.9815498154981557,2.0,1.9815498154981557,2.0,1.9815498154981557,81.30000000000291,-1,2025
2.0,1.9893768457730467,2.0,1.9893768457730467,1.6,1.5893768457730468,141.2009999999973,-1,2025
2.0,1.9893768457730467,2.0,1.9893768457730467,1.6,1.5893768457730468,141.2009999999973,-1,2025
2.0,1.9843405819039766,2.0,1.9843405819039766,1.6,1.5843405819039766,95.78900000000067,1,2025
2.0,1.9843405819039766,2.0,1.9843405819039766,1.6,1.5843405819039766,95.78900000000067,1,2025
-1.0,-1.051213766260376,-1.0,-1.051213766260376,-1.0,-1.051213766260376,29.28899999999703,1,2025
-1.0,-1.051213766260376,-1.0,-1.051213766260376,-1.0,-1.051213766260376,29.28899999999703,1,2025
-1.0,-1.1320771330456991,-1.0,-1.1320771330456991,-1.0,-1.1320771330456991,11.356999999999971,1,2025
-1.0,-1.047282814273108,-1.0,-1.047282814273108,-1.0,-1.047282814273108,31.72399999999834,1,2025
-1.0,-1.047282814273108,-1.0,-1.047282814273108,-1.0,-1.047282814273108,31.72399999999834,1,2025
-1.0,-1.1323451561672544,-1.0,-1.1323451561672544,-1.0,-1.1323451561672544,11.334000000002561,1,2025
-1.0,-1.059632662797164,-1.0,-1.059632662797164,-1.0,-1.059632662797164,25.15400000000227,1,2025
-1.0,-1.1104565537555382,0.0,-0.11045655375553821,0.0,-0.11045655375553821,13.579999999998108,-1,2025
2.0,1.950004999500051,2.0,1.950004999500051,2.0,1.950004999500051,30.00300000000061,-1,2025
2.0,1.8712998712998985,2.0,1.8712998712998985,1.6,1.4712998712998986,11.655000000002474,1,2025
-1.0,-1.1654715940430465,-1.0,-1.1654715940430465,-1.0,-1.1654715940430465,9.06499999999869,1,2025
-1.0,-1.1295784381478817,0.0,-0.12957843814788175,0.0,-0.12957843814788175,11.576000000000931,-1,2025
-1.0,-1.1295784381478817,0.0,-0.12957843814788175,0.0,-0.12957843814788175,11.576000000000931,-1,2025
-1.0,-1.0747458640621776,-1.0,-1.0747458640621776,-1.0,-1.0747458640621776,20.06800000000294,-1,2025
-1.0,-1.0554200842385304,-1.0,-1.0554200842385304,-1.0,-1.0554200842385304,27.065999999998894,1,2025
2.0,1.8353276978812232,2.0,1.8353276978812232,2.0,1.8353276978812232,9.109000000000378,-1,2025
-1.0,-1.0462648818703317,-1.0,-1.0462648818703317,-1.0,-1.0462648818703317,32.4220000000023,1,2025
-1.0,-1.0462648818703317,-1.0,-1.0462648818703317,-1.0,-1.0462648818703317,32.4220000000023,1,2025
2.0,1.4725738396619508,0.0,-0.5274261603380493,0.0,-0.5274261603380493,2.8439999999973224,1,2025
2.0,1.8409837803456104,2.0,1.8409837803456104,2.0,1.8409837803456104,9.433000000000902,1,2025
-1.0,-1.0683153436261716,-1.0,-1.0683153436261716,-1.0,-1.0683153436261716,21.957000000002154,-1,2025
2.0,1.9642004773269701,0.0,-0.035799522673029785,0.0,-0.035799522673029785,41.900000000001455,-1,2025
2.0,1.9003653271338445,2.0,1.9003653271338445,2.0,1.9003653271338445,15.055000000000291,1,2025
-1.0,-1.1176009408075172,-1.0,-1.1176009408075172,-1.0,-1.1176009408075172,12.755000000001019,1,2025
-1.0,-1.09036688957167,-1.0,-1.09036688957167,-1.0,-1.09036688957167,16.59899999999834,-1,2025
-1.0,-1.0703135986499832,-1.0,-1.0703135986499832,-1.0,-1.0703135986499832,21.33299999999872,-1,2025
-1.0,-1.0703135986499832,-1.0,-1.0703135986499832,-1.0,-1.0703135986499832,21.33299999999872,-1,2025
-1.0,-1.1741957960747722,-1.0,-1.1741957960747722,-1.0,-1.1741957960747722,8.611000000000786,1,2025
-1.0,-1.1741957960747722,-1.0,-1.1741957960747722,-1.0,-1.1741957960747722,8.611000000000786,1,2025
-1.0,-1.0734537975613263,0.0,-0.07345379756132639,0.0,-0.07345379756132639,20.421000000002095,-1,2025
-1.0,-1.0873260755661658,-1.0,-1.0873260755661658,-1.0,-1.0873260755661658,17.17699999999968,1,2025
-1.0,-1.3847140292385016,-1.0,-1.3847140292385016,-1.0,-1.3847140292385016,3.8989999999976135,1,2025
2.0,1.8200143988480688,2.0,1.8200143988480688,2.0,1.8200143988480688,8.333999999998923,-1,2025
-1.0,-1.0528578476284434,0.0,-0.05285784762844343,0.0,-0.05285784762844343,28.37800000000061,-1,2025
-1.0,-1.0550802335401899,-1.0,-1.0550802335401899,-1.0,-1.0550802335401899,27.233000000000175,1,2025
-1.0,-1.0550802335401899,-1.0,-1.0550802335401899,-1.0,-1.0550802335401899,27.233000000000175,1,2025
-1.0,-1.1573646663869197,-1.0,-1.1573646663869197,-1.0,-1.1573646663869197,9.531999999999243,1,2025
2.0,1.8711893516530749,2.0,1.8711893516530749,1.6,1.471189351653075,11.645000000000437,-1,2025
-1.0,-1.0367647058823537,-1.0,-1.0367647058823537,-1.0,-1.0367647058823537,40.79999999999927,-1,2025
-1.0,-1.0367647058823537,-1.0,-1.0367647058823537,-1.0,-1.0367647058823537,40.79999999999927,-1,2025
-1.0,-1.0367647058823537,-1.0,-1.0367647058823537,-1.0,-1.0367647058823537,40.79999999999927,-1,2025
-1.0,-1.0367647058823537,-1.0,-1.0367647058823537,-1.0,-1.0367647058823537,40.79999999999927,-1,2025
2.0,1.84863773965691,2.0,1.84863773965691,2.0,1.84863773965691,9.909999999999854,1,2025
-1.0,-1.5211952744960673,-1.0,-1.5211952744960673,-1.0,-1.5211952744960673,2.878000000000611,-1,2025
2.0,1.85,2.0,1.85,2.0,1.85,10.0,1,2025
-1.0,-1.0735186002058577,-1.0,-1.0735186002058577,-1.0,-1.0735186002058577,20.40299999999843,-1,2025
2.0,1.9543906592070042,2.0,1.9543906592070042,2.0,1.9543906592070042,32.88799999999901,1,2025
-1.0,-1.2335357309668793,0.0,-0.23353573096687918,0.0,-0.23353573096687918,6.422999999998865,-1,2025
-1.0,-1.5190311418686167,-1.0,-1.5190311418686167,-1.0,-1.5190311418686167,2.889999999999418,-1,2025
2.0,1.747687132043722,2.0,1.747687132043722,2.0,1.747687132043722,5.944999999999709,1,2025
-1.0,-1.0803083841953105,-1.0,-1.0803083841953105,-1.0,-1.0803083841953105,18.677999999999884,1,2025
-1.0,-1.0637700875775846,0.0,-0.06377008757758465,0.0,-0.06377008757758465,23.522000000000844,-1,2025
-1.0,-1.0823180770497294,-1.0,-1.0823180770497294,-1.0,-1.0823180770497294,18.221999999997934,-1,2025
-1.0,-1.1854370132278416,-1.0,-1.1854370132278416,-1.0,-1.1854370132278416,8.088999999999942,1,2025
2.0,1.9762327291164916,2.0,1.9762327291164916,2.0,1.9762327291164916,63.11200000000099,1,2025
2.0,1.9762327291164916,2.0,1.9762327291164916,2.0,1.9762327291164916,63.11200000000099,1,2025
2.0,1.9762327291164916,2.0,1.9762327291164916,2.0,1.9762327291164916,63.11200000000099,1,2025
2.0,1.8686974789916277,2.0,1.8686974789916277,1.6,1.4686974789916278,11.424000000002707,1,2025
2.0,1.8559216213620218,2.0,1.8559216213620218,2.0,1.8559216213620218,10.411000000000058,1,2025
2.0,1.8559216213620218,2.0,1.8559216213620218,2.0,1.8559216213620218,10.411000000000058,1,2025
2.0,1.8559216213620218,2.0,1.8559216213620218,2.0,1.8559216213620218,10.411000000000058,1,2025
2.0,1.874055415617127,2.0,1.874055415617127,1.6,1.474055415617127,11.909999999999854,1,2025
-1.0,-1.1278118609407264,0.0,-0.12781186094072636,0.0,-0.12781186094072636,11.735999999997148,1,2025
-1.0,-1.0978218338333185,-1.0,-1.0978218338333185,-1.0,-1.0978218338333185,15.333999999998923,-1,2025
2.0,1.8844197873324011,2.0,1.8844197873324011,2.0,1.8844197873324011,12.977999999999156,1,2025
-1.0,-1.148500148500167,0.0,-0.1485001485001669,0.0,-0.1485001485001669,10.100999999998749,1,2025
-1.0,-1.0934870676223012,-1.0,-1.0934870676223012,-1.0,-1.0934870676223012,16.04500000000189,-1,2025
-1.0,-1.0760571950106559,-1.0,-1.0760571950106559,-1.0,-1.0760571950106559,19.721999999997934,-1,2025
-1.0,-1.2557108762358573,-1.0,-1.2557108762358573,-1.0,-1.2557108762358573,5.866000000001804,1,2025
-1.0,-1.1428435387105962,-1.0,-1.1428435387105962,-1.0,-1.1428435387105962,10.501000000000204,1,2025
-1.0,-1.1739735560194973,0.0,-0.17397355601949738,0.0,-0.17397355601949738,8.621999999999389,-1,2025
2.0,1.9202594226782266,2.0,1.9202594226782266,1.6,1.5202594226782267,18.811000000001513,1,2025
2.0,1.9186683294474998,2.0,1.9186683294474998,2.0,1.9186683294474998,18.44300000000294,1,2025
2.0,1.9186683294474998,2.0,1.9186683294474998,2.0,1.9186683294474998,18.44300000000294,1,2025
-1.0,-1.0350549193736878,0.0,-0.0350549193736877,0.0,-0.0350549193736877,42.789999999997235,-1,2025
-1.0,-1.2733734281027391,0.0,-0.2733734281027391,0.0,-0.2733734281027391,5.4870000000009895,-1,2025
-1.0,-1.0435350457117958,-1.0,-1.0435350457117958,-1.0,-1.0435350457117958,34.455000000001746,1,2025
2.0,1.9311579237229817,2.0,1.9311579237229817,2.0,1.9311579237229817,21.78900000000067,1,2025
-1.0,-1.1205109664979502,0.0,-0.12051096649795019,0.0,-0.12051096649795019,12.447000000000116,-1,2025
-1.0,-1.1542733724159506,-1.0,-1.1542733724159506,-1.0,-1.1542733724159506,9.722999999998137,-1,2025
2.0,1.818071558520293,2.0,1.818071558520293,1.6,1.418071558520293,8.244999999998981,1,2025
2.0,1.818071558520293,2.0,1.818071558520293,1.6,1.418071558520293,8.244999999998981,1,2025
2.0,1.8377501352082666,2.0,1.8377501352082666,2.068729042725614,1.9064791779338806,9.24500000000262,1,2025
2.0,1.8377501352082666,2.0,1.8377501352082666,2.068729042725614,1.9064791779338806,9.24500000000262,1,2025
-1.0,-1.316789862724354,-1.0,-1.316789862724354,-1.0,-1.316789862724354,4.735000000000582,-1,2025
-1.0,-1.051196286562683,0.0,-0.05119628656268295,0.0,-0.05119628656268295,29.29899999999907,1,2025
-1.0,-1.0336549248373348,-1.0,-1.0336549248373348,-1.0,-1.0336549248373348,44.56999999999971,-1,2025
-1.0,-1.0336549248373348,-1.0,-1.0336549248373348,-1.0,-1.0336549248373348,44.56999999999971,-1,2025
2.0,1.949513648143784,2.0,1.949513648143784,2.0,1.949513648143784,29.71099999999933,1,2025
2.0,1.949513648143784,2.0,1.949513648143784,2.0,1.949513648143784,29.71099999999933,1,2025
-1.0,-1.1203176385658085,-1.0,-1.1203176385658085,-1.0,-1.1203176385658085,12.467000000000553,1,2025
-1.0,-1.1203176385658085,-1.0,-1.1203176385658085,-1.0,-1.1203176385658085,12.467000000000553,1,2025
-1.0,-1.1203176385658085,-1.0,-1.1203176385658085,-1.0,-1.1203176385658085,12.467000000000553,1,2025
-1.0,-1.0738080007872841,-1.0,-1.0738080007872841,-1.0,-1.0738080007872841,20.32300000000032,1,2025
-1.0,-1.0256849315068504,-1.0,-1.0256849315068504,-1.0,-1.0256849315068504,58.39999999999782,-1,2025
-1.0,-1.2495425054068123,-1.0,-1.2495425054068123,-1.0,-1.2495425054068123,6.010999999998603,1,2025
-1.0,-1.023200779546192,0.0,-0.02320077954619201,0.0,-0.02320077954619201,64.65300000000207,1,2025
-1.0,-1.023200779546192,0.0,-0.02320077954619201,0.0,-0.02320077954619201,64.65300000000207,1,2025
-1.0,-1.0246982694745854,-1.0,-1.0246982694745854,-1.0,-1.0246982694745854,60.733000000000175,-1,2025
-1.0,-1.0246982694745854,-1.0,-1.0246982694745854,-1.0,-1.0246982694745854,60.733000000000175,-1,2025
-1.0,-1.0246982694745854,-1.0,-1.0246982694745854,-1.0,-1.0246982694745854,60.733000000000175,-1,2025
-1.0,-1.3581661891118948,-1.0,-1.3581661891118948,-1.0,-1.3581661891118948,4.187999999998283,1,2025
2.0,1.9516129032258065,2.0,1.9516129032258065,2.0,1.9516129032258065,31.0,-1,2025
2.0,1.9516129032258065,2.0,1.9516129032258065,2.0,1.9516129032258065,31.0,-1,2025
2.0,1.9516129032258065,2.0,1.9516129032258065,2.0,1.9516129032258065,31.0,-1,2025
-1.0,-1.0382311711482124,-1.0,-1.0382311711482124,-1.0,-1.0382311711482124,39.234999999996944,1,2025
2.0,1.9386076208406686,0.0,-0.06139237915933142,0.0,-0.06139237915933142,24.433000000000902,1,2025
2.0,1.9386076208406686,0.0,-0.06139237915933142,0.0,-0.06139237915933142,24.433000000000902,1,2025
-1.0,-1.1284356537374767,-1.0,-1.1284356537374767,-1.0,-1.1284356537374767,11.679000000000087,-1,2025
2.0,1.6177370030580134,0.0,-0.38226299694198673,0.0,-0.38226299694198673,3.9239999999990687,-1,2025
2.0,1.6177370030580134,0.0,-0.38226299694198673,0.0,-0.38226299694198673,3.9239999999990687,-1,2025
-1.0,-1.2008838891120783,-1.0,-1.2008838891120783,-1.0,-1.2008838891120783,7.467000000000553,-1,2025
2.0,1.763928234183168,2.0,1.763928234183168,2.0,1.763928234183168,6.35399999999936,1,2025
2.0,1.763928234183168,2.0,1.763928234183168,2.0,1.763928234183168,6.35399999999936,1,2025
-1.0,-1.207612456747342,-1.0,-1.207612456747342,-1.0,-1.207612456747342,7.225000000002183,-1,2025
-1.0,-1.1160721194768792,-1.0,-1.1160721194768792,-1.0,-1.1160721194768792,12.923000000002503,1,2025
-1.0,-1.0576923076923077,0.0,-0.057692307692307696,0.0,-0.057692307692307696,26.0,1,2025
-1.0,-1.0679717237629167,-1.0,-1.0679717237629167,-1.0,-1.0679717237629167,22.0679999999993,-1,2025
-1.0,-1.078349438495689,-1.0,-1.078349438495689,-1.0,-1.078349438495689,19.145000000000437,-1,2025
-1.0,-1.1129688206054953,0.0,-0.1129688206054953,0.0,-0.1129688206054953,13.278000000002066,1,2025
-1.0,-1.1129688206054953,0.0,-0.1129688206054953,0.0,-0.1129688206054953,13.278000000002066,1,2025
2.0,1.8775909906969235,0.0,-0.12240900930307656,0.0,-0.12240900930307656,12.254000000000815,-1,2025
-1.0,-1.0558098002009144,-1.0,-1.0558098002009144,-1.0,-1.0558098002009144,26.877000000000407,-1,2025
-1.0,-1.0558098002009144,-1.0,-1.0558098002009144,-1.0,-1.0558098002009144,26.877000000000407,-1,2025
-1.0,-1.0895148296234527,-1.0,-1.0895148296234527,-1.0,-1.0895148296234527,16.756999999997788,1,2025
-1.0,-1.0199470737642786,-1.0,-1.0199470737642786,-1.0,-1.0199470737642786,75.19900000000052,1,2025
2.0,1.8,0.0,-0.2,0.0,-0.2,7.5,1,2025
2.0,1.844462878473666,0.0,-0.15553712152633387,0.0,-0.15553712152633387,9.644000000000233,1,2025
-1.0,-1.2606882168925595,0.0,-0.26068821689255955,0.0,-0.26068821689255955,5.754000000000815,-1,2025
-1.0,-1.7940709370025067,-1.0,-1.7940709370025067,-1.0,-1.7940709370025067,1.8890000000028522,1,2025
-1.0,-1.1229508196721238,-1.0,-1.1229508196721238,-1.0,-1.1229508196721238,12.200000000000728,1,2025
2.0,1.8742981647532149,2.0,1.8742981647532149,1.6,1.474298164753215,11.933000000000902,-1,2025
-1.0,-1.0824764941991454,-1.0,-1.0824764941991454,-1.0,-1.0824764941991454,18.187000000001717,1,2025
-1.0,-1.1652528368403452,-1.0,-1.1652528368403452,-1.0,-1.1652528368403452,9.077000000001135,-1,2025
2.0,1.890948745910586,0.0,-0.10905125408941395,0.0,-0.10905125408941395,13.755000000001019,1,2025
2.0,1.890238548221873,2.0,1.890238548221873,1.6,1.4902385482218732,13.666000000001077,1,2025
2.0,1.9544847675688823,2.0,1.9544847675688823,2.0,1.9544847675688823,32.95600000000195,1,2025
-1.0,-1.0557351465834421,-1.0,-1.0557351465834421,-1.0,-1.0557351465834421,26.912999999996828,1,2025
-1.0,-1.1783378908572095,-1.0,-1.1783378908572095,-1.0,-1.1783378908572095,8.411000000000058,-1,2025
-1.0,-1.1783378908572095,-1.0,-1.1783378908572095,-1.0,-1.1783378908572095,8.411000000000058,-1,2025
-1.0,-1.3168567807350824,0.0,-0.3168567807350824,0.0,-0.3168567807350824,4.734000000000378,1,2025
-1.0,-1.1672986839170134,0.0,-0.16729868391701333,0.0,-0.16729868391701333,8.96600000000035,1,2025
2.0,1.8321396598030724,2.0,1.8321396598030724,2.0,1.8321396598030724,8.936000000001513,1,2025
-1.0,-1.2700270027002558,0.0,-0.27002700270025587,0.0,-0.27002700270025587,5.555000000000291,1,2025
-1.0,-1.2700270027002558,0.0,-0.27002700270025587,0.0,-0.27002700270025587,5.555000000000291,1,2025
-1.0,-1.2700270027002558,0.0,-0.27002700270025587,0.0,-0.27002700270025587,5.555000000000291,1,2025
2.0,1.939700916546069,0.0,-0.06029908345393101,0.0,-0.06029908345393101,24.876000000000204,-1,2025
-1.0,-1.1153668666359309,-1.0,-1.1153668666359309,-1.0,-1.1153668666359309,13.00199999999677,-1,2025
-1.0,-1.2495425054066613,-1.0,-1.2495425054066613,-1.0,-1.2495425054066613,6.011000000002241,-1,2025
-1.0,-1.2542372881356874,-1.0,-1.2542372881356874,-1.0,-1.2542372881356874,5.899999999997817,1,2025
-1.0,-1.2316244595428425,-1.0,-1.2316244595428425,-1.0,-1.2316244595428425,6.4760000000023865,-1,2025
-1.0,-1.0944049342312339,-1.0,-1.0944049342312339,-1.0,-1.0944049342312339,15.888999999999214,1,2025
-1.0,-1.0446282467049468,-1.0,-1.0446282467049468,-1.0,-1.0446282467049468,33.611000000000786,1,2025
-1.0,-1.0446282467049468,-1.0,-1.0446282467049468,-1.0,-1.0446282467049468,33.611000000000786,1,2025
2.0,1.7979525862068713,2.0,1.7979525862068713,1.6,1.3979525862068714,7.423999999999069,-1,2025
-1.0,-1.0546089995631265,0.0,-0.0546089995631265,0.0,-0.0546089995631265,27.468000000000757,-1,2025
-1.0,-1.1455886634960708,-1.0,-1.1455886634960708,-1.0,-1.1455886634960708,10.302999999999884,-1,2025
-1.0,-1.1001468820937432,-1.0,-1.1001468820937432,-1.0,-1.1001468820937432,14.977999999999156,1,2025
2.0,1.9130737134909475,2.0,1.9130737134909475,2.0,1.9130737134909475,17.255999999997584,1,2025
2.0,1.9130737134909475,2.0,1.9130737134909475,2.0,1.9130737134909475,17.255999999997584,1,2025
-1.0,-1.0868105793159213,0.0,-0.08681057931592123,0.0,-0.08681057931592123,17.27900000000227,1,2025
-1.0,-1.0868105793159213,0.0,-0.08681057931592123,0.0,-0.08681057931592123,17.27900000000227,1,2025
-1.0,-1.1082485386447285,-1.0,-1.1082485386447285,-1.0,-1.1082485386447285,13.856999999999971,-1,2025
-1.0,-1.1082485386447285,-1.0,-1.1082485386447285,-1.0,-1.1082485386447285,13.856999999999971,-1,2025
-1.0,-1.1082485386447285,-1.0,-1.1082485386447285,-1.0,-1.1082485386447285,13.856999999999971,-1,2025
-1.0,-1.1082485386447285,-1.0,-1.1082485386447285,-1.0,-1.1082485386447285,13.856999999999971,-1,2025
-1.0,-1.1082485386447285,-1.0,-1.1082485386447285,-1.0,-1.1082485386447285,13.856999999999971,-1,2025
-1.0,-1.0508095657475767,-1.0,-1.0508095657475767,-1.0,-1.0508095657475767,29.522000000000844,-1,2025
-1.0,-1.3032753740396332,-1.0,-1.3032753740396332,-1.0,-1.3032753740396332,4.945999999999913,-1,2025
-1.0,-1.1976544999341168,-1.0,-1.1976544999341168,-1.0,-1.1976544999341168,7.588999999999942,1,2025
2.0,1.796720422821543,2.0,1.796720422821543,1.6,1.396720422821543,7.379000000000815,1,2025
2.0,1.8165810711665418,0.0,-0.18341892883345823,0.0,-0.18341892883345823,8.177999999999884,-1,2025
-1.0,-1.1074036946870947,-1.0,-1.1074036946870947,-1.0,-1.1074036946870947,13.96600000000035,-1,2025
-1.0,-1.0825127894823694,-1.0,-1.0825127894823694,-1.0,-1.0825127894823694,18.179000000000087,1,2025
2.0,1.8836126629422958,2.0,1.8836126629422958,2.0,1.8836126629422958,12.888000000002648,-1,2025
-1.0,-1.0979751796211543,0.0,-0.09797517962115426,0.0,-0.09797517962115426,15.31000000000131,1,2025
-1.0,-1.0979751796211543,0.0,-0.09797517962115426,0.0,-0.09797517962115426,15.31000000000131,1,2025
2.0,1.8838289962824974,2.0,1.8838289962824974,1.6,1.4838289962824975,12.911999999996624,1,2025
2.0,1.8838289962824974,2.0,1.8838289962824974,1.6,1.4838289962824975,12.911999999996624,1,2025
-1.0,-1.077543424317614,-1.0,-1.077543424317614,-1.0,-1.077543424317614,19.34400000000096,1,2025
-1.0,-1.095535316221891,-1.0,-1.095535316221891,-1.0,-1.095535316221891,15.701000000000931,-1,2025
2.0,1.7935590421139447,2.0,1.7935590421139447,2.0229562345169,1.8165152766308446,7.265999999999622,-1,2025
2.0,1.7935590421139447,2.0,1.7935590421139447,2.0229562345169,1.8165152766308446,7.265999999999622,-1,2025
2.0,1.8853035632359805,2.0,1.8853035632359805,2.0,1.8853035632359805,13.078000000001339,-1,2025
-1.0,-1.3236944324556337,0.0,-0.3236944324556337,0.0,-0.3236944324556337,4.6340000000018335,-1,2025
-1.0,-1.3236944324556337,0.0,-0.3236944324556337,0.0,-0.3236944324556337,4.6340000000018335,-1,2025
-1.0,-1.3236944324556337,0.0,-0.3236944324556337,0.0,-0.3236944324556337,4.6340000000018335,-1,2025
2.0,1.95117028549106,2.0,1.95117028549106,2.0839740876982287,2.0351443731892886,30.718999999997322,-1,2025
-1.0,-1.310366232154024,-1.0,-1.310366232154024,-1.0,-1.310366232154024,4.832999999998719,-1,2025
2.0,1.8794502933376127,0.0,-0.12054970666238722,0.0,-0.12054970666238722,12.442999999999302,1,2025
2.0,1.8794502933376127,0.0,-0.12054970666238722,0.0,-0.12054970666238722,12.442999999999302,1,2025
2.0,1.8794502933376127,0.0,-0.12054970666238722,0.0,-0.12054970666238722,12.442999999999302,1,2025
-1.0,-1.206128899271625,-1.0,-1.206128899271625,-1.0,-1.206128899271625,7.277000000001863,-1,2025
-1.0,-1.206128899271625,-1.0,-1.206128899271625,-1.0,-1.206128899271625,7.277000000001863,-1,2025
-1.0,-1.0515092201504084,-1.0,-1.0515092201504084,-1.0,-1.0515092201504084,29.120999999999185,-1,2025
-1.0,-1.0954745083062862,-1.0,-1.0954745083062862,-1.0,-1.0954745083062862,15.71099999999933,-1,2025
-1.0,-1.069194575145309,-1.0,-1.069194575145309,-1.0,-1.069194575145309,21.677999999999884,1,2025
-1.0,-1.0695184687398582,-1.0,-1.0695184687398582,-1.0,-1.0695184687398582,21.577000000001135,1,2025
-1.0,-1.0695184687398582,-1.0,-1.0695184687398582,-1.0,-1.0695184687398582,21.577000000001135,1,2025
2.0,1.8986623429266294,0.0,-0.10133765707337065,0.0,-0.10133765707337065,14.80199999999968,-1,2025
-1.0,-1.1093055454346865,-1.0,-1.1093055454346865,-1.0,-1.1093055454346865,13.722999999998137,1,2025
-1.0,-1.283553875236248,-1.0,-1.283553875236248,-1.0,-1.283553875236248,5.290000000000873,-1,2025
-1.0,-1.1607200257151635,-1.0,-1.1607200257151635,-1.0,-1.1607200257151635,9.333000000002357,1,2025
-1.0,-1.159795461808905,-1.0,-1.159795461808905,-1.0,-1.159795461808905,9.386999999998807,1,2025
-1.0,-1.2842524161456328,-1.0,-1.2842524161456328,-1.0,-1.2842524161456328,5.276999999998225,1,2025
2.0,1.5844875346261058,0.0,-0.41551246537389425,0.0,-0.41551246537389425,3.610000000000582,1,2025
2.0,1.8504933718728114,0.0,-0.14950662812718854,0.0,-0.14950662812718854,10.032999999999447,1,2025
-1.0,-1.161290322580658,0.0,-0.16129032258065779,0.0,-0.16129032258065779,9.299999999999272,-1,2025
2.0,1.7610323402898798,2.0,1.7610323402898798,2.0,1.7610323402898798,6.276999999998225,1,2025
-1.0,-1.036684682922058,-1.0,-1.036684682922058,-1.0,-1.036684682922058,40.888999999999214,1,2025
-1.0,-1.208275479033569,-1.0,-1.208275479033569,-1.0,-1.208275479033569,7.202000000001135,-1,2025
-1.0,-1.208275479033569,-1.0,-1.208275479033569,-1.0,-1.208275479033569,7.202000000001135,-1,2025
-1.0,-1.208275479033569,-1.0,-1.208275479033569,-1.0,-1.208275479033569,7.202000000001135,-1,2025
-1.0,-1.0739353312302822,-1.0,-1.0739353312302822,-1.0,-1.0739353312302822,20.288000000000466,1,2025
-1.0,-1.159795461808843,-1.0,-1.159795461808843,-1.0,-1.159795461808843,9.387000000002445,1,2025
-1.0,-1.5401512423474952,-1.0,-1.5401512423474952,-1.0,-1.5401512423474952,2.7770000000018626,-1,2025
-1.0,-1.3523608174769786,-1.0,-1.3523608174769786,-1.0,-1.3523608174769786,4.257000000001426,1,2025
2.0,1.9670901072862514,2.0,1.9670901072862514,2.0,1.9670901072862514,45.57900000000154,-1,2025
-1.0,-1.1968245637055714,-1.0,-1.1968245637055714,-1.0,-1.1968245637055714,7.620999999999185,1,2025
2.0,1.7997062358124651,2.0,1.7997062358124651,1.6,1.3997062358124652,7.488999999997759,1,2025
-1.0,-1.2054794520548149,-1.0,-1.2054794520548149,-1.0,-1.2054794520548149,7.299999999999272,1,2025
2.0,1.8230923457954815,2.0,1.8230923457954815,1.6,1.4230923457954816,8.47899999999936,-1,2025
2.0,1.7926171712982215,0.0,-0.2073828287017785,0.0,-0.2073828287017785,7.233000000000175,1,2025
-1.0,-1.0592089681850418,-1.0,-1.0592089681850418,-1.0,-1.0592089681850418,25.33400000000256,-1,2025
-1.0,-1.0592089681850418,-1.0,-1.0592089681850418,-1.0,-1.0592089681850418,25.33400000000256,-1,2025
-1.0,-1.0592089681850418,-1.0,-1.0592089681850418,-1.0,-1.0592089681850418,25.33400000000256,-1,2025
-1.0,-1.0592089681850418,-1.0,-1.0592089681850418,-1.0,-1.0592089681850418,25.33400000000256,-1,2025
-1.0,-1.0592089681850418,-1.0,-1.0592089681850418,-1.0,-1.0592089681850418,25.33400000000256,-1,2025
2.0,1.5713060874535332,2.0,1.5713060874535332,1.6,1.1713060874535333,3.4989999999997963,-1,2025
-1.0,-1.109385254867646,0.0,-0.10938525486764593,0.0,-0.10938525486764593,13.712999999999738,-1,2025
2.0,1.9031508264462658,2.0,1.9031508264462658,2.0,1.9031508264462658,15.487999999997555,1,2025
-1.0,-1.2230483271374741,-1.0,-1.2230483271374741,-1.0,-1.2230483271374741,6.725000000002183,-1,2025
-1.0,-1.2230483271374741,-1.0,-1.2230483271374741,-1.0,-1.2230483271374741,6.725000000002183,-1,2025
-1.0,-1.2230483271374741,-1.0,-1.2230483271374741,-1.0,-1.2230483271374741,6.725000000002183,-1,2025
-1.0,-1.2230483271374741,-1.0,-1.2230483271374741,-1.0,-1.2230483271374741,6.725000000002183,-1,2025
-1.0,-1.2230483271374741,-1.0,-1.2230483271374741,-1.0,-1.2230483271374741,6.725000000002183,-1,2025
-1.0,-1.050374450078923,-1.0,-1.050374450078923,-1.0,-1.050374450078923,29.776999999998225,1,2025
-1.0,-1.1473622163277324,-1.0,-1.1473622163277324,-1.0,-1.1473622163277324,10.179000000000087,1,2025
-1.0,-1.1473622163277324,-1.0,-1.1473622163277324,-1.0,-1.1473622163277324,10.179000000000087,1,2025
-1.0,-1.1473622163277324,-1.0,-1.1473622163277324,-1.0,-1.1473622163277324,10.179000000000087,1,2025
-1.0,-1.2273071677526217,-1.0,-1.2273071677526217,-1.0,-1.2273071677526217,6.599000000001979,-1,2025
-1.0,-1.2273071677526217,-1.0,-1.2273071677526217,-1.0,-1.2273071677526217,6.599000000001979,-1,2025
-1.0,-1.3969304048691566,-1.0,-1.3969304048691566,-1.0,-1.3969304048691566,3.778999999998632,-1,2025
-1.0,-1.2080155318263956,-1.0,-1.2080155318263956,-1.0,-1.2080155318263956,7.210999999999331,1,2025
-1.0,-1.2080155318263956,-1.0,-1.2080155318263956,-1.0,-1.2080155318263956,7.210999999999331,1,2025
-1.0,-1.2080155318263956,-1.0,-1.2080155318263956,-1.0,-1.2080155318263956,7.210999999999331,1,2025
-1.0,-1.2080155318263956,-1.0,-1.2080155318263956,-1.0,-1.2080155318263956,7.210999999999331,1,2025
-1.0,-1.230379358009443,-1.0,-1.230379358009443,-1.0,-1.230379358009443,6.511000000002241,-1,2025
-1.0,-1.230379358009443,-1.0,-1.230379358009443,-1.0,-1.230379358009443,6.511000000002241,-1,2025
-1.0,-1.230379358009443,-1.0,-1.230379358009443,-1.0,-1.230379358009443,6.511000000002241,-1,2025
-1.0,-1.1394700139469882,0.0,-0.13947001394698819,0.0,-0.13947001394698819,10.755000000001019,-1,2025
-1.0,-1.2772130844575833,-1.0,-1.2772130844575833,-1.0,-1.2772130844575833,5.411000000000058,-1,2025
2.0,1.9416592120104221,0.0,-0.058340787989577966,0.0,-0.058340787989577966,25.71099999999933,1,2025
-1.0,-1.0903505601734789,0.0,-0.09035056017347878,0.0,-0.09035056017347878,16.601999999998952,-1,2025
-1.0,-1.0840053763440871,0.0,-0.08400537634408711,0.0,-0.08400537634408711,17.855999999999767,1,2025
-1.0,-1.0840053763440871,0.0,-0.08400537634408711,0.0,-0.08400537634408711,17.855999999999767,1,2025
-1.0,-1.6162695152019557,0.0,-0.6162695152019558,0.0,-0.6162695152019558,2.433999999997468,1,2025
2.0,1.3483927019981716,0.0,-0.6516072980018283,0.0,-0.6516072980018283,2.30199999999968,-1,2025
2.0,1.3483927019981716,0.0,-0.6516072980018283,0.0,-0.6516072980018283,2.30199999999968,-1,2025
-1.0,-1.3006614552015783,0.0,-0.3006614552015782,0.0,-0.3006614552015782,4.988999999997759,1,2025
-1.0,-1.0925240562546288,-1.0,-1.0925240562546288,-1.0,-1.0925240562546288,16.211999999999534,-1,2025
-1.0,-1.1511791977423556,-1.0,-1.1511791977423556,-1.0,-1.1511791977423556,9.9220000000023,1,2025
-1.0,-1.7292173067571661,0.0,-0.7292173067571661,0.0,-0.7292173067571661,2.0570000000006985,1,2025
-1.0,-1.090903581601114,0.0,-0.09090358160111396,0.0,-0.09090358160111396,16.501000000000204,1,2025
2.0,1.470712773464866,2.0,1.470712773464866,1.6,1.070712773464866,2.833999999998923,-1,2025
-1.0,-1.3436426116840092,0.0,-0.34364261168400917,0.0,-0.34364261168400917,4.364999999997963,1,2025
-1.0,-1.1486767766874286,0.0,-0.14867677668742865,0.0,-0.14867677668742865,10.08900000000358,-1,2025
2.0,1.841538136488491,2.0,1.841538136488491,1.6,1.4415381364884912,9.46600000000035,1,2025
-1.0,-1.0624375624375686,-1.0,-1.0624375624375686,-1.0,-1.0624375624375686,24.023999999997613,-1,2025
-1.0,-1.0624375624375686,-1.0,-1.0624375624375686,-1.0,-1.0624375624375686,24.023999999997613,-1,2025
-1.0,-1.0624375624375686,-1.0,-1.0624375624375686,-1.0,-1.0624375624375686,24.023999999997613,-1,2025
-1.0,-1.0624375624375686,-1.0,-1.0624375624375686,-1.0,-1.0624375624375686,24.023999999997613,-1,2025
2.0,1.9066467513069414,2.0,1.9066467513069414,2.0,1.9066467513069414,16.0679999999993,1,2025
2.0,1.9066467513069414,2.0,1.9066467513069414,2.0,1.9066467513069414,16.0679999999993,1,2025
2.0,1.9066467513069414,2.0,1.9066467513069414,2.0,1.9066467513069414,16.0679999999993,1,2025
-1.0,-1.1322168356103874,-1.0,-1.1322168356103874,-1.0,-1.1322168356103874,11.345000000001164,1,2025
-1.0,-1.1781049631916694,-1.0,-1.1781049631916694,-1.0,-1.1781049631916694,8.421999999998661,-1,2025
-1.0,-1.1781049631916694,-1.0,-1.1781049631916694,-1.0,-1.1781049631916694,8.421999999998661,-1,2025
2.0,1.5779403489026553,2.0,1.5779403489026553,1.6,1.1779403489026554,3.5540000000000873,1,2025
-1.0,-1.2700270027002558,-1.0,-1.2700270027002558,-1.0,-1.2700270027002558,5.555000000000291,1,2025
-1.0,-1.0602433832684013,-1.0,-1.0602433832684013,-1.0,-1.0602433832684013,24.89900000000125,-1,2025
2.0,1.8761661025344794,2.0,1.8761661025344794,2.0,1.8761661025344794,12.113000000001193,1,2025
2.0,1.6573777980813635,0.0,-0.3426222019186365,0.0,-0.3426222019186365,4.378000000000611,-1,2025
-1.0,-1.1802451333813961,-1.0,-1.1802451333813961,-1.0,-1.1802451333813961,8.322000000000116,1,2025
2.0,1.7083981337480691,2.0,1.7083981337480691,2.0,1.7083981337480691,5.144000000000233,1,2025
2.0,1.2707826932428339,0.0,-0.7292173067571661,0.0,-0.7292173067571661,2.0570000000006985,1,2025
2.0,1.8130608175473024,2.0,1.8130608175473024,1.6,1.4130608175473025,8.023999999997613,-1,2025
2.0,1.8130608175473024,2.0,1.8130608175473024,1.6,1.4130608175473025,8.023999999997613,-1,2025
2.0,1.5293379353621261,2.0,1.5293379353621261,1.6,1.1293379353621262,3.186999999998079,-1,2025
-1.0,-1.184501845018427,-1.0,-1.184501845018427,-1.0,-1.184501845018427,8.130000000001019,-1,2025
2.0,1.7353096876654912,2.0,1.7353096876654912,1.6,1.3353096876654913,5.667000000001281,-1,2025
-1.0,-1.1197891710589283,-1.0,-1.1197891710589283,-1.0,-1.1197891710589283,12.522000000000844,1,2025
-1.0,-1.1197891710589283,-1.0,-1.1197891710589283,-1.0,-1.1197891710589283,12.522000000000844,1,2025
-1.0,-1.34427358274042,-1.0,-1.34427358274042,-1.0,-1.34427358274042,4.356999999999971,-1,2025
2.0,1.6493688639549904,2.0,1.6493688639549904,1.6,1.2493688639549905,4.277999999998428,1,2025
-1.0,-1.34427358274042,-1.0,-1.34427358274042,-1.0,-1.34427358274042,4.356999999999971,-1,2025
2.0,1.5332918481642728,0.0,-0.46670815183572717,0.0,-0.46670815183572717,3.213999999999942,1,2025
-1.0,-1.063799923440086,-1.0,-1.063799923440086,-1.0,-1.063799923440086,23.51100000000224,1,2025
2.0,1.9571856714713856,2.0,1.9571856714713856,2.0,1.9571856714713856,35.034999999999854,-1,2025
2.0,1.8843128181397533,2.0,1.8843128181397533,1.6,1.4843128181397534,12.96600000000035,-1,2025
2.0,1.8843128181397533,2.0,1.8843128181397533,1.6,1.4843128181397534,12.96600000000035,-1,2025
2.0,1.8843128181397533,2.0,1.8843128181397533,1.6,1.4843128181397534,12.96600000000035,-1,2025
2.0,1.9684714982344045,0.0,-0.03152850176559548,0.0,-0.03152850176559548,47.57600000000093,-1,2025
2.0,1.9684714982344045,0.0,-0.03152850176559548,0.0,-0.03152850176559548,47.57600000000093,-1,2025
2.0,1.9684714982344045,0.0,-0.03152850176559548,0.0,-0.03152850176559548,47.57600000000093,-1,2025
2.0,1.9684714982344045,0.0,-0.03152850176559548,0.0,-0.03152850176559548,47.57600000000093,-1,2025
2.0,1.9080318822808167,2.0,1.9080318822808167,2.0,1.9080318822808167,16.31000000000131,-1,2025
2.0,1.6987346856798167,2.0,1.6987346856798167,1.6,1.2987346856798168,4.97899999999936,1,2025
2.0,1.8870226707840476,0.0,-0.11297732921595244,0.0,-0.11297732921595244,13.276999999998225,1,2025
-1.0,-1.1276921767259793,-1.0,-1.1276921767259793,-1.0,-1.1276921767259793,11.746999999999389,-1,2025
-1.0,-1.1586294416243328,-1.0,-1.1586294416243328,-1.0,-1.1586294416243328,9.45600000000195,1,2025
-1.0,-1.1586294416243328,-1.0,-1.1586294416243328,-1.0,-1.1586294416243328,9.45600000000195,1,2025
-1.0,-1.5151098901098439,-1.0,-1.5151098901098439,-1.0,-1.5151098901098439,2.912000000000262,-1,2025
2.0,1.8571564612894038,0.0,-0.1428435387105962,0.0,-0.1428435387105962,10.501000000000204,-1,2025
2.0,1.8571564612894038,0.0,-0.1428435387105962,0.0,-0.1428435387105962,10.501000000000204,-1,2025
-1.0,-1.1263051532502504,-1.0,-1.1263051532502504,-1.0,-1.1263051532502504,11.876000000000204,1,2025
-1.0,-1.0801710315339428,-1.0,-1.0801710315339428,-1.0,-1.0801710315339428,18.709999999999127,1,2025
-1.0,-1.2356267672008219,-1.0,-1.2356267672008219,-1.0,-1.2356267672008219,6.3659999999981665,1,2025
-1.0,-1.509337860781035,-1.0,-1.509337860781035,-1.0,-1.509337860781035,2.944999999999709,-1,2025
2.0,1.650186567164217,2.0,1.650186567164217,1.6,1.2501865671642172,4.288000000000466,-1,2025
-1.0,-1.3479471120391415,-1.0,-1.3479471120391415,-1.0,-1.3479471120391415,4.310999999997875,-1,2025
-1.0,-1.1449975833735941,-1.0,-1.1449975833735941,-1.0,-1.1449975833735941,10.345000000001164,1,2025
-1.0,-1.1449975833735941,-1.0,-1.1449975833735941,-1.0,-1.1449975833735941,10.345000000001164,1,2025
-1.0,-1.1449975833735941,-1.0,-1.1449975833735941,-1.0,-1.1449975833735941,10.345000000001164,1,2025
2.0,1.7209302325581395,2.0,1.7209302325581395,1.6,1.3209302325581396,5.375,-1,2025
2.0,1.7811816192560035,2.0,1.7811816192560035,2.0,1.7811816192560035,6.854999999999563,1,2025
-1.0,-1.1078283372870386,-1.0,-1.1078283372870386,-1.0,-1.1078283372870386,13.911000000000058,1,2025
2.0,1.8299512526924369,2.0,1.8299512526924369,1.6,1.429951252692437,8.820999999999913,1,2025
-1.0,-1.7537688442204993,-1.0,-1.7537688442204993,-1.0,-1.7537688442204993,1.9900000000016007,1,2025
-1.0,-1.7537688442204993,-1.0,-1.7537688442204993,-1.0,-1.7537688442204993,1.9900000000016007,1,2025
2.0,1.8946185190388967,2.0,1.8946185190388967,2.0,1.8946185190388967,14.23399999999674,-1,2025
2.0,1.818993604440696,2.0,1.818993604440696,1.6,1.418993604440696,8.287000000000262,-1,2025
-1.0,-1.0964320154291207,-1.0,-1.0964320154291207,-1.0,-1.0964320154291207,15.555000000000291,1,2025
2.0,1.6538994000922074,2.0,1.6538994000922074,1.6,1.2538994000922075,4.333999999998923,-1,2025
-1.0,-1.1114661514453266,-1.0,-1.1114661514453266,-1.0,-1.1114661514453266,13.457000000002154,1,2025
2.0,1.974397050540222,2.0,1.974397050540222,2.0,1.974397050540222,58.586999999999534,-1,2025
2.0,1.974397050540222,2.0,1.974397050540222,2.0,1.974397050540222,58.586999999999534,-1,2025
-1.0,-1.441046750955858,-1.0,-1.441046750955858,-1.0,-1.441046750955858,3.400999999998021,-1,2025
-1.0,-1.126989502201172,-1.0,-1.126989502201172,-1.0,-1.126989502201172,11.81199999999808,1,2025
2.0,1.6122026887278817,0.0,-0.38779731127211814,0.0,-0.38779731127211814,3.867999999998574,-1,2025
-1.0,-1.490998363338742,-1.0,-1.490998363338742,-1.0,-1.490998363338742,3.055000000000291,1,2025
-1.0,-1.2018299246501425,-1.0,-1.2018299246501425,-1.0,-1.2018299246501425,7.4320000000006985,1,2025
2.0,1.8548480743177709,2.0,1.8548480743177709,2.0,1.8548480743177709,10.333999999998923,-1,2025
2.0,1.8548480743177709,2.0,1.8548480743177709,2.0,1.8548480743177709,10.333999999998923,-1,2025
-1.0,-1.2296035512016115,0.0,-0.22960355120161136,0.0,-0.22960355120161136,6.532999999999447,1,2025
-1.0,-1.2296035512016115,0.0,-0.22960355120161136,0.0,-0.22960355120161136,6.532999999999447,1,2025
-1.0,-1.1015847216578654,-1.0,-1.1015847216578654,-1.0,-1.1015847216578654,14.765999999999622,-1,2025
-1.0,-1.2586652871185102,-1.0,-1.2586652871185102,-1.0,-1.2586652871185102,5.798999999999069,-1,2025
-1.0,-1.490837696334999,-1.0,-1.490837696334999,-1.0,-1.490837696334999,3.0560000000004948,1,2025
-1.0,-1.490837696334999,-1.0,-1.490837696334999,-1.0,-1.490837696334999,3.0560000000004948,1,2025
-1.0,-1.4702194357368703,-1.0,-1.4702194357368703,-1.0,-1.4702194357368703,3.1899999999986903,-1,2025
-1.0,-1.1247712527034062,0.0,-0.12477125270340614,0.0,-0.12477125270340614,12.021999999997206,1,2025
-1.0,-1.1814223512336715,-1.0,-1.1814223512336715,-1.0,-1.1814223512336715,8.268000000000029,-1,2025
-1.0,-1.5675368898978372,0.0,-0.5675368898978371,0.0,-0.5675368898978371,2.643000000000029,-1,2025
2.0,1.8242324818373492,2.0,1.8242324818373492,2.0,1.8242324818373492,8.53399999999965,1,2025
2.0,1.811723358855291,2.0,1.811723358855291,2.0,1.811723358855291,7.967000000000553,1,2025
2.0,1.811723358855291,2.0,1.811723358855291,2.0,1.811723358855291,7.967000000000553,1,2025
-1.0,-1.1974203737826228,-1.0,-1.1974203737826228,-1.0,-1.1974203737826228,7.597999999998137,-1,2025
-1.0,-1.098360655737705,-1.0,-1.098360655737705,-1.0,-1.098360655737705,15.25,-1,2025
-1.0,-1.098360655737705,-1.0,-1.098360655737705,-1.0,-1.098360655737705,15.25,-1,2025
2.0,1.83020149422683,2.0,1.83020149422683,1.6,1.4302014942268302,8.833999999998923,-1,2025
-1.0,-1.2002937641875349,0.0,-0.2002937641875349,0.0,-0.2002937641875349,7.488999999997759,-1,2025
-1.0,-1.2002937641875349,0.0,-0.2002937641875349,0.0,-0.2002937641875349,7.488999999997759,-1,2025
-1.0,-1.0778331257783278,0.0,-0.07783312577832785,0.0,-0.07783312577832785,19.272000000000844,1,2025
2.0,1.7397640527411165,2.0,1.7397640527411165,2.0,1.7397640527411165,5.763999999999214,1,2025
2.0,1.7397640527411165,2.0,1.7397640527411165,2.0,1.7397640527411165,5.763999999999214,1,2025
2.0,1.8990442859065835,2.0,1.8990442859065835,1.6,1.4990442859065836,14.858000000000175,1,2025
2.0,1.9493209000608118,0.0,-0.05067909993918827,0.0,-0.05067909993918827,29.597999999998137,-1,2025
2.0,1.9493209000608118,0.0,-0.05067909993918827,0.0,-0.05067909993918827,29.597999999998137,-1,2025
2.0,1.9493209000608118,0.0,-0.05067909993918827,0.0,-0.05067909993918827,29.597999999998137,-1,2025
2.0,1.6577686516086145,2.0,1.6577686516086145,2.0,1.6577686516086145,4.38300000000163,1,2025
2.0,1.6577686516086145,2.0,1.6577686516086145,2.0,1.6577686516086145,4.38300000000163,1,2025
-1.0,-1.04263301500682,-1.0,-1.04263301500682,-1.0,-1.04263301500682,35.184000000001106,-1,2025
-1.0,-1.04263301500682,-1.0,-1.04263301500682,-1.0,-1.04263301500682,35.184000000001106,-1,2025
2.0,1.9507308260798155,2.0,1.9507308260798155,1.6,1.5507308260798156,30.44499999999971,1,2025
-1.0,-1.467872738615343,-1.0,-1.467872738615343,-1.0,-1.467872738615343,3.205999999998312,1,2025
2.0,1.9158012910468645,2.0,1.9158012910468645,1.6,1.5158012910468646,17.81499999999869,-1,2025
-1.0,-1.0412552600456555,-1.0,-1.0412552600456555,-1.0,-1.0412552600456555,36.35900000000038,1,2025
-1.0,-1.0412552600456555,-1.0,-1.0412552600456555,-1.0,-1.0412552600456555,36.35900000000038,1,2025
-1.0,-1.0412552600456555,-1.0,-1.0412552600456555,-1.0,-1.0412552600456555,36.35900000000038,1,2025
-1.0,-1.1004486707292758,0.0,-0.10044867072927575,0.0,-0.10044867072927575,14.932999999997264,-1,2025
-1.0,-1.1718803712615509,-1.0,-1.1718803712615509,-1.0,-1.1718803712615509,8.72700000000259,1,2025
-1.0,-1.2395783421177868,-1.0,-1.2395783421177868,-1.0,-1.2395783421177868,6.261000000002241,1,2025
-1.0,-1.1485442661913523,-1.0,-1.1485442661913523,-1.0,-1.1485442661913523,10.097999999998137,1,2025
-1.0,-1.1485442661913523,-1.0,-1.1485442661913523,-1.0,-1.1485442661913523,10.097999999998137,1,2025
-1.0,-1.175849941383302,-1.0,-1.175849941383302,-1.0,-1.175849941383302,8.530000000002474,1,2025
-1.0,-1.2756846167984386,-1.0,-1.2756846167984386,-1.0,-1.2756846167984386,5.440999999998894,-1,2025
-1.0,-1.3236245954691135,-1.0,-1.3236245954691135,-1.0,-1.3236245954691135,4.635000000002037,-1,2025
-1.0,-1.4615384615384617,-1.0,-1.4615384615384617,-1.0,-1.4615384615384617,3.25,1,2025
-1.0,-1.1810938065918266,-1.0,-1.1810938065918266,-1.0,-1.1810938065918266,8.282999999999447,1,2025
2.0,1.6690933156849366,0.0,-0.33090668431506354,0.0,-0.33090668431506354,4.532999999999447,1,2025
-1.0,-1.2960915909988802,-1.0,-1.2960915909988802,-1.0,-1.2960915909988802,5.065999999998894,-1,2025
-1.0,-1.6291946308729595,-1.0,-1.6291946308729595,-1.0,-1.6291946308729595,2.3839999999981956,1,2025
-1.0,-1.065694389699113,0.0,-0.06569438969911291,0.0,-0.06569438969911291,22.833000000002357,-1,2025
-1.0,-1.194906444906447,-1.0,-1.194906444906447,-1.0,-1.194906444906447,7.695999999999913,1,2025
2.0,1.886843693421826,2.0,1.886843693421826,1.6,1.486843693421826,13.255999999997584,1,2025
-1.0,-1.107843842116618,0.0,-0.10784384211661785,0.0,-0.10784384211661785,13.90899999999965,1,2025
-1.0,-1.107843842116618,0.0,-0.10784384211661785,0.0,-0.10784384211661785,13.90899999999965,1,2025
-1.0,-1.107843842116618,0.0,-0.10784384211661785,0.0,-0.10784384211661785,13.90899999999965,1,2025
-1.0,-1.107843842116618,0.0,-0.10784384211661785,0.0,-0.10784384211661785,13.90899999999965,1,2025
-1.0,-1.3892060197198364,-1.0,-1.3892060197198364,-1.0,-1.3892060197198364,3.8539999999993597,1,2025
-1.0,-1.8174386920984817,-1.0,-1.8174386920984817,-1.0,-1.8174386920984817,1.8349999999991269,-1,2025
-1.0,-1.1191043353977994,-1.0,-1.1191043353977994,-1.0,-1.1191043353977994,12.59400000000096,-1,2025
2.0,1.8287866681886067,2.0,1.8287866681886067,2.0,1.8287866681886067,8.761000000002241,1,2025
-1.0,-1.2358861456203665,-1.0,-1.2358861456203665,-1.0,-1.2358861456203665,6.359000000000378,-1,2025
-1.0,-1.0480399692544167,-1.0,-1.0480399692544167,-1.0,-1.0480399692544167,31.22400000000198,-1,2025
-1.0,-1.0480399692544167,-1.0,-1.0480399692544167,-1.0,-1.0480399692544167,31.22400000000198,-1,2025
-1.0,-1.0546567555749902,-1.0,-1.0546567555749902,-1.0,-1.0546567555749902,27.443999999999505,-1,2025
-1.0,-1.0546567555749902,-1.0,-1.0546567555749902,-1.0,-1.0546567555749902,27.443999999999505,-1,2025
2.0,1.8847749270241207,2.0,1.8847749270241207,1.6,1.4847749270241208,13.018000000000029,-1,2025
2.0,1.8847749270241207,2.0,1.8847749270241207,1.6,1.4847749270241208,13.018000000000029,-1,2025
-1.0,-1.0699463744462587,-1.0,-1.0699463744462587,-1.0,-1.0699463744462587,21.44499999999971,-1,2025
-1.0,-1.0699463744462587,-1.0,-1.0699463744462587,-1.0,-1.0699463744462587,21.44499999999971,-1,2025
2.0,1.9338274219163516,2.0,1.9338274219163516,2.0,1.9338274219163516,22.667999999997846,1,2025
2.0,1.9202000319199815,2.0,1.9202000319199815,2.0,1.9202000319199815,18.79699999999866,-1,2025
2.0,1.9202000319199815,2.0,1.9202000319199815,2.0,1.9202000319199815,18.79699999999866,-1,2025
-1.0,-1.0757002271006864,-1.0,-1.0757002271006864,-1.0,-1.0757002271006864,19.81499999999869,1,2025
-1.0,-1.2064977973568505,-1.0,-1.2064977973568505,-1.0,-1.2064977973568505,7.263999999999214,-1,2025
-1.0,-1.1526406838302459,-1.0,-1.1526406838302459,-1.0,-1.1526406838302459,9.827000000001135,-1,2025
-1.0,-1.3758456527184468,-1.0,-1.3758456527184468,-1.0,-1.3758456527184468,3.9910000000018044,1,2025
-1.0,-1.170784469998872,-1.0,-1.170784469998872,-1.0,-1.170784469998872,8.782999999999447,1,2025
2.0,1.9461361677678863,2.0,1.9461361677678863,2.0,1.9461361677678863,27.848000000001775,-1,2025
2.0,1.4246260069044814,0.0,-0.5753739930955185,0.0,-0.5753739930955185,2.606999999999971,-1,2025
2.0,1.4246260069044814,0.0,-0.5753739930955185,0.0,-0.5753739930955185,2.606999999999971,-1,2025
-1.0,-1.0807450072670457,-1.0,-1.0807450072670457,-1.0,-1.0807450072670457,18.577000000001135,-1,2025
-1.0,-1.0807450072670457,-1.0,-1.0807450072670457,-1.0,-1.0807450072670457,18.577000000001135,-1,2025
-1.0,-1.0807450072670457,-1.0,-1.0807450072670457,-1.0,-1.0807450072670457,18.577000000001135,-1,2025
-1.0,-1.0807450072670457,-1.0,-1.0807450072670457,-1.0,-1.0807450072670457,18.577000000001135,-1,2025
-1.0,-1.2960915909988802,-1.0,-1.2960915909988802,-1.0,-1.2960915909988802,5.065999999998894,1,2025
-1.0,-1.2960915909988802,-1.0,-1.2960915909988802,-1.0,-1.2960915909988802,5.065999999998894,1,2025
-1.0,-1.2960915909988802,-1.0,-1.2960915909988802,-1.0,-1.2960915909988802,5.065999999998894,1,2025
2.0,1.8083556918358912,2.0,1.8083556918358912,2.0,1.8083556918358912,7.826999999997497,1,2025
-1.0,-1.1082094935795623,-1.0,-1.1082094935795623,-1.0,-1.1082094935795623,13.86200000000099,-1,2025
-1.0,-1.0782921864397947,0.0,-0.07829218643979474,0.0,-0.07829218643979474,19.15899999999965,-1,2025
-1.0,-1.0782921864397947,0.0,-0.07829218643979474,0.0,-0.07829218643979474,19.15899999999965,-1,2025
-1.0,-1.1065567947716046,-1.0,-1.1065567947716046,-1.0,-1.1065567947716046,14.077000000001135,1,2025
-1.0,-1.0251686298197935,-1.0,-1.0251686298197935,-1.0,-1.0251686298197935,59.59799999999814,-1,2025
-1.0,-1.055757936212917,0.0,-0.05575793621291711,0.0,-0.05575793621291711,26.902000000001863,-1,2025
2.0,1.8527390536030064,0.0,-0.14726094639699364,0.0,-0.14726094639699364,10.186000000001513,1,2025
-1.0,-1.2339363693075387,0.0,-0.23393636930753878,0.0,-0.23393636930753878,6.412000000000262,1,2025
-1.0,-1.3006614552015783,0.0,-0.3006614552015782,0.0,-0.3006614552015782,4.988999999997759,-1,2025
-1.0,-1.1401607176228594,-1.0,-1.1401607176228594,-1.0,-1.1401607176228594,10.702000000001135,1,2025
-1.0,-1.0828363154406884,-1.0,-1.0828363154406884,-1.0,-1.0828363154406884,18.108000000000175,1,2025
2.0,1.9160416433449095,2.0,1.9160416433449095,1.6,1.5160416433449095,17.866000000001804,-1,2025
-1.0,-1.078497043278035,-1.0,-1.078497043278035,-1.0,-1.078497043278035,19.10900000000038,-1,2025
-1.0,-1.078497043278035,-1.0,-1.078497043278035,-1.0,-1.078497043278035,19.10900000000038,-1,2025
2.0,1.6805111821086065,2.0,1.6805111821086065,1.6,1.2805111821086066,4.694999999999709,1,2025
-1.0,-1.2561912894961762,-1.0,-1.2561912894961762,-1.0,-1.2561912894961762,5.854999999999563,1,2025
-1.0,-1.862564692353038,-1.0,-1.862564692353038,-1.0,-1.862564692353038,1.738999999997759,1,2025
-1.0,-1.2005883926182723,-1.0,-1.2005883926182723,-1.0,-1.2005883926182723,7.478000000002794,1,2025
-1.0,-1.2174228149006707,-1.0,-1.2174228149006707,-1.0,-1.2174228149006707,6.8990000000012515,-1,2025
-1.0,-1.0901984365604274,-1.0,-1.0901984365604274,-1.0,-1.0901984365604274,16.63000000000102,1,2025
-1.0,-1.064157399486738,0.0,-0.06415739948673801,0.0,-0.06415739948673801,23.38000000000102,-1,2025
2.0,1.8958477989168043,2.0,1.8958477989168043,2.203027357311546,2.0988751562283503,14.401999999998225,1,2025
-1.0,-1.1461845823993961,-1.0,-1.1461845823993961,-1.0,-1.1461845823993961,10.260999999998603,-1,2025
2.0,1.8799615877080587,2.0,1.8799615877080587,2.0,1.8799615877080587,12.495999999999185,1,2025
2.0,1.8799615877080587,2.0,1.8799615877080587,2.0,1.8799615877080587,12.495999999999185,1,2025
2.0,1.8719371638350522,2.0,1.8719371638350522,1.6,1.4719371638350522,11.712999999999738,-1,2025
2.0,1.8719371638350522,2.0,1.8719371638350522,1.6,1.4719371638350522,11.712999999999738,-1,2025
-1.0,-1.0646997929606594,0.0,-0.06469979296065943,0.0,-0.06469979296065943,23.184000000001106,1,2025
-1.0,-1.040718822954558,0.0,-0.04071882295455808,0.0,-0.04071882295455808,36.83799999999974,1,2025
-1.0,-1.1394440829227295,-1.0,-1.1394440829227295,-1.0,-1.1394440829227295,10.757000000001426,1,2025
-1.0,-1.138824618232296,-1.0,-1.138824618232296,-1.0,-1.138824618232296,10.805000000000291,1,2025
2.0,1.9234615777120183,2.0,1.9234615777120183,1.6,1.5234615777120184,19.598000000001775,-1,2025
2.0,1.9234615777120183,2.0,1.9234615777120183,1.6,1.5234615777120184,19.598000000001775,-1,2025
-1.0,-1.0690353460971929,-1.0,-1.0690353460971929,-1.0,-1.0690353460971929,21.728000000002794,1,2025
-1.0,-1.1524700142305386,0.0,-0.15247001423053871,0.0,-0.15247001423053871,9.837999999999738,1,2025
-1.0,-1.0463077303037789,-1.0,-1.0463077303037789,-1.0,-1.0463077303037789,32.391999999999825,1,2025
-1.0,-1.052252063956529,-1.0,-1.052252063956529,-1.0,-1.052252063956529,28.706999999998516,-1,2025
-1.0,-1.0327790039553315,-1.0,-1.0327790039553315,-1.0,-1.0327790039553315,45.76100000000224,-1,2025
2.0,1.9686513824740317,2.0,1.9686513824740317,2.0,1.9686513824740317,47.84899999999834,-1,2025
-1.0,-1.0787649653434084,-1.0,-1.0787649653434084,-1.0,-1.0787649653434084,19.044000000001688,1,2025
-1.0,-1.218722659667536,-1.0,-1.218722659667536,-1.0,-1.218722659667536,6.858000000000175,-1,2025
-1.0,-1.0815128790348794,-1.0,-1.0815128790348794,-1.0,-1.0815128790348794,18.402000000001863,1,2025
-1.0,-1.0738007380073775,-1.0,-1.0738007380073775,-1.0,-1.0738007380073775,20.325000000000728,1,2025
-1.0,-1.0738007380073775,-1.0,-1.0738007380073775,-1.0,-1.0738007380073775,20.325000000000728,1,2025
-1.0,-1.0970748123220224,-1.0,-1.0970748123220224,-1.0,-1.0970748123220224,15.452000000001135,-1,2025
2.0,1.9500881775529895,2.0,1.9500881775529895,2.0,1.9500881775529895,30.052999999999884,-1,2025
2.0,1.9333540676234102,2.0,1.9333540676234102,2.0,1.9333540676234102,22.507000000001426,-1,2025
2.0,1.9735487056499976,2.0,1.9735487056499976,1.6,1.5735487056499977,56.70800000000236,-1,2025
2.0,1.9735487056499976,2.0,1.9735487056499976,1.6,1.5735487056499977,56.70800000000236,-1,2025
-1.0,-1.0555926173004226,0.0,-0.055592617300422566,0.0,-0.055592617300422566,26.98199999999997,-1,2025
-1.0,-1.0555926173004226,0.0,-0.055592617300422566,0.0,-0.055592617300422566,26.98199999999997,-1,2025
-1.0,-1.1259234385493593,-1.0,-1.1259234385493593,-1.0,-1.1259234385493593,11.912000000000262,1,2025
-1.0,-1.2164502164502073,-1.0,-1.2164502164502073,-1.0,-1.2164502164502073,6.930000000000291,-1,2025
2.0,1.6926229508197363,2.0,1.6926229508197363,1.6,1.2926229508197364,4.880000000001019,1,2025
2.0,1.7152619589977236,0.0,-0.28473804100227634,0.0,-0.28473804100227634,5.268000000000029,1,2025
-1.0,-1.0313774709758392,-1.0,-1.0313774709758392,-1.0,-1.0313774709758392,47.80500000000029,1,2025
-1.0,-1.0313774709758392,-1.0,-1.0313774709758392,-1.0,-1.0313774709758392,47.80500000000029,1,2025
-1.0,-1.0479662317728362,-1.0,-1.0479662317728362,-1.0,-1.0479662317728362,31.271999999997206,-1,2025
-1.0,-1.083584085590104,0.0,-0.08358408559010405,0.0,-0.08358408559010405,17.945999999999913,-1,2025
-1.0,-1.083584085590104,0.0,-0.08358408559010405,0.0,-0.08358408559010405,17.945999999999913,-1,2025
-1.0,-1.1803751803751255,0.0,-0.18037518037512545,0.0,-0.18037518037512545,8.316000000002532,1,2025
-1.0,-1.2782415136338536,-1.0,-1.2782415136338536,-1.0,-1.2782415136338536,5.390999999999622,1,2025
-1.0,-1.109529025191678,0.0,-0.10952902519167812,0.0,-0.10952902519167812,13.694999999999709,-1,2025
2.0,1.908127641330318,2.0,1.908127641330318,1.6,1.5081276413303182,16.327000000001135,-1,2025
2.0,1.908127641330318,2.0,1.908127641330318,1.6,1.5081276413303182,16.327000000001135,-1,2025
-1.0,-1.0647277120911292,-1.0,-1.0647277120911292,-1.0,-1.0647277120911292,23.174000000002707,1,2025
-1.0,-1.1152250729758793,-1.0,-1.1152250729758793,-1.0,-1.1152250729758793,13.018000000000029,1,2025
-1.0,-1.0879920220566737,-1.0,-1.0879920220566737,-1.0,-1.0879920220566737,17.04699999999866,1,2025
-1.0,-1.0410880105185292,-1.0,-1.0410880105185292,-1.0,-1.0410880105185292,36.507000000001426,-1,2025
-1.0,-1.0469233897456744,-1.0,-1.0469233897456744,-1.0,-1.0469233897456744,31.967000000000553,-1,2025
-1.0,-1.0847122606878707,-1.0,-1.0847122606878707,-1.0,-1.0847122606878707,17.706999999998516,1,2025
-1.0,-1.1247712527034062,0.0,-0.12477125270340614,0.0,-0.12477125270340614,12.021999999997206,-1,2025
-1.0,-1.1214771622934714,-1.0,-1.1214771622934714,-1.0,-1.1214771622934714,12.348000000001775,-1,2025
-1.0,-1.079766019675617,-1.0,-1.079766019675617,-1.0,-1.079766019675617,18.80500000000029,1,2025
2.0,1.9124343257442948,2.0,1.9124343257442948,2.0,1.9124343257442948,17.12999999999738,-1,2025
-1.0,-1.0539568345323684,-1.0,-1.0539568345323684,-1.0,-1.0539568345323684,27.80000000000291,-1,2025
-1.0,-1.1074806534823862,-1.0,-1.1074806534823862,-1.0,-1.1074806534823862,13.955999999998312,1,2025
-1.0,-1.020398727119428,-1.0,-1.020398727119428,-1.0,-1.020398727119428,73.53399999999965,1,2025
-1.0,-1.084151472650785,-1.0,-1.084151472650785,-1.0,-1.084151472650785,17.82499999999709,-1,2025
-1.0,-1.0549229248288206,-1.0,-1.0549229248288206,-1.0,-1.0549229248288206,27.311000000001513,1,2025
-1.0,-1.0579128218987646,-1.0,-1.0579128218987646,-1.0,-1.0579128218987646,25.90100000000166,1,2025
-1.0,-1.0479524311882626,-1.0,-1.0479524311882626,-1.0,-1.0479524311882626,31.28099999999904,-1,2025
-1.0,-1.0331770326461978,-1.0,-1.0331770326461978,-1.0,-1.0331770326461978,45.21200000000317,-1,2025
-1.0,-1.0313991459432321,-1.0,-1.0313991459432321,-1.0,-1.0313991459432321,47.771999999997206,1,2025
2.0,1.9425925217191644,0.0,-0.057407478280835596,0.0,-0.057407478280835596,26.129000000000815,1,2025
-1.0,-1.0344479147528922,-1.0,-1.0344479147528922,-1.0,-1.0344479147528922,43.54400000000169,-1,2025
-1.0,-1.0397920203735145,0.0,-0.03979202037351452,0.0,-0.03979202037351452,37.69599999999991,1,2025
-1.0,-1.1042318115488874,-1.0,-1.1042318115488874,-1.0,-1.1042318115488874,14.390999999999622,1,2025
-1.0,-1.064546667240411,-1.0,-1.064546667240411,-1.0,-1.064546667240411,23.239000000001397,-1,2025
-1.0,-1.064546667240411,-1.0,-1.064546667240411,-1.0,-1.064546667240411,23.239000000001397,-1,2025
-1.0,-1.3328156201466022,-1.0,-1.3328156201466022,-1.0,-1.3328156201466022,4.506999999997788,-1,2025
2.0,1.8766853008878726,2.0,1.8766853008878726,1.6,1.4766853008878726,12.16400000000067,1,2025
-1.0,-1.0526426616129734,-1.0,-1.0526426616129734,-1.0,-1.0526426616129734,28.493999999998778,1,2025
-1.0,-1.4084967320262927,-1.0,-1.4084967320262927,-1.0,-1.4084967320262927,3.6719999999986612,-1,2025
-1.0,-1.1525010166733984,-1.0,-1.1525010166733984,-1.0,-1.1525010166733984,9.836000000002969,1,2025
2.0,1.8492765273311518,2.0,1.8492765273311518,1.6,1.4492765273311519,9.951999999997497,-1,2025
2.0,1.9801250794996814,0.0,-0.019874920500318544,0.0,-0.019874920500318544,75.47199999999793,1,2025
2.0,1.956859361518551,0.0,-0.04314063848144899,0.0,-0.04314063848144899,34.77000000000044,1,2025
2.0,1.868120274309827,2.0,1.868120274309827,1.6,1.4681202743098272,11.373999999999796,1,2025
2.0,1.811723358855291,2.0,1.811723358855291,1.6,1.411723358855291,7.967000000000553,-1,2025
2.0,1.9084919472913606,2.0,1.9084919472913606,1.6,1.5084919472913607,16.391999999999825,1,2025
2.0,1.8744244453746306,2.0,1.8744244453746306,1.6,1.4744244453746307,11.944999999999709,1,2025
2.0,1.8744244453746306,2.0,1.8744244453746306,1.6,1.4744244453746307,11.944999999999709,1,2025
-1.0,-1.4423473901504476,-1.0,-1.4423473901504476,-1.0,-1.4423473901504476,3.3909999999996217,1,2025
2.0,1.969065148796635,0.0,-0.03093485120336482,0.0,-0.03093485120336482,48.4890000000014,1,2025
2.0,1.969065148796635,0.0,-0.03093485120336482,0.0,-0.03093485120336482,48.4890000000014,1,2025
2.0,1.969065148796635,0.0,-0.03093485120336482,0.0,-0.03093485120336482,48.4890000000014,1,2025
-1.0,-1.05540166204986,0.0,-0.05540166204986001,0.0,-0.05540166204986001,27.075000000000728,-1,2025
2.0,1.9497807090963917,0.0,-0.05021929090360838,0.0,-0.05021929090360838,29.869000000002416,1,2025
-1.0,-1.1131136415051464,-1.0,-1.1131136415051464,-1.0,-1.1131136415051464,13.261000000002241,1,2025
-1.0,-1.1131136415051464,-1.0,-1.1131136415051464,-1.0,-1.1131136415051464,13.261000000002241,1,2025
-1.0,-1.3013258336681908,-1.0,-1.3013258336681908,-1.0,-1.3013258336681908,4.977999999999156,-1,2025
-1.0,-1.055057994420785,0.0,-0.05505799442078502,0.0,-0.05505799442078502,27.244000000002416,-1,2025
-1.0,-1.2567174396715282,0.0,-0.25671743967152827,0.0,-0.25671743967152827,5.842999999997119,-1,2025
-1.0,-1.2567174396715282,0.0,-0.25671743967152827,0.0,-0.25671743967152827,5.842999999997119,-1,2025
-1.0,-1.2567174396715282,0.0,-0.25671743967152827,0.0,-0.25671743967152827,5.842999999997119,-1,2025
2.0,1.8752806186081132,2.0,1.8752806186081132,1.6,1.4752806186081133,12.026999999998225,-1,2025
-1.0,-1.2584424534803544,0.0,-0.2584424534803545,0.0,-0.2584424534803545,5.804000000000087,-1,2025
-1.0,-1.3584229390679883,-1.0,-1.3584229390679883,-1.0,-1.3584229390679883,4.18500000000131,1,2025
-1.0,-1.0534873769790298,-1.0,-1.0534873769790298,-1.0,-1.0534873769790298,28.044000000001688,1,2025
-1.0,-1.1179523472517052,-1.0,-1.1179523472517052,-1.0,-1.1179523472517052,12.717000000000553,1,2025
-1.0,-1.1179523472517052,-1.0,-1.1179523472517052,-1.0,-1.1179523472517052,12.717000000000553,1,2025
-1.0,-1.1081548777849977,-1.0,-1.1081548777849977,-1.0,-1.1081548777849977,13.868999999998778,-1,2025
-1.0,-1.1081548777849977,-1.0,-1.1081548777849977,-1.0,-1.1081548777849977,13.868999999998778,-1,2025
-1.0,-1.1081548777849977,-1.0,-1.1081548777849977,-1.0,-1.1081548777849977,13.868999999998778,-1,2025
2.0,1.9504312481411694,2.0,1.9504312481411694,1.6,1.5504312481411695,30.260999999998603,1,2025
2.0,1.9504312481411694,2.0,1.9504312481411694,1.6,1.5504312481411695,30.260999999998603,1,2025
2.0,1.9504312481411694,2.0,1.9504312481411694,1.6,1.5504312481411695,30.260999999998603,1,2025
2.0,1.9362976175308921,2.0,1.9362976175308921,2.0,1.9362976175308921,23.54699999999866,-1,2025
2.0,1.9362976175308921,2.0,1.9362976175308921,2.0,1.9362976175308921,23.54699999999866,-1,2025
2.0,1.9362976175308921,2.0,1.9362976175308921,2.0,1.9362976175308921,23.54699999999866,-1,2025
2.0,1.9362976175308921,2.0,1.9362976175308921,2.0,1.9362976175308921,23.54699999999866,-1,2025
-1.0,-1.2008838891121763,-1.0,-1.2008838891121763,-1.0,-1.2008838891121763,7.466999999996915,1,2025
-1.0,-1.0806885422270032,-1.0,-1.0806885422270032,-1.0,-1.0806885422270032,18.590000000000146,-1,2025
2.0,1.8877413560843963,0.0,-0.11225864391560375,0.0,-0.11225864391560375,13.361999999997352,-1,2025
-1.0,-1.085445741953858,-1.0,-1.085445741953858,-1.0,-1.085445741953858,17.55500000000029,1,2025
2.0,1.8652291105121417,0.0,-0.1347708894878583,0.0,-0.1347708894878583,11.130000000001019,1,2025
2.0,1.830890642615608,2.0,1.830890642615608,2.0,1.830890642615608,8.87000000000262,-1,2025
2.0,1.851924975320844,0.0,-0.1480750246791559,0.0,-0.1480750246791559,10.130000000001019,1,2025
2.0,1.8704998704998967,0.0,-0.12950012950010314,0.0,-0.12950012950010314,11.583000000002357,1,2025
-1.0,-1.0157184922822202,0.0,-0.015718492282220276,0.0,-0.015718492282220276,95.42900000000009,-1,2025
-1.0,-1.0448108980103983,-1.0,-1.0448108980103983,-1.0,-1.0448108980103983,33.47399999999834,-1,2025
2.0,1.8205312275664072,2.0,1.8205312275664072,2.0,1.8205312275664072,8.358000000000175,1,2025
-1.0,-1.0859303391384134,-1.0,-1.0859303391384134,-1.0,-1.0859303391384134,17.455999999998312,1,2025
-1.0,-1.1083971672206987,0.0,-0.10839716722069868,0.0,-0.10839716722069868,13.837999999999738,1,2025
-1.0,-1.0347640678594625,0.0,-0.034764067859462545,0.0,-0.034764067859462545,43.14799999999741,1,2025
-1.0,-1.0347640678594625,0.0,-0.034764067859462545,0.0,-0.034764067859462545,43.14799999999741,1,2025
-1.0,-1.0347640678594625,0.0,-0.034764067859462545,0.0,-0.034764067859462545,43.14799999999741,1,2025
-1.0,-1.0347640678594625,0.0,-0.034764067859462545,0.0,-0.034764067859462545,43.14799999999741,1,2025
-1.0,-1.0452447742285786,-1.0,-1.0452447742285786,-1.0,-1.0452447742285786,33.15299999999843,-1,2025
-1.0,-1.1526406838303025,-1.0,-1.1526406838303025,-1.0,-1.1526406838303025,9.826999999997497,1,2025
-1.0,-1.2490866821653586,0.0,-0.24908668216535865,0.0,-0.24908668216535865,6.022000000000844,1,2025
-1.0,-1.185002466699552,-1.0,-1.185002466699552,-1.0,-1.185002466699552,8.108000000000175,1,2025
-1.0,-1.1188683730882119,-1.0,-1.1188683730882119,-1.0,-1.1188683730882119,12.618999999998778,1,2025
-1.0,-1.5274261603380492,-1.0,-1.5274261603380492,-1.0,-1.5274261603380492,2.8439999999973224,-1,2025
-1.0,-1.7221954742413002,0.0,-0.7221954742413,0.0,-0.7221954742413,2.077000000001135,1,2025
-1.0,-1.1803751803752043,-1.0,-1.1803751803752043,-1.0,-1.1803751803752043,8.315999999998894,1,2025
-1.0,-1.470957613814563,0.0,-0.470957613814563,0.0,-0.470957613814563,3.1850000000013097,1,2025
2.0,1.528301886792496,2.0,1.528301886792496,1.6,1.128301886792496,3.180000000000291,-1,2025
-1.0,-1.1621621621621623,-1.0,-1.1621621621621623,-1.0,-1.1621621621621623,9.25,-1,2025
-1.0,-1.2593809441466615,-1.0,-1.2593809441466615,-1.0,-1.2593809441466615,5.782999999999447,-1,2025
2.0,1.7458488647915196,0.0,-0.25415113520848037,0.0,-0.25415113520848037,5.901999999998225,1,2025
-1.0,-1.0768797088821602,-1.0,-1.0768797088821602,-1.0,-1.0768797088821602,19.51100000000224,1,2025
2.0,1.7254255903349676,2.0,1.7254255903349676,1.6,1.3254255903349677,5.462999999999738,-1,2025
2.0,1.7254255903349676,2.0,1.7254255903349676,1.6,1.3254255903349677,5.462999999999738,-1,2025
2.0,1.7254255903349676,2.0,1.7254255903349676,1.6,1.3254255903349677,5.462999999999738,-1,2025
2.0,1.7254255903349676,2.0,1.7254255903349676,1.6,1.3254255903349677,5.462999999999738,-1,2025
2.0,1.9196313759108472,2.0,1.9196313759108472,2.0,1.9196313759108472,18.66400000000067,-1,2025
2.0,1.8475299857694614,2.0,1.8475299857694614,2.0,1.8475299857694614,9.837999999999738,-1,2025
-1.0,-1.1367739582383445,0.0,-0.1367739582383445,0.0,-0.1367739582383445,10.967000000000553,-1,2025
2.0,1.653259361997009,2.0,1.653259361997009,2.0,1.653259361997009,4.325999999997293,1,2025
2.0,1.887167143072046,0.0,-0.11283285692795396,0.0,-0.11283285692795396,13.29399999999805,-1,2025
2.0,1.887167143072046,0.0,-0.11283285692795396,0.0,-0.11283285692795396,13.29399999999805,-1,2025
2.0,1.8693152117093474,2.0,1.8693152117093474,2.0,1.8693152117093474,11.477999999999156,1,2026
2.0,1.8693152117093474,2.0,1.8693152117093474,2.0,1.8693152117093474,11.477999999999156,1,2026
-1.0,-1.1899936668777602,-1.0,-1.1899936668777602,-1.0,-1.1899936668777602,7.895000000000437,-1,2026
-1.0,-1.1270648030495913,-1.0,-1.1270648030495913,-1.0,-1.1270648030495913,11.804999999996653,1,2026
-1.0,-1.1270648030495913,-1.0,-1.1270648030495913,-1.0,-1.1270648030495913,11.804999999996653,1,2026
-1.0,-1.1270648030495913,-1.0,-1.1270648030495913,-1.0,-1.1270648030495913,11.804999999996653,1,2026
-1.0,-1.112292259320256,-1.0,-1.112292259320256,-1.0,-1.112292259320256,13.358000000000175,1,2026
-1.0,-1.0701196709050118,0.0,-0.0701196709050118,0.0,-0.0701196709050118,21.391999999999825,1,2026
-1.0,-1.0701196709050118,0.0,-0.0701196709050118,0.0,-0.0701196709050118,21.391999999999825,1,2026
-1.0,-1.169529837251392,-1.0,-1.169529837251392,-1.0,-1.169529837251392,8.847999999998137,-1,2026
-1.0,-1.169529837251392,-1.0,-1.169529837251392,-1.0,-1.169529837251392,8.847999999998137,-1,2026
-1.0,-1.054177050601369,0.0,-0.05417705060136902,0.0,-0.05417705060136902,27.68699999999808,1,2026
-1.0,-1.524658971668346,-1.0,-1.524658971668346,-1.0,-1.524658971668346,2.8590000000003783,-1,2026
-1.0,-1.2136143548846225,-1.0,-1.2136143548846225,-1.0,-1.2136143548846225,7.022000000000844,1,2026
-1.0,-1.0515570220664037,-1.0,-1.0515570220664037,-1.0,-1.0515570220664037,29.09400000000096,-1,2026
-1.0,-1.0578614411356293,-1.0,-1.0578614411356293,-1.0,-1.0578614411356293,25.92399999999907,1,2026
-1.0,-1.0578614411356293,-1.0,-1.0578614411356293,-1.0,-1.0578614411356293,25.92399999999907,1,2026
-1.0,-1.2074975791949278,-1.0,-1.2074975791949278,-1.0,-1.2074975791949278,7.22899999999936,1,2026
2.0,1.8300668403760705,2.0,1.8300668403760705,2.0,1.8300668403760705,8.826999999997497,-1,2026
2.0,1.9237301062693901,2.0,1.9237301062693901,2.0,1.9237301062693901,19.66700000000128,1,2026
2.0,1.7692307692307692,2.0,1.7692307692307692,1.6,1.3692307692307693,6.5,-1,2026
2.0,1.827625833141757,2.0,1.827625833141757,1.6,1.427625833141757,8.701999999997497,1,2026
-1.0,-1.2653927813162607,0.0,-0.2653927813162607,0.0,-0.2653927813162607,5.652000000001863,1,2026
-1.0,-1.0299670362601137,-1.0,-1.0299670362601137,-1.0,-1.0299670362601137,50.05500000000029,-1,2026
-1.0,-1.0299670362601137,-1.0,-1.0299670362601137,-1.0,-1.0299670362601137,50.05500000000029,-1,2026
-1.0,-1.0299670362601137,-1.0,-1.0299670362601137,-1.0,-1.0299670362601137,50.05500000000029,-1,2026
-1.0,-1.077104965559776,0.0,-0.07710496555977593,0.0,-0.07710496555977593,19.454000000001543,1,2026
-1.0,-1.0282299802390147,-1.0,-1.0282299802390147,-1.0,-1.0282299802390147,53.1349999999984,1,2026
-1.0,-1.0282299802390147,-1.0,-1.0282299802390147,-1.0,-1.0282299802390147,53.1349999999984,1,2026
-1.0,-1.0990229733298293,-1.0,-1.0990229733298293,-1.0,-1.0990229733298293,15.14799999999741,-1,2026
2.0,1.8669268985095482,0.0,-0.13307310149045173,0.0,-0.13307310149045173,11.271999999997206,-1,2026
2.0,1.8669268985095482,0.0,-0.13307310149045173,0.0,-0.13307310149045173,11.271999999997206,-1,2026
2.0,1.9480627402098287,2.0,1.9480627402098287,2.0,1.9480627402098287,28.881000000001222,-1,2026
2.0,1.9480627402098287,2.0,1.9480627402098287,2.0,1.9480627402098287,28.881000000001222,-1,2026
-1.0,-1.0811556565492606,-1.0,-1.0811556565492606,-1.0,-1.0811556565492606,18.483000000000175,-1,2026
-1.0,-1.209380234505843,-1.0,-1.209380234505843,-1.0,-1.209380234505843,7.164000000000669,1,2026
-1.0,-1.209380234505843,-1.0,-1.209380234505843,-1.0,-1.209380234505843,7.164000000000669,1,2026
-1.0,-1.209380234505843,-1.0,-1.209380234505843,-1.0,-1.209380234505843,7.164000000000669,1,2026
2.0,1.8311001013398933,2.0,1.8311001013398933,1.6,1.4311001013398934,8.880999999997584,1,2026
2.0,1.8311001013398933,2.0,1.8311001013398933,1.6,1.4311001013398934,8.880999999997584,1,2026
2.0,1.9090412952519655,2.0,1.9090412952519655,2.0,1.9090412952519655,16.491000000001804,-1,2026
-1.0,-1.30358227079523,-1.0,-1.30358227079523,-1.0,-1.30358227079523,4.941000000002532,-1,2026
2.0,1.9110214734844,2.0,1.9110214734844,2.0,1.9110214734844,16.858000000000175,1,2026
-1.0,-1.048084628946947,0.0,-0.048084628946947074,0.0,-0.048084628946947074,31.19499999999971,1,2026
-1.0,-1.1030644496358641,-1.0,-1.1030644496358641,-1.0,-1.1030644496358641,14.55399999999645,1,2026
2.0,1.7631080227417104,2.0,1.7631080227417104,2.0,1.7631080227417104,6.332000000002154,-1,2026
-1.0,-1.2182453077258968,-1.0,-1.2182453077258968,-1.0,-1.2182453077258968,6.8729999999995925,-1,2026
-1.0,-1.1898253606681406,0.0,-0.1898253606681405,0.0,-0.1898253606681405,7.902000000001863,1,2026
-1.0,-1.1898253606681406,0.0,-0.1898253606681405,0.0,-0.1898253606681405,7.902000000001863,1,2026
-1.0,-1.0757575757575646,-1.0,-1.0757575757575646,-1.0,-1.0757575757575646,19.80000000000291,-1,2026
-1.0,-1.1392499071667177,0.0,-0.13924990716671765,0.0,-0.13924990716671765,10.772000000000844,-1,2026
-1.0,-1.0718356400555487,-1.0,-1.0718356400555487,-1.0,-1.0718356400555487,20.881000000001222,-1,2026
-1.0,-1.0554262276909394,-1.0,-1.0554262276909394,-1.0,-1.0554262276909394,27.06300000000192,1,2026
-1.0,-1.0554262276909394,-1.0,-1.0554262276909394,-1.0,-1.0554262276909394,27.06300000000192,1,2026
-1.0,-1.0294279212116468,-1.0,-1.0294279212116468,-1.0,-1.0294279212116468,50.971999999997934,1,2026
-1.0,-1.0294279212116468,-1.0,-1.0294279212116468,-1.0,-1.0294279212116468,50.971999999997934,1,2026
2.0,1.7850386930352276,2.0,1.7850386930352276,1.6,1.3850386930352276,6.977999999999156,-1,2026
2.0,1.7850386930352276,2.0,1.7850386930352276,1.6,1.3850386930352276,6.977999999999156,-1,2026
-1.0,-1.2468323185781998,-1.0,-1.2468323185781998,-1.0,-1.2468323185781998,6.077000000001135,1,2026
2.0,1.9082400440447878,0.0,-0.09175995595521232,0.0,-0.09175995595521232,16.34700000000157,1,2026
-1.0,-1.1078050884001673,-1.0,-1.1078050884001673,-1.0,-1.1078050884001673,13.91400000000067,-1,2026
-1.0,-1.0551389501543933,-1.0,-1.0551389501543933,-1.0,-1.0551389501543933,27.203999999997905,1,2026
2.0,1.8648039657503521,2.0,1.8648039657503521,2.0,1.8648039657503521,11.095000000001164,-1,2026
-1.0,-1.2047781569965668,-1.0,-1.2047781569965668,-1.0,-1.2047781569965668,7.325000000000728,1,2026
2.0,1.8947368421052633,2.0,1.8947368421052633,2.0,1.8947368421052633,14.25,1,2026
-1.0,-1.165745856353538,0.0,-0.16574585635353786,0.0,-0.16574585635353786,9.05000000000291,-1,2026
-1.0,-1.0367134150818709,-1.0,-1.0367134150818709,-1.0,-1.0367134150818709,40.85699999999997,1,2026
-1.0,-1.0395475757336075,-1.0,-1.0395475757336075,-1.0,-1.0395475757336075,37.92900000000009,-1,2026
2.0,1.9443640814509833,0.0,-0.05563591854901662,0.0,-0.05563591854901662,26.96099999999933,-1,2026
2.0,1.9443640814509833,0.0,-0.05563591854901662,0.0,-0.05563591854901662,26.96099999999933,-1,2026
2.0,1.9443640814509833,0.0,-0.05563591854901662,0.0,-0.05563591854901662,26.96099999999933,-1,2026
-1.0,-1.0499384092952022,-1.0,-1.0499384092952022,-1.0,-1.0499384092952022,30.037000000000262,-1,2026
-1.0,-1.1328844790928365,-1.0,-1.1328844790928365,-1.0,-1.1328844790928365,11.288000000000466,1,2026
-1.0,-1.026677100377035,0.0,-0.026677100377035027,0.0,-0.026677100377035027,56.228000000002794,1,2026
-1.0,-1.026677100377035,0.0,-0.026677100377035027,0.0,-0.026677100377035027,56.228000000002794,1,2026
-1.0,-1.026677100377035,0.0,-0.026677100377035027,0.0,-0.026677100377035027,56.228000000002794,1,2026
2.0,1.9462404128736328,2.0,1.9462404128736328,1.6,1.546240412873633,27.902000000001863,-1,2026
2.0,1.9462404128736328,2.0,1.9462404128736328,1.6,1.546240412873633,27.902000000001863,-1,2026
-1.0,-1.052332275058437,-1.0,-1.052332275058437,-1.0,-1.052332275058437,28.663000000000466,-1,2026
-1.0,-1.1635233838439099,0.0,-0.1635233838439099,0.0,-0.1635233838439099,9.172999999998865,1,2026
2.0,1.9573500142166598,0.0,-0.04264998578334019,0.0,-0.04264998578334019,35.169999999998254,-1,2026
2.0,1.8872604284103744,0.0,-0.1127395715896255,0.0,-0.1127395715896255,13.305000000000291,1,2026
2.0,1.974258649093905,2.0,1.974258649093905,2.0,1.974258649093905,58.272000000000844,-1,2026
2.0,1.974258649093905,2.0,1.974258649093905,2.0,1.974258649093905,58.272000000000844,-1,2026
-1.0,-1.1119152428560597,-1.0,-1.1119152428560597,-1.0,-1.1119152428560597,13.403000000002066,-1,2026
-1.0,-1.0704192291441734,0.0,-0.07041922914417337,0.0,-0.07041922914417337,21.300999999999476,1,2026
-1.0,-1.0342301636201823,0.0,-0.03423016362018217,0.0,-0.03423016362018217,43.82099999999991,1,2026
-1.0,-1.0698031551026062,-1.0,-1.0698031551026062,-1.0,-1.0698031551026062,21.489000000001397,-1,2026
-1.0,-1.0698031551026062,-1.0,-1.0698031551026062,-1.0,-1.0698031551026062,21.489000000001397,-1,2026
-1.0,-1.0698031551026062,-1.0,-1.0698031551026062,-1.0,-1.0698031551026062,21.489000000001397,-1,2026
-1.0,-1.0623001204468967,-1.0,-1.0623001204468967,-1.0,-1.0623001204468967,24.077000000001135,1,2026
-1.0,-1.0623001204468967,-1.0,-1.0623001204468967,-1.0,-1.0623001204468967,24.077000000001135,1,2026
2.0,1.8495033610916107,2.0,1.8495033610916107,2.0,1.8495033610916107,9.967000000000553,-1,2026
2.0,1.8698933125162889,2.0,1.8698933125162889,1.6,1.469893312516289,11.52900000000227,-1,2026
-1.0,-1.0840100812097302,-1.0,-1.0840100812097302,-1.0,-1.0840100812097302,17.8550000000032,-1,2026
2.0,1.7148831020717736,0.0,-0.28511689792822625,0.0,-0.28511689792822625,5.260999999998603,1,2026
-1.0,-1.22471910112362,-1.0,-1.22471910112362,-1.0,-1.22471910112362,6.674999999999272,-1,2026
2.0,1.8867240598097137,2.0,1.8867240598097137,2.0,1.8867240598097137,13.242000000002008,-1,2026
2.0,1.8867240598097137,2.0,1.8867240598097137,2.0,1.8867240598097137,13.242000000002008,-1,2026
2.0,1.9021909233177028,0.0,-0.09780907668229719,0.0,-0.09780907668229719,15.336000000002969,1,2026
2.0,1.9615552195196964,2.0,1.9615552195196964,1.6,1.5615552195196964,39.016999999999825,-1,2026
-1.0,-1.0599568310816212,-1.0,-1.0599568310816212,-1.0,-1.0599568310816212,25.01800000000003,-1,2026
-1.0,-1.1885369532428756,-1.0,-1.1885369532428756,-1.0,-1.1885369532428756,7.955999999998312,1,2026
-1.0,-1.0328889668479213,-1.0,-1.0328889668479213,-1.0,-1.0328889668479213,45.608000000000175,-1,2026
-1.0,-1.0328889668479213,-1.0,-1.0328889668479213,-1.0,-1.0328889668479213,45.608000000000175,-1,2026
2.0,1.929952367609977,2.0,1.929952367609977,2.0,1.929952367609977,21.41400000000067,-1,2026
2.0,1.929952367609977,2.0,1.929952367609977,2.0,1.929952367609977,21.41400000000067,-1,2026
2.0,1.929952367609977,2.0,1.929952367609977,2.0,1.929952367609977,21.41400000000067,-1,2026
-1.0,-1.1464986815118985,-1.0,-1.1464986815118985,-1.0,-1.1464986815118985,10.238999999997759,1,2026
-1.0,-1.030288345044826,-1.0,-1.030288345044826,-1.0,-1.030288345044826,49.52400000000125,-1,2026
-1.0,-1.048499741334713,0.0,-0.04849974133471306,0.0,-0.04849974133471306,30.927999999999884,1,2026
-1.0,-1.048499741334713,0.0,-0.04849974133471306,0.0,-0.04849974133471306,30.927999999999884,1,2026
-1.0,-1.0515499347034194,-1.0,-1.0515499347034194,-1.0,-1.0515499347034194,29.097999999998137,1,2026
2.0,1.9490419894007365,0.0,-0.05095801059926359,0.0,-0.05095801059926359,29.436000000001513,-1,2026
-1.0,-1.0873362445414885,-1.0,-1.0873362445414885,-1.0,-1.0873362445414885,17.174999999999272,-1,2026
2.0,1.9255102547549243,2.0,1.9255102547549243,2.0,1.9255102547549243,20.136999999998807,1,2026
-1.0,-1.1821493624772184,0.0,-0.18214936247721847,0.0,-0.18214936247721847,8.235000000000582,-1,2026
-1.0,-1.0377159236629698,-1.0,-1.0377159236629698,-1.0,-1.0377159236629698,39.77100000000064,1,2026
-1.0,-1.2056484782013164,-1.0,-1.2056484782013164,-1.0,-1.2056484782013164,7.29399999999805,1,2026
-1.0,-1.0870675644300019,-1.0,-1.0870675644300019,-1.0,-1.0870675644300019,17.227999999999156,-1,2026
-1.0,-1.165745856353538,-1.0,-1.165745856353538,-1.0,-1.165745856353538,9.05000000000291,-1,2026
-1.0,-1.144717800289464,-1.0,-1.144717800289464,-1.0,-1.144717800289464,10.364999999997963,-1,2026
-1.0,-1.0960368781612213,0.0,-0.09603687816122142,0.0,-0.09603687816122142,15.618999999998778,1,2026
-1.0,-1.1078128369151399,-1.0,-1.1078128369151399,-1.0,-1.1078128369151399,13.912999999996828,1,2026
-1.0,-1.0383376782702038,-1.0,-1.0383376782702038,-1.0,-1.0383376782702038,39.126000000000204,-1,2026
-1.0,-1.0211984171848507,0.0,-0.021198417184850677,0.0,-0.021198417184850677,70.7599999999984,1,2026
-1.0,-1.2904725019364456,0.0,-0.2904725019364457,0.0,-0.2904725019364457,5.164000000000669,-1,2026
-1.0,-1.2904725019364456,0.0,-0.2904725019364457,0.0,-0.2904725019364457,5.164000000000669,-1,2026
-1.0,-1.1165501165501257,-1.0,-1.1165501165501257,-1.0,-1.1165501165501257,12.869999999998981,1,2026
-1.0,-1.2368545712931378,-1.0,-1.2368545712931378,-1.0,-1.2368545712931378,6.333000000002357,1,2026
-1.0,-1.1109385400488077,-1.0,-1.1109385400488077,-1.0,-1.1109385400488077,13.52100000000064,1,2026
-1.0,-1.1282380097460876,-1.0,-1.1282380097460876,-1.0,-1.1282380097460876,11.697000000000116,1,2026
-1.0,-1.175561797752849,-1.0,-1.175561797752849,-1.0,-1.175561797752849,8.54399999999805,1,2026
-1.0,-1.0825218682950997,-1.0,-1.0825218682950997,-1.0,-1.0825218682950997,18.17699999999968,1,2026
-1.0,-1.0825218682950997,-1.0,-1.0825218682950997,-1.0,-1.0825218682950997,18.17699999999968,1,2026
-1.0,-1.0440735734853386,-1.0,-1.0440735734853386,-1.0,-1.0440735734853386,34.03399999999965,-1,2026
-1.0,-1.0440735734853386,-1.0,-1.0440735734853386,-1.0,-1.0440735734853386,34.03399999999965,-1,2026
-1.0,-1.0440735734853386,-1.0,-1.0440735734853386,-1.0,-1.0440735734853386,34.03399999999965,-1,2026
-1.0,-1.0440735734853386,-1.0,-1.0440735734853386,-1.0,-1.0440735734853386,34.03399999999965,-1,2026
2.0,1.9234732921789797,0.0,-0.07652670782102022,0.0,-0.07652670782102022,19.601000000002387,-1,2026
-1.0,-1.1105542452830246,-1.0,-1.1105542452830246,-1.0,-1.1105542452830246,13.567999999999302,1,2026
-1.0,-1.1105542452830246,-1.0,-1.1105542452830246,-1.0,-1.1105542452830246,13.567999999999302,1,2026
-1.0,-1.0707313622860426,-1.0,-1.0707313622860426,-1.0,-1.0707313622860426,21.206999999998516,-1,2026
-1.0,-1.0707313622860426,-1.0,-1.0707313622860426,-1.0,-1.0707313622860426,21.206999999998516,-1,2026
2.0,1.8787388843977264,0.0,-0.12126111560227353,0.0,-0.12126111560227353,12.369999999998981,1,2026
2.0,1.8481935026819336,2.0,1.8481935026819336,2.0,1.8481935026819336,9.881000000001222,1,2026
-1.0,-1.181576080377629,-1.0,-1.181576080377629,-1.0,-1.181576080377629,8.261000000002241,-1,2026
2.0,1.9408003788775745,0.0,-0.05919962112242543,0.0,-0.05919962112242543,25.337999999999738,-1,2026
-1.0,-1.0486097608399765,-1.0,-1.0486097608399765,-1.0,-1.0486097608399765,30.858000000000175,1,2026
-1.0,-1.091889242832636,-1.0,-1.091889242832636,-1.0,-1.091889242832636,16.324000000000524,1,2026
-1.0,-1.0429799426934125,0.0,-0.04297994269341243,0.0,-0.04297994269341243,34.89999999999782,1,2026
2.0,1.9158296391897196,0.0,-0.08417036081028043,0.0,-0.08417036081028043,17.820999999999913,-1,2026
-1.0,-1.0346756669286592,-1.0,-1.0346756669286592,-1.0,-1.0346756669286592,43.25800000000163,-1,2026
2.0,1.9342047548030497,2.0,1.9342047548030497,2.0,1.9342047548030497,22.797999999998865,-1,2026
-1.0,-1.04418001885014,-1.0,-1.04418001885014,-1.0,-1.04418001885014,33.952000000001135,-1,2026
2.0,1.9506951977122553,2.0,1.9506951977122553,1.6,1.5506951977122554,30.422999999998865,1,2026
-1.0,-1.1160541586073567,-1.0,-1.1160541586073567,-1.0,-1.1160541586073567,12.924999999999272,1,2026
-1.0,-1.0901930130479158,-1.0,-1.0901930130479158,-1.0,-1.0901930130479158,16.631000000001222,1,2026
-1.0,-1.0901930130479158,-1.0,-1.0901930130479158,-1.0,-1.0901930130479158,16.631000000001222,1,2026
-1.0,-1.1464414722249026,-1.0,-1.1464414722249026,-1.0,-1.1464414722249026,10.243000000002212,-1,2026
2.0,1.9024009369509975,0.0,-0.0975990630490025,0.0,-0.0975990630490025,15.368999999998778,-1,2026
2.0,1.9422254747140155,2.0,1.9422254747140155,1.6,1.5422254747140156,25.962999999999738,-1,2026
2.0,1.963732198554124,2.0,1.963732198554124,2.0,1.963732198554124,41.35900000000038,-1,2026
-1.0,-1.0166687039527051,-1.0,-1.0166687039527051,-1.0,-1.0166687039527051,89.9890000000014,1,2026
-1.0,-1.0635808748728368,-1.0,-1.0635808748728368,-1.0,-1.0635808748728368,23.592000000000553,1,2026
-1.0,-1.0202115475308227,-1.0,-1.0202115475308227,-1.0,-1.0202115475308227,74.21500000000015,1,2026
-1.0,-1.050539083557951,0.0,-0.05053908355795099,0.0,-0.05053908355795099,29.68000000000029,-1,2026
-1.0,-1.0338983050847457,0.0,-0.03389830508474576,0.0,-0.03389830508474576,44.25,-1,2026
-1.0,-1.0751239545249778,-1.0,-1.0751239545249778,-1.0,-1.0751239545249778,19.966999999996915,1,2026
-1.0,-1.075135243438189,-1.0,-1.075135243438189,-1.0,-1.075135243438189,19.963999999999942,1,2026
-1.0,-1.075135243438189,-1.0,-1.075135243438189,-1.0,-1.075135243438189,19.963999999999942,1,2026
-1.0,-1.075135243438189,-1.0,-1.075135243438189,-1.0,-1.075135243438189,19.963999999999942,1,2026
2.0,1.9022419186652824,0.0,-0.09775808133471756,0.0,-0.09775808133471756,15.34400000000096,-1,2026
2.0,1.9039631218387787,2.0,1.9039631218387787,1.6,1.5039631218387788,15.618999999998778,-1,2026
2.0,1.9039631218387787,2.0,1.9039631218387787,1.6,1.5039631218387788,15.618999999998778,-1,2026
-1.0,-1.1406733564662792,-1.0,-1.1406733564662792,-1.0,-1.1406733564662792,10.663000000000466,1,2026
-1.0,-1.0379458639008359,-1.0,-1.0379458639008359,-1.0,-1.0379458639008359,39.529999999998836,-1,2026
-1.0,-1.0379458639008359,-1.0,-1.0379458639008359,-1.0,-1.0379458639008359,39.529999999998836,-1,2026
-1.0,-1.0474338298074193,-1.0,-1.0474338298074193,-1.0,-1.0474338298074193,31.622999999999593,1,2026
-1.0,-1.3423875827435703,-1.0,-1.3423875827435703,-1.0,-1.3423875827435703,4.381000000001222,1,2026
-1.0,-1.072289156626506,-1.0,-1.072289156626506,-1.0,-1.072289156626506,20.75,-1,2026
-1.0,-1.0306397581501767,-1.0,-1.0306397581501767,-1.0,-1.0306397581501767,48.95599999999831,-1,2026
-1.0,-1.0306397581501767,-1.0,-1.0306397581501767,-1.0,-1.0306397581501767,48.95599999999831,-1,2026
-1.0,-1.0306397581501767,-1.0,-1.0306397581501767,-1.0,-1.0306397581501767,48.95599999999831,-1,2026
-1.0,-1.0118620209720532,0.0,-0.011862020972053276,0.0,-0.011862020972053276,126.4539999999979,1,2026
2.0,1.9635851621674103,2.0,1.9635851621674103,1.6,1.5635851621674104,41.1919999999991,1,2026
2.0,1.9635851621674103,2.0,1.9635851621674103,1.6,1.5635851621674104,41.1919999999991,1,2026
2.0,1.9312777752325139,2.0,1.9312777752325139,2.0,1.9312777752325139,21.827000000001135,-1,2026
-1.0,-1.0509597418039789,-1.0,-1.0509597418039789,-1.0,-1.0509597418039789,29.43499999999767,-1,2026
2.0,1.8556443075739073,2.0,1.8556443075739073,1.6,1.4556443075739074,10.39100000000326,1,2026
-1.0,-1.0683184550919962,0.0,-0.06831845509199612,0.0,-0.06831845509199612,21.95600000000195,1,2026
-1.0,-1.0471816809260173,-1.0,-1.0471816809260173,-1.0,-1.0471816809260173,31.79200000000128,-1,2026
-1.0,-1.0471816809260173,-1.0,-1.0471816809260173,-1.0,-1.0471816809260173,31.79200000000128,-1,2026
-1.0,-1.0554651678745788,-1.0,-1.0554651678745788,-1.0,-1.0554651678745788,27.04399999999805,1,2026
-1.0,-1.0554651678745788,-1.0,-1.0554651678745788,-1.0,-1.0554651678745788,27.04399999999805,1,2026
-1.0,-1.1566416040100098,0.0,-0.15664160401000982,0.0,-0.15664160401000982,9.576000000000931,-1,2026
2.0,1.9221668742216722,2.0,1.9221668742216722,1.6,1.5221668742216723,19.272000000000844,1,2026
-1.0,-1.0507202272266172,0.0,-0.05072022722661708,0.0,-0.05072022722661708,29.574000000000524,1,2026
-1.0,-1.0223387144814449,-1.0,-1.0223387144814449,-1.0,-1.0223387144814449,67.14799999999741,-1,2026
2.0,1.8847129352086571,2.0,1.8847129352086571,1.6,1.4847129352086572,13.010999999998603,-1,2026
-1.0,-1.080623488309596,-1.0,-1.080623488309596,-1.0,-1.080623488309596,18.604999999999563,-1,2026
-1.0,-1.155747066763556,-1.0,-1.155747066763556,-1.0,-1.155747066763556,9.631000000001222,-1,2026
2.0,1.7763864042934596,2.0,1.7763864042934596,1.6,1.3763864042934597,6.708000000002357,1,2026
-1.0,-1.1300615624728692,0.0,-0.13006156247286904,0.0,-0.13006156247286904,11.533000000003085,-1,2026
-1.0,-1.0510916584352321,-1.0,-1.0510916584352321,-1.0,-1.0510916584352321,29.35900000000038,1,2026
-1.0,-1.0374690880023985,0.0,-0.03746908800239854,0.0,-0.03746908800239854,40.03299999999945,-1,2026
-1.0,-1.0390869293308316,-1.0,-1.0390869293308316,-1.0,-1.0390869293308316,38.376000000000204,-1,2026
-1.0,-1.14698677119062,0.0,-0.1469867711906201,0.0,-0.1469867711906201,10.204999999998108,1,2026
-1.0,-1.1020824826459814,-1.0,-1.1020824826459814,-1.0,-1.1020824826459814,14.693999999999505,1,2026
-1.0,-1.090383224873456,-1.0,-1.090383224873456,-1.0,-1.090383224873456,16.596000000001368,1,2026
2.0,1.663072776280134,0.0,-0.336927223719866,0.0,-0.336927223719866,4.451999999997497,-1,2026
-1.0,-1.0465563797759072,-1.0,-1.0465563797759072,-1.0,-1.0465563797759072,32.21900000000096,1,2026
-1.0,-1.0465563797759072,-1.0,-1.0465563797759072,-1.0,-1.0465563797759072,32.21900000000096,1,2026
-1.0,-1.0465563797759072,-1.0,-1.0465563797759072,-1.0,-1.0465563797759072,32.21900000000096,1,2026
-1.0,-1.1138260737592969,-1.0,-1.1138260737592969,-1.0,-1.1138260737592969,13.177999999999884,-1,2026
-1.0,-1.1138260737592969,-1.0,-1.1138260737592969,-1.0,-1.1138260737592969,13.177999999999884,-1,2026
2.0,1.6219758064513385,2.0,1.6219758064513385,2.0,1.6219758064513385,3.9679999999971187,1,2026
2.0,1.7381284916200732,2.0,1.7381284916200732,2.0,1.7381284916200732,5.727999999999156,1,2026
2.0,1.952084331576426,0.0,-0.047915668423574066,0.0,-0.047915668423574066,31.30500000000029,-1,2026
2.0,1.952084331576426,0.0,-0.047915668423574066,0.0,-0.047915668423574066,31.30500000000029,-1,2026
2.0,1.952084331576426,0.0,-0.047915668423574066,0.0,-0.047915668423574066,31.30500000000029,-1,2026
2.0,1.8255611117572212,2.0,1.8255611117572212,1.6,1.4255611117572213,8.599000000001979,-1,2026
2.0,1.8255611117572212,2.0,1.8255611117572212,1.6,1.4255611117572213,8.599000000001979,-1,2026
2.0,1.8255611117572212,2.0,1.8255611117572212,1.6,1.4255611117572213,8.599000000001979,-1,2026
2.0,1.8255611117572212,2.0,1.8255611117572212,1.6,1.4255611117572213,8.599000000001979,-1,2026
-1.0,-1.2032520325203973,-1.0,-1.2032520325203973,-1.0,-1.2032520325203973,7.379999999997381,1,2026
2.0,1.9358151476251577,2.0,1.9358151476251577,2.0,1.9358151476251577,23.36999999999898,-1,2026
-1.0,-1.1352813852813886,-1.0,-1.1352813852813886,-1.0,-1.1352813852813886,11.087999999999738,1,2026
-1.0,-1.1352813852813886,-1.0,-1.1352813852813886,-1.0,-1.1352813852813886,11.087999999999738,1,2026
-1.0,-1.155763239875373,-1.0,-1.155763239875373,-1.0,-1.155763239875373,9.630000000001019,-1,2026
-1.0,-1.036287981420551,-1.0,-1.036287981420551,-1.0,-1.036287981420551,41.33600000000297,1,2026
-1.0,-1.036287981420551,-1.0,-1.036287981420551,-1.0,-1.036287981420551,41.33600000000297,1,2026
2.0,1.9029942443251617,2.0,1.9029942443251617,1.6,1.5029942443251618,15.462999999999738,-1,2026
-1.0,-1.0300649402709854,0.0,-0.030064940270985434,0.0,-0.030064940270985434,49.891999999999825,1,2026
-1.0,-1.074958772675034,-1.0,-1.074958772675034,-1.0,-1.074958772675034,20.010999999998603,1,2026
2.0,1.9240506329113924,2.0,1.9240506329113924,2.0,1.9240506329113924,19.75,-1,2026
-1.0,-1.0121360205179653,0.0,-0.012136020517965161,0.0,-0.012136020517965161,123.59900000000198,1,2026
-1.0,-1.0121360205179653,0.0,-0.012136020517965161,0.0,-0.012136020517965161,123.59900000000198,1,2026
-1.0,-1.0261734426801616,-1.0,-1.0261734426801616,-1.0,-1.0261734426801616,57.30999999999767,1,2026
-1.0,-1.061730935429444,-1.0,-1.061730935429444,-1.0,-1.061730935429444,24.29899999999907,-1,2026
2.0,1.929484768710032,2.0,1.929484768710032,1.6,1.5294847687100321,21.271999999997206,1,2026
2.0,1.8927805575410852,2.0,1.8927805575410852,1.6,1.4927805575410853,13.989999999997963,-1,2026
-1.0,-1.1459285922755327,-1.0,-1.1459285922755327,-1.0,-1.1459285922755327,10.278999999998632,-1,2026
2.0,1.933595998052149,2.0,1.933595998052149,1.6,1.5335959980521492,22.588999999999942,-1,2026
2.0,1.8929412604382443,2.0,1.8929412604382443,2.0,1.8929412604382443,14.011000000002241,-1,2026
2.0,1.881843245372225,2.0,1.881843245372225,2.0,1.881843245372225,12.695000000003347,1,2026
2.0,1.898799082445015,0.0,-0.10120091755498503,0.0,-0.10120091755498503,14.822000000000116,-1,2026
2.0,1.898799082445015,0.0,-0.10120091755498503,0.0,-0.10120091755498503,14.822000000000116,-1,2026
2.0,1.8194945848375736,2.0,1.8194945848375736,1.6,1.4194945848375737,8.31000000000131,1,2026
-1.0,-1.1562988433885333,0.0,-0.15629884338853334,0.0,-0.15629884338853334,9.597000000001572,-1,2026
-1.0,-1.1562988433885333,0.0,-0.15629884338853334,0.0,-0.15629884338853334,9.597000000001572,-1,2026
-1.0,-1.058925204274037,0.0,-0.05892520427403697,0.0,-0.05892520427403697,25.45600000000195,-1,2026
2.0,1.9470039570378748,0.0,-0.05299604296212533,0.0,-0.05299604296212533,28.304000000000087,-1,2026
2.0,1.941822130861419,2.0,1.941822130861419,1.6,1.541822130861419,25.782999999999447,1,2026
2.0,1.941822130861419,2.0,1.941822130861419,1.6,1.541822130861419,25.782999999999447,1,2026
-1.0,-1.2020474137930297,-1.0,-1.2020474137930297,-1.0,-1.2020474137930297,7.424000000002707,1,2026
-1.0,-1.2020474137930297,-1.0,-1.2020474137930297,-1.0,-1.2020474137930297,7.424000000002707,1,2026
-1.0,-1.0393525198730242,-1.0,-1.0393525198730242,-1.0,-1.0393525198730242,38.11699999999837,-1,2026
-1.0,-1.0715751300281455,-1.0,-1.0715751300281455,-1.0,-1.0715751300281455,20.957000000002154,1,2026
2.0,1.9539241283980908,0.0,-0.04607587160190921,0.0,-0.04607587160190921,32.55499999999665,1,2026
2.0,1.9539241283980908,0.0,-0.04607587160190921,0.0,-0.04607587160190921,32.55499999999665,1,2026
2.0,1.9539241283980908,0.0,-0.04607587160190921,0.0,-0.04607587160190921,32.55499999999665,1,2026
-1.0,-1.2433484750161967,-1.0,-1.2433484750161967,-1.0,-1.2433484750161967,6.164000000000669,1,2026
2.0,1.8584638611058442,0.0,-0.14153613889415584,0.0,-0.14153613889415584,10.597999999998137,1,2026
-1.0,-1.2598752598752219,-1.0,-1.2598752598752219,-1.0,-1.2598752598752219,5.772000000000844,-1,2026
-1.0,-1.1489277204130244,0.0,-0.1489277204130245,0.0,-0.1489277204130245,10.072000000000116,-1,2026
-1.0,-1.0817037965030758,-1.0,-1.0817037965030758,-1.0,-1.0817037965030758,18.35900000000038,-1,2026
-1.0,-1.1985440105890062,-1.0,-1.1985440105890062,-1.0,-1.1985440105890062,7.555000000000291,-1,2026
-1.0,-1.040812994857562,-1.0,-1.040812994857562,-1.0,-1.040812994857562,36.75300000000061,-1,2026
-1.0,-1.040812994857562,-1.0,-1.040812994857562,-1.0,-1.040812994857562,36.75300000000061,-1,2026
-1.0,-1.040812994857562,-1.0,-1.040812994857562,-1.0,-1.040812994857562,36.75300000000061,-1,2026
-1.0,-1.04343168196427,0.0,-0.04343168196426987,0.0,-0.04343168196426987,34.53700000000026,-1,2026
-1.0,-1.1226692836113923,-1.0,-1.1226692836113923,-1.0,-1.1226692836113923,12.227999999999156,-1,2026
-1.0,-1.1226692836113923,-1.0,-1.1226692836113923,-1.0,-1.1226692836113923,12.227999999999156,-1,2026
2.0,1.8992680142367848,2.0,1.8992680142367848,2.0,1.8992680142367848,14.890999999999622,1,2026
2.0,1.6690933156849366,0.0,-0.33090668431506354,0.0,-0.33090668431506354,4.532999999999447,-1,2026
2.0,1.5576526098495524,2.0,1.5576526098495524,2.0,1.5576526098495524,3.3909999999996217,1,2026
2.0,1.8338686454756643,2.0,1.8338686454756643,1.6,1.4338686454756644,9.028999999998632,-1,2026
2.0,1.9133198497544077,2.0,1.9133198497544077,1.6,1.5133198497544078,17.30500000000029,1,2026
-1.0,-1.3157894736842106,-1.0,-1.3157894736842106,-1.0,-1.3157894736842106,4.75,1,2026
-1.0,-1.1198274484741968,-1.0,-1.1198274484741968,-1.0,-1.1198274484741968,12.518000000000029,1,2026
2.0,1.443620178041525,0.0,-0.556379821958475,0.0,-0.556379821958475,2.6959999999999127,-1,2026
-1.0,-1.029558980018128,-1.0,-1.029558980018128,-1.0,-1.029558980018128,50.74600000000282,-1,2026
-1.0,-1.1312335958005215,-1.0,-1.1312335958005215,-1.0,-1.1312335958005215,11.430000000000291,1,2026
2.0,1.7424892703862982,2.0,1.7424892703862982,2.0,1.7424892703862982,5.825000000000728,-1,2026
-1.0,-1.0910912734559999,-1.0,-1.0910912734559999,-1.0,-1.0910912734559999,16.467000000000553,1,2026
-1.0,-1.0910912734559999,-1.0,-1.0910912734559999,-1.0,-1.0910912734559999,16.467000000000553,1,2026
-1.0,-1.0874482597796384,-1.0,-1.0874482597796384,-1.0,-1.0874482597796384,17.15299999999843,1,2026
-1.0,-1.0874482597796384,-1.0,-1.0874482597796384,-1.0,-1.0874482597796384,17.15299999999843,1,2026
2.0,1.9083129584352112,0.0,-0.09168704156478891,0.0,-0.09168704156478891,16.360000000000582,-1,2026
-1.0,-1.0614905304583089,-1.0,-1.0614905304583089,-1.0,-1.0614905304583089,24.394000000000233,1,2026
-1.0,-1.0614905304583089,-1.0,-1.0614905304583089,-1.0,-1.0614905304583089,24.394000000000233,1,2026
2.0,1.9347599164926885,2.0,1.9347599164926885,1.6,1.5347599164926886,22.99199999999837,-1,2026
-1.0,-1.150678051230566,-1.0,-1.150678051230566,-1.0,-1.150678051230566,9.954999999998108,-1,2026
2.0,1.9764150943396221,0.0,-0.023584905660377898,0.0,-0.023584905660377898,63.599999999998545,1,2026
2.0,1.9764150943396221,0.0,-0.023584905660377898,0.0,-0.023584905660377898,63.599999999998545,1,2026
-1.0,-1.1052114750648967,-1.0,-1.1052114750648967,-1.0,-1.1052114750648967,14.256999999997788,1,2026
-1.0,-1.1052114750648967,-1.0,-1.1052114750648967,-1.0,-1.1052114750648967,14.256999999997788,1,2026
-1.0,-1.1849796522382452,-1.0,-1.1849796522382452,-1.0,-1.1849796522382452,8.109000000000378,-1,2026
2.0,1.8813385017008455,0.0,-0.1186614982991546,0.0,-0.1186614982991546,12.64100000000326,-1,2026
-1.0,-1.1020685900925429,-1.0,-1.1020685900925429,-1.0,-1.1020685900925429,14.695999999999913,1,2026
2.0,1.8788368336025947,2.0,1.8788368336025947,1.6,1.4788368336025948,12.380000000001019,-1,2026
2.0,1.896551724137931,2.0,1.896551724137931,2.0,1.896551724137931,14.5,-1,2026
2.0,1.896551724137931,2.0,1.896551724137931,2.0,1.896551724137931,14.5,-1,2026
-1.0,-1.024612355402412,-1.0,-1.024612355402412,-1.0,-1.024612355402412,60.94499999999971,1,2026
-1.0,-1.024612355402412,-1.0,-1.024612355402412,-1.0,-1.024612355402412,60.94499999999971,1,2026
2.0,1.925488053251209,2.0,1.925488053251209,1.6,1.5254880532512092,20.131000000001222,-1,2026
-1.0,-1.0585845961568519,-1.0,-1.0585845961568519,-1.0,-1.0585845961568519,25.60399999999936,1,2026
-1.0,-1.1109303357491427,-1.0,-1.1109303357491427,-1.0,-1.1109303357491427,13.522000000000844,1,2026
-1.0,-1.1109303357491427,-1.0,-1.1109303357491427,-1.0,-1.1109303357491427,13.522000000000844,1,2026
-1.0,-1.1109303357491427,-1.0,-1.1109303357491427,-1.0,-1.1109303357491427,13.522000000000844,1,2026
2.0,1.9345035368090175,2.0,1.9345035368090175,1.6,1.5345035368090176,22.902000000001863,-1,2026
2.0,1.9345035368090175,2.0,1.9345035368090175,1.6,1.5345035368090176,22.902000000001863,-1,2026
2.0,1.9118787451533354,2.0,1.9118787451533354,1.6,1.5118787451533355,17.022000000000844,1,2026
2.0,1.9118787451533354,2.0,1.9118787451533354,1.6,1.5118787451533355,17.022000000000844,1,2026
2.0,1.803433363910397,2.0,1.803433363910397,2.0,1.803433363910397,7.631000000001222,1,2026
-1.0,-1.1393922497909297,0.0,-0.13939224979092973,0.0,-0.13939224979092973,10.760999999998603,1,2026
-1.0,-1.0478331579450926,-1.0,-1.0478331579450926,-1.0,-1.0478331579450926,31.35899999999674,-1,2026
2.0,1.9420312258463446,0.0,-0.05796877415365544,0.0,-0.05796877415365544,25.876000000000204,1,2026
-1.0,-1.0803212851405655,-1.0,-1.0803212851405655,-1.0,-1.0803212851405655,18.674999999999272,1,2026
-1.0,-1.1744388882427788,-1.0,-1.1744388882427788,-1.0,-1.1744388882427788,8.599000000001979,1,2026
2.0,1.6310870634532548,2.0,1.6310870634532548,1.6,1.231087063453255,4.066000000002532,1,2026
-1.0,-1.0676803681812015,0.0,-0.06768036818120149,0.0,-0.06768036818120149,22.163000000000466,1,2026
-1.0,-1.0676803681812015,0.0,-0.06768036818120149,0.0,-0.06768036818120149,22.163000000000466,1,2026
2.0,1.9710687214303613,2.0,1.9710687214303613,2.0,1.9710687214303613,51.846999999997934,1,2026
2.0,1.860178970917215,2.0,1.860178970917215,2.0,1.860178970917215,10.727999999999156,1,2026
-1.0,-1.042622112351889,-1.0,-1.042622112351889,-1.0,-1.042622112351889,35.1929999999993,1,2026
-1.0,-1.1010986048392564,-1.0,-1.1010986048392564,-1.0,-1.1010986048392564,14.836999999999534,-1,2026
-1.0,-1.1553921060810364,-1.0,-1.1553921060810364,-1.0,-1.1553921060810364,9.652999999998428,-1,2026
-1.0,-1.1553921060810364,-1.0,-1.1553921060810364,-1.0,-1.1553921060810364,9.652999999998428,-1,2026
-1.0,-1.0230425365224198,0.0,-0.023042536522419832,0.0,-0.023042536522419832,65.09700000000157,1,2026
-1.0,-1.1411897590361473,0.0,-0.14118975903614728,0.0,-0.14118975903614728,10.623999999999796,1,2026
2.0,1.8982291878689037,0.0,-0.10177081213109627,0.0,-0.10177081213109627,14.738999999997759,-1,2026
2.0,1.8982291878689037,0.0,-0.10177081213109627,0.0,-0.10177081213109627,14.738999999997759,-1,2026
2.0,1.948993471164308,2.0,1.948993471164308,2.0,1.948993471164308,29.407999999999447,-1,2026
2.0,1.9420222634508335,2.0,1.9420222634508335,1.6,1.5420222634508336,25.87199999999939,1,2026
-1.0,-1.1935483870967742,-1.0,-1.1935483870967742,-1.0,-1.1935483870967742,7.75,-1,2026
-1.0,-1.108147080028847,-1.0,-1.108147080028847,-1.0,-1.108147080028847,13.869999999998981,-1,2026
-1.0,-1.1360914534567126,-1.0,-1.1360914534567126,-1.0,-1.1360914534567126,11.022000000000844,1,2026
2.0,1.8261877172653007,2.0,1.8261877172653007,1.6,1.4261877172653008,8.62999999999738,-1,2026
2.0,1.9450730528397253,2.0,1.9450730528397253,2.0,1.9450730528397253,27.309000000001106,1,2026
-1.0,-1.1042245692051151,-1.0,-1.1042245692051151,-1.0,-1.1042245692051151,14.391999999999825,-1,2026
-1.0,-1.0321978234271367,-1.0,-1.0321978234271367,-1.0,-1.0321978234271367,46.586999999999534,-1,2026
-1.0,-1.0321978234271367,-1.0,-1.0321978234271367,-1.0,-1.0321978234271367,46.586999999999534,-1,2026
-1.0,-1.0321978234271367,-1.0,-1.0321978234271367,-1.0,-1.0321978234271367,46.586999999999534,-1,2026
-1.0,-1.0259888767607461,-1.0,-1.0259888767607461,-1.0,-1.0259888767607461,57.71700000000055,-1,2026
-1.0,-1.0259888767607461,-1.0,-1.0259888767607461,-1.0,-1.0259888767607461,57.71700000000055,-1,2026
-1.0,-1.0672163470155975,-1.0,-1.0672163470155975,-1.0,-1.0672163470155975,22.315999999998894,-1,2026
2.0,1.9199530391162876,2.0,1.9199530391162876,2.0,1.9199530391162876,18.739000000001397,1,2026
2.0,1.9394990521518118,2.0,1.9394990521518118,2.0,1.9394990521518118,24.792999999997846,1,2026
-1.0,-1.017549812217009,-1.0,-1.017549812217009,-1.0,-1.017549812217009,85.47100000000137,-1,2026
-1.0,-1.1253446979193102,-1.0,-1.1253446979193102,-1.0,-1.1253446979193102,11.966999999996915,-1,2026
2.0,1.8708677685950614,2.0,1.8708677685950614,1.6,1.4708677685950615,11.616000000001804,-1,2026
-1.0,-1.0217010749265782,-1.0,-1.0217010749265782,-1.0,-1.0217010749265782,69.12099999999919,-1,2026
-1.0,-1.0287747702814167,-1.0,-1.0287747702814167,-1.0,-1.0287747702814167,52.129000000000815,1,2026
-1.0,-1.0602893890675216,0.0,-0.06028938906752165,0.0,-0.06028938906752165,24.88000000000102,-1,2026
-1.0,-1.1724931002759906,-1.0,-1.1724931002759906,-1.0,-1.1724931002759906,8.695999999999913,1,2026
2.0,1.9449985332942228,2.0,1.9449985332942228,2.0,1.9449985332942228,27.272000000000844,1,2026
2.0,1.9321543262924612,2.0,1.9321543262924612,1.6,1.5321543262924613,22.10900000000038,1,2026
2.0,1.9036299389656424,2.0,1.9036299389656424,1.6,1.5036299389656425,15.565000000002328,-1,2026
2.0,1.9036299389656424,2.0,1.9036299389656424,1.6,1.5036299389656425,15.565000000002328,-1,2026
-1.0,-1.0405569825604968,-1.0,-1.0405569825604968,-1.0,-1.0405569825604968,36.98500000000058,-1,2026
2.0,1.8400852878464993,2.0,1.8400852878464993,1.6,1.4400852878464994,9.380000000001019,-1,2026
2.0,1.7994116073816302,2.0,1.7994116073816302,2.0,1.7994116073816302,7.477999999999156,1,2026
-1.0,-1.1983864568178415,-1.0,-1.1983864568178415,-1.0,-1.1983864568178415,7.561000000001513,-1,2026
-1.0,-1.1983864568178415,-1.0,-1.1983864568178415,-1.0,-1.1983864568178415,7.561000000001513,-1,2026
-1.0,-1.0622975330176985,-1.0,-1.0622975330176985,-1.0,-1.0622975330176985,24.0779999999977,1,2026
-1.0,-1.0605351305541015,-1.0,-1.0605351305541015,-1.0,-1.0605351305541015,24.778999999998632,-1,2026
-1.0,-1.0494168808064845,-1.0,-1.0494168808064845,-1.0,-1.0494168808064845,30.35399999999936,-1,2026
-1.0,-1.0687884068604956,-1.0,-1.0687884068604956,-1.0,-1.0687884068604956,21.806000000000495,-1,2026
-1.0,-1.0687915615684467,-1.0,-1.0687915615684467,-1.0,-1.0687915615684467,21.80500000000029,1,2026
-1.0,-1.0923190546528827,-1.0,-1.0923190546528827,-1.0,-1.0923190546528827,16.247999999999593,-1,2026
2.0,1.9091514747744052,0.0,-0.09084852522559483,0.0,-0.09084852522559483,16.51100000000224,1,2026
2.0,1.9091514747744052,0.0,-0.09084852522559483,0.0,-0.09084852522559483,16.51100000000224,1,2026
2.0,1.9142121818701594,2.0,1.9142121818701594,2.0,1.9142121818701594,17.484999999996944,-1,2026
-1.0,-1.1971349717439776,-1.0,-1.1971349717439776,-1.0,-1.1971349717439776,7.609000000000378,1,2026
-1.0,-1.0750150030006032,-1.0,-1.0750150030006032,-1.0,-1.0750150030006032,19.995999999999185,1,2026
2.0,1.8856707317073083,0.0,-0.1143292682926918,0.0,-0.1143292682926918,13.119999999998981,-1,2026
-1.0,-1.2581755593804822,-1.0,-1.2581755593804822,-1.0,-1.2581755593804822,5.809999999997672,-1,2026
-1.0,-1.0690004140024911,0.0,-0.06900041400249113,0.0,-0.06900041400249113,21.73899999999776,-1,2026
-1.0,-1.1461845823993444,-1.0,-1.1461845823993444,-1.0,-1.1461845823993444,10.261000000002241,-1,2026
-1.0,-1.1461845823993444,-1.0,-1.1461845823993444,-1.0,-1.1461845823993444,10.261000000002241,-1,2026
2.0,1.8156568759984983,2.0,1.8156568759984983,2.0,1.8156568759984983,8.136999999998807,1,2026
2.0,1.8156568759984983,2.0,1.8156568759984983,2.0,1.8156568759984983,8.136999999998807,1,2026
-1.0,-1.069767441860465,-1.0,-1.069767441860465,-1.0,-1.069767441860465,21.5,1,2026
-1.0,-1.0299126550472617,0.0,-0.029912655047261615,0.0,-0.029912655047261615,50.14600000000064,-1,2026
-1.0,-1.0299126550472617,0.0,-0.029912655047261615,0.0,-0.029912655047261615,50.14600000000064,-1,2026
-1.0,-1.011201385984826,-1.0,-1.011201385984826,-1.0,-1.011201385984826,133.91200000000026,1,2026
-1.0,-1.0643638704140734,-1.0,-1.0643638704140734,-1.0,-1.0643638704140734,23.30500000000029,-1,2026
-1.0,-1.0682159261448863,-1.0,-1.0682159261448863,-1.0,-1.0682159261448863,21.989000000001397,1,2026
-1.0,-1.0422249746650136,-1.0,-1.0422249746650136,-1.0,-1.0422249746650136,35.52400000000125,-1,2026
-1.0,-1.0422249746650136,-1.0,-1.0422249746650136,-1.0,-1.0422249746650136,35.52400000000125,-1,2026
-1.0,-1.0422249746650136,-1.0,-1.0422249746650136,-1.0,-1.0422249746650136,35.52400000000125,-1,2026
-1.0,-1.0422249746650136,-1.0,-1.0422249746650136,-1.0,-1.0422249746650136,35.52400000000125,-1,2026
-1.0,-1.021398308107106,-1.0,-1.021398308107106,-1.0,-1.021398308107106,70.09899999999834,1,2026
2.0,1.9441299165673458,2.0,1.9441299165673458,1.6,1.5441299165673459,26.848000000001775,-1,2026
-1.0,-1.0393298198694259,0.0,-0.03932981986942581,0.0,-0.03932981986942581,38.138999999999214,-1,2026
-1.0,-1.061384842036336,0.0,-0.061384842036336026,0.0,-0.061384842036336026,24.436000000001513,-1,2026
-1.0,-1.061384842036336,0.0,-0.061384842036336026,0.0,-0.061384842036336026,24.436000000001513,-1,2026
-1.0,-1.0447173861197212,-1.0,-1.0447173861197212,-1.0,-1.0447173861197212,33.54400000000169,1,2026
-1.0,-1.0461538461538462,0.0,-0.046153846153846156,0.0,-0.046153846153846156,32.5,1,2026
-1.0,-1.0461538461538462,0.0,-0.046153846153846156,0.0,-0.046153846153846156,32.5,1,2026
-1.0,-1.0175438596491229,-1.0,-1.0175438596491229,-1.0,-1.0175438596491229,85.5,-1,2026
-1.0,-1.0257258991201739,-1.0,-1.0257258991201739,-1.0,-1.0257258991201739,58.3070000000007,-1,2026
-1.0,-1.0337670523614435,0.0,-0.03376705236144355,0.0,-0.03376705236144355,44.42199999999866,-1,2026
2.0,1.9517343458394971,2.0,1.9517343458394971,2.0,1.9517343458394971,31.0779999999977,1,2026
-1.0,-1.019321929101401,-1.0,-1.019321929101401,-1.0,-1.019321929101401,77.63200000000143,-1,2026
2.0,1.9001464518705713,0.0,-0.09985354812942877,0.0,-0.09985354812942877,15.021999999997206,1,2026
-1.0,-1.0600528465049264,-1.0,-1.0600528465049264,-1.0,-1.0600528465049264,24.977999999999156,-1,2026
-1.0,-1.0600528465049264,-1.0,-1.0600528465049264,-1.0,-1.0600528465049264,24.977999999999156,-1,2026
2.0,1.9216382823111475,2.0,1.9216382823111475,1.6,1.5216382823111476,19.141999999999825,1,2026
2.0,1.8323085522638292,2.0,1.8323085522638292,1.6,1.4323085522638292,8.944999999999709,1,2026
-1.0,-1.0097803974753532,-1.0,-1.0097803974753532,-1.0,-1.0097803974753532,153.3680000000022,1,2026
-1.0,-1.0304191762487063,0.0,-0.030419176248706253,0.0,-0.030419176248706253,49.31100000000151,-1,2026
-1.0,-1.0304191762487063,0.0,-0.030419176248706253,0.0,-0.030419176248706253,49.31100000000151,-1,2026
-1.0,-1.103362734288847,-1.0,-1.103362734288847,-1.0,-1.103362734288847,14.512000000002445,-1,2026
-1.0,-1.103362734288847,-1.0,-1.103362734288847,-1.0,-1.103362734288847,14.512000000002445,-1,2026
-1.0,-1.0670001786671461,-1.0,-1.0670001786671461,-1.0,-1.0670001786671461,22.38799999999901,1,2026
-1.0,-1.0767498976667964,-1.0,-1.0767498976667964,-1.0,-1.0767498976667964,19.544000000001688,1,2026
-1.0,-1.0486570650058367,-1.0,-1.0486570650058367,-1.0,-1.0486570650058367,30.82800000000134,-1,2026
2.0,1.8825003916653575,2.0,1.8825003916653575,2.0,1.8825003916653575,12.765999999999622,-1,2026
-1.0,-1.0530035335689059,-1.0,-1.0530035335689059,-1.0,-1.0530035335689059,28.299999999999272,1,2026
-1.0,-1.0751653638003535,-1.0,-1.0751653638003535,-1.0,-1.0751653638003535,19.95600000000195,-1,2026
-1.0,-1.0825854759676243,-1.0,-1.0825854759676243,-1.0,-1.0825854759676243,18.163000000000466,1,2026
-1.0,-1.0825854759676243,-1.0,-1.0825854759676243,-1.0,-1.0825854759676243,18.163000000000466,1,2026
-1.0,-1.0825854759676243,-1.0,-1.0825854759676243,-1.0,-1.0825854759676243,18.163000000000466,1,2026
-1.0,-1.0196571788016981,0.0,-0.019657178801698146,0.0,-0.019657178801698146,76.3080000000009,1,2026
2.0,1.9488508490759069,2.0,1.9488508490759069,2.0,1.9488508490759069,29.32600000000093,-1,2026
-1.0,-1.0727943317480353,-1.0,-1.0727943317480353,-1.0,-1.0727943317480353,20.605999999999767,-1,2026
-1.0,-1.0300078020285268,-1.0,-1.0300078020285268,-1.0,-1.0300078020285268,49.98700000000099,-1,2026
-1.0,-1.0473948623969143,-1.0,-1.0473948623969143,-1.0,-1.0473948623969143,31.64900000000125,1,2026
2.0,1.9261992619926225,2.0,1.9261992619926225,1.6,1.5261992619926226,20.325000000000728,-1,2026
-1.0,-1.0841042893187594,-1.0,-1.0841042893187594,-1.0,-1.0841042893187594,17.834999999999127,-1,2026
-1.0,-1.0328630269038646,-1.0,-1.0328630269038646,-1.0,-1.0328630269038646,45.64400000000023,1,2026
-1.0,-1.0430255571809641,-1.0,-1.0430255571809641,-1.0,-1.0430255571809641,34.86300000000119,1,2026
-1.0,-1.0291036088474965,-1.0,-1.0291036088474965,-1.0,-1.0291036088474965,51.54000000000087,-1,2026
-1.0,-1.0468164794007477,-1.0,-1.0468164794007477,-1.0,-1.0468164794007477,32.04000000000087,1,2026
-1.0,-1.0828775070445957,0.0,-0.08287750704459569,0.0,-0.08287750704459569,18.09899999999834,1,2026
-1.0,-1.0448658511051991,-1.0,-1.0448658511051991,-1.0,-1.0448658511051991,33.432999999997264,1,2026
2.0,1.9415865103781302,2.0,1.9415865103781302,1.6,1.5415865103781303,25.679000000000087,-1,2026
2.0,1.7857142857142858,2.0,1.7857142857142858,1.6,1.385714285714286,7.0,-1,2026
-1.0,-1.028580683268868,-1.0,-1.028580683268868,-1.0,-1.028580683268868,52.483000000000175,1,2026
2.0,1.9763865056751102,2.0,1.9763865056751102,1.6,1.5763865056751103,63.52300000000105,-1,2026
2.0,1.9763865056751102,2.0,1.9763865056751102,1.6,1.5763865056751103,63.52300000000105,-1,2026
-1.0,-1.0509044015339246,-1.0,-1.0509044015339246,-1.0,-1.0509044015339246,29.466999999996915,-1,2026
-1.0,-1.0509044015339246,-1.0,-1.0509044015339246,-1.0,-1.0509044015339246,29.466999999996915,-1,2026
-1.0,-1.0602482226774377,-1.0,-1.0602482226774377,-1.0,-1.0602482226774377,24.896999999997206,-1,2026
2.0,1.9032944362065545,2.0,1.9032944362065545,2.0,1.9032944362065545,15.510999999998603,-1,2026
2.0,1.9292285916489729,2.0,1.9292285916489729,2.0,1.9292285916489729,21.19499999999971,1,2026
-1.0,-1.0650336006936851,0.0,-0.06503360069368518,0.0,-0.06503360069368518,23.06500000000233,-1,2026
-1.0,-1.0393287886733058,0.0,-0.03932878867330571,0.0,-0.03932878867330571,38.140000000003056,-1,2026
-1.0,-1.0522320495856243,0.0,-0.052232049585624364,0.0,-0.052232049585624364,28.718000000000757,1,2026
-1.0,-1.0522320495856243,0.0,-0.052232049585624364,0.0,-0.052232049585624364,28.718000000000757,1,2026
-1.0,-1.2103786816270057,-1.0,-1.2103786816270057,-1.0,-1.2103786816270057,7.129999999997381,-1,2026
-1.0,-1.0178393035535895,-1.0,-1.0178393035535895,-1.0,-1.0178393035535895,84.08399999999892,-1,2026
-1.0,-1.0178393035535895,-1.0,-1.0178393035535895,-1.0,-1.0178393035535895,84.08399999999892,-1,2026
2.0,1.9257719714964323,2.0,1.9257719714964323,2.0,1.9257719714964323,20.20799999999872,-1,2026
2.0,1.9257719714964323,2.0,1.9257719714964323,2.0,1.9257719714964323,20.20799999999872,-1,2026
2.0,1.9154500873682516,2.0,1.9154500873682516,2.0,1.9154500873682516,17.741000000001804,1,2026
2.0,1.9154500873682516,2.0,1.9154500873682516,2.0,1.9154500873682516,17.741000000001804,1,2026
-1.0,-1.1857125170236213,0.0,-0.1857125170236213,0.0,-0.1857125170236213,8.077000000001135,1,2026
-1.0,-1.120578778135061,-1.0,-1.120578778135061,-1.0,-1.120578778135061,12.43999999999869,1,2026
2.0,1.9112426035503034,0.0,-0.0887573964496965,0.0,-0.0887573964496965,16.900000000001455,-1,2026
-1.0,-1.095498822181202,-1.0,-1.095498822181202,-1.0,-1.095498822181202,15.706999999998516,1,2026
2.0,1.9321266968325748,2.0,1.9321266968325748,1.6,1.5321266968325749,22.099999999998545,-1,2026
2.0,1.9163319946452642,2.0,1.9163319946452642,1.6,1.5163319946452642,17.92800000000352,1,2026
2.0,1.9163319946452642,2.0,1.9163319946452642,1.6,1.5163319946452642,17.92800000000352,1,2026
-1.0,-1.079214195183786,0.0,-0.07921419518378582,0.0,-0.07921419518378582,18.935999999997875,1,2026
2.0,1.950566833640919,0.0,-0.04943316635908095,0.0,-0.04943316635908095,30.34400000000096,-1,2026
-1.0,-1.0460461689587413,-1.0,-1.0460461689587413,-1.0,-1.0460461689587413,32.57600000000093,1,2026
-1.0,-1.0460461689587413,-1.0,-1.0460461689587413,-1.0,-1.0460461689587413,32.57600000000093,1,2026
2.0,1.9608733077705607,0.0,-0.039126692229439396,0.0,-0.039126692229439396,38.336999999999534,1,2026
-1.0,-1.0289112040552773,-1.0,-1.0289112040552773,-1.0,-1.0289112040552773,51.88300000000163,1,2026
-1.0,-1.0803083841953105,-1.0,-1.0803083841953105,-1.0,-1.0803083841953105,18.677999999999884,1,2026
2.0,1.818071558520373,2.0,1.818071558520373,1.6,1.4180715585203731,8.24500000000262,1,2026
2.0,1.818071558520373,2.0,1.818071558520373,1.6,1.4180715585203731,8.24500000000262,1,2026
-1.0,-1.110913930789697,-1.0,-1.110913930789697,-1.0,-1.110913930789697,13.524000000001251,1,2026
-1.0,-1.1062849854743764,0.0,-0.10628498547437633,0.0,-0.10628498547437633,14.113000000001193,-1,2026
-1.0,-1.1062849854743764,0.0,-0.10628498547437633,0.0,-0.10628498547437633,14.113000000001193,-1,2026
-1.0,-1.0288450444213681,-1.0,-1.0288450444213681,-1.0,-1.0288450444213681,52.00200000000041,-1,2026
-1.0,-1.0288450444213681,-1.0,-1.0288450444213681,-1.0,-1.0288450444213681,52.00200000000041,-1,2026
2.0,1.8885338485546432,2.0,1.8885338485546432,1.6,1.4885338485546433,13.456999999998516,-1,2026
2.0,1.9718352172443585,2.0,1.9718352172443585,2.0,1.9718352172443585,53.25800000000163,1,2026
-1.0,-1.0411579091782142,-1.0,-1.0411579091782142,-1.0,-1.0411579091782142,36.44499999999971,-1,2026
-1.0,-1.0339789330615015,-1.0,-1.0339789330615015,-1.0,-1.0339789330615015,44.14500000000044,-1,2026
-1.0,-1.0339789330615015,-1.0,-1.0339789330615015,-1.0,-1.0339789330615015,44.14500000000044,-1,2026
-1.0,-1.0227614148495465,0.0,-0.022761414849546475,0.0,-0.022761414849546475,65.90100000000166,-1,2026
-1.0,-1.0502041635986334,-1.0,-1.0502041635986334,-1.0,-1.0502041635986334,29.87800000000061,1,2026
-1.0,-1.1039068994181105,-1.0,-1.1039068994181105,-1.0,-1.1039068994181105,14.436000000001513,-1,2026
2.0,1.971608116293155,2.0,1.971608116293155,1.6,1.571608116293155,52.831999999998516,1,2026
2.0,1.9200682084621108,2.0,1.9200682084621108,1.6,1.5200682084621109,18.76599999999962,1,2026
-1.0,-1.131833362629629,-1.0,-1.131833362629629,-1.0,-1.131833362629629,11.378000000000611,1,2026
-1.0,-1.016363933889707,-1.0,-1.016363933889707,-1.0,-1.016363933889707,91.66500000000087,1,2026
-1.0,-1.0684650143776429,-1.0,-1.0684650143776429,-1.0,-1.0684650143776429,21.90900000000329,-1,2026
-1.0,-1.026136957658129,0.0,-0.02613695765812886,0.0,-0.02613695765812886,57.38999999999942,1,2026
-1.0,-1.0402511672838477,-1.0,-1.0402511672838477,-1.0,-1.0402511672838477,37.26600000000326,1,2026
2.0,1.9220049916805324,2.0,1.9220049916805324,2.0,1.9220049916805324,19.23199999999997,1,2026
2.0,1.9880784912138476,2.0,1.9880784912138476,2.0,1.9880784912138476,125.82299999999668,-1,2026
2.0,1.9880784912138476,2.0,1.9880784912138476,2.0,1.9880784912138476,125.82299999999668,-1,2026
2.0,1.9572393739844325,0.0,-0.042760626015567425,0.0,-0.042760626015567425,35.078999999997905,-1,2026
2.0,1.9572393739844325,0.0,-0.042760626015567425,0.0,-0.042760626015567425,35.078999999997905,-1,2026
2.0,1.9572393739844325,0.0,-0.042760626015567425,0.0,-0.042760626015567425,35.078999999997905,-1,2026
-1.0,-1.1126802884615548,-1.0,-1.1126802884615548,-1.0,-1.1126802884615548,13.31199999999808,1,2026
-1.0,-1.1126802884615548,-1.0,-1.1126802884615548,-1.0,-1.1126802884615548,13.31199999999808,1,2026
-1.0,-1.1126802884615548,-1.0,-1.1126802884615548,-1.0,-1.1126802884615548,13.31199999999808,1,2026
-1.0,-1.0246751110379992,-1.0,-1.0246751110379992,-1.0,-1.0246751110379992,60.79000000000087,-1,2026
-1.0,-1.0108121355409312,-1.0,-1.0108121355409312,-1.0,-1.0108121355409312,138.73300000000017,1,2026
-1.0,-1.042760626015563,-1.0,-1.042760626015563,-1.0,-1.042760626015563,35.07900000000154,-1,2026
-1.0,-1.042760626015563,-1.0,-1.042760626015563,-1.0,-1.042760626015563,35.07900000000154,-1,2026
-1.0,-1.042760626015563,-1.0,-1.042760626015563,-1.0,-1.042760626015563,35.07900000000154,-1,2026
2.0,1.869428969359345,0.0,-0.13057103064065495,0.0,-0.13057103064065495,11.488000000001193,1,2026
-1.0,-1.1216051884880507,-1.0,-1.1216051884880507,-1.0,-1.1216051884880507,12.334999999999127,1,2026
2.0,1.9680409076382215,2.0,1.9680409076382215,2.0,1.9680409076382215,46.93499999999767,-1,2026
-1.0,-1.0415523975733376,-1.0,-1.0415523975733376,-1.0,-1.0415523975733376,36.09900000000198,1,2026
-1.0,-1.0835003340013363,-1.0,-1.0835003340013363,-1.0,-1.0835003340013363,17.963999999999942,-1,2026
2.0,1.9601403061224505,2.0,1.9601403061224505,1.6,1.5601403061224506,37.632000000001426,-1,2026
-1.0,-1.0496507894475533,-1.0,-1.0496507894475533,-1.0,-1.0496507894475533,30.21099999999933,1,2026
-1.0,-1.032041696928268,-1.0,-1.032041696928268,-1.0,-1.032041696928268,46.814000000002125,-1,2026
-1.0,-1.0161789608792726,-1.0,-1.0161789608792726,-1.0,-1.0161789608792726,92.71299999999974,1,2026
-1.0,-1.0133280021324806,-1.0,-1.0133280021324806,-1.0,-1.0133280021324806,112.54499999999825,-1,2026
-1.0,-1.0133280021324806,-1.0,-1.0133280021324806,-1.0,-1.0133280021324806,112.54499999999825,-1,2026
-1.0,-1.0133280021324806,-1.0,-1.0133280021324806,-1.0,-1.0133280021324806,112.54499999999825,-1,2026
2.0,1.9427961253908885,2.0,1.9427961253908885,2.0,1.9427961253908885,26.221999999997934,1,2026
-1.0,-1.0791807432432452,-1.0,-1.0791807432432452,-1.0,-1.0791807432432452,18.943999999999505,1,2026
-1.0,-1.0867603678639564,-1.0,-1.0867603678639564,-1.0,-1.0867603678639564,17.28900000000067,-1,2026
-1.0,-1.0996346728661555,-1.0,-1.0996346728661555,-1.0,-1.0996346728661555,15.055000000000291,-1,2026
