RA,nA,RB,nB,RC,nC,rgo,lado,anio
2.0,1.8974358974358998,0.0,-0.10256410256410017,0.0,-0.10256410256410017,195.00000000000455,1,2023
-1.0,-1.1142857142857143,0.0,-0.1142857142857143,0.0,-0.1142857142857143,175.0,1,2023
-1.0,-1.1142857142857143,0.0,-0.1142857142857143,0.0,-0.1142857142857143,175.0,1,2023
2.0,1.8876404494382149,2.0,1.8876404494382149,2.0,1.8876404494382149,178.00000000002,1,2023
2.0,1.8876404494382149,2.0,1.8876404494382149,2.0,1.8876404494382149,178.00000000002,1,2023
2.0,1.8558038932948753,0.0,-0.14419610670512484,0.0,-0.14419610670512484,138.69999999999436,-1,2023
-1.0,-1.4255319148935923,-1.0,-1.4255319148935923,-1.0,-1.4255319148935923,47.00000000000273,1,2023
-1.0,-1.4255319148935923,-1.0,-1.4255319148935923,-1.0,-1.4255319148935923,47.00000000000273,1,2023
-1.0,-1.0709219858156045,-1.0,-1.0709219858156045,-1.0,-1.0709219858156045,281.99999999999363,-1,2023
-1.0,-1.3389830508475047,-1.0,-1.3389830508475047,-1.0,-1.3389830508475047,58.999999999991815,1,2023
-1.0,-1.1382170006910957,-1.0,-1.1382170006910957,-1.0,-1.1382170006910957,144.6999999999889,-1,2023
-1.0,-1.227272727272699,-1.0,-1.227272727272699,-1.0,-1.227272727272699,88.00000000001091,-1,2023
2.0,1.9008428358948959,2.0,1.9008428358948959,2.0,1.9008428358948959,201.70000000000528,1,2023
2.0,1.722222222222145,2.0,1.722222222222145,2.4972222222224767,2.2194444444446217,71.99999999997999,-1,2023
2.0,1.722222222222145,2.0,1.722222222222145,2.4972222222224767,2.2194444444446217,71.99999999997999,-1,2023
-1.0,-1.1980198019801997,-1.0,-1.1980198019801997,-1.0,-1.1980198019801997,100.99999999999909,-1,2023
2.0,1.677419354838653,2.0,1.677419354838653,3.174193548387409,2.851612903226062,61.999999999989086,-1,2023
-1.0,-1.3389830508473741,-1.0,-1.3389830508473741,-1.0,-1.3389830508473741,59.00000000001455,-1,2023
-1.0,-1.1863932898415892,-1.0,-1.1863932898415892,-1.0,-1.1863932898415892,107.29999999998654,1,2023
2.0,1.6825396825396228,2.0,1.6825396825396228,1.6,1.282539682539623,62.99999999998818,1,2023
-1.0,-1.0527704485488132,0.0,-0.05277044854881317,0.0,-0.05277044854881317,378.99999999999636,1,2023
2.0,1.8449612403101006,2.0,1.8449612403101006,2.0,1.8449612403101006,129.0000000000191,1,2023
-1.0,-1.147058823529398,-1.0,-1.147058823529398,-1.0,-1.147058823529398,136.00000000001273,-1,2023
-1.0,-1.0865800865800885,0.0,-0.08658008658008863,0.0,-0.08658008658008863,230.99999999999454,1,2023
2.0,1.8532648569332415,0.0,-0.14673514306675842,0.0,-0.14673514306675842,136.30000000000564,1,2023
2.0,1.8260869565217184,2.0,1.8260869565217184,2.0,1.8260869565217184,114.99999999998636,-1,2023
2.0,1.8260869565217184,2.0,1.8260869565217184,2.0,1.8260869565217184,114.99999999998636,-1,2023
2.0,1.8260869565217184,2.0,1.8260869565217184,2.0,1.8260869565217184,114.99999999998636,-1,2023
-1.0,-1.5665722379606,-1.0,-1.5665722379606,-1.0,-1.5665722379606,35.29999999998381,1,2023
-1.0,-1.5665722379606,-1.0,-1.5665722379606,-1.0,-1.5665722379606,35.29999999998381,1,2023
-1.0,-1.2055498458376248,0.0,-0.20554984583762487,0.0,-0.20554984583762487,97.29999999999563,-1,2023
2.0,1.8905309250136835,2.0,1.8905309250136835,2.0,1.8905309250136835,182.69999999999982,1,2023
-1.0,-1.147058823529398,-1.0,-1.147058823529398,-1.0,-1.147058823529398,136.00000000001273,1,2023
-1.0,-1.2439024390244091,-1.0,-1.2439024390244091,-1.0,-1.2439024390244091,81.99999999999363,-1,2023
-1.0,-1.1065530101225387,-1.0,-1.1065530101225387,-1.0,-1.1065530101225387,187.69999999999527,1,2023
2.0,1.5717344753748224,2.0,1.5717344753748224,1.6,1.1717344753748224,46.70000000000982,1,2023
-1.0,-1.322580645161347,0.0,-0.3225806451613471,0.0,-0.3225806451613471,61.999999999989086,-1,2023
-1.0,-1.322580645161347,0.0,-0.3225806451613471,0.0,-0.3225806451613471,61.999999999989086,-1,2023
2.0,1.8342999171499732,2.0,1.8342999171499732,2.0,1.8342999171499732,120.70000000001073,1,2023
2.0,1.8342999171499732,2.0,1.8342999171499732,2.0,1.8342999171499732,120.70000000001073,1,2023
2.0,1.7435897435897347,2.0,1.7435897435897347,1.6,1.3435897435897348,77.99999999999727,1,2023
2.0,1.705882352941204,2.0,1.705882352941204,1.6,1.305882352941204,68.00000000000637,-1,2023
2.0,1.705882352941204,2.0,1.705882352941204,1.6,1.305882352941204,68.00000000000637,-1,2023
-1.0,-1.1874414245548253,0.0,-0.18744142455482535,0.0,-0.18744142455482535,106.70000000000073,-1,2023
-1.0,-1.3636363636363937,-1.0,-1.3636363636363937,-1.0,-1.3636363636363937,54.99999999999545,1,2023
-1.0,-1.3636363636363937,-1.0,-1.3636363636363937,-1.0,-1.3636363636363937,54.99999999999545,1,2023
2.0,1.7222222222222328,2.0,1.7222222222222328,2.4880555555554915,2.2102777777777245,72.00000000000273,-1,2023
-1.0,-1.3448275862069399,-1.0,-1.3448275862069399,-1.0,-1.3448275862069399,57.999999999992724,1,2023
2.0,1.9148936170212734,2.0,1.9148936170212734,2.0,1.9148936170212734,234.9999999999909,1,2023
-1.0,-1.244798041615665,-1.0,-1.244798041615665,-1.0,-1.244798041615665,81.70000000000073,1,2023
2.0,1.6610169491524953,0.0,-0.3389830508475047,0.0,-0.3389830508475047,58.999999999991815,1,2023
-1.0,-1.4166666666668482,-1.0,-1.4166666666668482,-1.0,-1.4166666666668482,47.99999999997908,-1,2023
2.0,1.8863636363636358,0.0,-0.11363636363636423,0.0,-0.11363636363636423,175.9999999999991,-1,2023
2.0,1.6240601503758871,0.0,-0.37593984962411287,0.0,-0.37593984962411287,53.19999999999254,-1,2023
2.0,1.8319327731092514,0.0,-0.1680672268907486,0.0,-0.1680672268907486,119.00000000000546,-1,2023
2.0,1.927193301783766,2.0,1.927193301783766,2.0,1.927193301783766,274.7000000000071,-1,2023
-1.0,-1.298507462686636,-1.0,-1.298507462686636,-1.0,-1.298507462686636,66.99999999998454,1,2023
-1.0,-1.2439024390244091,0.0,-0.2439024390244092,0.0,-0.2439024390244092,81.99999999999363,-1,2023
-1.0,-1.4878048780486832,-1.0,-1.4878048780486832,-1.0,-1.4878048780486832,41.000000000008185,1,2023
-1.0,-1.1587301587301313,-1.0,-1.1587301587301313,-1.0,-1.1587301587301313,126.00000000002183,1,2023
-1.0,-1.1136363636363642,-1.0,-1.1136363636363642,-1.0,-1.1136363636363642,175.9999999999991,1,2023
-1.0,-1.1136363636363642,-1.0,-1.1136363636363642,-1.0,-1.1136363636363642,175.9999999999991,1,2023
-1.0,-1.281690140845056,-1.0,-1.281690140845056,-1.0,-1.281690140845056,71.00000000000364,1,2023
-1.0,-1.2006018054162801,0.0,-0.20060180541628023,0.0,-0.20060180541628023,99.69999999998436,-1,2023
-1.0,-1.1823154056517808,-1.0,-1.1823154056517808,-1.0,-1.1823154056517808,109.699999999998,-1,2023
2.0,1.61538461538477,0.0,-0.3846153846152299,0.0,-0.3846153846152299,52.00000000002092,-1,2023
-1.0,-1.3350083752093915,-1.0,-1.3350083752093915,-1.0,-1.3350083752093915,59.699999999998,1,2023
-1.0,-1.4255319148935923,-1.0,-1.4255319148935923,-1.0,-1.4255319148935923,47.00000000000273,-1,2023
-1.0,-1.0787401574803162,-1.0,-1.0787401574803162,-1.0,-1.0787401574803162,253.99999999999636,1,2023
-1.0,-1.0787401574803162,-1.0,-1.0787401574803162,-1.0,-1.0787401574803162,253.99999999999636,1,2023
-1.0,-1.0787401574803162,-1.0,-1.0787401574803162,-1.0,-1.0787401574803162,253.99999999999636,1,2023
2.0,1.909090909090911,2.0,1.909090909090911,2.0,1.909090909090911,220.00000000000455,-1,2023
2.0,1.909090909090911,2.0,1.909090909090911,2.0,1.909090909090911,220.00000000000455,-1,2023
-1.0,-1.161290322580644,-1.0,-1.161290322580644,-1.0,-1.161290322580644,124.00000000000091,-1,2023
-1.0,-1.3795066413661925,0.0,-0.3795066413661925,0.0,-0.3795066413661925,52.700000000004366,1,2023
-1.0,-1.16,0.0,-0.16,0.0,-0.16,125.0,1,2023
-1.0,-1.2143622722400873,0.0,-0.21436227224008741,0.0,-0.21436227224008741,93.29999999999927,1,2023
-1.0,-1.0843881856540123,0.0,-0.08438818565401233,0.0,-0.08438818565401233,236.9999999999891,1,2023
-1.0,-1.0843881856540123,0.0,-0.08438818565401233,0.0,-0.08438818565401233,236.9999999999891,1,2023
2.0,1.6969696969696302,2.0,1.6969696969696302,1.6,1.2969696969696303,65.99999999998545,-1,2023
-1.0,-1.0953743443013735,0.0,-0.0953743443013735,0.0,-0.0953743443013735,209.70000000002074,-1,2023
-1.0,-1.0953743443013735,0.0,-0.0953743443013735,0.0,-0.0953743443013735,209.70000000002074,-1,2023
2.0,1.7468354430379631,2.0,1.7468354430379631,1.6,1.3468354430379632,78.99999999999636,-1,2023
2.0,1.7468354430379631,2.0,1.7468354430379631,1.6,1.3468354430379632,78.99999999999636,-1,2023
-1.0,-1.3448275862068046,0.0,-0.34482758620680465,0.0,-0.34482758620680465,58.00000000001546,1,2023
-1.0,-1.3861003861003645,-1.0,-1.3861003861003645,-1.0,-1.3861003861003645,51.80000000000291,-1,2023
-1.0,-1.3861003861003645,-1.0,-1.3861003861003645,-1.0,-1.3861003861003645,51.80000000000291,-1,2023
-1.0,-1.129870129870133,-1.0,-1.129870129870133,-1.0,-1.129870129870133,153.99999999999636,1,2023
-1.0,-1.129870129870133,-1.0,-1.129870129870133,-1.0,-1.129870129870133,153.99999999999636,1,2023
2.0,1.9224806201550366,2.0,1.9224806201550366,2.0,1.9224806201550366,257.9999999999927,-1,2023
2.0,1.9224806201550366,2.0,1.9224806201550366,2.0,1.9224806201550366,257.9999999999927,-1,2023
2.0,1.7368421052631549,0.0,-0.26315789473684525,0.0,-0.26315789473684525,75.99999999999909,-1,2023
2.0,1.7368421052631549,0.0,-0.26315789473684525,0.0,-0.26315789473684525,75.99999999999909,-1,2023
-1.0,-1.4999999999998863,-1.0,-1.4999999999998863,-1.0,-1.4999999999998863,40.000000000009095,1,2023
-1.0,-1.2898550724637452,0.0,-0.2898550724637452,0.0,-0.2898550724637452,69.00000000000546,-1,2023
2.0,1.6343692870201267,2.0,1.6343692870201267,2.0,1.6343692870201267,54.70000000000255,-1,2023
2.0,1.772727272727301,2.0,1.772727272727301,1.6,1.372727272727301,88.00000000001091,1,2023
2.0,1.8319327731092192,2.0,1.8319327731092192,2.0,1.8319327731092192,118.99999999998272,-1,2023
2.0,1.7938144329896966,0.0,-0.2061855670103035,0.0,-0.2061855670103035,97.00000000000273,-1,2023
-1.0,-1.1538461538461593,0.0,-0.15384615384615924,0.0,-0.15384615384615924,129.99999999999545,-1,2023
-1.0,-1.4444444444443996,-1.0,-1.4444444444443996,-1.0,-1.4444444444443996,45.00000000000455,-1,2023
-1.0,-1.0803212851405692,-1.0,-1.0803212851405692,-1.0,-1.0803212851405692,248.99999999997817,-1,2023
2.0,1.5454545454546018,0.0,-0.4545454545453982,0.0,-0.4545454545453982,44.00000000000546,1,2023
-1.0,-1.3076923076923723,-1.0,-1.3076923076923723,-1.0,-1.3076923076923723,64.99999999998636,1,2023
-1.0,-1.1265822784810002,-1.0,-1.1265822784810002,-1.0,-1.1265822784810002,158.00000000001546,1,2023
2.0,1.7435897435897347,2.0,1.7435897435897347,1.6,1.3435897435897348,77.99999999999727,1,2023
2.0,1.44444444444429,2.0,1.44444444444429,2.0,1.44444444444429,35.999999999989996,1,2023
-1.0,-1.3389830508473741,-1.0,-1.3389830508473741,-1.0,-1.3389830508473741,59.00000000001455,1,2023
-1.0,-1.3389830508473741,-1.0,-1.3389830508473741,-1.0,-1.3389830508473741,59.00000000001455,1,2023
-1.0,-1.3466204506065869,-1.0,-1.3466204506065869,-1.0,-1.3466204506065869,57.69999999999982,1,2023
-1.0,-1.2127659574467962,-1.0,-1.2127659574467962,-1.0,-1.2127659574467962,94.00000000000546,1,2023
-1.0,-1.2325581395348493,0.0,-0.2325581395348493,0.0,-0.2325581395348493,86.00000000001273,-1,2023
-1.0,-1.2325581395348493,0.0,-0.2325581395348493,0.0,-0.2325581395348493,86.00000000001273,-1,2023
-1.0,-1.3490401396159992,0.0,-0.34904013961599933,0.0,-0.34904013961599933,57.30000000000928,1,2023
2.0,1.8437499999999967,0.0,-0.15625000000000333,0.0,-0.15625000000000333,127.99999999999727,1,2023
-1.0,-1.9523809523807873,0.0,-0.9523809523807875,0.0,-0.9523809523807875,21.000000000003638,-1,2023
-1.0,-1.4255319148935923,-1.0,-1.4255319148935923,-1.0,-1.4255319148935923,47.00000000000273,1,2023
-1.0,-1.09569377990431,-1.0,-1.09569377990431,-1.0,-1.09569377990431,208.99999999999181,1,2023
-1.0,-1.2739726027397191,-1.0,-1.2739726027397191,-1.0,-1.2739726027397191,73.00000000000182,-1,2023
2.0,1.6874999999999378,2.0,1.6874999999999378,1.6,1.287499999999938,63.99999999998727,1,2023
-1.0,-1.2597402597402658,-1.0,-1.2597402597402658,-1.0,-1.2597402597402658,76.99999999999818,-1,2023
-1.0,-2.428571428570408,-1.0,-2.428571428570408,-1.0,-2.428571428570408,14.000000000010004,-1,2023
-1.0,-1.2857142857142672,-1.0,-1.2857142857142672,-1.0,-1.2857142857142672,70.00000000000455,1,2023
-1.0,-1.2857142857142672,-1.0,-1.2857142857142672,-1.0,-1.2857142857142672,70.00000000000455,1,2023
-1.0,-1.2857142857142672,-1.0,-1.2857142857142672,-1.0,-1.2857142857142672,70.00000000000455,1,2023
-1.0,-1.3030303030303698,-1.0,-1.3030303030303698,-1.0,-1.3030303030303698,65.99999999998545,-1,2023
-1.0,-1.3110419906687263,-1.0,-1.3110419906687263,-1.0,-1.3110419906687263,64.30000000000291,1,2023
-1.0,-1.3110419906687263,-1.0,-1.3110419906687263,-1.0,-1.3110419906687263,64.30000000000291,1,2023
2.0,1.5085995085994186,2.0,1.5085995085994186,2.0,1.5085995085994186,40.69999999999254,1,2023
-1.0,-1.1980198019801997,-1.0,-1.1980198019801997,-1.0,-1.1980198019801997,100.99999999999909,1,2023
-1.0,-1.3389830508475047,-1.0,-1.3389830508475047,-1.0,-1.3389830508475047,58.999999999991815,1,2023
-1.0,-1.2298850574712932,-1.0,-1.2298850574712932,-1.0,-1.2298850574712932,86.99999999998909,-1,2023
-1.0,-1.11627906976744,0.0,-0.11627906976744003,0.0,-0.11627906976744003,172.00000000000273,1,2023
-1.0,-1.11627906976744,0.0,-0.11627906976744003,0.0,-0.11627906976744003,172.00000000000273,1,2023
2.0,1.8428908091123222,2.0,1.8428908091123222,1.6,1.4428908091123223,127.29999999999109,-1,2023
2.0,1.8428908091123222,2.0,1.8428908091123222,1.6,1.4428908091123223,127.29999999999109,-1,2023
2.0,1.8428908091123222,2.0,1.8428908091123222,1.6,1.4428908091123223,127.29999999999109,-1,2023
2.0,1.759036144578292,2.0,1.759036144578292,2.0,1.759036144578292,82.99999999999272,-1,2023
-1.0,-1.2564102564102653,-1.0,-1.2564102564102653,-1.0,-1.2564102564102653,77.99999999999727,-1,2023
-1.0,-1.8583690987126409,-1.0,-1.8583690987126409,-1.0,-1.8583690987126409,23.299999999994725,1,2023
2.0,1.5744680851062018,2.0,1.5744680851062018,1.6,1.174468085106202,46.99999999997999,-1,2023
2.0,1.8859749144811946,2.0,1.8859749144811946,2.0,1.8859749144811946,175.40000000001328,1,2023
2.0,1.8428908091123222,2.0,1.8428908091123222,1.6,1.4428908091123223,127.29999999999109,-1,2023
2.0,1.8428908091123222,2.0,1.8428908091123222,1.6,1.4428908091123223,127.29999999999109,-1,2023
-1.0,-1.1418439716311974,0.0,-0.14184397163119744,0.0,-0.14184397163119744,141.00000000000819,1,2023
-1.0,-1.1418439716311974,0.0,-0.14184397163119744,0.0,-0.14184397163119744,141.00000000000819,1,2023
-1.0,-1.1351351351351335,-1.0,-1.1351351351351335,-1.0,-1.1351351351351335,148.00000000000182,1,2023
2.0,1.9319727891156422,2.0,1.9319727891156422,2.0,1.9319727891156422,293.9999999999827,1,2023
-1.0,-1.085836909871239,-1.0,-1.085836909871239,-1.0,-1.085836909871239,233.00000000001546,1,2023
-1.0,-1.0662251655629142,-1.0,-1.0662251655629142,-1.0,-1.0662251655629142,301.9999999999982,1,2023
-1.0,-1.1265822784810184,-1.0,-1.1265822784810184,-1.0,-1.1265822784810184,157.99999999999272,1,2023
2.0,1.892530897367013,2.0,1.892530897367013,2.0,1.892530897367013,186.10000000001037,1,2023
2.0,1.8425196850393677,2.0,1.8425196850393677,2.0,1.8425196850393677,126.99999999999818,1,2023
-1.0,-1.391389432485348,0.0,-0.391389432485348,0.0,-0.391389432485348,51.099999999996726,1,2023
-1.0,-1.2020202020202002,-1.0,-1.2020202020202002,-1.0,-1.2020202020202002,99.00000000000091,1,2023
-1.0,-1.3656307129798733,0.0,-0.3656307129798733,0.0,-0.3656307129798733,54.70000000000255,1,2023
-1.0,-1.3656307129798733,0.0,-0.3656307129798733,0.0,-0.3656307129798733,54.70000000000255,1,2023
-1.0,-1.3656307129798733,0.0,-0.3656307129798733,0.0,-0.3656307129798733,54.70000000000255,1,2023
-1.0,-1.123456790123465,-1.0,-1.123456790123465,-1.0,-1.123456790123465,161.9999999999891,-1,2023
2.0,1.7916666666666745,2.0,1.7916666666666745,1.6,1.3916666666666746,96.00000000000364,1,2023
-1.0,-1.3795066413663561,-1.0,-1.3795066413663561,-1.0,-1.3795066413663561,52.69999999998163,1,2023
-1.0,-1.235294117647084,0.0,-0.23529411764708402,0.0,-0.23529411764708402,84.9999999999909,1,2023
-1.0,-1.0836820083682053,-1.0,-1.0836820083682053,-1.0,-1.0836820083682053,238.99999999998727,-1,2023
2.0,1.7888067581837133,2.0,1.7888067581837133,2.0,1.7888067581837133,94.6999999999889,1,2023
2.0,1.7674418604651507,2.0,1.7674418604651507,1.6,1.3674418604651508,86.00000000001273,1,2023
-1.0,-1.5128205128203813,-1.0,-1.5128205128203813,-1.0,-1.5128205128203813,39.000000000010004,-1,2023
-1.0,-1.2597402597402658,0.0,-0.2597402597402659,0.0,-0.2597402597402659,76.99999999999818,-1,2023
-1.0,-1.6006006006004498,-1.0,-1.6006006006004498,-1.0,-1.6006006006004498,33.30000000000837,1,2023
-1.0,-1.105820105820113,-1.0,-1.105820105820113,-1.0,-1.105820105820113,188.99999999998727,-1,2023
-1.0,-1.105820105820113,-1.0,-1.105820105820113,-1.0,-1.105820105820113,188.99999999998727,-1,2023
2.0,1.583333333333349,2.0,1.583333333333349,1.6,1.1833333333333491,48.00000000000182,1,2023
2.0,1.583333333333349,2.0,1.583333333333349,1.6,1.1833333333333491,48.00000000000182,1,2023
-1.0,-1.2361275088547872,0.0,-0.23612750885478717,0.0,-0.23612750885478717,84.699999999998,-1,2023
-1.0,-1.4255319148935923,-1.0,-1.4255319148935923,-1.0,-1.4255319148935923,47.00000000000273,1,2023
-1.0,-1.235294117647084,0.0,-0.23529411764708402,0.0,-0.23529411764708402,84.9999999999909,1,2023
-1.0,-1.322580645161347,-1.0,-1.322580645161347,-1.0,-1.322580645161347,61.999999999989086,1,2023
-1.0,-1.3466204506065869,-1.0,-1.3466204506065869,-1.0,-1.3466204506065869,57.69999999999982,-1,2023
2.0,1.8550724637681035,2.0,1.8550724637681035,1.6,1.4550724637681036,137.99999999998818,1,2023
2.0,1.8550724637681035,2.0,1.8550724637681035,1.6,1.4550724637681036,137.99999999998818,1,2023
-1.0,-1.1081081081081134,-1.0,-1.1081081081081134,-1.0,-1.1081081081081134,184.9999999999909,1,2023
-1.0,-1.3030303030303698,-1.0,-1.3030303030303698,-1.0,-1.3030303030303698,65.99999999998545,-1,2023
-1.0,-1.2006018054162344,-1.0,-1.2006018054162344,-1.0,-1.2006018054162344,99.7000000000071,-1,2023
2.0,1.3939393939392604,2.0,1.3939393939392604,2.0,1.3939393939392604,32.999999999992724,1,2023
-1.0,-1.3448275862068046,-1.0,-1.3448275862068046,-1.0,-1.3448275862068046,58.00000000001546,1,2023
-1.0,-1.1680672268907808,-1.0,-1.1680672268907808,-1.0,-1.1680672268907808,118.99999999998272,-1,2023
2.0,1.4832041343671534,2.0,1.4832041343671534,1.6,1.0832041343671535,38.7000000000171,1,2023
-1.0,-1.4106776180699394,-1.0,-1.4106776180699394,-1.0,-1.4106776180699394,48.699999999985266,-1,2023
-1.0,-1.4106776180699394,-1.0,-1.4106776180699394,-1.0,-1.4106776180699394,48.699999999985266,-1,2023
-1.0,-1.4106776180699394,-1.0,-1.4106776180699394,-1.0,-1.4106776180699394,48.699999999985266,-1,2023
2.0,0.9999999999990905,2.0,0.9999999999990905,1.6,0.5999999999990906,19.99999999998181,1,2023
2.0,0.9999999999990905,2.0,0.9999999999990905,1.6,0.5999999999990906,19.99999999998181,1,2023
2.0,0.9999999999990905,2.0,0.9999999999990905,1.6,0.5999999999990906,19.99999999998181,1,2023
-1.0,-1.2040816326530575,-1.0,-1.2040816326530575,-1.0,-1.2040816326530575,98.00000000000182,1,2023
-1.0,-1.2040816326530575,-1.0,-1.2040816326530575,-1.0,-1.2040816326530575,98.00000000000182,1,2023
-1.0,-1.2040816326530575,-1.0,-1.2040816326530575,-1.0,-1.2040816326530575,98.00000000000182,1,2023
-1.0,-1.2040816326530575,-1.0,-1.2040816326530575,-1.0,-1.2040816326530575,98.00000000000182,1,2023
2.0,1.6131528046422057,0.0,-0.3868471953577942,0.0,-0.3868471953577942,51.700000000005275,-1,2023
-1.0,-1.484261501210641,-1.0,-1.484261501210641,-1.0,-1.484261501210641,41.30000000000109,-1,2023
-1.0,-1.1638001638001634,-1.0,-1.1638001638001634,-1.0,-1.1638001638001634,122.10000000000036,1,2023
-1.0,-1.5882352941177889,-1.0,-1.5882352941177889,-1.0,-1.5882352941177889,33.999999999991815,1,2023
-1.0,-1.5882352941177889,-1.0,-1.5882352941177889,-1.0,-1.5882352941177889,33.999999999991815,1,2023
-1.0,-1.5882352941177889,-1.0,-1.5882352941177889,-1.0,-1.5882352941177889,33.999999999991815,1,2023
-1.0,-1.294117647058796,-1.0,-1.294117647058796,-1.0,-1.294117647058796,68.00000000000637,-1,2023
2.0,1.6627318718381536,2.0,1.6627318718381536,1.6,1.2627318718381537,59.30000000000746,1,2023
2.0,1.6627318718381536,2.0,1.6627318718381536,1.6,1.2627318718381537,59.30000000000746,1,2023
-1.0,-1.2055498458376248,-1.0,-1.2055498458376248,-1.0,-1.2055498458376248,97.29999999999563,-1,2023
-1.0,-1.2055498458376248,-1.0,-1.2055498458376248,-1.0,-1.2055498458376248,97.29999999999563,-1,2023
-1.0,-1.2020202020202002,0.0,-0.20202020202020018,0.0,-0.20202020202020018,99.00000000000091,-1,2023
-1.0,-1.3795066413661925,0.0,-0.3795066413661925,0.0,-0.3795066413661925,52.700000000004366,1,2023
2.0,1.733688415446144,2.0,1.733688415446144,2.0,1.733688415446144,75.10000000002037,-1,2023
-1.0,-1.8,0.0,-0.8,0.0,-0.8,25.0,1,2023
-1.0,-1.0634920634920617,0.0,-0.06349206349206166,0.0,-0.06349206349206166,315.0000000000091,-1,2023
2.0,1.696509863429487,2.0,1.696509863429487,2.0,1.696509863429487,65.90000000001055,-1,2023
2.0,1.696509863429487,2.0,1.696509863429487,2.0,1.696509863429487,65.90000000001055,-1,2023
-1.0,-1.1351351351351335,-1.0,-1.1351351351351335,-1.0,-1.1351351351351335,148.00000000000182,-1,2023
-1.0,-1.1562500000000033,-1.0,-1.1562500000000033,-1.0,-1.1562500000000033,127.99999999999727,1,2023
2.0,0.9473684210529338,2.0,0.9473684210529338,1.6,0.5473684210529339,19.000000000005457,-1,2023
-1.0,-1.5405405405407,-1.0,-1.5405405405407,-1.0,-1.5405405405407,36.999999999989086,1,2023
-1.0,-1.1960784313725525,0.0,-0.19607843137255251,0.0,-0.19607843137255251,101.99999999999818,-1,2023
-1.0,-1.1052077853761142,0.0,-0.10520778537611411,0.0,-0.10520778537611411,190.10000000000673,-1,2023
-1.0,-1.1052077853761142,0.0,-0.10520778537611411,0.0,-0.10520778537611411,190.10000000000673,-1,2023
-1.0,-1.1834862385321239,-1.0,-1.1834862385321239,-1.0,-1.1834862385321239,108.99999999999181,-1,2023
-1.0,-1.2,-1.0,-1.2,-1.0,-1.2,100.0,-1,2023
-1.0,-1.1774622892635032,-1.0,-1.1774622892635032,-1.0,-1.1774622892635032,112.70000000001801,1,2023
-1.0,-1.1680672268907486,-1.0,-1.1680672268907486,-1.0,-1.1680672268907486,119.00000000000546,-1,2023
-1.0,-1.0909090909090984,0.0,-0.09090909090909843,0.0,-0.09090909090909843,219.9999999999818,-1,2023
-1.0,-1.3448275862069399,0.0,-0.3448275862069398,0.0,-0.3448275862069398,57.999999999992724,-1,2023
2.0,1.8865570051049296,2.0,1.8865570051049296,2.0,1.8865570051049296,176.299999999992,1,2023
-1.0,-1.3616636528029695,-1.0,-1.3616636528029695,-1.0,-1.3616636528029695,55.29999999998836,-1,2023
-1.0,-1.0675675675675667,-1.0,-1.0675675675675667,-1.0,-1.0675675675675667,296.00000000000364,1,2023
-1.0,-1.2663115845539366,-1.0,-1.2663115845539366,-1.0,-1.2663115845539366,75.09999999999764,-1,2023
-1.0,-1.1657000828500268,-1.0,-1.1657000828500268,-1.0,-1.1657000828500268,120.70000000001073,1,2023
-1.0,-1.1657000828500268,-1.0,-1.1657000828500268,-1.0,-1.1657000828500268,120.70000000001073,1,2023
-1.0,-1.1869158878504784,-1.0,-1.1869158878504784,-1.0,-1.1869158878504784,106.99999999999363,1,2023
-1.0,-1.1869158878504784,-1.0,-1.1869158878504784,-1.0,-1.1869158878504784,106.99999999999363,1,2023
-1.0,-1.1869158878504784,-1.0,-1.1869158878504784,-1.0,-1.1869158878504784,106.99999999999363,1,2023
2.0,1.672131147541052,2.0,1.672131147541052,1.6,1.2721311475410522,61.00000000001273,1,2023
2.0,1.672131147541052,2.0,1.672131147541052,1.6,1.2721311475410522,61.00000000001273,1,2023
-1.0,-1.281690140845056,-1.0,-1.281690140845056,-1.0,-1.281690140845056,71.00000000000364,-1,2023
-1.0,-1.281690140845056,-1.0,-1.281690140845056,-1.0,-1.281690140845056,71.00000000000364,-1,2023
-1.0,-1.2389486260454035,-1.0,-1.2389486260454035,-1.0,-1.2389486260454035,83.69999999999891,-1,2023
2.0,1.9173553719008212,2.0,1.9173553719008212,2.0,1.9173553719008212,241.99999999998454,1,2023
2.0,1.9173553719008212,2.0,1.9173553719008212,2.0,1.9173553719008212,241.99999999998454,1,2023
-1.0,-1.1740644038293995,-1.0,-1.1740644038293995,-1.0,-1.1740644038293995,114.90000000001146,1,2023
-1.0,-1.1740644038293995,-1.0,-1.1740644038293995,-1.0,-1.1740644038293995,114.90000000001146,1,2023
-1.0,-1.069204152249138,-1.0,-1.069204152249138,-1.0,-1.069204152249138,288.99999999998727,1,2023
2.0,1.8540145985401586,2.0,1.8540145985401586,1.6,1.4540145985401587,137.00000000001182,-1,2023
-1.0,-1.3846153846153981,-1.0,-1.3846153846153981,-1.0,-1.3846153846153981,51.99999999999818,-1,2023
-1.0,-1.3846153846153981,-1.0,-1.3846153846153981,-1.0,-1.3846153846153981,51.99999999999818,-1,2023
2.0,1.9275362318840576,2.0,1.9275362318840576,2.0,1.9275362318840576,275.9999999999991,1,2023
-1.0,-1.1492537313432674,0.0,-0.1492537313432674,0.0,-0.1492537313432674,134.00000000001455,-1,2023
-1.0,-1.1492537313432674,0.0,-0.1492537313432674,0.0,-0.1492537313432674,134.00000000001455,-1,2023
-1.0,-1.1492537313432674,0.0,-0.1492537313432674,0.0,-0.1492537313432674,134.00000000001455,-1,2023
2.0,1.6923076923077354,2.0,1.6923076923077354,1.6,1.2923076923077355,65.0000000000091,1,2023
-1.0,-1.573065902578907,0.0,-0.5730659025789071,0.0,-0.5730659025789071,34.89999999999327,1,2023
2.0,1.8426435877261946,0.0,-0.15735641227380534,0.0,-0.15735641227380534,127.09999999999582,-1,2023
-1.0,-1.1869158878504784,-1.0,-1.1869158878504784,-1.0,-1.1869158878504784,106.99999999999363,-1,2023
-1.0,-1.1869158878504784,-1.0,-1.1869158878504784,-1.0,-1.1869158878504784,106.99999999999363,-1,2023
-1.0,-1.1241464928615688,-1.0,-1.1241464928615688,-1.0,-1.1241464928615688,161.10000000001037,-1,2023
-1.0,-1.1241464928615688,-1.0,-1.1241464928615688,-1.0,-1.1241464928615688,161.10000000001037,-1,2023
-1.0,-1.1241464928615688,-1.0,-1.1241464928615688,-1.0,-1.1241464928615688,161.10000000001037,-1,2023
-1.0,-1.4662004662003714,-1.0,-1.4662004662003714,-1.0,-1.4662004662003714,42.90000000000873,1,2023
-1.0,-1.4662004662003714,-1.0,-1.4662004662003714,-1.0,-1.4662004662003714,42.90000000000873,1,2023
2.0,1.7014925373134653,0.0,-0.2985074626865348,0.0,-0.2985074626865348,67.00000000000728,1,2023
-1.0,-1.3846153846153981,-1.0,-1.3846153846153981,-1.0,-1.3846153846153981,51.99999999999818,1,2023
2.0,1.555555555555376,2.0,1.555555555555376,2.0,1.555555555555376,44.99999999998181,1,2023
-1.0,-1.274348422496555,-1.0,-1.274348422496555,-1.0,-1.274348422496555,72.90000000000418,-1,2023
-1.0,-1.4761904761906515,-1.0,-1.4761904761906515,-1.0,-1.4761904761906515,41.99999999998454,-1,2023
-1.0,-1.5405405405407,-1.0,-1.5405405405407,-1.0,-1.5405405405407,36.999999999989086,-1,2023
-1.0,-1.0934579439252292,-1.0,-1.0934579439252292,-1.0,-1.0934579439252292,214.00000000001,-1,2023
-1.0,-1.1282051282051326,-1.0,-1.1282051282051326,-1.0,-1.1282051282051326,155.99999999999454,1,2023
-1.0,-1.3571428571428918,0.0,-0.35714285714289196,0.0,-0.35714285714289196,55.99999999999454,-1,2023
-1.0,-1.1183431952662684,-1.0,-1.1183431952662684,-1.0,-1.1183431952662684,169.00000000000546,-1,2023
-1.0,-1.1183431952662684,-1.0,-1.1183431952662684,-1.0,-1.1183431952662684,169.00000000000546,-1,2023
2.0,1.8425196850393677,2.0,1.8425196850393677,1.6,1.4425196850393678,126.99999999999818,-1,2023
-1.0,-1.4761904761903937,-1.0,-1.4761904761903937,-1.0,-1.4761904761903937,42.000000000007276,1,2023
-1.0,-1.4761904761903937,-1.0,-1.4761904761903937,-1.0,-1.4761904761903937,42.000000000007276,1,2023
2.0,1.8809523809523854,2.0,1.8809523809523854,2.0,1.8809523809523854,168.00000000000637,1,2023
-1.0,-1.20768431983386,-1.0,-1.20768431983386,-1.0,-1.20768431983386,96.29999999999654,1,2023
-1.0,-1.20768431983386,-1.0,-1.20768431983386,-1.0,-1.20768431983386,96.29999999999654,1,2023
-1.0,-1.1190476190476306,-1.0,-1.1190476190476306,-1.0,-1.1190476190476306,167.99999999998363,-1,2023
-1.0,-1.1190476190476306,-1.0,-1.1190476190476306,-1.0,-1.1190476190476306,167.99999999998363,-1,2023
-1.0,-1.2083333333333255,-1.0,-1.2083333333333255,-1.0,-1.2083333333333255,96.00000000000364,-1,2023
-1.0,-1.1212121212121144,-1.0,-1.1212121212121144,-1.0,-1.1212121212121144,165.0000000000091,1,2023
-1.0,-1.1639344262295046,-1.0,-1.1639344262295046,-1.0,-1.1639344262295046,122.00000000000273,1,2023
2.0,1.713055954088907,0.0,-0.286944045911093,0.0,-0.286944045911093,69.6999999999889,-1,2023
-1.0,-1.2127659574468477,-1.0,-1.2127659574468477,-1.0,-1.2127659574468477,93.99999999998272,1,2023
2.0,1.889502762430936,2.0,1.889502762430936,2.0,1.889502762430936,180.99999999999454,-1,2023
2.0,1.6078431372550699,2.0,1.6078431372550699,2.0,1.6078431372550699,51.00000000002183,1,2023
-1.0,-1.1960784313725525,-1.0,-1.1960784313725525,-1.0,-1.1960784313725525,101.99999999999818,-1,2023
-1.0,-1.1960784313725525,-1.0,-1.1960784313725525,-1.0,-1.1960784313725525,101.99999999999818,-1,2023
-1.0,-1.5509641873277382,-1.0,-1.5509641873277382,-1.0,-1.5509641873277382,36.30000000000564,1,2023
-1.0,-1.4962779156327297,-1.0,-1.4962779156327297,-1.0,-1.4962779156327297,40.300000000002,-1,2023
2.0,1.7745208568207298,2.0,1.7745208568207298,1.6,1.3745208568207299,88.69999999999436,-1,2023
-1.0,-1.4914004914005814,0.0,-0.49140049140058145,0.0,-0.49140049140058145,40.69999999999254,1,2023
2.0,1.8347107438016579,0.0,-0.16528925619834214,0.0,-0.16528925619834214,121.00000000000364,-1,2023
-1.0,-1.2989536621823188,-1.0,-1.2989536621823188,-1.0,-1.2989536621823188,66.90000000000964,-1,2023
-1.0,-1.192307692307699,-1.0,-1.192307692307699,-1.0,-1.192307692307699,103.99999999999636,-1,2023
-1.0,-1.2008032128513866,-1.0,-1.2008032128513866,-1.0,-1.2008032128513866,99.60000000000946,1,2023
2.0,1.2,2.0,1.2,2.239999999999964,1.4399999999999638,25.0,1,2023
-1.0,-1.6250000000001243,-1.0,-1.6250000000001243,-1.0,-1.6250000000001243,31.999999999993634,1,2023
2.0,1.7101449275362548,0.0,-0.2898550724637452,0.0,-0.2898550724637452,69.00000000000546,1,2023
2.0,1.9230769230769205,2.0,1.9230769230769205,2.0,1.9230769230769205,259.9999999999909,-1,2023
2.0,1.9230769230769205,2.0,1.9230769230769205,2.0,1.9230769230769205,259.9999999999909,-1,2023
2.0,1.4117647058826046,2.0,1.4117647058826046,1.6,1.0117647058826047,34.00000000001455,-1,2023
2.0,1.4117647058826046,2.0,1.4117647058826046,1.6,1.0117647058826047,34.00000000001455,-1,2023
-1.0,-1.2980625931445386,-1.0,-1.2980625931445386,-1.0,-1.2980625931445386,67.10000000000491,1,2023
-1.0,-1.3773584905660572,0.0,-0.3773584905660572,0.0,-0.3773584905660572,52.99999999999727,-1,2023
2.0,1.7674418604650892,2.0,1.7674418604650892,1.6,1.3674418604650893,85.99999999999,1,2023
-1.0,-1.2666666666666666,-1.0,-1.2666666666666666,-1.0,-1.2666666666666666,75.0,1,2023
2.0,1.9047619047619007,2.0,1.9047619047619007,2.0,1.9047619047619007,209.9999999999909,-1,2023
2.0,1.9047619047619007,2.0,1.9047619047619007,2.0,1.9047619047619007,209.9999999999909,-1,2023
-1.0,-1.5449591280651143,-1.0,-1.5449591280651143,-1.0,-1.5449591280651143,36.70000000001892,1,2023
-1.0,-1.5449591280651143,-1.0,-1.5449591280651143,-1.0,-1.5449591280651143,36.70000000001892,1,2023
-1.0,-1.5128205128203813,-1.0,-1.5128205128203813,-1.0,-1.5128205128203813,39.000000000010004,-1,2023
-1.0,-1.5128205128203813,-1.0,-1.5128205128203813,-1.0,-1.5128205128203813,39.000000000010004,-1,2023
-1.0,-1.5128205128203813,-1.0,-1.5128205128203813,-1.0,-1.5128205128203813,39.000000000010004,-1,2023
-1.0,-1.0657894736842113,0.0,-0.06578947368421131,0.0,-0.06578947368421131,303.99999999999636,1,2023
-1.0,-1.0657894736842113,0.0,-0.06578947368421131,0.0,-0.06578947368421131,303.99999999999636,1,2023
-1.0,-1.0657894736842113,0.0,-0.06578947368421131,0.0,-0.06578947368421131,303.99999999999636,1,2023
-1.0,-1.0938967136150286,-1.0,-1.0938967136150286,-1.0,-1.0938967136150286,212.99999999998818,-1,2023
-1.0,-1.0938967136150286,-1.0,-1.0938967136150286,-1.0,-1.0938967136150286,212.99999999998818,-1,2023
-1.0,-1.1431639226914652,0.0,-0.14316392269146516,0.0,-0.14316392269146516,139.7000000000162,-1,2023
-1.0,-1.1666666666666918,-1.0,-1.1666666666666918,-1.0,-1.1666666666666918,119.99999999998181,1,2023
2.0,1.591836734693885,2.0,1.591836734693885,1.6,1.1918367346938852,49.00000000000091,-1,2023
-1.0,-1.121728545343881,-1.0,-1.121728545343881,-1.0,-1.121728545343881,164.3000000000029,-1,2023
2.0,1.8347107438016579,2.0,1.8347107438016579,1.6,1.434710743801658,121.00000000000364,1,2023
2.0,1.8347107438016579,2.0,1.8347107438016579,1.6,1.434710743801658,121.00000000000364,1,2023
2.0,1.7222222222222328,0.0,-0.27777777777776724,0.0,-0.27777777777776724,72.00000000000273,-1,2023
-1.0,-1.7407407407407907,-1.0,-1.7407407407407907,-1.0,-1.7407407407407907,26.99999999999818,-1,2023
-1.0,-1.12903225806452,-1.0,-1.12903225806452,-1.0,-1.12903225806452,154.99999999999545,1,2023
2.0,1.5121951219513168,2.0,1.5121951219513168,1.6,1.1121951219513169,41.000000000008185,1,2023
2.0,1.5121951219513168,2.0,1.5121951219513168,1.6,1.1121951219513169,41.000000000008185,1,2023
2.0,1.7938144329896482,0.0,-0.20618556701035182,0.0,-0.20618556701035182,96.99999999997999,-1,2023
-1.0,-1.1318391562293955,-1.0,-1.1318391562293955,-1.0,-1.1318391562293955,151.70000000000528,-1,2023
-1.0,-1.2499999999999432,-1.0,-1.2499999999999432,-1.0,-1.2499999999999432,80.00000000001819,1,2023
-1.0,-1.2222222222222558,0.0,-0.22222222222225593,0.0,-0.22222222222225593,89.99999999998636,1,2023
-1.0,-1.526315789473533,-1.0,-1.526315789473533,-1.0,-1.526315789473533,38.000000000010914,1,2023
-1.0,-1.4255319148935923,0.0,-0.4255319148935923,0.0,-0.4255319148935923,47.00000000000273,-1,2023
-1.0,-1.2691790040377076,-1.0,-1.2691790040377076,-1.0,-1.2691790040377076,74.29999999999382,1,2023
-1.0,-1.6600660066009136,-1.0,-1.6600660066009136,-1.0,-1.6600660066009136,30.29999999998836,-1,2023
2.0,1.3333333333332322,2.0,1.3333333333332322,1.6,0.9333333333332323,29.999999999995453,1,2023
2.0,1.5859213250519095,2.0,1.5859213250519095,1.6,1.1859213250519096,48.30000000001746,-1,2023
-1.0,-1.7407407407407907,0.0,-0.7407407407407907,0.0,-0.7407407407407907,26.99999999999818,-1,2023
2.0,1.3957703927494838,0.0,-0.6042296072505162,0.0,-0.6042296072505162,33.1000000000131,1,2023
-1.0,-1.2628120893561217,0.0,-0.2628120893561217,0.0,-0.2628120893561217,76.09999999999673,-1,2023
2.0,1.6533795493934131,2.0,1.6533795493934131,2.0,1.6533795493934131,57.69999999999982,1,2023
-1.0,-1.3571428571428918,-1.0,-1.3571428571428918,-1.0,-1.3571428571428918,55.99999999999454,-1,2023
-1.0,-1.3508771929823553,0.0,-0.35087719298235537,0.0,-0.35087719298235537,57.00000000001637,1,2023
-1.0,-1.4255319148935923,-1.0,-1.4255319148935923,-1.0,-1.4255319148935923,47.00000000000273,1,2023
2.0,1.7979797979797998,2.0,1.7979797979797998,1.6,1.3979797979797999,99.00000000000091,1,2023
2.0,1.42857142857128,0.0,-0.57142857142872,0.0,-0.57142857142872,34.999999999990905,1,2023
2.0,1.42857142857128,0.0,-0.57142857142872,0.0,-0.57142857142872,34.999999999990905,1,2023
2.0,1.42857142857128,0.0,-0.57142857142872,0.0,-0.57142857142872,34.999999999990905,1,2023
2.0,1.555555555555376,0.0,-0.4444444444446241,0.0,-0.4444444444446241,44.99999999998181,1,2023
2.0,1.555555555555376,0.0,-0.4444444444446241,0.0,-0.4444444444446241,44.99999999998181,1,2023
-1.0,-1.270270270270267,-1.0,-1.270270270270267,-1.0,-1.270270270270267,74.00000000000091,1,2023
-1.0,-1.270270270270267,-1.0,-1.270270270270267,-1.0,-1.270270270270267,74.00000000000091,1,2023
-1.0,-1.5000000000001705,-1.0,-1.5000000000001705,-1.0,-1.5000000000001705,39.99999999998636,-1,2023
-1.0,-1.4444444444443996,0.0,-0.44444444444439957,0.0,-0.44444444444439957,45.00000000000455,-1,2023
-1.0,-1.3508771929824954,-1.0,-1.3508771929824954,-1.0,-1.3508771929824954,56.99999999999363,1,2023
-1.0,-1.833333333333302,-1.0,-1.833333333333302,-1.0,-1.833333333333302,24.00000000000091,1,2023
2.0,1.2307692307692037,2.0,1.2307692307692037,1.6,0.830769230769204,25.99999999999909,-1,2023
2.0,1.3750000000003197,0.0,-0.6249999999996803,0.0,-0.6249999999996803,32.00000000001637,1,2023
2.0,1.8550724637681273,2.0,1.8550724637681273,2.0,1.8550724637681273,138.0000000000109,1,2023
-1.0,-1.696864111498726,-1.0,-1.696864111498726,-1.0,-1.696864111498726,28.69999999998072,1,2023
-1.0,-1.2222222222222558,0.0,-0.22222222222225593,0.0,-0.22222222222225593,89.99999999998636,-1,2023
-1.0,-1.2222222222222558,0.0,-0.22222222222225593,0.0,-0.22222222222225593,89.99999999998636,-1,2023
-1.0,-1.3571428571428918,-1.0,-1.3571428571428918,-1.0,-1.3571428571428918,55.99999999999454,1,2023
-1.0,-1.3571428571428918,-1.0,-1.3571428571428918,-1.0,-1.3571428571428918,55.99999999999454,1,2023
-1.0,-1.15873015873016,-1.0,-1.15873015873016,-1.0,-1.15873015873016,125.99999999999909,-1,2023
-1.0,-1.15873015873016,-1.0,-1.15873015873016,-1.0,-1.15873015873016,125.99999999999909,-1,2023
2.0,1.3399339933990864,0.0,-0.6600660066009137,0.0,-0.6600660066009137,30.29999999998836,-1,2023
-1.0,-1.2531645569620369,-1.0,-1.2531645569620369,-1.0,-1.2531645569620369,78.99999999999636,-1,2023
-1.0,-1.1754385964912477,0.0,-0.17543859649124768,0.0,-0.17543859649124768,113.99999999998727,-1,2023
-1.0,-1.1574803149606323,-1.0,-1.1574803149606323,-1.0,-1.1574803149606323,126.99999999999818,1,2023
-1.0,-1.1960784313725525,-1.0,-1.1960784313725525,-1.0,-1.1960784313725525,101.99999999999818,1,2023
-1.0,-1.6666666666662624,0.0,-0.6666666666662625,0.0,-0.6666666666662625,30.00000000001819,-1,2023
-1.0,-1.3044140030441747,0.0,-0.3044140030441746,0.0,-0.3044140030441746,65.69999999999254,1,2023
-1.0,-1.3508771929824954,-1.0,-1.3508771929824954,-1.0,-1.3508771929824954,56.99999999999363,1,2023
2.0,1.8039215686274475,2.0,1.8039215686274475,2.0,1.8039215686274475,101.99999999999818,-1,2023
-1.0,-1.2150537634408456,0.0,-0.2150537634408455,0.0,-0.2150537634408455,93.00000000000637,1,2023
-1.0,-1.2150537634408456,0.0,-0.2150537634408455,0.0,-0.2150537634408455,93.00000000000637,1,2023
-1.0,-1.7692307692307963,-1.0,-1.7692307692307963,-1.0,-1.7692307692307963,25.99999999999909,1,2023
-1.0,-1.1025641025641002,-1.0,-1.1025641025641002,-1.0,-1.1025641025641002,195.00000000000455,-1,2023
-1.0,-1.2380952380952612,-1.0,-1.2380952380952612,-1.0,-1.2380952380952612,83.99999999999181,-1,2023
2.0,1.7142857142857328,2.0,1.7142857142857328,1.6,1.314285714285733,70.00000000000455,1,2023
2.0,1.7142857142857328,2.0,1.7142857142857328,1.6,1.314285714285733,70.00000000000455,1,2023
2.0,1.7142857142857328,2.0,1.7142857142857328,1.6,1.314285714285733,70.00000000000455,1,2023
-1.0,-1.3846153846153981,0.0,-0.38461538461539807,0.0,-0.38461538461539807,51.99999999999818,-1,2023
-1.0,-1.9090909090907964,-1.0,-1.9090909090907964,-1.0,-1.9090909090907964,22.00000000000273,1,2023
-1.0,-1.1869158878504387,-1.0,-1.1869158878504387,-1.0,-1.1869158878504387,107.00000000001637,1,2023
2.0,1.4594594594593,2.0,1.4594594594593,2.0,1.4594594594593,36.999999999989086,-1,2023
-1.0,-1.0888494002665492,-1.0,-1.0888494002665492,-1.0,-1.0888494002665492,225.09999999999764,1,2023
2.0,1.6409335727109622,2.0,1.6409335727109622,2.0,1.6409335727109622,55.70000000000164,-1,2023
2.0,1.6409335727109622,2.0,1.6409335727109622,2.0,1.6409335727109622,55.70000000000164,-1,2023
2.0,1.6610169491526259,2.0,1.6610169491526259,1.6,1.261016949152626,59.00000000001455,1,2023
2.0,1.7888067581837133,2.0,1.7888067581837133,2.1237592397043947,1.912565997888108,94.6999999999889,1,2023
2.0,1.7888067581837133,2.0,1.7888067581837133,2.1237592397043947,1.912565997888108,94.6999999999889,1,2023
2.0,1.7888067581837133,2.0,1.7888067581837133,2.1237592397043947,1.912565997888108,94.6999999999889,1,2023
2.0,1.6825396825397374,2.0,1.6825396825397374,1.6,1.2825396825397375,63.000000000010914,1,2023
-1.0,-1.6060606060607396,-1.0,-1.6060606060607396,-1.0,-1.6060606060607396,32.999999999992724,-1,2023
-1.0,-1.6060606060607396,-1.0,-1.6060606060607396,-1.0,-1.6060606060607396,32.999999999992724,-1,2023
-1.0,-1.2173913043478626,0.0,-0.21739130434786264,0.0,-0.21739130434786264,91.99999999998454,1,2023
-1.0,-1.2020202020202002,-1.0,-1.2020202020202002,-1.0,-1.2020202020202002,99.00000000000091,-1,2023
-1.0,-1.3846153846153981,-1.0,-1.3846153846153981,-1.0,-1.3846153846153981,51.99999999999818,-1,2023
-1.0,-1.2150537634408456,0.0,-0.2150537634408455,0.0,-0.2150537634408455,93.00000000000637,-1,2023
-1.0,-1.1372683596431137,-1.0,-1.1372683596431137,-1.0,-1.1372683596431137,145.699999999988,1,2023
-1.0,-1.1016776817488512,-1.0,-1.1016776817488512,-1.0,-1.1016776817488512,196.70000000000982,-1,2023
-1.0,-1.180668473351405,-1.0,-1.180668473351405,-1.0,-1.180668473351405,110.69999999999709,1,2023
-1.0,-1.15873015873016,-1.0,-1.15873015873016,-1.0,-1.15873015873016,125.99999999999909,1,2023
-1.0,-1.1142857142857143,-1.0,-1.1142857142857143,-1.0,-1.1142857142857143,175.0,-1,2023
-1.0,-1.0930232558139497,-1.0,-1.0930232558139497,-1.0,-1.0930232558139497,215.0000000000091,-1,2023
-1.0,-1.0930232558139497,-1.0,-1.0930232558139497,-1.0,-1.0930232558139497,215.0000000000091,-1,2023
2.0,1.6153846153846019,2.0,1.6153846153846019,1.6,1.215384615384602,51.99999999999818,-1,2023
2.0,1.6153846153846019,2.0,1.6153846153846019,1.6,1.215384615384602,51.99999999999818,-1,2023
2.0,1.5833333333331518,2.0,1.5833333333331518,1.6,1.183333333333152,47.99999999997908,-1,2023
-1.0,-1.3703703703703953,-1.0,-1.3703703703703953,-1.0,-1.3703703703703953,53.99999999999636,1,2023
-1.0,-1.219780219780255,-1.0,-1.219780219780255,-1.0,-1.219780219780255,90.99999999998545,-1,2023
2.0,1.6969696969696302,2.0,1.6969696969696302,1.6,1.2969696969696303,65.99999999998545,1,2023
2.0,1.6969696969696302,2.0,1.6969696969696302,1.6,1.2969696969696303,65.99999999998545,1,2023
-1.0,-1.1713796058269188,-1.0,-1.1713796058269188,-1.0,-1.1713796058269188,116.69999999999163,-1,2023
-1.0,-1.5882352941177889,-1.0,-1.5882352941177889,-1.0,-1.5882352941177889,33.999999999991815,-1,2023
-1.0,-1.1098901098901137,0.0,-0.10989010989011375,0.0,-0.10989010989011375,181.99999999999363,1,2023
-1.0,-1.1724137931034362,-1.0,-1.1724137931034362,-1.0,-1.1724137931034362,116.00000000000819,-1,2023
-1.0,-1.1874414245548253,-1.0,-1.1874414245548253,-1.0,-1.1874414245548253,106.70000000000073,-1,2023
2.0,1.4999999999998295,2.0,1.4999999999998295,1.6,1.0999999999998296,39.99999999998636,1,2023
-1.0,-1.9523809523807873,-1.0,-1.9523809523807873,-1.0,-1.9523809523807873,21.000000000003638,-1,2023
-1.0,-1.3225806451612288,-1.0,-1.3225806451612288,-1.0,-1.3225806451612288,62.00000000001182,-1,2023
-1.0,-1.3225806451612288,-1.0,-1.3225806451612288,-1.0,-1.3225806451612288,62.00000000001182,-1,2023
-1.0,-1.3225806451612288,-1.0,-1.3225806451612288,-1.0,-1.3225806451612288,62.00000000001182,-1,2023
-1.0,-1.3703703703703953,-1.0,-1.3703703703703953,-1.0,-1.3703703703703953,53.99999999999636,1,2023
-1.0,-1.3703703703703953,-1.0,-1.3703703703703953,-1.0,-1.3703703703703953,53.99999999999636,1,2023
-1.0,-1.57142857142872,-1.0,-1.57142857142872,-1.0,-1.57142857142872,34.999999999990905,1,2023
-1.0,-1.1058201058201003,-1.0,-1.1058201058201003,-1.0,-1.1058201058201003,189.00000000001,-1,2023
2.0,1.7826086956521374,2.0,1.7826086956521374,2.0,1.7826086956521374,91.99999999998454,-1,2023
2.0,1.705882352941204,0.0,-0.294117647058796,0.0,-0.294117647058796,68.00000000000637,1,2023
-1.0,-1.2816901408451462,-1.0,-1.2816901408451462,-1.0,-1.2816901408451462,70.9999999999809,1,2023
-1.0,-1.454545454545633,-1.0,-1.454545454545633,-1.0,-1.454545454545633,43.99999999998272,-1,2023
-1.0,-1.2111932418162359,-1.0,-1.2111932418162359,-1.0,-1.2111932418162359,94.70000000001164,1,2023
-1.0,-1.2500000000000142,-1.0,-1.2500000000000142,-1.0,-1.2500000000000142,79.99999999999545,-1,2023
-1.0,-1.1030927835051518,-1.0,-1.1030927835051518,-1.0,-1.1030927835051518,194.00000000000546,1,2023
-1.0,-1.1030927835051518,-1.0,-1.1030927835051518,-1.0,-1.1030927835051518,194.00000000000546,1,2023
-1.0,-1.1030927835051518,-1.0,-1.1030927835051518,-1.0,-1.1030927835051518,194.00000000000546,1,2023
-1.0,-1.1030927835051518,-1.0,-1.1030927835051518,-1.0,-1.1030927835051518,194.00000000000546,1,2023
-1.0,-1.1823154056517808,0.0,-0.18231540565178092,0.0,-0.18231540565178092,109.699999999998,-1,2023
-1.0,-1.5128205128206802,-1.0,-1.5128205128206802,-1.0,-1.5128205128206802,38.99999999998727,-1,2023
-1.0,-1.5128205128206802,-1.0,-1.5128205128206802,-1.0,-1.5128205128206802,38.99999999998727,-1,2023
2.0,1.8052580331061425,2.0,1.8052580331061425,1.6,1.4052580331061426,102.70000000000437,1,2023
2.0,1.8052580331061425,2.0,1.8052580331061425,1.6,1.4052580331061426,102.70000000000437,1,2023
-1.0,-1.2666666666666666,0.0,-0.26666666666666666,0.0,-0.26666666666666666,75.0,-1,2023
2.0,0.571428571427272,2.0,0.571428571427272,1.6,0.17142857142727208,13.999999999987267,-1,2023
2.0,0.571428571427272,2.0,0.571428571427272,1.6,0.17142857142727208,13.999999999987267,-1,2023
-1.0,-1.9523809523807873,0.0,-0.9523809523807875,0.0,-0.9523809523807875,21.000000000003638,1,2023
-1.0,-1.4545454545453982,0.0,-0.4545454545453982,0.0,-0.4545454545453982,44.00000000000546,-1,2023
-1.0,-1.57142857142872,-1.0,-1.57142857142872,-1.0,-1.57142857142872,34.999999999990905,1,2023
-1.0,-1.270270270270267,-1.0,-1.270270270270267,-1.0,-1.270270270270267,74.00000000000091,1,2023
-1.0,-1.270270270270267,-1.0,-1.270270270270267,-1.0,-1.270270270270267,74.00000000000091,1,2023
-1.0,-1.7407407407407907,-1.0,-1.7407407407407907,-1.0,-1.7407407407407907,26.99999999999818,-1,2023
-1.0,-1.7407407407407907,-1.0,-1.7407407407407907,-1.0,-1.7407407407407907,26.99999999999818,-1,2023
-1.0,-1.3076923076923723,-1.0,-1.3076923076923723,-1.0,-1.3076923076923723,64.99999999998636,-1,2023
-1.0,-1.4192872117399635,-1.0,-1.4192872117399635,-1.0,-1.4192872117399635,47.70000000000891,1,2023
-1.0,-1.3636363636363937,0.0,-0.36363636363639373,0.0,-0.36363636363639373,54.99999999999545,-1,2023
-1.0,-1.19743336623891,0.0,-0.19743336623890997,0.0,-0.19743336623890997,101.299999999992,-1,2023
-1.0,-1.19743336623891,0.0,-0.19743336623890997,0.0,-0.19743336623890997,101.299999999992,-1,2023
-1.0,-1.4651162790696985,-1.0,-1.4651162790696985,-1.0,-1.4651162790696985,43.00000000000637,-1,2023
2.0,1.444444444444641,2.0,1.444444444444641,1.6,1.044444444444641,36.00000000001273,1,2023
2.0,1.166666666666698,2.0,1.166666666666698,1.6,0.7666666666666982,24.00000000000091,1,2023
-1.0,-1.408163265306115,-1.0,-1.408163265306115,-1.0,-1.408163265306115,49.00000000000091,-1,2023
2.0,1.607843137254895,0.0,-0.39215686274510503,0.0,-0.39215686274510503,50.99999999999909,1,2023
-1.0,-1.3773584905660572,-1.0,-1.3773584905660572,-1.0,-1.3773584905660572,52.99999999999727,-1,2023
-1.0,-1.2666666666666666,-1.0,-1.2666666666666666,-1.0,-1.2666666666666666,75.0,1,2023
-1.0,-1.2666666666666666,-1.0,-1.2666666666666666,-1.0,-1.2666666666666666,75.0,1,2023
2.0,1.3103448275861203,2.0,1.3103448275861203,1.6,0.9103448275861205,28.999999999996362,-1,2023
2.0,1.3103448275861203,2.0,1.3103448275861203,1.6,0.9103448275861205,28.999999999996362,-1,2023
2.0,1.7101449275362548,0.0,-0.2898550724637452,0.0,-0.2898550724637452,69.00000000000546,1,2023
2.0,1.6923076923077354,2.0,1.6923076923077354,2.0,1.6923076923077354,65.0000000000091,-1,2023
-1.0,-1.129032258064501,0.0,-0.129032258064501,0.0,-0.129032258064501,155.0000000000182,-1,2023
-1.0,-1.2380952380952612,-1.0,-1.2380952380952612,-1.0,-1.2380952380952612,83.99999999999181,1,2023
-1.0,-1.3030303030302655,-1.0,-1.3030303030302655,-1.0,-1.3030303030302655,66.00000000000819,-1,2023
-1.0,-1.3125000000000622,-1.0,-1.3125000000000622,-1.0,-1.3125000000000622,63.99999999998727,1,2023
2.0,1.8918918918918999,0.0,-0.10810810810810015,0.0,-0.10810810810810015,185.00000000001364,-1,2023
-1.0,-1.57142857142872,0.0,-0.57142857142872,0.0,-0.57142857142872,34.999999999990905,-1,2023
-1.0,-1.8,-1.0,-1.8,-1.0,-1.8,25.0,-1,2023
2.0,1.642857142857253,2.0,1.642857142857253,2.0,1.642857142857253,56.00000000001728,1,2023
2.0,1.4236311239192752,2.0,1.4236311239192752,2.0,1.4236311239192752,34.699999999998,1,2023
-1.0,-1.1562500000000033,-1.0,-1.1562500000000033,-1.0,-1.1562500000000033,127.99999999999727,1,2023
-1.0,-1.1562500000000033,-1.0,-1.1562500000000033,-1.0,-1.1562500000000033,127.99999999999727,1,2023
-1.0,-1.3846153846153981,-1.0,-1.3846153846153981,-1.0,-1.3846153846153981,51.99999999999818,-1,2023
2.0,1.8039215686274475,2.0,1.8039215686274475,2.0,1.8039215686274475,101.99999999999818,1,2023
-1.0,-1.5361930294905486,-1.0,-1.5361930294905486,-1.0,-1.5361930294905486,37.30000000000473,1,2023
2.0,1.7014925373134653,2.0,1.7014925373134653,2.0,1.7014925373134653,67.00000000000728,-1,2023
-1.0,-1.1800180018002,0.0,-0.18001800180020008,0.0,-0.18001800180020008,111.09999999998763,1,2023
2.0,1.5744680851064077,2.0,1.5744680851064077,2.0,1.5744680851064077,47.00000000000273,-1,2023
2.0,1.5744680851064077,2.0,1.5744680851064077,2.0,1.5744680851064077,47.00000000000273,-1,2023
-1.0,-1.8695652173912356,0.0,-0.8695652173912356,0.0,-0.8695652173912356,23.00000000000182,1,2023
-1.0,-1.8695652173912356,0.0,-0.8695652173912356,0.0,-0.8695652173912356,23.00000000000182,1,2023
-1.0,-1.6451612903226942,-1.0,-1.6451612903226942,-1.0,-1.6451612903226942,30.999999999994543,-1,2023
2.0,1.7666277712952079,2.0,1.7666277712952079,1.6,1.366627771295208,85.69999999999709,1,2023
-1.0,-1.2941176470588944,-1.0,-1.2941176470588944,-1.0,-1.2941176470588944,67.99999999998363,1,2023
-1.0,-1.357142857142747,-1.0,-1.357142857142747,-1.0,-1.357142857142747,56.00000000001728,1,2023
-1.0,-2.111111111110718,-1.0,-2.111111111110718,-1.0,-2.111111111110718,18.000000000006366,-1,2023
-1.0,-1.375234521575894,-1.0,-1.375234521575894,-1.0,-1.375234521575894,53.300000000012915,1,2023
2.0,1.4117647058826046,2.0,1.4117647058826046,2.0,1.4117647058826046,34.00000000001455,-1,2023
2.0,1.9024390243902418,2.0,1.9024390243902418,2.0,1.9024390243902418,204.99999999999545,-1,2023
2.0,1.7849462365591544,0.0,-0.2150537634408455,0.0,-0.2150537634408455,93.00000000000637,-1,2023
-1.0,-1.8,-1.0,-1.8,-1.0,-1.8,25.0,-1,2023
2.0,1.92,0.0,-0.08,0.0,-0.08,250.0,-1,2023
-1.0,-1.32786885245907,-1.0,-1.32786885245907,-1.0,-1.32786885245907,60.999999999989996,1,2023
-1.0,-1.3225806451612288,0.0,-0.3225806451612288,0.0,-0.3225806451612288,62.00000000001182,-1,2023
2.0,1.3750000000003197,2.0,1.3750000000003197,1.6,0.9750000000003198,32.00000000001637,-1,2023
2.0,1.3750000000003197,2.0,1.3750000000003197,1.6,0.9750000000003198,32.00000000001637,-1,2023
2.0,1.3750000000003197,2.0,1.3750000000003197,1.6,0.9750000000003198,32.00000000001637,-1,2023
-1.0,-1.298507462686636,-1.0,-1.298507462686636,-1.0,-1.298507462686636,66.99999999998454,1,2023
-1.0,-1.1626016260162577,-1.0,-1.1626016260162577,-1.0,-1.1626016260162577,123.00000000000182,-1,2023
-1.0,-1.1069518716577602,0.0,-0.10695187165776025,0.0,-0.10695187165776025,186.9999999999891,1,2023
2.0,1.8611111111110945,2.0,1.8611111111110945,1.6,1.4611111111110946,143.99999999998272,1,2023
2.0,1.8611111111110945,2.0,1.8611111111110945,1.6,1.4611111111110946,143.99999999998272,1,2023
-1.0,-1.0877192982456063,0.0,-0.08771929824560634,0.0,-0.08771929824560634,228.00000000002,1,2023
-1.0,-1.0877192982456063,0.0,-0.08771929824560634,0.0,-0.08771929824560634,228.00000000002,1,2023
-1.0,-1.1388888888889055,-1.0,-1.1388888888889055,-1.0,-1.1388888888889055,143.99999999998272,-1,2023
-1.0,-1.1713796058269188,-1.0,-1.1713796058269188,-1.0,-1.1713796058269188,116.69999999999163,1,2023
2.0,1.285714285714216,2.0,1.285714285714216,1.6,0.8857142857142162,27.99999999999727,-1,2023
2.0,1.8989898989899,2.0,1.8989898989899,2.0,1.8989898989899,198.00000000000182,1,2023
-1.0,-1.4545454545453982,0.0,-0.4545454545453982,0.0,-0.4545454545453982,44.00000000000546,-1,2023
-1.0,-1.2739726027397191,-1.0,-1.2739726027397191,-1.0,-1.2739726027397191,73.00000000000182,1,2023
-1.0,-1.3636363636363937,0.0,-0.36363636363639373,0.0,-0.36363636363639373,54.99999999999545,-1,2023
-1.0,-1.1531393568146968,-1.0,-1.1531393568146968,-1.0,-1.1531393568146968,130.600000000004,1,2023
2.0,1.808978032473739,2.0,1.808978032473739,2.0,1.808978032473739,104.70000000000255,1,2023
2.0,1.808978032473739,2.0,1.808978032473739,2.0,1.808978032473739,104.70000000000255,1,2023
2.0,1.808978032473739,2.0,1.808978032473739,2.0,1.808978032473739,104.70000000000255,1,2023
2.0,1.7794928335171265,0.0,-0.22050716648287355,0.0,-0.22050716648287355,90.70000000001528,-1,2023
-1.0,-1.1081081081081134,-1.0,-1.1081081081081134,-1.0,-1.1081081081081134,184.9999999999909,1,2023
-1.0,-1.1005025125628136,-1.0,-1.1005025125628136,-1.0,-1.1005025125628136,199.0000000000009,-1,2023
-1.0,-1.2985074626865347,0.0,-0.2985074626865348,0.0,-0.2985074626865348,67.00000000000728,1,2023
-1.0,-1.2298850574712932,-1.0,-1.2298850574712932,-1.0,-1.2298850574712932,86.99999999998909,-1,2023
-1.0,-1.2298850574712932,-1.0,-1.2298850574712932,-1.0,-1.2298850574712932,86.99999999998909,-1,2023
-1.0,-1.322580645161347,-1.0,-1.322580645161347,-1.0,-1.322580645161347,61.999999999989086,-1,2023
2.0,1.9597585513078473,2.0,1.9597585513078473,2.0,1.9597585513078473,497.00000000000273,1,2023
-1.0,-1.4662004662006185,0.0,-0.46620046620061845,0.0,-0.46620046620061845,42.899999999985994,-1,2023
-1.0,-1.3571428571428918,-1.0,-1.3571428571428918,-1.0,-1.3571428571428918,55.99999999999454,1,2023
2.0,1.6874999999999378,0.0,-0.3125000000000622,0.0,-0.3125000000000622,63.99999999998727,1,2023
-1.0,-1.2531645569620369,-1.0,-1.2531645569620369,-1.0,-1.2531645569620369,78.99999999999636,1,2023
-1.0,-1.3508771929824954,0.0,-0.35087719298249537,0.0,-0.35087719298249537,56.99999999999363,-1,2023
-1.0,-1.3508771929824954,0.0,-0.35087719298249537,0.0,-0.35087719298249537,56.99999999999363,-1,2023
-1.0,-1.056818181818182,-1.0,-1.056818181818182,-1.0,-1.056818181818182,351.9999999999982,1,2023
2.0,1.7849462365591544,2.0,1.7849462365591544,2.2666666666666018,2.0516129032257564,93.00000000000637,-1,2023
-1.0,-1.1818181818181968,0.0,-0.18181818181819687,0.0,-0.18181818181819687,109.9999999999909,1,2023
2.0,1.5238095238096063,2.0,1.5238095238096063,2.0,1.5238095238096063,42.000000000007276,1,2023
-1.0,-1.161681487469704,-1.0,-1.161681487469704,-1.0,-1.161681487469704,123.69999999998527,-1,2023
2.0,1.5771670190274452,2.0,1.5771670190274452,1.6,1.1771670190274452,47.299999999995634,-1,2023
-1.0,-1.4347826086956177,-1.0,-1.4347826086956177,-1.0,-1.4347826086956177,46.00000000000364,1,2023
2.0,1.42857142857128,2.0,1.42857142857128,2.0,1.42857142857128,34.999999999990905,1,2023
2.0,1.8473282442748027,2.0,1.8473282442748027,2.0,1.8473282442748027,130.99999999999454,1,2023
-1.0,-1.1005025125628136,-1.0,-1.1005025125628136,-1.0,-1.1005025125628136,199.0000000000009,-1,2023
2.0,1.354838709677779,0.0,-0.645161290322221,0.0,-0.645161290322221,31.00000000001728,-1,2023
2.0,1.354838709677779,0.0,-0.645161290322221,0.0,-0.645161290322221,31.00000000001728,-1,2023
2.0,1.354838709677779,0.0,-0.645161290322221,0.0,-0.645161290322221,31.00000000001728,-1,2023
2.0,1.3750000000003197,2.0,1.3750000000003197,1.6,0.9750000000003198,32.00000000001637,1,2023
2.0,1.3750000000003197,2.0,1.3750000000003197,1.6,0.9750000000003198,32.00000000001637,1,2023
-1.0,-1.2409638554216418,0.0,-0.24096385542164186,0.0,-0.24096385542164186,83.00000000001546,-1,2023
2.0,1.4117647058822111,2.0,1.4117647058822111,1.6,1.0117647058822112,33.999999999991815,-1,2023
2.0,1.4117647058822111,2.0,1.4117647058822111,1.6,1.0117647058822112,33.999999999991815,-1,2023
2.0,1.0000000000002274,2.0,1.0000000000002274,1.6,0.6000000000002274,20.000000000004547,-1,2023
-1.0,-1.1415428167020514,-1.0,-1.1415428167020514,-1.0,-1.1415428167020514,141.3000000000011,-1,2023
-1.0,-1.3384094754653735,0.0,-0.3384094754653735,0.0,-0.3384094754653735,59.09999999998945,1,2023
2.0,1.6683250414594057,2.0,1.6683250414594057,2.0,1.6683250414594057,60.30000000000655,-1,2023
2.0,1.545454545454367,2.0,1.545454545454367,1.6,1.145454545454367,43.99999999998272,1,2023
-1.0,-1.1204819277108373,-1.0,-1.1204819277108373,-1.0,-1.1204819277108373,166.00000000000819,-1,2023
-1.0,-1.3944773175541925,-1.0,-1.3944773175541925,-1.0,-1.3944773175541925,50.700000000006185,-1,2023
-1.0,-1.6060606060603222,-1.0,-1.6060606060603222,-1.0,-1.6060606060603222,33.00000000001546,-1,2023
-1.0,-1.1324503311258287,-1.0,-1.1324503311258287,-1.0,-1.1324503311258287,150.9999999999991,1,2023
-1.0,-1.1324503311258287,-1.0,-1.1324503311258287,-1.0,-1.1324503311258287,150.9999999999991,1,2023
-1.0,-1.2173913043478626,0.0,-0.21739130434786264,0.0,-0.21739130434786264,91.99999999998454,-1,2023
2.0,1.5652173913041674,2.0,1.5652173913041674,1.6,1.1652173913041675,45.9999999999809,1,2023
-1.0,-1.4444444444443996,0.0,-0.44444444444439957,0.0,-0.44444444444439957,45.00000000000455,1,2023
-1.0,-1.1886792452829882,-1.0,-1.1886792452829882,-1.0,-1.1886792452829882,106.00000000001728,1,2023
2.0,1.8198198198198035,0.0,-0.18018018018019644,0.0,-0.18018018018019644,110.99999999999,1,2023
2.0,1.8845931909982654,2.0,1.8845931909982654,1.6,1.4845931909982655,173.29999999999472,-1,2023
2.0,1.7435897435897347,2.0,1.7435897435897347,1.6,1.3435897435897348,77.99999999999727,1,2023
2.0,1.7435897435897347,2.0,1.7435897435897347,1.6,1.3435897435897348,77.99999999999727,1,2023
-1.0,-1.3076923076923723,-1.0,-1.3076923076923723,-1.0,-1.3076923076923723,64.99999999998636,-1,2023
-1.0,-1.2197802197802,0.0,-0.21978021978020001,0.0,-0.21978021978020001,91.00000000000819,-1,2023
-1.0,-1.2197802197802,0.0,-0.21978021978020001,0.0,-0.21978021978020001,91.00000000000819,-1,2023
2.0,1.727148703956324,2.0,1.727148703956324,2.0,1.727148703956324,73.29999999999472,1,2023
-1.0,-1.129032258064501,-1.0,-1.129032258064501,-1.0,-1.129032258064501,155.0000000000182,1,2023
-1.0,-1.2985074626865347,0.0,-0.2985074626865348,0.0,-0.2985074626865348,67.00000000000728,-1,2023
-1.0,-1.277777777777855,-1.0,-1.277777777777855,-1.0,-1.277777777777855,71.99999999997999,1,2023
-1.0,-1.1470588235294226,0.0,-0.1470588235294226,0.0,-0.1470588235294226,135.99999999999,-1,2023
-1.0,-1.4,-1.0,-1.4,-1.0,-1.4,50.0,1,2023
2.0,1.718309859154944,2.0,1.718309859154944,2.0,1.718309859154944,71.00000000000364,1,2023
-1.0,-1.3773584905660572,0.0,-0.3773584905660572,0.0,-0.3773584905660572,52.99999999999727,-1,2023
-1.0,-1.1538461538461324,-1.0,-1.1538461538461324,-1.0,-1.1538461538461324,130.0000000000182,1,2023
-1.0,-1.3571428571428918,-1.0,-1.3571428571428918,-1.0,-1.3571428571428918,55.99999999999454,-1,2023
2.0,1.8142989786443822,2.0,1.8142989786443822,2.0,1.8142989786443822,107.69999999999982,1,2023
2.0,1.8142989786443822,2.0,1.8142989786443822,2.0,1.8142989786443822,107.69999999999982,1,2023
2.0,1.8142989786443822,2.0,1.8142989786443822,2.0,1.8142989786443822,107.69999999999982,1,2023
2.0,1.8142989786443822,2.0,1.8142989786443822,2.0,1.8142989786443822,107.69999999999982,1,2023
-1.0,-1.1212121212121144,-1.0,-1.1212121212121144,-1.0,-1.1212121212121144,165.0000000000091,1,2023
-1.0,-1.240963855421708,-1.0,-1.240963855421708,-1.0,-1.240963855421708,82.99999999999272,-1,2023
2.0,1.5893223819302522,0.0,-0.41067761806974773,0.0,-0.41067761806974773,48.700000000008004,-1,2023
-1.0,-1.12903225806452,-1.0,-1.12903225806452,-1.0,-1.12903225806452,154.99999999999545,1,2023
-1.0,-1.0219298245614037,-1.0,-1.0219298245614037,-1.0,-1.0219298245614037,911.9999999999891,1,2023
-1.0,-1.0735294117647052,-1.0,-1.0735294117647052,-1.0,-1.0735294117647052,272.00000000000273,-1,2023
2.0,1.6774193548387712,0.0,-0.3225806451612288,0.0,-0.3225806451612288,62.00000000001182,1,2023
2.0,1.6774193548387712,0.0,-0.3225806451612288,0.0,-0.3225806451612288,62.00000000001182,1,2023
-1.0,-1.2020202020202002,0.0,-0.20202020202020018,0.0,-0.20202020202020018,99.00000000000091,1,2023
-1.0,-1.2020202020202002,0.0,-0.20202020202020018,0.0,-0.20202020202020018,99.00000000000091,1,2023
-1.0,-1.235294117647084,-1.0,-1.235294117647084,-1.0,-1.235294117647084,84.9999999999909,-1,2023
2.0,1.764705882352916,2.0,1.764705882352916,1.6,1.3647058823529161,84.9999999999909,-1,2023
-1.0,-1.3125000000000622,-1.0,-1.3125000000000622,-1.0,-1.3125000000000622,63.99999999998727,1,2023
-1.0,-1.1086956521739044,0.0,-0.10869565217390445,0.0,-0.10869565217390445,184.00000000001455,-1,2023
-1.0,-1.1086956521739044,0.0,-0.10869565217390445,0.0,-0.10869565217390445,184.00000000001455,-1,2023
-1.0,-1.1550387596899268,-1.0,-1.1550387596899268,-1.0,-1.1550387596899268,128.99999999999636,1,2023
2.0,1.8496240601503677,0.0,-0.1503759398496323,0.0,-0.1503759398496323,132.99999999999272,-1,2023
2.0,1.931740614334467,2.0,1.931740614334467,2.0,1.931740614334467,292.99999999998363,-1,2023
-1.0,-1.2631578947368451,-1.0,-1.2631578947368451,-1.0,-1.2631578947368451,75.99999999999909,-1,2023
2.0,1.8611111111110945,2.0,1.8611111111110945,1.6,1.4611111111110946,143.99999999998272,-1,2023
-1.0,-1.1357773251866978,-1.0,-1.1357773251866978,-1.0,-1.1357773251866978,147.29999999999563,1,2023
-1.0,-1.1357773251866978,-1.0,-1.1357773251866978,-1.0,-1.1357773251866978,147.29999999999563,1,2023
2.0,1.8364677023712124,2.0,1.8364677023712124,2.0,1.8364677023712124,122.29999999999563,-1,2023
2.0,1.8364677023712124,2.0,1.8364677023712124,2.0,1.8364677023712124,122.29999999999563,-1,2023
2.0,1.6551724137931954,2.0,1.6551724137931954,1.6,1.2551724137931954,58.00000000001546,-1,2023
-1.0,-1.3125000000000622,-1.0,-1.3125000000000622,-1.0,-1.3125000000000622,63.99999999998727,1,2023
-1.0,-1.0526731630234423,-1.0,-1.0526731630234423,-1.0,-1.0526731630234423,379.6999999999798,1,2023
-1.0,-1.3333333333332575,-1.0,-1.3333333333332575,-1.0,-1.3333333333332575,60.00000000001364,1,2023
-1.0,-1.2857142857142672,0.0,-0.28571428571426716,0.0,-0.28571428571426716,70.00000000000455,1,2023
-1.0,-1.2857142857142672,0.0,-0.28571428571426716,0.0,-0.28571428571426716,70.00000000000455,1,2023
2.0,1.591836734693885,2.0,1.591836734693885,2.0,1.591836734693885,49.00000000000091,-1,2023
2.0,1.591836734693885,2.0,1.591836734693885,2.0,1.591836734693885,49.00000000000091,-1,2023
2.0,1.7500000000000568,2.0,1.7500000000000568,1.6,1.350000000000057,80.00000000001819,-1,2023
-1.0,-1.4761904761903937,-1.0,-1.4761904761903937,-1.0,-1.4761904761903937,42.000000000007276,1,2023
2.0,1.807692307692301,2.0,1.807692307692301,1.6,1.4076923076923011,103.99999999999636,1,2023
2.0,1.807692307692301,2.0,1.807692307692301,1.6,1.4076923076923011,103.99999999999636,1,2023
-1.0,-1.5882352941177889,-1.0,-1.5882352941177889,-1.0,-1.5882352941177889,33.999999999991815,1,2023
-1.0,-1.4,0.0,-0.4,0.0,-0.4,50.0,1,2023
2.0,1.92,0.0,-0.08,0.0,-0.08,250.0,1,2023
-1.0,-1.2691790040375428,-1.0,-1.2691790040375428,-1.0,-1.2691790040375428,74.30000000003929,-1,2023
-1.0,-1.5882352941173954,-1.0,-1.5882352941173954,-1.0,-1.5882352941173954,34.00000000001455,-1,2023
2.0,1.7701149425287068,2.0,1.7701149425287068,2.0,1.7701149425287068,86.99999999998909,-1,2023
-1.0,-1.1886792452830286,-1.0,-1.1886792452830286,-1.0,-1.1886792452830286,105.99999999999454,-1,2023
2.0,1.8975934459805415,2.0,1.8975934459805415,2.0,1.8975934459805415,195.29999999999745,1,2023
-1.0,-1.3846153846153981,-1.0,-1.3846153846153981,-1.0,-1.3846153846153981,51.99999999999818,1,2023
2.0,1.6721311475408076,2.0,1.6721311475408076,2.0,1.6721311475408076,60.99999999996726,1,2023
2.0,1.84,0.0,-0.16,0.0,-0.16,125.0,-1,2023
2.0,1.6825396825397374,2.0,1.6825396825397374,1.6,1.2825396825397375,63.000000000010914,-1,2023
2.0,1.6825396825397374,2.0,1.6825396825397374,1.6,1.2825396825397375,63.000000000010914,-1,2023
-1.0,-1.179694519317115,-1.0,-1.179694519317115,-1.0,-1.179694519317115,111.30000000002838,1,2023
-1.0,-1.179694519317115,-1.0,-1.179694519317115,-1.0,-1.179694519317115,111.30000000002838,1,2023
-1.0,-1.1546790409899315,-1.0,-1.1546790409899315,-1.0,-1.1546790409899315,129.300000000012,-1,2023
-1.0,-1.1546790409899315,-1.0,-1.1546790409899315,-1.0,-1.1546790409899315,129.300000000012,-1,2023
2.0,1.7916666666666745,2.0,1.7916666666666745,2.0,1.7916666666666745,96.00000000000364,-1,2023
2.0,1.7916666666666745,2.0,1.7916666666666745,2.0,1.7916666666666745,96.00000000000364,-1,2023
2.0,1.622641509433781,2.0,1.622641509433781,2.0,1.622641509433781,52.999999999974534,1,2023
-1.0,-1.2272727272728166,0.0,-0.22727272727281655,0.0,-0.22727272727281655,87.99999999996544,-1,2024
2.0,1.71428571428564,2.0,1.71428571428564,1.6,1.3142857142856401,69.99999999998181,1,2024
2.0,1.71428571428564,2.0,1.71428571428564,1.6,1.3142857142856401,69.99999999998181,1,2024
2.0,1.6296296296296047,2.0,1.6296296296296047,2.0,1.6296296296296047,53.99999999999636,-1,2024
2.0,1.6296296296296047,2.0,1.6296296296296047,2.0,1.6296296296296047,53.99999999999636,-1,2024
-1.0,-1.6309148264984081,-1.0,-1.6309148264984081,-1.0,-1.6309148264984081,31.700000000000728,1,2024
2.0,1.7435897435898093,2.0,1.7435897435898093,1.6,1.3435897435898094,78.00000000002001,1,2024
-1.0,-1.2325581395349723,-1.0,-1.2325581395349723,-1.0,-1.2325581395349723,85.99999999996726,1,2024
-1.0,-1.4651162790694527,0.0,-0.4651162790694527,0.0,-0.4651162790694527,43.000000000029104,1,2024
-1.0,-1.4651162790694527,0.0,-0.4651162790694527,0.0,-0.4651162790694527,43.000000000029104,1,2024
2.0,1.8148148148148024,2.0,1.8148148148148024,2.0,1.8148148148148024,107.99999999999272,-1,2024
2.0,1.8484848484848673,2.0,1.8484848484848673,2.0,1.8484848484848673,132.00000000001637,-1,2024
-1.0,-1.0681895669962498,-1.0,-1.0681895669962498,-1.0,-1.0681895669962498,293.2999999999993,-1,2024
-1.0,-1.0681895669962498,-1.0,-1.0681895669962498,-1.0,-1.0681895669962498,293.2999999999993,-1,2024
-1.0,-1.0681895669962498,-1.0,-1.0681895669962498,-1.0,-1.0681895669962498,293.2999999999993,-1,2024
2.0,1.8165137614679143,2.0,1.8165137614679143,1.6,1.4165137614679144,109.00000000001455,-1,2024
-1.0,-1.3968253968252924,-1.0,-1.3968253968252924,-1.0,-1.3968253968252924,50.40000000001328,1,2024
-1.0,-1.2127659574467962,-1.0,-1.2127659574467962,-1.0,-1.2127659574467962,94.00000000000546,-1,2024
-1.0,-1.3846153846153981,-1.0,-1.3846153846153981,-1.0,-1.3846153846153981,51.99999999999818,1,2024
-1.0,-1.125786163522019,-1.0,-1.125786163522019,-1.0,-1.125786163522019,158.99999999999181,1,2024
-1.0,-1.3076923076923723,-1.0,-1.3076923076923723,-1.0,-1.3076923076923723,64.99999999998636,1,2024
2.0,1.8373983739837423,2.0,1.8373983739837423,2.0,1.8373983739837423,123.00000000000182,-1,2024
-1.0,-1.4,0.0,-0.4,0.0,-0.4,50.0,-1,2024
-1.0,-1.1511715797429978,-1.0,-1.1511715797429978,-1.0,-1.1511715797429978,132.30000000000928,-1,2024
-1.0,-1.1511715797429978,-1.0,-1.1511715797429978,-1.0,-1.1511715797429978,132.30000000000928,-1,2024
-1.0,-1.1511715797429978,-1.0,-1.1511715797429978,-1.0,-1.1511715797429978,132.30000000000928,-1,2024
-1.0,-1.2469135802469302,-1.0,-1.2469135802469302,-1.0,-1.2469135802469302,80.99999999999454,-1,2024
-1.0,-1.2469135802469302,-1.0,-1.2469135802469302,-1.0,-1.2469135802469302,80.99999999999454,-1,2024
-1.0,-1.2469135802469302,-1.0,-1.2469135802469302,-1.0,-1.2469135802469302,80.99999999999454,-1,2024
-1.0,-1.2469135802469302,-1.0,-1.2469135802469302,-1.0,-1.2469135802469302,80.99999999999454,-1,2024
-1.0,-1.1369863013698596,-1.0,-1.1369863013698596,-1.0,-1.1369863013698596,146.00000000000364,1,2024
-1.0,-1.1369863013698596,-1.0,-1.1369863013698596,-1.0,-1.1369863013698596,146.00000000000364,1,2024
-1.0,-1.1369863013698596,-1.0,-1.1369863013698596,-1.0,-1.1369863013698596,146.00000000000364,1,2024
-1.0,-1.1369863013698596,-1.0,-1.1369863013698596,-1.0,-1.1369863013698596,146.00000000000364,1,2024
-1.0,-1.1369863013698596,-1.0,-1.1369863013698596,-1.0,-1.1369863013698596,146.00000000000364,1,2024
-1.0,-1.120481927710854,-1.0,-1.120481927710854,-1.0,-1.120481927710854,165.99999999998545,1,2024
-1.0,-1.17241379310347,-1.0,-1.17241379310347,-1.0,-1.17241379310347,115.99999999998545,-1,2024
2.0,1.473684210526467,2.0,1.473684210526467,1.6,1.073684210526467,38.000000000010914,-1,2024
2.0,1.7872340425532038,2.0,1.7872340425532038,2.755319148936117,2.5425531914893207,94.00000000000546,1,2024
2.0,1.7872340425532038,2.0,1.7872340425532038,2.755319148936117,2.5425531914893207,94.00000000000546,1,2024
2.0,1.473684210526152,2.0,1.473684210526152,2.0,1.473684210526152,37.99999999998818,1,2024
-1.0,-1.2531645569620369,-1.0,-1.2531645569620369,-1.0,-1.2531645569620369,78.99999999999636,-1,2024
-1.0,-1.1801801801801595,-1.0,-1.1801801801801595,-1.0,-1.1801801801801595,111.00000000001273,-1,2024
2.0,1.8684210526315774,2.0,1.8684210526315774,2.0,1.8684210526315774,151.99999999999818,-1,2024
2.0,1.8684210526315774,2.0,1.8684210526315774,2.0,1.8684210526315774,151.99999999999818,-1,2024
-1.0,-1.115807759119855,-1.0,-1.115807759119855,-1.0,-1.115807759119855,172.7000000000089,1,2024
-1.0,-1.115807759119855,-1.0,-1.115807759119855,-1.0,-1.115807759119855,172.7000000000089,1,2024
2.0,1.4594594594593,2.0,1.4594594594593,1.6,1.0594594594593,36.999999999989086,1,2024
-1.0,-1.1966568338249652,0.0,-0.19665683382496524,0.0,-0.19665683382496524,101.70000000000528,1,2024
-1.0,-1.1966568338249652,0.0,-0.19665683382496524,0.0,-0.19665683382496524,101.70000000000528,1,2024
2.0,1.7222222222222328,0.0,-0.27777777777776724,0.0,-0.27777777777776724,72.00000000000273,1,2024
-1.0,-1.13860013860014,-1.0,-1.13860013860014,-1.0,-1.13860013860014,144.29999999999836,-1,2024
-1.0,-1.13860013860014,-1.0,-1.13860013860014,-1.0,-1.13860013860014,144.29999999999836,-1,2024
2.0,1.67213114754093,2.0,1.67213114754093,2.0,1.67213114754093,60.999999999989996,-1,2024
-1.0,-1.2380952380952612,-1.0,-1.2380952380952612,-1.0,-1.2380952380952612,83.99999999999181,-1,2024
-1.0,-1.2380952380952612,-1.0,-1.2380952380952612,-1.0,-1.2380952380952612,83.99999999999181,-1,2024
-1.0,-1.2083333333333748,-1.0,-1.2083333333333748,-1.0,-1.2083333333333748,95.9999999999809,1,2024
2.0,1.3333333333337376,2.0,1.3333333333337376,1.6,0.9333333333337376,30.00000000001819,1,2024
-1.0,-1.3490401396159992,-1.0,-1.3490401396159992,-1.0,-1.3490401396159992,57.30000000000928,-1,2024
-1.0,-1.3490401396159992,-1.0,-1.3490401396159992,-1.0,-1.3490401396159992,57.30000000000928,-1,2024
-1.0,-1.3490401396159992,-1.0,-1.3490401396159992,-1.0,-1.3490401396159992,57.30000000000928,-1,2024
-1.0,-1.2898550724638407,-1.0,-1.2898550724638407,-1.0,-1.2898550724638407,68.99999999998272,-1,2024
-1.0,-1.0913242009132398,0.0,-0.09132420091323974,0.0,-0.09132420091323974,219.00000000000546,1,2024
-1.0,-1.3125000000000622,0.0,-0.3125000000000622,0.0,-0.3125000000000622,63.99999999998727,-1,2024
2.0,1.7368421052631549,2.0,1.7368421052631549,1.6,1.336842105263155,75.99999999999909,-1,2024
2.0,1.7368421052631549,2.0,1.7368421052631549,1.6,1.336842105263155,75.99999999999909,-1,2024
-1.0,-1.3333333333332575,-1.0,-1.3333333333332575,-1.0,-1.3333333333332575,60.00000000001364,-1,2024
-1.0,-1.4545454545453982,-1.0,-1.4545454545453982,-1.0,-1.4545454545453982,44.00000000000546,-1,2024
2.0,1.4594594594593,0.0,-0.5405405405407,0.0,-0.5405405405407,36.999999999989086,-1,2024
-1.0,-1.2197802197802,-1.0,-1.2197802197802,-1.0,-1.2197802197802,91.00000000000819,-1,2024
-1.0,-1.2229654403567045,0.0,-0.2229654403567045,0.0,-0.2229654403567045,89.70000000001619,1,2024
-1.0,-1.2229654403567045,0.0,-0.2229654403567045,0.0,-0.2229654403567045,89.70000000001619,1,2024
-1.0,-1.1769911504424608,-1.0,-1.1769911504424608,-1.0,-1.1769911504424608,113.00000000001091,-1,2024
-1.0,-1.1769911504424608,-1.0,-1.1769911504424608,-1.0,-1.1769911504424608,113.00000000001091,-1,2024
2.0,1.79231568016614,2.0,1.79231568016614,1.6,1.39231568016614,96.29999999999654,-1,2024
2.0,1.4490358126722618,2.0,1.4490358126722618,1.6,1.0490358126722619,36.30000000000564,1,2024
2.0,1.5918367346936957,2.0,1.5918367346936957,2.0,1.5918367346936957,48.99999999997817,1,2024
-1.0,-1.054945054945057,0.0,-0.05494505494505687,0.0,-0.05494505494505687,363.99999999998727,-1,2024
2.0,1.8275862068965638,0.0,-0.17241379310343613,0.0,-0.17241379310343613,116.00000000000819,-1,2024
2.0,1.8333333333333082,0.0,-0.16666666666669194,0.0,-0.16666666666669194,119.99999999998181,-1,2024
2.0,1.6428571428571082,2.0,1.6428571428571082,1.6,1.2428571428571082,55.99999999999454,-1,2024
-1.0,-1.3703703703703953,-1.0,-1.3703703703703953,-1.0,-1.3703703703703953,53.99999999999636,1,2024
-1.0,-1.3508771929823553,-1.0,-1.3508771929823553,-1.0,-1.3508771929823553,57.00000000001637,-1,2024
-1.0,-1.1694915254237523,-1.0,-1.1694915254237523,-1.0,-1.1694915254237523,117.99999999998363,1,2024
2.0,1.591836734693885,2.0,1.591836734693885,2.0,1.591836734693885,49.00000000000091,-1,2024
2.0,1.591836734693885,2.0,1.591836734693885,2.0,1.591836734693885,49.00000000000091,-1,2024
-1.0,-1.1626016260162577,-1.0,-1.1626016260162577,-1.0,-1.1626016260162577,123.00000000000182,1,2024
-1.0,-1.1626016260162577,-1.0,-1.1626016260162577,-1.0,-1.1626016260162577,123.00000000000182,1,2024
2.0,1.607843137254895,2.0,1.607843137254895,1.6,1.207843137254895,50.99999999999909,-1,2024
2.0,1.956427015250546,0.0,-0.04357298474945396,0.0,-0.04357298474945396,459.00000000001455,1,2024
-1.0,-1.4255319148935923,-1.0,-1.4255319148935923,-1.0,-1.4255319148935923,47.00000000000273,1,2024
2.0,1.8630136986301404,2.0,1.8630136986301404,1.6,1.4630136986301405,146.00000000000364,-1,2024
2.0,1.8630136986301404,2.0,1.8630136986301404,1.6,1.4630136986301405,146.00000000000364,-1,2024
2.0,1.8630136986301404,2.0,1.8630136986301404,1.6,1.4630136986301405,146.00000000000364,-1,2024
2.0,1.8630136986301404,2.0,1.8630136986301404,1.6,1.4630136986301405,146.00000000000364,-1,2024
-1.0,-1.416666666666651,-1.0,-1.416666666666651,-1.0,-1.416666666666651,48.00000000000182,1,2024
2.0,1.8337489609310023,0.0,-0.1662510390689977,0.0,-0.1662510390689977,120.29999999999745,-1,2024
-1.0,-1.1680672268907486,-1.0,-1.1680672268907486,-1.0,-1.1680672268907486,119.00000000000546,-1,2024
2.0,1.8148148148148024,2.0,1.8148148148148024,2.0,1.8148148148148024,107.99999999999272,1,2024
2.0,1.8148148148148024,2.0,1.8148148148148024,2.0,1.8148148148148024,107.99999999999272,1,2024
2.0,1.3333333333332322,2.0,1.3333333333332322,1.6,0.9333333333332323,29.999999999995453,1,2024
-1.0,-2.250000000001137,0.0,-1.2500000000011369,0.0,-1.2500000000011369,15.999999999985448,-1,2024
-1.0,-2.250000000001137,0.0,-1.2500000000011369,0.0,-1.2500000000011369,15.999999999985448,-1,2024
-1.0,-1.2040816326530575,-1.0,-1.2040816326530575,-1.0,-1.2040816326530575,98.00000000000182,1,2024
-1.0,-1.9090909090907964,0.0,-0.9090909090907964,0.0,-0.9090909090907964,22.00000000000273,1,2024
2.0,1.285714285714796,0.0,-0.7142857142852039,0.0,-0.7142857142852039,28.00000000002001,-1,2024
2.0,1.285714285714796,0.0,-0.7142857142852039,0.0,-0.7142857142852039,28.00000000002001,-1,2024
-1.0,-1.2985074626865347,-1.0,-1.2985074626865347,-1.0,-1.2985074626865347,67.00000000000728,1,2024
-1.0,-1.2985074626865347,-1.0,-1.2985074626865347,-1.0,-1.2985074626865347,67.00000000000728,1,2024
2.0,1.545454545454367,0.0,-0.4545454545456331,0.0,-0.4545454545456331,43.99999999998272,1,2024
-1.0,-1.1801801801801595,-1.0,-1.1801801801801595,-1.0,-1.1801801801801595,111.00000000001273,-1,2024
-1.0,-1.6896551724138797,-1.0,-1.6896551724138797,-1.0,-1.6896551724138797,28.999999999996362,-1,2024
2.0,1.67213114754093,2.0,1.67213114754093,1.6,1.27213114754093,60.999999999989996,1,2024
2.0,1.4285714285716513,2.0,1.4285714285716513,2.0,1.4285714285716513,35.00000000001364,1,2024
2.0,1.6409335727109622,2.0,1.6409335727109622,1.6,1.2409335727109623,55.70000000000164,1,2024
2.0,1.6409335727109622,2.0,1.6409335727109622,1.6,1.2409335727109623,55.70000000000164,1,2024
2.0,1.6409335727109622,2.0,1.6409335727109622,1.6,1.2409335727109623,55.70000000000164,1,2024
-1.0,-1.4878048780489537,0.0,-0.48780487804895367,0.0,-0.48780487804895367,40.99999999998545,1,2024
-1.0,-1.1980198019801997,-1.0,-1.1980198019801997,-1.0,-1.1980198019801997,100.99999999999909,1,2024
2.0,1.5744680851064077,0.0,-0.4255319148935923,0.0,-0.4255319148935923,47.00000000000273,1,2024
2.0,1.3333333333332322,2.0,1.3333333333332322,1.6,0.9333333333332323,29.999999999995453,-1,2024
2.0,1.3333333333332322,2.0,1.3333333333332322,1.6,0.9333333333332323,29.999999999995453,-1,2024
-1.0,-1.137931034482776,-1.0,-1.137931034482776,-1.0,-1.137931034482776,144.9999999999818,1,2024
-1.0,-1.5128205128206802,-1.0,-1.5128205128206802,-1.0,-1.5128205128206802,38.99999999998727,1,2024
-1.0,-1.1818181818181592,-1.0,-1.1818181818181592,-1.0,-1.1818181818181592,110.00000000001364,1,2024
-1.0,-1.1818181818181592,-1.0,-1.1818181818181592,-1.0,-1.1818181818181592,110.00000000001364,1,2024
2.0,1.8113207547169714,2.0,1.8113207547169714,2.0,1.8113207547169714,105.99999999999454,-1,2024
-1.0,-1.2469135802469302,-1.0,-1.2469135802469302,-1.0,-1.2469135802469302,80.99999999999454,-1,2024
-1.0,-1.2469135802469302,-1.0,-1.2469135802469302,-1.0,-1.2469135802469302,80.99999999999454,-1,2024
-1.0,-1.6250000000001243,-1.0,-1.6250000000001243,-1.0,-1.6250000000001243,31.999999999993634,1,2024
-1.0,-1.6250000000001243,-1.0,-1.6250000000001243,-1.0,-1.6250000000001243,31.999999999993634,1,2024
-1.0,-1.714285714285784,-1.0,-1.714285714285784,-1.0,-1.714285714285784,27.99999999999727,-1,2024
-1.0,-1.714285714285784,-1.0,-1.714285714285784,-1.0,-1.714285714285784,27.99999999999727,-1,2024
-1.0,-1.4,-1.0,-1.4,-1.0,-1.4,50.0,1,2024
-1.0,-1.4,-1.0,-1.4,-1.0,-1.4,50.0,1,2024
-1.0,-1.4282655246251776,-1.0,-1.4282655246251776,-1.0,-1.4282655246251776,46.70000000000982,-1,2024
-1.0,-1.5882352941177889,-1.0,-1.5882352941177889,-1.0,-1.5882352941177889,33.999999999991815,1,2024
2.0,1.4962216624684306,2.0,1.4962216624684306,1.6,1.0962216624684307,39.69999999999345,-1,2024
-1.0,-1.5405405405403678,-1.0,-1.5405405405403678,-1.0,-1.5405405405403678,37.00000000001182,-1,2024
2.0,1.7101449275361593,2.0,1.7101449275361593,2.0,1.7101449275361593,68.99999999998272,1,2024
2.0,1.7101449275361593,2.0,1.7101449275361593,2.0,1.7101449275361593,68.99999999998272,1,2024
-1.0,-1.212089077412517,0.0,-0.21208907741251695,0.0,-0.21208907741251695,94.29999999999836,-1,2024
-1.0,-1.212089077412517,0.0,-0.21208907741251695,0.0,-0.21208907741251695,94.29999999999836,-1,2024
-1.0,-1.212089077412517,0.0,-0.21208907741251695,0.0,-0.21208907741251695,94.29999999999836,-1,2024
2.0,1.6,0.0,-0.4,0.0,-0.4,50.0,1,2024
2.0,1.8256320836965898,2.0,1.8256320836965898,2.0,1.8256320836965898,114.69999999999345,1,2024
-1.0,-1.27027027027035,-1.0,-1.27027027027035,-1.0,-1.27027027027035,73.99999999997817,-1,2024
-1.0,-1.3076923076922646,-1.0,-1.3076923076922646,-1.0,-1.3076923076922646,65.0000000000091,1,2024
-1.0,-1.2531645569620369,0.0,-0.253164556962037,0.0,-0.253164556962037,78.99999999999636,-1,2024
-1.0,-1.1324503311258485,-1.0,-1.1324503311258485,-1.0,-1.1324503311258485,150.99999999997635,1,2024
-1.0,-1.3333333333333839,-1.0,-1.3333333333333839,-1.0,-1.3333333333333839,59.999999999990905,1,2024
2.0,1.772727272727301,0.0,-0.2272727272726991,0.0,-0.2272727272726991,88.00000000001091,1,2024
-1.0,-1.2985074626865347,-1.0,-1.2985074626865347,-1.0,-1.2985074626865347,67.00000000000728,1,2024
2.0,1.8095238095238426,2.0,1.8095238095238426,2.0,1.8095238095238426,105.00000000001819,-1,2024
2.0,1.8726114649681662,2.0,1.8726114649681662,1.6,1.4726114649681663,157.00000000001637,-1,2024
-1.0,-1.0808734330772356,-1.0,-1.0808734330772356,-1.0,-1.0808734330772356,247.29999999999563,-1,2024
2.0,1.9245283018867951,2.0,1.9245283018867951,2.0,1.9245283018867951,265.0000000000091,1,2024
-1.0,-1.5882352941173954,-1.0,-1.5882352941173954,-1.0,-1.5882352941173954,34.00000000001455,-1,2024
-1.0,-1.5882352941173954,-1.0,-1.5882352941173954,-1.0,-1.5882352941173954,34.00000000001455,-1,2024
2.0,1.6610169491526259,2.0,1.6610169491526259,2.0,1.6610169491526259,59.00000000001455,-1,2024
2.0,1.718309859154944,2.0,1.718309859154944,1.6,1.318309859154944,71.00000000000364,1,2024
-1.0,-1.444444444444624,-1.0,-1.444444444444624,-1.0,-1.444444444444624,44.99999999998181,1,2024
-1.0,-1.1315789473684226,-1.0,-1.1315789473684226,-1.0,-1.1315789473684226,151.99999999999818,1,2024
-1.0,-1.2941176470586977,-1.0,-1.2941176470586977,-1.0,-1.2941176470586977,68.0000000000291,-1,2024
2.0,1.7014925373132626,2.0,1.7014925373132626,2.0,1.7014925373132626,66.9999999999618,1,2024
-1.0,-1.3571428571428918,-1.0,-1.3571428571428918,-1.0,-1.3571428571428918,55.99999999999454,1,2024
-1.0,-1.1626016260162577,-1.0,-1.1626016260162577,-1.0,-1.1626016260162577,123.00000000000182,-1,2024
2.0,1.764705882352916,2.0,1.764705882352916,2.0,1.764705882352916,84.9999999999909,-1,2024
2.0,1.764705882352916,2.0,1.764705882352916,2.0,1.764705882352916,84.9999999999909,-1,2024
-1.0,-1.2105263157894133,-1.0,-1.2105263157894133,-1.0,-1.2105263157894133,95.00000000002728,1,2024
-1.0,-1.2105263157894133,-1.0,-1.2105263157894133,-1.0,-1.2105263157894133,95.00000000002728,1,2024
2.0,1.3548387096773058,2.0,1.3548387096773058,2.0,1.3548387096773058,30.999999999994543,-1,2024
-1.0,-1.140845070422528,-1.0,-1.140845070422528,-1.0,-1.140845070422528,142.00000000000728,-1,2024
-1.0,-1.140845070422528,-1.0,-1.140845070422528,-1.0,-1.140845070422528,142.00000000000728,-1,2024
-1.0,-1.5882352941173954,0.0,-0.5882352941173953,0.0,-0.5882352941173953,34.00000000001455,-1,2024
-1.0,-1.3703703703703953,0.0,-0.37037037037039533,0.0,-0.37037037037039533,53.99999999999636,-1,2024
2.0,1.7916666666666745,2.0,1.7916666666666745,1.6,1.3916666666666746,96.00000000000364,1,2024
2.0,1.7916666666666745,2.0,1.7916666666666745,1.6,1.3916666666666746,96.00000000000364,1,2024
2.0,1.7916666666666745,2.0,1.7916666666666745,1.6,1.3916666666666746,96.00000000000364,1,2024
2.0,1.7894736842105867,2.0,1.7894736842105867,2.0,1.7894736842105867,95.00000000002728,-1,2024
2.0,1.7894736842105867,2.0,1.7894736842105867,2.0,1.7894736842105867,95.00000000002728,-1,2024
2.0,1.7610513739545965,2.0,1.7610513739545965,1.6,1.3610513739545966,83.69999999999891,1,2024
-1.0,-1.363636363636544,0.0,-0.36363636363654406,0.0,-0.36363636363654406,54.999999999972715,1,2024
-1.0,-1.363636363636544,0.0,-0.36363636363654406,0.0,-0.36363636363654406,54.999999999972715,1,2024
-1.0,-1.363636363636544,0.0,-0.36363636363654406,0.0,-0.36363636363654406,54.999999999972715,1,2024
-1.0,-1.2344665885111192,-1.0,-1.2344665885111192,-1.0,-1.2344665885111192,85.30000000000655,-1,2024
-1.0,-1.0884955752212482,-1.0,-1.0884955752212482,-1.0,-1.0884955752212482,225.99999999997635,-1,2024
-1.0,-1.3333333333333839,-1.0,-1.3333333333333839,-1.0,-1.3333333333333839,59.999999999990905,-1,2024
-1.0,-1.0524934383202107,-1.0,-1.0524934383202107,-1.0,-1.0524934383202107,380.99999999999454,1,2024
-1.0,-1.0524934383202107,-1.0,-1.0524934383202107,-1.0,-1.0524934383202107,380.99999999999454,1,2024
2.0,1.9374999999999964,0.0,-0.06250000000000355,0.0,-0.06250000000000355,319.9999999999818,-1,2024
2.0,1.7028231797920774,2.0,1.7028231797920774,1.6,1.3028231797920775,67.30000000002292,-1,2024
-1.0,-1.16,0.0,-0.16,0.0,-0.16,125.0,1,2024
-1.0,-1.16,0.0,-0.16,0.0,-0.16,125.0,1,2024
-1.0,-1.1709401709401603,-1.0,-1.1709401709401603,-1.0,-1.1709401709401603,117.00000000000728,-1,2024
-1.0,-1.1709401709401603,-1.0,-1.1709401709401603,-1.0,-1.1709401709401603,117.00000000000728,-1,2024
-1.0,-1.1030927835051518,-1.0,-1.1030927835051518,-1.0,-1.1030927835051518,194.00000000000546,1,2024
-1.0,-1.1156069364161838,0.0,-0.11560693641618376,0.0,-0.11560693641618376,173.00000000000182,1,2024
-1.0,-1.0749063670411965,0.0,-0.07490636704119646,0.0,-0.07490636704119646,267.0000000000073,1,2024
-1.0,-1.1550387596899268,-1.0,-1.1550387596899268,-1.0,-1.1550387596899268,128.99999999999636,-1,2024
-1.0,-1.1550387596899268,-1.0,-1.1550387596899268,-1.0,-1.1550387596899268,128.99999999999636,-1,2024
-1.0,-1.072992700729933,0.0,-0.07299270072993283,0.0,-0.07299270072993283,273.9999999999782,1,2024
2.0,1.8780487804877954,2.0,1.8780487804877954,1.6,1.4780487804877955,163.99999999998727,-1,2024
2.0,1.8148148148148024,2.0,1.8148148148148024,2.0,1.8148148148148024,107.99999999999272,1,2024
-1.0,-1.3846153846153981,-1.0,-1.3846153846153981,-1.0,-1.3846153846153981,51.99999999999818,-1,2024
-1.0,-1.163934426229535,-1.0,-1.163934426229535,-1.0,-1.163934426229535,121.99999999997999,1,2024
-1.0,-1.416666666666651,0.0,-0.4166666666666509,0.0,-0.4166666666666509,48.00000000000182,-1,2024
2.0,1.822537710736461,2.0,1.822537710736461,1.6,1.4225377107364612,112.69999999999527,1,2024
2.0,1.7894736842105867,0.0,-0.21052631578941322,0.0,-0.21052631578941322,95.00000000002728,1,2024
2.0,1.7894736842105867,0.0,-0.21052631578941322,0.0,-0.21052631578941322,95.00000000002728,1,2024
-1.0,-1.1526717557251973,-1.0,-1.1526717557251973,-1.0,-1.1526717557251973,130.99999999999454,1,2024
-1.0,-1.1142857142857143,0.0,-0.1142857142857143,0.0,-0.1142857142857143,175.0,-1,2024
-1.0,-1.2207505518763921,-1.0,-1.2207505518763921,-1.0,-1.2207505518763921,90.5999999999949,1,2024
-1.0,-1.28571428571436,0.0,-0.28571428571436,0.0,-0.28571428571436,69.99999999998181,-1,2024
-1.0,-1.28571428571436,0.0,-0.28571428571436,0.0,-0.28571428571436,69.99999999998181,-1,2024
-1.0,-1.064102564102557,-1.0,-1.064102564102557,-1.0,-1.064102564102557,312.00000000003456,1,2024
2.0,1.874999999999993,2.0,1.874999999999993,1.6,1.474999999999993,159.9999999999909,1,2024
2.0,1.874999999999993,2.0,1.874999999999993,1.6,1.474999999999993,159.9999999999909,1,2024
2.0,1.8736576121288395,2.0,1.8736576121288395,2.0,1.8736576121288395,158.2999999999629,1,2024
-1.0,-1.2127659574467962,-1.0,-1.2127659574467962,-1.0,-1.2127659574467962,94.00000000000546,1,2024
-1.0,-1.1904761904761574,-1.0,-1.1904761904761574,-1.0,-1.1904761904761574,105.00000000001819,-1,2024
-1.0,-1.1904761904761574,-1.0,-1.1904761904761574,-1.0,-1.1904761904761574,105.00000000001819,-1,2024
-1.0,-1.1904761904761574,-1.0,-1.1904761904761574,-1.0,-1.1904761904761574,105.00000000001819,-1,2024
-1.0,-1.1562499999999756,-1.0,-1.1562499999999756,-1.0,-1.1562499999999756,128.00000000002,1,2024
2.0,1.94949494949495,2.0,1.94949494949495,2.0,1.94949494949495,396.00000000000364,-1,2024
2.0,1.94949494949495,2.0,1.94949494949495,2.0,1.94949494949495,396.00000000000364,-1,2024
-1.0,-1.16,-1.0,-1.16,-1.0,-1.16,125.0,1,2024
-1.0,-1.1724137931034022,0.0,-0.17241379310340232,0.0,-0.17241379310340232,116.00000000003092,-1,2024
-1.0,-1.1724137931034022,0.0,-0.17241379310340232,0.0,-0.17241379310340232,116.00000000003092,-1,2024
-1.0,-1.108873162765379,-1.0,-1.108873162765379,-1.0,-1.108873162765379,183.6999999999989,1,2024
2.0,1.935691318327977,2.0,1.935691318327977,2.0,1.935691318327977,311.00000000001273,1,2024
2.0,1.8998497746619851,2.0,1.8998497746619851,1.6,1.4998497746619852,199.69999999998436,1,2024
-1.0,-1.0680272108843525,0.0,-0.06802721088435248,0.0,-0.06802721088435248,294.00000000000546,-1,2024
2.0,1.8039215686274475,2.0,1.8039215686274475,1.6,1.4039215686274475,101.99999999999818,-1,2024
-1.0,-1.2469135802469302,-1.0,-1.2469135802469302,-1.0,-1.2469135802469302,80.99999999999454,-1,2024
-1.0,-1.119760479041911,0.0,-0.11976047904191095,0.0,-0.11976047904191095,167.00000000000728,1,2024
2.0,1.9352750809061423,0.0,-0.06472491909385761,0.0,-0.06472491909385761,308.9999999999691,1,2024
-1.0,-1.1025641025640882,-1.0,-1.1025641025640882,-1.0,-1.1025641025640882,195.00000000002728,-1,2024
2.0,1.923371647509569,2.0,1.923371647509569,1.6,1.523371647509569,260.99999999996726,-1,2024
2.0,1.9267399267399272,2.0,1.9267399267399272,1.6,1.5267399267399273,273.0000000000018,-1,2024
2.0,1.9267399267399272,2.0,1.9267399267399272,1.6,1.5267399267399273,273.0000000000018,-1,2024
2.0,1.9267399267399272,2.0,1.9267399267399272,1.6,1.5267399267399273,273.0000000000018,-1,2024
2.0,1.9267399267399272,2.0,1.9267399267399272,1.6,1.5267399267399273,273.0000000000018,-1,2024
-1.0,-1.1924927815206532,-1.0,-1.1924927815206532,-1.0,-1.1924927815206532,103.90000000002146,-1,2024
-1.0,-1.1924927815206532,-1.0,-1.1924927815206532,-1.0,-1.1924927815206532,103.90000000002146,-1,2024
-1.0,-1.0820008200081899,-1.0,-1.0820008200081899,-1.0,-1.0820008200081899,243.90000000003056,-1,2024
2.0,1.9052132701421858,2.0,1.9052132701421858,2.0,1.9052132701421858,211.00000000001273,-1,2024
-1.0,-1.0630318310746882,-1.0,-1.0630318310746882,-1.0,-1.0630318310746882,317.3000000000229,1,2024
-1.0,-1.1324503311258485,-1.0,-1.1324503311258485,-1.0,-1.1324503311258485,150.99999999997635,1,2024
-1.0,-1.112994350282487,-1.0,-1.112994350282487,-1.0,-1.112994350282487,176.99999999999818,-1,2024
2.0,1.8290598290598397,2.0,1.8290598290598397,1.6,1.4290598290598397,117.00000000000728,1,2024
2.0,1.9253731343283536,2.0,1.9253731343283536,1.6,1.5253731343283536,267.99999999998363,-1,2024
2.0,1.6023856858848156,2.0,1.6023856858848156,1.6,1.2023856858848156,50.30000000001564,-1,2024
2.0,1.874999999999993,0.0,-0.1250000000000071,0.0,-0.1250000000000071,159.9999999999909,1,2024
2.0,1.8245614035088222,0.0,-0.17543859649117768,0.0,-0.17543859649117768,114.00000000003274,1,2024
-1.0,-1.1754385964912477,-1.0,-1.1754385964912477,-1.0,-1.1754385964912477,113.99999999998727,1,2024
-1.0,-1.219780219780255,0.0,-0.21978021978025494,0.0,-0.21978021978025494,90.99999999998545,1,2024
-1.0,-1.1197604790419435,0.0,-0.11976047904194356,0.0,-0.11976047904194356,166.9999999999618,1,2024
-1.0,-1.120481927710854,0.0,-0.12048192771085395,0.0,-0.12048192771085395,165.99999999998545,-1,2024
-1.0,-1.120481927710854,0.0,-0.12048192771085395,0.0,-0.12048192771085395,165.99999999998545,-1,2024
2.0,1.7979797979797534,2.0,1.7979797979797534,1.6,1.3979797979797535,98.99999999997817,-1,2024
2.0,1.836065573770465,2.0,1.836065573770465,1.6,1.436065573770465,121.99999999997999,-1,2024
2.0,1.8717948717948674,0.0,-0.1282051282051327,0.0,-0.1282051282051327,155.99999999999454,-1,2024
-1.0,-1.1699235344094963,0.0,-0.16992353440949629,0.0,-0.16992353440949629,117.70000000001346,-1,2024
-1.0,-1.2372479240807073,-1.0,-1.2372479240807073,-1.0,-1.2372479240807073,84.29999999998472,1,2024
-1.0,-1.083927822073024,-1.0,-1.083927822073024,-1.0,-1.083927822073024,238.29999999998108,-1,2024
2.0,1.9481462276380603,2.0,1.9481462276380603,1.6,1.5481462276380604,385.6999999999971,1,2024
-1.0,-1.089686098654726,-1.0,-1.089686098654726,-1.0,-1.089686098654726,222.99999999995634,-1,2024
-1.0,-1.06211180124224,-1.0,-1.06211180124224,-1.0,-1.06211180124224,321.99999999998,-1,2024
2.0,1.8449612403100732,0.0,-0.15503875968992686,0.0,-0.15503875968992686,128.99999999999636,1,2024
-1.0,-1.0762485703393048,-1.0,-1.0762485703393048,-1.0,-1.0762485703393048,262.30000000000473,1,2024
-1.0,-1.3571428571428918,-1.0,-1.3571428571428918,-1.0,-1.3571428571428918,55.99999999999454,1,2024
-1.0,-1.2439024390243416,-1.0,-1.2439024390243416,-1.0,-1.2439024390243416,82.00000000001637,1,2024
-1.0,-1.57142857142872,-1.0,-1.57142857142872,-1.0,-1.57142857142872,34.999999999990905,-1,2024
-1.0,-1.1003512293025621,-1.0,-1.1003512293025621,-1.0,-1.1003512293025621,199.29999999999382,1,2024
-1.0,-1.1052631578947318,-1.0,-1.1052631578947318,-1.0,-1.1052631578947318,190.0000000000091,1,2024
-1.0,-1.1052631578947318,-1.0,-1.1052631578947318,-1.0,-1.1052631578947318,190.0000000000091,1,2024
-1.0,-1.1234567901234305,-1.0,-1.1234567901234305,-1.0,-1.1234567901234305,162.00000000003456,-1,2024
-1.0,-1.129870129870133,-1.0,-1.129870129870133,-1.0,-1.129870129870133,153.99999999999636,1,2024
-1.0,-1.2531645569620369,-1.0,-1.2531645569620369,-1.0,-1.2531645569620369,78.99999999999636,-1,2024
-1.0,-1.0701754385964934,-1.0,-1.0701754385964934,-1.0,-1.0701754385964934,284.9999999999909,-1,2024
-1.0,-1.0701754385964934,-1.0,-1.0701754385964934,-1.0,-1.0701754385964934,284.9999999999909,-1,2024
-1.0,-1.3333333333333839,-1.0,-1.3333333333333839,-1.0,-1.3333333333333839,59.999999999990905,-1,2024
2.0,1.9530626613471012,0.0,-0.046937338652898744,0.0,-0.046937338652898744,426.0999999999967,1,2024
-1.0,-1.1666666666666918,-1.0,-1.1666666666666918,-1.0,-1.1666666666666918,119.99999999998181,1,2024
-1.0,-1.3091190108191966,-1.0,-1.3091190108191966,-1.0,-1.3091190108191966,64.69999999999345,1,2024
-1.0,-1.3091190108191966,-1.0,-1.3091190108191966,-1.0,-1.3091190108191966,64.69999999999345,1,2024
-1.0,-1.1769911504424608,0.0,-0.1769911504424608,0.0,-0.1769911504424608,113.00000000001091,1,2024
-1.0,-1.1769911504424608,0.0,-0.1769911504424608,0.0,-0.1769911504424608,113.00000000001091,1,2024
2.0,1.86043265875785,2.0,1.86043265875785,2.0,1.86043265875785,143.29999999999927,-1,2024
-1.0,-1.0840336134453903,0.0,-0.08403361344539036,0.0,-0.08403361344539036,237.99999999996544,-1,2024
2.0,1.9342105263157887,2.0,1.9342105263157887,2.0,1.9342105263157887,303.99999999999636,1,2024
-1.0,-1.2247191011236276,-1.0,-1.2247191011236276,-1.0,-1.2247191011236276,88.99999999998727,-1,2024
-1.0,-1.0408163265306152,-1.0,-1.0408163265306152,-1.0,-1.0408163265306152,489.9999999999636,-1,2024
-1.0,-1.0408163265306152,-1.0,-1.0408163265306152,-1.0,-1.0408163265306152,489.9999999999636,-1,2024
-1.0,-1.0408163265306152,-1.0,-1.0408163265306152,-1.0,-1.0408163265306152,489.9999999999636,-1,2024
2.0,1.8290598290598397,2.0,1.8290598290598397,1.6,1.4290598290598397,117.00000000000728,1,2024
2.0,1.8507462686567326,2.0,1.8507462686567326,1.6,1.4507462686567327,134.00000000001455,-1,2024
-1.0,-1.1966568338250092,-1.0,-1.1966568338250092,-1.0,-1.1966568338250092,101.69999999998254,1,2024
2.0,1.7752808988764872,2.0,1.7752808988764872,1.6,1.3752808988764873,89.00000000003274,1,2024
-1.0,-1.0608457560085136,-1.0,-1.0608457560085136,-1.0,-1.0608457560085136,328.7000000000262,1,2024
2.0,1.8,2.0,1.8,1.6,1.4000000000000001,100.0,-1,2024
2.0,1.9284948158741515,0.0,-0.07150518412584848,0.0,-0.07150518412584848,279.70000000000255,-1,2024
2.0,1.9284948158741515,0.0,-0.07150518412584848,0.0,-0.07150518412584848,279.70000000000255,-1,2024
2.0,1.9284948158741515,0.0,-0.07150518412584848,0.0,-0.07150518412584848,279.70000000000255,-1,2024
-1.0,-1.3174603174602626,0.0,-0.3174603174602625,0.0,-0.3174603174602625,63.000000000010914,-1,2024
-1.0,-1.3174603174602626,0.0,-0.3174603174602625,0.0,-0.3174603174602625,63.000000000010914,-1,2024
-1.0,-1.3030303030303698,0.0,-0.3030303030303699,0.0,-0.3030303030303699,65.99999999998545,1,2024
-1.0,-1.219780219780255,-1.0,-1.219780219780255,-1.0,-1.219780219780255,90.99999999998545,-1,2024
2.0,1.8,0.0,-0.2,0.0,-0.2,100.0,1,2024
-1.0,-1.143884892086344,-1.0,-1.143884892086344,-1.0,-1.143884892086344,138.99999999998727,-1,2024
2.0,1.791666666666576,0.0,-0.20833333333342413,0.0,-0.20833333333342413,95.99999999995816,1,2024
2.0,1.915611814346004,2.0,1.915611814346004,2.0,1.915611814346004,237.00000000003456,1,2024
-1.0,-1.1428571428571335,-1.0,-1.1428571428571335,-1.0,-1.1428571428571335,140.0000000000091,-1,2024
-1.0,-1.1550387596899268,-1.0,-1.1550387596899268,-1.0,-1.1550387596899268,128.99999999999636,1,2024
-1.0,-1.2751031636862626,-1.0,-1.2751031636862626,-1.0,-1.2751031636862626,72.70000000003165,-1,2024
2.0,1.8473282442748027,2.0,1.8473282442748027,2.0,1.8473282442748027,130.99999999999454,-1,2024
2.0,1.8473282442748027,2.0,1.8473282442748027,2.0,1.8473282442748027,130.99999999999454,-1,2024
-1.0,-1.1886792452830286,0.0,-0.1886792452830286,0.0,-0.1886792452830286,105.99999999999454,1,2024
-1.0,-1.0445434298441,0.0,-0.04454342984410016,0.0,-0.04454342984410016,448.9999999999782,1,2024
-1.0,-1.3030303030303698,0.0,-0.3030303030303699,0.0,-0.3030303030303699,65.99999999998545,1,2024
2.0,1.8835177635410667,2.0,1.8835177635410667,1.6,1.4835177635410668,171.70000000000982,-1,2024
-1.0,-1.4545454545453982,-1.0,-1.4545454545453982,-1.0,-1.4545454545453982,44.00000000000546,1,2024
-1.0,-1.4545454545453982,-1.0,-1.4545454545453982,-1.0,-1.4545454545453982,44.00000000000546,1,2024
-1.0,-1.1562499999999756,-1.0,-1.1562499999999756,-1.0,-1.1562499999999756,128.00000000002,-1,2024
-1.0,-1.2531645569620369,-1.0,-1.2531645569620369,-1.0,-1.2531645569620369,78.99999999999636,1,2024
-1.0,-1.2531645569620369,0.0,-0.253164556962037,0.0,-0.253164556962037,78.99999999999636,-1,2024
2.0,1.8230088495575392,2.0,1.8230088495575392,2.0,1.8230088495575392,113.00000000001091,-1,2024
2.0,1.8230088495575392,2.0,1.8230088495575392,2.0,1.8230088495575392,113.00000000001091,-1,2024
-1.0,-1.1086956521739044,-1.0,-1.1086956521739044,-1.0,-1.1086956521739044,184.00000000001455,-1,2024
-1.0,-1.119760479041911,-1.0,-1.119760479041911,-1.0,-1.119760479041911,167.00000000000728,1,2024
-1.0,-1.119760479041911,-1.0,-1.119760479041911,-1.0,-1.119760479041911,167.00000000000728,1,2024
-1.0,-1.4545454545453982,0.0,-0.4545454545453982,0.0,-0.4545454545453982,44.00000000000546,-1,2024
2.0,1.8240985048373175,2.0,1.8240985048373175,2.0,1.8240985048373175,113.7000000000171,1,2024
2.0,1.755201958384335,2.0,1.755201958384335,2.0,1.755201958384335,81.70000000000073,1,2024
-1.0,-1.1075268817204227,-1.0,-1.1075268817204227,-1.0,-1.1075268817204227,186.00000000001273,1,2024
-1.0,-1.0931532370749912,-1.0,-1.0931532370749912,-1.0,-1.0931532370749912,214.69999999999345,1,2024
-1.0,-1.0931532370749912,-1.0,-1.0931532370749912,-1.0,-1.0931532370749912,214.69999999999345,1,2024
2.0,1.7101449275362548,0.0,-0.2898550724637452,0.0,-0.2898550724637452,69.00000000000546,-1,2024
-1.0,-1.1425516749822022,0.0,-0.14255167498220211,0.0,-0.14255167498220211,140.29999999997926,1,2024
-1.0,-1.051813471502589,0.0,-0.05181347150258897,0.0,-0.05181347150258897,386.00000000001273,1,2024
-1.0,-1.051813471502589,0.0,-0.05181347150258897,0.0,-0.05181347150258897,386.00000000001273,1,2024
2.0,1.6610169491523648,2.0,1.6610169491523648,2.0,1.6610169491523648,58.99999999996908,1,2024
-1.0,-1.060845756008522,-1.0,-1.060845756008522,-1.0,-1.060845756008522,328.6999999999807,-1,2024
-1.0,-1.060845756008522,-1.0,-1.060845756008522,-1.0,-1.060845756008522,328.6999999999807,-1,2024
-1.0,-1.060845756008522,-1.0,-1.060845756008522,-1.0,-1.060845756008522,328.6999999999807,-1,2024
-1.0,-1.060845756008522,-1.0,-1.060845756008522,-1.0,-1.060845756008522,328.6999999999807,-1,2024
-1.0,-1.060845756008522,-1.0,-1.060845756008522,-1.0,-1.060845756008522,328.6999999999807,-1,2024
2.0,1.876543209876535,2.0,1.876543209876535,1.6,1.476543209876535,161.9999999999891,-1,2024
-1.0,-1.3571428571426019,-1.0,-1.3571428571426019,-1.0,-1.3571428571426019,56.00000000004002,1,2024
-1.0,-1.0816326530612306,-1.0,-1.0816326530612306,-1.0,-1.0816326530612306,244.9999999999818,1,2024
-1.0,-1.219780219780145,-1.0,-1.219780219780145,-1.0,-1.219780219780145,91.00000000003092,1,2024
-1.0,-1.0991571641050928,0.0,-0.09915716410509283,0.0,-0.09915716410509283,201.700000000028,1,2024
-1.0,-1.0614062020264035,0.0,-0.061406202026403504,0.0,-0.061406202026403504,325.7000000000062,1,2024
-1.0,-1.2469135802467917,-1.0,-1.2469135802467917,-1.0,-1.2469135802467917,81.00000000004002,-1,2024
-1.0,-1.2469135802467917,-1.0,-1.2469135802467917,-1.0,-1.2469135802467917,81.00000000004002,-1,2024
-1.0,-1.1558846453624438,-1.0,-1.1558846453624438,-1.0,-1.1558846453624438,128.29999999999018,1,2024
-1.0,-1.0892857142857049,-1.0,-1.0892857142857049,-1.0,-1.0892857142857049,224.00000000002365,-1,2024
-1.0,-1.210526315789514,0.0,-0.210526315789514,0.0,-0.210526315789514,94.99999999998181,1,2024
2.0,1.821428571428554,2.0,1.821428571428554,1.6,1.4214285714285542,111.99999999998909,1,2024
-1.0,-1.089686098654708,0.0,-0.0896860986547078,0.0,-0.0896860986547078,223.00000000000182,-1,2024
2.0,1.7674418604651507,2.0,1.7674418604651507,1.6,1.3674418604651508,86.00000000001273,1,2024
2.0,1.8888888888889002,2.0,1.8888888888889002,1.6,1.4888888888889003,180.0000000000182,1,2024
-1.0,-1.179694519317115,-1.0,-1.179694519317115,-1.0,-1.179694519317115,111.30000000002838,1,2024
-1.0,-1.179694519317115,-1.0,-1.179694519317115,-1.0,-1.179694519317115,111.30000000002838,1,2024
-1.0,-1.3333333333333839,0.0,-0.3333333333333839,0.0,-0.3333333333333839,59.999999999990905,-1,2024
-1.0,-1.57142857142872,-1.0,-1.57142857142872,-1.0,-1.57142857142872,34.999999999990905,1,2024
-1.0,-1.57142857142872,-1.0,-1.57142857142872,-1.0,-1.57142857142872,34.999999999990905,1,2024
-1.0,-1.2272727272728166,0.0,-0.22727272727281655,0.0,-0.22727272727281655,87.99999999996544,1,2024
-1.0,-1.2272727272728166,0.0,-0.22727272727281655,0.0,-0.22727272727281655,87.99999999996544,1,2024
-1.0,-1.2272727272728166,0.0,-0.22727272727281655,0.0,-0.22727272727281655,87.99999999996544,1,2024
-1.0,-1.402414486921656,-1.0,-1.402414486921656,-1.0,-1.402414486921656,49.69999999998436,-1,2024
2.0,1.8913043478260956,2.0,1.8913043478260956,1.6,1.4913043478260957,184.00000000001455,-1,2024
2.0,1.8922994076467403,2.0,1.8922994076467403,2.0,1.8922994076467403,185.6999999999971,-1,2024
2.0,1.8922994076467403,2.0,1.8922994076467403,2.0,1.8922994076467403,185.6999999999971,-1,2024
2.0,1.8922994076467403,2.0,1.8922994076467403,2.0,1.8922994076467403,185.6999999999971,-1,2024
2.0,1.8922994076467403,2.0,1.8922994076467403,2.0,1.8922994076467403,185.6999999999971,-1,2024
-1.0,-1.4,-1.0,-1.4,-1.0,-1.4,50.0,1,2024
-1.0,-1.227272727272699,0.0,-0.2272727272726991,0.0,-0.2272727272726991,88.00000000001091,-1,2024
-1.0,-1.18399264029439,-1.0,-1.18399264029439,-1.0,-1.18399264029439,108.69999999999891,-1,2024
-1.0,-1.089285714285723,-1.0,-1.089285714285723,-1.0,-1.089285714285723,223.99999999997817,1,2024
-1.0,-1.2766251728907498,-1.0,-1.2766251728907498,-1.0,-1.2766251728907498,72.29999999999563,1,2024
-1.0,-1.2766251728907498,-1.0,-1.2766251728907498,-1.0,-1.2766251728907498,72.29999999999563,1,2024
-1.0,-1.2766251728907498,-1.0,-1.2766251728907498,-1.0,-1.2766251728907498,72.29999999999563,1,2024
-1.0,-1.28571428571436,-1.0,-1.28571428571436,-1.0,-1.28571428571436,69.99999999998181,-1,2024
-1.0,-1.28571428571436,-1.0,-1.28571428571436,-1.0,-1.28571428571436,69.99999999998181,-1,2024
-1.0,-1.28571428571436,-1.0,-1.28571428571436,-1.0,-1.28571428571436,69.99999999998181,-1,2024
2.0,1.8895027624309637,2.0,1.8895027624309637,2.0,1.8895027624309637,181.00000000004002,-1,2024
-1.0,-1.491400491400307,-1.0,-1.491400491400307,-1.0,-1.491400491400307,40.70000000001528,1,2024
-1.0,-1.491400491400307,-1.0,-1.491400491400307,-1.0,-1.491400491400307,40.70000000001528,1,2024
-1.0,-1.491400491400307,-1.0,-1.491400491400307,-1.0,-1.491400491400307,40.70000000001528,1,2024
2.0,1.9156118143459877,2.0,1.9156118143459877,2.0,1.9156118143459877,236.9999999999891,1,2024
2.0,1.9156118143459877,2.0,1.9156118143459877,2.0,1.9156118143459877,236.9999999999891,1,2024
2.0,1.8526160648489283,0.0,-0.1473839351510717,0.0,-0.1473839351510717,135.6999999999971,1,2024
2.0,1.8526160648489283,0.0,-0.1473839351510717,0.0,-0.1473839351510717,135.6999999999971,1,2024
2.0,1.830938292476753,2.0,1.830938292476753,1.6,1.430938292476753,118.29999999999927,1,2024
-1.0,-1.0907852927825703,-1.0,-1.0907852927825703,-1.0,-1.0907852927825703,220.29999999999745,1,2024
-1.0,-1.1449275362319205,0.0,-0.14492753623192037,0.0,-0.14492753623192037,137.99999999996544,-1,2024
-1.0,-1.1449275362319205,0.0,-0.14492753623192037,0.0,-0.14492753623192037,137.99999999996544,-1,2024
2.0,1.7627520759192927,2.0,1.7627520759192927,2.0,1.7627520759192927,84.29999999998472,1,2024
-1.0,-1.1307189542483878,-1.0,-1.1307189542483878,-1.0,-1.1307189542483878,152.99999999997453,-1,2024
-1.0,-1.4056795131846351,0.0,-0.4056795131846351,0.0,-0.4056795131846351,49.299999999993815,1,2024
-1.0,-1.4056795131846351,0.0,-0.4056795131846351,0.0,-0.4056795131846351,49.299999999993815,1,2024
2.0,1.6874999999999378,2.0,1.6874999999999378,2.0,1.6874999999999378,63.99999999998727,1,2024
2.0,1.6874999999999378,2.0,1.6874999999999378,2.0,1.6874999999999378,63.99999999998727,1,2024
-1.0,-1.3552397868560635,-1.0,-1.3552397868560635,-1.0,-1.3552397868560635,56.300000000010186,1,2024
2.0,1.6874999999999378,2.0,1.6874999999999378,1.6,1.287499999999938,63.99999999998727,-1,2024
2.0,1.821428571428554,2.0,1.821428571428554,2.0,1.821428571428554,111.99999999998909,1,2024
2.0,1.9194522754732235,0.0,-0.08054772452677646,0.0,-0.08054772452677646,248.30000000001746,-1,2024
2.0,1.9194522754732235,0.0,-0.08054772452677646,0.0,-0.08054772452677646,248.30000000001746,-1,2024
-1.0,-1.2247191011235128,-1.0,-1.2247191011235128,-1.0,-1.2247191011235128,89.00000000003274,-1,2024
-1.0,-1.2247191011235128,-1.0,-1.2247191011235128,-1.0,-1.2247191011235128,89.00000000003274,-1,2024
-1.0,-1.4878048780489537,-1.0,-1.4878048780489537,-1.0,-1.4878048780489537,40.99999999998545,1,2024
-1.0,-1.2111932418162359,0.0,-0.21119324181623592,0.0,-0.21119324181623592,94.70000000001164,-1,2024
-1.0,-1.6249999999996803,0.0,-0.6249999999996803,0.0,-0.6249999999996803,32.00000000001637,1,2024
-1.0,-1.218102508178864,-1.0,-1.218102508178864,-1.0,-1.218102508178864,91.69999999999163,1,2024
2.0,1.71428571428564,2.0,1.71428571428564,2.0,1.71428571428564,69.99999999998181,1,2024
-1.0,-1.2531645569620369,-1.0,-1.2531645569620369,-1.0,-1.2531645569620369,78.99999999999636,-1,2024
-1.0,-1.2531645569620369,-1.0,-1.2531645569620369,-1.0,-1.2531645569620369,78.99999999999636,-1,2024
-1.0,-1.8333333333340913,0.0,-0.8333333333340913,0.0,-0.8333333333340913,23.999999999978172,-1,2024
-1.0,-1.8333333333340913,0.0,-0.8333333333340913,0.0,-0.8333333333340913,23.999999999978172,-1,2024
2.0,1.932818273429624,2.0,1.932818273429624,2.0,1.932818273429624,297.6999999999862,1,2024
2.0,1.932818273429624,2.0,1.932818273429624,2.0,1.932818273429624,297.6999999999862,1,2024
2.0,1.9386503067484617,2.0,1.9386503067484617,2.0,1.9386503067484617,325.99999999997635,1,2024
2.0,1.9386503067484617,2.0,1.9386503067484617,2.0,1.9386503067484617,325.99999999997635,1,2024
2.0,1.9386503067484617,2.0,1.9386503067484617,2.0,1.9386503067484617,325.99999999997635,1,2024
2.0,1.9386503067484617,2.0,1.9386503067484617,2.0,1.9386503067484617,325.99999999997635,1,2024
2.0,1.9386503067484617,2.0,1.9386503067484617,2.0,1.9386503067484617,325.99999999997635,1,2024
-1.0,-1.634920634920525,-1.0,-1.634920634920525,-1.0,-1.634920634920525,31.500000000005457,1,2024
-1.0,-1.2214839424141144,0.0,-0.22148394241411432,0.0,-0.22148394241411432,90.30000000002474,-1,2024
2.0,1.8095238095238426,0.0,-0.1904761904761575,0.0,-0.1904761904761575,105.00000000001819,1,2024
-1.0,-1.1754385964912477,-1.0,-1.1754385964912477,-1.0,-1.1754385964912477,113.99999999998727,1,2024
-1.0,-1.1728608470181956,-1.0,-1.1728608470181956,-1.0,-1.1728608470181956,115.6999999999698,1,2024
-1.0,-1.1869158878505182,0.0,-0.18691588785051813,0.0,-0.18691588785051813,106.9999999999709,-1,2024
-1.0,-1.0918695452457645,-1.0,-1.0918695452457645,-1.0,-1.0918695452457645,217.69999999996799,-1,2024
-1.0,-1.0918695452457645,-1.0,-1.0918695452457645,-1.0,-1.0918695452457645,217.69999999996799,-1,2024
-1.0,-1.1511715797430238,-1.0,-1.1511715797430238,-1.0,-1.1511715797430238,132.29999999998654,1,2024
-1.0,-1.086206896551718,-1.0,-1.086206896551718,-1.0,-1.086206896551718,232.00000000001637,-1,2024
-1.0,-1.0423101332769211,-1.0,-1.0423101332769211,-1.0,-1.0423101332769211,472.6999999999862,-1,2024
-1.0,-1.281690140845056,-1.0,-1.281690140845056,-1.0,-1.281690140845056,71.00000000000364,1,2024
-1.0,-1.57142857142872,-1.0,-1.57142857142872,-1.0,-1.57142857142872,34.999999999990905,-1,2024
-1.0,-1.327868852458948,0.0,-0.327868852458948,0.0,-0.327868852458948,61.00000000001273,-1,2024
-1.0,-1.059862316671649,-1.0,-1.059862316671649,-1.0,-1.059862316671649,334.1000000000349,1,2024
2.0,1.8515219005196462,2.0,1.8515219005196462,2.0,1.8515219005196462,134.69999999997526,-1,2024
-1.0,-1.1724137931034022,-1.0,-1.1724137931034022,-1.0,-1.1724137931034022,116.00000000003092,-1,2024
-1.0,-1.1869158878504387,-1.0,-1.1869158878504387,-1.0,-1.1869158878504387,107.00000000001637,-1,2024
2.0,1.9050783103939237,2.0,1.9050783103939237,1.6,1.5050783103939238,210.6999999999971,-1,2024
-1.0,-1.1846722068328575,0.0,-0.1846722068328574,0.0,-0.1846722068328574,108.30000000000837,1,2024
-1.0,-1.1846722068328575,0.0,-0.1846722068328574,0.0,-0.1846722068328574,108.30000000000837,1,2024
-1.0,-1.1846722068328575,0.0,-0.1846722068328574,0.0,-0.1846722068328574,108.30000000000837,1,2024
-1.0,-1.3174603174602626,-1.0,-1.3174603174602626,-1.0,-1.3174603174602626,63.000000000010914,1,2024
-1.0,-1.2047082906858018,0.0,-0.20470829068580176,0.0,-0.20470829068580176,97.69999999998618,-1,2024
-1.0,-1.2047082906858018,0.0,-0.20470829068580176,0.0,-0.20470829068580176,97.69999999998618,-1,2024
2.0,1.8333333333333082,0.0,-0.16666666666669194,0.0,-0.16666666666669194,119.99999999998181,1,2024
2.0,1.8333333333333082,0.0,-0.16666666666669194,0.0,-0.16666666666669194,119.99999999998181,1,2024
2.0,1.8333333333333082,0.0,-0.16666666666669194,0.0,-0.16666666666669194,119.99999999998181,1,2024
2.0,1.696969696969839,2.0,1.696969696969839,1.6,1.296969696969839,66.00000000003092,-1,2024
-1.0,-1.113830392714851,-1.0,-1.113830392714851,-1.0,-1.113830392714851,175.70000000000618,-1,2024
-1.0,-1.1801801801801595,-1.0,-1.1801801801801595,-1.0,-1.1801801801801595,111.00000000001273,1,2024
-1.0,-1.1149425287356467,-1.0,-1.1149425287356467,-1.0,-1.1149425287356467,173.99999999997817,1,2024
-1.0,-1.1149425287356467,-1.0,-1.1149425287356467,-1.0,-1.1149425287356467,173.99999999997817,1,2024
-1.0,-1.2173913043479163,-1.0,-1.2173913043479163,-1.0,-1.2173913043479163,91.9999999999618,-1,2024
-1.0,-1.2,0.0,-0.2,0.0,-0.2,100.0,1,2024
2.0,1.8518518518518419,2.0,1.8518518518518419,1.6,1.451851851851842,134.9999999999909,-1,2024
2.0,1.8305084745762477,2.0,1.8305084745762477,1.6,1.4305084745762477,117.99999999998363,1,2024
2.0,1.8305084745762477,2.0,1.8305084745762477,1.6,1.4305084745762477,117.99999999998363,1,2024
2.0,1.8305084745762477,2.0,1.8305084745762477,1.6,1.4305084745762477,117.99999999998363,1,2024
2.0,1.82758620689653,2.0,1.82758620689653,2.0,1.82758620689653,115.99999999998545,1,2024
-1.0,-1.2564102564101907,-1.0,-1.2564102564101907,-1.0,-1.2564102564101907,78.00000000002001,-1,2024
-1.0,-1.140845070422528,-1.0,-1.140845070422528,-1.0,-1.140845070422528,142.00000000000728,1,2024
-1.0,-1.112994350282487,-1.0,-1.112994350282487,-1.0,-1.112994350282487,176.99999999999818,1,2024
-1.0,-1.4056795131846351,-1.0,-1.4056795131846351,-1.0,-1.4056795131846351,49.299999999993815,-1,2024
-1.0,-1.1094690749863028,-1.0,-1.1094690749863028,-1.0,-1.1094690749863028,182.70000000002256,1,2024
2.0,1.9534883720930203,2.0,1.9534883720930203,2.0,1.9534883720930203,429.9999999999727,1,2024
2.0,1.9534883720930203,2.0,1.9534883720930203,2.0,1.9534883720930203,429.9999999999727,1,2024
-1.0,-1.068704912401246,-1.0,-1.068704912401246,-1.0,-1.068704912401246,291.09999999996035,1,2024
-1.0,-1.0510204081632644,0.0,-0.051020408163264364,0.0,-0.051020408163264364,392.0000000000073,-1,2024
-1.0,-1.0282087447108599,-1.0,-1.0282087447108599,-1.0,-1.0282087447108599,709.0000000000146,-1,2024
2.0,1.9514563106796103,2.0,1.9514563106796103,1.6,1.5514563106796104,411.9999999999891,1,2024
2.0,1.8476770753998066,0.0,-0.15232292460019328,0.0,-0.15232292460019328,131.2999999999647,1,2024
2.0,1.8286203941730812,2.0,1.8286203941730812,1.6,1.4286203941730813,116.69999999999163,1,2024
-1.0,-1.1273885350318338,0.0,-0.12738853503183387,0.0,-0.12738853503183387,157.00000000001637,-1,2024
-1.0,-1.0671140939597312,-1.0,-1.0671140939597312,-1.0,-1.0671140939597312,298.0000000000018,-1,2024
-1.0,-1.0917431192660427,-1.0,-1.0917431192660427,-1.0,-1.0917431192660427,218.0000000000291,1,2024
-1.0,-1.0917431192660427,-1.0,-1.0917431192660427,-1.0,-1.0917431192660427,218.0000000000291,1,2024
-1.0,-1.0526315789473721,-1.0,-1.0526315789473721,-1.0,-1.0526315789473721,379.9999999999727,-1,2024
-1.0,-1.1449275362319205,-1.0,-1.1449275362319205,-1.0,-1.1449275362319205,137.99999999996544,1,2024
-1.0,-1.1538461538461324,-1.0,-1.1538461538461324,-1.0,-1.1538461538461324,130.0000000000182,-1,2024
-1.0,-1.1620745542949857,-1.0,-1.1620745542949857,-1.0,-1.1620745542949857,123.39999999999236,-1,2024
-1.0,-1.2325581395348493,-1.0,-1.2325581395348493,-1.0,-1.2325581395348493,86.00000000001273,1,2024
2.0,1.5238095238096063,2.0,1.5238095238096063,2.0,1.5238095238096063,42.000000000007276,-1,2024
-1.0,-1.3448275862069399,-1.0,-1.3448275862069399,-1.0,-1.3448275862069399,57.999999999992724,-1,2024
-1.0,-1.3448275862069399,-1.0,-1.3448275862069399,-1.0,-1.3448275862069399,57.999999999992724,-1,2024
2.0,1.8715478484264438,0.0,-0.12845215157355627,0.0,-0.12845215157355627,155.6999999999789,1,2024
2.0,1.6753246753246676,0.0,-0.3246753246753324,0.0,-0.3246753246753324,61.599999999998545,-1,2024
-1.0,-1.2247191011236276,-1.0,-1.2247191011236276,-1.0,-1.2247191011236276,88.99999999998727,1,2024
2.0,1.7248968363137374,2.0,1.7248968363137374,1.6,1.3248968363137374,72.70000000003165,-1,2024
2.0,1.7248968363137374,2.0,1.7248968363137374,1.6,1.3248968363137374,72.70000000003165,-1,2024
2.0,1.9152542372881403,2.0,1.9152542372881403,1.6,1.5152542372881403,236.00000000001273,-1,2024
-1.0,-1.2173913043479163,-1.0,-1.2173913043479163,-1.0,-1.2173913043479163,91.9999999999618,-1,2024
-1.0,-1.1117318435754213,-1.0,-1.1117318435754213,-1.0,-1.1117318435754213,178.99999999999636,1,2024
2.0,1.9511002444987737,2.0,1.9511002444987737,2.0,1.9511002444987737,408.9999999999691,1,2024
2.0,1.9511002444987737,2.0,1.9511002444987737,2.0,1.9511002444987737,408.9999999999691,1,2024
2.0,1.9511002444987737,2.0,1.9511002444987737,2.0,1.9511002444987737,408.9999999999691,1,2024
-1.0,-1.1666666666666918,0.0,-0.16666666666669194,0.0,-0.16666666666669194,119.99999999998181,-1,2024
2.0,1.7014925373134653,0.0,-0.2985074626865348,0.0,-0.2985074626865348,67.00000000000728,1,2024
-1.0,-1.1616814874696741,-1.0,-1.1616814874696741,-1.0,-1.1616814874696741,123.700000000008,-1,2024
-1.0,-1.1616814874696741,-1.0,-1.1616814874696741,-1.0,-1.1616814874696741,123.700000000008,-1,2024
-1.0,-1.0943396226415143,-1.0,-1.0943396226415143,-1.0,-1.0943396226415143,211.9999999999891,1,2024
-1.0,-1.0518941359626388,-1.0,-1.0518941359626388,-1.0,-1.0518941359626388,385.39999999998145,1,2024
-1.0,-1.0518941359626388,-1.0,-1.0518941359626388,-1.0,-1.0518941359626388,385.39999999998145,1,2024
-1.0,-1.0518941359626388,-1.0,-1.0518941359626388,-1.0,-1.0518941359626388,385.39999999998145,1,2024
-1.0,-1.222222222222312,-1.0,-1.222222222222312,-1.0,-1.222222222222312,89.99999999996362,-1,2024
-1.0,-1.222222222222312,-1.0,-1.222222222222312,-1.0,-1.222222222222312,89.99999999996362,-1,2024
2.0,1.9037072701011177,0.0,-0.09629272989888218,0.0,-0.09629272989888218,207.70000000002256,-1,2024
2.0,1.9037072701011177,0.0,-0.09629272989888218,0.0,-0.09629272989888218,207.70000000002256,-1,2024
-1.0,-1.183992640294313,0.0,-0.18399264029431311,0.0,-0.18399264029431311,108.70000000004438,-1,2024
-1.0,-1.1492537313432674,-1.0,-1.1492537313432674,-1.0,-1.1492537313432674,134.00000000001455,1,2024
-1.0,-1.0602409638554269,0.0,-0.060240963855426974,0.0,-0.060240963855426974,331.9999999999709,1,2024
-1.0,-1.2828854314003308,0.0,-0.28288543140033096,0.0,-0.28288543140033096,70.699999999988,-1,2024
-1.0,-1.2828854314003308,0.0,-0.28288543140033096,0.0,-0.28288543140033096,70.699999999988,-1,2024
-1.0,-1.1902949571836472,0.0,-0.19029495718364717,0.0,-0.19029495718364717,105.09999999999309,-1,2024
-1.0,-1.084281500210702,0.0,-0.08428150021070208,0.0,-0.08428150021070208,237.30000000000473,1,2024
-1.0,-1.084281500210702,0.0,-0.08428150021070208,0.0,-0.08428150021070208,237.30000000000473,1,2024
-1.0,-1.0734484024972468,-1.0,-1.0734484024972468,-1.0,-1.0734484024972468,272.29999999999563,1,2024
-1.0,-1.0734484024972468,-1.0,-1.0734484024972468,-1.0,-1.0734484024972468,272.29999999999563,1,2024
2.0,1.784946236559102,2.0,1.784946236559102,1.6,1.384946236559102,92.99999999998363,1,2024
2.0,1.8411437648927738,0.0,-0.15885623510722613,0.0,-0.15885623510722613,125.90000000000146,-1,2024
2.0,1.8411437648927738,0.0,-0.15885623510722613,0.0,-0.15885623510722613,125.90000000000146,-1,2024
-1.0,-1.4878048780484125,0.0,-0.4878048780484126,0.0,-0.4878048780484126,41.00000000003092,-1,2024
2.0,1.8816568047337316,2.0,1.8816568047337316,2.0,1.8816568047337316,169.00000000000546,1,2024
2.0,1.874213836477999,2.0,1.874213836477999,2.0,1.874213836477999,159.00000000001455,-1,2024
2.0,1.874213836477999,2.0,1.874213836477999,2.0,1.874213836477999,159.00000000001455,-1,2024
-1.0,-1.2666666666666666,-1.0,-1.2666666666666666,-1.0,-1.2666666666666666,75.0,-1,2024
-1.0,-1.1075268817204227,-1.0,-1.1075268817204227,-1.0,-1.1075268817204227,186.00000000001273,-1,2024
-1.0,-1.3389830508476352,-1.0,-1.3389830508476352,-1.0,-1.3389830508476352,58.99999999996908,1,2024
-1.0,-1.3389830508476352,-1.0,-1.3389830508476352,-1.0,-1.3389830508476352,58.99999999996908,1,2024
-1.0,-1.1754385964912477,0.0,-0.17543859649124768,0.0,-0.17543859649124768,113.99999999998727,1,2024
-1.0,-1.1754385964912477,0.0,-0.17543859649124768,0.0,-0.17543859649124768,113.99999999998727,1,2024
-1.0,-1.3030303030303698,-1.0,-1.3030303030303698,-1.0,-1.3030303030303698,65.99999999998545,-1,2024
-1.0,-1.1151410477835597,-1.0,-1.1151410477835597,-1.0,-1.1151410477835597,173.69999999996253,-1,2024
-1.0,-1.2159827213823056,-1.0,-1.2159827213823056,-1.0,-1.2159827213823056,92.59999999999309,-1,2024
-1.0,-1.2127659574467962,-1.0,-1.2127659574467962,-1.0,-1.2127659574467962,94.00000000000546,-1,2024
2.0,1.8148148148148024,2.0,1.8148148148148024,1.6,1.4148148148148025,107.99999999999272,-1,2024
2.0,1.8857142857142857,2.0,1.8857142857142857,1.6,1.4857142857142858,175.0,-1,2024
2.0,1.8857142857142857,2.0,1.8857142857142857,1.6,1.4857142857142858,175.0,-1,2024
2.0,1.8857142857142857,2.0,1.8857142857142857,1.6,1.4857142857142858,175.0,-1,2024
-1.0,-1.3389830508473741,-1.0,-1.3389830508473741,-1.0,-1.3389830508473741,59.00000000001455,-1,2024
-1.0,-1.3389830508473741,-1.0,-1.3389830508473741,-1.0,-1.3389830508473741,59.00000000001455,-1,2024
-1.0,-1.1526717557251442,-1.0,-1.1526717557251442,-1.0,-1.1526717557251442,131.00000000004002,-1,2024
-1.0,-1.3663003663004858,-1.0,-1.3663003663004858,-1.0,-1.3663003663004858,54.599999999982174,1,2024
-1.0,-1.3663003663004858,-1.0,-1.3663003663004858,-1.0,-1.3663003663004858,54.599999999982174,1,2024
-1.0,-1.3663003663004858,-1.0,-1.3663003663004858,-1.0,-1.3663003663004858,54.599999999982174,1,2024
-1.0,-1.0840336134453743,-1.0,-1.0840336134453743,-1.0,-1.0840336134453743,238.0000000000109,1,2024
-1.0,-1.0840336134453743,-1.0,-1.0840336134453743,-1.0,-1.0840336134453743,238.0000000000109,1,2024
-1.0,-1.167644593461895,-1.0,-1.167644593461895,-1.0,-1.167644593461895,119.29999999997563,1,2024
-1.0,-1.0966183574879151,-1.0,-1.0966183574879151,-1.0,-1.0966183574879151,207.00000000001637,-1,2024
2.0,1.9280575539568279,2.0,1.9280575539568279,1.6,1.528057553956828,277.99999999997453,-1,2024
-1.0,-1.1739130434782472,-1.0,-1.1739130434782472,-1.0,-1.1739130434782472,115.0000000000091,1,2024
-1.0,-1.0833333333333302,0.0,-0.08333333333333018,0.0,-0.08333333333333018,240.0000000000091,1,2024
-1.0,-1.0291545189504367,-1.0,-1.0291545189504367,-1.0,-1.0291545189504367,686.0000000000127,-1,2024
-1.0,-1.0311041990668748,-1.0,-1.0311041990668748,-1.0,-1.0311041990668748,642.9999999999836,1,2024
-1.0,-1.072280448138783,0.0,-0.07228044813878302,0.0,-0.07228044813878302,276.69999999998254,-1,2024
-1.0,-1.072280448138783,0.0,-0.07228044813878302,0.0,-0.07228044813878302,276.69999999998254,-1,2024
-1.0,-1.072280448138783,0.0,-0.07228044813878302,0.0,-0.07228044813878302,276.69999999998254,-1,2024
-1.0,-1.072280448138783,0.0,-0.07228044813878302,0.0,-0.07228044813878302,276.69999999998254,-1,2024
-1.0,-1.072280448138783,0.0,-0.07228044813878302,0.0,-0.07228044813878302,276.69999999998254,-1,2024
-1.0,-1.1098901098901275,-1.0,-1.1098901098901275,-1.0,-1.1098901098901275,181.9999999999709,1,2024
-1.0,-1.1098901098901275,-1.0,-1.1098901098901275,-1.0,-1.1098901098901275,181.9999999999709,1,2024
2.0,1.4117647058826046,2.0,1.4117647058826046,2.0,1.4117647058826046,34.00000000001455,1,2024
-1.0,-1.7142857142863641,-1.0,-1.7142857142863641,-1.0,-1.7142857142863641,27.999999999974534,1,2024
2.0,1.4778067885121113,2.0,1.4778067885121113,2.0,1.4778067885121113,38.30000000002656,-1,2024
-1.0,-1.2666666666666666,0.0,-0.26666666666666666,0.0,-0.26666666666666666,75.0,-1,2024
-1.0,-1.2666666666666666,0.0,-0.26666666666666666,0.0,-0.26666666666666666,75.0,-1,2024
-1.0,-1.0913242009132398,-1.0,-1.0913242009132398,-1.0,-1.0913242009132398,219.00000000000546,1,2024
-1.0,-1.1058201058200874,-1.0,-1.1058201058200874,-1.0,-1.1058201058200874,189.00000000003274,1,2024
2.0,1.7260273972602809,0.0,-0.27397260273971924,0.0,-0.27397260273971924,73.00000000000182,1,2024
-1.0,-1.231749710312908,0.0,-0.23174971031290803,0.0,-0.23174971031290803,86.2999999999829,-1,2024
2.0,1.6666666666668688,2.0,1.6666666666668688,1.6,1.266666666666869,60.00000000003638,-1,2024
2.0,1.8412698412698114,2.0,1.8412698412698114,2.0,1.8412698412698114,125.99999999997635,1,2024
2.0,1.7752808988764872,2.0,1.7752808988764872,1.6,1.3752808988764873,89.00000000003274,1,2024
-1.0,-1.3076923076922646,0.0,-0.30769230769226463,0.0,-0.30769230769226463,65.0000000000091,1,2024
2.0,1.71428571428564,2.0,1.71428571428564,1.6,1.3142857142856401,69.99999999998181,1,2024
-1.0,-1.1955034213098465,-1.0,-1.1955034213098465,-1.0,-1.1955034213098465,102.30000000001382,-1,2024
-1.0,-1.0855798031664532,-1.0,-1.0855798031664532,-1.0,-1.0855798031664532,233.6999999999989,-1,2024
-1.0,-1.0908677873693766,0.0,-0.09086778736937666,0.0,-0.09086778736937666,220.10000000000218,-1,2024
-1.0,-1.227272727272699,0.0,-0.2272727272726991,0.0,-0.2272727272726991,88.00000000001091,1,2024
-1.0,-1.2621231979030418,0.0,-0.26212319790304195,0.0,-0.26212319790304195,76.299999999992,-1,2024
-1.0,-1.123228589032652,0.0,-0.12322858903265199,0.0,-0.12322858903265199,162.30000000000473,-1,2024
-1.0,-1.0803212851405546,0.0,-0.08032128514055463,0.0,-0.08032128514055463,249.00000000002365,-1,2024
-1.0,-1.0803212851405546,0.0,-0.08032128514055463,0.0,-0.08032128514055463,249.00000000002365,-1,2024
-1.0,-1.0803212851405546,0.0,-0.08032128514055463,0.0,-0.08032128514055463,249.00000000002365,-1,2024
-1.0,-1.0995024875621782,0.0,-0.09950248756217825,0.0,-0.09950248756217825,201.00000000002183,1,2024
-1.0,-1.125786163522001,-1.0,-1.125786163522001,-1.0,-1.125786163522001,159.00000000001455,1,2024
-1.0,-1.125786163522001,-1.0,-1.125786163522001,-1.0,-1.125786163522001,159.00000000001455,1,2024
-1.0,-1.1315789473684226,-1.0,-1.1315789473684226,-1.0,-1.1315789473684226,151.99999999999818,1,2024
-1.0,-1.1315789473684226,-1.0,-1.1315789473684226,-1.0,-1.1315789473684226,151.99999999999818,1,2024
-1.0,-1.1315789473684226,-1.0,-1.1315789473684226,-1.0,-1.1315789473684226,151.99999999999818,1,2024
-1.0,-1.235294117647084,-1.0,-1.235294117647084,-1.0,-1.235294117647084,84.9999999999909,-1,2024
-1.0,-1.0980392156862762,-1.0,-1.0980392156862762,-1.0,-1.0980392156862762,203.99999999999636,-1,2024
-1.0,-1.0980392156862762,-1.0,-1.0980392156862762,-1.0,-1.0980392156862762,203.99999999999636,-1,2024
2.0,1.6927803379415527,2.0,1.6927803379415527,1.6,1.2927803379415528,65.09999999998399,1,2024
2.0,1.8319327731092514,2.0,1.8319327731092514,2.0,1.8319327731092514,119.00000000000546,1,2024
-1.0,-1.0687285223367733,-1.0,-1.0687285223367733,-1.0,-1.0687285223367733,290.99999999998545,-1,2024
-1.0,-1.0687285223367733,-1.0,-1.0687285223367733,-1.0,-1.0687285223367733,290.99999999998545,-1,2024
2.0,1.862068965517224,2.0,1.862068965517224,1.6,1.462068965517224,144.9999999999818,1,2024
2.0,1.8889505830094349,0.0,-0.11104941699056507,0.0,-0.11104941699056507,180.0999999999931,1,2024
-1.0,-1.1666666666666918,0.0,-0.16666666666669194,0.0,-0.16666666666669194,119.99999999998181,1,2024
-1.0,-1.048626306831998,-1.0,-1.048626306831998,-1.0,-1.048626306831998,411.2999999999829,-1,2024
-1.0,-1.194363459669583,-1.0,-1.194363459669583,-1.0,-1.194363459669583,102.89999999999964,-1,2024
-1.0,-1.1449275362318727,-1.0,-1.1449275362318727,-1.0,-1.1449275362318727,138.0000000000109,1,2024
-1.0,-1.2296211251434883,0.0,-0.22962112514348829,0.0,-0.22962112514348829,87.10000000000946,-1,2024
2.0,1.9183673469387694,2.0,1.9183673469387694,2.0,1.9183673469387694,244.9999999999818,-1,2024
2.0,1.9183673469387694,2.0,1.9183673469387694,2.0,1.9183673469387694,244.9999999999818,-1,2024
2.0,1.8636673483298918,2.0,1.8636673483298918,2.0,1.8636673483298918,146.69999999996435,-1,2024
2.0,1.8636673483298918,2.0,1.8636673483298918,2.0,1.8636673483298918,146.69999999996435,-1,2024
-1.0,-1.1960784313725525,-1.0,-1.1960784313725525,-1.0,-1.1960784313725525,101.99999999999818,-1,2024
-1.0,-1.1960784313725525,-1.0,-1.1960784313725525,-1.0,-1.1960784313725525,101.99999999999818,-1,2024
-1.0,-1.149588631264025,0.0,-0.14958863126402516,0.0,-0.14958863126402516,133.6999999999989,1,2024
2.0,1.7874601487778514,2.0,1.7874601487778514,1.6,1.3874601487778515,94.09999999998035,1,2024
-1.0,-1.072280448138783,-1.0,-1.072280448138783,-1.0,-1.072280448138783,276.69999999998254,-1,2024
-1.0,-1.0881057268722474,-1.0,-1.0881057268722474,-1.0,-1.0881057268722474,226.99999999999818,1,2024
-1.0,-1.0881057268722474,-1.0,-1.0881057268722474,-1.0,-1.0881057268722474,226.99999999999818,1,2024
-1.0,-1.0881057268722474,-1.0,-1.0881057268722474,-1.0,-1.0881057268722474,226.99999999999818,1,2024
-1.0,-1.0881057268722474,-1.0,-1.0881057268722474,-1.0,-1.0881057268722474,226.99999999999818,1,2024
-1.0,-1.0764233855559746,-1.0,-1.0764233855559746,-1.0,-1.0764233855559746,261.7000000000189,-1,2024
-1.0,-1.0764233855559746,-1.0,-1.0764233855559746,-1.0,-1.0764233855559746,261.7000000000189,-1,2024
-1.0,-1.111111111111128,-1.0,-1.111111111111128,-1.0,-1.111111111111128,179.99999999997272,1,2024
-1.0,-1.1930501930501822,0.0,-0.1930501930501822,0.0,-0.1930501930501822,103.60000000000582,-1,2024
-1.0,-1.0878348704435643,-1.0,-1.0878348704435643,-1.0,-1.0878348704435643,227.70000000000437,1,2024
2.0,1.6226415094341047,0.0,-0.3773584905658953,0.0,-0.3773584905658953,53.00000000002001,-1,2024
-1.0,-1.1492537313432674,-1.0,-1.1492537313432674,-1.0,-1.1492537313432674,134.00000000001455,-1,2024
2.0,1.9024865919064053,2.0,1.9024865919064053,2.0,1.9024865919064053,205.10000000003856,1,2024
-1.0,-1.1558846453624438,-1.0,-1.1558846453624438,-1.0,-1.1558846453624438,128.29999999999018,-1,2024
-1.0,-1.1558846453624438,-1.0,-1.1558846453624438,-1.0,-1.1558846453624438,128.29999999999018,-1,2024
-1.0,-1.1558846453624438,-1.0,-1.1558846453624438,-1.0,-1.1558846453624438,128.29999999999018,-1,2024
-1.0,-1.2941176470588944,-1.0,-1.2941176470588944,-1.0,-1.2941176470588944,67.99999999998363,1,2024
-1.0,-1.2941176470588944,-1.0,-1.2941176470588944,-1.0,-1.2941176470588944,67.99999999998363,1,2024
-1.0,-1.2195389681668356,0.0,-0.2195389681668356,0.0,-0.2195389681668356,91.10000000000582,1,2024
2.0,1.930069930069933,0.0,-0.06993006993006683,0.0,-0.06993006993006683,286.00000000001273,-1,2024
2.0,1.930069930069933,0.0,-0.06993006993006683,0.0,-0.06993006993006683,286.00000000001273,-1,2024
-1.0,-1.078431372549014,-1.0,-1.078431372549014,-1.0,-1.078431372549014,255.0000000000182,1,2024
-1.0,-1.078431372549014,-1.0,-1.078431372549014,-1.0,-1.078431372549014,255.0000000000182,1,2024
-1.0,-1.078431372549014,-1.0,-1.078431372549014,-1.0,-1.078431372549014,255.0000000000182,1,2024
-1.0,-1.133958472873415,-1.0,-1.133958472873415,-1.0,-1.133958472873415,149.29999999999382,1,2024
2.0,1.9408808749630473,2.0,1.9408808749630473,1.6,1.5408808749630474,338.2999999999811,1,2024
2.0,1.7101449275362548,2.0,1.7101449275362548,1.6,1.3101449275362549,69.00000000000546,1,2024
-1.0,-1.1652892561983421,0.0,-0.16528925619834214,0.0,-0.16528925619834214,121.00000000000364,1,2024
-1.0,-1.416666666666651,0.0,-0.4166666666666509,0.0,-0.4166666666666509,48.00000000000182,-1,2024
-1.0,-1.1869158878504387,-1.0,-1.1869158878504387,-1.0,-1.1869158878504387,107.00000000001637,-1,2024
2.0,1.839098954143194,2.0,1.839098954143194,2.0,1.839098954143194,124.29999999999382,1,2024
-1.0,-1.327868852458948,-1.0,-1.327868852458948,-1.0,-1.327868852458948,61.00000000001273,-1,2024
2.0,1.7826086956521912,0.0,-0.2173913043478089,0.0,-0.2173913043478089,92.00000000000728,-1,2024
2.0,1.789473684210486,2.0,1.789473684210486,1.6,1.389473684210486,94.99999999998181,-1,2024
-1.0,-1.1111111111110998,-1.0,-1.1111111111110998,-1.0,-1.1111111111110998,180.0000000000182,-1,2024
2.0,1.8848589522164705,0.0,-0.11514104778352953,0.0,-0.11514104778352953,173.700000000008,1,2024
-1.0,-1.2157497303128058,-1.0,-1.2157497303128058,-1.0,-1.2157497303128058,92.70000000001346,-1,2024
-1.0,-1.1045478306325387,-1.0,-1.1045478306325387,-1.0,-1.1045478306325387,191.29999999995562,-1,2024
-1.0,-1.0952380952380993,-1.0,-1.0952380952380993,-1.0,-1.0952380952380993,209.9999999999909,1,2024
2.0,1.8260869565217528,2.0,1.8260869565217528,2.0,1.8260869565217528,115.0000000000091,1,2024
2.0,1.8260869565217528,2.0,1.8260869565217528,2.0,1.8260869565217528,115.0000000000091,1,2024
-1.0,-1.1818181818181968,-1.0,-1.1818181818181968,-1.0,-1.1818181818181968,109.9999999999909,-1,2024
-1.0,-1.3174603174602626,0.0,-0.3174603174602625,0.0,-0.3174603174602625,63.000000000010914,1,2024
-1.0,-1.1557632398753765,-1.0,-1.1557632398753765,-1.0,-1.1557632398753765,128.40000000001055,1,2024
-1.0,-1.2631578947367665,-1.0,-1.2631578947367665,-1.0,-1.2631578947367665,76.00000000002183,1,2024
-1.0,-1.1315789473684226,-1.0,-1.1315789473684226,-1.0,-1.1315789473684226,151.99999999999818,1,2024
-1.0,-1.1315789473684226,-1.0,-1.1315789473684226,-1.0,-1.1315789473684226,151.99999999999818,1,2024
-1.0,-1.1315789473684226,-1.0,-1.1315789473684226,-1.0,-1.1315789473684226,151.99999999999818,1,2024
-1.0,-1.1422475106685686,-1.0,-1.1422475106685686,-1.0,-1.1422475106685686,140.5999999999949,-1,2024
2.0,1.8620689655172673,2.0,1.8620689655172673,2.0,1.8620689655172673,145.00000000002728,-1,2024
2.0,1.8620689655172673,2.0,1.8620689655172673,2.0,1.8620689655172673,145.00000000002728,-1,2024
2.0,1.8620689655172673,2.0,1.8620689655172673,2.0,1.8620689655172673,145.00000000002728,-1,2024
-1.0,-1.219780219780255,-1.0,-1.219780219780255,-1.0,-1.219780219780255,90.99999999998545,1,2024
-1.0,-1.219780219780255,-1.0,-1.219780219780255,-1.0,-1.219780219780255,90.99999999998545,1,2024
2.0,1.8581560283687797,0.0,-0.1418439716312203,0.0,-0.1418439716312203,140.99999999998545,1,2024
-1.0,-1.2656042496679396,-1.0,-1.2656042496679396,-1.0,-1.2656042496679396,75.30000000001564,-1,2024
-1.0,-1.1886792452830286,-1.0,-1.1886792452830286,-1.0,-1.1886792452830286,105.99999999999454,-1,2024
-1.0,-1.1834862385320857,-1.0,-1.1834862385320857,-1.0,-1.1834862385320857,109.00000000001455,1,2024
-1.0,-1.1834862385320857,-1.0,-1.1834862385320857,-1.0,-1.1834862385320857,109.00000000001455,1,2024
-1.0,-1.7692307692301235,-1.0,-1.7692307692301235,-1.0,-1.7692307692301235,26.000000000021828,-1,2024
2.0,1.777777777777688,2.0,1.777777777777688,2.0,1.777777777777688,89.99999999996362,-1,2024
2.0,1.777777777777688,2.0,1.777777777777688,2.0,1.777777777777688,89.99999999996362,-1,2024
2.0,1.777777777777688,2.0,1.777777777777688,2.0,1.777777777777688,89.99999999996362,-1,2024
2.0,1.777777777777688,2.0,1.777777777777688,2.0,1.777777777777688,89.99999999996362,-1,2024
2.0,1.8876404494382149,0.0,-0.11235955056178513,0.0,-0.11235955056178513,178.00000000002,1,2024
2.0,1.8876404494382149,0.0,-0.11235955056178513,0.0,-0.11235955056178513,178.00000000002,1,2024
-1.0,-1.2222222222221997,-1.0,-1.2222222222221997,-1.0,-1.2222222222221997,90.0000000000091,1,2024
-1.0,-1.2222222222221997,-1.0,-1.2222222222221997,-1.0,-1.2222222222221997,90.0000000000091,1,2024
-1.0,-1.0990099009901,-1.0,-1.0990099009901,-1.0,-1.0990099009901,201.99999999999818,-1,2024
-1.0,-1.0990099009901,-1.0,-1.0990099009901,-1.0,-1.0990099009901,201.99999999999818,-1,2024
2.0,1.8550724637681273,2.0,1.8550724637681273,1.6,1.4550724637681274,138.0000000000109,1,2024
2.0,1.8550724637681273,2.0,1.8550724637681273,1.6,1.4550724637681274,138.0000000000109,1,2024
2.0,1.9047619047619213,2.0,1.9047619047619213,2.0,1.9047619047619213,210.00000000003638,-1,2024
-1.0,-1.1869158878504387,0.0,-0.1869158878504387,0.0,-0.1869158878504387,107.00000000001637,-1,2024
-1.0,-1.1869158878504387,0.0,-0.1869158878504387,0.0,-0.1869158878504387,107.00000000001637,-1,2024
-1.0,-1.1869158878504387,0.0,-0.1869158878504387,0.0,-0.1869158878504387,107.00000000001637,-1,2024
-1.0,-1.1869158878504387,0.0,-0.1869158878504387,0.0,-0.1869158878504387,107.00000000001637,-1,2024
-1.0,-1.1265822784810184,0.0,-0.1265822784810185,0.0,-0.1265822784810185,157.99999999999272,1,2024
-1.0,-1.1265822784810184,0.0,-0.1265822784810185,0.0,-0.1265822784810185,157.99999999999272,1,2024
-1.0,-1.1265822784810184,0.0,-0.1265822784810185,0.0,-0.1265822784810185,157.99999999999272,1,2024
-1.0,-1.183486238532162,-1.0,-1.183486238532162,-1.0,-1.183486238532162,108.99999999996908,1,2024
-1.0,-1.1538461538461862,-1.0,-1.1538461538461862,-1.0,-1.1538461538461862,129.99999999997272,-1,2024
-1.0,-1.1,-1.0,-1.1,-1.0,-1.1,200.0,-1,2024
2.0,1.8630136986301404,2.0,1.8630136986301404,1.6,1.4630136986301405,146.00000000000364,1,2024
-1.0,-1.1005025125628252,0.0,-0.1005025125628251,0.0,-0.1005025125628251,198.99999999997817,-1,2024
-1.0,-1.185701021355657,-1.0,-1.185701021355657,-1.0,-1.185701021355657,107.69999999997708,1,2024
2.0,1.74358974358966,0.0,-0.25641025641034015,0.0,-0.25641025641034015,77.99999999997453,1,2024
2.0,1.8918918918919132,2.0,1.8918918918919132,1.6,1.4918918918919133,185.00000000003638,-1,2024
-1.0,-1.13956734124215,-1.0,-1.13956734124215,-1.0,-1.13956734124215,143.29999999999927,1,2024
-1.0,-1.1550387596899268,0.0,-0.15503875968992686,0.0,-0.15503875968992686,128.99999999999636,1,2024
-1.0,-1.1376462491397135,-1.0,-1.1376462491397135,-1.0,-1.1376462491397135,145.29999999999745,-1,2024
-1.0,-1.1724137931034022,-1.0,-1.1724137931034022,-1.0,-1.1724137931034022,116.00000000003092,1,2024
-1.0,-1.281690140845056,-1.0,-1.281690140845056,-1.0,-1.281690140845056,71.00000000000364,1,2024
-1.0,-1.1324503311258485,-1.0,-1.1324503311258485,-1.0,-1.1324503311258485,150.99999999997635,1,2024
2.0,1.887005649717513,0.0,-0.11299435028248704,0.0,-0.11299435028248704,176.99999999999818,1,2024
-1.0,-1.229885057471173,-1.0,-1.229885057471173,-1.0,-1.229885057471173,87.00000000003456,1,2024
-1.0,-1.2739726027397191,-1.0,-1.2739726027397191,-1.0,-1.2739726027397191,73.00000000000182,-1,2024
2.0,1.9019607843137238,2.0,1.9019607843137238,2.0,1.9019607843137238,203.99999999999636,-1,2024
2.0,1.9019607843137238,2.0,1.9019607843137238,2.0,1.9019607843137238,203.99999999999636,-1,2024
2.0,1.925400969787394,2.0,1.925400969787394,1.6,1.525400969787394,268.100000000004,1,2024
-1.0,-1.098960910440367,-1.0,-1.098960910440367,-1.0,-1.098960910440367,202.10000000001855,1,2024
-1.0,-1.1675041876046957,0.0,-0.16750418760469574,0.0,-0.16750418760469574,119.399999999996,-1,2024
-1.0,-1.1282051282051326,-1.0,-1.1282051282051326,-1.0,-1.1282051282051326,155.99999999999454,1,2024
-1.0,-1.1869158878505182,-1.0,-1.1869158878505182,-1.0,-1.1869158878505182,106.9999999999709,1,2024
-1.0,-1.1823154056518188,-1.0,-1.1823154056518188,-1.0,-1.1823154056518188,109.69999999997526,1,2024
2.0,1.8820754716981072,2.0,1.8820754716981072,2.0,1.8820754716981072,169.59999999999127,-1,2024
-1.0,-1.0333333333333334,0.0,-0.03333333333333333,0.0,-0.03333333333333333,600.0,-1,2024
-1.0,-1.0333333333333334,0.0,-0.03333333333333333,0.0,-0.03333333333333333,600.0,-1,2024
-1.0,-1.0947867298578347,-1.0,-1.0947867298578347,-1.0,-1.0947867298578347,210.99999999996726,-1,2024
-1.0,-1.0947867298578347,-1.0,-1.0947867298578347,-1.0,-1.0947867298578347,210.99999999996726,-1,2024
-1.0,-1.0604229607250766,-1.0,-1.0604229607250766,-1.0,-1.0604229607250766,330.99999999999454,1,2024
-1.0,-1.0604229607250766,-1.0,-1.0604229607250766,-1.0,-1.0604229607250766,330.99999999999454,1,2024
-1.0,-1.0476985451943743,-1.0,-1.0476985451943743,-1.0,-1.0476985451943743,419.2999999999756,-1,2024
-1.0,-1.2127659574468992,-1.0,-1.2127659574468992,-1.0,-1.2127659574468992,93.99999999995998,1,2024
2.0,1.8684210526315774,0.0,-0.13157894736842263,0.0,-0.13157894736842263,151.99999999999818,-1,2024
-1.0,-1.100502512562802,-1.0,-1.100502512562802,-1.0,-1.100502512562802,199.00000000002365,-1,2024
2.0,1.8684210526315774,2.0,1.8684210526315774,1.6,1.4684210526315775,151.99999999999818,-1,2024
-1.0,-1.19743336623891,-1.0,-1.19743336623891,-1.0,-1.19743336623891,101.299999999992,1,2024
-1.0,-1.19743336623891,-1.0,-1.19743336623891,-1.0,-1.19743336623891,101.299999999992,1,2024
2.0,1.915361828184505,2.0,1.915361828184505,1.6,1.5153618281845052,236.2999999999829,-1,2024
-1.0,-1.1212121212121144,-1.0,-1.1212121212121144,-1.0,-1.1212121212121144,165.0000000000091,1,2024
-1.0,-1.1538461538461324,0.0,-0.15384615384613232,0.0,-0.15384615384613232,130.0000000000182,-1,2024
-1.0,-1.1538461538461324,0.0,-0.15384615384613232,0.0,-0.15384615384613232,130.0000000000182,-1,2024
-1.0,-1.1538461538461324,0.0,-0.15384615384613232,0.0,-0.15384615384613232,130.0000000000182,-1,2024
-1.0,-1.0876808417360826,-1.0,-1.0876808417360826,-1.0,-1.0876808417360826,228.0999999999949,-1,2024
-1.0,-1.105820105820113,-1.0,-1.105820105820113,-1.0,-1.105820105820113,188.99999999998727,-1,2024
-1.0,-1.105820105820113,-1.0,-1.105820105820113,-1.0,-1.105820105820113,188.99999999998727,-1,2024
2.0,1.9209486166007967,0.0,-0.07905138339920324,0.0,-0.07905138339920324,253.00000000002,1,2024
2.0,1.9209486166007967,0.0,-0.07905138339920324,0.0,-0.07905138339920324,253.00000000002,1,2024
-1.0,-1.8333333333340913,0.0,-0.8333333333340913,0.0,-0.8333333333340913,23.999999999978172,-1,2024
-1.0,-1.1265822784810184,-1.0,-1.1265822784810184,-1.0,-1.1265822784810184,157.99999999999272,1,2024
-1.0,-1.2751031636862626,-1.0,-1.2751031636862626,-1.0,-1.2751031636862626,72.70000000003165,-1,2024
-1.0,-1.1342281879194829,-1.0,-1.1342281879194829,-1.0,-1.1342281879194829,148.99999999997817,1,2024
-1.0,-1.1342281879194829,-1.0,-1.1342281879194829,-1.0,-1.1342281879194829,148.99999999997817,1,2024
-1.0,-1.1342281879194829,-1.0,-1.1342281879194829,-1.0,-1.1342281879194829,148.99999999997817,1,2024
-1.0,-1.1342281879194829,-1.0,-1.1342281879194829,-1.0,-1.1342281879194829,148.99999999997817,1,2024
-1.0,-1.1666666666666288,-1.0,-1.1666666666666288,-1.0,-1.1666666666666288,120.00000000002728,-1,2024
2.0,1.9163179916317947,2.0,1.9163179916317947,1.6,1.5163179916317948,238.99999999998727,1,2024
2.0,1.8290598290598397,2.0,1.8290598290598397,2.0,1.8290598290598397,117.00000000000728,1,2024
-1.0,-1.1212121212121144,-1.0,-1.1212121212121144,-1.0,-1.1212121212121144,165.0000000000091,1,2024
-1.0,-1.174367916303341,-1.0,-1.174367916303341,-1.0,-1.174367916303341,114.70000000003893,-1,2024
2.0,1.8837209302325753,2.0,1.8837209302325753,1.6,1.4837209302325753,172.00000000002547,-1,2024
-1.0,-1.0904977375565597,-1.0,-1.0904977375565597,-1.0,-1.0904977375565597,221.00000000000364,-1,2024
-1.0,-1.1324503311258087,-1.0,-1.1324503311258087,-1.0,-1.1324503311258087,151.00000000002183,1,2024
2.0,1.7616209773539764,2.0,1.7616209773539764,2.0,1.7616209773539764,83.89999999999418,1,2024
2.0,1.7616209773539764,2.0,1.7616209773539764,2.0,1.7616209773539764,83.89999999999418,1,2024
-1.0,-1.121728545343881,-1.0,-1.121728545343881,-1.0,-1.121728545343881,164.3000000000029,1,2024
-1.0,-1.0454545454545445,0.0,-0.04545454545454452,0.0,-0.04545454545454452,440.0000000000091,-1,2024
-1.0,-1.0454545454545445,0.0,-0.04545454545454452,0.0,-0.04545454545454452,440.0000000000091,-1,2024
2.0,1.8806682577565583,2.0,1.8806682577565583,2.0,1.8806682577565583,167.5999999999931,-1,2024
2.0,1.6649916247907361,2.0,1.6649916247907361,2.0,1.6649916247907361,59.70000000002074,-1,2024
-1.0,-1.2597402597402658,-1.0,-1.2597402597402658,-1.0,-1.2597402597402658,76.99999999999818,-1,2024
2.0,1.7777777777778003,2.0,1.7777777777778003,2.0,1.7777777777778003,90.0000000000091,1,2024
-1.0,-1.2631578947367665,-1.0,-1.2631578947367665,-1.0,-1.2631578947367665,76.00000000002183,-1,2024
2.0,1.9561691869384144,0.0,-0.043830813061585684,0.0,-0.043830813061585684,456.2999999999647,-1,2024
2.0,1.8181818181818783,2.0,1.8181818181818783,1.6,1.4181818181818784,110.00000000003638,1,2024
-1.0,-1.1652892561983421,-1.0,-1.1652892561983421,-1.0,-1.1652892561983421,121.00000000000364,-1,2024
-1.0,-1.2631578947367665,-1.0,-1.2631578947367665,-1.0,-1.2631578947367665,76.00000000002183,1,2024
-1.0,-1.2941176470586977,-1.0,-1.2941176470586977,-1.0,-1.2941176470586977,68.0000000000291,1,2024
-1.0,-1.2941176470586977,-1.0,-1.2941176470586977,-1.0,-1.2941176470586977,68.0000000000291,1,2024
-1.0,-1.2941176470586977,-1.0,-1.2941176470586977,-1.0,-1.2941176470586977,68.0000000000291,1,2024
-1.0,-1.3294892915980387,-1.0,-1.3294892915980387,-1.0,-1.3294892915980387,60.69999999999709,1,2024
-1.0,-1.1550387596899268,-1.0,-1.1550387596899268,-1.0,-1.1550387596899268,128.99999999999636,1,2024
-1.0,-1.1550387596899268,-1.0,-1.1550387596899268,-1.0,-1.1550387596899268,128.99999999999636,1,2024
-1.0,-1.1478196600147748,-1.0,-1.1478196600147748,-1.0,-1.1478196600147748,135.30000000000655,1,2024
-1.0,-1.2134471718249966,-1.0,-1.2134471718249966,-1.0,-1.2134471718249966,93.69999999998981,1,2024
-1.0,-1.2134471718249966,-1.0,-1.2134471718249966,-1.0,-1.2134471718249966,93.69999999998981,1,2024
2.0,1.718309859154944,2.0,1.718309859154944,1.6,1.318309859154944,71.00000000000364,-1,2024
-1.0,-1.2053388090348738,-1.0,-1.2053388090348738,-1.0,-1.2053388090348738,97.40000000001601,1,2024
-1.0,-1.2061855670103518,-1.0,-1.2061855670103518,-1.0,-1.2061855670103518,96.99999999997999,-1,2024
-1.0,-1.2061855670103518,-1.0,-1.2061855670103518,-1.0,-1.2061855670103518,96.99999999997999,-1,2024
2.0,1.8333333333333082,2.0,1.8333333333333082,2.0,1.8333333333333082,119.99999999998181,-1,2024
2.0,1.8333333333333082,2.0,1.8333333333333082,2.0,1.8333333333333082,119.99999999998181,-1,2024
-1.0,-1.1098901098901275,0.0,-0.10989010989012747,0.0,-0.10989010989012747,181.9999999999709,1,2024
2.0,1.882352941176458,2.0,1.882352941176458,2.0,1.882352941176458,169.9999999999818,-1,2024
-1.0,-1.3333333333333839,-1.0,-1.3333333333333839,-1.0,-1.3333333333333839,59.999999999990905,-1,2024
-1.0,-1.1030927835051518,-1.0,-1.1030927835051518,-1.0,-1.1030927835051518,194.00000000000546,1,2024
-1.0,-1.1361470388019435,-1.0,-1.1361470388019435,-1.0,-1.1361470388019435,146.89999999995962,1,2024
2.0,1.7938144329897447,2.0,1.7938144329897447,2.0,1.7938144329897447,97.00000000002547,-1,2024
-1.0,-1.1626016260162577,-1.0,-1.1626016260162577,-1.0,-1.1626016260162577,123.00000000000182,1,2025
-1.0,-1.2666666666666666,0.0,-0.26666666666666666,0.0,-0.26666666666666666,75.0,1,2025
-1.0,-1.2127659574467962,-1.0,-1.2127659574467962,-1.0,-1.2127659574467962,94.00000000000546,-1,2025
-1.0,-1.0740740740740666,-1.0,-1.0740740740740666,-1.0,-1.0740740740740666,270.0000000000273,-1,2025
-1.0,-1.086058519793457,-1.0,-1.086058519793457,-1.0,-1.086058519793457,232.4000000000069,1,2025
-1.0,-1.0494193229552753,-1.0,-1.0494193229552753,-1.0,-1.0494193229552753,404.70000000000255,-1,2025
2.0,1.8550724637681273,0.0,-0.1449275362318726,0.0,-0.1449275362318726,138.0000000000109,1,2025
2.0,1.8550724637681273,0.0,-0.1449275362318726,0.0,-0.1449275362318726,138.0000000000109,1,2025
2.0,1.6666666666666161,0.0,-0.3333333333333839,0.0,-0.3333333333333839,59.999999999990905,-1,2025
2.0,1.9371069182389904,2.0,1.9371069182389904,2.0628930817610382,2.000000000000029,317.99999999998363,1,2025
2.0,1.899193548387093,2.0,1.899193548387093,2.0,1.899193548387093,198.39999999999236,1,2025
-1.0,-1.0780335544284012,-1.0,-1.0780335544284012,-1.0,-1.0780335544284012,256.3000000000102,-1,2025
-1.0,-1.1236858379715726,-1.0,-1.1236858379715726,-1.0,-1.1236858379715726,161.69999999997344,-1,2025
-1.0,-1.263157894736924,-1.0,-1.263157894736924,-1.0,-1.263157894736924,75.99999999997635,-1,2025
-1.0,-1.3333333333333839,-1.0,-1.3333333333333839,-1.0,-1.3333333333333839,59.999999999990905,1,2025
-1.0,-1.3333333333333839,-1.0,-1.3333333333333839,-1.0,-1.3333333333333839,59.999999999990905,1,2025
-1.0,-1.0975609756097475,-1.0,-1.0975609756097475,-1.0,-1.0975609756097475,205.0000000000182,-1,2025
2.0,1.8856489422527025,0.0,-0.1143510577472975,0.0,-0.1143510577472975,174.89999999997963,1,2025
2.0,1.8198198198197666,2.0,1.8198198198197666,2.0,1.8198198198197666,110.99999999996726,-1,2025
-1.0,-1.108932461873624,0.0,-0.1089324618736241,0.0,-0.1089324618736241,183.600000000024,1,2025
2.0,1.8678122934567414,0.0,-0.13218770654325873,0.0,-0.13218770654325873,151.30000000003747,-1,2025
-1.0,-1.1265822784810184,0.0,-0.1265822784810185,0.0,-0.1265822784810185,157.99999999999272,-1,2025
-1.0,-1.1265822784810184,0.0,-0.1265822784810185,0.0,-0.1265822784810185,157.99999999999272,-1,2025
2.0,1.8484848484848673,2.0,1.8484848484848673,2.0,1.8484848484848673,132.00000000001637,1,2025
2.0,1.8412698412698114,0.0,-0.15873015873018853,0.0,-0.15873015873018853,125.99999999997635,1,2025
-1.0,-1.1694915254237523,0.0,-0.16949152542375234,0.0,-0.16949152542375234,117.99999999998363,-1,2025
-1.0,-1.1666666666666918,-1.0,-1.1666666666666918,-1.0,-1.1666666666666918,119.99999999998181,-1,2025
2.0,1.7435897435898093,0.0,-0.25641025641019066,0.0,-0.25641025641019066,78.00000000002001,1,2025
-1.0,-1.2061855670102553,-1.0,-1.2061855670102553,-1.0,-1.2061855670102553,97.00000000002547,-1,2025
-1.0,-1.048426150121064,-1.0,-1.048426150121064,-1.0,-1.048426150121064,413.0000000000109,1,2025
-1.0,-1.048426150121064,-1.0,-1.048426150121064,-1.0,-1.048426150121064,413.0000000000109,1,2025
2.0,1.6,2.0,1.6,1.6,1.2000000000000002,50.0,1,2025
2.0,1.9182672660400377,2.0,1.9182672660400377,2.0,1.9182672660400377,244.69999999996617,1,2025
2.0,1.9182672660400377,2.0,1.9182672660400377,2.0,1.9182672660400377,244.69999999996617,1,2025
2.0,1.8484848484848673,2.0,1.8484848484848673,2.0,1.8484848484848673,132.00000000001637,-1,2025
2.0,1.8484848484848673,2.0,1.8484848484848673,2.0,1.8484848484848673,132.00000000001637,-1,2025
2.0,1.6923076923077354,2.0,1.6923076923077354,1.6,1.2923076923077355,65.0000000000091,1,2025
-1.0,-1.1818181818181968,0.0,-0.18181818181819687,0.0,-0.18181818181819687,109.9999999999909,1,2025
-1.0,-1.0660066006600617,-1.0,-1.0660066006600617,-1.0,-1.0660066006600617,303.00000000002,1,2025
-1.0,-1.1449275362319205,-1.0,-1.1449275362319205,-1.0,-1.1449275362319205,137.99999999996544,-1,2025
-1.0,-1.0615384615384615,-1.0,-1.0615384615384615,-1.0,-1.0615384615384615,325.0,1,2025
-1.0,-1.1709401709402267,-1.0,-1.1709401709402267,-1.0,-1.1709401709402267,116.9999999999618,-1,2025
-1.0,-1.2531645569620369,-1.0,-1.2531645569620369,-1.0,-1.2531645569620369,78.99999999999636,1,2025
2.0,1.8473282442748027,2.0,1.8473282442748027,1.6,1.4473282442748028,130.99999999999454,-1,2025
-1.0,-1.1058201058200874,0.0,-0.1058201058200875,0.0,-0.1058201058200875,189.00000000003274,1,2025
2.0,1.7333333333333334,2.0,1.7333333333333334,2.0,1.7333333333333334,75.0,-1,2025
2.0,1.7333333333333334,2.0,1.7333333333333334,2.0,1.7333333333333334,75.0,-1,2025
-1.0,-1.2941176470588944,-1.0,-1.2941176470588944,-1.0,-1.2941176470588944,67.99999999998363,-1,2025
-1.0,-1.1538461538461324,-1.0,-1.1538461538461324,-1.0,-1.1538461538461324,130.0000000000182,1,2025
-1.0,-1.1538461538461324,-1.0,-1.1538461538461324,-1.0,-1.1538461538461324,130.0000000000182,1,2025
-1.0,-2.249999999997584,-1.0,-2.249999999997584,-1.0,-2.249999999997584,16.000000000030923,-1,2025
-1.0,-1.1212121212121144,0.0,-0.12121212121211454,0.0,-0.12121212121211454,165.0000000000091,1,2025
2.0,1.7916666666666745,2.0,1.7916666666666745,2.0,1.7916666666666745,96.00000000000364,-1,2025
2.0,1.8100664767331225,2.0,1.8100664767331225,2.0,1.8100664767331225,105.29999999998836,1,2025
2.0,1.8484848484848673,2.0,1.8484848484848673,1.6,1.4484848484848674,132.00000000001637,-1,2025
-1.0,-1.1123595505617851,-1.0,-1.1123595505617851,-1.0,-1.1123595505617851,178.00000000002,1,2025
-1.0,-1.1123595505617851,-1.0,-1.1123595505617851,-1.0,-1.1123595505617851,178.00000000002,1,2025
-1.0,-1.125000000000007,-1.0,-1.125000000000007,-1.0,-1.125000000000007,159.9999999999909,-1,2025
-1.0,-1.1562499999999756,-1.0,-1.1562499999999756,-1.0,-1.1562499999999756,128.00000000002,1,2025
-1.0,-1.1333333333333333,-1.0,-1.1333333333333333,-1.0,-1.1333333333333333,150.0,1,2025
2.0,1.9572923339739483,2.0,1.9572923339739483,1.6,1.5572923339739484,468.2999999999993,-1,2025
-1.0,-1.1273885350318338,-1.0,-1.1273885350318338,-1.0,-1.1273885350318338,157.00000000001637,-1,2025
-1.0,-1.1273885350318338,-1.0,-1.1273885350318338,-1.0,-1.1273885350318338,157.00000000001637,-1,2025
-1.0,-1.1079330814894728,-1.0,-1.1079330814894728,-1.0,-1.1079330814894728,185.30000000000655,1,2025
2.0,1.864864864864825,0.0,-0.135135135135175,0.0,-0.135135135135175,147.99999999995634,1,2025
-1.0,-1.270270270270184,-1.0,-1.270270270270184,-1.0,-1.270270270270184,74.00000000002365,1,2025
2.0,1.963702359346641,0.0,-0.03629764065335909,0.0,-0.03629764065335909,550.9999999999764,1,2025
-1.0,-1.235294117646958,-1.0,-1.235294117646958,-1.0,-1.235294117646958,85.00000000003638,1,2025
-1.0,-1.0865800865800885,-1.0,-1.0865800865800885,-1.0,-1.0865800865800885,230.99999999999454,-1,2025
-1.0,-1.03883495145631,-1.0,-1.03883495145631,-1.0,-1.03883495145631,515.0000000000091,1,2025
-1.0,-1.1481481481481581,-1.0,-1.1481481481481581,-1.0,-1.1481481481481581,134.9999999999909,-1,2025
2.0,1.9047619047619007,2.0,1.9047619047619007,1.6,1.5047619047619007,209.9999999999909,1,2025
2.0,1.8581560283687797,2.0,1.8581560283687797,2.0,1.8581560283687797,140.99999999998545,1,2025
2.0,1.8581560283687797,2.0,1.8581560283687797,2.0,1.8581560283687797,140.99999999998545,1,2025
2.0,1.9618101966774877,2.0,1.9618101966774877,2.0,1.9618101966774877,523.700000000008,1,2025
-1.0,-1.1369863013698596,-1.0,-1.1369863013698596,-1.0,-1.1369863013698596,146.00000000000364,-1,2025
-1.0,-1.065359477124184,-1.0,-1.065359477124184,-1.0,-1.065359477124184,305.99999999999454,1,2025
2.0,1.6874999999999378,0.0,-0.3125000000000622,0.0,-0.3125000000000622,63.99999999998727,-1,2025
-1.0,-1.129032258064501,-1.0,-1.129032258064501,-1.0,-1.129032258064501,155.0000000000182,1,2025
2.0,1.9302406696895755,0.0,-0.06975933031042442,0.0,-0.06975933031042442,286.7000000000189,-1,2025
2.0,1.852941176470602,2.0,1.852941176470602,1.6,1.4529411764706022,136.00000000001273,-1,2025
2.0,1.8481397114654525,2.0,1.8481397114654525,1.6,1.4481397114654526,131.70000000000073,-1,2025
2.0,1.950617283950614,2.0,1.950617283950614,2.0,1.950617283950614,404.9999999999727,-1,2025
2.0,1.8734177215189816,2.0,1.8734177215189816,1.6,1.4734177215189816,157.99999999999272,-1,2025
-1.0,-1.3448275862069399,-1.0,-1.3448275862069399,-1.0,-1.3448275862069399,57.999999999992724,-1,2025
-1.0,-1.2531645569620369,-1.0,-1.2531645569620369,-1.0,-1.2531645569620369,78.99999999999636,1,2025
2.0,1.8245614035087523,2.0,1.8245614035087523,2.515789473684278,2.34035087719303,113.99999999998727,-1,2025
2.0,1.9361634216406054,2.0,1.9361634216406054,2.0,1.9361634216406054,313.30000000002656,1,2025
2.0,1.8181818181818032,2.0,1.8181818181818032,2.0,1.8181818181818032,109.9999999999909,1,2025
2.0,1.7392438070405123,2.0,1.7392438070405123,1.6,1.3392438070405124,76.70000000002801,1,2025
-1.0,-1.229885057471173,-1.0,-1.229885057471173,-1.0,-1.229885057471173,87.00000000003456,1,2025
-1.0,-1.1515151515151327,-1.0,-1.1515151515151327,-1.0,-1.1515151515151327,132.00000000001637,1,2025
-1.0,-1.3636363636362434,-1.0,-1.3636363636362434,-1.0,-1.3636363636362434,55.00000000001819,1,2025
-1.0,-1.0960153624580105,-1.0,-1.0960153624580105,-1.0,-1.0960153624580105,208.2999999999629,-1,2025
-1.0,-1.1307189542483878,-1.0,-1.1307189542483878,-1.0,-1.1307189542483878,152.99999999997453,1,2025
-1.0,-1.1307189542483878,-1.0,-1.1307189542483878,-1.0,-1.1307189542483878,152.99999999997453,1,2025
-1.0,-1.1136363636363789,-1.0,-1.1136363636363789,-1.0,-1.1136363636363789,175.99999999997635,-1,2025
2.0,1.6825396825397374,2.0,1.6825396825397374,2.0,1.6825396825397374,63.000000000010914,1,2025
-1.0,-1.1156069364161838,-1.0,-1.1156069364161838,-1.0,-1.1156069364161838,173.00000000000182,1,2025
-1.0,-1.1156069364161838,-1.0,-1.1156069364161838,-1.0,-1.1156069364161838,173.00000000000182,1,2025
2.0,1.8809523809523694,2.0,1.8809523809523694,2.0,1.8809523809523694,167.99999999998363,1,2025
-1.0,-1.0727272727272728,-1.0,-1.0727272727272728,-1.0,-1.0727272727272728,275.0,-1,2025
2.0,1.9004975124377992,0.0,-0.09950248756220077,0.0,-0.09950248756220077,200.99999999997635,-1,2025
2.0,1.9004975124377992,0.0,-0.09950248756220077,0.0,-0.09950248756220077,200.99999999997635,-1,2025
-1.0,-1.0788954635108527,-1.0,-1.0788954635108527,-1.0,-1.0788954635108527,253.49999999998545,1,2025
2.0,1.8095238095238426,2.0,1.8095238095238426,1.6,1.4095238095238427,105.00000000001819,1,2025
-1.0,-1.0970873786407793,-1.0,-1.0970873786407793,-1.0,-1.0970873786407793,205.99999999999454,-1,2025
2.0,1.9277978339350175,0.0,-0.07220216606498243,0.0,-0.07220216606498243,276.9999999999982,1,2025
2.0,1.8473282442748027,2.0,1.8473282442748027,1.6,1.4473282442748028,130.99999999999454,-1,2025
-1.0,-1.1098901098901275,-1.0,-1.1098901098901275,-1.0,-1.1098901098901275,181.9999999999709,-1,2025
-1.0,-1.1098901098901275,-1.0,-1.1098901098901275,-1.0,-1.1098901098901275,181.9999999999709,-1,2025
-1.0,-1.1149425287356467,0.0,-0.11494252873564662,0.0,-0.11494252873564662,173.99999999997817,1,2025
-1.0,-1.1041666666666627,-1.0,-1.1041666666666627,-1.0,-1.1041666666666627,192.00000000000728,-1,2025
-1.0,-1.1769911504424608,-1.0,-1.1769911504424608,-1.0,-1.1769911504424608,113.00000000001091,1,2025
-1.0,-1.2564102564101907,-1.0,-1.2564102564101907,-1.0,-1.2564102564101907,78.00000000002001,-1,2025
-1.0,-1.2564102564101907,-1.0,-1.2564102564101907,-1.0,-1.2564102564101907,78.00000000002001,-1,2025
-1.0,-1.0664451827242476,-1.0,-1.0664451827242476,-1.0,-1.0664451827242476,301.0000000000218,1,2025
-1.0,-1.0664451827242476,-1.0,-1.0664451827242476,-1.0,-1.0664451827242476,301.0000000000218,1,2025
2.0,1.6737357259379189,2.0,1.6737357259379189,2.0,1.6737357259379189,61.2999999999829,-1,2025
2.0,1.6737357259379189,2.0,1.6737357259379189,2.0,1.6737357259379189,61.2999999999829,-1,2025
2.0,1.6737357259379189,2.0,1.6737357259379189,2.0,1.6737357259379189,61.2999999999829,-1,2025
2.0,1.6737357259379189,2.0,1.6737357259379189,2.0,1.6737357259379189,61.2999999999829,-1,2025
-1.0,-1.1020408163265287,-1.0,-1.1020408163265287,-1.0,-1.1020408163265287,196.00000000000364,1,2025
2.0,1.9064108563406719,2.0,1.9064108563406719,2.0,1.9064108563406719,213.7000000000171,-1,2025
2.0,1.8630136986301404,2.0,1.8630136986301404,1.6,1.4630136986301405,146.00000000000364,-1,2025
-1.0,-1.0921658986175085,0.0,-0.09216589861750843,0.0,-0.09216589861750843,217.00000000000728,1,2025
-1.0,-1.1587301587301313,0.0,-0.15873015873013124,0.0,-0.15873015873013124,126.00000000002183,-1,2025
2.0,1.9502487562189108,0.0,-0.049751243781089124,0.0,-0.049751243781089124,402.00000000004366,1,2025
-1.0,-1.1162790697674247,-1.0,-1.1162790697674247,-1.0,-1.1162790697674247,172.00000000002547,1,2025
2.0,1.8130841121495613,2.0,1.8130841121495613,1.6,1.4130841121495614,107.00000000001637,-1,2025
-1.0,-1.1176470588235106,-1.0,-1.1176470588235106,-1.0,-1.1176470588235106,170.00000000002728,-1,2025
2.0,1.9295029961226646,0.0,-0.07049700387733548,0.0,-0.07049700387733548,283.6999999999989,-1,2025
-1.0,-1.1315789473684226,-1.0,-1.1315789473684226,-1.0,-1.1315789473684226,151.99999999999818,-1,2025
-1.0,-1.1315789473684226,-1.0,-1.1315789473684226,-1.0,-1.1315789473684226,151.99999999999818,-1,2025
-1.0,-1.054347826086959,-1.0,-1.054347826086959,-1.0,-1.054347826086959,367.99999999998363,1,2025
-1.0,-1.054347826086959,-1.0,-1.054347826086959,-1.0,-1.054347826086959,367.99999999998363,1,2025
2.0,1.8989898989899,0.0,-0.10101010101010009,0.0,-0.10101010101010009,198.00000000000182,-1,2025
2.0,1.8989898989899,0.0,-0.10101010101010009,0.0,-0.10101010101010009,198.00000000000182,-1,2025
-1.0,-1.163934426229474,-1.0,-1.163934426229474,-1.0,-1.163934426229474,122.00000000002547,-1,2025
-1.0,-1.2751031636864347,-1.0,-1.2751031636864347,-1.0,-1.2751031636864347,72.69999999998618,1,2025
2.0,1.944040290990488,2.0,1.944040290990488,1.6,1.544040290990488,357.4000000000069,-1,2025
-1.0,-1.1526717557251973,-1.0,-1.1526717557251973,-1.0,-1.1526717557251973,130.99999999999454,-1,2025
-1.0,-1.1526717557251973,-1.0,-1.1526717557251973,-1.0,-1.1526717557251973,130.99999999999454,-1,2025
-1.0,-1.1526717557251973,-1.0,-1.1526717557251973,-1.0,-1.1526717557251973,130.99999999999454,-1,2025
-1.0,-1.1713796058269188,-1.0,-1.1713796058269188,-1.0,-1.1713796058269188,116.69999999999163,1,2025
-1.0,-1.1713796058269188,-1.0,-1.1713796058269188,-1.0,-1.1713796058269188,116.69999999999163,1,2025
-1.0,-1.1713796058269188,-1.0,-1.1713796058269188,-1.0,-1.1713796058269188,116.69999999999163,1,2025
2.0,1.8181818181818783,2.0,1.8181818181818783,2.0,1.8181818181818783,110.00000000003638,-1,2025
-1.0,-1.143884892086344,-1.0,-1.143884892086344,-1.0,-1.143884892086344,138.99999999998727,1,2025
-1.0,-1.129870129870133,-1.0,-1.129870129870133,-1.0,-1.129870129870133,153.99999999999636,1,2025
-1.0,-1.18399264029439,-1.0,-1.18399264029439,-1.0,-1.18399264029439,108.69999999999891,1,2025
-1.0,-1.18399264029439,-1.0,-1.18399264029439,-1.0,-1.18399264029439,108.69999999999891,1,2025
-1.0,-1.18399264029439,-1.0,-1.18399264029439,-1.0,-1.18399264029439,108.69999999999891,1,2025
-1.0,-1.111111111111128,-1.0,-1.111111111111128,-1.0,-1.111111111111128,179.99999999997272,1,2025
-1.0,-1.3076923076922646,-1.0,-1.3076923076922646,-1.0,-1.3076923076922646,65.0000000000091,-1,2025
-1.0,-1.105820105820113,0.0,-0.10582010582011296,0.0,-0.10582010582011296,188.99999999998727,-1,2025
-1.0,-1.1769911504424608,-1.0,-1.1769911504424608,-1.0,-1.1769911504424608,113.00000000001091,1,2025
-1.0,-1.1769911504424608,-1.0,-1.1769911504424608,-1.0,-1.1769911504424608,113.00000000001091,1,2025
2.0,1.8230088495575392,2.0,1.8230088495575392,1.6,1.4230088495575393,113.00000000001091,-1,2025
2.0,1.9052132701421858,2.0,1.9052132701421858,1.6,1.5052132701421859,211.00000000001273,-1,2025
2.0,1.9052132701421858,2.0,1.9052132701421858,1.6,1.5052132701421859,211.00000000001273,-1,2025
-1.0,-1.1037882719252652,-1.0,-1.1037882719252652,-1.0,-1.1037882719252652,192.70000000001346,1,2025
-1.0,-1.16,0.0,-0.16,0.0,-0.16,125.0,1,2025
-1.0,-1.1282051282050953,-1.0,-1.1282051282050953,-1.0,-1.1282051282050953,156.00000000004002,-1,2025
2.0,1.759903961584658,0.0,-0.24009603841534205,0.0,-0.24009603841534205,83.30000000000837,1,2025
2.0,1.6533795493932766,2.0,1.6533795493932766,1.6,1.2533795493932767,57.69999999997708,1,2025
-1.0,-1.089686098654708,-1.0,-1.089686098654708,-1.0,-1.089686098654708,223.00000000000182,1,2025
-1.0,-1.089686098654708,-1.0,-1.089686098654708,-1.0,-1.089686098654708,223.00000000000182,1,2025
-1.0,-1.2941176470588944,-1.0,-1.2941176470588944,-1.0,-1.2941176470588944,67.99999999998363,-1,2025
-1.0,-1.2941176470588944,-1.0,-1.2941176470588944,-1.0,-1.2941176470588944,67.99999999998363,-1,2025
-1.0,-1.07936507936508,-1.0,-1.07936507936508,-1.0,-1.07936507936508,251.99999999999818,-1,2025
-1.0,-1.2439024390244768,-1.0,-1.2439024390244768,-1.0,-1.2439024390244768,81.9999999999709,1,2025
-1.0,-1.049176297024834,-1.0,-1.049176297024834,-1.0,-1.049176297024834,406.7000000000007,1,2025
2.0,1.8461538461538676,2.0,1.8461538461538676,2.0,1.8461538461538676,130.0000000000182,1,2025
-1.0,-1.0851063829787266,0.0,-0.0851063829787267,0.0,-0.0851063829787267,234.9999999999909,1,2025
2.0,1.8757763975155026,2.0,1.8757763975155026,2.0,1.8757763975155026,160.99999999996726,1,2025
-1.0,-1.1367053998632766,-1.0,-1.1367053998632766,-1.0,-1.1367053998632766,146.30000000001928,1,2025
2.0,1.9310344827586121,2.0,1.9310344827586121,1.6,1.5310344827586122,289.9999999999636,1,2025
-1.0,-1.0267486960010688,-1.0,-1.0267486960010688,-1.0,-1.0267486960010688,747.7000000000317,1,2025
-1.0,-1.0267486960010688,-1.0,-1.0267486960010688,-1.0,-1.0267486960010688,747.7000000000317,1,2025
-1.0,-1.0267486960010688,-1.0,-1.0267486960010688,-1.0,-1.0267486960010688,747.7000000000317,1,2025
-1.0,-1.1106806862202676,-1.0,-1.1106806862202676,-1.0,-1.1106806862202676,180.6999999999789,-1,2025
-1.0,-1.1106806862202676,-1.0,-1.1106806862202676,-1.0,-1.1106806862202676,180.6999999999789,-1,2025
-1.0,-1.1106806862202676,-1.0,-1.1106806862202676,-1.0,-1.1106806862202676,180.6999999999789,-1,2025
-1.0,-1.0520833333333313,0.0,-0.052083333333331365,0.0,-0.052083333333331365,384.00000000001455,1,2025
-1.0,-1.1098901098901,-1.0,-1.1098901098901,-1.0,-1.1098901098901,182.00000000001637,1,2025
-1.0,-1.1098901098901,-1.0,-1.1098901098901,-1.0,-1.1098901098901,182.00000000001637,1,2025
2.0,1.9078341013824915,2.0,1.9078341013824915,2.0,1.9078341013824915,217.00000000000728,1,2025
2.0,1.9756394640682096,2.0,1.9756394640682096,2.0,1.9756394640682096,821.0000000000036,-1,2025
2.0,1.9647452846818247,2.0,1.9647452846818247,2.0,1.9647452846818247,567.2999999999774,-1,2025
-1.0,-1.0190240654427853,-1.0,-1.0190240654427853,-1.0,-1.0190240654427853,1051.299999999992,-1,2025
2.0,1.9795501022494881,2.0,1.9795501022494881,2.0,1.9795501022494881,977.9999999999745,-1,2025
-1.0,-1.032894736842103,0.0,-0.0328947368421032,0.0,-0.0328947368421032,608.0000000000382,1,2025
-1.0,-1.032894736842103,0.0,-0.0328947368421032,0.0,-0.0328947368421032,608.0000000000382,1,2025
2.0,1.958419958419958,0.0,-0.041580041580042054,0.0,-0.041580041580042054,480.99999999999454,-1,2025
-1.0,-1.0454132606721163,-1.0,-1.0454132606721163,-1.0,-1.0454132606721163,440.39999999999964,-1,2025
-1.0,-1.045977011494254,-1.0,-1.045977011494254,-1.0,-1.045977011494254,434.9999999999909,1,2025
-1.0,-1.0544959128065385,-1.0,-1.0544959128065385,-1.0,-1.0544959128065385,367.0000000000073,-1,2025
-1.0,-1.0544959128065385,-1.0,-1.0544959128065385,-1.0,-1.0544959128065385,367.0000000000073,-1,2025
-1.0,-1.0995024875621782,-1.0,-1.0995024875621782,-1.0,-1.0995024875621782,201.00000000002183,1,2025
-1.0,-1.030674846625767,0.0,-0.030674846625766958,0.0,-0.030674846625766958,651.9999999999982,1,2025
-1.0,-1.0576368876080648,-1.0,-1.0576368876080648,-1.0,-1.0576368876080648,347.00000000002547,1,2025
2.0,1.887005649717513,0.0,-0.11299435028248704,0.0,-0.11299435028248704,176.99999999999818,-1,2025
-1.0,-1.0536193029490615,-1.0,-1.0536193029490615,-1.0,-1.0536193029490615,373.0000000000018,-1,2025
-1.0,-1.0303030303030307,-1.0,-1.0303030303030307,-1.0,-1.0303030303030307,659.9999999999909,-1,2025
-1.0,-1.1041666666666627,0.0,-0.10416666666666273,0.0,-0.10416666666666273,192.00000000000728,-1,2025
-1.0,-1.0751879699248161,-1.0,-1.0751879699248161,-1.0,-1.0751879699248161,265.99999999998545,1,2025
2.0,1.9739583333333344,2.0,1.9739583333333344,2.0,1.9739583333333344,768.0000000000291,1,2025
-1.0,-1.0732600732600728,-1.0,-1.0732600732600728,-1.0,-1.0732600732600728,273.0000000000018,-1,2025
2.0,1.94871794871795,2.0,1.94871794871795,2.0,1.94871794871795,390.0000000000091,1,2025
-1.0,-1.0413223140495855,-1.0,-1.0413223140495855,-1.0,-1.0413223140495855,484.00000000001455,-1,2025
-1.0,-1.0413223140495855,-1.0,-1.0413223140495855,-1.0,-1.0413223140495855,484.00000000001455,-1,2025
2.0,1.9227799227799272,2.0,1.9227799227799272,1.6,1.5227799227799272,259.00000000001455,-1,2025
-1.0,-1.051282051282056,-1.0,-1.051282051282056,-1.0,-1.051282051282056,389.9999999999636,1,2025
-1.0,-1.0222222222222221,0.0,-0.022222222222222223,0.0,-0.022222222222222223,900.0,-1,2025
2.0,1.8333333333333082,2.0,1.8333333333333082,2.0,1.8333333333333082,119.99999999998181,1,2025
-1.0,-1.0367647058823526,-1.0,-1.0367647058823526,-1.0,-1.0367647058823526,544.0000000000055,1,2025
-1.0,-1.0367647058823526,-1.0,-1.0367647058823526,-1.0,-1.0367647058823526,544.0000000000055,1,2025
-1.0,-1.0367647058823526,-1.0,-1.0367647058823526,-1.0,-1.0367647058823526,544.0000000000055,1,2025
2.0,1.9413489736070435,0.0,-0.05865102639295656,0.0,-0.05865102639295656,341.0000000000309,-1,2025
-1.0,-1.0367647058823526,-1.0,-1.0367647058823526,-1.0,-1.0367647058823526,544.0000000000055,1,2025
-1.0,-1.0367647058823526,-1.0,-1.0367647058823526,-1.0,-1.0367647058823526,544.0000000000055,1,2025
2.0,1.9493670886075927,2.0,1.9493670886075927,2.0,1.9493670886075927,394.9999999999818,-1,2025
2.0,1.9493670886075927,2.0,1.9493670886075927,2.0,1.9493670886075927,394.9999999999818,-1,2025
2.0,1.8113207547169714,0.0,-0.1886792452830286,0.0,-0.1886792452830286,105.99999999999454,-1,2025
2.0,1.8113207547169714,0.0,-0.1886792452830286,0.0,-0.1886792452830286,105.99999999999454,-1,2025
-1.0,-1.0571428571428572,-1.0,-1.0571428571428572,-1.0,-1.0571428571428572,350.0,1,2025
-1.0,-1.0571428571428572,-1.0,-1.0571428571428572,-1.0,-1.0571428571428572,350.0,1,2025
-1.0,-1.1282051282051326,0.0,-0.1282051282051327,0.0,-0.1282051282051327,155.99999999999454,-1,2025
-1.0,-1.1282051282051326,0.0,-0.1282051282051327,0.0,-0.1282051282051327,155.99999999999454,-1,2025
-1.0,-1.1282051282051326,0.0,-0.1282051282051327,0.0,-0.1282051282051327,155.99999999999454,-1,2025
-1.0,-1.0833333333333302,0.0,-0.08333333333333018,0.0,-0.08333333333333018,240.0000000000091,1,2025
-1.0,-1.1041666666666627,0.0,-0.10416666666666273,0.0,-0.10416666666666273,192.00000000000728,1,2025
-1.0,-1.1136363636363789,0.0,-0.11363636363637891,0.0,-0.11363636363637891,175.99999999997635,-1,2025
2.0,1.9277978339350175,2.0,1.9277978339350175,1.6,1.5277978339350176,276.9999999999982,1,2025
-1.0,-1.0397614314115329,-1.0,-1.0397614314115329,-1.0,-1.0397614314115329,502.99999999997453,-1,2025
-1.0,-1.0397614314115329,-1.0,-1.0397614314115329,-1.0,-1.0397614314115329,502.99999999997453,-1,2025
2.0,1.9227799227799272,2.0,1.9227799227799272,1.6,1.5227799227799272,259.00000000001455,-1,2025
2.0,1.9365079365079383,2.0,1.9365079365079383,2.0,1.9365079365079383,315.0000000000091,1,2025
-1.0,-1.1020408163265287,-1.0,-1.1020408163265287,-1.0,-1.1020408163265287,196.00000000000364,-1,2025
-1.0,-1.106382978723398,0.0,-0.10638297872339808,0.0,-0.10638297872339808,188.0000000000109,1,2025
-1.0,-1.0219538968166846,-1.0,-1.0219538968166846,-1.0,-1.0219538968166846,911.0000000000127,1,2025
2.0,1.821428571428554,2.0,1.821428571428554,1.6,1.4214285714285542,111.99999999998909,1,2025
-1.0,-1.0358422939068106,-1.0,-1.0358422939068106,-1.0,-1.0358422939068106,557.9999999999927,-1,2025
-1.0,-1.0990099009901,-1.0,-1.0990099009901,-1.0,-1.0990099009901,201.99999999999818,1,2025
-1.0,-1.056980056980061,-1.0,-1.056980056980061,-1.0,-1.056980056980061,350.99999999997635,-1,2025
-1.0,-1.0677966101694958,-1.0,-1.0677966101694958,-1.0,-1.0677966101694958,294.9999999999818,-1,2025
-1.0,-1.0781250000000018,0.0,-0.07812500000000167,0.0,-0.07812500000000167,255.99999999999454,-1,2025
-1.0,-1.0781250000000018,0.0,-0.07812500000000167,0.0,-0.07812500000000167,255.99999999999454,-1,2025
-1.0,-1.0266666666666666,0.0,-0.02666666666666667,0.0,-0.02666666666666667,750.0,-1,2025
-1.0,-1.0335008375209367,-1.0,-1.0335008375209367,-1.0,-1.0335008375209367,597.0000000000255,1,2025
-1.0,-1.0468384074941455,0.0,-0.046838407494145404,0.0,-0.046838407494145404,426.9999999999982,-1,2025
-1.0,-1.1754385964911778,-1.0,-1.1754385964911778,-1.0,-1.1754385964911778,114.00000000003274,-1,2025
2.0,1.9614643545279387,2.0,1.9614643545279387,1.6,1.5614643545279387,519.0000000000055,1,2025
-1.0,-1.0477326968973741,-1.0,-1.0477326968973741,-1.0,-1.0477326968973741,419.00000000000546,-1,2025
2.0,1.9280575539568279,0.0,-0.07194244604317206,0.0,-0.07194244604317206,277.99999999997453,1,2025
2.0,1.9322033898305042,2.0,1.9322033898305042,1.6,1.5322033898305043,294.9999999999818,-1,2025
2.0,1.9613899613899601,2.0,1.9613899613899601,1.6,1.5613899613899602,517.9999999999836,1,2025
-1.0,-1.024096385542168,0.0,-0.02409638554216815,0.0,-0.02409638554216815,830.0000000000182,1,2025
-1.0,-1.024096385542168,0.0,-0.02409638554216815,0.0,-0.02409638554216815,830.0000000000182,1,2025
-1.0,-1.03597122302158,-1.0,-1.03597122302158,-1.0,-1.03597122302158,556.00000000004,-1,2025
-1.0,-1.03597122302158,-1.0,-1.03597122302158,-1.0,-1.03597122302158,556.00000000004,-1,2025
-1.0,-1.0938967136150186,0.0,-0.09389671361501867,0.0,-0.09389671361501867,213.0000000000109,-1,2025
-1.0,-1.06451612903226,-1.0,-1.06451612903226,-1.0,-1.06451612903226,309.9999999999909,1,2025
-1.0,-1.0477326968973741,-1.0,-1.0477326968973741,-1.0,-1.0477326968973741,419.00000000000546,-1,2025
-1.0,-1.0477326968973741,-1.0,-1.0477326968973741,-1.0,-1.0477326968973741,419.00000000000546,-1,2025
-1.0,-1.0477326968973741,-1.0,-1.0477326968973741,-1.0,-1.0477326968973741,419.00000000000546,-1,2025
-1.0,-1.19743336623891,0.0,-0.19743336623890997,0.0,-0.19743336623890997,101.299999999992,1,2025
-1.0,-1.0990099009901,0.0,-0.0990099009900999,0.0,-0.0990099009900999,201.99999999999818,-1,2025
-1.0,-1.0671140939597312,-1.0,-1.0671140939597312,-1.0,-1.0671140939597312,298.0000000000018,1,2025
-1.0,-1.0671140939597312,-1.0,-1.0671140939597312,-1.0,-1.0671140939597312,298.0000000000018,1,2025
-1.0,-1.1073537305421461,-1.0,-1.1073537305421461,-1.0,-1.1073537305421461,186.2999999999829,1,2025
-1.0,-1.0305670181873752,-1.0,-1.0305670181873752,-1.0,-1.0305670181873752,654.300000000012,1,2025
2.0,1.8333333333333082,2.0,1.8333333333333082,1.6,1.4333333333333083,119.99999999998181,-1,2025
-1.0,-1.1094690749863028,-1.0,-1.1094690749863028,-1.0,-1.1094690749863028,182.70000000002256,1,2025
-1.0,-1.0769230769230662,0.0,-0.07692307692306616,0.0,-0.07692307692306616,260.0000000000364,-1,2025
-1.0,-1.052631578947366,-1.0,-1.052631578947366,-1.0,-1.052631578947366,380.0000000000182,-1,2025
-1.0,-1.149253731343318,-1.0,-1.149253731343318,-1.0,-1.149253731343318,133.99999999996908,1,2025
-1.0,-1.0816326530612306,-1.0,-1.0816326530612306,-1.0,-1.0816326530612306,244.9999999999818,-1,2025
-1.0,-1.1428571428571335,-1.0,-1.1428571428571335,-1.0,-1.1428571428571335,140.0000000000091,1,2025
2.0,1.9523014548056308,2.0,1.9523014548056308,2.0,1.9523014548056308,419.3000000000211,-1,2025
2.0,1.9523014548056308,2.0,1.9523014548056308,2.0,1.9523014548056308,419.3000000000211,-1,2025
2.0,1.846977811782737,2.0,1.846977811782737,1.6,1.446977811782737,130.70000000002437,1,2025
2.0,1.846977811782737,2.0,1.846977811782737,1.6,1.446977811782737,130.70000000002437,1,2025
-1.0,-1.0404858299595137,-1.0,-1.0404858299595137,-1.0,-1.0404858299595137,494.00000000000546,1,2025
-1.0,-1.0404858299595137,-1.0,-1.0404858299595137,-1.0,-1.0404858299595137,494.00000000000546,1,2025
-1.0,-1.0960153624579894,-1.0,-1.0960153624579894,-1.0,-1.0960153624579894,208.30000000000837,-1,2025
-1.0,-1.0960153624579894,-1.0,-1.0960153624579894,-1.0,-1.0960153624579894,208.30000000000837,-1,2025
-1.0,-1.0854700854700967,-1.0,-1.0854700854700967,-1.0,-1.0854700854700967,233.99999999996908,1,2025
-1.0,-1.1333333333333333,0.0,-0.13333333333333333,0.0,-0.13333333333333333,150.0,-1,2025
-1.0,-1.2006018054161887,-1.0,-1.2006018054161887,-1.0,-1.2006018054161887,99.70000000002983,-1,2025
-1.0,-1.2006018054161887,-1.0,-1.2006018054161887,-1.0,-1.2006018054161887,99.70000000002983,-1,2025
-1.0,-1.0674991562605423,-1.0,-1.0674991562605423,-1.0,-1.0674991562605423,296.3000000000193,-1,2025
-1.0,-1.084781687155577,-1.0,-1.084781687155577,-1.0,-1.084781687155577,235.89999999999236,1,2025
-1.0,-1.125000000000007,0.0,-0.1250000000000071,0.0,-0.1250000000000071,159.9999999999909,-1,2025
-1.0,-1.1075268817204227,0.0,-0.10752688172042275,0.0,-0.10752688172042275,186.00000000001273,1,2025
2.0,1.9427426281133686,2.0,1.9427426281133686,1.6,1.5427426281133687,349.2999999999938,-1,2025
2.0,1.9427426281133686,2.0,1.9427426281133686,1.6,1.5427426281133687,349.2999999999938,-1,2025
2.0,1.9427426281133686,2.0,1.9427426281133686,1.6,1.5427426281133687,349.2999999999938,-1,2025
2.0,1.85714285714282,0.0,-0.14285714285718,0.0,-0.14285714285718,139.99999999996362,-1,2025
2.0,1.85714285714282,0.0,-0.14285714285718,0.0,-0.14285714285718,139.99999999996362,-1,2025
-1.0,-1.0858369098712473,-1.0,-1.0858369098712473,-1.0,-1.0858369098712473,232.99999999999272,-1,2025
-1.0,-1.0858369098712473,-1.0,-1.0858369098712473,-1.0,-1.0858369098712473,232.99999999999272,-1,2025
-1.0,-1.0564493367202916,-1.0,-1.0564493367202916,-1.0,-1.0564493367202916,354.300000000012,1,2025
2.0,1.9183673469387845,2.0,1.9183673469387845,1.6,1.5183673469387846,245.00000000002728,-1,2025
-1.0,-1.1670843776106772,0.0,-0.16708437761067715,0.0,-0.16708437761067715,119.70000000001164,1,2025
2.0,1.8095238095238426,2.0,1.8095238095238426,1.6,1.4095238095238427,105.00000000001819,-1,2025
2.0,1.954679356446857,2.0,1.954679356446857,2.0,1.954679356446857,441.2999999999556,-1,2025
2.0,1.9148936170212898,0.0,-0.08510638297871023,0.0,-0.08510638297871023,235.00000000003638,-1,2025
2.0,1.9148936170212898,0.0,-0.08510638297871023,0.0,-0.08510638297871023,235.00000000003638,-1,2025
2.0,1.8294970161978168,0.0,-0.17050298380218323,0.0,-0.17050298380218323,117.30000000002292,1,2025
2.0,1.8294970161978168,0.0,-0.17050298380218323,0.0,-0.17050298380218323,117.30000000002292,1,2025
2.0,1.9469917837264732,0.0,-0.053008216273526844,0.0,-0.053008216273526844,377.29999999996835,1,2025
2.0,1.9661590524534678,2.0,1.9661590524534678,1.6,1.5661590524534679,590.9999999999854,-1,2025
-1.0,-1.0833333333333302,-1.0,-1.0833333333333302,-1.0,-1.0833333333333302,240.0000000000091,-1,2025
-1.0,-1.15071590052748,-1.0,-1.15071590052748,-1.0,-1.15071590052748,132.70000000002256,1,2025
-1.0,-1.210526315789514,0.0,-0.210526315789514,0.0,-0.210526315789514,94.99999999998181,1,2025
-1.0,-1.0665114732291308,-1.0,-1.0665114732291308,-1.0,-1.0665114732291308,300.7000000000062,-1,2025
2.0,1.9425287356321843,0.0,-0.05747126436781579,0.0,-0.05747126436781579,348.0000000000018,1,2025
2.0,1.9358974358974337,0.0,-0.06410256410256635,0.0,-0.06410256410256635,311.9999999999891,1,2025
-1.0,-1.149253731343318,0.0,-0.14925373134331804,0.0,-0.14925373134331804,133.99999999996908,1,2025
-1.0,-1.1156069364161838,-1.0,-1.1156069364161838,-1.0,-1.1156069364161838,173.00000000000182,-1,2025
-1.0,-1.1156069364161838,-1.0,-1.1156069364161838,-1.0,-1.1156069364161838,173.00000000000182,-1,2025
2.0,1.9722492021645635,2.0,1.9722492021645635,1.6,1.5722492021645635,720.7000000000335,-1,2025
-1.0,-1.055555555555557,0.0,-0.05555555555555696,0.0,-0.05555555555555696,359.9999999999909,-1,2025
-1.0,-1.055555555555557,0.0,-0.05555555555555696,0.0,-0.05555555555555696,359.9999999999909,-1,2025
-1.0,-1.089285714285723,-1.0,-1.089285714285723,-1.0,-1.089285714285723,223.99999999997817,1,2025
-1.0,-1.0891662951404393,-1.0,-1.0891662951404393,-1.0,-1.0891662951404393,224.29999999999382,-1,2025
-1.0,-1.044345898004437,-1.0,-1.044345898004437,-1.0,-1.044345898004437,450.99999999997635,1,2025
-1.0,-1.0475850582916968,-1.0,-1.0475850582916968,-1.0,-1.0475850582916968,420.29999999999745,1,2025
-1.0,-1.2173913043478088,-1.0,-1.2173913043478088,-1.0,-1.2173913043478088,92.00000000000728,1,2025
-1.0,-1.0886132033672993,0.0,-0.0886132033672993,0.0,-0.0886132033672993,225.70000000000618,-1,2025
-1.0,-1.1333333333333333,-1.0,-1.1333333333333333,-1.0,-1.1333333333333333,150.0,-1,2025
-1.0,-1.0542005420054192,-1.0,-1.0542005420054192,-1.0,-1.0542005420054192,369.00000000000546,-1,2025
-1.0,-1.071684587813621,-1.0,-1.071684587813621,-1.0,-1.071684587813621,278.99999999999636,-1,2025
-1.0,-1.1098901098901275,-1.0,-1.1098901098901275,-1.0,-1.1098901098901275,181.9999999999709,-1,2025
-1.0,-1.1098901098901275,-1.0,-1.1098901098901275,-1.0,-1.1098901098901275,181.9999999999709,-1,2025
-1.0,-1.17241379310347,0.0,-0.1724137931034699,0.0,-0.1724137931034699,115.99999999998545,1,2025
2.0,1.8755444928438414,2.0,1.8755444928438414,1.6,1.4755444928438415,160.70000000004256,1,2025
-1.0,-1.1571091908876499,-1.0,-1.1571091908876499,-1.0,-1.1571091908876499,127.30000000001382,-1,2025
-1.0,-1.2222222222221997,-1.0,-1.2222222222221997,-1.0,-1.2222222222221997,90.0000000000091,1,2025
-1.0,-1.2222222222221997,-1.0,-1.2222222222221997,-1.0,-1.2222222222221997,90.0000000000091,1,2025
-1.0,-1.2222222222221997,-1.0,-1.2222222222221997,-1.0,-1.2222222222221997,90.0000000000091,1,2025
-1.0,-1.129032258064501,0.0,-0.129032258064501,0.0,-0.129032258064501,155.0000000000182,1,2025
2.0,1.9492385786802038,2.0,1.9492385786802038,2.0,1.9492385786802038,394.00000000000546,-1,2025
-1.0,-1.117647058823542,-1.0,-1.117647058823542,-1.0,-1.117647058823542,169.9999999999818,1,2025
-1.0,-1.1538461538461324,-1.0,-1.1538461538461324,-1.0,-1.1538461538461324,130.0000000000182,1,2025
-1.0,-1.27027027027035,-1.0,-1.27027027027035,-1.0,-1.27027027027035,73.99999999997817,1,2025
2.0,1.9111111111111112,2.0,1.9111111111111112,1.6,1.5111111111111113,225.0,1,2025
-1.0,-1.044150110375274,0.0,-0.04415011037527399,0.0,-0.04415011037527399,453.00000000002,1,2025
-1.0,-1.3030303030303698,-1.0,-1.3030303030303698,-1.0,-1.3030303030303698,65.99999999998545,-1,2025
-1.0,-1.2439024390244768,-1.0,-1.2439024390244768,-1.0,-1.2439024390244768,81.9999999999709,1,2025
-1.0,-1.111731843575393,-1.0,-1.111731843575393,-1.0,-1.111731843575393,179.00000000004184,1,2025
-1.0,-1.1181334908446396,-1.0,-1.1181334908446396,-1.0,-1.1181334908446396,169.3000000000211,-1,2025
2.0,1.964476021314388,0.0,-0.0355239786856121,0.0,-0.0355239786856121,563.0000000000109,1,2025
2.0,1.964476021314388,0.0,-0.0355239786856121,0.0,-0.0355239786856121,563.0000000000109,1,2025
-1.0,-1.064308681672023,-1.0,-1.064308681672023,-1.0,-1.064308681672023,311.00000000001273,-1,2025
-1.0,-1.040758100672511,-1.0,-1.040758100672511,-1.0,-1.040758100672511,490.6999999999698,1,2025
-1.0,-1.0776096235933188,-1.0,-1.0776096235933188,-1.0,-1.0776096235933188,257.70000000002256,1,2025
-1.0,-1.0776096235933188,-1.0,-1.0776096235933188,-1.0,-1.0776096235933188,257.70000000002256,1,2025
2.0,1.9646830301960092,0.0,-0.03531696980399075,0.0,-0.03531696980399075,566.3000000000011,-1,2025
2.0,1.9646830301960092,0.0,-0.03531696980399075,0.0,-0.03531696980399075,566.3000000000011,-1,2025
-1.0,-1.2998500749625563,0.0,-0.2998500749625564,0.0,-0.2998500749625564,66.69999999999163,1,2025
-1.0,-1.0422832980972514,-1.0,-1.0422832980972514,-1.0,-1.0422832980972514,473.0000000000018,-1,2025
-1.0,-1.0422832980972514,-1.0,-1.0422832980972514,-1.0,-1.0422832980972514,473.0000000000018,-1,2025
-1.0,-1.0422832980972514,-1.0,-1.0422832980972514,-1.0,-1.0422832980972514,473.0000000000018,-1,2025
2.0,1.9171499585749867,0.0,-0.08285004142501336,0.0,-0.08285004142501336,241.40000000002146,-1,2025
-1.0,-1.1398601398601114,0.0,-0.1398601398601114,0.0,-0.1398601398601114,143.0000000000291,-1,2025
2.0,1.926199261992621,0.0,-0.07380073800737909,0.0,-0.07380073800737909,271.00000000000364,1,2025
-1.0,-1.169491525423687,-1.0,-1.169491525423687,-1.0,-1.169491525423687,118.0000000000291,1,2025
2.0,1.8630136986301404,2.0,1.8630136986301404,2.0,1.8630136986301404,146.00000000000364,-1,2025
2.0,1.8630136986301404,2.0,1.8630136986301404,2.0,1.8630136986301404,146.00000000000364,-1,2025
-1.0,-1.1388888888888835,-1.0,-1.1388888888888835,-1.0,-1.1388888888888835,144.00000000000546,1,2025
-1.0,-1.1388888888888835,-1.0,-1.1388888888888835,-1.0,-1.1388888888888835,144.00000000000546,1,2025
-1.0,-1.0666666666666667,-1.0,-1.0666666666666667,-1.0,-1.0666666666666667,300.0,-1,2025
2.0,1.8275862068965978,2.0,1.8275862068965978,1.6,1.4275862068965979,116.00000000003092,1,2025
2.0,1.9324324324324333,0.0,-0.06756756756756674,0.0,-0.06756756756756674,296.00000000000364,1,2025
-1.0,-1.054960153888429,-1.0,-1.054960153888429,-1.0,-1.054960153888429,363.90000000001237,1,2025
-1.0,-1.0859475719810832,0.0,-0.0859475719810832,0.0,-0.0859475719810832,232.70000000002256,1,2025
-1.0,-1.062305295950164,-1.0,-1.062305295950164,-1.0,-1.062305295950164,320.99999999995816,-1,2025
2.0,1.9156118143459877,2.0,1.9156118143459877,2.0,1.9156118143459877,236.9999999999891,1,2025
2.0,1.84,2.0,1.84,1.6,1.4400000000000002,125.0,-1,2025
-1.0,-1.0754716981132049,-1.0,-1.0754716981132049,-1.0,-1.0754716981132049,265.0000000000091,1,2025
-1.0,-1.2083333333333255,-1.0,-1.2083333333333255,-1.0,-1.2083333333333255,96.00000000000364,-1,2025
-1.0,-1.1801801801801595,-1.0,-1.1801801801801595,-1.0,-1.1801801801801595,111.00000000001273,1,2025
-1.0,-1.0980392156862762,-1.0,-1.0980392156862762,-1.0,-1.0980392156862762,203.99999999999636,1,2025
-1.0,-1.0980392156862762,-1.0,-1.0980392156862762,-1.0,-1.0980392156862762,203.99999999999636,1,2025
-1.0,-1.1960784313725525,-1.0,-1.1960784313725525,-1.0,-1.1960784313725525,101.99999999999818,-1,2025
-1.0,-1.119760479041911,-1.0,-1.119760479041911,-1.0,-1.119760479041911,167.00000000000728,-1,2025
-1.0,-1.2325581395348493,0.0,-0.2325581395348493,0.0,-0.2325581395348493,86.00000000001273,1,2025
-1.0,-1.1142857142857143,0.0,-0.1142857142857143,0.0,-0.1142857142857143,175.0,-1,2025
-1.0,-1.1142857142857143,0.0,-0.1142857142857143,0.0,-0.1142857142857143,175.0,-1,2025
-1.0,-1.1142857142857143,0.0,-0.1142857142857143,0.0,-0.1142857142857143,175.0,-1,2025
-1.0,-1.1142857142857143,0.0,-0.1142857142857143,0.0,-0.1142857142857143,175.0,-1,2025
-1.0,-1.1142857142857143,0.0,-0.1142857142857143,0.0,-0.1142857142857143,175.0,-1,2025
2.0,1.752168525402801,2.0,1.752168525402801,2.0,1.752168525402801,80.70000000002437,-1,2025
-1.0,-1.0602409638554187,-1.0,-1.0602409638554187,-1.0,-1.0602409638554187,332.00000000001637,-1,2025
-1.0,-1.0602409638554187,-1.0,-1.0602409638554187,-1.0,-1.0602409638554187,332.00000000001637,-1,2025
-1.0,-1.0602409638554187,-1.0,-1.0602409638554187,-1.0,-1.0602409638554187,332.00000000001637,-1,2025
-1.0,-1.1324503311258485,-1.0,-1.1324503311258485,-1.0,-1.1324503311258485,150.99999999997635,1,2025
-1.0,-1.1086956521739313,0.0,-0.10869565217393132,0.0,-0.10869565217393132,183.99999999996908,1,2025
2.0,1.8598458304134233,2.0,1.8598458304134233,1.6,1.4598458304134234,142.69999999996799,1,2025
-1.0,-1.2380952380953258,0.0,-0.23809523809532576,0.0,-0.23809523809532576,83.99999999996908,1,2025
-1.0,-1.2380952380953258,0.0,-0.23809523809532576,0.0,-0.23809523809532576,83.99999999996908,1,2025
-1.0,-1.1296176279974357,0.0,-0.12961762799743576,0.0,-0.12961762799743576,154.29999999996653,-1,2025
2.0,1.932659932659928,2.0,1.932659932659928,1.6,1.5326599326599282,296.99999999998,1,2025
2.0,1.7260273972602809,2.0,1.7260273972602809,1.6,1.326027397260281,73.00000000000182,-1,2025
-1.0,-1.1081081081081134,-1.0,-1.1081081081081134,-1.0,-1.1081081081081134,184.9999999999909,-1,2025
-1.0,-1.0625000000000036,-1.0,-1.0625000000000036,-1.0,-1.0625000000000036,319.9999999999818,-1,2025
-1.0,-1.2173913043478088,0.0,-0.2173913043478089,0.0,-0.2173913043478089,92.00000000000728,-1,2025
-1.0,-1.2173913043478088,0.0,-0.2173913043478089,0.0,-0.2173913043478089,92.00000000000728,-1,2025
-1.0,-1.2173913043478088,0.0,-0.2173913043478089,0.0,-0.2173913043478089,92.00000000000728,-1,2025
-1.0,-1.0980392156862762,0.0,-0.09803921568627626,0.0,-0.09803921568627626,203.99999999999636,-1,2025
2.0,1.9562363238512006,0.0,-0.04376367614879929,0.0,-0.04376367614879929,456.9999999999709,1,2025
-1.0,-1.4228329809725548,0.0,-0.4228329809725549,0.0,-0.4228329809725549,47.299999999995634,-1,2025
2.0,1.6226415094341047,0.0,-0.3773584905658953,0.0,-0.3773584905658953,53.00000000002001,1,2025
-1.0,-1.0909504320145493,0.0,-0.09095043201454922,0.0,-0.09095043201454922,219.9000000000069,-1,2025
-1.0,-1.0909504320145493,0.0,-0.09095043201454922,0.0,-0.09095043201454922,219.9000000000069,-1,2025
-1.0,-1.1024065540194585,-1.0,-1.1024065540194585,-1.0,-1.1024065540194585,195.29999999999745,1,2025
-1.0,-1.1279590531029986,-1.0,-1.1279590531029986,-1.0,-1.1279590531029986,156.3000000000102,-1,2025
-1.0,-1.3174603174602626,-1.0,-1.3174603174602626,-1.0,-1.3174603174602626,63.000000000010914,1,2025
2.0,1.94652406417112,2.0,1.94652406417112,2.0,1.94652406417112,373.9999999999782,-1,2025
-1.0,-1.2941176470588944,-1.0,-1.2941176470588944,-1.0,-1.2941176470588944,67.99999999998363,-1,2025
-1.0,-1.1111111111110998,-1.0,-1.1111111111110998,-1.0,-1.1111111111110998,180.0000000000182,-1,2025
-1.0,-1.219780219780145,-1.0,-1.219780219780145,-1.0,-1.219780219780145,91.00000000003092,1,2025
-1.0,-1.1154068090017195,-1.0,-1.1154068090017195,-1.0,-1.1154068090017195,173.30000000001746,1,2025
2.0,1.9579831932773129,2.0,1.9579831932773129,1.6,1.557983193277313,476.0000000000218,-1,2025
-1.0,-1.17241379310347,0.0,-0.1724137931034699,0.0,-0.1724137931034699,115.99999999998545,-1,2025
-1.0,-1.1515151515151327,0.0,-0.15151515151513273,0.0,-0.15151515151513273,132.00000000001637,1,2025
2.0,1.9253731343283536,2.0,1.9253731343283536,1.6,1.5253731343283536,267.99999999998363,1,2025
2.0,1.9253731343283536,2.0,1.9253731343283536,1.6,1.5253731343283536,267.99999999998363,1,2025
-1.0,-1.263157894736924,-1.0,-1.263157894736924,-1.0,-1.263157894736924,75.99999999997635,1,2025
2.0,1.8880805819809616,2.0,1.8880805819809616,2.0,1.8880805819809616,178.69999999998072,-1,2025
-1.0,-1.1020408163265525,-1.0,-1.1020408163265525,-1.0,-1.1020408163265525,195.99999999995816,-1,2025
2.0,1.7674418604651507,2.0,1.7674418604651507,1.6,1.3674418604651508,86.00000000001273,1,2025
-1.0,-1.1886792452830286,-1.0,-1.1886792452830286,-1.0,-1.1886792452830286,105.99999999999454,1,2025
-1.0,-1.0537056928034414,-1.0,-1.0537056928034414,-1.0,-1.0537056928034414,372.39999999997053,-1,2025
-1.0,-1.0537056928034414,-1.0,-1.0537056928034414,-1.0,-1.0537056928034414,372.39999999997053,-1,2025
-1.0,-1.0537056928034414,-1.0,-1.0537056928034414,-1.0,-1.0537056928034414,372.39999999997053,-1,2025
-1.0,-1.1769911504424608,0.0,-0.1769911504424608,0.0,-0.1769911504424608,113.00000000001091,-1,2025
-1.0,-1.0694203401596702,0.0,-0.0694203401596702,0.0,-0.0694203401596702,288.0999999999858,1,2025
2.0,1.9426441066819629,2.0,1.9426441066819629,2.0,1.9426441066819629,348.700000000008,-1,2025
-1.0,-1.05813953488372,-1.0,-1.05813953488372,-1.0,-1.05813953488372,344.00000000000546,-1,2025
-1.0,-1.0757575757575795,-1.0,-1.0757575757575795,-1.0,-1.0757575757575795,263.99999999998727,1,2025
2.0,1.931972789115637,0.0,-0.068027210884363,0.0,-0.068027210884363,293.99999999996,-1,2025
-1.0,-1.1181334908446714,-1.0,-1.1181334908446714,-1.0,-1.1181334908446714,169.29999999997563,-1,2025
2.0,1.6879875195008172,2.0,1.6879875195008172,2.0,1.6879875195008172,64.10000000000764,1,2025
-1.0,-1.0479961603071763,-1.0,-1.0479961603071763,-1.0,-1.0479961603071763,416.69999999999163,-1,2025
-1.0,-1.0479961603071763,-1.0,-1.0479961603071763,-1.0,-1.0479961603071763,416.69999999999163,-1,2025
-1.0,-1.2597402597402658,0.0,-0.2597402597402659,0.0,-0.2597402597402659,76.99999999999818,1,2025
-1.0,-1.1136363636363789,0.0,-0.11363636363637891,0.0,-0.11363636363637891,175.99999999997635,1,2025
2.0,1.8507462686567326,2.0,1.8507462686567326,1.6,1.4507462686567327,134.00000000001455,-1,2025
2.0,1.8507462686567326,2.0,1.8507462686567326,1.6,1.4507462686567327,134.00000000001455,-1,2025
-1.0,-1.1754385964912477,-1.0,-1.1754385964912477,-1.0,-1.1754385964912477,113.99999999998727,1,2025
-1.0,-1.1754385964912477,-1.0,-1.1754385964912477,-1.0,-1.1754385964912477,113.99999999998727,1,2025
2.0,1.718309859154944,2.0,1.718309859154944,1.6,1.318309859154944,71.00000000000364,1,2025
-1.0,-1.0847457627118597,0.0,-0.08474576271185984,0.0,-0.08474576271185984,236.00000000001273,1,2025
-1.0,-1.0847457627118597,0.0,-0.08474576271185984,0.0,-0.08474576271185984,236.00000000001273,1,2025
-1.0,-1.0847457627118597,0.0,-0.08474576271185984,0.0,-0.08474576271185984,236.00000000001273,1,2025
-1.0,-1.129032258064501,0.0,-0.129032258064501,0.0,-0.129032258064501,155.0000000000182,-1,2025
2.0,1.9078341013824915,2.0,1.9078341013824915,2.0,1.9078341013824915,217.00000000000728,-1,2025
-1.0,-1.1212121212121144,-1.0,-1.1212121212121144,-1.0,-1.1212121212121144,165.0000000000091,-1,2025
2.0,1.8930481283422398,2.0,1.8930481283422398,1.6,1.4930481283422399,186.9999999999891,1,2025
2.0,1.8930481283422398,2.0,1.8930481283422398,1.6,1.4930481283422399,186.9999999999891,1,2025
-1.0,-1.1801801801801595,0.0,-0.18018018018015952,0.0,-0.18018018018015952,111.00000000001273,-1,2025
-1.0,-1.2047082906858018,-1.0,-1.2047082906858018,-1.0,-1.2047082906858018,97.69999999998618,1,2025
-1.0,-1.156617071260762,-1.0,-1.156617071260762,-1.0,-1.156617071260762,127.70000000000437,1,2025
-1.0,-1.1123595505617851,-1.0,-1.1123595505617851,-1.0,-1.1123595505617851,178.00000000002,-1,2025
2.0,1.8507462686567326,2.0,1.8507462686567326,1.6,1.4507462686567327,134.00000000001455,-1,2025
-1.0,-1.0956937799042996,0.0,-0.09569377990429956,0.0,-0.09569377990429956,209.00000000001455,-1,2025
-1.0,-1.2247191011235128,-1.0,-1.2247191011235128,-1.0,-1.2247191011235128,89.00000000003274,1,2025
2.0,1.7333333333333334,0.0,-0.26666666666666666,0.0,-0.26666666666666666,75.0,-1,2025
-1.0,-1.2083333333333255,-1.0,-1.2083333333333255,-1.0,-1.2083333333333255,96.00000000000364,1,2025
-1.0,-1.2083333333333255,-1.0,-1.2083333333333255,-1.0,-1.2083333333333255,96.00000000000364,1,2025
-1.0,-1.2083333333333255,-1.0,-1.2083333333333255,-1.0,-1.2083333333333255,96.00000000000364,1,2025
-1.0,-1.2083333333333255,-1.0,-1.2083333333333255,-1.0,-1.2083333333333255,96.00000000000364,1,2025
-1.0,-1.2083333333333255,-1.0,-1.2083333333333255,-1.0,-1.2083333333333255,96.00000000000364,1,2025
-1.0,-1.2083333333333255,-1.0,-1.2083333333333255,-1.0,-1.2083333333333255,96.00000000000364,1,2025
2.0,1.9199038846615888,2.0,1.9199038846615888,2.0,1.9199038846615888,249.69999999998436,-1,2025
-1.0,-1.2739726027397191,-1.0,-1.2739726027397191,-1.0,-1.2739726027397191,73.00000000000182,-1,2025
-1.0,-1.3448275862066694,-1.0,-1.3448275862066694,-1.0,-1.3448275862066694,58.0000000000382,-1,2025
-1.0,-1.3448275862066694,-1.0,-1.3448275862066694,-1.0,-1.3448275862066694,58.0000000000382,-1,2025
-1.0,-1.1709401709401603,-1.0,-1.1709401709401603,-1.0,-1.1709401709401603,117.00000000000728,1,2025
-1.0,-1.193610842207182,-1.0,-1.193610842207182,-1.0,-1.193610842207182,103.29999999999018,1,2025
2.0,1.8837209302325753,2.0,1.8837209302325753,2.0,1.8837209302325753,172.00000000002547,1,2025
-1.0,-1.1980198019801551,-1.0,-1.1980198019801551,-1.0,-1.1980198019801551,101.00000000002183,1,2025
2.0,1.9148936170212734,2.0,1.9148936170212734,1.6,1.5148936170212735,234.9999999999909,-1,2025
-1.0,-1.0550964187327807,-1.0,-1.0550964187327807,-1.0,-1.0550964187327807,363.0000000000109,-1,2025
-1.0,-1.0727272727272728,-1.0,-1.0727272727272728,-1.0,-1.0727272727272728,275.0,1,2025
2.0,1.9043062200957004,2.0,1.9043062200957004,1.6,1.5043062200957005,209.00000000001455,1,2025
-1.0,-1.2439024390243416,-1.0,-1.2439024390243416,-1.0,-1.2439024390243416,82.00000000001637,-1,2025
-1.0,-1.049382716049386,-1.0,-1.049382716049386,-1.0,-1.049382716049386,404.9999999999727,1,2025
-1.0,-1.106382978723398,0.0,-0.10638297872339808,0.0,-0.10638297872339808,188.0000000000109,1,2025
-1.0,-1.106382978723398,0.0,-0.10638297872339808,0.0,-0.10638297872339808,188.0000000000109,1,2025
-1.0,-1.1492537313432674,0.0,-0.1492537313432674,0.0,-0.1492537313432674,134.00000000001455,-1,2025
-1.0,-1.1492537313432674,0.0,-0.1492537313432674,0.0,-0.1492537313432674,134.00000000001455,-1,2025
-1.0,-1.1131861912846452,-1.0,-1.1131861912846452,-1.0,-1.1131861912846452,176.700000000028,1,2025
-1.0,-1.1282051282050953,-1.0,-1.1282051282050953,-1.0,-1.1282051282050953,156.00000000004002,1,2025
-1.0,-1.1759014951626825,-1.0,-1.1759014951626825,-1.0,-1.1759014951626825,113.7000000000171,-1,2025
2.0,1.6428571428573981,2.0,1.6428571428573981,1.6,1.2428571428573982,56.00000000004002,1,2025
-1.0,-1.0782166601486043,-1.0,-1.0782166601486043,-1.0,-1.0782166601486043,255.70000000002437,1,2025
-1.0,-1.0766283524904177,-1.0,-1.0766283524904177,-1.0,-1.0766283524904177,261.00000000001273,-1,2025
-1.0,-1.1273885350318706,-1.0,-1.1273885350318706,-1.0,-1.1273885350318706,156.9999999999709,-1,2025
-1.0,-1.3636363636362434,-1.0,-1.3636363636362434,-1.0,-1.3636363636362434,55.00000000001819,1,2025
2.0,1.9130434782608765,2.0,1.9130434782608765,1.6,1.5130434782608766,230.0000000000182,-1,2025
-1.0,-1.280504908835829,-1.0,-1.280504908835829,-1.0,-1.280504908835829,71.30000000001928,-1,2025
-1.0,-1.280504908835829,-1.0,-1.280504908835829,-1.0,-1.280504908835829,71.30000000001928,-1,2025
-1.0,-1.0589970501474948,-1.0,-1.0589970501474948,-1.0,-1.0589970501474948,338.99999999998727,1,2025
-1.0,-1.1333333333333333,-1.0,-1.1333333333333333,-1.0,-1.1333333333333333,150.0,1,2025
-1.0,-1.2040816326530575,-1.0,-1.2040816326530575,-1.0,-1.2040816326530575,98.00000000000182,1,2025
-1.0,-1.2040816326530575,-1.0,-1.2040816326530575,-1.0,-1.2040816326530575,98.00000000000182,1,2025
-1.0,-1.2857142857141743,-1.0,-1.2857142857141743,-1.0,-1.2857142857141743,70.00000000002728,1,2025
-1.0,-1.2857142857141743,-1.0,-1.2857142857141743,-1.0,-1.2857142857141743,70.00000000002728,1,2025
-1.0,-1.0470920649870514,-1.0,-1.0470920649870514,-1.0,-1.0470920649870514,424.69999999998436,-1,2025
2.0,1.722222222222145,2.0,1.722222222222145,2.0,1.722222222222145,71.99999999997999,1,2025
-1.0,-1.1183431952662684,-1.0,-1.1183431952662684,-1.0,-1.1183431952662684,169.00000000000546,1,2025
-1.0,-1.1183431952662684,-1.0,-1.1183431952662684,-1.0,-1.1183431952662684,169.00000000000546,1,2025
-1.0,-1.19047619047624,0.0,-0.19047619047623998,0.0,-0.19047619047623998,104.99999999997272,-1,2025
-1.0,-1.25641025641034,-1.0,-1.25641025641034,-1.0,-1.25641025641034,77.99999999997453,1,2025
-1.0,-1.1041666666666627,-1.0,-1.1041666666666627,-1.0,-1.1041666666666627,192.00000000000728,-1,2025
-1.0,-1.0869565217391235,-1.0,-1.0869565217391235,-1.0,-1.0869565217391235,230.0000000000182,1,2025
-1.0,-1.18399264029439,0.0,-0.18399264029439008,0.0,-0.18399264029439008,108.69999999999891,-1,2025
2.0,1.863945578231274,2.0,1.863945578231274,1.6,1.463945578231274,146.99999999998,1,2025
-1.0,-1.0540540540540502,-1.0,-1.0540540540540502,-1.0,-1.0540540540540502,370.0000000000273,1,2025
2.0,1.9644949405290242,2.0,1.9644949405290242,2.0,1.9644949405290242,563.2999999999811,1,2025
-1.0,-1.040080160320643,-1.0,-1.040080160320643,-1.0,-1.040080160320643,498.9999999999782,-1,2025
-1.0,-1.046189376443414,0.0,-0.04618937644341394,0.0,-0.04618937644341394,433.0000000000382,-1,2025
-1.0,-1.0337837837837833,-1.0,-1.0337837837837833,-1.0,-1.0337837837837833,592.0000000000073,1,2025
2.0,1.8684210526315774,0.0,-0.13157894736842263,0.0,-0.13157894736842263,151.99999999999818,1,2025
-1.0,-1.0600600600600614,-1.0,-1.0600600600600614,-1.0,-1.0600600600600614,332.9999999999927,-1,2025
-1.0,-1.076132470498669,0.0,-0.07613247049866906,0.0,-0.07613247049866906,262.69999999999527,1,2025
-1.0,-1.1324503311258087,0.0,-0.13245033112580867,0.0,-0.13245033112580867,151.00000000002183,1,2025
2.0,1.870967741935499,2.0,1.870967741935499,1.6,1.4709677419354992,155.0000000000182,-1,2025
-1.0,-1.0511901714870724,-1.0,-1.0511901714870724,-1.0,-1.0511901714870724,390.7000000000153,1,2025
-1.0,-1.0687285223367733,0.0,-0.0687285223367732,0.0,-0.0687285223367732,290.99999999998545,-1,2025
-1.0,-1.0687285223367733,0.0,-0.0687285223367732,0.0,-0.0687285223367732,290.99999999998545,-1,2025
-1.0,-1.0687285223367733,0.0,-0.0687285223367732,0.0,-0.0687285223367732,290.99999999998545,-1,2025
-1.0,-1.0171865601099936,-1.0,-1.0171865601099936,-1.0,-1.0171865601099936,1163.700000000017,1,2025
-1.0,-1.0840336134453743,0.0,-0.0840336134453743,0.0,-0.0840336134453743,238.0000000000109,-1,2025
2.0,1.9782679561012713,2.0,1.9782679561012713,1.6,1.5782679561012714,920.2999999999975,1,2025
-1.0,-1.0546448087431717,-1.0,-1.0546448087431717,-1.0,-1.0546448087431717,365.99999999998545,1,2025
2.0,1.9642410155551573,0.0,-0.03575898444484275,0.0,-0.03575898444484275,559.2999999999847,-1,2025
2.0,1.9722838137472298,2.0,1.9722838137472298,1.6,1.57228381374723,721.6000000000349,1,2025
-1.0,-1.0271112918530587,-1.0,-1.0271112918530587,-1.0,-1.0271112918530587,737.6999999999498,-1,2025
2.0,1.9794238683127579,2.0,1.9794238683127579,2.0,1.9794238683127579,972.0000000000255,-1,2025
-1.0,-1.0542005420054126,0.0,-0.05420054200541258,0.0,-0.05420054200541258,369.00000000005093,1,2025
-1.0,-1.0424628450106155,-1.0,-1.0424628450106155,-1.0,-1.0424628450106155,471.00000000000364,-1,2025
-1.0,-1.0271370420624155,-1.0,-1.0271370420624155,-1.0,-1.0271370420624155,736.9999999999891,1,2025
-1.0,-1.0271370420624155,-1.0,-1.0271370420624155,-1.0,-1.0271370420624155,736.9999999999891,1,2025
-1.0,-1.0668896321070283,0.0,-0.0668896321070283,0.0,-0.0668896321070283,298.9999999999782,1,2025
-1.0,-1.0397614314115293,-1.0,-1.0397614314115293,-1.0,-1.0397614314115293,503.00000000002,-1,2025
-1.0,-1.0397614314115293,-1.0,-1.0397614314115293,-1.0,-1.0397614314115293,503.00000000002,-1,2025
-1.0,-1.0397614314115293,-1.0,-1.0397614314115293,-1.0,-1.0397614314115293,503.00000000002,-1,2025
-1.0,-1.0343053173241856,0.0,-0.03430531732418568,0.0,-0.03430531732418568,582.9999999999927,-1,2025
2.0,1.9527186761229316,0.0,-0.047281323877068356,0.0,-0.047281323877068356,423.0000000000018,-1,2025
-1.0,-1.0480769230769247,-1.0,-1.0480769230769247,-1.0,-1.0480769230769247,415.99999999998545,-1,2025
-1.0,-1.054945054945057,-1.0,-1.054945054945057,-1.0,-1.054945054945057,363.99999999998727,-1,2025
2.0,1.9310344827586228,2.0,1.9310344827586228,1.6,1.5310344827586229,290.0000000000091,1,2025
-1.0,-1.0938967136150186,-1.0,-1.0938967136150186,-1.0,-1.0938967136150186,213.0000000000109,-1,2025
-1.0,-1.0748222970445256,0.0,-0.07482229704452559,0.0,-0.07482229704452559,267.29999999997744,-1,2025
-1.0,-1.0748222970445256,0.0,-0.07482229704452559,0.0,-0.07482229704452559,267.29999999997744,-1,2025
-1.0,-1.0746268656716464,-1.0,-1.0746268656716464,-1.0,-1.0746268656716464,267.99999999998363,1,2025
-1.0,-1.019425019425019,0.0,-0.019425019425018904,0.0,-0.019425019425018904,1029.6000000000276,1,2025
2.0,1.9462365591397885,0.0,-0.05376344086021138,0.0,-0.05376344086021138,372.00000000002547,-1,2025
-1.0,-1.1369863013699022,-1.0,-1.1369863013699022,-1.0,-1.1369863013699022,145.99999999995816,1,2025
-1.0,-1.0292397660818706,-1.0,-1.0292397660818706,-1.0,-1.0292397660818706,684.0000000000146,-1,2025
-1.0,-1.0292397660818706,-1.0,-1.0292397660818706,-1.0,-1.0292397660818706,684.0000000000146,-1,2025
-1.0,-1.0881057268722474,-1.0,-1.0881057268722474,-1.0,-1.0881057268722474,226.99999999999818,1,2025
-1.0,-1.0701754385964823,-1.0,-1.0701754385964823,-1.0,-1.0701754385964823,285.0000000000364,-1,2025
2.0,1.9047619047619213,2.0,1.9047619047619213,1.6,1.5047619047619214,210.00000000003638,1,2025
-1.0,-1.1190476190476306,-1.0,-1.1190476190476306,-1.0,-1.1190476190476306,167.99999999998363,-1,2025
-1.0,-1.1190476190476306,-1.0,-1.1190476190476306,-1.0,-1.1190476190476306,167.99999999998363,-1,2025
2.0,1.9388379204892963,0.0,-0.06116207951070371,0.0,-0.06116207951070371,326.9999999999982,-1,2025
2.0,1.9720279720279723,2.0,1.9720279720279723,2.0,1.9720279720279723,715.0000000000091,1,2025
2.0,1.9720279720279723,2.0,1.9720279720279723,2.0,1.9720279720279723,715.0000000000091,1,2025
2.0,1.9720279720279723,2.0,1.9720279720279723,2.0,1.9720279720279723,715.0000000000091,1,2025
-1.0,-1.039215686274514,0.0,-0.039215686274514,0.0,-0.039215686274514,509.99999999994543,1,2025
-1.0,-1.075471698113218,-1.0,-1.075471698113218,-1.0,-1.075471698113218,264.9999999999636,-1,2025
2.0,1.9548532731376913,2.0,1.9548532731376913,2.0,1.9548532731376913,442.99999999993815,1,2025
-1.0,-1.0197823936696337,-1.0,-1.0197823936696337,-1.0,-1.0197823936696337,1011.0000000000127,-1,2025
-1.0,-1.0197823936696337,-1.0,-1.0197823936696337,-1.0,-1.0197823936696337,1011.0000000000127,-1,2025
-1.0,-1.0418410041840946,-1.0,-1.0418410041840946,-1.0,-1.0418410041840946,478.0000000000655,1,2025
-1.0,-1.0418410041840946,-1.0,-1.0418410041840946,-1.0,-1.0418410041840946,478.0000000000655,1,2025
-1.0,-1.0619195046439625,-1.0,-1.0619195046439625,-1.0,-1.0619195046439625,323.0000000000018,-1,2025
-1.0,-1.111111111111128,-1.0,-1.111111111111128,-1.0,-1.111111111111128,179.99999999997272,1,2025
-1.0,-1.0368324125230184,-1.0,-1.0368324125230184,-1.0,-1.0368324125230184,543.0000000000291,-1,2025
-1.0,-1.073800738007379,-1.0,-1.073800738007379,-1.0,-1.073800738007379,271.00000000000364,-1,2025
-1.0,-1.054945054945057,-1.0,-1.054945054945057,-1.0,-1.054945054945057,363.99999999998727,1,2025
-1.0,-1.0371057513914665,-1.0,-1.0371057513914665,-1.0,-1.0371057513914665,538.9999999999873,-1,2025
-1.0,-1.0649350649350664,-1.0,-1.0649350649350664,-1.0,-1.0649350649350664,307.9999999999927,1,2025
-1.0,-1.0378071833648397,-1.0,-1.0378071833648397,-1.0,-1.0378071833648397,528.9999999999964,-1,2025
2.0,1.893617021276602,2.0,1.893617021276602,1.6,1.493617021276602,188.0000000000109,1,2025
-1.0,-1.1010101010101,-1.0,-1.1010101010101,-1.0,-1.1010101010101,198.00000000000182,1,2025
2.0,1.937694704049845,0.0,-0.06230529595015506,0.0,-0.06230529595015506,321.00000000000364,1,2025
2.0,1.937694704049845,0.0,-0.06230529595015506,0.0,-0.06230529595015506,321.00000000000364,1,2025
-1.0,-1.0413223140495895,-1.0,-1.0413223140495895,-1.0,-1.0413223140495895,483.9999999999691,-1,2025
2.0,1.9380804953560375,2.0,1.9380804953560375,2.0,1.9380804953560375,323.0000000000018,1,2025
-1.0,-1.0263852242744065,-1.0,-1.0263852242744065,-1.0,-1.0263852242744065,757.9999999999927,1,2025
-1.0,-1.0251889168765742,-1.0,-1.0251889168765742,-1.0,-1.0251889168765742,794.0000000000055,-1,2025
2.0,1.9317406143344777,2.0,1.9317406143344777,1.6,1.5317406143344778,293.0000000000291,-1,2025
-1.0,-1.0179533213644518,-1.0,-1.0179533213644518,-1.0,-1.0179533213644518,1114.0000000000327,-1,2025
-1.0,-1.0381679389312992,-1.0,-1.0381679389312992,-1.0,-1.0381679389312992,523.9999999999782,1,2025
-1.0,-1.0382409177820267,-1.0,-1.0382409177820267,-1.0,-1.0382409177820267,523.0000000000018,-1,2025
-1.0,-1.0709219858155987,-1.0,-1.0709219858155987,-1.0,-1.0709219858155987,282.00000000001637,1,2025
-1.0,-1.0722021660649825,-1.0,-1.0722021660649825,-1.0,-1.0722021660649825,276.9999999999982,-1,2025
-1.0,-1.0722021660649825,-1.0,-1.0722021660649825,-1.0,-1.0722021660649825,276.9999999999982,-1,2025
2.0,1.9122807017543761,0.0,-0.08771929824562384,0.0,-0.08771929824562384,227.99999999997453,1,2025
-1.0,-1.054347826086959,0.0,-0.05434782608695894,0.0,-0.05434782608695894,367.99999999998363,1,2025
2.0,1.910714285714277,2.0,1.910714285714277,1.6,1.510714285714277,223.99999999997817,1,2025
-1.0,-1.0724637681159364,-1.0,-1.0724637681159364,-1.0,-1.0724637681159364,276.0000000000218,-1,2025
-1.0,-1.0724637681159364,-1.0,-1.0724637681159364,-1.0,-1.0724637681159364,276.0000000000218,-1,2025
-1.0,-1.0203252032520322,0.0,-0.02032520325203222,0.0,-0.02032520325203222,984.0000000000146,1,2025
-1.0,-1.1111111111110998,-1.0,-1.1111111111110998,-1.0,-1.1111111111110998,180.0000000000182,1,2025
-1.0,-1.081967213114737,-1.0,-1.081967213114737,-1.0,-1.081967213114737,244.00000000005093,1,2025
-1.0,-1.0491400491400527,0.0,-0.049140049140052655,0.0,-0.049140049140052655,406.9999999999709,1,2025
-1.0,-1.0806451612903072,0.0,-0.0806451612903072,0.0,-0.0806451612903072,248.0000000000473,-1,2025
2.0,1.8750000000000284,2.0,1.8750000000000284,1.6,1.4750000000000285,160.00000000003638,-1,2025
-1.0,-1.0727272727272728,-1.0,-1.0727272727272728,-1.0,-1.0727272727272728,275.0,1,2025
-1.0,-1.076628352490431,-1.0,-1.076628352490431,-1.0,-1.076628352490431,260.99999999996726,1,2025
-1.0,-1.076628352490431,-1.0,-1.076628352490431,-1.0,-1.076628352490431,260.99999999996726,1,2025
-1.0,-1.0568181818181894,-1.0,-1.0568181818181894,-1.0,-1.0568181818181894,351.9999999999527,1,2025
-1.0,-1.0293384186592343,-1.0,-1.0293384186592343,-1.0,-1.0293384186592343,681.7000000000007,-1,2025
-1.0,-1.055248618784532,-1.0,-1.055248618784532,-1.0,-1.055248618784532,361.9999999999891,-1,2025
-1.0,-1.0602409638554269,0.0,-0.060240963855426974,0.0,-0.060240963855426974,331.9999999999709,-1,2025
-1.0,-1.0445434298441,-1.0,-1.0445434298441,-1.0,-1.0445434298441,448.9999999999782,1,2025
-1.0,-1.0445434298441,-1.0,-1.0445434298441,-1.0,-1.0445434298441,448.9999999999782,1,2025
2.0,1.9521531100478502,2.0,1.9521531100478502,2.0,1.9521531100478502,418.0000000000291,-1,2025
2.0,1.9293286219081254,2.0,1.9293286219081254,1.6,1.5293286219081255,282.9999999999927,-1,2025
-1.0,-1.05,0.0,-0.05,0.0,-0.05,400.0,-1,2025
-1.0,-1.0869565217391235,0.0,-0.08695652173912356,0.0,-0.08695652173912356,230.0000000000182,1,2025
2.0,1.8969072164948242,2.0,1.8969072164948242,1.6,1.4969072164948243,193.99999999995998,-1,2025
-1.0,-1.0126903553299498,-1.0,-1.0126903553299498,-1.0,-1.0126903553299498,1575.9999999999309,1,2025
-1.0,-1.0126903553299498,-1.0,-1.0126903553299498,-1.0,-1.0126903553299498,1575.9999999999309,1,2025
-1.0,-1.0126903553299498,-1.0,-1.0126903553299498,-1.0,-1.0126903553299498,1575.9999999999309,1,2025
-1.0,-1.0995024875621782,-1.0,-1.0995024875621782,-1.0,-1.0995024875621782,201.00000000002183,-1,2025
-1.0,-1.0995024875621782,-1.0,-1.0995024875621782,-1.0,-1.0995024875621782,201.00000000002183,-1,2025
-1.0,-1.1587301587301313,0.0,-0.15873015873013124,0.0,-0.15873015873013124,126.00000000002183,1,2025
-1.0,-1.0851063829787102,-1.0,-1.0851063829787102,-1.0,-1.0851063829787102,235.00000000003638,-1,2025
-1.0,-1.069930069930078,0.0,-0.06993006993007794,0.0,-0.06993006993007794,285.99999999996726,-1,2025
2.0,1.9047619047619213,2.0,1.9047619047619213,1.6,1.5047619047619214,210.00000000003638,1,2025
-1.0,-1.0606796116504804,0.0,-0.06067961165048035,0.0,-0.06067961165048035,329.60000000002765,1,2025
2.0,1.940652818991096,2.0,1.940652818991096,2.0,1.940652818991096,336.9999999999891,-1,2025
2.0,1.940652818991096,2.0,1.940652818991096,2.0,1.940652818991096,336.9999999999891,-1,2025
2.0,1.9557522123893758,2.0,1.9557522123893758,2.0,1.9557522123893758,451.9999999999527,1,2025
2.0,1.9557522123893758,2.0,1.9557522123893758,2.0,1.9557522123893758,451.9999999999527,1,2025
-1.0,-1.0790513833992175,0.0,-0.07905138339921745,0.0,-0.07905138339921745,252.99999999997453,1,2025
-1.0,-1.0790513833992175,0.0,-0.07905138339921745,0.0,-0.07905138339921745,252.99999999997453,1,2025
2.0,1.9064108563406919,2.0,1.9064108563406919,1.6,1.506410856340692,213.70000000006257,1,2025
2.0,1.9064108563406919,2.0,1.9064108563406919,1.6,1.506410856340692,213.70000000006257,1,2025
-1.0,-1.1652892561983421,0.0,-0.16528925619834214,0.0,-0.16528925619834214,121.00000000000364,1,2025
2.0,1.8930481283422398,2.0,1.8930481283422398,1.6,1.4930481283422399,186.9999999999891,-1,2025
2.0,1.8930481283422398,2.0,1.8930481283422398,1.6,1.4930481283422399,186.9999999999891,-1,2025
2.0,1.932885906040279,0.0,-0.0671140939597209,0.0,-0.0671140939597209,298.0000000000473,-1,2025
-1.0,-1.0769230769230662,0.0,-0.07692307692306616,0.0,-0.07692307692306616,260.0000000000364,-1,2025
-1.0,-1.169491525423687,-1.0,-1.169491525423687,-1.0,-1.169491525423687,118.0000000000291,1,2025
2.0,1.9654576856649393,2.0,1.9654576856649393,1.6,1.5654576856649394,578.9999999999964,1,2025
2.0,1.9654576856649393,2.0,1.9654576856649393,1.6,1.5654576856649394,578.9999999999964,1,2025
2.0,1.9654576856649393,2.0,1.9654576856649393,1.6,1.5654576856649394,578.9999999999964,1,2025
2.0,1.8550724637681273,2.0,1.8550724637681273,1.6,1.4550724637681274,138.0000000000109,-1,2025
2.0,1.8550724637681273,2.0,1.8550724637681273,1.6,1.4550724637681274,138.0000000000109,-1,2025
2.0,1.8734177215189816,2.0,1.8734177215189816,2.0,1.8734177215189816,157.99999999999272,1,2025
-1.0,-1.0729927007299085,-1.0,-1.0729927007299085,-1.0,-1.0729927007299085,274.0000000000691,-1,2025
-1.0,-1.0607902735562318,-1.0,-1.0607902735562318,-1.0,-1.0607902735562318,328.99999999999636,-1,2025
-1.0,-1.0947867298578347,-1.0,-1.0947867298578347,-1.0,-1.0947867298578347,210.99999999996726,-1,2025
-1.0,-1.1069518716577602,-1.0,-1.1069518716577602,-1.0,-1.1069518716577602,186.9999999999891,1,2025
2.0,1.759036144578292,2.0,1.759036144578292,1.6,1.3590361445782921,82.99999999999272,1,2025
2.0,1.759036144578292,2.0,1.759036144578292,1.6,1.3590361445782921,82.99999999999272,1,2025
2.0,1.9367688902940159,0.0,-0.06323110970598421,0.0,-0.06323110970598421,316.2999999999556,1,2025
2.0,1.952830188679243,0.0,-0.04716981132075715,0.0,-0.04716981132075715,423.9999999999782,-1,2025
2.0,1.9339933993399285,0.0,-0.06600660066007155,0.0,-0.06600660066007155,302.99999999997453,1,2025
-1.0,-1.059347181008888,-1.0,-1.059347181008888,-1.0,-1.059347181008888,337.00000000008004,-1,2025
2.0,1.9744245524296666,0.0,-0.025575447570333434,0.0,-0.025575447570333434,781.9999999999709,-1,2025
2.0,1.9744245524296666,0.0,-0.025575447570333434,0.0,-0.025575447570333434,781.9999999999709,-1,2025
2.0,1.9744245524296666,0.0,-0.025575447570333434,0.0,-0.025575447570333434,781.9999999999709,-1,2025
-1.0,-1.0657894736842113,0.0,-0.06578947368421131,0.0,-0.06578947368421131,303.99999999999636,-1,2025
2.0,1.912663755458514,2.0,1.912663755458514,2.0,1.912663755458514,228.99999999999636,1,2025
-1.0,-1.0543478260869523,-1.0,-1.0543478260869523,-1.0,-1.0543478260869523,368.0000000000291,1,2025
-1.0,-1.1318391562294152,0.0,-0.1318391562294153,0.0,-0.1318391562294153,151.69999999998254,1,2025
2.0,1.8974358974358878,2.0,1.8974358974358878,2.0,1.8974358974358878,194.9999999999818,1,2025
2.0,1.8974358974358878,2.0,1.8974358974358878,2.0,1.8974358974358878,194.9999999999818,1,2025
-1.0,-1.0510204081632644,0.0,-0.051020408163264364,0.0,-0.051020408163264364,392.0000000000073,-1,2025
-1.0,-1.0586510263929487,-1.0,-1.0586510263929487,-1.0,-1.0586510263929487,341.0000000000764,1,2025
-1.0,-1.071684587813621,0.0,-0.07168458781362101,0.0,-0.07168458781362101,278.99999999999636,-1,2025
-1.0,-1.04504504504504,-1.0,-1.04504504504504,-1.0,-1.04504504504504,444.00000000005093,-1,2025
-1.0,-1.04504504504504,-1.0,-1.04504504504504,-1.0,-1.04504504504504,444.00000000005093,-1,2025
-1.0,-1.0382628658886561,-1.0,-1.0382628658886561,-1.0,-1.0382628658886561,522.6999999999862,1,2025
-1.0,-1.0200662185211204,0.0,-0.020066218521120414,0.0,-0.020066218521120414,996.6999999999643,1,2025
-1.0,-1.0200662185211204,0.0,-0.020066218521120414,0.0,-0.020066218521120414,996.6999999999643,1,2025
-1.0,-1.1388888888889275,0.0,-0.1388888888889275,0.0,-0.1388888888889275,143.99999999995998,1,2025
-1.0,-1.1388888888889275,0.0,-0.1388888888889275,0.0,-0.1388888888889275,143.99999999995998,1,2025
2.0,1.9676950411888214,2.0,1.9676950411888214,1.6,1.5676950411888215,619.0999999999804,-1,2025
2.0,1.9676950411888214,2.0,1.9676950411888214,1.6,1.5676950411888215,619.0999999999804,-1,2025
-1.0,-1.0424628450106155,0.0,-0.04246284501061538,0.0,-0.04246284501061538,471.00000000000364,1,2025
-1.0,-1.0424628450106155,0.0,-0.04246284501061538,0.0,-0.04246284501061538,471.00000000000364,1,2025
