mot,R,neta,rgo,lado,anio,hora
SL,-1.0,-1.0785340314136174,19.09999999999883,1,2020,15
SL,-1.0,-1.0785340314136174,19.09999999999883,1,2020,15
SL,-1.0,-1.0785340314136174,19.09999999999883,1,2020,15
TP,2.0,1.838709677419361,9.300000000000352,-1,2020,16
TP,2.0,1.838709677419361,9.300000000000352,-1,2020,16
TP,2.0,1.8739495798319326,11.899999999999977,-1,2020,21
SL,-1.0,-1.0892857142857184,16.799999999999216,1,2020,23
SL,-1.0,-1.0892857142857184,16.799999999999216,1,2020,23
SL,-1.0,-1.0892857142857184,16.799999999999216,1,2020,23
SL,-1.0,-1.031446540880503,47.70000000000039,-1,2020,23
TP,2.0,1.9305555555555582,21.60000000000082,1,2020,0
TP,2.0,1.9305555555555582,21.60000000000082,1,2020,0
TP,2.0,1.9305555555555582,21.60000000000082,1,2020,0
SL,-1.0,-1.074257425742575,20.199999999999818,-1,2020,0
SL,-1.0,-1.074257425742575,20.199999999999818,-1,2020,0
TP,2.0,1.9327354260089682,22.299999999999898,1,2020,1
TP,2.0,1.9327354260089682,22.299999999999898,1,2020,1
TP,2.0,1.961139896373058,38.60000000000099,1,2020,2
TP,2.0,1.9409448818897617,25.399999999999068,1,2020,10
TP,2.0,1.9409448818897617,25.399999999999068,1,2020,10
TP,2.0,1.9409448818897617,25.399999999999068,1,2020,10
SL,-1.0,-1.1249999999999953,12.000000000000455,-1,2020,15
fuera,1.1362530413625236,1.0997566909975602,41.100000000000136,1,2020,16
SL,-1.0,-1.254237288135604,5.89999999999975,-1,2020,0
TP,2.0,1.7727272727272814,6.60000000000025,1,2020,5
SL,-1.0,-1.157894736842107,9.499999999999886,-1,2020,0
SL,-1.0,-1.202702702702708,7.399999999999807,1,2020,9
SL,-1.0,-1.3658536585366137,4.099999999999682,-1,2020,23
TP,2.0,1.7222222222221597,5.3999999999987836,1,2020,0
SL,-1.0,-2.3636363636351376,1.100000000000989,-1,2020,0
SL,-1.0,-2.153846153846951,1.2999999999991019,1,2020,1
SL,-1.0,-2.5000000000013642,0.9999999999990905,-1,2020,8
TP,2.0,1.9101796407185638,16.70000000000016,1,2020,9
SL,-1.0,-1.0961538461538425,15.600000000000591,1,2020,0
fuera,0.035460992907872184,-0.07092198581553877,14.099999999999113,-1,2020,7
TP,2.0,1.8986486486486558,14.800000000001035,1,2020,14
SL,-1.0,-1.1704545454545299,8.800000000000807,1,2020,8
SL,-1.0,-1.1704545454545299,8.800000000000807,1,2020,8
SL,-1.0,-1.4054054054054939,3.699999999999193,-1,2020,9
TP,2.0,1.062500000000313,1.6000000000005343,-1,2020,10
SL,-1.0,-1.2678571428571552,5.5999999999997385,-1,2020,23
SL,-1.0,-1.1401869158878513,10.699999999999932,1,2020,0
SL,-1.0,-1.1401869158878513,10.699999999999932,1,2020,0
fuera,0.5555555555555556,0.37037037037037746,8.100000000000307,-1,2020,1
fuera,0.5555555555555556,0.37037037037037746,8.100000000000307,-1,2020,1
SL,-1.0,-1.38461538461537,3.900000000000148,-1,2020,0
SL,-1.0,-1.38461538461537,3.900000000000148,-1,2020,0
SL,-1.0,-1.2941176470588123,5.100000000000193,1,2020,0
TP,2.0,0.7500000000000475,1.2000000000000455,-1,2020,0
fuera,1.131578947368466,1.0751879699248552,26.599999999999113,-1,2020,1
fuera,1.131578947368466,1.0751879699248552,26.599999999999113,-1,2020,1
fuera,1.131578947368466,1.0751879699248552,26.599999999999113,-1,2020,1
fuera,1.131578947368466,1.0751879699248552,26.599999999999113,-1,2020,1
fuera,1.131578947368466,1.0751879699248552,26.599999999999113,-1,2020,1
SL,-1.0,-1.283018867924543,5.299999999999727,1,2020,11
SL,-1.0,-1.283018867924543,5.299999999999727,1,2020,11
SL,-1.0,-1.3191489361702329,4.699999999999704,1,2020,15
SL,-1.0,-1.483870967742065,3.09999999999917,1,2020,18
SL,-1.0,-1.0993377483443734,15.099999999999625,-1,2020,18
TP,2.0,1.5454545454545627,3.300000000000125,1,2020,0
SL,-1.0,-1.0961538461538425,15.600000000000591,1,2020,2
TP,2.0,1.6511627906976107,4.299999999999216,-1,2020,2
TP,2.0,1.5945945945945061,3.699999999999193,-1,2020,3
TP,2.0,1.7727272727272814,6.60000000000025,-1,2020,17
TP,2.0,1.8557692307692297,10.39999999999992,-1,2020,23
SL,-1.0,-1.8823529411759454,1.7000000000010118,1,2020,0
TP,2.0,1.8387096774193363,9.299999999998931,-1,2020,0
TP,2.0,1.6341463414633863,4.099999999999682,-1,2020,1
SL,-1.0,-1.2054794520547734,7.30000000000075,1,2020,17
SL,-1.0,-1.2238805970149484,6.6999999999993065,-1,2020,18
SL,-1.0,-1.483870967742065,3.09999999999917,-1,2020,3
SL,-1.0,-1.16483516483515,9.100000000000819,1,2020,4
TP,2.0,1.2499999999998508,1.999999999999602,-1,2020,1
SL,-1.0,-1.2499999999999905,6.000000000000227,1,2020,6
TP,2.0,1.7826086956521823,6.9000000000002615,1,2020,9
SL,-1.0,-1.1102941176470624,13.599999999999568,1,2020,15
SL,-1.0,-1.2499999999999905,6.000000000000227,-1,2020,15
SL,-1.0,-1.2272727272727186,6.60000000000025,-1,2020,17
SL,-1.0,-1.0967741935483863,15.500000000000114,1,2020,22
SL,-1.0,-1.2941176470588123,5.100000000000193,-1,2020,0
SL,-1.0,-1.1229508196721312,12.199999999999989,1,2020,1
SL,-1.0,-1.1229508196721312,12.199999999999989,1,2020,1
TP,2.0,1.797297297297292,7.399999999999807,-1,2020,5
SL,-1.0,-1.2173913043478177,6.9000000000002615,1,2020,7
SL,-1.0,-1.211267605633809,7.099999999999795,-1,2020,9
SL,-1.0,-1.416666666666651,3.6000000000001364,1,2020,0
TP,2.0,1.8101265822784995,7.900000000000773,-1,2020,0
SL,-1.0,-1.254237288135604,5.89999999999975,-1,2020,2
SL,-1.0,-1.1327433628318588,11.299999999999955,-1,2020,12
SL,-1.0,-1.1209677419354747,12.400000000000944,1,2020,13
SL,-1.0,-1.0528169014084523,28.39999999999918,-1,2020,15
SL,-1.0,-1.0528169014084523,28.39999999999918,-1,2020,15
SL,-1.0,-1.1744186046511658,8.599999999999852,1,2020,16
TP,2.0,1.9044585987261125,15.699999999999648,1,2020,19
SL,-1.0,-1.0920245398772945,16.30000000000109,1,2020,0
SL,-1.0,-1.0920245398772945,16.30000000000109,1,2020,0
SL,-1.0,-1.0920245398772945,16.30000000000109,1,2020,0
SL,-1.0,-1.3947368421052975,3.7999999999996703,-1,2020,6
SL,-1.0,-1.3947368421052975,3.7999999999996703,-1,2020,6
TP,2.0,1.6428571428571563,4.200000000000159,-1,2020,10
SL,-1.0,-1.416666666666651,3.6000000000001364,1,2020,14
SL,-1.0,-1.416666666666651,3.6000000000001364,1,2020,14
TP,2.0,1.8837209302325497,12.899999999999068,-1,2020,14
fuera,0.19733333333332817,0.15733333333332816,37.5,-1,2020,15
fuera,0.19733333333332817,0.15733333333332816,37.5,-1,2020,15
fuera,0.19733333333332817,0.15733333333332816,37.5,-1,2020,15
TP,2.0,1.8770491803278688,12.199999999999989,1,2020,0
SL,-1.0,-1.114503816793893,13.100000000000023,1,2020,7
SL,-1.0,-1.1428571428571568,10.499999999998977,-1,2020,9
SL,-1.0,-1.1363636363636371,10.999999999999943,-1,2020,10
TP,2.0,1.8275862068965583,8.70000000000033,-1,2020,15
TP,2.0,1.2105263157897004,1.9000000000005457,1,2020,0
TP,2.0,1.8387096774193363,9.299999999998931,1,2020,5
TP,2.0,0.33333333333339654,0.9000000000000341,-1,2020,7
TP,2.0,1.872881355932198,11.7999999999995,1,2020,8
SL,-1.0,-1.2941176470588123,5.100000000000193,-1,2020,8
SL,-1.0,-1.19230769230772,7.7999999999988745,1,2020,9
TP,2.0,-1.0000000000027285,0.49999999999954525,-1,2020,12
TP,2.0,1.8706896551724135,11.599999999999966,1,2020,13
SL,-1.0,-1.6521739130435877,2.2999999999996135,-1,2020,14
TP,2.0,1.8897058823529376,13.599999999999568,1,2020,15
fuera,1.4584980237154135,1.3992094861660065,25.30000000000001,1,2020,8
SL,-1.0,-1.238095238095229,6.300000000000239,-1,2020,0
SL,-1.0,-1.2941176470588123,5.100000000000193,1,2020,2
TP,2.0,1.745762711864396,5.89999999999975,1,2020,0
TP,2.0,-2.99999999999981,0.30000000000001137,1,2020,9
SL,-1.0,-1.0898203592814362,16.70000000000016,-1,2020,9
SL,-1.0,-1.3125000000000806,4.799999999998761,-1,2020,10
SL,-1.0,-1.3571428571429645,4.199999999998738,1,2020,14
fuera,0.4966887417218855,0.3973509933775122,15.099999999999625,1,2020,1
fuera,0.4966887417218855,0.3973509933775122,15.099999999999625,1,2020,1
TP,2.0,1.6590909090908852,4.399999999999693,-1,2020,2
SL,-1.0,-1.17241379310347,8.699999999998909,-1,2020,3
SL,-1.0,-1.17241379310347,8.699999999998909,-1,2020,3
SL,-1.0,-1.1999999999999924,7.500000000000284,1,2020,0
SL,-1.0,-1.1999999999999924,7.500000000000284,1,2020,0
TP,2.0,1.6739130434782061,4.599999999999227,1,2020,1
SL,-1.0,-1.6818181818180091,2.200000000000557,-1,2020,2
TP,2.0,1.3181818181819909,2.200000000000557,1,2020,4
SL,-1.0,-1.2173913043478626,6.89999999999884,-1,2020,13
SL,-1.0,-1.4054054054053382,3.700000000000614,-1,2020,19
SL,-1.0,-1.4054054054053382,3.700000000000614,-1,2020,19
SL,-1.0,-1.937499999999687,1.6000000000005343,-1,2020,1
TP,2.0,1.5714285714285297,3.499999999999659,1,2020,7
SL,-1.0,-1.0627615062761533,23.89999999999901,1,2020,8
SL,-1.0,-1.0627615062761533,23.89999999999901,1,2020,8
SL,-1.0,-1.0627615062761533,23.89999999999901,1,2020,8
SL,-1.0,-1.1229508196721312,12.199999999999989,-1,2020,9
SL,-1.0,-1.1229508196721312,12.199999999999989,-1,2020,9
SL,-1.0,-1.3750000000000746,3.999999999999204,-1,2020,11
TP,2.0,1.5312500000001565,3.2000000000010687,1,2020,0
TP,2.0,1.6249999999999254,3.999999999999204,-1,2020,1
TP,2.0,1.8026315789473513,7.599999999999341,-1,2020,3
SL,-1.0,-1.4054054054054939,3.699999999999193,1,2020,6
SL,-1.0,-1.4054054054054939,3.699999999999193,1,2020,6
SL,-1.0,-2.2499999999999525,1.2000000000000455,1,2020,7
SL,-1.0,-1.1239669421487508,12.100000000000932,-1,2020,7
SL,-1.0,-1.1239669421487508,12.100000000000932,-1,2020,7
SL,-1.0,-1.3000000000000171,4.999999999999716,-1,2020,10
SL,-1.0,-1.1401869158878513,10.699999999999932,1,2020,0
SL,-1.0,-1.1401869158878513,10.699999999999932,1,2020,0
fuera,0.9583333333333334,0.750000000000008,7.200000000000273,-1,2020,3
SL,-1.0,-1.2586206896552048,5.799999999999272,-1,2020,4
TP,2.0,1.4444444444444655,2.7000000000001023,1,2020,14
fuera,-0.5,-0.6704545454545574,8.799999999999386,-1,2020,14
SL,-1.0,-1.2083333333333666,7.199999999998852,-1,2020,22
TP,2.0,1.716981132075533,5.300000000001148,1,2020,0
TP,2.0,1.716981132075533,5.300000000001148,1,2020,0
SL,-1.0,-1.3061224489796395,4.899999999999238,-1,2020,0
SL,-1.0,-1.1829268292683068,8.199999999999363,1,2020,1
SL,-1.0,-1.7500000000001492,1.999999999999602,-1,2020,2
SL,-1.0,-1.7894736842102996,1.9000000000005457,1,2020,6
SL,-1.0,-1.283018867924543,5.299999999999727,1,2020,14
TP,2.0,1.716981132075457,5.299999999999727,-1,2020,21
SL,-1.0,-1.3333333333333206,4.5000000000001705,1,2020,0
SL,-1.0,-1.3333333333333206,4.5000000000001705,1,2020,0
SL,-1.0,-1.1744186046511658,8.599999999999852,-1,2020,0
SL,-1.0,-1.1271186440677867,11.80000000000092,-1,2020,2
SL,-1.0,-1.1271186440677867,11.80000000000092,-1,2020,2
SL,-1.0,-1.1271186440677867,11.80000000000092,-1,2020,2
TP,2.0,1.6999999999999829,4.999999999999716,1,2020,3
TP,2.0,1.900000000000004,15.000000000000568,1,2020,14
TP,2.0,1.900000000000004,15.000000000000568,1,2020,14
TP,2.0,1.900000000000004,15.000000000000568,1,2020,14
SL,-1.0,-1.12,12.5,-1,2020,15
SL,-1.0,-1.12,12.5,-1,2020,15
SL,-1.0,-1.3947368421052975,3.7999999999996703,-1,2020,0
TP,2.0,1.8584905660377287,10.599999999999454,1,2020,1
TP,2.0,1.8584905660377287,10.599999999999454,1,2020,1
TP,2.0,1.8584905660377287,10.599999999999454,1,2020,1
TP,2.0,1.7656250000000262,6.400000000000716,1,2020,2
TP,2.0,1.91428571428572,17.500000000001137,1,2020,7
SL,-1.0,-1.0694444444444418,21.60000000000082,1,2020,8
SL,-1.0,-1.1249999999999953,12.000000000000455,-1,2020,22
SL,-1.0,-1.0887573964497057,16.899999999999693,1,2020,23
SL,-1.0,-1.2884615384615012,5.200000000000671,-1,2020,23
TP,2.0,1.8469387755102025,9.799999999999898,-1,2020,0
TP,2.0,1.8469387755102025,9.799999999999898,-1,2020,0
SL,-1.0,-1.111111111111107,13.500000000000512,-1,2020,2
SL,-1.0,-1.1315789473684161,11.400000000000432,1,2020,3
SL,-1.0,-1.202702702702708,7.399999999999807,1,2020,9
fuera,0.2895683453237448,0.26258992805755765,55.59999999999974,-1,2020,14
fuera,0.2895683453237448,0.26258992805755765,55.59999999999974,-1,2020,14
SL,-1.0,-1.0460122699386492,32.60000000000076,-1,2020,15
SL,-1.0,-1.0943396226415143,15.899999999999181,-1,2020,0
SL,-1.0,-1.051903114186851,28.900000000000148,1,2020,2
TP,2.0,1.8026315789473881,7.600000000000762,-1,2020,0
SL,-1.0,-1.2205882352941246,6.799999999999784,1,2020,1
SL,-1.0,-1.057471264367814,26.10000000000099,-1,2020,4
SL,-1.0,-1.0757575757575728,19.80000000000075,1,2020,8
SL,-1.0,-1.1239669421487652,12.099999999999511,1,2020,9
SL,-1.0,-1.1006711409395966,14.900000000000091,-1,2020,12
TP,2.0,1.8965517241379282,14.499999999999602,-1,2020,2
SL,-1.0,-1.038071065989847,39.400000000000546,-1,2020,22
TP,2.0,1.9501661129568109,30.100000000000193,1,2020,23
SL,-1.0,-1.0465838509316767,32.20000000000027,-1,2020,0
SL,-1.0,-1.0404312668463602,37.10000000000093,1,2020,1
SL,-1.0,-1.0293542074363986,51.10000000000099,1,2020,15
TP,2.0,1.9006622516556266,15.099999999999625,1,2020,4
SL,-1.0,-1.1229508196721312,12.199999999999989,-1,2020,5
SL,-1.0,-1.0387596899224805,38.700000000000045,1,2020,15
SL,-1.0,-1.0387596899224805,38.700000000000045,1,2020,15
SL,-1.0,-1.0387596899224805,38.700000000000045,1,2020,15
SL,-1.0,-1.0508474576271183,29.50000000000017,-1,2020,16
SL,-1.0,-1.0508474576271183,29.50000000000017,-1,2020,16
SL,-1.0,-1.0508474576271183,29.50000000000017,-1,2020,16
SL,-1.0,-1.2343750000000258,6.399999999999295,-1,2020,0
SL,-1.0,-1.2343750000000258,6.399999999999295,-1,2020,0
SL,-1.0,-1.0704225352112697,21.299999999999386,-1,2020,1
TP,2.0,1.8499999999999914,9.999999999999432,1,2020,3
TP,2.0,1.8499999999999914,9.999999999999432,1,2020,3
SL,-1.0,-1.13513513513513,11.10000000000042,1,2020,7
SL,-1.0,-1.2542372881355428,5.900000000001171,1,2020,0
SL,-1.0,-1.2307692307692388,6.499999999999773,1,2020,1
TP,2.0,1.7887323943662334,7.1000000000012164,-1,2020,1
TP,2.0,1.8999999999999944,14.999999999999147,-1,2020,2
TP,2.0,1.8999999999999944,14.999999999999147,-1,2020,2
SL,-1.0,-1.2941176470588123,5.100000000000193,1,2020,5
TP,2.0,1.9501661129568109,30.100000000000193,-1,2020,9
SL,-1.0,-1.0887573964497057,16.899999999999693,-1,2020,10
SL,-1.0,-1.1764705882352775,8.500000000000796,1,2020,11
TP,2.0,1.9526813880126173,31.699999999999307,-1,2020,1
SL,-1.0,-1.0075566750629723,198.49999999999994,-1,2020,0
SL,-1.0,-1.0388601036269434,38.59999999999957,-1,2020,0
TP,2.0,1.969135802469136,48.60000000000042,1,2020,2
SL,-1.0,-1.0255972696245734,58.59999999999985,1,2020,3
SL,-1.0,-1.02970297029703,50.499999999999545,1,2020,4
TP,2.0,1.9512987012987024,30.800000000000693,-1,2020,4
SL,-1.0,-1.0191570881226053,78.30000000000013,-1,2020,6
SL,-1.0,-1.0191570881226053,78.30000000000013,-1,2020,6
SL,-1.0,-1.0173611111111114,86.39999999999901,1,2020,17
TP,2.0,1.9494949494949514,29.700000000001125,-1,2020,0
SL,-1.0,-1.0470219435736674,31.90000000000026,-1,2020,3
SL,-1.0,-1.0533807829181483,28.10000000000059,-1,2020,4
TP,2.0,1.9308755760368659,21.699999999999875,1,2020,5
SL,-1.0,-1.0222222222222224,67.49999999999972,1,2020,6
SL,-1.0,-1.0222222222222224,67.49999999999972,1,2020,6
SL,-1.0,-1.0121457489878543,123.49999999999994,-1,2020,0
SL,-1.0,-1.0121457489878543,123.49999999999994,-1,2020,0
SL,-1.0,-1.0121457489878543,123.49999999999994,-1,2020,0
SL,-1.0,-1.0121457489878543,123.49999999999994,-1,2020,0
TP,2.0,1.9772036474164134,65.80000000000013,1,2020,3
TP,2.0,1.982598607888631,86.19999999999948,1,2020,12
TP,2.0,1.982598607888631,86.19999999999948,1,2020,12
TP,2.0,1.982598607888631,86.19999999999948,1,2020,12
TP,2.0,1.9666666666666668,45.000000000000284,1,2020,13
SL,-1.0,-1.033936651583711,44.19999999999931,-1,2020,13
SL,-1.0,-1.0239234449760768,62.699999999999534,1,2020,14
SL,-1.0,-1.0208913649025069,71.80000000000035,-1,2020,16
SL,-1.0,-1.0202702702702704,73.99999999999949,-1,2020,19
TP,2.0,1.9774096385542164,66.39999999999873,1,2020,3
SL,-1.0,-1.0359712230215825,41.70000000000016,-1,2020,4
SL,-1.0,-1.0393700787401574,38.10000000000002,-1,2020,7
TP,2.0,1.9701789264413518,50.30000000000001,1,2020,8
TP,2.0,1.9701789264413518,50.30000000000001,1,2020,8
SL,-1.0,-1.0231481481481484,64.79999999999961,1,2020,21
SL,-1.0,-1.0231481481481484,64.79999999999961,1,2020,21
SL,-1.0,-1.0270270270270268,55.50000000000068,1,2020,0
TP,2.0,1.9638554216867463,41.499999999999204,-1,2020,1
SL,-1.0,-1.0232198142414861,64.60000000000008,-1,2020,7
SL,-1.0,-1.105633802816894,14.200000000001012,1,2020,8
SL,-1.0,-1.0717703349282286,20.90000000000032,1,2020,9
TP,2.0,1.912280701754382,17.099999999999227,-1,2020,9
SL,-1.0,-1.0434782608695654,34.499999999999886,-1,2020,10
SL,-1.0,-1.0275229357798172,54.49999999999875,-1,2020,11
TP,2.0,1.970119521912351,50.200000000000955,1,2020,12
SL,-1.0,-1.0226244343891404,66.29999999999967,1,2020,13
SL,-1.0,-1.030549898167006,49.099999999999966,1,2020,13
SL,-1.0,-1.0819672131147573,18.299999999999272,-1,2020,14
SL,-1.0,-1.031512605042017,47.59999999999991,1,2020,17
SL,-1.0,-1.034562211981567,43.39999999999975,-1,2020,21
TP,2.0,1.8999999999999944,14.999999999999147,-1,2020,0
TP,2.0,1.9672489082969442,45.80000000000126,1,2020,6
TP,2.0,1.7272727272726907,5.499999999999261,-1,2020,7
TP,2.0,1.9584487534626043,36.10000000000042,1,2020,11
TP,2.0,1.9575070821529739,35.29999999999944,1,2020,12
SL,-1.0,-1.214285714285735,6.999999999999318,-1,2020,14
TP,2.0,1.9754901960784317,61.2000000000009,1,2020,23
SL,-1.0,-1.054744525547445,27.40000000000009,-1,2020,0
SL,-1.0,-1.0487012987012998,30.799999999999272,1,2020,1
TP,2.0,1.87499999999999,11.999999999999034,1,2020,5
SL,-1.0,-1.1530612244897975,9.799999999999898,-1,2020,14
SL,-1.0,-1.0625000000000013,23.99999999999949,1,2020,15
SL,-1.0,-1.0630252100840338,23.799999999999955,1,2020,0
SL,-1.0,-1.0498338870431891,30.100000000000193,-1,2020,1
SL,-1.0,-1.0235849056603774,63.59999999999957,1,2020,14
SL,-1.0,-1.8823529411759454,1.7000000000010118,-1,2020,14
TP,2.0,1.9596774193548387,37.19999999999999,-1,2020,15
TP,2.0,1.9596774193548387,37.19999999999999,-1,2020,15
SL,-1.0,-1.0401069518716584,37.39999999999952,1,2020,17
SL,-1.0,-1.0401069518716584,37.39999999999952,1,2020,17
TP,2.0,1.9440298507462688,26.800000000000068,1,2020,1
SL,-1.0,-1.0485436893203888,30.89999999999975,1,2020,13
SL,-1.0,-1.0485436893203888,30.89999999999975,1,2020,13
SL,-1.0,-1.101351351351354,14.799999999999613,-1,2020,15
SL,-1.0,-1.101351351351354,14.799999999999613,-1,2020,15
SL,-1.0,-1.0458715596330257,32.70000000000124,-1,2020,19
SL,-1.0,-1.0458715596330257,32.70000000000124,-1,2020,19
SL,-1.0,-1.0588235294117625,25.500000000000966,1,2020,3
SL,-1.0,-1.0583657587548627,25.7000000000005,-1,2020,4
SL,-1.0,-1.0583657587548627,25.7000000000005,-1,2020,4
SL,-1.0,-1.051369863013701,29.199999999998738,1,2020,6
SL,-1.0,-1.057915057915061,25.899999999998613,-1,2020,7
SL,-1.0,-1.0583657587548627,25.7000000000005,1,2020,12
SL,-1.0,-1.0583657587548627,25.7000000000005,1,2020,12
TP,2.0,1.8404255319149077,9.40000000000083,-1,2020,13
SL,-1.0,-1.0773195876288648,19.40000000000026,1,2020,0
TP,2.0,1.9210526315789465,18.999999999999773,-1,2020,5
SL,-1.0,-1.3947368421052975,3.7999999999996703,1,2020,7
TP,2.0,1.962779156327544,40.30000000000058,-1,2020,7
SL,-1.0,-1.1648351648351758,9.099999999999397,-1,2020,8
SL,-1.0,-1.1013513513513442,14.800000000001035,1,2020,10
SL,-1.0,-1.0511945392491482,29.299999999999216,-1,2020,11
SL,-1.0,-1.0428571428571436,34.99999999999943,-1,2020,17
SL,-1.0,-1.0903614457831343,16.59999999999968,1,2020,18
TP,2.0,1.9647887323943665,42.60000000000019,-1,2020,0
SL,-1.0,-1.0422535211267618,35.49999999999898,1,2020,6
SL,-1.0,-1.1376146788990713,10.900000000000887,-1,2020,21
SL,-1.0,-1.0566037735849054,26.500000000000057,-1,2020,0
SL,-1.0,-1.0566037735849054,26.500000000000057,-1,2020,0
TP,2.0,1.9006622516556266,15.099999999999625,1,2020,5
SL,-1.0,-1.0304878048780486,49.20000000000044,1,2020,6
SL,-1.0,-1.0304878048780486,49.20000000000044,1,2020,6
SL,-1.0,-1.0363196125907994,41.29999999999967,-1,2020,8
SL,-1.0,-1.0248756218905468,60.300000000000864,1,2020,0
SL,-1.0,-1.0248756218905468,60.300000000000864,1,2020,0
SL,-1.0,-1.0655021834061138,22.89999999999992,-1,2020,4
TP,2.0,1.9614395886889455,38.89999999999958,-1,2020,14
fuera,-0.6588693957115005,-0.6881091617933723,51.2999999999991,-1,2020,15
fuera,-0.6588693957115005,-0.6881091617933723,51.2999999999991,-1,2020,15
SL,-1.0,-1.0625000000000013,23.99999999999949,1,2020,16
SL,-1.0,-1.0625000000000013,23.99999999999949,1,2020,16
SL,-1.0,-1.0641025641025657,23.399999999999466,1,2020,0
SL,-1.0,-1.0531914893617027,28.199999999999648,1,2020,1
TP,2.0,1.9390243902439013,24.59999999999951,-1,2020,2
SL,-1.0,-1.093750000000002,15.999999999999659,1,2020,3
SL,-1.0,-1.0344827586206895,43.50000000000023,-1,2020,5
SL,-1.0,-1.0344827586206895,43.50000000000023,-1,2020,5
SL,-1.0,-1.0559701492537312,26.800000000000068,-1,2020,14
SL,-1.0,-1.0824175824175815,18.200000000000216,1,2020,17
SL,-1.0,-1.0561797752808997,26.69999999999959,1,2020,0
SL,-1.0,-1.0728155339805814,20.600000000000307,-1,2020,5
TP,2.0,1.9147727272727213,17.599999999998772,1,2020,12
fuera,0.6589928057553864,0.637410071942437,69.50000000000074,1,2020,14
fuera,0.6589928057553864,0.637410071942437,69.50000000000074,1,2020,14
TP,2.0,1.843750000000006,9.600000000000364,-1,2020,14
TP,2.0,1.843750000000006,9.600000000000364,-1,2020,14
SL,-1.0,-1.0955414012738875,15.699999999999648,1,2020,16
SL,-1.0,-1.051020408163266,29.399999999999693,1,2020,22
SL,-1.0,-1.0967741935483863,15.500000000000114,1,2020,0
SL,-1.0,-1.0967741935483863,15.500000000000114,1,2020,0
SL,-1.0,-1.099999999999996,15.000000000000568,-1,2020,1
SL,-1.0,-1.211267605633809,7.099999999999795,-1,2020,2
fuera,0.6603773584905539,0.6037735849056484,26.500000000000057,1,2020,7
SL,-1.0,-1.2054794520548133,7.299999999999329,-1,2020,7
SL,-1.0,-1.0757575757575784,19.79999999999933,1,2020,9
TP,2.0,1.9420849420849422,25.900000000000034,1,2020,23
SL,-1.0,-1.499999999999981,3.0000000000001137,-1,2020,23
SL,-1.0,-1.0557620817843856,26.900000000000546,1,2020,0
SL,-1.0,-1.0557620817843856,26.900000000000546,1,2020,0
SL,-1.0,-1.0557620817843856,26.900000000000546,1,2020,0
SL,-1.0,-1.0738916256157625,20.300000000000296,1,2020,2
TP,2.0,1.8369565217391282,9.199999999999875,1,2020,4
SL,-1.0,-1.2459016393442912,6.099999999999284,1,2020,23
SL,-1.0,-1.1190476190476146,12.600000000000477,-1,2020,23
SL,-1.0,-1.1190476190476146,12.600000000000477,-1,2020,23
TP,2.0,1.872881355932198,11.7999999999995,1,2020,0
SL,-1.0,-1.1898734177215005,7.900000000000773,-1,2020,0
SL,-1.0,-1.1898734177215005,7.900000000000773,-1,2020,0
TP,2.0,1.885496183206107,13.100000000000023,1,2020,1
TP,2.0,1.885496183206107,13.100000000000023,1,2020,1
SL,-1.0,-1.0961538461538425,15.600000000000591,-1,2020,1
SL,-1.0,-1.087719298245618,17.099999999999227,1,2020,2
SL,-1.0,-1.1442307692307703,10.39999999999992,1,2020,10
SL,-1.0,-1.3333333333333206,4.5000000000001705,1,2020,13
TP,2.0,1.9282296650717665,20.899999999998897,-1,2020,13
TP,2.0,1.9282296650717665,20.899999999998897,-1,2020,13
TP,2.0,1.9282296650717665,20.899999999998897,-1,2020,13
SL,-1.0,-1.283018867924543,5.299999999999727,1,2020,14
fuera,0.9487179487179245,0.8717948717948505,19.50000000000074,-1,2020,14
fuera,0.19811320754717424,0.12735849056604326,21.20000000000033,-1,2020,15
SL,-1.0,-1.2678571428571552,5.5999999999997385,1,2020,16
SL,-1.0,-1.2307692307692388,6.499999999999773,-1,2020,17
SL,-1.0,-1.0903614457831265,16.600000000001103,1,2020,0
TP,2.0,1.754098360655766,6.100000000000705,-1,2020,1
SL,-1.0,-1.157894736842107,9.499999999999886,1,2020,4
TP,2.0,1.9250000000000012,20.000000000000284,-1,2020,22
TP,2.0,1.9250000000000012,20.000000000000284,-1,2020,22
SL,-1.0,-1.1666666666666603,9.000000000000341,1,2020,23
SL,-1.0,-2.2499999999999525,1.2000000000000455,1,2020,0
TP,2.0,1.9090909090909125,16.500000000000625,-1,2020,0
TP,2.0,1.9090909090909125,16.500000000000625,-1,2020,0
TP,2.0,1.8717948717948767,11.700000000000443,-1,2020,1
TP,2.0,1.8750000000000047,12.000000000000455,-1,2020,9
TP,2.0,1.9238578680203056,19.700000000000273,1,2020,0
TP,2.0,1.7580645161290784,6.200000000001182,-1,2020,8
SL,-1.0,-1.081967213114751,18.300000000000693,1,2020,12
SL,-1.0,-1.0513698630136983,29.20000000000016,1,2020,13
SL,-1.0,-1.0353773584905668,42.39999999999924,-1,2020,14
SL,-1.0,-1.0773195876288648,19.40000000000026,1,2020,1
SL,-1.0,-1.0773195876288648,19.40000000000026,1,2020,1
SL,-1.0,-1.202702702702708,7.399999999999807,-1,2020,2
TP,2.0,1.8790322580645253,12.400000000000944,-1,2020,8
SL,-1.0,-1.161290322580639,9.300000000000352,1,2020,12
SL,-1.0,-1.0949367088607587,15.800000000000125,-1,2020,13
TP,2.0,1.8437499999999827,9.599999999998943,-1,2020,0
SL,-1.0,-1.0649350649350664,23.099999999999454,-1,2020,1
SL,-1.0,-1.1260504201680674,11.899999999999977,1,2020,3
fuera,-0.2542955326460807,-0.30584192439865604,29.100000000001103,-1,2020,12
fuera,-0.04081632653059005,-0.1173469387754888,19.599999999999795,1,2020,14
TP,2.0,1.9137931034482791,17.40000000000066,1,2020,21
SL,-1.0,-1.08108108108108,18.500000000000227,1,2020,0
SL,-1.0,-1.08108108108108,18.500000000000227,1,2020,0
TP,2.0,1.516129032257935,3.09999999999917,-1,2020,0
SL,-1.0,-1.283018867924543,5.299999999999727,1,2020,6
fuera,0.44285714285707517,0.37142857142850644,21.000000000000796,-1,2020,7
fuera,0.44285714285707517,0.37142857142850644,21.000000000000796,-1,2020,7
SL,-1.0,-1.12,12.5,1,2020,0
TP,2.0,1.788732394366191,7.099999999999795,-1,2020,1
SL,-1.0,-1.0949367088607587,15.800000000000125,-1,2020,2
SL,-1.0,-1.2054794520548133,7.299999999999329,-1,2020,8
TP,2.0,1.8913043478260798,13.799999999999102,1,2020,9
TP,2.0,1.8913043478260798,13.799999999999102,1,2020,9
SL,-1.0,-1.098684210526315,15.200000000000102,1,2020,13
TP,2.0,1.8255813953488342,8.599999999999852,-1,2020,17
SL,-1.0,-1.1136363636363715,13.19999999999908,1,2020,0
SL,-1.0,-1.283018867924467,5.300000000001148,1,2020,4
SL,-1.0,-1.1401869158878513,10.699999999999932,-1,2020,4
SL,-1.0,-1.2499999999999905,6.000000000000227,-1,2020,5
SL,-1.0,-1.2142857142856918,7.000000000000739,-1,2020,13
SL,-1.0,-1.08108108108108,18.500000000000227,-1,2020,7
SL,-1.0,-1.1485148514851498,10.099999999999909,1,2020,8
TP,2.0,1.8333333333333397,9.000000000000341,-1,2020,10
SL,-1.0,-1.1282051282051233,11.700000000000443,1,2020,11
SL,-1.0,-1.4411764705881571,3.4000000000006025,1,2020,12
SL,-1.0,-1.1071428571428568,14.000000000000057,-1,2020,12
fuera,-0.8108108108107972,-0.8419958419958278,48.100000000000875,1,2020,13
TP,2.0,1.9299065420560744,21.399999999999864,-1,2020,13
TP,2.0,1.9299065420560744,21.399999999999864,-1,2020,13
TP,2.0,1.9299065420560744,21.399999999999864,-1,2020,13
TP,2.0,1.9299065420560744,21.399999999999864,-1,2020,13
SL,-1.0,-1.1999999999999924,7.500000000000284,1,2020,0
TP,2.0,1.4827586206895904,2.899999999999636,1,2020,1
SL,-1.0,-1.1181102362204767,12.699999999999534,-1,2020,1
SL,-1.0,-1.1948051948051635,7.700000000001239,-1,2020,10
fuera,0.5206611570248342,0.3966942148760688,12.099999999999511,-1,2020,13
SL,-1.0,-2.1538461538456897,1.300000000000523,1,2020,19
SL,-1.0,-1.283018867924543,5.299999999999727,1,2020,21
SL,-1.0,-1.202702702702708,7.399999999999807,-1,2020,21
SL,-1.0,-1.1666666666666603,9.000000000000341,-1,2020,22
SL,-1.0,-1.1530612244897975,9.799999999999898,1,2020,0
TP,2.0,1.687500000000012,4.800000000000182,-1,2020,0
SL,-1.0,-1.187500000000004,7.9999999999998295,-1,2020,2
SL,-1.0,-1.2586206896552048,5.799999999999272,1,2020,3
TP,2.0,1.9226804123711352,19.40000000000026,-1,2020,3
TP,2.0,1.9226804123711352,19.40000000000026,-1,2020,3
TP,2.0,1.8818897637795364,12.700000000000955,-1,2020,4
TP,2.0,1.8818897637795364,12.700000000000955,-1,2020,4
SL,-1.0,-1.2173913043478177,6.9000000000002615,1,2020,16
fuera,0.14984709480124425,0.10397553516821648,32.69999999999982,-1,2020,9
SL,-1.0,-1.214285714285735,6.999999999999318,1,2020,1
SL,-1.0,-1.2941176470588123,5.100000000000193,-1,2020,2
SL,-1.0,-1.0710900473933607,21.100000000001273,1,2020,0
TP,2.0,1.8760330578512348,12.099999999999511,-1,2020,1
SL,-1.0,-1.0842696629213495,17.799999999999727,-1,2020,3
TP,2.0,1.9096385542168657,16.59999999999968,1,2020,6
SL,-1.0,-1.0508474576271183,29.50000000000017,-1,2020,14
TP,2.0,1.8529411764705732,10.199999999998965,1,2020,17
TP,2.0,1.911764705882354,17.00000000000017,-1,2020,19
TP,2.0,1.911764705882354,17.00000000000017,-1,2020,19
TP,2.0,1.911764705882354,17.00000000000017,-1,2020,19
TP,2.0,1.9268292682926873,20.50000000000125,-1,2020,0
TP,2.0,1.9268292682926873,20.50000000000125,-1,2020,0
fuera,0.2681564245810127,0.18435754189944942,17.900000000000205,-1,2020,7
SL,-1.0,-1.78947368421089,1.8999999999991246,1,2020,9
SL,-1.0,-1.1209677419354884,12.399999999999523,-1,2020,11
SL,-1.0,-1.0955414012738875,15.699999999999648,-1,2020,23
SL,-1.0,-1.238095238095229,6.300000000000239,1,2020,0
SL,-1.0,-1.238095238095229,6.300000000000239,-1,2020,0
SL,-1.0,-1.28846153846158,5.19999999999925,-1,2020,2
SL,-1.0,-1.238095238095229,6.300000000000239,1,2020,5
TP,2.0,1.8818897637795364,12.700000000000955,-1,2020,14
SL,-1.0,-1.104166666666673,14.399999999999125,-1,2020,0
SL,-1.0,-1.104166666666673,14.399999999999125,-1,2020,0
SL,-1.0,-1.483870967742065,3.09999999999917,1,2020,3
SL,-1.0,-1.1136363636363715,13.19999999999908,1,2020,6
SL,-1.0,-1.1136363636363715,13.19999999999908,1,2020,6
SL,-1.0,-1.2586206896551415,5.8000000000006935,-1,2020,7
SL,-1.0,-1.1239669421487508,12.100000000000932,1,2020,8
TP,2.0,1.7115384615384988,5.200000000000671,-1,2020,12
SL,-1.0,-1.0828729281767968,18.09999999999974,-1,2020,0
SL,-1.0,-1.0828729281767968,18.09999999999974,-1,2020,0
SL,-1.0,-1.5172413793104096,2.899999999999636,-1,2020,8
TP,2.0,1.838709677419361,9.300000000000352,1,2020,9
TP,2.0,1.838709677419361,9.300000000000352,1,2020,9
TP,2.0,1.1666666666666983,1.8000000000000682,-1,2020,11
TP,2.0,1.7115384615384988,5.200000000000671,-1,2020,13
SL,-1.0,-1.0746268656716442,20.09999999999934,-1,2020,15
SL,-1.0,-1.1079136690647515,13.89999999999958,-1,2020,0
SL,-1.0,-1.1079136690647515,13.89999999999958,-1,2020,0
SL,-1.0,-1.192307692307685,7.800000000000296,1,2020,4
fuera,-0.09948979591837216,-0.13775510204082153,39.19999999999959,1,2020,12
fuera,-0.09948979591837216,-0.13775510204082153,39.19999999999959,1,2020,12
fuera,-0.09948979591837216,-0.13775510204082153,39.19999999999959,1,2020,12
TP,2.0,1.8514851485148502,10.099999999999909,-1,2020,13
TP,2.0,1.8514851485148502,10.099999999999909,-1,2020,13
TP,2.0,1.8514851485148502,10.099999999999909,-1,2020,13
TP,2.0,1.9127906976744171,17.199999999999704,1,2020,21
TP,2.0,1.9127906976744171,17.199999999999704,1,2020,21
TP,2.0,1.9442379182156115,26.899999999999125,1,2020,22
TP,2.0,1.4000000000001365,2.5000000000005684,-1,2020,22
SL,-1.0,-1.1034482758620616,14.500000000001023,1,2020,23
SL,-1.0,-1.192307692307685,7.800000000000296,1,2020,0
SL,-1.0,-1.1071428571428568,14.000000000000057,-1,2020,1
SL,-1.0,-1.1071428571428568,14.000000000000057,-1,2020,1
TP,2.0,1.89051094890511,13.700000000000045,1,2020,3
TP,2.0,1.727272727272761,5.500000000000682,1,2020,0
TP,2.0,1.8880597014925375,13.400000000000034,-1,2020,7
TP,2.0,1.6808510638297671,4.699999999999704,-1,2020,11
fuera,0.08219178082192047,0.03082191780822212,29.20000000000016,1,2020,13
fuera,0.08219178082192047,0.03082191780822212,29.20000000000016,1,2020,13
fuera,0.08219178082192047,0.03082191780822212,29.20000000000016,1,2020,13
TP,2.0,1.861111111111098,10.799999999998988,1,2020,6
SL,-1.0,-1.0824175824175815,18.200000000000216,1,2020,10
SL,-1.0,-1.1027397260273968,14.60000000000008,-1,2020,13
SL,-1.0,-1.1948051948051994,7.699999999999818,-1,2020,15
SL,-1.0,-1.1119402985074742,13.399999999998613,1,2020,16
SL,-1.0,-1.2142857142856918,7.000000000000739,-1,2020,17
SL,-1.0,-1.1351351351351473,11.099999999999,1,2020,19
TP,2.0,1.761904761904771,6.300000000000239,-1,2020,0
SL,-1.0,-1.4411764705881571,3.4000000000006025,1,2020,1
TP,2.0,1.8636363636363629,10.999999999999943,-1,2020,3
SL,-1.0,-1.1181102362204636,12.700000000000955,-1,2020,7
SL,-1.0,-1.1546391752577412,9.69999999999942,1,2020,11
SL,-1.0,-1.1162790697674374,12.900000000000489,-1,2020,12
SL,-1.0,-1.0675675675675693,22.19999999999942,1,2020,14
SL,-1.0,-1.0819672131147573,18.299999999999272,1,2020,22
SL,-1.0,-1.0819672131147573,18.299999999999272,1,2020,22
SL,-1.0,-1.254237288135604,5.89999999999975,-1,2020,23
SL,-1.0,-1.187500000000004,7.9999999999998295,-1,2020,0
SL,-1.0,-1.145631067961173,10.299999999999443,-1,2020,1
TP,2.0,1.61538461538463,3.900000000000148,1,2020,2
SL,-1.0,-1.416666666666651,3.6000000000001364,1,2020,3
TP,2.0,1.8717948717948611,11.699999999999022,1,2020,8
TP,2.0,1.8717948717948611,11.699999999999022,1,2020,8
SL,-1.0,-1.4054054054054939,3.699999999999193,-1,2020,11
SL,-1.0,-1.0785340314136174,19.09999999999883,1,2020,12
SL,-1.0,-1.0785340314136174,19.09999999999883,1,2020,12
TP,2.0,1.8295454545454426,8.799999999999386,-1,2020,14
SL,-1.0,-1.0833333333333368,17.99999999999926,-1,2020,15
SL,-1.0,-1.1048951048951043,14.300000000000068,-1,2020,0
SL,-1.0,-1.1048951048951043,14.300000000000068,-1,2020,0
TP,2.0,1.8623853211009107,10.899999999999466,1,2020,1
SL,-1.0,-1.1648351648351758,9.099999999999397,1,2020,4
SL,-1.0,-1.1119402985074625,13.400000000000034,1,2020,6
SL,-1.0,-1.1630434782608718,9.199999999999875,-1,2020,7
SL,-1.0,-1.1171875,12.800000000000011,-1,2020,14
SL,-1.0,-1.1171875,12.800000000000011,-1,2020,14
TP,2.0,1.8750000000000047,12.000000000000455,1,2020,15
TP,2.0,1.8750000000000047,12.000000000000455,1,2020,15
SL,-1.0,-1.1898734177215005,7.900000000000773,1,2020,16
SL,-1.0,-1.254237288135604,5.89999999999975,1,2020,3
SL,-1.0,-1.254237288135604,5.89999999999975,1,2020,3
SL,-1.0,-1.1171875,12.800000000000011,-1,2020,4
SL,-1.0,-1.1171875,12.800000000000011,-1,2020,4
fuera,1.244094488189032,1.1259842519685552,12.699999999999534,1,2020,7
TP,2.0,1.6511627906977262,4.300000000000637,1,2020,21
TP,2.0,1.5161290322581569,3.100000000000591,-1,2020,23
SL,-1.0,-1.1415094339622713,10.599999999999454,-1,2020,0
SL,-1.0,-1.5769230769231601,2.599999999999625,-1,2020,0
SL,-1.0,-1.111111111111107,13.500000000000512,1,2020,1
SL,-1.0,-1.111111111111107,13.500000000000512,1,2020,1
SL,-1.0,-1.111111111111107,13.500000000000512,1,2020,1
SL,-1.0,-1.111111111111107,13.500000000000512,1,2020,1
SL,-1.0,-1.3061224489795507,4.900000000000659,-1,2020,3
TP,2.0,1.8584905660377287,10.599999999999454,-1,2020,8
TP,2.0,1.8584905660377287,10.599999999999454,-1,2020,8
SL,-1.0,-1.0833333333333302,18.000000000000682,-1,2020,11
SL,-1.0,-1.0833333333333302,18.000000000000682,-1,2020,11
SL,-1.0,-1.0833333333333302,18.000000000000682,-1,2020,11
SL,-1.0,-1.08571428571428,17.500000000001137,1,2020,13
SL,-1.0,-1.08571428571428,17.500000000001137,1,2020,13
SL,-1.0,-1.202702702702708,7.399999999999807,1,2020,15
TP,2.0,1.9107142857142891,16.800000000000637,1,2020,0
SL,-1.0,-2.6666666666666035,0.9000000000000341,-1,2020,0
SL,-1.0,-1.127118644067802,11.7999999999995,-1,2020,1
SL,-1.0,-1.3749999999999414,4.000000000000625,1,2020,6
TP,2.0,1.8571428571428625,10.500000000000398,1,2020,8
TP,2.0,1.7272727272726907,5.499999999999261,1,2020,9
SL,-1.0,-1.1499999999999873,10.000000000000853,1,2020,11
SL,-1.0,-1.1499999999999873,10.000000000000853,1,2020,11
SL,-1.0,-1.1499999999999873,10.000000000000853,1,2020,11
SL,-1.0,-1.187500000000004,7.9999999999998295,1,2020,12
TP,2.0,1.9171270718232032,18.09999999999974,-1,2020,13
TP,2.0,1.9171270718232032,18.09999999999974,-1,2020,13
TP,2.0,1.9171270718232032,18.09999999999974,-1,2020,13
TP,2.0,1.9171270718232032,18.09999999999974,-1,2020,13
SL,-1.0,-1.2586206896551415,5.8000000000006935,-1,2020,16
TP,2.0,1.500000000000019,3.0000000000001137,1,2020,1
TP,2.0,1.500000000000019,3.0000000000001137,1,2020,1
TP,2.0,1.500000000000019,3.0000000000001137,1,2020,1
TP,2.0,1.8437499999999827,9.599999999998943,-1,2020,9
TP,2.0,1.8437499999999827,9.599999999998943,-1,2020,9
TP,2.0,1.8437499999999827,9.599999999998943,-1,2020,9
TP,2.0,1.9085365853658545,16.400000000000148,-1,2020,14
SL,-1.0,-1.1851851851851782,8.100000000000307,1,2020,15
TP,2.0,1.920212765957448,18.80000000000024,-1,2020,0
TP,2.0,1.920212765957448,18.80000000000024,-1,2020,0
TP,2.0,1.920212765957448,18.80000000000024,-1,2020,0
TP,2.0,1.6511627906976107,4.299999999999216,-1,2020,2
SL,-1.0,-1.059055118110235,25.40000000000049,-1,2020,4
fuera,0.6069518716577721,0.5668449197861138,37.39999999999952,1,2020,13
fuera,0.6069518716577721,0.5668449197861138,37.39999999999952,1,2020,13
fuera,0.6069518716577721,0.5668449197861138,37.39999999999952,1,2020,13
fuera,0.6397849462365337,0.5591397849462142,18.600000000000705,1,2020,14
fuera,0.6397849462365337,0.5591397849462142,18.600000000000705,1,2020,14
SL,-1.0,-1.3061224489795507,4.900000000000659,-1,2020,15
SL,-1.0,-1.3061224489795507,4.900000000000659,-1,2020,15
SL,-1.0,-1.326086956521693,4.600000000000648,1,2020,16
SL,-1.0,-1.326086956521693,4.600000000000648,1,2020,16
SL,-1.0,-1.1898734177215347,7.899999999999352,-1,2020,22
TP,2.0,1.8295454545454426,8.799999999999386,-1,2020,0
SL,-1.0,-1.3061224489796395,4.899999999999238,1,2020,1
TP,2.0,1.736842105263168,5.700000000000216,-1,2020,3
SL,-1.0,-1.1181102362204636,12.700000000000955,-1,2020,4
SL,-1.0,-1.1086956521739089,13.800000000000523,1,2020,6
TP,2.0,1.516129032257935,3.09999999999917,1,2020,8
SL,-1.0,-1.2678571428571552,5.5999999999997385,-1,2020,0
TP,2.0,1.8453608247422815,9.700000000000841,1,2020,1
TP,2.0,1.8453608247422815,9.700000000000841,1,2020,1
SL,-1.0,-1.283018867924543,5.299999999999727,-1,2020,7
TP,2.0,1.8928571428571432,14.000000000000057,1,2020,11
TP,2.0,1.8928571428571432,14.000000000000057,1,2020,11
TP,2.0,1.8928571428571432,14.000000000000057,1,2020,11
TP,2.0,1.8928571428571432,14.000000000000057,1,2020,11
TP,2.0,1.962779156327544,40.30000000000058,1,2020,12
SL,-1.0,-1.099999999999996,15.000000000000568,-1,2020,0
TP,2.0,1.823529411764693,8.499999999999375,1,2020,15
TP,2.0,1.8453608247422815,9.700000000000841,1,2020,0
SL,-1.0,-1.1546391752577185,9.700000000000841,-1,2020,2
SL,-1.0,-1.4687500000000515,3.1999999999996476,-1,2020,4
TP,2.0,1.2857142857143127,2.1000000000000796,1,2020,5
SL,-1.0,-1.0833333333333302,18.000000000000682,-1,2020,0
SL,-1.0,-1.157894736842107,9.499999999999886,1,2020,3
TP,2.0,1.9068322981366468,16.100000000000136,-1,2020,0
SL,-1.0,-1.416666666666651,3.6000000000001364,1,2020,12
TP,2.0,1.9519230769230766,31.19999999999976,-1,2020,13
TP,2.0,1.9519230769230766,31.19999999999976,-1,2020,13
TP,2.0,1.9519230769230766,31.19999999999976,-1,2020,13
TP,2.0,1.9605263157894732,37.999999999999545,-1,2020,14
TP,2.0,1.9605263157894732,37.999999999999545,-1,2020,14
SL,-1.0,-1.2586206896552048,5.799999999999272,1,2020,15
SL,-1.0,-1.0750000000000042,19.999999999998863,-1,2020,16
TP,2.0,1.9607329842931942,38.2000000000005,-1,2020,0
SL,-1.0,-1.211267605633809,7.099999999999795,1,2020,3
TP,2.0,1.89051094890511,13.700000000000045,-1,2020,4
SL,-1.0,-1.0678733031674197,22.100000000000364,-1,2020,8
SL,-1.0,-1.1034482758620718,14.499999999999602,1,2020,9
fuera,1.0174216027874905,0.9651567944251197,28.699999999999193,1,2020,3
SL,-1.0,-1.1127819548872098,13.300000000000978,-1,2020,4
SL,-1.0,-1.099999999999996,15.000000000000568,1,2020,5
TP,2.0,1.861111111111098,10.799999999998988,-1,2020,22
SL,-1.0,-1.1136363636363715,13.19999999999908,-1,2020,0
SL,-1.0,-1.1136363636363715,13.19999999999908,-1,2020,0
SL,-1.0,-1.2307692307692388,6.499999999999773,1,2020,1
TP,2.0,1.904458598726121,15.700000000001069,1,2020,6
SL,-1.0,-1.3000000000000171,4.999999999999716,1,2020,0
TP,2.0,1.8598130841121487,10.699999999999932,1,2020,1
SL,-1.0,-1.0480769230769234,31.19999999999976,1,2020,2
SL,-1.0,-1.0480769230769234,31.19999999999976,1,2020,2
SL,-1.0,-1.0480769230769234,31.19999999999976,1,2020,2
TP,2.0,1.9180327868852427,18.299999999999272,-1,2020,3
TP,2.0,1.9180327868852427,18.299999999999272,-1,2020,3
TP,2.0,1.9180327868852427,18.299999999999272,-1,2020,3
SL,-1.0,-1.0914634146341455,16.400000000000148,1,2020,0
SL,-1.0,-1.0914634146341455,16.400000000000148,1,2020,0
SL,-1.0,-1.0914634146341455,16.400000000000148,1,2020,0
SL,-1.0,-1.1162790697674374,12.900000000000489,-1,2020,1
SL,-1.0,-1.2777777777777672,5.400000000000205,-1,2020,2
TP,2.0,1.8469387755102247,9.800000000001319,-1,2020,17
SL,-1.0,-1.2173913043478177,6.9000000000002615,1,2020,19
SL,-1.0,-1.086206896551728,17.39999999999924,-1,2020,23
SL,-1.0,-1.1744186046511658,8.599999999999852,-1,2020,0
SL,-1.0,-1.0887573964496984,16.900000000001114,1,2020,2
SL,-1.0,-1.2272727272727186,6.60000000000025,1,2020,8
TP,2.0,1.8846153846153806,12.999999999999545,-1,2020,10
TP,2.0,1.812499999999996,7.9999999999998295,-1,2020,0
SL,-1.0,-1.245901639344234,6.100000000000705,-1,2020,4
SL,-1.0,-1.2459016393442912,6.099999999999284,1,2020,6
TP,2.0,1.6249999999999254,3.999999999999204,1,2020,21
SL,-1.0,-1.312499999999988,4.800000000000182,-1,2020,22
SL,-1.0,-1.1785714285714217,8.400000000000318,-1,2020,0
SL,-1.0,-1.1785714285714217,8.400000000000318,-1,2020,0
TP,2.0,1.754098360655766,6.100000000000705,1,2020,1
SL,-1.0,-2.0714285714288936,1.3999999999995794,1,2020,2
SL,-1.0,-1.1898734177215347,7.899999999999352,1,2020,0
SL,-1.0,-1.0681818181818186,21.999999999999886,1,2020,1
SL,-1.0,-1.0681818181818186,21.999999999999886,1,2020,1
SL,-1.0,-1.0681818181818186,21.999999999999886,1,2020,1
SL,-1.0,-1.0681818181818186,21.999999999999886,1,2020,1
SL,-1.0,-1.0625000000000013,23.99999999999949,1,2020,2
SL,-1.0,-1.0625000000000013,23.99999999999949,1,2020,2
SL,-1.0,-1.0625000000000013,23.99999999999949,1,2020,2
SL,-1.0,-1.263157894736832,5.700000000000216,-1,2020,5
TP,2.0,1.8275862068965583,8.70000000000033,-1,2020,8
TP,2.0,1.8101265822784995,7.900000000000773,-1,2020,11
SL,-1.0,-1.0394736842105252,38.000000000000966,-1,2020,12
SL,-1.0,-1.0394736842105252,38.000000000000966,-1,2020,12
SL,-1.0,-1.0394736842105252,38.000000000000966,-1,2020,12
SL,-1.0,-1.0394736842105252,38.000000000000966,-1,2020,12
SL,-1.0,-1.0394736842105252,38.000000000000966,-1,2020,12
SL,-1.0,-1.0394736842105252,38.000000000000966,-1,2020,12
TP,2.0,1.920212765957448,18.80000000000024,1,2020,12
TP,2.0,1.920212765957448,18.80000000000024,1,2020,12
SL,-1.0,-1.3191489361702329,4.699999999999704,-1,2020,12
SL,-1.0,-1.3191489361702329,4.699999999999704,-1,2020,12
TP,2.0,1.894366197183106,14.200000000001012,1,2020,13
TP,2.0,1.894366197183106,14.200000000001012,1,2020,13
SL,-1.0,-1.28846153846158,5.19999999999925,-1,2020,13
SL,-1.0,-1.1999999999999924,7.500000000000284,1,2020,14
SL,-1.0,-1.1685393258426993,8.899999999999864,1,2020,19
TP,2.0,1.516129032257935,3.09999999999917,-1,2020,20
SL,-1.0,-1.4838709677418431,3.100000000000591,1,2020,22
SL,-1.0,-1.1515151515151676,9.899999999998954,-1,2020,22
TP,2.0,1.6938775510203605,4.899999999999238,1,2020,0
SL,-1.0,-1.1239669421487652,12.099999999999511,1,2020,2
TP,2.0,1.761904761904771,6.300000000000239,-1,2020,2
SL,-1.0,-1.1973684210526487,7.599999999999341,1,2020,3
SL,-1.0,-1.1219512195121906,12.300000000000466,-1,2020,4
SL,-1.0,-1.156249999999994,9.600000000000364,1,2020,0
TP,2.0,1.673913043478307,4.600000000000648,-1,2020,0
TP,2.0,1.8404255319149077,9.40000000000083,-1,2020,4
SL,-1.0,-1.0974025974025996,15.399999999999636,-1,2020,7
SL,-1.0,-1.0974025974025996,15.399999999999636,-1,2020,7
SL,-1.0,-1.1171875,12.800000000000011,-1,2020,8
SL,-1.0,-1.2941176470588123,5.100000000000193,1,2020,9
TP,2.0,1.89051094890511,13.700000000000045,1,2020,12
TP,2.0,1.89051094890511,13.700000000000045,1,2020,12
SL,-1.0,-1.0694444444444418,21.60000000000082,1,2020,14
SL,-1.0,-1.1898734177215347,7.899999999999352,-1,2020,21
TP,2.0,1.7321428571429127,5.60000000000116,1,2020,22
SL,-1.0,-1.1630434782608718,9.199999999999875,1,2020,23
SL,-1.0,-1.1304347826087016,11.499999999999488,1,2020,0
SL,-1.0,-1.1304347826087016,11.499999999999488,1,2020,0
TP,2.0,1.8571428571428625,10.500000000000398,-1,2020,1
SL,-1.0,-1.1293103448275865,11.599999999999966,-1,2020,2
SL,-1.0,-1.1293103448275865,11.599999999999966,-1,2020,2
SL,-1.0,-1.2586206896552048,5.799999999999272,-1,2020,3
TP,2.0,1.6590909090908852,4.399999999999693,1,2020,4
TP,2.0,1.8255813953488342,8.599999999999852,1,2020,7
TP,2.0,1.9264705882352968,20.400000000000773,1,2020,13
TP,2.0,1.9264705882352968,20.400000000000773,1,2020,13
SL,-1.0,-1.5999999999998635,2.5000000000005684,-1,2020,14
TP,2.0,1.8295454545454426,8.799999999999386,1,2020,17
SL,-1.0,-1.1239669421487508,12.100000000000932,1,2020,0
fuera,1.0957854406130503,1.0383141762452333,26.099999999999568,-1,2020,1
fuera,1.0957854406130503,1.0383141762452333,26.099999999999568,-1,2020,1
SL,-1.0,-1.2419354838709216,6.200000000001182,1,2020,8
TP,2.0,1.761904761904771,6.300000000000239,-1,2020,10
SL,-1.0,-1.3488372093022738,4.300000000000637,-1,2020,12
SL,-1.0,-1.12,12.5,1,2020,13
SL,-1.0,-1.4411764705883414,3.3999999999991815,1,2020,23
fuera,0.2042253521127564,0.09859154929585194,14.19999999999959,1,2020,0
fuera,0.2042253521127564,0.09859154929585194,14.19999999999959,1,2020,0
SL,-1.0,-1.1546391752577185,9.700000000000841,1,2020,2
SL,-1.0,-1.1724137931034417,8.70000000000033,-1,2020,3
SL,-1.0,-1.2777777777777672,5.400000000000205,-1,2020,0
SL,-1.0,-1.3000000000000171,4.999999999999716,1,2020,1
TP,2.0,1.823529411764693,8.499999999999375,1,2020,21
TP,2.0,1.6590909090909953,4.400000000001114,1,2020,22
SL,-1.0,-1.6521739130435877,2.2999999999996135,-1,2020,22
TP,2.0,1.6590909090908852,4.399999999999693,1,2020,23
SL,-1.0,-1.1704545454545299,8.800000000000807,1,2020,0
SL,-1.0,-1.78947368421089,1.8999999999991246,-1,2020,1
SL,-1.0,-1.3409090909091148,4.399999999999693,1,2020,7
TP,2.0,1.6341463414633863,4.099999999999682,-1,2020,7
TP,2.0,1.2105263157897004,1.9000000000005457,1,2020,9
SL,-1.0,-1.3333333333334259,4.4999999999987494,-1,2020,9
SL,-1.0,-1.312499999999988,4.800000000000182,-1,2020,12
SL,-1.0,-1.157894736842107,9.499999999999886,1,2020,13
TP,2.0,1.6052631578947025,3.7999999999996703,-1,2020,17
TP,2.0,1.6052631578947025,3.7999999999996703,-1,2020,17
SL,-1.0,-1.1339285714285776,11.199999999999477,-1,2020,18
SL,-1.0,-1.1339285714285776,11.199999999999477,-1,2020,18
SL,-1.0,-1.1666666666666603,9.000000000000341,1,2020,19
SL,-1.0,-1.1666666666666603,9.000000000000341,1,2020,19
SL,-1.0,-1.1898734177215347,7.899999999999352,-1,2020,0
SL,-1.0,-1.1898734177215347,7.899999999999352,-1,2020,0
TP,2.0,1.8571428571428432,10.499999999998977,1,2020,1
TP,2.0,1.8571428571428432,10.499999999998977,1,2020,1
TP,2.0,1.8571428571428432,10.499999999998977,1,2020,1
SL,-1.0,-1.0914634146341455,16.400000000000148,1,2020,5
SL,-1.0,-1.0914634146341455,16.400000000000148,1,2020,5
TP,2.0,1.797297297297292,7.399999999999807,1,2020,6
SL,-1.0,-1.1546391752577412,9.69999999999942,1,2020,7
SL,-1.0,-1.283018867924543,5.299999999999727,1,2020,9
TP,2.0,1.7321428571429127,5.60000000000116,-1,2020,9
TP,2.0,1.5714285714285297,3.499999999999659,-1,2020,10
SL,-1.0,-1.1388888888888835,10.80000000000041,-1,2020,14
SL,-1.0,-1.1388888888888835,10.80000000000041,-1,2020,14
SL,-1.0,-1.1171875,12.800000000000011,1,2020,0
TP,2.0,1.8514851485148502,10.099999999999909,-1,2020,4
TP,2.0,1.8514851485148502,10.099999999999909,-1,2020,4
TP,2.0,1.7321428571428448,5.5999999999997385,1,2020,7
SL,-1.0,-1.1470588235294061,10.200000000000387,1,2020,8
SL,-1.0,-1.176470588235307,8.499999999999375,1,2020,14
TP,2.0,1.8936170212765997,14.100000000000534,-1,2020,15
TP,2.0,1.8936170212765997,14.100000000000534,-1,2020,15
TP,2.0,1.8584905660377475,10.600000000000875,-1,2020,16
SL,-1.0,-1.6818181818180091,2.200000000000557,1,2020,17
SL,-1.0,-1.1851851851852107,8.099999999998886,-1,2020,17
SL,-1.0,-1.2678571428571552,5.5999999999997385,-1,2020,18
SL,-1.0,-1.4545454545454373,3.300000000000125,1,2020,21
SL,-1.0,-1.1388888888888835,10.80000000000041,1,2020,0
SL,-1.0,-1.1388888888888835,10.80000000000041,1,2020,0
SL,-1.0,-1.1388888888888835,10.80000000000041,1,2020,0
SL,-1.0,-1.2173913043478626,6.89999999999884,-1,2020,3
SL,-1.0,-1.1807228915662376,8.300000000001262,-1,2020,12
SL,-1.0,-1.0980392156862708,15.30000000000058,-1,2020,13
TP,2.0,1.9206349206349236,18.900000000000716,-1,2020,0
TP,2.0,1.9206349206349236,18.900000000000716,-1,2020,0
TP,2.0,1.9206349206349236,18.900000000000716,-1,2020,0
TP,2.0,1.9206349206349236,18.900000000000716,-1,2020,0
SL,-1.0,-1.161290322580639,9.300000000000352,-1,2020,0
SL,-1.0,-1.161290322580639,9.300000000000352,-1,2020,0
TP,2.0,1.6808510638297671,4.699999999999704,1,2020,4
TP,2.0,1.7794117647058754,6.799999999999784,1,2020,7
SL,-1.0,-1.4054054054053382,3.700000000000614,-1,2020,10
TP,2.0,1.8598130841121487,10.699999999999932,1,2020,12
SL,-1.0,-1.5172413793101562,2.9000000000010573,-1,2020,12
SL,-1.0,-1.211267605633809,7.099999999999795,1,2020,13
SL,-1.0,-1.211267605633809,7.099999999999795,1,2020,13
SL,-1.0,-1.211267605633809,7.099999999999795,1,2020,13
SL,-1.0,-1.499999999999981,3.0000000000001137,-1,2020,14
SL,-1.0,-1.157894736842107,9.499999999999886,-1,2020,15
SL,-1.0,-1.1249999999999953,12.000000000000455,-1,2020,0
SL,-1.0,-1.1249999999999953,12.000000000000455,-1,2020,0
SL,-1.0,-1.283018867924543,5.299999999999727,-1,2020,1
TP,2.0,1.842105263157893,9.499999999999886,1,2020,4
SL,-1.0,-1.1785714285714217,8.400000000000318,1,2020,6
TP,2.0,1.4000000000001365,2.5000000000005684,1,2020,9
SL,-1.0,-1.1999999999999924,7.500000000000284,1,2020,10
SL,-1.0,-1.312499999999988,4.800000000000182,-1,2020,11
SL,-1.0,-1.1376146788990893,10.899999999999466,1,2020,0
TP,2.0,1.785714285714265,6.999999999999318,-1,2020,1
SL,-1.0,-1.1785714285714217,8.400000000000318,1,2020,7
TP,2.0,1.901315789473685,15.200000000000102,-1,2020,7
TP,2.0,1.901315789473685,15.200000000000102,-1,2020,7
SL,-1.0,-1.1190476190476146,12.600000000000477,-1,2020,8
SL,-1.0,-1.2343750000000258,6.399999999999295,1,2020,12
TP,2.0,1.8000000000000076,7.500000000000284,-1,2020,12
SL,-1.0,-1.2343749999999738,6.400000000000716,-1,2020,13
TP,2.0,1.8750000000000047,12.000000000000455,1,2020,15
TP,2.0,1.8863636363636407,13.2000000000005,1,2020,0
TP,2.0,1.8863636363636407,13.2000000000005,1,2020,0
SL,-1.0,-1.1485148514851498,10.099999999999909,-1,2020,4
SL,-1.0,-1.1071428571428568,14.000000000000057,1,2020,9
SL,-1.0,-1.182926829268275,8.200000000000784,-1,2020,11
SL,-1.0,-1.114503816793893,13.100000000000023,1,2020,17
SL,-1.0,-1.2459016393442912,6.099999999999284,1,2020,18
SL,-1.0,-1.2459016393442912,6.099999999999284,1,2020,18
SL,-1.0,-1.1546391752577412,9.69999999999942,-1,2020,20
SL,-1.0,-1.1546391752577412,9.69999999999942,-1,2020,20
SL,-1.0,-1.1546391752577412,9.69999999999942,-1,2020,20
TP,2.0,1.8333333333333397,9.000000000000341,-1,2020,0
TP,2.0,1.8333333333333397,9.000000000000341,-1,2020,0
SL,-1.0,-1.17241379310347,8.699999999998909,-1,2020,7
TP,2.0,1.6341463414635131,4.100000000001103,1,2020,8
SL,-1.0,-1.0458715596330277,32.69999999999982,1,2020,0
SL,-1.0,-1.0458715596330277,32.69999999999982,1,2020,0
SL,-1.0,-1.0458715596330277,32.69999999999982,1,2020,0
SL,-1.0,-1.0458715596330277,32.69999999999982,1,2020,0
TP,2.0,1.901315789473685,15.200000000000102,-1,2020,0
TP,2.0,1.901315789473685,15.200000000000102,-1,2020,0
TP,2.0,1.8314606741573276,8.900000000001285,-1,2020,1
TP,2.0,1.8728813559322133,11.80000000000092,-1,2020,4
SL,-1.0,-1.3061224489795507,4.900000000000659,-1,2020,11
SL,-1.0,-1.3061224489795507,4.900000000000659,-1,2020,11
SL,-1.0,-1.1327433628318588,11.299999999999955,1,2020,4
TP,2.0,1.7727272727272325,6.599999999998829,-1,2020,6
TP,2.0,1.7727272727272325,6.599999999998829,-1,2020,6
SL,-1.0,-1.0761421319796998,19.69999999999885,-1,2020,13
SL,-1.0,-1.0761421319796998,19.69999999999885,-1,2020,13
SL,-1.0,-1.0761421319796998,19.69999999999885,-1,2020,13
SL,-1.0,-1.1530612244897975,9.799999999999898,1,2020,14
SL,-1.0,-1.1102941176470509,13.600000000000989,-1,2020,14
SL,-1.0,-1.1111111111111187,13.49999999999909,-1,2020,15
SL,-1.0,-1.211267605633809,7.099999999999795,1,2020,0
SL,-1.0,-1.1363636363636371,10.999999999999943,-1,2020,1
SL,-1.0,-1.4285714285714703,3.499999999999659,-1,2020,7
SL,-1.0,-1.1027397260273968,14.60000000000008,1,2020,8
SL,-1.0,-1.1027397260273968,14.60000000000008,1,2020,8
TP,2.0,1.6249999999999254,3.999999999999204,-1,2020,8
TP,2.0,1.7321428571428448,5.5999999999997385,-1,2020,9
TP,2.0,1.8255813953488342,8.599999999999852,1,2020,12
SL,-1.0,-1.1339285714285776,11.199999999999477,1,2020,13
SL,-1.0,-1.7142857142856873,2.1000000000000796,1,2020,6
TP,2.0,1.8913043478260911,13.800000000000523,-1,2020,13
TP,2.0,1.911764705882354,17.00000000000017,-1,2020,14
TP,2.0,1.911764705882354,17.00000000000017,-1,2020,14
TP,2.0,1.9226804123711352,19.40000000000026,-1,2020,15
TP,2.0,1.953125000000001,32.00000000000074,-1,2020,0
TP,2.0,1.953125000000001,32.00000000000074,-1,2020,0
TP,2.0,1.953125000000001,32.00000000000074,-1,2020,0
TP,2.0,1.9397590361445771,24.899999999999523,-1,2020,0
SL,-1.0,-1.28846153846158,5.19999999999925,1,2020,1
TP,2.0,1.89051094890511,13.700000000000045,-1,2020,2
TP,2.0,1.8636363636363806,11.000000000001364,-1,2020,4
SL,-1.0,-1.055350553505535,27.10000000000008,1,2020,11
fuera,0.08185053380781371,0.028469750889665364,28.10000000000059,-1,2020,12
SL,-1.0,-1.0877192982456108,17.100000000000648,1,2020,0
TP,2.0,1.8972602739726032,14.60000000000008,-1,2020,1
SL,-1.0,-1.499999999999981,3.0000000000001137,1,2020,6
SL,-1.0,-1.0806451612903196,18.600000000000705,-1,2020,7
SL,-1.0,-1.1086956521739202,13.799999999999102,-1,2020,0
SL,-1.0,-1.0862068965517209,17.40000000000066,1,2020,5
SL,-1.0,-1.0862068965517209,17.40000000000066,1,2020,5
TP,2.0,1.8333333333333397,9.000000000000341,-1,2020,6
SL,-1.0,-1.087719298245618,17.099999999999227,1,2020,13
TP,2.0,1.8529411764705939,10.200000000000387,-1,2020,16
TP,2.0,1.872881355932198,11.7999999999995,-1,2020,19
SL,-1.0,-1.1785714285714217,8.400000000000318,1,2020,21
TP,2.0,1.8999999999999944,14.999999999999147,-1,2020,0
TP,2.0,1.9471830985915477,28.39999999999918,1,2020,8
SL,-1.0,-1.0710900473933653,21.099999999999852,-1,2020,9
TP,2.0,1.9318181818181814,21.999999999999886,1,2020,11
SL,-1.0,-1.1500000000000086,9.999999999999432,-1,2020,11
TP,2.0,1.9486301369863017,29.20000000000016,1,2020,12
TP,2.0,1.9486301369863017,29.20000000000016,1,2020,12
fuera,0.325088339222609,0.2985865724381568,56.60000000000025,1,2020,13
fuera,0.325088339222609,0.2985865724381568,56.60000000000025,1,2020,13
SL,-1.0,-1.1282051282051233,11.700000000000443,-1,2020,13
fuera,0.6223175965664955,0.5579399141630632,23.30000000000041,1,2020,14
fuera,-0.13122171945699496,-0.19909502262441464,22.100000000000364,-1,2020,16
fuera,-0.13122171945699496,-0.19909502262441464,22.100000000000364,-1,2020,16
SL,-1.0,-1.0405405405405417,36.999999999999034,1,2020,0
SL,-1.0,-1.0405405405405417,36.999999999999034,1,2020,0
SL,-1.0,-1.0454545454545456,32.99999999999983,-1,2020,1
SL,-1.0,-1.2727272727273093,5.499999999999261,-1,2020,2
SL,-1.0,-1.0457317073170727,32.800000000000296,-1,2020,8
SL,-1.0,-1.0457317073170727,32.800000000000296,-1,2020,8
TP,2.0,1.907407407407411,16.200000000000614,1,2020,9
TP,2.0,1.907407407407411,16.200000000000614,1,2020,9
SL,-1.0,-1.1388888888888835,10.80000000000041,1,2020,0
SL,-1.0,-1.192307692307685,7.800000000000296,-1,2020,4
TP,2.0,1.8255813953488342,8.599999999999852,1,2020,7
TP,2.0,1.7945205479451867,7.299999999999329,-1,2020,15
SL,-1.0,-1.1363636363636371,10.999999999999943,-1,2020,19
SL,-1.0,-1.254237288135604,5.89999999999975,1,2020,20
SL,-1.0,-1.454545454545633,3.299999999998704,1,2020,0
SL,-1.0,-1.0785340314136116,19.10000000000025,-1,2020,0
SL,-1.0,-1.0785340314136116,19.10000000000025,-1,2020,0
SL,-1.0,-1.2112676056337666,7.1000000000012164,-1,2020,1
SL,-1.0,-1.1282051282051389,11.699999999999022,1,2020,5
SL,-1.0,-1.127118644067802,11.7999999999995,1,2020,10
SL,-1.0,-1.192307692307685,7.800000000000296,-1,2020,0
SL,-1.0,-1.0931677018633532,16.100000000000136,1,2020,7
SL,-1.0,-1.0931677018633532,16.100000000000136,1,2020,7
TP,2.0,1.8636363636363629,10.999999999999943,-1,2020,9
TP,2.0,1.8275862068965583,8.70000000000033,1,2020,13
SL,-1.0,-1.4545454545454373,3.300000000000125,-1,2020,0
SL,-1.0,-1.3571428571429645,4.199999999998738,1,2020,2
TP,2.0,1.6808510638298637,4.7000000000011255,-1,2020,3
TP,2.0,1.8000000000000076,7.500000000000284,1,2020,9
SL,-1.0,-1.2083333333333255,7.200000000000273,-1,2020,10
SL,-1.0,-1.2083333333333255,7.200000000000273,-1,2020,10
SL,-1.0,-1.0561797752808968,26.700000000001012,-1,2020,12
fuera,0.38431372549019893,0.32549019607843316,25.499999999999545,1,2020,13
fuera,0.38431372549019893,0.32549019607843316,25.499999999999545,1,2020,13
SL,-1.0,-1.19230769230772,7.7999999999988745,1,2020,14
fuera,-0.23204419889502156,-0.31491712707181185,18.10000000000116,-1,2020,14
fuera,-0.03546099290786861,-0.14184397163126883,14.100000000000534,1,2020,15
SL,-1.0,-1.0828729281767968,18.09999999999974,1,2020,21
TP,2.0,1.736842105263168,5.700000000000216,-1,2020,23
SL,-1.0,-1.095541401273879,15.700000000001069,1,2020,6
TP,2.0,1.8404255319148837,9.399999999999409,1,2020,7
SL,-1.0,-1.079787234042552,18.80000000000024,1,2020,10
TP,2.0,1.7826086956521374,6.89999999999884,-1,2020,11
TP,2.0,1.894366197183106,14.200000000001012,-1,2020,12
SL,-1.0,-1.0704225352112697,21.299999999999386,-1,2020,13
SL,-1.0,-1.0704225352112697,21.299999999999386,-1,2020,13
TP,2.0,1.8972602739726032,14.60000000000008,1,2020,15
SL,-1.0,-1.0931677018633532,16.100000000000136,1,2020,0
SL,-1.0,-1.0872093023255829,17.199999999999704,-1,2020,1
SL,-1.0,-1.2777777777777672,5.400000000000205,-1,2020,6
TP,2.0,1.6428571428571563,4.200000000000159,1,2020,12
fuera,1.227621483375997,1.1892583120204976,39.09999999999911,1,2020,13
TP,2.0,1.8387096774193363,9.299999999998931,1,2020,2
SL,-1.0,-1.8823529411766828,1.6999999999995907,1,2020,0
SL,-1.0,-1.1181102362204767,12.699999999999534,-1,2020,5
TP,2.0,1.885496183206107,13.100000000000023,-1,2020,18
TP,2.0,1.8235294117647225,8.500000000000796,-1,2020,0
SL,-1.0,-1.3061224489796395,4.899999999999238,1,2020,8
TP,2.0,1.6428571428571563,4.200000000000159,-1,2020,11
SL,-1.0,-2.363636363636899,1.099999999999568,1,2020,12
SL,-1.0,-1.157894736842107,9.499999999999886,-1,2020,13
fuera,-0.6243902439024448,-0.6975609756097625,20.49999999999983,-1,2020,14
TP,2.0,1.7368421052631022,5.699999999998795,1,2020,15
SL,-1.0,-1.1704545454545299,8.800000000000807,1,2020,21
SL,-1.0,-1.3061224489796395,4.899999999999238,-1,2020,23
SL,-1.0,-1.416666666666651,3.6000000000001364,1,2020,0
TP,2.0,1.8872180451127782,13.299999999999557,-1,2020,0
TP,2.0,1.8872180451127782,13.299999999999557,-1,2020,0
SL,-1.0,-1.3409090909090047,4.400000000001114,-1,2020,1
SL,-1.0,-1.202702702702708,7.399999999999807,1,2020,4
SL,-1.0,-1.1744186046511658,8.599999999999852,1,2020,7
SL,-1.0,-1.1744186046511658,8.599999999999852,1,2020,7
TP,2.0,1.8880597014925375,13.400000000000034,-1,2020,9
TP,2.0,1.8880597014925375,13.400000000000034,-1,2020,9
TP,2.0,1.9392712550607287,24.69999999999999,-1,2020,0
SL,-1.0,-1.1807228915662686,8.29999999999984,-1,2020,0
TP,2.0,1.9429657794676818,26.300000000000523,1,2020,1
SL,-1.0,-1.12500000000001,11.999999999999034,-1,2020,18
SL,-1.0,-1.12500000000001,11.999999999999034,-1,2020,18
SL,-1.0,-1.0903614457831343,16.59999999999968,1,2020,19
SL,-1.0,-1.0903614457831343,16.59999999999968,1,2020,19
SL,-1.0,-1.2238805970149484,6.6999999999993065,-1,2020,0
TP,2.0,1.6739130434782061,4.599999999999227,1,2020,4
TP,2.0,1.8913043478260798,13.799999999999102,-1,2020,8
TP,2.0,1.8913043478260798,13.799999999999102,-1,2020,8
SL,-1.0,-1.2307692307692388,6.499999999999773,1,2020,9
SL,-1.0,-1.2459016393442912,6.099999999999284,1,2020,0
TP,2.0,1.8000000000000076,7.500000000000284,-1,2020,4
fuera,-0.5589123867069503,-0.6042296072507566,33.10000000000031,1,2020,13
SL,-1.0,-1.4411764705881571,3.4000000000006025,-1,2020,13
fuera,0.5864661654135757,0.47368421052635384,13.299999999999557,-1,2020,15
SL,-1.0,-1.089820359281444,16.699999999998738,-1,2020,0
TP,2.0,1.7794117647058754,6.799999999999784,1,2020,1
SL,-1.0,-1.111111111111107,13.500000000000512,-1,2020,9
TP,2.0,1.7945205479451867,7.299999999999329,1,2020,17
TP,2.0,0.49999999999863576,0.9999999999990905,-1,2020,23
TP,2.0,1.736842105263168,5.700000000000216,-1,2020,0
SL,-1.0,-2.5000000000013642,0.9999999999990905,1,2020,1
SL,-1.0,-3.999999999994202,0.5000000000009663,-1,2020,2
TP,2.0,1.8846153846153806,12.999999999999545,1,2020,6
TP,2.0,1.8846153846153806,12.999999999999545,1,2020,6
TP,2.0,1.8404255319149077,9.40000000000083,1,2020,7
SL,-1.0,-1.0967741935483863,15.500000000000114,1,2020,8
TP,2.0,1.7727272727272814,6.60000000000025,1,2020,8
TP,2.0,1.9044585987261125,15.699999999999648,-1,2020,14
SL,-1.0,-1.2173913043478626,6.89999999999884,1,2020,15
SL,-1.0,-1.1219512195122046,12.299999999999045,-1,2020,16
SL,-1.0,-1.1219512195122046,12.299999999999045,-1,2020,16
SL,-1.0,-1.272727272727239,5.500000000000682,1,2020,18
SL,-1.0,-1.326086956521693,4.600000000000648,1,2020,22
SL,-1.0,-1.1293103448275865,11.599999999999966,-1,2020,22
TP,2.0,1.88,12.5,1,2020,0
TP,2.0,1.88,12.5,1,2020,0
TP,2.0,1.88,12.5,1,2020,0
SL,-1.0,-1.1363636363636371,10.999999999999943,1,2020,1
SL,-1.0,-1.2173913043478177,6.9000000000002615,-1,2020,2
SL,-1.0,-1.2173913043478177,6.9000000000002615,-1,2020,2
SL,-1.0,-1.1530612244897975,9.799999999999898,1,2020,10
SL,-1.0,-1.0239234449760768,62.699999999999534,1,2020,13
SL,-1.0,-1.0239234449760768,62.699999999999534,1,2020,13
SL,-1.0,-1.093750000000002,15.999999999999659,-1,2020,15
SL,-1.0,-1.093750000000002,15.999999999999659,-1,2020,15
SL,-1.0,-1.050505050505051,29.699999999999704,1,2020,16
SL,-1.0,-1.050505050505051,29.699999999999704,1,2020,16
SL,-1.0,-1.1086956521739202,13.799999999999102,-1,2020,0
SL,-1.0,-1.0914634146341455,16.400000000000148,1,2020,1
TP,2.0,1.967880085653105,46.699999999999875,-1,2020,5
TP,2.0,1.967880085653105,46.699999999999875,-1,2020,5
SL,-1.0,-1.2272727272727186,6.60000000000025,1,2020,7
TP,2.0,1.9433962264150946,26.500000000000057,-1,2020,8
TP,2.0,1.9433962264150946,26.500000000000057,-1,2020,8
TP,2.0,1.9433962264150946,26.500000000000057,-1,2020,8
SL,-1.0,-1.0847457627118613,17.70000000000067,1,2020,9
TP,2.0,1.9268292682926824,20.49999999999983,-1,2020,9
TP,2.0,1.9268292682926824,20.49999999999983,-1,2020,9
TP,2.0,1.9268292682926824,20.49999999999983,-1,2020,9
fuera,-0.014742014742015428,-0.0515970515970526,40.69999999999965,-1,2020,10
SL,-1.0,-1.0517241379310334,29.000000000000625,1,2020,22
TP,2.0,1.9006622516556266,15.099999999999625,-1,2020,22
TP,2.0,1.8660714285714224,11.199999999999477,-1,2020,23
TP,2.0,1.8672566371681412,11.299999999999955,1,2020,0
SL,-1.0,-1.1428571428571568,10.499999999998977,-1,2020,1
TP,2.0,1.9147727272727282,17.600000000000193,1,2020,4
SL,-1.0,-1.0842696629213495,17.799999999999727,1,2020,7
SL,-1.0,-1.1401869158878513,10.699999999999932,1,2020,8
SL,-1.0,-1.1401869158878513,10.699999999999932,1,2020,8
SL,-1.0,-1.066079295154184,22.700000000000387,-1,2020,15
SL,-1.0,-1.2777777777777672,5.400000000000205,-1,2020,16
SL,-1.0,-1.0714285714285687,21.000000000000796,-1,2020,0
SL,-1.0,-1.12500000000001,11.999999999999034,-1,2020,1
TP,2.0,1.3750000000000238,2.400000000000091,1,2020,2
TP,2.0,1.8214285714285783,8.400000000000318,1,2020,10
SL,-1.0,-1.1807228915662686,8.29999999999984,1,2020,11
SL,-1.0,-1.1034482758620718,14.499999999999602,-1,2020,14
SL,-1.0,-1.2272727272727675,6.599999999998829,-1,2020,1
TP,2.0,1.8979591836734633,14.699999999999136,1,2020,8
TP,2.0,1.8979591836734633,14.699999999999136,1,2020,8
SL,-1.0,-1.192307692307685,7.800000000000296,-1,2020,9
SL,-1.0,-1.6818181818184494,2.199999999999136,-1,2020,4
SL,-1.0,-1.098684210526315,15.200000000000102,1,2020,9
SL,-1.0,-1.1401869158878513,10.699999999999932,1,2020,14
SL,-1.0,-1.1219512195122046,12.299999999999045,1,2020,15
SL,-1.0,-1.1388888888888835,10.80000000000041,-1,2020,15
SL,-1.0,-1.211267605633809,7.099999999999795,-1,2020,17
TP,2.0,1.785714285714265,6.999999999999318,1,2020,0
SL,-1.0,-1.1829268292683068,8.199999999999363,-1,2020,0
SL,-1.0,-1.202702702702708,7.399999999999807,1,2020,1
SL,-1.0,-1.0604838709677409,24.800000000000466,1,2020,12
fuera,0.2564102564102564,0.12820512820513305,11.700000000000443,-1,2020,16
SL,-1.0,-1.2000000000000304,7.499999999998863,1,2020,23
SL,-1.0,-1.1530612244897975,9.799999999999898,1,2020,0
SL,-1.0,-1.1530612244897975,9.799999999999898,1,2020,0
SL,-1.0,-1.1595744680850923,9.40000000000083,-1,2020,1
SL,-1.0,-1.1595744680850923,9.40000000000083,-1,2020,1
SL,-1.0,-1.3749999999999414,4.000000000000625,1,2020,7
SL,-1.0,-1.1785714285714217,8.400000000000318,-1,2020,7
SL,-1.0,-1.3658536585364869,4.100000000001103,1,2020,10
TP,2.0,1.5454545454545627,3.300000000000125,-1,2020,0
SL,-1.0,-1.2343749999999738,6.400000000000716,1,2020,1
SL,-1.0,-3.1428571428556116,0.7000000000005002,1,2020,6
SL,-1.0,-1.19230769230772,7.7999999999988745,1,2020,9
TP,2.0,1.7945205479452266,7.30000000000075,-1,2020,10
SL,-1.0,-1.0510204081632635,29.400000000001114,-1,2020,12
SL,-1.0,-1.0510204081632635,29.400000000001114,-1,2020,12
SL,-1.0,-1.0510204081632635,29.400000000001114,-1,2020,12
SL,-1.0,-1.0510204081632635,29.400000000001114,-1,2020,12
SL,-1.0,-1.2238805970149484,6.6999999999993065,1,2020,18
SL,-1.0,-1.3409090909091148,4.399999999999693,1,2020,19
SL,-1.0,-1.0980392156862708,15.30000000000058,1,2020,22
SL,-1.0,-1.1219512195121906,12.300000000000466,-1,2020,6
TP,2.0,1.8623853211009287,10.900000000000887,1,2020,7
SL,-1.0,-1.263157894736832,5.700000000000216,-1,2020,8
TP,2.0,1.8101265822784653,7.899999999999352,1,2020,9
SL,-1.0,-1.8823529411766828,1.6999999999995907,-1,2020,9
TP,2.0,1.8101265822784995,7.900000000000773,1,2020,10
SL,-1.0,-1.1685393258426724,8.900000000001285,1,2020,11
SL,-1.0,-1.2205882352941246,6.799999999999784,-1,2020,12
SL,-1.0,-1.1595744680851163,9.399999999999409,1,2020,14
fuera,0.2184873949580715,0.09243697479000404,11.899999999999977,-1,2020,0
fuera,0.2184873949580715,0.09243697479000404,11.899999999999977,-1,2020,0
SL,-1.0,-1.4285714285714703,3.499999999999659,-1,2020,3
SL,-1.0,-1.3260869565217939,4.599999999999227,1,2020,4
SL,-1.0,-1.2586206896552048,5.799999999999272,-1,2020,7
SL,-1.0,-1.4054054054054939,3.699999999999193,1,2020,14
TP,2.0,1.7272727272726907,5.499999999999261,1,2020,0
SL,-1.0,-1.1851851851852107,8.099999999998886,1,2020,7
TP,2.0,1.5588235294118429,3.4000000000006025,-1,2020,10
SL,-1.0,-1.2459016393442912,6.099999999999284,-1,2020,13
SL,-1.0,-1.7142857142856873,2.1000000000000796,-1,2020,22
SL,-1.0,-1.3488372093023893,4.299999999999216,1,2020,23
TP,2.0,1.3750000000000238,2.400000000000091,-1,2020,0
SL,-1.0,-1.6000000000002046,2.4999999999991473,1,2020,3
SL,-1.0,-1.4411764705883414,3.3999999999991815,-1,2020,4
SL,-1.0,-1.4411764705883414,3.3999999999991815,-1,2020,4
SL,-1.0,-1.283018867924543,5.299999999999727,1,2020,5
SL,-1.0,-1.2205882352940784,6.800000000001205,-1,2020,7
SL,-1.0,-1.1704545454545574,8.799999999999386,1,2020,8
TP,2.0,1.9392712550607287,24.69999999999999,-1,2020,13
TP,2.0,1.9392712550607287,24.69999999999999,-1,2020,13
SL,-1.0,-1.1724137931034417,8.70000000000033,1,2020,8
TP,2.0,1.861111111111098,10.799999999998988,-1,2020,9
TP,2.0,1.80769230769228,7.7999999999988745,-1,2020,11
SL,-1.0,-1.1724137931034417,8.70000000000033,1,2020,0
SL,-1.0,-1.1530612244897975,9.799999999999898,-1,2020,1
SL,-1.0,-1.2272727272727675,6.599999999998829,1,2020,6
SL,-1.0,-1.1595744680851163,9.399999999999409,-1,2020,7
SL,-1.0,-1.1973684210526487,7.599999999999341,-1,2020,0
SL,-1.0,-1.1515151515151458,9.900000000000375,1,2020,1
SL,-1.0,-1.1086956521739089,13.800000000000523,-1,2020,8
fuera,0.0842105263158934,-0.07368421052621374,9.499999999999886,1,2020,18
SL,-1.0,-1.1704545454545574,8.799999999999386,1,2020,21
SL,-1.0,-1.2678571428571552,5.5999999999997385,-1,2020,22
TP,2.0,1.8809523809523854,12.600000000000477,-1,2020,0
TP,2.0,1.8809523809523854,12.600000000000477,-1,2020,0
TP,2.0,1.8295454545454701,8.800000000000807,-1,2020,1
TP,2.0,0.9285714285711066,1.3999999999995794,1,2020,3
SL,-1.0,-1.1027397260273968,14.60000000000008,-1,2020,7
fuera,1.2564102564102642,1.2243589743589824,46.80000000000035,1,2020,13
fuera,1.2564102564102642,1.2243589743589824,46.80000000000035,1,2020,13
fuera,1.2564102564102642,1.2243589743589824,46.80000000000035,1,2020,13
SL,-1.0,-1.0506756756756745,29.600000000000648,-1,2020,13
SL,-1.0,-1.0506756756756745,29.600000000000648,-1,2020,13
SL,-1.0,-1.093750000000002,15.999999999999659,-1,2020,1
SL,-1.0,-1.093750000000002,15.999999999999659,-1,2020,1
SL,-1.0,-1.5357142857141748,2.80000000000058,1,2020,3
TP,2.0,1.7222222222222328,5.400000000000205,1,2020,6
TP,2.0,1.583333333333349,3.6000000000001364,1,2020,10
SL,-1.0,-1.241935483870977,6.199999999999761,-1,2020,13
TP,2.0,1.94,25.0,1,2020,14
TP,2.0,1.94,25.0,1,2020,14
TP,2.0,1.94,25.0,1,2020,14
SL,-1.0,-1.1562500000000173,9.599999999998943,1,2020,0
SL,-1.0,-1.2205882352940784,6.800000000001205,-1,2020,0
SL,-1.0,-1.1530612244897975,9.799999999999898,1,2020,1
SL,-1.0,-1.3000000000000171,4.999999999999716,-1,2020,4
SL,-1.0,-1.1428571428571375,10.500000000000398,-1,2020,11
SL,-1.0,-1.2054794520548133,7.299999999999329,1,2020,0
TP,2.0,1.5588235294118429,3.4000000000006025,-1,2020,0
TP,2.0,1.761904761904771,6.300000000000239,-1,2020,2
fuera,-0.248175182481795,-0.35766423357668514,13.700000000000045,1,2020,13
SL,-1.0,-1.0652173913043468,23.000000000000398,1,2020,21
SL,-1.0,-1.0652173913043468,23.000000000000398,1,2020,21
SL,-1.0,-1.0746268656716442,20.09999999999934,-1,2020,0
SL,-1.0,-1.0746268656716442,20.09999999999934,-1,2020,0
SL,-1.0,-1.0746268656716442,20.09999999999934,-1,2020,0
SL,-1.0,-1.2083333333333255,7.200000000000273,1,2020,1
SL,-1.0,-1.1704545454545574,8.799999999999386,1,2020,13
SL,-1.0,-1.0824175824175815,18.200000000000216,1,2020,14
SL,-1.0,-1.2205882352941246,6.799999999999784,-1,2020,0
TP,2.0,1.8275862068965583,8.70000000000033,1,2020,1
SL,-1.0,-1.3658536585366137,4.099999999999682,-1,2020,1
TP,2.0,1.788732394366191,7.099999999999795,1,2020,2
SL,-1.0,-1.4687500000000515,3.1999999999996476,-1,2020,2
TP,2.0,1.8255813953488342,8.599999999999852,1,2020,4
SL,-1.0,-1.3061224489796395,4.899999999999238,-1,2020,6
SL,-1.0,-1.3061224489796395,4.899999999999238,-1,2020,6
SL,-1.0,-1.3061224489796395,4.899999999999238,-1,2020,6
SL,-1.0,-1.10948905109489,13.700000000000045,1,2020,8
SL,-1.0,-1.1027397260273968,14.60000000000008,1,2020,0
SL,-1.0,-1.1027397260273968,14.60000000000008,1,2020,0
SL,-1.0,-1.1027397260273968,14.60000000000008,1,2020,0
SL,-1.0,-1.1027397260273968,14.60000000000008,1,2020,0
TP,2.0,1.8636363636363629,10.999999999999943,-1,2020,1
TP,2.0,1.8636363636363629,10.999999999999943,-1,2020,1
TP,2.0,1.8453608247422588,9.69999999999942,-1,2020,2
TP,2.0,1.8453608247422588,9.69999999999942,-1,2020,2
SL,-1.0,-1.1209677419354747,12.400000000000944,-1,2020,4
SL,-1.0,-1.1020408163265367,14.699999999999136,1,2020,6
SL,-1.0,-1.1020408163265367,14.699999999999136,1,2020,6
SL,-1.0,-1.312499999999988,4.800000000000182,-1,2020,20
SL,-1.0,-1.2419354838709216,6.200000000001182,1,2020,0
SL,-1.0,-1.4545454545454373,3.300000000000125,-1,2020,4
SL,-1.0,-1.10948905109489,13.700000000000045,1,2020,13
SL,-1.0,-1.10948905109489,13.700000000000045,1,2020,13
SL,-1.0,-1.10948905109489,13.700000000000045,1,2020,13
TP,2.0,1.7826086956521374,6.89999999999884,-1,2020,14
TP,2.0,1.7826086956521374,6.89999999999884,-1,2020,14
TP,2.0,1.7826086956521374,6.89999999999884,-1,2020,14
TP,2.0,1.8684210526315839,11.400000000000432,-1,2020,4
fuera,-0.5314533622559605,-0.5639913232104065,46.10000000000127,-1,2020,5
fuera,-0.5314533622559605,-0.5639913232104065,46.10000000000127,-1,2020,5
fuera,-0.5314533622559605,-0.5639913232104065,46.10000000000127,-1,2020,5
fuera,-0.5314533622559605,-0.5639913232104065,46.10000000000127,-1,2020,5
fuera,-0.5314533622559605,-0.5639913232104065,46.10000000000127,-1,2020,5
SL,-1.0,-1.1442307692307703,10.39999999999992,1,2020,14
SL,-1.0,-1.1442307692307703,10.39999999999992,1,2020,14
fuera,0.6008771929824354,0.5350877192982273,22.800000000000864,1,2020,21
fuera,0.6008771929824354,0.5350877192982273,22.800000000000864,1,2020,21
fuera,0.6008771929824354,0.5350877192982273,22.800000000000864,1,2020,21
fuera,0.6008771929824354,0.5350877192982273,22.800000000000864,1,2020,21
SL,-1.0,-1.1666666666666603,9.000000000000341,-1,2020,1
SL,-1.0,-1.272727272727239,5.500000000000682,1,2020,6
TP,2.0,1.6250000000000586,4.000000000000625,-1,2020,8
SL,-1.0,-1.1973684210526487,7.599999999999341,1,2020,15
SL,-1.0,-1.3409090909090047,4.400000000001114,-1,2020,15
SL,-1.0,-1.3409090909090047,4.400000000001114,-1,2020,15
SL,-1.0,-1.2941176470588123,5.100000000000193,1,2020,16
SL,-1.0,-1.2941176470588123,5.100000000000193,1,2020,16
SL,-1.0,-1.211267605633809,7.099999999999795,1,2020,0
SL,-1.0,-1.3488372093023893,4.299999999999216,-1,2020,0
TP,2.0,1.3181818181819909,2.200000000000557,-1,2020,3
SL,-1.0,-1.13513513513513,11.10000000000042,-1,2020,8
SL,-1.0,-1.1500000000000086,9.999999999999432,1,2020,10
TP,2.0,1.8514851485148502,10.099999999999909,1,2020,19
SL,-1.0,-1.3947368421052975,3.7999999999996703,-1,2020,0
TP,2.0,1.5833333333331847,3.5999999999987153,1,2020,3
SL,-1.0,-1.937499999999687,1.6000000000005343,-1,2020,4
TP,2.0,1.6052631578947025,3.7999999999996703,1,2020,5
TP,2.0,1.6052631578947025,3.7999999999996703,1,2020,5
SL,-1.0,-1.4285714285712963,3.50000000000108,-1,2020,6
fuera,0.5314685314685822,0.4265734265734778,14.300000000000068,1,2020,7
SL,-1.0,-1.3191489361702329,4.699999999999704,1,2020,0
SL,-1.0,-1.1630434782608718,9.199999999999875,-1,2020,1
fuera,1.3135593220338053,1.1864406779660186,11.80000000000092,-1,2020,13
fuera,0.544554455445617,0.3960396039604671,10.099999999999909,-1,2020,14
SL,-1.0,-1.1415094339622713,10.599999999999454,1,2020,15
SL,-1.0,-1.3658536585366137,4.099999999999682,-1,2020,19
SL,-1.0,-1.3658536585366137,4.099999999999682,-1,2020,19
TP,2.0,1.7500000000000095,6.000000000000227,-1,2020,21
TP,2.0,1.7500000000000095,6.000000000000227,-1,2020,21
SL,-1.0,-1.4411764705881571,3.4000000000006025,-1,2020,23
SL,-1.0,-1.5555555555555345,2.7000000000001023,1,2020,0
TP,2.0,1.61538461538463,3.900000000000148,-1,2020,0
SL,-1.0,-1.182926829268275,8.200000000000784,1,2020,1
TP,2.0,1.8314606741573007,8.899999999999864,-1,2020,2
TP,2.0,1.8314606741573007,8.899999999999864,-1,2020,2
TP,2.0,1.745762711864396,5.89999999999975,1,2020,4
SL,-1.0,-1.3488372093022738,4.300000000000637,-1,2020,6
SL,-1.0,-1.1999999999999924,7.500000000000284,1,2020,13
TP,2.0,1.6341463414633863,4.099999999999682,-1,2020,13
TP,2.0,1.6341463414633863,4.099999999999682,-1,2020,13
TP,2.0,1.8333333333333397,9.000000000000341,-1,2020,14
SL,-1.0,-1.1415094339622713,10.599999999999454,-1,2020,12
SL,-1.0,-1.1415094339622713,10.599999999999454,-1,2020,12
SL,-1.0,-1.3750000000000746,3.999999999999204,-1,2020,0
SL,-1.0,-1.4545454545454373,3.300000000000125,1,2020,1
SL,-1.0,-1.28846153846158,5.19999999999925,-1,2020,1
SL,-1.0,-1.1249999999999953,12.000000000000455,1,2020,8
SL,-1.0,-1.3947368421052975,3.7999999999996703,1,2020,1
SL,-1.0,-1.4054054054053382,3.700000000000614,1,2020,2
TP,2.0,1.4230769230768399,2.599999999999625,-1,2020,2
SL,-1.0,-1.3409090909090047,4.400000000001114,-1,2020,4
SL,-1.0,-1.3846153846155103,3.8999999999987267,-1,2020,23
SL,-1.0,-1.1229508196721312,12.199999999999989,-1,2020,0
SL,-1.0,-1.1229508196721312,12.199999999999989,-1,2020,0
SL,-1.0,-1.1229508196721312,12.199999999999989,-1,2020,0
SL,-1.0,-1.2884615384615012,5.200000000000671,1,2020,10
SL,-1.0,-1.283018867924543,5.299999999999727,-1,2020,11
SL,-1.0,-1.1415094339622525,10.600000000000875,1,2020,14
SL,-1.0,-1.1415094339622525,10.600000000000875,1,2020,14
SL,-1.0,-1.1428571428571375,10.500000000000398,1,2020,0
SL,-1.0,-1.1428571428571375,10.500000000000398,1,2020,0
SL,-1.0,-1.1428571428571375,10.500000000000398,1,2020,0
SL,-1.0,-1.1428571428571375,10.500000000000398,1,2020,0
TP,2.0,1.8275862068965583,8.70000000000033,-1,2020,17
TP,2.0,1.8275862068965583,8.70000000000033,-1,2020,17
TP,2.0,1.8275862068965583,8.70000000000033,-1,2020,17
SL,-1.0,-1.5769230769231601,2.599999999999625,1,2020,18
SL,-1.0,-1.4411764705881571,3.4000000000006025,-1,2020,18
TP,2.0,1.8660714285714224,11.199999999999477,-1,2020,0
TP,2.0,1.8660714285714224,11.199999999999477,-1,2020,0
TP,2.0,1.8660714285714224,11.199999999999477,-1,2020,0
TP,2.0,1.7580645161290784,6.200000000001182,-1,2020,3
SL,-1.0,-1.5357142857144468,2.7999999999991587,-1,2020,4
SL,-1.0,-1.5769230769228448,2.600000000001046,1,2020,5
TP,2.0,1.9305555555555536,21.599999999999397,-1,2020,7
TP,2.0,1.9305555555555536,21.599999999999397,-1,2020,7
SL,-1.0,-1.0731707317073176,20.49999999999983,1,2020,0
SL,-1.0,-1.4687499999998435,3.2000000000010687,-1,2020,3
SL,-1.0,-1.2941176470588123,5.100000000000193,1,2020,5
SL,-1.0,-1.1470588235294061,10.200000000000387,-1,2020,6
SL,-1.0,-1.119047619047628,12.599999999999056,1,2020,11
SL,-1.0,-1.6521739130435877,2.2999999999996135,1,2020,0
SL,-1.0,-1.2499999999999905,6.000000000000227,-1,2020,1
TP,2.0,1.8846153846153806,12.999999999999545,-1,2020,8
TP,2.0,1.8846153846153806,12.999999999999545,-1,2020,8
SL,-1.0,-1.2173913043478177,6.9000000000002615,1,2020,9
SL,-1.0,-1.2173913043478177,6.9000000000002615,1,2020,9
TP,2.0,1.8295454545454701,8.800000000000807,-1,2020,13
SL,-1.0,-1.1829268292683068,8.199999999999363,-1,2020,14
SL,-1.0,-1.2272727272727186,6.60000000000025,1,2020,17
TP,2.0,1.8192771084337314,8.29999999999984,-1,2020,0
SL,-1.0,-1.12,12.5,-1,2020,1
SL,-1.0,-1.1239669421487652,12.099999999999511,1,2020,23
SL,-1.0,-1.0877192982456108,17.100000000000648,1,2020,0
TP,2.0,1.7540983606557088,6.099999999999284,-1,2020,5
SL,-1.0,-1.8823529411766828,1.6999999999995907,1,2020,8
SL,-1.0,-1.4285714285714703,3.499999999999659,-1,2020,9
SL,-1.0,-1.0649350649350624,23.100000000000875,1,2020,14
SL,-1.0,-1.0649350649350624,23.100000000000875,1,2020,14
SL,-1.0,-1.0649350649350624,23.100000000000875,1,2020,14
SL,-1.0,-1.0649350649350624,23.100000000000875,1,2020,14
TP,2.0,1.7826086956521823,6.9000000000002615,-1,2020,18
TP,2.0,1.7826086956521823,6.9000000000002615,-1,2020,18
TP,2.0,1.8333333333333397,9.000000000000341,-1,2020,0
TP,2.0,1.7794117647059216,6.800000000001205,-1,2020,3
TP,2.0,1.89051094890511,13.700000000000045,1,2020,8
SL,-1.0,-1.1948051948051994,7.699999999999818,1,2020,12
SL,-1.0,-1.0961538461538514,15.59999999999917,-1,2020,12
SL,-1.0,-1.0961538461538514,15.59999999999917,-1,2020,12
fuera,-0.6157894736841665,-0.69473684210522,18.999999999999773,-1,2020,14
fuera,0.12871287128704095,-0.019801980198108887,10.099999999999909,1,2020,16
fuera,0.12871287128704095,-0.019801980198108887,10.099999999999909,1,2020,16
SL,-1.0,-1.1327433628318588,11.299999999999955,-1,2020,23
SL,-1.0,-1.0914634146341455,16.400000000000148,1,2020,0
SL,-1.0,-1.0914634146341455,16.400000000000148,1,2020,0
SL,-1.0,-1.0914634146341455,16.400000000000148,1,2020,0
SL,-1.0,-1.283018867924467,5.300000000001148,-1,2020,1
SL,-1.0,-1.283018867924467,5.300000000001148,-1,2020,1
SL,-1.0,-1.283018867924543,5.299999999999727,-1,2020,2
SL,-1.0,-1.1485148514851498,10.099999999999909,1,2020,7
TP,2.0,1.8706896551724135,11.599999999999966,-1,2020,9
SL,-1.0,-1.2459016393442912,6.099999999999284,1,2020,0
SL,-1.0,-1.2459016393442912,6.099999999999284,1,2020,0
TP,2.0,1.6511627906976107,4.299999999999216,-1,2020,1
SL,-1.0,-1.3947368421052975,3.7999999999996703,1,2020,2
TP,2.0,1.4444444444444655,2.7000000000001023,-1,2020,2
SL,-1.0,-1.1515151515151676,9.899999999998954,-1,2020,6
TP,2.0,1.8255813953488342,8.599999999999852,1,2020,7
TP,2.0,1.8255813953488342,8.599999999999852,1,2020,7
SL,-1.0,-1.2272727272727186,6.60000000000025,-1,2020,7
TP,2.0,1.6808510638297671,4.699999999999704,1,2020,8
SL,-1.0,-1.1898734177215347,7.899999999999352,-1,2020,16
SL,-1.0,-1.4054054054053382,3.700000000000614,-1,2020,17
TP,2.0,1.948979591836734,29.399999999999693,1,2020,0
TP,2.0,1.948979591836734,29.399999999999693,1,2020,0
TP,2.0,1.948979591836734,29.399999999999693,1,2020,0
SL,-1.0,-1.098684210526315,15.200000000000102,-1,2020,1
SL,-1.0,-1.098684210526315,15.200000000000102,-1,2020,1
SL,-1.0,-1.098684210526315,15.200000000000102,-1,2020,1
SL,-1.0,-1.0227963525835866,65.80000000000013,1,2020,2
SL,-1.0,-1.0227963525835866,65.80000000000013,1,2020,2
SL,-1.0,-1.0227963525835866,65.80000000000013,1,2020,2
SL,-1.0,-1.0227963525835866,65.80000000000013,1,2020,2
SL,-1.0,-1.0227963525835866,65.80000000000013,1,2020,2
TP,2.0,1.9493243243243255,29.600000000000648,-1,2020,4
TP,2.0,1.948096885813149,28.900000000000148,-1,2020,10
TP,2.0,1.9162011173184368,17.900000000000205,-1,2020,11
TP,2.0,1.9162011173184368,17.900000000000205,-1,2020,11
SL,-1.0,-1.1219512195121906,12.300000000000466,-1,2020,12
SL,-1.0,-1.0819672131147573,18.299999999999272,-1,2020,0
SL,-1.0,-1.0852272727272718,17.600000000000193,-1,2020,10
SL,-1.0,-1.0852272727272718,17.600000000000193,-1,2020,10
SL,-1.0,-1.1546391752577412,9.69999999999942,1,2020,11
SL,-1.0,-1.0931677018633532,16.100000000000136,-1,2020,3
SL,-1.0,-1.1136363636363593,13.2000000000005,1,2020,5
TP,2.0,1.8499999999999914,9.999999999999432,1,2020,0
SL,-1.0,-1.187500000000004,7.9999999999998295,-1,2020,1
TP,2.0,1.8846153846153806,12.999999999999545,1,2020,4
TP,2.0,1.9730700179533214,55.700000000000216,1,2020,11
TP,2.0,1.9730700179533214,55.700000000000216,1,2020,11
fuera,0.6328502415458925,0.6147342995169071,82.8000000000003,1,2020,12
fuera,0.6328502415458925,0.6147342995169071,82.8000000000003,1,2020,12
fuera,0.6328502415458925,0.6147342995169071,82.8000000000003,1,2020,12
SL,-1.0,-1.0757575757575784,19.79999999999933,1,2020,15
TP,2.0,1.8636363636363629,10.999999999999943,-1,2020,22
SL,-1.0,-1.4687500000000515,3.1999999999996476,-1,2020,9
SL,-1.0,-1.0920245398773025,16.29999999999967,1,2020,10
SL,-1.0,-1.1006711409395966,14.900000000000091,1,2020,8
SL,-1.0,-1.16483516483515,9.100000000000819,-1,2020,9
TP,2.0,1.7222222222222328,5.400000000000205,-1,2020,15
SL,-1.0,-1.0828729281767968,18.09999999999974,-1,2020,0
SL,-1.0,-1.0828729281767968,18.09999999999974,-1,2020,0
SL,-1.0,-1.1442307692307703,10.39999999999992,1,2020,7
SL,-1.0,-1.1442307692307703,10.39999999999992,1,2020,7
fuera,0.7514450867051681,0.6647398843930302,17.300000000000182,-1,2020,13
SL,-1.0,-1.1034482758620718,14.499999999999602,-1,2020,1
SL,-1.0,-1.1034482758620718,14.499999999999602,-1,2020,1
SL,-1.0,-1.3750000000000746,3.999999999999204,1,2020,5
SL,-1.0,-1.3750000000000746,3.999999999999204,1,2020,5
SL,-1.0,-1.0337837837837835,44.40000000000026,1,2020,11
SL,-1.0,-1.0337837837837835,44.40000000000026,1,2020,11
SL,-1.0,-1.0337837837837835,44.40000000000026,1,2020,11
TP,2.0,1.8437499999999827,9.599999999998943,-1,2020,11
TP,2.0,1.9166666666666632,17.99999999999926,-1,2020,12
TP,2.0,1.9468085106382973,28.199999999999648,-1,2020,14
TP,2.0,1.9468085106382973,28.199999999999648,-1,2020,14
TP,2.0,1.8369565217391282,9.199999999999875,-1,2020,7
TP,2.0,1.8369565217391282,9.199999999999875,-1,2020,7
TP,2.0,1.9308755760368659,21.699999999999875,-1,2020,8
TP,2.0,1.5588235294116586,3.3999999999991815,1,2020,0
TP,2.0,1.8453608247422588,9.69999999999942,-1,2020,5
SL,-1.0,-1.6818181818184494,2.199999999999136,-1,2020,9
SL,-1.0,-1.1401869158878513,10.699999999999932,1,2020,10
TP,2.0,1.8453608247422588,9.69999999999942,-1,2020,10
fuera,0.8630136986298863,0.657534246575113,7.30000000000075,1,2020,14
TP,2.0,1.5714285714287037,3.50000000000108,1,2020,1
TP,2.0,1.5714285714287037,3.50000000000108,1,2020,1
SL,-1.0,-1.5357142857141748,2.80000000000058,-1,2020,2
SL,-1.0,-1.1442307692307703,10.39999999999992,-1,2020,10
SL,-1.0,-1.1442307692307703,10.39999999999992,-1,2020,10
TP,2.0,1.499999999999782,2.9999999999986926,1,2020,11
TP,2.0,1.9570200573065908,34.900000000000375,1,2020,14
TP,2.0,1.9570200573065908,34.900000000000375,1,2020,14
SL,-1.0,-1.2678571428571552,5.5999999999997385,-1,2020,14
fuera,-0.13863636363634807,-0.17272727272725735,43.99999999999977,1,2020,15
fuera,-0.13863636363634807,-0.17272727272725735,43.99999999999977,1,2020,15
fuera,-0.13863636363634807,-0.17272727272725735,43.99999999999977,1,2020,15
SL,-1.0,-1.0675675675675693,22.19999999999942,-1,2020,16
TP,2.0,1.6341463414633863,4.099999999999682,-1,2020,0
TP,2.0,1.7727272727272814,6.60000000000025,1,2020,9
SL,-1.0,-1.1442307692307703,10.39999999999992,-1,2020,9
TP,2.0,1.825581395348863,8.600000000001273,1,2020,10
SL,-1.0,-1.1034482758620616,14.500000000001023,1,2020,13
TP,2.0,1.8623853211009287,10.900000000000887,-1,2020,8
SL,-1.0,-1.3658536585366137,4.099999999999682,1,2020,9
fuera,0.24516129032255757,0.14838709677417117,15.500000000000114,-1,2020,0
fuera,0.24516129032255757,0.14838709677417117,15.500000000000114,-1,2020,0
fuera,0.24516129032255757,0.14838709677417117,15.500000000000114,-1,2020,0
TP,2.0,1.3478260869564123,2.2999999999996135,1,2020,12
TP,2.0,1.7945205479452266,7.30000000000075,-1,2020,23
SL,-1.0,-1.065789473684208,22.800000000000864,-1,2020,0
SL,-1.0,-1.065789473684208,22.800000000000864,-1,2020,0
TP,2.0,1.7692307692307612,6.499999999999773,1,2020,2
TP,2.0,1.5945945945946618,3.700000000000614,1,2020,0
TP,2.0,1.5945945945946618,3.700000000000614,1,2020,0
SL,-1.0,-1.1685393258426993,8.899999999999864,1,2020,3
TP,2.0,1.788732394366191,7.099999999999795,-1,2020,4
TP,2.0,1.687500000000012,4.800000000000182,1,2020,8
SL,-1.0,-1.1304347826087016,11.499999999999488,-1,2020,8
SL,-1.0,-1.1304347826087016,11.499999999999488,-1,2020,8
TP,2.0,1.8706896551724135,11.599999999999966,1,2020,0
TP,2.0,1.8557692307692297,10.39999999999992,1,2020,1
SL,-1.0,-1.3191489361702329,4.699999999999704,-1,2020,3
TP,2.0,1.2857142857143127,2.1000000000000796,-1,2020,7
SL,-1.0,-1.1086956521739089,13.800000000000523,1,2020,8
TP,2.0,1.8192771084337314,8.29999999999984,-1,2020,8
SL,-1.0,-1.3333333333333206,4.5000000000001705,1,2020,9
fuera,-0.45933014354068025,-0.5311004784689088,20.90000000000032,-1,2020,12
fuera,-0.45933014354068025,-0.5311004784689088,20.90000000000032,-1,2020,12
fuera,-0.45933014354068025,-0.5311004784689088,20.90000000000032,-1,2020,12
fuera,-0.45933014354068025,-0.5311004784689088,20.90000000000032,-1,2020,12
SL,-1.0,-1.058139534883722,25.799999999999557,-1,2020,14
SL,-1.0,-1.058139534883722,25.799999999999557,-1,2020,14
SL,-1.0,-1.058139534883722,25.799999999999557,-1,2020,14
SL,-1.0,-1.1219512195121906,12.300000000000466,1,2020,17
SL,-1.0,-1.2083333333333255,7.200000000000273,1,2020,18
SL,-1.0,-1.3260869565217939,4.599999999999227,-1,2020,0
TP,2.0,1.7413793103447952,5.799999999999272,1,2020,2
SL,-1.0,-1.1229508196721312,12.199999999999989,1,2020,8
SL,-1.0,-1.1724137931034417,8.70000000000033,-1,2020,9
SL,-1.0,-1.1515151515151458,9.900000000000375,-1,2020,13
fuera,-0.11167512690358003,-0.18781725888327439,19.700000000000273,1,2020,15
fuera,-0.11167512690358003,-0.18781725888327439,19.700000000000273,1,2020,15
fuera,-0.11167512690358003,-0.18781725888327439,19.700000000000273,1,2020,15
SL,-1.0,-1.38461538461537,3.900000000000148,-1,2020,15
fuera,-0.27380952380946744,-0.45238095238088927,8.400000000000318,-1,2020,16
fuera,-0.27380952380946744,-0.45238095238088927,8.400000000000318,-1,2020,16
SL,-1.0,-1.101351351351354,14.799999999999613,1,2020,22
SL,-1.0,-1.6818181818180091,2.200000000000557,-1,2020,22
SL,-1.0,-1.499999999999981,3.0000000000001137,1,2020,23
TP,2.0,1.500000000000019,3.0000000000001137,-1,2020,23
SL,-1.0,-1.1304347826087016,11.499999999999488,-1,2020,0
SL,-1.0,-1.4838709677418431,3.100000000000591,1,2020,1
SL,-1.0,-1.38461538461537,3.900000000000148,-1,2020,2
SL,-1.0,-1.1595744680851163,9.399999999999409,1,2020,8
SL,-1.0,-1.241935483870977,6.199999999999761,-1,2020,8
SL,-1.0,-1.241935483870977,6.199999999999761,-1,2020,8
SL,-1.0,-1.241935483870977,6.199999999999761,-1,2020,8
SL,-1.0,-1.2307692307692388,6.499999999999773,1,2020,9
SL,-1.0,-1.2307692307692388,6.499999999999773,1,2020,9
SL,-1.0,-1.2307692307692388,6.499999999999773,1,2020,9
TP,2.0,1.8514851485148502,10.099999999999909,1,2020,0
SL,-1.0,-1.1948051948051994,7.699999999999818,-1,2020,9
SL,-1.0,-1.4054054054054939,3.699999999999193,1,2020,7
SL,-1.0,-1.652173913043185,2.3000000000010346,-1,2020,7
SL,-1.0,-1.652173913043185,2.3000000000010346,-1,2020,7
SL,-1.0,-1.187500000000004,7.9999999999998295,-1,2020,8
SL,-1.0,-1.187500000000004,7.9999999999998295,1,2020,16
SL,-1.0,-1.187500000000004,7.9999999999998295,1,2020,16
SL,-1.0,-1.2083333333333255,7.200000000000273,1,2020,17
TP,2.0,1.7368421052631022,5.699999999998795,-1,2020,18
TP,2.0,1.583333333333349,3.6000000000001364,1,2020,1
SL,-1.0,-1.098684210526315,15.200000000000102,1,2020,2
SL,-1.0,-1.098684210526315,15.200000000000102,1,2020,2
TP,2.0,1.8314606741573007,8.899999999999864,-1,2020,13
SL,-1.0,-1.088235294117646,17.00000000000017,-1,2020,14
SL,-1.0,-1.0909090909090953,16.499999999999204,1,2020,15
TP,2.0,1.8557692307692495,10.400000000001342,-1,2020,19
TP,2.0,1.8557692307692495,10.400000000001342,-1,2020,19
TP,2.0,1.8557692307692495,10.400000000001342,-1,2020,19
SL,-1.0,-1.3191489361701363,4.7000000000011255,1,2020,21
fuera,-0.01142857142854498,-0.09714285714283208,17.499999999999716,-1,2020,0
fuera,-0.01142857142854498,-0.09714285714283208,17.499999999999716,-1,2020,0
fuera,-0.01142857142854498,-0.09714285714283208,17.499999999999716,-1,2020,0
TP,2.0,1.7656249999999742,6.399999999999295,1,2020,1
SL,-1.0,-1.272727272727239,5.500000000000682,-1,2020,2
SL,-1.0,-1.1428571428571375,10.500000000000398,1,2020,3
SL,-1.0,-1.2205882352941246,6.799999999999784,1,2020,7
fuera,0.49999999999994177,0.37704918032781054,12.199999999999989,1,2020,15
SL,-1.0,-1.1829268292683068,8.199999999999363,-1,2020,16
SL,-1.0,-1.1973684210526487,7.599999999999341,1,2020,22
SL,-1.0,-1.1666666666666603,9.000000000000341,-1,2020,22
SL,-1.0,-1.2459016393442912,6.099999999999284,1,2020,23
SL,-1.0,-1.10948905109489,13.700000000000045,1,2020,0
SL,-1.0,-1.10948905109489,13.700000000000045,1,2020,0
TP,2.0,1.727272727272761,5.500000000000682,-1,2020,1
TP,2.0,1.727272727272761,5.500000000000682,-1,2020,1
TP,2.0,1.7916666666666745,7.200000000000273,-1,2020,7
SL,-1.0,-1.5172413793104096,2.899999999999636,1,2020,8
SL,-1.0,-1.1071428571428568,14.000000000000057,-1,2020,9
SL,-1.0,-1.1071428571428568,14.000000000000057,-1,2020,9
SL,-1.0,-1.0388601036269434,38.59999999999957,1,2020,15
SL,-1.0,-1.0388601036269434,38.59999999999957,1,2020,15
SL,-1.0,-1.1304347826087016,11.499999999999488,1,2020,0
SL,-1.0,-1.1304347826087016,11.499999999999488,1,2020,0
SL,-1.0,-1.1304347826087016,11.499999999999488,1,2020,0
SL,-1.0,-1.3409090909090047,4.400000000001114,-1,2020,1
TP,2.0,1.8000000000000076,7.500000000000284,-1,2020,9
TP,2.0,1.8295454545454426,8.799999999999386,-1,2020,10
TP,2.0,1.9122807017543892,17.100000000000648,-1,2020,13
TP,2.0,1.9122807017543892,17.100000000000648,-1,2020,13
SL,-1.0,-1.1271186440677867,11.80000000000092,1,2020,0
TP,2.0,1.8453608247422588,9.69999999999942,-1,2020,3
SL,-1.0,-1.1315789473684161,11.400000000000432,-1,2020,4
TP,2.0,1.7692307692307612,6.499999999999773,1,2020,14
TP,2.0,1.9475524475524477,28.600000000000136,-1,2020,19
TP,2.0,1.9475524475524477,28.600000000000136,-1,2020,19
TP,2.0,1.8993288590604034,14.900000000000091,-1,2020,0
SL,-1.0,-1.19230769230772,7.7999999999988745,1,2020,4
TP,2.0,1.8404255319148837,9.399999999999409,-1,2020,6
TP,2.0,1.8951048951048957,14.300000000000068,1,2020,0
fuera,1.3308823529411995,1.2205882352941373,13.599999999999568,-1,2020,8
fuera,1.3308823529411995,1.2205882352941373,13.599999999999568,-1,2020,8
SL,-1.0,-1.1209677419354747,12.400000000000944,1,2020,9
SL,-1.0,-1.0824175824175815,18.200000000000216,-1,2020,22
TP,2.0,1.71153846153842,5.19999999999925,1,2020,1
TP,2.0,1.71153846153842,5.19999999999925,1,2020,1
SL,-1.0,-1.0793650793650824,18.899999999999295,1,2020,7
SL,-1.0,-1.0793650793650824,18.899999999999295,1,2020,7
SL,-1.0,-1.0793650793650824,18.899999999999295,1,2020,7
SL,-1.0,-1.1219512195121906,12.300000000000466,-1,2020,8
SL,-1.0,-1.1219512195121906,12.300000000000466,-1,2020,8
SL,-1.0,-1.1219512195121906,12.300000000000466,-1,2020,8
SL,-1.0,-1.1219512195121906,12.300000000000466,-1,2020,8
SL,-1.0,-1.0710900473933653,21.099999999999852,1,2020,9
SL,-1.0,-1.0931677018633614,16.099999999998715,1,2020,14
SL,-1.0,-1.0931677018633614,16.099999999998715,1,2020,14
SL,-1.0,-2.8749999999977085,0.8000000000009777,-1,2020,14
SL,-1.0,-1.1086956521739089,13.800000000000523,1,2020,15
SL,-1.0,-1.1376146788990893,10.899999999999466,-1,2020,23
SL,-1.0,-1.1376146788990893,10.899999999999466,-1,2020,23
SL,-1.0,-1.1595744680851163,9.399999999999409,1,2020,0
SL,-1.0,-1.1595744680851163,9.399999999999409,1,2020,0
TP,2.0,1.7500000000000095,6.000000000000227,-1,2020,1
TP,2.0,1.758064516129023,6.199999999999761,-1,2020,2
TP,2.0,1.758064516129023,6.199999999999761,-1,2020,2
SL,-1.0,-1.211267605633809,7.099999999999795,1,2020,17
SL,-1.0,-1.211267605633809,7.099999999999795,1,2020,0
TP,2.0,1.5454545454545627,3.300000000000125,-1,2020,0
SL,-1.0,-1.272727272727239,5.500000000000682,-1,2020,2
TP,2.0,1.5714285714285297,3.499999999999659,1,2020,8
SL,-1.0,-1.2307692307692388,6.499999999999773,-1,2020,10
TP,2.0,1.7058823529411877,5.100000000000193,1,2020,11
fuera,1.6666666666668135,1.5503875968993632,12.899999999999068,-1,2020,15
SL,-1.0,-1.1415094339622713,10.599999999999454,1,2020,0
SL,-1.0,-1.1415094339622713,10.599999999999454,1,2020,0
SL,-1.0,-1.2307692307692388,6.499999999999773,-1,2020,1
SL,-1.0,-1.10948905109489,13.700000000000045,1,2020,0
SL,-1.0,-1.10948905109489,13.700000000000045,1,2020,0
TP,2.0,1.2500000000003837,2.000000000001023,-1,2020,0
SL,-1.0,-1.3125000000000806,4.799999999998761,1,2020,5
SL,-1.0,-1.161290322580639,9.300000000000352,-1,2020,5
SL,-1.0,-1.161290322580639,9.300000000000352,-1,2020,5
SL,-1.0,-1.12,12.5,1,2020,11
SL,-1.0,-1.12,12.5,1,2020,11
SL,-1.0,-1.12,12.5,1,2020,11
SL,-1.0,-1.1304347826086854,11.50000000000091,-1,2020,12
SL,-1.0,-1.1304347826086854,11.50000000000091,-1,2020,12
SL,-1.0,-1.0872093023255829,17.199999999999704,1,2020,15
SL,-1.0,-1.0872093023255829,17.199999999999704,1,2020,15
SL,-1.0,-1.192307692307685,7.800000000000296,-1,2020,23
SL,-1.0,-1.192307692307685,7.800000000000296,-1,2020,23
SL,-1.0,-1.13513513513513,11.10000000000042,1,2020,0
TP,2.0,1.687500000000012,4.800000000000182,-1,2020,1
SL,-1.0,-1.4411764705881571,3.4000000000006025,1,2020,3
SL,-1.0,-1.4411764705881571,3.4000000000006025,1,2020,3
TP,2.0,1.6511627906976107,4.299999999999216,1,2020,8
SL,-1.0,-1.3333333333333206,4.5000000000001705,-1,2020,8
SL,-1.0,-1.3333333333333206,4.5000000000001705,-1,2020,8
TP,2.0,1.8500000000000127,10.000000000000853,-1,2020,14
SL,-1.0,-1.3571428571428437,4.200000000000159,1,2020,16
SL,-1.0,-1.3571428571428437,4.200000000000159,1,2020,16
SL,-1.0,-1.2173913043478626,6.89999999999884,1,2020,0
SL,-1.0,-1.2173913043478626,6.89999999999884,1,2020,0
TP,2.0,1.843750000000006,9.600000000000364,-1,2020,0
TP,2.0,1.843750000000006,9.600000000000364,-1,2020,0
TP,2.0,1.9032258064516137,15.500000000000114,-1,2020,1
TP,2.0,1.9032258064516137,15.500000000000114,-1,2020,1
TP,2.0,1.9032258064516137,15.500000000000114,-1,2020,1
TP,2.0,1.7826086956521823,6.9000000000002615,-1,2021,23
TP,2.0,1.9250000000000012,20.000000000000284,-1,2021,0
TP,2.0,1.8351648351648242,9.099999999999397,-1,2021,2
SL,-1.0,-1.2542372881355428,5.900000000001171,-1,2021,3
SL,-1.0,-1.254237288135604,5.89999999999975,1,2021,4
TP,2.0,1.3478260869564123,2.2999999999996135,1,2021,5
SL,-1.0,-1.1546391752577412,9.69999999999942,1,2021,15
SL,-1.0,-1.326086956521693,4.600000000000648,1,2021,0
TP,2.0,1.838709677419361,9.300000000000352,-1,2021,3
TP,2.0,1.716981132075457,5.299999999999727,-1,2021,4
SL,-1.0,-1.3749999999999414,4.000000000000625,-1,2021,5
SL,-1.0,-1.1282051282051389,11.699999999999022,-1,2021,16
SL,-1.0,-1.3488372093023893,4.299999999999216,1,2021,22
TP,2.0,1.8148148148148218,8.100000000000307,1,2021,0
TP,2.0,1.88,12.5,1,2021,1
SL,-1.0,-1.3000000000000171,4.999999999999716,-1,2021,12
TP,2.0,1.9464285714285716,28.000000000000114,1,2021,13
TP,2.0,1.9464285714285716,28.000000000000114,1,2021,13
TP,2.0,1.9464285714285716,28.000000000000114,1,2021,13
SL,-1.0,-1.555555555555827,2.6999999999986812,-1,2021,13
TP,2.0,1.7222222222222328,5.400000000000205,1,2021,14
SL,-1.0,-1.0802139037433165,18.69999999999976,1,2021,15
SL,-1.0,-1.0802139037433165,18.69999999999976,1,2021,15
TP,2.0,1.8951048951048957,14.300000000000068,-1,2021,16
TP,2.0,1.8951048951048957,14.300000000000068,-1,2021,16
SL,-1.0,-1.1499999999999873,10.000000000000853,-1,2021,20
TP,2.0,1.8543689320388472,10.300000000000864,1,2021,0
TP,2.0,1.8770491803278688,12.199999999999989,1,2021,1
SL,-1.0,-1.241935483870977,6.199999999999761,-1,2021,2
TP,2.0,1.8255813953488342,8.599999999999852,1,2021,5
TP,2.0,1.907407407407411,16.200000000000614,1,2021,7
TP,2.0,1.907407407407411,16.200000000000614,1,2021,7
SL,-1.0,-1.2238805970149484,6.6999999999993065,-1,2021,8
TP,2.0,1.917582417582412,18.199999999998795,1,2021,9
SL,-1.0,-1.1376146788990893,10.899999999999466,-1,2021,1
SL,-1.0,-1.127118644067802,11.7999999999995,1,2021,7
SL,-1.0,-1.2499999999999905,6.000000000000227,-1,2021,22
SL,-1.0,-1.0852272727272787,17.599999999998772,1,2021,23
TP,2.0,0.7500000000000475,1.2000000000000455,-1,2021,23
SL,-1.0,-1.3260869565217939,4.599999999999227,-1,2021,0
SL,-1.0,-1.3260869565217939,4.599999999999227,-1,2021,0
SL,-1.0,-1.1086956521739202,13.799999999999102,1,2021,1
SL,-1.0,-1.1086956521739202,13.799999999999102,1,2021,1
TP,2.0,1.8818897637795364,12.700000000000955,-1,2021,16
TP,2.0,1.8818897637795364,12.700000000000955,-1,2021,16
TP,2.0,1.8943661971830956,14.19999999999959,-1,2021,18
TP,2.0,1.8943661971830956,14.19999999999959,-1,2021,18
TP,2.0,1.8571428571428625,10.500000000000398,-1,2021,19
SL,-1.0,-1.161290322580639,9.300000000000352,-1,2021,0
SL,-1.0,-1.145631067961173,10.299999999999443,-1,2021,1
TP,2.0,1.7727272727272814,6.60000000000025,1,2021,4
TP,2.0,1.893617021276589,14.099999999999113,1,2021,8
SL,-1.0,-1.1595744680850923,9.40000000000083,1,2021,10
SL,-1.0,-1.272727272727239,5.500000000000682,1,2021,11
SL,-1.0,-1.1401869158878513,10.699999999999932,-1,2021,12
SL,-1.0,-1.1401869158878513,10.699999999999932,-1,2021,12
TP,2.0,1.8809523809523854,12.600000000000477,1,2021,0
SL,-1.0,-1.1764705882352775,8.500000000000796,-1,2021,1
SL,-1.0,-1.0753768844221112,19.899999999999807,1,2021,2
SL,-1.0,-1.0753768844221112,19.899999999999807,1,2021,2
TP,2.0,1.9068322981366468,16.100000000000136,-1,2021,2
TP,2.0,1.9068322981366468,16.100000000000136,-1,2021,2
SL,-1.0,-1.4054054054053382,3.700000000000614,-1,2021,4
SL,-1.0,-1.2499999999999905,6.000000000000227,-1,2021,5
SL,-1.0,-1.077720207253887,19.299999999999784,-1,2021,16
TP,2.0,1.8275862068965583,8.70000000000033,1,2021,17
SL,-1.0,-1.0903614457831265,16.600000000001103,1,2021,18
SL,-1.0,-1.1744186046511658,8.599999999999852,1,2021,0
SL,-1.0,-1.1724137931034417,8.70000000000033,-1,2021,7
SL,-1.0,-1.8823529411766828,1.6999999999995907,-1,2021,14
SL,-1.0,-1.1485148514851498,10.099999999999909,1,2021,23
SL,-1.0,-1.8333333333339596,1.7999999999986471,1,2021,0
SL,-1.0,-1.1282051282051233,11.700000000000443,-1,2021,0
SL,-1.0,-1.1282051282051233,11.700000000000443,-1,2021,0
SL,-1.0,-1.7142857142856873,2.1000000000000796,1,2021,1
SL,-1.0,-1.145631067961173,10.299999999999443,-1,2021,1
SL,-1.0,-1.3947368421051498,3.8000000000010914,-1,2021,2
SL,-1.0,-1.1162790697674374,12.900000000000489,1,2021,1
SL,-1.0,-1.0672645739910318,22.299999999999898,1,2021,2
SL,-1.0,-1.0672645739910318,22.299999999999898,1,2021,2
SL,-1.0,-1.0672645739910318,22.299999999999898,1,2021,2
SL,-1.0,-1.0672645739910318,22.299999999999898,1,2021,2
SL,-1.0,-1.326086956521693,4.600000000000648,-1,2021,5
SL,-1.0,-1.1376146788990893,10.899999999999466,-1,2021,13
SL,-1.0,-1.1376146788990893,10.899999999999466,-1,2021,13
TP,2.0,1.8928571428571432,14.000000000000057,-1,2021,15
TP,2.0,1.687500000000012,4.800000000000182,-1,2021,0
TP,2.0,1.687500000000012,4.800000000000182,-1,2021,0
TP,2.0,1.7945205479451867,7.299999999999329,-1,2021,1
SL,-1.0,-1.5172413793104096,2.899999999999636,1,2021,11
SL,-1.0,-1.066079295154184,22.700000000000387,-1,2021,15
SL,-1.0,-1.066079295154184,22.700000000000387,-1,2021,15
SL,-1.0,-1.066079295154184,22.700000000000387,-1,2021,15
SL,-1.0,-1.066079295154184,22.700000000000387,-1,2021,15
SL,-1.0,-1.2499999999999905,6.000000000000227,1,2021,17
TP,2.0,1.761904761904771,6.300000000000239,-1,2021,0
TP,2.0,1.761904761904771,6.300000000000239,-1,2021,0
TP,2.0,1.761904761904771,6.300000000000239,-1,2021,0
SL,-1.0,-1.1282051282051233,11.700000000000443,-1,2021,4
SL,-1.0,-1.1111111111111187,13.49999999999909,1,2021,7
SL,-1.0,-1.5357142857141748,2.80000000000058,-1,2021,6
SL,-1.0,-1.28846153846158,5.19999999999925,1,2021,7
SL,-1.0,-1.28846153846158,5.19999999999925,1,2021,7
SL,-1.0,-1.28846153846158,5.19999999999925,1,2021,7
SL,-1.0,-1.2999999999999319,5.000000000001137,-1,2021,8
SL,-1.0,-1.2999999999999319,5.000000000001137,-1,2021,8
SL,-1.0,-1.1973684210526487,7.599999999999341,1,2021,13
fuera,0.25471698113209823,0.11320754716982681,10.599999999999454,-1,2021,14
SL,-1.0,-1.238095238095229,6.300000000000239,1,2021,0
SL,-1.0,-1.78947368421089,1.8999999999991246,-1,2021,0
SL,-1.0,-1.3409090909091148,4.399999999999693,1,2021,1
TP,2.0,1.7058823529411877,5.100000000000193,-1,2021,1
SL,-1.0,-1.263157894736832,5.700000000000216,-1,2021,5
SL,-1.0,-1.0898203592814362,16.70000000000016,1,2021,14
SL,-1.0,-1.5769230769228448,2.600000000001046,-1,2021,14
SL,-1.0,-1.2777777777777672,5.400000000000205,-1,2021,0
TP,2.0,1.5945945945946618,3.700000000000614,1,2021,2
TP,2.0,1.5945945945946618,3.700000000000614,1,2021,2
SL,-1.0,-1.1630434782608718,9.199999999999875,1,2021,7
TP,2.0,1.062500000000313,1.6000000000005343,-1,2021,7
SL,-1.0,-1.1764705882352775,8.500000000000796,-1,2021,13
SL,-1.0,-1.1764705882352775,8.500000000000796,-1,2021,13
SL,-1.0,-1.7894736842102996,1.9000000000005457,-1,2021,0
SL,-1.0,-1.7894736842102996,1.9000000000005457,-1,2021,0
SL,-1.0,-1.38461538461537,3.900000000000148,1,2021,1
SL,-1.0,-1.38461538461537,3.900000000000148,1,2021,1
SL,-1.0,-1.3488372093022738,4.300000000000637,1,2021,9
SL,-1.0,-1.2459016393442912,6.099999999999284,-1,2021,10
TP,2.0,1.8453608247422588,9.69999999999942,1,2021,11
TP,2.0,1.8453608247422588,9.69999999999942,1,2021,11
SL,-1.0,-1.3571428571428437,4.200000000000159,-1,2021,12
TP,2.0,1.8897058823529376,13.599999999999568,1,2021,13
TP,2.0,1.8897058823529376,13.599999999999568,1,2021,13
TP,2.0,1.8951048951048957,14.300000000000068,1,2021,0
SL,-1.0,-1.3488372093022738,4.300000000000637,-1,2021,0
SL,-1.0,-1.4687499999998435,3.2000000000010687,1,2021,1
SL,-1.0,-1.8333333333333017,1.8000000000000682,1,2021,0
SL,-1.0,-1.3191489361702329,4.699999999999704,-1,2021,5
fuera,0.8673469387755279,0.7908163265306292,19.599999999999795,1,2021,8
SL,-1.0,-1.3191489361702329,4.699999999999704,-1,2021,10
SL,-1.0,-1.1546391752577185,9.700000000000841,1,2021,14
SL,-1.0,-1.2343749999999738,6.400000000000716,1,2021,3
SL,-1.0,-1.1229508196721312,12.199999999999989,-1,2021,8
SL,-1.0,-1.38461538461537,3.900000000000148,-1,2021,11
SL,-1.0,-1.2586206896551415,5.8000000000006935,1,2021,12
SL,-1.0,-1.1666666666666603,9.000000000000341,-1,2021,0
SL,-1.0,-1.555555555555827,2.6999999999986812,1,2021,1
SL,-1.0,-1.5999999999998635,2.5000000000005684,1,2021,7
TP,2.0,1.807692307692315,7.800000000000296,1,2021,0
TP,2.0,1.754098360655766,6.100000000000705,1,2021,3
SL,-1.0,-1.3191489361702329,4.699999999999704,-1,2021,5
SL,-1.0,-1.2727272727273093,5.499999999999261,1,2021,6
SL,-1.0,-1.2678571428570873,5.60000000000116,-1,2021,11
SL,-1.0,-1.1764705882352775,8.500000000000796,1,2021,12
TP,2.0,1.785714285714265,6.999999999999318,1,2021,22
SL,-1.0,-1.0802139037433165,18.69999999999976,1,2021,0
TP,2.0,1.7115384615384988,5.200000000000671,-1,2021,8
SL,-1.0,-1.2727272727273093,5.499999999999261,1,2021,14
SL,-1.0,-1.2727272727273093,5.499999999999261,1,2021,14
TP,2.0,1.8695652173913146,11.50000000000091,-1,2021,14
SL,-1.0,-1.4411764705881571,3.4000000000006025,1,2021,15
TP,2.0,1.912280701754382,17.099999999999227,-1,2021,15
TP,2.0,1.912280701754382,17.099999999999227,-1,2021,15
TP,2.0,1.6341463414633863,4.099999999999682,-1,2021,1
SL,-1.0,-1.8333333333333017,1.8000000000000682,1,2021,2
TP,2.0,1.9218749999999971,19.199999999999307,-1,2021,2
TP,2.0,1.9218749999999971,19.199999999999307,-1,2021,2
TP,2.0,1.758064516129023,6.199999999999761,-1,2021,4
SL,-1.0,-1.081967213114751,18.300000000000693,-1,2021,8
fuera,0.6881720430107535,0.6478494623655923,37.19999999999999,1,2021,9
SL,-1.0,-1.2542372881355428,5.900000000001171,-1,2021,0
TP,2.0,1.7916666666666745,7.200000000000273,1,2021,1
TP,2.0,1.062500000000313,1.6000000000005343,-1,2021,2
TP,2.0,1.8369565217391282,9.199999999999875,1,2021,5
fuera,0.846153846153808,0.7412587412587035,14.300000000000068,-1,2021,9
SL,-1.0,-1.1999999999999924,7.500000000000284,-1,2021,0
TP,2.0,1.7727272727272814,6.60000000000025,1,2021,6
TP,2.0,1.4230769230768399,2.599999999999625,-1,2021,7
TP,2.0,1.89051094890511,13.700000000000045,1,2021,8
TP,2.0,1.89051094890511,13.700000000000045,1,2021,8
SL,-1.0,-1.1315789473684161,11.400000000000432,1,2021,0
SL,-1.0,-1.0877192982456108,17.100000000000648,-1,2021,9
TP,2.0,1.9285714285714264,20.999999999999375,1,2021,11
SL,-1.0,-1.0789473684210535,18.999999999999773,-1,2021,0
SL,-1.0,-1.1851851851852107,8.099999999998886,1,2021,2
TP,2.0,1.8837209302325497,12.899999999999068,-1,2021,4
SL,-1.0,-1.13513513513513,11.10000000000042,1,2021,6
SL,-1.0,-1.0517241379310358,28.999999999999204,-1,2021,8
fuera,-0.043478260869541714,-0.1249999999999776,18.39999999999975,1,2021,13
TP,2.0,1.8717948717948611,11.699999999999022,1,2021,22
SL,-1.0,-1.1744186046511658,8.599999999999852,-1,2021,23
SL,-1.0,-1.3571428571428437,4.200000000000159,1,2021,2
SL,-1.0,-1.1239669421487652,12.099999999999511,-1,2021,2
TP,2.0,1.8192771084337314,8.29999999999984,1,2021,3
SL,-1.0,-1.0925925925925972,16.199999999999193,1,2021,7
SL,-1.0,-1.0925925925925972,16.199999999999193,1,2021,7
TP,2.0,1.8000000000000076,7.500000000000284,-1,2021,8
TP,2.0,1.9079754601226975,16.29999999999967,-1,2021,9
TP,2.0,1.8672566371681412,11.299999999999955,-1,2021,11
TP,2.0,1.9250000000000012,20.000000000000284,-1,2021,13
SL,-1.0,-1.0539568345323758,27.79999999999916,-1,2021,14
SL,-1.0,-1.0539568345323758,27.79999999999916,-1,2021,14
SL,-1.0,-1.8333333333333017,1.8000000000000682,1,2021,0
SL,-1.0,-1.2499999999999905,6.000000000000227,-1,2021,8
SL,-1.0,-1.1442307692307703,10.39999999999992,1,2021,9
TP,2.0,1.6938775510204493,4.900000000000659,-1,2021,13
TP,2.0,1.9006622516556266,15.099999999999625,1,2021,0
SL,-1.0,-1.2205882352941246,6.799999999999784,-1,2021,1
TP,2.0,1.8706896551724135,11.599999999999966,1,2021,2
TP,2.0,1.888888888888893,13.500000000000512,1,2021,8
TP,2.0,1.888888888888893,13.500000000000512,1,2021,8
TP,2.0,1.880952380952372,12.599999999999056,1,2021,9
SL,-1.0,-1.3333333333333206,4.5000000000001705,-1,2021,11
TP,2.0,1.8695652173913146,11.50000000000091,1,2021,12
SL,-1.0,-1.1219512195121906,12.300000000000466,1,2021,13
SL,-1.0,-1.1630434782608718,9.199999999999875,-1,2021,16
SL,-1.0,-1.1102941176470509,13.600000000000989,1,2021,1
TP,2.0,1.8369565217391282,9.199999999999875,-1,2021,2
TP,2.0,1.6341463414635131,4.100000000001103,1,2021,4
TP,2.0,1.9206349206349236,18.900000000000716,-1,2021,0
SL,-1.0,-1.0753768844221059,19.900000000001228,-1,2021,2
SL,-1.0,-1.1239669421487508,12.100000000000932,1,2021,4
fuera,0.11518324607328889,0.07591623036648312,38.2000000000005,1,2021,9
TP,2.0,1.8818897637795233,12.699999999999534,1,2021,0
TP,2.0,1.8818897637795233,12.699999999999534,1,2021,0
SL,-1.0,-1.098684210526315,15.200000000000102,1,2021,1
TP,2.0,1.7368421052631022,5.699999999998795,-1,2021,2
SL,-1.0,-1.174418604651137,8.600000000001273,-1,2021,3
SL,-1.0,-1.2941176470588123,5.100000000000193,1,2021,9
SL,-1.0,-2.0714285714288936,1.3999999999995794,-1,2021,0
SL,-1.0,-1.3658536585366137,4.099999999999682,1,2021,1
SL,-1.0,-1.214285714285735,6.999999999999318,1,2021,16
SL,-1.0,-1.1898734177215005,7.900000000000773,-1,2021,21
TP,2.0,1.500000000000019,3.0000000000001137,-1,2021,6
SL,-1.0,-1.1442307692307703,10.39999999999992,1,2021,8
SL,-1.0,-2.0714285714288936,1.3999999999995794,-1,2021,10
SL,-1.0,-1.2727272727273093,5.499999999999261,1,2021,11
TP,2.0,1.7321428571429127,5.60000000000116,1,2021,7
TP,2.0,1.8543689320388472,10.300000000000864,1,2021,4
TP,2.0,1.687500000000012,4.800000000000182,-1,2021,2
SL,-1.0,-1.1724137931034417,8.70000000000033,1,2021,7
SL,-1.0,-1.1315789473684161,11.400000000000432,1,2021,12
SL,-1.0,-1.084745762711868,17.69999999999925,1,2021,0
fuera,0.3989218328840919,0.35849056603773016,37.09999999999951,-1,2021,7
SL,-1.0,-1.0406504065040652,36.89999999999998,-1,2021,8
TP,2.0,1.8500000000000127,10.000000000000853,1,2021,9
SL,-1.0,-1.1546391752577185,9.700000000000841,-1,2021,18
TP,2.0,1.758064516129023,6.199999999999761,1,2021,20
SL,-1.0,-1.156249999999994,9.600000000000364,-1,2021,0
SL,-1.0,-1.1006711409395966,14.900000000000091,1,2021,1
SL,-1.0,-1.0487012987012976,30.800000000000693,-1,2021,13
TP,2.0,1.9197860962566835,18.69999999999976,1,2021,14
TP,2.0,1.9197860962566835,18.69999999999976,1,2021,14
SL,-1.0,-1.1630434782608718,9.199999999999875,-1,2021,19
TP,2.0,1.89051094890511,13.700000000000045,1,2021,0
TP,2.0,1.89051094890511,13.700000000000045,1,2021,0
SL,-1.0,-1.1704545454545574,8.799999999999386,1,2021,5
SL,-1.0,-1.0501672240802664,29.90000000000066,-1,2021,8
SL,-1.0,-1.0501672240802664,29.90000000000066,-1,2021,8
TP,2.0,1.8672566371681412,11.299999999999955,1,2021,6
SL,-1.0,-1.0773195876288648,19.40000000000026,1,2021,7
SL,-1.0,-1.0773195876288648,19.40000000000026,1,2021,7
SL,-1.0,-1.0824175824175815,18.200000000000216,-1,2021,16
SL,-1.0,-1.0824175824175815,18.200000000000216,-1,2021,16
SL,-1.0,-1.187500000000004,7.9999999999998295,1,2021,20
TP,2.0,1.8972602739726032,14.60000000000008,1,2021,0
TP,2.0,1.8972602739726032,14.60000000000008,1,2021,0
SL,-1.0,-1.2499999999999905,6.000000000000227,-1,2021,1
SL,-1.0,-1.2499999999999905,6.000000000000227,-1,2021,1
TP,2.0,1.758064516129023,6.199999999999761,1,2021,3
TP,2.0,1.758064516129023,6.199999999999761,1,2021,3
SL,-1.0,-1.1190476190476146,12.600000000000477,1,2021,4
TP,2.0,1.8148148148148218,8.100000000000307,-1,2021,6
SL,-1.0,-1.3749999999999414,4.000000000000625,1,2021,0
SL,-1.0,-1.5172413793104096,2.899999999999636,1,2021,2
SL,-1.0,-1.2142857142856918,7.000000000000739,-1,2021,2
TP,2.0,1.8660714285714224,11.199999999999477,-1,2021,9
TP,2.0,1.7794117647058754,6.799999999999784,1,2021,12
SL,-1.0,-1.0857142857142872,17.499999999999716,-1,2021,12
SL,-1.0,-1.0857142857142872,17.499999999999716,-1,2021,12
SL,-1.0,-1.0857142857142872,17.499999999999716,-1,2021,12
TP,2.0,1.8863636363636285,13.19999999999908,1,2021,14
TP,2.0,1.8863636363636285,13.19999999999908,1,2021,14
TP,2.0,1.8863636363636285,13.19999999999908,1,2021,14
TP,2.0,1.5161290322581569,3.100000000000591,-1,2021,0
TP,2.0,1.5161290322581569,3.100000000000591,-1,2021,0
SL,-1.0,-1.211267605633809,7.099999999999795,1,2021,4
SL,-1.0,-1.211267605633809,7.099999999999795,1,2021,4
TP,2.0,1.817073170731725,8.200000000000784,-1,2021,15
SL,-1.0,-1.2380952380952828,6.299999999998818,1,2021,17
SL,-1.0,-1.0378787878787878,39.60000000000008,-1,2021,17
SL,-1.0,-1.0378787878787878,39.60000000000008,-1,2021,17
SL,-1.0,-1.1102941176470509,13.600000000000989,1,2021,18
TP,2.0,1.745762711864396,5.89999999999975,1,2021,23
TP,2.0,1.745762711864396,5.89999999999975,1,2021,23
SL,-1.0,-1.0614754098360657,24.399999999999977,1,2021,2
SL,-1.0,-1.0614754098360657,24.399999999999977,1,2021,2
SL,-1.0,-1.0721153846153852,20.79999999999984,-1,2021,2
SL,-1.0,-1.0721153846153852,20.79999999999984,-1,2021,2
SL,-1.0,-1.241935483870977,6.199999999999761,1,2021,3
SL,-1.0,-1.0394736842105268,37.999999999999545,1,2021,6
SL,-1.0,-1.0394736842105268,37.999999999999545,1,2021,6
SL,-1.0,-1.0394736842105268,37.999999999999545,1,2021,6
TP,2.0,1.843750000000006,9.600000000000364,-1,2021,6
TP,2.0,1.8897058823529376,13.599999999999568,-1,2021,7
TP,2.0,1.8897058823529376,13.599999999999568,-1,2021,7
fuera,0.007874015748012993,-0.05118110236222209,25.40000000000049,-1,2021,2
fuera,0.007874015748012993,-0.05118110236222209,25.40000000000049,-1,2021,2
SL,-1.0,-1.3947368421051498,3.8000000000010914,1,2021,5
SL,-1.0,-1.1630434782608718,9.199999999999875,-1,2021,6
TP,2.0,1.6341463414633863,4.099999999999682,1,2021,7
SL,-1.0,-1.1315789473684161,11.400000000000432,-1,2021,7
fuera,0.11320754716981385,0.04245283018868287,21.20000000000033,1,2021,8
SL,-1.0,-1.1020408163265267,14.700000000000557,1,2021,12
SL,-1.0,-1.1020408163265267,14.700000000000557,1,2021,12
SL,-1.0,-1.3488372093022738,4.300000000000637,-1,2021,20
SL,-1.0,-1.3488372093022738,4.300000000000637,-1,2021,20
SL,-1.0,-1.0543478260869572,27.599999999999625,1,2021,21
SL,-1.0,-1.0543478260869572,27.599999999999625,1,2021,21
SL,-1.0,-1.0543478260869572,27.599999999999625,1,2021,21
SL,-1.0,-1.0543478260869572,27.599999999999625,1,2021,21
SL,-1.0,-1.2777777777777672,5.400000000000205,-1,2021,21
TP,2.0,1.7826086956521823,6.9000000000002615,-1,2021,0
SL,-1.0,-1.2173913043478177,6.9000000000002615,1,2021,2
SL,-1.0,-1.5555555555555345,2.7000000000001023,-1,2021,2
SL,-1.0,-1.2777777777777672,5.400000000000205,1,2021,3
SL,-1.0,-1.176470588235307,8.499999999999375,-1,2021,6
TP,2.0,1.583333333333349,3.6000000000001364,1,2021,8
SL,-1.0,-1.2419354838709216,6.200000000001182,1,2021,1
SL,-1.0,-1.1973684210526487,7.599999999999341,-1,2021,5
SL,-1.0,-1.0943396226415143,15.899999999999181,-1,2021,9
SL,-1.0,-1.0943396226415143,15.899999999999181,-1,2021,9
SL,-1.0,-1.0943396226415143,15.899999999999181,-1,2021,9
SL,-1.0,-1.0943396226415143,15.899999999999181,-1,2021,9
SL,-1.0,-1.1744186046511658,8.599999999999852,1,2021,12
SL,-1.0,-1.1744186046511658,8.599999999999852,1,2021,12
SL,-1.0,-1.1744186046511658,8.599999999999852,1,2021,12
SL,-1.0,-1.1744186046511658,8.599999999999852,1,2021,12
SL,-1.0,-1.1034482758620718,14.499999999999602,-1,2021,0
SL,-1.0,-1.1034482758620718,14.499999999999602,-1,2021,0
SL,-1.0,-1.1034482758620718,14.499999999999602,-1,2021,0
TP,2.0,1.8000000000000076,7.500000000000284,1,2021,6
SL,-1.0,-1.2777777777777672,5.400000000000205,-1,2021,6
TP,2.0,1.754098360655766,6.100000000000705,1,2021,7
TP,2.0,1.754098360655766,6.100000000000705,1,2021,7
TP,2.0,1.754098360655766,6.100000000000705,1,2021,7
SL,-1.0,-1.0806451612903256,18.599999999999284,1,2021,12
TP,2.0,1.8026315789473881,7.600000000000762,-1,2021,12
TP,2.0,1.8026315789473881,7.600000000000762,-1,2021,12
SL,-1.0,-1.1515151515151458,9.900000000000375,-1,2021,14
TP,2.0,1.758064516129023,6.199999999999761,1,2021,0
SL,-1.0,-1.241935483870977,6.199999999999761,-1,2021,0
SL,-1.0,-1.241935483870977,6.199999999999761,-1,2021,0
SL,-1.0,-1.241935483870977,6.199999999999761,-1,2021,0
TP,2.0,1.2499999999998508,1.999999999999602,1,2021,4
TP,2.0,1.3478260869564123,2.2999999999996135,1,2021,5
TP,2.0,1.8928571428571324,13.999999999998636,1,2021,6
TP,2.0,1.6052631578947025,3.7999999999996703,-1,2021,7
TP,2.0,1.745762711864396,5.89999999999975,1,2021,14
TP,2.0,1.8611111111111165,10.80000000000041,1,2021,6
SL,-1.0,-1.38461538461537,3.900000000000148,1,2021,0
TP,2.0,1.8790322580645253,12.400000000000944,-1,2021,0
TP,2.0,1.8333333333333133,8.99999999999892,-1,2021,1
SL,-1.0,-1.1948051948051635,7.700000000001239,1,2021,14
SL,-1.0,-1.3061224489795507,4.900000000000659,-1,2021,23
TP,2.0,1.758064516129023,6.199999999999761,1,2021,0
SL,-1.0,-1.214285714285735,6.999999999999318,-1,2021,1
TP,2.0,1.8101265822784653,7.899999999999352,1,2021,2
fuera,-0.16152019002374535,-0.197149643705455,42.10000000000065,1,2021,0
SL,-1.0,-1.1500000000000086,9.999999999999432,1,2021,0
TP,2.0,1.7727272727272325,6.599999999998829,-1,2021,5
SL,-1.0,-1.0898203592814362,16.70000000000016,-1,2021,8
TP,2.0,1.8314606741573007,8.899999999999864,1,2021,9
TP,2.0,1.7916666666666745,7.200000000000273,-1,2021,23
SL,-1.0,-1.4285714285714703,3.499999999999659,1,2021,0
SL,-1.0,-1.2941176470588123,5.100000000000193,1,2021,1
SL,-1.0,-1.38461538461537,3.900000000000148,-1,2021,1
TP,2.0,1.8000000000000076,7.500000000000284,-1,2021,11
SL,-1.0,-1.245901639344234,6.100000000000705,1,2021,12
SL,-1.0,-1.0663716814159294,22.59999999999991,-1,2021,13
SL,-1.0,-1.0663716814159294,22.59999999999991,-1,2021,13
SL,-1.0,-1.0663716814159294,22.59999999999991,-1,2021,13
SL,-1.0,-1.4545454545454373,3.300000000000125,-1,2021,0
SL,-1.0,-1.1401869158878513,10.699999999999932,1,2021,2
TP,2.0,1.6666666666666794,4.5000000000001705,-1,2021,3
SL,-1.0,-1.127118644067802,11.7999999999995,1,2021,8
TP,2.0,1.4000000000001365,2.5000000000005684,-1,2021,10
TP,2.0,1.9659090909090908,43.99999999999977,-1,2021,12
SL,-1.0,-1.1229508196721312,12.199999999999989,-1,2021,1
SL,-1.0,-1.1546391752577412,9.69999999999942,1,2021,2
SL,-1.0,-1.3571428571428437,4.200000000000159,1,2021,5
TP,2.0,1.9226804123711352,19.40000000000026,-1,2021,7
TP,2.0,1.9226804123711352,19.40000000000026,-1,2021,7
fuera,-0.0294117647059389,-0.11764705882358507,17.00000000000017,1,2021,8
SL,-1.0,-1.6818181818184494,2.199999999999136,-1,2021,8
SL,-1.0,-1.3000000000000171,4.999999999999716,1,2021,10
TP,2.0,1.821428571428548,8.399999999998897,-1,2021,12
TP,2.0,1.821428571428548,8.399999999998897,-1,2021,12
TP,2.0,1.821428571428548,8.399999999998897,-1,2021,12
SL,-1.0,-1.202702702702708,7.399999999999807,1,2021,21
SL,-1.0,-1.1376146788990713,10.900000000000887,1,2021,0
SL,-1.0,-1.1376146788990713,10.900000000000887,1,2021,0
SL,-1.0,-1.4285714285714703,3.499999999999659,1,2021,1
TP,2.0,1.9175824175824185,18.200000000000216,-1,2021,1
TP,2.0,1.9175824175824185,18.200000000000216,-1,2021,1
TP,2.0,1.9175824175824185,18.200000000000216,-1,2021,1
SL,-1.0,-1.254237288135604,5.89999999999975,-1,2021,2
SL,-1.0,-1.312499999999988,4.800000000000182,-1,2021,1
SL,-1.0,-1.312499999999988,4.800000000000182,-1,2021,1
SL,-1.0,-1.1973684210526119,7.600000000000762,1,2021,2
SL,-1.0,-1.1973684210526119,7.600000000000762,1,2021,2
SL,-1.0,-1.1327433628318588,11.299999999999955,1,2021,9
SL,-1.0,-1.0535714285714284,28.000000000000114,1,2021,11
SL,-1.0,-1.161290322580639,9.300000000000352,-1,2021,13
TP,2.0,1.8897058823529376,13.599999999999568,-1,2021,14
SL,-1.0,-1.1260504201680674,11.899999999999977,-1,2021,23
SL,-1.0,-1.12,12.5,-1,2021,0
SL,-1.0,-1.2054794520548133,7.299999999999329,1,2021,4
SL,-1.0,-1.1079136690647515,13.89999999999958,1,2021,7
SL,-1.0,-1.3749999999999414,4.000000000000625,-1,2021,8
TP,2.0,1.3999999999997954,2.4999999999991473,-1,2021,0
SL,-1.0,-1.1807228915662686,8.29999999999984,1,2021,1
SL,-1.0,-1.211267605633809,7.099999999999795,1,2021,8
SL,-1.0,-1.1685393258426993,8.899999999999864,-1,2021,13
fuera,0.1568627450980392,0.058823529411768424,15.30000000000058,1,2021,0
fuera,0.1568627450980392,0.058823529411768424,15.30000000000058,1,2021,0
SL,-1.0,-1.156249999999994,9.600000000000364,-1,2021,1
SL,-1.0,-1.192307692307685,7.800000000000296,1,2021,2
TP,2.0,1.7916666666666745,7.200000000000273,-1,2021,7
SL,-1.0,-1.245901639344234,6.100000000000705,-1,2021,21
SL,-1.0,-1.6521739130435877,2.2999999999996135,1,2021,22
SL,-1.0,-1.211267605633809,7.099999999999795,1,2021,0
TP,2.0,1.788732394366191,7.099999999999795,-1,2021,0
SL,-1.0,-1.312499999999988,4.800000000000182,1,2021,1
SL,-1.0,-1.312499999999988,4.800000000000182,1,2021,1
TP,2.0,1.8770491803278688,12.199999999999989,-1,2021,1
TP,2.0,1.9056603773584941,15.900000000000603,-1,2021,5
TP,2.0,1.9056603773584941,15.900000000000603,-1,2021,5
SL,-1.0,-1.0728155339805814,20.600000000000307,1,2021,0
SL,-1.0,-1.0700934579439256,21.399999999999864,1,2021,0
SL,-1.0,-1.0700934579439256,21.399999999999864,1,2021,0
SL,-1.0,-1.087719298245618,17.099999999999227,-1,2021,1
SL,-1.0,-1.087719298245618,17.099999999999227,-1,2021,1
SL,-1.0,-1.1999999999999924,7.500000000000284,1,2021,0
SL,-1.0,-1.1999999999999924,7.500000000000284,1,2021,0
SL,-1.0,-1.7894736842102996,1.9000000000005457,-1,2021,2
SL,-1.0,-1.3947368421051498,3.8000000000010914,-1,2021,4
SL,-1.0,-1.38461538461537,3.900000000000148,1,2021,6
SL,-1.0,-1.7499999999996163,2.000000000001023,1,2021,0
TP,2.0,1.8648648648648527,11.099999999999,-1,2021,0
SL,-1.0,-1.1249999999999953,12.000000000000455,1,2021,1
TP,2.0,1.7321428571429127,5.60000000000116,-1,2021,10
TP,2.0,1.8529411764705939,10.200000000000387,-1,2021,11
fuera,-0.7612456747404766,-0.8131487889273274,28.900000000000148,1,2021,14
fuera,-0.7612456747404766,-0.8131487889273274,28.900000000000148,1,2021,14
fuera,0.5915492957745281,0.4859154929576342,14.200000000001012,-1,2021,15
SL,-1.0,-1.5555555555555345,2.7000000000001023,1,2021,22
SL,-1.0,-1.2205882352941246,6.799999999999784,1,2021,0
SL,-1.0,-1.2205882352941246,6.799999999999784,1,2021,0
SL,-1.0,-1.2205882352941246,6.799999999999784,1,2021,0
SL,-1.0,-1.145631067961173,10.299999999999443,-1,2021,1
SL,-1.0,-1.145631067961173,10.299999999999443,-1,2021,1
SL,-1.0,-1.145631067961173,10.299999999999443,-1,2021,1
TP,2.0,1.937759336099585,24.099999999999966,1,2021,11
TP,2.0,1.937759336099585,24.099999999999966,1,2021,11
SL,-1.0,-1.161290322580639,9.300000000000352,-1,2021,12
TP,2.0,1.8170731707316932,8.199999999999363,1,2021,22
SL,-1.0,-1.1648351648351758,9.099999999999397,-1,2021,0
SL,-1.0,-1.1648351648351758,9.099999999999397,-1,2021,0
TP,2.0,1.920212765957448,18.80000000000024,1,2021,1
TP,2.0,1.920212765957448,18.80000000000024,1,2021,1
TP,2.0,1.920212765957448,18.80000000000024,1,2021,1
TP,2.0,1.920212765957448,18.80000000000024,1,2021,1
SL,-1.0,-1.1685393258426993,8.899999999999864,-1,2021,3
SL,-1.0,-1.192307692307685,7.800000000000296,-1,2021,4
SL,-1.0,-1.0789473684210535,18.999999999999773,1,2021,0
SL,-1.0,-1.0477707006369437,31.399999999999295,-1,2021,18
SL,-1.0,-1.2173913043478177,6.9000000000002615,-1,2021,0
TP,2.0,1.8706896551724135,11.599999999999966,1,2021,2
SL,-1.0,-1.5172413793101562,2.9000000000010573,-1,2021,6
TP,2.0,1.8872180451127782,13.299999999999557,1,2021,7
SL,-1.0,-1.0501672240802664,29.90000000000066,1,2021,13
SL,-1.0,-1.0570342205323182,26.300000000000523,-1,2021,14
SL,-1.0,-1.5555555555555345,2.7000000000001023,1,2021,1
fuera,0.14900662251655863,0.09933774834437431,30.20000000000067,1,2021,14
fuera,0.14900662251655863,0.09933774834437431,30.20000000000067,1,2021,14
SL,-1.0,-1.2205882352940784,6.800000000001205,-1,2021,0
SL,-1.0,-1.2205882352940784,6.800000000001205,-1,2021,0
TP,2.0,1.8660714285714224,11.199999999999477,1,2021,1
TP,2.0,1.8660714285714224,11.199999999999477,1,2021,1
SL,-1.0,-1.0638297872340428,23.499999999999943,-1,2021,13
SL,-1.0,-1.0638297872340428,23.499999999999943,-1,2021,13
SL,-1.0,-1.0694444444444464,21.599999999999397,-1,2021,14
TP,2.0,1.9180327868852427,18.299999999999272,1,2021,15
TP,2.0,1.6428571428571563,4.200000000000159,1,2021,0
TP,2.0,1.8846153846153806,12.999999999999545,1,2021,1
TP,2.0,1.4444444444444655,2.7000000000001023,1,2021,4
SL,-1.0,-1.2941176470588123,5.100000000000193,-1,2021,5
SL,-1.0,-1.17241379310347,8.699999999998909,1,2021,6
SL,-1.0,-1.17241379310347,8.699999999998909,1,2021,6
SL,-1.0,-1.089820359281444,16.699999999998738,-1,2021,11
SL,-1.0,-1.0704225352112697,21.299999999999386,-1,2021,12
SL,-1.0,-1.0704225352112697,21.299999999999386,-1,2021,12
TP,2.0,1.6666666666666794,4.5000000000001705,-1,2021,0
TP,2.0,1.6666666666666794,4.5000000000001705,-1,2021,0
TP,2.0,1.687500000000012,4.800000000000182,1,2021,2
SL,-1.0,-1.1530612244897975,9.799999999999898,-1,2021,2
TP,2.0,1.7058823529411877,5.100000000000193,1,2021,3
SL,-1.0,-1.2173913043478626,6.89999999999884,1,2021,5
SL,-1.0,-1.2173913043478626,6.89999999999884,1,2021,5
SL,-1.0,-1.1363636363636371,10.999999999999943,-1,2021,14
SL,-1.0,-1.1271186440677867,11.80000000000092,1,2021,0
SL,-1.0,-1.254237288135604,5.89999999999975,-1,2021,1
SL,-1.0,-1.254237288135604,5.89999999999975,-1,2021,1
SL,-1.0,-1.2884615384615012,5.200000000000671,1,2021,3
SL,-1.0,-1.2884615384615012,5.200000000000671,1,2021,3
SL,-1.0,-1.1515151515151458,9.900000000000375,-1,2021,6
SL,-1.0,-1.1249999999999953,12.000000000000455,-1,2021,9
TP,2.0,1.8214285714285783,8.400000000000318,1,2021,11
TP,2.0,1.6590909090908852,4.399999999999693,1,2021,14
SL,-1.0,-1.1999999999999924,7.500000000000284,-1,2021,18
SL,-1.0,-1.081521739130436,18.39999999999975,1,2021,0
SL,-1.0,-1.081521739130436,18.39999999999975,1,2021,0
SL,-1.0,-1.5555555555555345,2.7000000000001023,-1,2021,0
SL,-1.0,-1.2499999999999905,6.000000000000227,1,2021,2
fuera,0.011299435028242124,-0.009887005649723599,70.80000000000126,-1,2021,12
fuera,0.011299435028242124,-0.009887005649723599,70.80000000000126,-1,2021,12
fuera,0.011299435028242124,-0.009887005649723599,70.80000000000126,-1,2021,12
fuera,0.011299435028242124,-0.009887005649723599,70.80000000000126,-1,2021,12
SL,-1.0,-1.0802139037433165,18.69999999999976,1,2021,0
TP,2.0,1.8872180451127782,13.299999999999557,-1,2021,7
TP,2.0,1.8872180451127782,13.299999999999557,-1,2021,7
SL,-1.0,-1.0867052023121377,17.300000000000182,-1,2021,11
SL,-1.0,-1.214285714285735,6.999999999999318,1,2021,12
TP,2.0,1.9275362318840557,20.699999999999363,1,2021,13
SL,-1.0,-1.0867052023121377,17.300000000000182,-1,2021,14
SL,-1.0,-1.3571428571428437,4.200000000000159,1,2021,18
TP,2.0,1.9475524475524477,28.600000000000136,1,2021,12
SL,-1.0,-1.0710900473933653,21.099999999999852,-1,2021,12
SL,-1.0,-1.0710900473933653,21.099999999999852,-1,2021,12
fuera,0.1696428571428643,0.12500000000000697,33.59999999999985,1,2021,13
fuera,0.1696428571428643,0.12500000000000697,33.59999999999985,1,2021,13
SL,-1.0,-1.2586206896551415,5.8000000000006935,-1,2021,13
TP,2.0,1.8928571428571432,14.000000000000057,1,2021,14
SL,-1.0,-1.0943396226415143,15.899999999999181,1,2021,15
TP,2.0,1.9147727272727282,17.600000000000193,-1,2021,0
SL,-1.0,-1.1470588235294061,10.200000000000387,1,2021,3
fuera,0.3870967741935336,0.26612903225805895,12.400000000000944,-1,2021,6
fuera,-0.6043165467626311,-0.7122302158273826,13.89999999999958,1,2021,14
TP,2.0,1.7945205479452266,7.30000000000075,1,2021,21
SL,-1.0,-1.2777777777777672,5.400000000000205,1,2021,23
SL,-1.0,-1.5357142857144468,2.7999999999991587,1,2021,0
SL,-1.0,-1.5357142857144468,2.7999999999991587,1,2021,0
TP,2.0,1.8529411764705939,10.200000000000387,-1,2021,1
TP,2.0,1.8529411764705939,10.200000000000387,-1,2021,1
SL,-1.0,-1.5357142857144468,2.7999999999991587,1,2021,6
SL,-1.0,-1.5357142857144468,2.7999999999991587,1,2021,6
SL,-1.0,-1.211267605633809,7.099999999999795,-1,2021,10
SL,-1.0,-1.211267605633809,7.099999999999795,-1,2021,10
SL,-1.0,-1.499999999999981,3.0000000000001137,1,2021,0
SL,-1.0,-1.499999999999981,3.0000000000001137,1,2021,0
TP,2.0,1.8101265822784653,7.899999999999352,-1,2021,1
TP,2.0,1.8101265822784653,7.899999999999352,-1,2021,1
TP,2.0,1.8235294117647225,8.500000000000796,-1,2021,6
TP,2.0,1.3999999999997954,2.4999999999991473,-1,2021,1
SL,-1.0,-1.1027397260273968,14.60000000000008,1,2021,7
SL,-1.0,-1.1428571428571568,10.499999999998977,1,2021,10
SL,-1.0,-1.1428571428571568,10.499999999998977,1,2021,10
TP,2.0,1.90196078431372,15.299999999999159,-1,2021,11
TP,2.0,1.90196078431372,15.299999999999159,-1,2021,11
TP,2.0,1.90196078431372,15.299999999999159,-1,2021,11
SL,-1.0,-1.0572519083969465,26.200000000000045,-1,2021,13
TP,2.0,1.8672566371681412,11.299999999999955,1,2021,17
SL,-1.0,-1.4687500000000515,3.1999999999996476,1,2021,0
SL,-1.0,-1.4687500000000515,3.1999999999996476,1,2021,0
TP,2.0,1.8469387755102247,9.800000000001319,-1,2021,0
TP,2.0,1.8314606741573007,8.899999999999864,-1,2021,1
TP,2.0,1.8314606741573007,8.899999999999864,-1,2021,1
SL,-1.0,-1.254237288135604,5.89999999999975,1,2021,6
TP,2.0,1.8770491803278688,12.199999999999989,-1,2021,7
SL,-1.0,-1.326086956521693,4.600000000000648,1,2021,13
SL,-1.0,-1.1999999999999924,7.500000000000284,-1,2021,15
SL,-1.0,-1.38461538461537,3.900000000000148,1,2021,0
SL,-1.0,-1.38461538461537,3.900000000000148,1,2021,4
SL,-1.0,-1.1648351648351758,9.099999999999397,-1,2021,4
SL,-1.0,-1.38461538461537,3.900000000000148,-1,2021,5
TP,2.0,1.776119402985099,6.700000000000728,-1,2021,2
SL,-1.0,-1.5555555555555345,2.7000000000001023,1,2021,4
SL,-1.0,-1.2884615384615012,5.200000000000671,-1,2021,5
SL,-1.0,-1.245901639344234,6.100000000000705,-1,2021,6
TP,2.0,1.761904761904771,6.300000000000239,1,2021,7
SL,-1.0,-1.0867052023121377,17.300000000000182,1,2021,8
SL,-1.0,-1.3000000000000171,4.999999999999716,1,2021,0
SL,-1.0,-1.2173913043478626,6.89999999999884,1,2021,1
SL,-1.0,-1.3409090909091148,4.399999999999693,-1,2021,2
SL,-1.0,-1.1456310679611528,10.300000000000864,-1,2021,6
TP,2.0,1.9096385542168657,16.59999999999968,1,2021,7
TP,2.0,1.9096385542168657,16.59999999999968,1,2021,7
SL,-1.0,-1.1219512195122046,12.299999999999045,1,2021,10
SL,-1.0,-1.1546391752577412,9.69999999999942,-1,2021,11
SL,-1.0,-1.214285714285735,6.999999999999318,-1,2021,12
SL,-1.0,-1.214285714285735,6.999999999999318,-1,2021,12
SL,-1.0,-1.214285714285735,6.999999999999318,-1,2021,12
SL,-1.0,-1.4285714285714703,3.499999999999659,1,2021,0
SL,-1.0,-1.8333333333333017,1.8000000000000682,-1,2021,6
SL,-1.0,-1.4411764705883414,3.3999999999991815,1,2021,9
SL,-1.0,-1.1388888888888835,10.80000000000041,-1,2021,13
SL,-1.0,-1.1388888888888835,10.80000000000041,-1,2021,13
SL,-1.0,-1.1388888888888835,10.80000000000041,-1,2021,13
TP,2.0,1.9137931034482791,17.40000000000066,1,2021,14
TP,2.0,1.9137931034482791,17.40000000000066,1,2021,14
TP,2.0,1.9137931034482791,17.40000000000066,1,2021,14
TP,2.0,1.8571428571428625,10.500000000000398,1,2021,15
TP,2.0,1.6938775510203605,4.899999999999238,-1,2021,0
SL,-1.0,-1.6000000000002046,2.4999999999991473,1,2021,2
SL,-1.0,-1.3061224489796395,4.899999999999238,-1,2021,3
SL,-1.0,-1.3061224489795507,4.900000000000659,1,2021,9
SL,-1.0,-1.1304347826087016,11.499999999999488,1,2021,0
SL,-1.0,-1.283018867924543,5.299999999999727,-1,2021,1
SL,-1.0,-1.5769230769231601,2.599999999999625,-1,2021,23
SL,-1.0,-1.5172413793104096,2.899999999999636,1,2021,0
TP,2.0,1.9107142857142891,16.800000000000637,-1,2021,0
TP,2.0,1.9107142857142891,16.800000000000637,-1,2021,0
TP,2.0,1.9107142857142891,16.800000000000637,-1,2021,0
TP,2.0,1.8584905660377475,10.600000000000875,-1,2021,1
SL,-1.0,-1.2307692307692388,6.499999999999773,-1,2021,8
SL,-1.0,-1.5357142857141748,2.80000000000058,1,2021,12
SL,-1.0,-1.8823529411766828,1.6999999999995907,-1,2021,0
TP,2.0,1.8314606741573007,8.899999999999864,1,2021,4
TP,2.0,1.687500000000012,4.800000000000182,1,2021,5
SL,-1.0,-1.3571428571428437,4.200000000000159,-1,2021,6
SL,-1.0,-1.1724137931034417,8.70000000000033,1,2021,7
SL,-1.0,-1.1415094339622713,10.599999999999454,1,2021,8
SL,-1.0,-1.1515151515151458,9.900000000000375,-1,2021,9
SL,-1.0,-1.1546391752577412,9.69999999999942,-1,2021,13
SL,-1.0,-1.3947368421052975,3.7999999999996703,-1,2021,0
TP,2.0,1.673913043478307,4.600000000000648,1,2021,1
TP,2.0,1.61538461538463,3.900000000000148,1,2021,4
SL,-1.0,-1.283018867924543,5.299999999999727,1,2021,5
SL,-1.0,-1.4687500000000515,3.1999999999996476,-1,2021,6
SL,-1.0,-1.1530612244897975,9.799999999999898,1,2021,7
SL,-1.0,-1.0761421319796944,19.700000000000273,1,2021,12
SL,-1.0,-1.0761421319796944,19.700000000000273,1,2021,12
SL,-1.0,-1.0761421319796944,19.700000000000273,1,2021,12
SL,-1.0,-1.28846153846158,5.19999999999925,-1,2021,14
SL,-1.0,-1.1079136690647404,13.900000000001,1,2021,15
fuera,0.6399999999999864,0.5999999999999863,37.5,-1,2021,12
fuera,0.6399999999999864,0.5999999999999863,37.5,-1,2021,12
fuera,0.6399999999999864,0.5999999999999863,37.5,-1,2021,12
fuera,0.6399999999999864,0.5999999999999863,37.5,-1,2021,12
fuera,-0.052238805970133424,-0.10820895522386462,26.800000000000068,-1,2021,13
fuera,-0.052238805970133424,-0.10820895522386462,26.800000000000068,-1,2021,13
fuera,-0.052238805970133424,-0.10820895522386462,26.800000000000068,-1,2021,13
fuera,0.033333333333301754,-0.06666666666669445,15.000000000000568,1,2021,14
SL,-1.0,-1.1515151515151458,9.900000000000375,-1,2021,15
SL,-1.0,-1.187500000000004,7.9999999999998295,1,2021,21
SL,-1.0,-1.1685393258426993,8.899999999999864,-1,2021,21
SL,-1.0,-1.1304347826087016,11.499999999999488,1,2021,22
SL,-1.0,-1.937499999999687,1.6000000000005343,-1,2021,23
SL,-1.0,-1.1428571428571568,10.499999999998977,1,2021,0
SL,-1.0,-1.1428571428571568,10.499999999998977,1,2021,0
TP,2.0,1.754098360655766,6.100000000000705,-1,2021,0
TP,2.0,1.673913043478307,4.600000000000648,1,2021,4
SL,-1.0,-1.1027397260274068,14.599999999998658,-1,2021,4
SL,-1.0,-1.1027397260274068,14.599999999998658,-1,2021,4
TP,2.0,1.062500000000313,1.6000000000005343,1,2021,8
SL,-1.0,-1.114503816793893,13.100000000000023,-1,2021,8
SL,-1.0,-1.1181102362204636,12.700000000000955,-1,2021,11
SL,-1.0,-1.1181102362204636,12.700000000000955,-1,2021,11
fuera,1.3260869565216535,1.2445652173912238,18.40000000000117,1,2021,0
SL,-1.0,-1.254237288135604,5.89999999999975,-1,2021,0
SL,-1.0,-1.2499999999999905,6.000000000000227,-1,2021,2
TP,2.0,1.7413793103447952,5.799999999999272,1,2021,3
SL,-1.0,-1.1119402985074625,13.400000000000034,1,2021,7
TP,2.0,1.8314606741573276,8.900000000001285,-1,2021,10
SL,-1.0,-1.3750000000000746,3.999999999999204,1,2021,0
SL,-1.0,-1.1948051948051635,7.700000000001239,1,2021,6
SL,-1.0,-1.1948051948051994,7.699999999999818,-1,2021,6
SL,-1.0,-1.1315789473684323,11.399999999999011,-1,2021,13
fuera,0.5754716981132333,0.5283018867924782,31.799999999999784,1,2021,14
fuera,0.5754716981132333,0.5283018867924782,31.799999999999784,1,2021,14
SL,-1.0,-1.2941176470588123,5.100000000000193,-1,2021,14
SL,-1.0,-1.2941176470588123,5.100000000000193,-1,2021,14
SL,-1.0,-1.4545454545454373,3.300000000000125,1,2021,16
SL,-1.0,-1.4545454545454373,3.300000000000125,1,2021,16
TP,2.0,1.736842105263168,5.700000000000216,-1,2021,0
TP,2.0,1.736842105263168,5.700000000000216,-1,2021,0
TP,2.0,1.736842105263168,5.700000000000216,-1,2021,0
SL,-1.0,-1.1530612244897975,9.799999999999898,-1,2021,1
SL,-1.0,-1.3571428571428437,4.200000000000159,1,2021,2
SL,-1.0,-1.1209677419354747,12.400000000000944,1,2021,12
SL,-1.0,-1.1209677419354747,12.400000000000944,1,2021,12
SL,-1.0,-1.6818181818184494,2.199999999999136,1,2021,17
SL,-1.0,-1.1327433628318422,11.300000000001376,-1,2021,19
SL,-1.0,-1.1327433628318422,11.300000000001376,-1,2021,19
SL,-1.0,-1.2941176470588123,5.100000000000193,1,2021,22
SL,-1.0,-1.2205882352940784,6.800000000001205,1,2021,0
SL,-1.0,-1.2678571428571552,5.5999999999997385,-1,2021,1
TP,2.0,1.3478260869564123,2.2999999999996135,-1,2021,8
TP,2.0,1.8790322580645116,12.399999999999523,1,2021,11
SL,-1.0,-2.0714285714278056,1.4000000000010004,-1,2021,12
SL,-1.0,-2.0714285714278056,1.4000000000010004,-1,2021,12
SL,-1.0,-1.1229508196721312,12.199999999999989,1,2021,13
SL,-1.0,-1.1229508196721312,12.199999999999989,1,2021,13
SL,-1.0,-1.1229508196721312,12.199999999999989,1,2021,13
TP,2.0,1.8101265822784653,7.899999999999352,-1,2021,14
fuera,0.03448275862085863,-0.2241379310343462,5.799999999999272,-1,2021,19
SL,-1.0,-2.1538461538456897,1.300000000000523,-1,2021,21
SL,-1.0,-1.161290322580639,9.300000000000352,1,2021,22
SL,-1.0,-1.161290322580639,9.300000000000352,1,2021,22
SL,-1.0,-1.1181102362204767,12.699999999999534,1,2021,0
SL,-1.0,-1.1181102362204767,12.699999999999534,1,2021,0
TP,2.0,1.7500000000000095,6.000000000000227,-1,2021,1
SL,-1.0,-1.3947368421052975,3.7999999999996703,1,2021,6
SL,-1.0,-1.223880597014901,6.700000000000728,-1,2021,6
SL,-1.0,-1.3061224489796395,4.899999999999238,-1,2021,8
fuera,-0.09999999999997493,-0.1882352941176211,17.00000000000017,1,2021,13
SL,-1.0,-1.5999999999998635,2.5000000000005684,-1,2021,0
SL,-1.0,-1.2307692307692388,6.499999999999773,1,2021,1
SL,-1.0,-1.2307692307692388,6.499999999999773,1,2021,0
TP,2.0,1.2105263157897004,1.9000000000005457,-1,2021,2
SL,-1.0,-1.127118644067802,11.7999999999995,-1,2021,7
SL,-1.0,-1.2343750000000258,6.399999999999295,1,2021,12
SL,-1.0,-1.0280898876404498,53.39999999999918,1,2021,18
SL,-1.0,-1.0280898876404498,53.39999999999918,1,2021,18
TP,2.0,1.7945205479452266,7.30000000000075,-1,2021,0
SL,-1.0,-1.1041666666666627,14.400000000000546,1,2021,16
SL,-1.0,-1.2941176470588123,5.100000000000193,1,2021,2
SL,-1.0,-1.2083333333333255,7.200000000000273,1,2021,5
SL,-1.0,-1.081521739130436,18.39999999999975,-1,2021,5
SL,-1.0,-1.081521739130436,18.39999999999975,-1,2021,5
TP,2.0,1.9068322981366468,16.100000000000136,1,2021,8
SL,-1.0,-1.2173913043478626,6.89999999999884,1,2021,21
SL,-1.0,-1.1829268292683068,8.199999999999363,1,2021,0
SL,-1.0,-1.1829268292683068,8.199999999999363,1,2021,0
TP,2.0,1.8750000000000047,12.000000000000455,-1,2021,1
TP,2.0,1.8750000000000047,12.000000000000455,-1,2021,1
SL,-1.0,-1.1500000000000086,9.999999999999432,1,2021,2
SL,-1.0,-1.1500000000000086,9.999999999999432,1,2021,2
TP,2.0,1.83516483516485,9.100000000000819,1,2021,3
SL,-1.0,-1.063559322033901,23.599999999999,-1,2021,3
SL,-1.0,-1.063559322033901,23.599999999999,-1,2021,3
SL,-1.0,-1.2586206896551415,5.8000000000006935,-1,2021,4
SL,-1.0,-1.12,12.5,-1,2021,13
TP,2.0,1.716981132075457,5.299999999999727,1,2021,18
SL,-1.0,-1.1056338028169044,14.19999999999959,-1,2021,0
SL,-1.0,-1.1056338028169044,14.19999999999959,-1,2021,0
TP,2.0,1.788732394366191,7.099999999999795,1,2021,1
TP,2.0,1.745762711864396,5.89999999999975,1,2021,3
SL,-1.0,-1.1898734177215347,7.899999999999352,1,2021,5
SL,-1.0,-1.1136363636363593,13.2000000000005,-1,2021,6
SL,-1.0,-1.1376146788990893,10.899999999999466,1,2021,1
SL,-1.0,-1.1376146788990893,10.899999999999466,1,2021,1
SL,-1.0,-1.1666666666666603,9.000000000000341,-1,2021,2
SL,-1.0,-1.1666666666666603,9.000000000000341,-1,2021,2
TP,2.0,1.8453608247422815,9.700000000000841,-1,2021,0
SL,-1.0,-1.1485148514851498,10.099999999999909,1,2021,6
SL,-1.0,-1.2205882352941246,6.799999999999784,-1,2021,12
TP,2.0,1.842105263157893,9.499999999999886,-1,2021,6
SL,-1.0,-1.1630434782608718,9.199999999999875,1,2021,9
SL,-1.0,-1.0757575757575784,19.79999999999933,-1,2021,12
SL,-1.0,-1.0757575757575784,19.79999999999933,-1,2021,12
fuera,0.09821428571430894,0.031250000000024356,22.400000000000375,1,2021,14
SL,-1.0,-1.3571428571428437,4.200000000000159,1,2021,16
SL,-1.0,-1.2142857142856918,7.000000000000739,1,2021,21
TP,2.0,1.7794117647058754,6.799999999999784,-1,2021,22
SL,-1.0,-1.3000000000000171,4.999999999999716,1,2021,0
SL,-1.0,-1.1086956521739089,13.800000000000523,-1,2021,0
SL,-1.0,-1.1086956521739089,13.800000000000523,-1,2021,0
SL,-1.0,-1.3749999999999414,4.000000000000625,-1,2021,1
SL,-1.0,-1.1851851851852107,8.099999999998886,-1,2021,3
SL,-1.0,-1.7142857142856873,2.1000000000000796,1,2021,4
TP,2.0,1.6938775510204493,4.900000000000659,1,2021,10
SL,-1.0,-1.0717703349282286,20.90000000000032,1,2021,11
SL,-1.0,-1.0717703349282286,20.90000000000032,1,2021,11
TP,2.0,1.8809523809523854,12.600000000000477,-1,2021,12
TP,2.0,1.7000000000000681,5.000000000001137,1,2021,1
TP,2.0,1.7000000000000681,5.000000000001137,1,2021,1
SL,-1.0,-1.1229508196721312,12.199999999999989,1,2021,7
SL,-1.0,-1.1229508196721312,12.199999999999989,1,2021,7
SL,-1.0,-1.0931677018633532,16.100000000000136,-1,2021,8
SL,-1.0,-1.0931677018633532,16.100000000000136,-1,2021,8
SL,-1.0,-1.0931677018633532,16.100000000000136,-1,2021,8
SL,-1.0,-1.105633802816894,14.200000000001012,-1,2021,14
SL,-1.0,-1.1530612244897975,9.799999999999898,-1,2021,1
SL,-1.0,-1.1530612244897975,9.799999999999898,-1,2021,1
SL,-1.0,-1.3000000000000171,4.999999999999716,1,2021,2
SL,-1.0,-1.3000000000000171,4.999999999999716,1,2021,2
TP,2.0,1.6808510638297671,4.699999999999704,1,2021,8
SL,-1.0,-1.2941176470588944,5.099999999998772,-1,2021,13
SL,-1.0,-1.2941176470588944,5.099999999998772,-1,2021,13
TP,2.0,1.9488054607508543,29.300000000000637,1,2021,14
TP,2.0,1.9488054607508543,29.300000000000637,1,2021,14
TP,2.0,1.9488054607508543,29.300000000000637,1,2021,14
TP,2.0,1.9488054607508543,29.300000000000637,1,2021,14
SL,-1.0,-1.283018867924543,5.299999999999727,-1,2021,14
SL,-1.0,-1.283018867924543,5.299999999999727,-1,2021,14
TP,2.0,1.8897058823529491,13.600000000000989,1,2021,15
TP,2.0,1.8897058823529491,13.600000000000989,1,2021,15
SL,-1.0,-1.4411764705881571,3.4000000000006025,-1,2021,18
SL,-1.0,-1.3488372093023893,4.299999999999216,1,2021,23
SL,-1.0,-1.1807228915662686,8.29999999999984,-1,2021,0
TP,2.0,1.8275862068965583,8.70000000000033,1,2021,6
SL,-1.0,-1.157894736842107,9.499999999999886,1,2021,0
SL,-1.0,-1.2205882352941246,6.799999999999784,-1,2021,1
fuera,0.14572864321606355,0.07035175879395227,19.899999999999807,-1,2021,17
fuera,-0.38834951456305056,-0.5339805825242234,10.299999999999443,1,2021,18
fuera,-0.38834951456305056,-0.5339805825242234,10.299999999999443,1,2021,18
SL,-1.0,-1.1442307692307703,10.39999999999992,1,2021,21
SL,-1.0,-1.1442307692307703,10.39999999999992,1,2021,21
SL,-1.0,-1.0833333333333368,17.99999999999926,1,2021,22
SL,-1.0,-1.0833333333333368,17.99999999999926,1,2021,22
SL,-1.0,-1.4545454545454373,3.300000000000125,1,2021,0
TP,2.0,1.6874999999999194,4.799999999998761,-1,2021,0
TP,2.0,1.8484848484848542,9.900000000000375,-1,2021,1
TP,2.0,1.9137931034482791,17.40000000000066,-1,2021,6
SL,-1.0,-2.1538461538456897,1.300000000000523,1,2021,7
TP,2.0,1.8993288590604034,14.900000000000091,-1,2021,7
SL,-1.0,-1.1973684210526119,7.600000000000762,-1,2021,9
SL,-1.0,-1.3000000000000171,4.999999999999716,1,2021,13
TP,2.0,1.776119402985099,6.700000000000728,-1,2021,0
SL,-1.0,-1.5172413793104096,2.899999999999636,1,2021,1
TP,2.0,1.8951048951048957,14.300000000000068,-1,2021,7
SL,-1.0,-1.0781249999999971,19.200000000000728,-1,2021,0
TP,2.0,1.8863636363636407,13.2000000000005,1,2021,2
TP,2.0,1.7826086956521823,6.9000000000002615,-1,2021,10
SL,-1.0,-1.4687499999998435,3.2000000000010687,1,2021,0
SL,-1.0,-1.3571428571428437,4.200000000000159,-1,2021,1
TP,2.0,1.9427480916030535,26.200000000000045,-1,2021,5
SL,-1.0,-1.1136363636363715,13.19999999999908,-1,2021,0
SL,-1.0,-1.1229508196721312,12.199999999999989,1,2021,1
SL,-1.0,-1.0655021834061138,22.89999999999992,-1,2021,7
SL,-1.0,-1.0655021834061138,22.89999999999992,-1,2021,7
TP,2.0,1.9096385542168657,16.59999999999968,1,2021,13
TP,2.0,1.9096385542168657,16.59999999999968,1,2021,13
TP,2.0,1.4230769230771552,2.600000000001046,-1,2021,16
SL,-1.0,-1.999999999999962,1.5000000000000568,-1,2021,0
SL,-1.0,-1.3061224489795507,4.900000000000659,-1,2021,1
SL,-1.0,-1.238095238095229,6.300000000000239,1,2021,4
SL,-1.0,-1.238095238095229,6.300000000000239,1,2021,4
SL,-1.0,-1.1162790697674374,12.900000000000489,-1,2021,9
SL,-1.0,-1.1162790697674374,12.900000000000489,-1,2021,9
SL,-1.0,-1.0485436893203888,30.89999999999975,1,2021,12
SL,-1.0,-1.0485436893203888,30.89999999999975,1,2021,12
TP,2.0,1.7916666666666334,7.199999999998852,-1,2021,0
TP,2.0,1.7916666666666334,7.199999999998852,-1,2021,0
fuera,-0.4071428571428709,-0.4607142857142993,28.000000000000114,-1,2021,12
fuera,-0.4071428571428709,-0.4607142857142993,28.000000000000114,-1,2021,12
fuera,-0.4071428571428709,-0.4607142857142993,28.000000000000114,-1,2021,12
fuera,-0.4071428571428709,-0.4607142857142993,28.000000000000114,-1,2021,12
TP,2.0,1.8672566371681412,11.299999999999955,-1,2021,13
SL,-1.0,-1.1282051282051389,11.699999999999022,1,2021,14
SL,-1.0,-1.3658536585366137,4.099999999999682,-1,2021,19
SL,-1.0,-1.1363636363636371,10.999999999999943,-1,2021,0
SL,-1.0,-1.1363636363636371,10.999999999999943,-1,2021,0
SL,-1.0,-1.1363636363636371,10.999999999999943,1,2021,6
SL,-1.0,-1.2272727272727186,6.60000000000025,-1,2021,8
SL,-1.0,-1.0819672131147573,18.299999999999272,1,2021,10
SL,-1.0,-1.2586206896552048,5.799999999999272,1,2021,11
TP,2.0,1.885496183206107,13.100000000000023,1,2021,1
TP,2.0,1.885496183206107,13.100000000000023,1,2021,1
SL,-1.0,-1.1898734177215347,7.899999999999352,-1,2021,3
fuera,-0.3777777777777988,-0.44444444444446296,22.500000000000853,1,2021,7
fuera,-0.3777777777777988,-0.44444444444446296,22.500000000000853,1,2021,7
SL,-1.0,-1.2343750000000258,6.399999999999295,-1,2021,7
SL,-1.0,-1.192307692307685,7.800000000000296,-1,2021,8
SL,-1.0,-1.192307692307685,7.800000000000296,-1,2021,8
SL,-1.0,-1.1209677419354884,12.399999999999523,1,2021,10
SL,-1.0,-1.09803921568628,15.299999999999159,1,2021,12
fuera,1.2314049586777431,1.1074380165289779,12.099999999999511,-1,2021,13
TP,2.0,1.8636363636363629,10.999999999999943,-1,2021,22
SL,-1.0,-1.1351351351351473,11.099999999999,-1,2021,23
SL,-1.0,-1.1351351351351473,11.099999999999,-1,2021,23
TP,2.0,1.21052631578911,1.8999999999991246,1,2021,0
SL,-1.0,-1.2205882352940784,6.800000000001205,-1,2021,0
SL,-1.0,-1.3333333333333206,4.5000000000001705,1,2021,3
TP,2.0,1.920212765957448,18.80000000000024,-1,2021,7
TP,2.0,1.5312499999999485,3.1999999999996476,1,2021,8
TP,2.0,1.5312499999999485,3.1999999999996476,1,2021,8
TP,2.0,1.9079754601226975,16.29999999999967,-1,2021,11
TP,2.0,1.9079754601226975,16.29999999999967,-1,2021,11
TP,2.0,1.885496183206107,13.100000000000023,-1,2021,8
TP,2.0,1.885496183206107,13.100000000000023,-1,2021,8
fuera,0.5714285714285317,0.5294117647058442,35.70000000000135,1,2021,14
fuera,0.5714285714285317,0.5294117647058442,35.70000000000135,1,2021,14
fuera,0.5714285714285317,0.5294117647058442,35.70000000000135,1,2021,14
SL,-1.0,-1.6000000000002046,2.4999999999991473,-1,2021,14
SL,-1.0,-1.1898734177215005,7.900000000000773,-1,2021,17
SL,-1.0,-1.1515151515151676,9.899999999998954,1,2021,0
TP,2.0,1.716981132075457,5.299999999999727,-1,2021,1
TP,2.0,1.88,12.5,1,2021,6
fuera,1.1725888324872658,1.0964467005075713,19.700000000000273,1,2021,7
fuera,1.1725888324872658,1.0964467005075713,19.700000000000273,1,2021,7
SL,-1.0,-1.3061224489795507,4.900000000000659,-1,2021,7
SL,-1.0,-1.3061224489796395,4.899999999999238,-1,2021,9
SL,-1.0,-1.156249999999994,9.600000000000364,1,2021,10
SL,-1.0,-1.093750000000002,15.999999999999659,-1,2021,13
SL,-1.0,-1.312499999999988,4.800000000000182,1,2021,1
TP,2.0,1.8584905660377287,10.599999999999454,-1,2021,8
TP,2.0,1.7272727272726907,5.499999999999261,1,2021,12
SL,-1.0,-1.0753768844221112,19.899999999999807,-1,2021,12
SL,-1.0,-1.1898734177215005,7.900000000000773,-1,2021,7
SL,-1.0,-1.1898734177215005,7.900000000000773,-1,2021,7
fuera,0.3390804597700877,0.25287356321836685,17.40000000000066,1,2021,8
fuera,0.3390804597700877,0.25287356321836685,17.40000000000066,1,2021,8
TP,2.0,1.8846153846153806,12.999999999999545,-1,2021,0
TP,2.0,1.8846153846153806,12.999999999999545,-1,2021,0
SL,-1.0,-1.2272727272727186,6.60000000000025,1,2021,1
SL,-1.0,-1.2272727272727186,6.60000000000025,1,2021,1
TP,2.0,1.6938775510204493,4.900000000000659,-1,2021,2
SL,-1.0,-1.38461538461537,3.900000000000148,-1,2021,3
SL,-1.0,-1.1339285714285776,11.199999999999477,1,2021,7
TP,2.0,1.8369565217391535,9.200000000001296,-1,2021,7
TP,2.0,1.8369565217391535,9.200000000001296,-1,2021,7
SL,-1.0,-1.1442307692307703,10.39999999999992,1,2021,9
SL,-1.0,-1.1442307692307703,10.39999999999992,1,2021,9
TP,2.0,1.9142857142857128,17.499999999999716,-1,2021,12
SL,-1.0,-1.0672645739910318,22.299999999999898,-1,2021,14
TP,2.0,1.6739130434782061,4.599999999999227,1,2021,23
SL,-1.0,-1.1209677419354884,12.399999999999523,1,2021,11
SL,-1.0,-1.1500000000000086,9.999999999999432,1,2021,12
SL,-1.0,-1.1500000000000086,9.999999999999432,1,2021,12
SL,-1.0,-1.12500000000001,11.999999999999034,-1,2021,14
SL,-1.0,-1.12500000000001,11.999999999999034,-1,2021,14
TP,2.0,1.9514563106796112,30.89999999999975,-1,2021,18
SL,-1.0,-1.5555555555555345,2.7000000000001023,1,2021,0
SL,-1.0,-1.2678571428571552,5.5999999999997385,-1,2021,5
SL,-1.0,-1.1485148514851498,10.099999999999909,-1,2021,15
fuera,0.7180851063829968,0.6382978723404447,18.80000000000024,1,2021,0
SL,-1.0,-1.1119402985074625,13.400000000000034,-1,2021,1
SL,-1.0,-1.1807228915662686,8.29999999999984,1,2021,6
fuera,-0.48128342245984146,-0.561497326203158,18.69999999999976,1,2021,12
SL,-1.0,-1.1724137931034417,8.70000000000033,-1,2021,13
SL,-1.0,-1.1515151515151458,9.900000000000375,1,2021,21
SL,-1.0,-1.3260869565217939,4.599999999999227,-1,2021,22
TP,2.0,1.776119402985099,6.700000000000728,-1,2021,7
TP,2.0,1.8660714285714224,11.199999999999477,-1,2021,9
TP,2.0,1.812499999999996,7.9999999999998295,-1,2021,10
TP,2.0,1.9275362318840557,20.699999999999363,-1,2021,14
TP,2.0,1.9275362318840557,20.699999999999363,-1,2021,14
TP,2.0,1.7794117647058754,6.799999999999784,-1,2021,4
SL,-1.0,-1.1304347826086854,11.50000000000091,1,2021,7
SL,-1.0,-1.157894736842107,9.499999999999886,1,2021,8
TP,2.0,1.6808510638297671,4.699999999999704,-1,2021,9
SL,-1.0,-1.0515463917525778,29.09999999999968,-1,2021,12
fuera,1.0409836065573785,1.02049180327869,73.19999999999993,1,2021,14
fuera,1.0409836065573785,1.02049180327869,73.19999999999993,1,2021,14
fuera,1.0409836065573785,1.02049180327869,73.19999999999993,1,2021,14
fuera,1.0409836065573785,1.02049180327869,73.19999999999993,1,2021,14
fuera,1.0409836065573785,1.02049180327869,73.19999999999993,1,2021,14
SL,-1.0,-1.0612244897959173,24.500000000000455,-1,2021,15
SL,-1.0,-1.0872093023255829,17.199999999999704,1,2021,0
SL,-1.0,-1.0872093023255829,17.199999999999704,1,2021,0
SL,-1.0,-1.3333333333334259,4.4999999999987494,-1,2021,2
TP,2.0,1.8453608247422588,9.69999999999942,-1,2021,6
SL,-1.0,-1.1136363636363593,13.2000000000005,-1,2021,10
SL,-1.0,-1.192307692307685,7.800000000000296,-1,2021,14
TP,2.0,1.8333333333333397,9.000000000000341,1,2021,15
SL,-1.0,-1.5172413793104096,2.899999999999636,1,2021,22
SL,-1.0,-1.1209677419354747,12.400000000000944,1,2021,0
SL,-1.0,-1.1209677419354747,12.400000000000944,1,2021,0
SL,-1.0,-1.1209677419354747,12.400000000000944,1,2021,0
SL,-1.0,-1.202702702702708,7.399999999999807,-1,2021,6
SL,-1.0,-1.2054794520548133,7.299999999999329,-1,2021,7
SL,-1.0,-1.2054794520548133,7.299999999999329,-1,2021,7
TP,2.0,1.7368421052631022,5.699999999998795,-1,2021,0
SL,-1.0,-1.3571428571428437,4.200000000000159,1,2021,1
TP,2.0,1.5312499999999485,3.1999999999996476,-1,2021,5
SL,-1.0,-1.3191489361702329,4.699999999999704,1,2021,19
TP,2.0,1.3999999999997954,2.4999999999991473,1,2021,0
SL,-1.0,-1.1898734177215005,7.900000000000773,-1,2021,0
SL,-1.0,-1.1898734177215005,7.900000000000773,-1,2021,0
TP,2.0,1.6341463414633863,4.099999999999682,1,2021,5
TP,2.0,1.6341463414633863,4.099999999999682,1,2021,5
SL,-1.0,-1.1685393258426993,8.899999999999864,1,2021,0
fuera,1.2719298245613997,1.2061403508771875,22.799999999999443,-1,2021,12
SL,-1.0,-1.1595744680851163,9.399999999999409,1,2021,17
SL,-1.0,-1.1595744680851163,9.399999999999409,1,2021,17
SL,-1.0,-1.2459016393442912,6.099999999999284,-1,2021,0
SL,-1.0,-1.2459016393442912,6.099999999999284,-1,2021,0
SL,-1.0,-1.245901639344234,6.100000000000705,1,2021,2
SL,-1.0,-1.245901639344234,6.100000000000705,1,2021,2
SL,-1.0,-1.5555555555555345,2.7000000000001023,1,2021,6
TP,2.0,1.817073170731725,8.200000000000784,-1,2021,7
TP,2.0,1.817073170731725,8.200000000000784,-1,2021,7
TP,2.0,1.817073170731725,8.200000000000784,-1,2021,7
TP,2.0,1.817073170731725,8.200000000000784,-1,2021,7
TP,2.0,1.817073170731725,8.200000000000784,-1,2021,7
SL,-1.0,-2.153846153846951,1.2999999999991019,1,2021,12
TP,2.0,1.8404255319148837,9.399999999999409,-1,2021,13
fuera,1.1375000000000082,1.0750000000000068,23.99999999999949,-1,2021,14
TP,2.0,1.8828125,12.800000000000011,-1,2021,0
TP,2.0,1.8828125,12.800000000000011,-1,2021,0
SL,-1.0,-1.5769230769231601,2.599999999999625,-1,2021,12
SL,-1.0,-1.5769230769231601,2.599999999999625,-1,2021,12
TP,2.0,1.9107142857142891,16.800000000000637,1,2021,14
TP,2.0,1.9107142857142891,16.800000000000637,1,2021,14
SL,-1.0,-1.4054054054054939,3.699999999999193,-1,2021,14
SL,-1.0,-1.19230769230772,7.7999999999988745,-1,2021,0
SL,-1.0,-1.19230769230772,7.7999999999988745,-1,2021,0
TP,2.0,1.7999999999999696,7.499999999998863,1,2021,2
TP,2.0,1.7999999999999696,7.499999999998863,1,2021,2
SL,-1.0,-1.161290322580639,9.300000000000352,1,2021,3
SL,-1.0,-1.2238805970149484,6.6999999999993065,-1,2021,4
SL,-1.0,-1.2238805970149484,6.6999999999993065,-1,2021,4
TP,2.0,1.727272727272761,5.500000000000682,1,2021,9
SL,-1.0,-3.142857142859962,0.6999999999990791,-1,2021,10
TP,2.0,1.8993288590604034,14.900000000000091,1,2021,12
SL,-1.0,-1.1027397260273968,14.60000000000008,1,2021,1
fuera,0.7155555555555797,0.6488888888889114,22.49999999999943,-1,2021,6
SL,-1.0,-1.3333333333333206,4.5000000000001705,1,2021,7
SL,-1.0,-1.138888888888902,10.799999999998988,1,2021,8
SL,-1.0,-1.138888888888902,10.799999999998988,1,2021,8
SL,-1.0,-1.0793650793650764,18.900000000000716,-1,2021,8
SL,-1.0,-1.0793650793650764,18.900000000000716,-1,2021,8
SL,-1.0,-1.0793650793650764,18.900000000000716,-1,2021,8
fuera,0.6193181818181447,0.5340909090908729,17.600000000000193,1,2021,9
fuera,0.6193181818181447,0.5340909090908729,17.600000000000193,1,2021,9
SL,-1.0,-1.2205882352941246,6.799999999999784,1,2021,1
SL,-1.0,-1.1013513513513442,14.800000000001035,-1,2021,1
SL,-1.0,-1.2083333333333255,7.200000000000273,1,2021,5
SL,-1.0,-1.1515151515151676,9.899999999998954,-1,2021,7
SL,-1.0,-1.1515151515151676,9.899999999998954,-1,2021,7
fuera,-0.07258064516129586,-0.1935483870967844,12.399999999999523,1,2021,12
SL,-1.0,-1.2272727272727186,6.60000000000025,-1,2021,0
SL,-1.0,-1.2272727272727186,6.60000000000025,-1,2021,0
SL,-1.0,-1.145631067961173,10.299999999999443,1,2021,5
SL,-1.0,-1.145631067961173,10.299999999999443,1,2021,5
SL,-1.0,-1.283018867924543,5.299999999999727,-1,2021,9
SL,-1.0,-1.3061224489796395,4.899999999999238,1,2021,10
TP,2.0,0.9285714285711066,1.3999999999995794,1,2021,19
TP,2.0,0.9285714285711066,1.3999999999995794,1,2021,19
SL,-1.0,-1.1249999999999953,12.000000000000455,1,2021,0
SL,-1.0,-1.1249999999999953,12.000000000000455,1,2021,0
TP,2.0,-1.0000000000027285,0.49999999999954525,-1,2021,6
SL,-1.0,-1.0785340314136116,19.10000000000025,-1,2021,12
SL,-1.0,-1.0785340314136116,19.10000000000025,-1,2021,12
SL,-1.0,-1.0785340314136116,19.10000000000025,-1,2021,12
TP,2.0,1.9292452830188642,21.19999999999891,1,2021,13
TP,2.0,1.9292452830188642,21.19999999999891,1,2021,13
TP,2.0,1.9292452830188642,21.19999999999891,1,2021,13
TP,2.0,1.7500000000000095,6.000000000000227,1,2021,11
TP,2.0,1.7500000000000095,6.000000000000227,1,2021,11
SL,-1.0,-1.0892857142857184,16.799999999999216,1,2021,6
TP,2.0,1.062500000000313,1.6000000000005343,-1,2021,6
SL,-1.0,-1.2083333333333255,7.200000000000273,1,2021,7
SL,-1.0,-1.2238805970149484,6.6999999999993065,-1,2021,10
SL,-1.0,-1.1807228915662686,8.29999999999984,-1,2021,4
TP,2.0,1.7692307692307612,6.499999999999773,1,2021,5
SL,-1.0,-1.3658536585364869,4.100000000001103,-1,2021,8
SL,-1.0,-1.3658536585364869,4.100000000001103,-1,2021,8
SL,-1.0,-1.2777777777777672,5.400000000000205,1,2021,10
SL,-1.0,-1.1724137931034417,8.70000000000033,1,2021,13
TP,2.0,1.8672566371681412,11.299999999999955,-1,2021,13
SL,-1.0,-1.1229508196721312,12.199999999999989,1,2021,14
fuera,-0.048951048951083695,-0.1538461538461881,14.300000000000068,-1,2021,15
SL,-1.0,-1.0974025974025996,15.399999999999636,-1,2021,0
SL,-1.0,-1.0974025974025996,15.399999999999636,-1,2021,0
SL,-1.0,-1.0974025974025996,15.399999999999636,-1,2021,0
TP,2.0,1.7656250000000262,6.400000000000716,1,2021,1
SL,-1.0,-1.238095238095229,6.300000000000239,1,2021,2
SL,-1.0,-1.8823529411759454,1.7000000000010118,-1,2021,11
SL,-1.0,-1.1485148514851498,10.099999999999909,1,2021,12
SL,-1.0,-1.1485148514851498,10.099999999999909,1,2021,12
SL,-1.0,-1.1485148514851498,10.099999999999909,1,2021,12
SL,-1.0,-1.2459016393442912,6.099999999999284,-1,2021,14
SL,-1.0,-1.6249999999999762,2.400000000000091,1,2021,0
TP,2.0,1.823529411764693,8.499999999999375,-1,2021,0
SL,-1.0,-1.4838709677418431,3.100000000000591,-1,2021,1
SL,-1.0,-1.238095238095229,6.300000000000239,1,2021,10
TP,2.0,1.7692307692307612,6.499999999999773,1,2021,12
TP,2.0,1.7692307692307612,6.499999999999773,1,2021,12
SL,-1.0,-1.1048951048951043,14.300000000000068,-1,2021,12
SL,-1.0,-1.1048951048951043,14.300000000000068,-1,2021,12
TP,2.0,1.944649446494465,27.10000000000008,1,2021,14
TP,2.0,1.944649446494465,27.10000000000008,1,2021,14
fuera,-0.1456310679611684,-0.21844660194174984,20.600000000000307,1,2021,15
SL,-1.0,-1.1515151515151458,9.900000000000375,-1,2021,16
SL,-1.0,-1.1153846153846194,12.999999999999545,1,2021,0
SL,-1.0,-1.4687500000000515,3.1999999999996476,-1,2021,1
SL,-1.0,-1.241935483870977,6.199999999999761,1,2021,4
SL,-1.0,-1.0757575757575728,19.80000000000075,1,2021,7
fuera,0.4876033057851039,0.4462809917355171,36.299999999999955,-1,2021,12
fuera,0.4876033057851039,0.4462809917355171,36.299999999999955,-1,2021,12
TP,2.0,1.7000000000000681,5.000000000001137,1,2021,13
SL,-1.0,-1.1282051282051389,11.699999999999022,-1,2021,13
SL,-1.0,-1.1851851851851782,8.100000000000307,1,2021,14
TP,2.0,1.8972602739726032,14.60000000000008,-1,2021,0
TP,2.0,1.8972602739726032,14.60000000000008,-1,2021,0
SL,-1.0,-1.28846153846158,5.19999999999925,1,2021,3
SL,-1.0,-1.16483516483515,9.100000000000819,-1,2021,0
SL,-1.0,-1.28846153846158,5.19999999999925,1,2021,1
SL,-1.0,-1.28846153846158,5.19999999999925,1,2021,1
SL,-1.0,-1.0559701492537312,26.800000000000068,1,2021,2
SL,-1.0,-1.0559701492537312,26.800000000000068,1,2021,2
TP,2.0,1.761904761904771,6.300000000000239,-1,2021,8
SL,-1.0,-1.066079295154184,22.700000000000387,1,2021,12
SL,-1.0,-1.066079295154184,22.700000000000387,1,2021,12
TP,2.0,1.8695652173912984,11.499999999999488,-1,2021,12
TP,2.0,1.8695652173912984,11.499999999999488,-1,2021,12
fuera,0.014925373134329413,-0.059701492537314826,20.09999999999934,-1,2021,13
fuera,0.014925373134329413,-0.059701492537314826,20.09999999999934,-1,2021,13
TP,2.0,1.8636363636363629,10.999999999999943,1,2021,21
TP,2.0,1.7656250000000262,6.400000000000716,1,2021,0
SL,-1.0,-1.6000000000002046,2.4999999999991473,-1,2021,5
SL,-1.0,-1.192307692307685,7.800000000000296,1,2021,7
TP,2.0,1.6938775510203605,4.899999999999238,-1,2021,7
TP,2.0,1.7058823529411877,5.100000000000193,-1,2021,10
SL,-1.0,-1.416666666666651,3.6000000000001364,1,2021,0
SL,-1.0,-1.3488372093023893,4.299999999999216,-1,2021,0
SL,-1.0,-1.3571428571428437,4.200000000000159,1,2021,1
SL,-1.0,-1.1470588235294061,10.200000000000387,-1,2021,2
TP,2.0,1.8453608247422588,9.69999999999942,1,2021,6
TP,2.0,1.8453608247422588,9.69999999999942,1,2021,6
SL,-1.0,-1.5172413793104096,2.899999999999636,-1,2021,6
SL,-1.0,-1.2499999999999905,6.000000000000227,-1,2021,7
TP,2.0,1.6938775510203605,4.899999999999238,1,2021,9
TP,2.0,1.7656249999999742,6.399999999999295,1,2021,12
SL,-1.0,-1.263157894736832,5.700000000000216,-1,2021,13
TP,2.0,1.8469387755102025,9.799999999999898,1,2021,14
SL,-1.0,-1.192307692307685,7.800000000000296,-1,2021,0
SL,-1.0,-1.156249999999994,9.600000000000364,1,2021,5
SL,-1.0,-1.652173913043185,2.3000000000010346,-1,2021,2
SL,-1.0,-1.241935483870977,6.199999999999761,1,2021,3
SL,-1.0,-1.4838709677418431,3.100000000000591,1,2021,6
SL,-1.0,-1.263157894736832,5.700000000000216,1,2021,7
TP,2.0,1.8928571428571432,14.000000000000057,-1,2021,7
SL,-1.0,-1.2272727272727186,6.60000000000025,-1,2021,8
SL,-1.0,-1.3333333333333206,4.5000000000001705,1,2021,14
SL,-1.0,-1.176470588235307,8.499999999999375,-1,2021,15
SL,-1.0,-1.1851851851851782,8.100000000000307,-1,2021,16
SL,-1.0,-1.214285714285735,6.999999999999318,-1,2021,17
SL,-1.0,-1.214285714285735,6.999999999999318,-1,2021,17
TP,2.0,1.7500000000000095,6.000000000000227,1,2021,18
TP,2.0,1.7500000000000095,6.000000000000227,1,2021,18
SL,-1.0,-1.211267605633809,7.099999999999795,1,2021,22
SL,-1.0,-1.1704545454545574,8.799999999999386,-1,2021,0
SL,-1.0,-1.1704545454545574,8.799999999999386,-1,2021,0
TP,2.0,1.754098360655766,6.100000000000705,1,2021,1
fuera,0.3092783505154941,0.15463917525775292,9.69999999999942,1,2021,3
SL,-1.0,-1.500000000000218,2.9999999999986926,-1,2021,6
SL,-1.0,-1.1530612244897975,9.799999999999898,1,2021,9
SL,-1.0,-1.2142857142856918,7.000000000000739,1,2021,0
SL,-1.0,-1.1898734177215005,7.900000000000773,1,2021,5
TP,2.0,1.8051948051948006,7.699999999999818,-1,2021,7
SL,-1.0,-1.1219512195121906,12.300000000000466,-1,2021,13
SL,-1.0,-1.2727272727273093,5.499999999999261,-1,2021,14
SL,-1.0,-1.2083333333333255,7.200000000000273,1,2021,0
SL,-1.0,-2.4999999999992326,1.0000000000005116,-1,2021,10
TP,2.0,1.687500000000012,4.800000000000182,-1,2021,11
TP,2.0,1.9436090225563891,26.599999999999113,-1,2021,12
TP,2.0,1.9436090225563891,26.599999999999113,-1,2021,12
TP,2.0,1.9436090225563891,26.599999999999113,-1,2021,12
SL,-1.0,-1.5555555555555345,2.7000000000001023,1,2021,13
TP,2.0,1.9162011173184368,17.900000000000205,-1,2021,14
TP,2.0,1.9162011173184368,17.900000000000205,-1,2021,14
SL,-1.0,-1.2307692307692388,6.499999999999773,1,2021,15
SL,-1.0,-1.483870967742065,3.09999999999917,-1,2021,17
SL,-1.0,-1.5357142857144468,2.7999999999991587,1,2021,21
TP,2.0,1.912280701754382,17.099999999999227,-1,2021,0
TP,2.0,1.912280701754382,17.099999999999227,-1,2021,0
SL,-1.0,-1.254237288135604,5.89999999999975,1,2021,2
TP,2.0,1.8295454545454701,8.800000000000807,-1,2021,6
fuera,0.8711656441718152,0.8251533742331639,32.59999999999934,1,2021,12
SL,-1.0,-2.363636363636899,1.099999999999568,-1,2021,12
SL,-1.0,-1.0943396226415143,15.899999999999181,-1,2021,13
SL,-1.0,-1.0943396226415143,15.899999999999181,-1,2021,13
TP,2.0,1.7916666666666334,7.199999999998852,1,2021,16
TP,2.0,1.885496183206107,13.100000000000023,1,2021,0
SL,-1.0,-1.8333333333333017,1.8000000000000682,-1,2021,0
fuera,0.7155172413792987,0.5862068965517122,11.599999999999966,1,2021,1
fuera,0.7155172413792987,0.5862068965517122,11.599999999999966,1,2021,1
fuera,0.7155172413792987,0.5862068965517122,11.599999999999966,1,2021,1
SL,-1.0,-1.238095238095229,6.300000000000239,-1,2021,2
fuera,0.2230769230770122,0.1076923076923928,12.999999999999545,1,2021,7
SL,-1.0,-1.38461538461537,3.900000000000148,-1,2021,18
TP,2.0,1.6999999999999829,4.999999999999716,1,2021,21
SL,-1.0,-1.3000000000000171,4.999999999999716,1,2021,0
TP,2.0,1.843750000000006,9.600000000000364,-1,2021,1
TP,2.0,1.2499999999998508,1.999999999999602,1,2021,2
SL,-1.0,-1.5357142857141748,2.80000000000058,1,2021,6
TP,2.0,1.843750000000006,9.600000000000364,-1,2021,6
SL,-1.0,-1.416666666666651,3.6000000000001364,1,2021,7
TP,2.0,1.8235294117647225,8.500000000000796,-1,2021,7
SL,-1.0,-1.6521739130435877,2.2999999999996135,1,2021,8
TP,2.0,1.842105263157893,9.499999999999886,-1,2021,8
SL,-1.0,-1.0903614457831343,16.59999999999968,-1,2021,10
SL,-1.0,-1.0903614457831343,16.59999999999968,-1,2021,10
SL,-1.0,-1.114503816793893,13.100000000000023,1,2021,13
TP,2.0,1.785714285714265,6.999999999999318,-1,2021,7
SL,-1.0,-1.0819672131147573,18.299999999999272,-1,2021,12
SL,-1.0,-1.1515151515151458,9.900000000000375,1,2021,13
SL,-1.0,-1.1190476190476146,12.600000000000477,-1,2021,14
SL,-1.0,-1.1048951048951043,14.300000000000068,1,2021,15
TP,2.0,1.88,12.5,1,2021,0
TP,2.0,1.88,12.5,1,2021,0
TP,2.0,1.922279792746113,19.299999999999784,1,2021,1
TP,2.0,1.9560117302052777,34.0999999999994,1,2021,18
TP,2.0,1.9560117302052777,34.0999999999994,1,2021,18
TP,2.0,1.9560117302052777,34.0999999999994,1,2021,18
SL,-1.0,-1.38461538461537,3.900000000000148,-1,2021,18
SL,-1.0,-1.12,12.5,-1,2021,19
SL,-1.0,-1.3947368421052975,3.7999999999996703,-1,2021,0
SL,-1.0,-1.312499999999988,4.800000000000182,1,2021,1
SL,-1.0,-1.8333333333333017,1.8000000000000682,-1,2021,1
SL,-1.0,-1.1546391752577412,9.69999999999942,1,2021,7
TP,2.0,1.6590909090909953,4.400000000001114,-1,2021,9
TP,2.0,1.9282296650717714,20.90000000000032,1,2021,11
TP,2.0,1.2499999999998508,1.999999999999602,-1,2021,11
TP,2.0,1.893617021276589,14.099999999999113,1,2021,12
SL,-1.0,-1.5769230769231601,2.599999999999625,-1,2021,12
TP,2.0,1.8101265822784653,7.899999999999352,1,2021,14
TP,2.0,1.745762711864396,5.89999999999975,1,2021,0
SL,-1.0,-1.161290322580639,9.300000000000352,-1,2021,1
TP,2.0,-0.14285714285996187,0.6999999999990791,-1,2021,22
TP,2.0,1.7826086956521823,6.9000000000002615,-1,2021,0
TP,2.0,1.7826086956521823,6.9000000000002615,-1,2021,0
SL,-1.0,-1.8823529411766828,1.6999999999995907,1,2021,2
SL,-1.0,-1.2777777777777672,5.400000000000205,-1,2021,3
TP,2.0,1.9206349206349236,18.900000000000716,1,2021,8
TP,2.0,1.9206349206349236,18.900000000000716,1,2021,8
TP,2.0,1.8235294117647225,8.500000000000796,1,2021,1
SL,-1.0,-1.0961538461538425,15.600000000000591,1,2021,0
TP,2.0,1.8770491803278688,12.199999999999989,-1,2021,1
SL,-1.0,-1.079787234042552,18.80000000000024,-1,2021,7
TP,2.0,1.9498327759197336,29.90000000000066,-1,2021,14
SL,-1.0,-1.5555555555555345,2.7000000000001023,1,2021,2
fuera,0.6308724832215283,0.5302013422819316,14.900000000000091,-1,2021,3
fuera,0.6308724832215283,0.5302013422819316,14.900000000000091,-1,2021,3
SL,-1.0,-1.272727272727239,5.500000000000682,1,2021,6
SL,-1.0,-1.0721153846153852,20.79999999999984,1,2021,7
fuera,-0.3209302325581466,-0.39069767441861064,21.50000000000034,-1,2021,12
TP,2.0,1.6666666666666794,4.5000000000001705,1,2021,13
SL,-1.0,-1.3191489361702329,4.699999999999704,1,2021,21
SL,-1.0,-1.3191489361702329,4.699999999999704,1,2021,21
TP,2.0,1.7794117647058754,6.799999999999784,1,2021,0
TP,2.0,1.7794117647058754,6.799999999999784,1,2021,0
TP,2.0,1.7794117647058754,6.799999999999784,1,2021,0
SL,-1.0,-1.2459016393442912,6.099999999999284,-1,2021,1
SL,-1.0,-1.145631067961173,10.299999999999443,1,2021,2
SL,-1.0,-1.3333333333333206,4.5000000000001705,-1,2021,8
SL,-1.0,-1.3333333333333206,4.5000000000001705,-1,2021,8
SL,-1.0,-1.283018867924543,5.299999999999727,1,2021,9
SL,-1.0,-1.283018867924543,5.299999999999727,1,2021,9
SL,-1.0,-1.0510204081632635,29.400000000001114,-1,2021,14
SL,-1.0,-1.0510204081632635,29.400000000001114,-1,2021,14
SL,-1.0,-1.0510204081632635,29.400000000001114,-1,2021,14
TP,2.0,1.758064516129023,6.199999999999761,1,2021,0
TP,2.0,1.758064516129023,6.199999999999761,1,2021,0
TP,2.0,1.9085365853658545,16.400000000000148,1,2021,1
SL,-1.0,-1.3846153846155103,3.8999999999987267,-1,2021,5
SL,-1.0,-1.0909090909090875,16.500000000000625,-1,2021,7
SL,-1.0,-1.2083333333333255,7.200000000000273,1,2021,10
SL,-1.0,-1.157894736842107,9.499999999999886,-1,2021,11
TP,2.0,1.8880597014925375,13.400000000000034,1,2021,12
TP,2.0,1.885496183206107,13.100000000000023,1,2021,13
SL,-1.0,-1.0842696629213429,17.80000000000115,1,2021,14
SL,-1.0,-1.0920245398773025,16.29999999999967,-1,2021,15
SL,-1.0,-1.098684210526315,15.200000000000102,1,2021,0
SL,-1.0,-1.098684210526315,15.200000000000102,1,2021,0
TP,2.0,1.7761194029850516,6.6999999999993065,-1,2021,9
SL,-1.0,-1.1327433628318588,11.299999999999955,-1,2021,10
SL,-1.0,-1.2173913043478626,6.89999999999884,1,2021,12
TP,2.0,1.6938775510204493,4.900000000000659,1,2021,14
SL,-1.0,-1.214285714285735,6.999999999999318,-1,2021,14
TP,2.0,1.3181818181819909,2.200000000000557,-1,2021,2
SL,-1.0,-1.1136363636363593,13.2000000000005,-1,2021,7
TP,2.0,1.898648648648646,14.799999999999613,1,2021,8
TP,2.0,1.89051094890511,13.700000000000045,1,2021,14
TP,2.0,1.8951048951048957,14.300000000000068,1,2021,16
TP,2.0,1.7499999999999503,5.999999999998806,1,2021,0
SL,-1.0,-1.114503816793893,13.100000000000023,1,2021,1
SL,-1.0,-1.211267605633809,7.099999999999795,-1,2021,11
TP,2.0,1.823529411764693,8.499999999999375,1,2021,12
SL,-1.0,-1.0579150579150578,25.900000000000034,-1,2021,12
SL,-1.0,-1.38461538461537,3.900000000000148,1,2021,22
TP,2.0,1.880952380952372,12.599999999999056,1,2021,0
TP,2.0,1.7916666666666745,7.200000000000273,1,2021,1
SL,-1.0,-1.1648351648351758,9.099999999999397,1,2021,0
TP,2.0,1.888888888888893,13.500000000000512,-1,2021,1
SL,-1.0,-1.254237288135604,5.89999999999975,-1,2021,1
TP,2.0,1.776119402985099,6.700000000000728,1,2021,3
TP,2.0,1.8958333333333373,14.400000000000546,-1,2021,12
SL,-1.0,-1.087719298245618,17.099999999999227,1,2021,1
SL,-1.0,-1.1260504201680674,11.899999999999977,-1,2021,7
TP,2.0,1.8684210526315677,11.399999999999011,1,2021,23
TP,2.0,1.8684210526315677,11.399999999999011,1,2021,23
SL,-1.0,-1.3658536585364869,4.100000000001103,-1,2021,0
TP,2.0,1.8571428571428625,10.500000000000398,1,2021,1
SL,-1.0,-1.1136363636363593,13.2000000000005,-1,2021,1
TP,2.0,1.89051094890511,13.700000000000045,1,2021,2
SL,-1.0,-1.0602409638554229,24.899999999999523,1,2021,3
SL,-1.0,-1.2419354838709216,6.200000000001182,-1,2021,4
SL,-1.0,-1.0643776824034363,23.299999999998988,-1,2021,0
SL,-1.0,-1.1119402985074625,13.400000000000034,1,2021,1
SL,-1.0,-1.0781249999999971,19.200000000000728,-1,2021,6
TP,2.0,1.8993288590604034,14.900000000000091,1,2021,7
TP,2.0,1.8993288590604034,14.900000000000091,1,2021,7
SL,-1.0,-1.3658536585364869,4.100000000001103,-1,2021,20
TP,2.0,1.61538461538463,3.900000000000148,1,2021,22
SL,-1.0,-1.0949367088607587,15.800000000000125,1,2021,23
SL,-1.0,-1.0949367088607587,15.800000000000125,1,2021,23
SL,-1.0,-1.1415094339622713,10.599999999999454,1,2021,0
TP,2.0,1.062500000000313,1.6000000000005343,1,2021,1
TP,2.0,1.9162011173184368,17.900000000000205,-1,2021,1
TP,2.0,1.9162011173184368,17.900000000000205,-1,2021,1
SL,-1.0,-1.2459016393442912,6.099999999999284,1,2021,2
TP,2.0,1.8863636363636285,13.19999999999908,-1,2021,6
SL,-1.0,-1.1229508196721312,12.199999999999989,-1,2021,7
SL,-1.0,-1.1376146788990713,10.900000000000887,1,2021,8
SL,-1.0,-1.2343750000000258,6.399999999999295,1,2021,12
SL,-1.0,-1.0872093023255829,17.199999999999704,-1,2021,16
SL,-1.0,-1.1171875,12.800000000000011,-1,2021,0
SL,-1.0,-1.1041666666666627,14.400000000000546,1,2021,4
SL,-1.0,-1.1041666666666627,14.400000000000546,1,2021,4
TP,2.0,1.88,12.5,-1,2021,4
SL,-1.0,-1.1415094339622713,10.599999999999454,-1,2021,5
SL,-1.0,-1.12,12.5,-1,2021,6
SL,-1.0,-1.0761421319796944,19.700000000000273,1,2021,11
SL,-1.0,-1.1376146788990713,10.900000000000887,1,2021,12
SL,-1.0,-1.0802139037433165,18.69999999999976,-1,2021,13
SL,-1.0,-1.0802139037433165,18.69999999999976,-1,2021,13
SL,-1.0,-1.1376146788990713,10.900000000000887,1,2021,14
SL,-1.0,-1.0561797752808968,26.700000000001012,1,2021,0
SL,-1.0,-1.0561797752808968,26.700000000001012,1,2021,0
SL,-1.0,-1.0561797752808968,26.700000000001012,1,2021,0
SL,-1.0,-1.1666666666666603,9.000000000000341,1,2021,1
TP,2.0,1.8706896551724135,11.599999999999966,-1,2021,2
TP,2.0,1.8706896551724135,11.599999999999966,-1,2021,2
TP,2.0,1.6341463414633863,4.099999999999682,-1,2021,5
TP,2.0,1.8920863309352485,13.89999999999958,-1,2021,9
SL,-1.0,-1.0753768844221059,19.900000000001228,-1,2021,14
SL,-1.0,-1.1034482758620616,14.500000000001023,1,2021,23
SL,-1.0,-1.0974025974025996,15.399999999999636,1,2021,0
SL,-1.0,-1.3409090909091148,4.399999999999693,-1,2021,0
SL,-1.0,-1.08108108108108,18.500000000000227,-1,2021,1
SL,-1.0,-1.0914634146341455,16.400000000000148,1,2021,2
SL,-1.0,-1.0731707317073176,20.49999999999983,-1,2021,13
TP,2.0,1.8623853211009287,10.900000000000887,1,2021,2
SL,-1.0,-1.38461538461537,3.900000000000148,-1,2021,3
TP,2.0,1.5714285714285297,3.499999999999659,-1,2021,7
SL,-1.0,-1.0749999999999988,20.000000000000284,1,2021,12
SL,-1.0,-1.1485148514851498,10.099999999999909,1,2021,14
TP,2.0,1.7916666666666745,7.200000000000273,-1,2021,15
TP,2.0,1.7222222222222328,5.400000000000205,-1,2021,0
SL,-1.0,-1.2083333333333666,7.199999999998852,1,2021,7
SL,-1.0,-1.2083333333333666,7.199999999998852,1,2021,7
fuera,0.4788273615634864,0.42996742671006655,30.700000000000216,-1,2021,7
SL,-1.0,-1.2631578947368978,5.699999999998795,1,2021,8
SL,-1.0,-1.174418604651137,8.600000000001273,-1,2021,8
SL,-1.0,-1.2777777777777672,5.400000000000205,-1,2021,9
TP,2.0,1.8623853211009107,10.899999999999466,1,2021,13
TP,2.0,1.8623853211009107,10.899999999999466,1,2021,13
SL,-1.0,-1.05859375,25.600000000000023,-1,2021,13
SL,-1.0,-1.05859375,25.600000000000023,-1,2021,13
SL,-1.0,-1.0655021834061138,22.89999999999992,1,2021,14
TP,2.0,1.8880597014925375,13.400000000000034,-1,2021,1
TP,2.0,1.8880597014925375,13.400000000000034,-1,2021,1
SL,-1.0,-1.254237288135604,5.89999999999975,1,2021,4
SL,-1.0,-1.1339285714285776,11.199999999999477,1,2021,13
SL,-1.0,-1.1339285714285776,11.199999999999477,1,2021,13
SL,-1.0,-1.1339285714285776,11.199999999999477,1,2021,13
SL,-1.0,-1.0595238095238073,25.200000000000955,-1,2021,13
SL,-1.0,-1.1630434782608718,9.199999999999875,-1,2021,14
SL,-1.0,-1.1630434782608718,9.199999999999875,-1,2021,14
SL,-1.0,-1.4687500000000515,3.1999999999996476,-1,2021,15
SL,-1.0,-1.0920245398773025,16.29999999999967,-1,2021,0
TP,2.0,1.920212765957448,18.80000000000024,1,2021,1
TP,2.0,1.920212765957448,18.80000000000024,1,2021,1
TP,2.0,1.8863636363636407,13.2000000000005,1,2021,8
SL,-1.0,-1.4285714285714703,3.499999999999659,-1,2021,8
TP,2.0,1.7058823529411877,5.100000000000193,1,2021,10
SL,-1.0,-1.1162790697674374,12.900000000000489,1,2021,11
SL,-1.0,-1.2499999999999905,6.000000000000227,-1,2021,12
SL,-1.0,-1.187500000000004,7.9999999999998295,1,2021,13
TP,2.0,1.7540983606557088,6.099999999999284,1,2021,20
SL,-1.0,-1.1102941176470509,13.600000000000989,1,2021,22
SL,-1.0,-1.08571428571428,17.500000000001137,-1,2021,23
SL,-1.0,-1.08571428571428,17.500000000001137,-1,2021,23
TP,2.0,1.885496183206107,13.100000000000023,1,2021,0
TP,2.0,1.885496183206107,13.100000000000023,1,2021,0
SL,-1.0,-1.2307692307691884,6.500000000001194,-1,2021,1
TP,2.0,1.736842105263168,5.700000000000216,1,2021,3
SL,-1.0,-1.1898734177215005,7.900000000000773,-1,2021,4
SL,-1.0,-1.1898734177215005,7.900000000000773,-1,2021,4
SL,-1.0,-1.1020408163265367,14.699999999999136,1,2021,5
SL,-1.0,-1.1020408163265367,14.699999999999136,1,2021,5
TP,2.0,1.8672566371681412,11.299999999999955,-1,2021,11
SL,-1.0,-1.1339285714285776,11.199999999999477,-1,2021,17
SL,-1.0,-1.6000000000002046,2.4999999999991473,1,2021,0
TP,2.0,1.9127906976744242,17.200000000001125,-1,2021,0
TP,2.0,1.9127906976744242,17.200000000001125,-1,2021,0
TP,2.0,1.7727272727272814,6.60000000000025,-1,2021,1
SL,-1.0,-1.047169811320755,31.799999999999784,-1,2021,3
SL,-1.0,-1.1327433628318588,11.299999999999955,1,2021,15
SL,-1.0,-1.4545454545454373,3.300000000000125,1,2021,0
TP,2.0,1.5588235294116586,3.3999999999991815,-1,2021,1
SL,-1.0,-1.4545454545454373,3.300000000000125,-1,2021,6
TP,2.0,1.82758620689653,8.699999999998909,1,2021,12
SL,-1.0,-1.1249999999999953,12.000000000000455,1,2021,13
TP,2.0,1.807692307692315,7.800000000000296,-1,2021,13
TP,2.0,1.807692307692315,7.800000000000296,-1,2021,13
SL,-1.0,-1.1260504201680674,11.899999999999977,-1,2021,16
SL,-1.0,-1.145631067961173,10.299999999999443,1,2021,23
SL,-1.0,-1.145631067961173,10.299999999999443,1,2021,23
SL,-1.0,-1.1546391752577185,9.700000000000841,1,2021,0
SL,-1.0,-1.483870967742065,3.09999999999917,-1,2021,0
SL,-1.0,-1.2173913043478177,6.9000000000002615,1,2021,5
TP,2.0,1.7727272727272814,6.60000000000025,-1,2021,6
SL,-1.0,-1.16483516483515,9.100000000000819,1,2021,7
TP,2.0,1.94140625,25.600000000000023,-1,2021,7
TP,2.0,1.94140625,25.600000000000023,-1,2021,7
TP,2.0,1.94140625,25.600000000000023,-1,2021,7
TP,2.0,1.8672566371681412,11.299999999999955,-1,2021,9
SL,-1.0,-1.0590551181102383,25.399999999999068,-1,2021,13
SL,-1.0,-1.1127819548872218,13.299999999999557,1,2021,15
SL,-1.0,-1.1071428571428568,14.000000000000057,-1,2021,0
TP,2.0,1.8739495798319326,11.899999999999977,1,2021,6
TP,2.0,1.8706896551724135,11.599999999999966,-1,2021,11
SL,-1.0,-1.1086956521739202,13.799999999999102,1,2021,12
fuera,0.4417177914110686,0.3496932515337661,16.29999999999967,-1,2021,14
fuera,0.4417177914110686,0.3496932515337661,16.29999999999967,-1,2021,14
TP,2.0,1.7222222222222328,5.400000000000205,1,2021,23
SL,-1.0,-1.2941176470588123,5.100000000000193,-1,2021,23
SL,-1.0,-1.0877192982456108,17.100000000000648,1,2021,0
SL,-1.0,-1.0877192982456108,17.100000000000648,1,2021,0
SL,-1.0,-1.0877192982456108,17.100000000000648,1,2021,0
TP,2.0,1.8469387755102025,9.799999999999898,-1,2021,8
TP,2.0,1.8469387755102025,9.799999999999898,-1,2021,8
SL,-1.0,-1.1327433628318588,11.299999999999955,-1,2021,9
SL,-1.0,-1.3488372093022738,4.300000000000637,1,2021,13
SL,-1.0,-1.0483870967741933,31.000000000000227,-1,2021,14
SL,-1.0,-1.0483870967741933,31.000000000000227,-1,2021,14
SL,-1.0,-1.08108108108108,18.500000000000227,-1,2021,2
TP,2.0,1.9197860962566835,18.69999999999976,1,2021,7
TP,2.0,1.812499999999996,7.9999999999998295,1,2021,12
SL,-1.0,-1.211267605633809,7.099999999999795,-1,2021,12
TP,2.0,1.9358974358974383,23.400000000000887,1,2021,13
TP,2.0,1.9358974358974383,23.400000000000887,1,2021,13
TP,2.0,1.9514563106796112,30.89999999999975,1,2021,14
TP,2.0,1.9514563106796112,30.89999999999975,1,2021,14
SL,-1.0,-2.1538461538456897,1.300000000000523,-1,2021,14
fuera,0.18749999999995143,0.12890624999995148,25.600000000000023,1,2021,15
SL,-1.0,-1.1260504201680674,11.899999999999977,1,2021,1
SL,-1.0,-1.1260504201680674,11.899999999999977,1,2021,1
SL,-1.0,-1.156249999999994,9.600000000000364,-1,2021,3
SL,-1.0,-1.156249999999994,9.600000000000364,-1,2021,3
SL,-1.0,-1.0714285714285687,21.000000000000796,1,2021,0
fuera,0.6911764705881657,0.6176470588234626,20.400000000000773,-1,2021,7
SL,-1.0,-1.1704545454545299,8.800000000000807,-1,2021,8
SL,-1.0,-1.2272727272727186,6.60000000000025,1,2021,9
fuera,-0.19337016574584032,-0.2762430939226371,18.09999999999974,1,2021,15
TP,2.0,1.758064516129023,6.199999999999761,-1,2021,23
TP,2.0,1.500000000000019,3.0000000000001137,1,2021,1
SL,-1.0,-1.0663716814159294,22.59999999999991,-1,2021,1
SL,-1.0,-1.0663716814159294,22.59999999999991,-1,2021,1
TP,2.0,1.7761194029850516,6.6999999999993065,1,2021,2
SL,-1.0,-1.1086956521739202,13.799999999999102,1,2021,6
SL,-1.0,-1.1744186046511658,8.599999999999852,-1,2021,15
SL,-1.0,-1.1744186046511658,8.599999999999852,-1,2021,15
TP,2.0,1.87499999999999,11.999999999999034,1,2021,17
TP,2.0,1.87499999999999,11.999999999999034,1,2021,17
TP,2.0,1.8351648351648242,9.099999999999397,1,2021,20
SL,-1.0,-1.245901639344234,6.100000000000705,-1,2021,21
SL,-1.0,-1.211267605633809,7.099999999999795,1,2021,0
SL,-1.0,-1.0967741935483863,15.500000000000114,1,2021,1
SL,-1.0,-1.9375000000005196,1.5999999999991132,-1,2021,1
SL,-1.0,-1.0920245398773025,16.29999999999967,-1,2021,2
SL,-1.0,-1.0920245398773025,16.29999999999967,-1,2021,2
TP,2.0,1.838709677419361,9.300000000000352,1,2021,12
SL,-1.0,-1.1898734177215347,7.899999999999352,1,2021,17
SL,-1.0,-1.0493421052631575,30.400000000000205,-1,2021,17
SL,-1.0,-1.0493421052631575,30.400000000000205,-1,2021,17
SL,-1.0,-1.0493421052631575,30.400000000000205,-1,2021,17
SL,-1.0,-1.0493421052631575,30.400000000000205,-1,2021,17
SL,-1.0,-1.1376146788990893,10.899999999999466,1,2021,19
SL,-1.0,-1.3061224489796395,4.899999999999238,1,2021,23
TP,2.0,1.5454545454545627,3.300000000000125,-1,2021,0
SL,-1.0,-1.3409090909091148,4.399999999999693,1,2021,1
SL,-1.0,-1.0961538461538425,15.600000000000591,-1,2021,1
TP,2.0,1.9101796407185638,16.70000000000016,1,2021,2
TP,2.0,1.9101796407185638,16.70000000000016,1,2021,2
SL,-1.0,-1.3260869565217939,4.599999999999227,-1,2021,2
SL,-1.0,-1.13513513513513,11.10000000000042,1,2021,5
SL,-1.0,-1.077720207253887,19.299999999999784,1,2021,13
SL,-1.0,-1.077720207253887,19.299999999999784,1,2021,13
SL,-1.0,-1.0731707317073176,20.49999999999983,-1,2021,15
SL,-1.0,-1.1363636363636371,10.999999999999943,1,2021,9
SL,-1.0,-1.1363636363636371,10.999999999999943,1,2021,9
fuera,-0.007518796992490442,-0.035714285714295135,53.19999999999965,-1,2021,9
fuera,-0.007518796992490442,-0.035714285714295135,53.19999999999965,-1,2021,9
fuera,-0.007518796992490442,-0.035714285714295135,53.19999999999965,-1,2021,9
fuera,-0.007518796992490442,-0.035714285714295135,53.19999999999965,-1,2021,9
SL,-1.0,-1.09803921568628,15.299999999999159,1,2021,10
SL,-1.0,-1.099999999999996,15.000000000000568,-1,2021,11
SL,-1.0,-1.099999999999996,15.000000000000568,-1,2021,11
SL,-1.0,-1.099999999999996,15.000000000000568,-1,2021,11
fuera,1.4566473988439705,1.3699421965318328,17.300000000000182,1,2021,12
TP,2.0,1.8529411764705732,10.199999999998965,1,2021,22
TP,2.0,1.8760330578512348,12.099999999999511,1,2021,23
SL,-1.0,-1.1948051948051994,7.699999999999818,-1,2021,0
SL,-1.0,-1.1948051948051994,7.699999999999818,-1,2021,0
TP,2.0,1.8717948717948611,11.699999999999022,1,2021,1
TP,2.0,1.8717948717948611,11.699999999999022,1,2021,1
fuera,1.5584415584415447,1.5259740259740124,46.20000000000033,1,2021,14
fuera,1.5584415584415447,1.5259740259740124,46.20000000000033,1,2021,14
SL,-1.0,-1.1648351648351758,9.099999999999397,1,2021,19
SL,-1.0,-1.1315789473684323,11.399999999999011,-1,2021,20
SL,-1.0,-1.058139534883722,25.799999999999557,1,2021,2
SL,-1.0,-1.058139534883722,25.799999999999557,1,2021,2
TP,2.0,1.9308755760368659,21.699999999999875,1,2021,7
TP,2.0,1.9308755760368659,21.699999999999875,1,2021,7
SL,-1.0,-1.033039647577092,45.40000000000077,-1,2021,7
SL,-1.0,-1.033039647577092,45.40000000000077,-1,2021,7
SL,-1.0,-1.5999999999998635,2.5000000000005684,-1,2021,0
SL,-1.0,-1.1229508196721312,12.199999999999989,-1,2021,4
SL,-1.0,-1.0619834710743827,24.199999999999022,1,2021,8
SL,-1.0,-1.0753768844221112,19.899999999999807,1,2021,14
TP,2.0,1.9484536082474222,29.09999999999968,-1,2021,23
SL,-1.0,-1.0559701492537341,26.799999999998647,1,2021,0
TP,2.0,1.9107142857142891,16.800000000000637,-1,2021,0
TP,2.0,1.9107142857142891,16.800000000000637,-1,2021,0
TP,2.0,1.9429657794676787,26.299999999999102,-1,2021,2
SL,-1.0,-1.12,12.5,1,2021,6
SL,-1.0,-1.6818181818180091,2.200000000000557,1,2021,7
TP,2.0,1.9647058823529409,42.499999999999716,-1,2021,7
SL,-1.0,-1.021216407355021,70.70000000000078,1,2021,8
SL,-1.0,-1.021216407355021,70.70000000000078,1,2021,8
TP,2.0,1.962962962962963,40.500000000000114,-1,2021,9
TP,2.0,1.962962962962963,40.500000000000114,-1,2021,9
SL,-1.0,-1.0967741935483863,15.500000000000114,-1,2021,11
TP,2.0,1.9142857142857128,17.499999999999716,-1,2021,0
SL,-1.0,-1.044378698224851,33.80000000000081,-1,2021,5
SL,-1.0,-1.0460122699386512,32.59999999999934,1,2021,6
SL,-1.0,-1.0570342205323213,26.299999999999102,1,2021,7
SL,-1.0,-1.068493150684929,21.90000000000083,1,2021,14
TP,2.0,1.8695652173912984,11.499999999999488,-1,2021,0
SL,-1.0,-1.3260869565217939,4.599999999999227,1,2021,5
SL,-1.0,-1.02970297029703,50.499999999999545,-1,2021,5
SL,-1.0,-1.0614754098360657,24.399999999999977,1,2021,6
SL,-1.0,-1.0496688741721867,30.19999999999925,-1,2021,8
SL,-1.0,-1.0496688741721867,30.19999999999925,-1,2021,8
fuera,-0.5647298674821662,-0.5800203873598422,98.09999999999945,1,2021,15
SL,-1.0,-1.187500000000004,7.9999999999998295,-1,2021,0
SL,-1.0,-1.054744525547445,27.40000000000009,1,2021,1
SL,-1.0,-1.0474683544303793,31.60000000000025,-1,2021,14
SL,-1.0,-1.0474683544303793,31.60000000000025,-1,2021,14
TP,2.0,1.5454545454545627,3.300000000000125,-1,2021,0
SL,-1.0,-1.067567567567565,22.20000000000084,1,2021,1
SL,-1.0,-1.067567567567565,22.20000000000084,1,2021,1
TP,2.0,1.7272727272726907,5.499999999999261,-1,2021,7
SL,-1.0,-1.1000000000000056,14.999999999999147,-1,2021,11
TP,2.0,1.9101796407185638,16.70000000000016,1,2021,0
SL,-1.0,-1.0903614457831343,16.59999999999968,1,2021,6
SL,-1.0,-1.0903614457831343,16.59999999999968,1,2021,6
TP,2.0,1.7887323943662334,7.1000000000012164,-1,2021,9
TP,2.0,1.7887323943662334,7.1000000000012164,-1,2021,9
fuera,0.20151133501258733,0.1637279596977264,39.70000000000056,-1,2021,16
fuera,-0.6842105263157838,-0.7406015037593917,26.600000000000534,-1,2021,18
fuera,-0.6842105263157838,-0.7406015037593917,26.600000000000534,-1,2021,18
fuera,0.08074534161485036,-0.012422360248502878,16.100000000000136,1,2021,20
fuera,0.08074534161485036,-0.012422360248502878,16.100000000000136,1,2021,20
SL,-1.0,-1.08108108108108,18.500000000000227,1,2021,23
TP,2.0,1.843750000000006,9.600000000000364,1,2021,6
SL,-1.0,-1.1229508196721312,12.199999999999989,-1,2021,9
fuera,1.6978417266187866,1.6438848920864109,27.79999999999916,1,2021,15
SL,-1.0,-1.202702702702708,7.399999999999807,1,2021,1
SL,-1.0,-1.1973684210526119,7.600000000000762,-1,2021,2
SL,-1.0,-1.1744186046511658,8.599999999999852,1,2021,4
SL,-1.0,-1.1744186046511658,8.599999999999852,1,2021,4
SL,-1.0,-1.1363636363636371,10.999999999999943,-1,2021,10
SL,-1.0,-1.1363636363636371,10.999999999999943,-1,2021,10
SL,-1.0,-1.0802139037433105,18.700000000001182,1,2021,0
TP,2.0,1.499999999999782,2.9999999999986926,-1,2021,0
TP,2.0,1.8295454545454701,8.800000000000807,1,2021,7
SL,-1.0,-1.0833333333333368,17.99999999999926,1,2021,8
TP,2.0,1.7656250000000262,6.400000000000716,-1,2021,8
SL,-1.0,-1.0833333333333302,18.000000000000682,-1,2021,10
SL,-1.0,-1.0392670157068071,38.19999999999908,1,2021,11
SL,-1.0,-1.1401869158878328,10.700000000001353,-1,2021,11
SL,-1.0,-1.0943396226415143,15.899999999999181,1,2021,13
SL,-1.0,-1.1499999999999873,10.000000000000853,1,2021,0
TP,2.0,1.83516483516485,9.100000000000819,-1,2021,1
TP,2.0,1.8214285714285783,8.400000000000318,-1,2021,4
SL,-1.0,-1.4687500000000515,3.1999999999996476,1,2021,5
SL,-1.0,-1.087719298245618,17.099999999999227,-1,2021,7
SL,-1.0,-1.1470588235294061,10.200000000000387,1,2021,8
SL,-1.0,-1.1339285714285607,11.200000000000898,1,2021,9
TP,2.0,1.7916666666666745,7.200000000000273,1,2021,13
SL,-1.0,-1.1315789473684323,11.399999999999011,-1,2021,13
SL,-1.0,-1.499999999999981,3.0000000000001137,1,2021,0
SL,-1.0,-1.5555555555555345,2.7000000000001023,-1,2021,1
TP,2.0,1.6666666666665741,4.4999999999987494,-1,2021,3
TP,2.0,1.61538461538463,3.900000000000148,1,2021,7
TP,2.0,1.4827586206895904,2.899999999999636,-1,2021,11
SL,-1.0,-1.1086956521739089,13.800000000000523,1,2021,15
fuera,0.08163265306122448,-0.02040816326530226,14.700000000000557,1,2021,16
fuera,1.6994535519124647,1.6174863387977136,18.300000000000693,1,2021,22
fuera,1.6994535519124647,1.6174863387977136,18.300000000000693,1,2021,22
fuera,1.6994535519124647,1.6174863387977136,18.300000000000693,1,2021,22
SL,-1.0,-1.2941176470588123,5.100000000000193,1,2021,0
SL,-1.0,-1.2459016393442912,6.099999999999284,-1,2021,4
TP,2.0,1.745762711864396,5.89999999999975,1,2021,16
SL,-1.0,-1.111111111111107,13.500000000000512,1,2021,3
SL,-1.0,-1.4285714285714703,3.499999999999659,-1,2021,7
SL,-1.0,-1.4545454545454373,3.300000000000125,1,2021,19
TP,2.0,1.6590909090908852,4.399999999999693,-1,2021,0
TP,2.0,1.6590909090908852,4.399999999999693,-1,2021,0
SL,-1.0,-1.2941176470588123,5.100000000000193,1,2021,1
SL,-1.0,-1.238095238095229,6.300000000000239,1,2021,3
SL,-1.0,-1.202702702702708,7.399999999999807,-1,2021,6
TP,2.0,1.8514851485148502,10.099999999999909,1,2021,10
TP,2.0,1.8514851485148502,10.099999999999909,1,2021,10
SL,-1.0,-1.3749999999999414,4.000000000000625,-1,2021,11
fuera,-0.06888888888887001,-0.10222222222220315,45.000000000000284,-1,2021,14
fuera,-0.06888888888887001,-0.10222222222220315,45.000000000000284,-1,2021,14
fuera,-0.06888888888887001,-0.10222222222220315,45.000000000000284,-1,2021,14
SL,-1.0,-1.0802139037433165,18.69999999999976,1,2021,15
SL,-1.0,-1.0802139037433165,18.69999999999976,1,2021,15
SL,-1.0,-1.1666666666666867,8.99999999999892,-1,2021,19
SL,-1.0,-1.0986842105263244,15.199999999998681,1,2021,0
SL,-1.0,-1.0986842105263244,15.199999999998681,1,2021,0
SL,-1.0,-1.2142857142856918,7.000000000000739,1,2021,1
TP,2.0,1.9025974025974004,15.399999999999636,-1,2021,1
TP,2.0,1.9025974025974004,15.399999999999636,-1,2021,1
TP,2.0,1.8660714285714393,11.200000000000898,-1,2021,2
SL,-1.0,-1.254237288135604,5.89999999999975,1,2021,3
SL,-1.0,-1.1181102362204767,12.699999999999534,-1,2021,3
SL,-1.0,-1.0967741935483863,15.500000000000114,1,2021,4
TP,2.0,1.8351648351648242,9.099999999999397,-1,2021,10
SL,-1.0,-1.2586206896552048,5.799999999999272,1,2021,11
SL,-1.0,-1.059288537549407,25.30000000000001,-1,2021,12
SL,-1.0,-1.059288537549407,25.30000000000001,-1,2021,12
SL,-1.0,-1.059288537549407,25.30000000000001,-1,2021,12
TP,2.0,1.9234693877551012,19.599999999999795,1,2021,13
fuera,0.23666666666666208,0.1866666666666616,29.999999999999716,1,2021,15
SL,-1.0,-1.1171875,12.800000000000011,1,2021,22
SL,-1.0,-1.0828729281767968,18.09999999999974,-1,2021,23
SL,-1.0,-1.0828729281767968,18.09999999999974,-1,2021,23
SL,-1.0,-1.187500000000004,7.9999999999998295,1,2021,0
SL,-1.0,-1.187500000000004,7.9999999999998295,1,2021,0
SL,-1.0,-1.2884615384615012,5.200000000000671,-1,2021,0
SL,-1.0,-1.0806451612903256,18.599999999999284,-1,2021,1
SL,-1.0,-1.3658536585366137,4.099999999999682,1,2021,5
SL,-1.0,-1.2173913043478177,6.9000000000002615,-1,2021,5
SL,-1.0,-1.1136363636363715,13.19999999999908,-1,2021,8
SL,-1.0,-1.1136363636363715,13.19999999999908,1,2021,11
TP,2.0,-1.0000000000027285,0.49999999999954525,-1,2021,19
SL,-1.0,-1.2459016393442912,6.099999999999284,-1,2021,0
TP,2.0,1.8672566371681412,11.299999999999955,1,2021,1
TP,2.0,1.8672566371681412,11.299999999999955,1,2021,1
SL,-1.0,-1.2343750000000258,6.399999999999295,1,2021,5
SL,-1.0,-1.8333333333333017,1.8000000000000682,-1,2021,5
SL,-1.0,-1.7142857142856873,2.1000000000000796,1,2021,6
SL,-1.0,-1.1376146788990713,10.900000000000887,-1,2021,7
TP,2.0,1.8453608247422815,9.700000000000841,1,2021,14
SL,-1.0,-1.099999999999996,15.000000000000568,1,2021,8
SL,-1.0,-1.099999999999996,15.000000000000568,1,2021,8
SL,-1.0,-1.211267605633809,7.099999999999795,-1,2021,11
SL,-1.0,-1.2205882352941246,6.799999999999784,-1,2021,13
TP,2.0,1.8000000000000076,7.500000000000284,1,2021,6
SL,-1.0,-1.4687500000000515,3.1999999999996476,-1,2021,12
SL,-1.0,-1.28846153846158,5.19999999999925,1,2021,15
fuera,0.5761589403973871,0.4768211920530138,15.099999999999625,-1,2021,0
fuera,0.5761589403973871,0.4768211920530138,15.099999999999625,-1,2021,0
SL,-1.0,-1.38461538461537,3.900000000000148,1,2021,2
SL,-1.0,-1.2173913043478177,6.9000000000002615,-1,2021,22
TP,2.0,1.8351648351648242,9.099999999999397,1,2021,0
TP,2.0,0.8461538461543103,1.300000000000523,-1,2021,0
TP,2.0,1.687500000000012,4.800000000000182,1,2021,3
SL,-1.0,-2.1538461538456897,1.300000000000523,-1,2021,6
TP,2.0,1.9101796407185638,16.70000000000016,1,2021,8
TP,2.0,1.9101796407185638,16.70000000000016,1,2021,8
TP,2.0,1.7272727272726907,5.499999999999261,-1,2021,0
TP,2.0,1.6999999999999829,4.999999999999716,1,2021,6
SL,-1.0,-1.3571428571428437,4.200000000000159,-1,2021,7
SL,-1.0,-1.1428571428571375,10.500000000000398,1,2021,8
SL,-1.0,-1.0961538461538425,15.600000000000591,-1,2021,11
fuera,0.7148148148147797,0.6592592592592262,27.000000000001023,1,2021,15
TP,2.0,1.687500000000012,4.800000000000182,1,2021,0
SL,-1.0,-1.5172413793104096,2.899999999999636,-1,2021,1
TP,2.0,1.7761194029850516,6.6999999999993065,1,2021,3
SL,-1.0,-1.5999999999998635,2.5000000000005684,1,2021,0
SL,-1.0,-1.178571428571452,8.399999999998897,-1,2021,17
TP,2.0,1.8192771084337314,8.29999999999984,1,2022,22
SL,-1.0,-1.0949367088607587,15.800000000000125,1,2022,0
SL,-1.0,-1.0949367088607587,15.800000000000125,1,2022,0
SL,-1.0,-1.0949367088607587,15.800000000000125,1,2022,0
TP,2.0,1.8484848484848542,9.900000000000375,-1,2022,9
TP,2.0,1.8484848484848542,9.900000000000375,-1,2022,9
SL,-1.0,-1.1595744680850923,9.40000000000083,-1,2022,10
SL,-1.0,-1.2054794520548133,7.299999999999329,1,2022,11
SL,-1.0,-1.2054794520548133,7.299999999999329,1,2022,11
SL,-1.0,-1.2054794520548133,7.299999999999329,1,2022,11
TP,2.0,1.9250000000000012,20.000000000000284,1,2022,13
TP,2.0,1.8499999999999914,9.999999999999432,1,2022,0
SL,-1.0,-1.3260869565217939,4.599999999999227,1,2022,15
SL,-1.0,-1.3260869565217939,4.599999999999227,1,2022,15
fuera,0.8461538461539302,0.7019230769231599,10.39999999999992,-1,2022,16
fuera,0.8461538461539302,0.7019230769231599,10.39999999999992,-1,2022,16
SL,-1.0,-1.5357142857141748,2.80000000000058,-1,2022,22
SL,-1.0,-1.5357142857141748,2.80000000000058,-1,2022,22
SL,-1.0,-1.38461538461537,3.900000000000148,1,2022,23
SL,-1.0,-1.2083333333333255,7.200000000000273,-1,2022,0
SL,-1.0,-1.2083333333333255,7.200000000000273,-1,2022,0
TP,2.0,1.842105263157893,9.499999999999886,1,2022,1
TP,2.0,1.842105263157893,9.499999999999886,1,2022,1
TP,2.0,1.842105263157893,9.499999999999886,1,2022,1
SL,-1.0,-1.1086956521739089,13.800000000000523,1,2022,2
TP,2.0,1.9079754601226975,16.29999999999967,-1,2022,8
SL,-1.0,-1.055350553505535,27.10000000000008,-1,2022,11
SL,-1.0,-1.055350553505535,27.10000000000008,-1,2022,11
SL,-1.0,-1.176470588235307,8.499999999999375,-1,2022,12
SL,-1.0,-1.0837988826815632,17.900000000000205,1,2022,13
SL,-1.0,-1.1282051282051233,11.700000000000443,1,2022,13
SL,-1.0,-1.1282051282051233,11.700000000000443,1,2022,13
SL,-1.0,-1.416666666666651,3.6000000000001364,-1,2022,13
SL,-1.0,-1.416666666666651,3.6000000000001364,-1,2022,13
TP,2.0,1.885496183206107,13.100000000000023,-1,2022,14
TP,2.0,1.885496183206107,13.100000000000023,-1,2022,14
TP,2.0,1.8684210526315839,11.400000000000432,-1,2022,15
SL,-1.0,-1.1595744680851163,9.399999999999409,1,2022,13
TP,2.0,1.9289099526066393,21.100000000001273,-1,2022,14
TP,2.0,1.9464285714285716,28.000000000000114,-1,2022,15
SL,-1.0,-1.1162790697674374,12.900000000000489,1,2022,8
TP,2.0,1.9210526315789522,19.000000000001194,-1,2022,12
SL,-1.0,-1.0590551181102383,25.399999999999068,-1,2022,0
fuera,0.255506607929479,0.1894273127752951,22.700000000000387,1,2022,17
TP,2.0,1.8404255319149077,9.40000000000083,1,2022,23
SL,-1.0,-1.156249999999994,9.600000000000364,-1,2022,0
SL,-1.0,-1.156249999999994,9.600000000000364,-1,2022,0
TP,2.0,1.920212765957448,18.80000000000024,1,2022,1
TP,2.0,1.920212765957448,18.80000000000024,1,2022,1
SL,-1.0,-1.0520833333333313,28.80000000000109,1,2022,2
SL,-1.0,-1.0520833333333313,28.80000000000109,1,2022,2
SL,-1.0,-1.2586206896551415,5.8000000000006935,-1,2022,9
SL,-1.0,-1.1948051948051994,7.699999999999818,-1,2022,12
SL,-1.0,-1.0925925925925972,16.199999999999193,1,2022,0
SL,-1.0,-1.0925925925925972,16.199999999999193,1,2022,0
TP,2.0,1.8880597014925375,13.400000000000034,-1,2022,1
TP,2.0,1.8026315789473513,7.599999999999341,-1,2022,2
TP,2.0,1.9246231155778888,19.899999999999807,-1,2022,4
SL,-1.0,-1.114503816793893,13.100000000000023,-1,2022,5
SL,-1.0,-1.114503816793893,13.100000000000023,-1,2022,5
SL,-1.0,-1.114503816793893,13.100000000000023,-1,2022,5
SL,-1.0,-1.0769230769230795,19.499999999999318,1,2022,7
SL,-1.0,-1.0769230769230795,19.499999999999318,1,2022,7
SL,-1.0,-1.0769230769230795,19.499999999999318,1,2022,7
SL,-1.0,-1.1500000000000086,9.999999999999432,1,2022,8
SL,-1.0,-1.1041666666666627,14.400000000000546,-1,2022,0
SL,-1.0,-1.1041666666666627,14.400000000000546,-1,2022,0
SL,-1.0,-1.0842696629213495,17.799999999999727,1,2022,1
SL,-1.0,-1.1595744680851163,9.399999999999409,-1,2022,1
SL,-1.0,-1.1595744680851163,9.399999999999409,-1,2022,1
TP,2.0,1.8543689320388472,10.300000000000864,1,2022,2
TP,2.0,1.8543689320388472,10.300000000000864,1,2022,2
TP,2.0,1.8543689320388472,10.300000000000864,1,2022,2
SL,-1.0,-1.1102941176470624,13.599999999999568,1,2022,3
SL,-1.0,-1.238095238095229,6.300000000000239,-1,2022,3
SL,-1.0,-1.3000000000000171,4.999999999999716,1,2022,5
TP,2.0,1.929245283018869,21.20000000000033,-1,2022,13
SL,-1.0,-1.0773195876288706,19.39999999999884,-1,2022,0
SL,-1.0,-1.0898203592814362,16.70000000000016,1,2022,8
SL,-1.0,-1.1162790697674503,12.899999999999068,1,2022,0
SL,-1.0,-1.238095238095229,6.300000000000239,1,2022,1
SL,-1.0,-1.1704545454545574,8.799999999999386,-1,2022,2
SL,-1.0,-1.0847457627118613,17.70000000000067,-1,2022,5
SL,-1.0,-1.069767441860464,21.50000000000034,-1,2022,8
SL,-1.0,-1.069767441860464,21.50000000000034,-1,2022,8
SL,-1.0,-1.1401869158878513,10.699999999999932,1,2022,9
fuera,1.6705426356588413,1.6124031007751225,25.800000000000978,1,2022,10
TP,2.0,1.8170731707316932,8.199999999999363,-1,2022,23
TP,2.0,1.716981132075533,5.300000000001148,-1,2022,0
SL,-1.0,-1.0955414012738875,15.699999999999648,-1,2022,1
SL,-1.0,-1.2678571428571552,5.5999999999997385,1,2022,2
TP,2.0,1.6666666666665741,4.4999999999987494,-1,2022,3
SL,-1.0,-1.1666666666666867,8.99999999999892,1,2022,6
SL,-1.0,-1.0961538461538514,15.59999999999917,1,2022,9
SL,-1.0,-1.2777777777777672,5.400000000000205,-1,2022,9
SL,-1.0,-1.2173913043478177,6.9000000000002615,1,2022,10
SL,-1.0,-1.3750000000000746,3.999999999999204,1,2022,0
SL,-1.0,-1.202702702702708,7.399999999999807,-1,2022,0
TP,2.0,1.8333333333333397,9.000000000000341,1,2022,1
TP,2.0,1.911764705882354,17.00000000000017,1,2022,8
TP,2.0,1.911764705882354,17.00000000000017,1,2022,8
SL,-1.0,-1.2678571428570873,5.60000000000116,-1,2022,9
TP,2.0,1.761904761904771,6.300000000000239,1,2022,10
SL,-1.0,-1.0920245398773025,16.29999999999967,-1,2022,19
TP,2.0,1.9214659685863884,19.10000000000025,1,2022,20
SL,-1.0,-1.1339285714285776,11.199999999999477,-1,2022,0
TP,2.0,1.8913043478260911,13.800000000000523,1,2022,7
SL,-1.0,-1.1785714285714217,8.400000000000318,-1,2022,5
SL,-1.0,-1.0761421319796944,19.700000000000273,1,2022,7
SL,-1.0,-1.0669642857142847,22.400000000000375,1,2022,0
SL,-1.0,-1.0669642857142847,22.400000000000375,1,2022,0
SL,-1.0,-1.1000000000000056,14.999999999999147,1,2022,2
TP,2.0,1.727272727272761,5.500000000000682,-1,2022,4
TP,2.0,1.9305555555555582,21.60000000000082,-1,2022,13
TP,2.0,1.9295774647887303,21.299999999999386,-1,2022,15
SL,-1.0,-1.999999999999962,1.5000000000000568,1,2022,17
SL,-1.0,-1.0920245398772945,16.30000000000109,-1,2022,18
SL,-1.0,-1.3333333333333206,4.5000000000001705,1,2022,0
TP,2.0,1.8928571428571432,14.000000000000057,-1,2022,1
SL,-1.0,-1.2205882352941246,6.799999999999784,-1,2022,4
SL,-1.0,-1.1973684210526119,7.600000000000762,1,2022,5
TP,2.0,1.93119266055046,21.800000000000352,-1,2022,9
SL,-1.0,-1.1282051282051389,11.699999999999022,1,2022,14
TP,2.0,1.8484848484848324,9.899999999998954,-1,2022,8
SL,-1.0,-1.0738916256157625,20.300000000000296,-1,2022,9
TP,2.0,1.8101265822784653,7.899999999999352,1,2022,7
SL,-1.0,-1.1948051948051994,7.699999999999818,1,2022,11
SL,-1.0,-1.111111111111107,13.500000000000512,-1,2022,12
SL,-1.0,-1.2054794520548133,7.299999999999329,1,2022,19
SL,-1.0,-1.1685393258426993,8.899999999999864,-1,2022,0
SL,-1.0,-1.12500000000001,11.999999999999034,-1,2022,1
SL,-1.0,-1.127118644067802,11.7999999999995,1,2022,2
SL,-1.0,-1.1807228915662686,8.29999999999984,1,2022,6
TP,2.0,1.8920863309352596,13.900000000001,1,2022,12
fuera,-0.34131736526947076,-0.37125748502994954,50.10000000000048,1,2022,13
fuera,-0.34131736526947076,-0.37125748502994954,50.10000000000048,1,2022,13
TP,2.0,1.4444444444444655,2.7000000000001023,-1,2022,13
fuera,0.5079365079364327,0.2698412698412037,6.300000000000239,-1,2022,16
fuera,-0.05263157894742747,-0.25000000000003925,7.600000000000762,-1,2022,20
SL,-1.0,-1.138888888888902,10.799999999998988,1,2022,0
SL,-1.0,-1.138888888888902,10.799999999998988,1,2022,0
SL,-1.0,-1.3409090909091148,4.399999999999693,-1,2022,1
SL,-1.0,-1.176470588235307,8.499999999999375,1,2022,5
SL,-1.0,-1.0967741935483863,15.500000000000114,-1,2022,8
SL,-1.0,-1.0967741935483863,15.500000000000114,-1,2022,8
SL,-1.0,-1.28846153846158,5.19999999999925,1,2022,9
SL,-1.0,-1.1530612244897753,9.800000000001319,-1,2022,11
fuera,1.2034632034631214,1.138528138528059,23.100000000000875,1,2022,0
SL,-1.0,-1.3061224489796395,4.899999999999238,-1,2022,1
SL,-1.0,-1.1595744680851163,9.399999999999409,1,2022,2
SL,-1.0,-1.1595744680851163,9.399999999999409,1,2022,2
SL,-1.0,-1.416666666666651,3.6000000000001364,-1,2022,3
SL,-1.0,-1.254237288135604,5.89999999999975,1,2022,5
SL,-1.0,-1.1209677419354884,12.399999999999523,-1,2022,8
SL,-1.0,-1.3488372093023893,4.299999999999216,1,2022,1
SL,-1.0,-2.6666666666666035,0.9000000000000341,1,2022,2
SL,-1.0,-1.1363636363636371,10.999999999999943,-1,2022,2
SL,-1.0,-1.1363636363636371,10.999999999999943,-1,2022,2
TP,2.0,1.8101265822784995,7.900000000000773,1,2022,3
SL,-1.0,-1.245901639344234,6.100000000000705,-1,2022,0
TP,2.0,1.8660714285714224,11.199999999999477,1,2022,4
TP,2.0,1.6249999999999254,3.999999999999204,-1,2022,6
TP,2.0,1.9390243902439048,24.600000000000932,1,2022,9
SL,-1.0,-1.16483516483515,9.100000000000819,1,2022,18
SL,-1.0,-1.16483516483515,9.100000000000819,1,2022,18
fuera,-0.09386281588446264,-0.12093862815883077,55.400000000000205,-1,2022,18
fuera,-0.09386281588446264,-0.12093862815883077,55.400000000000205,-1,2022,18
fuera,-0.09386281588446264,-0.12093862815883077,55.400000000000205,-1,2022,18
fuera,-0.09386281588446264,-0.12093862815883077,55.400000000000205,-1,2022,18
fuera,0.7208333333333563,0.658333333333355,23.99999999999949,1,2022,19
fuera,0.7208333333333563,0.658333333333355,23.99999999999949,1,2022,19
SL,-1.0,-1.099999999999996,15.000000000000568,-1,2022,19
SL,-1.0,-1.099999999999996,15.000000000000568,-1,2022,19
SL,-1.0,-1.1048951048951043,14.300000000000068,1,2022,22
SL,-1.0,-1.1048951048951043,14.300000000000068,1,2022,22
SL,-1.0,-1.0806451612903196,18.600000000000705,1,2022,23
SL,-1.0,-1.161290322580639,9.300000000000352,1,2022,0
SL,-1.0,-1.161290322580639,9.300000000000352,1,2022,0
SL,-1.0,-1.0757575757575784,19.79999999999933,-1,2022,0
SL,-1.0,-1.0757575757575784,19.79999999999933,-1,2022,0
SL,-1.0,-1.2542372881355428,5.900000000001171,1,2022,3
SL,-1.0,-1.0515463917525754,29.100000000001103,-1,2022,8
SL,-1.0,-1.0515463917525754,29.100000000001103,-1,2022,8
SL,-1.0,-1.0806451612903256,18.599999999999284,-1,2022,9
TP,2.0,1.8897058823529376,13.599999999999568,1,2022,10
SL,-1.0,-1.241935483870977,6.199999999999761,-1,2022,15
SL,-1.0,-1.0833333333333368,17.99999999999926,1,2022,16
SL,-1.0,-1.0833333333333368,17.99999999999926,1,2022,16
SL,-1.0,-1.0833333333333368,17.99999999999926,1,2022,16
TP,2.0,1.8672566371681412,11.299999999999955,-1,2022,17
SL,-1.0,-1.0802139037433165,18.69999999999976,-1,2022,0
SL,-1.0,-1.211267605633809,7.099999999999795,1,2022,1
SL,-1.0,-1.211267605633809,7.099999999999795,1,2022,1
SL,-1.0,-1.192307692307685,7.800000000000296,-1,2022,6
SL,-1.0,-1.192307692307685,7.800000000000296,-1,2022,6
SL,-1.0,-1.0579150579150578,25.900000000000034,1,2022,8
SL,-1.0,-1.2343750000000258,6.399999999999295,-1,2022,8
SL,-1.0,-1.2343750000000258,6.399999999999295,-1,2022,8
SL,-1.0,-1.254237288135604,5.89999999999975,1,2022,9
SL,-1.0,-1.254237288135604,5.89999999999975,1,2022,9
SL,-1.0,-1.0627615062761495,23.900000000000432,1,2022,14
TP,2.0,1.8828125,12.800000000000011,-1,2022,15
TP,2.0,1.776119402985099,6.700000000000728,-1,2022,8
SL,-1.0,-1.5172413793104096,2.899999999999636,1,2022,13
TP,2.0,1.949494949494949,29.699999999999704,-1,2022,13
SL,-1.0,-1.1315789473684161,11.400000000000432,-1,2022,14
SL,-1.0,-1.1181102362204636,12.700000000000955,1,2022,0
fuera,0.4575757575757486,0.4121212121212029,32.99999999999983,-1,2022,3
fuera,0.4575757575757486,0.4121212121212029,32.99999999999983,-1,2022,3
fuera,0.4575757575757486,0.4121212121212029,32.99999999999983,-1,2022,3
SL,-1.0,-1.1171875,12.800000000000011,1,2022,4
SL,-1.0,-1.1829268292683068,8.199999999999363,1,2022,8
SL,-1.0,-1.1829268292683068,8.199999999999363,1,2022,8
SL,-1.0,-1.1363636363636371,10.999999999999943,-1,2022,12
SL,-1.0,-1.1363636363636371,10.999999999999943,-1,2022,12
TP,2.0,1.8846153846153806,12.999999999999545,1,2022,0
fuera,-0.5555555555555263,-0.6249999999999727,21.599999999999397,1,2022,1
SL,-1.0,-1.1079136690647404,13.900000000001,-1,2022,1
SL,-1.0,-1.1851851851851782,8.100000000000307,-1,2022,22
SL,-1.0,-1.0761421319796944,19.700000000000273,1,2022,0
TP,2.0,1.86486486486487,11.10000000000042,-1,2022,1
SL,-1.0,-1.1153846153846194,12.999999999999545,1,2022,8
SL,-1.0,-1.1973684210526119,7.600000000000762,-1,2022,9
TP,2.0,-2.99999999999981,0.30000000000001137,1,2022,16
SL,-1.0,-1.6521739130435877,2.2999999999996135,1,2022,17
SL,-1.0,-1.263157894736832,5.700000000000216,-1,2022,18
SL,-1.0,-1.263157894736832,5.700000000000216,-1,2022,18
TP,2.0,1.7692307692307612,6.499999999999773,-1,2022,0
TP,2.0,1.9085365853658545,16.400000000000148,1,2022,8
TP,2.0,1.9085365853658545,16.400000000000148,1,2022,8
TP,2.0,1.9085365853658545,16.400000000000148,1,2022,8
SL,-1.0,-1.13513513513513,11.10000000000042,-1,2022,9
SL,-1.0,-1.13513513513513,11.10000000000042,-1,2022,9
SL,-1.0,-1.0819672131147573,18.299999999999272,1,2022,11
SL,-1.0,-1.3749999999999414,4.000000000000625,-1,2022,13
SL,-1.0,-1.10948905109489,13.700000000000045,1,2022,14
TP,2.0,1.9210526315789465,18.999999999999773,-1,2022,15
SL,-1.0,-1.1470588235294061,10.200000000000387,-1,2022,0
SL,-1.0,-1.1470588235294061,10.200000000000387,-1,2022,0
SL,-1.0,-1.326086956521693,4.600000000000648,1,2022,2
SL,-1.0,-1.1006711409395966,14.900000000000091,1,2022,8
TP,2.0,1.8148148148148218,8.100000000000307,1,2022,0
TP,2.0,1.8148148148148218,8.100000000000307,1,2022,0
SL,-1.0,-1.0757575757575784,19.79999999999933,1,2022,1
TP,2.0,1.821428571428548,8.399999999998897,-1,2022,2
SL,-1.0,-1.0396825396825398,37.80000000000001,-1,2022,3
SL,-1.0,-1.0396825396825398,37.80000000000001,-1,2022,3
SL,-1.0,-1.0396825396825398,37.80000000000001,-1,2022,3
SL,-1.0,-1.099337748344364,15.100000000001046,1,2022,4
SL,-1.0,-1.2173913043478177,6.9000000000002615,1,2022,5
SL,-1.0,-1.077720207253887,19.299999999999784,-1,2022,6
SL,-1.0,-1.077720207253887,19.299999999999784,-1,2022,6
TP,2.0,1.918478260869564,18.39999999999975,1,2022,12
TP,2.0,1.944649446494465,27.10000000000008,1,2022,14
SL,-1.0,-1.0342465753424668,43.79999999999882,1,2022,15
SL,-1.0,-1.0342465753424668,43.79999999999882,1,2022,15
SL,-1.0,-1.0342465753424668,43.79999999999882,1,2022,15
SL,-1.0,-1.2272727272727186,6.60000000000025,1,2022,3
SL,-1.0,-1.1546391752577412,9.69999999999942,-1,2022,4
SL,-1.0,-1.1546391752577412,9.69999999999942,-1,2022,4
SL,-1.0,-1.1898734177215347,7.899999999999352,1,2022,7
SL,-1.0,-1.1020408163265367,14.699999999999136,1,2022,17
TP,2.0,1.758064516129023,6.199999999999761,-1,2022,18
SL,-1.0,-1.0387596899224805,38.700000000000045,1,2022,22
SL,-1.0,-1.0387596899224805,38.700000000000045,1,2022,22
TP,2.0,1.9347826086956532,23.000000000000398,-1,2022,22
TP,2.0,1.9347826086956532,23.000000000000398,-1,2022,22
SL,-1.0,-1.1229508196721312,12.199999999999989,1,2022,14
SL,-1.0,-1.1229508196721312,12.199999999999989,1,2022,14
SL,-1.0,-2.0714285714278056,1.4000000000010004,1,2022,15
SL,-1.0,-1.0570342205323213,26.299999999999102,-1,2022,15
SL,-1.0,-1.0570342205323213,26.299999999999102,-1,2022,15
TP,2.0,1.918478260869564,18.39999999999975,-1,2022,16
TP,2.0,1.918478260869564,18.39999999999975,-1,2022,16
SL,-1.0,-1.1260504201680674,11.899999999999977,-1,2022,19
TP,2.0,1.842105263157893,9.499999999999886,1,2022,20
SL,-1.0,-1.0570342205323182,26.300000000000523,1,2022,0
SL,-1.0,-1.0570342205323182,26.300000000000523,1,2022,0
SL,-1.0,-1.0570342205323182,26.300000000000523,1,2022,0
TP,2.0,1.8000000000000076,7.500000000000284,-1,2022,1
TP,2.0,1.6511627906976107,4.299999999999216,-1,2022,4
TP,2.0,1.6511627906976107,4.299999999999216,-1,2022,4
SL,-1.0,-1.0837988826815699,17.899999999998784,-1,2022,9
SL,-1.0,-1.0837988826815699,17.899999999998784,-1,2022,9
SL,-1.0,-1.099337748344364,15.100000000001046,1,2022,13
SL,-1.0,-1.099337748344364,15.100000000001046,1,2022,13
TP,2.0,1.9242424242424272,19.80000000000075,1,2022,0
SL,-1.0,-1.483870967742065,3.09999999999917,-1,2022,6
SL,-1.0,-1.483870967742065,3.09999999999917,-1,2022,6
SL,-1.0,-1.263157894736832,5.700000000000216,1,2022,7
SL,-1.0,-1.263157894736832,5.700000000000216,1,2022,7
TP,2.0,0.9285714285721942,1.4000000000010004,-1,2022,10
SL,-1.0,-1.10948905109489,13.700000000000045,1,2022,13
SL,-1.0,-1.3191489361702329,4.699999999999704,-1,2022,4
SL,-1.0,-1.3191489361702329,4.699999999999704,-1,2022,4
TP,2.0,1.7058823529411877,5.100000000000193,1,2022,6
TP,2.0,1.7058823529411877,5.100000000000193,1,2022,6
SL,-1.0,-1.1630434782608718,9.199999999999875,-1,2022,8
SL,-1.0,-1.1630434782608718,9.199999999999875,-1,2022,8
SL,-1.0,-1.1470588235294061,10.200000000000387,1,2022,9
SL,-1.0,-1.1470588235294061,10.200000000000387,1,2022,9
SL,-1.0,-1.0961538461538425,15.600000000000591,1,2022,0
SL,-1.0,-1.0961538461538425,15.600000000000591,1,2022,0
SL,-1.0,-1.1351351351351473,11.099999999999,-1,2022,2
TP,2.0,1.9395161290322591,24.800000000000466,-1,2022,14
fuera,-0.03773584905662979,-0.07816711590298997,37.10000000000093,-1,2022,15
fuera,-0.03773584905662979,-0.07816711590298997,37.10000000000093,-1,2022,15
SL,-1.0,-1.0694444444444464,21.599999999999397,-1,2022,16
SL,-1.0,-1.0694444444444464,21.599999999999397,-1,2022,16
fuera,0.5583333333334389,0.4333333333334288,11.999999999999034,1,2022,17
SL,-1.0,-1.2343749999999738,6.400000000000716,1,2022,18
SL,-1.0,-1.1948051948051635,7.700000000001239,1,2022,22
SL,-1.0,-1.1063829787234003,14.100000000000534,1,2022,0
SL,-1.0,-1.1034482758620718,14.499999999999602,-1,2022,1
SL,-1.0,-1.1807228915662686,8.29999999999984,1,2022,13
SL,-1.0,-1.1162790697674374,12.900000000000489,1,2022,15
SL,-1.0,-1.13513513513513,11.10000000000042,-1,2022,19
SL,-1.0,-1.1704545454545299,8.800000000000807,-1,2022,20
TP,2.0,1.8770491803278688,12.199999999999989,1,2022,0
SL,-1.0,-1.5172413793104096,2.899999999999636,-1,2022,0
SL,-1.0,-1.3571428571428437,4.200000000000159,1,2022,1
SL,-1.0,-1.1499999999999873,10.000000000000853,-1,2022,2
SL,-1.0,-1.555555555555827,2.6999999999986812,-1,2022,8
TP,2.0,1.6999999999999829,4.999999999999716,1,2022,9
SL,-1.0,-1.2142857142856918,7.000000000000739,-1,2022,11
SL,-1.0,-1.1181102362204767,12.699999999999534,1,2022,12
SL,-1.0,-1.1428571428571375,10.500000000000398,1,2022,0
SL,-1.0,-1.1428571428571375,10.500000000000398,1,2022,0
TP,2.0,1.6052631578947025,3.7999999999996703,-1,2022,5
TP,2.0,1.6052631578947025,3.7999999999996703,-1,2022,5
TP,2.0,1.925742574257425,20.199999999999818,1,2022,14
TP,2.0,1.8275862068965583,8.70000000000033,1,2022,0
SL,-1.0,-1.1415094339622713,10.599999999999454,-1,2022,7
TP,2.0,1.912280701754382,17.099999999999227,1,2022,0
SL,-1.0,-1.6249999999999762,2.400000000000091,-1,2022,20
TP,2.0,1.9278846153846148,20.79999999999984,1,2022,21
TP,2.0,1.9397590361445771,24.899999999999523,1,2022,0
SL,-1.0,-1.1102941176470624,13.599999999999568,1,2022,0
SL,-1.0,-1.0394736842105268,37.999999999999545,-1,2022,6
SL,-1.0,-1.09803921568628,15.299999999999159,-1,2022,0
SL,-1.0,-1.1013513513513442,14.800000000001035,1,2022,6
TP,2.0,1.901315789473685,15.200000000000102,1,2022,14
SL,-1.0,-1.0559701492537312,26.800000000000068,-1,2022,14
TP,2.0,1.8672566371681412,11.299999999999955,1,2022,16
SL,-1.0,-1.1071428571428568,14.000000000000057,-1,2022,6
TP,2.0,1.797297297297292,7.399999999999807,1,2022,8
SL,-1.0,-1.2777777777777672,5.400000000000205,-1,2022,9
fuera,-0.27672955974839786,-0.3710691823899037,15.900000000000603,1,2022,11
SL,-1.0,-2.5000000000013642,0.9999999999990905,-1,2022,20
TP,2.0,1.9206349206349236,18.900000000000716,1,2022,21
TP,2.0,1.776119402985099,6.700000000000728,1,2022,10
TP,2.0,1.8571428571428625,10.500000000000398,1,2022,16
SL,-1.0,-1.156249999999994,9.600000000000364,-1,2022,16
TP,2.0,1.8695652173912984,11.499999999999488,1,2022,17
TP,2.0,1.968017057569296,46.89999999999941,1,2022,3
TP,2.0,1.945255474452555,27.40000000000009,1,2022,0
TP,2.0,1.9318181818181814,21.999999999999886,1,2022,4
TP,2.0,1.947916666666666,28.79999999999967,1,2022,3
TP,2.0,1.947916666666666,28.79999999999967,1,2022,3
TP,2.0,1.9420849420849422,25.900000000000034,1,2022,22
SL,-1.0,-1.1744186046511658,8.599999999999852,-1,2022,0
SL,-1.0,-1.1744186046511658,8.599999999999852,-1,2022,0
TP,2.0,1.9812265331664578,79.89999999999924,1,2022,1
TP,2.0,1.9812265331664578,79.89999999999924,1,2022,1
TP,2.0,1.9812265331664578,79.89999999999924,1,2022,1
SL,-1.0,-1.1807228915662376,8.300000000001262,1,2022,13
SL,-1.0,-1.02,75.0,-1,2022,13
SL,-1.0,-1.02,75.0,-1,2022,13
SL,-1.0,-1.0203804347826086,73.60000000000042,1,2022,14
SL,-1.0,-1.0203804347826086,73.60000000000042,1,2022,14
SL,-1.0,-1.0203804347826086,73.60000000000042,1,2022,14
SL,-1.0,-1.0203804347826086,73.60000000000042,1,2022,14
SL,-1.0,-1.2205882352941246,6.799999999999784,1,2022,0
SL,-1.0,-1.0402144772117958,37.300000000000466,1,2022,1
SL,-1.0,-1.0402144772117958,37.300000000000466,1,2022,1
SL,-1.0,-1.0402144772117958,37.300000000000466,1,2022,1
SL,-1.0,-1.0402144772117958,37.300000000000466,1,2022,1
SL,-1.0,-1.0402144772117958,37.300000000000466,1,2022,1
TP,2.0,1.9210526315789465,18.999999999999773,-1,2022,1
SL,-1.0,-1.0335570469798656,44.70000000000027,-1,2022,2
SL,-1.0,-1.0335570469798656,44.70000000000027,-1,2022,2
SL,-1.0,-1.0335570469798656,44.70000000000027,-1,2022,2
SL,-1.0,-1.0335570469798656,44.70000000000027,-1,2022,2
SL,-1.0,-1.0335570469798656,44.70000000000027,-1,2022,2
SL,-1.0,-1.0388601036269434,38.59999999999957,1,2022,0
SL,-1.0,-1.0388601036269434,38.59999999999957,1,2022,0
SL,-1.0,-1.0388601036269434,38.59999999999957,1,2022,0
SL,-1.0,-1.0388601036269434,38.59999999999957,1,2022,0
TP,2.0,1.9101796407185638,16.70000000000016,-1,2022,0
TP,2.0,1.9520766773162943,31.30000000000024,-1,2022,1
TP,2.0,1.9520766773162943,31.30000000000024,-1,2022,1
SL,-1.0,-1.0828729281767968,18.09999999999974,1,2022,3
SL,-1.0,-1.030864197530864,48.60000000000042,-1,2022,6
SL,-1.0,-1.030864197530864,48.60000000000042,-1,2022,6
SL,-1.0,-1.1851851851851782,8.100000000000307,1,2022,14
TP,2.0,1.9598930481283416,37.39999999999952,1,2022,0
TP,2.0,1.9598930481283416,37.39999999999952,1,2022,0
SL,-1.0,-1.187500000000004,7.9999999999998295,-1,2022,0
TP,2.0,1.9427480916030535,26.200000000000045,1,2022,1
TP,2.0,1.9427480916030535,26.200000000000045,1,2022,1
SL,-1.0,-1.0390625,38.400000000000034,1,2022,2
SL,-1.0,-1.0576923076923066,26.00000000000051,-1,2022,5
SL,-1.0,-1.0649350649350624,23.100000000000875,-1,2022,0
SL,-1.0,-1.0649350649350624,23.100000000000875,-1,2022,0
TP,2.0,1.9218750000000029,19.200000000000728,1,2022,1
TP,2.0,1.9218750000000029,19.200000000000728,1,2022,1
SL,-1.0,-1.1229508196721312,12.199999999999989,1,2022,3
SL,-1.0,-1.0898203592814362,16.70000000000016,-1,2022,4
TP,2.0,1.9218749999999971,19.199999999999307,1,2022,0
TP,2.0,1.9218749999999971,19.199999999999307,1,2022,0
SL,-1.0,-1.0503355704697983,29.800000000000182,-1,2022,0
TP,2.0,1.9548192771084347,33.200000000000784,1,2022,7
TP,2.0,1.8333333333333397,9.000000000000341,-1,2022,7
fuera,1.2027833001988149,1.1729622266401667,50.30000000000001,1,2022,14
fuera,1.2027833001988149,1.1729622266401667,50.30000000000001,1,2022,14
fuera,1.2027833001988149,1.1729622266401667,50.30000000000001,1,2022,14
SL,-1.0,-1.059288537549407,25.30000000000001,1,2022,0
SL,-1.0,-1.1153846153846068,13.000000000000966,-1,2022,0
TP,2.0,1.940944881889765,25.40000000000049,1,2022,6
SL,-1.0,-1.0819672131147573,18.299999999999272,1,2022,22
SL,-1.0,-1.0418994413407816,35.80000000000041,-1,2022,0
TP,2.0,1.9006622516556266,15.099999999999625,1,2022,1
TP,2.0,1.8717948717948767,11.700000000000443,1,2022,6
fuera,-0.5125000000000304,-0.5750000000000317,23.99999999999949,1,2022,12
TP,2.0,1.929245283018869,21.20000000000033,1,2022,21
SL,-1.0,-1.6249999999999762,2.400000000000091,-1,2022,21
TP,2.0,1.9025974025974004,15.399999999999636,1,2022,22
TP,2.0,1.9516129032258067,31.000000000000227,1,2022,0
TP,2.0,1.9353448275862066,23.199999999999932,1,2022,1
SL,-1.0,-1.0266429840142095,56.30000000000024,1,2022,6
SL,-1.0,-1.0266429840142095,56.30000000000024,1,2022,6
TP,2.0,1.9206349206349236,18.900000000000716,-1,2022,14
TP,2.0,1.9206349206349236,18.900000000000716,-1,2022,14
SL,-1.0,-1.0503355704697983,29.800000000000182,1,2022,0
SL,-1.0,-1.0561797752808997,26.69999999999959,-1,2022,1
fuera,0.8340336134453914,0.8025210084033745,47.59999999999991,1,2022,13
fuera,0.8340336134453914,0.8025210084033745,47.59999999999991,1,2022,13
fuera,0.16532258064514535,0.10483870967740455,24.800000000000466,1,2022,0
SL,-1.0,-1.2727272727273093,5.499999999999261,-1,2022,0
fuera,-0.432291666666674,-0.5104166666666768,19.199999999999307,1,2022,1
SL,-1.0,-1.0753768844221112,19.899999999999807,-1,2022,22
SL,-1.0,-1.066079295154184,22.700000000000387,-1,2022,0
SL,-1.0,-1.066079295154184,22.700000000000387,-1,2022,0
TP,2.0,1.9321266968325759,22.099999999998943,1,2022,1
TP,2.0,1.9321266968325759,22.099999999998943,1,2022,1
TP,2.0,1.8872180451127782,13.299999999999557,1,2022,15
TP,2.0,1.8872180451127782,13.299999999999557,1,2022,15
TP,2.0,1.9537037037037035,32.39999999999981,1,2022,0
TP,2.0,1.91891891891892,18.500000000000227,1,2022,6
fuera,-0.6541176470588531,-0.689411764705911,42.50000000000114,1,2022,15
fuera,0.07142857142858883,0.028571428571445276,34.99999999999943,-1,2022,17
SL,-1.0,-1.0612244897959173,24.500000000000455,1,2022,22
SL,-1.0,-1.0949367088607502,15.800000000001546,-1,2022,23
SL,-1.0,-1.054151624548739,27.69999999999868,1,2022,0
TP,2.0,1.9484536082474222,29.09999999999968,-1,2022,1
TP,2.0,1.9484536082474222,29.09999999999968,-1,2022,1
TP,2.0,1.9486301369863017,29.20000000000016,-1,2022,2
SL,-1.0,-1.0607287449392748,24.699999999998568,1,2022,4
fuera,-0.73151125401929,-0.7556270096462996,62.19999999999999,-1,2022,13
fuera,-0.73151125401929,-0.7556270096462996,62.19999999999999,-1,2022,13
SL,-1.0,-1.0638297872340428,23.499999999999943,1,2022,14
SL,-1.0,-1.0638297872340428,23.499999999999943,1,2022,14
TP,2.0,1.9402390438247024,25.100000000000477,1,2022,0
TP,2.0,1.9402390438247024,25.100000000000477,1,2022,0
SL,-1.0,-1.0649350649350664,23.099999999999454,-1,2022,0
SL,-1.0,-1.0649350649350664,23.099999999999454,-1,2022,0
SL,-1.0,-1.043103448275862,34.7999999999999,1,2022,2
SL,-1.0,-1.043103448275862,34.7999999999999,1,2022,2
SL,-1.0,-1.0382653061224494,39.19999999999959,-1,2022,12
SL,-1.0,-1.0382653061224494,39.19999999999959,-1,2022,12
TP,2.0,1.9501661129568109,30.100000000000193,1,2022,0
SL,-1.0,-1.0993377483443734,15.099999999999625,-1,2022,1
TP,2.0,1.9648711943793917,42.70000000000067,1,2022,2
TP,2.0,1.8623853211009107,10.899999999999466,-1,2022,3
TP,2.0,1.8623853211009107,10.899999999999466,-1,2022,3
TP,2.0,1.9369747899159662,23.799999999999955,1,2022,6
TP,2.0,1.8584905660377287,10.599999999999454,-1,2022,13
TP,2.0,1.9630541871921188,40.60000000000059,1,2022,14
SL,-1.0,-1.1041666666666627,14.400000000000546,1,2022,15
SL,-1.0,-1.0828729281767902,18.10000000000116,-1,2022,16
TP,2.0,1.9679487179487192,46.80000000000177,1,2022,0
TP,2.0,1.9679487179487192,46.80000000000177,1,2022,0
SL,-1.0,-1.0781249999999971,19.200000000000728,-1,2022,1
SL,-1.0,-1.0781249999999971,19.200000000000728,-1,2022,1
fuera,0.11595547309832992,0.10204081632653032,107.8000000000003,1,2022,3
fuera,0.11595547309832992,0.10204081632653032,107.8000000000003,1,2022,3
fuera,0.11595547309832992,0.10204081632653032,107.8000000000003,1,2022,3
fuera,0.12723214285718534,0.09375000000004093,44.79999999999791,1,2022,0
SL,-1.0,-1.1704545454545574,8.799999999999386,-1,2022,3
SL,-1.0,-1.1127819548872098,13.300000000000978,1,2022,4
TP,2.0,1.9050632911392327,15.799999999998704,1,2022,13
SL,-1.0,-1.009351620947631,160.3999999999985,-1,2022,18
SL,-1.0,-1.009351620947631,160.3999999999985,-1,2022,18
SL,-1.0,-1.009351620947631,160.3999999999985,-1,2022,18
SL,-1.0,-1.009351620947631,160.3999999999985,-1,2022,18
SL,-1.0,-1.009351620947631,160.3999999999985,-1,2022,18
SL,-1.0,-1.009351620947631,160.3999999999985,-1,2022,18
SL,-1.0,-1.0363196125908005,41.29999999999825,1,2022,22
TP,2.0,1.8695652173913146,11.50000000000091,1,2022,5
TP,2.0,1.956647398843931,34.600000000000364,1,2022,6
SL,-1.0,-1.2083333333333255,7.200000000000273,-1,2022,7
SL,-1.0,-1.2083333333333255,7.200000000000273,-1,2022,7
TP,2.0,1.9171270718231967,18.099999999998317,1,2022,10
TP,2.0,1.9519230769230744,31.19999999999834,1,2022,11
SL,-1.0,-1.1764705882352775,8.500000000000796,-1,2022,13
SL,-1.0,-1.1764705882352775,8.500000000000796,-1,2022,13
SL,-1.0,-1.0765306122448988,19.599999999999795,1,2022,15
SL,-1.0,-1.0765306122448988,19.599999999999795,1,2022,15
SL,-1.0,-1.0765306122448988,19.599999999999795,1,2022,15
TP,2.0,1.8943661971830956,14.19999999999959,-1,2022,16
SL,-1.0,-1.0862068965517209,17.40000000000066,1,2022,17
SL,-1.0,-1.0393700787401574,38.10000000000002,-1,2022,19
SL,-1.0,-1.0555555555555534,27.000000000001023,1,2022,0
SL,-1.0,-1.0555555555555534,27.000000000001023,1,2022,0
SL,-1.0,-1.0555555555555534,27.000000000001023,1,2022,0
SL,-1.0,-1.0555555555555534,27.000000000001023,1,2022,0
SL,-1.0,-1.0378787878787865,39.6000000000015,1,2022,1
TP,2.0,1.8623853211008927,10.899999999998045,-1,2022,7
TP,2.0,1.8846153846153806,12.999999999999545,-1,2022,8
SL,-1.0,-1.0622406639004114,24.100000000001387,-1,2022,10
SL,-1.0,-1.0622406639004114,24.100000000001387,-1,2022,10
SL,-1.0,-1.0622406639004114,24.100000000001387,-1,2022,10
TP,2.0,1.8888888888889048,13.500000000001933,1,2022,21
TP,2.0,1.8888888888889048,13.500000000001933,1,2022,21
SL,-1.0,-1.1162790697674503,12.899999999999068,1,2022,0
SL,-1.0,-1.1162790697674503,12.899999999999068,1,2022,0
SL,-1.0,-1.1500000000000086,9.999999999999432,-1,2022,1
SL,-1.0,-1.1500000000000086,9.999999999999432,-1,2022,1
SL,-1.0,-1.0641025641025617,23.400000000000887,1,2022,12
TP,2.0,1.9529780564263348,31.900000000001683,-1,2022,14
SL,-1.0,-1.0530035335689016,28.300000000001546,1,2022,15
SL,-1.0,-1.0530035335689016,28.300000000001546,1,2022,15
SL,-1.0,-1.0530035335689016,28.300000000001546,1,2022,15
SL,-1.0,-1.09803921568628,15.299999999999159,-1,2022,15
SL,-1.0,-1.1127819548872337,13.299999999998136,-1,2022,16
SL,-1.0,-1.12,12.5,-1,2022,19
SL,-1.0,-1.1209677419354884,12.399999999999523,1,2022,22
SL,-1.0,-1.0386597938144353,38.79999999999768,-1,2022,0
SL,-1.0,-1.0386597938144353,38.79999999999768,-1,2022,0
SL,-1.0,-1.0386597938144353,38.79999999999768,-1,2022,0
SL,-1.0,-1.0315789473684214,47.49999999999943,1,2022,1
SL,-1.0,-1.0315789473684214,47.49999999999943,1,2022,1
SL,-1.0,-1.1127819548872098,13.300000000000978,1,2022,2
TP,2.0,1.8214285714285783,8.400000000000318,-1,2022,2
SL,-1.0,-1.0592885375494103,25.29999999999859,1,2022,4
SL,-1.0,-1.1209677419354884,12.399999999999523,-1,2022,0
SL,-1.0,-1.0590551181102383,25.399999999999068,-1,2022,7
SL,-1.0,-1.0590551181102383,25.399999999999068,-1,2022,7
SL,-1.0,-1.122950819672117,12.20000000000141,-1,2022,9
SL,-1.0,-1.1401869158878513,10.699999999999932,1,2022,10
SL,-1.0,-1.0153374233128838,97.79999999999802,1,2022,12
SL,-1.0,-1.0153374233128838,97.79999999999802,1,2022,12
SL,-1.0,-1.0153374233128838,97.79999999999802,1,2022,12
SL,-1.0,-1.0153374233128838,97.79999999999802,1,2022,12
SL,-1.0,-1.0153374233128838,97.79999999999802,1,2022,12
SL,-1.0,-1.272727272727239,5.500000000000682,-1,2022,12
TP,2.0,1.9730700179533223,55.70000000000164,-1,2022,13
TP,2.0,1.9730700179533223,55.70000000000164,-1,2022,13
TP,2.0,1.9730700179533223,55.70000000000164,-1,2022,13
SL,-1.0,-1.1351351351351127,11.100000000001842,-1,2022,0
SL,-1.0,-1.0793650793650824,18.899999999999295,1,2022,1
TP,2.0,1.9577464788732382,35.49999999999898,-1,2022,6
fuera,1.0588235294117647,0.9117647058823586,10.200000000000387,-1,2022,14
SL,-1.0,-1.2000000000000304,7.499999999998863,-1,2022,22
SL,-1.0,-1.2000000000000304,7.499999999998863,-1,2022,22
SL,-1.0,-1.0974025974025996,15.399999999999636,1,2022,0
SL,-1.0,-1.0974025974025996,15.399999999999636,1,2022,0
TP,2.0,1.904458598726121,15.700000000001069,-1,2022,0
SL,-1.0,-1.0337078651685399,44.49999999999932,-1,2022,1
SL,-1.0,-1.0337078651685399,44.49999999999932,-1,2022,1
SL,-1.0,-1.0337078651685399,44.49999999999932,-1,2022,1
fuera,-0.040707964601763236,-0.06725663716813503,56.49999999999977,1,2022,7
SL,-1.0,-1.0401069518716584,37.39999999999952,1,2022,0
SL,-1.0,-1.1363636363636194,11.000000000001364,-1,2022,3
SL,-1.0,-1.0797872340425583,18.799999999998818,-1,2022,8
SL,-1.0,-1.0797872340425583,18.799999999998818,-1,2022,8
SL,-1.0,-1.0503355704697983,29.800000000000182,1,2022,12
SL,-1.0,-1.0503355704697983,29.800000000000182,1,2022,12
SL,-1.0,-1.0503355704697983,29.800000000000182,1,2022,12
TP,2.0,1.9206349206349176,18.899999999999295,-1,2022,13
TP,2.0,1.930232558139536,21.50000000000034,-1,2022,0
SL,-1.0,-1.1071428571428459,14.000000000001478,1,2022,1
TP,2.0,1.8148148148148544,8.100000000001728,-1,2022,2
SL,-1.0,-1.0431034482758639,34.79999999999848,-1,2022,13
SL,-1.0,-1.0431034482758639,34.79999999999848,-1,2022,13
SL,-1.0,-1.0531914893617,28.20000000000107,-1,2022,15
SL,-1.0,-1.0317796610169496,47.19999999999942,1,2022,0
SL,-1.0,-1.0317796610169496,47.19999999999942,1,2022,0
SL,-1.0,-1.555555555555242,2.7000000000015234,-1,2022,2
TP,2.0,1.7794117647058292,6.799999999998363,1,2022,3
SL,-1.0,-1.1327433628318588,11.299999999999955,-1,2022,3
SL,-1.0,-1.1530612244897753,9.800000000001319,1,2022,4
TP,2.0,1.9613402061855676,38.80000000000052,-1,2022,7
TP,2.0,1.960422163588391,37.90000000000049,-1,2022,8
SL,-1.0,-1.0643776824034323,23.30000000000041,-1,2022,0
SL,-1.0,-1.0359712230215825,41.70000000000016,1,2022,1
SL,-1.0,-1.0842696629213495,17.799999999999727,1,2022,22
TP,2.0,1.7826086956521823,6.9000000000002615,-1,2022,23
TP,2.0,1.9385245901639343,24.399999999999977,-1,2022,0
TP,2.0,1.9385245901639343,24.399999999999977,-1,2022,0
SL,-1.0,-1.0354609929078014,42.30000000000018,-1,2022,1
SL,-1.0,-1.0412087912087906,36.40000000000043,1,2022,5
SL,-1.0,-1.0412087912087906,36.40000000000043,1,2022,5
SL,-1.0,-1.0842696629213429,17.80000000000115,1,2022,0
SL,-1.0,-1.0493421052631575,30.400000000000205,1,2022,1
SL,-1.0,-1.0493421052631575,30.400000000000205,1,2022,1
TP,2.0,1.8790322580645116,12.399999999999523,-1,2022,1
TP,2.0,1.9268292682926824,20.49999999999983,-1,2022,2
TP,2.0,1.9268292682926824,20.49999999999983,-1,2022,2
TP,2.0,1.8809523809523854,12.600000000000477,-1,2022,4
SL,-1.0,-1.127118644067802,11.7999999999995,1,2022,6
TP,2.0,1.9571428571428582,35.00000000000085,-1,2022,7
SL,-1.0,-1.0545454545454533,27.50000000000057,1,2022,9
SL,-1.0,-1.0258175559380378,58.10000000000031,-1,2022,13
SL,-1.0,-1.0258175559380378,58.10000000000031,-1,2022,13
SL,-1.0,-1.0892857142857109,16.800000000000637,-1,2022,1
SL,-1.0,-1.0657894736842122,22.799999999999443,1,2022,2
SL,-1.0,-1.1086956521739089,13.800000000000523,-1,2022,3
SL,-1.0,-1.1744186046511658,8.599999999999852,1,2022,10
SL,-1.0,-1.0460122699386512,32.59999999999934,1,2022,0
SL,-1.0,-1.245901639344234,6.100000000000705,-1,2022,0
TP,2.0,1.947368421052631,28.49999999999966,-1,2022,1
SL,-1.0,-1.0258175559380378,58.10000000000031,-1,2022,7
SL,-1.0,-1.0258175559380378,58.10000000000031,-1,2022,7
TP,2.0,1.8809523809523854,12.600000000000477,1,2022,8
SL,-1.0,-1.0797872340425583,18.799999999998818,-1,2022,0
SL,-1.0,-1.187500000000004,7.9999999999998295,1,2022,22
SL,-1.0,-1.157894736842107,9.499999999999886,1,2022,23
SL,-1.0,-1.1704545454545574,8.799999999999386,1,2022,0
SL,-1.0,-1.0566037735849054,26.500000000000057,-1,2022,0
SL,-1.0,-1.0887573964497057,16.899999999999693,-1,2022,1
TP,2.0,1.9440298507462688,26.800000000000068,1,2022,7
TP,2.0,1.9440298507462688,26.800000000000068,1,2022,7
SL,-1.0,-1.1515151515151458,9.900000000000375,-1,2022,8
TP,2.0,1.9520766773162943,31.30000000000024,1,2022,12
TP,2.0,1.9520766773162943,31.30000000000024,1,2022,12
SL,-1.0,-1.1428571428571375,10.500000000000398,-1,2022,15
SL,-1.0,-1.0337078651685387,44.50000000000074,1,2022,0
SL,-1.0,-1.0508474576271207,29.49999999999875,-1,2022,7
TP,2.0,1.9166666666666567,17.99999999999784,1,2022,0
fuera,0.7624703087886077,0.7268408551068968,42.09999999999923,1,2022,12
fuera,0.7624703087886077,0.7268408551068968,42.09999999999923,1,2022,12
TP,2.0,1.9162011173184368,17.900000000000205,-1,2022,22
SL,-1.0,-1.0892857142857109,16.800000000000637,1,2022,0
SL,-1.0,-1.0627615062761495,23.900000000000432,-1,2022,1
TP,2.0,1.961928934010153,39.400000000000546,1,2022,14
TP,2.0,1.961928934010153,39.400000000000546,1,2022,14
SL,-1.0,-1.127118644067802,11.7999999999995,-1,2022,0
TP,2.0,1.961038961038963,38.50000000000193,1,2022,1
TP,2.0,1.9571428571428564,34.99999999999943,1,2022,0
TP,2.0,1.9468085106383,28.20000000000107,-1,2022,0
TP,2.0,1.9418604651162812,25.800000000000978,1,2022,22
TP,2.0,1.9418604651162812,25.800000000000978,1,2022,22
TP,2.0,1.9418604651162812,25.800000000000978,1,2022,22
SL,-1.0,-1.0511945392491457,29.300000000000637,1,2022,0
SL,-1.0,-1.1612903225806144,9.300000000001774,-1,2022,2
SL,-1.0,-1.0785340314136116,19.10000000000025,1,2022,6
SL,-1.0,-1.0785340314136116,19.10000000000025,1,2022,6
SL,-1.0,-1.0785340314136116,19.10000000000025,1,2022,6
SL,-1.0,-1.0773195876288593,19.400000000001683,1,2022,8
SL,-1.0,-1.0482315112540226,31.099999999997863,-1,2022,8
SL,-1.0,-1.0482315112540226,31.099999999997863,-1,2022,8
SL,-1.0,-1.0482315112540226,31.099999999997863,-1,2022,8
SL,-1.0,-1.0326086956521734,46.000000000000796,-1,2022,12
SL,-1.0,-1.0797872340425583,18.799999999998818,-1,2022,0
TP,2.0,1.932735426008964,22.299999999998477,1,2022,1
SL,-1.0,-1.0340136054421767,44.10000000000025,1,2022,3
SL,-1.0,-1.0340136054421767,44.10000000000025,1,2022,3
SL,-1.0,-1.0340136054421767,44.10000000000025,1,2022,3
SL,-1.0,-1.0602409638554229,24.899999999999523,-1,2022,7
SL,-1.0,-1.0602409638554229,24.899999999999523,-1,2022,7
SL,-1.0,-1.0602409638554229,24.899999999999523,-1,2022,7
TP,2.0,1.9514563106796112,30.89999999999975,1,2022,15
SL,-1.0,-1.0361445783132537,41.499999999999204,1,2022,18
SL,-1.0,-1.0561797752808997,26.69999999999959,-1,2022,19
TP,2.0,1.9479166666666687,28.80000000000109,-1,2022,0
SL,-1.0,-1.066079295154184,22.700000000000387,1,2022,1
TP,2.0,1.9448529411764688,27.199999999999136,-1,2022,5
SL,-1.0,-1.0867052023121377,17.300000000000182,1,2022,6
SL,-1.0,-1.057471264367817,26.099999999999568,-1,2022,8
SL,-1.0,-1.0635593220338933,23.60000000000184,-1,2022,9
TP,2.0,1.8598130841121487,10.699999999999932,1,2022,10
TP,2.0,1.893617021276589,14.099999999999113,1,2022,11
SL,-1.0,-1.0457317073170727,32.800000000000296,1,2022,18
TP,2.0,1.9818840579710146,82.8000000000003,-1,2022,18
SL,-1.0,-1.0793650793650824,18.899999999999295,1,2022,19
SL,-1.0,-1.032537960954446,46.10000000000127,-1,2022,19
SL,-1.0,-1.0405405405405401,37.000000000000455,1,2022,1
SL,-1.0,-1.0405405405405401,37.000000000000455,1,2022,1
TP,2.0,1.9242424242424272,19.80000000000075,-1,2022,2
SL,-1.0,-1.1086956521739089,13.800000000000523,-1,2022,5
SL,-1.0,-1.013537906137184,110.80000000000041,-1,2022,8
SL,-1.0,-1.013537906137184,110.80000000000041,-1,2022,8
SL,-1.0,-1.013537906137184,110.80000000000041,-1,2022,8
SL,-1.0,-1.013537906137184,110.80000000000041,-1,2022,8
fuera,0.8951902368987689,0.8844221105527531,139.30000000000007,1,2022,2
fuera,0.8951902368987689,0.8844221105527531,139.30000000000007,1,2022,2
SL,-1.0,-1.0159235668789808,94.20000000000073,-1,2022,2
SL,-1.0,-1.0159235668789808,94.20000000000073,-1,2022,2
fuera,1.039886039886028,1.0185185185185064,70.19999999999982,1,2022,3
fuera,1.0788530465948971,1.0519713261647905,55.800000000002115,1,2022,6
SL,-1.0,-1.0413223140495869,36.299999999999955,1,2022,9
TP,2.0,1.8897058823529376,13.599999999999568,-1,2022,9
SL,-1.0,-1.0872093023255829,17.199999999999704,-1,2022,12
fuera,-0.727272727272772,-0.7597402597403052,46.19999999999891,1,2022,14
fuera,-0.727272727272772,-0.7597402597403052,46.19999999999891,1,2022,14
fuera,0.8275862068965968,0.7701149425287798,26.099999999999568,-1,2022,15
fuera,0.8275862068965968,0.7701149425287798,26.099999999999568,-1,2022,15
SL,-1.0,-1.0581395348837188,25.800000000000978,1,2022,22
SL,-1.0,-1.1785714285714217,8.400000000000318,-1,2022,23
TP,2.0,1.9438202247191003,26.69999999999959,-1,2022,0
TP,2.0,1.9438202247191003,26.69999999999959,-1,2022,0
TP,2.0,1.9438202247191003,26.69999999999959,-1,2022,0
SL,-1.0,-1.2000000000000304,7.499999999998863,1,2022,1
TP,2.0,1.8598130841121487,10.699999999999932,1,2022,2
SL,-1.0,-1.095541401273879,15.700000000001069,-1,2022,2
SL,-1.0,-1.063559322033901,23.599999999999,-1,2022,7
TP,2.0,1.8818897637795364,12.700000000000955,1,2022,8
SL,-1.0,-1.0728155339805865,20.599999999998886,-1,2022,8
SL,-1.0,-1.0728155339805865,20.599999999998886,-1,2022,8
SL,-1.0,-1.0728155339805865,20.599999999998886,-1,2022,8
TP,2.0,1.9152542372881456,17.700000000002092,1,2022,9
TP,2.0,1.9152542372881456,17.700000000002092,1,2022,9
SL,-1.0,-1.0316455696202538,47.399999999998954,1,2022,10
fuera,0.2590051457975685,0.2332761578044295,58.29999999999984,-1,2022,2
fuera,0.2590051457975685,0.2332761578044295,58.29999999999984,-1,2022,2
fuera,0.2590051457975685,0.2332761578044295,58.29999999999984,-1,2022,2
fuera,0.2590051457975685,0.2332761578044295,58.29999999999984,-1,2022,2
TP,2.0,1.9132947976878623,17.300000000000182,1,2022,4
TP,2.0,1.9132947976878623,17.300000000000182,1,2022,4
SL,-1.0,-1.081521739130436,18.39999999999975,1,2022,5
SL,-1.0,-1.0614754098360657,24.399999999999977,1,2022,6
SL,-1.0,-1.1829268292683068,8.199999999999363,1,2022,12
SL,-1.0,-1.1829268292683068,8.199999999999363,1,2022,12
SL,-1.0,-1.0221893491124265,67.59999999999877,-1,2022,13
SL,-1.0,-1.0221893491124265,67.59999999999877,-1,2022,13
SL,-1.0,-1.0221893491124265,67.59999999999877,-1,2022,13
SL,-1.0,-1.0510204081632684,29.399999999998272,1,2022,15
SL,-1.0,-1.0326086956521734,46.000000000000796,1,2022,0
SL,-1.0,-1.0326086956521734,46.000000000000796,1,2022,0
SL,-1.0,-1.042979942693411,34.899999999998954,-1,2022,1
SL,-1.0,-1.042979942693411,34.899999999998954,-1,2022,1
SL,-1.0,-1.1190476190476413,12.599999999997635,-1,2022,7
fuera,0.6572164948453403,0.6185567010309079,38.80000000000052,1,2022,8
TP,2.0,1.6249999999999254,3.999999999999204,-1,2022,17
SL,-1.0,-1.031645569620252,47.400000000001796,-1,2022,0
SL,-1.0,-1.031645569620252,47.400000000001796,-1,2022,0
TP,2.0,1.9462365591397843,27.899999999999636,1,2022,6
TP,2.0,1.9462365591397843,27.899999999999636,1,2022,6
TP,2.0,1.8660714285714224,11.199999999999477,1,2022,10
SL,-1.0,-1.0691244239631295,21.700000000001296,1,2022,11
SL,-1.0,-1.043352601156069,34.600000000000364,-1,2022,13
SL,-1.0,-1.043352601156069,34.600000000000364,-1,2022,13
SL,-1.0,-1.1612903225806144,9.300000000001774,1,2022,0
TP,2.0,1.898648648648646,14.799999999999613,-1,2022,0
SL,-1.0,-1.0442477876106198,33.899999999999864,-1,2022,1
SL,-1.0,-1.0442477876106198,33.899999999999864,-1,2022,1
TP,2.0,1.8557692307692495,10.400000000001342,1,2022,2
TP,2.0,1.9299065420560744,21.399999999999864,1,2022,6
TP,2.0,1.9210526315789465,18.999999999999773,1,2022,7
SL,-1.0,-1.0735294117647032,20.400000000000773,-1,2022,11
SL,-1.0,-1.0446428571428554,33.60000000000127,1,2022,12
SL,-1.0,-1.0750000000000042,19.999999999998863,-1,2022,0
SL,-1.0,-1.0374064837905255,40.099999999998204,1,2022,9
SL,-1.0,-1.0374064837905255,40.099999999998204,1,2022,9
TP,2.0,1.9157303370786505,17.799999999999727,-1,2022,5
SL,-1.0,-1.0753768844221168,19.899999999998386,1,2022,13
SL,-1.0,-1.0669642857142803,22.400000000001796,-1,2022,15
TP,2.0,1.893617021276589,14.099999999999113,1,2022,19
SL,-1.0,-1.0789473684210535,18.999999999999773,1,2022,0
TP,2.0,1.9392712550607252,24.699999999998568,-1,2022,1
fuera,0.17955112219451583,0.1421446384039931,40.100000000001046,-1,2022,2
SL,-1.0,-1.1063829787233894,14.100000000001955,1,2022,3
SL,-1.0,-1.0590551181102383,25.399999999999068,-1,2022,3
TP,2.0,1.8846153846153806,12.999999999999545,-1,2022,4
SL,-1.0,-1.0797872340425583,18.799999999998818,1,2022,5
SL,-1.0,-1.0892857142857109,16.800000000000637,-1,2022,6
SL,-1.0,-1.0326797385620914,45.90000000000032,1,2022,7
SL,-1.0,-1.0572519083969465,26.200000000000045,1,2022,9
SL,-1.0,-1.059523809523814,25.199999999998113,-1,2022,23
SL,-1.0,-1.0793650793650704,18.900000000002137,-1,2022,0
TP,2.0,1.9380165289256173,24.199999999999022,1,2022,1
SL,-1.0,-1.1351351351351127,11.100000000001842,-1,2022,1
TP,2.0,1.9085365853658625,16.40000000000157,1,2022,3
SL,-1.0,-1.3260869565217939,4.599999999999227,-1,2022,5
SL,-1.0,-1.0943396226415143,15.899999999999181,1,2022,6
SL,-1.0,-1.0574712643678108,26.10000000000241,1,2022,14
TP,2.0,1.836956521739103,9.199999999998454,-1,2022,15
TP,2.0,1.9013157894736756,15.199999999998681,1,2022,23
SL,-1.0,-1.057471264367817,26.099999999999568,1,2022,0
SL,-1.0,-1.057471264367817,26.099999999999568,1,2022,0
SL,-1.0,-1.051724137931031,29.000000000002046,1,2022,8
SL,-1.0,-1.0570342205323244,26.29999999999768,-1,2022,8
SL,-1.0,-1.0570342205323244,26.29999999999768,-1,2022,8
SL,-1.0,-1.0862068965517209,17.40000000000066,-1,2022,13
SL,-1.0,-1.0867052023121377,17.300000000000182,1,2022,15
SL,-1.0,-1.081521739130436,18.39999999999975,-1,2022,23
SL,-1.0,-1.0842696629213495,17.799999999999727,1,2022,0
SL,-1.0,-1.0405405405405401,37.000000000000455,-1,2022,1
SL,-1.0,-1.0405405405405401,37.000000000000455,-1,2022,1
SL,-1.0,-1.0405405405405401,37.000000000000455,-1,2022,1
SL,-1.0,-1.0624999999999976,24.00000000000091,1,2022,3
SL,-1.0,-1.1190476190476146,12.600000000000477,1,2022,7
TP,2.0,1.925742574257425,20.199999999999818,1,2022,12
SL,-1.0,-1.0437317784256537,34.30000000000177,-1,2022,14
SL,-1.0,-1.0437317784256537,34.30000000000177,-1,2022,14
SL,-1.0,-1.0503355704697983,29.800000000000182,-1,2022,0
SL,-1.0,-1.0503355704697983,29.800000000000182,-1,2022,0
SL,-1.0,-1.0385604113110558,38.89999999999816,1,2022,7
SL,-1.0,-1.0385604113110558,38.89999999999816,1,2022,7
SL,-1.0,-1.0385604113110558,38.89999999999816,1,2022,7
TP,2.0,1.8404255319148837,9.399999999999409,-1,2022,8
TP,2.0,1.9234693877551012,19.599999999999795,-1,2022,0
TP,2.0,1.9234693877551012,19.599999999999795,-1,2022,0
SL,-1.0,-1.0624999999999976,24.00000000000091,1,2022,1
SL,-1.0,-1.0837988826815632,17.900000000000205,1,2022,2
SL,-1.0,-1.0837988826815632,17.900000000000205,1,2022,2
SL,-1.0,-1.0549450549450556,27.299999999999613,-1,2022,4
fuera,-0.602543720190791,-0.6263910969793436,62.90000000000191,1,2022,12
fuera,-0.602543720190791,-0.6263910969793436,62.90000000000191,1,2022,12
fuera,-0.602543720190791,-0.6263910969793436,62.90000000000191,1,2022,12
fuera,0.8725099601595344,0.81274900398423,25.099999999997635,-1,2022,13
fuera,0.047393364929005075,-0.02369668246436514,21.09999999999843,-1,2022,14
TP,2.0,1.9407114624505897,25.29999999999859,1,2022,21
TP,2.0,0.6363636363631009,1.099999999999568,-1,2022,21
TP,2.0,1.7945205479452266,7.30000000000075,1,2022,22
TP,2.0,1.88,12.5,1,2022,23
TP,2.0,1.9350649350649336,23.099999999999454,1,2022,0
TP,2.0,1.9350649350649336,23.099999999999454,1,2022,0
fuera,0.04185351270551737,0.019431988041840615,66.90000000000111,1,2022,1
SL,-1.0,-1.7499999999996163,2.000000000001023,1,2022,13
TP,2.0,1.9749999999999999,59.99999999999943,1,2022,12
SL,-1.0,-1.0208913649025073,71.79999999999893,-1,2022,14
SL,-1.0,-1.0208913649025073,71.79999999999893,-1,2022,14
TP,2.0,1.9539877300613488,32.59999999999934,1,2022,0
TP,2.0,1.9539877300613488,32.59999999999934,1,2022,0
TP,2.0,1.9180327868852427,18.299999999999272,-1,2022,23
SL,-1.0,-1.0974025974025996,15.399999999999636,-1,2022,0
SL,-1.0,-1.0887573964496984,16.900000000001114,1,2022,3
TP,2.0,1.8809523809523854,12.600000000000477,-1,2022,3
TP,2.0,1.9050632911392327,15.799999999998704,-1,2022,0
TP,2.0,1.9050632911392327,15.799999999998704,-1,2022,0
SL,-1.0,-1.0765306122448988,19.599999999999795,-1,2022,6
SL,-1.0,-1.0765306122448988,19.599999999999795,-1,2022,6
SL,-1.0,-1.122950819672117,12.20000000000141,1,2022,9
SL,-1.0,-1.0684931506849333,21.89999999999941,-1,2022,10
TP,2.0,1.960106382978724,37.60000000000048,1,2022,14
TP,2.0,1.9275362318840656,20.700000000002206,1,2022,15
SL,-1.0,-1.067264573991036,22.299999999998477,-1,2022,0
SL,-1.0,-1.0721153846153852,20.79999999999984,1,2022,23
SL,-1.0,-1.0721153846153852,20.79999999999984,1,2022,23
SL,-1.0,-1.0721153846153852,20.79999999999984,1,2022,23
SL,-1.0,-1.272727272727239,5.500000000000682,-1,2022,23
SL,-1.0,-1.2054794520547734,7.30000000000075,1,2022,0
SL,-1.0,-1.2054794520547734,7.30000000000075,1,2022,0
TP,2.0,1.8387096774193363,9.299999999998931,-1,2022,0
SL,-1.0,-1.1282051282051389,11.699999999999022,1,2022,1
SL,-1.0,-1.1027397260274068,14.599999999998658,-1,2022,1
SL,-1.0,-1.1027397260274068,14.599999999998658,-1,2022,1
SL,-1.0,-1.1027397260274068,14.599999999998658,-1,2022,1
SL,-1.0,-1.1293103448276025,11.599999999998545,-1,2022,4
SL,-1.0,-1.0510204081632684,29.399999999998272,1,2022,7
SL,-1.0,-1.0510204081632684,29.399999999998272,1,2022,7
SL,-1.0,-1.0510204081632684,29.399999999998272,1,2022,7
TP,2.0,1.9662921348314601,44.49999999999932,-1,2022,12
TP,2.0,1.9690721649484526,48.49999999999852,-1,2022,14
TP,2.0,1.9690721649484526,48.49999999999852,-1,2022,14
SL,-1.0,-1.05859375,25.600000000000023,1,2022,15
SL,-1.0,-1.05859375,25.600000000000023,1,2022,15
SL,-1.0,-1.0697674418604732,21.4999999999975,-1,2022,20
SL,-1.0,-1.2307692307692388,6.499999999999773,1,2022,22
TP,2.0,1.8936170212766106,14.100000000001955,1,2022,1
TP,2.0,1.4230769230765246,2.5999999999982037,-1,2022,4
SL,-1.0,-1.1785714285714821,8.399999999997476,1,2022,5
SL,-1.0,-1.2631578947367665,5.700000000001637,-1,2022,5
TP,2.0,1.9436090225563891,26.599999999999113,-1,2022,9
TP,2.0,1.9668874172185433,45.300000000000296,-1,2022,11
SL,-1.0,-1.079787234042546,18.80000000000166,1,2022,0
SL,-1.0,-1.032751091703057,45.79999999999984,-1,2022,1
TP,2.0,1.9448529411764688,27.199999999999136,1,2022,2
TP,2.0,1.8943661971830956,14.19999999999959,1,2022,0
SL,-1.0,-1.11811023622049,12.699999999998113,-1,2022,1
SL,-1.0,-1.0769230769230795,19.499999999999318,-1,2022,10
TP,2.0,1.898648648648646,14.799999999999613,1,2022,19
SL,-1.0,-1.0553505535055379,27.09999999999866,1,2022,0
SL,-1.0,-1.0553505535055379,27.09999999999866,1,2022,0
TP,2.0,1.8920863309352376,13.899999999998158,-1,2022,1
SL,-1.0,-1.283018867924543,5.299999999999727,-1,2022,3
SL,-1.0,-1.2941176470588944,5.099999999998772,1,2022,8
SL,-1.0,-1.0877192982456034,17.10000000000207,-1,2022,9
TP,2.0,1.9858889934148634,106.29999999999882,-1,2022,18
SL,-1.0,-1.1119402985074505,13.400000000001455,1,2022,19
TP,2.0,1.955489614243322,33.69999999999891,-1,2022,23
SL,-1.0,-1.127118644067802,11.7999999999995,1,2022,0
TP,2.0,1.9420849420849453,25.900000000001455,-1,2022,0
TP,2.0,1.9420849420849453,25.900000000001455,-1,2022,0
TP,2.0,1.979310344827586,72.49999999999943,-1,2022,1
TP,2.0,1.979310344827586,72.49999999999943,-1,2022,1
TP,2.0,1.979310344827586,72.49999999999943,-1,2022,1
TP,2.0,1.979310344827586,72.49999999999943,-1,2022,1
SL,-1.0,-1.101351351351354,14.799999999999613,1,2022,7
SL,-1.0,-1.0129533678756477,115.7999999999987,-1,2022,3
TP,2.0,1.9715370018975324,52.69999999999868,-1,2022,0
TP,2.0,1.9726277372262775,54.80000000000018,-1,2022,1
SL,-1.0,-1.0773195876288706,19.39999999999884,1,2022,3
SL,-1.0,-1.0255536626916517,58.70000000000175,-1,2022,0
TP,2.0,1.9787835926449786,70.69999999999936,1,2022,13
TP,2.0,1.9736842105263155,56.99999999999932,1,2022,17
SL,-1.0,-1.6249999999999762,2.400000000000091,-1,2022,21
SL,-1.0,-1.0421348314606749,35.599999999999454,1,2022,23
SL,-1.0,-1.057471264367817,26.099999999999568,-1,2022,23
SL,-1.0,-1.057471264367817,26.099999999999568,-1,2022,23
SL,-1.0,-1.0285714285714282,52.50000000000057,1,2022,0
SL,-1.0,-1.0285714285714282,52.50000000000057,1,2022,0
SL,-1.0,-1.0285714285714282,52.50000000000057,1,2022,0
SL,-1.0,-1.0284090909090913,52.79999999999916,-1,2022,2
SL,-1.0,-1.0284090909090913,52.79999999999916,-1,2022,2
SL,-1.0,-1.0284090909090913,52.79999999999916,-1,2022,2
SL,-1.0,-1.0284090909090913,52.79999999999916,-1,2022,2
TP,2.0,1.965357967667436,43.29999999999927,1,2022,4
TP,2.0,1.9712092130518226,52.09999999999866,1,2022,5
SL,-1.0,-1.0184501845018452,81.29999999999882,1,2022,14
TP,2.0,1.8235294117647225,8.500000000000796,-1,2022,16
SL,-1.0,-1.2499999999999905,6.000000000000227,1,2022,0
SL,-1.0,-1.2499999999999905,6.000000000000227,1,2022,0
SL,-1.0,-1.0406504065040652,36.89999999999998,1,2022,12
SL,-1.0,-1.0406504065040652,36.89999999999998,1,2022,12
TP,2.0,1.9558823529411768,34.00000000000034,-1,2022,12
TP,2.0,1.9558823529411768,34.00000000000034,-1,2022,12
SL,-1.0,-1.0401069518716584,37.39999999999952,-1,2022,14
SL,-1.0,-1.0401069518716584,37.39999999999952,-1,2022,14
SL,-1.0,-1.049999999999998,30.000000000001137,1,2022,1
TP,2.0,1.9218750000000029,19.200000000000728,-1,2022,5
SL,-1.0,-1.0462962962962985,32.399999999998386,-1,2022,6
fuera,0.23057644110275324,0.22117794486215175,159.60000000000036,1,2022,12
fuera,0.23057644110275324,0.22117794486215175,159.60000000000036,1,2022,12
fuera,0.23057644110275324,0.22117794486215175,159.60000000000036,1,2022,12
fuera,0.23057644110275324,0.22117794486215175,159.60000000000036,1,2022,12
fuera,0.23057644110275324,0.22117794486215175,159.60000000000036,1,2022,12
SL,-1.0,-1.0477707006369394,31.400000000002137,1,2022,0
TP,2.0,1.9369747899159662,23.799999999999955,-1,2022,0
SL,-1.0,-1.0882352941176388,17.00000000000159,-1,2022,1
TP,2.0,1.9327354260089726,22.30000000000132,-1,2022,10
TP,2.0,1.7727272727272814,6.60000000000025,1,2022,13
SL,-1.0,-1.0329670329670342,45.49999999999841,-1,2022,13
SL,-1.0,-1.0394736842105268,37.999999999999545,1,2022,14
SL,-1.0,-1.063559322033901,23.599999999999,1,2022,19
SL,-1.0,-1.095541401273879,15.700000000001069,-1,2022,0
SL,-1.0,-1.223880597014901,6.700000000000728,1,2022,3
SL,-1.0,-1.1363636363636547,10.999999999998522,1,2022,0
TP,2.0,1.9202127659574417,18.799999999998818,-1,2022,1
SL,-1.0,-1.1546391752577185,9.700000000000841,1,2022,4
SL,-1.0,-1.0678733031674197,22.100000000000364,-1,2022,11
fuera,-0.3082901554404128,-0.3160621761658014,193.00000000000068,-1,2022,12
fuera,-0.3082901554404128,-0.3160621761658014,193.00000000000068,-1,2022,12
fuera,-0.3082901554404128,-0.3160621761658014,193.00000000000068,-1,2022,12
TP,2.0,1.4230769230765246,2.5999999999982037,1,2022,13
SL,-1.0,-1.0268336314847943,55.89999999999975,-1,2022,14
SL,-1.0,-1.0268336314847943,55.89999999999975,-1,2022,14
SL,-1.0,-1.029239766081871,51.30000000000052,1,2022,15
TP,2.0,1.9517684887459774,31.099999999997863,-1,2022,7
SL,-1.0,-1.1102941176470393,13.60000000000241,1,2022,9
SL,-1.0,-1.0334821428571443,44.79999999999791,-1,2022,12
TP,2.0,1.933035714285711,22.399999999998954,1,2022,13
SL,-1.0,-1.0872093023255829,17.199999999999704,-1,2022,0
SL,-1.0,-1.1041666666666627,14.400000000000546,1,2022,2
SL,-1.0,-1.1546391752577638,9.699999999997999,1,2022,23
SL,-1.0,-1.0413223140495869,36.299999999999955,-1,2022,0
SL,-1.0,-1.0413223140495869,36.299999999999955,-1,2022,0
SL,-1.0,-1.0510204081632635,29.400000000001114,1,2022,1
SL,-1.0,-1.08108108108108,18.500000000000227,1,2022,6
SL,-1.0,-1.0301810865191157,49.69999999999857,-1,2022,12
TP,2.0,1.9486301369863017,29.20000000000016,1,2022,14
SL,-1.0,-1.2586206896552048,5.799999999999272,-1,2022,0
TP,2.0,1.9285714285714313,21.000000000000796,1,2022,1
TP,2.0,1.9285714285714313,21.000000000000796,1,2022,1
SL,-1.0,-1.0806451612903196,18.600000000000705,-1,2022,5
TP,2.0,1.9456521739130455,27.600000000001046,1,2022,7
TP,2.0,1.9456521739130455,27.600000000001046,1,2022,7
TP,2.0,1.950331125827818,30.200000000002092,1,2022,8
TP,2.0,1.962025316455697,39.50000000000102,1,2022,7
TP,2.0,1.9468085106383,28.20000000000107,1,2022,12
TP,2.0,1.958904109589042,36.50000000000091,1,2022,16
TP,2.0,1.9681528662420384,47.100000000000364,1,2022,0
SL,-1.0,-1.0464396284829711,32.30000000000075,1,2022,0
SL,-1.0,-1.0464396284829711,32.30000000000075,1,2022,0
SL,-1.0,-1.0627615062761495,23.900000000000432,-1,2022,6
SL,-1.0,-1.0627615062761495,23.900000000000432,-1,2022,6
SL,-1.0,-1.1973684210525748,7.600000000002183,1,2022,7
SL,-1.0,-1.0627615062761495,23.900000000000432,-1,2022,9
SL,-1.0,-1.3333333333334259,4.4999999999987494,1,2022,0
TP,2.0,1.9675324675324688,46.20000000000175,-1,2022,0
SL,-1.0,-1.066079295154184,22.700000000000387,-1,2022,1
SL,-1.0,-1.0738916256157625,20.300000000000296,1,2022,2
SL,-1.0,-1.095541401273879,15.700000000001069,1,2022,13
fuera,-0.09645909645910726,-0.11477411477412583,81.89999999999884,-1,2022,13
fuera,-0.09645909645910726,-0.11477411477412583,81.89999999999884,-1,2022,13
TP,2.0,1.9668141592920352,45.19999999999982,1,2022,14
SL,-1.0,-1.0273224043715843,54.90000000000066,-1,2022,14
SL,-1.0,-1.0793650793650824,18.899999999999295,1,2022,18
SL,-1.0,-1.0595238095238073,25.200000000000955,1,2022,0
SL,-1.0,-1.0595238095238073,25.200000000000955,1,2022,0
TP,2.0,1.8611111111111165,10.80000000000041,-1,2022,3
SL,-1.0,-1.0428571428571436,34.99999999999943,-1,2022,4
SL,-1.0,-1.0545454545454533,27.50000000000057,1,2022,13
SL,-1.0,-1.031446540880503,47.70000000000039,-1,2022,14
SL,-1.0,-1.031446540880503,47.70000000000039,-1,2022,14
SL,-1.0,-1.074257425742575,20.199999999999818,1,2022,0
TP,2.0,1.9429657794676818,26.300000000000523,-1,2022,0
SL,-1.0,-1.122950819672117,12.20000000000141,1,2022,1
SL,-1.0,-1.0535714285714284,28.000000000000114,-1,2022,1
SL,-1.0,-1.0802139037433227,18.69999999999834,-1,2022,4
SL,-1.0,-1.2678571428572234,5.599999999998317,-1,2022,0
TP,2.0,1.8872180451127663,13.299999999998136,1,2022,1
SL,-1.0,-1.082417582417588,18.199999999998795,1,2022,4
SL,-1.0,-1.2777777777777672,5.400000000000205,-1,2022,6
SL,-1.0,-1.0438596491228054,34.200000000001296,-1,2022,12
fuera,0.21357466063347708,0.1999999999999928,110.49999999999898,1,2022,14
fuera,0.21357466063347708,0.1999999999999928,110.49999999999898,1,2022,14
fuera,0.21357466063347708,0.1999999999999928,110.49999999999898,1,2022,14
fuera,0.21357466063347708,0.1999999999999928,110.49999999999898,1,2022,14
SL,-1.0,-1.0393700787401574,38.10000000000002,-1,2022,15
SL,-1.0,-1.0393700787401574,38.10000000000002,-1,2022,15
SL,-1.0,-1.2419354838709216,6.200000000001182,-1,2022,21
TP,2.0,1.9477351916376318,28.700000000000614,1,2022,22
TP,2.0,1.9477351916376318,28.700000000000614,1,2022,22
TP,2.0,1.9477351916376318,28.700000000000614,1,2022,22
TP,2.0,1.9489795918367365,29.400000000001114,1,2022,0
SL,-1.0,-1.1006711409395966,14.900000000000091,1,2022,8
TP,2.0,1.8951048951048957,14.300000000000068,1,2022,11
SL,-1.0,-1.2083333333334076,7.199999999997431,-1,2022,11
TP,2.0,1.9206349206349176,18.899999999999295,-1,2022,14
SL,-1.0,-1.2631578947367665,5.700000000001637,-1,2022,20
TP,2.0,1.9311926605504552,21.79999999999893,1,2022,21
TP,2.0,1.3181818181824312,2.200000000001978,-1,2022,21
SL,-1.0,-1.0570342205323182,26.300000000000523,1,2022,23
SL,-1.0,-1.0793650793650704,18.900000000002137,1,2022,0
SL,-1.0,-1.081521739130436,18.39999999999975,-1,2022,5
TP,2.0,1.8214285714285783,8.400000000000318,1,2022,9
SL,-1.0,-1.0724637681159443,20.699999999999363,1,2022,4
SL,-1.0,-1.0842696629213362,17.80000000000257,-1,2022,6
SL,-1.0,-1.0700934579439256,21.399999999999864,1,2022,22
SL,-1.0,-1.0614754098360657,24.399999999999977,-1,2022,0
SL,-1.0,-1.0920245398773105,16.29999999999825,-1,2022,1
TP,2.0,1.912280701754382,17.099999999999227,1,2022,2
SL,-1.0,-1.063559322033901,23.599999999999,1,2022,7
TP,2.0,1.5714285714285297,3.499999999999659,1,2022,0
SL,-1.0,-1.1685393258426993,8.899999999999864,-1,2022,2
TP,2.0,1.8780487804878236,12.300000000001887,1,2022,3
TP,2.0,1.9575070821529756,35.300000000000864,1,2022,4
TP,2.0,1.9575070821529756,35.300000000000864,1,2022,4
TP,2.0,1.9723756906077352,54.30000000000064,1,2022,2
SL,-1.0,-1.0694444444444418,21.60000000000082,1,2022,5
SL,-1.0,-1.0602409638554229,24.899999999999523,-1,2022,11
SL,-1.0,-1.1704545454545574,8.799999999999386,1,2022,1
TP,2.0,1.9736842105263155,56.99999999999932,-1,2022,3
TP,2.0,1.9736842105263155,56.99999999999932,-1,2022,3
TP,2.0,1.962025316455697,39.50000000000102,-1,2022,4
SL,-1.0,-1.0624999999999976,24.00000000000091,1,2022,5
SL,-1.0,-1.049999999999998,30.000000000001137,1,2022,0
TP,2.0,1.9044585987261038,15.699999999998226,-1,2022,0
SL,-1.0,-1.0519031141868536,28.899999999998727,-1,2022,1
TP,2.0,1.9342105263157838,22.799999999998022,1,2022,3
SL,-1.0,-1.1898734177215005,7.900000000000773,-1,2022,5
SL,-1.0,-1.0493421052631575,30.400000000000205,1,2022,6
SL,-1.0,-1.0493421052631575,30.400000000000205,1,2022,6
TP,2.0,1.9171270718231967,18.099999999998317,-1,2022,10
TP,2.0,1.9171270718231967,18.099999999998317,-1,2022,10
fuera,-0.4135714285714324,-0.41892857142857526,280.00000000000114,1,2022,12
fuera,-0.4135714285714324,-0.41892857142857526,280.00000000000114,1,2022,12
fuera,-0.4135714285714324,-0.41892857142857526,280.00000000000114,1,2022,12
fuera,-0.4135714285714324,-0.41892857142857526,280.00000000000114,1,2022,12
fuera,-0.4135714285714324,-0.41892857142857526,280.00000000000114,1,2022,12
SL,-1.0,-1.0262697022767076,57.099999999999795,-1,2022,13
SL,-1.0,-1.085714285714294,17.499999999998295,1,2022,21
SL,-1.0,-1.0595238095238073,25.200000000000955,-1,2022,0
TP,2.0,1.974271012006861,58.29999999999984,-1,2022,4
SL,-1.0,-1.0464396284829711,32.30000000000075,-1,2022,7
SL,-1.0,-1.0464396284829711,32.30000000000075,-1,2022,7
SL,-1.0,-1.034090909090907,44.000000000002615,1,2022,8
SL,-1.0,-1.0498338870431867,30.100000000001614,1,2022,13
SL,-1.0,-1.0461538461538478,32.49999999999886,-1,2022,14
SL,-1.0,-1.1875000000000373,7.999999999998408,-1,2022,4
TP,2.0,1.8499999999999914,9.999999999999432,1,2022,5
TP,2.0,1.9132947976878623,17.300000000000182,1,2022,0
TP,2.0,1.71153846153842,5.19999999999925,-1,2022,2
SL,-1.0,-1.05434782608696,27.599999999998204,1,2022,5
TP,2.0,1.716981132075457,5.299999999999727,1,2022,21
TP,2.0,1.6666666666665741,4.4999999999987494,1,2022,22
SL,-1.0,-1.0543478260869545,27.600000000001046,-1,2022,22
SL,-1.0,-1.0746268656716338,20.100000000002183,-1,2022,23
TP,2.0,1.9407114624505897,25.29999999999859,1,2022,0
TP,2.0,1.9407114624505897,25.29999999999859,1,2022,0
TP,2.0,1.9333333333333316,22.49999999999943,1,2022,1
SL,-1.0,-1.1041666666666832,14.399999999997704,-1,2022,2
TP,2.0,1.9402390438247024,25.100000000000477,1,2022,0
SL,-1.0,-1.0707547169811358,21.19999999999891,-1,2022,2
TP,2.0,1.9242424242424272,19.80000000000075,1,2022,8
SL,-1.0,-1.1612903225806637,9.299999999998931,-1,2022,8
SL,-1.0,-1.11811023622049,12.699999999998113,-1,2022,9
SL,-1.0,-1.122950819672117,12.20000000000141,-1,2022,10
SL,-1.0,-1.1162790697674503,12.899999999999068,1,2022,13
SL,-1.0,-1.0624999999999976,24.00000000000091,1,2022,0
SL,-1.0,-1.0624999999999976,24.00000000000091,1,2022,0
SL,-1.0,-1.0931677018633532,16.100000000000136,-1,2022,1
SL,-1.0,-1.0931677018633532,16.100000000000136,-1,2022,1
TP,2.0,1.8529411764705528,10.199999999997544,1,2022,3
SL,-1.0,-1.066079295154184,22.700000000000387,1,2022,4
SL,-1.0,-1.0403225806451628,37.19999999999857,-1,2022,6
SL,-1.0,-1.0403225806451628,37.19999999999857,-1,2022,6
SL,-1.0,-1.0141110065851366,106.29999999999882,1,2022,2
SL,-1.0,-1.0141110065851366,106.29999999999882,1,2022,2
SL,-1.0,-1.0141110065851366,106.29999999999882,1,2022,2
SL,-1.0,-1.0182481751824817,82.20000000000027,-1,2022,2
SL,-1.0,-1.0244299674267099,61.40000000000043,1,2022,3
fuera,-0.3396176314391926,-0.3436006372809345,376.5999999999991,-1,2022,8
fuera,-0.3396176314391926,-0.3436006372809345,376.5999999999991,-1,2022,8
fuera,-0.3396176314391926,-0.3436006372809345,376.5999999999991,-1,2022,8
fuera,-0.3396176314391926,-0.3436006372809345,376.5999999999991,-1,2022,8
fuera,-0.3396176314391926,-0.3436006372809345,376.5999999999991,-1,2022,8
fuera,-0.3396176314391926,-0.3436006372809345,376.5999999999991,-1,2022,8
fuera,-0.3396176314391926,-0.3436006372809345,376.5999999999991,-1,2022,8
fuera,-0.3396176314391926,-0.3436006372809345,376.5999999999991,-1,2022,8
fuera,-0.3396176314391926,-0.3436006372809345,376.5999999999991,-1,2022,8
SL,-1.0,-1.0111607142857142,134.40000000000225,1,2022,9
SL,-1.0,-1.0111607142857142,134.40000000000225,1,2022,9
SL,-1.0,-1.0111607142857142,134.40000000000225,1,2022,9
SL,-1.0,-1.0111607142857142,134.40000000000225,1,2022,9
SL,-1.0,-1.0111607142857142,134.40000000000225,1,2022,9
fuera,0.7788461538461438,0.7548076923076821,62.39999999999952,1,2022,8
fuera,0.7788461538461438,0.7548076923076821,62.39999999999952,1,2022,8
SL,-1.0,-1.0213980028530665,70.10000000000218,-1,2022,9
SL,-1.0,-1.0213980028530665,70.10000000000218,-1,2022,9
SL,-1.0,-1.0213980028530665,70.10000000000218,-1,2022,9
SL,-1.0,-1.0213980028530665,70.10000000000218,-1,2022,9
SL,-1.0,-1.0249169435215946,60.20000000000039,1,2022,10
SL,-1.0,-1.0249169435215946,60.20000000000039,1,2022,10
fuera,-0.06000000000005912,-0.12000000000005911,25.0,1,2022,17
SL,-1.0,-1.192307692307685,7.800000000000296,-1,2022,19
SL,-1.0,-5.999999999976126,0.30000000000143245,1,2022,21
SL,-1.0,-1.0617283950617296,24.2999999999995,-1,2022,21
TP,2.0,1.9498327759197336,29.90000000000066,1,2022,22
TP,2.0,1.9602122015915129,37.700000000000955,1,2022,0
TP,2.0,1.9602122015915129,37.700000000000955,1,2022,0
SL,-1.0,-1.0519031141868536,28.899999999998727,-1,2022,0
SL,-1.0,-1.0530035335689016,28.300000000001546,1,2022,2
SL,-1.0,-1.084745762711868,17.69999999999925,1,2022,17
TP,2.0,1.9096385542168657,16.59999999999968,-1,2022,18
SL,-1.0,-1.0453172205438082,33.099999999998886,1,2022,12
SL,-1.0,-1.1470588235294061,10.200000000000387,-1,2022,13
SL,-1.0,-1.1006711409395966,14.900000000000091,-1,2022,14
SL,-1.0,-1.1219512195121764,12.300000000001887,1,2022,16
SL,-1.0,-1.2307692307692388,6.499999999999773,-1,2022,0
SL,-1.0,-1.0669642857142803,22.400000000001796,1,2022,6
SL,-1.0,-1.0833333333333302,18.000000000000682,1,2022,16
SL,-1.0,-1.0663716814159294,22.59999999999991,-1,2022,18
TP,2.0,1.8928571428571541,14.000000000001478,-1,2022,7
TP,2.0,1.7857142857143518,7.00000000000216,1,2022,8
SL,-1.0,-1.202702702702747,7.399999999998386,-1,2022,15
SL,-1.0,-1.2205882352941708,6.799999999998363,1,2022,23
TP,2.0,1.8235294117647225,8.500000000000796,-1,2022,23
TP,2.0,1.8235294117647225,8.500000000000796,-1,2022,23
TP,2.0,1.8235294117647225,8.500000000000796,-1,2022,23
SL,-1.0,-1.0533807829181483,28.10000000000059,1,2022,0
SL,-1.0,-1.1874999999999707,8.00000000000125,-1,2022,0
SL,-1.0,-1.1874999999999707,8.00000000000125,-1,2022,0
SL,-1.0,-1.1874999999999707,8.00000000000125,-1,2022,0
TP,2.0,1.7457627118645185,5.900000000002592,1,2022,3
TP,2.0,1.7457627118645185,5.900000000002592,1,2022,3
SL,-1.0,-1.0511945392491457,29.300000000000637,1,2022,4
SL,-1.0,-1.0511945392491457,29.300000000000637,1,2022,4
SL,-1.0,-1.0511945392491457,29.300000000000637,1,2022,4
SL,-1.0,-1.0802139037433227,18.69999999999834,-1,2022,5
SL,-1.0,-1.0802139037433227,18.69999999999834,-1,2022,5
SL,-1.0,-1.0342465753424646,43.80000000000166,-1,2022,14
SL,-1.0,-1.0432276657060509,34.70000000000084,1,2022,15
SL,-1.0,-1.0432276657060509,34.70000000000084,1,2022,15
SL,-1.0,-1.0535714285714284,28.000000000000114,1,2022,0
SL,-1.0,-1.8333333333333017,1.8000000000000682,-1,2022,1
SL,-1.0,-1.8333333333333017,1.8000000000000682,-1,2022,1
SL,-1.0,-1.214285714285735,6.999999999999318,1,2022,2
SL,-1.0,-1.214285714285735,6.999999999999318,1,2022,2
SL,-1.0,-1.214285714285735,6.999999999999318,1,2022,2
TP,2.0,1.727272727272761,5.500000000000682,-1,2022,2
SL,-1.0,-1.0898203592814362,16.70000000000016,-1,2022,3
TP,2.0,1.933035714285711,22.399999999998954,-1,2022,14
SL,-1.0,-1.0539568345323758,27.79999999999916,1,2022,16
SL,-1.0,-1.0539568345323758,27.79999999999916,1,2022,16
SL,-1.0,-1.0539568345323758,27.79999999999916,1,2022,16
TP,2.0,1.879032258064539,12.400000000002365,-1,2022,17
TP,2.0,1.879032258064539,12.400000000002365,-1,2022,17
SL,-1.0,-1.0604838709677442,24.799999999999045,-1,2022,18
SL,-1.0,-1.0943396226414974,15.900000000002024,1,2022,19
SL,-1.0,-1.0501672240802664,29.90000000000066,-1,2022,23
TP,2.0,1.9537037037037055,32.40000000000123,1,2022,0
fuera,1.6572668112798024,1.6247288503253563,46.10000000000127,1,2022,1
fuera,1.6572668112798024,1.6247288503253563,46.10000000000127,1,2022,1
fuera,1.6572668112798024,1.6247288503253563,46.10000000000127,1,2022,1
SL,-1.0,-1.095541401273879,15.700000000001069,-1,2022,3
SL,-1.0,-1.095541401273879,15.700000000001069,-1,2022,3
SL,-1.0,-1.095541401273879,15.700000000001069,-1,2022,3
SL,-1.0,-1.245901639344234,6.100000000000705,-1,2022,13
SL,-1.0,-1.0887573964496984,16.900000000001114,1,2022,14
SL,-1.0,-1.1898734177215686,7.899999999997931,-1,2022,14
SL,-1.0,-1.1898734177215686,7.899999999997931,-1,2022,14
SL,-1.0,-1.1456310679611528,10.300000000000864,1,2022,1
SL,-1.0,-1.1666666666666603,9.000000000000341,-1,2022,2
SL,-1.0,-1.1648351648352016,9.099999999997976,-1,2022,13
SL,-1.0,-1.1648351648352016,9.099999999997976,-1,2022,13
SL,-1.0,-1.127118644067802,11.7999999999995,1,2022,14
SL,-1.0,-1.127118644067802,11.7999999999995,1,2022,14
TP,2.0,1.5312500000001565,3.2000000000010687,-1,2022,14
SL,-1.0,-1.0797872340425583,18.799999999998818,1,2022,15
SL,-1.0,-1.0797872340425583,18.799999999998818,1,2022,15
SL,-1.0,-1.156249999999994,9.600000000000364,1,2022,0
SL,-1.0,-1.156249999999994,9.600000000000364,1,2022,0
SL,-1.0,-1.211267605633809,7.099999999999795,1,2022,7
SL,-1.0,-1.1171875000000129,12.79999999999859,-1,2022,7
SL,-1.0,-1.1685393258426993,8.899999999999864,-1,2022,8
SL,-1.0,-1.1685393258426993,8.899999999999864,-1,2022,8
fuera,0.593810444874256,0.5647969052224183,51.69999999999959,1,2022,12
SL,-1.0,-1.0533807829181483,28.10000000000059,-1,2022,12
SL,-1.0,-1.0533807829181483,28.10000000000059,-1,2022,12
fuera,0.9070796460176324,0.8407079646017028,22.59999999999991,1,2022,13
SL,-1.0,-1.2419354838709216,6.200000000001182,1,2022,18
TP,2.0,1.8387096774193856,9.300000000001774,1,2022,22
TP,2.0,1.8469387755102247,9.800000000001319,1,2022,23
SL,-1.0,-1.3260869565217939,4.599999999999227,1,2022,0
SL,-1.0,-1.0949367088607502,15.800000000001546,-1,2022,1
SL,-1.0,-1.0949367088607502,15.800000000001546,-1,2022,1
SL,-1.0,-1.4054054054056495,3.6999999999977717,1,2022,4
SL,-1.0,-1.1546391752577185,9.700000000000841,1,2022,6
SL,-1.0,-1.2777777777777672,5.400000000000205,-1,2022,4
TP,2.0,1.8913043478260911,13.800000000000523,1,2022,16
TP,2.0,1.8913043478260911,13.800000000000523,1,2022,16
TP,2.0,1.906249999999998,15.999999999999659,1,2022,18
TP,2.0,1.9517684887459819,31.100000000000705,1,2022,0
SL,-1.0,-1.0239234449760761,62.700000000000955,1,2022,12
TP,2.0,1.9285714285714313,21.000000000000796,1,2022,8
SL,-1.0,-1.099337748344364,15.100000000001046,1,2022,4
SL,-1.0,-1.1764705882353366,8.499999999997954,-1,2022,5
TP,2.0,1.745762711864396,5.89999999999975,-1,2022,10
TP,2.0,1.7916666666666745,7.200000000000273,1,2022,18
SL,-1.0,-1.0721153846153852,20.79999999999984,-1,2022,0
TP,2.0,1.9117647058823612,17.00000000000159,1,2022,1
SL,-1.0,-1.1428571428571181,10.500000000001819,1,2022,2
SL,-1.0,-1.0402144772117943,37.30000000000189,1,2022,8
fuera,0.8331515812431938,0.8167938931297805,91.70000000000016,1,2022,9
fuera,0.8331515812431938,0.8167938931297805,91.70000000000016,1,2022,9
SL,-1.0,-1.0638297872340388,23.500000000001364,-1,2022,9
TP,2.0,1.930232558139536,21.50000000000034,1,2022,6
SL,-1.0,-1.1086956521739089,13.800000000000523,-1,2022,7
SL,-1.0,-1.1239669421487508,12.100000000000932,1,2022,0
SL,-1.0,-1.0714285714285687,21.000000000000796,-1,2022,7
TP,2.0,1.8872180451127663,13.299999999998136,1,2022,3
SL,-1.0,-1.0132978723404253,112.80000000000143,1,2022,14
SL,-1.0,-1.0132978723404253,112.80000000000143,1,2022,14
SL,-1.0,-1.0132978723404253,112.80000000000143,1,2022,14
SL,-1.0,-1.0132978723404253,112.80000000000143,1,2022,14
SL,-1.0,-1.0132978723404253,112.80000000000143,1,2022,14
TP,2.0,1.9903536977491962,155.50000000000068,-1,2022,14
fuera,-0.330611169652265,-0.3345626975763957,379.5999999999992,-1,2022,15
fuera,-0.330611169652265,-0.3345626975763957,379.5999999999992,-1,2022,15
fuera,-0.330611169652265,-0.3345626975763957,379.5999999999992,-1,2022,15
fuera,-0.330611169652265,-0.3345626975763957,379.5999999999992,-1,2022,15
fuera,-0.330611169652265,-0.3345626975763957,379.5999999999992,-1,2022,15
fuera,-0.330611169652265,-0.3345626975763957,379.5999999999992,-1,2022,15
fuera,-0.330611169652265,-0.3345626975763957,379.5999999999992,-1,2022,15
fuera,-0.330611169652265,-0.3345626975763957,379.5999999999992,-1,2022,15
fuera,-0.330611169652265,-0.3345626975763957,379.5999999999992,-1,2022,15
SL,-1.0,-1.0118110236220472,127.00000000000102,1,2022,17
TP,2.0,1.5714285714285297,3.499999999999659,-1,2022,21
SL,-1.0,-1.011764705882353,127.50000000000057,1,2022,22
SL,-1.0,-1.011764705882353,127.50000000000057,1,2022,22
SL,-1.0,-1.011764705882353,127.50000000000057,1,2022,22
SL,-1.0,-1.011764705882353,127.50000000000057,1,2022,22
SL,-1.0,-1.0961538461538425,15.600000000000591,-1,2022,22
fuera,0.16434038721295816,0.15758667266995952,222.10000000000036,1,2022,23
fuera,-0.17464114832534933,-0.18181818181817228,209.00000000000034,-1,2022,23
fuera,-0.17464114832534933,-0.18181818181817228,209.00000000000034,-1,2022,23
fuera,-0.17464114832534933,-0.18181818181817228,209.00000000000034,-1,2022,23
fuera,-0.17464114832534933,-0.18181818181817228,209.00000000000034,-1,2022,23
fuera,-0.43164933135214506,-0.4427934621099459,134.60000000000036,1,2022,0
SL,-1.0,-1.0632911392405078,23.699999999999477,1,2022,6
SL,-1.0,-1.1851851851852107,8.099999999998886,-1,2022,8
SL,-1.0,-1.1136363636363837,13.199999999997658,1,2022,9
TP,2.0,1.96103896103896,38.49999999999909,-1,2022,11
TP,2.0,1.98,75.0,-1,2022,7
TP,2.0,1.98,75.0,-1,2022,7
TP,2.0,1.9585635359116016,36.19999999999948,-1,2022,23
SL,-1.0,-1.0655021834061098,22.90000000000134,-1,2022,0
SL,-1.0,-1.0655021834061098,22.90000000000134,-1,2022,0
SL,-1.0,-1.0909090909090797,16.500000000002046,1,2022,1
SL,-1.0,-1.0867052023121377,17.300000000000182,1,2022,2
SL,-1.0,-1.0264084507042248,56.800000000001205,-1,2022,5
TP,2.0,1.9728752260397828,55.29999999999973,1,2022,6
TP,2.0,1.9336283185840706,22.59999999999991,1,2022,2
fuera,0.73134328358208,0.7033582089552144,53.600000000000136,1,2022,7
fuera,0.07124681933840087,0.033078880407103224,39.30000000000007,1,2022,8
SL,-1.0,-1.099999999999996,15.000000000000568,-1,2022,8
SL,-1.0,-1.0498338870431867,30.100000000001614,1,2022,9
TP,2.0,1.9456521739130455,27.600000000001046,1,2022,20
SL,-1.0,-1.0321888412017182,46.599999999997976,1,2022,23
SL,-1.0,-1.095541401273879,15.700000000001069,1,2022,3
SL,-1.0,-1.1376146788990713,10.900000000000887,-1,2022,5
SL,-1.0,-1.1948051948051994,7.699999999999818,-1,2022,7
TP,2.0,1.9292452830188642,21.19999999999891,1,2022,8
TP,2.0,1.9292452830188642,21.19999999999891,1,2022,8
SL,-1.0,-1.0882352941176536,16.99999999999875,1,2022,0
TP,2.0,1.9583333333333348,36.000000000001364,-1,2022,0
SL,-1.0,-1.0576923076923035,26.000000000001933,-1,2022,1
SL,-1.0,-1.0967741935483863,15.500000000000114,1,2022,5
TP,2.0,1.9605263157894761,38.00000000000239,-1,2022,5
SL,-1.0,-1.0352941176470578,42.50000000000114,1,2022,6
SL,-1.0,-1.0351288056206096,42.69999999999925,-1,2022,7
SL,-1.0,-1.0477707006369394,31.400000000002137,-1,2022,8
SL,-1.0,-1.0241935483870965,62.000000000000455,1,2022,13
SL,-1.0,-1.0714285714285687,21.000000000000796,1,2022,2
TP,2.0,1.8920863309352376,13.899999999998158,-1,2022,5
SL,-1.0,-1.044378698224849,33.80000000000223,-1,2022,9
SL,-1.0,-1.044378698224849,33.80000000000223,-1,2022,9
SL,-1.0,-1.067567567567565,22.20000000000084,1,2022,10
SL,-1.0,-1.067567567567565,22.20000000000084,1,2022,10
fuera,-0.11251980982567025,-0.12440570522979069,126.20000000000005,1,2022,17
SL,-1.0,-1.0177304964539007,84.60000000000036,1,2022,18
SL,-1.0,-1.067567567567565,22.20000000000084,-1,2022,18
SL,-1.0,-1.0914634146341535,16.399999999998727,1,2022,19
SL,-1.0,-1.0265486725663717,56.49999999999977,-1,2022,23
SL,-1.0,-1.0914634146341535,16.399999999998727,-1,2022,0
TP,2.0,1.9193548387096804,18.600000000000705,1,2022,5
SL,-1.0,-1.044910179640718,33.40000000000032,1,2022,6
SL,-1.0,-1.044910179640718,33.40000000000032,1,2022,6
SL,-1.0,-1.1048951048951043,14.300000000000068,-1,2022,6
SL,-1.0,-1.0570342205323244,26.29999999999768,1,2022,7
SL,-1.0,-1.1666666666666603,9.000000000000341,-1,2022,8
SL,-1.0,-1.0986842105263244,15.199999999998681,1,2022,9
SL,-1.0,-1.0607287449392748,24.699999999998568,-1,2022,3
SL,-1.0,-1.0519031141868485,28.90000000000157,1,2022,5
SL,-1.0,-1.0624999999999976,24.00000000000091,-1,2022,10
fuera,0.5322740814299888,0.5173783515392242,100.7000000000005,-1,2022,11
SL,-1.0,-1.0638297872340388,23.500000000001364,1,2022,12
SL,-1.0,-1.0638297872340388,23.500000000001364,1,2022,12
SL,-1.0,-1.0321199143468942,46.700000000001296,-1,2022,13
SL,-1.0,-1.0321199143468942,46.700000000001296,-1,2022,13
SL,-1.0,-1.069767441860464,21.50000000000034,-1,2022,22
SL,-1.0,-1.069767441860464,21.50000000000034,-1,2022,22
SL,-1.0,-1.0508474576271158,29.50000000000159,1,2022,0
SL,-1.0,-1.1293103448276025,11.599999999998545,-1,2022,1
SL,-1.0,-1.1293103448276025,11.599999999998545,-1,2022,1
SL,-1.0,-1.1500000000000086,9.999999999999432,1,2022,2
SL,-1.0,-1.1500000000000086,9.999999999999432,1,2022,2
TP,2.0,1.9787535410764878,70.60000000000173,-1,2022,8
SL,-1.0,-1.12,12.5,1,2022,9
SL,-1.0,-1.0559701492537312,26.800000000000068,1,2022,10
SL,-1.0,-1.122950819672117,12.20000000000141,-1,2022,11
SL,-1.0,-1.060240963855416,24.900000000002365,-1,2022,12
SL,-1.0,-1.0967741935483863,15.500000000000114,-1,2022,0
SL,-1.0,-1.0691244239631386,21.699999999998454,1,2022,1
SL,-1.0,-1.0691244239631386,21.699999999998454,1,2022,1
SL,-1.0,-1.1666666666666603,9.000000000000341,-1,2022,3
SL,-1.0,-1.0318471337579616,47.100000000000364,-1,2022,14
SL,-1.0,-1.0365853658536588,40.99999999999966,-1,2022,15
SL,-1.0,-1.1102941176470624,13.599999999999568,1,2022,21
TP,2.0,1.9598930481283416,37.39999999999952,1,2022,3
SL,-1.0,-1.0234741784037567,63.89999999999816,1,2022,13
TP,2.0,1.9147727272727213,17.599999999998772,-1,2022,14
SL,-1.0,-1.067264573991036,22.299999999998477,1,2022,19
TP,2.0,1.8928571428571541,14.000000000001478,-1,2022,19
SL,-1.0,-1.454545454545633,3.299999999998704,1,2022,3
TP,2.0,1.8897058823529376,13.599999999999568,-1,2022,10
TP,2.0,1.9941383352872215,255.89999999999975,-1,2022,13
TP,2.0,1.9941383352872215,255.89999999999975,-1,2022,13
TP,2.0,1.9941383352872215,255.89999999999975,-1,2022,13
fuera,1.5819774718397637,1.563204005006222,79.90000000000066,-1,2022,9
TP,2.0,1.9498327759197287,29.899999999997817,1,2022,1
SL,-1.0,-1.024077046548957,62.299999999999045,1,2022,9
SL,-1.0,-1.024077046548957,62.299999999999045,1,2022,9
SL,-1.0,-1.0322580645161288,46.50000000000034,-1,2022,12
TP,2.0,1.7999999999999696,7.499999999998863,-1,2022,19
SL,-1.0,-1.0393700787401574,38.10000000000002,1,2022,0
SL,-1.0,-1.0159914712153515,93.80000000000166,-1,2022,7
SL,-1.0,-1.0159914712153515,93.80000000000166,-1,2022,7
SL,-1.0,-1.0707547169811358,21.19999999999891,1,2022,11
TP,2.0,1.9840085287846485,93.80000000000166,1,2022,13
SL,-1.0,-1.0175233644859814,85.59999999999945,-1,2022,13
SL,-1.0,-1.0175233644859814,85.59999999999945,-1,2022,13
fuera,1.646840148698919,1.6282527881041233,80.6999999999988,1,2022,14
TP,2.0,1.9698189134808861,49.70000000000141,1,2022,0
SL,-1.0,-1.0773195876288706,19.39999999999884,-1,2022,1
SL,-1.0,-1.0394736842105268,37.999999999999545,1,2022,3
TP,2.0,1.934210526315792,22.800000000000864,-1,2022,4
TP,2.0,1.9716446124763702,52.899999999999636,1,2022,8
TP,2.0,1.9591280653950942,36.69999999999902,1,2022,10
SL,-1.0,-1.069767441860464,21.50000000000034,-1,2022,11
SL,-1.0,-1.0231481481481484,64.79999999999961,1,2022,12
SL,-1.0,-1.0652173913043426,23.00000000000182,-1,2022,14
SL,-1.0,-1.2631578947368978,5.699999999998795,-1,2022,18
SL,-1.0,-1.0757575757575837,19.799999999997908,1,2022,0
SL,-1.0,-1.0566037735849025,26.500000000001478,-1,2022,1
SL,-1.0,-1.1153846153846194,12.999999999999545,1,2022,2
SL,-1.0,-1.0583657587548627,25.7000000000005,-1,2022,3
SL,-1.0,-1.1485148514851498,10.099999999999909,1,2022,22
SL,-1.0,-1.117187499999987,12.800000000001432,-1,2022,23
TP,2.0,1.8051948051948006,7.699999999999818,1,2022,0
SL,-1.0,-1.1136363636363593,13.2000000000005,-1,2022,0
TP,2.0,1.8728813559322286,11.800000000002342,1,2022,2
SL,-1.0,-1.1071428571428676,13.999999999998636,-1,2022,4
TP,2.0,1.8863636363636407,13.2000000000005,1,2022,5
TP,2.0,1.954819277108433,33.19999999999936,1,2022,6
TP,2.0,1.954819277108433,33.19999999999936,1,2022,6
SL,-1.0,-1.0638297872340465,23.499999999998522,1,2022,0
TP,2.0,1.9484536082474222,29.09999999999968,-1,2022,13
fuera,0.645796064400726,0.6323792486583288,111.7999999999995,-1,2022,14
fuera,0.645796064400726,0.6323792486583288,111.7999999999995,-1,2022,14
fuera,0.645796064400726,0.6323792486583288,111.7999999999995,-1,2022,14
fuera,0.645796064400726,0.6323792486583288,111.7999999999995,-1,2022,14
fuera,0.645796064400726,0.6323792486583288,111.7999999999995,-1,2022,14
SL,-1.0,-1.0773195876288593,19.400000000001683,1,2022,16
TP,2.0,1.9739130434782617,57.500000000001705,-1,2022,19
SL,-1.0,-1.1048951048951043,14.300000000000068,1,2022,0
SL,-1.0,-1.035377358490568,42.39999999999782,-1,2022,1
fuera,-0.5398981324278173,-0.5653650254668665,58.899999999999864,1,2022,9
SL,-1.0,-1.1111111111110952,13.500000000001933,-1,2022,9
SL,-1.0,-1.0519031141868485,28.90000000000157,1,2022,11
fuera,0.6826923076921999,0.5384615384614493,10.400000000001342,-1,2022,17
SL,-1.0,-1.0592885375494103,25.29999999999859,1,2022,22
SL,-1.0,-1.0967741935483863,15.500000000000114,1,2022,0
TP,2.0,1.958904109589042,36.50000000000091,-1,2022,0
TP,2.0,1.9594594594594599,37.000000000000455,-1,2022,1
SL,-1.0,-1.081521739130436,18.39999999999975,1,2022,2
TP,2.0,1.9189189189189075,18.499999999997385,-1,2022,5
SL,-1.0,-1.029411764705883,50.99999999999909,1,2022,7
SL,-1.0,-1.0216138328530253,69.40000000000168,-1,2022,8
SL,-1.0,-1.0252100840336136,59.499999999999886,-1,2022,1
SL,-1.0,-1.0252100840336136,59.499999999999886,-1,2022,1
SL,-1.0,-1.0513698630136983,29.20000000000016,1,2022,6
SL,-1.0,-1.042372881355934,35.3999999999985,-1,2022,7
SL,-1.0,-1.0898203592814362,16.70000000000016,1,2022,8
SL,-1.0,-1.0581395348837188,25.800000000000978,-1,2022,10
TP,2.0,1.9423076923076903,25.99999999999909,1,2022,6
SL,-1.0,-1.074257425742575,20.199999999999818,-1,2022,10
SL,-1.0,-1.0208044382801664,72.10000000000036,1,2022,13
SL,-1.0,-1.0208044382801664,72.10000000000036,1,2022,13
SL,-1.0,-1.0208044382801664,72.10000000000036,1,2022,13
SL,-1.0,-1.3409090909090047,4.400000000001114,-1,2022,13
SL,-1.0,-1.0931677018633532,16.100000000000136,-1,2022,14
SL,-1.0,-1.0931677018633532,16.100000000000136,-1,2022,14
SL,-1.0,-1.065789473684208,22.800000000000864,1,2022,15
SL,-1.0,-1.065789473684208,22.800000000000864,1,2022,15
TP,2.0,1.9621212121212108,39.59999999999866,-1,2022,15
TP,2.0,1.9529780564263306,31.89999999999884,-1,2022,16
TP,2.0,1.9881982690794648,127.09999999999866,-1,2022,18
TP,2.0,1.97,50.0,-1,2022,19
SL,-1.0,-1.034642032332564,43.29999999999927,1,2022,20
SL,-1.0,-1.034642032332564,43.29999999999927,1,2022,20
TP,2.0,1.9789325842696635,71.20000000000175,-1,2022,23
TP,2.0,1.9789325842696635,71.20000000000175,-1,2022,23
TP,2.0,1.97972972972973,74.00000000000091,-1,2022,0
TP,2.0,1.97972972972973,74.00000000000091,-1,2022,0
SL,-1.0,-1.1376146788991073,10.899999999998045,1,2022,1
TP,2.0,1.9690721649484544,48.500000000001364,-1,2022,7
SL,-1.0,-1.0678733031674283,22.09999999999752,1,2022,0
TP,2.0,1.8897058823529376,13.599999999999568,1,2022,1
SL,-1.0,-1.0384615384615399,38.999999999998636,-1,2022,1
TP,2.0,1.9695121951219505,49.19999999999902,1,2022,7
TP,2.0,1.9682203389830495,47.199999999998,1,2022,15
SL,-1.0,-1.0301204819277114,49.799999999999045,1,2022,2
SL,-1.0,-1.0381679389312977,39.30000000000007,1,2022,6
TP,2.0,1.9691358024691352,48.599999999999,-1,2022,7
SL,-1.0,-1.0427350427350428,35.09999999999991,-1,2022,8
TP,2.0,1.8846153846153806,12.999999999999545,1,2022,12
TP,2.0,1.9567723342939456,34.699999999998,1,2022,0
TP,2.0,1.82758620689653,8.699999999998909,-1,2022,4
SL,-1.0,-1.0465838509316767,32.20000000000027,1,2022,6
SL,-1.0,-1.0465838509316767,32.20000000000027,1,2022,6
SL,-1.0,-1.0479233226837035,31.30000000000166,-1,2022,7
SL,-1.0,-1.023961661341853,62.60000000000048,-1,2022,13
SL,-1.0,-1.0522648083623682,28.700000000000614,1,2022,1
SL,-1.0,-1.0576923076923097,25.99999999999909,-1,2022,3
TP,2.0,1.9347826086956574,23.00000000000182,-1,2022,0
SL,-1.0,-1.0265017667844523,56.60000000000025,-1,2022,1
SL,-1.0,-1.0265017667844523,56.60000000000025,-1,2022,1
SL,-1.0,-1.0572519083969465,26.200000000000045,-1,2022,3
TP,2.0,1.9152542372881456,17.700000000002092,1,2022,4
SL,-1.0,-1.0367647058823541,40.799999999998704,1,2022,7
SL,-1.0,-1.0367647058823541,40.799999999998704,1,2022,7
SL,-1.0,-1.1875000000000373,7.999999999998408,-1,2022,0
TP,2.0,1.848484848484876,9.900000000001796,1,2022,1
SL,-1.0,-1.0630252100840338,23.799999999999955,-1,2022,1
SL,-1.0,-1.1127819548872337,13.299999999998136,1,2022,4
SL,-1.0,-1.0614754098360657,24.399999999999977,-1,2022,13
SL,-1.0,-1.047169811320753,31.800000000001205,1,2022,15
SL,-1.0,-1.3750000000000746,3.999999999999204,-1,2022,15
TP,2.0,1.8965517241379182,14.499999999998181,1,2022,16
SL,-1.0,-1.1260504201680674,11.899999999999977,-1,2022,0
SL,-1.0,-1.1260504201680674,11.899999999999977,-1,2022,0
fuera,-0.5566328779197894,-0.5632437197003095,226.90000000000055,-1,2022,13
fuera,-0.5566328779197894,-0.5632437197003095,226.90000000000055,-1,2022,13
fuera,-0.5566328779197894,-0.5632437197003095,226.90000000000055,-1,2022,13
fuera,-0.5566328779197894,-0.5632437197003095,226.90000000000055,-1,2022,13
fuera,-0.5566328779197894,-0.5632437197003095,226.90000000000055,-1,2022,13
fuera,-0.5566328779197894,-0.5632437197003095,226.90000000000055,-1,2022,13
fuera,-0.5566328779197894,-0.5632437197003095,226.90000000000055,-1,2022,13
fuera,-0.5566328779197894,-0.5632437197003095,226.90000000000055,-1,2022,13
SL,-1.0,-1.0785340314136231,19.099999999997408,1,2022,20
TP,2.0,1.95098039215686,30.599999999998317,-1,2022,0
TP,2.0,1.9261083743842375,20.300000000000296,1,2022,10
SL,-1.0,-1.1685393258426993,8.899999999999864,-1,2022,2
TP,2.0,1.9271844660194135,20.599999999998886,1,2022,4
TP,2.0,1.9791376912378302,71.89999999999941,1,2022,8
TP,2.0,1.9791376912378302,71.89999999999941,1,2022,8
SL,-1.0,-1.0684931506849333,21.89999999999941,-1,2022,9
SL,-1.0,-1.0721153846153852,20.79999999999984,1,2022,10
SL,-1.0,-1.0374999999999994,40.00000000000057,-1,2022,11
SL,-1.0,-1.0374999999999994,40.00000000000057,-1,2022,11
SL,-1.0,-1.03978779840849,37.69999999999811,-1,2022,13
SL,-1.0,-1.0173210161662816,86.60000000000139,1,2022,15
SL,-1.0,-1.0173210161662816,86.60000000000139,1,2022,15
SL,-1.0,-1.033039647577092,45.40000000000077,1,2022,16
SL,-1.0,-1.0533807829181483,28.10000000000059,1,2022,17
TP,2.0,1.9552238805970121,33.499999999997954,-1,2022,18
TP,2.0,1.9552238805970121,33.499999999997954,-1,2022,18
TP,2.0,1.7500000000000095,6.000000000000227,1,2022,8
fuera,0.07130730050934073,0.04584040747029143,58.899999999999864,-1,2022,14
SL,-1.0,-1.2054794520548535,7.299999999997908,1,2022,15
SL,-1.0,-1.0993377483443827,15.099999999998204,1,2022,16
SL,-1.0,-1.102040816326517,14.700000000001978,-1,2022,16
SL,-1.0,-1.145631067961193,10.299999999998022,-1,2022,18
SL,-1.0,-1.0467289719626172,32.099999999999795,1,2022,22
SL,-1.0,-1.0335570469798656,44.70000000000027,1,2022,23
SL,-1.0,-1.0757575757575728,19.80000000000075,1,2022,0
SL,-1.0,-1.0293542074363995,51.09999999999957,-1,2022,0
SL,-1.0,-1.2631578947368978,5.699999999998795,1,2022,1
SL,-1.0,-1.054744525547445,27.40000000000009,-1,2022,1
SL,-1.0,-1.0281954887218039,53.20000000000107,1,2022,2
TP,2.0,1.952830188679243,31.799999999998363,1,2022,13
SL,-1.0,-1.0427350427350428,35.09999999999991,1,2022,0
SL,-1.0,-1.0710900473933702,21.09999999999843,-1,2022,2
fuera,0.42821158690176764,0.4244332493702815,396.9999999999999,-1,2022,3
fuera,0.42821158690176764,0.4244332493702815,396.9999999999999,-1,2022,3
fuera,0.42821158690176764,0.4244332493702815,396.9999999999999,-1,2022,3
fuera,0.42821158690176764,0.4244332493702815,396.9999999999999,-1,2022,3
fuera,0.42821158690176764,0.4244332493702815,396.9999999999999,-1,2022,3
fuera,0.42821158690176764,0.4244332493702815,396.9999999999999,-1,2022,3
fuera,0.42821158690176764,0.4244332493702815,396.9999999999999,-1,2022,3
SL,-1.0,-1.0381679389312977,39.30000000000007,-1,2022,14
fuera,0.7789115646257698,0.7278911564625065,29.400000000001114,1,2022,0
SL,-1.0,-1.092592592592589,16.200000000000614,-1,2022,1
SL,-1.0,-1.0961538461538425,15.600000000000591,-1,2022,7
fuera,0.04067796610169818,-0.010169491525422618,29.49999999999875,1,2022,13
SL,-1.0,-1.1388888888888835,10.80000000000041,1,2022,23
SL,-1.0,-1.033333333333334,44.99999999999886,-1,2022,0
SL,-1.0,-1.033333333333334,44.99999999999886,-1,2022,0
SL,-1.0,-1.033333333333334,44.99999999999886,-1,2022,0
SL,-1.0,-1.033333333333334,44.99999999999886,-1,2022,0
TP,2.0,1.8214285714285179,8.399999999997476,1,2022,4
TP,2.0,1.9210526315789465,18.999999999999773,1,2022,7
SL,-1.0,-1.0819672131147573,18.299999999999272,1,2022,8
SL,-1.0,-1.0819672131147573,18.299999999999272,1,2022,8
SL,-1.0,-1.0460122699386512,32.59999999999934,1,2022,10
TP,2.0,1.7000000000000681,5.000000000001137,-1,2022,11
TP,2.0,1.9604221635883896,37.89999999999907,1,2022,0
TP,2.0,1.9604221635883896,37.89999999999907,1,2022,0
TP,2.0,1.9604221635883896,37.89999999999907,1,2022,0
SL,-1.0,-1.0887573964496984,16.900000000001114,-1,2022,0
SL,-1.0,-1.1119402985074742,13.399999999998613,-1,2022,5
SL,-1.0,-1.1376146788990713,10.900000000000887,-1,2022,8
TP,2.0,1.8333333333333397,9.000000000000341,1,2022,9
SL,-1.0,-1.1181102362204636,12.700000000000955,1,2022,10
TP,2.0,1.94,25.0,1,2022,0
SL,-1.0,-1.0453172205438082,33.099999999998886,-1,2022,12
SL,-1.0,-1.0669642857142803,22.400000000001796,1,2022,2
SL,-1.0,-1.2083333333333255,7.200000000000273,1,2022,13
TP,2.0,1.9693877551020413,49.00000000000091,-1,2022,13
TP,2.0,1.9693877551020413,49.00000000000091,-1,2022,13
TP,2.0,1.9693877551020413,49.00000000000091,-1,2022,13
SL,-1.0,-1.0568181818181797,26.400000000001,-1,2022,14
SL,-1.0,-1.0551470588235254,27.200000000001978,1,2022,15
TP,2.0,1.9709864603481622,51.69999999999959,-1,2022,0
TP,2.0,1.9709864603481622,51.69999999999959,-1,2022,0
TP,2.0,1.9709864603481622,51.69999999999959,-1,2022,0
TP,2.0,1.9709864603481622,51.69999999999959,-1,2022,0
SL,-1.0,-1.117187499999987,12.800000000001432,1,2022,3
SL,-1.0,-1.117187499999987,12.800000000001432,1,2022,3
TP,2.0,1.9648711943793904,42.69999999999925,-1,2022,7
SL,-1.0,-1.0738916256157625,20.300000000000296,-1,2023,22
SL,-1.0,-1.0974025974025996,15.399999999999636,1,2023,23
SL,-1.0,-1.0681818181818186,21.999999999999886,-1,2023,0
SL,-1.0,-1.2173913043478626,6.89999999999884,1,2023,2
TP,2.0,1.500000000000019,3.0000000000001137,1,2023,10
TP,2.0,1.8660714285714224,11.199999999999477,-1,2023,11
SL,-1.0,-1.5999999999998635,2.5000000000005684,1,2023,12
SL,-1.0,-1.1428571428571181,10.500000000001819,-1,2023,13
TP,2.0,1.949494949494949,29.699999999999704,-1,2023,0
TP,2.0,1.949494949494949,29.699999999999704,-1,2023,0
SL,-1.0,-1.0265017667844523,56.60000000000025,-1,2023,1
SL,-1.0,-1.021897810218978,68.50000000000023,1,2023,8
SL,-1.0,-1.021897810218978,68.50000000000023,1,2023,8
SL,-1.0,-1.021897810218978,68.50000000000023,1,2023,8
SL,-1.0,-1.1034482758620818,14.499999999998181,1,2023,12
SL,-1.0,-1.0431034482758603,34.80000000000132,-1,2023,13
TP,2.0,1.9132947976878623,17.300000000000182,-1,2023,23
SL,-1.0,-1.0769230769230684,19.50000000000216,1,2023,0
SL,-1.0,-1.0261324041811841,57.40000000000123,-1,2023,1
SL,-1.0,-1.0261324041811841,57.40000000000123,-1,2023,1
SL,-1.0,-1.0261324041811841,57.40000000000123,-1,2023,1
SL,-1.0,-1.0802139037433105,18.700000000001182,1,2023,2
SL,-1.0,-1.0802139037433105,18.700000000001182,1,2023,2
SL,-1.0,-1.029469548133596,50.89999999999861,-1,2023,7
TP,2.0,1.952830188679247,31.800000000001205,1,2023,12
TP,2.0,1.9856596558317399,104.59999999999923,1,2023,15
TP,2.0,1.9856596558317399,104.59999999999923,1,2023,15
SL,-1.0,-1.0479233226837035,31.30000000000166,-1,2023,8
TP,2.0,1.9595687331536367,37.09999999999809,1,2023,12
SL,-1.0,-1.0158061116965225,94.90000000000123,1,2023,13
SL,-1.0,-1.0488599348534222,30.699999999998795,1,2023,5
SL,-1.0,-1.0862068965517209,17.40000000000066,-1,2023,6
fuera,0.2196531791907392,0.2100192678227239,155.70000000000164,-1,2023,15
SL,-1.0,-1.0609756097560952,24.600000000000932,1,2023,22
SL,-1.0,-1.0310559006211177,48.30000000000041,-1,2023,23
SL,-1.0,-1.1239669421487508,12.100000000000932,1,2023,0
SL,-1.0,-1.0528169014084523,28.39999999999918,-1,2023,0
SL,-1.0,-1.099337748344364,15.100000000001046,1,2023,1
SL,-1.0,-1.05859375,25.600000000000023,-1,2023,1
SL,-1.0,-1.0343249427917633,43.69999999999834,-1,2023,2
SL,-1.0,-1.0343249427917633,43.69999999999834,-1,2023,2
TP,2.0,1.9535603715170289,32.30000000000075,1,2023,3
SL,-1.0,-1.0244299674267099,61.40000000000043,1,2023,7
SL,-1.0,-1.1056338028169044,14.19999999999959,-1,2023,7
SL,-1.0,-1.0491803278688514,30.500000000000682,1,2023,9
SL,-1.0,-1.499999999999981,3.0000000000001137,1,2023,0
SL,-1.0,-1.0287907869481758,52.1000000000015,-1,2023,0
SL,-1.0,-1.0287907869481758,52.1000000000015,-1,2023,0
SL,-1.0,-1.0688073394495448,21.79999999999893,-1,2023,1
TP,2.0,1.95049504950495,30.299999999999727,1,2023,2
SL,-1.0,-1.0418994413407816,35.80000000000041,1,2023,7
TP,2.0,1.785714285714265,6.999999999999318,-1,2023,7
SL,-1.0,-1.0436046511627914,34.39999999999941,1,2023,12
SL,-1.0,-1.1470588235294061,10.200000000000387,-1,2023,0
SL,-1.0,-1.0949367088607502,15.800000000001546,1,2023,1
SL,-1.0,-1.1111111111111187,13.49999999999909,-1,2023,1
SL,-1.0,-1.0652173913043508,22.999999999998977,1,2023,2
SL,-1.0,-1.0508474576271158,29.50000000000159,1,2023,8
SL,-1.0,-1.0561797752808997,26.69999999999959,-1,2023,9
SL,-1.0,-1.1229508196721456,12.199999999998568,1,2023,23
TP,2.0,1.9705304518664055,50.900000000001455,-1,2023,23
SL,-1.0,-1.0402144772117974,37.299999999999045,1,2023,0
SL,-1.0,-1.0402144772117974,37.299999999999045,1,2023,0
TP,2.0,1.8863636363636407,13.2000000000005,-1,2023,0
TP,2.0,1.95714285714286,35.000000000002274,-1,2023,1
TP,2.0,1.95714285714286,35.000000000002274,-1,2023,1
SL,-1.0,-1.2343750000000258,6.399999999999295,1,2023,4
TP,2.0,1.9805447470817124,77.1000000000015,-1,2023,9
TP,2.0,1.9805447470817124,77.1000000000015,-1,2023,9
SL,-1.0,-1.0255972696245728,58.60000000000127,1,2023,0
fuera,1.1316211878009261,1.1075441412519702,62.30000000000189,-1,2023,6
SL,-1.0,-1.0438596491228072,34.199999999999875,-1,2023,0
SL,-1.0,-1.0553505535055379,27.09999999999866,-1,2023,1
SL,-1.0,-1.0417827298050146,35.899999999999466,-1,2023,2
TP,2.0,1.956647398843931,34.600000000000364,1,2023,4
TP,2.0,1.9624999999999992,39.99999999999915,1,2023,6
TP,2.0,1.9816176470588236,81.60000000000025,1,2023,8
TP,2.0,1.8993288590604034,14.900000000000091,-1,2023,8
SL,-1.0,-1.1041666666666832,14.399999999997704,-1,2023,1
SL,-1.0,-1.1041666666666832,14.399999999997704,-1,2023,1
SL,-1.0,-1.0465838509316767,32.20000000000027,1,2023,2
SL,-1.0,-1.0465838509316767,32.20000000000027,1,2023,2
SL,-1.0,-1.0302419354838703,49.60000000000093,-1,2023,15
TP,2.0,1.9238578680203002,19.69999999999885,1,2023,16
SL,-1.0,-1.2586206896552048,5.799999999999272,-1,2023,0
SL,-1.0,-1.2586206896552048,5.799999999999272,-1,2023,0
SL,-1.0,-1.0069348127600555,216.3000000000011,1,2023,2
SL,-1.0,-1.0069348127600555,216.3000000000011,1,2023,2
SL,-1.0,-1.0069348127600555,216.3000000000011,1,2023,2
SL,-1.0,-1.0069348127600555,216.3000000000011,1,2023,2
TP,2.0,1.9623115577889443,39.79999999999961,-1,2023,10
TP,2.0,1.962962962962963,40.500000000000114,-1,2023,11
SL,-1.0,-1.0147058823529411,102.00000000000102,-1,2023,13
TP,2.0,1.9732142857142858,56.00000000000023,1,2023,14
TP,2.0,1.9732142857142858,56.00000000000023,1,2023,14
SL,-1.0,-1.0418994413407816,35.80000000000041,1,2023,15
SL,-1.0,-1.11811023622049,12.699999999998113,1,2023,4
SL,-1.0,-1.0568181818181797,26.400000000001,-1,2023,4
TP,2.0,1.817073170731725,8.200000000000784,-1,2023,5
TP,2.0,1.9468085106383,28.20000000000107,1,2023,7
TP,2.0,1.9519230769230786,31.200000000001182,1,2023,1
SL,-1.0,-1.283018867924543,5.299999999999727,-1,2023,1
SL,-1.0,-1.1102941176470624,13.599999999999568,-1,2023,2
SL,-1.0,-1.0646551724137934,23.199999999999932,1,2023,4
SL,-1.0,-1.08571428571428,17.500000000001137,1,2023,5
SL,-1.0,-1.050505050505051,29.699999999999704,-1,2023,7
SL,-1.0,-1.0576923076923097,25.99999999999909,-1,2023,0
SL,-1.0,-1.10948905109489,13.700000000000045,1,2023,1
SL,-1.0,-1.095541401273879,15.700000000001069,-1,2023,4
TP,2.0,1.9508196721311486,30.500000000000682,1,2023,5
SL,-1.0,-1.106382978723411,14.099999999999113,-1,2023,13
SL,-1.0,-1.0961538461538425,15.600000000000591,1,2023,14
SL,-1.0,-1.0438596491228054,34.200000000001296,-1,2023,0
SL,-1.0,-1.0205479452054789,73.00000000000182,1,2023,14
SL,-1.0,-1.0205479452054789,73.00000000000182,1,2023,14
fuera,-0.3615763546797982,-0.3763546798029511,101.49999999999864,-1,2023,15
SL,-1.0,-1.0520833333333366,28.79999999999825,-1,2023,11
TP,2.0,1.8928571428571541,14.000000000001478,1,2023,12
SL,-1.0,-1.0537634408602157,27.899999999999636,1,2023,13
SL,-1.0,-1.0464396284829751,32.29999999999791,1,2023,15
SL,-1.0,-1.1181102362204636,12.700000000000955,-1,2023,15
SL,-1.0,-1.0590551181102383,25.399999999999068,-1,2023,23
SL,-1.0,-1.0909090909090797,16.500000000002046,-1,2023,0
SL,-1.0,-1.0909090909090797,16.500000000002046,-1,2023,0
SL,-1.0,-1.0612244897959244,24.499999999997613,1,2023,2
SL,-1.0,-1.0612244897959244,24.499999999997613,1,2023,2
TP,2.0,1.9311926605504552,21.79999999999893,1,2023,4
SL,-1.0,-1.0559701492537312,26.800000000000068,-1,2023,7
SL,-1.0,-1.0559701492537312,26.800000000000068,-1,2023,7
TP,2.0,1.9545454545454524,32.99999999999841,1,2023,8
TP,2.0,1.9545454545454524,32.99999999999841,1,2023,8
TP,2.0,1.9315068493150667,21.89999999999941,-1,2023,16
TP,2.0,1.9315068493150667,21.89999999999941,-1,2023,16
SL,-1.0,-1.0597609561752976,25.100000000000477,-1,2023,0
SL,-1.0,-1.0597609561752976,25.100000000000477,-1,2023,0
SL,-1.0,-1.2000000000000304,7.499999999998863,1,2023,1
TP,2.0,1.9056603773584857,15.899999999999181,1,2023,2
TP,2.0,1.9218749999999913,19.199999999997885,1,2023,22
SL,-1.0,-1.0609756097560952,24.600000000000932,1,2023,0
TP,2.0,1.7826086956521374,6.89999999999884,-1,2023,1
TP,2.0,1.9458483754512665,27.700000000001523,1,2023,4
SL,-1.0,-1.0338600451467281,44.29999999999836,-1,2023,4
SL,-1.0,-1.0338600451467281,44.29999999999836,-1,2023,4
SL,-1.0,-1.0338600451467281,44.29999999999836,-1,2023,4
SL,-1.0,-1.0338600451467281,44.29999999999836,-1,2023,4
TP,2.0,1.936440677966099,23.599999999999,1,2023,5
TP,2.0,1.936440677966099,23.599999999999,1,2023,5
fuera,-0.3228782287823079,-0.3505535055350753,54.20000000000016,1,2023,8
SL,-1.0,-1.10948905109489,13.700000000000045,1,2023,15
SL,-1.0,-1.085227272727265,17.600000000001614,-1,2023,1
SL,-1.0,-1.099999999999996,15.000000000000568,1,2023,4
SL,-1.0,-1.17241379310347,8.699999999998909,1,2023,13
SL,-1.0,-1.114503816793893,13.100000000000023,-1,2023,14
TP,2.0,1.7656249999999742,6.399999999999295,1,2023,0
TP,2.0,1.1666666666666983,1.8000000000000682,-1,2023,4
SL,-1.0,-1.1704545454545574,8.799999999999386,1,2023,5
TP,2.0,1.85576923076921,10.3999999999985,-1,2023,9
SL,-1.0,-1.1562500000000404,9.599999999997522,1,2023,11
SL,-1.0,-1.0311850311850315,48.099999999999454,-1,2023,13
SL,-1.0,-1.0311850311850315,48.099999999999454,-1,2023,13
SL,-1.0,-1.0311850311850315,48.099999999999454,-1,2023,13
TP,2.0,1.788732394366191,7.099999999999795,1,2023,15
SL,-1.0,-1.0135746606334843,110.49999999999898,-1,2023,19
SL,-1.0,-1.0135746606334843,110.49999999999898,-1,2023,19
TP,2.0,1.9468085106383,28.20000000000107,1,2023,0
SL,-1.0,-1.0378787878787892,39.59999999999866,-1,2023,12
SL,-1.0,-1.14423076923079,10.3999999999985,-1,2023,11
TP,2.0,1.8514851485148502,10.099999999999909,1,2023,12
fuera,0.7898412698412611,0.7803174603174517,157.5000000000017,1,2023,13
fuera,0.7898412698412611,0.7803174603174517,157.5000000000017,1,2023,13
fuera,0.7898412698412611,0.7803174603174517,157.5000000000017,1,2023,13
fuera,0.7898412698412611,0.7803174603174517,157.5000000000017,1,2023,13
fuera,0.7898412698412611,0.7803174603174517,157.5000000000017,1,2023,13
SL,-1.0,-1.101351351351354,14.799999999999613,-1,2023,14
fuera,0.16417910447762576,0.1438263229308142,73.69999999999948,1,2023,15
fuera,0.16417910447762576,0.1438263229308142,73.69999999999948,1,2023,15
fuera,0.16417910447762576,0.1438263229308142,73.69999999999948,1,2023,15
SL,-1.0,-1.0289017341040458,51.900000000000546,1,2023,13
SL,-1.0,-1.101351351351354,14.799999999999613,1,2023,0
TP,2.0,1.942528735632183,26.099999999999568,-1,2023,1
fuera,0.4191980558930689,0.4009720534629354,82.30000000000075,-1,2023,15
fuera,0.4191980558930689,0.4009720534629354,82.30000000000075,-1,2023,15
SL,-1.0,-1.0622406639004114,24.100000000001387,1,2023,16
SL,-1.0,-1.0175233644859814,85.59999999999945,-1,2023,17
SL,-1.0,-1.4411764705879726,3.4000000000020236,-1,2023,1
TP,2.0,1.9321266968325803,22.100000000000364,1,2023,13
TP,2.0,1.8333333333333397,9.000000000000341,-1,2023,15
SL,-1.0,-1.2499999999999905,6.000000000000227,-1,2023,0
SL,-1.0,-1.2499999999999905,6.000000000000227,-1,2023,0
SL,-1.0,-1.3658536585366137,4.099999999999682,1,2023,1
TP,2.0,1.9501661129568133,30.100000000001614,-1,2023,1
SL,-1.0,-1.0243902439024386,61.50000000000091,1,2023,5
TP,2.0,1.932432432432435,22.20000000000084,-1,2023,7
SL,-1.0,-1.0319148936170213,46.999999999999886,-1,2023,13
SL,-1.0,-1.0319148936170213,46.999999999999886,-1,2023,13
TP,2.0,1.9442379182156087,26.899999999997704,1,2023,14
TP,2.0,1.9442379182156087,26.899999999997704,1,2023,14
SL,-1.0,-1.0750000000000042,19.999999999998863,1,2023,19
SL,-1.0,-1.1666666666666603,9.000000000000341,1,2023,20
TP,2.0,1.687500000000012,4.800000000000182,1,2023,0
SL,-1.0,-1.0735294117647134,20.39999999999793,-1,2023,0
SL,-1.0,-1.2419354838709216,6.200000000001182,1,2023,1
TP,2.0,1.9433962264150915,26.499999999998636,-1,2023,1
SL,-1.0,-1.0793650793650824,18.899999999999295,1,2023,2
fuera,-0.8194092827004235,-0.8320675105485247,118.50000000000023,-1,2023,7
fuera,-0.8194092827004235,-0.8320675105485247,118.50000000000023,-1,2023,7
fuera,-0.8194092827004235,-0.8320675105485247,118.50000000000023,-1,2023,7
fuera,-0.8194092827004235,-0.8320675105485247,118.50000000000023,-1,2023,7
SL,-1.0,-1.0508474576271207,29.49999999999875,-1,2023,8
fuera,0.7204783258594788,0.698056801195802,66.90000000000111,1,2023,9
fuera,0.7204783258594788,0.698056801195802,66.90000000000111,1,2023,9
fuera,0.7204783258594788,0.698056801195802,66.90000000000111,1,2023,9
TP,2.0,1.9090909090909047,16.499999999999204,1,2023,23
SL,-1.0,-1.1546391752577185,9.700000000000841,-1,2023,23
TP,2.0,1.94,25.0,1,2023,0
TP,2.0,1.94,25.0,1,2023,0
SL,-1.0,-1.0581395348837188,25.800000000000978,-1,2023,1
SL,-1.0,-1.0581395348837188,25.800000000000978,-1,2023,1
TP,2.0,1.9475524475524477,28.600000000000136,1,2023,3
TP,2.0,1.9475524475524477,28.600000000000136,1,2023,3
SL,-1.0,-1.050000000000003,29.999999999998295,1,2023,9
SL,-1.0,-1.0903614457831343,16.59999999999968,-1,2023,10
TP,2.0,1.8148148148148544,8.100000000001728,1,2023,5
SL,-1.0,-1.1315789473684161,11.400000000000432,-1,2023,5
TP,2.0,1.8739495798319326,11.899999999999977,1,2023,6
TP,2.0,1.9804941482444736,76.90000000000055,1,2023,13
TP,2.0,1.9804941482444736,76.90000000000055,1,2023,13
SL,-1.0,-1.038071065989847,39.400000000000546,-1,2023,14
SL,-1.0,-1.0427350427350428,35.09999999999991,1,2023,16
SL,-1.0,-1.0427350427350428,35.09999999999991,-1,2023,0
TP,2.0,1.9407114624505897,25.29999999999859,1,2023,3
TP,2.0,1.9575070821529756,35.300000000000864,1,2023,6
TP,2.0,1.8684210526315839,11.400000000000432,-1,2023,14
SL,-1.0,-1.03579952267303,41.900000000001114,1,2023,1
SL,-1.0,-1.03579952267303,41.900000000001114,1,2023,1
fuera,0.7368421052631747,0.6804511278195639,26.599999999999113,-1,2023,15
fuera,0.7368421052631747,0.6804511278195639,26.599999999999113,-1,2023,15
SL,-1.0,-1.101351351351354,14.799999999999613,1,2023,0
SL,-1.0,-1.101351351351354,14.799999999999613,1,2023,0
SL,-1.0,-1.2054794520547734,7.30000000000075,-1,2023,0
SL,-1.0,-1.1470588235294061,10.200000000000387,1,2023,1
SL,-1.0,-1.0627615062761495,23.900000000000432,-1,2023,2
SL,-1.0,-1.0925925925926054,16.19999999999777,-1,2023,3
TP,2.0,1.8660714285714224,11.199999999999477,1,2023,4
SL,-1.0,-1.0819672131147573,18.299999999999272,-1,2023,4
SL,-1.0,-1.10948905109489,13.700000000000045,-1,2023,7
SL,-1.0,-1.0590551181102383,25.399999999999068,1,2023,8
TP,2.0,1.807692307692315,7.800000000000296,1,2023,0
SL,-1.0,-1.0714285714285687,21.000000000000796,-1,2023,0
SL,-1.0,-1.0714285714285687,21.000000000000796,-1,2023,0
SL,-1.0,-1.1807228915662686,8.29999999999984,1,2023,1
SL,-1.0,-1.0882352941176536,16.99999999999875,-1,2023,1
TP,2.0,1.952076677316292,31.299999999998818,1,2023,2
TP,2.0,1.952076677316292,31.299999999998818,1,2023,2
TP,2.0,1.8750000000000047,12.000000000000455,1,2023,7
SL,-1.0,-1.0342465753424668,43.79999999999882,-1,2023,15
SL,-1.0,-1.1136363636363837,13.199999999997658,1,2023,13
SL,-1.0,-1.1136363636363837,13.199999999997658,1,2023,13
SL,-1.0,-1.1219512195121764,12.300000000001887,-1,2023,14
SL,-1.0,-1.1612903225806144,9.300000000001774,-1,2023,12
SL,-1.0,-1.0352112676056349,42.59999999999877,-1,2023,14
SL,-1.0,-1.0352112676056349,42.59999999999877,-1,2023,14
SL,-1.0,-1.099337748344364,15.100000000001046,1,2023,19
TP,2.0,1.9468085106383,28.20000000000107,1,2023,0
TP,2.0,1.9468085106383,28.20000000000107,1,2023,0
TP,2.0,1.9468085106383,28.20000000000107,1,2023,0
SL,-1.0,-1.0256849315068504,58.399999999997476,-1,2023,0
SL,-1.0,-1.0256849315068504,58.399999999997476,-1,2023,0
SL,-1.0,-1.0256849315068504,58.399999999997476,-1,2023,0
TP,2.0,1.969135802469137,48.60000000000184,1,2023,1
TP,2.0,1.969135802469137,48.60000000000184,1,2023,1
TP,2.0,1.969135802469137,48.60000000000184,1,2023,1
TP,2.0,1.9358974358974383,23.400000000000887,1,2023,8
SL,-1.0,-1.1304347826086854,11.50000000000091,-1,2023,9
TP,2.0,1.8529411764705939,10.200000000000387,1,2023,10
fuera,0.8769898697540459,0.8552821997106298,69.09999999999741,1,2023,13
SL,-1.0,-1.0524475524475523,28.600000000000136,-1,2023,0
SL,-1.0,-1.034802784222737,43.10000000000116,1,2023,7
SL,-1.0,-1.034802784222737,43.10000000000116,1,2023,7
TP,2.0,1.9166666666666698,18.000000000000682,1,2023,18
TP,2.0,1.4230769230765246,2.5999999999982037,1,2023,7
TP,2.0,1.9132947976878623,17.300000000000182,-1,2023,8
SL,-1.0,-1.0655021834061098,22.90000000000134,1,2023,9
SL,-1.0,-1.06,25.0,-1,2023,10
SL,-1.0,-1.3488372093022738,4.300000000000637,-1,2023,4
SL,-1.0,-1.0761421319797053,19.69999999999743,1,2023,5
SL,-1.0,-1.0761421319797053,19.69999999999743,1,2023,5
SL,-1.0,-1.0761421319797053,19.69999999999743,1,2023,5
SL,-1.0,-1.0302419354838703,49.60000000000093,-1,2023,8
SL,-1.0,-1.0302419354838703,49.60000000000093,-1,2023,8
SL,-1.0,-1.0390624999999984,38.400000000001455,1,2023,13
SL,-1.0,-1.12,12.5,1,2023,1
SL,-1.0,-1.12,12.5,1,2023,1
TP,2.0,1.9456521739130455,27.600000000001046,-1,2023,6
TP,2.0,1.9456521739130455,27.600000000001046,-1,2023,6
TP,2.0,1.9456521739130455,27.600000000001046,-1,2023,6
TP,2.0,1.7692307692307612,6.499999999999773,1,2023,11
SL,-1.0,-1.0420168067226891,35.69999999999993,-1,2023,13
SL,-1.0,-1.0420168067226891,35.69999999999993,-1,2023,13
SL,-1.0,-1.1630434782608465,9.200000000001296,-1,2023,22
TP,2.0,1.9275362318840557,20.699999999999363,-1,2023,0
TP,2.0,1.9275362318840557,20.699999999999363,-1,2023,0
SL,-1.0,-1.1612903225806144,9.300000000001774,-1,2023,1
SL,-1.0,-1.1612903225806144,9.300000000001774,-1,2023,1
TP,2.0,1.8387096774193363,9.299999999998931,1,2023,3
SL,-1.0,-1.0914634146341375,16.40000000000157,1,2023,5
SL,-1.0,-1.0646551724137934,23.199999999999932,1,2023,8
SL,-1.0,-1.0646551724137934,23.199999999999932,1,2023,8
SL,-1.0,-1.0531914893617054,28.199999999998226,1,2023,9
SL,-1.0,-1.0531914893617054,28.199999999998226,1,2023,9
SL,-1.0,-1.1293103448275708,11.600000000001387,-1,2023,10
SL,-1.0,-1.117187499999987,12.800000000001432,1,2023,0
SL,-1.0,-1.117187499999987,12.800000000001432,1,2023,0
TP,2.0,1.9068322981366468,16.100000000000136,-1,2023,1
TP,2.0,1.9068322981366468,16.100000000000136,-1,2023,1
SL,-1.0,-1.11811023622049,12.699999999998113,1,2023,2
SL,-1.0,-1.1999999999999544,7.500000000001705,-1,2023,2
SL,-1.0,-1.0652173913043508,22.999999999998977,-1,2023,7
SL,-1.0,-1.0652173913043508,22.999999999998977,-1,2023,7
TP,2.0,1.9532710280373828,32.099999999999795,1,2023,9
SL,-1.0,-1.0253378378378373,59.200000000001296,1,2023,15
SL,-1.0,-1.0253378378378373,59.200000000001296,1,2023,15
SL,-1.0,-1.1162790697674503,12.899999999999068,1,2023,19
SL,-1.0,-1.2678571428572234,5.599999999998317,-1,2023,22
SL,-1.0,-1.0735294117647032,20.400000000000773,-1,2023,0
SL,-1.0,-1.0474683544303793,31.60000000000025,1,2023,2
SL,-1.0,-1.0501672240802664,29.90000000000066,-1,2023,13
SL,-1.0,-1.0369458128078812,40.60000000000059,1,2023,15
SL,-1.0,-1.0898203592814362,16.70000000000016,1,2023,17
SL,-1.0,-1.3333333333334259,4.4999999999987494,1,2023,4
SL,-1.0,-1.0765306122448988,19.599999999999795,-1,2023,6
SL,-1.0,-1.0295275590551192,50.799999999998136,-1,2023,8
SL,-1.0,-1.1724137931034135,8.70000000000175,1,2023,9
SL,-1.0,-1.0819672131147573,18.299999999999272,-1,2023,10
TP,2.0,1.8706896551724292,11.600000000001387,1,2023,0
SL,-1.0,-1.0301810865191157,49.69999999999857,-1,2023,0
SL,-1.0,-1.0301810865191157,49.69999999999857,-1,2023,0
SL,-1.0,-1.0301810865191157,49.69999999999857,-1,2023,0
SL,-1.0,-1.0176470588235296,84.99999999999943,1,2023,2
SL,-1.0,-1.0176470588235296,84.99999999999943,1,2023,2
SL,-1.0,-1.0176470588235296,84.99999999999943,1,2023,2
SL,-1.0,-1.0176470588235296,84.99999999999943,1,2023,2
SL,-1.0,-1.0416666666666683,35.99999999999852,-1,2023,7
fuera,-0.00979751796212588,-0.019595035924242103,153.1000000000006,-1,2023,14
fuera,-0.00979751796212588,-0.019595035924242103,153.1000000000006,-1,2023,14
fuera,-0.00979751796212588,-0.019595035924242103,153.1000000000006,-1,2023,14
SL,-1.0,-1.0243111831442466,61.69999999999902,-1,2023,20
SL,-1.0,-1.0166666666666666,90.00000000000057,1,2023,21
SL,-1.0,-1.0311850311850297,48.1000000000023,1,2023,0
SL,-1.0,-1.0170454545454546,87.99999999999955,-1,2023,1
SL,-1.0,-1.0320512820512828,46.79999999999893,1,2023,9
SL,-1.0,-1.0303643724696356,49.39999999999998,1,2023,0
SL,-1.0,-1.0617283950617296,24.2999999999995,-1,2023,7
SL,-1.0,-1.0200803212851401,74.70000000000141,1,2023,12
TP,2.0,1.9157303370786505,17.799999999999727,-1,2023,12
SL,-1.0,-1.1485148514851498,10.099999999999909,1,2023,0
SL,-1.0,-1.095541401273879,15.700000000001069,-1,2023,1
SL,-1.0,-1.099999999999996,15.000000000000568,-1,2023,5
SL,-1.0,-1.0465838509316767,32.20000000000027,1,2023,6
SL,-1.0,-1.0793650793650824,18.899999999999295,-1,2023,6
SL,-1.0,-1.0793650793650824,18.899999999999295,-1,2023,6
SL,-1.0,-1.0724637681159344,20.700000000002206,1,2023,9
SL,-1.0,-1.0160599571734477,93.39999999999975,-1,2023,11
SL,-1.0,-1.0160599571734477,93.39999999999975,-1,2023,11
SL,-1.0,-1.0284090909090913,52.79999999999916,1,2023,17
TP,2.0,1.9665178571428557,44.79999999999791,-1,2023,0
TP,2.0,1.9764521193092621,63.700000000000045,1,2023,12
SL,-1.0,-1.0442477876106198,33.899999999999864,-1,2023,12
SL,-1.0,-1.0277777777777781,53.999999999999204,1,2023,15
SL,-1.0,-1.0882352941176388,17.00000000000159,-1,2023,17
SL,-1.0,-1.0619834710743754,24.200000000001864,1,2023,19
SL,-1.0,-1.156249999999994,9.600000000000364,1,2023,1
SL,-1.0,-1.0522648083623682,28.700000000000614,-1,2023,3
fuera,0.6901709401708693,0.6581196581195885,46.80000000000177,-1,2023,11
fuera,0.6901709401708693,0.6581196581195885,46.80000000000177,-1,2023,11
TP,2.0,1.9152542372881456,17.700000000002092,1,2023,20
SL,-1.0,-1.1764705882352775,8.500000000000796,-1,2023,22
SL,-1.0,-1.0351288056206096,42.69999999999925,1,2023,23
SL,-1.0,-1.0351288056206096,42.69999999999925,1,2023,23
TP,2.0,1.9525316455696207,31.60000000000025,-1,2023,0
TP,2.0,1.9525316455696207,31.60000000000025,-1,2023,0
SL,-1.0,-1.0195567144719688,76.69999999999959,-1,2023,5
SL,-1.0,-1.0195567144719688,76.69999999999959,-1,2023,5
SL,-1.0,-1.0195567144719688,76.69999999999959,-1,2023,5
SL,-1.0,-1.283018867924543,5.299999999999727,1,2023,16
TP,2.0,1.968354430379748,47.400000000001796,1,2023,5
TP,2.0,1.968354430379748,47.400000000001796,1,2023,5
SL,-1.0,-1.9375000000005196,1.5999999999991132,-1,2023,5
TP,2.0,1.9537037037037015,32.399999999998386,1,2023,6
SL,-1.0,-1.156249999999994,9.600000000000364,1,2023,16
TP,2.0,1.8192771084337314,8.29999999999984,-1,2023,17
SL,-1.0,-1.0862068965517209,17.40000000000066,-1,2023,23
SL,-1.0,-1.0773195876288706,19.39999999999884,-1,2023,0
SL,-1.0,-1.0773195876288706,19.39999999999884,-1,2023,0
SL,-1.0,-1.0773195876288706,19.39999999999884,-1,2023,0
SL,-1.0,-1.049999999999998,30.000000000001137,1,2023,9
SL,-1.0,-1.049999999999998,30.000000000001137,1,2023,9
SL,-1.0,-1.049999999999998,30.000000000001137,1,2023,9
SL,-1.0,-1.0378787878787865,39.6000000000015,1,2023,17
fuera,0.6515711645101817,0.6377079482440079,108.19999999999936,-1,2023,17
fuera,0.6515711645101817,0.6377079482440079,108.19999999999936,-1,2023,17
fuera,0.6515711645101817,0.6377079482440079,108.19999999999936,-1,2023,17
SL,-1.0,-1.0431034482758603,34.80000000000132,-1,2023,23
SL,-1.0,-1.1162790697674247,12.90000000000191,1,2023,0
SL,-1.0,-1.0581395348837188,25.800000000000978,-1,2023,1
TP,2.0,1.9253731343283558,20.09999999999934,1,2023,2
SL,-1.0,-1.127118644067802,11.7999999999995,-1,2023,6
SL,-1.0,-1.042492917847028,35.29999999999802,1,2023,7
TP,2.0,1.9166666666666698,18.000000000000682,-1,2023,11
TP,2.0,1.9166666666666698,18.000000000000682,-1,2023,11
TP,2.0,1.9642857142857133,41.99999999999875,-1,2023,23
SL,-1.0,-1.0354609929078014,42.30000000000018,1,2023,0
SL,-1.0,-1.0354609929078014,42.30000000000018,1,2023,0
TP,2.0,1.9249999999999958,19.999999999998863,-1,2023,1
TP,2.0,1.9358974358974306,23.399999999998045,-1,2023,2
SL,-1.0,-1.174418604651137,8.600000000001273,-1,2023,22
SL,-1.0,-1.174418604651137,8.600000000001273,-1,2023,22
SL,-1.0,-1.1456310679611528,10.300000000000864,-1,2023,0
SL,-1.0,-1.1456310679611528,10.300000000000864,-1,2023,0
SL,-1.0,-1.1456310679611528,10.300000000000864,-1,2023,0
SL,-1.0,-1.0738916256157625,20.300000000000296,1,2023,1
SL,-1.0,-1.0738916256157625,20.300000000000296,1,2023,1
TP,2.0,1.914285714285706,17.499999999998295,-1,2023,1
SL,-1.0,-1.283018867924543,5.299999999999727,1,2023,3
TP,2.0,1.926108374384227,20.299999999997453,1,2023,5
SL,-1.0,-1.0384615384615399,38.999999999998636,1,2023,6
SL,-1.0,-1.0496688741721867,30.19999999999925,1,2023,12
SL,-1.0,-1.0632911392405002,23.70000000000232,-1,2023,13
SL,-1.0,-1.0332594235033263,45.09999999999934,-1,2023,0
SL,-1.0,-1.0332594235033263,45.09999999999934,-1,2023,0
SL,-1.0,-1.0332594235033263,45.09999999999934,-1,2023,0
SL,-1.0,-1.0797872340425583,18.799999999998818,1,2023,1
SL,-1.0,-1.0753768844221168,19.899999999998386,1,2023,6
SL,-1.0,-1.0753768844221168,19.899999999998386,1,2023,6
SL,-1.0,-1.0753768844221168,19.899999999998386,1,2023,6
TP,2.0,1.9397590361445771,24.899999999999523,1,2023,12
TP,2.0,1.9397590361445771,24.899999999999523,1,2023,12
TP,2.0,1.9607329842931942,38.2000000000005,1,2023,0
SL,-1.0,-1.0769230769230795,19.499999999999318,-1,2023,1
TP,2.0,1.94140625,25.600000000000023,1,2023,2
TP,2.0,1.8101265822784995,7.900000000000773,-1,2023,2
SL,-1.0,-1.0649350649350584,23.100000000002296,1,2023,5
SL,-1.0,-1.0474683544303793,31.60000000000025,-1,2023,10
SL,-1.0,-1.0602409638554229,24.899999999999523,-1,2023,2
SL,-1.0,-1.0602409638554229,24.899999999999523,-1,2023,2
TP,2.0,1.932735426008964,22.299999999998477,1,2023,5
TP,2.0,1.932735426008964,22.299999999998477,1,2023,5
SL,-1.0,-1.1351351351351127,11.100000000001842,1,2023,0
SL,-1.0,-1.0461538461538478,32.49999999999886,-1,2023,0
TP,2.0,1.9468085106382946,28.199999999998226,1,2023,1
SL,-1.0,-1.0570342205323244,26.29999999999768,1,2023,2
SL,-1.0,-1.0757575757575837,19.799999999997908,1,2023,3
TP,2.0,1.9137931034482791,17.40000000000066,-1,2023,6
TP,2.0,1.9166666666666698,18.000000000000682,-1,2023,9
TP,2.0,1.9635036496350367,41.100000000000136,-1,2023,11
SL,-1.0,-1.0299401197604787,50.10000000000048,-1,2023,14
TP,2.0,1.9006622516556173,15.099999999998204,1,2023,23
SL,-1.0,-1.0622406639004187,24.099999999998545,1,2023,1
SL,-1.0,-1.0753768844221059,19.900000000001228,-1,2023,4
TP,2.0,1.848484848484876,9.900000000001796,-1,2023,5
SL,-1.0,-1.069767441860464,21.50000000000034,-1,2023,7
SL,-1.0,-1.0480769230769256,31.19999999999834,1,2023,8
fuera,0.05293440736477823,0.035673187571912866,86.89999999999998,-1,2023,14
fuera,0.05293440736477823,0.035673187571912866,86.89999999999998,-1,2023,14
SL,-1.0,-1.0604838709677442,24.799999999999045,1,2023,0
TP,2.0,1.8672566371681412,11.299999999999955,-1,2023,6
fuera,1.4270833333333897,1.3880208333333883,38.39999999999861,1,2023,0
SL,-1.0,-1.1239669421487508,12.100000000000932,-1,2023,10
fuera,0.17316692667705388,0.14976599063961207,64.09999999999911,1,2023,12
SL,-1.0,-1.1020408163265367,14.699999999999136,-1,2023,14
SL,-1.0,-1.0290697674418594,51.600000000001955,1,2023,0
SL,-1.0,-1.0290697674418594,51.600000000001955,1,2023,0
SL,-1.0,-1.0313807531380748,47.800000000000864,-1,2023,7
SL,-1.0,-1.0313807531380748,47.800000000000864,-1,2023,7
TP,2.0,1.851485148514892,10.100000000002751,-1,2023,15
SL,-1.0,-1.1456310679611528,10.300000000000864,1,2023,7
SL,-1.0,-1.0777202072538925,19.299999999998363,-1,2023,10
SL,-1.0,-1.050505050505051,29.699999999999704,1,2023,2
SL,-1.0,-1.050505050505051,29.699999999999704,1,2023,2
TP,2.0,1.9253731343283558,20.09999999999934,-1,2023,3
SL,-1.0,-1.1034482758620818,14.499999999998181,-1,2023,4
SL,-1.0,-1.0488599348534176,30.700000000001637,1,2023,12
SL,-1.0,-1.0828729281767902,18.10000000000116,1,2023,0
SL,-1.0,-1.0170454545454546,87.99999999999955,-1,2023,12
SL,-1.0,-1.0170454545454546,87.99999999999955,-1,2023,12
SL,-1.0,-1.038071065989847,39.400000000000546,-1,2023,13
SL,-1.0,-1.1102941176470624,13.599999999999568,-1,2023,11
TP,2.0,1.8543689320388472,10.300000000000864,1,2023,13
fuera,0.6973365617433493,0.6610169491525513,41.30000000000109,1,2023,14
SL,-1.0,-1.4838709677418431,3.100000000000591,-1,2023,17
SL,-1.0,-1.3333333333332154,4.500000000001592,1,2023,18
SL,-1.0,-1.0974025974025996,15.399999999999636,1,2023,22
SL,-1.0,-1.0974025974025996,15.399999999999636,1,2023,22
SL,-1.0,-1.0974025974025996,15.399999999999636,1,2023,22
TP,2.0,1.8880597014925258,13.399999999998613,1,2023,0
TP,2.0,1.8880597014925258,13.399999999998613,1,2023,0
TP,2.0,1.8880597014925258,13.399999999998613,1,2023,0
SL,-1.0,-1.0974025974025818,15.400000000002478,-1,2023,0
SL,-1.0,-1.1020408163265367,14.699999999999136,1,2023,1
SL,-1.0,-1.1229508196721456,12.199999999998568,-1,2023,1
SL,-1.0,-1.1041666666666627,14.400000000000546,1,2023,4
SL,-1.0,-1.04901960784314,30.599999999998317,-1,2023,11
SL,-1.0,-1.04901960784314,30.599999999998317,-1,2023,11
TP,2.0,1.9222797927461188,19.300000000001205,-1,2023,1
TP,2.0,1.83516483516485,9.100000000000819,1,2023,10
TP,2.0,1.9242424242424272,19.80000000000075,1,2023,15
SL,-1.0,-1.283018867924543,5.299999999999727,-1,2023,22
TP,2.0,1.9107142857142891,16.800000000000637,1,2023,6
SL,-1.0,-1.11811023622049,12.699999999998113,-1,2023,6
SL,-1.0,-1.0646551724137934,23.199999999999932,1,2023,7
SL,-1.0,-1.0663716814159294,22.59999999999991,1,2023,0
TP,2.0,1.8897058823529376,13.599999999999568,-1,2023,5
SL,-1.0,-1.0681818181818186,21.999999999999886,-1,2023,6
SL,-1.0,-1.0892857142857109,16.800000000000637,1,2023,7
SL,-1.0,-1.0920245398773105,16.29999999999825,1,2023,0
SL,-1.0,-1.0617283950617296,24.2999999999995,-1,2023,1
SL,-1.0,-1.0617283950617296,24.2999999999995,-1,2023,1
SL,-1.0,-1.0617283950617296,24.2999999999995,-1,2023,1
SL,-1.0,-1.0617283950617296,24.2999999999995,-1,2023,1
SL,-1.0,-1.101351351351354,14.799999999999613,1,2023,2
SL,-1.0,-1.101351351351354,14.799999999999613,1,2023,2
SL,-1.0,-1.0806451612903196,18.600000000000705,1,2023,6
SL,-1.0,-1.0806451612903196,18.600000000000705,1,2023,6
fuera,-0.3097463284379183,-0.3297730307076113,74.89999999999952,1,2023,13
SL,-1.0,-1.2272727272727186,6.60000000000025,1,2023,22
TP,2.0,1.8255813953488054,8.599999999998431,1,2023,0
TP,2.0,1.8255813953488054,8.599999999998431,1,2023,0
SL,-1.0,-1.1181102362204636,12.700000000000955,-1,2023,0
SL,-1.0,-1.1181102362204636,12.700000000000955,-1,2023,0
TP,2.0,1.9315068493150755,21.90000000000225,1,2023,1
TP,2.0,1.9315068493150755,21.90000000000225,1,2023,1
TP,2.0,1.9315068493150755,21.90000000000225,1,2023,1
SL,-1.0,-1.1388888888888835,10.80000000000041,-1,2023,3
SL,-1.0,-1.4054054054056495,3.6999999999977717,-1,2023,23
SL,-1.0,-1.051546391752573,29.100000000002524,1,2023,0
SL,-1.0,-1.051546391752573,29.100000000002524,1,2023,0
SL,-1.0,-1.051546391752573,29.100000000002524,1,2023,0
TP,2.0,1.4642857142860972,2.800000000002001,-1,2023,6
TP,2.0,1.8387096774193856,9.300000000001774,-1,2023,8
SL,-1.0,-1.0473186119873805,31.700000000000728,-1,2023,9
SL,-1.0,-1.0473186119873805,31.700000000000728,-1,2023,9
SL,-1.0,-1.0473186119873805,31.700000000000728,-1,2023,9
SL,-1.0,-1.0473186119873805,31.700000000000728,-1,2023,9
SL,-1.0,-1.1079136690647624,13.899999999998158,1,2023,15
SL,-1.0,-1.1079136690647624,13.899999999998158,1,2023,15
SL,-1.0,-1.1119402985074505,13.400000000001455,-1,2023,19
SL,-1.0,-1.0728155339805765,20.600000000001728,1,2023,0
TP,2.0,1.807692307692315,7.800000000000296,1,2023,1
SL,-1.0,-1.065789473684208,22.800000000000864,-1,2023,1
SL,-1.0,-1.1013513513513344,14.800000000002456,-1,2023,9
TP,2.0,1.9019607843137383,15.300000000002001,1,2023,0
SL,-1.0,-1.101351351351354,14.799999999999613,-1,2023,0
TP,2.0,1.8369565217391535,9.200000000001296,1,2023,1
TP,2.0,1.7999999999999696,7.499999999998863,-1,2023,8
TP,2.0,1.7999999999999696,7.499999999998863,-1,2023,8
TP,2.0,1.9784791965566715,69.70000000000027,1,2023,12
TP,2.0,1.9784791965566715,69.70000000000027,1,2023,12
SL,-1.0,-1.093750000000002,15.999999999999659,-1,2023,12
SL,-1.0,-1.1209677419354884,12.399999999999523,1,2023,14
SL,-1.0,-1.1209677419354884,12.399999999999523,1,2023,14
SL,-1.0,-1.0607287449392677,24.70000000000141,1,2023,0
SL,-1.0,-1.0607287449392677,24.70000000000141,1,2023,0
SL,-1.0,-1.0607287449392677,24.70000000000141,1,2023,0
SL,-1.0,-1.0253378378378386,59.199999999998454,1,2023,1
SL,-1.0,-1.0253378378378386,59.199999999998454,1,2023,1
TP,2.0,1.9222797927461075,19.299999999998363,-1,2023,2
TP,2.0,1.9222797927461075,19.299999999998363,-1,2023,2
TP,2.0,1.9684210526315786,47.49999999999943,1,2023,3
SL,-1.0,-1.0473186119873805,31.700000000000728,-1,2023,3
SL,-1.0,-1.0473186119873805,31.700000000000728,-1,2023,3
SL,-1.0,-1.0473186119873805,31.700000000000728,-1,2023,3
fuera,1.0630372492836841,1.0522922636103316,139.59999999999866,1,2023,4
fuera,1.0630372492836841,1.0522922636103316,139.59999999999866,1,2023,4
TP,2.0,1.962962962962963,40.500000000000114,1,2023,0
TP,2.0,1.962962962962963,40.500000000000114,1,2023,0
SL,-1.0,-1.0684931506849333,21.89999999999941,1,2023,4
SL,-1.0,-1.099999999999996,15.000000000000568,-1,2023,6
TP,2.0,1.9347826086956492,22.999999999998977,-1,2023,15
SL,-1.0,-1.1102941176470624,13.599999999999568,1,2023,16
TP,2.0,1.9096385542168657,16.59999999999968,-1,2023,0
TP,2.0,1.9658314350797284,43.90000000000214,-1,2023,1
TP,2.0,1.9658314350797284,43.90000000000214,-1,2023,1
TP,2.0,1.9658314350797284,43.90000000000214,-1,2023,1
TP,2.0,1.9658314350797284,43.90000000000214,-1,2023,1
SL,-1.0,-1.0837988826815632,17.900000000000205,1,2023,0
SL,-1.0,-1.0728155339805865,20.599999999998886,-1,2023,6
fuera,0.03111111111113413,-0.03555555555553422,22.49999999999943,-1,2023,13
SL,-1.0,-1.3191489361702329,4.699999999999704,-1,2023,21
SL,-1.0,-1.0882352941176388,17.00000000000159,1,2023,23
SL,-1.0,-1.0503355704697983,29.800000000000182,-1,2023,0
SL,-1.0,-1.3061224489795507,4.900000000000659,1,2023,1
SL,-1.0,-1.1999999999999544,7.500000000001705,1,2023,2
TP,2.0,1.71153846153842,5.19999999999925,-1,2023,2
SL,-1.0,-1.1249999999999953,12.000000000000455,-1,2023,4
SL,-1.0,-1.0691244239631295,21.700000000001296,1,2023,11
TP,2.0,1.8695652173913146,11.50000000000091,-1,2023,0
TP,2.0,1.8695652173913146,11.50000000000091,-1,2023,0
SL,-1.0,-1.0892857142857109,16.800000000000637,-1,2023,1
SL,-1.0,-1.2999999999999319,5.000000000001137,1,2023,5
TP,2.0,1.8660714285714224,11.199999999999477,1,2023,6
SL,-1.0,-1.1874999999999707,8.00000000000125,-1,2023,6
SL,-1.0,-1.1181102362204636,12.700000000000955,-1,2023,10
SL,-1.0,-1.0559701492537312,26.800000000000068,1,2023,12
SL,-1.0,-1.0949367088607502,15.800000000001546,1,2023,16
SL,-1.0,-1.099999999999996,15.000000000000568,-1,2023,0
SL,-1.0,-1.099999999999996,15.000000000000568,-1,2023,0
TP,2.0,1.8514851485148502,10.099999999999909,1,2023,1
TP,2.0,1.8499999999999914,9.999999999999432,1,2023,4
SL,-1.0,-1.1079136690647404,13.900000000001,1,2023,5
SL,-1.0,-1.1079136690647404,13.900000000001,1,2023,5
TP,2.0,1.9292452830188642,21.19999999999891,-1,2023,7
fuera,-0.5345849802371788,-0.5494071146245306,101.20000000000005,-1,2023,12
fuera,-0.5345849802371788,-0.5494071146245306,101.20000000000005,-1,2023,12
fuera,-0.5345849802371788,-0.5494071146245306,101.20000000000005,-1,2023,12
fuera,-0.5345849802371788,-0.5494071146245306,101.20000000000005,-1,2023,12
fuera,-0.5345849802371788,-0.5494071146245306,101.20000000000005,-1,2023,12
TP,2.0,1.9132947976878623,17.300000000000182,1,2023,0
SL,-1.0,-1.0590551181102383,25.399999999999068,1,2023,8
SL,-1.0,-1.0590551181102383,25.399999999999068,1,2023,8
SL,-1.0,-1.0590551181102383,25.399999999999068,1,2023,8
TP,2.0,1.898648648648646,14.799999999999613,-1,2023,9
TP,2.0,1.898648648648646,14.799999999999613,-1,2023,9
TP,2.0,1.9074074074073946,16.19999999999777,-1,2023,10
SL,-1.0,-1.0187734668335424,79.89999999999782,-1,2023,12
SL,-1.0,-1.0187734668335424,79.89999999999782,-1,2023,12
TP,2.0,1.906249999999998,15.999999999999659,1,2023,2
SL,-1.0,-1.1041666666666627,14.400000000000546,-1,2023,3
SL,-1.0,-1.6249999999999762,2.400000000000091,-1,2023,5
SL,-1.0,-1.127118644067802,11.7999999999995,1,2023,6
SL,-1.0,-1.127118644067802,11.7999999999995,1,2023,6
SL,-1.0,-1.2678571428570873,5.60000000000116,-1,2023,6
SL,-1.0,-1.16483516483515,9.100000000000819,1,2023,7
SL,-1.0,-1.1612903225806144,9.300000000001774,-1,2023,8
fuera,0.6393162393162225,0.6136752136751972,58.500000000000796,1,2023,14
fuera,0.6393162393162225,0.6136752136751972,58.500000000000796,1,2023,14
SL,-1.0,-1.1219512195121764,12.300000000001887,1,2023,0
SL,-1.0,-1.0993377483443827,15.099999999998204,-1,2023,0
TP,2.0,1.8888888888888813,13.49999999999909,1,2023,2
SL,-1.0,-1.6521739130435877,2.2999999999996135,1,2023,5
SL,-1.0,-1.0769230769230684,19.50000000000216,-1,2023,6
SL,-1.0,-1.3260869565217939,4.599999999999227,1,2023,7
TP,2.0,1.807692307692315,7.800000000000296,1,2023,9
SL,-1.0,-1.254237288135604,5.89999999999975,1,2023,17
SL,-1.0,-1.7500000000006821,1.999999999998181,-1,2023,19
TP,2.0,1.885496183206107,13.100000000000023,1,2023,0
TP,2.0,1.9318181818181814,21.999999999999886,1,2023,5
SL,-1.0,-1.0545454545454533,27.50000000000057,-1,2023,0
TP,2.0,1.9479166666666687,28.80000000000109,1,2023,7
fuera,1.1906614785991332,1.1322957198442705,25.7000000000005,1,2023,15
SL,-1.0,-1.1249999999999953,12.000000000000455,1,2023,23
SL,-1.0,-1.2419354838709216,6.200000000001182,1,2023,0
SL,-1.0,-1.1056338028168833,14.200000000002433,-1,2023,1
SL,-1.0,-1.1056338028168833,14.200000000002433,-1,2023,1
TP,2.0,1.843750000000006,9.600000000000364,1,2023,2
SL,-1.0,-1.0738916256157625,20.300000000000296,-1,2023,6
TP,2.0,1.947183098591553,28.400000000002024,1,2023,11
TP,2.0,-0.14285714285561157,0.7000000000005002,-1,2023,15
SL,-1.0,-1.1119402985074742,13.399999999998613,-1,2023,23
SL,-1.0,-1.1153846153846194,12.999999999999545,-1,2023,0
SL,-1.0,-1.0513698630136983,29.20000000000016,1,2023,1
SL,-1.0,-1.0513698630136983,29.20000000000016,1,2023,1
SL,-1.0,-1.0513698630136983,29.20000000000016,1,2023,1
TP,2.0,1.912280701754382,17.099999999999227,-1,2023,2
TP,2.0,1.912280701754382,17.099999999999227,-1,2023,2
TP,2.0,1.7368421052632335,5.700000000001637,1,2023,5
TP,2.0,1.96559633027523,43.600000000000705,1,2023,6
TP,2.0,1.82758620689653,8.699999999998909,-1,2023,7
TP,2.0,1.82758620689653,8.699999999998909,-1,2023,7
TP,2.0,1.9253731343283558,20.09999999999934,1,2023,14
TP,2.0,1.9253731343283558,20.09999999999934,1,2023,14
SL,-1.0,-1.0666666666666684,22.49999999999943,1,2023,1
SL,-1.0,-1.0655021834061098,22.90000000000134,-1,2023,7
fuera,0.72205438066469,0.6767371601208818,33.099999999998886,1,2023,13
SL,-1.0,-1.1119402985074742,13.399999999998613,1,2023,22
SL,-1.0,-1.312499999999988,4.800000000000182,1,2023,0
TP,2.0,1.9090909090909047,16.499999999999204,-1,2023,0
TP,2.0,1.9356223175965677,23.30000000000041,-1,2023,1
TP,2.0,1.9356223175965677,23.30000000000041,-1,2023,1
SL,-1.0,-1.1315789473684161,11.400000000000432,1,2023,6
SL,-1.0,-1.047619047619048,31.499999999999773,-1,2023,0
SL,-1.0,-1.0909090909090953,16.499999999999204,-1,2023,1
TP,2.0,1.9311926605504552,21.79999999999893,1,2023,3
TP,2.0,1.9311926605504552,21.79999999999893,1,2023,3
SL,-1.0,-1.0401069518716552,37.400000000002365,1,2023,5
TP,2.0,1.9727272727272718,54.999999999998295,-1,2023,6
TP,2.0,1.9727272727272718,54.999999999998295,-1,2023,6
TP,2.0,1.9727272727272718,54.999999999998295,-1,2023,6
TP,2.0,1.9727272727272718,54.999999999998295,-1,2023,6
SL,-1.0,-1.037037037037037,40.500000000000114,-1,2023,5
SL,-1.0,-1.037037037037037,40.500000000000114,-1,2023,5
TP,2.0,1.9464285714285716,28.000000000000114,1,2023,7
TP,2.0,1.9464285714285716,28.000000000000114,1,2023,7
fuera,0.12238805970148532,0.09999999999999237,66.99999999999875,-1,2023,14
fuera,0.12238805970148532,0.09999999999999237,66.99999999999875,-1,2023,14
SL,-1.0,-1.2343750000000258,6.399999999999295,1,2023,18
SL,-1.0,-1.095541401273879,15.700000000001069,-1,2023,22
TP,2.0,1.8684210526315839,11.400000000000432,1,2023,0
SL,-1.0,-1.1595744680850681,9.400000000002251,-1,2023,2
TP,2.0,1.8469387755101803,9.799999999998477,1,2023,3
SL,-1.0,-1.0508474576271207,29.49999999999875,1,2023,5
SL,-1.0,-1.058139534883725,25.799999999998136,-1,2023,10
SL,-1.0,-1.0194300518134718,77.19999999999914,-1,2023,12
SL,-1.0,-1.0511945392491457,29.300000000000637,1,2023,0
fuera,1.3611650485436375,1.3320388349514054,51.50000000000148,1,2023,12
fuera,0.754475703324866,0.7161125319693664,39.09999999999911,1,2023,14
fuera,-0.15753424657533047,-0.26027397260273716,14.599999999998658,-1,2023,18
SL,-1.0,-1.4411764705883414,3.3999999999991815,-1,2023,22
SL,-1.0,-1.555555555555242,2.7000000000015234,1,2023,0
SL,-1.0,-1.1388888888888835,10.80000000000041,1,2023,1
SL,-1.0,-1.192307692307685,7.800000000000296,-1,2023,3
SL,-1.0,-1.192307692307685,7.800000000000296,-1,2023,3
SL,-1.0,-1.1948051948051994,7.699999999999818,1,2023,7
TP,2.0,1.9214659685863884,19.10000000000025,-1,2023,8
SL,-1.0,-1.2499999999999905,6.000000000000227,1,2023,13
SL,-1.0,-1.2499999999999905,6.000000000000227,1,2023,13
TP,2.0,1.8351648351647984,9.099999999997976,-1,2023,19
SL,-1.0,-1.312499999999988,4.800000000000182,1,2023,6
TP,2.0,1.9275362318840557,20.699999999999363,1,2023,7
TP,2.0,1.8275862068965865,8.70000000000175,-1,2023,7
TP,2.0,1.9380165289256173,24.199999999999022,-1,2023,14
TP,2.0,1.9380165289256173,24.199999999999022,-1,2023,14
SL,-1.0,-1.102040816326517,14.700000000001978,1,2023,1
SL,-1.0,-1.087719298245618,17.099999999999227,-1,2023,2
SL,-1.0,-1.0268336314847943,55.89999999999975,-1,2023,13
SL,-1.0,-1.0216763005780354,69.19999999999789,1,2023,14
SL,-1.0,-1.499999999999981,3.0000000000001137,1,2023,17
SL,-1.0,-1.499999999999981,3.0000000000001137,1,2023,17
TP,2.0,1.9206349206349176,18.899999999999295,-1,2023,20
TP,2.0,1.9206349206349176,18.899999999999295,-1,2023,20
SL,-1.0,-1.156249999999994,9.600000000000364,-1,2023,0
SL,-1.0,-1.156249999999994,9.600000000000364,-1,2023,0
TP,2.0,1.9157303370786505,17.799999999999727,-1,2023,1
SL,-1.0,-1.0769230769230795,19.499999999999318,1,2023,12
SL,-1.0,-1.0769230769230684,19.50000000000216,-1,2023,14
SL,-1.0,-1.0769230769230684,19.50000000000216,-1,2023,14
TP,2.0,1.9101796407185638,16.70000000000016,1,2023,0
TP,2.0,1.932432432432435,22.20000000000084,1,2023,1
SL,-1.0,-1.2777777777777672,5.400000000000205,-1,2023,4
TP,2.0,1.8872180451127663,13.299999999998136,1,2023,6
SL,-1.0,-1.1071428571428676,13.999999999998636,1,2023,0
SL,-1.0,-1.085227272727265,17.600000000001614,1,2023,1
SL,-1.0,-1.12396694214878,12.09999999999809,-1,2023,3
SL,-1.0,-1.0455927051671723,32.90000000000077,-1,2023,8
SL,-1.0,-1.1807228915662686,8.29999999999984,-1,2023,13
SL,-1.0,-1.0609756097560952,24.600000000000932,1,2023,0
SL,-1.0,-1.117187499999987,12.800000000001432,-1,2023,2
TP,2.0,1.7826086956521374,6.89999999999884,1,2023,3
SL,-1.0,-1.018072289156627,82.99999999999841,-1,2023,12
SL,-1.0,-1.018072289156627,82.99999999999841,-1,2023,12
SL,-1.0,-1.018072289156627,82.99999999999841,-1,2023,12
SL,-1.0,-1.018072289156627,82.99999999999841,-1,2023,12
TP,2.0,1.8972602739726132,14.6000000000015,1,2023,14
TP,2.0,1.8972602739726132,14.6000000000015,1,2023,14
SL,-1.0,-1.12,12.5,1,2023,18
SL,-1.0,-1.3571428571428437,4.200000000000159,-1,2023,20
SL,-1.0,-1.0967741935483863,15.500000000000114,-1,2023,0
SL,-1.0,-1.1442307692307505,10.400000000001342,1,2023,4
SL,-1.0,-1.1293103448275708,11.600000000001387,1,2023,13
SL,-1.0,-1.0638297872340465,23.499999999998522,-1,2023,13
SL,-1.0,-1.1086956521739313,13.79999999999768,-1,2023,15
TP,2.0,1.8148148148147893,8.099999999998886,1,2023,17
TP,2.0,1.955089820359282,33.40000000000032,1,2023,19
TP,2.0,1.955089820359282,33.40000000000032,1,2023,19
TP,2.0,1.9645390070921986,42.30000000000018,1,2023,0
TP,2.0,1.9645390070921986,42.30000000000018,1,2023,0
TP,2.0,1.8214285714285783,8.400000000000318,-1,2023,19
SL,-1.0,-1.11811023622049,12.699999999998113,-1,2023,22
TP,2.0,1.8880597014925258,13.399999999998613,-1,2023,0
TP,2.0,1.8636363636363806,11.000000000001364,1,2023,1
fuera,1.4624203821656065,1.4433121019108295,78.49999999999966,1,2023,2
fuera,1.4624203821656065,1.4433121019108295,78.49999999999966,1,2023,2
SL,-1.0,-1.2000000000000304,7.499999999998863,-1,2023,14
SL,-1.0,-1.1630434782608465,9.200000000001296,-1,2023,23
SL,-1.0,-1.0833333333333302,18.000000000000682,1,2023,0
TP,2.0,1.2105263157897004,1.9000000000005457,-1,2023,0
TP,2.0,1.782608695652227,6.900000000001683,-1,2023,1
SL,-1.0,-1.0442477876106198,33.899999999999864,-1,2023,3
SL,-1.0,-1.0700934579439256,21.399999999999864,-1,2023,4
TP,2.0,1.9226804123711294,19.39999999999884,1,2023,5
SL,-1.0,-1.0731707317073127,20.50000000000125,1,2023,7
SL,-1.0,-1.1260504201680674,11.899999999999977,1,2023,9
SL,-1.0,-1.0612244897959173,24.500000000000455,1,2023,0
SL,-1.0,-1.0612244897959173,24.500000000000455,1,2023,0
SL,-1.0,-1.0612244897959173,24.500000000000455,1,2023,0
TP,2.0,1.8672566371681412,11.299999999999955,1,2023,2
SL,-1.0,-1.0335570469798656,44.70000000000027,-1,2023,2
SL,-1.0,-1.0335570469798656,44.70000000000027,-1,2023,2
SL,-1.0,-1.0335570469798656,44.70000000000027,-1,2023,2
SL,-1.0,-1.1807228915662686,8.29999999999984,1,2023,8
SL,-1.0,-1.0590551181102317,25.40000000000191,-1,2023,8
SL,-1.0,-1.0717703349282286,20.90000000000032,1,2023,9
SL,-1.0,-1.0660792951541922,22.699999999997544,-1,2023,10
SL,-1.0,-1.0660792951541922,22.699999999997544,-1,2023,10
TP,2.0,1.9587912087912094,36.40000000000043,1,2023,0
TP,2.0,1.9587912087912094,36.40000000000043,1,2023,0
TP,2.0,1.9587912087912094,36.40000000000043,1,2023,0
SL,-1.0,-1.10948905109489,13.700000000000045,-1,2023,1
SL,-1.0,-1.0590551181102317,25.40000000000191,1,2023,6
SL,-1.0,-1.0590551181102317,25.40000000000191,1,2023,6
SL,-1.0,-1.214285714285735,6.999999999999318,-1,2023,6
SL,-1.0,-1.066964285714289,22.399999999998954,1,2023,7
TP,2.0,1.8611111111110799,10.799999999997567,-1,2023,9
TP,2.0,1.872881355932198,11.7999999999995,-1,2023,13
TP,2.0,1.8684210526315839,11.400000000000432,-1,2023,17
SL,-1.0,-1.0675675675675738,22.199999999998,1,2023,0
SL,-1.0,-1.0887573964496984,16.900000000001114,-1,2023,7
SL,-1.0,-1.0785340314136116,19.10000000000025,1,2023,8
SL,-1.0,-1.0785340314136116,19.10000000000025,1,2023,8
TP,2.0,1.4000000000001365,2.5000000000005684,-1,2023,8
SL,-1.0,-1.3571428571428437,4.200000000000159,-1,2023,9
SL,-1.0,-1.0892857142857109,16.800000000000637,1,2023,10
TP,2.0,1.96969696969697,49.500000000000455,1,2023,14
SL,-1.0,-1.0432276657060509,34.70000000000084,1,2023,5
SL,-1.0,-1.0269784172661864,55.60000000000116,-1,2023,7
SL,-1.0,-1.1136363636363593,13.2000000000005,-1,2023,0
SL,-1.0,-1.156249999999994,9.600000000000364,1,2023,1
TP,2.0,1.9390243902439048,24.600000000000932,1,2023,7
SL,-1.0,-1.2054794520547734,7.30000000000075,-1,2023,8
SL,-1.0,-1.1102941176470624,13.599999999999568,1,2023,0
SL,-1.0,-1.106382978723411,14.099999999999113,-1,2023,1
SL,-1.0,-1.0773195876288706,19.39999999999884,1,2023,8
SL,-1.0,-1.2307692307692388,6.499999999999773,-1,2023,8
SL,-1.0,-1.101351351351354,14.799999999999613,1,2023,9
TP,2.0,1.8684210526315839,11.400000000000432,-1,2023,9
fuera,0.9685430463576531,0.9437086092715598,60.3999999999985,1,2023,14
SL,-1.0,-1.1315789473684161,11.400000000000432,-1,2023,0
TP,2.0,1.8760330578512492,12.100000000000932,1,2023,1
SL,-1.0,-1.1250000000000249,11.999999999997613,-1,2023,7
TP,2.0,1.8943661971830956,14.19999999999959,1,2023,11
TP,2.0,1.8295454545454426,8.799999999999386,-1,2023,6
fuera,-0.8025477707006401,-0.8264331210191119,62.79999999999859,1,2023,12
SL,-1.0,-1.3658536585366137,4.099999999999682,-1,2023,0
SL,-1.0,-1.0903614457831343,16.59999999999968,-1,2023,6
SL,-1.0,-1.0511945392491457,29.300000000000637,1,2023,7
SL,-1.0,-1.067567567567565,22.20000000000084,1,2023,0
SL,-1.0,-1.067567567567565,22.20000000000084,1,2023,0
SL,-1.0,-1.067567567567565,22.20000000000084,1,2023,0
SL,-1.0,-1.0842696629213495,17.799999999999727,1,2023,2
SL,-1.0,-1.0802139037433227,18.69999999999834,-1,2023,4
fuera,0.004237288135613632,-0.027542372881336867,47.199999999998,1,2023,14
fuera,0.004237288135613632,-0.027542372881336867,47.199999999998,1,2023,14
SL,-1.0,-1.0955414012738962,15.699999999998226,-1,2023,0
SL,-1.0,-1.16483516483515,9.100000000000819,1,2023,3
TP,2.0,1.7321428571429127,5.60000000000116,1,2023,6
TP,2.0,1.8192771084337314,8.29999999999984,1,2023,13
SL,-1.0,-1.1851851851852107,8.099999999998886,-1,2023,13
SL,-1.0,-1.214285714285735,6.999999999999318,-1,2023,6
SL,-1.0,-1.1415094339622713,10.599999999999454,1,2023,8
SL,-1.0,-1.1415094339622713,10.599999999999454,1,2023,8
TP,2.0,1.807692307692315,7.800000000000296,1,2023,9
TP,2.0,1.807692307692315,7.800000000000296,1,2023,9
SL,-1.0,-1.1363636363636194,11.000000000001364,-1,2023,9
SL,-1.0,-1.0394736842105268,37.999999999999545,1,2023,14
TP,2.0,1.6153846153847702,3.900000000001569,1,2023,0
TP,2.0,1.946996466431093,28.299999999998704,-1,2023,0
TP,2.0,1.946996466431093,28.299999999998704,-1,2023,0
SL,-1.0,-1.0785340314136116,19.10000000000025,1,2023,1
SL,-1.0,-1.0785340314136116,19.10000000000025,1,2023,1
SL,-1.0,-1.0785340314136116,19.10000000000025,1,2023,1
SL,-1.0,-1.0572519083969465,26.200000000000045,-1,2023,4
SL,-1.0,-1.0572519083969465,26.200000000000045,-1,2023,4
SL,-1.0,-1.0572519083969465,26.200000000000045,-1,2023,4
SL,-1.0,-1.0572519083969465,26.200000000000045,-1,2023,4
SL,-1.0,-1.12,12.5,1,2023,8
SL,-1.0,-1.0909090909090797,16.500000000002046,1,2023,9
SL,-1.0,-1.0541516245487335,27.700000000001523,1,2023,0
TP,2.0,1.8790322580645116,12.399999999999523,-1,2023,0
TP,2.0,1.8333333333333397,9.000000000000341,-1,2023,3
SL,-1.0,-1.3488372093022738,4.300000000000637,1,2023,5
TP,2.0,1.9395161290322558,24.799999999999045,-1,2023,6
TP,2.0,1.745762711864396,5.89999999999975,1,2023,21
SL,-1.0,-1.0403225806451597,37.20000000000141,1,2023,0
SL,-1.0,-1.0428571428571436,34.99999999999943,-1,2023,11
SL,-1.0,-1.0785340314136116,19.10000000000025,1,2023,0
TP,2.0,1.9466192170818462,28.09999999999775,-1,2023,1
SL,-1.0,-1.0315789473684196,47.500000000002274,1,2023,0
SL,-1.0,-1.0290135396518378,51.69999999999959,-1,2023,13
SL,-1.0,-1.034562211981567,43.39999999999975,-1,2023,0
fuera,0.6964912280701686,0.6701754385964841,56.99999999999932,1,2023,6
fuera,0.6964912280701686,0.6701754385964841,56.99999999999932,1,2023,6
SL,-1.0,-1.0632911392405002,23.70000000000232,-1,2023,10
TP,2.0,1.7916666666666745,7.200000000000273,-1,2023,22
SL,-1.0,-1.0420168067226891,35.69999999999993,-1,2023,0
SL,-1.0,-1.043352601156069,34.600000000000364,-1,2023,9
SL,-1.0,-1.0243902439024386,61.50000000000091,1,2023,12
SL,-1.0,-1.0243902439024386,61.50000000000091,1,2023,12
TP,2.0,1.8387096774193363,9.299999999998931,-1,2023,14
TP,2.0,1.930232558139536,21.50000000000034,-1,2023,16
SL,-1.0,-1.0949367088607502,15.800000000001546,1,2023,0
TP,2.0,1.8484848484848324,9.899999999998954,-1,2023,0
TP,2.0,1.9427480916030535,26.200000000000045,-1,2023,1
SL,-1.0,-1.085227272727265,17.600000000001614,1,2023,8
fuera,1.2947247706422125,1.2775229357798268,87.19999999999857,1,2023,13
fuera,1.2947247706422125,1.2775229357798268,87.19999999999857,1,2023,13
TP,2.0,1.7945205479452266,7.30000000000075,1,2023,18
SL,-1.0,-1.0887573964496984,16.900000000001114,-1,2023,23
TP,2.0,1.90384615384614,15.599999999997749,1,2023,2
TP,2.0,1.90384615384614,15.599999999997749,1,2023,2
TP,2.0,1.90384615384614,15.599999999997749,1,2023,2
SL,-1.0,-1.223880597014901,6.700000000000728,1,2023,1
SL,-1.0,-1.0543478260869545,27.600000000001046,-1,2023,1
SL,-1.0,-1.0543478260869545,27.600000000001046,-1,2023,1
TP,2.0,1.8598130841121487,10.699999999999932,1,2023,2
TP,2.0,1.8598130841121487,10.699999999999932,1,2023,2
SL,-1.0,-1.0286259541984732,52.40000000000009,1,2023,14
SL,-1.0,-1.12,12.5,-1,2023,22
SL,-1.0,-1.1530612244898197,9.799999999998477,-1,2023,0
TP,2.0,1.9222797927461188,19.300000000001205,1,2023,1
fuera,0.329594477998281,0.3166522864538461,115.89999999999918,1,2023,7
TP,2.0,1.8706896551724292,11.600000000001387,-1,2023,0
TP,2.0,1.8706896551724292,11.600000000001387,-1,2023,0
TP,2.0,1.9576271186440695,35.40000000000134,-1,2023,11
SL,-1.0,-1.0643776824034323,23.30000000000041,1,2023,0
TP,2.0,1.946996466431093,28.299999999998704,-1,2023,6
TP,2.0,1.946996466431093,28.299999999998704,-1,2023,6
TP,2.0,1.9591280653950942,36.69999999999902,-1,2023,8
SL,-1.0,-1.3125000000001732,4.79999999999734,1,2023,17
SL,-1.0,-1.2343750000000258,6.399999999999295,1,2023,1
SL,-1.0,-1.025295109612141,59.30000000000177,-1,2023,1
SL,-1.0,-1.2205882352941708,6.799999999998363,-1,2023,2
TP,2.0,1.9222797927461188,19.300000000001205,1,2023,4
TP,2.0,1.933035714285711,22.399999999998954,-1,2023,15
fuera,-0.9344764237599518,-0.9436619718309867,163.30000000000098,-1,2023,17
fuera,-0.9344764237599518,-0.9436619718309867,163.30000000000098,-1,2023,17
SL,-1.0,-1.0118483412322277,126.59999999999911,1,2023,3
fuera,-0.933726067746684,-0.9447717231222362,135.8000000000004,-1,2023,3
fuera,-0.933726067746684,-0.9447717231222362,135.8000000000004,-1,2023,3
fuera,-0.933726067746684,-0.9447717231222362,135.8000000000004,-1,2023,3
fuera,0.7938931297710934,0.6793893129772004,13.100000000000023,1,2023,17
fuera,0.7938931297710934,0.6793893129772004,13.100000000000023,1,2023,17
SL,-1.0,-1.2586206896552048,5.799999999999272,-1,2023,21
SL,-1.0,-1.047169811320757,31.799999999998363,-1,2023,22
SL,-1.0,-1.047169811320757,31.799999999998363,-1,2023,22
TP,2.0,1.9278846153846148,20.79999999999984,1,2023,0
TP,2.0,1.9278846153846148,20.79999999999984,1,2023,0
TP,2.0,1.9792817679558017,72.4000000000018,1,2023,1
TP,2.0,1.9792817679558017,72.4000000000018,1,2023,1
TP,2.0,1.9792817679558017,72.4000000000018,1,2023,1
TP,2.0,1.9792817679558017,72.4000000000018,1,2023,1
TP,2.0,1.4000000000001365,2.5000000000005684,-1,2023,2
SL,-1.0,-1.1315789473684161,11.400000000000432,1,2023,3
TP,2.0,1.9529780564263306,31.89999999999884,1,2023,1
SL,-1.0,-1.067264573991036,22.299999999998477,-1,2023,2
SL,-1.0,-1.0588235294117658,25.499999999999545,1,2023,5
SL,-1.0,-1.054744525547445,27.40000000000009,-1,2023,6
TP,2.0,1.8623853211009287,10.900000000000887,1,2023,8
SL,-1.0,-1.0337837837837824,44.40000000000168,1,2023,4
SL,-1.0,-1.0337837837837824,44.40000000000168,1,2023,4
TP,2.0,1.9590163934426246,36.60000000000139,-1,2023,5
fuera,1.4087591240875708,1.390510948905089,82.20000000000027,-1,2023,7
SL,-1.0,-1.0721153846153852,20.79999999999984,1,2023,12
SL,-1.0,-1.0277777777777781,53.999999999999204,-1,2023,14
SL,-1.0,-1.0422535211267618,35.49999999999898,1,2023,15
SL,-1.0,-1.0422535211267618,35.49999999999898,1,2023,15
SL,-1.0,-1.0837988826815632,17.900000000000205,1,2023,0
TP,2.0,1.8543689320388472,10.300000000000864,-1,2023,1
SL,-1.0,-1.1415094339622713,10.599999999999454,1,2023,12
fuera,0.7541729893778328,0.7314112291350404,65.89999999999918,-1,2023,12
fuera,0.028112449799160343,-0.002008032128551076,49.799999999999045,-1,2023,13
fuera,0.028112449799160343,-0.002008032128551076,49.799999999999045,-1,2023,13
TP,2.0,1.8148148148148544,8.100000000001728,1,2023,0
SL,-1.0,-1.0465838509316807,32.19999999999743,-1,2023,0
TP,2.0,1.9230769230769205,19.499999999999318,1,2023,1
TP,2.0,1.94140625,25.600000000000023,1,2023,2
SL,-1.0,-1.0684931506849245,21.90000000000225,1,2023,3
SL,-1.0,-1.0862068965517209,17.40000000000066,-1,2023,4
SL,-1.0,-1.0862068965517209,17.40000000000066,-1,2023,4
SL,-1.0,-1.0777202072538925,19.299999999998363,1,2023,8
SL,-1.0,-1.0777202072538925,19.299999999998363,1,2023,8
SL,-1.0,-1.0643776824034323,23.30000000000041,-1,2023,12
fuera,1.6997929606625073,1.6687370600413896,48.30000000000041,1,2023,0
fuera,1.6997929606625073,1.6687370600413896,48.30000000000041,1,2023,0
TP,2.0,1.8706896551723975,11.599999999998545,-1,2023,18
SL,-1.0,-1.1079136690647404,13.900000000001,-1,2023,12
SL,-1.0,-1.037128712871285,40.40000000000248,1,2023,14
TP,2.0,1.8750000000000047,12.000000000000455,1,2023,0
TP,2.0,1.9720670391061457,53.700000000000614,1,2023,12
TP,2.0,1.7999999999999696,7.499999999998863,-1,2023,0
fuera,0.02953586497892471,-0.03375527426158301,23.699999999999477,1,2023,15
SL,-1.0,-1.0993377483443827,15.099999999998204,1,2023,21
SL,-1.0,-1.1829268292683068,8.199999999999363,-1,2023,23
SL,-1.0,-1.0731707317073127,20.50000000000125,1,2023,0
SL,-1.0,-1.0731707317073127,20.50000000000125,1,2023,0
SL,-1.0,-1.0646551724137934,23.199999999999932,-1,2023,0
SL,-1.0,-1.0646551724137934,23.199999999999932,-1,2023,0
SL,-1.0,-1.1056338028168833,14.200000000002433,-1,2023,5
SL,-1.0,-1.1363636363636547,10.999999999998522,-1,2023,7
TP,2.0,1.8192771084337314,8.29999999999984,1,2023,10
TP,2.0,1.8192771084337314,8.29999999999984,1,2023,10
SL,-1.0,-1.0974025974025818,15.400000000002478,-1,2023,0
SL,-1.0,-1.0490196078431353,30.60000000000116,1,2023,6
SL,-1.0,-1.1829268292683068,8.199999999999363,1,2023,0
SL,-1.0,-1.1153846153846194,12.999999999999545,-1,2023,1
SL,-1.0,-1.08571428571428,17.500000000001137,1,2023,12
SL,-1.0,-1.1239669421487508,12.100000000000932,-1,2023,13
TP,2.0,1.9107142857142891,16.800000000000637,-1,2023,0
SL,-1.0,-1.2499999999999905,6.000000000000227,1,2023,2
SL,-1.0,-1.067567567567565,22.20000000000084,-1,2023,11
SL,-1.0,-1.0559701492537312,26.800000000000068,1,2023,13
SL,-1.0,-1.1102941176470624,13.599999999999568,1,2023,23
TP,2.0,1.9397590361445771,24.899999999999523,-1,2023,0
TP,2.0,1.9397590361445771,24.899999999999523,-1,2023,0
SL,-1.0,-1.0793650793650704,18.900000000002137,1,2023,6
SL,-1.0,-1.1630434782608465,9.200000000001296,-1,2023,7
SL,-1.0,-1.047169811320753,31.800000000001205,1,2023,8
SL,-1.0,-1.057915057915061,25.899999999998613,1,2023,12
SL,-1.0,-1.0700934579439256,21.399999999999864,-1,2023,16
fuera,1.321243523315956,1.243523316062075,19.300000000001205,1,2023,17
fuera,1.321243523315956,1.243523316062075,19.300000000001205,1,2023,17
SL,-1.0,-1.117187499999987,12.800000000001432,1,2023,21
SL,-1.0,-1.0974025974025818,15.400000000002478,-1,2023,22
SL,-1.0,-1.101351351351354,14.799999999999613,-1,2023,0
SL,-1.0,-1.101351351351354,14.799999999999613,-1,2023,0
TP,2.0,1.962025316455697,39.50000000000102,1,2023,1
TP,2.0,1.962025316455697,39.50000000000102,1,2023,1
TP,2.0,1.962025316455697,39.50000000000102,1,2023,1
SL,-1.0,-1.0545454545454533,27.50000000000057,-1,2023,2
SL,-1.0,-1.0545454545454533,27.50000000000057,-1,2023,2
TP,2.0,1.9380165289256246,24.200000000001864,1,2023,8
SL,-1.0,-1.5172413793104096,2.899999999999636,-1,2023,9
SL,-1.0,-1.0943396226415143,15.899999999999181,1,2023,10
SL,-1.0,-1.0943396226415143,15.899999999999181,1,2023,10
SL,-1.0,-1.1388888888888835,10.80000000000041,-1,2023,11
SL,-1.0,-1.0882352941176388,17.00000000000159,-1,2023,7
SL,-1.0,-1.08571428571428,17.500000000001137,-1,2023,9
TP,2.0,1.9253731343283558,20.09999999999934,1,2023,10
SL,-1.0,-1.062500000000005,23.999999999998067,1,2023,12
TP,2.0,1.90384615384614,15.599999999997749,-1,2023,0
TP,2.0,1.3999999999994543,2.4999999999977263,1,2023,1
TP,2.0,1.9581005586592184,35.80000000000041,-1,2023,7
TP,2.0,1.9581005586592184,35.80000000000041,-1,2023,7
TP,2.0,1.9581005586592184,35.80000000000041,-1,2023,7
SL,-1.0,-1.0785340314136231,19.099999999997408,1,2023,11
SL,-1.0,-1.020026702269693,74.89999999999952,-1,2023,13
SL,-1.0,-1.020026702269693,74.89999999999952,-1,2023,13
SL,-1.0,-1.020026702269693,74.89999999999952,-1,2023,13
TP,2.0,1.9318181818181814,21.999999999999886,1,2023,1
SL,-1.0,-1.0802139037433105,18.700000000001182,1,2023,4
SL,-1.0,-1.1006711409395966,14.900000000000091,-1,2023,6
TP,2.0,1.9471830985915477,28.39999999999918,1,2023,7
TP,2.0,1.9409448818897617,25.399999999999068,1,2023,11
TP,2.0,1.9409448818897617,25.399999999999068,1,2023,11
SL,-1.0,-1.0592885375494103,25.29999999999859,1,2023,12
SL,-1.0,-1.0592885375494103,25.29999999999859,1,2023,12
SL,-1.0,-1.0617283950617296,24.2999999999995,-1,2023,13
SL,-1.0,-1.0617283950617296,24.2999999999995,-1,2023,13
SL,-1.0,-1.2173913043478626,6.89999999999884,-1,2023,0
SL,-1.0,-1.117187499999987,12.800000000001432,1,2023,1
fuera,-0.18757467144564804,-0.20549581839905268,83.70000000000175,1,2023,14
fuera,-0.18757467144564804,-0.20549581839905268,83.70000000000175,1,2023,14
fuera,-0.18757467144564804,-0.20549581839905268,83.70000000000175,1,2023,14
fuera,-0.08878504672899803,-0.1588785046729237,21.399999999999864,-1,2023,15
fuera,-0.08878504672899803,-0.1588785046729237,21.399999999999864,-1,2023,15
TP,2.0,1.2857142857147963,2.1000000000015007,1,2023,21
TP,2.0,1.2857142857147963,2.1000000000015007,1,2023,21
SL,-1.0,-1.1293103448275708,11.600000000001387,1,2023,1
SL,-1.0,-1.16483516483515,9.100000000000819,-1,2023,5
SL,-1.0,-1.16483516483515,9.100000000000819,-1,2023,5
SL,-1.0,-1.0641025641025617,23.400000000000887,1,2023,7
SL,-1.0,-1.1153846153846194,12.999999999999545,-1,2023,13
SL,-1.0,-1.1153846153846194,12.999999999999545,-1,2023,13
SL,-1.0,-1.1219512195122046,12.299999999999045,1,2023,14
SL,-1.0,-1.1219512195122046,12.299999999999045,1,2023,14
TP,2.0,1.8965517241379384,14.500000000001023,1,2023,0
SL,-1.0,-1.1456310679611528,10.300000000000864,-1,2023,1
TP,2.0,1.9444444444444466,27.000000000001023,1,2023,10
TP,2.0,1.9444444444444466,27.000000000001023,1,2023,10
TP,2.0,1.9444444444444466,27.000000000001023,1,2023,10
SL,-1.0,-1.1006711409395966,14.900000000000091,1,2023,14
fuera,0.9735849056603938,0.9547169811320916,79.49999999999875,-1,2023,14
fuera,0.9735849056603938,0.9547169811320916,79.49999999999875,-1,2023,14
fuera,0.9735849056603938,0.9547169811320916,79.49999999999875,-1,2023,14
SL,-1.0,-1.0413223140495869,36.299999999999955,-1,2023,15
SL,-1.0,-1.0413223140495869,36.299999999999955,-1,2023,15
SL,-1.0,-1.1219512195121764,12.300000000001887,-1,2023,17
SL,-1.0,-1.283018867924543,5.299999999999727,1,2023,18
TP,2.0,1.8979591836734633,14.699999999999136,1,2023,19
SL,-1.0,-1.0773195876288593,19.400000000001683,-1,2023,0
SL,-1.0,-1.0517241379310358,28.999999999999204,1,2023,1
SL,-1.0,-1.085714285714294,17.499999999998295,1,2023,6
SL,-1.0,-1.1829268292683068,8.199999999999363,1,2023,7
TP,2.0,1.8972602739726132,14.6000000000015,-1,2023,9
TP,2.0,1.97,50.0,-1,2023,12
SL,-1.0,-1.0453172205438082,33.099999999998886,-1,2023,13
SL,-1.0,-1.0453172205438082,33.099999999998886,-1,2023,13
SL,-1.0,-1.0588235294117658,25.499999999999545,1,2023,14
SL,-1.0,-1.0588235294117658,25.499999999999545,1,2023,14
SL,-1.0,-1.0777202072538812,19.300000000001205,1,2023,7
SL,-1.0,-1.0622406639004114,24.100000000001387,1,2023,12
SL,-1.0,-1.2272727272727186,6.60000000000025,1,2023,14
TP,2.0,1.9735915492957752,56.800000000001205,-1,2023,14
TP,2.0,1.9735915492957752,56.800000000001205,-1,2023,14
SL,-1.0,-1.08108108108108,18.500000000000227,-1,2023,16
SL,-1.0,-1.1470588235294061,10.200000000000387,1,2023,0
TP,2.0,1.8880597014925495,13.400000000001455,-1,2023,0
SL,-1.0,-1.074257425742575,20.199999999999818,1,2023,1
SL,-1.0,-1.117187499999987,12.800000000001432,-1,2023,1
TP,2.0,1.9318181818181814,21.999999999999886,-1,2023,11
fuera,0.28197226502315703,0.25885978428355666,64.89999999999725,1,2023,14
fuera,-0.3006993006993438,-0.4055944055944482,14.300000000000068,-1,2023,16
fuera,-0.3006993006993438,-0.4055944055944482,14.300000000000068,-1,2023,16
SL,-1.0,-1.1764705882352775,8.500000000000796,-1,2023,22
TP,2.0,1.3750000000000238,2.400000000000091,-1,2023,1
TP,2.0,1.9330357142857197,22.400000000001796,1,2023,7
TP,2.0,1.9330357142857197,22.400000000001796,1,2023,7
TP,2.0,1.9330357142857197,22.400000000001796,1,2023,7
TP,2.0,1.741379310344922,5.800000000002115,1,2023,23
SL,-1.0,-1.1470588235294061,10.200000000000387,-1,2023,0
SL,-1.0,-1.1470588235294061,10.200000000000387,-1,2023,0
TP,2.0,1.8920863309352596,13.900000000001,1,2023,1
TP,2.0,1.8920863309352596,13.900000000001,1,2023,1
TP,2.0,1.6590909090909953,4.400000000001114,-1,2023,0
TP,2.0,1.8660714285714564,11.20000000000232,-1,2023,0
TP,2.0,1.8660714285714564,11.20000000000232,-1,2023,0
SL,-1.0,-1.0331858407079648,45.19999999999982,-1,2023,0
SL,-1.0,-1.0331858407079648,45.19999999999982,-1,2023,0
TP,2.0,1.9250000000000065,20.000000000001705,1,2023,1
TP,2.0,1.9250000000000065,20.000000000001705,1,2023,1
fuera,-0.33043478260859893,-0.4608695652173165,11.499999999998067,1,2023,18
fuera,-0.33043478260859893,-0.4608695652173165,11.499999999998067,1,2023,18
SL,-1.0,-1.0641025641025617,23.400000000000887,-1,2023,21
SL,-1.0,-1.041095890410958,36.50000000000091,1,2023,22
SL,-1.0,-1.041095890410958,36.50000000000091,1,2023,22
TP,2.0,1.9214659685863884,19.10000000000025,-1,2023,0
TP,2.0,1.9214659685863884,19.10000000000025,-1,2023,0
SL,-1.0,-1.1612903225806637,9.299999999998931,1,2023,2
TP,2.0,1.9464285714285716,28.000000000000114,-1,2023,2
SL,-1.0,-1.0688073394495448,21.79999999999893,-1,2023,3
SL,-1.0,-1.0688073394495448,21.79999999999893,-1,2023,3
SL,-1.0,-1.0372208436724573,40.29999999999916,1,2023,9
SL,-1.0,-1.0372208436724573,40.29999999999916,1,2023,9
SL,-1.0,-1.1282051282051389,11.699999999999022,1,2023,0
SL,-1.0,-1.1282051282051389,11.699999999999022,1,2023,0
SL,-1.0,-1.1048951048951043,14.300000000000068,-1,2023,1
SL,-1.0,-1.1048951048951043,14.300000000000068,-1,2023,1
TP,2.0,1.933035714285711,22.399999999998954,1,2023,12
TP,2.0,1.933035714285711,22.399999999998954,1,2023,12
SL,-1.0,-1.3571428571428437,4.200000000000159,-1,2023,12
SL,-1.0,-1.1041666666666627,14.400000000000546,1,2023,13
TP,2.0,1.9271844660194135,20.599999999998886,1,2023,0
TP,2.0,1.9271844660194135,20.599999999998886,1,2023,0
TP,2.0,1.9271844660194135,20.599999999998886,1,2023,0
SL,-1.0,-1.127118644067802,11.7999999999995,-1,2023,7
SL,-1.0,-1.0496688741721867,30.19999999999925,-1,2023,0
SL,-1.0,-1.0496688741721867,30.19999999999925,-1,2023,0
SL,-1.0,-1.0496688741721867,30.19999999999925,-1,2023,0
SL,-1.0,-1.0496688741721867,30.19999999999925,-1,2023,0
SL,-1.0,-1.1666666666666603,9.000000000000341,1,2023,1
SL,-1.0,-1.0842696629213495,17.799999999999727,1,2023,7
SL,-1.0,-1.0842696629213495,17.799999999999727,1,2023,7
SL,-1.0,-1.0842696629213495,17.799999999999727,1,2023,7
SL,-1.0,-1.0515463917525778,29.09999999999968,-1,2023,5
fuera,0.9733333333333316,0.9066666666666633,22.49999999999943,1,2023,6
SL,-1.0,-1.1056338028169044,14.19999999999959,1,2023,7
SL,-1.0,-1.1807228915662067,8.300000000002683,1,2023,21
SL,-1.0,-1.093750000000002,15.999999999999659,-1,2023,0
SL,-1.0,-1.28846153846158,5.19999999999925,1,2023,1
TP,2.0,1.583333333333349,3.6000000000001364,-1,2023,5
SL,-1.0,-1.1304347826087175,11.499999999998067,1,2023,6
SL,-1.0,-1.1304347826087175,11.499999999998067,1,2023,6
TP,2.0,1.8913043478260911,13.800000000000523,1,2023,0
TP,2.0,1.8913043478260911,13.800000000000523,1,2023,0
SL,-1.0,-1.1704545454545023,8.800000000002228,-1,2023,0
TP,2.0,1.7916666666666745,7.200000000000273,1,2023,1
SL,-1.0,-1.214285714285735,6.999999999999318,-1,2023,1
SL,-1.0,-1.5357142857144468,2.7999999999991587,1,2023,3
TP,2.0,1.7222222222222328,5.400000000000205,-1,2023,6
TP,2.0,1.7222222222222328,5.400000000000205,-1,2023,6
TP,2.0,1.8214285714285783,8.400000000000318,1,2023,5
TP,2.0,1.8214285714285783,8.400000000000318,1,2023,5
SL,-1.0,-1.3333333333334259,4.4999999999987494,-1,2023,5
TP,2.0,1.8469387755101803,9.799999999998477,1,2023,6
SL,-1.0,-1.5999999999998635,2.5000000000005684,-1,2023,6
SL,-1.0,-1.063559322033901,23.599999999999,1,2023,7
TP,2.0,1.882812500000013,12.800000000001432,-1,2023,10
TP,2.0,1.882812500000013,12.800000000001432,-1,2023,10
SL,-1.0,-1.230769230769138,6.500000000002615,1,2023,14
SL,-1.0,-1.3191489361702329,4.699999999999704,1,2023,16
SL,-1.0,-1.3191489361702329,4.699999999999704,1,2023,16
SL,-1.0,-1.0724637681159344,20.700000000002206,-1,2023,16
SL,-1.0,-1.0724637681159344,20.700000000002206,-1,2023,16
TP,2.0,1.9117647058823464,16.99999999999875,1,2023,17
SL,-1.0,-1.16483516483515,9.100000000000819,1,2023,0
TP,2.0,1.8837209302325497,12.899999999999068,-1,2023,1
SL,-1.0,-1.0367647058823541,40.799999999998704,-1,2023,10
SL,-1.0,-1.0367647058823541,40.799999999998704,-1,2023,10
SL,-1.0,-1.0367647058823541,40.799999999998704,-1,2023,10
SL,-1.0,-1.0367647058823541,40.799999999998704,-1,2023,10
SL,-1.0,-1.057471264367817,26.099999999999568,1,2023,11
SL,-1.0,-1.057471264367817,26.099999999999568,1,2023,11
SL,-1.0,-1.057471264367817,26.099999999999568,1,2023,11
SL,-1.0,-1.057471264367817,26.099999999999568,1,2023,11
SL,-1.0,-1.0309278350515456,48.500000000001364,-1,2023,14
SL,-1.0,-1.0309278350515456,48.500000000001364,-1,2023,14
SL,-1.0,-1.0309278350515456,48.500000000001364,-1,2023,14
SL,-1.0,-1.0309278350515456,48.500000000001364,-1,2023,14
TP,2.0,1.850000000000034,10.000000000002274,1,2023,15
TP,2.0,1.8750000000000047,12.000000000000455,1,2023,16
TP,2.0,1.8750000000000047,12.000000000000455,1,2023,16
TP,2.0,1.8750000000000047,12.000000000000455,1,2023,17
TP,2.0,1.8557692307692495,10.400000000001342,1,2023,0
SL,-1.0,-1.166666666666713,8.999999999997499,-1,2023,0
TP,2.0,1.9090909090909047,16.499999999999204,1,2023,1
fuera,0.8512820512820647,0.8128205128205249,38.999999999998636,1,2023,2
fuera,0.8512820512820647,0.8128205128205249,38.999999999998636,1,2023,2
fuera,0.8512820512820647,0.8128205128205249,38.999999999998636,1,2023,2
TP,2.0,1.8404255319148837,9.399999999999409,-1,2023,6
fuera,-0.16279069767451082,-0.3372093023256478,8.600000000001273,1,2023,18
TP,2.0,1.8880597014925258,13.399999999998613,1,2023,22
SL,-1.0,-1.1415094339622713,10.599999999999454,1,2023,23
SL,-1.0,-1.099999999999996,15.000000000000568,-1,2023,0
SL,-1.0,-1.099999999999996,15.000000000000568,-1,2023,0
SL,-1.0,-1.099999999999996,15.000000000000568,-1,2023,0
SL,-1.0,-1.099999999999996,15.000000000000568,-1,2023,0
TP,2.0,1.88,12.5,1,2023,1
TP,2.0,1.8499999999999914,9.999999999999432,1,2023,6
TP,2.0,1.882812500000013,12.800000000001432,1,2023,8
TP,2.0,1.882812500000013,12.800000000001432,1,2023,8
SL,-1.0,-2.8749999999977085,0.8000000000009777,-1,2023,5
SL,-1.0,-1.0595238095238073,25.200000000000955,1,2023,6
SL,-1.0,-1.0872093023255829,17.199999999999704,-1,2023,1
TP,2.0,1.83516483516485,9.100000000000819,1,2023,2
SL,-1.0,-1.7142857142852037,2.1000000000015007,-1,2023,9
SL,-1.0,-1.1807228915662067,8.300000000002683,1,2023,10
SL,-1.0,-1.0517241379310358,28.999999999999204,1,2023,12
TP,2.0,1.933035714285711,22.399999999998954,-1,2023,5
SL,-1.0,-1.12,12.5,1,2023,6
SL,-1.0,-1.0464396284829711,32.30000000000075,-1,2023,6
SL,-1.0,-1.0464396284829711,32.30000000000075,-1,2023,6
TP,2.0,1.9382716049382704,24.2999999999995,1,2023,7
SL,-1.0,-1.10948905109489,13.700000000000045,-1,2023,7
fuera,0.8143322475569599,0.7654723127035423,30.700000000001637,1,2023,8
SL,-1.0,-1.1041666666666627,14.400000000000546,1,2023,11
SL,-1.0,-1.1041666666666627,14.400000000000546,1,2023,11
SL,-1.0,-1.127118644067802,11.7999999999995,-1,2023,21
SL,-1.0,-1.127118644067802,11.7999999999995,-1,2023,21
TP,2.0,1.900000000000004,15.000000000000568,1,2023,22
TP,2.0,1.900000000000004,15.000000000000568,1,2023,22
TP,2.0,1.933035714285711,22.399999999998954,1,2023,0
TP,2.0,1.933035714285711,22.399999999998954,1,2023,0
TP,2.0,1.933035714285711,22.399999999998954,1,2023,0
SL,-1.0,-1.3260869565217939,4.599999999999227,-1,2023,0
SL,-1.0,-1.157894736842107,9.499999999999886,1,2023,1
SL,-1.0,-1.1401869158878142,10.700000000002774,-1,2023,6
SL,-1.0,-1.1612903225806144,9.300000000001774,1,2023,0
SL,-1.0,-1.3750000000000746,3.999999999999204,-1,2023,1
TP,2.0,1.893617021276589,14.099999999999113,1,2023,7
fuera,-0.2546583850931618,-0.26312817617164846,177.1000000000015,1,2023,14
fuera,-0.2546583850931618,-0.26312817617164846,177.1000000000015,1,2023,14
fuera,0.40594059405940364,0.39243924392439,111.099999999999,-1,2023,14
fuera,0.40594059405940364,0.39243924392439,111.099999999999,-1,2023,14
fuera,0.40594059405940364,0.39243924392439,111.099999999999,-1,2023,14
fuera,0.40594059405940364,0.39243924392439,111.099999999999,-1,2023,14
fuera,0.40594059405940364,0.39243924392439,111.099999999999,-1,2023,14
fuera,0.40594059405940364,0.39243924392439,111.099999999999,-1,2023,14
fuera,0.40594059405940364,0.39243924392439,111.099999999999,-1,2023,14
SL,-1.0,-1.1162790697674503,12.899999999999068,1,2023,15
SL,-1.0,-1.0622406639004114,24.100000000001387,-1,2023,19
SL,-1.0,-1.1363636363636194,11.000000000001364,1,2023,0
fuera,-0.12878787878785214,-0.16666666666664132,39.59999999999866,-1,2023,7
SL,-1.0,-1.2586206896552048,5.799999999999272,1,2023,0
SL,-1.0,-1.0322580645161288,46.50000000000034,-1,2023,0
SL,-1.0,-1.050675675675677,29.599999999999227,-1,2023,1
SL,-1.0,-1.0581395348837188,25.800000000000978,1,2023,6
TP,2.0,1.8499999999999914,9.999999999999432,1,2023,4
fuera,-0.3783185840707809,-0.4115044247787456,45.19999999999982,1,2023,12
fuera,-0.3783185840707809,-0.4115044247787456,45.19999999999982,1,2023,12
TP,2.0,1.8739495798319326,11.899999999999977,-1,2023,12
TP,2.0,1.8739495798319326,11.899999999999977,-1,2023,12
fuera,-0.5463917525772974,-0.5979381443298754,29.09999999999968,-1,2023,15
fuera,-0.5463917525772974,-0.5979381443298754,29.09999999999968,-1,2023,15
SL,-1.0,-1.0837988826815632,17.900000000000205,1,2023,22
SL,-1.0,-1.1500000000000086,9.999999999999432,-1,2023,0
SL,-1.0,-1.2678571428572234,5.599999999998317,1,2023,1
TP,2.0,1.9222797927461075,19.299999999998363,-1,2023,13
SL,-1.0,-1.0441176470588232,34.00000000000034,-1,2023,14
SL,-1.0,-1.1851851851852107,8.099999999998886,1,2023,17
TP,2.0,1.8872180451127902,13.300000000000978,-1,2023,18
TP,2.0,1.9579831932773109,35.69999999999993,1,2023,0
TP,2.0,1.9579831932773109,35.69999999999993,1,2023,0
TP,2.0,1.9579831932773109,35.69999999999993,1,2023,0
SL,-1.0,-1.117187499999987,12.800000000001432,1,2023,4
TP,2.0,1.8623853211009287,10.900000000000887,-1,2023,7
SL,-1.0,-1.1181102362204636,12.700000000000955,1,2023,11
SL,-1.0,-1.066079295154184,22.700000000000387,-1,2023,15
TP,2.0,1.900000000000004,15.000000000000568,1,2023,0
SL,-1.0,-1.074257425742575,20.199999999999818,-1,2023,12
TP,2.0,1.9197860962566773,18.69999999999834,1,2023,14
TP,2.0,1.9197860962566773,18.69999999999834,1,2023,14
TP,2.0,1.9197860962566773,18.69999999999834,1,2023,14
SL,-1.0,-1.082417582417588,18.199999999998795,-1,2023,15
SL,-1.0,-1.082417582417588,18.199999999998795,-1,2023,15
SL,-1.0,-1.1315789473684161,11.400000000000432,-1,2023,17
SL,-1.0,-1.1315789473684161,11.400000000000432,-1,2023,17
SL,-1.0,-1.0731707317073127,20.50000000000125,1,2023,18
SL,-1.0,-1.0731707317073127,20.50000000000125,1,2023,18
SL,-1.0,-1.1327433628318588,11.299999999999955,1,2023,0
SL,-1.0,-1.08571428571428,17.500000000001137,1,2023,2
SL,-1.0,-1.08571428571428,17.500000000001137,1,2023,2
SL,-1.0,-1.10948905109489,13.700000000000045,-1,2023,3
SL,-1.0,-1.10948905109489,13.700000000000045,-1,2023,3
TP,2.0,1.8214285714285783,8.400000000000318,1,2023,6
SL,-1.0,-1.1327433628318588,11.299999999999955,-1,2023,6
fuera,0.28571428571435453,0.24939467312355396,41.29999999999825,1,2023,12
fuera,-0.12626262626252477,-0.2020202020201085,19.799999999997908,1,2023,13
TP,2.0,1.8026315789473513,7.599999999999341,-1,2023,0
SL,-1.0,-1.1249999999999953,12.000000000000455,-1,2023,21
SL,-1.0,-1.095541401273879,15.700000000001069,1,2023,22
SL,-1.0,-1.1874999999999707,8.00000000000125,1,2023,0
SL,-1.0,-1.416666666666651,3.6000000000001364,-1,2023,2
SL,-1.0,-1.0553505535055379,27.09999999999866,1,2023,13
SL,-1.0,-1.2083333333333255,7.200000000000273,-1,2023,15
SL,-1.0,-1.1612903225806637,9.299999999998931,1,2023,6
SL,-1.0,-1.2678571428570873,5.60000000000116,-1,2023,7
fuera,0.3094944512946661,0.2909987669543456,81.1000000000007,1,2023,10
fuera,0.3094944512946661,0.2909987669543456,81.1000000000007,1,2023,10
fuera,0.3094944512946661,0.2909987669543456,81.1000000000007,1,2023,10
fuera,0.3094944512946661,0.2909987669543456,81.1000000000007,1,2023,10
fuera,0.3094944512946661,0.2909987669543456,81.1000000000007,1,2023,10
fuera,0.13793103448269717,0.09090909090903193,31.900000000001683,1,2023,12
SL,-1.0,-1.1898734177215686,7.899999999997931,-1,2023,14
TP,2.0,1.444444444444173,2.6999999999986812,-1,2023,17
SL,-1.0,-1.2884615384614224,5.200000000002092,1,2023,0
TP,2.0,1.6511627906977262,4.300000000000637,-1,2023,1
fuera,0.956989247311777,0.8763440860214575,18.600000000000705,1,2023,3
SL,-1.0,-1.145631067961193,10.299999999998022,-1,2023,14
SL,-1.0,-1.145631067961193,10.299999999998022,-1,2023,14
SL,-1.0,-1.149999999999966,10.000000000002274,1,2023,15
SL,-1.0,-1.149999999999966,10.000000000002274,1,2023,15
SL,-1.0,-1.312499999999988,4.800000000000182,-1,2023,0
SL,-1.0,-1.2083333333334076,7.199999999997431,1,2023,1
TP,2.0,1.6153846153847702,3.900000000001569,-1,2023,1
SL,-1.0,-1.3409090909092247,4.399999999998272,1,2023,8
SL,-1.0,-1.7499999999996163,2.000000000001023,-1,2023,8
SL,-1.0,-1.2205882352940784,6.800000000001205,1,2023,11
SL,-1.0,-1.066964285714289,22.399999999998954,-1,2023,16
SL,-1.0,-2.2499999999999525,1.2000000000000455,-1,2023,0
SL,-1.0,-1.7142857142861705,2.0999999999986585,1,2023,1
SL,-1.0,-1.202702702702669,7.400000000001228,-1,2023,1
SL,-1.0,-1.1428571428571181,10.500000000001819,1,2023,7
SL,-1.0,-1.1428571428571181,10.500000000001819,1,2023,7
fuera,-0.38636363636364474,-0.4350649350649446,30.799999999999272,1,2023,8
fuera,-0.38636363636364474,-0.4350649350649446,30.799999999999272,1,2023,8
TP,2.0,1.6666666666665741,4.4999999999987494,-1,2023,8
TP,2.0,1.8051948051948006,7.699999999999818,1,2023,21
SL,-1.0,-1.245901639344234,6.100000000000705,-1,2023,21
SL,-1.0,-1.2000000000000304,7.499999999998863,1,2023,22
SL,-1.0,-1.1874999999999707,8.00000000000125,1,2023,0
SL,-1.0,-1.254237288135604,5.89999999999975,1,2023,2
SL,-1.0,-1.4285714285711224,3.500000000002501,1,2023,3
TP,2.0,1.500000000000019,3.0000000000001137,-1,2023,5
TP,2.0,1.500000000000019,3.0000000000001137,-1,2023,5
SL,-1.0,-1.2380952380952828,6.299999999998818,1,2023,9
TP,2.0,1.8214285714285783,8.400000000000318,-1,2023,14
TP,2.0,1.8101265822784995,7.900000000000773,-1,2023,15
TP,2.0,1.8928571428571324,13.999999999998636,-1,2023,16
SL,-1.0,-1.254237288135604,5.89999999999975,1,2023,17
SL,-1.0,-1.0914634146341535,16.399999999998727,-1,2023,18
SL,-1.0,-1.0914634146341535,16.399999999998727,-1,2023,18
SL,-1.0,-1.1685393258426993,8.899999999999864,1,2023,19
SL,-1.0,-1.1442307692307505,10.400000000001342,1,2023,23
SL,-1.0,-2.0714285714299807,1.3999999999981583,1,2023,0
TP,2.0,1.8648648648648873,11.100000000001842,-1,2023,0
SL,-1.0,-1.1630434782608465,9.200000000001296,-1,2023,1
SL,-1.0,-1.1630434782608465,9.200000000001296,-1,2023,1
SL,-1.0,-1.17241379310347,8.699999999998909,1,2023,2
TP,2.0,1.6511627906977262,4.300000000000637,1,2023,4
SL,-1.0,-1.0638297872340465,23.499999999998522,-1,2023,6
SL,-1.0,-1.0638297872340465,23.499999999998522,-1,2023,6
TP,2.0,1.9101796407185638,16.70000000000016,1,2023,7
TP,2.0,1.9101796407185638,16.70000000000016,1,2023,10
SL,-1.0,-1.1874999999999707,8.00000000000125,-1,2023,13
SL,-1.0,-1.3846153846155103,3.8999999999987267,1,2023,18
TP,2.0,1.63414634146364,4.100000000002524,-1,2023,0
SL,-1.0,-1.5999999999998635,2.5000000000005684,1,2023,7
SL,-1.0,-1.3846153846155103,3.8999999999987267,1,2023,9
TP,2.0,1.1176470588233172,1.6999999999995907,-1,2023,10
SL,-1.0,-1.5172413793104096,2.899999999999636,-1,2023,15
SL,-1.0,-1.3947368421051498,3.8000000000010914,1,2023,16
SL,-1.0,-1.2499999999999905,6.000000000000227,-1,2023,17
SL,-1.0,-1.2499999999999905,6.000000000000227,-1,2023,17
TP,2.0,1.6739130434782061,4.599999999999227,1,2023,18
TP,2.0,1.6739130434782061,4.599999999999227,1,2023,18
SL,-1.0,-1.0833333333333302,18.000000000000682,1,2023,2
SL,-1.0,-1.0245098039215688,61.19999999999948,1,2023,6
SL,-1.0,-1.0245098039215688,61.19999999999948,1,2023,6
SL,-1.0,-1.0245098039215688,61.19999999999948,1,2023,6
SL,-1.0,-1.0245098039215688,61.19999999999948,1,2023,6
SL,-1.0,-1.2777777777777672,5.400000000000205,-1,2023,10
SL,-1.0,-1.163043478260897,9.199999999998454,1,2023,0
TP,2.0,1.8672566371681412,11.299999999999955,-1,2023,1
TP,2.0,1.6511627906977262,4.300000000000637,1,2023,9
SL,-1.0,-1.1013513513513344,14.800000000002456,1,2023,12
SL,-1.0,-1.1013513513513344,14.800000000002456,1,2023,12
fuera,1.1603773584906698,1.089622641509534,21.19999999999891,-1,2023,12
fuera,1.1603773584906698,1.089622641509534,21.19999999999891,-1,2023,12
fuera,1.1603773584906698,1.089622641509534,21.19999999999891,-1,2023,12
fuera,0.32211538461542205,0.25000000000003686,20.79999999999984,-1,2023,13
fuera,0.32211538461542205,0.25000000000003686,20.79999999999984,-1,2023,13
fuera,0.32211538461542205,0.25000000000003686,20.79999999999984,-1,2023,13
SL,-1.0,-1.245901639344234,6.100000000000705,1,2023,15
SL,-1.0,-1.12396694214878,12.09999999999809,-1,2023,17
TP,2.0,1.8314606741573007,8.899999999999864,1,2023,20
SL,-1.0,-1.1260504201680674,11.899999999999977,1,2023,23
TP,2.0,1.8051948051948006,7.699999999999818,-1,2023,0
SL,-1.0,-1.067264573991036,22.299999999998477,-1,2023,5
SL,-1.0,-1.067264573991036,22.299999999998477,-1,2023,5
SL,-1.0,-1.0622406639004187,24.099999999998545,1,2023,6
SL,-1.0,-1.0622406639004187,24.099999999998545,1,2023,6
SL,-1.0,-1.0622406639004187,24.099999999998545,1,2023,6
TP,2.0,1.83516483516485,9.100000000000819,-1,2023,11
TP,2.0,1.83516483516485,9.100000000000819,-1,2023,11
SL,-1.0,-1.0220264317180623,68.09999999999832,-1,2023,13
SL,-1.0,-1.192307692307685,7.800000000000296,-1,2023,0
SL,-1.0,-1.192307692307685,7.800000000000296,-1,2023,0
TP,2.0,1.9735915492957752,56.800000000001205,1,2023,2
TP,2.0,1.9735915492957752,56.800000000001205,1,2023,2
TP,2.0,1.9735915492957752,56.800000000001205,1,2023,2
TP,2.0,1.9735915492957752,56.800000000001205,1,2023,2
TP,2.0,1.9735915492957752,56.800000000001205,1,2023,2
TP,2.0,1.9735915492957752,56.800000000001205,1,2023,2
SL,-1.0,-1.1327433628318588,11.299999999999955,-1,2023,5
SL,-1.0,-1.0842696629213495,17.799999999999727,1,2023,7
SL,-1.0,-1.3846153846155103,3.8999999999987267,-1,2023,7
fuera,-0.6326860841424025,-0.6569579288025957,61.80000000000234,1,2023,8
TP,2.0,1.949324324324328,29.60000000000207,1,2023,11
SL,-1.0,-1.0721153846153852,20.79999999999984,1,2023,18
TP,2.0,1.9446494464944621,27.09999999999866,-1,2023,21
TP,2.0,1.9392712550607323,24.70000000000141,-1,2023,23
SL,-1.0,-1.1456310679611528,10.300000000000864,-1,2023,0
SL,-1.0,-1.1456310679611528,10.300000000000864,-1,2023,0
SL,-1.0,-1.127118644067802,11.7999999999995,1,2023,2
SL,-1.0,-1.1363636363636547,10.999999999998522,1,2023,3
SL,-1.0,-1.0393700787401574,38.10000000000002,1,2023,12
SL,-1.0,-1.454545454545633,3.299999999998704,1,2023,2
SL,-1.0,-1.2380952380952828,6.299999999998818,-1,2023,3
SL,-1.0,-1.1282051282051078,11.700000000001864,1,2023,11
fuera,0.07524271844661777,0.05703883495147179,82.39999999999839,-1,2023,11
fuera,0.07524271844661777,0.05703883495147179,82.39999999999839,-1,2023,11
fuera,0.07524271844661777,0.05703883495147179,82.39999999999839,-1,2023,11
fuera,0.07524271844661777,0.05703883495147179,82.39999999999839,-1,2023,11
fuera,-0.47157190635451984,-0.521739130434791,29.899999999997817,1,2023,13
SL,-1.0,-1.202702702702747,7.399999999998386,-1,2023,17
TP,2.0,1.6666666666665741,4.4999999999987494,1,2023,22
TP,2.0,1.836956521739103,9.199999999998454,1,2023,0
TP,2.0,1.8660714285714224,11.199999999999477,1,2023,17
TP,2.0,1.7413793103447952,5.799999999999272,1,2023,1
SL,-1.0,-1.1271186440677714,11.800000000002342,1,2023,6
SL,-1.0,-1.1260504201680674,11.899999999999977,1,2023,7
SL,-1.0,-1.0909090909090953,16.499999999999204,-1,2023,8
SL,-1.0,-1.0909090909090953,16.499999999999204,-1,2023,8
TP,2.0,1.605263157894555,3.7999999999982492,-1,2023,12
SL,-1.0,-1.223880597014901,6.700000000000728,1,2023,14
TP,2.0,1.9278846153846148,20.79999999999984,1,2023,0
TP,2.0,1.741379310344922,5.800000000002115,-1,2023,0
TP,2.0,1.8863636363636163,13.199999999997658,1,2023,5
SL,-1.0,-1.5999999999998635,2.5000000000005684,-1,2023,6
TP,2.0,1.8623853211009287,10.900000000000887,1,2023,8
SL,-1.0,-1.0612244897959173,24.500000000000455,-1,2023,6
SL,-1.0,-1.1415094339622334,10.600000000002296,1,2023,10
SL,-1.0,-1.3409090909092247,4.399999999998272,1,2023,5
SL,-1.0,-1.6249999999999762,2.400000000000091,-1,2023,6
SL,-1.0,-1.0887573964497133,16.899999999998272,1,2023,0
SL,-1.0,-1.0887573964497133,16.899999999998272,1,2023,0
SL,-1.0,-1.1595744680851163,9.399999999999409,-1,2023,1
SL,-1.0,-1.0309278350515456,48.500000000001364,1,2023,15
SL,-1.0,-1.0309278350515456,48.500000000001364,1,2023,15
SL,-1.0,-1.0309278350515456,48.500000000001364,1,2023,15
SL,-1.0,-1.2586206896552048,5.799999999999272,1,2023,7
fuera,0.43156424581004743,0.4106145251396566,71.60000000000082,-1,2023,13
fuera,0.43156424581004743,0.4106145251396566,71.60000000000082,-1,2023,13
fuera,0.43156424581004743,0.4106145251396566,71.60000000000082,-1,2023,13
fuera,0.43156424581004743,0.4106145251396566,71.60000000000082,-1,2023,13
fuera,0.43156424581004743,0.4106145251396566,71.60000000000082,-1,2023,13
fuera,0.43156424581004743,0.4106145251396566,71.60000000000082,-1,2023,13
fuera,0.43156424581004743,0.4106145251396566,71.60000000000082,-1,2023,13
SL,-1.0,-1.4054054054053382,3.700000000000614,1,2023,14
TP,2.0,1.8695652173913146,11.50000000000091,-1,2023,16
SL,-1.0,-1.1239669421487508,12.100000000000932,-1,2023,20
TP,2.0,1.8739495798319326,11.899999999999977,1,2023,21
TP,2.0,1.91428571428572,17.500000000001137,-1,2023,0
SL,-1.0,-1.0205761316872424,72.90000000000134,1,2023,13
SL,-1.0,-1.0205761316872424,72.90000000000134,1,2023,13
TP,2.0,1.8333333333333397,9.000000000000341,-1,2023,14
TP,2.0,1.8333333333333397,9.000000000000341,-1,2023,14
SL,-1.0,-1.0641025641025694,23.399999999998045,1,2023,18
SL,-1.0,-1.0641025641025694,23.399999999998045,1,2023,18
SL,-1.0,-1.9999999999990146,1.500000000001478,-1,2023,18
SL,-1.0,-1.1724137931034135,8.70000000000175,1,2023,20
SL,-1.0,-1.145631067961193,10.299999999998022,-1,2023,21
SL,-1.0,-1.4838709677418431,3.100000000000591,1,2023,0
SL,-1.0,-1.27272727272738,5.49999999999784,-1,2023,1
SL,-1.0,-1.27272727272738,5.49999999999784,-1,2023,1
SL,-1.0,-1.1239669421487508,12.100000000000932,1,2023,2
SL,-1.0,-1.2941176470588944,5.099999999998772,-1,2023,7
SL,-1.0,-1.2941176470588944,5.099999999998772,-1,2023,7
fuera,0.29297458893870654,0.2705530642750298,66.90000000000111,-1,2023,8
fuera,0.29297458893870654,0.2705530642750298,66.90000000000111,-1,2023,8
fuera,0.29297458893870654,0.2705530642750298,66.90000000000111,-1,2023,8
TP,2.0,1.91428571428572,17.500000000001137,-1,2023,0
SL,-1.0,-1.1111111111110952,13.500000000001933,1,2023,1
TP,2.0,1.9728260869565213,55.19999999999925,-1,2023,2
TP,2.0,1.9728260869565213,55.19999999999925,-1,2023,2
TP,2.0,1.9567723342939491,34.70000000000084,-1,2023,0
TP,2.0,1.9618320610687023,39.30000000000007,1,2023,18
SL,-1.0,-1.0974025974025996,15.399999999999636,1,2023,0
TP,2.0,1.9609375000000016,38.400000000001455,1,2023,5
SL,-1.0,-1.0317796610169485,47.20000000000084,1,2023,8
TP,2.0,1.9311926605504643,21.800000000001774,-1,2023,9
SL,-1.0,-1.1293103448276025,11.599999999998545,-1,2023,14
SL,-1.0,-1.0441176470588232,34.00000000000034,1,2023,15
SL,-1.0,-1.0746268656716338,20.100000000002183,-1,2023,0
TP,2.0,1.8951048951048957,14.300000000000068,-1,2023,1
TP,2.0,1.8750000000000047,12.000000000000455,1,2023,9
TP,2.0,1.5945945945946618,3.700000000000614,1,2023,13
SL,-1.0,-1.1851851851851456,8.100000000001728,1,2023,0
fuera,0.27927927927932195,0.21171171171175696,22.20000000000084,-1,2023,0
SL,-1.0,-1.095541401273879,15.700000000001069,-1,2023,4
TP,2.0,1.9137931034482791,17.40000000000066,-1,2023,0
TP,2.0,1.9647058823529422,42.50000000000114,-1,2023,1
TP,2.0,1.9647058823529422,42.50000000000114,-1,2023,1
SL,-1.0,-1.127118644067802,11.7999999999995,1,2023,4
SL,-1.0,-1.0622406639004187,24.099999999998545,1,2023,9
SL,-1.0,-1.0717703349282384,20.899999999997476,-1,2023,12
SL,-1.0,-1.2586206896552048,5.799999999999272,1,2023,19
SL,-1.0,-1.0672645739910274,22.30000000000132,-1,2023,23
SL,-1.0,-1.0545454545454533,27.50000000000057,-1,2023,0
SL,-1.0,-1.0828729281768033,18.099999999998317,1,2023,1
SL,-1.0,-1.0707547169811358,21.19999999999891,1,2023,7
TP,2.0,1.9707031249999984,51.1999999999972,-1,2023,15
SL,-1.0,-1.0335570469798656,44.70000000000027,-1,2023,0
TP,2.0,1.9361702127659612,23.500000000001364,1,2023,2
SL,-1.0,-1.0700934579439256,21.399999999999864,-1,2023,0
TP,2.0,1.7580645161289674,6.19999999999834,1,2023,1
SL,-1.0,-1.0311850311850315,48.099999999999454,1,2023,14
SL,-1.0,-1.0311850311850315,48.099999999999454,1,2023,14
fuera,1.7411764705882409,1.7159663865546273,59.499999999999886,-1,2023,15
fuera,1.7411764705882409,1.7159663865546273,59.499999999999886,-1,2023,15
SL,-1.0,-1.05859375,25.600000000000023,-1,2023,0
SL,-1.0,-1.0464396284829711,32.30000000000075,1,2023,2
SL,-1.0,-1.099999999999996,15.000000000000568,1,2023,16
fuera,0.2417061611374516,0.22393364928911025,84.39999999999941,-1,2023,16
fuera,0.21739130434784074,0.158102766798437,25.300000000001432,-1,2023,17
fuera,0.37000000000008243,0.22000000000007391,9.999999999999432,1,2023,18
SL,-1.0,-8.499999999964189,0.20000000000095497,1,2023,22
TP,2.0,1.8611111111111165,10.80000000000041,-1,2023,22
SL,-1.0,-1.0428571428571436,34.99999999999943,-1,2023,23
TP,2.0,1.945848375451261,27.69999999999868,1,2023,0
SL,-1.0,-1.1442307692307505,10.400000000001342,-1,2023,1
SL,-1.0,-1.1442307692307505,10.400000000001342,-1,2023,1
SL,-1.0,-1.0652173913043426,23.00000000000182,1,2023,3
SL,-1.0,-1.0652173913043426,23.00000000000182,1,2023,3
SL,-1.0,-1.174418604651137,8.600000000001273,1,2023,4
TP,2.0,1.8192771084337314,8.29999999999984,-1,2023,5
TP,2.0,1.7580645161290784,6.200000000001182,-1,2023,6
SL,-1.0,-1.0421348314606749,35.599999999999454,1,2023,7
SL,-1.0,-1.047169811320757,31.799999999998363,-1,2023,8
fuera,0.1921259842519401,0.16850393700784633,63.50000000000193,1,2023,15
SL,-1.0,-1.0903614457831343,16.59999999999968,1,2023,6
SL,-1.0,-1.0903614457831343,16.59999999999968,1,2023,6
SL,-1.0,-1.1079136690647624,13.899999999998158,-1,2023,7
SL,-1.0,-1.0275229357798157,54.50000000000159,1,2023,15
SL,-1.0,-1.0275229357798157,54.50000000000159,1,2023,15
TP,2.0,1.72727272727262,5.49999999999784,-1,2023,2
SL,-1.0,-1.3947368421051498,3.8000000000010914,1,2023,11
TP,2.0,1.8529411764705939,10.200000000000387,-1,2023,11
TP,2.0,1.932432432432435,22.20000000000084,-1,2023,1
SL,-1.0,-1.0877192982456034,17.10000000000207,1,2023,2
TP,2.0,1.910714285714274,16.799999999997794,-1,2023,4
TP,2.0,1.9450549450549444,27.299999999999613,-1,2023,5
TP,2.0,1.9450549450549444,27.299999999999613,-1,2023,5
SL,-1.0,-1.1034482758620616,14.500000000001023,1,2023,6
SL,-1.0,-1.1034482758620616,14.500000000001023,1,2023,6
TP,2.0,1.9741379310344833,58.00000000000125,-1,2023,7
TP,2.0,1.9741379310344833,58.00000000000125,-1,2023,7
TP,2.0,1.968487394957983,47.59999999999991,1,2023,0
TP,2.0,1.968487394957983,47.59999999999991,1,2023,0
TP,2.0,1.9127906976744171,17.199999999999704,-1,2023,16
SL,-1.0,-1.127118644067802,11.7999999999995,1,2023,11
SL,-1.0,-1.0974025974025818,15.400000000002478,-1,2023,11
SL,-1.0,-1.016393442622951,91.4999999999992,1,2023,13
SL,-1.0,-1.016393442622951,91.4999999999992,1,2023,13
SL,-1.0,-1.016393442622951,91.4999999999992,1,2023,13
SL,-1.0,-1.7894736842102996,1.9000000000005457,1,2023,13
SL,-1.0,-1.0710900473933607,21.100000000001273,1,2023,14
TP,2.0,1.9486301369863017,29.20000000000016,-1,2023,15
fuera,0.4889003613835813,0.48115642746515075,193.70000000000118,-1,2023,19
fuera,0.4889003613835813,0.48115642746515075,193.70000000000118,-1,2023,19
fuera,0.4889003613835813,0.48115642746515075,193.70000000000118,-1,2023,19
fuera,0.4889003613835813,0.48115642746515075,193.70000000000118,-1,2023,19
SL,-1.0,-1.0313152400835084,47.8999999999985,1,2023,22
fuera,0.09442060085837485,0.07296137339056319,69.89999999999839,-1,2023,0
SL,-1.0,-1.0557620817843856,26.900000000000546,1,2023,1
TP,2.0,1.9685534591194953,47.699999999997544,-1,2023,2
SL,-1.0,-1.0445103857566742,33.70000000000175,-1,2023,2
SL,-1.0,-1.0180505415162457,83.09999999999889,1,2023,13
TP,2.0,1.8872180451127902,13.300000000000978,1,2023,22
TP,2.0,1.2857142857147963,2.1000000000015007,1,2023,0
SL,-1.0,-1.041095890410961,36.49999999999807,-1,2023,0
TP,2.0,1.9234693877551012,19.599999999999795,1,2023,7
SL,-1.0,-1.092592592592589,16.200000000000614,-1,2023,8
TP,2.0,1.9402390438246955,25.099999999997635,1,2023,9
SL,-1.0,-1.0914634146341535,16.399999999998727,1,2023,14
TP,2.0,1.882812500000013,12.800000000001432,-1,2023,19
TP,2.0,1.9488054607508543,29.300000000000637,1,2023,0
TP,2.0,1.9488054607508543,29.300000000000637,1,2023,0
fuera,-0.5864350703060391,-0.598842018196858,120.90000000000032,1,2023,2
fuera,-0.5864350703060391,-0.598842018196858,120.90000000000032,1,2023,2
TP,2.0,1.9630541871921188,40.60000000000059,-1,2023,1
TP,2.0,1.9630541871921188,40.60000000000059,-1,2023,1
SL,-1.0,-1.0735294117647032,20.400000000000773,1,2023,7
SL,-1.0,-1.0961538461538425,15.600000000000591,1,2023,8
fuera,-0.23852040816327422,-0.2576530612244982,78.40000000000202,-1,2023,13
fuera,-0.23852040816327422,-0.2576530612244982,78.40000000000202,-1,2023,13
fuera,-0.23852040816327422,-0.2576530612244982,78.40000000000202,-1,2023,13
SL,-1.0,-1.0931677018633532,16.100000000000136,1,2023,14
TP,2.0,1.8780487804877954,12.299999999999045,1,2023,16
SL,-1.0,-1.254237288135604,5.89999999999975,1,2023,23
SL,-1.0,-1.114503816793893,13.100000000000023,-1,2023,23
fuera,0.664615384615433,0.6184615384615852,32.49999999999886,1,2023,0
fuera,0.664615384615433,0.6184615384615852,32.49999999999886,1,2023,0
fuera,0.664615384615433,0.6184615384615852,32.49999999999886,1,2023,0
SL,-1.0,-1.0909090909090953,16.499999999999204,1,2023,1
SL,-1.0,-1.3061224489795507,4.900000000000659,-1,2023,1
SL,-1.0,-1.1181102362204636,12.700000000000955,1,2023,2
SL,-1.0,-1.1071428571428459,14.000000000001478,-1,2023,7
SL,-1.0,-1.0872093023255829,17.199999999999704,-1,2023,11
SL,-1.0,-1.0872093023255829,17.199999999999704,-1,2023,11
SL,-1.0,-1.0872093023255829,17.199999999999704,-1,2023,11
SL,-1.0,-1.0597609561752976,25.100000000000477,-1,2023,0
SL,-1.0,-1.0597609561752976,25.100000000000477,-1,2023,0
SL,-1.0,-1.0597609561752976,25.100000000000477,-1,2023,0
SL,-1.0,-1.2054794520548535,7.299999999997908,1,2023,1
SL,-1.0,-1.2054794520548535,7.299999999997908,1,2023,1
TP,2.0,1.9193548387096804,18.600000000000705,1,2023,0
TP,2.0,1.9193548387096804,18.600000000000705,1,2023,0
SL,-1.0,-1.1304347826086854,11.50000000000091,-1,2023,2
SL,-1.0,-1.0949367088607502,15.800000000001546,1,2023,9
SL,-1.0,-1.0949367088607502,15.800000000001546,1,2023,9
SL,-1.0,-1.08108108108108,18.500000000000227,-1,2023,10
SL,-1.0,-1.08108108108108,18.500000000000227,-1,2023,10
SL,-1.0,-1.0612244897959173,24.500000000000455,1,2023,0
SL,-1.0,-1.0612244897959173,24.500000000000455,1,2023,0
SL,-1.0,-1.0612244897959173,24.500000000000455,1,2023,0
SL,-1.0,-1.099999999999996,15.000000000000568,-1,2023,1
SL,-1.0,-1.099999999999996,15.000000000000568,-1,2023,1
TP,2.0,1.966063348416288,44.199999999997885,-1,2023,15
TP,2.0,1.966063348416288,44.199999999997885,-1,2023,15
TP,2.0,1.966063348416288,44.199999999997885,-1,2023,15
SL,-1.0,-1.0652173913043508,22.999999999998977,1,2023,16
SL,-1.0,-1.0652173913043508,22.999999999998977,1,2023,16
TP,2.0,1.9166666666666698,18.000000000000682,-1,2023,16
TP,2.0,1.9166666666666698,18.000000000000682,-1,2023,16
SL,-1.0,-1.3488372093022738,4.300000000000637,1,2023,17
TP,2.0,1.9385245901639343,24.399999999999977,-1,2023,19
TP,2.0,1.833333333333287,8.999999999997499,-1,2023,20
SL,-1.0,-1.0365853658536588,40.99999999999966,1,2023,0
TP,2.0,1.9032258064516137,15.500000000000114,-1,2023,3
SL,-1.0,-1.0559701492537312,26.800000000000068,1,2023,0
SL,-1.0,-1.1006711409395966,14.900000000000091,-1,2023,5
SL,-1.0,-1.0360576923076925,41.59999999999968,1,2023,9
SL,-1.0,-1.0681818181818186,21.999999999999886,-1,2023,11
TP,2.0,1.6590909090907753,4.399999999998272,1,2024,0
TP,2.0,1.9496644295302017,29.800000000000182,1,2024,1
TP,2.0,1.8598130841121487,10.699999999999932,-1,2024,2
SL,-1.0,-1.0819672131147573,18.299999999999272,-1,2024,5
SL,-1.0,-1.0638297872340465,23.499999999998522,1,2024,11
SL,-1.0,-1.0464396284829711,32.30000000000075,1,2024,12
SL,-1.0,-1.0464396284829711,32.30000000000075,1,2024,12
SL,-1.0,-1.0238473767885525,62.90000000000191,-1,2024,14
SL,-1.0,-1.0238473767885525,62.90000000000191,-1,2024,14
SL,-1.0,-1.156249999999994,9.600000000000364,1,2024,0
SL,-1.0,-1.0986842105263244,15.199999999998681,-1,2024,3
TP,2.0,1.9608355091383822,38.30000000000098,1,2024,7
TP,2.0,1.956011730205276,34.099999999997976,1,2024,11
SL,-1.0,-1.0714285714285687,21.000000000000796,1,2024,5
SL,-1.0,-1.0533807829181538,28.09999999999775,-1,2024,6
SL,-1.0,-1.1470588235294061,10.200000000000387,-1,2024,0
SL,-1.0,-1.0980392156862617,15.300000000002001,1,2024,3
TP,2.0,1.9234693877551012,19.599999999999795,-1,2024,23
SL,-1.0,-1.0515463917525778,29.09999999999968,-1,2024,1
SL,-1.0,-1.099999999999996,15.000000000000568,1,2024,2
SL,-1.0,-1.063559322033901,23.599999999999,1,2024,16
SL,-1.0,-1.063559322033901,23.599999999999,1,2024,16
SL,-1.0,-1.0304259634888442,49.2999999999995,-1,2024,1
SL,-1.0,-1.0304259634888442,49.2999999999995,-1,2024,1
SL,-1.0,-1.0304259634888442,49.2999999999995,-1,2024,1
TP,2.0,1.942528735632183,26.099999999999568,1,2024,2
TP,2.0,1.9278846153846148,20.79999999999984,1,2024,5
SL,-1.0,-1.0535714285714284,28.000000000000114,1,2024,6
SL,-1.0,-1.1685393258426993,8.899999999999864,-1,2024,16
SL,-1.0,-1.1807228915662686,8.29999999999984,1,2024,17
SL,-1.0,-1.0833333333333433,17.99999999999784,-1,2024,0
TP,2.0,1.9292452830188738,21.20000000000175,1,2024,1
SL,-1.0,-1.1807228915662686,8.29999999999984,-1,2024,1
SL,-1.0,-1.1027397260273868,14.6000000000015,1,2024,2
SL,-1.0,-1.283018867924543,5.299999999999727,-1,2024,2
TP,2.0,1.8295454545454426,8.799999999999386,-1,2024,3
TP,2.0,1.955089820359282,33.40000000000032,1,2024,6
TP,2.0,1.955089820359282,33.40000000000032,1,2024,6
SL,-1.0,-1.0117370892018778,127.800000000002,1,2024,13
SL,-1.0,-1.0117370892018778,127.800000000002,1,2024,13
TP,2.0,1.9706457925636005,51.09999999999957,-1,2024,14
TP,2.0,1.9311926605504552,21.79999999999893,-1,2024,18
SL,-1.0,-1.0714285714285687,21.000000000000796,-1,2024,3
SL,-1.0,-1.0714285714285687,21.000000000000796,-1,2024,3
TP,2.0,1.8557692307692495,10.400000000001342,1,2024,4
TP,2.0,1.8557692307692495,10.400000000001342,1,2024,4
fuera,-0.15661103979459082,-0.17586649550704275,77.89999999999964,-1,2024,13
SL,-1.0,-1.0909090909090953,16.499999999999204,1,2024,14
SL,-1.0,-1.0909090909090953,16.499999999999204,1,2024,14
SL,-1.0,-1.0403225806451597,37.20000000000141,-1,2024,14
fuera,0.567796610169497,0.525423728813563,35.3999999999985,1,2024,15
fuera,0.19444444444437867,0.14236111111104732,28.80000000000109,1,2024,16
TP,2.0,1.915254237288132,17.69999999999925,1,2024,22
TP,2.0,1.915254237288132,17.69999999999925,1,2024,22
SL,-1.0,-1.0852272727272787,17.599999999998772,-1,2024,0
TP,2.0,1.5312500000001565,3.2000000000010687,1,2024,2
TP,2.0,1.9137931034482651,17.399999999997817,1,2024,5
TP,2.0,1.9364406779661067,23.60000000000184,1,2024,9
SL,-1.0,-1.085227272727265,17.600000000001614,1,2024,12
SL,-1.0,-1.1219512195122046,12.299999999999045,-1,2024,13
TP,2.0,1.942528735632183,26.099999999999568,1,2024,0
SL,-1.0,-1.0717703349282286,20.90000000000032,-1,2024,1
TP,2.0,1.904458598726121,15.700000000001069,1,2024,2
TP,2.0,1.964953271028037,42.79999999999973,1,2024,8
SL,-1.0,-1.1485148514851498,10.099999999999909,1,2024,0
SL,-1.0,-1.0731707317073127,20.50000000000125,-1,2024,1
SL,-1.0,-1.043352601156069,34.600000000000364,1,2024,1
SL,-1.0,-1.0684931506849245,21.90000000000225,-1,2024,2
SL,-1.0,-1.050675675675677,29.599999999999227,1,2024,5
fuera,0.3352941176470682,0.2911764705882451,34.00000000000034,-1,2024,7
SL,-1.0,-1.1829268292683068,8.199999999999363,1,2024,1
SL,-1.0,-1.0609756097560952,24.600000000000932,-1,2024,1
SL,-1.0,-1.067264573991036,22.299999999998477,-1,2024,2
SL,-1.0,-1.067264573991036,22.299999999998477,1,2024,5
TP,2.0,1.7540983606556515,6.099999999997863,-1,2024,8
TP,2.0,1.7540983606556515,6.099999999997863,-1,2024,8
TP,2.0,1.785714285714265,6.999999999999318,1,2024,13
SL,-1.0,-1.3191489361702329,4.699999999999704,-1,2024,2
SL,-1.0,-1.0228310502283102,65.70000000000107,-1,2024,3
SL,-1.0,-1.0228310502283102,65.70000000000107,-1,2024,3
SL,-1.0,-1.0228310502283102,65.70000000000107,-1,2024,3
SL,-1.0,-1.0228310502283102,65.70000000000107,-1,2024,3
TP,2.0,1.8993288590604034,14.900000000000091,1,2024,6
SL,-1.0,-1.0143266475644699,104.6999999999997,-1,2024,6
SL,-1.0,-1.0143266475644699,104.6999999999997,-1,2024,6
SL,-1.0,-1.0143266475644699,104.6999999999997,-1,2024,6
TP,2.0,1.9598930481283416,37.39999999999952,1,2024,9
TP,2.0,1.9598930481283416,37.39999999999952,1,2024,9
TP,2.0,1.8828124999999871,12.79999999999859,1,2024,10
TP,2.0,1.9436090225563951,26.600000000001955,1,2024,11
SL,-1.0,-1.0528169014084523,28.39999999999918,1,2024,14
SL,-1.0,-1.0528169014084523,28.39999999999918,1,2024,14
SL,-1.0,-1.0528169014084523,28.39999999999918,1,2024,14
SL,-1.0,-1.0777202072538925,19.299999999998363,1,2024,16
TP,2.0,1.9006622516556173,15.099999999998204,-1,2024,0
TP,2.0,1.6511627906977262,4.300000000000637,1,2024,1
TP,2.0,1.9561403508771946,34.200000000001296,-1,2024,3
TP,2.0,1.9561403508771946,34.200000000001296,-1,2024,3
SL,-1.0,-1.1327433628318588,11.299999999999955,1,2024,4
TP,2.0,1.9347826086956574,23.00000000000182,-1,2024,8
TP,2.0,1.9347826086956574,23.00000000000182,-1,2024,8
SL,-1.0,-1.0277777777777781,53.999999999999204,-1,2024,13
TP,2.0,1.9646226415094346,42.40000000000066,1,2024,14
SL,-1.0,-1.081521739130436,18.39999999999975,1,2024,0
SL,-1.0,-1.0802139037433105,18.700000000001182,-1,2024,1
SL,-1.0,-1.2380952380951753,6.30000000000166,-1,2024,10
SL,-1.0,-1.1027397260274068,14.599999999998658,1,2024,18
SL,-1.0,-1.0531914893617054,28.199999999998226,-1,2024,0
TP,2.0,1.8897058823529376,13.599999999999568,1,2024,2
SL,-1.0,-1.0588235294117658,25.499999999999545,-1,2024,9
SL,-1.0,-1.0588235294117658,25.499999999999545,-1,2024,9
fuera,0.32338308457711373,0.2487562189054695,20.09999999999934,1,2024,15
fuera,0.32338308457711373,0.2487562189054695,20.09999999999934,1,2024,15
SL,-1.0,-1.3191489361702329,4.699999999999704,1,2024,0
TP,2.0,1.8790322580645116,12.399999999999523,-1,2024,0
SL,-1.0,-1.1898734177215005,7.900000000000773,-1,2024,1
SL,-1.0,-1.1898734177215005,7.900000000000773,-1,2024,1
SL,-1.0,-1.2083333333333255,7.200000000000273,1,2024,4
SL,-1.0,-1.0837988826815632,17.900000000000205,-1,2024,6
SL,-1.0,-1.0837988826815632,17.900000000000205,-1,2024,6
SL,-1.0,-1.114503816793893,13.100000000000023,1,2024,12
SL,-1.0,-1.0746268656716442,20.09999999999934,1,2024,20
SL,-1.0,-1.1415094339622713,10.599999999999454,1,2024,0
SL,-1.0,-1.0789473684210535,18.999999999999773,-1,2024,0
SL,-1.0,-1.1079136690647624,13.899999999998158,1,2024,2
SL,-1.0,-1.082417582417588,18.199999999998795,-1,2024,7
SL,-1.0,-1.0474683544303793,31.60000000000025,1,2024,0
SL,-1.0,-1.0474683544303793,31.60000000000025,1,2024,0
SL,-1.0,-1.016198704103672,92.59999999999877,-1,2024,14
SL,-1.0,-1.016198704103672,92.59999999999877,-1,2024,14
SL,-1.0,-1.016198704103672,92.59999999999877,-1,2024,14
SL,-1.0,-1.016198704103672,92.59999999999877,-1,2024,14
SL,-1.0,-1.0175644028103041,85.40000000000134,1,2024,20
SL,-1.0,-1.0175644028103041,85.40000000000134,1,2024,20
TP,2.0,1.900000000000004,15.000000000000568,-1,2024,12
TP,2.0,1.9480968858131515,28.90000000000157,1,2024,16
fuera,0.2654364797728867,0.2547906316536531,140.89999999999918,1,2024,13
fuera,0.2654364797728867,0.2547906316536531,140.89999999999918,1,2024,13
fuera,0.2654364797728867,0.2547906316536531,140.89999999999918,1,2024,13
fuera,0.2654364797728867,0.2547906316536531,140.89999999999918,1,2024,13
fuera,0.2654364797728867,0.2547906316536531,140.89999999999918,1,2024,13
SL,-1.0,-1.0785340314136116,19.10000000000025,-1,2024,14
SL,-1.0,-1.0785340314136116,19.10000000000025,-1,2024,14
SL,-1.0,-1.0785340314136116,19.10000000000025,-1,2024,14
fuera,0.13555555555557464,0.10222222222224046,44.99999999999886,1,2024,15
fuera,0.13555555555557464,0.10222222222224046,44.99999999999886,1,2024,15
SL,-1.0,-1.230769230769138,6.500000000002615,-1,2024,15
fuera,-0.5838150289017227,-0.6271676300577915,34.600000000000364,1,2024,16
TP,2.0,1.88,12.5,1,2024,22
SL,-1.0,-1.0931677018633532,16.100000000000136,-1,2024,23
SL,-1.0,-1.0493421052631575,30.400000000000205,1,2024,0
SL,-1.0,-1.0493421052631575,30.400000000000205,1,2024,0
SL,-1.0,-1.0470219435736652,31.900000000001683,-1,2024,1
SL,-1.0,-1.0470219435736652,31.900000000001683,-1,2024,1
SL,-1.0,-1.1260504201680674,11.899999999999977,1,2024,4
SL,-1.0,-1.1807228915662686,8.29999999999984,-1,2024,6
SL,-1.0,-1.2941176470587303,5.100000000001614,1,2024,0
SL,-1.0,-1.1829268292683068,8.199999999999363,-1,2024,1
SL,-1.0,-1.1034482758620818,14.499999999998181,1,2024,9
TP,2.0,1.9222797927461075,19.299999999998363,-1,2024,12
SL,-1.0,-1.036319612590798,41.30000000000109,-1,2024,15
SL,-1.0,-1.036319612590798,41.30000000000109,-1,2024,15
SL,-1.0,-1.2083333333333255,7.200000000000273,1,2024,17
SL,-1.0,-1.0882352941176536,16.99999999999875,-1,2024,18
TP,2.0,1.8387096774193363,9.299999999998931,1,2024,1
TP,2.0,1.9583333333333317,35.99999999999852,1,2024,1
TP,2.0,1.9583333333333317,35.99999999999852,1,2024,1
SL,-1.0,-1.2054794520547734,7.30000000000075,-1,2024,1
TP,2.0,1.8369565217391535,9.200000000001296,1,2024,2
SL,-1.0,-1.1898734177215005,7.900000000000773,-1,2024,5
TP,2.0,1.8993288590604034,14.900000000000091,1,2024,6
TP,2.0,1.8993288590604034,14.900000000000091,1,2024,6
SL,-1.0,-1.2000000000000304,7.499999999998863,-1,2024,7
fuera,0.42541436464088006,0.38397790055248165,36.19999999999948,1,2024,10
fuera,0.42541436464088006,0.38397790055248165,36.19999999999948,1,2024,10
TP,2.0,1.716981132075457,5.299999999999727,-1,2024,3
SL,-1.0,-1.174418604651137,8.600000000001273,1,2024,12
SL,-1.0,-1.3000000000001024,4.999999999998295,1,2024,7
SL,-1.0,-1.095541401273879,15.700000000001069,1,2024,8
SL,-1.0,-1.1388888888889201,10.799999999997567,-1,2024,10
SL,-1.0,-1.1948051948051994,7.699999999999818,-1,2024,12
SL,-1.0,-1.5357142857139028,2.800000000002001,-1,2024,14
SL,-1.0,-1.0887573964496984,16.900000000001114,1,2024,15
SL,-1.0,-1.1442307692307505,10.400000000001342,-1,2024,16
SL,-1.0,-1.1249999999999953,12.000000000000455,-1,2024,0
TP,2.0,1.8235294117647225,8.500000000000796,1,2024,1
SL,-1.0,-1.7499999999996163,2.000000000001023,-1,2024,2
SL,-1.0,-1.7499999999996163,2.000000000001023,-1,2024,2
SL,-1.0,-1.192307692307685,7.800000000000296,1,2024,3
SL,-1.0,-1.192307692307685,7.800000000000296,1,2024,3
TP,2.0,1.4000000000001365,2.5000000000005684,-1,2024,4
SL,-1.0,-1.1162790697674503,12.899999999999068,1,2024,7
TP,2.0,1.9454545454545467,27.50000000000057,-1,2024,0
TP,2.0,1.9503311258278133,30.19999999999925,1,2024,13
TP,2.0,1.727272727272761,5.500000000000682,-1,2024,3
SL,-1.0,-1.0638297872340388,23.500000000001364,1,2024,13
TP,2.0,1.8818897637795364,12.700000000000955,-1,2024,13
SL,-1.0,-1.9375000000005196,1.5999999999991132,1,2024,0
SL,-1.0,-1.0707547169811358,21.19999999999891,-1,2024,0
TP,2.0,1.83516483516485,9.100000000000819,1,2024,14
SL,-1.0,-1.0909090909090953,16.499999999999204,1,2024,23
SL,-1.0,-1.245901639344234,6.100000000000705,-1,2024,0
TP,2.0,1.8124999999999627,7.999999999998408,1,2024,1
SL,-1.0,-1.2054794520547734,7.30000000000075,-1,2024,1
TP,2.0,1.71153846153842,5.19999999999925,1,2024,2
SL,-1.0,-1.151515151515124,9.900000000001796,1,2024,5
TP,2.0,1.9038461538461575,15.600000000000591,-1,2024,10
SL,-1.0,-1.0691244239631386,21.699999999998454,-1,2024,13
SL,-1.0,-1.0681818181818186,21.999999999999886,-1,2024,14
SL,-1.0,-1.0681818181818186,21.999999999999886,-1,2024,14
TP,2.0,1.8897058823529376,13.599999999999568,1,2024,16
SL,-1.0,-1.1685393258426993,8.899999999999864,1,2024,18
SL,-1.0,-1.4054054054053382,3.700000000000614,-1,2024,0
SL,-1.0,-1.3846153846152298,3.900000000001569,1,2024,2
TP,2.0,1.2857142857147963,2.1000000000015007,1,2024,3
SL,-1.0,-1.2205882352941708,6.799999999998363,-1,2024,3
SL,-1.0,-1.1327433628318588,11.299999999999955,1,2024,6
SL,-1.0,-1.0717703349282286,20.90000000000032,1,2024,15
TP,2.0,1.500000000000019,3.0000000000001137,1,2024,17
SL,-1.0,-1.1327433628318588,11.299999999999955,-1,2024,18
SL,-1.0,-1.2777777777777672,5.400000000000205,1,2024,0
TP,2.0,1.0000000000009854,1.500000000001478,1,2024,1
TP,2.0,1.8965517241379182,14.499999999998181,-1,2024,1
TP,2.0,1.8965517241379182,14.499999999998181,-1,2024,1
SL,-1.0,-1.0920245398773105,16.29999999999825,-1,2024,4
SL,-1.0,-1.114503816793893,13.100000000000023,-1,2024,7
TP,2.0,1.900662251655636,15.100000000001046,1,2024,8
TP,2.0,1.788732394366191,7.099999999999795,1,2024,11
SL,-1.0,-1.0769230769230795,19.499999999999318,1,2024,13
TP,2.0,1.8170731707316932,8.199999999999363,-1,2024,17
SL,-1.0,-1.312499999999988,4.800000000000182,1,2024,0
TP,2.0,1.8235294117647225,8.500000000000796,1,2024,1
SL,-1.0,-1.1249999999999953,12.000000000000455,1,2024,9
TP,2.0,1.83516483516485,9.100000000000819,-1,2024,11
fuera,-0.33755274261609397,-0.4008438818566017,23.699999999999477,-1,2024,12
SL,-1.0,-1.1056338028168833,14.200000000002433,-1,2024,14
TP,2.0,1.7727272727272814,6.60000000000025,1,2024,16
SL,-1.0,-1.1973684210526487,7.599999999999341,1,2024,22
SL,-1.0,-1.1744186046511946,8.599999999998431,-1,2024,22
SL,-1.0,-1.1666666666666603,9.000000000000341,1,2024,23
SL,-1.0,-1.2205882352940784,6.800000000001205,1,2024,0
SL,-1.0,-1.1102941176470624,13.599999999999568,-1,2024,0
SL,-1.0,-1.1102941176470624,13.599999999999568,-1,2024,0
TP,2.0,1.8846153846153806,12.999999999999545,1,2024,1
TP,2.0,1.8846153846153806,12.999999999999545,1,2024,1
SL,-1.0,-1.2205882352940784,6.800000000001205,1,2024,2
SL,-1.0,-1.082417582417575,18.200000000001637,1,2024,8
TP,2.0,0.49999999999863576,0.9999999999990905,-1,2024,11
SL,-1.0,-1.1785714285714217,8.400000000000318,1,2024,14
SL,-1.0,-1.2586206896552048,5.799999999999272,-1,2024,15
SL,-1.0,-1.2586206896552048,5.799999999999272,1,2024,16
SL,-1.0,-1.3571428571428437,4.200000000000159,1,2024,0
TP,2.0,1.7794117647058292,6.799999999998363,-1,2024,1
SL,-1.0,-1.4838709677418431,3.100000000000591,1,2024,7
SL,-1.0,-1.1006711409395966,14.900000000000091,-1,2024,7
SL,-1.0,-1.079787234042546,18.80000000000166,-1,2024,8
SL,-1.0,-1.079787234042546,18.80000000000166,-1,2024,8
SL,-1.0,-1.2631578947367665,5.700000000001637,1,2024,11
TP,2.0,1.9180327868852554,18.300000000002115,1,2024,15
TP,2.0,1.8598130841121487,10.699999999999932,1,2024,4
TP,2.0,1.8598130841121487,10.699999999999932,1,2024,4
SL,-1.0,-1.3846153846152298,3.900000000001569,-1,2024,5
SL,-1.0,-1.1704545454545574,8.799999999999386,1,2024,7
SL,-1.0,-1.2941176470587303,5.100000000001614,1,2024,8
TP,2.0,1.716981132075457,5.299999999999727,-1,2024,9
SL,-1.0,-1.1898734177215005,7.900000000000773,-1,2024,10
TP,2.0,1.5312500000001565,3.2000000000010687,-1,2024,15
SL,-1.0,-1.8333333333333017,1.8000000000000682,1,2024,0
TP,2.0,1.8333333333333397,9.000000000000341,-1,2024,0
TP,2.0,1.9572649572649572,35.09999999999991,-1,2024,1
TP,2.0,1.9572649572649572,35.09999999999991,-1,2024,1
TP,2.0,1.9572649572649572,35.09999999999991,-1,2024,1
TP,2.0,1.9572649572649572,35.09999999999991,-1,2024,1
SL,-1.0,-1.0341685649202739,43.899999999999295,-1,2024,2
SL,-1.0,-1.0487012987012998,30.799999999999272,1,2024,10
TP,2.0,1.904458598726121,15.700000000001069,1,2024,0
SL,-1.0,-1.1948051948051994,7.699999999999818,-1,2024,0
TP,2.0,1.8920863309352376,13.899999999998158,1,2024,1
TP,2.0,1.8920863309352376,13.899999999998158,1,2024,1
SL,-1.0,-1.245901639344234,6.100000000000705,-1,2024,2
SL,-1.0,-1.3750000000000746,3.999999999999204,-1,2024,3
TP,2.0,1.7500000000000095,6.000000000000227,1,2024,4
SL,-1.0,-1.0943396226415143,15.899999999999181,1,2024,8
SL,-1.0,-1.0943396226415143,15.899999999999181,1,2024,8
TP,2.0,1.5945945945946618,3.700000000000614,-1,2024,8
SL,-1.0,-1.0519031141868536,28.899999999998727,-1,2024,10
SL,-1.0,-1.0519031141868536,28.899999999998727,-1,2024,10
SL,-1.0,-1.1339285714285436,11.20000000000232,1,2024,14
SL,-1.0,-1.0967741935483863,15.500000000000114,1,2024,22
SL,-1.0,-1.0967741935483863,15.500000000000114,1,2024,22
TP,2.0,1.8965517241379384,14.500000000001023,1,2024,0
SL,-1.0,-1.092592592592589,16.200000000000614,-1,2024,0
SL,-1.0,-1.092592592592589,16.200000000000614,-1,2024,0
TP,2.0,1.9019607843137383,15.300000000002001,1,2024,1
TP,2.0,1.9019607843137383,15.300000000002001,1,2024,1
SL,-1.0,-1.1851851851852107,8.099999999998886,-1,2024,1
TP,2.0,1.8051948051948006,7.699999999999818,1,2024,2
SL,-1.0,-1.5357142857144468,2.7999999999991587,-1,2024,6
SL,-1.0,-1.0746268656716442,20.09999999999934,1,2024,8
TP,2.0,1.6666666666665741,4.4999999999987494,1,2024,0
TP,2.0,1.9509803921568647,30.60000000000116,-1,2024,13
TP,2.0,1.9509803921568647,30.60000000000116,-1,2024,13
SL,-1.0,-1.12,12.5,1,2024,14
SL,-1.0,-1.0531914893617,28.20000000000107,1,2024,15
SL,-1.0,-1.0531914893617,28.20000000000107,1,2024,15
SL,-1.0,-1.1102941176470624,13.599999999999568,-1,2024,15
SL,-1.0,-1.1282051282051389,11.699999999999022,-1,2024,19
SL,-1.0,-1.1546391752577185,9.700000000000841,1,2024,0
TP,2.0,1.83516483516485,9.100000000000819,-1,2024,0
TP,2.0,1.882812500000013,12.800000000001432,-1,2024,2
SL,-1.0,-1.1415094339622334,10.600000000002296,1,2024,5
SL,-1.0,-1.0483870967741933,31.000000000000227,-1,2024,7
SL,-1.0,-1.0483870967741933,31.000000000000227,-1,2024,7
SL,-1.0,-1.0678733031674197,22.100000000000364,1,2024,8
SL,-1.0,-1.0551470588235254,27.200000000001978,-1,2024,16
SL,-1.0,-1.0646551724137934,23.199999999999932,1,2024,17
TP,2.0,1.9585635359116016,36.19999999999948,-1,2024,0
SL,-1.0,-1.066079295154184,22.700000000000387,1,2024,0
fuera,0.1111111111111111,0.08946608946608894,69.29999999999836,-1,2024,9
SL,-1.0,-1.0442477876106198,33.899999999999864,1,2024,0
SL,-1.0,-1.117187499999987,12.800000000001432,-1,2024,8
TP,2.0,1.90196078431372,15.299999999999159,-1,2024,13
fuera,1.0604166666665975,1.0291666666665986,48.00000000000182,1,2024,1
fuera,1.0604166666665975,1.0291666666665986,48.00000000000182,1,2024,1
TP,2.0,1.7999999999999696,7.499999999998863,-1,2024,4
fuera,0.3344768439107954,0.3087478559176564,58.29999999999984,1,2024,11
fuera,-0.3801169590643103,-0.4093567251461814,51.30000000000052,-1,2024,11
SL,-1.0,-2.363636363636899,1.099999999999568,-1,2024,3
SL,-1.0,-1.0617283950617296,24.2999999999995,1,2024,5
SL,-1.0,-1.1000000000000152,14.999999999997726,-1,2024,12
SL,-1.0,-1.1000000000000152,14.999999999997726,-1,2024,12
TP,2.0,1.9197860962566895,18.700000000001182,1,2024,13
SL,-1.0,-1.1829268292683068,8.199999999999363,-1,2024,13
TP,2.0,1.8920863309352376,13.899999999998158,1,2024,14
TP,2.0,1.8920863309352376,13.899999999998158,1,2024,14
TP,2.0,1.9261083743842375,20.300000000000296,-1,2024,1
SL,-1.0,-1.127118644067802,11.7999999999995,1,2024,5
fuera,0.8457249070631503,0.8178438661709575,53.80000000000109,1,2024,6
fuera,0.8457249070631503,0.8178438661709575,53.80000000000109,1,2024,6
SL,-1.0,-1.0434782608695654,34.499999999999886,1,2024,23
TP,2.0,1.8920863309352596,13.900000000001,-1,2024,0
TP,2.0,1.7656249999999742,6.399999999999295,1,2024,1
SL,-1.0,-1.0641025641025617,23.400000000000887,-1,2024,1
SL,-1.0,-1.1260504201680674,11.899999999999977,1,2024,5
SL,-1.0,-1.1630434782608465,9.200000000001296,1,2024,0
SL,-1.0,-1.1595744680851163,9.399999999999409,-1,2024,0
SL,-1.0,-1.0877192982456034,17.10000000000207,1,2024,1
TP,2.0,1.9786019971469329,70.09999999999934,1,2024,2
SL,-1.0,-1.0872093023255684,17.200000000002547,1,2024,3
SL,-1.0,-1.0162513542795233,92.30000000000018,-1,2024,17
SL,-1.0,-1.099999999999996,15.000000000000568,-1,2024,0
TP,2.0,1.952076677316292,31.299999999998818,1,2024,3
SL,-1.0,-1.0531914893617054,28.199999999998226,-1,2024,7
SL,-1.0,-1.0619834710743827,24.199999999999022,1,2024,12
SL,-1.0,-1.0515463917525778,29.09999999999968,1,2024,0
TP,2.0,1.8170731707316932,8.199999999999363,-1,2024,0
TP,2.0,1.9090909090909047,16.499999999999204,-1,2024,1
SL,-1.0,-1.0684931506849333,21.89999999999941,-1,2024,5
SL,-1.0,-1.1034482758620616,14.500000000001023,1,2024,6
SL,-1.0,-1.1415094339622334,10.600000000002296,1,2024,20
SL,-1.0,-1.098684210526306,15.200000000001523,-1,2024,21
TP,2.0,1.8170731707316932,8.199999999999363,1,2024,1
SL,-1.0,-1.114503816793893,13.100000000000023,1,2024,3
SL,-1.0,-1.0943396226414974,15.900000000002024,-1,2024,4
TP,2.0,1.6153846153844897,3.8999999999987267,-1,2024,8
SL,-1.0,-1.223880597014901,6.700000000000728,1,2024,15
SL,-1.0,-1.1456310679611528,10.300000000000864,1,2024,11
SL,-1.0,-1.245901639344234,6.100000000000705,-1,2024,12
SL,-1.0,-1.0710900473933702,21.09999999999843,1,2024,14
SL,-1.0,-1.2380952380952828,6.299999999998818,-1,2024,15
SL,-1.0,-1.0643776824034323,23.30000000000041,1,2024,0
SL,-1.0,-1.0643776824034323,23.30000000000041,1,2024,0
SL,-1.0,-1.1948051948051994,7.699999999999818,-1,2024,0
SL,-1.0,-1.087719298245618,17.099999999999227,1,2024,1
SL,-1.0,-1.087719298245618,17.099999999999227,1,2024,1
TP,2.0,1.9356223175965677,23.30000000000041,-1,2024,2
SL,-1.0,-1.0549450549450556,27.299999999999613,1,2024,8
fuera,0.06178489702520883,0.027459954233445515,43.69999999999834,-1,2024,8
fuera,0.06178489702520883,0.027459954233445515,43.69999999999834,-1,2024,8
fuera,0.06178489702520883,0.027459954233445515,43.69999999999834,-1,2024,8
SL,-1.0,-1.102040816326517,14.700000000001978,1,2024,9
SL,-1.0,-1.102040816326517,14.700000000001978,1,2024,9
SL,-1.0,-1.087719298245618,17.099999999999227,-1,2024,9
fuera,0.20918367346951872,0.13265306122461995,19.599999999999795,-1,2024,0
fuera,0.20918367346951872,0.13265306122461995,19.599999999999795,-1,2024,0
SL,-1.0,-1.1293103448275708,11.600000000001387,1,2024,6
SL,-1.0,-1.555555555555242,2.7000000000015234,1,2024,11
SL,-1.0,-1.145631067961193,10.299999999998022,-1,2024,0
SL,-1.0,-1.4687499999998435,3.2000000000010687,1,2024,11
SL,-1.0,-1.1209677419354884,12.399999999999523,1,2024,0
SL,-1.0,-1.1327433628318588,11.299999999999955,-1,2024,1
SL,-1.0,-1.555555555555827,2.6999999999986812,-1,2024,12
SL,-1.0,-1.1153846153846194,12.999999999999545,1,2024,13
SL,-1.0,-1.1153846153846194,12.999999999999545,1,2024,13
SL,-1.0,-1.1829268292683068,8.199999999999363,-1,2024,13
SL,-1.0,-1.1190476190476146,12.600000000000477,1,2024,14
SL,-1.0,-1.0819672131147573,18.299999999999272,1,2024,0
SL,-1.0,-1.1041666666666627,14.400000000000546,1,2024,1
SL,-1.0,-1.1470588235294472,10.199999999997544,-1,2024,2
SL,-1.0,-1.1250000000000249,11.999999999997613,1,2024,14
TP,2.0,1.8695652173913146,11.50000000000091,1,2024,0
TP,2.0,1.8695652173913146,11.50000000000091,1,2024,0
TP,2.0,1.8695652173913146,11.50000000000091,1,2024,0
SL,-1.0,-1.3260869565215925,4.600000000002069,-1,2024,9
SL,-1.0,-1.1648351648352016,9.099999999997976,1,2024,11
SL,-1.0,-1.1500000000000086,9.999999999999432,1,2024,12
TP,2.0,1.8863636363636407,13.2000000000005,-1,2024,14
SL,-1.0,-1.272727272727239,5.500000000000682,1,2024,18
SL,-1.0,-1.0310559006211177,48.30000000000041,-1,2024,18
SL,-1.0,-1.0310559006211177,48.30000000000041,-1,2024,18
SL,-1.0,-1.0310559006211177,48.30000000000041,-1,2024,18
SL,-1.0,-1.0310559006211177,48.30000000000041,-1,2024,18
SL,-1.0,-1.0310559006211177,48.30000000000041,-1,2024,18
SL,-1.0,-1.0310559006211177,48.30000000000041,-1,2024,18
SL,-1.0,-1.1339285714285776,11.199999999999477,1,2024,19
SL,-1.0,-1.1056338028169044,14.19999999999959,1,2024,20
SL,-1.0,-1.034883720930232,43.00000000000068,-1,2024,0
SL,-1.0,-1.034883720930232,43.00000000000068,-1,2024,0
SL,-1.0,-1.034883720930232,43.00000000000068,-1,2024,0
TP,2.0,1.872881355932198,11.7999999999995,1,2024,2
SL,-1.0,-1.127118644067802,11.7999999999995,1,2024,3
SL,-1.0,-1.127118644067802,11.7999999999995,1,2024,3
SL,-1.0,-1.14423076923079,10.3999999999985,1,2024,8
TP,2.0,1.6249999999999254,3.999999999999204,-1,2024,8
SL,-1.0,-1.1704545454545023,8.800000000002228,-1,2024,10
fuera,-0.09067357512952585,-0.1295336787564693,38.59999999999957,1,2024,12
fuera,-0.09067357512952585,-0.1295336787564693,38.59999999999957,1,2024,12
SL,-1.0,-1.214285714285735,6.999999999999318,-1,2024,0
SL,-1.0,-1.214285714285735,6.999999999999318,-1,2024,0
SL,-1.0,-1.214285714285735,6.999999999999318,-1,2024,0
SL,-1.0,-1.1470588235294472,10.199999999997544,1,2024,1
SL,-1.0,-1.1470588235294472,10.199999999997544,1,2024,1
SL,-1.0,-1.1470588235294472,10.199999999997544,1,2024,1
TP,2.0,1.6153846153847702,3.900000000001569,-1,2024,1
SL,-1.0,-1.1315789473684161,11.400000000000432,1,2024,7
SL,-1.0,-1.1327433628318588,11.299999999999955,1,2024,9
SL,-1.0,-1.1327433628318588,11.299999999999955,1,2024,9
SL,-1.0,-1.1327433628318588,11.299999999999955,1,2024,9
TP,2.0,1.797297297297253,7.399999999998386,-1,2024,12
SL,-1.0,-1.1260504201680674,11.899999999999977,-1,2024,14
SL,-1.0,-1.1260504201680674,11.899999999999977,-1,2024,14
SL,-1.0,-1.1260504201680674,11.899999999999977,-1,2024,14
TP,2.0,1.8453608247422815,9.700000000000841,1,2024,15
SL,-1.0,-1.2499999999999905,6.000000000000227,-1,2024,0
SL,-1.0,-1.2499999999999905,6.000000000000227,-1,2024,0
SL,-1.0,-1.2499999999999905,6.000000000000227,-1,2024,0
TP,2.0,1.7413793103447952,5.799999999999272,1,2024,2
TP,2.0,1.7413793103447952,5.799999999999272,1,2024,2
TP,2.0,1.6052631578948502,3.8000000000010914,1,2024,4
fuera,0.7721311475409723,0.7475409836065466,61.000000000001364,1,2024,12
fuera,0.7721311475409723,0.7475409836065466,61.000000000001364,1,2024,12
SL,-1.0,-1.1048951048951043,14.300000000000068,1,2024,8
TP,2.0,1.8660714285714224,11.199999999999477,-1,2024,9
SL,-1.0,-1.0455927051671723,32.90000000000077,-1,2024,0
SL,-1.0,-1.1973684210526487,7.599999999999341,1,2024,6
TP,2.0,1.8888888888889048,13.500000000001933,-1,2024,7
fuera,0.9614243323442813,0.9169139465876033,33.69999999999891,1,2024,13
TP,2.0,1.91891891891892,18.500000000000227,1,2024,22
SL,-1.0,-2.2499999999999525,1.2000000000000455,-1,2024,23
TP,2.0,1.9171270718232098,18.10000000000116,1,2024,0
TP,2.0,1.9171270718232098,18.10000000000116,1,2024,0
TP,2.0,1.9171270718232098,18.10000000000116,1,2024,0
SL,-1.0,-1.0669642857142803,22.400000000001796,1,2024,6
SL,-1.0,-1.1162790697674247,12.90000000000191,-1,2024,7
SL,-1.0,-1.0443786982248529,33.799999999999386,-1,2024,16
SL,-1.0,-1.1282051282051389,11.699999999999022,-1,2024,2
SL,-1.0,-1.1190476190476413,12.599999999997635,1,2024,3
SL,-1.0,-1.2205882352940784,6.800000000001205,1,2024,10
SL,-1.0,-1.1071428571428676,13.999999999998636,-1,2024,11
SL,-1.0,-1.0568181818181797,26.400000000001,1,2024,1
SL,-1.0,-1.03807106598985,39.3999999999977,-1,2024,1
TP,2.0,1.952380952380952,31.499999999999773,1,2024,2
SL,-1.0,-1.0434782608695654,34.499999999999886,-1,2024,2
SL,-1.0,-1.0434782608695654,34.499999999999886,-1,2024,2
fuera,0.769607843137262,0.7328431372549079,40.799999999998704,1,2024,3
SL,-1.0,-1.1282051282051389,11.699999999999022,1,2024,7
SL,-1.0,-1.0974025974025996,15.399999999999636,-1,2024,21
fuera,0.744999999999941,0.6699999999999474,20.000000000001705,1,2024,22
SL,-1.0,-1.2586206896552048,5.799999999999272,-1,2024,22
SL,-1.0,-1.2586206896552048,5.799999999999272,-1,2024,22
SL,-1.0,-1.2343750000000258,6.399999999999295,-1,2024,0
SL,-1.0,-1.2343750000000258,6.399999999999295,-1,2024,0
SL,-1.0,-1.2343750000000258,6.399999999999295,-1,2024,0
SL,-1.0,-1.1948051948051994,7.699999999999818,-1,2024,1
TP,2.0,1.500000000000019,3.0000000000001137,1,2024,3
TP,2.0,1.500000000000019,3.0000000000001137,1,2024,3
SL,-1.0,-1.4687499999998435,3.2000000000010687,1,2024,4
SL,-1.0,-1.2272727272727186,6.60000000000025,1,2024,9
SL,-1.0,-1.9999999999990146,1.500000000001478,-1,2024,15
SL,-1.0,-1.3488372093022738,4.300000000000637,1,2024,16
SL,-1.0,-1.1785714285714217,8.400000000000318,1,2024,0
TP,2.0,1.788732394366191,7.099999999999795,1,2024,1
TP,2.0,1.788732394366191,7.099999999999795,1,2024,1
TP,2.0,1.788732394366191,7.099999999999795,1,2024,1
SL,-1.0,-1.2343750000000258,6.399999999999295,-1,2024,1
SL,-1.0,-1.3846153846152298,3.900000000001569,-1,2024,7
SL,-1.0,-1.223880597014996,6.699999999997885,1,2024,13
SL,-1.0,-1.0641025641025617,23.400000000000887,-1,2024,13
SL,-1.0,-1.0641025641025617,23.400000000000887,-1,2024,13
SL,-1.0,-1.0641025641025617,23.400000000000887,-1,2024,13
SL,-1.0,-3.1428571428556116,0.7000000000005002,-1,2024,3
SL,-1.0,-1.416666666666651,3.6000000000001364,-1,2024,4
TP,2.0,1.605263157894555,3.7999999999982492,1,2024,5
SL,-1.0,-1.223880597014901,6.700000000000728,1,2024,6
TP,2.0,1.885496183206107,13.100000000000023,1,2024,0
SL,-1.0,-1.0281954887218039,53.20000000000107,1,2024,3
fuera,1.1035131744040283,1.0941028858218451,159.3999999999994,1,2024,8
fuera,1.1035131744040283,1.0941028858218451,159.3999999999994,1,2024,8
SL,-1.0,-1.0154162384378214,97.29999999999848,1,2024,1
SL,-1.0,-1.0154162384378214,97.29999999999848,1,2024,1
SL,-1.0,-1.0135746606334843,110.49999999999898,1,2024,4
SL,-1.0,-1.0135746606334843,110.49999999999898,1,2024,4
SL,-1.0,-1.0135746606334843,110.49999999999898,1,2024,4
fuera,-0.4748637189582119,-0.479406420351307,330.19999999999925,-1,2024,4
fuera,-0.4748637189582119,-0.479406420351307,330.19999999999925,-1,2024,4
fuera,-0.4748637189582119,-0.479406420351307,330.19999999999925,-1,2024,4
TP,2.0,1.985549132947977,103.80000000000109,1,2024,7
TP,2.0,1.985549132947977,103.80000000000109,1,2024,7
TP,2.0,1.985549132947977,103.80000000000109,1,2024,7
TP,2.0,1.985549132947977,103.80000000000109,1,2024,7
SL,-1.0,-1.0092421441774493,162.29999999999905,-1,2024,7
SL,-1.0,-1.4687499999998435,3.2000000000010687,-1,2024,18
TP,2.0,1.5312499999997402,3.1999999999982265,1,2024,19
TP,2.0,1.745762711864396,5.89999999999975,1,2024,0
SL,-1.0,-1.1339285714285776,11.199999999999477,-1,2024,0
SL,-1.0,-1.1764705882353366,8.499999999997954,1,2024,2
TP,2.0,1.9318181818181814,21.999999999999886,-1,2024,13
SL,-1.0,-1.0095480585614258,157.0999999999998,1,2024,20
fuera,0.5292561983471061,0.5242975206611558,302.50000000000057,-1,2024,20
fuera,0.5292561983471061,0.5242975206611558,302.50000000000057,-1,2024,20
fuera,0.5292561983471061,0.5242975206611558,302.50000000000057,-1,2024,20
fuera,0.5292561983471061,0.5242975206611558,302.50000000000057,-1,2024,20
SL,-1.0,-1.0137741046831956,108.89999999999986,-1,2024,21
SL,-1.0,-1.0117554858934168,127.60000000000105,1,2024,22
SL,-1.0,-1.0117554858934168,127.60000000000105,1,2024,22
TP,2.0,1.9253731343283558,20.09999999999934,-1,2024,1
TP,2.0,1.9651972157772608,43.09999999999832,-1,2024,11
TP,2.0,1.956647398843931,34.600000000000364,-1,2024,12
SL,-1.0,-1.058139534883725,25.799999999998136,1,2024,23
SL,-1.0,-1.0700934579439256,21.399999999999864,1,2024,0
SL,-1.0,-1.0383631713554995,39.09999999999911,-1,2024,1
SL,-1.0,-1.0383631713554995,39.09999999999911,-1,2024,1
SL,-1.0,-1.0531914893617,28.20000000000107,1,2024,2
SL,-1.0,-1.122950819672117,12.20000000000141,-1,2024,21
TP,2.0,1.96420047732697,41.900000000001114,1,2024,22
TP,2.0,1.96420047732697,41.900000000001114,1,2024,22
TP,2.0,1.9719101123595502,53.39999999999918,1,2024,23
SL,-1.0,-1.0436046511627914,34.39999999999941,-1,2024,0
SL,-1.0,-1.0436046511627914,34.39999999999941,-1,2024,0
TP,2.0,1.9333333333333316,22.49999999999943,1,2024,1
SL,-1.0,-1.0721153846153852,20.79999999999984,1,2024,2
SL,-1.0,-1.04285714285714,35.000000000002274,-1,2024,0
TP,2.0,1.9693251533742333,48.90000000000043,1,2024,1
TP,2.0,1.9268292682926873,20.50000000000125,1,2024,0
TP,2.0,1.788732394366191,7.099999999999795,-1,2024,0
SL,-1.0,-1.1111111111111187,13.49999999999909,1,2024,6
fuera,0.2946428571428821,0.22767857142859324,22.399999999998954,1,2024,1
TP,2.0,1.7580645161290784,6.200000000001182,-1,2024,4
SL,-1.0,-1.3658536585366137,4.099999999999682,-1,2024,21
SL,-1.0,-1.1249999999999953,12.000000000000455,1,2024,22
SL,-1.0,-1.1327433628318588,11.299999999999955,1,2024,0
SL,-1.0,-1.1327433628318588,11.299999999999955,1,2024,0
TP,2.0,1.4230769230771552,2.600000000001046,-1,2024,0
TP,2.0,1.9549549549549547,33.29999999999984,1,2024,1
TP,2.0,1.9549549549549547,33.29999999999984,1,2024,1
SL,-1.0,-1.1282051282051389,11.699999999999022,-1,2024,1
SL,-1.0,-1.099999999999996,15.000000000000568,-1,2024,2
TP,2.0,1.9501661129568133,30.100000000001614,1,2024,15
TP,2.0,1.7945205479451465,7.299999999997908,1,2024,0
TP,2.0,1.7619047619048247,6.30000000000166,1,2024,5
SL,-1.0,-1.1162790697674503,12.899999999999068,-1,2024,5
SL,-1.0,-1.5172413793104096,2.899999999999636,1,2024,6
TP,2.0,1.9197860962566773,18.69999999999834,-1,2024,7
TP,2.0,1.8026315789473513,7.599999999999341,1,2024,8
TP,2.0,1.9682203389830515,47.20000000000084,-1,2024,8
TP,2.0,1.9682203389830515,47.20000000000084,-1,2024,8
TP,2.0,1.9682203389830515,47.20000000000084,-1,2024,8
SL,-1.0,-1.0262697022767076,57.099999999999795,-1,2024,12
SL,-1.0,-1.0262697022767076,57.099999999999795,-1,2024,12
SL,-1.0,-1.0262697022767076,57.099999999999795,-1,2024,12
SL,-1.0,-1.0262697022767076,57.099999999999795,-1,2024,12
SL,-1.0,-1.0210674157303374,71.19999999999891,1,2024,13
SL,-1.0,-1.0210674157303374,71.19999999999891,1,2024,13
SL,-1.0,-1.0210674157303374,71.19999999999891,1,2024,13
SL,-1.0,-1.0171624713958811,87.39999999999952,-1,2024,0
TP,2.0,1.9541284403669723,32.69999999999982,1,2024,5
SL,-1.0,-1.074257425742575,20.199999999999818,1,2024,13
TP,2.0,1.782608695652227,6.900000000001683,-1,2024,13
SL,-1.0,-1.0789473684210418,19.000000000002615,-1,2024,14
SL,-1.0,-1.1041666666666627,14.400000000000546,-1,2024,0
SL,-1.0,-1.1041666666666627,14.400000000000546,-1,2024,0
SL,-1.0,-1.0373134328358222,40.19999999999868,1,2024,1
SL,-1.0,-1.0373134328358222,40.19999999999868,1,2024,1
SL,-1.0,-1.0373134328358222,40.19999999999868,1,2024,1
SL,-1.0,-1.3061224489795507,4.900000000000659,-1,2024,1
SL,-1.0,-1.156249999999994,9.600000000000364,1,2024,2
fuera,-0.637426900584823,-0.6812865497076284,34.200000000001296,-1,2024,14
TP,2.0,1.8295454545454426,8.799999999999386,1,2024,21
SL,-1.0,-1.1079136690647404,13.900000000001,1,2024,0
TP,2.0,1.8125000000000293,8.00000000000125,-1,2024,2
TP,2.0,1.9372384937238505,23.900000000000432,1,2024,7
TP,2.0,1.9372384937238505,23.900000000000432,1,2024,7
fuera,0.9140811455846567,0.8782816229116266,41.900000000001114,1,2024,12
SL,-1.0,-1.1851851851852107,8.099999999998886,-1,2024,12
SL,-1.0,-1.1456310679611528,10.300000000000864,1,2024,18
SL,-1.0,-1.1764705882352775,8.500000000000796,1,2024,0
TP,2.0,1.8404255319148837,9.399999999999409,-1,2024,5
SL,-1.0,-1.1595744680851163,9.399999999999409,1,2024,13
SL,-1.0,-1.074257425742575,20.199999999999818,-1,2024,14
SL,-1.0,-1.156249999999994,9.600000000000364,-1,2024,6
SL,-1.0,-1.1595744680851163,9.399999999999409,1,2024,8
SL,-1.0,-1.0872093023255829,17.199999999999704,1,2024,11
TP,2.0,1.745762711864396,5.89999999999975,-1,2024,12
SL,-1.0,-1.0949367088607673,15.799999999998704,-1,2024,1
fuera,0.9910313901344868,0.9237668161434595,22.30000000000132,1,2024,12
SL,-1.0,-1.0359712230215825,41.70000000000016,1,2024,13
fuera,0.6344086021503897,0.47311827956977537,9.300000000001774,1,2024,16
SL,-1.0,-1.2419354838710326,6.19999999999834,1,2024,21
SL,-1.0,-1.2419354838710326,6.19999999999834,1,2024,21
SL,-1.0,-1.1874999999999707,8.00000000000125,1,2024,0
SL,-1.0,-1.1874999999999707,8.00000000000125,1,2024,0
SL,-1.0,-1.1562500000000404,9.599999999997522,-1,2024,0
TP,2.0,1.6249999999999254,3.999999999999204,-1,2024,1
SL,-1.0,-1.1898734177215005,7.900000000000773,-1,2024,2
SL,-1.0,-1.1685393258426993,8.899999999999864,1,2024,7
TP,2.0,1.6808510638297671,4.699999999999704,-1,2024,7
SL,-1.0,-1.1829268292683068,8.199999999999363,1,2024,8
SL,-1.0,-1.1293103448275708,11.600000000001387,1,2024,0
SL,-1.0,-1.1293103448275708,11.600000000001387,1,2024,0
SL,-1.0,-1.1293103448275708,11.600000000001387,1,2024,0
SL,-1.0,-1.1006711409395966,14.900000000000091,-1,2024,1
SL,-1.0,-1.1006711409395966,14.900000000000091,-1,2024,1
SL,-1.0,-1.1006711409395966,14.900000000000091,-1,2024,1
SL,-1.0,-1.1351351351351473,11.099999999999,-1,2024,3
TP,2.0,1.7794117647059216,6.800000000001205,1,2024,4
SL,-1.0,-1.1764705882352775,8.500000000000796,-1,2024,8
TP,2.0,1.6999999999998976,4.999999999998295,-1,2024,9
TP,2.0,1.83516483516485,9.100000000000819,1,2024,16
TP,2.0,1.83516483516485,9.100000000000819,1,2024,16
TP,2.0,1.7794117647058292,6.799999999998363,1,2024,18
SL,-1.0,-1.7894736842102996,1.9000000000005457,-1,2024,19
SL,-1.0,-1.2499999999999905,6.000000000000227,-1,2024,20
TP,2.0,1.807692307692315,7.800000000000296,1,2024,22
SL,-1.0,-1.1351351351351127,11.100000000001842,1,2024,0
TP,2.0,1.893617021276589,14.099999999999113,-1,2024,1
TP,2.0,1.9253731343283558,20.09999999999934,1,2024,6
TP,2.0,1.9253731343283558,20.09999999999934,1,2024,6
SL,-1.0,-1.1102941176470624,13.599999999999568,-1,2024,6
SL,-1.0,-1.1102941176470624,13.599999999999568,-1,2024,6
TP,2.0,1.8863636363636407,13.2000000000005,1,2024,7
TP,2.0,1.8051948051948006,7.699999999999818,1,2024,10
SL,-1.0,-1.1282051282051078,11.700000000001864,1,2024,3
SL,-1.0,-1.2499999999999905,6.000000000000227,1,2024,4
TP,2.0,1.9246231155778941,19.900000000001228,-1,2024,4
SL,-1.0,-1.245901639344234,6.100000000000705,1,2024,5
SL,-1.0,-1.245901639344234,6.100000000000705,1,2024,5
TP,2.0,1.9429657794676756,26.29999999999768,-1,2024,5
SL,-1.0,-1.0649350649350664,23.099999999999454,-1,2024,6
SL,-1.0,-1.0649350649350664,23.099999999999454,-1,2024,6
SL,-1.0,-1.0649350649350664,23.099999999999454,-1,2024,6
SL,-1.0,-1.0649350649350664,23.099999999999454,-1,2024,6
SL,-1.0,-1.0649350649350664,23.099999999999454,-1,2024,6
SL,-1.0,-1.034562211981567,43.39999999999975,1,2024,7
SL,-1.0,-1.034562211981567,43.39999999999975,1,2024,7
SL,-1.0,-1.034562211981567,43.39999999999975,1,2024,7
SL,-1.0,-1.034562211981567,43.39999999999975,1,2024,7
SL,-1.0,-1.034562211981567,43.39999999999975,1,2024,7
SL,-1.0,-1.0721153846153753,20.800000000002683,-1,2024,12
SL,-1.0,-1.1102941176470624,13.599999999999568,1,2024,0
SL,-1.0,-1.0528169014084523,28.39999999999918,-1,2024,0
SL,-1.0,-1.0528169014084523,28.39999999999918,-1,2024,0
SL,-1.0,-1.0528169014084523,28.39999999999918,-1,2024,0
SL,-1.0,-1.0528169014084523,28.39999999999918,-1,2024,0
TP,2.0,1.9375000000000024,24.00000000000091,1,2024,2
TP,2.0,1.9375000000000024,24.00000000000091,1,2024,2
TP,2.0,1.8965517241379384,14.500000000001023,1,2024,6
SL,-1.0,-1.069767441860464,21.50000000000034,1,2024,7
SL,-1.0,-1.069767441860464,21.50000000000034,1,2024,7
SL,-1.0,-1.0641025641025694,23.399999999998045,1,2024,8
TP,2.0,1.8809523809523854,12.600000000000477,-1,2024,10
SL,-1.0,-1.1249999999999953,12.000000000000455,1,2024,22
SL,-1.0,-1.1293103448275708,11.600000000001387,-1,2024,23
SL,-1.0,-1.0678733031674197,22.100000000000364,-1,2024,0
SL,-1.0,-1.0678733031674197,22.100000000000364,-1,2024,0
SL,-1.0,-1.0837988826815632,17.900000000000205,1,2024,2
SL,-1.0,-1.069767441860464,21.50000000000034,1,2024,3
SL,-1.0,-1.069767441860464,21.50000000000034,1,2024,3
SL,-1.0,-1.069767441860464,21.50000000000034,1,2024,3
TP,2.0,1.9056603773585026,15.900000000002024,-1,2024,6
TP,2.0,1.9056603773585026,15.900000000002024,-1,2024,6
TP,2.0,1.9553571428571408,33.59999999999843,-1,2024,10
TP,2.0,1.9642857142857157,42.00000000000159,-1,2024,14
TP,2.0,1.9642857142857157,42.00000000000159,-1,2024,14
TP,2.0,1.9642857142857157,42.00000000000159,-1,2024,14
SL,-1.0,-1.0369458128078812,40.60000000000059,1,2024,0
TP,2.0,1.8760330578512492,12.100000000000932,-1,2024,4
SL,-1.0,-1.101351351351354,14.799999999999613,1,2024,6
SL,-1.0,-1.026223776223776,57.20000000000027,-1,2024,7
SL,-1.0,-1.0531914893617054,28.199999999998226,1,2024,7
SL,-1.0,-1.0305498981670052,49.10000000000139,-1,2024,13
TP,2.0,1.9122807017543966,17.10000000000207,-1,2024,14
TP,2.0,1.9122807017543966,17.10000000000207,-1,2024,14
SL,-1.0,-1.312499999999988,4.800000000000182,-1,2024,5
SL,-1.0,-1.059523809523814,25.199999999998113,1,2024,6
SL,-1.0,-1.0655021834061098,22.90000000000134,1,2024,6
fuera,-0.00613496932516324,-0.016359918200418773,146.7000000000013,1,2024,12
fuera,-0.00613496932516324,-0.016359918200418773,146.7000000000013,1,2024,12
fuera,-0.00613496932516324,-0.016359918200418773,146.7000000000013,1,2024,12
fuera,-0.00613496932516324,-0.016359918200418773,146.7000000000013,1,2024,12
SL,-1.0,-1.117187499999987,12.800000000001432,-1,2024,0
TP,2.0,1.84210526315794,9.500000000002728,1,2024,2
SL,-1.0,-1.0837988826815632,17.900000000000205,1,2024,3
SL,-1.0,-1.1470588235294472,10.199999999997544,-1,2024,5
SL,-1.0,-1.081521739130436,18.39999999999975,1,2024,0
SL,-1.0,-1.081521739130436,18.39999999999975,1,2024,0
SL,-1.0,-1.099337748344364,15.100000000001046,-1,2024,10
SL,-1.0,-1.0675675675675738,22.199999999998,-1,2024,12
SL,-1.0,-1.0675675675675738,22.199999999998,-1,2024,12
SL,-1.0,-1.0602409638554229,24.899999999999523,1,2024,13
SL,-1.0,-1.1315789473684161,11.400000000000432,1,2024,0
SL,-1.0,-1.4054054054053382,3.700000000000614,-1,2024,0
SL,-1.0,-1.1304347826086854,11.50000000000091,1,2024,4
SL,-1.0,-1.0125838926174495,119.20000000000073,-1,2024,12
SL,-1.0,-1.0125838926174495,119.20000000000073,-1,2024,12
SL,-1.0,-1.0125838926174495,119.20000000000073,-1,2024,12
SL,-1.0,-1.0125838926174495,119.20000000000073,-1,2024,12
SL,-1.0,-1.0125838926174495,119.20000000000073,-1,2024,12
SL,-1.0,-1.0125838926174495,119.20000000000073,-1,2024,12
fuera,0.8102625298329439,0.7923627684964283,83.79999999999939,1,2024,18
fuera,0.8102625298329439,0.7923627684964283,83.79999999999939,1,2024,18
TP,2.0,1.9512987012987002,30.799999999999272,1,2024,19
TP,2.0,1.9512987012987002,30.799999999999272,1,2024,19
SL,-1.0,-1.1764705882352775,8.500000000000796,1,2024,0
SL,-1.0,-1.1315789473684161,11.400000000000432,-1,2024,0
TP,2.0,1.8897058823529607,13.60000000000241,1,2024,1
SL,-1.0,-1.0882352941176388,17.00000000000159,1,2024,2
TP,2.0,1.583333333333349,3.6000000000001364,1,2024,5
SL,-1.0,-1.1304347826087175,11.499999999998067,-1,2024,5
SL,-1.0,-1.0949367088607502,15.800000000001546,1,2024,7
SL,-1.0,-1.0630252100840338,23.799999999999955,-1,2024,12
SL,-1.0,-1.0666666666666684,22.49999999999943,-1,2024,15
SL,-1.0,-1.1071428571428676,13.999999999998636,1,2024,0
SL,-1.0,-1.202702702702669,7.400000000001228,-1,2024,1
SL,-1.0,-1.081521739130436,18.39999999999975,1,2024,2
fuera,-0.42480468750000183,-0.43945312500000183,102.40000000000009,1,2024,3
fuera,-0.42480468750000183,-0.43945312500000183,102.40000000000009,1,2024,3
fuera,-0.42480468750000183,-0.43945312500000183,102.40000000000009,1,2024,3
fuera,-0.42480468750000183,-0.43945312500000183,102.40000000000009,1,2024,3
fuera,-0.6651270207851901,-0.6997690531177543,43.29999999999927,-1,2024,9
fuera,-0.6651270207851901,-0.6997690531177543,43.29999999999927,-1,2024,9
fuera,-0.6651270207851901,-0.6997690531177543,43.29999999999927,-1,2024,9
SL,-1.0,-1.114503816793893,13.100000000000023,-1,2024,21
SL,-1.0,-1.114503816793893,13.100000000000023,-1,2024,21
SL,-1.0,-1.114503816793893,13.100000000000023,-1,2024,21
SL,-1.0,-1.0694444444444509,21.599999999997976,1,2024,22
SL,-1.0,-1.0694444444444509,21.599999999997976,1,2024,22
SL,-1.0,-1.0694444444444509,21.599999999997976,1,2024,22
SL,-1.0,-1.0920245398772945,16.30000000000109,1,2024,0
SL,-1.0,-1.0920245398772945,16.30000000000109,1,2024,0
SL,-1.0,-1.0920245398772945,16.30000000000109,1,2024,0
SL,-1.0,-1.1027397260274068,14.599999999998658,-1,2024,3
SL,-1.0,-1.1027397260274068,14.599999999998658,-1,2024,3
TP,2.0,1.9230769230769205,19.499999999999318,1,2024,6
SL,-1.0,-1.3846153846155103,3.8999999999987267,-1,2024,8
SL,-1.0,-1.067567567567565,22.20000000000084,1,2024,11
SL,-1.0,-1.192307692307685,7.800000000000296,1,2024,0
SL,-1.0,-1.1249999999999953,12.000000000000455,-1,2024,1
SL,-1.0,-1.106382978723411,14.099999999999113,1,2024,6
SL,-1.0,-1.0513698630136983,29.20000000000016,-1,2024,12
SL,-1.0,-1.6521739130435877,2.2999999999996135,1,2024,6
SL,-1.0,-1.1874999999999707,8.00000000000125,1,2024,18
SL,-1.0,-1.2205882352940784,6.800000000001205,-1,2024,23
TP,2.0,1.8026315789473513,7.599999999999341,1,2024,0
SL,-1.0,-1.245901639344234,6.100000000000705,-1,2024,3
SL,-1.0,-1.2205882352940784,6.800000000001205,1,2024,4
TP,2.0,1.932432432432435,22.20000000000084,1,2024,7
TP,2.0,1.932432432432435,22.20000000000084,1,2024,7
SL,-1.0,-1.0731707317073127,20.50000000000125,1,2024,0
SL,-1.0,-1.1973684210526487,7.599999999999341,-1,2024,3
SL,-1.0,-1.0700934579439256,21.399999999999864,1,2024,23
TP,2.0,1.885496183206107,13.100000000000023,-1,2024,0
TP,2.0,1.885496183206107,13.100000000000023,-1,2024,0
SL,-1.0,-1.28846153846158,5.19999999999925,1,2024,9
fuera,1.0417209908735474,1.0221642764015786,76.69999999999959,1,2024,10
SL,-1.0,-1.1079136690647624,13.899999999998158,-1,2024,10
SL,-1.0,-1.0482315112540181,31.100000000000705,-1,2024,0
TP,2.0,1.9369747899159662,23.799999999999955,1,2024,12
SL,-1.0,-1.3571428571428437,4.200000000000159,-1,2024,0
TP,2.0,1.82758620689653,8.699999999998909,1,2024,1
SL,-1.0,-1.1249999999999953,12.000000000000455,-1,2024,1
TP,2.0,1.8124999999999627,7.999999999998408,1,2024,7
SL,-1.0,-1.4687499999998435,3.2000000000010687,-1,2024,7
SL,-1.0,-1.4687499999998435,3.2000000000010687,-1,2024,7
SL,-1.0,-1.1704545454545574,8.799999999999386,1,2024,8
SL,-1.0,-1.1704545454545574,8.799999999999386,1,2024,8
SL,-1.0,-1.0318471337579616,47.100000000000364,1,2024,0
SL,-1.0,-1.0318471337579616,47.100000000000364,1,2024,0
SL,-1.0,-1.0641025641025694,23.399999999998045,-1,2024,9
SL,-1.0,-1.0641025641025694,23.399999999998045,-1,2024,9
TP,2.0,1.9250000000000065,20.000000000001705,1,2024,13
SL,-1.0,-1.1973684210526487,7.599999999999341,-1,2024,21
SL,-1.0,-1.1973684210526487,7.599999999999341,-1,2024,21
SL,-1.0,-1.1027397260274068,14.599999999998658,1,2024,23
SL,-1.0,-1.1027397260274068,14.599999999998658,1,2024,23
TP,2.0,1.9409448818897683,25.40000000000191,1,2024,0
TP,2.0,1.9409448818897683,25.40000000000191,1,2024,0
TP,2.0,1.9409448818897683,25.40000000000191,1,2024,0
SL,-1.0,-1.1315789473684161,11.400000000000432,-1,2024,1
SL,-1.0,-1.0592885375494037,25.300000000001432,1,2024,12
TP,2.0,1.7692307692307612,6.499999999999773,-1,2024,4
TP,2.0,1.8648648648648873,11.100000000001842,1,2024,13
SL,-1.0,-1.5769230769228448,2.600000000001046,-1,2024,4
SL,-1.0,-1.0882352941176536,16.99999999999875,1,2024,5
SL,-1.0,-1.0882352941176536,16.99999999999875,1,2024,5
TP,2.0,1.8897058823529607,13.60000000000241,-1,2024,13
SL,-1.0,-1.0266429840142102,56.29999999999882,1,2024,14
SL,-1.0,-1.0266429840142102,56.29999999999882,1,2024,14
SL,-1.0,-1.0266429840142102,56.29999999999882,1,2024,14
SL,-1.0,-1.0266429840142102,56.29999999999882,1,2024,14
SL,-1.0,-1.0635593220338933,23.60000000000184,1,2024,1
SL,-1.0,-1.0635593220338933,23.60000000000184,1,2024,1
TP,2.0,1.914285714285706,17.499999999998295,-1,2024,7
TP,2.0,1.8148148148148544,8.100000000001728,-1,2024,8
SL,-1.0,-1.0592885375494037,25.300000000001432,1,2024,0
SL,-1.0,-1.0592885375494037,25.300000000001432,1,2024,0
TP,2.0,1.9532710280373828,32.099999999999795,-1,2024,0
SL,-1.0,-1.0405405405405401,37.000000000000455,-1,2024,3
SL,-1.0,-1.0405405405405401,37.000000000000455,-1,2024,3
SL,-1.0,-1.0405405405405401,37.000000000000455,-1,2024,3
SL,-1.0,-1.0405405405405401,37.000000000000455,-1,2024,3
SL,-1.0,-1.0405405405405401,37.000000000000455,-1,2024,3
SL,-1.0,-1.0753768844221059,19.900000000001228,1,2024,6
SL,-1.0,-1.0753768844221059,19.900000000001228,1,2024,6
SL,-1.0,-1.0753768844221059,19.900000000001228,1,2024,6
SL,-1.0,-1.1999999999999544,7.500000000001705,1,2024,21
TP,2.0,1.797297297297253,7.399999999998386,-1,2024,21
TP,2.0,1.914285714285706,17.499999999998295,-1,2024,23
TP,2.0,1.6938775510204493,4.900000000000659,1,2024,0
SL,-1.0,-1.0493421052631575,30.400000000000205,-1,2024,1
TP,2.0,1.8623853211009287,10.900000000000887,1,2024,2
SL,-1.0,-1.050675675675672,29.60000000000207,1,2024,6
SL,-1.0,-1.050675675675672,29.60000000000207,1,2024,6
SL,-1.0,-1.254237288135604,5.89999999999975,-1,2024,7
SL,-1.0,-1.0731707317073127,20.50000000000125,1,2024,8
SL,-1.0,-1.0453172205438044,33.10000000000173,-1,2024,12
SL,-1.0,-1.0453172205438044,33.10000000000173,-1,2024,12
SL,-1.0,-1.1162790697674503,12.899999999999068,1,2024,0
SL,-1.0,-1.1162790697674503,12.899999999999068,1,2024,0
SL,-1.0,-1.12,12.5,1,2024,1
TP,2.0,1.882812500000013,12.800000000001432,-1,2024,2
SL,-1.0,-1.1530612244897753,9.800000000001319,-1,2024,5
SL,-1.0,-1.1442307692307505,10.400000000001342,1,2024,11
SL,-1.0,-1.163043478260897,9.199999999998454,1,2024,15
SL,-1.0,-1.1807228915662686,8.29999999999984,-1,2024,16
TP,2.0,1.9090909090909203,16.500000000002046,1,2024,0
SL,-1.0,-1.174418604651137,8.600000000001273,1,2024,1
SL,-1.0,-1.1764705882352775,8.500000000000796,-1,2024,2
SL,-1.0,-1.1119402985074742,13.399999999998613,-1,2024,6
TP,2.0,1.444444444444173,2.6999999999986812,-1,2024,9
SL,-1.0,-1.1260504201680674,11.899999999999977,1,2024,14
TP,2.0,1.8295454545454426,8.799999999999386,1,2024,0
fuera,0.27556151525310146,0.2705330204492128,298.3000000000004,-1,2024,12
fuera,0.27556151525310146,0.2705330204492128,298.3000000000004,-1,2024,12
fuera,0.27556151525310146,0.2705330204492128,298.3000000000004,-1,2024,12
fuera,0.27556151525310146,0.2705330204492128,298.3000000000004,-1,2024,12
fuera,0.27556151525310146,0.2705330204492128,298.3000000000004,-1,2024,12
fuera,0.27556151525310146,0.2705330204492128,298.3000000000004,-1,2024,12
fuera,0.27556151525310146,0.2705330204492128,298.3000000000004,-1,2024,12
fuera,0.27556151525310146,0.2705330204492128,298.3000000000004,-1,2024,12
fuera,0.27556151525310146,0.2705330204492128,298.3000000000004,-1,2024,12
fuera,-0.5138297872340482,-0.5297872340425588,93.99999999999977,1,2024,13
SL,-1.0,-1.149999999999966,10.000000000002274,1,2024,1
TP,2.0,1.7619047619047172,6.299999999998818,-1,2024,3
TP,2.0,1.9726775956284142,54.89999999999782,1,2024,16
TP,2.0,1.9726775956284142,54.89999999999782,1,2024,16
SL,-1.0,-1.0862068965517349,17.399999999997817,1,2024,1
SL,-1.0,-1.0862068965517349,17.399999999997817,1,2024,1
SL,-1.0,-1.1724137931034135,8.70000000000175,-1,2024,9
SL,-1.0,-1.1315789473684161,11.400000000000432,-1,2024,11
SL,-1.0,-1.0828729281768033,18.099999999998317,1,2024,0
SL,-1.0,-1.0828729281768033,18.099999999998317,1,2024,0
TP,2.0,1.7500000000000095,6.000000000000227,-1,2024,2
TP,2.0,1.9107142857142891,16.800000000000637,-1,2024,4
TP,2.0,1.9557522123893802,33.899999999999864,-1,2024,5
TP,2.0,1.9557522123893802,33.899999999999864,-1,2024,5
TP,2.0,1.9802371541501973,75.89999999999861,-1,2024,7
TP,2.0,1.9802371541501973,75.89999999999861,-1,2024,7
TP,2.0,1.9802371541501973,75.89999999999861,-1,2024,7
TP,2.0,1.842105263157893,9.499999999999886,1,2024,17
SL,-1.0,-1.1785714285714217,8.400000000000318,1,2024,19
TP,2.0,1.8979591836734633,14.699999999999136,1,2024,0
SL,-1.0,-1.0724637681159443,20.699999999999363,-1,2024,0
SL,-1.0,-1.057915057915061,25.899999999998613,1,2024,1
SL,-1.0,-1.1948051948051994,7.699999999999818,-1,2024,21
SL,-1.0,-1.0557620817843856,26.900000000000546,1,2024,23
SL,-1.0,-1.0557620817843856,26.900000000000546,1,2024,23
SL,-1.0,-1.1595744680851163,9.399999999999409,1,2024,0
SL,-1.0,-1.0773195876288706,19.39999999999884,1,2024,1
TP,2.0,1.825581395348863,8.600000000001273,-1,2024,3
TP,2.0,1.9630541871921188,40.60000000000059,-1,2024,5
TP,2.0,1.9630541871921188,40.60000000000059,-1,2024,5
SL,-1.0,-1.0244698205546492,61.299999999999955,-1,2024,6
SL,-1.0,-1.0678733031674197,22.100000000000364,1,2024,15
TP,2.0,1.961439588688947,38.900000000001,-1,2024,3
TP,2.0,1.8484848484848324,9.899999999998954,1,2024,4
TP,2.0,1.976190476190476,62.999999999999545,-1,2024,1
TP,2.0,1.976190476190476,62.999999999999545,-1,2024,1
SL,-1.0,-1.037037037037037,40.500000000000114,1,2024,0
SL,-1.0,-1.0307377049180328,48.799999999999955,-1,2024,1
TP,2.0,1.8863636363636407,13.2000000000005,-1,2024,8
SL,-1.0,-1.0406504065040652,36.89999999999998,1,2024,10
fuera,0.539603960396018,0.5024752475247305,40.399999999999636,1,2024,14
SL,-1.0,-1.0217076700434153,69.10000000000025,-1,2024,0
SL,-1.0,-1.0217076700434153,69.10000000000025,-1,2024,0
SL,-1.0,-1.0382653061224465,39.20000000000243,-1,2024,1
TP,2.0,1.962962962962963,40.500000000000114,1,2024,2
TP,2.0,1.962962962962963,40.500000000000114,1,2024,2
SL,-1.0,-1.0819672131147573,18.299999999999272,1,2024,3
SL,-1.0,-1.0588235294117592,25.500000000002387,-1,2024,1
TP,2.0,1.960106382978724,37.60000000000048,1,2024,4
TP,2.0,1.960106382978724,37.60000000000048,1,2024,4
TP,2.0,1.960106382978724,37.60000000000048,1,2024,4
SL,-1.0,-1.1442307692307505,10.400000000001342,-1,2024,5
SL,-1.0,-1.033039647577092,45.40000000000077,1,2024,6
TP,2.0,1.9753289473684212,60.80000000000041,-1,2024,13
TP,2.0,1.9828571428571429,87.5,-1,2024,15
TP,2.0,1.9756888168557534,61.69999999999902,-1,2024,16
SL,-1.0,-1.066964285714289,22.399999999998954,1,2024,17
SL,-1.0,-1.066964285714289,22.399999999998954,1,2024,17
SL,-1.0,-1.066964285714289,22.399999999998954,1,2024,17
SL,-1.0,-1.0285171102661592,52.600000000001046,-1,2024,20
SL,-1.0,-1.0285171102661592,52.600000000001046,-1,2024,20
SL,-1.0,-1.0285171102661592,52.600000000001046,-1,2024,20
SL,-1.0,-1.0413223140495835,36.3000000000028,-1,2024,0
TP,2.0,1.9423076923076965,26.000000000001933,1,2024,1
TP,2.0,1.9665924276169253,44.899999999998386,-1,2024,2
TP,2.0,1.9665924276169253,44.899999999998386,-1,2024,2
SL,-1.0,-1.0075642965204237,198.3000000000004,1,2024,3
SL,-1.0,-1.0075642965204237,198.3000000000004,1,2024,3
SL,-1.0,-1.0075642965204237,198.3000000000004,1,2024,3
SL,-1.0,-1.0075642965204237,198.3000000000004,1,2024,3
TP,2.0,1.9888392857142856,134.3999999999994,-1,2024,4
fuera,1.1559814937210768,1.14606741573033,151.30000000000052,-1,2024,7
TP,2.0,1.9673202614379086,45.90000000000032,-1,2024,0
SL,-1.0,-1.0205479452054789,73.00000000000182,1,2024,2
TP,2.0,1.9450549450549444,27.299999999999613,-1,2024,1
fuera,0.5427375971308942,0.5337716676628727,167.30000000000018,-1,2024,12
SL,-1.0,-1.555555555555827,2.6999999999986812,1,2024,21
TP,2.0,1.9377593360995813,24.099999999998545,-1,2024,22
SL,-1.0,-1.0450450450450453,33.29999999999984,1,2024,0
TP,2.0,1.969135802469137,48.60000000000184,-1,2024,1
SL,-1.0,-1.011320754716981,132.5000000000017,-1,2024,0
SL,-1.0,-1.011320754716981,132.5000000000017,-1,2024,0
SL,-1.0,-1.0149253731343284,100.49999999999955,1,2024,2
fuera,0.1761992619926086,0.16928044280441673,216.80000000000064,1,2024,1
fuera,0.1761992619926086,0.16928044280441673,216.80000000000064,1,2024,1
fuera,0.1761992619926086,0.16928044280441673,216.80000000000064,1,2024,1
fuera,0.1761992619926086,0.16928044280441673,216.80000000000064,1,2024,1
fuera,0.1761992619926086,0.16928044280441673,216.80000000000064,1,2024,1
TP,2.0,1.94140625,25.600000000000023,-1,2024,22
SL,-1.0,-1.0595238095238073,25.200000000000955,-1,2024,23
SL,-1.0,-1.0595238095238073,25.200000000000955,-1,2024,23
TP,2.0,1.9738675958188159,57.40000000000123,1,2024,0
SL,-1.0,-1.0278293135435999,53.89999999999873,-1,2024,0
SL,-1.0,-1.0278293135435999,53.89999999999873,-1,2024,0
SL,-1.0,-1.0357142857142867,41.99999999999875,1,2024,1
SL,-1.0,-1.0609756097560952,24.600000000000932,-1,2024,1
SL,-1.0,-1.0619834710743754,24.200000000001864,1,2024,2
SL,-1.0,-1.0619834710743754,24.200000000001864,1,2024,2
SL,-1.0,-1.0422535211267583,35.50000000000182,-1,2024,7
SL,-1.0,-1.0557620817843913,26.899999999997704,1,2024,12
fuera,0.3136531365312724,0.25830258302574044,27.1000000000015,1,2024,14
SL,-1.0,-1.1562500000000404,9.599999999997522,-1,2024,14
TP,2.0,1.9526813880126195,31.700000000000728,1,2024,3
SL,-1.0,-1.1764705882352775,8.500000000000796,-1,2024,4
SL,-1.0,-1.1456310679611528,10.300000000000864,1,2024,13
TP,2.0,1.9665178571428577,44.80000000000075,-1,2024,13
TP,2.0,1.9665178571428577,44.80000000000075,-1,2024,13
SL,-1.0,-1.0700934579439256,21.399999999999864,1,2024,14
SL,-1.0,-1.0428571428571436,34.99999999999943,-1,2024,15
TP,2.0,1.9420849420849453,25.900000000001455,1,2024,0
SL,-1.0,-1.1874999999999707,8.00000000000125,-1,2024,4
SL,-1.0,-1.0872093023255829,17.199999999999704,-1,2024,5
SL,-1.0,-1.0450450450450453,33.29999999999984,1,2024,6
SL,-1.0,-1.0450450450450453,33.29999999999984,1,2024,6
SL,-1.0,-1.2419354838710326,6.19999999999834,-1,2024,6
TP,2.0,1.961928934010153,39.400000000000546,-1,2024,13
SL,-1.0,-1.0663716814159294,22.59999999999991,-1,2024,18
SL,-1.0,-1.0641025641025617,23.400000000000887,1,2024,19
SL,-1.0,-1.272727272727239,5.500000000000682,-1,2024,0
TP,2.0,1.9618320610687023,39.30000000000007,1,2024,2
SL,-1.0,-1.034562211981567,43.39999999999975,-1,2024,2
SL,-1.0,-1.034562211981567,43.39999999999975,-1,2024,2
SL,-1.0,-1.034562211981567,43.39999999999975,-1,2024,2
TP,2.0,1.9665924276169273,44.90000000000123,1,2024,3
TP,2.0,1.9665924276169273,44.90000000000123,1,2024,3
TP,2.0,1.9665924276169273,44.90000000000123,1,2024,3
SL,-1.0,-1.053003533568907,28.299999999998704,1,2024,6
TP,2.0,1.83516483516485,9.100000000000819,-1,2024,1
TP,2.0,1.8214285714285783,8.400000000000318,1,2024,5
fuera,-0.7631133671742714,-0.7715736040609043,177.2999999999996,1,2024,12
fuera,-0.7631133671742714,-0.7715736040609043,177.2999999999996,1,2024,12
fuera,-0.7631133671742714,-0.7715736040609043,177.2999999999996,1,2024,12
fuera,-0.7631133671742714,-0.7715736040609043,177.2999999999996,1,2024,12
fuera,1.427184466019214,1.3786407766988296,30.900000000002592,-1,2024,11
SL,-1.0,-1.0357142857142843,42.00000000000159,-1,2024,12
SL,-1.0,-1.0641025641025617,23.400000000000887,1,2024,14
TP,2.0,1.8972602739725932,14.599999999998658,1,2024,21
TP,2.0,1.8972602739725932,14.599999999998658,1,2024,21
SL,-1.0,-1.1102941176470624,13.599999999999568,1,2024,23
TP,2.0,1.918478260869564,18.39999999999975,-1,2024,0
TP,2.0,1.9678111587982838,46.60000000000082,-1,2024,1
TP,2.0,1.9678111587982838,46.60000000000082,-1,2024,1
TP,2.0,1.9678111587982838,46.60000000000082,-1,2024,1
fuera,1.071193866374586,1.0547645125958347,91.30000000000109,-1,2024,3
fuera,1.071193866374586,1.0547645125958347,91.30000000000109,-1,2024,3
SL,-1.0,-1.0460122699386472,32.60000000000218,1,2024,4
SL,-1.0,-1.0172413793103448,87.00000000000045,-1,2024,5
SL,-1.0,-1.0862068965517209,17.40000000000066,1,2024,18
TP,2.0,1.9695121951219505,49.19999999999902,1,2024,1
SL,-1.0,-1.157894736842107,9.499999999999886,-1,2024,2
SL,-1.0,-1.0655021834061098,22.90000000000134,1,2024,3
SL,-1.0,-1.0230769230769228,65.00000000000057,-1,2024,14
SL,-1.0,-1.1260504201680674,11.899999999999977,-1,2024,21
SL,-1.0,-1.0395778364116104,37.89999999999907,1,2024,23
TP,2.0,1.971042471042471,51.80000000000007,1,2024,0
TP,2.0,1.971042471042471,51.80000000000007,1,2024,0
TP,2.0,1.9085365853658465,16.399999999998727,-1,2024,17
SL,-1.0,-1.047169811320757,31.799999999998363,-1,2024,18
TP,2.0,1.962025316455697,39.50000000000102,1,2024,0
TP,2.0,1.962025316455697,39.50000000000102,1,2024,0
SL,-1.0,-1.0545454545454533,27.50000000000057,-1,2024,4
SL,-1.0,-1.0570342205323182,26.300000000000523,1,2024,14
TP,2.0,1.9567723342939491,34.70000000000084,-1,2024,15
TP,2.0,1.9567723342939491,34.70000000000084,-1,2024,15
TP,2.0,1.9567723342939491,34.70000000000084,-1,2024,15
fuera,0.04656319290469028,0.013303769401363852,45.09999999999934,-1,2024,17
SL,-1.0,-1.0746268656716442,20.09999999999934,-1,2024,21
SL,-1.0,-1.0563909774436049,26.600000000001955,1,2024,0
SL,-1.0,-1.043988269794724,34.099999999997976,-1,2024,0
SL,-1.0,-1.1190476190476146,12.600000000000477,1,2024,5
SL,-1.0,-1.0353773584905654,42.40000000000066,-1,2024,12
SL,-1.0,-1.0271247739602172,55.29999999999973,1,2024,13
SL,-1.0,-1.0483870967741933,31.000000000000227,-1,2024,14
SL,-1.0,-1.0401069518716584,37.39999999999952,1,2024,15
SL,-1.0,-1.038071065989847,39.400000000000546,1,2024,0
SL,-1.0,-1.038071065989847,39.400000000000546,1,2024,0
SL,-1.0,-1.0592885375494037,25.300000000001432,-1,2024,1
SL,-1.0,-1.0765306122448988,19.599999999999795,-1,2024,4
SL,-1.0,-1.0694444444444418,21.60000000000082,1,2024,7
SL,-1.0,-1.283018867924543,5.299999999999727,1,2024,12
TP,2.0,1.930232558139536,21.50000000000034,-1,2024,12
SL,-1.0,-1.0967741935483863,15.500000000000114,-1,2024,13
SL,-1.0,-1.0728155339805865,20.599999999998886,1,2024,17
TP,2.0,1.89051094890511,13.700000000000045,-1,2024,18
TP,2.0,1.9261083743842375,20.300000000000296,1,2024,0
SL,-1.0,-1.05494505494505,27.300000000002456,1,2024,1
SL,-1.0,-1.2112676056337244,7.1000000000026375,-1,2024,9
SL,-1.0,-1.0378787878787865,39.6000000000015,1,2024,12
TP,2.0,1.9222797927461188,19.300000000001205,-1,2024,13
SL,-1.0,-1.0427350427350428,35.09999999999991,-1,2024,14
TP,2.0,1.9056603773584857,15.899999999999181,1,2024,0
SL,-1.0,-1.5999999999998635,2.5000000000005684,-1,2024,1
SL,-1.0,-1.0700934579439256,21.399999999999864,1,2024,4
fuera,0.8840909090909363,0.8670454545454818,87.99999999999955,1,2024,12
fuera,0.8840909090909363,0.8670454545454818,87.99999999999955,1,2024,12
SL,-1.0,-1.0367647058823541,40.799999999998704,-1,2024,15
SL,-1.0,-1.0367647058823541,40.799999999998704,-1,2024,15
SL,-1.0,-1.1086956521739089,13.800000000000523,-1,2024,6
TP,2.0,1.9442379182156087,26.899999999997704,1,2024,8
TP,2.0,1.91891891891892,18.500000000000227,1,2024,10
fuera,1.395348837209456,1.3565891472869727,38.6999999999972,1,2024,12
SL,-1.0,-1.041436464088395,36.20000000000232,1,2024,22
SL,-1.0,-1.0422535211267583,35.50000000000182,-1,2024,0
SL,-1.0,-1.2205882352941708,6.799999999998363,1,2024,2
TP,2.0,1.957020057306589,34.899999999998954,1,2024,7
SL,-1.0,-1.055350553505532,27.1000000000015,1,2024,8
TP,2.0,1.8192771084337314,8.29999999999984,-1,2024,0
SL,-1.0,-1.5172413793099029,2.9000000000024784,1,2024,1
TP,2.0,1.9214659685863884,19.10000000000025,-1,2024,3
SL,-1.0,-1.0887573964496984,16.900000000001114,1,2024,5
TP,2.0,1.961439588688947,38.900000000001,-1,2024,6
SL,-1.0,-1.2631578947368978,5.699999999998795,1,2024,7
TP,2.0,1.9275362318840557,20.699999999999363,1,2024,8
SL,-1.0,-1.0746268656716338,20.100000000002183,-1,2024,8
TP,2.0,1.9700598802395213,50.10000000000048,-1,2024,13
TP,2.0,1.9700598802395213,50.10000000000048,-1,2024,13
SL,-1.0,-1.0320512820512828,46.79999999999893,1,2024,14
SL,-1.0,-1.052631578947369,28.49999999999966,1,2024,0
TP,2.0,1.9660633484162902,44.20000000000073,-1,2024,6
TP,2.0,1.977064220183486,65.39999999999964,-1,2024,14
TP,2.0,1.977064220183486,65.39999999999964,-1,2024,14
SL,-1.0,-1.05494505494505,27.300000000002456,1,2024,15
TP,2.0,1.9197860962566895,18.700000000001182,1,2024,6
SL,-1.0,-1.03,50.0,-1,2024,12
TP,2.0,1.9382716049382704,24.2999999999995,-1,2024,0
SL,-1.0,-1.08571428571428,17.500000000001137,1,2024,1
SL,-1.0,-1.0374064837905228,40.100000000001046,-1,2024,5
TP,2.0,1.745762711864396,5.89999999999975,1,2024,10
TP,2.0,1.9469964664310984,28.300000000001546,1,2024,0
TP,2.0,1.9561403508771946,34.200000000001296,1,2024,1
SL,-1.0,-1.0872093023255829,17.199999999999704,-1,2024,2
SL,-1.0,-1.0749999999999935,20.000000000001705,-1,2024,7
SL,-1.0,-1.0528169014084523,28.39999999999918,1,2024,8
SL,-1.0,-1.0426136363636358,35.20000000000039,1,2024,0
SL,-1.0,-1.0750000000000042,19.999999999998863,-1,2024,4
TP,2.0,1.8611111111111165,10.80000000000041,1,2024,12
TP,2.0,1.9545454545454524,32.99999999999841,-1,2024,14
TP,2.0,1.9661399548532719,44.29999999999836,-1,2024,15
TP,2.0,1.9661399548532719,44.29999999999836,-1,2024,15
SL,-1.0,-1.0557620817843856,26.900000000000546,1,2024,16
SL,-1.0,-1.0561797752808997,26.69999999999959,1,2024,0
SL,-1.0,-1.0454545454545436,33.00000000000125,1,2024,1
SL,-1.0,-1.025125628140703,59.70000000000084,-1,2024,1
SL,-1.0,-1.025125628140703,59.70000000000084,-1,2024,1
SL,-1.0,-1.025125628140703,59.70000000000084,-1,2024,1
SL,-1.0,-1.0266429840142088,56.30000000000166,-1,2024,3
SL,-1.0,-1.0249169435215946,60.20000000000039,1,2024,12
TP,2.0,1.9411764705882342,25.499999999999545,-1,2024,12
TP,2.0,1.9353448275862066,23.199999999999932,1,2024,22
SL,-1.0,-1.0773195876288706,19.39999999999884,1,2024,23
SL,-1.0,-1.2054794520548535,7.299999999997908,1,2024,0
SL,-1.0,-1.052631578947369,28.49999999999966,1,2024,1
SL,-1.0,-1.052631578947369,28.49999999999966,1,2024,1
SL,-1.0,-1.0909090909090953,16.499999999999204,-1,2024,1
SL,-1.0,-1.0287907869481774,52.09999999999866,-1,2024,12
SL,-1.0,-1.0287907869481774,52.09999999999866,-1,2024,12
SL,-1.0,-1.0287907869481774,52.09999999999866,-1,2024,12
TP,2.0,1.8469387755102247,9.800000000001319,1,2024,13
SL,-1.0,-1.031249999999999,48.00000000000182,1,2024,14
SL,-1.0,-1.114503816793893,13.100000000000023,1,2024,19
TP,2.0,1.9282296650717714,20.90000000000032,-1,2024,19
TP,2.0,1.9548192771084367,33.200000000002206,-1,2024,23
TP,2.0,1.9586776859504131,36.299999999999955,-1,2024,0
SL,-1.0,-1.0482315112540181,31.100000000000705,1,2024,4
SL,-1.0,-1.0559701492537312,26.800000000000068,-1,2024,8
TP,2.0,1.9242424242424272,19.80000000000075,-1,2024,21
SL,-1.0,-1.093750000000002,15.999999999999659,1,2024,23
SL,-1.0,-1.1456310679611528,10.300000000000864,1,2024,0
TP,2.0,1.9537037037037015,32.399999999998386,-1,2024,0
SL,-1.0,-1.0354609929078014,42.30000000000018,-1,2024,3
SL,-1.0,-1.0354609929078014,42.30000000000018,-1,2024,3
TP,2.0,1.9392712550607323,24.70000000000141,1,2024,13
SL,-1.0,-1.0401069518716552,37.400000000002365,1,2024,15
TP,2.0,1.8660714285714224,11.199999999999477,-1,2024,15
SL,-1.0,-1.0833333333333433,17.99999999999784,-1,2024,0
SL,-1.0,-1.0663716814159294,22.59999999999991,-1,2024,1
TP,2.0,1.94,25.0,1,2024,2
TP,2.0,1.9650349650349652,42.900000000000205,1,2024,12
TP,2.0,1.9650349650349652,42.900000000000205,1,2024,12
SL,-1.0,-1.0210674157303365,71.20000000000175,1,2024,13
SL,-1.0,-1.0210674157303365,71.20000000000175,1,2024,13
SL,-1.0,-1.0210674157303365,71.20000000000175,1,2024,13
SL,-1.0,-1.1456310679611528,10.300000000000864,1,2024,0
SL,-1.0,-1.0617283950617296,24.2999999999995,-1,2024,1
SL,-1.0,-1.163043478260897,9.199999999998454,1,2024,2
SL,-1.0,-1.1999999999999544,7.500000000001705,-1,2024,3
TP,2.0,1.836956521739103,9.199999999998454,1,2024,4
TP,2.0,1.9783236994219655,69.20000000000073,1,2024,18
TP,2.0,1.9783236994219655,69.20000000000073,1,2024,18
SL,-1.0,-1.019354838709678,77.49999999999773,-1,2024,18
TP,2.0,1.9448529411764746,27.200000000001978,-1,2024,19
TP,2.0,1.9747899159663864,59.499999999999886,1,2024,23
SL,-1.0,-1.0190355329949243,78.79999999999825,1,2024,0
SL,-1.0,-1.023885350318472,62.79999999999859,-1,2024,5
SL,-1.0,-1.029239766081871,51.30000000000052,-1,2024,6
TP,2.0,1.9678800856531058,46.700000000001296,1,2024,7
SL,-1.0,-1.0308008213552364,48.69999999999948,-1,2024,0
SL,-1.0,-1.0308008213552364,48.69999999999948,-1,2024,0
SL,-1.0,-1.044510385756678,33.69999999999891,1,2024,3
fuera,0.7047465808527432,0.6926790024134836,124.30000000000234,1,2024,6
fuera,0.7047465808527432,0.6926790024134836,124.30000000000234,1,2024,6
SL,-1.0,-1.0309917355371896,48.40000000000089,1,2024,10
SL,-1.0,-1.024232633279483,61.89999999999998,-1,2024,12
SL,-1.0,-1.0675675675675738,22.199999999998,-1,2024,21
SL,-1.0,-1.0549450549450556,27.299999999999613,1,2024,23
TP,2.0,1.842105263157893,9.499999999999886,1,2024,0
SL,-1.0,-1.1219512195122046,12.299999999999045,1,2024,6
TP,2.0,1.9275362318840557,20.699999999999363,-1,2024,6
SL,-1.0,-1.0401069518716584,37.39999999999952,-1,2024,7
SL,-1.0,-1.0401069518716584,37.39999999999952,-1,2024,7
SL,-1.0,-1.047169811320757,31.799999999998363,1,2024,12
SL,-1.0,-1.08108108108108,18.500000000000227,-1,2024,0
TP,2.0,1.9264705882352866,20.39999999999793,1,2024,3
TP,2.0,1.94140625,25.600000000000023,1,2024,5
TP,2.0,1.94140625,25.600000000000023,1,2024,5
SL,-1.0,-1.3749999999998082,4.000000000002046,-1,2024,6
TP,2.0,1.933920704845816,22.700000000000387,-1,2024,7
TP,2.0,1.96420047732697,41.900000000001114,-1,2024,10
TP,2.0,1.96420047732697,41.900000000001114,-1,2024,10
SL,-1.0,-1.149999999999966,10.000000000002274,1,2024,20
TP,2.0,1.8333333333333397,9.000000000000341,-1,2024,21
TP,2.0,1.9438202247191003,26.69999999999959,1,2024,0
TP,2.0,1.9673913043478246,45.999999999997954,1,2024,6
SL,-1.0,-1.11811023622049,12.699999999998113,-1,2024,8
SL,-1.0,-1.054151624548739,27.69999999999868,1,2024,9
SL,-1.0,-1.054151624548739,27.69999999999868,1,2024,9
SL,-1.0,-1.0903614457831343,16.59999999999968,-1,2024,13
SL,-1.0,-1.0749999999999935,20.000000000001705,-1,2024,15
SL,-1.0,-1.0749999999999935,20.000000000001705,-1,2024,15
TP,2.0,1.906249999999998,15.999999999999659,1,2024,16
TP,2.0,1.906249999999998,15.999999999999659,1,2024,16
SL,-1.0,-1.0793650793650704,18.900000000002137,-1,2024,17
SL,-1.0,-1.09803921568628,15.299999999999159,1,2024,19
TP,2.0,1.71153846153842,5.19999999999925,1,2024,0
SL,-1.0,-1.0663716814159294,22.59999999999991,-1,2024,0
SL,-1.0,-1.0441176470588267,33.9999999999975,1,2024,1
SL,-1.0,-1.0441176470588267,33.9999999999975,1,2024,1
SL,-1.0,-1.1136363636363593,13.2000000000005,-1,2024,1
SL,-1.0,-1.106382978723411,14.099999999999113,1,2024,3
SL,-1.0,-1.0386597938144324,38.80000000000052,-1,2024,10
SL,-1.0,-1.0386597938144324,38.80000000000052,-1,2024,10
SL,-1.0,-1.0284629981024676,52.69999999999868,1,2024,0
SL,-1.0,-1.0588235294117658,25.499999999999545,-1,2024,2
SL,-1.0,-1.3750000000000746,3.999999999999204,1,2024,6
fuera,0.2981132075471626,0.2933962264150871,318.0000000000007,-1,2024,6
fuera,0.2981132075471626,0.2933962264150871,318.0000000000007,-1,2024,6
fuera,0.2981132075471626,0.2933962264150871,318.0000000000007,-1,2024,6
fuera,0.2981132075471626,0.2933962264150871,318.0000000000007,-1,2024,6
fuera,0.2981132075471626,0.2933962264150871,318.0000000000007,-1,2024,6
fuera,0.2981132075471626,0.2933962264150871,318.0000000000007,-1,2024,6
SL,-1.0,-1.0361445783132512,41.500000000002046,1,2024,7
SL,-1.0,-1.0361445783132512,41.500000000002046,1,2024,7
fuera,1.4578696343401356,1.434022257551583,62.90000000000191,-1,2024,8
fuera,0.4202279202279035,0.3988603988603821,70.19999999999982,-1,2024,12
fuera,0.4202279202279035,0.3988603988603821,70.19999999999982,-1,2024,12
TP,2.0,1.9096385542168657,16.59999999999968,-1,2024,23
TP,2.0,1.9096385542168657,16.59999999999968,-1,2024,23
SL,-1.0,-1.3333333333332154,4.500000000001592,1,2024,4
SL,-1.0,-1.0331125827814567,45.300000000000296,-1,2024,5
SL,-1.0,-1.0331125827814567,45.300000000000296,-1,2024,5
TP,2.0,1.9665924276169253,44.899999999998386,1,2024,7
TP,2.0,1.9626865671641778,40.19999999999868,1,2024,12
TP,2.0,1.9626865671641778,40.19999999999868,1,2024,12
TP,2.0,1.7222222222222328,5.400000000000205,-1,2024,12
TP,2.0,1.9605263157894732,37.999999999999545,1,2024,13
SL,-1.0,-1.0537634408602157,27.899999999999636,1,2024,0
SL,-1.0,-1.0961538461538425,15.600000000000591,-1,2024,0
SL,-1.0,-1.036231884057972,41.39999999999873,-1,2024,1
SL,-1.0,-1.0462962962962945,32.40000000000123,1,2024,3
SL,-1.0,-1.1056338028169044,14.19999999999959,1,2024,2
SL,-1.0,-1.0595238095238073,25.200000000000955,1,2024,3
SL,-1.0,-1.0358851674641143,41.80000000000064,-1,2024,4
SL,-1.0,-1.0358851674641143,41.80000000000064,-1,2024,4
TP,2.0,1.9791086350974927,71.79999999999893,1,2024,10
TP,2.0,1.9783861671469738,69.39999999999884,1,2024,12
TP,2.0,1.776119402985004,6.699999999997885,-1,2024,20
TP,2.0,1.9517684887459774,31.099999999997863,1,2024,22
SL,-1.0,-1.0285171102661592,52.600000000001046,1,2024,0
SL,-1.0,-1.0285171102661592,52.600000000001046,1,2024,0
TP,2.0,1.9658314350797261,43.899999999999295,-1,2024,1
SL,-1.0,-1.0367647058823515,40.800000000001546,-1,2024,7
TP,2.0,1.947368421052631,28.49999999999966,-1,2024,0
TP,2.0,1.9019607843137383,15.300000000002001,-1,2024,4
TP,2.0,1.8818897637795364,12.700000000000955,1,2024,7
fuera,0.017418490397505856,0.010719071013852454,223.90000000000043,1,2024,12
fuera,0.017418490397505856,0.010719071013852454,223.90000000000043,1,2024,12
TP,2.0,1.9202127659574417,18.799999999998818,-1,2024,22
TP,2.0,1.9595687331536398,37.10000000000093,-1,2024,0
TP,2.0,1.9162011173184368,17.900000000000205,1,2024,2
SL,-1.0,-1.05859375,25.600000000000023,-1,2024,1
SL,-1.0,-1.0531914893617054,28.199999999998226,1,2024,5
SL,-1.0,-1.0717703349282286,20.90000000000032,-1,2024,6
TP,2.0,1.9369747899159662,23.799999999999955,1,2024,8
TP,2.0,1.9358974358974383,23.400000000000887,1,2024,12
SL,-1.0,-1.0503355704697983,29.800000000000182,1,2024,13
SL,-1.0,-1.1327433628318588,11.299999999999955,1,2024,14
SL,-1.0,-1.0710900473933702,21.09999999999843,1,2024,0
SL,-1.0,-1.0710900473933702,21.09999999999843,1,2024,0
SL,-1.0,-1.12396694214878,12.09999999999809,-1,2024,1
SL,-1.0,-1.0872093023255829,17.199999999999704,1,2024,4
TP,2.0,1.9295774647887398,21.30000000000223,-1,2024,5
SL,-1.0,-1.0694444444444418,21.60000000000082,-1,2024,9
TP,2.0,1.785714285714265,6.999999999999318,1,2024,10
fuera,1.2823218997362278,1.2427440633246174,37.89999999999907,1,2024,12
fuera,-0.506250000000015,-0.5218750000000149,96.0000000000008,-1,2024,12
fuera,-0.506250000000015,-0.5218750000000149,96.0000000000008,-1,2024,12
fuera,1.0413223140496275,1.0000000000000406,36.299999999999955,1,2024,14
SL,-1.0,-1.0496688741721867,30.19999999999925,-1,2024,0
fuera,0.9273743016761022,0.8854748603353173,35.79999999999757,1,2024,1
TP,2.0,1.5945945945946618,3.700000000000614,-1,2024,1
fuera,0.7023255813953864,0.6325581395349223,21.50000000000034,1,2024,9
SL,-1.0,-1.10948905109489,13.700000000000045,-1,2024,11
SL,-1.0,-1.0561797752808997,26.69999999999959,1,2024,14
TP,2.0,1.9321266968325803,22.100000000000364,1,2024,22
SL,-1.0,-1.1744186046511946,8.599999999998431,-1,2024,23
SL,-1.0,-1.1000000000000152,14.999999999997726,-1,2024,0
SL,-1.0,-1.1000000000000152,14.999999999997726,-1,2024,0
SL,-1.0,-1.1209677419354884,12.399999999999523,1,2024,2
SL,-1.0,-1.416666666666651,3.6000000000001364,-1,2024,7
TP,2.0,1.8453608247422362,9.699999999997999,1,2024,8
TP,2.0,1.8453608247422362,9.699999999997999,1,2024,8
TP,2.0,1.884615384615406,13.000000000002387,1,2024,11
SL,-1.0,-1.28846153846158,5.19999999999925,1,2024,0
SL,-1.0,-1.1999999999999544,7.500000000001705,-1,2024,1
SL,-1.0,-1.0453172205438044,33.10000000000173,-1,2024,6
SL,-1.0,-1.0453172205438044,33.10000000000173,-1,2024,6
TP,2.0,1.8529411764705939,10.200000000000387,-1,2024,7
SL,-1.0,-1.1282051282051389,11.699999999999022,1,2024,8
SL,-1.0,-1.057471264367817,26.099999999999568,-1,2024,9
SL,-1.0,-1.057471264367817,26.099999999999568,-1,2024,9
SL,-1.0,-1.0561797752808997,26.69999999999959,1,2024,10
SL,-1.0,-1.0717703349282286,20.90000000000032,1,2024,11
SL,-1.0,-1.065789473684208,22.800000000000864,1,2024,16
SL,-1.0,-1.065789473684208,22.800000000000864,1,2024,16
SL,-1.0,-1.0627615062761495,23.900000000000432,1,2024,0
SL,-1.0,-1.9375000000005196,1.5999999999991132,-1,2024,0
TP,2.0,1.9101796407185638,16.70000000000016,1,2024,1
SL,-1.0,-1.055350553505532,27.1000000000015,-1,2024,1
SL,-1.0,-1.08571428571428,17.500000000001137,1,2024,5
SL,-1.0,-1.052631578947369,28.49999999999966,1,2024,7
SL,-1.0,-1.0761421319796944,19.700000000000273,-1,2024,9
SL,-1.0,-1.0451807228915633,33.200000000002206,1,2024,14
SL,-1.0,-1.5172413793104096,2.899999999999636,-1,2024,16
SL,-1.0,-1.4838709677418431,3.100000000000591,1,2024,18
TP,2.0,1.8514851485148502,10.099999999999909,-1,2024,23
SL,-1.0,-1.0797872340425583,18.799999999998818,-1,2024,1
TP,2.0,1.9117647058823464,16.99999999999875,1,2024,2
TP,2.0,1.9117647058823464,16.99999999999875,1,2024,2
SL,-1.0,-1.1056338028169044,14.19999999999959,1,2024,7
SL,-1.0,-1.1470588235294061,10.200000000000387,1,2024,8
SL,-1.0,-1.0765306122448988,19.599999999999795,-1,2024,9
SL,-1.0,-1.0765306122448988,19.599999999999795,-1,2024,9
SL,-1.0,-1.059523809523814,25.199999999998113,-1,2024,12
SL,-1.0,-1.051724137931031,29.000000000002046,1,2024,14
SL,-1.0,-1.1020408163265367,14.699999999999136,1,2024,0
SL,-1.0,-1.0867052023121377,17.300000000000182,-1,2024,2
TP,2.0,1.8636363636363453,10.999999999998522,1,2024,5
SL,-1.0,-1.0415512465373973,36.099999999999,1,2024,10
fuera,1.262032085561364,1.1818181818180535,18.700000000001182,-1,2024,13
fuera,1.262032085561364,1.1818181818180535,18.700000000001182,-1,2024,13
TP,2.0,1.716981132075457,5.299999999999727,1,2024,16
SL,-1.0,-1.1171875000000129,12.79999999999859,1,2024,0
SL,-1.0,-1.0638297872340388,23.500000000001364,-1,2024,0
SL,-1.0,-1.0721153846153852,20.79999999999984,-1,2024,1
SL,-1.0,-1.0721153846153852,20.79999999999984,-1,2024,1
SL,-1.0,-1.1282051282051078,11.700000000001864,1,2024,4
TP,2.0,1.9545454545454564,33.00000000000125,1,2024,6
SL,-1.0,-2.1538461538456897,1.300000000000523,-1,2024,6
TP,2.0,1.930232558139536,21.50000000000034,1,2024,7
TP,2.0,1.930232558139536,21.50000000000034,1,2024,7
TP,2.0,1.930232558139536,21.50000000000034,1,2024,7
TP,2.0,1.8951048951048957,14.300000000000068,1,2024,14
TP,2.0,1.94565217391304,27.599999999998204,1,2024,15
SL,-1.0,-1.1327433628318588,11.299999999999955,1,2024,3
SL,-1.0,-1.0655021834061098,22.90000000000134,-1,2024,4
TP,2.0,1.9548192771084367,33.200000000002206,1,2024,0
TP,2.0,1.9460431654676242,27.79999999999916,1,2024,5
TP,2.0,1.9407114624505963,25.300000000001432,1,2024,20
SL,-1.0,-1.053003533568907,28.299999999998704,-1,2024,20
SL,-1.0,-1.021551724137931,69.5999999999998,1,2024,23
SL,-1.0,-1.0365853658536588,40.99999999999966,1,2024,0
TP,2.0,1.900662251655636,15.100000000001046,-1,2024,5
SL,-1.0,-1.0867052023121377,17.300000000000182,1,2024,6
TP,2.0,1.9402390438247024,25.100000000000477,-1,2024,7
SL,-1.0,-1.037974683544303,39.50000000000102,-1,2024,9
SL,-1.0,-1.037974683544303,39.50000000000102,-1,2024,9
SL,-1.0,-1.0572519083969465,26.200000000000045,1,2024,10
TP,2.0,1.9282296650717714,20.90000000000032,1,2024,13
TP,2.0,1.8101265822784995,7.900000000000773,1,2024,4
SL,-1.0,-1.1339285714285776,11.199999999999477,-1,2024,6
SL,-1.0,-1.0627615062761495,23.900000000000432,1,2024,7
SL,-1.0,-1.099999999999996,15.000000000000568,-1,2024,9
SL,-1.0,-1.0424929178470244,35.300000000000864,1,2024,10
TP,2.0,1.9407114624505963,25.300000000001432,1,2024,10
TP,2.0,1.8897058823529376,13.599999999999568,-1,2024,11
SL,-1.0,-1.0409836065573754,36.60000000000139,1,2024,23
SL,-1.0,-1.156249999999994,9.600000000000364,1,2024,0
TP,2.0,1.9282296650717714,20.90000000000032,-1,2024,1
TP,2.0,1.9282296650717714,20.90000000000032,-1,2024,1
SL,-1.0,-1.0190597204574332,78.70000000000061,-1,2024,5
SL,-1.0,-1.0190597204574332,78.70000000000061,-1,2024,5
SL,-1.0,-1.0190597204574332,78.70000000000061,-1,2024,5
SL,-1.0,-1.0190597204574332,78.70000000000061,-1,2024,5
SL,-1.0,-1.0190597204574332,78.70000000000061,-1,2024,5
SL,-1.0,-1.031512605042017,47.59999999999991,1,2024,7
SL,-1.0,-1.0592885375494037,25.300000000001432,1,2024,8
SL,-1.0,-1.0590551181102383,25.399999999999068,1,2024,10
SL,-1.0,-1.0371287128712874,40.399999999999636,1,2024,12
SL,-1.0,-1.0371287128712874,40.399999999999636,1,2024,12
SL,-1.0,-1.0882352941176536,16.99999999999875,1,2024,2
TP,2.0,1.8648648648648527,11.099999999999,-1,2024,4
SL,-1.0,-1.0877192982456034,17.10000000000207,-1,2024,5
SL,-1.0,-1.0700934579439256,21.399999999999864,1,2024,8
SL,-1.0,-1.0700934579439256,21.399999999999864,1,2024,8
SL,-1.0,-1.2678571428572234,5.599999999998317,-1,2024,8
TP,2.0,1.9137931034482791,17.40000000000066,-1,2024,9
TP,2.0,1.9395161290322627,24.800000000001887,1,2024,11
fuera,0.055472263868075036,0.03298350824588618,66.70000000000016,1,2024,13
SL,-1.0,-1.089285714285726,16.799999999997794,1,2024,22
TP,2.0,1.9210526315789465,18.999999999999773,-1,2024,23
TP,2.0,1.9305555555555582,21.60000000000082,-1,2024,0
SL,-1.0,-1.0511945392491457,29.300000000000637,-1,2024,1
SL,-1.0,-1.0511945392491457,29.300000000000637,-1,2024,1
SL,-1.0,-1.3947368421051498,3.8000000000010914,1,2024,2
SL,-1.0,-1.0432276657060544,34.699999999998,1,2024,6
SL,-1.0,-1.0914634146341375,16.40000000000157,1,2024,23
SL,-1.0,-1.0903614457831343,16.59999999999968,1,2024,0
SL,-1.0,-1.1249999999999953,12.000000000000455,-1,2024,0
SL,-1.0,-1.0967741935483863,15.500000000000114,1,2024,3
SL,-1.0,-1.1363636363636194,11.000000000001364,-1,2024,11
TP,2.0,1.5312499999997402,3.1999999999982265,1,2024,14
SL,-1.0,-1.0479233226837035,31.30000000000166,-1,2024,14
SL,-1.0,-1.0609756097560952,24.600000000000932,1,2024,15
SL,-1.0,-1.0533807829181483,28.10000000000059,-1,2024,17
SL,-1.0,-1.08108108108108,18.500000000000227,1,2024,18
SL,-1.0,-1.0842696629213495,17.799999999999727,-1,2024,19
fuera,0.12859767299449276,0.11941212492345792,163.30000000000098,1,2024,0
fuera,0.12859767299449276,0.11941212492345792,163.30000000000098,1,2024,0
fuera,0.12859767299449276,0.11941212492345792,163.30000000000098,1,2024,0
fuera,0.12859767299449276,0.11941212492345792,163.30000000000098,1,2024,0
fuera,0.12859767299449276,0.11941212492345792,163.30000000000098,1,2024,0
fuera,0.12859767299449276,0.11941212492345792,163.30000000000098,1,2024,0
fuera,0.12859767299449276,0.11941212492345792,163.30000000000098,1,2024,0
fuera,0.12859767299449276,0.11941212492345792,163.30000000000098,1,2024,0
SL,-1.0,-1.0765306122448988,19.599999999999795,-1,2024,1
SL,-1.0,-1.0126903553299493,118.1999999999988,1,2024,2
SL,-1.0,-1.0126903553299493,118.1999999999988,1,2024,2
SL,-1.0,-1.0281954887218054,53.19999999999823,-1,2024,4
TP,2.0,1.8880597014925258,13.399999999998613,-1,2024,0
SL,-1.0,-1.1071428571428676,13.999999999998636,1,2024,14
SL,-1.0,-1.0462962962962985,32.399999999998386,-1,2024,15
SL,-1.0,-1.0806451612903196,18.600000000000705,1,2024,4
SL,-1.0,-1.0806451612903196,18.600000000000705,1,2024,4
fuera,0.09302325581396374,0.034883720930238615,25.799999999998136,-1,2024,7
SL,-1.0,-1.0377833753148622,39.699999999999136,-1,2024,8
SL,-1.0,-1.0377833753148622,39.699999999999136,-1,2024,8
SL,-1.0,-1.0898203592814362,16.70000000000016,-1,2024,9
SL,-1.0,-1.0684931506849333,21.89999999999941,-1,2024,10
fuera,0.6631578947367591,0.6105263157893953,28.5000000000025,1,2024,11
fuera,0.6631578947367591,0.6105263157893953,28.5000000000025,1,2024,11
fuera,-0.30656934306570405,-0.34306569343066745,41.100000000000136,1,2024,13
SL,-1.0,-1.1219512195121764,12.300000000001887,-1,2024,22
TP,2.0,1.9420849420849453,25.900000000001455,1,2024,23
TP,2.0,1.9450549450549444,27.299999999999613,1,2024,0
TP,2.0,1.9409448818897617,25.399999999999068,1,2024,2
SL,-1.0,-1.0678733031674197,22.100000000000364,1,2024,1
SL,-1.0,-1.0590551181102317,25.40000000000191,-1,2024,2
SL,-1.0,-1.0531914893617,28.20000000000107,1,2024,16
SL,-1.0,-1.0531914893617,28.20000000000107,1,2024,16
SL,-1.0,-1.0731707317073227,20.49999999999841,-1,2024,20
SL,-1.0,-1.0731707317073227,20.49999999999841,-1,2024,20
SL,-1.0,-1.0535714285714284,28.000000000000114,1,2024,0
SL,-1.0,-1.0535714285714284,28.000000000000114,1,2024,0
SL,-1.0,-1.0446428571428592,33.59999999999843,-1,2024,1
SL,-1.0,-1.0446428571428592,33.59999999999843,-1,2024,1
TP,2.0,1.9519230769230786,31.200000000001182,1,2024,0
SL,-1.0,-1.0765306122448988,19.599999999999795,1,2024,0
TP,2.0,1.9079754601227055,16.30000000000109,-1,2024,2
SL,-1.0,-1.1162790697674503,12.899999999999068,1,2024,8
SL,-1.0,-1.057471264367817,26.099999999999568,-1,2024,8
SL,-1.0,-1.0412087912087906,36.40000000000043,-1,2024,9
SL,-1.0,-1.1401869158878513,10.699999999999932,1,2024,15
fuera,0.6618705035971448,0.6258992805755622,41.70000000000016,-1,2024,16
fuera,-0.12538226299693286,-0.17125382262996064,32.69999999999982,-1,2024,17
SL,-1.0,-1.0395778364116104,37.89999999999907,-1,2024,18
fuera,0.3600000000000341,0.3100000000000313,29.999999999998295,1,2024,19
SL,-1.0,-1.0485436893203888,30.89999999999975,1,2024,22
TP,2.0,1.965197215777263,43.10000000000116,1,2024,0
TP,2.0,1.965197215777263,43.10000000000116,1,2024,0
SL,-1.0,-1.0384615384615399,38.999999999998636,-1,2024,0
SL,-1.0,-1.0301204819277114,49.799999999999045,1,2024,1
SL,-1.0,-1.0276243093922648,54.30000000000064,-1,2024,1
SL,-1.0,-1.0276243093922648,54.30000000000064,-1,2024,1
SL,-1.0,-1.0334075723830747,44.899999999998386,1,2024,8
SL,-1.0,-1.0334075723830747,44.899999999998386,1,2024,8
SL,-1.0,-1.1898734177215005,7.900000000000773,1,2024,0
SL,-1.0,-1.0524475524475523,28.600000000000136,-1,2024,1
SL,-1.0,-1.0524475524475523,28.600000000000136,-1,2024,1
SL,-1.0,-1.0488599348534176,30.700000000001637,1,2024,4
SL,-1.0,-1.0181159420289854,82.8000000000003,-1,2024,8
SL,-1.0,-1.0181159420289854,82.8000000000003,-1,2024,8
SL,-1.0,-1.0414364640883984,36.19999999999948,1,2024,11
SL,-1.0,-1.0414364640883984,36.19999999999948,1,2024,11
SL,-1.0,-1.454545454545633,3.299999999998704,-1,2024,17
TP,2.0,1.955223880597016,33.500000000000796,1,2024,0
TP,2.0,1.955223880597016,33.500000000000796,1,2024,0
SL,-1.0,-1.069767441860464,21.50000000000034,-1,2024,1
TP,2.0,1.9249999999999958,19.999999999998863,1,2024,6
SL,-1.0,-1.1470588235294061,10.200000000000387,-1,2024,6
SL,-1.0,-1.044776119402984,33.500000000000796,1,2024,7
SL,-1.0,-1.067567567567565,22.20000000000084,-1,2024,17
SL,-1.0,-1.0728155339805865,20.599999999998886,1,2024,6
SL,-1.0,-1.0728155339805865,20.599999999998886,1,2024,6
TP,2.0,1.9642857142857157,42.00000000000159,-1,2024,6
SL,-1.0,-1.0503355704697983,29.800000000000182,1,2024,7
fuera,-0.4530201342282023,-0.47818791946310146,59.600000000000364,-1,2024,8
fuera,-0.4530201342282023,-0.47818791946310146,59.600000000000364,-1,2024,8
SL,-1.0,-1.0474683544303793,31.60000000000025,1,2024,9
SL,-1.0,-1.0337078651685399,44.49999999999932,-1,2024,14
fuera,1.029972752043506,0.9891008174386035,36.700000000001864,1,2024,0
SL,-1.0,-1.0535714285714284,28.000000000000114,1,2024,5
SL,-1.0,-1.0678733031674197,22.100000000000364,1,2024,6
SL,-1.0,-1.0678733031674197,22.100000000000364,1,2024,6
TP,2.0,1.9249999999999958,19.999999999998863,-1,2024,7
TP,2.0,1.9249999999999958,19.999999999998863,-1,2024,7
SL,-1.0,-1.0421348314606749,35.599999999999454,-1,2024,8
SL,-1.0,-1.03896103896104,38.49999999999909,1,2024,0
SL,-1.0,-1.03896103896104,38.49999999999909,1,2024,0
SL,-1.0,-1.03896103896104,38.49999999999909,1,2024,0
SL,-1.0,-1.0321199143468942,46.700000000001296,-1,2024,1
SL,-1.0,-1.0321199143468942,46.700000000001296,-1,2024,1
SL,-1.0,-1.0321199143468942,46.700000000001296,-1,2024,1
SL,-1.0,-1.1119402985074742,13.399999999998613,-1,2024,5
SL,-1.0,-1.0386597938144324,38.80000000000052,1,2024,7
SL,-1.0,-1.0707547169811262,21.20000000000175,1,2024,8
TP,2.0,1.9456521739130455,27.600000000001046,-1,2024,9
SL,-1.0,-1.1948051948051994,7.699999999999818,1,2024,0
TP,2.0,1.9627791563275452,40.300000000002,-1,2024,0
TP,2.0,1.9627791563275452,40.300000000002,-1,2024,0
SL,-1.0,-1.0694444444444509,21.599999999997976,1,2024,1
SL,-1.0,-1.0464396284829751,32.29999999999791,-1,2024,3
SL,-1.0,-1.0464396284829751,32.29999999999791,-1,2024,3
TP,2.0,1.9117647058823464,16.99999999999875,1,2024,5
TP,2.0,1.972577696526508,54.699999999999704,-1,2024,12
SL,-1.0,-1.1470588235294061,10.200000000000387,-1,2024,0
fuera,1.523125996810273,1.4992025518341958,62.69999999999811,-1,2024,0
fuera,0.4588235294117775,0.436764705882366,68.00000000000068,-1,2024,1
SL,-1.0,-1.0376884422110557,39.79999999999961,1,2024,0
SL,-1.0,-1.0393700787401574,38.10000000000002,1,2024,1
TP,2.0,1.9624060150375942,39.90000000000009,-1,2024,6
TP,2.0,1.8739495798319326,11.899999999999977,-1,2024,14
SL,-1.0,-1.021897810218978,68.50000000000023,-1,2024,16
SL,-1.0,-1.021897810218978,68.50000000000023,-1,2024,16
SL,-1.0,-1.0391644908616178,38.30000000000098,1,2024,17
SL,-1.0,-1.0391644908616178,38.30000000000098,1,2024,17
SL,-1.0,-1.0607287449392677,24.70000000000141,1,2024,3
TP,2.0,1.9282296650717714,20.90000000000032,-1,2024,5
SL,-1.0,-1.0178147268408555,84.19999999999845,-1,2024,13
SL,-1.0,-1.0178147268408555,84.19999999999845,-1,2024,13
SL,-1.0,-1.0178147268408555,84.19999999999845,-1,2024,13
TP,2.0,1.961928934010153,39.400000000000546,1,2024,15
TP,2.0,1.9723756906077352,54.30000000000064,1,2024,19
TP,2.0,1.9723756906077352,54.30000000000064,1,2024,19
SL,-1.0,-1.0980392156862617,15.300000000002001,-1,2024,1
SL,-1.0,-1.069767441860464,21.50000000000034,1,2024,5
TP,2.0,1.9627791563275427,40.29999999999916,1,2024,7
SL,-1.0,-1.0974025974025996,15.399999999999636,-1,2024,9
SL,-1.0,-1.06,25.0,1,2024,10
SL,-1.0,-1.0931677018633532,16.100000000000136,-1,2024,11
SL,-1.0,-1.0480769230769256,31.19999999999834,1,2024,12
SL,-1.0,-1.2777777777777672,5.400000000000205,-1,2024,12
SL,-1.0,-1.0579150579150547,25.900000000001455,-1,2024,16
SL,-1.0,-1.0460122699386512,32.59999999999934,-1,2024,0
SL,-1.0,-1.0427350427350428,35.09999999999991,1,2024,1
SL,-1.0,-1.0323275862068966,46.399999999999864,-1,2024,5
SL,-1.0,-1.0280373831775702,53.49999999999966,1,2024,8
SL,-1.0,-1.0630252100840338,23.799999999999955,1,2024,0
SL,-1.0,-1.0867052023121377,17.300000000000182,-1,2024,0
SL,-1.0,-1.0828729281767902,18.10000000000116,-1,2024,1
SL,-1.0,-1.0543478260869545,27.600000000001046,1,2024,8
TP,2.0,1.8818897637795364,12.700000000000955,-1,2024,10
SL,-1.0,-2.5000000000013642,0.9999999999990905,1,2024,13
fuera,1.3275862068965567,1.275862068965521,28.999999999999204,1,2024,14
fuera,1.3275862068965567,1.275862068965521,28.999999999999204,1,2024,14
SL,-1.0,-1.0641025641025694,23.399999999998045,-1,2024,14
TP,2.0,1.907407407407411,16.200000000000614,1,2024,1
TP,2.0,1.9242424242424163,19.799999999997908,1,2024,6
TP,2.0,1.93562231759656,23.299999999997567,1,2024,7
TP,2.0,1.9541284403669723,32.69999999999982,1,2024,12
TP,2.0,1.9541284403669723,32.69999999999982,1,2024,12
SL,-1.0,-1.0681818181818097,22.00000000000273,-1,2024,15
SL,-1.0,-1.0555555555555534,27.000000000001023,1,2024,16
SL,-1.0,-1.0710900473933607,21.100000000001273,1,2024,0
SL,-1.0,-1.0710900473933607,21.100000000001273,1,2024,0
SL,-1.0,-1.0638297872340465,23.499999999998522,-1,2024,1
TP,2.0,1.8636363636363806,11.000000000001364,-1,2024,2
SL,-1.0,-1.115384615384594,13.000000000002387,1,2024,3
fuera,0.44444444444444253,0.43548387096774005,167.40000000000066,1,2024,9
SL,-1.0,-1.0765306122448988,19.599999999999795,-1,2024,14
SL,-1.0,-1.1209677419354884,12.399999999999523,1,2024,0
SL,-1.0,-1.0427350427350428,35.09999999999991,-1,2024,13
TP,2.0,1.9440298507462688,26.800000000000068,1,2024,0
SL,-1.0,-1.1153846153846194,12.999999999999545,-1,2024,0
SL,-1.0,-1.0806451612903196,18.600000000000705,-1,2024,1
TP,2.0,1.9423076923076903,25.99999999999909,1,2024,2
SL,-1.0,-1.0306748466257667,48.90000000000043,1,2024,0
SL,-1.0,-1.0306748466257667,48.90000000000043,1,2024,0
SL,-1.0,-1.0306748466257667,48.90000000000043,1,2024,0
TP,2.0,1.899328859060384,14.899999999997249,-1,2024,4
SL,-1.0,-1.1315789473684488,11.39999999999759,-1,2024,5
SL,-1.0,-1.074257425742575,20.199999999999818,1,2024,2
SL,-1.0,-1.1260504201680674,11.899999999999977,-1,2024,9
SL,-1.0,-1.066964285714289,22.399999999998954,1,2024,11
SL,-1.0,-1.0700934579439256,21.399999999999864,-1,2024,14
SL,-1.0,-1.1685393258426993,8.899999999999864,1,2024,15
SL,-1.0,-1.067264573991036,22.299999999998477,-1,2024,16
SL,-1.0,-1.0993377483443827,15.099999999998204,-1,2024,17
TP,2.0,1.8672566371681412,11.299999999999955,1,2024,19
SL,-1.0,-1.1999999999999544,7.500000000001705,-1,2024,0
SL,-1.0,-1.17241379310347,8.699999999998909,1,2024,4
SL,-1.0,-1.1401869158878513,10.699999999999932,-1,2024,5
TP,2.0,1.9210526315789582,19.000000000002615,1,2024,12
TP,2.0,1.9210526315789582,19.000000000002615,1,2024,12
SL,-1.0,-1.1209677419354884,12.399999999999523,-1,2024,14
TP,2.0,1.984126984126984,94.49999999999932,1,2024,19
TP,2.0,1.984126984126984,94.49999999999932,1,2024,19
TP,2.0,1.776119402985099,6.700000000000728,-1,2024,0
TP,2.0,1.975884244372991,62.20000000000141,1,2024,2
TP,2.0,1.975884244372991,62.20000000000141,1,2024,2
TP,2.0,1.9197860962566895,18.700000000001182,-1,2024,0
SL,-1.0,-1.082417582417588,18.199999999998795,1,2024,0
SL,-1.0,-1.0638297872340388,23.500000000001364,-1,2024,1
SL,-1.0,-1.099999999999996,15.000000000000568,1,2024,0
SL,-1.0,-1.0819672131147573,18.299999999999272,-1,2024,1
TP,2.0,1.8611111111110799,10.799999999997567,-1,2024,0
SL,-1.0,-1.0431034482758639,34.79999999999848,1,2024,4
TP,2.0,1.9411764705882408,25.500000000002387,1,2024,0
SL,-1.0,-1.3191489361702329,4.699999999999704,-1,2024,0
TP,2.0,1.9162011173184368,17.900000000000205,1,2024,1
TP,2.0,1.9162011173184368,17.900000000000205,1,2024,1
SL,-1.0,-1.217391304347773,6.900000000001683,-1,2024,3
SL,-1.0,-1.151515151515124,9.900000000001796,1,2024,14
TP,2.0,1.754098360655766,6.100000000000705,-1,2024,22
fuera,0.1653543307087049,0.12598425196854746,38.10000000000002,1,2024,16
SL,-1.0,-1.0614754098360657,24.399999999999977,1,2024,0
TP,2.0,1.6666666666665741,4.4999999999987494,-1,2024,0
SL,-1.0,-1.0909090909090953,16.499999999999204,-1,2024,1
TP,2.0,1.8965517241379384,14.500000000001023,-1,2024,11
SL,-1.0,-1.7499999999996163,2.000000000001023,1,2024,14
TP,2.0,1.967602591792656,46.299999999999386,-1,2024,14
TP,2.0,1.967602591792656,46.299999999999386,-1,2024,14
TP,2.0,1.967602591792656,46.299999999999386,-1,2024,14
SL,-1.0,-1.0295857988165693,50.69999999999766,1,2024,15
SL,-1.0,-1.0295857988165693,50.69999999999766,1,2024,15
TP,2.0,1.9166666666666698,18.000000000000682,-1,2024,18
TP,2.0,1.9484536082474222,29.09999999999968,-1,2024,20
TP,2.0,1.9484536082474222,29.09999999999968,-1,2024,20
SL,-1.0,-1.042492917847028,35.29999999999802,-1,2024,0
SL,-1.0,-1.0498338870431867,30.100000000001614,-1,2024,1
SL,-1.0,-1.0663716814159294,22.59999999999991,1,2024,10
SL,-1.0,-1.0802139037433227,18.69999999999834,1,2024,13
TP,2.0,1.8000000000000456,7.500000000001705,-1,2024,13
SL,-1.0,-1.0329670329670342,45.49999999999841,1,2024,15
SL,-1.0,-1.0566037735849085,26.499999999998636,1,2024,16
SL,-1.0,-1.0566037735849085,26.499999999998636,1,2024,16
SL,-1.0,-1.1530612244897753,9.800000000001319,-1,2024,18
SL,-1.0,-1.1530612244897753,9.800000000001319,-1,2024,18
SL,-1.0,-1.0317796610169505,47.199999999998,1,2025,23
SL,-1.0,-1.0317796610169505,47.199999999998,1,2025,23
SL,-1.0,-1.0317796610169505,47.199999999998,1,2025,23
SL,-1.0,-1.1102941176470624,13.599999999999568,1,2025,0
TP,2.0,1.9565217391304346,34.499999999999886,-1,2025,0
TP,2.0,1.9565217391304346,34.499999999999886,-1,2025,0
TP,2.0,1.932432432432435,22.20000000000084,-1,2025,2
SL,-1.0,-1.5999999999998635,2.5000000000005684,1,2025,3
SL,-1.0,-1.1102941176470624,13.599999999999568,-1,2025,4
SL,-1.0,-1.0273722627737225,54.80000000000018,-1,2025,6
TP,2.0,1.9361702127659535,23.499999999998522,1,2025,7
SL,-1.0,-1.0283553875236298,52.899999999999636,1,2025,16
SL,-1.0,-1.0283553875236298,52.899999999999636,1,2025,16
TP,2.0,1.9475524475524477,28.600000000000136,-1,2025,17
SL,-1.0,-1.3571428571428437,4.200000000000159,1,2025,6
SL,-1.0,-1.117187499999987,12.800000000001432,-1,2025,7
TP,2.0,1.9210526315789465,18.999999999999773,1,2025,22
TP,2.0,1.9132947976878623,17.300000000000182,1,2025,23
SL,-1.0,-1.174418604651137,8.600000000001273,1,2025,0
SL,-1.0,-1.174418604651137,8.600000000001273,1,2025,0
SL,-1.0,-1.0619834710743827,24.199999999999022,-1,2025,0
TP,2.0,1.885496183206107,13.100000000000023,1,2025,1
SL,-1.0,-1.14423076923079,10.3999999999985,1,2025,5
SL,-1.0,-1.0684931506849333,21.89999999999941,1,2025,10
SL,-1.0,-1.0196850393700787,76.20000000000005,-1,2025,11
SL,-1.0,-1.0196850393700787,76.20000000000005,-1,2025,11
SL,-1.0,-1.0196850393700787,76.20000000000005,-1,2025,11
SL,-1.0,-1.0196850393700787,76.20000000000005,-1,2025,11
SL,-1.0,-1.0351288056206072,42.70000000000209,-1,2025,12
SL,-1.0,-1.0351288056206072,42.70000000000209,-1,2025,12
SL,-1.0,-1.0351288056206072,42.70000000000209,-1,2025,12
TP,2.0,1.9597855227882026,37.299999999999045,1,2025,13
fuera,1.289696969696979,1.2715151515151604,82.49999999999886,1,2025,14
fuera,1.289696969696979,1.2715151515151604,82.49999999999886,1,2025,14
fuera,1.289696969696979,1.2715151515151604,82.49999999999886,1,2025,14
SL,-1.0,-1.0409836065573788,36.599999999998545,1,2025,0
SL,-1.0,-1.0409836065573788,36.599999999998545,1,2025,0
SL,-1.0,-1.0409836065573788,36.599999999998545,1,2025,0
SL,-1.0,-1.0515463917525778,29.09999999999968,-1,2025,5
TP,2.0,1.8584905660377666,10.600000000002296,-1,2025,6
TP,2.0,1.8584905660377666,10.600000000002296,-1,2025,6
TP,2.0,1.605263157894555,3.7999999999982492,1,2025,7
SL,-1.0,-1.0501672240802664,29.90000000000066,-1,2025,7
SL,-1.0,-1.0862068965517349,17.399999999997817,-1,2025,8
TP,2.0,1.9380165289256246,24.200000000001864,1,2025,9
SL,-1.0,-1.0557620817843856,26.900000000000546,1,2025,0
TP,2.0,1.9157303370786505,17.799999999999727,-1,2025,11
SL,-1.0,-1.09803921568628,15.299999999999159,1,2025,12
SL,-1.0,-1.2586206896552048,5.799999999999272,1,2025,3
TP,2.0,1.9090909090909047,16.499999999999204,1,2025,4
SL,-1.0,-1.2999999999999319,5.000000000001137,-1,2025,4
SL,-1.0,-1.0819672131147573,18.299999999999272,-1,2025,12
SL,-1.0,-1.2941176470588944,5.099999999998772,1,2025,0
SL,-1.0,-1.0967741935483863,15.500000000000114,1,2025,4
TP,2.0,0.8461538461543103,1.300000000000523,-1,2025,5
SL,-1.0,-1.0249584026622296,60.09999999999991,-1,2025,8
SL,-1.0,-1.0249584026622296,60.09999999999991,-1,2025,8
SL,-1.0,-1.0249584026622296,60.09999999999991,-1,2025,8
TP,2.0,1.9511400651465778,30.699999999998795,1,2025,9
SL,-1.0,-1.0207756232686978,72.20000000000084,1,2025,13
TP,2.0,1.9542682926829273,32.800000000000296,-1,2025,13
fuera,0.4578313253011739,0.4126506024096067,33.19999999999936,1,2025,15
fuera,0.4578313253011739,0.4126506024096067,33.19999999999936,1,2025,15
fuera,-0.24999999999997663,-0.2746710526315554,60.80000000000041,-1,2025,15
fuera,0.12162162162162941,0.02027027027027542,14.799999999999613,1,2025,16
SL,-1.0,-1.0688073394495448,21.79999999999893,1,2025,23
TP,2.0,1.91428571428572,17.500000000001137,-1,2025,0
TP,2.0,1.91428571428572,17.500000000001137,-1,2025,0
SL,-1.0,-1.08571428571428,17.500000000001137,1,2025,1
SL,-1.0,-1.0354609929078014,42.30000000000018,-1,2025,1
SL,-1.0,-1.0354609929078014,42.30000000000018,-1,2025,1
SL,-1.0,-1.0700934579439256,21.399999999999864,1,2025,8
SL,-1.0,-1.0700934579439256,21.399999999999864,1,2025,8
SL,-1.0,-1.0294695481335945,50.900000000001455,-1,2025,9
SL,-1.0,-1.0294695481335945,50.900000000001455,-1,2025,9
SL,-1.0,-1.0357142857142843,42.00000000000159,1,2025,10
SL,-1.0,-1.037974683544303,39.50000000000102,1,2025,0
TP,2.0,1.6153846153844897,3.8999999999987267,-1,2025,0
SL,-1.0,-1.0253378378378386,59.199999999998454,-1,2025,1
SL,-1.0,-1.0253378378378386,59.199999999998454,-1,2025,1
SL,-1.0,-1.0253378378378386,59.199999999998454,-1,2025,1
SL,-1.0,-1.0253378378378386,59.199999999998454,-1,2025,1
SL,-1.0,-1.0588235294117658,25.499999999999545,1,2025,2
SL,-1.0,-1.0588235294117658,25.499999999999545,1,2025,2
SL,-1.0,-1.0581395348837188,25.800000000000978,1,2025,9
SL,-1.0,-1.0581395348837188,25.800000000000978,1,2025,9
SL,-1.0,-1.0663716814159294,22.59999999999991,1,2025,17
SL,-1.0,-1.1898734177215005,7.900000000000773,1,2025,0
SL,-1.0,-1.1898734177215005,7.900000000000773,1,2025,0
TP,2.0,1.8888888888888813,13.49999999999909,-1,2025,1
TP,2.0,1.8888888888888813,13.49999999999909,-1,2025,1
SL,-1.0,-1.8333333333333017,1.8000000000000682,1,2025,4
SL,-1.0,-1.1219512195121764,12.300000000001887,1,2025,5
TP,2.0,1.9471830985915477,28.39999999999918,-1,2025,5
TP,2.0,1.9471830985915477,28.39999999999918,-1,2025,5
TP,2.0,1.967462039045552,46.09999999999843,-1,2025,7
TP,2.0,1.967462039045552,46.09999999999843,-1,2025,7
TP,2.0,1.967462039045552,46.09999999999843,-1,2025,7
SL,-1.0,-1.0382653061224465,39.20000000000243,1,2025,8
SL,-1.0,-1.0382653061224465,39.20000000000243,1,2025,8
SL,-1.0,-1.0236593059936914,63.39999999999861,-1,2025,1
SL,-1.0,-1.0431034482758639,34.79999999999848,1,2025,4
TP,2.0,1.9271844660194135,20.599999999998886,1,2025,0
fuera,0.5663265306121997,0.5280612244897503,39.19999999999959,1,2025,14
TP,2.0,1.945255474452555,27.40000000000009,-1,2025,23
TP,2.0,1.945255474452555,27.40000000000009,-1,2025,23
SL,-1.0,-1.0397877984084871,37.700000000000955,-1,2025,0
SL,-1.0,-1.08108108108108,18.500000000000227,-1,2025,1
TP,2.0,1.9377593360995813,24.099999999998545,1,2025,4
SL,-1.0,-1.0819672131147573,18.299999999999272,1,2025,6
SL,-1.0,-1.1304347826087175,11.499999999998067,-1,2025,11
SL,-1.0,-1.1595744680851163,9.399999999999409,1,2025,12
SL,-1.0,-1.0134288272157566,111.69999999999902,1,2025,0
SL,-1.0,-1.0134288272157566,111.69999999999902,1,2025,0
SL,-1.0,-1.0134288272157566,111.69999999999902,1,2025,0
SL,-1.0,-1.0134288272157566,111.69999999999902,1,2025,0
TP,2.0,1.930232558139536,21.50000000000034,-1,2025,0
SL,-1.0,-1.0230414746543774,65.10000000000105,-1,2025,1
SL,-1.0,-1.033936651583712,44.199999999997885,-1,2025,2
SL,-1.0,-1.12,12.5,-1,2025,4
TP,2.0,1.5588235294120274,3.4000000000020236,-1,2025,14
SL,-1.0,-1.0426136363636358,35.20000000000039,1,2025,15
SL,-1.0,-1.0426136363636358,35.20000000000039,1,2025,15
SL,-1.0,-1.0426136363636358,35.20000000000039,1,2025,15
SL,-1.0,-1.0617283950617296,24.2999999999995,1,2025,16
SL,-1.0,-1.0617283950617296,24.2999999999995,1,2025,16
SL,-1.0,-1.0617283950617296,24.2999999999995,1,2025,16
TP,2.0,1.7222222222220864,5.3999999999973625,-1,2025,18
SL,-1.0,-1.2205882352940784,6.800000000001205,-1,2025,19
SL,-1.0,-1.1785714285714821,8.399999999997476,-1,2025,23
SL,-1.0,-1.1875000000000373,7.999999999998408,1,2025,0
SL,-1.0,-1.0566037735849085,26.499999999998636,1,2025,1
SL,-1.0,-1.1304347826087175,11.499999999998067,-1,2025,2
SL,-1.0,-1.1315789473684488,11.39999999999759,1,2025,4
TP,2.0,1.6938775510204493,4.900000000000659,-1,2025,5
SL,-1.0,-1.0882352941176536,16.99999999999875,-1,2025,9
SL,-1.0,-1.0769230769230795,19.499999999999318,1,2025,10
TP,2.0,1.8557692307692495,10.400000000001342,1,2025,13
SL,-1.0,-1.0700934579439256,21.399999999999864,-1,2025,13
SL,-1.0,-1.0700934579439256,21.399999999999864,-1,2025,13
SL,-1.0,-1.038560411311053,38.900000000001,-1,2025,16
SL,-1.0,-1.0624999999999976,24.00000000000091,1,2025,0
SL,-1.0,-1.0624999999999976,24.00000000000091,1,2025,0
SL,-1.0,-1.037974683544303,39.50000000000102,-1,2025,2
SL,-1.0,-1.037974683544303,39.50000000000102,-1,2025,2
SL,-1.0,-1.0161117078410309,93.10000000000116,-1,2025,3
SL,-1.0,-1.066964285714289,22.399999999998954,1,2025,4
SL,-1.0,-1.053003533568907,28.299999999998704,-1,2025,4
SL,-1.0,-1.0590551181102383,25.399999999999068,1,2025,5
SL,-1.0,-1.0418994413407816,35.80000000000041,1,2025,10
SL,-1.0,-2.2499999999999525,1.2000000000000455,-1,2025,12
SL,-1.0,-1.1470588235294061,10.200000000000387,1,2025,22
SL,-1.0,-1.1351351351351473,11.099999999999,-1,2025,23
SL,-1.0,-1.0477707006369394,31.400000000002137,-1,2025,0
SL,-1.0,-1.0477707006369394,31.400000000002137,-1,2025,0
SL,-1.0,-1.0477707006369394,31.400000000002137,-1,2025,0
TP,2.0,1.9218750000000029,19.200000000000728,1,2025,1
TP,2.0,1.9311926605504643,21.800000000001774,1,2025,2
TP,2.0,1.915254237288132,17.69999999999925,1,2025,3
SL,-1.0,-1.066079295154184,22.700000000000387,1,2025,4
TP,2.0,1.9411764705882342,25.499999999999545,-1,2025,6
SL,-1.0,-1.0192802056555272,77.79999999999916,-1,2025,8
SL,-1.0,-1.0255102040816328,58.799999999999386,-1,2025,9
SL,-1.0,-1.0255102040816328,58.799999999999386,-1,2025,9
TP,2.0,1.9628712871287126,40.399999999999636,1,2025,23
TP,2.0,1.9628712871287126,40.399999999999636,1,2025,23
TP,2.0,1.957020057306589,34.899999999998954,1,2025,0
SL,-1.0,-1.0412087912087906,36.40000000000043,1,2025,1
SL,-1.0,-1.1006711409395966,14.900000000000091,-1,2025,1
SL,-1.0,-1.0607287449392677,24.70000000000141,1,2025,3
SL,-1.0,-1.2205882352940784,6.800000000001205,1,2025,4
SL,-1.0,-1.0943396226415143,15.899999999999181,-1,2025,4
SL,-1.0,-1.1162790697674247,12.90000000000191,-1,2025,5
SL,-1.0,-1.0765306122448988,19.599999999999795,1,2025,7
SL,-1.0,-1.0721153846153852,20.79999999999984,-1,2025,12
SL,-1.0,-1.074257425742575,20.199999999999818,1,2025,0
TP,2.0,1.8051948051948006,7.699999999999818,-1,2025,1
TP,2.0,1.9249999999999958,19.999999999998863,-1,2025,3
SL,-1.0,-1.0308641975308648,48.599999999999,-1,2025,0
SL,-1.0,-1.0308641975308648,48.599999999999,-1,2025,0
SL,-1.0,-1.0308641975308648,48.599999999999,-1,2025,0
SL,-1.0,-1.0949367088607673,15.799999999998704,-1,2025,5
SL,-1.0,-1.0632911392405078,23.699999999999477,1,2025,11
SL,-1.0,-1.067567567567565,22.20000000000084,-1,2025,13
fuera,0.11780104712045897,0.0785340314136532,38.2000000000005,1,2025,18
fuera,-0.5555555555556335,-0.7407407407407792,8.100000000001728,-1,2025,18
TP,2.0,1.9409448818897617,25.399999999999068,1,2025,22
TP,2.0,1.9409448818897617,25.399999999999068,1,2025,22
SL,-1.0,-1.0322580645161288,46.50000000000034,1,2025,23
SL,-1.0,-1.0322580645161288,46.50000000000034,1,2025,23
SL,-1.0,-1.0421348314606715,35.6000000000023,1,2025,0
SL,-1.0,-1.1500000000000086,9.999999999999432,-1,2025,0
SL,-1.0,-1.0641025641025694,23.399999999998045,-1,2025,6
TP,2.0,1.9681528662420384,47.100000000000364,-1,2025,9
TP,2.0,1.9681528662420384,47.100000000000364,-1,2025,9
SL,-1.0,-1.0421348314606749,35.599999999999454,-1,2025,11
SL,-1.0,-1.0421348314606749,35.599999999999454,-1,2025,11
SL,-1.0,-1.0421348314606749,35.599999999999454,-1,2025,11
SL,-1.0,-1.0392670157068058,38.2000000000005,1,2025,18
SL,-1.0,-1.0392670157068058,38.2000000000005,1,2025,18
SL,-1.0,-1.0392670157068058,38.2000000000005,1,2025,18
SL,-1.0,-1.0301204819277114,49.799999999999045,1,2025,23
SL,-1.0,-1.0301204819277114,49.799999999999045,1,2025,23
SL,-1.0,-1.1171875000000129,12.79999999999859,1,2025,0
SL,-1.0,-1.1171875000000129,12.79999999999859,1,2025,0
SL,-1.0,-1.0519031141868536,28.899999999998727,-1,2025,1
SL,-1.0,-1.0519031141868536,28.899999999998727,-1,2025,1
SL,-1.0,-1.0353773584905654,42.40000000000066,1,2025,5
TP,2.0,1.9460431654676242,27.79999999999916,-1,2025,8
TP,2.0,1.9585635359116016,36.19999999999948,-1,2025,15
TP,2.0,1.9585635359116016,36.19999999999948,-1,2025,15
TP,2.0,1.97029702970297,50.499999999999545,-1,2025,0
TP,2.0,1.97029702970297,50.499999999999545,-1,2025,0
TP,2.0,1.97029702970297,50.499999999999545,-1,2025,0
TP,2.0,1.9395161290322558,24.799999999999045,-1,2025,1
SL,-1.0,-1.0418994413407816,35.80000000000041,-1,2025,1
SL,-1.0,-1.0465838509316767,32.20000000000027,1,2025,2
TP,2.0,1.94140625,25.600000000000023,1,2025,0
SL,-1.0,-1.0449101796407219,33.399999999997476,1,2025,10
TP,2.0,1.9358974358974383,23.400000000000887,-1,2025,12
SL,-1.0,-1.3333333333334259,4.4999999999987494,-1,2025,0
SL,-1.0,-1.1071428571428459,14.000000000001478,1,2025,1
SL,-1.0,-1.1162790697674503,12.899999999999068,-1,2025,1
SL,-1.0,-1.0643776824034323,23.30000000000041,1,2025,2
TP,2.0,1.8993288590604034,14.900000000000091,-1,2025,8
SL,-1.0,-1.1851851851852107,8.099999999998886,-1,2025,0
SL,-1.0,-1.0691244239631295,21.700000000001296,1,2025,1
TP,2.0,1.9210526315789465,18.999999999999773,1,2025,10
SL,-1.0,-1.0728155339805865,20.599999999998886,-1,2025,13
TP,2.0,1.9420849420849453,25.900000000001455,1,2025,15
TP,2.0,1.854368932038807,10.299999999998022,-1,2025,15
SL,-1.0,-1.1428571428571568,10.499999999998977,1,2025,20
TP,2.0,1.9673202614379086,45.90000000000032,1,2025,0
TP,2.0,1.9673202614379086,45.90000000000032,1,2025,0
TP,2.0,1.6511627906977262,4.300000000000637,1,2025,20
SL,-1.0,-1.0604838709677442,24.799999999999045,-1,2025,20
SL,-1.0,-1.2678571428572234,5.599999999998317,1,2025,21
fuera,0.7719298245613827,0.7390350877192787,45.60000000000173,-1,2025,0
fuera,0.7719298245613827,0.7390350877192787,45.60000000000173,-1,2025,0
fuera,0.7719298245613827,0.7390350877192787,45.60000000000173,-1,2025,0
TP,2.0,1.8780487804877954,12.299999999999045,1,2025,1
SL,-1.0,-1.0488599348534222,30.699999999998795,1,2025,2
SL,-1.0,-1.0488599348534222,30.699999999998795,1,2025,2
SL,-1.0,-1.0488599348534222,30.699999999998795,1,2025,2
SL,-1.0,-1.0802139037433227,18.69999999999834,-1,2025,6
TP,2.0,1.96103896103896,38.49999999999909,-1,2025,23
TP,2.0,1.936440677966099,23.599999999999,-1,2025,0
TP,2.0,1.936440677966099,23.599999999999,-1,2025,0
SL,-1.0,-1.0388601036269434,38.59999999999957,-1,2025,2
SL,-1.0,-1.1875000000000373,7.999999999998408,1,2025,4
SL,-1.0,-1.0533807829181483,28.10000000000059,1,2025,3
SL,-1.0,-1.0533807829181483,28.10000000000059,1,2025,3
SL,-1.0,-1.1376146788990713,10.900000000000887,1,2025,4
TP,2.0,1.9308755760368614,21.699999999998454,-1,2025,5
TP,2.0,1.9308755760368614,21.699999999998454,-1,2025,5
SL,-1.0,-1.10948905109489,13.700000000000045,-1,2025,6
SL,-1.0,-1.0612244897959173,24.500000000000455,1,2025,0
SL,-1.0,-1.0612244897959173,24.500000000000455,1,2025,0
SL,-1.0,-1.0383631713554995,39.09999999999911,1,2025,1
TP,2.0,1.9458483754512665,27.700000000001523,-1,2025,2
TP,2.0,1.9458483754512665,27.700000000001523,-1,2025,2
TP,2.0,1.9230769230769205,19.499999999999318,-1,2025,3
TP,2.0,1.9230769230769205,19.499999999999318,-1,2025,3
SL,-1.0,-1.0387596899224805,38.700000000000045,-1,2025,14
TP,2.0,1.9132947976878623,17.300000000000182,1,2025,15
TP,2.0,1.9285714285714313,21.000000000000796,-1,2025,23
TP,2.0,1.9395161290322558,24.799999999999045,-1,2025,0
TP,2.0,1.9395161290322558,24.799999999999045,-1,2025,0
fuera,-0.16927899686520126,-0.2163009404388665,31.900000000001683,-1,2025,17
SL,-1.0,-1.0485436893203888,30.89999999999975,1,2025,23
SL,-1.0,-1.0313152400835064,47.90000000000134,-1,2025,0
SL,-1.0,-1.0313152400835064,47.90000000000134,-1,2025,0
TP,2.0,1.9532710280373828,32.099999999999795,1,2025,1
TP,2.0,1.9532710280373828,32.099999999999795,1,2025,1
SL,-1.0,-1.0561797752808997,26.69999999999959,-1,2025,2
TP,2.0,1.9308755760368705,21.700000000001296,1,2025,5
SL,-1.0,-1.12396694214878,12.09999999999809,1,2025,6
SL,-1.0,-1.0630252100840338,23.799999999999955,1,2025,0
TP,2.0,1.9431818181818203,26.400000000001,-1,2025,2
TP,2.0,1.8192771084337314,8.29999999999984,1,2025,7
SL,-1.0,-1.02970297029703,50.499999999999545,-1,2025,7
TP,2.0,1.9361702127659612,23.500000000001364,1,2025,8
SL,-1.0,-1.0423728813559305,35.40000000000134,-1,2025,14
TP,2.0,1.970178926441351,50.29999999999859,1,2025,15
TP,2.0,1.970178926441351,50.29999999999859,1,2025,15
TP,2.0,1.8706896551724292,11.600000000001387,-1,2025,15
SL,-1.0,-1.047169811320753,31.800000000001205,1,2025,16
TP,2.0,1.9471830985915477,28.39999999999918,1,2025,0
SL,-1.0,-1.0828729281767902,18.10000000000116,-1,2025,0
fuera,0.2687747035573036,0.23913043478260004,50.60000000000002,1,2025,1
fuera,0.2687747035573036,0.23913043478260004,50.60000000000002,1,2025,1
SL,-1.0,-1.0517241379310358,28.999999999999204,1,2025,2
SL,-1.0,-1.0517241379310358,28.999999999999204,1,2025,2
SL,-1.0,-1.1229508196721456,12.199999999998568,-1,2025,3
SL,-1.0,-1.0379746835443056,39.49999999999818,-1,2025,16
SL,-1.0,-1.0643776824034323,23.30000000000041,-1,2025,18
SL,-1.0,-1.114503816793893,13.100000000000023,-1,2025,19
TP,2.0,1.9579831932773109,35.69999999999993,1,2025,0
TP,2.0,1.9579831932773109,35.69999999999993,1,2025,0
TP,2.0,1.9579831932773109,35.69999999999993,1,2025,0
TP,2.0,1.6739130434782061,4.599999999999227,-1,2025,1
SL,-1.0,-1.026881720430108,55.79999999999927,1,2025,8
SL,-1.0,-1.1181102362204636,12.700000000000955,-1,2025,9
SL,-1.0,-1.1181102362204636,12.700000000000955,-1,2025,9
SL,-1.0,-1.0372208436724573,40.29999999999916,1,2025,15
SL,-1.0,-1.0372208436724573,40.29999999999916,1,2025,15
SL,-1.0,-1.0192802056555272,77.79999999999916,-1,2025,0
SL,-1.0,-1.0192802056555272,77.79999999999916,-1,2025,0
SL,-1.0,-1.0192802056555272,77.79999999999916,-1,2025,0
TP,2.0,1.9650349650349628,42.89999999999736,1,2025,2
TP,2.0,1.9411764705882342,25.499999999999545,1,2025,6
TP,2.0,1.9411764705882342,25.499999999999545,1,2025,6
fuera,0.3446893787575694,0.3146292585170881,49.89999999999952,1,2025,7
fuera,0.3446893787575694,0.3146292585170881,49.89999999999952,1,2025,7
SL,-1.0,-1.038961038961037,38.50000000000193,-1,2025,9
TP,2.0,1.9295774647887303,21.299999999999386,-1,2025,23
SL,-1.0,-1.0371287128712874,40.399999999999636,-1,2025,0
SL,-1.0,-1.1102941176470624,13.599999999999568,1,2025,2
SL,-1.0,-1.7894736842102996,1.9000000000005457,1,2025,7
SL,-1.0,-1.0422535211267618,35.49999999999898,-1,2025,7
SL,-1.0,-1.1153846153846194,12.999999999999545,-1,2025,8
SL,-1.0,-1.0303643724696356,49.39999999999998,1,2025,10
SL,-1.0,-1.0357995226730325,41.89999999999827,1,2025,11
SL,-1.0,-1.0357995226730325,41.89999999999827,1,2025,11
TP,2.0,1.9546827794561918,33.099999999998886,-1,2025,13
TP,2.0,1.9546827794561918,33.099999999998886,-1,2025,13
SL,-1.0,-1.0468750000000009,31.999999999999318,1,2025,20
fuera,0.6805225653206864,0.6627078384798311,84.19999999999845,-1,2025,20
SL,-1.0,-1.0872093023255829,17.199999999999704,1,2025,0
SL,-1.0,-1.0872093023255829,17.199999999999704,1,2025,0
SL,-1.0,-1.044510385756678,33.69999999999891,1,2025,1
SL,-1.0,-1.044510385756678,33.69999999999891,1,2025,1
SL,-1.0,-1.0461538461538438,32.500000000001705,-1,2025,1
SL,-1.0,-1.0461538461538438,32.500000000001705,-1,2025,1
SL,-1.0,-1.031982942430704,46.89999999999941,-1,2025,11
SL,-1.0,-1.031982942430704,46.89999999999941,-1,2025,11
SL,-1.0,-1.1048951048951043,14.300000000000068,-1,2025,23
SL,-1.0,-1.0781250000000087,19.199999999997885,1,2025,1
TP,2.0,1.9278846153846148,20.79999999999984,-1,2025,1
SL,-1.0,-1.085227272727265,17.600000000001614,-1,2025,2
SL,-1.0,-1.0543478260869545,27.600000000001046,1,2025,9
SL,-1.0,-1.0543478260869545,27.600000000001046,1,2025,9
TP,2.0,1.9791666666666667,71.99999999999989,-1,2025,13
TP,2.0,1.9791666666666667,71.99999999999989,-1,2025,13
SL,-1.0,-1.0236593059936903,63.400000000001455,-1,2025,14
SL,-1.0,-1.0287907869481758,52.1000000000015,1,2025,15
SL,-1.0,-1.0510204081632635,29.400000000001114,1,2025,0
SL,-1.0,-1.0510204081632635,29.400000000001114,1,2025,0
TP,2.0,1.9557522123893802,33.899999999999864,-1,2025,1
TP,2.0,1.9557522123893802,33.899999999999864,-1,2025,1
TP,2.0,1.963680387409202,41.30000000000109,-1,2025,7
SL,-1.0,-1.1685393258426993,8.899999999999864,1,2025,8
TP,2.0,1.9448529411764688,27.199999999999136,-1,2025,9
TP,2.0,1.9271844660194235,20.600000000001728,-1,2025,0
TP,2.0,1.8888888888889048,13.500000000001933,1,2025,8
SL,-1.0,-1.02027027027027,74.00000000000091,-1,2025,13
SL,-1.0,-1.042492917847028,35.29999999999802,-1,2025,23
SL,-1.0,-1.0458715596330277,32.69999999999982,1,2025,0
SL,-1.0,-1.0458715596330277,32.69999999999982,1,2025,0
SL,-1.0,-1.0331125827814567,45.300000000000296,-1,2025,7
SL,-1.0,-1.0331125827814567,45.300000000000296,-1,2025,7
SL,-1.0,-1.0409836065573754,36.60000000000139,-1,2025,9
SL,-1.0,-1.0568181818181859,26.39999999999816,1,2025,10
SL,-1.0,-1.0545454545454533,27.50000000000057,-1,2025,1
SL,-1.0,-1.0746268656716338,20.100000000002183,1,2025,2
SL,-1.0,-1.2343750000000258,6.399999999999295,-1,2025,4
SL,-1.0,-1.3333333333334259,4.4999999999987494,1,2025,5
TP,2.0,1.9107142857142891,16.800000000000637,-1,2025,5
TP,2.0,1.9025974025974004,15.399999999999636,1,2025,8
SL,-1.0,-1.0892857142857109,16.800000000000637,-1,2025,11
SL,-1.0,-1.0445103857566742,33.70000000000175,-1,2025,12
TP,2.0,1.977744807121661,67.39999999999782,1,2025,17
TP,2.0,1.9372384937238505,23.900000000000432,1,2025,22
TP,2.0,1.9197860962566895,18.700000000001182,1,2025,0
SL,-1.0,-1.12396694214878,12.09999999999809,-1,2025,0
SL,-1.0,-1.1260504201680674,11.899999999999977,-1,2025,3
TP,2.0,1.9625000000000006,40.00000000000057,1,2025,5
TP,2.0,1.9625000000000006,40.00000000000057,1,2025,5
TP,2.0,1.9278846153846148,20.79999999999984,-1,2025,0
TP,2.0,1.9278846153846148,20.79999999999984,-1,2025,0
SL,-1.0,-1.1948051948051994,7.699999999999818,1,2025,1
SL,-1.0,-1.5999999999998635,2.5000000000005684,1,2025,3
SL,-1.0,-1.0555555555555534,27.000000000001023,-1,2025,3
SL,-1.0,-1.0717703349282286,20.90000000000032,-1,2025,4
SL,-1.0,-1.0717703349282286,20.90000000000032,-1,2025,4
TP,2.0,1.9308755760368614,21.699999999998454,1,2025,5
SL,-1.0,-1.045592705167176,32.89999999999793,1,2025,8
SL,-1.0,-1.0311850311850315,48.099999999999454,1,2025,11
SL,-1.0,-1.05859375,25.600000000000023,-1,2025,0
TP,2.0,1.9137931034482791,17.40000000000066,1,2025,3
SL,-1.0,-1.0537634408602157,27.899999999999636,-1,2025,0
SL,-1.0,-1.0474683544303793,31.60000000000025,1,2025,3
SL,-1.0,-1.0474683544303793,31.60000000000025,1,2025,3
SL,-1.0,-1.174418604651137,8.600000000001273,-1,2025,4
SL,-1.0,-1.1546391752577638,9.699999999997999,-1,2025,10
TP,2.0,1.9731182795698934,55.800000000002115,1,2025,11
TP,2.0,1.9731182795698934,55.800000000002115,1,2025,11
SL,-1.0,-1.2380952380951753,6.30000000000166,-1,2025,17
TP,2.0,1.9193548387096804,18.600000000000705,1,2025,21
SL,-1.0,-1.1388888888888835,10.80000000000041,-1,2025,0
SL,-1.0,-1.054744525547445,27.40000000000009,1,2025,1
TP,2.0,1.8920863309352596,13.900000000001,1,2025,17
SL,-1.0,-1.0819672131147573,18.299999999999272,-1,2025,0
TP,2.0,1.9342105263157838,22.799999999998022,1,2025,3
SL,-1.0,-1.0416666666666652,36.000000000001364,-1,2025,5
SL,-1.0,-1.044910179640718,33.40000000000032,1,2025,12
fuera,-0.35380384967918677,-0.3675527039413315,109.10000000000082,-1,2025,17
fuera,-0.35380384967918677,-0.3675527039413315,109.10000000000082,-1,2025,17
fuera,-0.35380384967918677,-0.3675527039413315,109.10000000000082,-1,2025,17
SL,-1.0,-1.05859375,25.600000000000023,-1,2025,22
SL,-1.0,-1.0678733031674197,22.100000000000364,-1,2025,23
SL,-1.0,-1.145631067961193,10.299999999998022,1,2025,0
SL,-1.0,-1.145631067961193,10.299999999998022,1,2025,0
TP,2.0,1.8387096774193856,9.300000000001774,-1,2025,4
TP,2.0,1.955089820359282,33.40000000000032,1,2025,6
SL,-1.0,-1.0678733031674283,22.09999999999752,-1,2025,13
fuera,0.7587064676616797,0.7213930348258603,40.20000000000152,1,2025,23
SL,-1.0,-1.3658536585366137,4.099999999999682,-1,2025,23
SL,-1.0,-1.106382978723411,14.099999999999113,1,2025,0
SL,-1.0,-1.1442307692307505,10.400000000001342,-1,2025,0
SL,-1.0,-1.0655021834061178,22.8999999999985,1,2025,2
SL,-1.0,-1.1041666666666627,14.400000000000546,1,2025,4
TP,2.0,1.9571428571428564,34.99999999999943,-1,2025,6
SL,-1.0,-1.4687500000002598,3.1999999999982265,1,2025,10
SL,-1.0,-1.0450450450450453,33.29999999999984,-1,2025,10
SL,-1.0,-1.0561797752808997,26.69999999999959,-1,2025,11
TP,2.0,1.9295774647887303,21.299999999999386,1,2025,21
TP,2.0,1.9471830985915477,28.39999999999918,1,2025,23
SL,-1.0,-1.1079136690647624,13.899999999998158,1,2025,0
TP,2.0,1.8863636363636407,13.2000000000005,-1,2025,0
SL,-1.0,-1.2678571428570873,5.60000000000116,-1,2025,3
TP,2.0,1.5714285714285297,3.499999999999659,1,2025,4
SL,-1.0,-1.0753768844221059,19.900000000001228,-1,2025,6
SL,-1.0,-1.0306748466257667,48.90000000000043,1,2025,12
SL,-1.0,-1.0306748466257667,48.90000000000043,1,2025,12
SL,-1.0,-1.1293103448275708,11.600000000001387,1,2025,10
TP,2.0,1.9275362318840557,20.699999999999363,-1,2025,11
SL,-1.0,-1.2419354838710326,6.19999999999834,1,2025,12
SL,-1.0,-1.1020408163265367,14.699999999999136,-1,2025,13
TP,2.0,1.9308755760368705,21.700000000001296,1,2025,14
SL,-1.0,-1.0454545454545476,32.99999999999841,1,2025,8
SL,-1.0,-1.2941176470587303,5.100000000001614,-1,2025,9
SL,-1.0,-1.2941176470587303,5.100000000001614,-1,2025,9
SL,-1.0,-1.0749999999999935,20.000000000001705,1,2025,10
SL,-1.0,-1.0749999999999935,20.000000000001705,1,2025,10
SL,-1.0,-1.0415512465373973,36.099999999999,-1,2025,11
TP,2.0,1.7000000000000681,5.000000000001137,1,2025,0
TP,2.0,1.933035714285711,22.399999999998954,-1,2025,0
TP,2.0,1.933035714285711,22.399999999998954,-1,2025,0
SL,-1.0,-1.0643776824034323,23.30000000000041,-1,2025,5
SL,-1.0,-1.0806451612903196,18.600000000000705,1,2025,13
SL,-1.0,-1.0806451612903196,18.600000000000705,1,2025,13
SL,-1.0,-1.1136363636363593,13.2000000000005,-1,2025,16
SL,-1.0,-1.1136363636363593,13.2000000000005,-1,2025,16
fuera,-0.21825396825398705,-0.27777777777779433,25.200000000000955,-1,2025,18
TP,2.0,1.9096385542168657,16.59999999999968,-1,2025,21
TP,2.0,1.9427480916030535,26.200000000000045,-1,2025,22
TP,2.0,1.9427480916030535,26.200000000000045,-1,2025,22
SL,-1.0,-1.0443786982248529,33.799999999999386,-1,2025,0
SL,-1.0,-1.0443786982248529,33.799999999999386,-1,2025,0
TP,2.0,1.9407114624505897,25.29999999999859,1,2025,12
TP,2.0,1.9407114624505897,25.29999999999859,1,2025,12
SL,-1.0,-1.1102941176470393,13.60000000000241,-1,2025,13
SL,-1.0,-1.1102941176470393,13.60000000000241,-1,2025,13
SL,-1.0,-1.0334821428571423,44.80000000000075,1,2025,15
SL,-1.0,-1.0334821428571423,44.80000000000075,1,2025,15
SL,-1.0,-1.101351351351354,14.799999999999613,1,2025,17
SL,-1.0,-1.1898734177215005,7.900000000000773,-1,2025,17
SL,-1.0,-1.1376146788990713,10.900000000000887,1,2025,18
TP,2.0,1.9218750000000029,19.200000000000728,-1,2025,19
SL,-1.0,-1.254237288135604,5.89999999999975,1,2025,0
SL,-1.0,-1.0604838709677442,24.799999999999045,-1,2025,0
SL,-1.0,-1.0781250000000087,19.199999999997885,1,2025,1
SL,-1.0,-1.05859375,25.600000000000023,-1,2025,3
SL,-1.0,-1.3333333333332154,4.500000000001592,1,2025,10
SL,-1.0,-1.0641025641025617,23.400000000000887,-1,2025,11
SL,-1.0,-1.1219512195122046,12.299999999999045,-1,2025,0
SL,-1.0,-1.1764705882353366,8.499999999997954,1,2025,1
TP,2.0,1.9380165289256173,24.199999999999022,-1,2025,6
TP,2.0,1.900000000000004,15.000000000000568,-1,2025,7
SL,-1.0,-1.1612903225806637,9.299999999998931,1,2025,10
SL,-1.0,-1.0714285714285687,21.000000000000796,-1,2025,11
TP,2.0,1.9278846153846148,20.79999999999984,1,2025,14
SL,-1.0,-1.1500000000000086,9.999999999999432,-1,2025,15
SL,-1.0,-1.0630252100840338,23.799999999999955,1,2025,16
SL,-1.0,-1.0630252100840338,23.799999999999955,1,2025,16
TP,2.0,1.9881703470031546,126.80000000000007,-1,2025,20
TP,2.0,1.9740484429065732,57.79999999999745,-1,2025,21
TP,2.0,1.9740484429065732,57.79999999999745,-1,2025,21
SL,-1.0,-1.0707547169811358,21.19999999999891,1,2025,1
TP,2.0,1.9712643678160915,52.199999999999136,-1,2025,3
SL,-1.0,-1.0119236883942766,125.80000000000098,-1,2025,10
TP,2.0,1.982290436835891,84.699999999998,1,2025,11
SL,-1.0,-1.0286806883365203,52.29999999999961,-1,2025,22
TP,2.0,1.9758454106280197,62.10000000000093,1,2025,23
SL,-1.0,-1.0237717908082409,63.10000000000002,1,2025,0
SL,-1.0,-1.0237717908082409,63.10000000000002,1,2025,0
SL,-1.0,-1.0269299820466793,55.699999999998795,-1,2025,6
SL,-1.0,-1.0232198142414854,64.6000000000015,1,2025,14
SL,-1.0,-1.036319612590798,41.30000000000109,-1,2025,14
SL,-1.0,-1.017462165308498,85.90000000000089,1,2025,15
TP,2.0,1.9581005586592184,35.80000000000041,-1,2025,0
SL,-1.0,-1.1048951048951043,14.300000000000068,1,2025,1
SL,-1.0,-1.0655021834061098,22.90000000000134,-1,2025,2
SL,-1.0,-1.0483870967741933,31.000000000000227,1,2025,4
SL,-1.0,-1.0597609561753045,25.099999999997635,1,2025,23
SL,-1.0,-1.0545454545454533,27.50000000000057,1,2025,0
SL,-1.0,-1.0301204819277114,49.799999999999045,-1,2025,0
SL,-1.0,-1.0301204819277114,49.799999999999045,-1,2025,0
SL,-1.0,-1.0678733031674283,22.09999999999752,1,2025,2
TP,2.0,1.9586776859504131,36.299999999999955,1,2025,4
SL,-1.0,-1.0320512820512828,46.79999999999893,-1,2025,4
SL,-1.0,-1.0320512820512828,46.79999999999893,-1,2025,4
SL,-1.0,-1.05859375,25.600000000000023,1,2025,5
SL,-1.0,-1.025125628140703,59.70000000000084,-1,2025,11
SL,-1.0,-1.044776119402984,33.500000000000796,-1,2025,12
TP,2.0,1.9788434414668548,70.90000000000032,1,2025,13
SL,-1.0,-1.0059713375796178,251.20000000000005,1,2025,17
SL,-1.0,-1.0371287128712874,40.399999999999636,1,2025,18
TP,2.0,1.9819927971188476,83.29999999999984,-1,2025,18
TP,2.0,1.9819927971188476,83.29999999999984,-1,2025,18
SL,-1.0,-1.0559701492537312,26.800000000000068,-1,2025,21
TP,2.0,1.9795918367346943,73.50000000000136,-1,2025,0
TP,2.0,1.968553459119497,47.70000000000039,-1,2025,10
TP,2.0,1.968553459119497,47.70000000000039,-1,2025,10
SL,-1.0,-1.0261324041811855,57.399999999998386,1,2025,12
TP,2.0,1.979310344827586,72.49999999999943,-1,2025,13
TP,2.0,1.979310344827586,72.49999999999943,-1,2025,13
SL,-1.0,-1.0372208436724548,40.300000000002,-1,2025,15
SL,-1.0,-1.0488599348534222,30.699999999998795,1,2025,17
SL,-1.0,-1.1428571428571568,10.499999999998977,1,2025,22
TP,2.0,1.969135802469137,48.60000000000184,-1,2025,23
SL,-1.0,-1.0364077669902907,41.200000000000614,-1,2025,0
SL,-1.0,-1.0443786982248529,33.799999999999386,1,2025,6
TP,2.0,1.9404761904761927,25.200000000000955,-1,2025,6
SL,-1.0,-1.0337078651685399,44.49999999999932,1,2025,17
SL,-1.0,-1.0488599348534176,30.700000000001637,-1,2025,21
TP,2.0,1.9633251833740823,40.89999999999918,-1,2025,22
SL,-1.0,-1.0178147268408548,84.2000000000013,-1,2025,0
SL,-1.0,-1.0178147268408548,84.2000000000013,-1,2025,0
SL,-1.0,-1.029126213592232,51.50000000000148,1,2025,12
TP,2.0,1.9662921348314624,44.50000000000216,-1,2025,13
TP,2.0,1.9662921348314624,44.50000000000216,-1,2025,13
SL,-1.0,-1.0445103857566742,33.70000000000175,1,2025,0
TP,2.0,1.930232558139536,21.50000000000034,-1,2025,1
TP,2.0,1.9285714285714313,21.000000000000796,-1,2025,3
SL,-1.0,-1.093750000000002,15.999999999999659,1,2025,4
SL,-1.0,-1.028248587570621,53.10000000000059,-1,2025,5
SL,-1.0,-1.0482315112540181,31.100000000000705,1,2025,6
TP,2.0,1.7321428571429127,5.60000000000116,1,2025,7
SL,-1.0,-1.041551246537394,36.10000000000184,-1,2025,20
fuera,-0.6580732700135531,-0.6784260515603646,73.69999999999948,1,2025,0
fuera,-0.6580732700135531,-0.6784260515603646,73.69999999999948,1,2025,0
SL,-1.0,-1.7499999999996163,2.000000000001023,-1,2025,0
SL,-1.0,-1.0728155339805865,20.599999999998886,1,2025,1
SL,-1.0,-1.069767441860464,21.50000000000034,-1,2025,13
SL,-1.0,-1.0761421319796944,19.700000000000273,1,2025,0
SL,-1.0,-1.3409090909092247,4.399999999998272,-1,2025,16
SL,-1.0,-1.0572519083969465,26.200000000000045,1,2025,21
TP,2.0,1.9621212121212108,39.59999999999866,-1,2025,22
TP,2.0,1.9621212121212108,39.59999999999866,-1,2025,22
TP,2.0,1.9157303370786505,17.799999999999727,-1,2025,23
TP,2.0,1.9627791563275427,40.29999999999916,-1,2025,0
SL,-1.0,-1.043352601156069,34.600000000000364,-1,2025,3
SL,-1.0,-1.0461538461538438,32.500000000001705,1,2025,8
SL,-1.0,-1.7500000000006821,1.999999999998181,-1,2025,18
TP,2.0,1.9122807017543966,17.10000000000207,1,2025,19
TP,2.0,1.9122807017543966,17.10000000000207,1,2025,19
SL,-1.0,-1.6000000000005457,2.4999999999977263,-1,2025,19
SL,-1.0,-1.0949367088607502,15.800000000001546,-1,2025,20
fuera,0.15930902111324047,0.1449136276391522,104.20000000000016,1,2025,21
fuera,0.15930902111324047,0.1449136276391522,104.20000000000016,1,2025,21
fuera,0.15930902111324047,0.1449136276391522,104.20000000000016,1,2025,21
fuera,0.15930902111324047,0.1449136276391522,104.20000000000016,1,2025,21
fuera,0.15930902111324047,0.1449136276391522,104.20000000000016,1,2025,21
TP,2.0,1.9275362318840557,20.699999999999363,-1,2025,22
TP,2.0,1.9275362318840557,20.699999999999363,-1,2025,22
SL,-1.0,-1.0237717908082409,63.10000000000002,-1,2025,0
SL,-1.0,-1.0237717908082409,63.10000000000002,-1,2025,0
SL,-1.0,-1.0237717908082409,63.10000000000002,-1,2025,0
SL,-1.0,-1.0304259634888442,49.2999999999995,-1,2025,1
TP,2.0,1.8972602739725932,14.599999999998658,1,2025,2
SL,-1.0,-1.038560411311053,38.900000000001,1,2025,3
SL,-1.0,-1.038560411311053,38.900000000001,1,2025,3
TP,2.0,1.955752212389384,33.900000000002706,1,2025,7
fuera,1.1420940170940612,1.1260683760684198,93.59999999999786,1,2025,13
SL,-1.0,-1.0493421052631575,30.400000000000205,1,2025,17
SL,-1.0,-1.0493421052631575,30.400000000000205,1,2025,17
TP,2.0,1.952380952380952,31.499999999999773,-1,2025,21
SL,-1.0,-1.0381679389312977,39.30000000000007,-1,2025,0
SL,-1.0,-1.5357142857144468,2.7999999999991587,1,2025,9
SL,-1.0,-1.066079295154184,22.700000000000387,-1,2025,12
fuera,-0.02124833997346514,-0.04116865869856436,75.30000000000143,1,2025,3
fuera,-0.02124833997346514,-0.04116865869856436,75.30000000000143,1,2025,3
fuera,-0.02124833997346514,-0.04116865869856436,75.30000000000143,1,2025,3
SL,-1.0,-1.0491803278688558,30.49999999999784,-1,2025,6
SL,-1.0,-1.034802784222737,43.10000000000116,-1,2025,10
SL,-1.0,-1.214285714285735,6.999999999999318,-1,2025,21
SL,-1.0,-1.0746268656716442,20.09999999999934,1,2025,22
SL,-1.0,-1.041095890410958,36.50000000000091,-1,2025,0
SL,-1.0,-1.0405405405405432,36.99999999999761,1,2025,1
SL,-1.0,-1.0405405405405432,36.99999999999761,1,2025,1
SL,-1.0,-1.0468750000000009,31.999999999999318,-1,2025,4
SL,-1.0,-1.0468750000000009,31.999999999999318,-1,2025,4
SL,-1.0,-1.074257425742575,20.199999999999818,1,2025,5
TP,2.0,1.9429657794676818,26.300000000000523,-1,2025,7
SL,-1.0,-1.0773195876288593,19.400000000001683,1,2025,12
TP,2.0,1.9578651685393285,35.6000000000023,-1,2025,13
SL,-1.0,-1.0597609561753045,25.099999999997635,1,2025,14
TP,2.0,1.9157303370786505,17.799999999999727,-1,2025,15
SL,-1.0,-1.2419354838709216,6.200000000001182,1,2025,16
SL,-1.0,-1.0576923076923097,25.99999999999909,-1,2025,18
TP,2.0,1.6153846153844897,3.8999999999987267,-1,2025,0
SL,-1.0,-1.0553505535055379,27.09999999999866,1,2025,1
TP,2.0,1.9416342412451373,25.7000000000005,1,2025,0
SL,-1.0,-1.067264573991036,22.299999999998477,1,2025,7
SL,-1.0,-1.1724137931034135,8.70000000000175,-1,2025,7
SL,-1.0,-1.0806451612903196,18.600000000000705,1,2025,8
SL,-1.0,-1.0617283950617296,24.2999999999995,-1,2025,13
SL,-1.0,-1.0714285714285783,20.999999999997954,1,2025,1
SL,-1.0,-1.1209677419354884,12.399999999999523,-1,2025,2
TP,2.0,1.9793388429752066,72.59999999999991,1,2025,3
SL,-1.0,-1.7142857142861705,2.0999999999986585,-1,2025,4
TP,2.0,1.9132947976878478,17.29999999999734,1,2025,5
TP,2.0,1.9132947976878478,17.29999999999734,1,2025,5
TP,2.0,1.9132947976878478,17.29999999999734,1,2025,5
SL,-1.0,-1.0273224043715843,54.90000000000066,1,2025,0
TP,2.0,1.9656750572082367,43.69999999999834,-1,2025,1
SL,-1.0,-1.0192307692307692,78.00000000000011,-1,2025,13
SL,-1.0,-1.0192307692307692,78.00000000000011,-1,2025,13
TP,2.0,1.9462365591397843,27.899999999999636,1,2025,14
TP,2.0,1.9462365591397843,27.899999999999636,1,2025,14
TP,2.0,1.9628712871287126,40.399999999999636,-1,2025,1
SL,-1.0,-1.0581395348837188,25.800000000000978,-1,2025,12
SL,-1.0,-1.106382978723411,14.099999999999113,1,2025,14
SL,-1.0,-1.0483870967741933,31.000000000000227,1,2025,0
SL,-1.0,-1.1595744680851163,9.399999999999409,-1,2025,4
TP,2.0,1.9625000000000006,40.00000000000057,-1,2025,7
TP,2.0,1.933920704845816,22.700000000000387,-1,2025,8
SL,-1.0,-1.0638297872340465,23.499999999998522,1,2025,9
SL,-1.0,-1.043352601156069,34.600000000000364,-1,2025,11
TP,2.0,1.981992797118848,83.30000000000268,1,2025,22
SL,-1.0,-1.1351351351351127,11.100000000001842,1,2025,0
SL,-1.0,-1.0646551724137934,23.199999999999932,-1,2025,6
TP,2.0,1.91428571428572,17.500000000001137,-1,2025,16
SL,-1.0,-1.0570342205323182,26.300000000000523,-1,2025,18
SL,-1.0,-1.0434782608695654,34.499999999999886,1,2025,19
SL,-1.0,-1.0434782608695654,34.499999999999886,1,2025,19
SL,-1.0,-1.0522648083623682,28.700000000000614,1,2025,0
SL,-1.0,-1.0383631713554995,39.09999999999911,-1,2025,1
SL,-1.0,-1.0383631713554995,39.09999999999911,-1,2025,1
TP,2.0,1.9264705882352866,20.39999999999793,1,2025,2
SL,-1.0,-1.1048951048951043,14.300000000000068,-1,2025,5
TP,2.0,1.9734513274336283,56.49999999999977,1,2025,6
TP,2.0,1.9734513274336283,56.49999999999977,1,2025,6
SL,-1.0,-1.0757575757575728,19.80000000000075,-1,2025,7
TP,2.0,1.9727767695099812,55.09999999999877,1,2025,8
TP,2.0,1.9727767695099812,55.09999999999877,1,2025,8
SL,-1.0,-1.0980392156862617,15.300000000002001,-1,2025,9
SL,-1.0,-1.0666666666666684,22.49999999999943,-1,2025,10
TP,2.0,1.974003466204506,57.69999999999982,1,2025,14
SL,-1.0,-1.0641025641025617,23.400000000000887,-1,2025,17
SL,-1.0,-1.1000000000000152,14.999999999997726,1,2025,23
fuera,0.6830265848670761,0.6523517382413095,48.90000000000043,-1,2025,0
SL,-1.0,-1.0765306122448988,19.599999999999795,1,2025,11
TP,2.0,1.825581395348863,8.600000000001273,-1,2025,21
TP,2.0,1.825581395348863,8.600000000001273,-1,2025,21
SL,-1.0,-1.0785340314136231,19.099999999997408,-1,2025,1
SL,-1.0,-1.0785340314136231,19.099999999997408,-1,2025,1
SL,-1.0,-1.0785340314136231,19.099999999997408,-1,2025,1
fuera,-0.5407040704070478,-0.5489548954895561,181.79999999999836,1,2025,7
fuera,-0.5407040704070478,-0.5489548954895561,181.79999999999836,1,2025,7
fuera,-0.5407040704070478,-0.5489548954895561,181.79999999999836,1,2025,7
SL,-1.0,-1.174418604651137,8.600000000001273,1,2025,0
TP,2.0,1.9278846153846148,20.79999999999984,-1,2025,1
SL,-1.0,-1.1209677419354884,12.399999999999523,1,2025,8
SL,-1.0,-1.1209677419354884,12.399999999999523,1,2025,8
SL,-1.0,-1.1209677419354884,12.399999999999523,1,2025,8
TP,2.0,1.9464285714285716,28.000000000000114,1,2025,9
TP,2.0,1.9464285714285716,28.000000000000114,1,2025,9
SL,-1.0,-1.0320512820512828,46.79999999999893,-1,2025,9
SL,-1.0,-1.0320512820512828,46.79999999999893,-1,2025,9
SL,-1.0,-1.0320512820512828,46.79999999999893,-1,2025,9
SL,-1.0,-1.3191489361702329,4.699999999999704,1,2025,0
TP,2.0,1.9719626168224298,53.49999999999966,-1,2025,0
SL,-1.0,-1.0721153846153852,20.79999999999984,1,2025,1
TP,2.0,1.9226804123711294,19.39999999999884,-1,2025,3
SL,-1.0,-1.0269299820466777,55.70000000000164,-1,2025,6
SL,-1.0,-1.0269299820466777,55.70000000000164,-1,2025,6
SL,-1.0,-1.0269299820466777,55.70000000000164,-1,2025,6
SL,-1.0,-1.0420168067226891,35.69999999999993,1,2025,7
SL,-1.0,-1.0420168067226891,35.69999999999993,1,2025,7
SL,-1.0,-1.0420168067226891,35.69999999999993,1,2025,7
SL,-1.0,-1.0281954887218039,53.20000000000107,-1,2025,0
SL,-1.0,-1.0281954887218039,53.20000000000107,-1,2025,0
SL,-1.0,-1.0517241379310358,28.999999999999204,1,2025,2
SL,-1.0,-1.0724637681159443,20.699999999999363,1,2025,11
fuera,-0.6407942238266939,-0.6678700361010621,55.400000000000205,1,2025,14
fuera,-0.6407942238266939,-0.6678700361010621,55.400000000000205,1,2025,14
SL,-1.0,-1.0649350649350664,23.099999999999454,1,2025,21
SL,-1.0,-1.0513698630136983,29.20000000000016,-1,2025,22
SL,-1.0,-1.0349650349650348,42.900000000000205,-1,2025,0
SL,-1.0,-1.0349650349650348,42.900000000000205,-1,2025,0
SL,-1.0,-1.0457317073170727,32.800000000000296,1,2025,1
SL,-1.0,-1.0457317073170727,32.800000000000296,1,2025,1
SL,-1.0,-1.050675675675672,29.60000000000207,1,2025,0
TP,2.0,1.9380165289256173,24.199999999999022,-1,2025,0
TP,2.0,1.9380165289256173,24.199999999999022,-1,2025,0
TP,2.0,1.9380165289256173,24.199999999999022,-1,2025,0
SL,-1.0,-1.0401069518716552,37.400000000002365,-1,2025,1
SL,-1.0,-1.0401069518716552,37.400000000002365,-1,2025,1
SL,-1.0,-1.0406504065040652,36.89999999999998,1,2025,2
SL,-1.0,-1.0388601036269434,38.59999999999957,-1,2025,5
SL,-1.0,-1.0583657587548627,25.7000000000005,1,2025,12
SL,-1.0,-1.092592592592589,16.200000000000614,1,2025,1
SL,-1.0,-1.0403225806451597,37.20000000000141,-1,2025,2
SL,-1.0,-1.099999999999996,15.000000000000568,1,2025,1
SL,-1.0,-1.0539568345323758,27.79999999999916,-1,2025,2
SL,-1.0,-1.156249999999994,9.600000000000364,-1,2025,16
SL,-1.0,-1.069767441860464,21.50000000000034,1,2025,17
SL,-1.0,-1.2054794520547734,7.30000000000075,1,2025,7
fuera,0.08728179551121426,0.06857855361595225,80.19999999999925,-1,2025,11
fuera,0.08728179551121426,0.06857855361595225,80.19999999999925,-1,2025,11
TP,2.0,1.4230769230771552,2.600000000001046,1,2025,21
TP,2.0,1.9498327759197336,29.90000000000066,-1,2025,22
SL,-1.0,-1.202702702702669,7.400000000001228,1,2025,23
SL,-1.0,-1.0470219435736652,31.900000000001683,-1,2025,0
SL,-1.0,-1.0479233226837035,31.30000000000166,-1,2025,1
SL,-1.0,-1.0479233226837035,31.30000000000166,-1,2025,1
TP,2.0,1.87603305785122,12.09999999999809,1,2025,3
TP,2.0,1.87603305785122,12.09999999999809,1,2025,3
SL,-1.0,-1.0777202072538812,19.300000000001205,1,2025,7
SL,-1.0,-1.04285714285714,35.000000000002274,-1,2025,0
SL,-1.0,-1.04285714285714,35.000000000002274,-1,2025,0
TP,2.0,1.9117647058823612,17.00000000000159,1,2025,1
TP,2.0,1.83516483516485,9.100000000000819,1,2025,3
TP,2.0,1.83516483516485,9.100000000000819,1,2025,3
TP,2.0,1.9681528662420384,47.100000000000364,1,2025,4
TP,2.0,1.963054187192116,40.59999999999775,1,2025,5
TP,2.0,1.963054187192116,40.59999999999775,1,2025,5
SL,-1.0,-1.0847457627118544,17.700000000002092,-1,2025,5
TP,2.0,1.9693877551020396,48.99999999999807,1,2025,6
SL,-1.0,-1.1153846153846194,12.999999999999545,-1,2025,9
SL,-1.0,-1.0607287449392748,24.699999999998568,1,2025,10
SL,-1.0,-1.066964285714289,22.399999999998954,1,2025,14
TP,2.0,1.782608695652227,6.900000000001683,-1,2025,14
SL,-1.0,-1.2499999999999905,6.000000000000227,-1,2025,17
TP,2.0,1.9450549450549444,27.299999999999613,1,2025,0
SL,-1.0,-1.0595238095238073,25.200000000000955,1,2025,1
SL,-1.0,-1.035046728971963,42.79999999999973,-1,2025,1
SL,-1.0,-1.0388601036269434,38.59999999999957,1,2025,2
SL,-1.0,-1.030241935483872,49.59999999999809,-1,2025,5
SL,-1.0,-1.0308008213552364,48.69999999999948,1,2025,0
TP,2.0,1.9704724409448824,50.80000000000098,-1,2025,1
fuera,0.6503067484662809,0.6273006134969553,65.19999999999868,-1,2025,12
SL,-1.0,-1.2173913043478626,6.89999999999884,1,2025,17
SL,-1.0,-1.2054794520547734,7.30000000000075,-1,2025,18
SL,-1.0,-1.0443786982248529,33.799999999999386,-1,2025,23
SL,-1.0,-1.08108108108108,18.500000000000227,1,2025,0
SL,-1.0,-1.0561797752808997,26.69999999999959,-1,2025,0
fuera,0.22629310344825448,0.19396551724135785,46.399999999999864,1,2025,1
SL,-1.0,-1.1086956521739313,13.79999999999768,-1,2025,12
TP,2.0,1.7794117647058292,6.799999999998363,1,2025,21
SL,-1.0,-1.1327433628318588,11.299999999999955,-1,2025,21
TP,2.0,1.9429657794676818,26.300000000000523,-1,2025,0
TP,2.0,1.9429657794676818,26.300000000000523,-1,2025,0
SL,-1.0,-1.1111111111110952,13.500000000001933,1,2025,1
TP,2.0,1.9278846153846148,20.79999999999984,-1,2025,5
TP,2.0,1.4000000000001365,2.5000000000005684,-1,2025,12
TP,2.0,1.9268292682926773,20.49999999999841,1,2025,13
TP,2.0,1.9367088607594998,23.70000000000232,1,2025,14
TP,2.0,1.9367088607594998,23.70000000000232,1,2025,14
SL,-1.0,-1.0898203592814362,16.70000000000016,-1,2025,14
SL,-1.0,-1.0898203592814362,16.70000000000016,-1,2025,14
SL,-1.0,-1.0678733031674197,22.100000000000364,1,2025,15
SL,-1.0,-1.0678733031674197,22.100000000000364,1,2025,15
SL,-1.0,-1.2999999999999319,5.000000000001137,-1,2025,15
SL,-1.0,-1.0862068965517209,17.40000000000066,1,2025,19
SL,-1.0,-1.0684931506849245,21.90000000000225,1,2025,0
SL,-1.0,-1.0684931506849245,21.90000000000225,1,2025,0
TP,2.0,1.8255813953488054,8.599999999998431,1,2025,1
TP,2.0,1.8255813953488054,8.599999999998431,1,2025,1
SL,-1.0,-1.0283553875236298,52.899999999999636,-1,2025,1
SL,-1.0,-1.0283553875236298,52.899999999999636,-1,2025,1
SL,-1.0,-1.0283553875236298,52.899999999999636,-1,2025,1
SL,-1.0,-1.0553505535055379,27.09999999999866,1,2025,4
SL,-1.0,-1.0208913649025073,71.79999999999893,-1,2025,12
SL,-1.0,-1.0208913649025073,71.79999999999893,-1,2025,12
SL,-1.0,-1.0268336314847943,55.89999999999975,-1,2025,14
SL,-1.0,-1.0467289719626172,32.099999999999795,-1,2025,12
TP,2.0,1.965197215777263,43.10000000000116,1,2025,14
SL,-1.0,-1.0364963503649633,41.100000000000136,1,2025,15
SL,-1.0,-1.0364963503649633,41.100000000000136,1,2025,15
SL,-1.0,-1.0337078651685399,44.49999999999932,-1,2025,16
SL,-1.0,-1.0337078651685399,44.49999999999932,-1,2025,16
TP,2.0,1.9222797927461188,19.300000000001205,1,2025,0
SL,-1.0,-1.1219512195122046,12.299999999999045,-1,2025,1
TP,2.0,1.9230769230769205,19.499999999999318,1,2025,2
SL,-1.0,-1.16483516483515,9.100000000000819,-1,2025,3
SL,-1.0,-1.1363636363636194,11.000000000001364,-1,2025,5
SL,-1.0,-1.0707547169811358,21.19999999999891,1,2025,6
SL,-1.0,-1.0707547169811358,21.19999999999891,1,2025,6
SL,-1.0,-1.1388888888888835,10.80000000000041,-1,2025,6
SL,-1.0,-1.0652173913043508,22.999999999998977,-1,2025,7
TP,2.0,1.906249999999998,15.999999999999659,1,2025,9
fuera,0.34981684981685934,0.32234432234433147,54.59999999999923,1,2025,12
SL,-1.0,-1.0418994413407816,35.80000000000041,1,2025,0
SL,-1.0,-1.0418994413407816,35.80000000000041,1,2025,0
SL,-1.0,-1.0378787878787865,39.6000000000015,-1,2025,1
SL,-1.0,-1.0378787878787865,39.6000000000015,-1,2025,1
SL,-1.0,-1.0986842105263244,15.199999999998681,1,2025,2
SL,-1.0,-1.1327433628318588,11.299999999999955,-1,2025,4
SL,-1.0,-1.3571428571428437,4.200000000000159,1,2025,7
TP,2.0,1.8837209302325753,12.90000000000191,1,2025,9
SL,-1.0,-1.2380952380952828,6.299999999998818,-1,2025,9
SL,-1.0,-1.1086956521739089,13.800000000000523,-1,2025,0
SL,-1.0,-1.025773195876289,58.19999999999936,1,2025,1
SL,-1.0,-1.025773195876289,58.19999999999936,1,2025,1
SL,-1.0,-1.025773195876289,58.19999999999936,1,2025,1
SL,-1.0,-1.0421348314606749,35.599999999999454,-1,2025,2
SL,-1.0,-1.0421348314606749,35.599999999999454,-1,2025,2
SL,-1.0,-1.0388601036269434,38.59999999999957,-1,2025,5
SL,-1.0,-1.0551470588235312,27.199999999999136,1,2025,0
TP,2.0,1.6052631578948502,3.8000000000010914,-1,2025,0
TP,2.0,1.907407407407411,16.200000000000614,1,2025,1
SL,-1.0,-1.0735294117647032,20.400000000000773,-1,2025,2
SL,-1.0,-1.0931677018633532,16.100000000000136,1,2025,6
SL,-1.0,-1.2777777777777672,5.400000000000205,-1,2025,11
SL,-1.0,-1.0367647058823515,40.800000000001546,1,2025,12
SL,-1.0,-1.0367647058823515,40.800000000001546,1,2025,12
TP,2.0,1.9795640326975472,73.39999999999804,-1,2025,12
TP,2.0,1.9581005586592184,35.80000000000041,-1,2025,15
TP,2.0,1.945848375451261,27.69999999999868,-1,2025,22
SL,-1.0,-1.1764705882352775,8.500000000000796,1,2025,0
TP,2.0,1.9503311258278133,30.19999999999925,-1,2025,0
TP,2.0,1.9062500000000147,16.0000000000025,-1,2025,2
SL,-1.0,-1.1500000000000086,9.999999999999432,1,2025,10
SL,-1.0,-1.033039647577094,45.39999999999793,-1,2025,12
SL,-1.0,-1.0967741935483863,15.500000000000114,-1,2025,0
TP,2.0,1.9411764705882342,25.499999999999545,1,2025,1
fuera,-0.11538461538461839,-0.1565934065934091,36.40000000000043,1,2025,9
TP,2.0,1.7058823529412697,5.100000000001614,-1,2025,9
SL,-1.0,-1.0390624999999984,38.400000000001455,1,2025,10
SL,-1.0,-1.0390624999999984,38.400000000001455,1,2025,10
SL,-1.0,-1.047619047619048,31.499999999999773,-1,2025,11
SL,-1.0,-1.047619047619048,31.499999999999773,-1,2025,11
SL,-1.0,-1.1086956521739089,13.800000000000523,-1,2025,18
SL,-1.0,-1.0335570469798676,44.69999999999743,1,2025,21
SL,-1.0,-1.0335570469798676,44.69999999999743,1,2025,21
SL,-1.0,-1.1327433628318588,11.299999999999955,-1,2025,21
SL,-1.0,-1.1327433628318588,11.299999999999955,-1,2025,21
SL,-1.0,-1.0749999999999935,20.000000000001705,1,2025,22
SL,-1.0,-1.0749999999999935,20.000000000001705,1,2025,22
SL,-1.0,-1.0765306122448988,19.599999999999795,-1,2025,22
SL,-1.0,-1.1271186440677714,11.800000000002342,1,2025,23
TP,2.0,1.9369747899159662,23.799999999999955,-1,2025,0
TP,2.0,1.9369747899159662,23.799999999999955,-1,2025,0
SL,-1.0,-1.0797872340425583,18.799999999998818,1,2025,1
SL,-1.0,-1.1239669421487508,12.100000000000932,1,2025,2
TP,2.0,1.9147727272727213,17.599999999998772,-1,2025,4
SL,-1.0,-1.0602409638554229,24.899999999999523,-1,2025,5
SL,-1.0,-1.0630252100840338,23.799999999999955,1,2025,6
SL,-1.0,-1.04901960784314,30.599999999998317,-1,2025,13
TP,2.0,1.9626865671641778,40.19999999999868,1,2025,14
TP,2.0,1.9358974358974383,23.400000000000887,1,2025,18
SL,-1.0,-1.0557620817843856,26.900000000000546,1,2025,19
SL,-1.0,-1.0892857142857109,16.800000000000637,-1,2025,20
SL,-1.0,-1.0382653061224465,39.20000000000243,1,2025,0
SL,-1.0,-1.0382653061224465,39.20000000000243,1,2025,0
TP,2.0,1.9218749999999913,19.199999999997885,-1,2025,1
SL,-1.0,-1.0487012987012998,30.799999999999272,-1,2025,3
TP,2.0,1.9197860962566895,18.700000000001182,1,2025,4
TP,2.0,1.8790322580645116,12.399999999999523,-1,2025,0
SL,-1.0,-1.3947368421051498,3.8000000000010914,1,2025,6
SL,-1.0,-1.1127819548872098,13.300000000000978,-1,2025,10
SL,-1.0,-1.0986842105263244,15.199999999998681,1,2025,12
SL,-1.0,-1.0638297872340465,23.499999999998522,-1,2025,15
fuera,1.301120448179277,1.2801120448179324,71.39999999999986,1,2025,18
fuera,1.301120448179277,1.2801120448179324,71.39999999999986,1,2025,18
fuera,1.301120448179277,1.2801120448179324,71.39999999999986,1,2025,18
SL,-1.0,-1.3333333333332154,4.500000000001592,1,2025,0
TP,2.0,1.9635036496350367,41.100000000000136,1,2025,1
SL,-1.0,-1.0789473684210535,18.999999999999773,1,2025,9
SL,-1.0,-1.4285714285711224,3.500000000002501,-1,2025,9
SL,-1.0,-1.0508474576271158,29.50000000000159,1,2025,10
SL,-1.0,-1.0986842105263244,15.199999999998681,-1,2025,13
SL,-1.0,-1.1111111111111187,13.49999999999909,1,2025,5
TP,2.0,1.6739130434784075,4.600000000002069,-1,2025,5
SL,-1.0,-1.157894736842107,9.499999999999886,-1,2025,6
TP,2.0,1.915254237288132,17.69999999999925,1,2025,11
SL,-1.0,-1.1898734177215005,7.900000000000773,-1,2025,13
fuera,0.8846153846154506,0.8021978021978627,18.199999999998795,1,2025,14
SL,-1.0,-1.0710900473933702,21.09999999999843,-1,2025,23
TP,2.0,1.9516129032258067,31.000000000000227,1,2025,0
TP,2.0,1.9516129032258067,31.000000000000227,1,2025,0
SL,-1.0,-1.1111111111110952,13.500000000001933,-1,2025,2
TP,2.0,1.9171270718232098,18.10000000000116,1,2025,3
TP,2.0,1.952076677316292,31.299999999998818,-1,2025,17
TP,2.0,1.8214285714285783,8.400000000000318,-1,2025,18
SL,-1.0,-1.0867052023121377,17.300000000000182,1,2025,22
TP,2.0,1.955089820359282,33.40000000000032,-1,2025,0
TP,2.0,1.955089820359282,33.40000000000032,-1,2025,0
SL,-1.0,-1.16483516483515,9.100000000000819,1,2025,2
SL,-1.0,-1.1595744680851163,9.399999999999409,-1,2025,3
SL,-1.0,-1.0986842105263244,15.199999999998681,1,2025,6
TP,2.0,1.9372384937238505,23.900000000000432,-1,2025,8
TP,2.0,1.933920704845816,22.700000000000387,1,2025,14
SL,-1.0,-1.057471264367817,26.099999999999568,-1,2025,16
SL,-1.0,-1.0617283950617225,24.300000000002342,-1,2025,1
TP,2.0,1.9242424242424272,19.80000000000075,1,2025,2
SL,-1.0,-1.1162790697674247,12.90000000000191,-1,2025,5
TP,2.0,1.9488054607508543,29.300000000000637,1,2025,6
SL,-1.0,-1.081521739130436,18.39999999999975,1,2025,10
SL,-1.0,-1.2999999999999319,5.000000000001137,-1,2025,11
SL,-1.0,-1.0937499999999853,16.0000000000025,1,2025,12
TP,2.0,1.8295454545454977,8.800000000002228,-1,2025,13
TP,2.0,1.8920863309352596,13.900000000001,-1,2025,15
SL,-1.0,-1.0691244239631386,21.699999999998454,1,2025,3
SL,-1.0,-1.0379746835443056,39.49999999999818,-1,2025,6
SL,-1.0,-1.0379746835443056,39.49999999999818,-1,2025,6
SL,-1.0,-1.0595238095238073,25.200000000000955,1,2025,22
SL,-1.0,-1.1136363636363593,13.2000000000005,1,2025,0
SL,-1.0,-1.032967032967032,45.50000000000125,-1,2025,1
SL,-1.0,-1.032967032967032,45.50000000000125,-1,2025,1
SL,-1.0,-1.1102941176470393,13.60000000000241,1,2025,4
SL,-1.0,-1.0781249999999971,19.200000000000728,-1,2025,22
SL,-1.0,-1.0781249999999971,19.200000000000728,-1,2025,22
SL,-1.0,-1.1034482758620818,14.499999999998181,1,2025,0
SL,-1.0,-1.1034482758620818,14.499999999998181,1,2025,0
TP,2.0,1.8958333333333373,14.400000000000546,-1,2025,0
SL,-1.0,-1.1851851851852107,8.099999999998886,1,2025,1
TP,2.0,1.9539877300613488,32.59999999999934,-1,2025,1
TP,2.0,1.9539877300613488,32.59999999999934,-1,2025,1
SL,-1.0,-1.0746268656716338,20.100000000002183,1,2025,2
TP,2.0,1.6153846153844897,3.8999999999987267,-1,2025,2
SL,-1.0,-1.0513698630136983,29.20000000000016,-1,2025,4
SL,-1.0,-1.0617283950617296,24.2999999999995,-1,2025,0
SL,-1.0,-1.0617283950617296,24.2999999999995,-1,2025,0
SL,-1.0,-1.0417827298050162,35.899999999998045,1,2025,1
SL,-1.0,-1.0417827298050162,35.899999999998045,1,2025,1
TP,2.0,1.9299065420560744,21.399999999999864,1,2025,5
SL,-1.0,-1.1546391752577185,9.700000000000841,-1,2025,5
TP,2.0,1.885496183206107,13.100000000000023,1,2025,6
SL,-1.0,-1.099337748344364,15.100000000001046,-1,2025,7
SL,-1.0,-1.0781249999999971,19.200000000000728,1,2025,8
TP,2.0,1.8404255319148837,9.399999999999409,-1,2025,9
SL,-1.0,-1.0511945392491457,29.300000000000637,1,2025,11
TP,2.0,1.788732394366191,7.099999999999795,-1,2025,16
SL,-1.0,-1.08571428571428,17.500000000001137,1,2025,3
SL,-1.0,-1.0943396226414974,15.900000000002024,-1,2025,6
fuera,-0.4602184087363483,-0.47191887675506894,128.20000000000107,1,2025,12
fuera,-0.4602184087363483,-0.47191887675506894,128.20000000000107,1,2025,12
fuera,-0.4602184087363483,-0.47191887675506894,128.20000000000107,1,2025,12
fuera,-0.4602184087363483,-0.47191887675506894,128.20000000000107,1,2025,12
fuera,-0.4602184087363483,-0.47191887675506894,128.20000000000107,1,2025,12
fuera,-0.4602184087363483,-0.47191887675506894,128.20000000000107,1,2025,12
fuera,-0.4602184087363483,-0.47191887675506894,128.20000000000107,1,2025,12
SL,-1.0,-1.0460122699386512,32.59999999999934,-1,2025,13
SL,-1.0,-1.0460122699386512,32.59999999999934,-1,2025,13
SL,-1.0,-1.084745762711868,17.69999999999925,-1,2025,0
SL,-1.0,-1.084745762711868,17.69999999999925,-1,2025,0
SL,-1.0,-1.0828729281768033,18.099999999998317,1,2025,1
TP,2.0,1.7656249999999742,6.399999999999295,1,2025,6
SL,-1.0,-1.082417582417588,18.199999999998795,-1,2025,6
fuera,0.05294117647067773,-0.03529411764697581,16.99999999999875,1,2025,7
SL,-1.0,-1.272727272727239,5.500000000000682,1,2025,0
TP,2.0,1.9514563106796112,30.89999999999975,1,2025,1
TP,2.0,1.9534161490683233,32.20000000000027,1,2025,2
TP,2.0,1.9534161490683233,32.20000000000027,1,2025,2
TP,2.0,1.9330357142857197,22.400000000001796,1,2025,8
SL,-1.0,-1.0738916256157625,20.300000000000296,1,2025,1
SL,-1.0,-1.0781250000000087,19.199999999997885,-1,2025,2
SL,-1.0,-1.0898203592814362,16.70000000000016,-1,2025,1
SL,-1.0,-1.0572519083969465,26.200000000000045,1,2025,2
TP,2.0,1.8170731707316932,8.199999999999363,-1,2025,22
SL,-1.0,-1.049668874172182,30.200000000002092,-1,2025,0
SL,-1.0,-1.049668874172182,30.200000000002092,-1,2025,0
TP,2.0,1.8818897637795364,12.700000000000955,1,2025,1
TP,2.0,1.9353448275862066,23.199999999999932,1,2025,2
SL,-1.0,-1.0837988826815632,17.900000000000205,1,2025,3
SL,-1.0,-1.0773195876288706,19.39999999999884,-1,2025,4
SL,-1.0,-1.211267605633809,7.099999999999795,-1,2025,1
SL,-1.0,-1.0549450549450556,27.299999999999613,1,2025,2
SL,-1.0,-1.0549450549450556,27.299999999999613,1,2025,2
SL,-1.0,-1.1829268292682436,8.200000000002206,-1,2025,3
TP,2.0,1.8571428571428432,10.499999999998977,-1,2025,4
fuera,0.30287206266321387,0.2637075718015961,38.30000000000098,1,2025,13
SL,-1.0,-1.3409090909090047,4.400000000001114,-1,2025,21
SL,-1.0,-1.0418994413407816,35.80000000000041,1,2025,22
SL,-1.0,-1.0545454545454533,27.50000000000057,-1,2025,23
SL,-1.0,-1.0418994413407816,35.80000000000041,-1,2025,0
SL,-1.0,-1.0418994413407816,35.80000000000041,-1,2025,0
SL,-1.0,-1.0418994413407816,35.80000000000041,-1,2025,0
TP,2.0,1.9469964664310984,28.300000000001546,1,2025,1
TP,2.0,1.9202127659574417,18.799999999998818,1,2025,2
TP,2.0,1.9202127659574417,18.799999999998818,1,2025,2
TP,2.0,1.9409448818897617,25.399999999999068,1,2025,15
TP,2.0,1.9409448818897617,25.399999999999068,1,2025,15
TP,2.0,1.3181818181824312,2.200000000001978,1,2025,0
SL,-1.0,-1.0761421319796944,19.700000000000273,1,2025,11
TP,2.0,1.7580645161290784,6.200000000001182,-1,2025,0
SL,-1.0,-1.0872093023255829,17.199999999999704,1,2025,3
fuera,0.37646076794656974,0.3639398998330473,119.80000000000075,1,2025,15
fuera,0.37646076794656974,0.3639398998330473,119.80000000000075,1,2025,15
fuera,0.37646076794656974,0.3639398998330473,119.80000000000075,1,2025,15
fuera,0.37646076794656974,0.3639398998330473,119.80000000000075,1,2025,15
fuera,0.37646076794656974,0.3639398998330473,119.80000000000075,1,2025,15
SL,-1.0,-1.0402144772117943,37.30000000000189,-1,2025,17
fuera,-0.2320000000000467,-0.2720000000000467,37.5,-1,2025,12
SL,-1.0,-1.0528169014084523,28.39999999999918,1,2025,21
SL,-1.0,-1.217391304347773,6.900000000001683,-1,2025,21
SL,-1.0,-1.0364077669902907,41.200000000000614,1,2025,22
SL,-1.0,-1.093750000000002,15.999999999999659,1,2025,6
TP,2.0,1.9597855227882057,37.30000000000189,-1,2025,6
TP,2.0,1.9597855227882057,37.30000000000189,-1,2025,6
SL,-1.0,-1.08108108108108,18.500000000000227,1,2025,7
TP,2.0,1.9372384937238505,23.900000000000432,-1,2025,8
TP,2.0,1.9318181818181814,21.999999999999886,-1,2025,11
SL,-1.0,-1.1388888888888835,10.80000000000041,-1,2025,6
TP,2.0,1.9668141592920352,45.19999999999982,-1,2025,12
TP,2.0,1.9668141592920352,45.19999999999982,-1,2025,12
TP,2.0,1.9372384937238505,23.900000000000432,1,2025,0
SL,-1.0,-1.0555555555555534,27.000000000001023,-1,2025,2
SL,-1.0,-1.0496688741721867,30.19999999999925,1,2025,5
SL,-1.0,-1.0717703349282286,20.90000000000032,-1,2025,11
SL,-1.0,-1.0297619047619035,50.40000000000191,-1,2025,1
SL,-1.0,-1.0297619047619035,50.40000000000191,-1,2025,1
TP,2.0,1.9475524475524477,28.600000000000136,1,2025,6
TP,2.0,1.9475524475524477,28.600000000000136,1,2025,6
TP,2.0,1.901315789473694,15.200000000001523,1,2025,21
SL,-1.0,-1.0842696629213495,17.799999999999727,-1,2025,22
SL,-1.0,-1.0842696629213495,17.799999999999727,-1,2025,22
SL,-1.0,-1.0684931506849333,21.89999999999941,1,2025,0
SL,-1.0,-1.1119402985074505,13.400000000001455,-1,2025,0
SL,-1.0,-1.1119402985074505,13.400000000001455,-1,2025,0
SL,-1.0,-1.0749999999999935,20.000000000001705,1,2025,1
SL,-1.0,-1.0749999999999935,20.000000000001705,1,2025,1
SL,-1.0,-1.0663716814159294,22.59999999999991,-1,2025,5
SL,-1.0,-1.117187499999987,12.800000000001432,-1,2025,10
SL,-1.0,-1.0765306122448988,19.599999999999795,-1,2025,0
TP,2.0,1.9567723342939491,34.70000000000084,1,2025,1
SL,-1.0,-2.5000000000013642,0.9999999999990905,-1,2025,1
SL,-1.0,-1.0802139037433105,18.700000000001182,-1,2025,2
SL,-1.0,-1.0802139037433105,18.700000000001182,-1,2025,2
SL,-1.0,-1.0837988826815632,17.900000000000205,1,2025,6
SL,-1.0,-1.0837988826815632,17.900000000000205,1,2025,6
SL,-1.0,-1.0837988826815632,17.900000000000205,1,2025,6
SL,-1.0,-1.0607287449392748,24.699999999998568,1,2025,0
TP,2.0,1.8660714285714224,11.199999999999477,-1,2025,1
SL,-1.0,-1.0381679389312977,39.30000000000007,-1,2025,0
SL,-1.0,-1.1190476190476146,12.600000000000477,1,2025,3
SL,-1.0,-1.1190476190476146,12.600000000000477,1,2025,3
SL,-1.0,-1.0630252100840338,23.799999999999955,-1,2025,6
TP,2.0,1.9214659685863884,19.10000000000025,1,2025,10
TP,2.0,1.9745331069609506,58.899999999999864,1,2025,12
TP,2.0,1.9745331069609506,58.899999999999864,1,2025,12
SL,-1.0,-1.1041666666666627,14.400000000000546,-1,2025,17
SL,-1.0,-1.0757575757575728,19.80000000000075,1,2025,2
TP,2.0,1.9068322981366468,16.100000000000136,1,2025,3
SL,-1.0,-1.0867052023121377,17.300000000000182,-1,2025,3
SL,-1.0,-1.0460122699386472,32.60000000000218,-1,2025,7
TP,2.0,1.9550898203592781,33.399999999997476,1,2025,8
SL,-1.0,-1.0943396226415143,15.899999999999181,-1,2025,0
SL,-1.0,-1.0545454545454591,27.499999999997726,1,2025,1
SL,-1.0,-1.2083333333334076,7.199999999997431,1,2025,12
fuera,0.6330275229357691,0.6253822629969313,196.20000000000175,-1,2025,12
fuera,0.6330275229357691,0.6253822629969313,196.20000000000175,-1,2025,12
fuera,0.6330275229357691,0.6253822629969313,196.20000000000175,-1,2025,12
fuera,1.3969754253308306,1.3686200378072009,52.899999999999636,-1,2025,13
fuera,1.3969754253308306,1.3686200378072009,52.899999999999636,-1,2025,13
SL,-1.0,-1.024752475247525,60.599999999999454,1,2025,14
SL,-1.0,-1.024752475247525,60.599999999999454,1,2025,14
SL,-1.0,-1.024752475247525,60.599999999999454,1,2025,14
SL,-1.0,-1.024752475247525,60.599999999999454,1,2025,14
fuera,1.5425531914893114,1.4893617021276113,28.20000000000107,-1,2025,16
fuera,0.10874704491723894,0.07328605200943768,42.30000000000018,-1,2025,19
fuera,0.10874704491723894,0.07328605200943768,42.30000000000018,-1,2025,19
fuera,0.10874704491723894,0.07328605200943768,42.30000000000018,-1,2025,19
SL,-1.0,-1.2999999999999319,5.000000000001137,-1,2025,22
TP,2.0,1.9344978165938822,22.8999999999985,1,2025,23
SL,-1.0,-1.0392670157068087,38.19999999999766,1,2025,0
SL,-1.0,-1.0392670157068087,38.19999999999766,1,2025,0
SL,-1.0,-1.1071428571428459,14.000000000001478,-1,2025,1
SL,-1.0,-1.052631578947369,28.49999999999966,1,2025,7
TP,2.0,1.9411764705882342,25.499999999999545,-1,2025,11
SL,-1.0,-1.0806451612903196,18.600000000000705,1,2025,12
TP,2.0,1.9395161290322558,24.799999999999045,-1,2025,12
TP,2.0,1.9157303370786505,17.799999999999727,-1,2025,16
TP,2.0,1.9514563106796112,30.89999999999975,1,2025,0
SL,-1.0,-1.2586206896552048,5.799999999999272,-1,2025,1
SL,-1.0,-1.1013513513513344,14.800000000002456,1,2025,2
SL,-1.0,-1.0510204081632684,29.399999999998272,1,2025,6
TP,2.0,1.9350649350649336,23.099999999999454,1,2025,7
TP,2.0,1.8598130841121487,10.699999999999932,-1,2025,13
SL,-1.0,-1.2343750000000258,6.399999999999295,1,2025,3
SL,-1.0,-1.1485148514851498,10.099999999999909,-1,2025,4
SL,-1.0,-1.4285714285711224,3.500000000002501,-1,2025,8
SL,-1.0,-1.0728155339805865,20.599999999998886,-1,2025,13
SL,-1.0,-1.1056338028169044,14.19999999999959,1,2025,14
TP,2.0,1.8369565217391535,9.200000000001296,1,2025,18
SL,-1.0,-1.036231884057972,41.39999999999873,1,2025,0
SL,-1.0,-1.036231884057972,41.39999999999873,1,2025,0
TP,2.0,1.934210526315792,22.800000000000864,-1,2025,4
TP,2.0,1.776119402985099,6.700000000000728,-1,2025,5
SL,-1.0,-1.033632286995516,44.599999999999795,-1,2025,6
SL,-1.0,-1.033632286995516,44.599999999999795,-1,2025,6
TP,2.0,1.8672566371681412,11.299999999999955,1,2025,7
SL,-1.0,-1.0426136363636358,35.20000000000039,1,2025,8
SL,-1.0,-1.0426136363636358,35.20000000000039,1,2025,8
fuera,1.2627906976744134,1.2279069767441815,43.00000000000068,1,2025,0
fuera,1.2627906976744134,1.2279069767441815,43.00000000000068,1,2025,0
SL,-1.0,-1.0568181818181797,26.400000000001,1,2025,5
SL,-1.0,-1.1190476190476146,12.600000000000477,-1,2025,6
SL,-1.0,-2.0000000000009095,1.4999999999986358,-1,2025,9
SL,-1.0,-1.0949367088607502,15.800000000001546,1,2025,10
SL,-1.0,-1.3947368421051498,3.8000000000010914,-1,2025,10
SL,-1.0,-1.0721153846153852,20.79999999999984,1,2025,12
TP,2.0,1.6739130434782061,4.599999999999227,-1,2025,12
SL,-1.0,-1.10948905109489,13.700000000000045,1,2025,22
TP,2.0,1.8706896551723975,11.599999999998545,-1,2025,23
TP,2.0,1.8101265822784995,7.900000000000773,-1,2025,0
SL,-1.0,-1.312499999999988,4.800000000000182,1,2025,3
SL,-1.0,-1.054744525547445,27.40000000000009,-1,2025,7
TP,2.0,1.7857142857143518,7.00000000000216,1,2025,10
TP,2.0,1.8993288590604034,14.900000000000091,1,2025,11
TP,2.0,1.8993288590604034,14.900000000000091,1,2025,11
SL,-1.0,-1.1898734177215686,7.899999999997931,-1,2025,11
SL,-1.0,-1.1898734177215686,7.899999999997931,-1,2025,11
SL,-1.0,-1.1079136690647404,13.900000000001,-1,2025,12
TP,2.0,1.9137931034482791,17.40000000000066,1,2025,14
TP,2.0,1.9137931034482791,17.40000000000066,1,2025,14
SL,-1.0,-1.0539568345323702,27.800000000002,1,2025,0
TP,2.0,1.915254237288132,17.69999999999925,1,2025,12
TP,2.0,1.915254237288132,17.69999999999925,1,2025,12
TP,2.0,1.9690082644628104,48.40000000000089,-1,2025,12
SL,-1.0,-1.066079295154184,22.700000000000387,1,2025,15
SL,-1.0,-1.066079295154184,22.700000000000387,1,2025,15
TP,2.0,1.9597855227882026,37.299999999999045,-1,2025,15
TP,2.0,1.9597855227882026,37.299999999999045,-1,2025,15
SL,-1.0,-1.1013513513513344,14.800000000002456,-1,2025,16
TP,2.0,1.8514851485148502,10.099999999999909,1,2025,0
TP,2.0,1.8514851485148502,10.099999999999909,1,2025,0
SL,-1.0,-1.0460122699386512,32.59999999999934,1,2025,1
TP,2.0,1.9079754601227055,16.30000000000109,-1,2025,6
TP,2.0,1.9079754601227055,16.30000000000109,-1,2025,6
SL,-1.0,-1.1171875000000129,12.79999999999859,1,2025,7
TP,2.0,1.9436090225563951,26.600000000001955,-1,2025,7
TP,2.0,1.9436090225563951,26.600000000001955,-1,2025,7
SL,-1.0,-1.0561797752808997,26.69999999999959,-1,2025,8
SL,-1.0,-1.0561797752808997,26.69999999999959,-1,2025,8
SL,-1.0,-1.0694444444444418,21.60000000000082,1,2025,10
SL,-1.0,-1.0349650349650348,42.900000000000205,-1,2025,0
SL,-1.0,-1.0349650349650348,42.900000000000205,-1,2025,0
fuera,0.3733333333333456,0.3447619047619158,52.499999999997726,1,2025,12
SL,-1.0,-1.0319148936170213,46.999999999999886,1,2025,13
SL,-1.0,-1.0319148936170213,46.999999999999886,1,2025,13
TP,2.0,1.872881355932198,11.7999999999995,1,2025,14
SL,-1.0,-1.0691244239631295,21.700000000001296,1,2025,15
SL,-1.0,-1.1339285714285776,11.199999999999477,-1,2025,15
SL,-1.0,-1.0943396226415143,15.899999999999181,1,2025,16
SL,-1.0,-1.3749999999998082,4.000000000002046,-1,2025,17
SL,-1.0,-1.7894736842102996,1.9000000000005457,1,2025,0
TP,2.0,1.9382716049382704,24.2999999999995,-1,2025,0
TP,2.0,1.934210526315792,22.800000000000864,-1,2025,1
TP,2.0,1.934210526315792,22.800000000000864,-1,2025,1
SL,-1.0,-1.1415094339622334,10.600000000002296,1,2025,5
SL,-1.0,-1.0694444444444418,21.60000000000082,-1,2025,7
TP,2.0,1.8404255319148837,9.399999999999409,1,2025,22
SL,-1.0,-1.099337748344364,15.100000000001046,-1,2025,23
SL,-1.0,-1.073891625615773,20.299999999997453,1,2025,0
SL,-1.0,-1.0607287449392748,24.699999999998568,-1,2025,1
SL,-1.0,-1.0607287449392748,24.699999999998568,-1,2025,1
SL,-1.0,-1.0717703349282286,20.90000000000032,1,2025,12
SL,-1.0,-1.2142857142856482,7.00000000000216,-1,2025,12
SL,-1.0,-1.1442307692307505,10.400000000001342,1,2025,13
SL,-1.0,-1.3947368421051498,3.8000000000010914,-1,2025,14
SL,-1.0,-1.0735294117647032,20.400000000000773,-1,2025,0
SL,-1.0,-1.12,12.5,1,2025,1
TP,2.0,1.958904109589039,36.49999999999807,-1,2025,1
SL,-1.0,-1.1153846153846194,12.999999999999545,-1,2025,5
TP,2.0,1.9385245901639343,24.399999999999977,-1,2025,0
SL,-1.0,-1.2054794520547734,7.30000000000075,1,2025,1
SL,-1.0,-1.156249999999994,9.600000000000364,-1,2025,6
SL,-1.0,-1.156249999999994,9.600000000000364,-1,2025,6
SL,-1.0,-1.050505050505051,29.699999999999704,1,2025,7
SL,-1.0,-1.211267605633809,7.099999999999795,1,2025,13
SL,-1.0,-1.057915057915061,25.899999999998613,-1,2025,14
SL,-1.0,-1.057915057915061,25.899999999998613,-1,2025,14
TP,2.0,1.9390243902438977,24.59999999999809,1,2025,15
SL,-1.0,-1.1119402985074505,13.400000000001455,1,2025,0
SL,-1.0,-1.2054794520548535,7.299999999997908,-1,2025,0
SL,-1.0,-1.1351351351351473,11.099999999999,-1,2025,2
TP,2.0,1.9321266968325803,22.100000000000364,1,2025,6
SL,-1.0,-1.0793650793650704,18.900000000002137,1,2025,10
SL,-1.0,-1.0793650793650704,18.900000000002137,1,2025,10
SL,-1.0,-1.085227272727265,17.600000000001614,-1,2025,12
SL,-1.0,-1.0417827298050129,35.90000000000089,1,2025,14
SL,-1.0,-1.0417827298050129,35.90000000000089,1,2025,14
SL,-1.0,-1.0785340314136116,19.10000000000025,1,2025,0
fuera,-0.035489410417849976,-0.04407555809959017,174.69999999999857,-1,2025,14
fuera,-0.035489410417849976,-0.04407555809959017,174.69999999999857,-1,2025,14
fuera,-0.035489410417849976,-0.04407555809959017,174.69999999999857,-1,2025,14
fuera,-0.035489410417849976,-0.04407555809959017,174.69999999999857,-1,2025,14
fuera,-0.035489410417849976,-0.04407555809959017,174.69999999999857,-1,2025,14
fuera,-0.035489410417849976,-0.04407555809959017,174.69999999999857,-1,2025,14
fuera,-0.035489410417849976,-0.04407555809959017,174.69999999999857,-1,2025,14
fuera,-0.035489410417849976,-0.04407555809959017,174.69999999999857,-1,2025,14
fuera,-0.035489410417849976,-0.04407555809959017,174.69999999999857,-1,2025,14
fuera,-0.035489410417849976,-0.04407555809959017,174.69999999999857,-1,2025,14
fuera,-0.4102564102564601,-0.5384615384615989,11.699999999999022,1,2025,19
SL,-1.0,-1.4285714285714703,3.499999999999659,-1,2025,21
TP,2.0,1.9347826086956492,22.999999999998977,1,2025,22
TP,2.0,1.932735426008964,22.299999999998477,1,2025,23
TP,2.0,1.932735426008964,22.299999999998477,1,2025,23
SL,-1.0,-1.1041666666666832,14.399999999997704,1,2025,0
SL,-1.0,-1.1041666666666832,14.399999999997704,1,2025,0
TP,2.0,1.8897058823529607,13.60000000000241,-1,2025,0
SL,-1.0,-1.1219512195122046,12.299999999999045,-1,2025,4
SL,-1.0,-1.1219512195122046,12.299999999999045,-1,2025,4
TP,2.0,1.9250000000000065,20.000000000001705,1,2025,14
SL,-1.0,-1.7894736842102996,1.9000000000005457,-1,2025,18
SL,-1.0,-1.4838709677418431,3.100000000000591,1,2025,19
TP,2.0,1.8809523809523854,12.600000000000477,1,2025,0
SL,-1.0,-1.0195822454308097,76.59999999999911,-1,2025,0
SL,-1.0,-1.0195822454308097,76.59999999999911,-1,2025,0
SL,-1.0,-1.0195822454308097,76.59999999999911,-1,2025,0
TP,2.0,1.9275362318840557,20.699999999999363,1,2025,1
TP,2.0,1.9275362318840557,20.699999999999363,1,2025,1
SL,-1.0,-1.1327433628318588,11.299999999999955,1,2025,4
SL,-1.0,-1.1327433628318588,11.299999999999955,1,2025,4
SL,-1.0,-1.0967741935483863,15.500000000000114,-1,2025,5
SL,-1.0,-1.0967741935483863,15.500000000000114,-1,2025,5
TP,2.0,1.7580645161289674,6.19999999999834,1,2025,17
TP,2.0,1.8170731707316932,8.199999999999363,1,2025,22
SL,-1.0,-1.117187499999987,12.800000000001432,-1,2025,22
TP,2.0,1.9222797927461188,19.300000000001205,-1,2025,0
SL,-1.0,-1.098684210526306,15.200000000001523,1,2025,1
SL,-1.0,-1.098684210526306,15.200000000001523,1,2025,1
SL,-1.0,-1.0765306122448988,19.599999999999795,-1,2025,3
SL,-1.0,-1.0765306122448988,19.599999999999795,-1,2025,3
SL,-1.0,-1.1829268292683068,8.199999999999363,1,2025,4
SL,-1.0,-1.0638297872340465,23.499999999998522,-1,2025,10
SL,-1.0,-1.0604838709677442,24.799999999999045,1,2025,12
TP,2.0,1.8972602739726132,14.6000000000015,1,2025,17
SL,-1.0,-1.0694444444444509,21.599999999997976,1,2025,1
SL,-1.0,-1.1351351351351127,11.100000000001842,-1,2025,1
SL,-1.0,-1.1363636363636194,11.000000000001364,-1,2025,2
SL,-1.0,-1.0753768844221168,19.899999999998386,1,2025,6
SL,-1.0,-1.31914893617004,4.700000000002547,-1,2025,10
SL,-1.0,-1.192307692307685,7.800000000000296,1,2025,11
SL,-1.0,-1.0781249999999971,19.200000000000728,1,2025,12
fuera,0.239583333333284,0.18749999999995265,28.80000000000109,-1,2025,13
TP,2.0,1.7794117647059216,6.800000000001205,1,2025,21
SL,-1.0,-1.1027397260274068,14.599999999998658,1,2025,22
SL,-1.0,-1.1304347826086854,11.50000000000091,1,2025,0
SL,-1.0,-1.1304347826086854,11.50000000000091,1,2025,0
SL,-1.0,-1.0374999999999994,40.00000000000057,-1,2025,2
SL,-1.0,-1.0374999999999994,40.00000000000057,-1,2025,2
SL,-1.0,-1.0374999999999994,40.00000000000057,-1,2025,2
SL,-1.0,-1.0374999999999994,40.00000000000057,-1,2025,2
SL,-1.0,-1.0931677018633532,16.100000000000136,1,2025,4
SL,-1.0,-1.0931677018633532,16.100000000000136,1,2025,4
TP,2.0,1.9305555555555582,21.60000000000082,1,2025,0
TP,2.0,1.9305555555555582,21.60000000000082,1,2025,0
TP,2.0,1.9572649572649572,35.09999999999991,1,2025,1
TP,2.0,1.9572649572649572,35.09999999999991,1,2025,1
TP,2.0,1.9572649572649572,35.09999999999991,1,2025,1
SL,-1.0,-1.0213371266002844,70.3000000000003,1,2025,7
SL,-1.0,-1.0464396284829711,32.30000000000075,-1,2025,14
TP,2.0,1.9625935162094745,40.099999999998204,-1,2025,7
TP,2.0,1.932432432432435,22.20000000000084,1,2025,1
SL,-1.0,-1.1260504201680674,11.899999999999977,1,2025,12
fuera,-0.10321864594893256,-0.1198668146503752,90.10000000000105,-1,2025,12
fuera,-0.10321864594893256,-0.1198668146503752,90.10000000000105,-1,2025,12
fuera,-0.10321864594893256,-0.1198668146503752,90.10000000000105,-1,2025,12
SL,-1.0,-1.036674816625915,40.900000000002024,-1,2025,13
SL,-1.0,-1.036674816625915,40.900000000002024,-1,2025,13
SL,-1.0,-1.0612244897959173,24.500000000000455,-1,2025,15
fuera,0.7917981072554278,0.7444794952680471,31.700000000000728,1,2025,16
fuera,0.7917981072554278,0.7444794952680471,31.700000000000728,1,2025,16
fuera,-0.36815920398017266,-0.4427860696518169,20.09999999999934,1,2025,18
TP,2.0,1.6249999999999254,3.999999999999204,-1,2025,22
TP,2.0,1.9367088607594922,23.699999999999477,-1,2025,0
TP,2.0,1.9367088607594922,23.699999999999477,-1,2025,0
TP,2.0,1.9553571428571446,33.60000000000127,-1,2025,6
TP,2.0,1.9553571428571446,33.60000000000127,-1,2025,6
SL,-1.0,-1.0496688741721867,30.19999999999925,-1,2025,7
SL,-1.0,-1.2631578947368978,5.699999999998795,1,2025,10
SL,-1.0,-1.0806451612903196,18.600000000000705,1,2025,0
TP,2.0,1.9397590361445771,24.899999999999523,-1,2025,4
SL,-1.0,-1.0211565585331452,70.90000000000032,-1,2025,8
SL,-1.0,-1.0757575757575728,19.80000000000075,1,2025,12
SL,-1.0,-1.2777777777777672,5.400000000000205,-1,2025,0
SL,-1.0,-1.0643776824034323,23.30000000000041,1,2025,6
SL,-1.0,-1.0338600451467281,44.29999999999836,1,2025,12
SL,-1.0,-1.1685393258426993,8.899999999999864,-1,2025,1
TP,2.0,1.9019607843137383,15.300000000002001,1,2025,5
SL,-1.0,-1.092592592592589,16.200000000000614,1,2025,6
SL,-1.0,-1.1239669421487508,12.100000000000932,1,2025,9
fuera,-0.17972350230417322,-0.20276497695855072,65.10000000000105,-1,2025,12
fuera,-0.17972350230417322,-0.20276497695855072,65.10000000000105,-1,2025,12
SL,-1.0,-1.0769230769230795,19.499999999999318,1,2025,14
SL,-1.0,-1.0785340314136116,19.10000000000025,-1,2025,14
SL,-1.0,-1.1351351351351127,11.100000000001842,-1,2025,16
SL,-1.0,-1.062761506276157,23.89999999999759,1,2025,17
TP,2.0,1.7692307692307612,6.499999999999773,1,2025,0
SL,-1.0,-1.2678571428570873,5.60000000000116,-1,2025,2
SL,-1.0,-1.2678571428570873,5.60000000000116,1,2025,4
fuera,-0.5653153153152768,-0.5990990990990614,44.39999999999884,1,2025,8
SL,-1.0,-1.499999999999981,3.0000000000001137,-1,2025,8
SL,-1.0,-1.214285714285735,6.999999999999318,1,2025,9
SL,-1.0,-1.12,12.5,-1,2025,17
SL,-1.0,-1.0624999999999976,24.00000000000091,1,2025,21
SL,-1.0,-1.2307692307692388,6.499999999999773,-1,2025,21
SL,-1.0,-1.223880597014901,6.700000000000728,1,2025,22
TP,2.0,1.8928571428571324,13.999999999998636,-1,2025,0
SL,-1.0,-1.1704545454545574,8.799999999999386,-1,2025,3
TP,2.0,1.7656249999999742,6.399999999999295,1,2025,4
SL,-1.0,-1.1260504201680674,11.899999999999977,1,2025,5
SL,-1.0,-1.2380952380952828,6.299999999998818,-1,2025,9
SL,-1.0,-1.1612903225806637,9.299999999998931,1,2025,0
TP,2.0,1.9193548387096804,18.600000000000705,-1,2025,1
TP,2.0,1.9253731343283662,20.100000000002183,-1,2025,2
TP,2.0,1.9253731343283662,20.100000000002183,-1,2025,2
SL,-1.0,-1.1851851851852107,8.099999999998886,1,2025,3
SL,-1.0,-1.3409090909090047,4.400000000001114,1,2025,4
TP,2.0,1.8695652173912825,11.499999999998067,-1,2025,4
SL,-1.0,-1.117187499999987,12.800000000001432,-1,2025,6
SL,-1.0,-1.0461538461538478,32.49999999999886,1,2025,0
SL,-1.0,-1.1293103448275708,11.600000000001387,-1,2025,10
SL,-1.0,-1.1376146788990713,10.900000000000887,-1,2025,20
SL,-1.0,-1.1229508196721456,12.199999999998568,-1,2025,1
TP,2.0,1.9242424242424163,19.799999999997908,1,2025,3
SL,-1.0,-1.0909090909090797,16.500000000002046,1,2025,4
SL,-1.0,-1.0819672131147573,18.299999999999272,1,2025,5
SL,-1.0,-1.283018867924543,5.299999999999727,-1,2025,5
SL,-1.0,-1.192307692307685,7.800000000000296,1,2025,6
SL,-1.0,-1.0485436893203888,30.89999999999975,-1,2025,7
SL,-1.0,-1.0485436893203888,30.89999999999975,-1,2025,7
SL,-1.0,-1.03579952267303,41.900000000001114,1,2025,12
SL,-1.0,-1.03579952267303,41.900000000001114,1,2025,12
SL,-1.0,-1.03579952267303,41.900000000001114,1,2025,12
TP,2.0,1.9282296650717714,20.90000000000032,-1,2025,13
SL,-1.0,-1.0592885375494037,25.300000000001432,1,2025,3
SL,-1.0,-1.0405405405405432,36.99999999999761,-1,2025,3
SL,-1.0,-1.0405405405405432,36.99999999999761,-1,2025,3
TP,2.0,1.9539877300613488,32.59999999999934,1,2025,4
TP,2.0,1.9539877300613488,32.59999999999934,1,2025,4
SL,-1.0,-1.1456310679611528,10.300000000000864,-1,2025,4
fuera,0.26562500000001965,0.22656250000001824,38.39999999999861,1,2025,6
fuera,0.26562500000001965,0.22656250000001824,38.39999999999861,1,2025,6
TP,2.0,1.8760330578512492,12.100000000000932,-1,2025,12
SL,-1.0,-1.254237288135604,5.89999999999975,1,2025,0
SL,-1.0,-1.0898203592814362,16.70000000000016,1,2025,2
SL,-1.0,-1.0898203592814362,16.70000000000016,1,2025,2
TP,2.0,1.7115384615385776,5.200000000002092,-1,2025,5
TP,2.0,1.7115384615385776,5.200000000002092,-1,2025,5
TP,2.0,1.917582417582425,18.200000000001637,-1,2025,6
SL,-1.0,-1.3947368421051498,3.8000000000010914,1,2025,8
SL,-1.0,-1.2307692307692388,6.499999999999773,-1,2025,11
SL,-1.0,-1.1851851851852107,8.099999999998886,-1,2025,1
SL,-1.0,-1.0797872340425583,18.799999999998818,1,2025,2
TP,2.0,1.8584905660377666,10.600000000002296,-1,2025,3
TP,2.0,1.9420849420849453,25.900000000001455,1,2025,0
TP,2.0,1.8648648648648873,11.100000000001842,1,2025,3
SL,-1.0,-1.258620689655078,5.800000000002115,-1,2025,4
TP,2.0,1.9202127659574417,18.799999999998818,1,2025,6
TP,2.0,1.939759036144584,24.900000000002365,1,2025,8
SL,-1.0,-1.5357142857144468,2.7999999999991587,-1,2025,8
SL,-1.0,-1.5357142857144468,2.7999999999991587,-1,2025,8
TP,2.0,1.7794117647059216,6.800000000001205,1,2025,9
TP,2.0,1.8695652173913146,11.50000000000091,1,2025,10
TP,2.0,1.8695652173913146,11.50000000000091,1,2025,10
fuera,0.5927601809954663,0.5588235294117565,44.20000000000073,1,2025,12
SL,-1.0,-1.1630434782608465,9.200000000001296,1,2025,21
TP,2.0,1.9385245901639343,24.399999999999977,-1,2025,0
TP,2.0,1.9385245901639343,24.399999999999977,-1,2025,0
SL,-1.0,-1.416666666666651,3.6000000000001364,1,2025,2
TP,2.0,1.9257425742574354,20.20000000000266,-1,2025,5
SL,-1.0,-1.2884615384614224,5.200000000002092,1,2025,7
SL,-1.0,-1.1666666666666603,9.000000000000341,-1,2025,8
SL,-1.0,-1.0622406639004114,24.100000000001387,1,2025,0
TP,2.0,1.9268292682926873,20.50000000000125,-1,2025,3
TP,2.0,1.9206349206349296,18.900000000002137,-1,2025,4
TP,2.0,1.9626865671641778,40.19999999999868,-1,2025,4
SL,-1.0,-1.0867052023121377,17.300000000000182,-1,2025,1
SL,-1.0,-1.0867052023121377,17.300000000000182,-1,2025,1
SL,-1.0,-1.098684210526306,15.200000000001523,1,2025,2
SL,-1.0,-1.098684210526306,15.200000000001523,1,2025,2
SL,-1.0,-1.0382653061224494,39.19999999999959,-1,2025,21
TP,2.0,1.9572649572649572,35.09999999999991,1,2025,23
TP,2.0,1.9423076923076903,25.99999999999909,1,2025,0
SL,-1.0,-1.1136363636363593,13.2000000000005,1,2025,0
SL,-1.0,-1.0867052023121377,17.300000000000182,-1,2025,3
TP,2.0,1.94,25.0,1,2025,0
SL,-1.0,-1.0961538461538425,15.600000000000591,-1,2025,6
SL,-1.0,-1.0691244239631295,21.700000000001296,1,2025,7
TP,2.0,1.9271844660194235,20.600000000001728,-1,2025,0
SL,-1.0,-1.0837988826815632,17.900000000000205,1,2025,1
fuera,1.4893617021276913,1.4603481624758534,51.69999999999959,-1,2025,15
fuera,1.4893617021276913,1.4603481624758534,51.69999999999959,-1,2025,15
fuera,1.4893617021276913,1.4603481624758534,51.69999999999959,-1,2025,15
SL,-1.0,-1.0441176470588232,34.00000000000034,-1,2025,22
SL,-1.0,-1.0441176470588232,34.00000000000034,-1,2025,22
SL,-1.0,-1.0441176470588232,34.00000000000034,-1,2025,22
SL,-1.0,-1.0461538461538478,32.49999999999886,1,2025,23
SL,-1.0,-1.0649350649350664,23.099999999999454,-1,2025,0
TP,2.0,1.9321266968325803,22.100000000000364,1,2025,6
SL,-1.0,-1.0383631713554968,39.100000000001955,1,2025,7
SL,-1.0,-1.0383631713554968,39.100000000001955,1,2025,7
SL,-1.0,-1.0383631713554968,39.100000000001955,1,2025,7
SL,-1.0,-1.0383631713554968,39.100000000001955,1,2025,7
SL,-1.0,-1.0757575757575728,19.80000000000075,-1,2025,9
SL,-1.0,-1.2307692307692388,6.499999999999773,-1,2025,11
SL,-1.0,-1.3947368421051498,3.8000000000010914,1,2025,0
TP,2.0,1.6341463414633863,4.099999999999682,-1,2025,1
SL,-1.0,-1.1485148514851498,10.099999999999909,1,2025,3
SL,-1.0,-1.1485148514851498,10.099999999999909,1,2025,3
TP,2.0,1.9390243902439048,24.600000000000932,-1,2025,3
SL,-1.0,-1.0515463917525778,29.09999999999968,-1,2025,4
SL,-1.0,-1.0515463917525778,29.09999999999968,-1,2025,4
SL,-1.0,-1.0643776824034323,23.30000000000041,-1,2025,5
SL,-1.0,-1.0643776824034323,23.30000000000041,-1,2025,5
SL,-1.0,-1.0539568345323758,27.79999999999916,1,2025,6
SL,-1.0,-1.0539568345323758,27.79999999999916,1,2025,6
TP,2.0,1.9436090225563951,26.600000000001955,-1,2025,0
TP,2.0,1.9436090225563951,26.600000000001955,-1,2025,0
TP,2.0,1.9436090225563951,26.600000000001955,-1,2025,0
SL,-1.0,-1.057915057915061,25.899999999998613,-1,2025,2
SL,-1.0,-1.1111111111111187,13.49999999999909,1,2025,3
SL,-1.0,-1.0842696629213495,17.799999999999727,1,2025,12
SL,-1.0,-1.0390624999999984,38.400000000001455,-1,2025,0
TP,2.0,1.9268292682926773,20.49999999999841,1,2025,2
SL,-1.0,-1.10948905109489,13.700000000000045,-1,2025,5
SL,-1.0,-1.0630252100840338,23.799999999999955,1,2025,6
SL,-1.0,-1.0815217391304233,18.400000000002592,1,2025,0
TP,2.0,1.9112426035503016,16.900000000001114,-1,2025,3
SL,-1.0,-1.0364963503649633,41.100000000000136,1,2025,22
SL,-1.0,-1.0364963503649633,41.100000000000136,1,2025,22
SL,-1.0,-1.2307692307692388,6.499999999999773,-1,2025,0
SL,-1.0,-1.1485148514851498,10.099999999999909,1,2025,1
TP,2.0,1.907407407407411,16.200000000000614,-1,2025,3
SL,-1.0,-1.087719298245618,17.099999999999227,-1,2025,4
SL,-1.0,-1.0974025974025996,15.399999999999636,1,2025,5
TP,2.0,1.9671772428884022,45.69999999999936,1,2025,9
SL,-1.0,-1.0993377483443827,15.099999999998204,1,2025,13
TP,2.0,1.91891891891892,18.500000000000227,1,2025,0
SL,-1.0,-1.0765306122448988,19.599999999999795,-1,2025,0
TP,2.0,1.9668874172185433,45.300000000000296,1,2025,1
TP,2.0,1.9668874172185433,45.300000000000296,1,2025,1
SL,-1.0,-1.0931677018633532,16.100000000000136,-1,2025,4
fuera,1.273972602739787,1.251141552511476,65.69999999999823,1,2025,5
fuera,1.273972602739787,1.251141552511476,65.69999999999823,1,2025,5
SL,-1.0,-1.0432276657060509,34.70000000000084,-1,2025,6
SL,-1.0,-1.0806451612903196,18.600000000000705,1,2025,10
SL,-1.0,-1.0304878048780477,49.200000000001864,-1,2025,13
TP,2.0,1.917582417582412,18.199999999998795,1,2025,0
SL,-1.0,-1.1376146788990713,10.900000000000887,-1,2025,0
TP,2.0,1.949494949494949,29.699999999999704,1,2025,1
SL,-1.0,-1.0583657587548627,25.7000000000005,1,2025,1
SL,-1.0,-1.1034482758620818,14.499999999998181,-1,2025,3
SL,-1.0,-1.0655021834061098,22.90000000000134,1,2025,20
SL,-1.0,-1.114503816793893,13.100000000000023,1,2025,21
SL,-1.0,-1.0572519083969465,26.200000000000045,-1,2025,23
TP,2.0,1.9171270718232098,18.10000000000116,1,2025,0
TP,2.0,1.9171270718232098,18.10000000000116,1,2025,0
SL,-1.0,-1.1442307692307505,10.400000000001342,1,2025,3
TP,2.0,1.8828124999999871,12.79999999999859,-1,2025,4
TP,2.0,1.906249999999998,15.999999999999659,-1,2025,5
SL,-1.0,-1.214285714285735,6.999999999999318,-1,2025,8
SL,-1.0,-1.214285714285735,6.999999999999318,-1,2025,8
SL,-1.0,-1.10948905109489,13.700000000000045,1,2025,0
SL,-1.0,-1.1315789473684161,11.400000000000432,1,2025,2
TP,2.0,1.9242424242424163,19.799999999997908,-1,2025,2
SL,-1.0,-1.0351288056206096,42.69999999999925,-1,2025,3
SL,-1.0,-1.0351288056206096,42.69999999999925,-1,2025,3
SL,-1.0,-1.0351288056206096,42.69999999999925,-1,2025,3
SL,-1.0,-1.0728155339805765,20.600000000001728,1,2025,5
SL,-1.0,-1.1260504201680674,11.899999999999977,1,2025,6
TP,2.0,1.836956521739103,9.199999999998454,1,2025,1
SL,-1.0,-1.049668874172182,30.200000000002092,1,2025,4
TP,2.0,1.9147727272727213,17.599999999998772,-1,2025,4
TP,2.0,1.9147727272727213,17.599999999998772,-1,2025,4
SL,-1.0,-1.0485436893203888,30.89999999999975,-1,2025,5
SL,-1.0,-1.099999999999996,15.000000000000568,-1,2025,14
SL,-1.0,-1.0234375000000004,63.999999999998636,1,2025,17
SL,-1.0,-1.0234375000000004,63.999999999998636,1,2025,17
SL,-1.0,-1.0234375000000004,63.999999999998636,1,2025,17
SL,-1.0,-1.0234375000000004,63.999999999998636,1,2025,17
SL,-1.0,-1.0949367088607673,15.799999999998704,-1,2025,19
SL,-1.0,-1.0949367088607673,15.799999999998704,-1,2025,19
SL,-1.0,-1.1612903225806144,9.300000000001774,1,2025,0
SL,-1.0,-1.0669642857142803,22.400000000001796,-1,2025,1
SL,-1.0,-1.0669642857142803,22.400000000001796,-1,2025,1
fuera,1.2855361596010169,1.266832917705755,80.19999999999925,1,2025,2
fuera,1.2855361596010169,1.266832917705755,80.19999999999925,1,2025,2
fuera,1.2855361596010169,1.266832917705755,80.19999999999925,1,2025,2
TP,2.0,1.9137931034482791,17.40000000000066,-1,2025,2
TP,2.0,1.9137931034482791,17.40000000000066,-1,2025,2
SL,-1.0,-1.05859375,25.600000000000023,-1,2025,3
TP,2.0,1.9630541871921188,40.60000000000059,1,2025,5
TP,2.0,1.9630541871921188,40.60000000000059,1,2025,5
TP,2.0,1.9630541871921188,40.60000000000059,1,2025,5
TP,2.0,1.9630541871921188,40.60000000000059,1,2025,5
SL,-1.0,-1.084745762711868,17.69999999999925,-1,2025,7
SL,-1.0,-1.0750000000000042,19.999999999998863,1,2025,15
SL,-1.0,-1.1071428571428676,13.999999999998636,1,2025,0
SL,-1.0,-1.1071428571428676,13.999999999998636,1,2025,0
TP,2.0,1.9025974025974004,15.399999999999636,-1,2025,1
TP,2.0,1.9025974025974004,15.399999999999636,-1,2025,1
TP,2.0,1.9397590361445771,24.899999999999523,-1,2025,2
TP,2.0,1.9397590361445771,24.899999999999523,-1,2025,2
SL,-1.0,-1.0592885375494037,25.300000000001432,1,2025,4
SL,-1.0,-1.0592885375494037,25.300000000001432,1,2025,4
TP,2.0,1.9568965517241361,34.79999999999848,-1,2025,5
TP,2.0,1.9568965517241361,34.79999999999848,-1,2025,5
TP,2.0,1.9101796407185638,16.70000000000016,-1,2025,6
SL,-1.0,-1.2307692307692388,6.499999999999773,1,2025,21
SL,-1.0,-1.029354207436398,51.10000000000241,-1,2025,0
SL,-1.0,-1.029354207436398,51.10000000000241,-1,2025,0
TP,2.0,1.9402390438247024,25.100000000000477,1,2025,2
SL,-1.0,-1.0700934579439256,21.399999999999864,1,2025,6
SL,-1.0,-1.0515463917525778,29.09999999999968,1,2025,13
SL,-1.0,-1.0515463917525778,29.09999999999968,1,2025,13
SL,-1.0,-1.157894736842107,9.499999999999886,-1,2025,14
SL,-1.0,-1.040760869565218,36.7999999999995,1,2025,15
SL,-1.0,-1.040760869565218,36.7999999999995,1,2025,15
TP,2.0,1.936440677966099,23.599999999999,-1,2025,16
TP,2.0,1.936440677966099,23.599999999999,-1,2025,16
TP,2.0,1.9407114624505897,25.29999999999859,-1,2025,0
TP,2.0,1.9407114624505897,25.29999999999859,-1,2025,0
SL,-1.0,-1.0974025974025996,15.399999999999636,1,2025,2
SL,-1.0,-1.0974025974025996,15.399999999999636,1,2025,2
TP,2.0,1.9517684887459819,31.100000000000705,-1,2025,8
SL,-1.0,-1.0925925925926054,16.19999999999777,1,2025,9
SL,-1.0,-1.0409836065573788,36.599999999998545,-1,2025,15
SL,-1.0,-1.0819672131147446,18.300000000002115,1,2025,17
SL,-1.0,-1.1428571428571568,10.499999999998977,-1,2025,23
fuera,0.702127659574435,0.6565349544072628,32.90000000000077,1,2025,0
SL,-1.0,-1.0630252100840338,23.799999999999955,1,2025,5
SL,-1.0,-1.0646551724137934,23.199999999999932,-1,2025,11
SL,-1.0,-1.0931677018633532,16.100000000000136,1,2025,22
fuera,0.9380530973450293,0.9048672566370667,45.20000000000266,1,2025,0
fuera,0.9380530973450293,0.9048672566370667,45.20000000000266,1,2025,0
SL,-1.0,-1.250000000000109,5.999999999997385,-1,2025,0
SL,-1.0,-1.1704545454545574,8.799999999999386,1,2025,2
SL,-1.0,-1.1401869158878513,10.699999999999932,-1,2025,7
SL,-1.0,-1.0678733031674283,22.09999999999752,1,2025,8
SL,-1.0,-1.0724637681159443,20.699999999999363,1,2025,0
SL,-1.0,-1.0724637681159443,20.699999999999363,1,2025,0
TP,2.0,1.910714285714274,16.799999999997794,-1,2025,1
SL,-1.0,-1.1376146788990713,10.900000000000887,1,2025,2
SL,-1.0,-1.081521739130436,18.39999999999975,-1,2025,5
SL,-1.0,-1.081521739130436,18.39999999999975,-1,2025,5
SL,-1.0,-1.0355450236966828,42.199999999999704,-1,2025,13
TP,2.0,1.949324324324323,29.599999999999227,1,2025,14
TP,2.0,1.94,25.0,1,2025,0
TP,2.0,1.94,25.0,1,2025,0
SL,-1.0,-1.0376884422110557,39.79999999999961,1,2025,4
SL,-1.0,-1.0746268656716442,20.09999999999934,1,2025,9
SL,-1.0,-1.0528169014084523,28.39999999999918,-1,2025,14
SL,-1.0,-1.0442477876106198,33.899999999999864,-1,2025,15
SL,-1.0,-1.0622406639004114,24.100000000001387,1,2025,16
SL,-1.0,-1.2343750000000258,6.399999999999295,1,2025,1
SL,-1.0,-1.1136363636363593,13.2000000000005,-1,2025,2
SL,-1.0,-1.0176263219741482,85.09999999999991,-1,2025,12
SL,-1.0,-1.0176263219741482,85.09999999999991,-1,2025,12
SL,-1.0,-1.0176263219741482,85.09999999999991,-1,2025,12
SL,-1.0,-1.0176263219741482,85.09999999999991,-1,2025,12
fuera,0.9025423728814284,0.8707627118644778,47.199999999998,1,2025,13
fuera,0.9025423728814284,0.8707627118644778,47.199999999998,1,2025,13
fuera,0.9025423728814284,0.8707627118644778,47.199999999998,1,2025,13
fuera,0.4763231197771255,0.4345403899721126,35.90000000000089,1,2025,14
fuera,0.4763231197771255,0.4345403899721126,35.90000000000089,1,2025,14
SL,-1.0,-1.2380952380952828,6.299999999998818,1,2025,22
TP,2.0,1.9327354260089726,22.30000000000132,1,2025,0
TP,2.0,1.9327354260089726,22.30000000000132,1,2025,0
TP,2.0,1.9327354260089726,22.30000000000132,1,2025,0
SL,-1.0,-1.192307692307685,7.800000000000296,-1,2025,1
SL,-1.0,-1.211267605633809,7.099999999999795,-1,2025,3
TP,2.0,1.8965517241379384,14.500000000001023,1,2025,10
TP,2.0,1.9096385542168657,16.59999999999968,1,2025,14
SL,-1.0,-1.0777202072538812,19.300000000001205,1,2025,15
TP,2.0,1.872881355932198,11.7999999999995,-1,2025,0
TP,2.0,1.9367088607594922,23.699999999999477,1,2025,4
TP,2.0,1.9367088607594922,23.699999999999477,1,2025,4
SL,-1.0,-1.0681818181818186,21.999999999999886,-1,2025,7
SL,-1.0,-1.0681818181818186,21.999999999999886,-1,2025,7
SL,-1.0,-1.0691244239631295,21.700000000001296,1,2025,10
SL,-1.0,-1.1685393258426993,8.899999999999864,-1,2025,3
SL,-1.0,-1.555555555555242,2.7000000000015234,1,2025,4
TP,2.0,1.9625000000000006,40.00000000000057,1,2025,9
SL,-1.0,-1.1136363636363593,13.2000000000005,-1,2025,0
SL,-1.0,-1.0390625000000013,38.39999999999861,1,2025,1
SL,-1.0,-1.079787234042546,18.80000000000166,1,2025,4
TP,2.0,1.8295454545454426,8.799999999999386,-1,2025,6
fuera,0.8413043478260734,0.8086956521739,46.000000000000796,-1,2025,7
SL,-1.0,-1.0434782608695654,34.499999999999886,1,2025,8
SL,-1.0,-1.2000000000000304,7.499999999998863,1,2025,0
TP,2.0,1.6938775510204493,4.900000000000659,-1,2025,2
TP,2.0,1.6739130434782061,4.599999999999227,-1,2025,7
SL,-1.0,-1.0595238095238073,25.200000000000955,1,2025,8
TP,2.0,1.961439588688947,38.900000000001,-1,2025,15
TP,2.0,1.949324324324323,29.599999999999227,-1,2025,0
TP,2.0,1.949324324324323,29.599999999999227,-1,2025,0
SL,-1.0,-1.0898203592814362,16.70000000000016,1,2025,3
TP,2.0,1.9282296650717714,20.90000000000032,-1,2025,8
SL,-1.0,-1.095541401273879,15.700000000001069,1,2025,9
SL,-1.0,-1.095541401273879,15.700000000001069,1,2025,9
SL,-1.0,-1.0773195876288593,19.400000000001683,-1,2025,13
SL,-1.0,-1.0773195876288593,19.400000000001683,-1,2025,13
SL,-1.0,-1.0920245398772945,16.30000000000109,1,2025,0
SL,-1.0,-1.16483516483515,9.100000000000819,-1,2025,0
SL,-1.0,-1.0349650349650348,42.900000000000205,-1,2025,1
TP,2.0,1.9238578680203056,19.700000000000273,1,2025,2
SL,-1.0,-1.0638297872340465,23.499999999998522,1,2025,7
TP,2.0,1.6808510638297671,4.699999999999704,-1,2025,9
SL,-1.0,-1.0450450450450453,33.29999999999984,1,2025,13
TP,2.0,1.8790322580645116,12.399999999999523,-1,2025,14
SL,-1.0,-1.0757575757575728,19.80000000000075,-1,2025,0
fuera,0.2636363636363206,0.21818181818177687,33.00000000000125,1,2025,1
SL,-1.0,-1.0789473684210535,18.999999999999773,-1,2025,7
SL,-1.0,-1.0619834710743827,24.199999999999022,1,2025,8
SL,-1.0,-1.0619834710743827,24.199999999999022,1,2025,8
SL,-1.0,-1.054744525547445,27.40000000000009,1,2025,0
SL,-1.0,-1.054744525547445,27.40000000000009,1,2025,0
TP,2.0,1.8880597014925258,13.399999999998613,-1,2025,0
TP,2.0,1.8124999999999627,7.999999999998408,-1,2025,1
TP,2.0,1.6249999999999254,3.999999999999204,-1,2025,3
TP,2.0,1.9380165289256246,24.200000000001864,-1,2025,23
SL,-1.0,-1.1127819548872098,13.300000000000978,1,2025,0
SL,-1.0,-1.1127819548872098,13.300000000000978,1,2025,0
SL,-1.0,-1.1500000000000086,9.999999999999432,-1,2025,0
TP,2.0,1.9572649572649605,35.10000000000275,-1,2025,1
TP,2.0,1.9572649572649605,35.10000000000275,-1,2025,1
TP,2.0,1.9572649572649605,35.10000000000275,-1,2025,1
TP,2.0,1.9572649572649605,35.10000000000275,-1,2025,1
SL,-1.0,-1.3409090909090047,4.400000000001114,-1,2025,0
SL,-1.0,-1.1041666666666627,14.400000000000546,-1,2025,1
SL,-1.0,-1.211267605633809,7.099999999999795,1,2025,2
TP,2.0,1.8790322580645116,12.399999999999523,1,2025,6
SL,-1.0,-1.0649350649350664,23.099999999999454,1,2025,8
SL,-1.0,-1.0649350649350664,23.099999999999454,1,2025,8
SL,-1.0,-1.0649350649350664,23.099999999999454,1,2025,8
SL,-1.0,-1.127118644067802,11.7999999999995,-1,2025,9
SL,-1.0,-1.127118644067802,11.7999999999995,-1,2025,9
TP,2.0,1.9512987012987002,30.799999999999272,-1,2025,15
TP,2.0,1.9512987012987002,30.799999999999272,-1,2025,15
SL,-1.0,-1.12396694214878,12.09999999999809,1,2025,0
SL,-1.0,-1.1111111111111187,13.49999999999909,-1,2025,1
SL,-1.0,-1.1363636363636547,10.999999999998522,-1,2025,11
SL,-1.0,-1.0531914893617,28.20000000000107,1,2025,13
TP,2.0,1.900000000000004,15.000000000000568,-1,2025,3
SL,-1.0,-1.10948905109489,13.700000000000045,1,2025,4
TP,2.0,1.9429657794676818,26.300000000000523,-1,2025,8
SL,-1.0,-1.0576923076923097,25.99999999999909,-1,2025,11
TP,2.0,1.9068322981366468,16.100000000000136,1,2025,12
TP,2.0,1.7580645161290784,6.200000000001182,1,2025,19
TP,2.0,1.9431818181818203,26.400000000001,-1,2025,0
SL,-1.0,-1.1456310679611528,10.300000000000864,1,2025,1
SL,-1.0,-1.0465838509316767,32.20000000000027,-1,2025,5
SL,-1.0,-1.1388888888888835,10.80000000000041,1,2025,6
TP,2.0,1.9402390438247024,25.100000000000477,1,2025,8
fuera,-0.23711340206183,-0.3144329896907006,19.39999999999884,-1,2025,16
SL,-1.0,-1.0590551181102383,25.399999999999068,-1,2025,0
SL,-1.0,-1.0649350649350664,23.099999999999454,-1,2025,1
TP,2.0,1.882812500000013,12.800000000001432,1,2025,3
TP,2.0,1.885496183206107,13.100000000000023,1,2025,5
TP,2.0,1.8837209302325497,12.899999999999068,1,2025,8
SL,-1.0,-1.211267605633809,7.099999999999795,-1,2025,8
TP,2.0,1.8170731707316932,8.199999999999363,1,2025,9
SL,-1.0,-1.2343750000000258,6.399999999999295,-1,2025,9
SL,-1.0,-1.1442307692307505,10.400000000001342,1,2025,10
SL,-1.0,-1.1363636363636194,11.000000000001364,1,2025,11
TP,2.0,1.965357967667436,43.29999999999927,1,2025,14
SL,-1.0,-1.085714285714294,17.499999999998295,-1,2025,17
SL,-1.0,-1.0624999999999976,24.00000000000091,1,2025,0
SL,-1.0,-1.0624999999999976,24.00000000000091,1,2025,0
SL,-1.0,-1.0622406639004114,24.100000000001387,-1,2025,1
SL,-1.0,-1.0622406639004114,24.100000000001387,-1,2025,1
TP,2.0,1.960317460317459,37.79999999999859,-1,2025,20
SL,-1.0,-1.174418604651137,8.600000000001273,1,2025,21
SL,-1.0,-1.12,12.5,1,2025,23
SL,-1.0,-1.063559322033901,23.599999999999,1,2025,0
SL,-1.0,-1.063559322033901,23.599999999999,1,2025,0
TP,2.0,1.8529411764705939,10.200000000000387,-1,2025,1
SL,-1.0,-1.053003533568907,28.299999999998704,1,2025,2
SL,-1.0,-1.0652173913043508,22.999999999998977,1,2025,5
TP,2.0,1.9250000000000065,20.000000000001705,-1,2025,6
TP,2.0,1.9361702127659535,23.499999999998522,-1,2025,12
SL,-1.0,-1.0437317784256572,34.29999999999893,-1,2025,13
SL,-1.0,-1.0437317784256572,34.29999999999893,-1,2025,13
SL,-1.0,-1.0483870967741933,31.000000000000227,-1,2025,14
TP,2.0,1.9305555555555582,21.60000000000082,1,2025,15
TP,2.0,1.9350649350649336,23.099999999999454,1,2025,19
fuera,0.5147679324895224,0.45147679324901463,23.699999999999477,1,2025,0
SL,-1.0,-1.1485148514851498,10.099999999999909,-1,2025,1
fuera,-0.08755760368653635,-0.15668202764967493,21.699999999998454,1,2025,8
SL,-1.0,-1.192307692307685,7.800000000000296,-1,2025,11
SL,-1.0,-1.0572519083969465,26.200000000000045,1,2025,12
TP,2.0,1.8351648351647984,9.099999999997976,-1,2025,0
TP,2.0,1.947368421052631,28.49999999999966,-1,2025,1
TP,2.0,1.947368421052631,28.49999999999966,-1,2025,1
TP,2.0,1.947368421052631,28.49999999999966,-1,2025,1
TP,2.0,1.9318181818181814,21.999999999999886,-1,2025,2
SL,-1.0,-1.1071428571428676,13.999999999998636,1,2025,6
SL,-1.0,-1.084745762711868,17.69999999999925,-1,2025,11
SL,-1.0,-1.0549450549450556,27.299999999999613,1,2025,0
SL,-1.0,-1.0549450549450556,27.299999999999613,1,2025,0
SL,-1.0,-1.0579150579150547,25.900000000001455,-1,2025,1
SL,-1.0,-1.1071428571428676,13.999999999998636,-1,2025,2
SL,-1.0,-1.0520833333333366,28.79999999999825,-1,2025,0
TP,2.0,1.9549549549549547,33.29999999999984,1,2025,2
TP,2.0,1.9549549549549547,33.29999999999984,1,2025,2
SL,-1.0,-1.10948905109489,13.700000000000045,-1,2025,3
TP,2.0,1.942528735632183,26.099999999999568,1,2025,4
SL,-1.0,-1.1048951048951043,14.300000000000068,1,2025,7
SL,-1.0,-1.074257425742575,20.199999999999818,-1,2025,13
TP,2.0,1.6999999999998976,4.999999999998295,-1,2025,20
TP,2.0,1.727272727272761,5.500000000000682,1,2025,0
SL,-1.0,-1.0487012987012998,30.799999999999272,1,2025,1
SL,-1.0,-1.3260869565215925,4.600000000002069,-1,2025,4
SL,-1.0,-1.1327433628318588,11.299999999999955,1,2025,7
SL,-1.0,-1.1666666666666603,9.000000000000341,-1,2025,8
SL,-1.0,-1.3000000000001024,4.999999999998295,-1,2025,1
SL,-1.0,-1.1034482758620616,14.500000000001023,1,2025,2
SL,-1.0,-1.051724137931031,29.000000000002046,-1,2025,3
SL,-1.0,-1.051724137931031,29.000000000002046,-1,2025,3
SL,-1.0,-1.051724137931031,29.000000000002046,-1,2025,3
TP,2.0,1.9554896142433258,33.70000000000175,1,2025,4
TP,2.0,1.9554896142433258,33.70000000000175,1,2025,4
TP,2.0,1.9554896142433258,33.70000000000175,1,2025,4
TP,2.0,1.9466192170818517,28.10000000000059,-1,2025,1
SL,-1.0,-1.0777202072538925,19.299999999998363,1,2025,2
TP,2.0,1.9517684887459774,31.099999999997863,-1,2025,0
SL,-1.0,-1.454545454545633,3.299999999998704,1,2025,4
TP,2.0,1.9025974025974004,15.399999999999636,-1,2025,8
SL,-1.0,-1.0474683544303793,31.60000000000025,1,2025,9
SL,-1.0,-1.2631578947368978,5.699999999998795,1,2025,1
SL,-1.0,-1.0301810865191157,49.69999999999857,-1,2025,1
SL,-1.0,-1.0802139037433105,18.700000000001182,1,2025,2
SL,-1.0,-1.0624999999999976,24.00000000000091,1,2025,3
SL,-1.0,-1.1119402985074505,13.400000000001455,1,2025,4
TP,2.0,1.9561403508771946,34.200000000001296,1,2025,5
TP,2.0,1.9561403508771946,34.200000000001296,1,2025,5
SL,-1.0,-1.04950495049505,30.299999999999727,1,2025,0
SL,-1.0,-1.04950495049505,30.299999999999727,1,2025,0
TP,2.0,1.8192771084337314,8.29999999999984,-1,2025,2
SL,-1.0,-1.0761421319796944,19.700000000000273,-1,2025,3
fuera,-0.01840490797554677,-0.11042944785284121,16.30000000000109,-1,2025,17
SL,-1.0,-1.0675675675675738,22.199999999998,1,2025,0
SL,-1.0,-1.0721153846153753,20.800000000002683,-1,2025,0
SL,-1.0,-1.0721153846153753,20.800000000002683,-1,2025,0
SL,-1.0,-1.1239669421487508,12.100000000000932,1,2025,1
SL,-1.0,-1.1136363636363593,13.2000000000005,1,2025,2
SL,-1.0,-1.092592592592589,16.200000000000614,-1,2025,7
SL,-1.0,-1.0426136363636358,35.20000000000039,-1,2025,15
SL,-1.0,-1.085714285714294,17.499999999998295,1,2025,16
SL,-1.0,-1.044510385756678,33.69999999999891,1,2025,0
SL,-1.0,-1.044510385756678,33.69999999999891,1,2025,0
SL,-1.0,-1.2380952380951753,6.30000000000166,-1,2025,0
SL,-1.0,-1.0967741935483863,15.500000000000114,1,2025,2
SL,-1.0,-1.0738916256157625,20.300000000000296,-1,2025,4
SL,-1.0,-1.12,12.5,-1,2025,7
SL,-1.0,-1.11811023622049,12.699999999998113,1,2025,8
SL,-1.0,-1.192307692307685,7.800000000000296,-1,2025,10
SL,-1.0,-1.063559322033901,23.599999999999,-1,2025,15
SL,-1.0,-1.063559322033901,23.599999999999,-1,2025,15
SL,-1.0,-1.063559322033901,23.599999999999,-1,2025,15
SL,-1.0,-1.1744186046511946,8.599999999998431,1,2025,18
TP,2.0,1.807692307692315,7.800000000000296,1,2025,1
TP,2.0,1.8750000000000047,12.000000000000455,1,2025,4
TP,2.0,1.8750000000000047,12.000000000000455,1,2025,4
TP,2.0,1.8750000000000047,12.000000000000455,1,2025,4
SL,-1.0,-1.0666666666666684,22.49999999999943,1,2025,13
SL,-1.0,-1.1249999999999953,12.000000000000455,-1,2025,20
TP,2.0,1.906249999999998,15.999999999999659,1,2026,22
TP,2.0,1.906249999999998,15.999999999999659,1,2026,22
TP,2.0,1.906249999999998,15.999999999999659,1,2026,22
SL,-1.0,-1.0955414012738962,15.699999999998226,-1,2026,23
SL,-1.0,-1.6521739130435877,2.2999999999996135,1,2026,0
SL,-1.0,-1.6521739130435877,2.2999999999996135,1,2026,0
SL,-1.0,-1.163043478260897,9.199999999998454,1,2026,5
TP,2.0,1.6341463414633863,4.099999999999682,-1,2026,6
SL,-1.0,-1.114503816793893,13.100000000000023,-1,2026,7
SL,-1.0,-1.0537634408602157,27.899999999999636,1,2026,23
SL,-1.0,-1.0537634408602157,27.899999999999636,1,2026,23
TP,2.0,1.1176470588233172,1.6999999999995907,-1,2026,23
SL,-1.0,-1.0655021834061178,22.8999999999985,1,2026,0
SL,-1.0,-1.0655021834061178,22.8999999999985,1,2026,0
SL,-1.0,-1.0655021834061178,22.8999999999985,1,2026,0
SL,-1.0,-1.089285714285726,16.799999999997794,-1,2026,1
TP,2.0,1.83516483516485,9.100000000000819,-1,2026,7
TP,2.0,1.83516483516485,9.100000000000819,-1,2026,7
SL,-1.0,-1.101351351351354,14.799999999999613,1,2026,8
TP,2.0,1.9275362318840557,20.699999999999363,-1,2026,8
SL,-1.0,-1.1034482758620818,14.499999999998181,1,2026,9
SL,-1.0,-1.044510385756678,33.69999999999891,-1,2026,10
SL,-1.0,-1.1685393258426993,8.899999999999864,1,2026,11
SL,-1.0,-1.082417582417588,18.199999999998795,1,2026,12
SL,-1.0,-1.082417582417588,18.199999999998795,1,2026,12
SL,-1.0,-1.0570342205323182,26.300000000000523,-1,2026,16
SL,-1.0,-1.0570342205323182,26.300000000000523,-1,2026,16
SL,-1.0,-1.0570342205323182,26.300000000000523,-1,2026,16
SL,-1.0,-1.0570342205323182,26.300000000000523,-1,2026,16
TP,2.0,1.9019607843137383,15.300000000002001,1,2026,20
SL,-1.0,-1.057915057915061,25.899999999998613,-1,2026,0
SL,-1.0,-1.05859375,25.600000000000023,-1,2026,1
SL,-1.0,-1.05859375,25.600000000000023,-1,2026,1
SL,-1.0,-1.0793650793650824,18.899999999999295,-1,2026,2
SL,-1.0,-1.2272727272727186,6.60000000000025,1,2026,3
SL,-1.0,-1.0872093023255829,17.199999999999704,1,2026,15
SL,-1.0,-1.0872093023255829,17.199999999999704,1,2026,15
SL,-1.0,-1.1102941176470393,13.60000000000241,1,2026,16
SL,-1.0,-1.0877192982456034,17.10000000000207,-1,2026,0
SL,-1.0,-1.0877192982456034,17.10000000000207,-1,2026,0
SL,-1.0,-1.09803921568628,15.299999999999159,1,2026,1
SL,-1.0,-1.272727272727239,5.500000000000682,1,2026,3
SL,-1.0,-1.0974025974025996,15.399999999999636,-1,2026,5
SL,-1.0,-1.0974025974025996,15.399999999999636,-1,2026,5
SL,-1.0,-1.2272727272727186,6.60000000000025,1,2026,8
SL,-1.0,-1.1351351351351473,11.099999999999,1,2026,0
TP,2.0,1.0000000000009854,1.500000000001478,-1,2026,0
SL,-1.0,-1.0757575757575728,19.80000000000075,1,2026,1
SL,-1.0,-1.0757575757575728,19.80000000000075,1,2026,1
TP,2.0,1.87603305785122,12.09999999999809,-1,2026,3
SL,-1.0,-1.394736842105445,3.7999999999982492,-1,2026,4
SL,-1.0,-1.192307692307685,7.800000000000296,1,2026,6
SL,-1.0,-1.0655021834061178,22.8999999999985,-1,2026,7
TP,2.0,1.8453608247422362,9.699999999997999,-1,2026,14
TP,2.0,1.8453608247422362,9.699999999997999,-1,2026,14
SL,-1.0,-1.2631578947367665,5.700000000001637,-1,2026,0
TP,2.0,1.9101796407185638,16.70000000000016,1,2026,1
TP,2.0,1.9101796407185638,16.70000000000016,1,2026,1
TP,2.0,1.907407407407411,16.200000000000614,1,2026,5
SL,-1.0,-1.0238853503184708,62.80000000000143,-1,2026,0
SL,-1.0,-1.0238853503184708,62.80000000000143,-1,2026,0
SL,-1.0,-1.0238853503184708,62.80000000000143,-1,2026,0
TP,2.0,1.9608355091383822,38.30000000000098,1,2026,2
SL,-1.0,-1.211267605633809,7.099999999999795,1,2026,20
SL,-1.0,-1.211267605633809,7.099999999999795,1,2026,20
TP,2.0,1.9234693877551012,19.599999999999795,1,2026,0
SL,-1.0,-1.12,12.5,-1,2026,0
SL,-1.0,-1.12,12.5,-1,2026,0
SL,-1.0,-1.12,12.5,-1,2026,0
TP,2.0,1.9535603715170289,32.30000000000075,1,2026,1
TP,2.0,1.9535603715170289,32.30000000000075,1,2026,1
TP,2.0,1.9535603715170289,32.30000000000075,1,2026,1
SL,-1.0,-1.1612903225806637,9.299999999998931,-1,2026,0
SL,-1.0,-1.1034482758620818,14.499999999998181,1,2026,1
SL,-1.0,-1.0357142857142867,41.99999999999875,1,2026,12
SL,-1.0,-1.0357142857142867,41.99999999999875,1,2026,12
SL,-1.0,-1.0357142857142867,41.99999999999875,1,2026,12
SL,-1.0,-1.0513698630136983,29.20000000000016,-1,2026,15
SL,-1.0,-1.0513698630136983,29.20000000000016,-1,2026,15
SL,-1.0,-1.0513698630136983,29.20000000000016,-1,2026,15
SL,-1.0,-1.0432276657060509,34.70000000000084,1,2026,2
SL,-1.0,-1.0432276657060509,34.70000000000084,1,2026,2
SL,-1.0,-1.0432276657060509,34.70000000000084,1,2026,2
SL,-1.0,-1.0432276657060509,34.70000000000084,1,2026,2
SL,-1.0,-1.0432276657060509,34.70000000000084,1,2026,2
SL,-1.0,-1.0432276657060509,34.70000000000084,1,2026,2
SL,-1.0,-1.074257425742575,20.199999999999818,-1,2026,3
SL,-1.0,-1.074257425742575,20.199999999999818,-1,2026,3
SL,-1.0,-1.074257425742575,20.199999999999818,-1,2026,3
SL,-1.0,-1.2380952380952828,6.299999999998818,-1,2026,11
SL,-1.0,-1.0714285714285687,21.000000000000796,-1,2026,14
SL,-1.0,-1.0714285714285687,21.000000000000796,-1,2026,14
SL,-1.0,-1.3846153846155103,3.8999999999987267,1,2026,22
TP,2.0,1.882812500000013,12.800000000001432,-1,2026,22
TP,2.0,1.7115384615385776,5.200000000002092,1,2026,23
SL,-1.0,-1.0488599348534222,30.699999999998795,-1,2026,23
SL,-1.0,-1.036945812807884,40.59999999999775,-1,2026,0
SL,-1.0,-1.036945812807884,40.59999999999775,-1,2026,0
TP,2.0,1.9433962264150975,26.500000000001478,1,2026,1
TP,2.0,1.918478260869564,18.39999999999975,1,2026,2
SL,-1.0,-1.045180722891567,33.19999999999936,1,2026,7
SL,-1.0,-1.045180722891567,33.19999999999936,1,2026,7
SL,-1.0,-1.3409090909090047,4.400000000001114,-1,2026,7
SL,-1.0,-1.0630252100840338,23.799999999999955,-1,2026,9
SL,-1.0,-1.0630252100840338,23.799999999999955,-1,2026,9
SL,-1.0,-1.3260869565217939,4.599999999999227,1,2026,20
SL,-1.0,-1.245901639344234,6.100000000000705,-1,2026,23
SL,-1.0,-1.0439882697947203,34.10000000000082,-1,2026,0
SL,-1.0,-1.0439882697947203,34.10000000000082,-1,2026,0
SL,-1.0,-1.0439882697947203,34.10000000000082,-1,2026,0
SL,-1.0,-1.163043478260897,9.199999999998454,1,2026,2
TP,2.0,1.9025974025974182,15.400000000002478,1,2026,5
SL,-1.0,-1.047169811320757,31.799999999998363,1,2026,6
SL,-1.0,-1.025996533795494,57.69999999999982,-1,2026,8
SL,-1.0,-1.0728155339805865,20.599999999998886,1,2026,12
TP,2.0,1.96,37.5,1,2026,13
TP,2.0,1.9117647058823612,17.00000000000159,-1,2026,0
SL,-1.0,-1.0707547169811358,21.19999999999891,-1,2026,1
SL,-1.0,-1.0769230769230795,19.499999999999318,1,2026,3
SL,-1.0,-1.1041666666666627,14.400000000000546,-1,2026,12
TP,2.0,1.8749999999999751,11.999999999997613,1,2026,13
TP,2.0,1.9380165289256246,24.200000000001864,1,2026,19
TP,2.0,1.754098360655766,6.100000000000705,1,2026,0
TP,2.0,1.9025974025974004,15.399999999999636,1,2026,3
TP,2.0,1.836956521739103,9.199999999998454,1,2026,4
TP,2.0,1.8295454545454426,8.799999999999386,1,2026,5
SL,-1.0,-1.1807228915662686,8.29999999999984,-1,2026,9
SL,-1.0,-1.1376146788990713,10.900000000000887,-1,2026,11
SL,-1.0,-1.0592885375494103,25.29999999999859,-1,2026,15
SL,-1.0,-1.254237288135604,5.89999999999975,-1,2026,0
SL,-1.0,-1.0955414012738962,15.699999999998226,1,2026,1
SL,-1.0,-1.0955414012738962,15.699999999998226,1,2026,1
SL,-1.0,-1.17241379310347,8.699999999998909,-1,2026,2
SL,-1.0,-1.192307692307685,7.800000000000296,-1,2026,6
SL,-1.0,-1.0135013501350136,111.099999999999,1,2026,7
SL,-1.0,-1.0135013501350136,111.099999999999,1,2026,7
SL,-1.0,-1.0135013501350136,111.099999999999,1,2026,7
SL,-1.0,-1.0135013501350136,111.099999999999,1,2026,7
SL,-1.0,-1.0135013501350136,111.099999999999,1,2026,7
SL,-1.0,-1.0135013501350136,111.099999999999,1,2026,7
SL,-1.0,-1.0135013501350136,111.099999999999,1,2026,7
TP,2.0,1.9579831932773109,35.69999999999993,-1,2026,8
TP,2.0,1.9579831932773109,35.69999999999993,-1,2026,8
TP,2.0,1.977272727272727,65.99999999999966,-1,2026,16
TP,2.0,1.977272727272727,65.99999999999966,-1,2026,16
fuera,0.5310015898251201,0.5190779014308436,125.80000000000098,-1,2026,17
fuera,0.5310015898251201,0.5190779014308436,125.80000000000098,-1,2026,17
fuera,0.5310015898251201,0.5190779014308436,125.80000000000098,-1,2026,17
TP,2.0,1.970178926441351,50.29999999999859,-1,2026,0
SL,-1.0,-1.0306122448979587,49.00000000000091,-1,2026,2
SL,-1.0,-1.069767441860464,21.50000000000034,1,2026,6
SL,-1.0,-1.0914634146341535,16.399999999998727,1,2026,0
SL,-1.0,-1.0265486725663704,56.500000000002615,1,2026,9
fuera,0.4310171198389002,0.4159113796576312,99.2999999999995,-1,2026,9
TP,2.0,1.9694501018329948,49.10000000000139,-1,2026,12
SL,-1.0,-1.02158273381295,69.49999999999932,1,2026,15
SL,-1.0,-1.0442477876106198,33.899999999999864,-1,2026,23
SL,-1.0,-1.157894736842107,9.499999999999886,-1,2026,1
SL,-1.0,-1.0464396284829711,32.30000000000075,1,2026,7
TP,2.0,1.96420047732697,41.900000000001114,1,2026,0
SL,-1.0,-1.1006711409395966,14.900000000000091,-1,2026,0
TP,2.0,1.9484536082474222,29.09999999999968,1,2026,1
SL,-1.0,-1.067567567567565,22.20000000000084,-1,2026,5
SL,-1.0,-1.0431034482758639,34.79999999999848,1,2026,9
SL,-1.0,-1.0431034482758639,34.79999999999848,1,2026,9
SL,-1.0,-1.0672645739910274,22.30000000000132,-1,2026,10
SL,-1.0,-1.0388601036269434,38.59999999999957,1,2026,22
SL,-1.0,-1.0862068965517349,17.399999999997817,-1,2026,22
SL,-1.0,-1.0367647058823515,40.800000000001546,1,2026,0
SL,-1.0,-1.0367647058823515,40.800000000001546,1,2026,0
SL,-1.0,-1.1764705882352775,8.500000000000796,1,2026,4
SL,-1.0,-1.1056338028169044,14.19999999999959,-1,2026,4
SL,-1.0,-1.0378787878787865,39.6000000000015,-1,2026,6
SL,-1.0,-1.0378787878787865,39.6000000000015,-1,2026,6
SL,-1.0,-1.0415512465373973,36.099999999999,1,2026,15
SL,-1.0,-1.08571428571428,17.500000000001137,-1,2026,16
SL,-1.0,-1.1219512195122046,12.299999999999045,-1,2026,0
SL,-1.0,-1.0961538461538425,15.600000000000591,1,2026,2
TP,2.0,1.9587912087912094,36.40000000000043,1,2026,9
SL,-1.0,-1.0675675675675738,22.199999999998,-1,2026,15
TP,2.0,1.8706896551724292,11.600000000001387,1,2026,1
SL,-1.0,-1.0728155339805865,20.599999999998886,-1,2026,0
TP,2.0,1.907407407407411,16.200000000000614,1,2026,5
TP,2.0,1.8972602739726132,14.6000000000015,1,2026,1
SL,-1.0,-1.0777202072538925,19.299999999998363,1,2026,8
SL,-1.0,-1.0777202072538812,19.300000000001205,-1,2026,13
SL,-1.0,-1.0236593059936914,63.39999999999861,1,2026,22
SL,-1.0,-1.0236593059936914,63.39999999999861,1,2026,22
SL,-1.0,-1.0236593059936914,63.39999999999861,1,2026,22
TP,2.0,1.9636803874091995,41.29999999999825,-1,2026,23
TP,2.0,1.9636803874091995,41.29999999999825,-1,2026,23
SL,-1.0,-1.0663716814159294,22.59999999999991,1,2026,0
TP,2.0,1.963144963144964,40.70000000000107,-1,2026,0
TP,2.0,1.963144963144964,40.70000000000107,-1,2026,0
SL,-1.0,-1.0355450236966828,42.199999999999704,1,2026,1
SL,-1.0,-1.0355450236966828,42.199999999999704,1,2026,1
SL,-1.0,-1.0543478260869545,27.600000000001046,-1,2026,1
TP,2.0,1.825581395348863,8.600000000001273,-1,2026,6
TP,2.0,1.9471830985915477,28.39999999999918,-1,2026,11
TP,2.0,1.967602591792656,46.299999999999386,-1,2026,13
SL,-1.0,-1.0450450450450453,33.29999999999984,-1,2026,14
SL,-1.0,-1.0537634408602157,27.899999999999636,1,2026,15
SL,-1.0,-1.0583657587548627,25.7000000000005,1,2026,16
TP,2.0,1.9544072948328277,32.90000000000077,-1,2026,1
TP,2.0,1.967602591792656,46.299999999999386,-1,2026,2
SL,-1.0,-1.0549450549450556,27.299999999999613,1,2026,7
TP,2.0,1.968017057569296,46.89999999999941,-1,2026,0
SL,-1.0,-1.0424929178470244,35.300000000000864,-1,2026,2
TP,2.0,1.9486301369863017,29.20000000000016,1,2026,3
TP,2.0,1.8453608247422362,9.699999999997999,1,2026,22
SL,-1.0,-1.0450450450450453,33.29999999999984,1,2026,0
TP,2.0,1.9253731343283558,20.09999999999934,-1,2026,23
SL,-1.0,-1.1315789473684161,11.400000000000432,1,2026,6
SL,-1.0,-1.033039647577092,45.40000000000077,-1,2026,8
SL,-1.0,-1.033039647577092,45.40000000000077,-1,2026,8
TP,2.0,1.9268292682926773,20.49999999999841,1,2026,9
SL,-1.0,-1.0432276657060544,34.699999999998,1,2026,15
SL,-1.0,-1.0432276657060544,34.699999999998,1,2026,15
SL,-1.0,-1.0432276657060544,34.699999999998,1,2026,15
SL,-1.0,-1.0537634408602157,27.899999999999636,-1,2026,16
SL,-1.0,-1.0537634408602157,27.899999999999636,-1,2026,16
SL,-1.0,-1.0537634408602157,27.899999999999636,-1,2026,16
SL,-1.0,-1.082417582417588,18.199999999998795,-1,2026,2
TP,2.0,1.941860465116275,25.799999999998136,1,2026,7
SL,-1.0,-1.2173913043478626,6.89999999999884,-1,2026,8
SL,-1.0,-1.2173913043478626,6.89999999999884,-1,2026,8
SL,-1.0,-1.1304347826086854,11.50000000000091,1,2026,10
SL,-1.0,-1.1304347826086854,11.50000000000091,1,2026,10
TP,2.0,1.954407294832824,32.89999999999793,1,2026,13
SL,-1.0,-1.0510204081632684,29.399999999998272,1,2026,1
SL,-1.0,-1.0707547169811262,21.20000000000175,-1,2026,8
SL,-1.0,-1.202702702702669,7.400000000001228,-1,2026,5
SL,-1.0,-1.0271739130434772,55.20000000000209,1,2026,7
fuera,-0.31054977711738874,-0.33283803863299044,67.30000000000018,-1,2026,15
fuera,0.2608695652173913,0.20652173913043684,27.600000000001046,1,2026,16
SL,-1.0,-1.258620689655078,5.800000000002115,1,2026,22
SL,-1.0,-1.024630541871922,60.899999999998045,-1,2026,23
SL,-1.0,-1.024630541871922,60.899999999998045,-1,2026,23
SL,-1.0,-1.024630541871922,60.899999999998045,-1,2026,23
SL,-1.0,-1.036319612590798,41.30000000000109,-1,2026,0
TP,2.0,1.9127906976744171,17.199999999999704,1,2026,4
SL,-1.0,-1.1190476190476146,12.600000000000477,-1,2026,7
SL,-1.0,-1.0574712643678108,26.10000000000241,1,2026,8
SL,-1.0,-1.0574712643678108,26.10000000000241,1,2026,8
SL,-1.0,-1.14423076923079,10.3999999999985,-1,2026,10
SL,-1.0,-1.0892857142857109,16.800000000000637,1,2026,11
TP,2.0,1.8972602739726132,14.6000000000015,-1,2026,12
SL,-1.0,-1.045592705167176,32.89999999999793,-1,2026,13
TP,2.0,1.9380165289256246,24.200000000001864,1,2026,0
SL,-1.0,-3.1428571428556116,0.7000000000005002,-1,2026,0
TP,2.0,1.8809523809523854,12.600000000000477,1,2026,1
TP,2.0,1.8809523809523854,12.600000000000477,1,2026,1
SL,-1.0,-1.0931677018633696,16.099999999997294,-1,2026,1
SL,-1.0,-1.0773195876288706,19.39999999999884,-1,2026,2
TP,2.0,1.9409448818897617,25.399999999999068,1,2026,3
fuera,-0.018166089965386673,-0.031141868512099727,115.59999999999775,1,2026,7
fuera,-0.018166089965386673,-0.031141868512099727,115.59999999999775,1,2026,7
SL,-1.0,-1.0931677018633696,16.099999999997294,1,2026,1
SL,-1.0,-1.0436046511627914,34.39999999999941,-1,2026,2
SL,-1.0,-1.0377833753148595,39.70000000000198,1,2026,8
TP,2.0,1.9079754601226895,16.29999999999825,-1,2026,23
SL,-1.0,-1.0561797752808997,26.69999999999959,1,2026,17
TP,2.0,1.9423076923076965,26.000000000001933,-1,2026,19
SL,-1.0,-1.0684931506849333,21.89999999999941,1,2026,0
SL,-1.0,-1.0604838709677373,24.800000000001887,-1,2026,4
SL,-1.0,-1.0721153846153852,20.79999999999984,-1,2026,22
SL,-1.0,-1.0721153846153852,20.79999999999984,-1,2026,22
TP,2.0,1.9708171206225686,51.400000000001,1,2026,23
TP,2.0,1.9708171206225686,51.400000000001,1,2026,23
TP,2.0,1.9708171206225686,51.400000000001,1,2026,23
SL,-1.0,-1.0365853658536588,40.99999999999966,-1,2026,0
SL,-1.0,-1.0365853658536588,40.99999999999966,-1,2026,0
SL,-1.0,-1.0391644908616207,38.299999999998136,-1,2026,1
SL,-1.0,-1.0391644908616207,38.299999999998136,-1,2026,1
SL,-1.0,-1.1282051282051389,11.699999999999022,1,2026,2
SL,-1.0,-1.1282051282051389,11.699999999999022,1,2026,2
TP,2.0,1.9367088607594922,23.699999999999477,1,2026,4
TP,2.0,1.9503311258278133,30.19999999999925,1,2026,5
TP,2.0,1.9503311258278133,30.19999999999925,1,2026,5
SL,-1.0,-1.1000000000000152,14.999999999997726,-1,2026,9
SL,-1.0,-1.0635593220338933,23.60000000000184,1,2026,10
TP,2.0,1.9535603715170249,32.29999999999791,-1,2026,0
SL,-1.0,-1.1339285714285436,11.20000000000232,1,2026,9
TP,2.0,1.9464285714285716,28.000000000000114,-1,2026,15
SL,-1.0,-1.034013605442179,44.09999999999741,-1,2026,0
SL,-1.0,-1.034013605442179,44.09999999999741,-1,2026,0
TP,2.0,1.9525316455696207,31.60000000000025,1,2026,1
TP,2.0,1.93562231759656,23.299999999997567,1,2026,2
SL,-1.0,-1.069767441860464,21.50000000000034,1,2026,5
SL,-1.0,-1.0704225352112602,21.30000000000223,-1,2026,6
SL,-1.0,-1.0455927051671723,32.90000000000077,1,2026,13
SL,-1.0,-1.0724637681159443,20.699999999999363,-1,2026,14
SL,-1.0,-1.0731707317073127,20.50000000000125,1,2026,5
SL,-1.0,-1.4687500000002598,3.1999999999982265,-1,2026,5
SL,-1.0,-1.4687500000002598,3.1999999999982265,-1,2026,5
SL,-1.0,-1.087719298245618,17.099999999999227,-1,2026,6
SL,-1.0,-1.0717703349282286,20.90000000000032,1,2026,9
SL,-1.0,-1.1304347826086854,11.50000000000091,1,2026,10
SL,-1.0,-1.3846153846152298,3.900000000001569,-1,2026,11
SL,-1.0,-1.09803921568628,15.299999999999159,1,2026,12
SL,-1.0,-4.0000000000027285,0.49999999999954525,-1,2026,20
TP,2.0,1.9361702127659535,23.499999999998522,1,2026,21
SL,-1.0,-1.3571428571428437,4.200000000000159,-1,2026,0
TP,2.0,1.797297297297253,7.399999999998386,1,2026,1
SL,-1.0,-1.1764705882353366,8.499999999997954,1,2026,14
SL,-1.0,-1.0477707006369437,31.399999999999295,-1,2026,14
SL,-1.0,-1.0909090909090953,16.499999999999204,1,2026,15
SL,-1.0,-1.069767441860464,21.50000000000034,1,2026,18
SL,-1.0,-1.0268336314847943,55.89999999999975,-1,2026,18
SL,-1.0,-1.0268336314847943,55.89999999999975,-1,2026,18
SL,-1.0,-1.0268336314847943,55.89999999999975,-1,2026,18
SL,-1.0,-1.0555555555555534,27.000000000001023,-1,2026,19
SL,-1.0,-1.1293103448275708,11.600000000001387,1,2026,22
TP,2.0,1.842105263157893,9.499999999999886,1,2026,0
SL,-1.0,-1.1666666666666603,9.000000000000341,1,2026,2
SL,-1.0,-1.1666666666666603,9.000000000000341,1,2026,2
TP,2.0,1.9032258064516137,15.500000000000114,-1,2026,3
TP,2.0,1.9032258064516137,15.500000000000114,-1,2026,3
TP,2.0,1.8584905660377666,10.600000000002296,-1,2026,5
SL,-1.0,-1.0468750000000009,31.999999999999318,-1,2026,6
TP,2.0,1.9627791563275452,40.300000000002,1,2026,7
SL,-1.0,-1.151515151515124,9.900000000001796,-1,2026,18
SL,-1.0,-1.151515151515124,9.900000000001796,-1,2026,18
TP,2.0,1.785714285714265,6.999999999999318,1,2026,19
SL,-1.0,-1.1415094339622713,10.599999999999454,1,2026,21
SL,-1.0,-1.1500000000000086,9.999999999999432,1,2026,0
TP,2.0,1.8648648648648873,11.100000000001842,-1,2026,2
SL,-1.0,-1.1376146788991073,10.899999999998045,1,2026,4
SL,-1.0,-1.0837988826815632,17.900000000000205,-1,2026,5
SL,-1.0,-1.0837988826815632,17.900000000000205,-1,2026,5
TP,2.0,1.9423076923076965,26.000000000001933,1,2026,6
SL,-1.0,-2.87500000000437,0.7999999999981355,-1,2026,13
TP,2.0,1.9056603773584857,15.899999999999181,1,2026,14
SL,-1.0,-1.1219512195122046,12.299999999999045,-1,2026,16
SL,-1.0,-1.163043478260897,9.199999999998454,1,2026,17
SL,-1.0,-1.1219512195122046,12.299999999999045,-1,2026,0
SL,-1.0,-1.0681818181818186,21.999999999999886,1,2026,1
SL,-1.0,-1.0704225352112697,21.299999999999386,1,2026,7
SL,-1.0,-1.28846153846158,5.19999999999925,-1,2026,10
SL,-1.0,-1.1948051948051994,7.699999999999818,-1,2026,14
SL,-1.0,-1.0750000000000042,19.999999999998863,1,2026,16
SL,-1.0,-1.0635593220338933,23.60000000000184,1,2026,0
SL,-1.0,-1.0949367088607673,15.799999999998704,1,2026,3
SL,-1.0,-1.416666666666651,3.6000000000001364,-1,2026,5
SL,-1.0,-1.0557620817843913,26.899999999997704,-1,2026,12
SL,-1.0,-1.057471264367817,26.099999999999568,-1,2026,23
SL,-1.0,-1.1785714285714217,8.400000000000318,-1,2026,0
SL,-1.0,-1.0842696629213495,17.799999999999727,1,2026,1
SL,-1.0,-1.1304347826086854,11.50000000000091,1,2026,6
SL,-1.0,-1.1304347826086854,11.50000000000091,1,2026,6
TP,2.0,1.8770491803278544,12.199999999998568,-1,2026,9
TP,2.0,1.8770491803278544,12.199999999998568,-1,2026,9
SL,-1.0,-1.0862068965517209,17.40000000000066,1,2026,11
SL,-1.0,-1.0624999999999976,24.00000000000091,-1,2026,12
TP,2.0,1.8051948051948006,7.699999999999818,-1,2026,0
SL,-1.0,-1.0943396226415143,15.899999999999181,-1,2026,3
SL,-1.0,-1.0943396226415143,15.899999999999181,-1,2026,3
SL,-1.0,-1.0643776824034323,23.30000000000041,1,2026,4
SL,-1.0,-1.0643776824034323,23.30000000000041,1,2026,4
SL,-1.0,-1.0643776824034323,23.30000000000041,1,2026,4
SL,-1.0,-1.1111111111111187,13.49999999999909,1,2026,10
SL,-1.0,-1.09803921568628,15.299999999999159,1,2026,12
SL,-1.0,-1.0949367088607502,15.800000000001546,-1,2026,12
SL,-1.0,-1.3571428571428437,4.200000000000159,1,2026,0
TP,2.0,1.8780487804877954,12.299999999999045,-1,2026,1
TP,2.0,1.8749999999999751,11.999999999997613,-1,2026,3
SL,-1.0,-1.1282051282051389,11.699999999999022,-1,2026,4
TP,2.0,1.915254237288132,17.69999999999925,1,2026,5
TP,2.0,1.915254237288132,17.69999999999925,1,2026,5
TP,2.0,1.920212765957454,18.80000000000166,1,2026,7
SL,-1.0,-1.0306748466257667,48.90000000000043,1,2026,11
SL,-1.0,-1.0306748466257667,48.90000000000043,1,2026,11
SL,-1.0,-1.2419354838709216,6.200000000001182,1,2026,12
SL,-1.0,-1.1351351351351127,11.100000000001842,-1,2026,13
SL,-1.0,-1.1351351351351127,11.100000000001842,-1,2026,13
SL,-1.0,-1.031645569620252,47.400000000001796,1,2026,17
SL,-1.0,-1.1086956521739313,13.79999999999768,1,2026,18
SL,-1.0,-1.1086956521739313,13.79999999999768,1,2026,18
SL,-1.0,-1.0967741935483863,15.500000000000114,-1,2026,20
SL,-1.0,-1.0967741935483863,15.500000000000114,-1,2026,20
SL,-1.0,-1.1898734177215005,7.900000000000773,1,2026,0
TP,2.0,1.9025974025974004,15.399999999999636,-1,2026,0
TP,2.0,1.9025974025974004,15.399999999999636,-1,2026,0
SL,-1.0,-1.1807228915662067,8.300000000002683,-1,2026,2
TP,2.0,1.9675324675324668,46.19999999999891,-1,2026,6
TP,2.0,1.9675324675324668,46.19999999999891,-1,2026,6
TP,2.0,1.9612403100775195,38.700000000000045,-1,2026,11
SL,-1.0,-1.0208913649025073,71.79999999999893,-1,2026,12
SL,-1.0,-1.0208913649025073,71.79999999999893,-1,2026,12
SL,-1.0,-1.0208913649025073,71.79999999999893,-1,2026,12
fuera,1.013054830287194,0.9738903394255762,38.30000000000098,1,2026,8
fuera,1.013054830287194,0.9738903394255762,38.30000000000098,1,2026,8
SL,-1.0,-1.5357142857144468,2.7999999999991587,-1,2026,8
SL,-1.0,-1.0819672131147573,18.299999999999272,-1,2026,9
fuera,0.5833333333333197,0.5402298850574593,34.80000000000132,1,2026,12
fuera,-0.12152777777776133,-0.17361111111109268,28.80000000000109,1,2026,14
SL,-1.0,-1.1086956521739089,13.800000000000523,-1,2026,16
SL,-1.0,-1.084745762711868,17.69999999999925,-1,2026,21
SL,-1.0,-1.0308008213552364,48.69999999999948,1,2026,23
SL,-1.0,-1.0308008213552364,48.69999999999948,1,2026,23
SL,-1.0,-1.1020408163265367,14.699999999999136,1,2026,0
SL,-1.0,-1.3260869565217939,4.599999999999227,-1,2026,0
SL,-1.0,-1.3260869565217939,4.599999999999227,-1,2026,0
SL,-1.0,-1.1376146788990713,10.900000000000887,1,2026,1
SL,-1.0,-1.1376146788990713,10.900000000000887,1,2026,1
SL,-1.0,-1.0218658892128287,68.59999999999786,1,2026,10
SL,-1.0,-1.0218658892128287,68.59999999999786,1,2026,10
fuera,0.07407407407406358,0.052706552706542155,70.19999999999982,-1,2026,10
fuera,0.07407407407406358,0.052706552706542155,70.19999999999982,-1,2026,10
SL,-1.0,-1.0283553875236298,52.899999999999636,-1,2026,11
SL,-1.0,-1.0283553875236298,52.899999999999636,-1,2026,11
SL,-1.0,-1.10948905109489,13.700000000000045,1,2026,0
SL,-1.0,-1.1041666666666627,14.400000000000546,-1,2026,6
SL,-1.0,-1.0967741935483863,15.500000000000114,1,2026,16
TP,2.0,1.9234693877551012,19.599999999999795,-1,2026,17
SL,-1.0,-1.5357142857144468,2.7999999999991587,-1,2026,4
SL,-1.0,-1.0785340314136116,19.10000000000025,1,2026,6
SL,-1.0,-1.0351288056206072,42.70000000000209,-1,2026,7
TP,2.0,1.9166666666666698,18.000000000000682,1,2026,14
TP,2.0,1.9147727272727213,17.599999999998772,1,2026,17
SL,-1.0,-1.151515151515124,9.900000000001796,-1,2026,20
SL,-1.0,-1.1630434782608465,9.200000000001296,1,2026,0
SL,-1.0,-1.4285714285714703,3.499999999999659,-1,2026,0
SL,-1.0,-1.1764705882352775,8.500000000000796,1,2026,1
TP,2.0,1.1176470588233172,1.6999999999995907,-1,2026,1
SL,-1.0,-1.0769230769230795,19.499999999999318,-1,2026,5
SL,-1.0,-1.08108108108108,18.500000000000227,1,2026,10
TP,2.0,1.7580645161289674,6.19999999999834,-1,2026,11
TP,2.0,1.6808510638297671,4.699999999999704,1,2026,15
SL,-1.0,-1.1315789473684161,11.400000000000432,-1,2026,0
SL,-1.0,-1.1315789473684161,11.400000000000432,-1,2026,0
TP,2.0,1.7945205479452266,7.30000000000075,1,2026,1
TP,2.0,1.7945205479452266,7.30000000000075,1,2026,1
TP,2.0,1.914285714285706,17.499999999998295,1,2026,5
SL,-1.0,-1.0721153846153852,20.79999999999984,1,2026,6
SL,-1.0,-1.1293103448276025,11.599999999998545,-1,2026,7
TP,2.0,1.7321428571429127,5.60000000000116,-1,2026,22
TP,2.0,1.9594594594594599,37.000000000000455,-1,2026,0
SL,-1.0,-1.1685393258426993,8.899999999999864,1,2026,1
TP,2.0,1.8958333333333373,14.400000000000546,-1,2026,2
SL,-1.0,-1.1219512195122046,12.299999999999045,1,2026,10
SL,-1.0,-1.1456310679611528,10.300000000000864,1,2026,11
SL,-1.0,-1.0781249999999971,19.200000000000728,-1,2026,12
SL,-1.0,-1.0781249999999971,19.200000000000728,-1,2026,12
SL,-1.0,-1.08108108108108,18.500000000000227,1,2026,0
TP,2.0,1.9321266968325803,22.100000000000364,-1,2026,1
SL,-1.0,-1.1136363636363593,13.2000000000005,1,2026,5
TP,2.0,1.9567723342939491,34.70000000000084,-1,2026,11
TP,2.0,1.9567723342939491,34.70000000000084,-1,2026,11
TP,2.0,1.9584487534626027,36.099999999999,-1,2026,13
TP,2.0,1.9584487534626027,36.099999999999,-1,2026,13
SL,-1.0,-1.0789473684210535,18.999999999999773,-1,2026,23
SL,-1.0,-1.044910179640718,33.40000000000032,1,2026,0
SL,-1.0,-1.0396825396825382,37.80000000000143,-1,2026,6
fuera,0.40117994100298066,0.37905604719767083,67.79999999999973,1,2026,1
fuera,0.5532786885246699,0.49180327868860424,24.399999999999977,1,2026,2
TP,2.0,1.7368421052632335,5.700000000001637,-1,2026,2
SL,-1.0,-1.0728155339805865,20.599999999998886,1,2026,7
fuera,0.29468599033820736,0.22222222222226312,20.699999999999363,-1,2026,12
SL,-1.0,-1.0617283950617296,24.2999999999995,1,2026,22
SL,-1.0,-1.115384615384594,13.000000000002387,-1,2026,22
SL,-1.0,-1.0842696629213495,17.799999999999727,1,2026,23
TP,2.0,1.6938775510204493,4.900000000000659,-1,2026,23
SL,-1.0,-1.16483516483515,9.100000000000819,1,2026,0
TP,2.0,1.7222222222222328,5.400000000000205,-1,2026,1
SL,-1.0,-1.0464396284829711,32.30000000000075,-1,2026,7
SL,-1.0,-1.0464396284829711,32.30000000000075,-1,2026,7
TP,2.0,1.8214285714285783,8.400000000000318,1,2026,9
TP,2.0,1.8214285714285783,8.400000000000318,1,2026,9
SL,-1.0,-1.0974025974025996,15.399999999999636,1,2026,0
SL,-1.0,-1.0974025974025996,15.399999999999636,1,2026,0
SL,-1.0,-1.0974025974025996,15.399999999999636,1,2026,0
SL,-1.0,-1.0974025974025996,15.399999999999636,1,2026,0
SL,-1.0,-1.157894736842107,9.499999999999886,-1,2026,4
SL,-1.0,-1.157894736842107,9.499999999999886,-1,2026,4
SL,-1.0,-1.157894736842107,9.499999999999886,-1,2026,4
SL,-1.0,-1.157894736842107,9.499999999999886,-1,2026,4
fuera,-0.20413122721750285,-0.22235722964763632,82.30000000000075,-1,2026,22
fuera,-0.20413122721750285,-0.22235722964763632,82.30000000000075,-1,2026,22
fuera,-0.20413122721750285,-0.22235722964763632,82.30000000000075,-1,2026,22
fuera,-0.20413122721750285,-0.22235722964763632,82.30000000000075,-1,2026,22
SL,-1.0,-1.1041666666666832,14.399999999997704,1,2026,0
SL,-1.0,-1.1041666666666832,14.399999999997704,1,2026,0
SL,-1.0,-1.0491803278688558,30.49999999999784,-1,2026,1
SL,-1.0,-1.0491803278688558,30.49999999999784,-1,2026,1
TP,2.0,1.9369747899159662,23.799999999999955,1,2026,0
SL,-1.0,-1.106382978723411,14.099999999999113,-1,2026,2
TP,2.0,1.8453608247422362,9.699999999997999,-1,2026,6
TP,2.0,1.8453608247422362,9.699999999997999,-1,2026,6
SL,-1.0,-1.1006711409395966,14.900000000000091,1,2026,7
SL,-1.0,-1.1006711409395966,14.900000000000091,1,2026,7
SL,-1.0,-1.3750000000000746,3.999999999999204,-1,2026,22
TP,2.0,1.8728813559322286,11.800000000002342,-1,2026,12
SL,-1.0,-1.2205882352940784,6.800000000001205,1,2026,16
SL,-1.0,-1.3000000000001024,4.999999999998295,1,2026,17
TP,2.0,1.88,12.5,-1,2026,17
SL,-1.0,-1.4687499999998435,3.2000000000010687,1,2026,18
SL,-1.0,-1.1807228915662686,8.29999999999984,-1,2026,18
TP,2.0,1.9050632911392498,15.800000000001546,-1,2026,23
TP,2.0,1.9122807017543966,17.10000000000207,-1,2026,0
TP,2.0,1.9122807017543966,17.10000000000207,-1,2026,0
SL,-1.0,-1.1181102362204636,12.700000000000955,1,2026,1
SL,-1.0,-1.1209677419354884,12.399999999999523,1,2026,9
SL,-1.0,-1.09803921568628,15.299999999999159,-1,2026,10
SL,-1.0,-1.245901639344234,6.100000000000705,-1,2026,11
SL,-1.0,-1.0819672131147573,18.299999999999272,1,2026,13
TP,2.0,1.8958333333333373,14.400000000000546,1,2026,14
SL,-1.0,-1.157894736842107,9.499999999999886,1,2026,1
SL,-1.0,-1.092592592592589,16.200000000000614,-1,2026,8
SL,-1.0,-1.050000000000003,29.999999999998295,-1,2026,2
SL,-1.0,-1.050000000000003,29.999999999998295,-1,2026,2
TP,2.0,1.9630541871921188,40.60000000000059,1,2026,3
TP,2.0,1.9630541871921188,40.60000000000059,1,2026,3
SL,-1.0,-1.093750000000002,15.999999999999659,-1,2026,6
TP,2.0,1.8888888888889048,13.500000000001933,1,2026,8
SL,-1.0,-1.0652173913043508,22.999999999998977,1,2026,13
SL,-1.0,-1.0652173913043508,22.999999999998977,1,2026,13
SL,-1.0,-1.0717703349282384,20.899999999997476,-1,2026,15
SL,-1.0,-1.0717703349282384,20.899999999997476,-1,2026,15
SL,-1.0,-1.09803921568628,15.299999999999159,1,2026,0
SL,-1.0,-1.09803921568628,15.299999999999159,1,2026,0
SL,-1.0,-1.5357142857139028,2.800000000002001,-1,2026,0
TP,2.0,1.7368421052632335,5.700000000001637,1,2026,1
TP,2.0,1.687500000000012,4.800000000000182,-1,2026,5
TP,2.0,1.88,12.5,-1,2026,7
TP,2.0,1.9062500000000147,16.0000000000025,-1,2026,8
TP,2.0,1.9062500000000147,16.0000000000025,-1,2026,8
SL,-1.0,-1.1102941176470624,13.599999999999568,1,2026,10
fuera,-0.25718015665797,-0.2767624020887796,76.59999999999911,-1,2026,12
fuera,-0.25718015665797,-0.2767624020887796,76.59999999999911,-1,2026,12
SL,-1.0,-1.0462962962962945,32.40000000000123,-1,2026,13
fuera,0.5785953177257458,0.5284280936454794,29.90000000000066,1,2026,18
SL,-1.0,-1.0684931506849333,21.89999999999941,1,2026,23
TP,2.0,1.9242424242424272,19.80000000000075,-1,2026,0
TP,2.0,1.9242424242424272,19.80000000000075,-1,2026,0
SL,-1.0,-1.0630252100840338,23.799999999999955,1,2026,7
TP,2.0,1.7727272727272814,6.60000000000025,1,2026,13
SL,-1.0,-1.0490196078431353,30.60000000000116,-1,2026,13
SL,-1.0,-1.0490196078431353,30.60000000000116,-1,2026,13
SL,-1.0,-1.1666666666666603,9.000000000000341,1,2026,14
SL,-1.0,-1.0943396226415143,15.899999999999181,1,2026,8
SL,-1.0,-1.3750000000000746,3.999999999999204,-1,2026,8
SL,-1.0,-1.3750000000000746,3.999999999999204,-1,2026,8
SL,-1.0,-1.0738916256157625,20.300000000000296,-1,2026,11
fuera,0.03892215568863804,-0.00598802395208009,33.40000000000032,1,2026,14
fuera,0.03892215568863804,-0.00598802395208009,33.40000000000032,1,2026,14
fuera,0.03892215568863804,-0.00598802395208009,33.40000000000032,1,2026,14
SL,-1.0,-1.0508474576271158,29.50000000000159,-1,2026,17
SL,-1.0,-1.0394736842105268,37.999999999999545,1,2026,19
SL,-1.0,-1.1260504201680674,11.899999999999977,1,2026,0
SL,-1.0,-1.1260504201680674,11.899999999999977,1,2026,0
SL,-1.0,-1.16483516483515,9.100000000000819,-1,2026,0
SL,-1.0,-1.1428571428571181,10.500000000001819,1,2026,2
SL,-1.0,-1.1209677419354884,12.399999999999523,-1,2026,6
SL,-1.0,-1.1209677419354884,12.399999999999523,-1,2026,6
TP,2.0,1.4000000000001365,2.5000000000005684,-1,2026,16
SL,-1.0,-1.1829268292683068,8.199999999999363,1,2026,19
SL,-1.0,-1.0421348314606749,35.599999999999454,-1,2026,0
SL,-1.0,-1.0421348314606749,35.599999999999454,-1,2026,0
SL,-1.0,-1.0421348314606749,35.599999999999454,-1,2026,0
SL,-1.0,-1.087719298245618,17.099999999999227,1,2026,2
SL,-1.0,-1.1127819548872098,13.300000000000978,1,2026,6
SL,-1.0,-1.1127819548872098,13.300000000000978,1,2026,6
SL,-1.0,-1.1785714285714217,8.400000000000318,1,2026,6
fuera,0.256097560975552,0.19512195121945672,24.600000000000932,-1,2026,11
fuera,0.256097560975552,0.19512195121945672,24.600000000000932,-1,2026,11
SL,-1.0,-1.1293103448275708,11.600000000001387,1,2026,13
SL,-1.0,-1.3488372093022738,4.300000000000637,-1,2026,22
SL,-1.0,-1.2000000000000304,7.499999999998863,1,2026,23
SL,-1.0,-1.499999999999981,3.0000000000001137,1,2026,0
TP,2.0,1.8584905660377287,10.599999999999454,-1,2026,0
SL,-1.0,-1.202702702702669,7.400000000001228,1,2026,1
SL,-1.0,-1.202702702702669,7.400000000001228,1,2026,1
SL,-1.0,-1.1006711409395966,14.900000000000091,-1,2026,1
TP,2.0,1.7619047619047172,6.299999999998818,-1,2026,2
SL,-1.0,-1.1785714285714217,8.400000000000318,-1,2026,3
TP,2.0,1.8837209302325753,12.90000000000191,1,2026,9
SL,-1.0,-1.095541401273879,15.700000000001069,1,2026,0
SL,-1.0,-1.7499999999996163,2.000000000001023,-1,2026,0
SL,-1.0,-1.1666666666666603,9.000000000000341,1,2026,1
SL,-1.0,-1.0307377049180328,48.799999999999955,-1,2026,3
SL,-1.0,-1.0307377049180328,48.799999999999955,-1,2026,3
SL,-1.0,-1.0307377049180328,48.799999999999955,-1,2026,3
SL,-1.0,-1.0307377049180328,48.799999999999955,-1,2026,3
SL,-1.0,-1.1000000000000152,14.999999999997726,1,2026,5
SL,-1.0,-1.1000000000000152,14.999999999997726,1,2026,5
TP,2.0,1.9532710280373828,32.099999999999795,1,2026,6
SL,-1.0,-1.0710900473933607,21.100000000001273,-1,2026,8
SL,-1.0,-1.0710900473933607,21.100000000001273,-1,2026,8
SL,-1.0,-1.0710900473933607,21.100000000001273,-1,2026,8
SL,-1.0,-1.095541401273879,15.700000000001069,1,2026,9
SL,-1.0,-1.156249999999994,9.600000000000364,1,2026,10
SL,-1.0,-1.156249999999994,9.600000000000364,1,2026,10
SL,-1.0,-1.3333333333332154,4.500000000001592,-1,2026,0
TP,2.0,1.825581395348863,8.600000000001273,1,2026,1
TP,2.0,1.825581395348863,8.600000000001273,1,2026,1
SL,-1.0,-1.1807228915662686,8.29999999999984,1,2026,9
TP,2.0,-0.14285714285561157,0.7000000000005002,-1,2026,9
SL,-1.0,-1.1807228915662686,8.29999999999984,-1,2026,10
TP,2.0,1.8584905660377287,10.599999999999454,1,2026,11
TP,2.0,1.8584905660377287,10.599999999999454,1,2026,11
SL,-1.0,-1.0867052023121377,17.300000000000182,1,2026,4
SL,-1.0,-1.0420168067226891,35.69999999999993,1,2026,7
SL,-1.0,-1.0420168067226891,35.69999999999993,1,2026,7
TP,2.0,1.9690082644628086,48.399999999998045,-1,2026,7
SL,-1.0,-1.1111111111111187,13.49999999999909,1,2026,8
SL,-1.0,-1.1111111111111187,13.49999999999909,1,2026,8
SL,-1.0,-1.1111111111111187,13.49999999999909,1,2026,8
TP,2.0,1.9745331069609506,58.899999999999864,-1,2026,8
TP,2.0,1.9745331069609506,58.899999999999864,-1,2026,8
TP,2.0,1.9745331069609506,58.899999999999864,-1,2026,8
SL,-1.0,-1.1260504201680674,11.899999999999977,1,2026,9
TP,2.0,1.9409448818897617,25.399999999999068,-1,2026,9
TP,2.0,1.9409448818897617,25.399999999999068,-1,2026,9
TP,2.0,1.9409448818897617,25.399999999999068,-1,2026,9
fuera,0.047792444242156604,0.040964952207563986,219.70000000000027,-1,2026,10
fuera,0.047792444242156604,0.040964952207563986,219.70000000000027,-1,2026,10
fuera,0.047792444242156604,0.040964952207563986,219.70000000000027,-1,2026,10
TP,2.0,1.9686847599164936,47.90000000000134,1,2026,6
SL,-1.0,-1.1785714285714217,8.400000000000318,-1,2026,0
SL,-1.0,-1.033936651583712,44.199999999997885,1,2026,1
SL,-1.0,-1.033936651583712,44.199999999997885,1,2026,1
SL,-1.0,-1.01425855513308,105.19999999999925,-1,2026,3
SL,-1.0,-1.0363196125908005,41.29999999999825,1,2026,9
SL,-1.0,-1.0363196125908005,41.29999999999825,1,2026,9
fuera,1.0221483942414291,1.0055370985603658,90.29999999999916,1,2026,4
fuera,1.0221483942414291,1.0055370985603658,90.29999999999916,1,2026,4
fuera,1.0221483942414291,1.0055370985603658,90.29999999999916,1,2026,4
fuera,-0.48810153358011227,-0.4960338445267013,189.10000000000196,-1,2026,4
fuera,-0.48810153358011227,-0.4960338445267013,189.10000000000196,-1,2026,4
fuera,-0.48810153358011227,-0.4960338445267013,189.10000000000196,-1,2026,4
fuera,-0.48810153358011227,-0.4960338445267013,189.10000000000196,-1,2026,4
fuera,-0.48810153358011227,-0.4960338445267013,189.10000000000196,-1,2026,4
SL,-1.0,-1.0765306122448988,19.599999999999795,-1,2026,17
SL,-1.0,-1.1111111111111187,13.49999999999909,1,2026,18
TP,2.0,1.8214285714285783,8.400000000000318,-1,2026,20
SL,-1.0,-1.0955414012738962,15.699999999998226,1,2026,0
SL,-1.0,-1.0955414012738962,15.699999999998226,1,2026,0
TP,2.0,1.7916666666666745,7.200000000000273,-1,2026,1
TP,2.0,1.7916666666666745,7.200000000000273,-1,2026,1
SL,-1.0,-1.217391304347773,6.900000000001683,1,2026,8
fuera,-0.15675675675673517,-0.23783783783781526,18.500000000000227,-1,2026,12
SL,-1.0,-1.2307692307692388,6.499999999999773,-1,2026,22
SL,-1.0,-1.1229508196721456,12.199999999998568,-1,2026,0
SL,-1.0,-1.1229508196721456,12.199999999998568,-1,2026,0
SL,-1.0,-1.1229508196721456,12.199999999998568,-1,2026,0
TP,2.0,1.9112426035503016,16.900000000001114,1,2026,1
TP,2.0,1.9112426035503016,16.900000000001114,1,2026,1
TP,2.0,1.9112426035503016,16.900000000001114,1,2026,1
TP,2.0,1.9112426035503016,16.900000000001114,1,2026,1
SL,-1.0,-1.1000000000000152,14.999999999997726,-1,2026,6
SL,-1.0,-1.0833333333333302,18.000000000000682,1,2026,0
fuera,1.0086206896551153,0.9827586206895986,58.00000000000125,1,2026,5
fuera,1.0086206896551153,0.9827586206895986,58.00000000000125,1,2026,5
fuera,1.0086206896551153,0.9827586206895986,58.00000000000125,1,2026,5
fuera,1.0086206896551153,0.9827586206895986,58.00000000000125,1,2026,5
SL,-1.0,-1.2678571428572234,5.599999999998317,-1,2026,0
SL,-1.0,-1.1704545454545574,8.799999999999386,1,2026,6
SL,-1.0,-1.5172413793104096,2.899999999999636,-1,2026,2
SL,-1.0,-1.3000000000001024,4.999999999998295,1,2026,3
SL,-1.0,-1.042492917847028,35.29999999999802,1,2026,4
SL,-1.0,-1.042492917847028,35.29999999999802,1,2026,4
SL,-1.0,-1.1041666666666627,14.400000000000546,1,2026,0
SL,-1.0,-1.0619834710743827,24.199999999999022,-1,2026,6
TP,2.0,1.8314606741573007,8.899999999999864,1,2026,23
SL,-1.0,-1.1162790697674503,12.899999999999068,1,2026,0
SL,-1.0,-1.1162790697674503,12.899999999999068,1,2026,0
SL,-1.0,-1.1401869158878513,10.699999999999932,-1,2026,8
SL,-1.0,-1.1401869158878513,10.699999999999932,-1,2026,8
SL,-1.0,-1.09803921568628,15.299999999999159,1,2026,0
SL,-1.0,-1.3750000000000746,3.999999999999204,-1,2026,6
SL,-1.0,-1.1102941176470393,13.60000000000241,1,2026,8
SL,-1.0,-1.0361445783132537,41.499999999999204,1,2026,12
SL,-1.0,-1.0426136363636358,35.20000000000039,-1,2026,16
SL,-1.0,-1.0426136363636358,35.20000000000039,-1,2026,16
SL,-1.0,-1.1415094339622713,10.599999999999454,-1,2026,0
SL,-1.0,-1.1785714285714217,8.400000000000318,1,2026,2
SL,-1.0,-1.1785714285714217,8.400000000000318,1,2026,2
SL,-1.0,-1.1898734177215686,7.899999999997931,-1,2026,3
SL,-1.0,-1.1546391752577185,9.700000000000841,1,2026,13
fuera,1.4023437499999223,1.3437499999999223,25.600000000000023,1,2026,15
fuera,1.4023437499999223,1.3437499999999223,25.600000000000023,1,2026,15
SL,-1.0,-1.1898734177215686,7.899999999997931,-1,2026,16
SL,-1.0,-1.245901639344234,6.100000000000705,-1,2026,0
TP,2.0,1.8026315789473513,7.599999999999341,1,2026,1
TP,2.0,1.8026315789473513,7.599999999999341,1,2026,1
TP,2.0,1.754098360655766,6.100000000000705,-1,2026,7
SL,-1.0,-1.0909090909090953,16.499999999999204,1,2026,10
TP,2.0,0.8461538461543103,1.300000000000523,-1,2026,11
SL,-1.0,-1.1874999999999707,8.00000000000125,1,2026,13
TP,2.0,1.9006622516556173,15.099999999998204,-1,2026,13
SL,-1.0,-1.223880597014901,6.700000000000728,1,2026,0
SL,-1.0,-1.2142857142856482,7.00000000000216,-1,2026,2
SL,-1.0,-1.2000000000000304,7.499999999998863,-1,2026,14
SL,-1.0,-1.1315789473684161,11.400000000000432,1,2026,15
SL,-1.0,-1.1500000000000086,9.999999999999432,1,2026,21
TP,2.0,1.7656250000000782,6.400000000002137,-1,2026,0
TP,2.0,1.8739495798319326,11.899999999999977,1,2026,1
TP,2.0,1.8739495798319326,11.899999999999977,1,2026,1
SL,-1.0,-1.211267605633809,7.099999999999795,1,2026,7
TP,2.0,1.7794117647058292,6.799999999998363,-1,2026,7
SL,-1.0,-1.4411764705883414,3.3999999999991815,1,2026,0
SL,-1.0,-1.652173913042782,2.3000000000024556,-1,2026,0
SL,-1.0,-1.3846153846152298,3.900000000001569,-1,2026,2
TP,2.0,1.7794117647059216,6.800000000001205,1,2026,4
TP,2.0,1.8026315789473513,7.599999999999341,1,2026,6
TP,2.0,1.8529411764705939,10.200000000000387,1,2026,7
TP,2.0,1.444444444444173,2.6999999999986812,-1,2026,8
SL,-1.0,-1.223880597014996,6.699999999997885,-1,2026,9
SL,-1.0,-1.2999999999999319,5.000000000001137,1,2026,13
SL,-1.0,-1.2419354838710326,6.19999999999834,1,2026,15
SL,-1.0,-1.272727272727239,5.500000000000682,-1,2026,16
TP,2.0,1.85576923076921,10.3999999999985,1,2026,0
SL,-1.0,-1.1875000000000373,7.999999999998408,-1,2026,2
SL,-1.0,-1.258620689655078,5.800000000002115,1,2026,6
SL,-1.0,-1.2000000000000304,7.499999999998863,1,2026,8
SL,-1.0,-1.3488372093022738,4.300000000000637,-1,2026,9
SL,-1.0,-1.3409090909092247,4.399999999998272,-1,2026,0
SL,-1.0,-1.3000000000001024,4.999999999998295,1,2026,1
SL,-1.0,-1.1724137931034135,8.70000000000175,1,2026,10
SL,-1.0,-1.1612903225806144,9.300000000001774,-1,2026,12
fuera,-0.1086142322097143,-0.16479400749060807,26.700000000002433,-1,2026,14
SL,-1.0,-1.1376146788990713,10.900000000000887,1,2026,15
SL,-1.0,-1.0867052023121377,17.300000000000182,-1,2026,16
TP,2.0,1.716981132075609,5.300000000002569,1,2026,17
SL,-1.0,-1.555555555555827,2.6999999999986812,1,2026,14
fuera,0.1703703703703532,0.059259259259234615,13.49999999999909,1,2026,15
SL,-1.0,-1.223880597014901,6.700000000000728,1,2026,22
SL,-1.0,-1.223880597014901,6.700000000000728,1,2026,22
SL,-1.0,-1.4054054054056495,3.6999999999977717,-1,2026,23
SL,-1.0,-1.4054054054056495,3.6999999999977717,-1,2026,23
TP,2.0,1.8404255319148837,9.399999999999409,1,2026,0
TP,2.0,1.8404255319148837,9.399999999999409,1,2026,0
TP,2.0,1.8404255319148837,9.399999999999409,1,2026,0
SL,-1.0,-1.202702702702747,7.399999999998386,-1,2026,6
SL,-1.0,-1.0597609561752976,25.100000000000477,1,2026,13
SL,-1.0,-1.0597609561752976,25.100000000000477,1,2026,13
SL,-1.0,-1.1376146788990713,10.900000000000887,-1,2026,16
SL,-1.0,-1.5357142857144468,2.7999999999991587,1,2026,0
TP,2.0,1.6808510638297671,4.699999999999704,1,2026,12
SL,-1.0,-1.1000000000000152,14.999999999997726,1,2026,7
SL,-1.0,-1.1000000000000152,14.999999999997726,1,2026,7
SL,-1.0,-1.0508474576271158,29.50000000000159,-1,2026,7
fuera,0.48974358974361326,0.45128205128207344,38.999999999998636,1,2026,8
fuera,0.48974358974361326,0.45128205128207344,38.999999999998636,1,2026,8
SL,-1.0,-1.416666666666651,3.6000000000001364,1,2026,9
SL,-1.0,-1.454545454545633,3.299999999998704,-1,2026,15
SL,-1.0,-1.1546391752577638,9.699999999997999,1,2026,17
fuera,1.1078066914499154,1.052044609665524,26.899999999997704,1,2026,4
fuera,1.1078066914499154,1.052044609665524,26.899999999997704,1,2026,4
SL,-1.0,-1.8823529411766828,1.6999999999995907,-1,2026,14
SL,-1.0,-1.258620689655078,5.800000000002115,1,2026,18
TP,2.0,1.6808510638297671,4.699999999999704,-1,2026,0
SL,-1.0,-1.039682539682541,37.79999999999859,1,2026,12
SL,-1.0,-1.039682539682541,37.79999999999859,1,2026,12
SL,-1.0,-1.039682539682541,37.79999999999859,1,2026,12
fuera,0.04773269689733002,0.011933174224299944,41.900000000001114,1,2026,13
TP,2.0,1.3750000000000238,2.400000000000091,-1,2026,22
TP,2.0,1.2857142857138295,2.0999999999986585,-1,2026,0
SL,-1.0,-1.312499999999988,4.800000000000182,1,2026,2
SL,-1.0,-1.312499999999988,4.800000000000182,1,2026,2
TP,2.0,1.727272727272761,5.500000000000682,-1,2026,3
SL,-1.0,-1.192307692307685,7.800000000000296,1,2026,7
TP,2.0,1.91428571428572,17.500000000001137,1,2026,8
SL,-1.0,-1.0694444444444418,21.60000000000082,-1,2026,8
SL,-1.0,-1.0694444444444418,21.60000000000082,-1,2026,8
SL,-1.0,-1.0694444444444418,21.60000000000082,-1,2026,8
SL,-1.0,-1.3571428571428437,4.200000000000159,-1,2026,11
TP,2.0,1.6511627906977262,4.300000000000637,1,2026,14
TP,2.0,1.8124999999999627,7.999999999998408,1,2026,15
SL,-1.0,-1.1470588235294061,10.200000000000387,1,2026,0
SL,-1.0,-1.2631578947368978,5.699999999998795,-1,2026,5
TP,2.0,1.8684210526315839,11.400000000000432,1,2026,6
fuera,0.7311827956988738,0.6505376344085543,18.600000000000705,1,2026,16
fuera,0.7311827956988738,0.6505376344085543,18.600000000000705,1,2026,16
fuera,0.7311827956988738,0.6505376344085543,18.600000000000705,1,2026,16
SL,-1.0,-1.3000000000001024,4.999999999998295,-1,2026,17
SL,-1.0,-1.1785714285714217,8.400000000000318,-1,2026,20
SL,-1.0,-1.1785714285714217,8.400000000000318,-1,2026,20
TP,2.0,1.71153846153842,5.19999999999925,-1,2026,0
SL,-1.0,-1.1041666666666627,14.400000000000546,1,2026,1
SL,-1.0,-1.1041666666666627,14.400000000000546,1,2026,1
SL,-1.0,-1.4545454545452414,3.300000000001546,-1,2026,5
TP,2.0,1.6153846153844897,3.8999999999987267,1,2026,8
TP,2.0,1.3478260869564123,2.2999999999996135,1,2026,10
SL,-1.0,-1.1948051948051994,7.699999999999818,-1,2026,12
SL,-1.0,-1.2459016393443485,6.099999999997863,1,2026,1
TP,2.0,1.500000000000019,3.0000000000001137,-1,2026,6
SL,-1.0,-1.1612903225806637,9.299999999998931,1,2026,17
fuera,-0.2264150943396277,-0.2617924528301932,42.40000000000066,-1,2026,17
fuera,-0.2264150943396277,-0.2617924528301932,42.40000000000066,-1,2026,17
fuera,-0.2264150943396277,-0.2617924528301932,42.40000000000066,-1,2026,17
fuera,-0.2264150943396277,-0.2617924528301932,42.40000000000066,-1,2026,17
fuera,-0.2264150943396277,-0.2617924528301932,42.40000000000066,-1,2026,17
fuera,-0.2264150943396277,-0.2617924528301932,42.40000000000066,-1,2026,17
TP,2.0,1.934210526315792,22.800000000000864,1,2026,19
SL,-1.0,-1.0515463917525778,29.09999999999968,-1,2026,19
SL,-1.0,-1.0515463917525778,29.09999999999968,-1,2026,19
TP,2.0,1.90196078431372,15.299999999999159,1,2026,20
TP,2.0,1.6590909090909953,4.400000000001114,1,2026,0
SL,-1.0,-1.1327433628318588,11.299999999999955,1,2026,1
SL,-1.0,-1.2380952380951753,6.30000000000166,-1,2026,3
SL,-1.0,-1.3846153846155103,3.8999999999987267,-1,2026,6
fuera,0.9007092198578973,0.7943262411345078,14.100000000001955,1,2026,8
SL,-1.0,-1.0750000000000042,19.999999999998863,-1,2026,8
SL,-1.0,-1.0437317784256537,34.30000000000177,-1,2026,21
SL,-1.0,-1.0437317784256537,34.30000000000177,-1,2026,21
SL,-1.0,-1.0437317784256537,34.30000000000177,-1,2026,21
TP,2.0,1.925742574257425,20.199999999999818,1,2026,22
SL,-1.0,-1.2499999999999905,6.000000000000227,1,2026,23
fuera,1.0833333333332293,1.0175438596490214,22.800000000000864,1,2026,0
fuera,1.0833333333332293,1.0175438596490214,22.800000000000864,1,2026,0
SL,-1.0,-1.1351351351351473,11.099999999999,1,2026,1
SL,-1.0,-1.1704545454545574,8.799999999999386,-1,2026,2
SL,-1.0,-1.3409090909092247,4.399999999998272,-1,2026,4
SL,-1.0,-1.6249999999999762,2.400000000000091,-1,2026,16
TP,2.0,1.745762711864396,5.89999999999975,1,2026,17
SL,-1.0,-1.1415094339622713,10.599999999999454,1,2026,19
TP,2.0,1.8026315789474252,7.600000000002183,-1,2026,20
SL,-1.0,-1.1973684210526487,7.599999999999341,-1,2026,0
SL,-1.0,-1.2631578947368978,5.699999999998795,1,2026,1
SL,-1.0,-1.2586206896552048,5.799999999999272,-1,2026,2
SL,-1.0,-1.2380952380952828,6.299999999998818,1,2026,4
SL,-1.0,-1.2083333333333255,7.200000000000273,1,2026,13
SL,-1.0,-2.2499999999999525,1.2000000000000455,-1,2026,13
TP,2.0,1.4827586206895904,2.899999999999636,1,2026,14
TP,2.0,1.797297297297331,7.400000000001228,-1,2026,0
TP,2.0,1.797297297297331,7.400000000001228,-1,2026,0
TP,2.0,1.833333333333287,8.999999999997499,1,2026,8
TP,2.0,1.9504950495049547,30.30000000000257,1,2026,18
TP,2.0,1.9504950495049547,30.30000000000257,1,2026,18
TP,2.0,1.9504950495049547,30.30000000000257,1,2026,18
TP,2.0,1.9429657794676756,26.29999999999768,1,2026,19
SL,-1.0,-1.1127819548872337,13.299999999998136,-1,2026,21
TP,2.0,1.9522292993630563,31.399999999999295,1,2026,9
SL,-1.0,-2.1538461538456897,1.300000000000523,-1,2026,9
TP,2.0,1.9127906976744171,17.199999999999704,1,2026,10
TP,2.0,0.7500000000000475,1.2000000000000455,-1,2026,22
TP,2.0,1.807692307692315,7.800000000000296,1,2026,0
SL,-1.0,-1.2083333333333255,7.200000000000273,-1,2026,0
TP,2.0,1.8499999999999914,9.999999999999432,1,2026,1
SL,-1.0,-1.0920245398773105,16.29999999999825,1,2026,13
fuera,1.793774319066052,1.7354085603111893,25.7000000000005,1,2026,14
fuera,-0.7709030100334382,-0.7959866220735726,59.79999999999848,-1,2026,14
fuera,-0.7709030100334382,-0.7959866220735726,59.79999999999848,-1,2026,14
SL,-1.0,-1.1041666666666627,14.400000000000546,1,2026,7
SL,-1.0,-1.0773195876288706,19.39999999999884,-1,2026,7
SL,-1.0,-1.2941176470587303,5.100000000001614,-1,2026,8
TP,2.0,1.9050632911392327,15.799999999998704,1,2026,11
SL,-1.0,-1.2083333333334076,7.199999999997431,1,2026,8
SL,-1.0,-1.2499999999999905,6.000000000000227,-1,2026,10
TP,2.0,1.4230769230771552,2.600000000001046,-1,2026,14
SL,-1.0,-1.1874999999999707,8.00000000000125,1,2026,17
TP,2.0,1.7727272727272814,6.60000000000025,-1,2026,0
TP,2.0,1.727272727272761,5.500000000000682,1,2026,4
SL,-1.0,-1.1546391752577185,9.700000000000841,1,2026,6
SL,-1.0,-1.1764705882353366,8.499999999997954,-1,2026,7
TP,2.0,1.8170731707316932,8.199999999999363,-1,2026,11
SL,-1.0,-2.5000000000013642,0.9999999999990905,-1,2026,0
fuera,-0.6796874999999896,-0.7968750000000024,12.79999999999859,-1,2026,3
SL,-1.0,-1.1485148514851498,10.099999999999909,-1,2026,5
SL,-1.0,-1.081521739130436,18.39999999999975,1,2026,6
fuera,-0.19148936170214695,-0.35106382978726336,9.399999999999409,1,2026,16
TP,2.0,1.8770491803278544,12.199999999998568,1,2026,21
SL,-1.0,-1.1764705882352775,8.500000000000796,-1,2026,22
SL,-1.0,-1.1764705882352775,8.500000000000796,-1,2026,22
TP,2.0,1.6341463414633863,4.099999999999682,1,2026,0
SL,-1.0,-1.2499999999999905,6.000000000000227,-1,2026,6
SL,-1.0,-1.2499999999999905,6.000000000000227,-1,2026,6
TP,2.0,1.7058823529412697,5.100000000001614,1,2026,8
TP,2.0,1.7058823529412697,5.100000000001614,1,2026,8
SL,-1.0,-1.2884615384614224,5.200000000002092,1,2026,9
SL,-1.0,-1.3409090909090047,4.400000000001114,-1,2026,10
SL,-1.0,-1.202702702702747,7.399999999998386,1,2026,13
SL,-1.0,-1.5172413793104096,2.899999999999636,-1,2026,14
TP,2.0,1.9292452830188642,21.19999999999891,1,2026,0
TP,2.0,1.9292452830188642,21.19999999999891,1,2026,0
SL,-1.0,-1.2941176470588944,5.099999999998772,1,2026,0
SL,-1.0,-1.4054054054053382,3.700000000000614,-1,2026,8
SL,-1.0,-1.0213371266002844,70.3000000000003,1,2026,6
SL,-1.0,-1.0213371266002844,70.3000000000003,1,2026,6
SL,-1.0,-1.0213371266002844,70.3000000000003,1,2026,6
TP,2.0,1.970703125,51.200000000000045,-1,2026,6
TP,2.0,1.970703125,51.200000000000045,-1,2026,6
TP,2.0,1.970703125,51.200000000000045,-1,2026,6
TP,2.0,1.970703125,51.200000000000045,-1,2026,6
TP,2.0,1.970703125,51.200000000000045,-1,2026,6
fuera,0.2019417475727806,0.17281553398054844,51.50000000000148,-1,2026,7
fuera,0.2019417475727806,0.17281553398054844,51.50000000000148,-1,2026,7
fuera,0.2019417475727806,0.17281553398054844,51.50000000000148,-1,2026,7
fuera,1.1709183673469592,1.1326530612245098,39.19999999999959,1,2026,6
TP,2.0,1.8000000000000456,7.500000000001705,1,2026,0
TP,2.0,1.8000000000000456,7.500000000001705,1,2026,0
TP,2.0,1.885496183206107,13.100000000000023,1,2026,4
SL,-1.0,-1.2631578947368978,5.699999999998795,-1,2026,6
SL,-1.0,-1.1485148514851498,10.099999999999909,1,2026,9
SL,-1.0,-1.0769230769230795,19.499999999999318,1,2026,23
SL,-1.0,-1.27272727272738,5.49999999999784,-1,2026,0
TP,2.0,1.8571428571428819,10.500000000001819,-1,2026,1
SL,-1.0,-1.0537634408602157,27.899999999999636,1,2026,8
SL,-1.0,-1.0537634408602157,27.899999999999636,1,2026,8
SL,-1.0,-1.1546391752577185,9.700000000000841,1,2026,14
TP,2.0,1.8897058823529376,13.599999999999568,-1,2026,16
SL,-1.0,-1.1785714285714821,8.399999999997476,1,2026,0
SL,-1.0,-1.1785714285714821,8.399999999997476,1,2026,0
SL,-1.0,-1.2272727272727186,6.60000000000025,-1,2026,5
SL,-1.0,-1.1973684210526487,7.599999999999341,-1,2026,6
TP,2.0,1.959239130434782,36.7999999999995,-1,2026,0
TP,2.0,1.959239130434782,36.7999999999995,-1,2026,0
TP,2.0,1.959239130434782,36.7999999999995,-1,2026,0
SL,-1.0,-1.1470588235294061,10.200000000000387,1,2026,1
SL,-1.0,-1.0501672240802664,29.90000000000066,-1,2026,2
SL,-1.0,-1.0501672240802664,29.90000000000066,-1,2026,2
SL,-1.0,-1.0501672240802664,29.90000000000066,-1,2026,2
TP,2.0,1.9085365853658465,16.399999999998727,1,2026,3
TP,2.0,1.9085365853658465,16.399999999998727,1,2026,3
TP,2.0,1.8684210526315512,11.39999999999759,1,2026,21
SL,-1.0,-1.0700934579439256,21.399999999999864,1,2026,0
SL,-1.0,-1.0700934579439256,21.399999999999864,1,2026,0
SL,-1.0,-1.0769230769230795,19.499999999999318,-1,2026,1
SL,-1.0,-1.0769230769230795,19.499999999999318,-1,2026,1
SL,-1.0,-1.0460122699386512,32.59999999999934,1,2026,5
TP,2.0,1.8706896551723975,11.599999999998545,-1,2026,6
SL,-1.0,-1.2380952380952828,6.299999999998818,-1,2026,14
SL,-1.0,-1.1048951048951043,14.300000000000068,1,2026,16
SL,-1.0,-1.1048951048951043,14.300000000000068,1,2026,16
SL,-1.0,-1.1239669421487508,12.100000000000932,-1,2026,18
SL,-1.0,-1.099999999999996,15.000000000000568,1,2026,0
TP,2.0,1.8255813953488054,8.599999999998431,-1,2026,0
SL,-1.0,-1.0672645739910274,22.30000000000132,1,2026,8
SL,-1.0,-1.0672645739910274,22.30000000000132,1,2026,8
TP,2.0,1.848484848484876,9.900000000001796,-1,2026,9
fuera,1.232258064516136,1.1838709677419428,31.000000000000227,1,2026,12
fuera,1.232258064516136,1.1838709677419428,31.000000000000227,1,2026,12
SL,-1.0,-1.0465838509316767,32.20000000000027,-1,2026,12
SL,-1.0,-1.0465838509316767,32.20000000000027,-1,2026,12
TP,2.0,1.8846153846153806,12.999999999999545,1,2026,1
TP,2.0,1.788732394366191,7.099999999999795,1,2026,7
SL,-1.0,-1.066079295154184,22.700000000000387,-1,2026,12
SL,-1.0,-1.0833333333333302,18.000000000000682,-1,2026,17
SL,-1.0,-1.3571428571428437,4.200000000000159,1,2026,0
SL,-1.0,-1.1127819548872098,13.300000000000978,1,2026,14
SL,-1.0,-1.1127819548872098,13.300000000000978,1,2026,14
SL,-1.0,-1.28846153846158,5.19999999999925,-1,2026,15
SL,-1.0,-1.2499999999999905,6.000000000000227,1,2026,16
TP,2.0,1.7794117647058292,6.799999999998363,-1,2026,16
TP,2.0,1.8387096774193363,9.299999999998931,-1,2026,17
TP,2.0,1.8387096774193363,9.299999999998931,-1,2026,17
SL,-1.0,-1.4285714285711224,3.500000000002501,-1,2026,0
SL,-1.0,-1.2678571428570873,5.60000000000116,1,2026,1
TP,2.0,0.1250000000022915,0.8000000000009777,-1,2026,1
fuera,0.34831460674164477,0.17977528089894557,8.899999999999864,-1,2026,16
SL,-1.0,-1.1785714285714217,8.400000000000318,-1,2026,21
SL,-1.0,-1.09803921568628,15.299999999999159,1,2026,22
SL,-1.0,-1.09803921568628,15.299999999999159,1,2026,22
SL,-1.0,-1.09803921568628,15.299999999999159,1,2026,22
TP,2.0,1.8214285714285783,8.400000000000318,-1,2026,22
TP,2.0,1.8214285714285783,8.400000000000318,-1,2026,22
SL,-1.0,-1.0746268656716442,20.09999999999934,-1,2026,0
SL,-1.0,-1.0746268656716442,20.09999999999934,-1,2026,0
SL,-1.0,-1.0746268656716442,20.09999999999934,-1,2026,0
TP,2.0,1.900662251655636,15.100000000001046,1,2026,11
TP,2.0,1.8314606741573007,8.899999999999864,1,2026,13
TP,2.0,1.8314606741573007,8.899999999999864,1,2026,13
SL,-1.0,-1.254237288135604,5.89999999999975,1,2026,14
SL,-1.0,-1.2307692307692388,6.499999999999773,-1,2026,14
SL,-1.0,-1.312499999999988,4.800000000000182,1,2026,15
SL,-1.0,-1.2083333333333255,7.200000000000273,-1,2026,16
SL,-1.0,-1.1704545454545574,8.799999999999386,1,2026,0
SL,-1.0,-1.499999999999981,3.0000000000001137,-1,2026,1
SL,-1.0,-1.5172413793104096,2.899999999999636,-1,2026,6
TP,2.0,1.8026315789474252,7.600000000002183,1,2026,7
TP,2.0,1.8026315789474252,7.600000000002183,1,2026,7
TP,2.0,1.8026315789474252,7.600000000002183,1,2026,7
TP,2.0,1.9268292682926773,20.49999999999841,1,2026,7
TP,2.0,1.9268292682926773,20.49999999999841,1,2026,7
TP,2.0,1.583333333333349,3.6000000000001364,-1,2026,21
SL,-1.0,-1.10948905109489,13.700000000000045,1,2026,22
TP,2.0,1.2499999999993179,1.999999999998181,-1,2026,0
SL,-1.0,-1.0943396226415143,15.899999999999181,-1,2026,1
SL,-1.0,-1.1260504201680674,11.899999999999977,1,2026,2
TP,2.0,1.7727272727272814,6.60000000000025,1,2026,11
SL,-1.0,-1.1595744680851163,9.399999999999409,1,2026,13
SL,-1.0,-1.245901639344234,6.100000000000705,-1,2026,14
SL,-1.0,-1.157894736842107,9.499999999999886,-1,2026,0
SL,-1.0,-1.4054054054056495,3.6999999999977717,1,2026,2
SL,-1.0,-1.230769230769138,6.500000000002615,1,2026,8
TP,2.0,-0.14285714286431217,0.699999999997658,-1,2026,11
SL,-1.0,-1.0691244239631295,21.700000000001296,-1,2026,15
TP,2.0,1.9147727272727213,17.599999999998772,-1,2026,0
TP,2.0,1.9147727272727213,17.599999999998772,-1,2026,0
SL,-1.0,-1.3846153846152298,3.900000000001569,1,2026,1
TP,2.0,1.8453608247422815,9.700000000000841,-1,2026,3
TP,2.0,1.8453608247422815,9.700000000000841,-1,2026,3
TP,2.0,1.8986486486486656,14.800000000002456,1,2026,4
SL,-1.0,-1.0753768844221168,19.899999999998386,-1,2026,4
TP,2.0,1.8026315789473513,7.599999999999341,1,2026,6
SL,-1.0,-1.08108108108108,18.500000000000227,1,2026,7
SL,-1.0,-1.08108108108108,18.500000000000227,1,2026,7
SL,-1.0,-1.0914634146341375,16.40000000000157,1,2026,12
TP,2.0,1.9716981132075473,53.000000000000114,-1,2026,18
SL,-1.0,-1.053003533568907,28.299999999998704,1,2026,0
SL,-1.0,-1.053003533568907,28.299999999998704,1,2026,0
TP,2.0,1.3181818181824312,2.200000000001978,-1,2026,0
TP,2.0,1.825581395348863,8.600000000001273,1,2026,1
SL,-1.0,-5.999999999976126,0.30000000000143245,-1,2026,6
SL,-1.0,-5.999999999976126,0.30000000000143245,-1,2026,6
SL,-1.0,-1.087719298245618,17.099999999999227,1,2026,7
SL,-1.0,-1.087719298245618,17.099999999999227,1,2026,7
SL,-1.0,-1.087719298245618,17.099999999999227,1,2026,7
TP,2.0,1.8214285714285783,8.400000000000318,-1,2026,8
TP,2.0,1.9563953488372086,34.39999999999941,-1,2026,9
TP,2.0,1.9693877551020396,48.99999999999807,-1,2026,10
