mot,R,neta,rgo,lado,anio,hora
TP,2.0,1.9608457321848078,510.7999999999947,1,2023,23
SL,-1.0,-1.896860986547261,22.299999999995634,-1,2023,23
SL,-1.0,-1.087336244541486,228.99999999999636,-1,2023,0
SL,-1.0,-1.087336244541486,228.99999999999636,-1,2023,0
SL,-1.0,-1.031847133757962,627.9999999999973,1,2023,1
SL,-1.0,-1.031847133757962,627.9999999999973,1,2023,1
TP,2.0,1.929824561403512,285.00000000001364,1,2023,0
TP,2.0,1.929824561403512,285.00000000001364,1,2023,0
SL,-1.0,-1.041666666666667,479.99999999999545,1,2023,5
SL,-1.0,-1.041666666666667,479.99999999999545,1,2023,5
SL,-1.0,-1.0630914826498408,317.0000000000073,-1,2023,6
SL,-1.0,-1.0325203252032527,614.9999999999864,-1,2023,12
SL,-1.0,-1.080645161290322,248.00000000000182,1,2023,15
SL,-1.0,-1.080645161290322,248.00000000000182,1,2023,15
TP,2.0,1.9664991624790609,596.99999999998,1,2023,16
SL,-1.0,-1.327868852458948,61.00000000001273,-1,2023,1
SL,-1.0,-1.0573065902578795,349.0000000000009,1,2023,2
SL,-1.0,-1.0573065902578795,349.0000000000009,1,2023,2
SL,-1.0,-1.0757575757575728,264.00000000001,1,2023,12
SL,-1.0,-1.0105374077976819,1898.0000000000018,-1,2023,14
SL,-1.0,-1.0236686390532543,845.0000000000045,1,2023,8
SL,-1.0,-1.0276243093922652,724.0000000000009,-1,2023,11
SL,-1.0,-1.0384467512495195,520.1999999999998,-1,2023,23
TP,2.0,1.9148936170212816,235.00000000001364,1,2023,0
SL,-1.0,-1.034071550255536,587.0000000000118,1,2023,1
SL,-1.0,-1.034071550255536,587.0000000000118,1,2023,1
TP,2.0,1.9291533829259677,282.3000000000093,-1,2023,5
TP,2.0,1.9291533829259677,282.3000000000093,-1,2023,5
TP,2.0,1.96,500.0,-1,2023,6
SL,-1.0,-1.143884892086344,138.99999999998727,1,2023,0
TP,2.0,1.9653559674346102,577.3000000000138,-1,2023,1
SL,-1.0,-1.0358615743231128,557.6999999999998,-1,2023,2
SL,-1.0,-1.0615763546798063,324.799999999982,1,2023,4
SL,-1.0,-1.0564971751412435,353.99999999999636,1,2023,2
SL,-1.0,-1.0564971751412435,353.99999999999636,1,2023,2
SL,-1.0,-1.0373273609555809,535.7999999999947,-1,2023,3
SL,-1.0,-1.0373273609555809,535.7999999999947,-1,2023,3
TP,2.0,1.9547511312217203,442.0000000000073,1,2023,8
TP,2.0,1.9186991869918637,245.9999999999809,1,2023,12
SL,-1.0,-1.0389863547758293,512.9999999999882,1,2023,13
SL,-1.0,-1.0686813186813178,291.20000000000346,-1,2023,13
SL,-1.0,-1.0686813186813178,291.20000000000346,-1,2023,13
SL,-1.0,-1.0205973223480946,971.0000000000036,-1,2023,15
SL,-1.0,-1.0205973223480946,971.0000000000036,-1,2023,15
SL,-1.0,-1.0450755014649549,443.6999999999898,-1,2023,16
SL,-1.0,-1.0375234521575991,532.9999999999927,-1,2023,1
TP,2.0,1.9674902470741225,615.2000000000044,1,2023,2
SL,-1.0,-1.1077005923532597,185.6999999999971,-1,2023,3
TP,2.0,1.9599198396793587,499.0000000000009,1,2023,7
TP,2.0,1.957145918148703,466.69999999999163,1,2023,14
SL,-1.0,-1.037878787878788,527.9999999999973,-1,2023,15
SL,-1.0,-1.037878787878788,527.9999999999973,-1,2023,15
SL,-1.0,-1.037878787878788,527.9999999999973,-1,2023,15
TP,2.0,1.9348534201954384,306.99999999999363,1,2023,16
TP,2.0,1.9607843137254894,509.9999999999909,1,2023,18
TP,2.0,1.9607843137254894,509.9999999999909,1,2023,18
SL,-1.0,-1.0331125827814571,603.9999999999964,1,2023,19
SL,-1.0,-1.0331125827814571,603.9999999999964,1,2023,19
SL,-1.0,-1.0714285714285667,280.0000000000182,-1,2023,3
SL,-1.0,-1.049055678194751,407.6999999999998,-1,2023,4
SL,-1.0,-1.041519618019514,481.7000000000007,1,2023,5
SL,-1.0,-1.029585798816568,675.9999999999991,1,2023,7
fuera,0.3106145251396602,0.28826815642457654,895.0000000000045,-1,2023,8
fuera,0.18194223334090662,0.13645667500567737,439.69999999999345,1,2023,14
TP,2.0,1.9437728422828229,355.70000000000164,1,2023,23
SL,-1.0,-1.0402171727327572,497.29999999999563,1,2023,0
TP,2.0,1.9467660367314323,375.69999999998345,-1,2023,2
TP,2.0,1.9447513812154713,362.0000000000118,-1,2023,5
SL,-1.0,-1.052219321148826,382.9999999999927,-1,2023,6
SL,-1.0,-1.052219321148826,382.9999999999927,-1,2023,6
SL,-1.0,-1.0684931506849298,292.0000000000073,-1,2023,7
SL,-1.0,-1.0416840350145895,479.8000000000002,1,2023,8
SL,-1.0,-1.0416840350145895,479.8000000000002,1,2023,8
SL,-1.0,-1.3333333333332575,60.00000000001364,1,2023,10
SL,-1.0,-1.0271370420624149,737.0000000000118,-1,2023,14
fuera,0.8338363369837104,0.8165904975424756,1159.699999999998,1,2023,15
SL,-1.0,-1.0400801603206413,499.0000000000009,1,2023,1
SL,-1.0,-1.0400801603206413,499.0000000000009,1,2023,1
SL,-1.0,-1.0843881856540123,236.9999999999891,-1,2023,2
SL,-1.0,-1.0843881856540123,236.9999999999891,-1,2023,2
SL,-1.0,-1.0343053173241856,582.9999999999927,1,2023,6
SL,-1.0,-1.072806698216234,274.7000000000071,-1,2023,9
SL,-1.0,-1.0178922884236896,1117.7999999999884,-1,2023,14
SL,-1.0,-1.0178922884236896,1117.7999999999884,-1,2023,14
SL,-1.0,-1.0178922884236896,1117.7999999999884,-1,2023,14
fuera,-0.5659741718135856,-0.5772038180797282,1780.9999999999945,1,2023,15
fuera,-0.5659741718135856,-0.5772038180797282,1780.9999999999945,1,2023,15
fuera,-0.5659741718135856,-0.5772038180797282,1780.9999999999945,1,2023,15
fuera,-0.5659741718135856,-0.5772038180797282,1780.9999999999945,1,2023,15
SL,-1.0,-1.1030927835051518,194.00000000000546,1,2023,0
SL,-1.0,-1.1030927835051518,194.00000000000546,1,2023,0
SL,-1.0,-1.125000000000007,159.9999999999909,-1,2023,0
TP,2.0,1.954264806768809,437.30000000000473,-1,2023,2
TP,2.0,1.9430199430199429,350.9999999999991,-1,2023,3
SL,-1.0,-1.163934426229535,121.99999999997999,-1,2023,5
SL,-1.0,-1.0280112044817933,713.9999999999873,1,2023,6
SL,-1.0,-1.069204152249138,288.99999999998727,1,2023,10
TP,2.0,1.9186330349877978,245.80000000000837,1,2023,13
SL,-1.0,-1.03731343283582,536.0000000000127,-1,2023,13
TP,2.0,1.926389400073607,271.6999999999871,1,2023,18
SL,-1.0,-1.2600780234070204,76.90000000000055,-1,2023,19
SL,-1.0,-1.0438596491228076,455.99999999999454,1,2023,20
TP,2.0,1.9488491048593362,391.0000000000082,-1,2023,0
SL,-1.0,-1.0400962309542898,498.80000000000564,1,2023,7
TP,2.0,1.9368487527628653,316.69999999999163,-1,2023,8
SL,-1.0,-1.0680272108843578,293.9999999999827,1,2023,9
TP,2.0,1.9694189602446492,654.0000000000191,-1,2023,9
SL,-1.0,-1.0307692307692307,650.0,1,2023,13
fuera,0.503261882572209,0.48255151703425764,965.7000000000153,-1,2023,14
TP,2.0,1.8787143723468687,164.89999999998872,1,2023,15
SL,-1.0,-1.0196309383588533,1018.8000000000102,-1,2023,15
SL,-1.0,-1.0277469478357377,720.8000000000084,1,2023,16
SL,-1.0,-1.0277469478357377,720.8000000000084,1,2023,16
SL,-1.0,-1.0602409638554229,331.99999999999363,1,2023,18
SL,-1.0,-1.03715400334386,538.3000000000038,-1,2023,2
TP,2.0,1.8918918918918999,185.00000000001364,1,2023,4
SL,-1.0,-1.06451612903226,309.9999999999909,-1,2023,4
TP,2.0,1.9447971294507322,362.30000000000473,1,2023,5
SL,-1.0,-1.0607902735562318,328.99999999999636,1,2023,10
fuera,0.5131543624161323,0.486308724832239,744.9999999999818,1,2023,15
fuera,0.5131543624161323,0.486308724832239,744.9999999999818,1,2023,15
SL,-1.0,-1.1492537313432927,133.99999999999181,-1,2023,0
SL,-1.0,-1.0713521227256482,280.3000000000111,1,2023,1
SL,-1.0,-1.0276128675963,724.2999999999938,1,2023,4
TP,2.0,1.972677595628416,732.0000000000164,-1,2023,7
TP,2.0,1.9071063632141207,215.300000000002,-1,2023,1
SL,-1.0,-1.1530221882172895,130.70000000000164,1,2023,2
SL,-1.0,-1.1484780994803288,134.699999999998,1,2023,4
TP,2.0,1.8823529411764737,170.00000000000455,-1,2023,4
TP,2.0,1.9488883209813443,391.3000000000011,-1,2023,5
TP,2.0,1.9488883209813443,391.3000000000011,-1,2023,5
TP,2.0,1.8930481283422398,186.9999999999891,-1,2023,6
TP,2.0,1.9848942598187311,1324.000000000001,1,2023,13
TP,2.0,1.9848942598187311,1324.000000000001,1,2023,13
TP,2.0,1.9676375404530748,618.0000000000064,1,2023,14
SL,-1.0,-1.322580645161347,61.999999999989086,-1,2023,15
SL,-1.0,-1.069516857838027,287.69999999999527,1,2023,17
SL,-1.0,-1.1001502253380036,199.7000000000071,-1,2023,2
SL,-1.0,-1.1111111111111138,179.99999999999545,1,2023,3
SL,-1.0,-1.1425516749821791,140.300000000002,-1,2023,11
TP,2.0,1.876771410967348,162.30000000000473,1,2023,12
SL,-1.0,-1.1016776817488627,196.69999999998709,-1,2023,12
SL,-1.0,-1.021905805038335,913.0000000000109,1,2023,15
TP,2.0,1.9610136452241724,513.0000000000109,1,2023,17
SL,-1.0,-1.009150386603834,2185.699999999997,1,2023,19
SL,-1.0,-1.009150386603834,2185.699999999997,1,2023,19
SL,-1.0,-1.013986013986014,1429.9999999999955,1,2023,20
SL,-1.0,-1.045840018336009,436.2999999999829,-1,2023,1
SL,-1.0,-1.0772797527047924,258.79999999999654,1,2023,8
TP,2.0,1.9922390376406673,2576.999999999998,-1,2023,14
TP,2.0,1.9922390376406673,2576.999999999998,-1,2023,14
TP,2.0,1.9922390376406673,2576.999999999998,-1,2023,14
TP,2.0,1.9922390376406673,2576.999999999998,-1,2023,14
TP,2.0,1.9922390376406673,2576.999999999998,-1,2023,14
SL,-1.0,-1.0224265530387977,891.800000000012,1,2023,15
SL,-1.0,-1.0224265530387977,891.800000000012,1,2023,15
SL,-1.0,-1.0224265530387977,891.800000000012,1,2023,15
SL,-1.0,-1.0555555555555534,360.00000000001364,1,2023,16
TP,2.0,1.9740596627756155,770.9999999999809,-1,2023,16
TP,2.0,1.9740596627756155,770.9999999999809,-1,2023,16
TP,2.0,1.9745547073791352,786.0000000000127,-1,2023,17
SL,-1.0,-1.0565291124929337,353.8000000000011,1,2023,7
fuera,0.7297559344700748,0.7230692076228665,2991.000000000008,-1,2023,13
fuera,0.7297559344700748,0.7230692076228665,2991.000000000008,-1,2023,13
TP,2.0,1.965385946694358,577.800000000002,1,2023,23
TP,2.0,1.285714285714216,27.99999999999727,-1,2023,0
SL,-1.0,-1.0250312891113893,799.0000000000009,1,2023,1
TP,2.0,1.8734177215189816,157.99999999999272,1,2023,0
SL,-1.0,-1.0420786871449617,475.2999999999929,-1,2023,11
TP,2.0,1.948333763885299,387.0999999999867,-1,2023,17
SL,-1.0,-1.0153233220962306,1305.1999999999907,1,2023,7
SL,-1.0,-1.0153233220962306,1305.1999999999907,1,2023,7
TP,2.0,1.9209486166007896,252.99999999999727,-1,2023,8
TP,2.0,1.9623352165725043,530.9999999999945,-1,2023,10
TP,2.0,1.954720398460495,441.70000000001437,1,2023,14
SL,-1.0,-1.0858369098712473,232.99999999999272,-1,2023,5
SL,-1.0,-1.051679586563309,386.9999999999891,1,2023,8
SL,-1.0,-1.1265822784810002,158.00000000001546,-1,2023,8
SL,-1.0,-1.043261951113995,462.30000000000473,1,2023,10
SL,-1.0,-1.0201857085183692,990.7999999999902,1,2023,13
TP,2.0,1.9814350691543672,1077.299999999991,-1,2023,14
SL,-1.0,-1.0231561884913745,863.6999999999944,1,2023,16
SL,-1.0,-1.0231561884913745,863.6999999999944,1,2023,16
SL,-1.0,-1.0364963503649633,548.0000000000018,1,2023,17
SL,-1.0,-1.0364963503649633,548.0000000000018,1,2023,17
TP,2.0,1.9696509863429434,658.9999999999918,-1,2023,17
TP,2.0,1.9696509863429434,658.9999999999918,-1,2023,17
SL,-1.0,-1.1005025125628136,199.0000000000009,1,2023,19
SL,-1.0,-1.0258631837579208,773.2999999999947,-1,2023,19
SL,-1.0,-1.0258631837579208,773.2999999999947,-1,2023,19
TP,2.0,1.889502762430936,180.99999999999454,1,2023,20
SL,-1.0,-1.1226993865030592,163.0000000000109,-1,2023,20
SL,-1.0,-1.0649350649350617,308.00000000001546,1,2023,1
TP,2.0,1.9401197604790403,333.9999999999918,-1,2023,1
TP,2.0,1.9401197604790403,333.9999999999918,-1,2023,1
SL,-1.0,-1.0358422939068106,557.9999999999927,-1,2023,3
SL,-1.0,-1.0358422939068106,557.9999999999927,-1,2023,3
fuera,0.7182641611464309,0.6912261727727657,739.6999999999935,1,2023,5
SL,-1.0,-1.0231803430690776,862.7999999999929,1,2023,7
SL,-1.0,-1.0231803430690776,862.7999999999929,1,2023,7
TP,2.0,1.9543378995433802,438.0000000000109,-1,2023,8
TP,2.0,1.9543378995433802,438.0000000000109,-1,2023,8
TP,2.0,1.9224806201550435,258.00000000001546,-1,2023,23
TP,2.0,1.9224806201550435,258.00000000001546,-1,2023,23
SL,-1.0,-1.0809716599190275,247.00000000000273,1,2023,0
SL,-1.0,-1.0606060606060614,329.99999999999545,1,2023,1
SL,-1.0,-1.082304526748969,243.00000000000637,-1,2023,1
SL,-1.0,-1.0588235294117632,340.0000000000091,-1,2023,3
TP,2.0,1.944598337950137,360.99999999999,-1,2023,6
TP,2.0,1.944598337950137,360.99999999999,-1,2023,6
SL,-1.0,-1.0424358158285596,471.29999999999654,-1,2023,16
TP,2.0,1.9574468085106387,470.00000000000455,1,2023,18
SL,-1.0,-1.2111932418162359,94.70000000001164,-1,2023,4
TP,2.0,1.8734177215189998,158.00000000001546,1,2023,5
TP,2.0,1.9223903764066743,257.6999999999998,-1,2023,6
SL,-1.0,-1.016025641025641,1248.0000000000018,1,2023,13
SL,-1.0,-1.016025641025641,1248.0000000000018,1,2023,13
TP,2.0,1.9752229930624383,807.2000000000116,-1,2023,13
TP,2.0,1.9752229930624383,807.2000000000116,-1,2023,13
TP,2.0,1.9752229930624383,807.2000000000116,-1,2023,13
fuera,1.342578710644652,1.3275862068965263,1334.0000000000146,-1,2023,15
SL,-1.0,-1.03883495145631,515.0000000000091,-1,2023,16
TP,2.0,1.521531100478346,41.79999999998927,-1,2023,1
TP,2.0,1.9748838377495916,796.2999999999965,-1,2023,2
TP,2.0,1.948320413436691,386.9999999999891,-1,2023,3
SL,-1.0,-1.1351351351351335,148.00000000000182,1,2023,6
SL,-1.0,-1.021812629512488,916.8999999999869,-1,2023,7
SL,-1.0,-1.0279720279720286,714.9999999999864,-1,2023,8
TP,2.0,1.9365079365079338,314.99999999998636,1,2023,13
SL,-1.0,-1.0241545893719808,827.9999999999973,-1,2023,14
SL,-1.0,-1.0684931506849298,292.0000000000073,1,2023,18
TP,2.0,1.9566160520607365,460.99999999999,-1,2023,1
SL,-1.0,-1.0564493367202952,354.29999999998927,1,2023,2
TP,2.0,1.887005649717513,176.99999999999818,-1,2023,4
fuera,0.9399927263910636,0.9157473633167516,824.9000000000024,1,2023,15
SL,-1.0,-1.1603849238171522,124.7000000000071,-1,2023,18
TP,2.0,1.8809523809523854,168.00000000000637,1,2023,0
SL,-1.0,-1.0699300699300724,285.99999999999,1,2023,2
SL,-1.0,-1.0907852927825703,220.29999999999745,-1,2023,4
SL,-1.0,-1.0907852927825703,220.29999999999745,-1,2023,4
SL,-1.0,-1.0602409638554229,331.99999999999363,1,2023,5
SL,-1.0,-1.0602409638554229,331.99999999999363,1,2023,5
SL,-1.0,-1.1255492780916452,159.30000000000746,-1,2023,6
SL,-1.0,-1.0601142170123234,332.6999999999998,1,2023,7
SL,-1.0,-1.0946521533364961,211.2999999999829,-1,2023,17
TP,2.0,1.908256880733938,217.99999999998363,-1,2023,0
TP,2.0,1.908256880733938,217.99999999998363,-1,2023,0
SL,-1.0,-1.0879894412670514,227.2999999999911,1,2023,1
SL,-1.0,-1.1459854014598656,136.9999999999891,1,2023,3
SL,-1.0,-1.1459854014598656,136.9999999999891,1,2023,3
SL,-1.0,-1.0502134069796643,398.2999999999947,-1,2023,7
SL,-1.0,-1.0502134069796643,398.2999999999947,-1,2023,7
TP,2.0,1.9339933993399334,302.99999999999727,1,2023,12
SL,-1.0,-1.094339622641504,212.00000000001182,-1,2023,1
SL,-1.0,-1.094339622641504,212.00000000001182,-1,2023,1
SL,-1.0,-1.0409081611781559,488.89999999998963,1,2023,7
SL,-1.0,-1.0409081611781559,488.89999999998963,1,2023,7
TP,2.0,1.9548532731376982,443.00000000000637,-1,2023,12
TP,2.0,1.9548532731376982,443.00000000000637,-1,2023,12
TP,2.0,1.9548532731376982,443.00000000000637,-1,2023,12
TP,2.0,1.9548532731376982,443.00000000000637,-1,2023,12
SL,-1.0,-1.1739130434782472,115.0000000000091,1,2023,18
TP,2.0,1.856115107913656,138.99999999998727,1,2023,0
SL,-1.0,-1.078431372549021,254.99999999999545,-1,2023,3
SL,-1.0,-1.056006720806498,357.09999999999127,1,2023,6
SL,-1.0,-1.0250532381310287,798.2999999999947,1,2023,13
TP,2.0,1.958771387342817,485.1000000000113,-1,2023,15
SL,-1.0,-1.0586510263929605,341.0000000000082,1,2023,0
TP,2.0,1.9528301886792454,424.0000000000009,-1,2023,7
SL,-1.0,-1.11474469305795,174.29999999999382,1,2023,11
TP,2.0,1.9021047479197208,204.29999999998927,-1,2023,12
SL,-1.0,-1.0470588235294118,425.0,-1,2023,3
TP,2.0,1.909090909090911,220.00000000000455,1,2023,4
SL,-1.0,-1.0572409845449318,349.4000000000142,1,2023,14
SL,-1.0,-1.2500000000000142,79.99999999999545,-1,2023,20
SL,-1.0,-1.1164822364589333,171.70000000000982,-1,2023,0
SL,-1.0,-1.1583531274742491,126.30000000001473,1,2023,2
TP,2.0,1.9665047730698375,597.1000000000004,1,2023,8
TP,2.0,1.9665047730698375,597.1000000000004,1,2023,8
TP,2.0,1.9627352338364075,536.6999999999962,1,2023,15
TP,2.0,1.9627352338364075,536.6999999999962,1,2023,15
SL,-1.0,-1.0686577411603209,291.29999999997835,1,2023,17
TP,2.0,1.8934469898774742,187.700000000018,-1,2023,17
SL,-1.0,-1.0904977375565597,221.00000000000364,-1,2023,0
TP,2.0,1.9661016949152548,590.0000000000091,1,2023,1
TP,2.0,1.9661016949152548,590.0000000000091,1,2023,1
SL,-1.0,-1.1282051282051326,155.99999999999454,-1,2023,2
SL,-1.0,-1.7905138339923166,25.299999999992906,-1,2023,3
SL,-1.0,-1.0531914893617023,375.9999999999991,1,2023,6
SL,-1.0,-1.0531914893617023,375.9999999999991,1,2023,6
SL,-1.0,-1.0321543408360128,622.0000000000027,-1,2023,9
SL,-1.0,-1.096153846153839,208.00000000001546,1,2023,1
SL,-1.0,-1.069856793573179,286.2999999999829,-1,2023,1
SL,-1.0,-1.109829763866013,182.09999999999127,1,2023,2
TP,2.0,1.8775260257195374,163.30000000000382,1,2023,0
SL,-1.0,-1.0727272727272728,275.0,-1,2023,1
SL,-1.0,-1.1010101010101,198.00000000000182,-1,2023,7
SL,-1.0,-1.1192605843768701,167.69999999999072,1,2023,9
SL,-1.0,-1.080645161290322,248.00000000000182,-1,2023,4
TP,2.0,1.887005649717513,176.99999999999818,1,2023,0
TP,2.0,1.887005649717513,176.99999999999818,1,2023,0
TP,2.0,1.938022931515341,322.7000000000089,-1,2023,9
TP,2.0,1.938022931515341,322.7000000000089,-1,2023,9
SL,-1.0,-1.270270270270267,74.00000000000091,1,2023,12
TP,2.0,1.9577167019027486,473.0000000000018,-1,2023,13
TP,2.0,1.9577167019027486,473.0000000000018,-1,2023,13
SL,-1.0,-1.0145348837209303,1375.999999999999,-1,2023,15
SL,-1.0,-1.0145348837209303,1375.999999999999,-1,2023,15
SL,-1.0,-1.0145348837209303,1375.999999999999,-1,2023,15
SL,-1.0,-1.192307692307657,104.0000000000191,1,2023,0
SL,-1.0,-1.106382978723398,188.0000000000109,-1,2023,1
TP,2.0,1.9449035812672157,362.9999999999882,-1,2023,15
SL,-1.0,-1.0480769230769247,415.99999999998545,-1,2023,1
TP,2.0,1.8333333333333397,120.00000000000455,1,2023,2
SL,-1.0,-1.0286944045911046,697.0000000000027,-1,2023,15
SL,-1.0,-1.0296164667555163,675.2999999999929,1,2023,18
SL,-1.0,-1.0913242009132493,218.99999999998272,-1,2023,8
fuera,0.621077818260923,0.6102017510468276,1838.8999999999896,1,2023,14
fuera,0.621077818260923,0.6102017510468276,1838.8999999999896,1,2023,14
fuera,0.621077818260923,0.6102017510468276,1838.8999999999896,1,2023,14
fuera,0.621077818260923,0.6102017510468276,1838.8999999999896,1,2023,14
SL,-1.0,-1.0229885057471264,870.0000000000045,-1,2023,16
SL,-1.0,-1.0229885057471264,870.0000000000045,-1,2023,16
TP,2.0,1.7693194925028732,86.69999999999618,1,2023,0
TP,2.0,1.937106918238995,318.00000000000637,1,2023,12
SL,-1.0,-1.0216450216450217,924.0000000000009,-1,2023,7
SL,-1.0,-1.0216450216450217,924.0000000000009,-1,2023,7
TP,2.0,1.9792960662525876,965.9999999999854,1,2023,8
TP,2.0,1.9792960662525876,965.9999999999854,1,2023,8
SL,-1.0,-1.0183823529411762,1088.000000000011,-1,2023,23
SL,-1.0,-1.0183823529411762,1088.000000000011,-1,2023,23
SL,-1.0,-1.0473933649289122,421.99999999998,-1,2023,0
SL,-1.0,-1.0473933649289122,421.99999999998,-1,2023,0
TP,2.0,1.9739481568320962,767.7000000000135,1,2023,4
TP,2.0,1.9739481568320962,767.7000000000135,1,2023,4
SL,-1.0,-1.0602409638554229,331.99999999999363,-1,2023,4
SL,-1.0,-1.0451467268623018,443.00000000000637,1,2023,5
SL,-1.0,-1.0149253731343282,1340.000000000009,-1,2023,21
SL,-1.0,-1.0673400673400668,297.00000000000273,-1,2023,0
TP,2.0,1.9646205554572795,565.300000000002,1,2023,1
SL,-1.0,-1.0146950771491552,1360.99999999999,1,2023,4
SL,-1.0,-1.0432900432900443,461.9999999999891,-1,2023,5
SL,-1.0,-1.0134255219171646,1489.6999999999935,1,2023,6
TP,2.0,1.9861782999308915,1447.0000000000027,-1,2023,8
TP,2.0,1.873497786211251,158.09999999999036,1,2023,5
TP,2.0,1.9764428739693758,849.0000000000009,-1,2023,6
TP,2.0,1.9557522123893802,451.9999999999982,-1,2023,7
SL,-1.0,-1.0557103064066866,358.9999999999918,1,2023,8
SL,-1.0,-1.0486263068319954,411.30000000000564,1,2023,18
TP,2.0,1.9640287769784168,555.9999999999945,1,2023,6
fuera,0.33984265804081043,0.33185575655924027,2504.1000000000167,1,2023,17
SL,-1.0,-1.0252525252525257,791.9999999999845,-1,2023,17
SL,-1.0,-1.0368595650571313,542.6000000000158,-1,2023,21
SL,-1.0,-1.0611620795107037,326.9999999999982,1,2023,23
TP,2.0,1.9275362318840636,276.0000000000218,1,2023,0
SL,-1.0,-1.049261083743843,405.99999999999454,-1,2023,0
TP,2.0,1.9687987519500774,640.9999999999854,1,2023,1
SL,-1.0,-1.0531914893617023,375.9999999999991,-1,2023,4
fuera,-0.6102055279943288,-0.6259547995905174,1269.900000000007,1,2023,12
SL,-1.0,-1.017391304347826,1150.0,1,2023,15
SL,-1.0,-1.017391304347826,1150.0,1,2023,15
SL,-1.0,-1.017391304347826,1150.0,1,2023,15
TP,2.0,1.5652173913043823,46.00000000000364,1,2023,0
TP,2.0,1.9289015286171374,281.3000000000102,-1,2023,4
TP,2.0,1.9528301886792454,424.0000000000009,1,2023,7
fuera,-0.844497607655529,-0.892344497607684,417.99999999998363,1,2023,16
fuera,0.47638326585694113,0.44939271255059865,741.0000000000082,-1,2023,16
TP,2.0,1.967394848386045,613.4000000000015,-1,2023,22
TP,2.0,1.967394848386045,613.4000000000015,-1,2023,22
SL,-1.0,-1.080645161290322,248.00000000000182,-1,2023,0
SL,-1.0,-1.0593471810089,337.0000000000118,1,2023,2
SL,-1.0,-1.065359477124184,305.99999999999454,1,2023,6
SL,-1.0,-1.040160642570281,498.0000000000018,1,2023,7
TP,2.0,1.9484536082474242,388.0000000000109,-1,2023,8
SL,-1.0,-1.0157965405576177,1266.1000000000058,-1,2023,9
TP,2.0,1.9065420560747708,214.00000000001,-1,2023,12
SL,-1.0,-1.0197180321403922,1014.3000000000029,1,2023,14
TP,2.0,1.7674418604650892,85.99999999999,-1,2023,14
SL,-1.0,-1.0354044963710398,564.8999999999887,1,2023,17
TP,2.0,1.9275362318840576,275.9999999999991,-1,2023,1
TP,2.0,1.6923076923077354,65.0000000000091,1,2023,3
TP,2.0,1.9250936329588035,267.0000000000073,-1,2023,4
TP,2.0,1.947285187137587,379.40000000000964,1,2023,1
SL,-1.0,-1.105820105820113,188.99999999998727,-1,2023,2
SL,-1.0,-1.2666666666666666,75.0,-1,2023,6
SL,-1.0,-1.0778210116731537,256.99999999999363,1,2023,12
SL,-1.0,-1.0392695857058702,509.30000000000746,-1,2023,12
SL,-1.0,-1.0392695857058702,509.30000000000746,-1,2023,12
SL,-1.0,-1.1142857142857143,175.0,1,2023,17
SL,-1.0,-1.1142857142857143,175.0,1,2023,17
SL,-1.0,-1.119760479041911,167.00000000000728,-1,2023,22
SL,-1.0,-1.1204819277108373,166.00000000000819,-1,2023,23
TP,2.0,1.9,200.0,1,2023,0
SL,-1.0,-1.0602409638554187,332.00000000001637,1,2023,1
TP,2.0,1.84126984126984,125.99999999999909,-1,2023,1
SL,-1.0,-1.1052631578947318,190.0000000000091,-1,2023,5
SL,-1.0,-1.038461538461538,520.0000000000045,1,2023,6
SL,-1.0,-1.4347826086958326,45.9999999999809,1,2023,7
SL,-1.0,-1.022642363862787,883.3000000000084,-1,2023,7
fuera,-0.7570381797145812,-0.8341689163131135,259.30000000000746,1,2023,19
SL,-1.0,-1.0201938610662358,990.3999999999996,-1,2023,22
SL,-1.0,-1.0360295442262646,555.1000000000158,1,2023,0
SL,-1.0,-1.0360295442262646,555.1000000000158,1,2023,0
SL,-1.0,-1.0256081946222786,781.0000000000173,-1,2023,2
SL,-1.0,-1.0256081946222786,781.0000000000173,-1,2023,2
SL,-1.0,-1.0256081946222786,781.0000000000173,-1,2023,2
TP,2.0,1.9766627771295213,856.9999999999936,1,2023,7
TP,2.0,1.9689778191406861,644.7000000000116,1,2023,10
TP,2.0,1.9689778191406861,644.7000000000116,1,2023,10
TP,2.0,1.9801271860095386,1006.3999999999851,1,2023,14
SL,-1.0,-1.0525348043078537,380.70000000000164,-1,2023,14
SL,-1.0,-1.069613644274282,287.299999999982,-1,2023,18
TP,2.0,1.9181334424887428,244.29999999999836,-1,2023,0
TP,2.0,1.9778368794326244,902.4000000000115,1,2023,13
TP,2.0,1.9778368794326244,902.4000000000115,1,2023,13
TP,2.0,1.9778368794326244,902.4000000000115,1,2023,13
SL,-1.0,-1.1449275362318965,137.99999999998818,-1,2023,2
SL,-1.0,-1.0790513833992104,252.99999999999727,1,2023,7
TP,2.0,1.9328859060402688,298.0000000000018,1,2023,2
fuera,-0.39370973853731844,-0.412656309208027,1055.600000000004,-1,2023,13
SL,-1.0,-1.0263400500460949,759.3000000000075,-1,2023,0
SL,-1.0,-1.0263400500460949,759.3000000000075,-1,2023,0
TP,2.0,1.909788001804244,221.70000000000982,1,2023,2
SL,-1.0,-1.1282051282051326,155.99999999999454,1,2023,11
SL,-1.0,-1.0321905681635282,621.2999999999965,-1,2023,13
SL,-1.0,-1.08166598611678,244.9000000000069,-1,2023,5
TP,2.0,1.9533799533799554,429.0000000000191,1,2023,7
TP,2.0,1.9315068493150649,291.99999999998454,-1,2023,8
TP,2.0,1.9315068493150649,291.99999999998454,-1,2023,8
TP,2.0,1.9315068493150649,291.99999999998454,-1,2023,8
SL,-1.0,-1.0911992704058375,219.29999999999836,1,2023,16
SL,-1.0,-1.0911992704058375,219.29999999999836,1,2023,16
SL,-1.0,-1.0911992704058375,219.29999999999836,1,2023,16
SL,-1.0,-1.129870129870133,153.99999999999636,1,2023,0
SL,-1.0,-1.0185701021355618,1076.9999999999982,1,2023,1
SL,-1.0,-1.0185701021355618,1076.9999999999982,1,2023,1
SL,-1.0,-1.0185701021355618,1076.9999999999982,1,2023,1
SL,-1.0,-1.0185701021355618,1076.9999999999982,1,2023,1
TP,2.0,1.7412677878396323,77.30000000001382,-1,2023,4
SL,-1.0,-1.0440625688477618,453.90000000002146,-1,2023,8
SL,-1.0,-1.0126143172500788,1585.5000000000018,1,2023,12
SL,-1.0,-1.0325732899022797,614.00000000001,-1,2023,14
SL,-1.0,-1.0709219858156045,281.99999999999363,-1,2023,6
TP,2.0,1.9495331819328787,396.29999999999654,1,2023,7
SL,-1.0,-1.0782166601486112,255.70000000000164,-1,2023,8
SL,-1.0,-1.0108049702863318,1850.999999999999,1,2023,12
TP,2.0,1.9870959416736564,1549.9000000000024,-1,2023,12
fuera,-0.2220480038596028,-0.23008885136492985,2487.3000000000047,-1,2023,14
fuera,-0.2220480038596028,-0.23008885136492985,2487.3000000000047,-1,2023,14
fuera,-0.2220480038596028,-0.23008885136492985,2487.3000000000047,-1,2023,14
fuera,-0.2220480038596028,-0.23008885136492985,2487.3000000000047,-1,2023,14
fuera,-0.2220480038596028,-0.23008885136492985,2487.3000000000047,-1,2023,14
fuera,-0.2220480038596028,-0.23008885136492985,2487.3000000000047,-1,2023,14
fuera,-0.7707587105177731,-0.8358840768479557,307.100000000014,1,2023,18
fuera,-0.7707587105177731,-0.8358840768479557,307.100000000014,1,2023,18
fuera,-0.7707587105177731,-0.8358840768479557,307.100000000014,1,2023,18
TP,2.0,1.9004479840716668,200.89999999997872,-1,2023,23
TP,2.0,1.9204138479904471,251.299999999992,-1,2023,0
SL,-1.0,-1.0256081946222793,780.9999999999945,1,2023,1
SL,-1.0,-1.0256081946222793,780.9999999999945,1,2023,1
SL,-1.0,-1.1081081081081134,184.9999999999909,-1,2023,1
SL,-1.0,-1.0267022696929238,749.0000000000009,1,2023,5
SL,-1.0,-1.0267022696929238,749.0000000000009,1,2023,5
SL,-1.0,-1.0199203187250991,1004.0000000000191,-1,2023,12
SL,-1.0,-1.0199203187250991,1004.0000000000191,-1,2023,12
SL,-1.0,-1.0170068027210883,1175.999999999999,-1,2023,14
SL,-1.0,-1.0170068027210883,1175.999999999999,-1,2023,14
TP,2.0,1.9578947368421054,475.0,1,2023,15
TP,2.0,1.87096774193548,154.99999999999545,-1,2023,3
SL,-1.0,-1.0536193029490646,372.9999999999791,1,2023,7
SL,-1.0,-1.1043296817944628,191.70000000001437,-1,2023,7
SL,-1.0,-1.1530221882172895,130.70000000000164,1,2023,8
TP,2.0,1.8969072164948482,194.00000000000546,-1,2023,8
SL,-1.0,-1.0253807106598982,788.0000000000109,1,2023,13
TP,2.0,1.7985901309164023,99.29999999999382,1,2023,20
SL,-1.0,-1.078740157480309,254.0000000000191,1,2023,0
TP,2.0,1.9578681272382563,474.7000000000071,-1,2023,1
TP,2.0,1.9476439790575908,381.99999999999363,-1,2023,5
SL,-1.0,-1.0196405774329766,1018.2999999999993,-1,2023,6
SL,-1.0,-1.0196405774329766,1018.2999999999993,-1,2023,6
SL,-1.0,-1.2020202020202002,99.00000000000091,1,2023,7
SL,-1.0,-1.0173505682311095,1152.7000000000044,-1,2023,8
fuera,-0.22084805653709927,-0.2385159010600672,1132.0000000000164,1,2023,13
TP,2.0,1.9190283400809725,247.00000000000273,1,2023,14
SL,-1.0,-1.0558659217877107,357.9999999999927,1,2023,1
SL,-1.0,-1.039603960396038,505.0000000000182,-1,2023,2
TP,2.0,1.9122807017543848,227.99999999999727,1,2023,3
TP,2.0,1.9009900990099,201.99999999999818,-1,2023,6
SL,-1.0,-1.049140049140047,407.00000000001637,1,2023,10
SL,-1.0,-1.0539519827353674,370.699999999988,-1,2023,13
TP,2.0,1.881023200475894,168.09999999998126,-1,2023,17
SL,-1.0,-1.0573065902578795,349.0000000000009,1,2023,23
TP,2.0,1.8041136141038117,102.09999999999582,-1,2023,0
SL,-1.0,-1.1212121212121313,164.99999999998636,1,2023,1
TP,2.0,1.8870056497175274,177.00000000002092,-1,2023,4
fuera,0.6257459505541267,0.6086956521739051,1173.0000000000018,-1,2023,6
fuera,0.6257459505541267,0.6086956521739051,1173.0000000000018,-1,2023,6
fuera,-0.00900584795321621,-0.03239766081871341,854.9999999999955,-1,2023,14
TP,2.0,1.7590361445783582,83.00000000001546,-1,2023,0
TP,2.0,1.9517723655654682,414.69999999999345,1,2023,8
SL,-1.0,-1.052356020942406,382.00000000001637,-1,2023,9
TP,2.0,1.8984771573604076,197.00000000000273,1,2023,16
SL,-1.0,-1.0550964187327807,363.0000000000109,1,2023,0
TP,2.0,1.9425287356321843,348.0000000000018,-1,2023,2
SL,-1.0,-1.0282485875706218,707.9999999999927,-1,2023,7
TP,2.0,1.8530492285084608,136.10000000001037,1,2023,13
SL,-1.0,-1.023576564894495,848.2999999999947,-1,2023,13
TP,2.0,1.9130434782608765,230.0000000000182,1,2023,16
SL,-1.0,-1.0431034482758612,464.00000000001,-1,2023,0
SL,-1.0,-1.0589970501474908,339.00000000001,1,2023,1
SL,-1.0,-1.044150110375274,453.00000000002,-1,2023,3
SL,-1.0,-1.0363702491362063,549.9000000000024,1,2023,13
TP,2.0,1.968203497615262,628.9999999999964,-1,2023,13
TP,2.0,1.968203497615262,628.9999999999964,-1,2023,13
SL,-1.0,-1.0341296928327637,586.0000000000127,-1,2023,16
SL,-1.0,-1.1178550383028794,169.70000000001164,1,2023,23
SL,-1.0,-1.0302114803625382,661.9999999999891,1,2023,2
SL,-1.0,-1.0546000546000545,366.3000000000011,-1,2023,5
SL,-1.0,-1.0419287211740043,476.9999999999982,1,2023,6
fuera,0.948839594819863,0.9231952814463535,779.8999999999978,1,2023,13
fuera,0.948839594819863,0.9231952814463535,779.8999999999978,1,2023,13
SL,-1.0,-1.02839295854628,704.4000000000096,-1,2023,13
SL,-1.0,-1.02839295854628,704.4000000000096,-1,2023,13
SL,-1.0,-1.02839295854628,704.4000000000096,-1,2023,13
SL,-1.0,-1.0366233290606115,546.1000000000013,1,2023,17
SL,-1.0,-1.0366233290606115,546.1000000000013,1,2023,17
SL,-1.0,-1.0366233290606115,546.1000000000013,1,2023,17
SL,-1.0,-1.0362318840579712,551.9999999999982,1,2023,1
SL,-1.0,-1.0362318840579712,551.9999999999982,1,2023,1
SL,-1.0,-1.1470588235294226,135.99999999999,1,2023,5
SL,-1.0,-1.0414078674948226,483.00000000001546,-1,2023,5
SL,-1.0,-1.0414078674948226,483.00000000001546,-1,2023,5
SL,-1.0,-1.0525072197427119,380.90000000001965,-1,2023,7
fuera,0.6008515815085234,0.5765206812652144,822.0000000000027,1,2023,12
fuera,0.6008515815085234,0.5765206812652144,822.0000000000027,1,2023,12
TP,2.0,1.940705603320487,337.30000000000473,-1,2023,0
TP,2.0,1.940705603320487,337.30000000000473,-1,2023,0
TP,2.0,1.9501246882793017,400.9999999999991,1,2023,10
TP,2.0,1.9501246882793017,400.9999999999991,1,2023,10
SL,-1.0,-1.0127526621182172,1568.2999999999993,1,2023,12
SL,-1.0,-1.0127526621182172,1568.2999999999993,1,2023,12
SL,-1.0,-1.0127526621182172,1568.2999999999993,1,2023,12
SL,-1.0,-1.0127526621182172,1568.2999999999993,1,2023,12
SL,-1.0,-1.0156372165754497,1278.9999999999964,-1,2023,14
SL,-1.0,-1.0156372165754497,1278.9999999999964,-1,2023,14
SL,-1.0,-1.2083333333333255,96.00000000000364,-1,2023,6
TP,2.0,1.9593495934959355,492.0000000000073,1,2023,10
TP,2.0,1.9593495934959355,492.0000000000073,1,2023,10
SL,-1.0,-1.0914494741655183,218.70000000001255,-1,2023,12
TP,2.0,1.9906920463536093,2148.700000000008,1,2023,14
TP,2.0,1.9906920463536093,2148.700000000008,1,2023,14
TP,2.0,1.9906920463536093,2148.700000000008,1,2023,14
TP,2.0,1.9906920463536093,2148.700000000008,1,2023,14
SL,-1.0,-1.0434499239626325,460.30000000000655,-1,2023,14
TP,2.0,1.9434549052869632,353.6999999999807,-1,2023,4
TP,2.0,1.9786780383795306,937.9999999999882,1,2023,14
SL,-1.0,-1.021786492374728,917.9999999999836,-1,2023,13
SL,-1.0,-1.021786492374728,917.9999999999836,-1,2023,13
TP,2.0,1.9485861182519293,389.00000000001,1,2023,2
TP,2.0,1.9728666395333057,737.0999999999867,1,2023,13
TP,2.0,1.9728666395333057,737.0999999999867,1,2023,13
TP,2.0,1.8843262001156766,172.90000000000418,-1,2023,0
SL,-1.0,-1.210304942166136,95.10000000000218,1,2023,4
SL,-1.0,-1.081632653061223,245.00000000000455,-1,2023,5
SL,-1.0,-1.081632653061223,245.00000000000455,-1,2023,5
SL,-1.0,-1.0431127398146163,463.89999999998963,1,2023,6
SL,-1.0,-1.0097233701200836,2056.9000000000187,1,2023,12
SL,-1.0,-1.2020202020202002,99.00000000000091,1,2023,4
SL,-1.0,-1.0375939849624065,531.9999999999936,-1,2023,6
SL,-1.0,-1.0375939849624065,531.9999999999936,-1,2023,6
SL,-1.0,-1.024968789013733,800.9999999999991,1,2023,11
TP,2.0,1.918699186991871,246.00000000000364,-1,2023,11
fuera,0.3415271345445861,0.3177769861061585,842.1000000000049,-1,2023,15
fuera,0.3415271345445861,0.3177769861061585,842.1000000000049,-1,2023,15
fuera,0.3415271345445861,0.3177769861061585,842.1000000000049,-1,2023,15
SL,-1.0,-1.2244668911335386,89.10000000000764,1,2023,0
TP,2.0,1.9538212883860555,433.1000000000131,-1,2023,1
TP,2.0,1.9538212883860555,433.1000000000131,-1,2023,1
TP,2.0,1.895833333333325,191.99999999998454,1,2023,9
fuera,-0.32450704225353066,-0.3432863849765352,1065.000000000009,1,2023,12
fuera,0.05641527913810184,0.03682664054848389,1021.0000000000036,-1,2023,14
TP,2.0,1.9399218984680076,332.8999999999951,1,2023,0
TP,2.0,1.9399218984680076,332.8999999999951,1,2023,0
SL,-1.0,-1.036029544226266,555.0999999999931,1,2023,1
SL,-1.0,-1.125000000000007,159.9999999999909,-1,2023,7
SL,-1.0,-1.0732332478945443,273.09999999999945,-1,2023,11
SL,-1.0,-1.0313479623824457,637.9999999999882,1,2023,13
TP,2.0,1.8571428571428665,140.0000000000091,-1,2023,13
TP,2.0,1.8571428571428665,140.0000000000091,-1,2023,13
TP,2.0,1.9593578540946965,492.1000000000049,-1,2023,5
TP,2.0,1.9665551839464872,597.9999999999791,-1,2023,6
TP,2.0,1.9665551839464872,597.9999999999791,-1,2023,6
TP,2.0,1.9665551839464872,597.9999999999791,-1,2023,6
SL,-1.0,-1.0484730974309262,412.59999999999764,1,2023,7
SL,-1.0,-1.0484730974309262,412.59999999999764,1,2023,7
TP,2.0,1.973992197659298,769.0000000000055,-1,2023,15
SL,-1.0,-1.0908677873693766,220.10000000000218,-1,2023,9
SL,-1.0,-1.0452488687782797,442.0000000000073,1,2023,10
TP,2.0,1.891245241979333,183.89999999999418,-1,2023,2
SL,-1.0,-1.6666666666667678,29.999999999995453,1,2023,4
SL,-1.0,-1.119688809096346,167.1000000000049,-1,2023,5
TP,2.0,1.9375000000000009,320.00000000000455,1,2023,1
fuera,-0.16330858960763026,-0.18451749734888145,943.0000000000064,-1,2023,15
SL,-1.0,-1.0353606789250343,565.6000000000176,1,2023,17
SL,-1.0,-1.0565610859728534,353.5999999999831,1,2023,22
SL,-1.0,-1.0772200772200797,258.9999999999918,1,2023,0
TP,2.0,1.9004975124378105,200.9999999999991,-1,2023,1
SL,-1.0,-1.1058201058201003,189.00000000001,1,2023,2
TP,2.0,1.9065420560747608,213.99999999998727,-1,2023,2
TP,2.0,1.919354838709678,248.00000000000182,-1,2023,4
TP,2.0,1.9549549549549554,444.00000000000546,-1,2023,0
SL,-1.0,-1.0297220983801454,672.9000000000042,1,2023,16
TP,2.0,1.86568166554735,148.90000000000327,-1,2023,18
SL,-1.0,-1.0769230769230729,260.00000000001364,1,2023,22
SL,-1.0,-1.1025641025641002,195.00000000000455,-1,2023,0
TP,2.0,1.8561151079136795,139.00000000001,1,2023,4
SL,-1.0,-1.1869158878504784,106.99999999999363,-1,2023,4
SL,-1.0,-1.08166598611678,244.9000000000069,1,2023,5
SL,-1.0,-1.0349833828931252,571.7000000000098,1,2023,11
TP,2.0,1.9399218984680076,332.8999999999951,-1,2023,14
SL,-1.0,-1.119760479041911,167.00000000000728,1,2023,0
SL,-1.0,-1.0549450549450534,364.00000000001,-1,2023,1
fuera,-0.11963079461661077,-0.12994379415252577,1939.300000000003,-1,2023,12
fuera,-0.11963079461661077,-0.12994379415252577,1939.300000000003,-1,2023,12
TP,2.0,1.9519230769230778,416.0000000000082,1,2023,0
SL,-1.0,-1.0337837837837833,592.0000000000073,1,2023,7
TP,2.0,1.9523922875505835,420.1000000000022,-1,2023,8
SL,-1.0,-1.080645161290322,248.00000000000182,-1,2023,0
SL,-1.0,-1.0660066006600666,302.99999999999727,-1,2023,1
SL,-1.0,-1.080321285140562,249.0000000000009,1,2023,2
SL,-1.0,-1.080321285140562,249.0000000000009,1,2023,2
SL,-1.0,-1.3773584905660572,52.99999999999727,-1,2023,0
SL,-1.0,-1.0865800865800885,230.99999999999454,1,2023,1
SL,-1.0,-1.0865800865800885,230.99999999999454,1,2023,1
SL,-1.0,-1.0319437789490498,626.0999999999967,-1,2023,3
SL,-1.0,-1.0319437789490498,626.0999999999967,-1,2023,3
SL,-1.0,-1.1960784313725525,101.99999999999818,1,2023,4
SL,-1.0,-1.0360360360360363,554.9999999999955,-1,2023,5
SL,-1.0,-1.0360360360360363,554.9999999999955,-1,2023,5
TP,2.0,1.9577167019027486,473.0000000000018,1,2023,6
TP,2.0,1.973222653635025,746.9000000000051,1,2023,7
TP,2.0,1.9810372617806011,1054.7000000000025,1,2023,9
SL,-1.0,-1.033272334054234,601.0999999999967,1,2023,11
SL,-1.0,-1.033272334054234,601.0999999999967,1,2023,11
SL,-1.0,-1.033892560582953,590.099999999984,-1,2023,12
SL,-1.0,-1.033892560582953,590.099999999984,-1,2023,12
SL,-1.0,-1.0357781753130595,558.9999999999918,-1,2023,1
TP,2.0,1.9055266887104376,211.69999999999618,1,2023,3
SL,-1.0,-1.0312499999999996,640.0000000000091,1,2023,5
TP,2.0,1.7993981945837656,99.7000000000071,-1,2023,5
SL,-1.0,-1.0424628450106155,471.00000000000364,-1,2023,6
SL,-1.0,-1.0199580880151682,1002.0999999999958,1,2023,14
SL,-1.0,-1.0561797752808961,356.0000000000173,1,2023,1
TP,2.0,1.8787878787878856,165.0000000000091,-1,2023,6
SL,-1.0,-1.0321027287319422,623.0000000000018,-1,2023,7
TP,2.0,1.9236641221374013,261.9999999999891,1,2023,8
TP,2.0,1.9580712788259957,476.9999999999982,1,2023,9
SL,-1.0,-1.0308975745403988,647.2999999999956,1,2023,14
SL,-1.0,-1.0602409638554187,332.00000000001637,1,2023,1
TP,2.0,1.7872340425532038,94.00000000000546,-1,2023,3
SL,-1.0,-1.1287830006439057,155.3000000000111,1,2023,13
fuera,1.1052671523983135,1.090088038858544,1317.599999999993,-1,2023,13
TP,2.0,1.9414005273952537,341.3000000000011,-1,2023,15
TP,2.0,1.8930481283422398,186.9999999999891,-1,2023,17
TP,2.0,1.8930481283422398,186.9999999999891,-1,2023,17
SL,-1.0,-1.0997008973080715,200.60000000000855,1,2023,22
TP,2.0,1.8334721065778232,120.09999999997945,-1,2023,22
TP,2.0,1.9335548172757473,300.9999999999991,-1,2023,0
TP,2.0,1.9335548172757473,300.9999999999991,-1,2023,0
SL,-1.0,-1.1142857142857143,175.0,1,2023,1
fuera,0.06569343065693657,0.047445255474454884,1096.0000000000036,1,2023,14
fuera,0.06569343065693657,0.047445255474454884,1096.0000000000036,1,2023,14
fuera,0.06569343065693657,0.047445255474454884,1096.0000000000036,1,2023,14
fuera,0.06569343065693657,0.047445255474454884,1096.0000000000036,1,2023,14
SL,-1.0,-1.103626943005178,193.00000000000637,-1,2023,18
SL,-1.0,-1.0558659217877107,357.9999999999927,-1,2023,2
SL,-1.0,-1.0414937759336105,481.99999999999363,1,2023,15
TP,2.0,1.8943475964078198,189.3000000000029,-1,2023,1
SL,-1.0,-1.129870129870133,153.99999999999636,1,2023,2
SL,-1.0,-1.0310559006211188,643.9999999999827,-1,2023,6
SL,-1.0,-1.0364963503649633,548.0000000000018,-1,2023,16
SL,-1.0,-1.2828854314003308,70.699999999988,-1,2023,2
TP,2.0,1.9340804218852974,303.3999999999878,1,2023,7
SL,-1.0,-1.192307692307657,104.0000000000191,-1,2023,7
SL,-1.0,-1.1192605843768701,167.69999999999072,1,2023,8
SL,-1.0,-1.0925497454881974,216.10000000000582,1,2023,14
TP,2.0,1.9390801096558008,328.2999999999902,-1,2023,14
SL,-1.0,-1.087336244541486,228.99999999999636,1,2023,18
TP,2.0,1.4397759103641,35.69999999999709,-1,2023,22
TP,2.0,1.7638724911452128,84.699999999998,1,2023,4
SL,-1.0,-1.0793335977786533,252.10000000001855,-1,2023,7
SL,-1.0,-1.0583090379008735,343.00000000000637,1,2023,11
SL,-1.0,-1.6060606060607396,32.999999999992724,1,2023,0
SL,-1.0,-1.0558659217877107,357.9999999999927,-1,2023,1
SL,-1.0,-1.0558659217877107,357.9999999999927,-1,2023,1
TP,2.0,1.8850574712643684,174.0000000000009,1,2023,2
TP,2.0,1.9359590137688083,312.299999999982,1,2023,3
SL,-1.0,-1.0862068965517264,231.99999999999363,-1,2023,5
TP,2.0,1.8958333333333373,192.00000000000728,1,2023,7
TP,2.0,1.9298245614035066,284.9999999999909,-1,2023,10
TP,2.0,1.9298245614035066,284.9999999999909,-1,2023,10
SL,-1.0,-1.3225806451612288,62.00000000001182,-1,2023,14
SL,-1.0,-1.065359477124184,305.99999999999454,-1,2023,0
SL,-1.0,-1.065359477124184,305.99999999999454,-1,2023,0
SL,-1.0,-1.240963855421708,82.99999999999272,1,2023,1
TP,2.0,1.9339933993399334,302.99999999999727,1,2023,2
SL,-1.0,-1.0544959128065419,366.99999999998454,1,2023,3
TP,2.0,1.9830795262267342,1181.9999999999936,-1,2023,13
TP,2.0,1.8130841121495613,107.00000000001637,1,2023,15
SL,-1.0,-1.0200803212851406,996.0000000000036,-1,2023,15
TP,2.0,1.8773006134969408,163.0000000000109,1,2023,0
TP,2.0,1.7101449275362548,69.00000000000546,-1,2023,4
TP,2.0,1.9548532731376982,443.00000000000637,1,2023,7
SL,-1.0,-1.0183032854397362,1092.7000000000135,1,2023,12
TP,2.0,1.9371069182389904,317.99999999998363,-1,2023,12
TP,2.0,1.9145299145299115,233.99999999999181,-1,2023,16
SL,-1.0,-1.0199064397332536,1004.7000000000025,1,2023,18
TP,2.0,1.958480381980486,481.7000000000007,-1,2023,20
TP,2.0,1.966832504145937,602.9999999999973,-1,2023,0
TP,2.0,1.966832504145937,602.9999999999973,-1,2023,0
SL,-1.0,-1.0298819662333782,669.2999999999984,-1,2023,14
SL,-1.0,-1.0298819662333782,669.2999999999984,-1,2023,14
SL,-1.0,-1.0666666666666667,300.0,1,2023,16
SL,-1.0,-1.0666666666666667,300.0,1,2023,16
SL,-1.0,-1.0778210116731537,256.99999999999363,-1,2023,0
SL,-1.0,-1.0694444444444473,287.9999999999882,1,2023,1
SL,-1.0,-1.073800738007379,271.00000000000364,-1,2023,1
SL,-1.0,-1.073800738007379,271.00000000000364,-1,2023,1
SL,-1.0,-1.073800738007379,271.00000000000364,-1,2023,1
SL,-1.0,-1.056705415367167,352.70000000000437,1,2023,6
SL,-1.0,-1.056705415367167,352.70000000000437,1,2023,6
SL,-1.0,-1.056705415367167,352.70000000000437,1,2023,6
fuera,0.938202247190984,0.9007490636703858,534.0000000000146,-1,2023,12
fuera,0.938202247190984,0.9007490636703858,534.0000000000146,-1,2023,12
TP,2.0,1.6363636363636063,54.99999999999545,1,2023,0
TP,2.0,1.8943475964078198,189.3000000000029,-1,2023,0
SL,-1.0,-1.0890075656430858,224.69999999998436,-1,2023,1
SL,-1.0,-1.1851851851851587,108.00000000001546,1,2023,6
SL,-1.0,-1.032420165342844,616.8999999999869,-1,2023,9
SL,-1.0,-1.041580041580042,480.99999999999454,-1,2023,1
SL,-1.0,-1.0552333609500157,362.0999999999867,1,2023,2
SL,-1.0,-1.0781250000000018,255.99999999999454,-1,2023,6
SL,-1.0,-1.0539083557951476,371.00000000000364,1,2023,7
TP,2.0,1.8930481283422398,186.9999999999891,-1,2023,7
fuera,0.7081557897884421,0.6932047544292433,1337.6999999999953,-1,2023,13
SL,-1.0,-1.036496350364965,547.9999999999791,-1,2023,12
SL,-1.0,-1.0257731958762888,775.9999999999991,1,2023,14
SL,-1.0,-1.0257731958762888,775.9999999999991,1,2023,14
TP,2.0,1.9399399399399426,333.00000000001546,-1,2023,4
TP,2.0,1.9617590822179733,523.0000000000018,-1,2023,13
SL,-1.0,-1.054945054945057,363.99999999998727,-1,2023,1
TP,2.0,1.9082568807339477,218.00000000000637,1,2023,3
SL,-1.0,-1.01998001998002,1000.9999999999991,1,2023,12
fuera,1.0226638200033091,0.9898177040565195,608.8999999999942,-1,2023,14
TP,2.0,1.5423340961097332,43.699999999989814,1,2023,2
SL,-1.0,-1.040322580645161,496.00000000000364,-1,2023,6
SL,-1.0,-1.0694444444444473,287.9999999999882,1,2023,8
TP,2.0,1.8757763975155202,160.99999999999,-1,2023,8
TP,2.0,1.807692307692301,103.99999999999636,1,2023,0
SL,-1.0,-1.1,200.0,-1,2023,0
SL,-1.0,-1.0308975745403988,647.2999999999956,1,2023,1
SL,-1.0,-1.0351493848857642,569.0000000000055,1,2023,14
TP,2.0,1.9708454810495624,685.99999999999,-1,2023,14
SL,-1.0,-1.1537279016141242,130.10000000001583,1,2023,6
TP,2.0,1.9633027522935766,544.9999999999818,-1,2023,6
TP,2.0,1.9633027522935766,544.9999999999818,-1,2023,6
SL,-1.0,-1.1134429948950704,176.299999999992,-1,2023,8
SL,-1.0,-1.9999999999997726,20.000000000004547,-1,2023,0
TP,2.0,1.9324324324324333,296.00000000000364,-1,2023,1
TP,2.0,1.9324324324324333,296.00000000000364,-1,2023,1
SL,-1.0,-1.0383141762452106,522.0000000000027,-1,2023,2
TP,2.0,1.9369085173501592,317.0000000000073,1,2023,7
fuera,0.733070798732972,0.7159489769711366,1168.100000000004,1,2023,14
SL,-1.0,-1.0638977635782771,312.9999999999882,1,2023,6
TP,2.0,1.910313901345292,223.00000000000182,-1,2023,7
fuera,1.3034003091190043,1.272488408037088,647.0000000000027,1,2023,12
SL,-1.0,-1.074266617155589,269.29999999999836,-1,2023,12
SL,-1.0,-1.074266617155589,269.29999999999836,-1,2023,12
fuera,1.1324929971988698,1.0764705882352834,356.99999999999363,1,2023,14
SL,-1.0,-1.0557103064066866,358.9999999999918,-1,2023,14
SL,-1.0,-1.2030456852791616,98.50000000001273,1,2023,23
SL,-1.0,-1.1142857142857143,175.0,-1,2023,0
SL,-1.0,-1.1142857142857143,175.0,-1,2023,0
SL,-1.0,-1.1458789204960025,137.09999999998672,1,2023,1
SL,-1.0,-1.1458789204960025,137.09999999998672,1,2023,1
SL,-1.0,-1.0917852225791707,217.899999999986,1,2023,4
SL,-1.0,-1.0541565123206034,369.3000000000211,-1,2023,5
SL,-1.0,-1.0508905852417294,393.00000000000637,-1,2023,7
TP,2.0,1.8984771573604076,197.00000000000273,1,2023,8
SL,-1.0,-1.130975769482642,152.70000000000437,1,2023,9
fuera,0.5384615384615266,0.5189626596470585,1025.7000000000062,1,2023,12
TP,2.0,1.8669328010645514,150.30000000001564,1,2023,1
TP,2.0,1.7931747673216343,96.70000000000982,-1,2023,9
TP,2.0,1.9799619276625589,998.0999999999995,-1,2023,13
TP,2.0,1.9799619276625589,998.0999999999995,-1,2023,13
SL,-1.0,-1.3490401396159992,57.30000000000928,1,2023,17
TP,2.0,1.8988366211431391,197.69999999998618,-1,2023,17
TP,2.0,1.8988366211431391,197.69999999998618,-1,2023,17
SL,-1.0,-1.0975609756097475,205.0000000000182,-1,2023,19
TP,2.0,1.8347107438016268,120.9999999999809,1,2023,0
SL,-1.0,-1.0638977635782771,312.9999999999882,1,2023,1
SL,-1.0,-1.2040816326530575,98.00000000000182,-1,2023,2
SL,-1.0,-1.0847457627118597,236.00000000001273,1,2023,5
SL,-1.0,-1.1886792452830286,105.99999999999454,-1,2023,5
SL,-1.0,-1.0884955752212393,225.9999999999991,-1,2023,7
SL,-1.0,-1.025903380391141,772.1000000000004,1,2023,10
SL,-1.0,-1.0093808630393994,2132.0000000000164,-1,2023,12
SL,-1.0,-1.0093808630393994,2132.0000000000164,-1,2023,12
SL,-1.0,-1.0093808630393994,2132.0000000000164,-1,2023,12
TP,2.0,1.8947368421052555,189.99999999998636,1,2023,17
TP,2.0,1.7938144329896482,96.99999999997999,1,2023,0
SL,-1.0,-1.09569377990431,208.99999999999181,-1,2023,6
TP,2.0,1.9115044247787607,225.9999999999991,1,2023,8
SL,-1.0,-1.136054421768705,147.00000000000273,-1,2023,10
TP,2.0,1.9551468939224048,445.900000000006,1,2023,12
SL,-1.0,-1.021598272138229,925.9999999999991,-1,2023,12
SL,-1.0,-1.021598272138229,925.9999999999991,-1,2023,12
SL,-1.0,-1.021598272138229,925.9999999999991,-1,2023,12
fuera,-0.6634754625905092,-0.6795655671761889,1243.0000000000064,1,2023,14
fuera,-0.6634754625905092,-0.6795655671761889,1243.0000000000064,1,2023,14
fuera,-0.6634754625905092,-0.6795655671761889,1243.0000000000064,1,2023,14
SL,-1.0,-1.3616636528029695,55.29999999998836,1,2023,5
TP,2.0,1.9777505840471687,898.9000000000033,1,2023,13
SL,-1.0,-1.2531645569620369,78.99999999999636,-1,2023,0
SL,-1.0,-1.0869565217391322,229.99999999999545,-1,2023,1
TP,2.0,1.933355548150616,300.09999999999764,1,2023,2
TP,2.0,1.933355548150616,300.09999999999764,1,2023,2
TP,2.0,1.972903400623222,738.1000000000085,1,2023,6
TP,2.0,1.972903400623222,738.1000000000085,1,2023,6
TP,2.0,1.972903400623222,738.1000000000085,1,2023,6
SL,-1.0,-1.0501253132832078,399.0000000000009,-1,2023,7
SL,-1.0,-1.0501253132832078,399.0000000000009,-1,2023,7
TP,2.0,1.919354838709678,248.00000000000182,1,2023,0
TP,2.0,1.919354838709678,248.00000000000182,1,2023,0
SL,-1.0,-1.124455507156194,160.6999999999971,-1,2023,1
SL,-1.0,-1.0597193191997623,334.89999999999327,1,2023,2
SL,-1.0,-1.0372439478584738,536.9999999999891,-1,2023,6
SL,-1.0,-1.103626943005178,193.00000000000637,-1,2023,0
SL,-1.0,-1.0613496932515338,325.9999999999991,1,2023,1
TP,2.0,1.9047619047619109,210.00000000001364,-1,2023,2
SL,-1.0,-1.2083333333333255,96.00000000000364,1,2023,5
SL,-1.0,-1.052631578947366,380.0000000000182,-1,2023,6
TP,2.0,1.9212598425196838,253.99999999999636,1,2023,7
fuera,-0.19939148073025598,-0.23995943204871387,493.00000000000637,-1,2023,19
SL,-1.0,-1.0888888888888888,225.0,1,2023,0
SL,-1.0,-5.000000000003638,4.9999999999954525,-1,2023,0
SL,-1.0,-1.0598802395209597,333.9999999999918,-1,2023,1
TP,2.0,1.8319327731092514,119.00000000000546,1,2023,3
TP,2.0,1.8319327731092514,119.00000000000546,1,2023,3
SL,-1.0,-1.0520833333333344,383.9999999999918,1,2023,8
SL,-1.0,-1.0463070155128507,431.899999999996,1,2023,9
SL,-1.0,-1.1769911504424608,113.00000000001091,-1,2023,13
SL,-1.0,-1.1769911504424608,113.00000000001091,-1,2023,13
TP,2.0,1.718309859154944,71.00000000000364,1,2023,0
SL,-1.0,-1.0843881856540123,236.9999999999891,-1,2023,1
SL,-1.0,-1.0843881856540123,236.9999999999891,-1,2023,1
TP,2.0,1.9372450580483194,318.6999999999898,1,2023,2
SL,-1.0,-1.1680672268907808,118.99999999998272,1,2023,3
SL,-1.0,-1.0760456273764227,263.0000000000109,-1,2023,7
SL,-1.0,-1.0760456273764227,263.0000000000109,-1,2023,7
TP,2.0,1.9749027481490777,796.9000000000051,1,2023,12
TP,2.0,1.9749027481490777,796.9000000000051,1,2023,12
SL,-1.0,-1.0335570469798656,596.0000000000036,1,2023,1
SL,-1.0,-1.0335570469798656,596.0000000000036,1,2023,1
TP,2.0,1.9492772001014453,394.29999999999836,-1,2023,5
TP,2.0,1.9492772001014453,394.29999999999836,-1,2023,5
fuera,1.2746724890829566,1.245560407569129,687.0000000000118,-1,2023,14
SL,-1.0,-1.1492537313432927,133.99999999999181,1,2023,0
TP,2.0,1.8888888888888862,179.99999999999545,-1,2023,2
fuera,0.3673587919268507,0.33831857122117315,688.6999999999944,-1,2023,7
TP,2.0,1.8863636363636358,175.9999999999991,1,2023,14
SL,-1.0,-1.1036269430051902,192.99999999998363,1,2023,0
TP,2.0,1.8290598290598397,117.00000000000728,-1,2023,1
SL,-1.0,-1.05050505050505,396.00000000000364,1,2023,6
SL,-1.0,-1.124766063630705,160.2999999999838,1,2023,7
SL,-1.0,-1.0834376303712918,239.7000000000162,-1,2023,7
SL,-1.0,-1.0476985451943717,419.29999999999836,-1,2023,8
SL,-1.0,-1.0335008375209378,597.0000000000027,1,2023,9
SL,-1.0,-1.227272727272699,88.00000000001091,1,2023,18
SL,-1.0,-1.0473933649289096,422.00000000000273,-1,2023,18
SL,-1.0,-1.1857010213556178,107.69999999999982,-1,2023,20
TP,2.0,1.8571428571428432,139.99999999998636,1,2023,0
SL,-1.0,-1.0274725274725276,727.9999999999973,1,2023,1
SL,-1.0,-1.0274725274725276,727.9999999999973,1,2023,1
SL,-1.0,-1.1507159005275058,132.69999999999982,-1,2023,2
SL,-1.0,-1.1315789473684226,151.99999999999818,-1,2023,4
SL,-1.0,-1.0566572237960343,352.99999999999727,1,2023,8
SL,-1.0,-1.0461787116139445,433.1000000000131,-1,2023,13
SL,-1.0,-1.1156069364161838,173.00000000000182,-1,2023,22
TP,2.0,1.8165137614678761,108.99999999999181,-1,2023,0
TP,2.0,1.8876404494382004,177.99999999999727,1,2023,1
SL,-1.0,-1.038910505836575,514.00000000001,1,2023,6
SL,-1.0,-1.038910505836575,514.00000000001,1,2023,6
SL,-1.0,-1.038910505836575,514.00000000001,1,2023,6
TP,2.0,1.891304347826082,183.99999999999181,-1,2023,12
SL,-1.0,-1.0169635284139102,1178.9999999999964,1,2023,18
SL,-1.0,-1.0365630712979887,547.0000000000027,1,2023,1
SL,-1.0,-1.140845070422528,142.00000000000728,1,2023,2
TP,2.0,1.8773006134969237,162.99999999998818,-1,2023,3
SL,-1.0,-1.0132266384498378,1512.1000000000095,-1,2023,13
SL,-1.0,-1.0132266384498378,1512.1000000000095,-1,2023,13
SL,-1.0,-1.0132266384498378,1512.1000000000095,-1,2023,13
SL,-1.0,-1.056338028169015,354.99999999999545,1,2023,2
SL,-1.0,-1.0493827160493834,404.99999999999545,1,2023,3
SL,-1.0,-1.040983606557378,487.9999999999882,-1,2023,4
SL,-1.0,-1.040983606557378,487.9999999999882,-1,2023,4
fuera,0.23442028985513189,0.16195652173918962,275.9999999999991,-1,2023,17
fuera,0.23442028985513189,0.16195652173918962,275.9999999999991,-1,2023,17
SL,-1.0,-1.1098901098901137,181.99999999999363,1,2023,0
TP,2.0,1.893617021276589,187.99999999998818,-1,2023,1
TP,2.0,1.928315412186379,278.99999999999636,1,2023,8
SL,-1.0,-1.1010101010101,198.00000000000182,-1,2023,11
SL,-1.0,-1.0249376558603491,801.9999999999982,1,2023,12
SL,-1.0,-1.0249376558603491,801.9999999999982,1,2023,12
SL,-1.0,-1.0249376558603491,801.9999999999982,1,2023,12
SL,-1.0,-1.1234567901234478,162.00000000001182,-1,2023,12
SL,-1.0,-1.0232099338516887,861.6999999999962,1,2023,13
TP,2.0,1.9328859060402688,298.0000000000018,-1,2023,1
TP,2.0,1.9328859060402688,298.0000000000018,-1,2023,1
SL,-1.0,-1.1282051282051326,155.99999999999454,1,2023,2
SL,-1.0,-1.081300813008129,246.00000000000364,1,2023,3
TP,2.0,1.9245283018867885,264.99999999998636,-1,2023,4
SL,-1.0,-1.1098901098901,182.00000000001637,1,2023,6
TP,2.0,1.9061032863849814,213.0000000000109,-1,2023,7
TP,2.0,1.7560975609755909,81.99999999999363,1,2023,12
fuera,1.5908596300326228,1.5690968443960613,919.0000000000055,-1,2023,12
SL,-1.0,-1.0709219858156045,281.99999999999363,1,2023,15
SL,-1.0,-1.08,250.0,-1,2023,15
SL,-1.0,-1.178571428571446,111.99999999998909,-1,2023,16
SL,-1.0,-1.0483442107807597,413.69999999999436,1,2023,22
SL,-1.0,-1.0630914826498408,317.0000000000073,-1,2023,0
TP,2.0,1.8260869565217528,115.0000000000091,1,2023,4
SL,-1.0,-1.0459770114942515,435.00000000001364,1,2023,10
TP,2.0,1.9680511182108626,625.9999999999991,-1,2023,12
SL,-1.0,-1.021390374331551,934.9999999999909,-1,2023,14
SL,-1.0,-1.021390374331551,934.9999999999909,-1,2023,14
SL,-1.0,-1.0877192982456152,227.99999999999727,1,2023,5
SL,-1.0,-1.0363636363636364,550.0,-1,2023,12
SL,-1.0,-1.2061855670103034,97.00000000000273,1,2023,6
SL,-1.0,-1.1639344262295046,122.00000000000273,-1,2023,7
fuera,0.26147931942763547,0.24724140385847482,1404.7000000000025,1,2023,12
fuera,0.26147931942763547,0.24724140385847482,1404.7000000000025,1,2023,12
SL,-1.0,-1.0541565123206067,369.29999999999836,-1,2023,12
SL,-1.0,-1.0420168067226891,475.9999999999991,1,2023,13
SL,-1.0,-1.1652892561983421,121.00000000000364,1,2023,1
SL,-1.0,-1.1652892561983421,121.00000000000364,1,2023,1
TP,2.0,1.9055266887104376,211.69999999999618,-1,2023,2
TP,2.0,1.9055266887104376,211.69999999999618,-1,2023,2
SL,-1.0,-1.1737619461337865,115.10000000000673,1,2023,3
TP,2.0,1.6969696969697345,66.00000000000819,-1,2023,4
SL,-1.0,-1.0740740740740728,270.00000000000455,1,2023,14
SL,-1.0,-1.069686411149823,287.0000000000118,-1,2023,15
TP,2.0,1.9513381995133807,410.99999999999,-1,2023,1
SL,-1.0,-1.0530503978779844,376.9999999999982,1,2023,2
SL,-1.0,-1.0530503978779844,376.9999999999982,1,2023,2
SL,-1.0,-1.0523149359142023,382.3000000000093,-1,2023,7
TP,2.0,1.9544419134396342,438.99999999998727,-1,2023,11
SL,-1.0,-1.1273885350318338,157.00000000001637,1,2023,12
SL,-1.0,-1.1136363636363642,175.9999999999991,-1,2023,19
SL,-1.0,-1.833333333333302,24.00000000000091,1,2023,0
SL,-1.0,-1.0921658986175085,217.00000000000728,1,2023,2
SL,-1.0,-1.2105263157894637,95.00000000000455,-1,2023,5
TP,2.0,1.9264705882352948,272.00000000000273,-1,2023,8
SL,-1.0,-1.1149425287356316,174.0000000000009,-1,2023,11
SL,-1.0,-1.071684587813621,278.99999999999636,1,2023,12
SL,-1.0,-1.0195121951219512,1025.0,-1,2023,14
SL,-1.0,-1.0395256916996052,505.99999999999454,1,2023,12
SL,-1.0,-1.0395256916996052,505.99999999999454,1,2023,12
TP,2.0,1.9541284403669739,436.00000000001273,-1,2023,13
SL,-1.0,-1.1376462491397135,145.29999999999745,1,2023,14
fuera,0.18050082623615765,0.15507817465359747,786.6999999999962,-1,2023,14
SL,-1.0,-1.1136363636363642,175.9999999999991,-1,2023,19
TP,2.0,1.928315412186379,278.99999999999636,1,2023,0
SL,-1.0,-1.1503759398496323,132.99999999999272,-1,2023,4
SL,-1.0,-1.1250781738586668,159.89999999999327,1,2023,22
SL,-1.0,-1.5390835579516755,37.09999999998672,1,2023,0
SL,-1.0,-1.0735294117647052,272.00000000000273,-1,2023,0
SL,-1.0,-1.0735294117647052,272.00000000000273,-1,2023,0
SL,-1.0,-1.0735294117647052,272.00000000000273,-1,2023,0
SL,-1.0,-1.1428571428571568,139.99999999998636,1,2023,2
SL,-1.0,-1.1428571428571568,139.99999999998636,1,2023,2
SL,-1.0,-1.0510594842992096,391.69999999999163,1,2023,7
SL,-1.0,-1.1316655694535873,151.90000000000055,-1,2023,7
TP,2.0,1.9453551912568283,365.99999999998545,-1,2023,12
SL,-1.0,-1.1492537313432927,133.99999999999181,1,2023,10
TP,2.0,1.8787878787878856,165.0000000000091,-1,2023,14
SL,-1.0,-1.0751879699248161,265.99999999998545,-1,2023,18
SL,-1.0,-1.0858369098712473,232.99999999999272,1,2023,1
SL,-1.0,-1.057093919497571,350.30000000001564,-1,2023,12
SL,-1.0,-1.0427350427350421,468.00000000000637,-1,2023,18
SL,-1.0,-1.1077005923532597,185.6999999999971,1,2023,0
SL,-1.0,-1.0421940928270041,474.0000000000009,1,2023,6
SL,-1.0,-1.080321285140562,249.0000000000009,-1,2023,8
fuera,0.8934753661784347,0.8668442077230418,750.9999999999991,-1,2023,13
SL,-1.0,-1.0289435600578867,691.0000000000082,-1,2023,15
SL,-1.0,-1.0769230769230795,259.9999999999909,1,2023,0
SL,-1.0,-1.0433839479392613,461.00000000001273,-1,2023,12
TP,2.0,1.9325008437394577,296.3000000000193,-1,2023,13
TP,2.0,1.8305084745762803,118.00000000000637,-1,2023,0
SL,-1.0,-1.408163265306115,49.00000000000091,1,2023,1
SL,-1.0,-1.0437636761487972,456.99999999999363,-1,2023,1
SL,-1.0,-1.0437636761487972,456.99999999999363,-1,2023,1
fuera,1.0372208436724513,1.0124069478908133,805.9999999999945,1,2023,2
fuera,1.0372208436724513,1.0124069478908133,805.9999999999945,1,2023,2
fuera,1.0372208436724513,1.0124069478908133,805.9999999999945,1,2023,2
fuera,1.0372208436724513,1.0124069478908133,805.9999999999945,1,2023,2
SL,-1.0,-1.033003300330032,606.0000000000173,-1,2023,5
SL,-1.0,-1.0453514739229017,441.0000000000082,1,2023,12
SL,-1.0,-1.0453514739229017,441.0000000000082,1,2023,12
SL,-1.0,-1.0229357798165137,872.0000000000027,-1,2023,13
SL,-1.0,-1.0229357798165137,872.0000000000027,-1,2023,13
SL,-1.0,-1.091743119266062,217.99999999998363,-1,2023,1
SL,-1.0,-1.0531914893617023,375.9999999999991,1,2023,6
SL,-1.0,-1.0531914893617023,375.9999999999991,1,2023,6
SL,-1.0,-1.2105263157894637,95.00000000000455,-1,2023,9
SL,-1.0,-1.0333333333333334,600.0,-1,2023,12
SL,-1.0,-1.0275824024272515,725.0999999999976,-1,2023,13
SL,-1.0,-1.0275824024272515,725.0999999999976,-1,2023,13
TP,2.0,1.9606299212598437,508.00000000001546,1,2023,14
TP,2.0,1.9606299212598437,508.00000000001546,1,2023,14
TP,2.0,1.6226415094339428,52.99999999999727,1,2023,0
SL,-1.0,-1.1428571428571335,140.0000000000091,-1,2023,5
SL,-1.0,-1.1092896174863431,182.99999999999272,-1,2023,6
SL,-1.0,-1.1041666666666627,192.00000000000728,1,2023,7
fuera,-0.16165664662659107,-0.1750167000668048,1497.0000000000027,1,2023,13
SL,-1.0,-1.2173913043478626,91.99999999998454,-1,2023,2
SL,-1.0,-1.1376462491397135,145.29999999999745,1,2023,3
TP,2.0,1.7619047619048032,84.00000000001455,1,2023,14
fuera,-0.5581264108352064,-0.569413092550782,1772.0000000000027,-1,2023,14
fuera,-0.5581264108352064,-0.569413092550782,1772.0000000000027,-1,2023,14
fuera,0.9098462816784888,0.8267552970503184,240.69999999999254,1,2023,17
SL,-1.0,-1.2247191011235703,89.00000000001,-1,2023,0
SL,-1.0,-1.2040816326531047,97.99999999997908,1,2023,3
SL,-1.0,-1.1754385964912126,114.00000000001,1,2023,8
SL,-1.0,-1.1234567901234478,162.00000000001182,-1,2023,9
SL,-1.0,-1.0300616263339846,665.300000000002,1,2023,15
SL,-1.0,-1.0300616263339846,665.300000000002,1,2023,15
SL,-1.0,-1.0300616263339846,665.300000000002,1,2023,15
SL,-1.0,-1.042946102641186,465.69999999999254,-1,2023,16
SL,-1.0,-1.042946102641186,465.69999999999254,-1,2023,16
TP,2.0,1.6204933586336439,52.69999999998163,-1,2023,17
SL,-1.0,-1.2061855670103034,97.00000000000273,-1,2023,1
SL,-1.0,-1.08722197993894,229.300000000012,1,2023,2
SL,-1.0,-1.08722197993894,229.300000000012,1,2023,2
TP,2.0,1.9169090153718296,240.69999999999254,-1,2023,6
SL,-1.0,-1.0488997555012207,409.00000000001455,-1,2023,10
TP,2.0,1.9207292905271474,252.2999999999911,1,2023,12
TP,2.0,1.9532710280373828,427.99999999999727,1,2023,13
fuera,0.6706084873886661,0.6556395479380263,1336.1000000000104,1,2023,14
SL,-1.0,-1.269905533063433,74.09999999999854,-1,2023,9
TP,2.0,1.891304347826082,183.99999999999181,1,2023,11
TP,2.0,1.6509598603840008,57.30000000000928,1,2023,0
SL,-1.0,-1.1304631441617827,153.29999999999018,-1,2023,3
SL,-1.0,-1.0352920416446083,566.7000000000144,1,2023,12
SL,-1.0,-1.0352920416446083,566.7000000000144,1,2023,12
fuera,0.47645536869340027,0.4505821474773589,773.0000000000018,-1,2023,13
fuera,0.47645536869340027,0.4505821474773589,773.0000000000018,-1,2023,13
fuera,0.003539823008846281,-0.03185840707964872,565.0000000000091,1,2023,14
fuera,0.003539823008846281,-0.03185840707964872,565.0000000000091,1,2023,14
SL,-1.0,-1.116959064327483,171.00000000000364,-1,2023,16
SL,-1.0,-1.267737617135182,74.7000000000071,-1,2023,0
SL,-1.0,-1.0754716981132115,264.99999999998636,1,2023,1
SL,-1.0,-1.5405405405407,36.999999999989086,1,2023,13
TP,2.0,1.8979591836734713,196.00000000000364,-1,2023,13
TP,2.0,1.8979591836734713,196.00000000000364,-1,2023,13
TP,2.0,1.729729729729733,74.00000000000091,-1,2023,22
SL,-1.0,-1.0711743772242006,280.99999999999454,-1,2023,1
SL,-1.0,-1.1052631578947445,189.99999999998636,1,2023,2
TP,2.0,1.8969072164948482,194.00000000000546,-1,2023,5
TP,2.0,1.909909909909911,222.00000000000273,-1,2023,8
TP,2.0,1.909909909909911,222.00000000000273,-1,2023,8
SL,-1.0,-1.098522167487686,202.99999999999727,-1,2023,0
SL,-1.0,-1.1010101010101,198.00000000000182,1,2023,2
SL,-1.0,-1.0535188654000525,373.700000000008,1,2023,0
SL,-1.0,-1.0664451827242527,300.9999999999991,1,2023,1
SL,-1.0,-1.15873015873016,125.99999999999909,-1,2023,3
SL,-1.0,-1.0952380952380993,209.9999999999909,-1,2023,10
fuera,0.8542024013722265,0.8198970840480408,582.9999999999927,-1,2023,14
TP,2.0,1.9091322126306234,220.10000000000218,1,2023,23
TP,2.0,1.9392097264437682,328.99999999999636,1,2023,1
SL,-1.0,-1.1327140013271346,150.70000000000618,-1,2023,2
SL,-1.0,-1.0560224089635863,356.99999999999363,1,2023,4
SL,-1.0,-1.0560224089635863,356.99999999999363,1,2023,4
TP,2.0,1.9524149417083032,420.29999999999745,-1,2023,7
TP,2.0,1.9524149417083032,420.29999999999745,-1,2023,7
SL,-1.0,-1.16,125.0,-1,2023,11
SL,-1.0,-1.1265822784810002,158.00000000001546,1,2023,1
SL,-1.0,-1.130975769482642,152.70000000000437,1,2023,3
TP,2.0,1.910313901345292,223.00000000000182,-1,2023,4
TP,2.0,1.9047619047619007,209.9999999999909,-1,2023,5
SL,-1.0,-1.3273322422258036,61.10000000001037,1,2023,10
TP,2.0,1.9501246882793017,400.9999999999991,-1,2023,10
TP,2.0,1.9501246882793017,400.9999999999991,-1,2023,10
TP,2.0,1.9501246882793017,400.9999999999991,-1,2023,10
TP,2.0,1.9501246882793017,400.9999999999991,-1,2023,10
TP,2.0,1.9242424242424272,264.00000000001,-1,2023,11
SL,-1.0,-1.0301204819277114,663.9999999999873,1,2023,12
SL,-1.0,-1.1503759398496065,133.00000000001546,-1,2023,6
TP,2.0,1.739243807040435,76.70000000000528,1,2023,7
SL,-1.0,-1.071684587813621,278.99999999999636,1,2023,10
SL,-1.0,-1.0336700336700333,594.0000000000055,-1,2023,12
TP,2.0,1.95959595959596,495.00000000000455,1,2023,1
SL,-1.0,-1.416666666666651,48.00000000000182,-1,2023,2
SL,-1.0,-1.240096038415342,83.30000000000837,1,2023,4
SL,-1.0,-1.267737617135182,74.7000000000071,-1,2023,4
SL,-1.0,-1.0775193798449565,258.00000000001546,1,2023,6
SL,-1.0,-1.0775193798449565,258.00000000001546,1,2023,6
SL,-1.0,-1.2333722287047921,85.69999999999709,-1,2023,7
fuera,-0.10735351946519467,-0.13356927513435216,762.8999999999905,1,2023,13
fuera,-0.10735351946519467,-0.13356927513435216,762.8999999999905,1,2023,13
fuera,0.34408602150528433,0.12903225806443883,93.00000000000637,-1,2023,18
TP,2.0,1.8550724637681273,138.0000000000109,1,2023,0
TP,2.0,1.8550724637681273,138.0000000000109,1,2023,0
TP,2.0,1.7468354430379631,78.99999999999636,-1,2023,5
SL,-1.0,-1.04914004914005,406.99999999999363,-1,2023,12
SL,-1.0,-1.04914004914005,406.99999999999363,-1,2023,12
TP,2.0,1.941537562116337,342.0999999999822,1,2023,16
SL,-1.0,-1.1111111111110998,180.0000000000182,-1,2023,0
SL,-1.0,-1.3490401396159992,57.30000000000928,1,2023,5
SL,-1.0,-1.1282051282051326,155.99999999999454,1,2023,9
SL,-1.0,-1.4999999999998863,40.000000000009095,1,2023,0
SL,-1.0,-1.129870129870133,153.99999999999636,1,2023,1
SL,-1.0,-1.2739726027397191,73.00000000000182,-1,2023,1
SL,-1.0,-1.1657000828500268,120.70000000001073,-1,2023,4
SL,-1.0,-1.0230414746543777,868.0000000000064,1,2023,13
SL,-1.0,-1.0230414746543777,868.0000000000064,1,2023,13
TP,2.0,1.9756097560975612,820.0000000000045,-1,2023,19
TP,2.0,1.9756097560975612,820.0000000000045,-1,2023,19
SL,-1.0,-1.0426439232409377,469.00000000000546,-1,2023,0
SL,-1.0,-1.0751879699248161,265.99999999998545,1,2023,1
SL,-1.0,-1.1271455816910287,157.30000000000928,1,2023,3
TP,2.0,1.9141630901287527,232.99999999999272,-1,2023,6
TP,2.0,1.9141630901287527,232.99999999999272,-1,2023,6
TP,2.0,1.9539170506912458,434.00000000001455,-1,2023,8
SL,-1.0,-1.0913242009132398,219.00000000000546,1,2023,9
SL,-1.0,-1.0441501103752762,452.99999999999727,-1,2023,11
SL,-1.0,-1.0441501103752762,452.99999999999727,-1,2023,11
TP,2.0,1.909090909090911,220.00000000000455,1,2023,0
TP,2.0,1.909090909090911,220.00000000000455,1,2023,0
SL,-1.0,-1.1282051282051326,155.99999999999454,-1,2023,2
TP,2.0,1.8113207547169714,105.99999999999454,1,2023,5
SL,-1.0,-1.0615384615384615,325.0,1,2023,7
TP,2.0,1.8425196850393677,126.99999999999818,-1,2023,8
SL,-1.0,-1.119760479041911,167.00000000000728,1,2023,0
SL,-1.0,-1.125000000000007,159.9999999999909,-1,2023,1
SL,-1.0,-1.0615384615384615,325.0,1,2023,6
TP,2.0,1.9466666666666668,375.0,-1,2023,7
TP,2.0,1.9769053117782907,865.9999999999854,-1,2023,14
TP,2.0,1.880239520958089,167.00000000000728,-1,2023,0
SL,-1.0,-1.1315789473684226,151.99999999999818,-1,2023,2
SL,-1.0,-1.1438848920863205,139.00000000001,1,2023,4
TP,2.0,1.909788001804244,221.70000000000982,-1,2023,4
TP,2.0,1.9720279720279714,714.9999999999864,-1,2023,12
TP,2.0,1.8790078644888097,165.300000000002,1,2023,13
SL,-1.0,-1.0497512437810947,401.9999999999982,1,2023,7
SL,-1.0,-1.0938967136150286,212.99999999998818,-1,2023,8
TP,2.0,1.9786347612434572,936.1000000000104,-1,2023,13
fuera,1.0284565916398563,0.9963022508038435,622.0000000000027,-1,2023,15
TP,2.0,1.7071742313323541,68.29999999999927,1,2023,22
TP,2.0,1.942196531791908,346.00000000000364,-1,2023,0
TP,2.0,1.942196531791908,346.00000000000364,-1,2023,0
TP,2.0,1.942196531791908,346.00000000000364,-1,2023,0
SL,-1.0,-1.0344234079173842,580.9999999999945,-1,2023,2
SL,-1.0,-1.2089864158829442,95.70000000001073,1,2023,4
SL,-1.0,-1.2522068095838206,79.300000000012,1,2023,2
SL,-1.0,-1.0851063829787184,235.00000000001364,-1,2023,6
SL,-1.0,-1.2298850574712932,86.99999999998909,1,2023,7
SL,-1.0,-1.0772200772200797,258.9999999999918,-1,2023,8
TP,2.0,1.925400969787394,268.100000000004,1,2023,12
SL,-1.0,-1.0243902439024388,820.0000000000045,-1,2023,12
SL,-1.0,-1.0306278713629404,652.9999999999973,1,2023,13
SL,-1.0,-1.372439478584706,53.700000000003456,1,2023,0
SL,-1.0,-1.092592592592589,216.00000000000819,-1,2023,6
TP,2.0,1.9575100913533026,470.699999999988,1,2023,12
SL,-1.0,-1.0301659125188531,663.0000000000109,-1,2023,12
SL,-1.0,-1.0301659125188531,663.0000000000109,-1,2023,12
fuera,1.5176630434782914,1.4904891304348127,735.99999999999,1,2023,13
fuera,1.5176630434782914,1.4904891304348127,735.99999999999,1,2023,13
SL,-1.0,-1.0252844500632108,791.0000000000082,-1,2023,14
SL,-1.0,-1.0252844500632108,791.0000000000082,-1,2023,14
fuera,-0.015521064301538021,-0.037694013303755367,901.9999999999982,1,2023,15
fuera,-0.015521064301538021,-0.037694013303755367,901.9999999999982,1,2023,15
fuera,0.0624999999999429,-0.026785714285771027,224.0000000000009,-1,2023,15
SL,-1.0,-1.0452181777074383,442.3000000000002,1,2023,22
SL,-1.0,-1.108695652173918,183.99999999999181,-1,2023,23
SL,-1.0,-1.0668896321070231,299.0000000000009,1,2023,12
SL,-1.0,-1.0486144871171605,411.4000000000033,-1,2023,13
TP,2.0,1.9235766144440187,261.6999999999962,1,2023,18
SL,-1.0,-1.075103266992114,266.3000000000011,1,2023,0
TP,2.0,1.880239520958089,167.00000000000728,-1,2023,2
TP,2.0,1.8550724637681035,137.99999999998818,1,2023,6
SL,-1.0,-1.0630914826498408,317.0000000000073,-1,2023,12
SL,-1.0,-1.1694915254237197,118.00000000000637,-1,2023,6
TP,2.0,1.9638336347197105,552.9999999999973,1,2023,7
TP,2.0,1.9638336347197105,552.9999999999973,1,2023,7
TP,2.0,1.9333333333333333,300.0,1,2023,1
SL,-1.0,-1.1694915254237197,118.00000000000637,-1,2023,2
SL,-1.0,-1.2173913043478626,91.99999999998454,-1,2023,5
TP,2.0,1.9633094844982573,545.1000000000022,1,2023,7
TP,2.0,1.9612403100775182,515.9999999999854,1,2023,9
TP,2.0,1.9328859060402688,298.0000000000018,-1,2023,1
SL,-1.0,-1.0564971751412435,353.99999999999636,1,2023,15
SL,-1.0,-1.161290322580644,124.00000000000091,-1,2023,7
TP,2.0,1.9511002444987766,408.9999999999918,1,2023,9
SL,-1.0,-1.062441461130191,320.29999999999745,-1,2023,10
TP,2.0,1.9714285714285715,700.0,1,2023,12
TP,2.0,1.9469496021220156,376.9999999999982,-1,2023,13
TP,2.0,1.9447055570915117,361.6999999999962,1,2023,0
TP,2.0,1.983535029225323,1214.6999999999935,1,2023,1
TP,2.0,1.983535029225323,1214.6999999999935,1,2023,1
TP,2.0,1.983535029225323,1214.6999999999935,1,2023,1
TP,2.0,1.9831890392535934,1189.6999999999935,1,2023,17
SL,-1.0,-1.0548998078506722,364.3000000000029,1,2023,8
SL,-1.0,-1.0231749710312859,863.0000000000109,-1,2023,11
SL,-1.0,-1.0177462289263532,1126.9999999999982,1,2023,22
SL,-1.0,-1.0301204819277103,664.00000000001,-1,2023,23
TP,2.0,1.893617021276589,187.99999999998818,1,2023,0
SL,-1.0,-1.0284900284900285,701.9999999999982,-1,2023,0
SL,-1.0,-1.0325203252032515,615.0000000000091,1,2023,2
SL,-1.0,-1.040160642570281,498.0000000000018,1,2023,7
TP,2.0,1.9615384615384601,519.9999999999818,-1,2023,9
TP,2.0,1.9615384615384601,519.9999999999818,-1,2023,9
SL,-1.0,-1.0934579439252292,214.00000000001,-1,2023,1
SL,-1.0,-1.0858369098712473,232.99999999999272,1,2023,8
TP,2.0,1.96661101836394,599.0000000000009,-1,2023,9
SL,-1.0,-1.0356951633053717,560.3000000000065,-1,2023,10
SL,-1.0,-1.0356951633053717,560.3000000000065,-1,2023,10
SL,-1.0,-1.0356951633053717,560.3000000000065,-1,2023,10
TP,2.0,1.9803033287374434,1015.3999999999996,1,2023,11
SL,-1.0,-1.0478468899521525,418.00000000000637,1,2023,12
TP,2.0,1.976283647575003,843.2999999999993,1,2023,15
SL,-1.0,-1.1452432824981895,137.69999999999527,1,2023,2
SL,-1.0,-1.0432900432900423,462.0000000000118,-1,2023,6
SL,-1.0,-1.0195121951219512,1025.0,1,2023,13
SL,-1.0,-1.0195121951219512,1025.0,1,2023,13
SL,-1.0,-1.0195121951219512,1025.0,1,2023,13
SL,-1.0,-1.0195121951219512,1025.0,1,2023,13
SL,-1.0,-1.0229016374670785,873.3000000000175,-1,2023,14
SL,-1.0,-1.0229016374670785,873.3000000000175,-1,2023,14
SL,-1.0,-1.0229016374670785,873.3000000000175,-1,2023,14
SL,-1.0,-1.0229016374670785,873.3000000000175,-1,2023,14
fuera,-0.06030371141933761,-0.07126802258648854,1824.0999999999985,1,2023,15
fuera,-0.06030371141933761,-0.07126802258648854,1824.0999999999985,1,2023,15
TP,2.0,1.807692307692301,103.99999999999636,1,2023,0
SL,-1.0,-2.538461538462938,12.999999999988177,-1,2023,3
SL,-1.0,-1.1481481481481581,134.9999999999909,1,2023,4
SL,-1.0,-1.0413992962119651,483.09999999999036,1,2023,12
SL,-1.0,-1.0277392510402217,721.0000000000036,-1,2023,12
SL,-1.0,-1.0277392510402217,721.0000000000036,-1,2023,12
TP,2.0,1.974203534115826,775.2999999999929,1,2023,14
SL,-1.0,-1.0443458980044347,450.9999999999991,1,2023,16
SL,-1.0,-1.0888888888888888,225.0,-1,2023,2
SL,-1.0,-1.1388888888888835,144.00000000000546,1,2023,3
SL,-1.0,-1.0357781753130595,558.9999999999918,-1,2023,10
SL,-1.0,-1.0357781753130595,558.9999999999918,-1,2023,10
TP,2.0,1.8952879581151878,191.00000000000819,1,2023,11
SL,-1.0,-1.0591715976331342,338.0000000000109,1,2023,12
TP,2.0,1.9671052631578942,607.9999999999927,1,2023,13
fuera,0.6883686905632795,0.6737381126554522,1367.0000000000073,1,2023,17
SL,-1.0,-1.0388349514563118,514.9999999999864,-1,2023,5
TP,2.0,1.3103448275861203,28.999999999996362,1,2023,6
SL,-1.0,-1.0477326968973741,419.00000000000546,1,2023,11
TP,2.0,1.7752808988763724,88.99999999998727,-1,2023,0
SL,-1.0,-1.069856793573179,286.2999999999829,-1,2023,2
TP,2.0,1.9086757990867602,219.00000000000546,1,2023,3
TP,2.0,1.9209486166007896,252.99999999999727,1,2023,5
TP,2.0,1.8969072164948482,194.00000000000546,1,2023,7
TP,2.0,1.9771140862798948,873.9000000000033,-1,2023,13
TP,2.0,1.9771140862798948,873.9000000000033,-1,2023,13
SL,-1.0,-1.0476077124494165,420.1000000000022,1,2023,15
TP,2.0,1.95049504950495,403.99999999999636,-1,2023,15
SL,-1.0,-1.0282485875706218,707.9999999999927,-1,2023,16
SL,-1.0,-1.1242236024844798,160.99999999999,1,2023,0
SL,-1.0,-1.0772200772200797,258.9999999999918,-1,2023,1
TP,2.0,1.9199038846615961,249.7000000000071,1,2023,3
TP,2.0,1.9631879256396096,543.2999999999993,-1,2023,13
TP,2.0,1.960238568588469,502.99999999999727,1,2023,17
SL,-1.0,-1.0267988744472734,746.2999999999965,-1,2023,17
SL,-1.0,-1.3076923076922646,65.0000000000091,-1,2023,11
fuera,-0.519648858103006,-0.5333653384541478,1458.100000000013,1,2023,11
fuera,-0.519648858103006,-0.5333653384541478,1458.100000000013,1,2023,11
fuera,-0.519648858103006,-0.5333653384541478,1458.100000000013,1,2023,11
fuera,-0.519648858103006,-0.5333653384541478,1458.100000000013,1,2023,11
fuera,0.4221362229101929,0.3911764705882117,646.0000000000036,-1,2023,12
fuera,-0.21256157635469655,-0.2618226600985396,405.99999999999454,-1,2023,14
SL,-1.0,-1.0677966101694905,295.00000000000455,-1,2023,15
SL,-1.0,-1.0677966101694905,295.00000000000455,-1,2023,15
SL,-1.0,-1.046157396722824,433.30000000000837,-1,2023,23
SL,-1.0,-1.046157396722824,433.30000000000837,-1,2023,23
SL,-1.0,-1.046157396722824,433.30000000000837,-1,2023,23
SL,-1.0,-1.0492610837438403,406.0000000000173,1,2023,0
SL,-1.0,-1.0492610837438403,406.0000000000173,1,2023,0
SL,-1.0,-1.081300813008129,246.00000000000364,1,2023,1
TP,2.0,1.7826086956521374,91.99999999998454,-1,2023,1
TP,2.0,1.9659284497444627,586.9999999999891,-1,2023,2
TP,2.0,1.9659284497444627,586.9999999999891,-1,2023,2
TP,2.0,1.9659284497444627,586.9999999999891,-1,2023,2
SL,-1.0,-1.0613496932515338,325.9999999999991,1,2023,3
TP,2.0,1.9581589958158994,477.99999999999727,-1,2023,15
TP,2.0,1.925925925925921,269.9999999999818,-1,2023,20
TP,2.0,1.925925925925921,269.9999999999818,-1,2023,20
SL,-1.0,-1.408163265306115,49.00000000000091,1,2023,0
TP,2.0,1.8033431661750348,101.70000000000528,-1,2023,1
TP,2.0,1.894179894179887,188.99999999998727,-1,2023,7
TP,2.0,1.9614643545279387,519.0000000000055,-1,2023,15
TP,2.0,1.9469496021220156,376.9999999999982,1,2023,8
SL,-1.0,-1.0694444444444418,288.0000000000109,-1,2023,9
SL,-1.0,-1.0208986415882964,957.0000000000164,1,2023,14
SL,-1.0,-1.1069518716577602,186.9999999999891,1,2023,2
SL,-1.0,-1.1111111111111138,179.99999999999545,-1,2023,7
SL,-1.0,-1.1869158878504784,106.99999999999363,1,2023,11
SL,-1.0,-1.0522193211488229,383.00000000001546,1,2023,12
TP,2.0,1.8871968415115568,177.2999999999911,-1,2023,12
fuera,0.8446977013714378,0.8060652887772723,517.7000000000135,-1,2023,14
TP,2.0,1.9227799227799272,259.00000000001455,-1,2023,0
SL,-1.0,-1.0571428571428572,350.0,-1,2023,14
SL,-1.0,-1.0571428571428572,350.0,-1,2023,14
TP,2.0,1.9707174231332354,682.9999999999927,1,2023,15
TP,2.0,1.9707174231332354,682.9999999999927,1,2023,15
SL,-1.0,-1.026212319790302,762.9999999999882,1,2023,16
SL,-1.0,-1.026212319790302,762.9999999999882,1,2023,16
SL,-1.0,-1.0579710144927528,345.00000000000455,-1,2023,17
SL,-1.0,-1.0655737704917994,305.0000000000182,1,2023,18
SL,-1.0,-1.075103266992114,266.3000000000011,-1,2023,1
SL,-1.0,-1.1481481481481581,134.9999999999909,1,2023,2
SL,-1.0,-1.2531645569620369,78.99999999999636,-1,2023,5
fuera,1.095528080211623,1.0832256873962203,1625.6999999999834,1,2023,13
fuera,1.095528080211623,1.0832256873962203,1625.6999999999834,1,2023,13
fuera,1.095528080211623,1.0832256873962203,1625.6999999999834,1,2023,13
fuera,0.7949080622348027,0.7807637906647884,1413.9999999999873,1,2023,14
fuera,0.7949080622348027,0.7807637906647884,1413.9999999999873,1,2023,14
SL,-1.0,-1.0419287211740043,476.9999999999982,-1,2023,15
TP,2.0,1.9164229001253668,239.3000000000029,1,2023,3
SL,-1.0,-1.2898550724637452,69.00000000000546,-1,2023,7
TP,2.0,1.8843930635838162,173.00000000000182,1,2023,8
SL,-1.0,-1.0217864923747275,918.0000000000064,-1,2023,14
SL,-1.0,-1.0217864923747275,918.0000000000064,-1,2023,14
SL,-1.0,-1.0337097589752233,593.2999999999993,1,2023,15
SL,-1.0,-1.1123595505617996,177.99999999999727,-1,2023,0
TP,2.0,1.8,100.0,1,2023,3
TP,2.0,1.9746835443037978,790.0000000000091,1,2023,13
fuera,0.11973203410474335,0.09537149817295296,821.0000000000036,1,2023,14
SL,-1.0,-1.049176297024834,406.7000000000007,1,2023,8
fuera,0.5821739130434782,0.5531884057971018,690.0000000000091,-1,2023,13
SL,-1.0,-1.048204386599182,414.8999999999887,-1,2023,23
SL,-1.0,-1.048204386599182,414.8999999999887,-1,2023,23
SL,-1.0,-1.0481927710843388,414.99999999998636,1,2023,0
SL,-1.0,-1.0481927710843388,414.99999999998636,1,2023,0
SL,-1.0,-1.0539083557951476,371.00000000000364,1,2023,1
SL,-1.0,-1.0539083557951476,371.00000000000364,1,2023,1
TP,2.0,1.9150021249468705,235.2999999999838,-1,2023,7
SL,-1.0,-1.065359477124184,305.99999999999454,-1,2023,8
TP,2.0,1.9303135888501717,286.9999999999891,-1,2023,11
TP,2.0,1.9303135888501717,286.9999999999891,-1,2023,11
SL,-1.0,-1.1041666666666627,192.00000000000728,1,2023,12
SL,-1.0,-1.0396039603960399,504.99999999999545,-1,2023,13
TP,2.0,1.9651567944250872,574.0000000000009,1,2023,0
TP,2.0,1.9670510708401974,606.9999999999936,1,2023,1
TP,2.0,1.8165137614678761,108.99999999999181,-1,2023,3
SL,-1.0,-1.0310559006211188,643.9999999999827,-1,2023,8
SL,-1.0,-1.0237247924080664,843.0000000000064,1,2023,13
SL,-1.0,-1.0407083248524323,491.3000000000011,1,2023,15
SL,-1.0,-1.0454235748353393,440.300000000002,-1,2023,16
TP,2.0,1.8692810457516316,152.99999999999727,1,2023,18
TP,2.0,1.9136814846784638,231.70000000000073,1,2023,1
SL,-1.0,-1.1092896174863431,182.99999999999272,-1,2023,12
fuera,0.20532319391633633,0.16730038022812332,525.9999999999991,1,2023,13
fuera,-0.44423076923075483,-0.482692307692293,520.0000000000045,-1,2023,15
SL,-1.0,-1.0930232558139594,214.99999999998636,-1,2023,0
SL,-1.0,-1.0930232558139594,214.99999999998636,-1,2023,0
TP,2.0,1.9797365754812561,986.9999999999891,1,2023,1
TP,2.0,1.9797365754812561,986.9999999999891,1,2023,1
TP,2.0,1.9797365754812561,986.9999999999891,1,2023,1
TP,2.0,1.9797365754812561,986.9999999999891,1,2023,1
TP,2.0,1.9797304145130232,986.6999999999962,1,2023,13
SL,-1.0,-1.0298062593144548,671.0000000000264,1,2023,0
SL,-1.0,-1.0583090379008735,343.00000000000637,-1,2023,3
SL,-1.0,-1.0812017864393029,246.29999999999654,1,2023,0
SL,-1.0,-1.0600060006000585,333.30000000000837,-1,2023,1
SL,-1.0,-1.069686411149823,287.0000000000118,1,2023,13
SL,-1.0,-1.0537634408602146,372.00000000000273,-1,2023,18
SL,-1.0,-1.0329652216911158,606.7000000000007,1,2023,8
TP,2.0,1.941860465116276,343.9999999999827,-1,2023,9
TP,2.0,1.9425287356321843,348.0000000000018,-1,2023,10
TP,2.0,1.9030538051381425,206.29999999998745,1,2023,12
TP,2.0,1.9726402188782497,731.0000000000173,1,2023,15
SL,-1.0,-1.051150895140667,390.99999999998545,-1,2023,15
fuera,0.9220806644611825,0.9080030970648285,1420.699999999988,1,2023,16
SL,-1.0,-1.004318628403619,4631.100000000015,1,2023,23
SL,-1.0,-1.0746268656716338,268.0000000000291,1,2023,6
TP,2.0,1.9869451697127938,1532.0000000000164,-1,2023,7
TP,2.0,1.9869451697127938,1532.0000000000164,-1,2023,7
SL,-1.0,-1.0262812089356106,761.0000000000127,1,2023,14
SL,-1.0,-1.0262812089356106,761.0000000000127,1,2023,14
TP,2.0,1.974457215836526,782.9999999999927,-1,2023,14
fuera,-0.24780637374824485,-0.25433016929249247,3065.7000000000153,-1,2023,15
fuera,-0.24780637374824485,-0.25433016929249247,3065.7000000000153,-1,2023,15
fuera,-0.24780637374824485,-0.25433016929249247,3065.7000000000153,-1,2023,15
fuera,-0.24780637374824485,-0.25433016929249247,3065.7000000000153,-1,2023,15
fuera,-0.24780637374824485,-0.25433016929249247,3065.7000000000153,-1,2023,15
SL,-1.0,-1.0359712230215832,555.9999999999945,1,2023,23
SL,-1.0,-1.0359712230215832,555.9999999999945,1,2023,23
SL,-1.0,-1.0486618004866193,410.99999999999,1,2023,0
SL,-1.0,-1.0486618004866193,410.99999999999,1,2023,0
SL,-1.0,-1.1163467132053486,171.9000000000051,-1,2023,2
TP,2.0,1.8919502971366762,185.09999999998854,1,2023,4
SL,-1.0,-1.0328407224958942,609.0000000000146,-1,2023,4
TP,2.0,1.9638336347197105,552.9999999999973,-1,2023,9
SL,-1.0,-1.0148588410104011,1346.0000000000036,-1,2023,14
TP,2.0,1.9340586877678894,303.3000000000129,1,2023,0
SL,-1.0,-1.0251256281407035,796.0000000000036,1,2023,7
SL,-1.0,-1.0251256281407035,796.0000000000036,1,2023,7
SL,-1.0,-1.0210526315789474,950.0,-1,2023,8
SL,-1.0,-1.0210526315789474,950.0,-1,2023,8
SL,-1.0,-1.1020408163265287,196.00000000000364,-1,2023,8
SL,-1.0,-1.064998375040624,307.6999999999998,1,2023,9
SL,-1.0,-1.0286082105564298,699.0999999999985,1,2023,13
TP,2.0,1.9820305480682838,1112.9999999999882,-1,2023,14
TP,2.0,1.980694980694981,1036.0000000000127,-1,2023,13
TP,2.0,1.980694980694981,1036.0000000000127,-1,2023,13
TP,2.0,1.980694980694981,1036.0000000000127,-1,2023,13
fuera,0.39399076952058093,0.3751530564189514,1061.6999999999962,-1,2023,14
TP,2.0,1.9315068493150649,291.99999999998454,-1,2023,0
TP,2.0,1.9303135888501717,286.9999999999891,-1,2023,1
TP,2.0,1.9743260590500649,779.0000000000191,-1,2023,7
SL,-1.0,-1.047881254488866,417.70000000001346,1,2023,8
SL,-1.0,-1.016260162601626,1229.9999999999955,-1,2023,13
SL,-1.0,-1.044843049327354,446.00000000000364,-1,2023,6
SL,-1.0,-1.044843049327354,446.00000000000364,-1,2023,6
TP,2.0,1.9660441426146003,588.9999999999873,1,2023,7
TP,2.0,1.9660441426146003,588.9999999999873,1,2023,7
fuera,0.1530884336669037,0.14681431753301405,3187.6999999999953,1,2023,19
fuera,0.1530884336669037,0.14681431753301405,3187.6999999999953,1,2023,19
fuera,0.1530884336669037,0.14681431753301405,3187.6999999999953,1,2023,19
fuera,0.1530884336669037,0.14681431753301405,3187.6999999999953,1,2023,19
fuera,0.1530884336669037,0.14681431753301405,3187.6999999999953,1,2023,19
TP,2.0,1.9823943661971832,1136.0000000000127,1,2023,20
SL,-1.0,-1.0264550264550267,755.9999999999945,1,2023,0
SL,-1.0,-1.0264550264550267,755.9999999999945,1,2023,0
SL,-1.0,-1.034088972217488,586.6999999999962,-1,2023,1
SL,-1.0,-1.034088972217488,586.6999999999962,-1,2023,1
SL,-1.0,-1.0564971751412435,353.99999999999636,-1,2023,0
TP,2.0,1.9523809523809503,419.9999999999818,1,2023,2
SL,-1.0,-1.0450755014649524,443.70000000001255,1,2023,13
fuera,0.0042411818760122785,-0.00989609104404151,1414.6999999999935,-1,2023,18
SL,-1.0,-1.0502512562814068,398.0000000000018,-1,2023,1
SL,-1.0,-1.070175438596488,285.00000000001364,1,2023,2
fuera,0.10430894308944177,0.0880487804878157,1229.9999999999955,1,2023,17
fuera,0.10430894308944177,0.0880487804878157,1229.9999999999955,1,2023,17
SL,-1.0,-1.0278940027894,717.0000000000073,-1,2023,18
SL,-1.0,-1.0278940027894,717.0000000000073,-1,2023,18
TP,2.0,1.9029126213592207,205.99999999999454,-1,2023,0
TP,2.0,1.9392097264437682,328.99999999999636,1,2023,12
SL,-1.0,-1.0159489633173844,1253.9999999999964,1,2023,14
SL,-1.0,-1.0159489633173844,1253.9999999999964,1,2023,14
SL,-1.0,-1.0555555555555534,360.00000000001364,-1,2023,15
SL,-1.0,-1.0836820083681973,239.00000000001,-1,2023,11
SL,-1.0,-1.2469135802469302,80.99999999999454,1,2023,12
TP,2.0,1.9553272280544993,447.6999999999862,1,2023,21
SL,-1.0,-1.392156862745105,50.99999999999909,-1,2023,0
SL,-1.0,-1.099850224663009,200.2999999999929,1,2023,1
SL,-1.0,-1.0431034482758612,464.00000000001,-1,2023,13
SL,-1.0,-1.0431034482758612,464.00000000001,-1,2023,13
TP,2.0,1.9588477366255135,485.99999999999,1,2023,19
TP,2.0,1.9022960429897422,204.70000000000255,1,2023,21
TP,2.0,1.9670347783088853,606.7000000000235,1,2023,23
TP,2.0,1.8918918918918999,185.00000000001364,1,2023,1
TP,2.0,1.9130434782608765,230.0000000000182,1,2023,10
fuera,0.02572821035927295,0.003060183611001039,882.2999999999865,-1,2023,16
SL,-1.0,-1.0694444444444418,288.0000000000109,-1,2023,23
TP,2.0,1.8692810457516122,152.99999999997453,1,2023,0
SL,-1.0,-1.0236127508854775,847.0000000000255,1,2023,1
SL,-1.0,-1.0417536534446767,478.99999999999636,-1,2023,14
TP,2.0,1.7973657548125797,98.700000000008,-1,2023,9
TP,2.0,1.9435506632797084,354.300000000012,1,2023,14
SL,-1.0,-1.1336005344021516,149.69999999998436,-1,2023,14
SL,-1.0,-1.0201409869083589,992.9999999999836,1,2023,15
SL,-1.0,-1.0268817204301073,744.0000000000055,1,2023,1
TP,2.0,1.977851605758583,903.00000000002,-1,2023,8
SL,-1.0,-1.039424403705895,507.29999999998654,-1,2023,19
SL,-1.0,-1.039424403705895,507.29999999998654,-1,2023,19
SL,-1.0,-1.0502134069796614,398.30000000001746,1,2023,1
SL,-1.0,-1.0502134069796614,398.30000000001746,1,2023,1
SL,-1.0,-1.0772200772200864,258.9999999999691,-1,2023,2
SL,-1.0,-1.0772200772200864,258.9999999999691,-1,2023,2
SL,-1.0,-1.0680966973101722,293.7000000000353,1,2023,10
SL,-1.0,-1.0283286118980155,706.00000000004,-1,2023,13
SL,-1.0,-1.0283286118980155,706.00000000004,-1,2023,13
fuera,-0.011185682326561384,-0.05592841163305109,446.99999999998,1,2023,14
SL,-1.0,-1.0671140939597312,298.0000000000018,-1,2024,23
TP,2.0,1.9351281219591325,308.30000000000837,1,2024,0
TP,2.0,1.9351281219591325,308.30000000000837,1,2024,0
SL,-1.0,-1.0604229607250766,330.99999999999454,-1,2024,1
SL,-1.0,-1.0604229607250766,330.99999999999454,-1,2024,1
TP,2.0,1.9471319058947911,378.2999999999902,1,2024,2
TP,2.0,1.935128121959123,308.2999999999629,1,2024,3
SL,-1.0,-1.6060606060607396,32.999999999992724,-1,2024,5
SL,-1.0,-1.0531914893616992,376.0000000000218,1,2024,9
TP,2.0,1.9419785320568554,344.69999999996617,1,2024,15
TP,2.0,1.9823477493380406,1132.9999999999927,-1,2024,15
TP,2.0,1.9823477493380406,1132.9999999999927,-1,2024,15
TP,2.0,1.9823477493380406,1132.9999999999927,-1,2024,15
SL,-1.0,-1.0288600288600276,693.0000000000291,1,2024,16
SL,-1.0,-1.1030927835051518,194.00000000000546,-1,2024,0
SL,-1.0,-1.0682593856655223,293.0000000000291,1,2024,1
SL,-1.0,-1.0648718780408675,308.30000000000837,1,2024,2
SL,-1.0,-1.0648718780408675,308.30000000000837,1,2024,2
TP,2.0,1.8913043478260956,184.00000000001455,-1,2024,5
TP,2.0,1.9537037037037055,432.00000000001637,-1,2024,8
SL,-1.0,-1.081300813008129,246.00000000000364,1,2024,9
TP,2.0,1.9472295514511868,378.99999999999636,-1,2024,9
TP,2.0,1.9108337048595607,224.29999999999382,-1,2024,10
fuera,0.3522683706070267,0.33948881789137164,1564.9999999999864,1,2024,13
fuera,0.3522683706070267,0.33948881789137164,1564.9999999999864,1,2024,13
SL,-1.0,-1.0243872698451415,820.0999999999794,1,2024,15
fuera,1.0257340811612987,1.003739139997767,909.3000000000302,-1,2024,15
fuera,1.0257340811612987,1.003739139997767,909.3000000000302,-1,2024,15
fuera,1.0257340811612987,1.003739139997767,909.3000000000302,-1,2024,15
fuera,-0.04193807441775635,-0.05978406353170282,1120.7000000000107,-1,2024,16
SL,-1.0,-1.0917431192660523,218.00000000000637,1,2024,0
TP,2.0,1.9288256227758052,281.0000000000173,-1,2024,1
TP,2.0,1.9203187250996012,250.9999999999991,-1,2024,2
TP,2.0,1.9628942486085335,538.9999999999873,-1,2024,3
SL,-1.0,-1.0531914893617023,375.9999999999991,1,2024,5
SL,-1.0,-1.05813953488372,344.00000000000546,-1,2024,8
SL,-1.0,-1.0254550082728777,785.6999999999971,-1,2024,11
SL,-1.0,-1.0349650349650348,572.0000000000027,1,2024,12
TP,2.0,1.918367346938777,245.00000000000455,1,2024,5
SL,-1.0,-1.15873015873016,125.99999999999909,-1,2024,7
SL,-1.0,-1.0817327339599472,244.70000000001164,1,2024,12
SL,-1.0,-1.0296296296296297,675.0,-1,2024,15
SL,-1.0,-1.1666666666666603,120.00000000000455,1,2024,5
TP,2.0,1.7260273972602809,73.00000000000182,1,2024,6
SL,-1.0,-1.0836820083682053,238.99999999998727,-1,2024,6
TP,2.0,1.9632150082766224,543.6999999999898,-1,2024,10
SL,-1.0,-1.054303556882976,368.2999999999993,-1,2024,17
SL,-1.0,-1.0458715596330261,436.00000000001273,1,2024,13
SL,-1.0,-1.0137655723036685,1452.8999999999996,-1,2024,13
SL,-1.0,-1.0137655723036685,1452.8999999999996,-1,2024,13
SL,-1.0,-1.0137655723036685,1452.8999999999996,-1,2024,13
SL,-1.0,-1.0154918667699457,1291.0000000000082,-1,2024,16
SL,-1.0,-1.0154918667699457,1291.0000000000082,-1,2024,16
SL,-1.0,-1.0154918667699457,1291.0000000000082,-1,2024,16
SL,-1.0,-1.0154918667699457,1291.0000000000082,-1,2024,16
TP,2.0,1.9376947040498405,320.9999999999809,1,2024,18
TP,2.0,1.978632478632479,936.0000000000127,1,2024,19
TP,2.0,1.978632478632479,936.0000000000127,1,2024,19
TP,2.0,1.9742930591259646,778.00000000002,1,2024,10
TP,2.0,1.9742930591259646,778.00000000002,1,2024,10
TP,2.0,1.9742930591259646,778.00000000002,1,2024,10
TP,2.0,1.9742930591259646,778.00000000002,1,2024,10
TP,2.0,1.9742930591259646,778.00000000002,1,2024,10
SL,-1.0,-1.1005025125628136,199.0000000000009,-1,2024,11
SL,-1.0,-1.1005025125628136,199.0000000000009,-1,2024,11
SL,-1.0,-1.0865800865800885,230.99999999999454,1,2024,12
SL,-1.0,-1.1574803149606039,127.00000000002092,1,2024,23
TP,2.0,1.9047619047619109,210.00000000001364,1,2024,0
TP,2.0,1.9439775910364137,356.99999999999363,1,2024,1
SL,-1.0,-1.1709401709401603,117.00000000000728,1,2024,3
SL,-1.0,-1.1941747572816015,102.99999999997453,-1,2024,5
TP,2.0,1.9715099715099704,701.9999999999754,-1,2024,8
TP,2.0,1.9715099715099704,701.9999999999754,-1,2024,8
TP,2.0,1.9715099715099704,701.9999999999754,-1,2024,8
SL,-1.0,-1.0782166601486112,255.70000000000164,1,2024,9
TP,2.0,1.8453209590100412,129.29999999998927,-1,2024,11
TP,2.0,1.976387249114522,847.0000000000027,-1,2024,17
SL,-1.0,-1.0569800569800571,350.9999999999991,1,2024,1
TP,2.0,1.9502487562189053,401.9999999999982,-1,2024,2
TP,2.0,1.960396039603962,505.0000000000182,-1,2024,3
SL,-1.0,-1.0921658986175085,217.00000000000728,1,2024,4
SL,-1.0,-1.0182315405651776,1097.0000000000027,-1,2024,14
SL,-1.0,-1.227272727272699,88.00000000001091,-1,2024,23
SL,-1.0,-1.1694915254237523,117.99999999998363,-1,2024,0
TP,2.0,1.870129870129867,153.99999999999636,-1,2024,1
TP,2.0,1.9548532731376957,442.99999999998363,1,2024,7
TP,2.0,1.9548532731376957,442.99999999998363,1,2024,7
SL,-1.0,-1.086206896551718,232.00000000001637,-1,2024,12
SL,-1.0,-1.0766283524904243,260.99999999999,1,2024,13
SL,-1.0,-1.0564971751412435,353.99999999999636,1,2024,0
TP,2.0,1.9326599326599332,297.00000000000273,-1,2024,1
SL,-1.0,-1.1369863013698809,145.9999999999809,1,2024,2
TP,2.0,1.8795180722891627,166.00000000000819,-1,2024,4
SL,-1.0,-1.0865800865800885,230.99999999999454,-1,2024,5
SL,-1.0,-1.0865800865800885,230.99999999999454,-1,2024,5
SL,-1.0,-1.227272727272699,88.00000000001091,1,2024,6
SL,-1.0,-1.0495908752789498,403.2999999999902,1,2024,11
SL,-1.0,-1.0495908752789498,403.2999999999902,1,2024,11
TP,2.0,1.9029126213592207,205.99999999999454,1,2024,1
SL,-1.0,-1.0347222222222223,575.9999999999991,1,2024,3
SL,-1.0,-1.0347222222222223,575.9999999999991,1,2024,3
SL,-1.0,-1.0561797752808997,355.99999999999454,1,2024,5
SL,-1.0,-1.0331290376014575,603.7000000000035,1,2024,6
SL,-1.0,-1.0331290376014575,603.7000000000035,1,2024,6
TP,2.0,1.9679641198141915,624.2999999999938,-1,2024,7
TP,2.0,1.9679641198141915,624.2999999999938,-1,2024,7
TP,2.0,1.9280575539568339,277.99999999999727,-1,2024,8
SL,-1.0,-1.054945054945057,363.99999999998727,-1,2024,10
SL,-1.0,-1.0904977375565597,221.00000000000364,-1,2024,11
SL,-1.0,-1.2439024390244091,81.99999999999363,1,2024,1
SL,-1.0,-1.0591715976331382,337.9999999999882,-1,2024,2
SL,-1.0,-1.0591715976331382,337.9999999999882,-1,2024,2
SL,-1.0,-1.1892147587511797,105.70000000000164,1,2024,3
SL,-1.0,-1.098522167487686,202.99999999999727,-1,2024,7
TP,2.0,1.9256505576208194,269.00000000000546,1,2024,8
SL,-1.0,-1.1449275362318965,137.99999999998818,-1,2024,8
SL,-1.0,-1.0571428571428572,350.0,1,2024,10
SL,-1.0,-1.019723865877712,1014.00000000001,-1,2024,15
SL,-1.0,-1.019723865877712,1014.00000000001,-1,2024,15
SL,-1.0,-1.019723865877712,1014.00000000001,-1,2024,15
SL,-1.0,-1.0503778337531482,397.00000000000273,1,2024,17
SL,-1.0,-1.16,125.0,-1,2024,0
SL,-1.0,-1.0393700787401563,508.00000000001546,1,2024,9
fuera,-0.10661914460285214,-0.1269857433808559,982.0000000000164,1,2024,13
SL,-1.0,-1.054945054945057,363.99999999998727,-1,2024,13
SL,-1.0,-1.054945054945057,363.99999999998727,-1,2024,13
SL,-1.0,-1.03883495145631,515.0000000000091,1,2024,14
SL,-1.0,-1.03883495145631,515.0000000000091,1,2024,14
SL,-1.0,-1.1075268817204227,186.00000000001273,1,2024,0
TP,2.0,1.9090909090909016,219.9999999999818,-1,2024,13
SL,-1.0,-1.2344665885111816,85.29999999998381,1,2024,15
fuera,-0.41548630783761653,-0.47843877872209606,317.70000000001346,-1,2024,15
SL,-1.0,-1.0302617642608567,660.8999999999924,-1,2024,23
SL,-1.0,-1.0302617642608567,660.8999999999924,-1,2024,23
TP,2.0,1.91452991452992,234.00000000001455,1,2024,0
TP,2.0,1.91452991452992,234.00000000001455,1,2024,0
SL,-1.0,-1.087336244541486,228.99999999999636,-1,2024,1
TP,2.0,1.94871794871795,390.0000000000091,1,2024,2
SL,-1.0,-1.15873015873016,125.99999999999909,-1,2024,4
TP,2.0,1.950372208436727,403.00000000002,1,2024,6
TP,2.0,1.950372208436727,403.00000000002,1,2024,6
SL,-1.0,-1.0552486187845287,362.0000000000118,-1,2024,9
SL,-1.0,-1.0219538968166852,910.99999999999,1,2024,13
SL,-1.0,-1.016025641025641,1248.0000000000018,-1,2024,14
SL,-1.0,-1.0520833333333313,384.00000000001455,1,2024,7
SL,-1.0,-1.0520833333333313,384.00000000001455,1,2024,7
SL,-1.0,-1.0666666666666667,300.0,-1,2024,9
SL,-1.0,-1.0666666666666667,300.0,-1,2024,9
SL,-1.0,-1.0786472670074678,254.300000000012,-1,2024,0
SL,-1.0,-1.0689655172413826,289.99999999998636,1,2024,8
SL,-1.0,-1.0184842883548983,1081.9999999999936,1,2024,14
TP,2.0,1.9422466069881639,346.3000000000193,-1,2024,18
TP,2.0,1.9224806201550366,257.9999999999927,-1,2024,2
SL,-1.0,-1.2547770700636678,78.50000000000819,1,2024,10
SL,-1.0,-1.0214132762312635,933.9999999999918,-1,2024,10
TP,2.0,1.9783315276273024,923.0000000000018,1,2024,13
SL,-1.0,-1.0152439024390245,1311.999999999989,1,2024,15
SL,-1.0,-1.0264550264550267,755.9999999999945,1,2024,16
TP,2.0,1.975,800.0,-1,2024,17
SL,-1.0,-1.1030927835051758,193.99999999995998,-1,2024,0
SL,-1.0,-1.086095566078352,232.29999999998654,1,2024,11
SL,-1.0,-1.0947867298578244,210.99999999999,1,2024,13
SL,-1.0,-1.0947867298578244,210.99999999999,1,2024,13
fuera,-0.3007335907335892,-0.3084555984555969,2590.000000000009,-1,2024,13
fuera,-0.3007335907335892,-0.3084555984555969,2590.000000000009,-1,2024,13
fuera,0.5545454545454684,0.5281949934123983,758.9999999999918,1,2024,14
fuera,0.5545454545454684,0.5281949934123983,758.9999999999918,1,2024,14
SL,-1.0,-1.1149425287356316,174.0000000000009,1,2024,19
TP,2.0,1.9520383693045547,416.99999999998454,-1,2024,0
SL,-1.0,-1.0958313368471495,208.6999999999989,1,2024,3
SL,-1.0,-1.2528445006321305,79.099999999994,1,2024,5
TP,2.0,1.912663755458514,228.99999999999636,-1,2024,5
TP,2.0,1.912663755458514,228.99999999999636,-1,2024,5
SL,-1.0,-1.049627791563273,403.00000000002,1,2024,6
SL,-1.0,-1.049627791563273,403.00000000002,1,2024,6
TP,2.0,1.9493670886075956,395.00000000000455,-1,2024,7
TP,2.0,1.9493670886075956,395.00000000000455,-1,2024,7
TP,2.0,1.861782999308926,144.70000000001164,-1,2024,1
SL,-1.0,-1.0538068334678523,371.6999999999871,1,2024,5
SL,-1.0,-1.1183431952662684,169.00000000000546,-1,2024,13
TP,2.0,1.9459459459459465,370.00000000000455,1,2024,14
SL,-1.0,-1.0833333333333381,239.99999999998636,-1,2024,14
SL,-1.0,-1.0297619047619047,672.0000000000027,1,2024,15
SL,-1.0,-1.0204290091930541,978.9999999999964,1,2024,14
SL,-1.0,-1.0204290091930541,978.9999999999964,1,2024,14
SL,-1.0,-1.0204290091930541,978.9999999999964,1,2024,14
SL,-1.0,-1.0204290091930541,978.9999999999964,1,2024,14
TP,2.0,1.9592668024439925,491.0000000000082,-1,2024,15
TP,2.0,1.9592668024439925,491.0000000000082,-1,2024,15
TP,2.0,1.9592668024439925,491.0000000000082,-1,2024,15
TP,2.0,1.9592668024439925,491.0000000000082,-1,2024,15
TP,2.0,1.8947368421052555,189.99999999998636,1,2024,8
SL,-1.0,-1.0276243093922652,724.0000000000009,-1,2024,11
SL,-1.0,-1.0480769230769222,416.0000000000082,-1,2024,12
SL,-1.0,-1.0374531835205998,533.9999999999918,-1,2024,13
fuera,-0.4759556103575768,-0.5006165228113378,810.99999999999,1,2024,14
fuera,-0.4759556103575768,-0.5006165228113378,810.99999999999,1,2024,14
SL,-1.0,-1.1052631578947318,190.0000000000091,1,2024,8
SL,-1.0,-1.060368246302443,331.3000000000102,-1,2024,12
fuera,-0.42375702101103135,-0.4653630122737731,480.70000000000164,-1,2024,15
fuera,-0.06231454005935579,-0.12166172106825579,337.0000000000118,1,2024,17
SL,-1.0,-1.1351351351351335,148.00000000000182,-1,2024,2
SL,-1.0,-1.1351351351351335,148.00000000000182,-1,2024,2
TP,2.0,1.8113207547169714,105.99999999999454,1,2024,3
TP,2.0,1.7752808988764297,89.00000000001,1,2024,5
SL,-1.0,-1.0562904587672408,355.29999999998836,-1,2024,8
TP,2.0,1.7872340425532038,94.00000000000546,1,2024,10
TP,2.0,1.7872340425532038,94.00000000000546,1,2024,10
SL,-1.0,-1.0234192037470722,854.0000000000191,-1,2024,13
SL,-1.0,-1.0234192037470722,854.0000000000191,-1,2024,13
SL,-1.0,-1.2195389681668904,91.09999999998308,1,2024,1
SL,-1.0,-1.2195389681668904,91.09999999998308,1,2024,1
SL,-1.0,-1.1411432604093013,141.70000000001437,-1,2024,2
SL,-1.0,-1.1411432604093013,141.70000000001437,-1,2024,2
TP,2.0,1.9324324324324333,296.00000000000364,1,2024,6
SL,-1.0,-1.833333333333302,24.00000000000091,-1,2024,9
SL,-1.0,-1.1336005344021516,149.69999999998436,-1,2024,10
SL,-1.0,-1.12903225806452,154.99999999999545,1,2024,11
SL,-1.0,-1.12903225806452,154.99999999999545,1,2024,11
fuera,0.05320266013300613,0.04620231011550524,2856.9999999999936,-1,2024,13
fuera,0.05320266013300613,0.04620231011550524,2856.9999999999936,-1,2024,13
fuera,0.05320266013300613,0.04620231011550524,2856.9999999999936,-1,2024,13
SL,-1.0,-1.0506457330969856,394.9000000000069,1,2024,1
SL,-1.0,-1.0549450549450534,364.00000000001,-1,2024,7
TP,2.0,1.9209486166007896,252.99999999999727,1,2024,9
SL,-1.0,-1.1005025125628136,199.0000000000009,-1,2024,10
TP,2.0,1.9686520376175554,638.0000000000109,1,2024,13
SL,-1.0,-1.0635525897680345,314.69999999999345,-1,2024,15
TP,2.0,1.9004975124378105,200.9999999999991,1,2024,16
fuera,-0.020381328073651655,-0.06421214113523298,456.3000000000102,1,2024,17
TP,2.0,1.9468085106382977,375.9999999999991,1,2024,23
SL,-1.0,-1.078431372549021,254.99999999999545,-1,2024,23
SL,-1.0,-1.0386772384451763,517.0999999999822,1,2024,0
SL,-1.0,-1.0386772384451763,517.0999999999822,1,2024,0
SL,-1.0,-1.0766283524904243,260.99999999999,-1,2024,15
SL,-1.0,-1.0766283524904243,260.99999999999,-1,2024,15
TP,2.0,1.8319327731092514,119.00000000000546,1,2024,0
SL,-1.0,-1.3703703703703953,53.99999999999636,-1,2024,0
TP,2.0,1.8876404494382004,177.99999999999727,1,2024,1
TP,2.0,1.8692810457516316,152.99999999999727,1,2024,9
TP,2.0,1.677419354838653,61.999999999989086,1,2024,0
SL,-1.0,-1.5405405405403678,37.00000000001182,-1,2024,3
SL,-1.0,-1.12903225806452,154.99999999999545,1,2024,5
SL,-1.0,-1.071684587813621,278.99999999999636,-1,2024,18
SL,-1.0,-1.0775193798449634,257.9999999999927,1,2024,7
SL,-1.0,-1.1032524522457463,193.6999999999898,1,2024,8
TP,2.0,1.9324324324324333,296.00000000000364,-1,2024,9
TP,2.0,1.9324324324324333,296.00000000000364,-1,2024,9
SL,-1.0,-1.062305295950155,321.00000000000364,1,2024,13
TP,2.0,1.8245614035087874,114.00000000001,1,2024,16
SL,-1.0,-1.0607348921955684,329.29999999998927,-1,2024,16
SL,-1.0,-1.116959064327483,171.00000000000364,1,2024,0
SL,-1.0,-1.0531914893617023,375.9999999999991,-1,2024,5
SL,-1.0,-1.0719424460431661,277.99999999999727,1,2024,6
SL,-1.0,-1.0719424460431661,277.99999999999727,1,2024,6
SL,-1.0,-1.0647249190938481,309.00000000001455,-1,2024,8
SL,-1.0,-1.0647249190938481,309.00000000001455,-1,2024,8
TP,2.0,1.7402597402597342,76.99999999999818,1,2024,9
SL,-1.0,-1.1960784313725525,101.99999999999818,-1,2024,15
fuera,-0.3575757575757631,-0.38181818181818733,825.0,1,2024,16
fuera,-0.3575757575757631,-0.38181818181818733,825.0,1,2024,16
fuera,-0.3575757575757631,-0.38181818181818733,825.0,1,2024,16
TP,2.0,1.7849462365591544,93.00000000000637,-1,2024,23
SL,-1.0,-1.0534759358288768,374.0000000000009,-1,2024,0
SL,-1.0,-1.0534759358288768,374.0000000000009,-1,2024,0
SL,-1.0,-1.0534759358288768,374.0000000000009,-1,2024,0
TP,2.0,1.8581560283687797,140.99999999998545,1,2024,1
TP,2.0,1.8930481283422398,186.9999999999891,1,2024,3
SL,-1.0,-1.235294117647084,84.9999999999909,1,2024,5
SL,-1.0,-1.0729927007299267,274.0000000000009,1,2024,7
SL,-1.0,-1.0729927007299267,274.0000000000009,1,2024,7
TP,2.0,1.9333333333333333,300.0,-1,2024,8
TP,2.0,1.9333333333333333,300.0,-1,2024,8
SL,-1.0,-1.2,100.0,-1,2024,0
TP,2.0,1.9108337048595696,224.30000000001655,1,2024,1
TP,2.0,1.9108337048595696,224.30000000001655,1,2024,1
SL,-1.0,-1.1077005923532597,185.6999999999971,-1,2024,2
SL,-1.0,-1.1289490651192837,155.0999999999931,-1,2024,6
SL,-1.0,-1.1289490651192837,155.0999999999931,-1,2024,6
SL,-1.0,-1.0934579439252292,214.00000000001,1,2024,7
SL,-1.0,-1.0934579439252292,214.00000000001,1,2024,7
SL,-1.0,-1.0579710144927528,345.00000000000455,1,2024,8
SL,-1.0,-1.1342281879194622,149.0000000000009,-1,2024,9
SL,-1.0,-1.0537634408602146,372.00000000000273,1,2024,1
TP,2.0,1.9224806201550435,258.00000000001546,-1,2024,2
SL,-1.0,-1.2739726027397191,73.00000000000182,1,2024,6
TP,2.0,1.8473282442748293,131.00000000001728,-1,2024,7
SL,-1.0,-1.0809716599190275,247.00000000000273,-1,2024,9
TP,2.0,1.9317406143344724,293.00000000000637,1,2024,10
SL,-1.0,-1.0297309350379076,672.6999999999862,1,2024,13
SL,-1.0,-1.0297309350379076,672.6999999999862,1,2024,13
SL,-1.0,-1.0327332242225853,611.0000000000127,-1,2024,14
SL,-1.0,-1.0327332242225853,611.0000000000127,-1,2024,14
SL,-1.0,-1.0327332242225853,611.0000000000127,-1,2024,14
SL,-1.0,-1.1418439716311974,141.00000000000819,-1,2024,0
SL,-1.0,-1.0869565217391322,229.99999999999545,1,2024,1
TP,2.0,1.6363636363637566,55.00000000001819,-1,2024,2
SL,-1.0,-1.1492537313432927,133.99999999999181,1,2024,7
SL,-1.0,-1.04950495049505,403.99999999999636,-1,2024,10
TP,2.0,1.9065420560747608,213.99999999998727,1,2024,12
TP,2.0,1.9885321100917432,1744.0000000000055,1,2024,13
TP,2.0,1.9885321100917432,1744.0000000000055,1,2024,13
TP,2.0,1.9885321100917432,1744.0000000000055,1,2024,13
TP,2.0,1.9885321100917432,1744.0000000000055,1,2024,13
TP,2.0,1.759036144578292,82.99999999999272,1,2024,8
SL,-1.0,-1.0223214285714284,896.0000000000036,1,2024,10
SL,-1.0,-1.019398642095053,1031.0000000000173,-1,2024,14
SL,-1.0,-1.0732600732600728,273.0000000000018,-1,2024,1
TP,2.0,1.9176954732510387,243.0000000000291,1,2024,6
SL,-1.0,-1.0511901714870724,390.7000000000153,1,2024,7
SL,-1.0,-1.0544959128065385,367.0000000000073,-1,2024,8
TP,2.0,1.9808740556564979,1045.699999999988,1,2024,13
TP,2.0,1.9678456591639861,621.99999999998,1,2024,8
SL,-1.0,-1.021905805038335,913.0000000000109,1,2024,14
SL,-1.0,-1.0437349661054025,457.29999999998654,-1,2024,15
SL,-1.0,-1.3016591251885319,66.30000000000109,-1,2024,3
SL,-1.0,-1.0307692307692307,650.0,1,2024,4
SL,-1.0,-1.049140049140047,407.00000000001637,1,2024,8
TP,2.0,1.6666666666666161,59.999999999990905,1,2024,1
TP,2.0,1.7101449275362548,69.00000000000546,1,2024,2
SL,-1.0,-1.1036269430051902,192.99999999998363,1,2024,4
TP,2.0,1.9337748344370858,301.9999999999982,-1,2024,4
TP,2.0,1.956896551724141,464.00000000003274,-1,2024,10
SL,-1.0,-1.0228128208052918,876.700000000028,1,2024,11
SL,-1.0,-1.0210526315789474,950.0,-1,2024,12
SL,-1.0,-1.0212539851222107,940.9999999999854,1,2024,13
SL,-1.0,-1.0657894736842113,303.99999999999636,-1,2024,17
TP,2.0,1.9707174231332354,682.9999999999927,1,2024,18
SL,-1.0,-1.07202016564638,277.70000000000437,-1,2024,11
TP,2.0,1.956236323851205,457.00000000001637,1,2024,12
TP,2.0,1.9624765478424009,532.9999999999927,-1,2024,16
TP,2.0,1.9624765478424009,532.9999999999927,-1,2024,16
SL,-1.0,-1.3448275862069399,57.999999999992724,1,2024,17
TP,2.0,1.9079613437643714,217.29999999997744,-1,2024,0
TP,2.0,1.9548532731376957,442.99999999998363,1,2024,14
SL,-1.0,-1.0396825396825364,504.00000000004184,-1,2024,14
TP,2.0,1.8986315255955375,197.29999999999563,1,2024,15
SL,-1.0,-1.0546448087431717,365.99999999998545,1,2024,12
fuera,0.2545931758529695,0.20209973753275876,380.99999999999454,-1,2024,16
SL,-1.0,-1.0591715976331342,338.0000000000109,1,2024,21
SL,-1.0,-1.1709401709401603,117.00000000000728,-1,2024,21
SL,-1.0,-1.0756715853197116,264.3000000000029,1,2024,22
TP,2.0,1.7826086956521912,92.00000000000728,-1,2024,23
SL,-1.0,-1.0970873786407578,206.00000000004002,1,2024,0
SL,-1.0,-1.0970873786407578,206.00000000004002,1,2024,0
SL,-1.0,-1.045871559633031,435.99999999996726,-1,2024,0
SL,-1.0,-1.045871559633031,435.99999999996726,-1,2024,0
SL,-1.0,-1.0360360360360348,555.0000000000182,-1,2024,1
SL,-1.0,-1.0360360360360348,555.0000000000182,-1,2024,1
TP,2.0,1.9398134216069873,332.300000000032,1,2024,7
SL,-1.0,-1.0571428571428572,350.0,1,2024,9
SL,-1.0,-1.0571428571428572,350.0,1,2024,9
SL,-1.0,-1.0571428571428572,350.0,1,2024,9
SL,-1.0,-1.0469483568075144,425.99999999997635,-1,2024,12
SL,-1.0,-1.0469483568075144,425.99999999997635,-1,2024,12
SL,-1.0,-1.3636363636362434,55.00000000001819,1,2024,4
SL,-1.0,-1.3636363636362434,55.00000000001819,1,2024,4
SL,-1.0,-1.0739918608953023,270.29999999999745,1,2024,5
TP,2.0,1.8071359691417193,103.69999999998072,-1,2024,5
TP,2.0,1.8071359691417193,103.69999999998072,-1,2024,5
TP,2.0,1.9664991624790609,596.99999999998,1,2024,7
TP,2.0,1.9664991624790609,596.99999999998,1,2024,7
SL,-1.0,-1.0711743772242006,280.99999999999454,-1,2024,7
SL,-1.0,-1.0267022696929247,748.9999999999782,-1,2024,12
SL,-1.0,-1.0267022696929247,748.9999999999782,-1,2024,12
SL,-1.0,-1.0966183574879151,207.00000000001637,1,2024,0
TP,2.0,1.940298507462693,335.0000000000364,-1,2024,3
SL,-1.0,-1.116959064327483,171.00000000000364,1,2024,7
TP,2.0,1.8657718120805582,149.00000000002365,-1,2024,8
SL,-1.0,-1.1005025125628252,198.99999999997817,1,2024,9
TP,2.0,1.9449035812672193,363.0000000000109,1,2024,11
SL,-1.0,-1.025575447570332,782.0000000000164,-1,2024,13
SL,-1.0,-1.025575447570332,782.0000000000164,-1,2024,13
fuera,-0.7607214428857596,-0.7687374749498879,2494.999999999982,1,2024,17
fuera,-0.7607214428857596,-0.7687374749498879,2494.999999999982,1,2024,17
fuera,-0.7607214428857596,-0.7687374749498879,2494.999999999982,1,2024,17
fuera,-0.7607214428857596,-0.7687374749498879,2494.999999999982,1,2024,17
SL,-1.0,-1.0241225425159821,829.0999999999713,1,2024,14
TP,2.0,1.965653443242314,582.2999999999865,1,2024,6
TP,2.0,1.965653443242314,582.2999999999865,1,2024,6
TP,2.0,1.965653443242314,582.2999999999865,1,2024,6
SL,-1.0,-1.0952380952380993,209.9999999999909,-1,2024,10
fuera,-0.4943749999999911,-0.5360416666666562,480.0000000000182,-1,2024,15
fuera,-0.4943749999999911,-0.5360416666666562,480.0000000000182,-1,2024,15
TP,2.0,1.9038461538461504,207.99999999999272,1,2024,16
TP,2.0,1.8373983739837423,123.00000000000182,1,2024,21
SL,-1.0,-1.0510204081632644,392.0000000000073,-1,2024,23
SL,-1.0,-1.0178412132024985,1120.9999999999582,1,2024,0
SL,-1.0,-1.0178412132024985,1120.9999999999582,1,2024,0
SL,-1.0,-1.0178412132024985,1120.9999999999582,1,2024,0
TP,2.0,1.9099099099099202,222.00000000002547,-1,2024,3
SL,-1.0,-1.0389105058365768,513.9999999999873,-1,2024,5
SL,-1.0,-1.040510431436092,493.7000000000353,-1,2024,0
TP,2.0,1.874213836477999,159.00000000001455,1,2024,1
SL,-1.0,-1.0158604282315626,1260.9999999999673,1,2024,8
SL,-1.0,-1.0158604282315626,1260.9999999999673,1,2024,8
SL,-1.0,-1.0204645451754832,977.3000000000138,-1,2024,12
SL,-1.0,-1.0286532951289398,698.0000000000018,-1,2024,13
SL,-1.0,-1.0502512562814126,397.99999999995634,-1,2024,2
TP,2.0,1.984214680347277,1267.0000000000073,1,2024,8
TP,2.0,1.984214680347277,1267.0000000000073,1,2024,8
SL,-1.0,-1.059347181008904,336.9999999999891,-1,2024,4
SL,-1.0,-1.059347181008904,336.9999999999891,-1,2024,4
SL,-1.0,-1.0569800569800534,351.0000000000218,1,2024,5
fuera,1.3546240851629978,1.3413173652694517,1503.00000000002,1,2024,9
TP,2.0,1.8979591836734713,196.00000000000364,1,2024,22
TP,2.0,1.96774193548387,619.9999999999818,1,2024,0
TP,2.0,1.973045822102426,742.0000000000073,1,2024,14
SL,-1.0,-1.0189573459715644,1054.9999999999727,-1,2024,14
SL,-1.0,-1.0189573459715644,1054.9999999999727,-1,2024,14
TP,2.0,1.9667774086378738,601.9999999999982,1,2024,15
SL,-1.0,-1.0330033003300334,605.9999999999945,-1,2024,9
TP,2.0,1.9687010954616582,638.9999999999873,1,2024,17
TP,2.0,1.978586723768736,933.9999999999691,1,2024,12
TP,2.0,1.901477832512303,202.99999999997453,-1,2024,15
SL,-1.0,-1.0152905198776758,1307.9999999999927,1,2024,16
TP,2.0,1.947780678851174,382.9999999999927,-1,2024,1
SL,-1.0,-1.112994350282487,176.99999999999818,-1,2024,12
SL,-1.0,-1.025053238131028,798.3000000000175,1,2024,14
SL,-1.0,-1.0179856115107915,1111.999999999989,1,2024,18
TP,2.0,1.9722991689750702,722.0000000000255,-1,2024,0
SL,-1.0,-1.016233766233766,1232.0000000000164,-1,2024,1
SL,-1.0,-1.0847457627118597,236.00000000001273,1,2024,5
TP,2.0,1.9802176063303654,1010.9999999999673,1,2024,7
SL,-1.0,-1.0519076044640532,385.30000000000655,-1,2024,13
fuera,0.5727567067530006,0.5635060129509654,2161.999999999989,1,2024,14
fuera,0.5727567067530006,0.5635060129509654,2161.999999999989,1,2024,14
SL,-1.0,-1.0539083557951476,371.00000000000364,1,2024,22
fuera,1.1833877741484051,1.1740550629958153,2142.9999999999836,1,2024,1
fuera,1.1833877741484051,1.1740550629958153,2142.9999999999836,1,2024,1
SL,-1.0,-1.0075642965204237,2644.0000000000055,1,2024,2
SL,-1.0,-1.0075642965204237,2644.0000000000055,1,2024,2
SL,-1.0,-1.0222222222222221,900.0,-1,2024,12
SL,-1.0,-1.0240182538729428,832.7000000000226,-1,2024,13
SL,-1.0,-1.0208333333333335,959.9999999999909,1,2024,7
SL,-1.0,-1.0251572327044032,794.9999999999818,-1,2024,12
SL,-1.0,-1.051150895140661,391.0000000000309,-1,2024,0
SL,-1.0,-1.0375234521575958,533.0000000000382,1,2024,4
SL,-1.0,-1.0194836824159768,1026.4999999999873,1,2024,12
SL,-1.0,-1.0194836824159768,1026.4999999999873,1,2024,12
SL,-1.0,-1.0194836824159768,1026.4999999999873,1,2024,12
SL,-1.0,-1.0354609929077994,564.0000000000327,-1,2024,13
SL,-1.0,-1.0148588410104011,1346.0000000000036,-1,2024,18
SL,-1.0,-1.0148588410104011,1346.0000000000036,-1,2024,18
SL,-1.0,-1.0303490136570554,659.0000000000146,1,2024,1
SL,-1.0,-1.032118194957444,622.6999999999862,-1,2024,6
SL,-1.0,-1.02,1000.0,-1,2024,8
SL,-1.0,-1.02,1000.0,-1,2024,8
TP,2.0,1.9306278182448793,288.2999999999811,1,2024,9
TP,2.0,1.9306278182448793,288.2999999999811,1,2024,9
TP,2.0,1.9754510862894314,814.6999999999935,1,2024,17
TP,2.0,1.9654576856649393,578.9999999999964,1,2024,18
TP,2.0,1.9824561403508774,1140.000000000009,1,2024,19
TP,2.0,1.9833887043189369,1203.9999999999964,1,2024,1
SL,-1.0,-1.0236378678643179,846.100000000024,1,2024,16
fuera,0.9551330798479318,0.9475285171102892,2629.9999999999727,-1,2024,16
SL,-1.0,-1.0229121319738794,872.9000000000269,1,2024,17
fuera,0.6119502814782002,0.6008026308455708,1794.0999999999804,-1,2024,17
fuera,0.6119502814782002,0.6008026308455708,1794.0999999999804,-1,2024,17
SL,-1.0,-1.0595238095238073,336.00000000001273,1,2024,18
fuera,-0.29876681614349127,-0.30997757847532975,1784.0000000000146,-1,2024,18
SL,-1.0,-1.0199401794616156,1002.9999999999745,1,2024,22
TP,2.0,1.9872367581365666,1567.0000000000073,-1,2024,22
TP,2.0,1.9872367581365666,1567.0000000000073,-1,2024,22
SL,-1.0,-1.0205549845837616,973.0000000000018,1,2024,23
TP,2.0,1.984076433121019,1255.9999999999945,-1,2024,0
TP,2.0,1.984076433121019,1255.9999999999945,-1,2024,0
SL,-1.0,-1.0220022002200218,909.0000000000146,1,2024,5
SL,-1.0,-1.0289017341040458,692.0000000000073,1,2024,8
fuera,1.631130482585328,1.6232771822358558,2546.6999999999643,1,2024,14
fuera,1.631130482585328,1.6232771822358558,2546.6999999999643,1,2024,14
fuera,1.631130482585328,1.6232771822358558,2546.6999999999643,1,2024,14
TP,2.0,1.9823897155939068,1135.699999999997,1,2024,17
SL,-1.0,-1.0163132137031,1225.9999999999764,1,2024,18
SL,-1.0,-1.01609010458568,1242.9999999999836,1,2024,19
SL,-1.0,-1.0456621004566198,438.0000000000109,1,2024,1
SL,-1.0,-1.0466091820088539,429.10000000001673,1,2024,6
SL,-1.0,-1.013210039630119,1513.9999999999873,-1,2024,6
SL,-1.0,-1.0205065108171851,975.2999999999702,-1,2024,7
SL,-1.0,-1.0283969899190681,704.300000000012,-1,2024,15
SL,-1.0,-1.016750418760469,1194.0000000000055,1,2024,16
SL,-1.0,-1.0454545454545445,440.0000000000091,-1,2024,5
SL,-1.0,-1.0239808153477215,834.0000000000146,1,2024,6
SL,-1.0,-1.0191625946153111,1043.6999999999898,1,2024,8
TP,2.0,1.9086757990867602,219.00000000000546,-1,2024,9
SL,-1.0,-1.0175131348511381,1142.0000000000073,1,2024,16
SL,-1.0,-1.0167224080267558,1196.0000000000036,-1,2024,16
SL,-1.0,-1.0790513833992175,252.99999999997453,1,2024,18
SL,-1.0,-1.0156249999999998,1280.0000000000182,-1,2024,20
TP,2.0,1.9682690782167216,630.2999999999884,1,2024,2
SL,-1.0,-1.0152916889670467,1307.8999999999724,-1,2024,13
SL,-1.0,-1.0065380843412879,3059.0000000000146,1,2024,1
SL,-1.0,-1.0065380843412879,3059.0000000000146,1,2024,1
SL,-1.0,-1.0065380843412879,3059.0000000000146,1,2024,1
SL,-1.0,-1.0065380843412879,3059.0000000000146,1,2024,1
fuera,-0.07650224215247162,-0.09443946188341318,1115.000000000009,-1,2024,3
fuera,-0.07650224215247162,-0.09443946188341318,1115.000000000009,-1,2024,3
fuera,-0.07650224215247162,-0.09443946188341318,1115.000000000009,-1,2024,3
fuera,-0.07650224215247162,-0.09443946188341318,1115.000000000009,-1,2024,3
SL,-1.0,-1.1739130434782472,115.0000000000091,1,2024,0
TP,2.0,1.9680511182108638,626.0000000000218,-1,2024,1
TP,2.0,1.9626168224299059,534.9999999999909,-1,2024,2
SL,-1.0,-1.0262432751607413,762.099999999964,1,2024,3
SL,-1.0,-1.0262432751607413,762.099999999964,1,2024,3
SL,-1.0,-1.0449438202247163,445.0000000000273,1,2024,6
TP,2.0,1.9821587867975023,1121.0000000000036,-1,2024,6
TP,2.0,1.9821587867975023,1121.0000000000036,-1,2024,6
TP,2.0,1.9870491484815125,1544.2999999999756,-1,2024,11
SL,-1.0,-1.0056274620146315,3553.9999999999964,-1,2024,1
SL,-1.0,-1.0099616476565225,2007.699999999977,1,2024,13
SL,-1.0,-1.0282885431400277,707.0000000000164,1,2024,3
SL,-1.0,-1.0326264274061985,613.0000000000109,-1,2024,7
SL,-1.0,-1.0136397735797587,1466.300000000001,-1,2024,15
TP,2.0,1.9755411520117392,817.699999999968,1,2024,3
SL,-1.0,-1.0369685767097976,540.9999999999854,1,2024,7
TP,2.0,1.9502487562189053,401.9999999999982,-1,2024,12
SL,-1.0,-1.0162601626016259,1230.0000000000182,-1,2024,13
SL,-1.0,-1.0183418928833456,1090.3999999999996,-1,2024,14
SL,-1.0,-1.0832292967124342,240.30000000002474,-1,2024,2
TP,2.0,1.9195818254925638,248.700000000008,1,2024,3
SL,-1.0,-1.0907852927825703,220.29999999999745,-1,2024,4
TP,2.0,1.9488098285129216,390.6999999999698,1,2024,5
SL,-1.0,-1.0271002710027097,738.0000000000109,1,2024,7
TP,2.0,1.9706012053505801,680.2999999999884,-1,2024,12
SL,-1.0,-1.0934579439252392,213.99999999998727,1,2024,22
TP,2.0,1.9519230769230753,415.99999999998545,-1,2024,0
TP,2.0,1.9519230769230753,415.99999999998545,-1,2024,0
SL,-1.0,-1.0178731009830204,1119.0000000000055,1,2024,1
SL,-1.0,-1.0275862068965518,725.0,-1,2024,2
TP,2.0,1.9621928166351603,528.9999999999964,1,2024,4
SL,-1.0,-1.0244498777506117,817.9999999999836,1,2024,7
SL,-1.0,-1.0244498777506117,817.9999999999836,1,2024,7
SL,-1.0,-1.0244498777506117,817.9999999999836,1,2024,7
SL,-1.0,-1.0339558573853997,588.9999999999873,-1,2024,11
SL,-1.0,-1.0339558573853997,588.9999999999873,-1,2024,11
TP,2.0,1.9488098285129276,390.7000000000153,-1,2024,16
SL,-1.0,-1.089285714285723,223.99999999997817,1,2024,0
TP,2.0,1.937694704049836,320.99999999995816,-1,2024,2
SL,-1.0,-1.1324503311258485,150.99999999997635,1,2024,4
TP,2.0,1.948849104859333,390.99999999998545,-1,2024,5
SL,-1.0,-1.054945054945057,363.99999999998727,1,2024,6
TP,2.0,1.9607843137254894,509.9999999999909,-1,2024,7
TP,2.0,1.9118942731277526,226.99999999999818,1,2024,8
SL,-1.0,-1.1388888888888835,144.00000000000546,1,2024,12
TP,2.0,1.9729729729729732,740.0000000000091,-1,2024,12
SL,-1.0,-1.0115827879770658,1726.700000000028,-1,2024,14
SL,-1.0,-1.0481927710843364,415.0000000000091,-1,2024,3
TP,2.0,1.9592916751475677,491.3000000000011,1,2024,5
SL,-1.0,-1.0337666722944467,592.2999999999774,-1,2024,14
SL,-1.0,-1.0421674045962477,474.2999999999938,1,2024,15
SL,-1.0,-1.0067378634235085,2968.2999999999993,1,2024,18
TP,2.0,1.935421375524696,309.69999999997526,-1,2024,18
fuera,0.48406198118430765,0.472993912562282,1806.999999999971,-1,2024,19
TP,2.0,1.9145299145299033,233.99999999996908,-1,2024,1
SL,-1.0,-1.1386001386001183,144.3000000000211,1,2024,2
SL,-1.0,-1.178571428571446,111.99999999998909,-1,2024,3
fuera,0.21622643888292714,0.20361848326293078,1586.299999999983,-1,2024,12
fuera,0.936028288997809,0.9199549947761585,1244.300000000021,1,2024,13
fuera,0.936028288997809,0.9199549947761585,1244.300000000021,1,2024,13
fuera,0.936028288997809,0.9199549947761585,1244.300000000021,1,2024,13
TP,2.0,1.9527186761229316,423.0000000000018,1,2024,0
fuera,-0.002380385622450708,-0.018249623105590133,1260.299999999961,1,2024,1
SL,-1.0,-1.0192548377779913,1038.700000000017,1,2024,7
SL,-1.0,-1.0414937759336085,482.00000000001637,-1,2024,8
SL,-1.0,-1.028612303290414,699.0000000000236,-1,2024,12
SL,-1.0,-1.028612303290414,699.0000000000236,-1,2024,12
SL,-1.0,-1.0319488817891387,625.9999999999764,1,2024,13
SL,-1.0,-1.0536624631070586,372.6999999999862,1,2024,0
SL,-1.0,-1.0536624631070586,372.6999999999862,1,2024,0
TP,2.0,1.9718824687192458,711.2999999999829,-1,2024,1
TP,2.0,1.9718824687192458,711.2999999999829,-1,2024,1
SL,-1.0,-1.108873162765379,183.6999999999989,1,2024,2
TP,2.0,1.791666666666576,95.99999999995816,-1,2024,6
SL,-1.0,-1.0303030303030307,659.9999999999909,-1,2024,1
SL,-1.0,-1.020506510817184,975.3000000000156,1,2024,2
TP,2.0,1.9468085106382946,375.99999999997635,-1,2024,5
SL,-1.0,-1.0214592274678118,931.9999999999709,-1,2024,7
TP,2.0,1.9456521739130477,368.0000000000291,1,2024,8
SL,-1.0,-1.16,125.0,-1,2024,0
SL,-1.0,-1.1769911504424608,113.00000000001091,1,2024,1
SL,-1.0,-1.0165289256198349,1209.999999999991,1,2024,12
SL,-1.0,-1.0165289256198349,1209.999999999991,1,2024,12
TP,2.0,1.9800199800199796,1000.9999999999764,1,2024,14
TP,2.0,1.9800199800199796,1000.9999999999764,1,2024,14
SL,-1.0,-1.0275103163686383,726.9999999999982,-1,2024,15
SL,-1.0,-1.047846889952155,417.99999999998363,-1,2024,16
SL,-1.0,-1.1388888888888835,144.00000000000546,-1,2024,0
SL,-1.0,-1.069930069930067,286.00000000001273,1,2024,1
TP,2.0,1.5238095238096063,42.000000000007276,-1,2024,0
TP,2.0,1.95957145744896,494.70000000001164,-1,2024,1
SL,-1.0,-1.0881057268722474,226.99999999999818,1,2024,6
SL,-1.0,-1.0280780569984573,712.2999999999593,-1,2024,8
SL,-1.0,-1.0280780569984573,712.2999999999593,-1,2024,8
SL,-1.0,-1.058021467943137,344.70000000001164,1,2024,12
SL,-1.0,-1.0829875518672092,241.00000000003092,-1,2024,9
TP,2.0,1.982837037672702,1165.2999999999793,1,2024,12
SL,-1.0,-1.0977039570102578,204.70000000000255,-1,2024,12
TP,2.0,1.9775809886783988,892.0999999999822,1,2024,13
SL,-1.0,-1.0749063670412091,266.9999999999618,1,2024,3
SL,-1.0,-1.0749063670412091,266.9999999999618,1,2024,3
SL,-1.0,-1.0524934383202107,380.99999999999454,-1,2024,4
SL,-1.0,-1.0524934383202107,380.99999999999454,-1,2024,4
SL,-1.0,-1.0792707094728455,252.30000000001382,-1,2024,7
SL,-1.0,-1.0792707094728455,252.30000000001382,-1,2024,7
SL,-1.0,-1.0184672206832872,1082.9999999999927,1,2024,8
SL,-1.0,-1.0184672206832872,1082.9999999999927,1,2024,8
TP,2.0,1.9683042789223453,630.9999999999945,-1,2024,12
TP,2.0,1.9695261313423744,656.3000000000102,1,2024,16
SL,-1.0,-1.0424628450106155,471.00000000000364,1,2024,0
TP,2.0,1.9654576856649393,578.9999999999964,-1,2024,1
SL,-1.0,-1.1699235344094963,117.70000000001346,1,2024,12
SL,-1.0,-1.0280112044817933,713.9999999999873,-1,2024,13
TP,2.0,1.9689922480620146,644.9999999999818,1,2024,12
TP,2.0,1.9759036144578306,829.9999999999727,1,2024,13
SL,-1.0,-1.0264550264550267,755.9999999999945,-1,2024,22
TP,2.0,1.977578475336323,892.0000000000073,1,2024,0
TP,2.0,1.977578475336323,892.0000000000073,1,2024,0
TP,2.0,1.977578475336323,892.0000000000073,1,2024,0
SL,-1.0,-1.0117924528301887,1696.0000000000036,-1,2024,12
SL,-1.0,-1.0117924528301887,1696.0000000000036,-1,2024,12
SL,-1.0,-1.0117924528301887,1696.0000000000036,-1,2024,12
SL,-1.0,-1.0435729847494584,458.9999999999691,1,2024,0
SL,-1.0,-1.0158140270419864,1264.6999999999935,-1,2024,1
SL,-1.0,-1.0158140270419864,1264.6999999999935,-1,2024,1
SL,-1.0,-1.0230149597238203,869.0000000000055,-1,2024,2
TP,2.0,1.9733581990142537,750.7000000000062,1,2024,3
SL,-1.0,-1.0186898420708346,1070.1000000000022,1,2024,7
SL,-1.0,-1.032679738562092,611.9999999999891,1,2024,11
SL,-1.0,-1.0751879699248033,266.0000000000309,-1,2024,0
SL,-1.0,-1.105820105820113,188.99999999998727,1,2024,2
TP,2.0,1.9771167048054925,874.0000000000236,-1,2024,2
TP,2.0,1.9632352941176474,544.0000000000055,-1,2024,3
SL,-1.0,-1.0497883993029646,401.69999999998254,1,2024,11
SL,-1.0,-1.0497883993029646,401.69999999998254,1,2024,11
TP,2.0,1.9912736157773026,2291.899999999987,-1,2024,14
TP,2.0,1.9912736157773026,2291.899999999987,-1,2024,14
TP,2.0,1.9912736157773026,2291.899999999987,-1,2024,14
TP,2.0,1.9776286353467563,894.0000000000055,-1,2024,1
TP,2.0,1.9776286353467563,894.0000000000055,-1,2024,1
SL,-1.0,-1.0277777777777768,720.0000000000273,1,2024,1
SL,-1.0,-1.0268925642059974,743.6999999999898,1,2024,2
TP,2.0,1.8734177215189816,157.99999999999272,-1,2024,3
SL,-1.0,-1.0678656260603978,294.70000000001164,-1,2024,7
SL,-1.0,-1.0194874792945534,1026.299999999992,1,2024,13
SL,-1.0,-1.0232288037166095,860.9999999999673,-1,2024,6
TP,2.0,1.9568965517241368,463.99999999998727,1,2024,8
TP,2.0,1.9486257385050094,389.3000000000029,1,2024,11
TP,2.0,1.9778761061946901,903.9999999999964,-1,2024,13
SL,-1.0,-1.0270892591087624,738.3000000000266,1,2024,15
SL,-1.0,-1.0625000000000036,319.9999999999818,-1,2024,0
TP,2.0,1.9684542586750795,634.0000000000146,-1,2024,8
SL,-1.0,-1.0634920634920617,315.0000000000091,1,2024,11
SL,-1.0,-1.0634920634920617,315.0000000000091,1,2024,11
SL,-1.0,-1.0327707684745204,610.3000000000065,-1,2024,12
SL,-1.0,-1.0327707684745204,610.3000000000065,-1,2024,12
SL,-1.0,-1.0701754385964934,284.9999999999909,1,2024,0
SL,-1.0,-1.0701754385964934,284.9999999999909,1,2024,0
SL,-1.0,-1.0342465753424677,583.9999999999691,-1,2024,1
SL,-1.0,-1.0342465753424677,583.9999999999691,-1,2024,1
SL,-1.0,-1.0348432055749115,574.0000000000236,-1,2024,2
SL,-1.0,-1.0380011400342015,526.299999999992,1,2024,3
SL,-1.0,-1.0183267662420965,1091.300000000001,-1,2024,5
TP,2.0,1.9774444569753022,886.7000000000189,1,2024,6
SL,-1.0,-1.0198216055500493,1009.0000000000146,1,2024,10
TP,2.0,1.2,25.0,-1,2024,10
SL,-1.0,-1.0416059912627436,480.6999999999789,-1,2024,11
SL,-1.0,-1.0215447592373157,928.2999999999902,1,2024,12
SL,-1.0,-1.0226500566251417,882.9999999999927,1,2024,13
SL,-1.0,-1.025963910164871,770.2999999999975,-1,2024,14
TP,2.0,1.9703703703703703,675.0,1,2024,3
TP,2.0,1.9703703703703703,675.0,1,2024,3
SL,-1.0,-1.0369685767097976,540.9999999999854,-1,2024,7
SL,-1.0,-1.0162074554294973,1234.0000000000146,1,2024,12
TP,2.0,1.9827183962671735,1157.2999999999865,-1,2024,13
TP,2.0,1.9827183962671735,1157.2999999999865,-1,2024,13
SL,-1.0,-1.185701021355657,107.69999999997708,1,2024,14
SL,-1.0,-1.185701021355657,107.69999999997708,1,2024,14
fuera,0.590613718411525,0.576173285198529,1385.0000000000364,-1,2024,14
SL,-1.0,-1.0329652216911158,606.7000000000007,-1,2024,15
SL,-1.0,-1.0329652216911158,606.7000000000007,-1,2024,15
SL,-1.0,-1.0329652216911158,606.7000000000007,-1,2024,15
SL,-1.0,-1.0636942675159262,313.99999999998727,1,2024,16
SL,-1.0,-1.3683241252301213,54.300000000012005,1,2024,18
SL,-1.0,-1.0435066347617992,459.70000000002074,1,2024,1
TP,2.0,1.9567754484547217,462.69999999999527,-1,2024,2
SL,-1.0,-1.0297176820208023,673.0000000000018,-1,2024,3
SL,-1.0,-1.0297176820208023,673.0000000000018,-1,2024,3
SL,-1.0,-1.1526717557251973,130.99999999999454,1,2024,4
SL,-1.0,-1.056818181818182,351.9999999999982,-1,2024,5
TP,2.0,1.9466666666666668,375.0,1,2024,7
TP,2.0,1.9466666666666668,375.0,1,2024,7
SL,-1.0,-1.0587026709715266,340.7000000000153,-1,2024,13
SL,-1.0,-1.0235849056603774,848.0000000000018,1,2024,14
SL,-1.0,-1.0235849056603774,848.0000000000018,1,2024,14
TP,2.0,1.968203497615262,628.9999999999964,-1,2024,17
TP,2.0,1.9064108563406719,213.7000000000171,-1,2024,0
TP,2.0,1.9687500000000004,640.0000000000091,-1,2024,8
SL,-1.0,-1.0646621403168381,309.3000000000302,1,2024,9
SL,-1.0,-1.035606195478015,561.6999999999734,-1,2024,10
SL,-1.0,-1.0238010234440087,840.2999999999793,1,2024,12
TP,2.0,1.9068467629250285,214.70000000003893,1,2024,13
TP,2.0,1.9068467629250285,214.70000000003893,1,2024,13
SL,-1.0,-1.0134861766689145,1482.9999999999927,-1,2024,14
SL,-1.0,-1.0134861766689145,1482.9999999999927,-1,2024,14
SL,-1.0,-1.0134861766689145,1482.9999999999927,-1,2024,14
TP,2.0,1.9768330823583917,863.2999999999811,1,2024,15
SL,-1.0,-1.1348617666891276,148.30000000001746,-1,2024,0
TP,2.0,1.9557522123893802,451.9999999999982,1,2024,1
TP,2.0,1.957356076759058,468.99999999996,1,2024,15
TP,2.0,1.957356076759058,468.99999999996,1,2024,15
SL,-1.0,-1.0540102619497709,370.29999999999745,-1,2024,15
SL,-1.0,-1.0829875518672092,241.00000000003092,-1,2024,16
TP,2.0,1.942079351288734,345.29999999999745,1,2024,17
TP,2.0,1.8370008149959671,122.70000000003165,1,2024,0
SL,-1.0,-1.016869095816464,1185.6000000000222,1,2024,1
SL,-1.0,-1.016869095816464,1185.6000000000222,1,2024,1
SL,-1.0,-1.0263852242744065,757.9999999999927,-1,2024,12
SL,-1.0,-1.0263852242744065,757.9999999999927,-1,2024,12
SL,-1.0,-1.2631578947367665,76.00000000002183,-1,2024,0
SL,-1.0,-1.039370078740158,507.9999999999927,1,2024,3
TP,2.0,1.992472713586752,2656.999999999971,-1,2024,8
TP,2.0,1.992472713586752,2656.999999999971,-1,2024,8
TP,2.0,1.992472713586752,2656.999999999971,-1,2024,8
TP,2.0,1.992472713586752,2656.999999999971,-1,2024,8
SL,-1.0,-1.0344768143423553,580.0999999999931,1,2024,12
SL,-1.0,-1.0344768143423553,580.0999999999931,1,2024,12
fuera,1.2653366583540977,1.2553615960099582,2005.0000000000182,-1,2024,12
fuera,1.2653366583540977,1.2553615960099582,2005.0000000000182,-1,2024,12
fuera,1.2653366583540977,1.2553615960099582,2005.0000000000182,-1,2024,12
fuera,0.8425324675324756,0.8317099567099647,1848.0000000000018,-1,2024,13
fuera,0.8425324675324756,0.8317099567099647,1848.0000000000018,-1,2024,13
SL,-1.0,-1.039920159680637,501.0000000000218,-1,2024,2
TP,2.0,1.9411764705882368,340.0000000000091,1,2024,6
SL,-1.0,-1.0278667967117174,717.7000000000135,1,2024,11
SL,-1.0,-1.0634920634920617,315.0000000000091,1,2024,2
SL,-1.0,-1.0414679659962691,482.29999999998654,-1,2024,5
SL,-1.0,-1.0194174757281558,1029.9999999999727,1,2024,12
SL,-1.0,-1.0345006037605657,579.7000000000025,-1,2024,15
SL,-1.0,-1.1020408163265287,196.00000000000364,-1,2024,0
SL,-1.0,-1.0559753708368338,357.29999999998654,1,2024,1
SL,-1.0,-1.008222669900917,2432.2999999999865,1,2024,12
SL,-1.0,-1.0634719136782007,315.099999999984,1,2024,0
SL,-1.0,-1.0436681222707431,457.9999999999927,1,2024,1
SL,-1.0,-1.022573363431151,886.0000000000127,-1,2024,1
SL,-1.0,-1.022573363431151,886.0000000000127,-1,2024,1
SL,-1.0,-1.057421762848124,348.299999999972,1,2024,2
SL,-1.0,-1.0208768267223383,957.9999999999927,-1,2024,11
SL,-1.0,-1.0110699064592905,1806.7000000000007,-1,2024,15
TP,2.0,1.9471319058947911,378.2999999999902,1,2024,16
TP,2.0,1.9166666666666698,240.0000000000091,1,2024,17
SL,-1.0,-1.1176470588235106,170.00000000002728,-1,2024,5
TP,2.0,1.9616122840690982,521.0000000000036,1,2024,6
TP,2.0,1.9663865546218502,595.0000000000273,1,2024,7
SL,-1.0,-1.046544100535257,429.70000000000255,-1,2024,8
fuera,1.3590785907858534,1.3319783197831436,738.0000000000109,1,2024,9
fuera,0.2202505219206251,0.19937369519828774,958.0000000000382,1,2024,10
SL,-1.0,-1.0329326527251776,607.2999999999865,-1,2024,15
SL,-1.0,-1.080645161290322,248.00000000000182,-1,2024,0
SL,-1.0,-1.080645161290322,248.00000000000182,-1,2024,0
SL,-1.0,-1.0391389432485314,511.00000000001273,-1,2024,5
SL,-1.0,-1.0408163265306152,489.9999999999636,1,2024,8
TP,2.0,1.9218749999999982,255.99999999999454,1,2024,15
SL,-1.0,-1.0492975104757236,405.6999999999789,-1,2024,10
SL,-1.0,-1.0492975104757236,405.6999999999789,-1,2024,10
TP,2.0,1.9700149925037485,667.0000000000073,1,2024,11
TP,2.0,1.9700149925037485,667.0000000000073,1,2024,11
fuera,1.593582887700492,1.5783040488922417,1309.0000000000146,1,2024,13
TP,2.0,1.7979797979797534,98.99999999997817,-1,2024,13
SL,-1.0,-1.056818181818182,351.9999999999982,-1,2024,14
SL,-1.0,-1.0683293474547286,292.70000000001346,-1,2024,15
SL,-1.0,-1.0529100529100501,378.00000000002,1,2024,16
SL,-1.0,-1.0529100529100501,378.00000000002,1,2024,16
SL,-1.0,-1.0587716720540734,340.29999999997926,-1,2024,17
SL,-1.0,-1.1388888888888835,144.00000000000546,1,2024,0
SL,-1.0,-1.054097917230185,369.70000000001164,1,2024,1
SL,-1.0,-1.054097917230185,369.70000000001164,1,2024,1
SL,-1.0,-1.0573065902578758,349.00000000002365,-1,2024,3
SL,-1.0,-1.240963855421708,82.99999999999272,-1,2024,7
TP,2.0,1.9183673469387694,244.9999999999818,-1,2024,8
SL,-1.0,-1.0898069151324707,222.69999999998618,-1,2024,14
SL,-1.0,-1.0898069151324707,222.69999999998618,-1,2024,14
TP,2.0,1.8989898989899,198.00000000000182,1,2024,0
TP,2.0,1.9695261313423722,656.2999999999647,1,2024,1
TP,2.0,1.9695261313423722,656.2999999999647,1,2024,1
TP,2.0,1.9695261313423722,656.2999999999647,1,2024,1
SL,-1.0,-1.0746268656716338,268.0000000000291,-1,2024,1
SL,-1.0,-1.055555555555557,359.9999999999909,-1,2024,2
SL,-1.0,-1.0297176820208023,673.0000000000018,1,2024,4
TP,2.0,1.810785241248861,105.70000000002437,-1,2024,5
SL,-1.0,-1.0729128691214016,274.2999999999938,1,2024,11
SL,-1.0,-1.0346020761245662,578.00000000002,1,2024,13
TP,2.0,1.8476770753998595,131.3000000000102,1,2024,14
fuera,0.7684250259507285,0.7495517599320443,1059.7000000000207,-1,2024,14
fuera,0.7684250259507285,0.7495517599320443,1059.7000000000207,-1,2024,14
fuera,0.7684250259507285,0.7495517599320443,1059.7000000000207,-1,2024,14
SL,-1.0,-1.042890842805061,466.3000000000011,1,2024,15
SL,-1.0,-1.042890842805061,466.3000000000011,1,2024,15
SL,-1.0,-1.042890842805061,466.3000000000011,1,2024,15
fuera,0.9001022345552541,0.8708923616182023,684.7000000000207,-1,2024,15
fuera,0.6405228758169851,0.5969498910675312,459.00000000001455,-1,2024,16
fuera,0.6405228758169851,0.5969498910675312,459.00000000001455,-1,2024,16
fuera,-0.4238754325259388,-0.4584775086505078,577.9999999999745,-1,2024,17
TP,2.0,1.9566160520607387,461.00000000001273,1,2024,1
SL,-1.0,-1.072280448138783,276.69999999998254,-1,2024,1
TP,2.0,1.9612403100775218,516.0000000000309,1,2024,2
SL,-1.0,-1.0219949411635327,909.2999999999847,1,2024,7
SL,-1.0,-1.0340715502555373,586.9999999999891,-1,2024,9
SL,-1.0,-1.0344234079173842,580.9999999999945,-1,2024,13
SL,-1.0,-1.105097214923816,190.29999999997926,1,2024,18
SL,-1.0,-1.0732600732600728,273.0000000000018,1,2024,1
SL,-1.0,-1.0400560785099144,499.2999999999938,-1,2024,1
TP,2.0,1.9575371549893845,471.00000000000364,1,2024,4
SL,-1.0,-1.0298819662333771,669.3000000000211,1,2024,8
SL,-1.0,-1.072992700729933,273.9999999999782,1,2024,10
SL,-1.0,-1.072992700729933,273.9999999999782,1,2024,10
TP,2.0,1.965174995646874,574.2999999999938,-1,2024,11
TP,2.0,1.965174995646874,574.2999999999938,-1,2024,11
SL,-1.0,-1.021905805038335,913.0000000000109,1,2024,15
SL,-1.0,-1.021905805038335,913.0000000000109,1,2024,15
SL,-1.0,-1.021905805038335,913.0000000000109,1,2024,15
TP,2.0,1.9722991689750684,721.99999999998,-1,2024,16
TP,2.0,1.9722991689750684,721.99999999998,-1,2024,16
TP,2.0,1.9722991689750684,721.99999999998,-1,2024,16
SL,-1.0,-1.3091190108191966,64.69999999999345,1,2024,0
TP,2.0,1.9632555575969117,544.2999999999756,-1,2024,0
SL,-1.0,-1.0254452926208648,786.0000000000127,-1,2024,1
SL,-1.0,-1.0254452926208648,786.0000000000127,-1,2024,1
SL,-1.0,-1.0254452926208648,786.0000000000127,-1,2024,1
SL,-1.0,-1.0254452926208648,786.0000000000127,-1,2024,1
SL,-1.0,-1.0282206857626641,708.6999999999989,1,2024,2
SL,-1.0,-1.0282206857626641,708.6999999999989,1,2024,2
SL,-1.0,-1.0282206857626641,708.6999999999989,1,2024,2
SL,-1.0,-1.5602240896359,35.69999999999709,-1,2024,10
TP,2.0,1.9452504790583052,365.29999999997926,1,2024,11
TP,2.0,1.9452504790583052,365.29999999997926,1,2024,11
SL,-1.0,-1.240963855421708,82.99999999999272,-1,2024,11
TP,2.0,1.970326409495548,673.9999999999782,1,2024,12
TP,2.0,1.970326409495548,673.9999999999782,1,2024,12
SL,-1.0,-1.0682593856655223,293.0000000000291,-1,2024,12
SL,-1.0,-1.0682593856655223,293.0000000000291,-1,2024,12
TP,2.0,1.946907353331561,376.69999999998254,1,2024,13
SL,-1.0,-1.031630555116243,632.2999999999865,1,2024,14
SL,-1.0,-1.0298195914715973,670.699999999988,-1,2024,0
SL,-1.0,-1.0298195914715973,670.699999999988,-1,2024,0
SL,-1.0,-1.0524934383202107,380.99999999999454,1,2024,2
TP,2.0,1.9574468085106407,470.0000000000273,1,2024,5
SL,-1.0,-1.0625000000000036,319.9999999999818,-1,2024,8
SL,-1.0,-1.0311380974622462,642.2999999999774,1,2024,10
SL,-1.0,-1.0311380974622462,642.2999999999774,1,2024,10
SL,-1.0,-1.0611620795106953,327.00000000004366,-1,2024,11
SL,-1.0,-1.0611620795106953,327.00000000004366,-1,2024,11
SL,-1.0,-1.106382978723398,188.0000000000109,1,2024,22
SL,-1.0,-1.0749063670411965,267.0000000000073,1,2024,0
SL,-1.0,-1.0749063670411965,267.0000000000073,1,2024,0
SL,-1.0,-1.04569339730409,437.69999999999527,1,2024,1
TP,2.0,1.8337489609310023,120.29999999999745,-1,2024,2
TP,2.0,1.9166666666666698,240.0000000000091,-1,2024,4
TP,2.0,1.9402985074626848,334.9999999999909,1,2024,5
SL,-1.0,-1.0947867298578142,211.00000000001273,-1,2024,5
SL,-1.0,-1.0386100386100399,517.9999999999836,1,2024,10
SL,-1.0,-1.0328569081649417,608.6999999999989,1,2024,11
SL,-1.0,-1.0180342651036969,1109.0000000000146,-1,2024,12
SL,-1.0,-1.0180342651036969,1109.0000000000146,-1,2024,12
SL,-1.0,-1.0300887618474504,664.6999999999935,-1,2024,3
SL,-1.0,-1.0300887618474504,664.6999999999935,-1,2024,3
SL,-1.0,-1.084388185653996,237.00000000003456,1,2024,4
SL,-1.0,-1.026702269692923,749.0000000000236,1,2024,7
SL,-1.0,-1.0724637681159364,276.0000000000218,1,2024,8
SL,-1.0,-1.0406256347755451,492.29999999997744,-1,2024,11
SL,-1.0,-1.0406256347755451,492.29999999997744,-1,2024,11
TP,2.0,1.9762554909177246,842.2999999999774,1,2024,12
SL,-1.0,-1.1065530101225387,187.69999999999527,-1,2024,0
TP,2.0,1.9047619047619007,209.9999999999909,1,2024,2
TP,2.0,1.9453999453999455,366.3000000000011,1,2024,3
TP,2.0,1.972283813747228,721.5999999999894,1,2024,6
TP,2.0,1.972283813747228,721.5999999999894,1,2024,6
TP,2.0,1.972283813747228,721.5999999999894,1,2024,6
SL,-1.0,-1.0746268656716464,267.99999999998363,-1,2024,2
SL,-1.0,-1.0778210116731468,257.00000000001637,1,2024,4
SL,-1.0,-1.5882352941173954,34.00000000001455,-1,2024,5
SL,-1.0,-1.0697593303104356,286.69999999997344,1,2024,7
fuera,0.7793637846655849,0.7712071778140351,2451.999999999998,1,2024,12
SL,-1.0,-1.0930232558139497,215.0000000000091,1,2024,0
TP,2.0,1.9563318777292569,457.9999999999927,-1,2024,1
TP,2.0,1.9531615925058545,426.9999999999982,-1,2024,2
SL,-1.0,-1.0102864784241117,1944.2999999999756,-1,2024,15
SL,-1.0,-1.0102864784241117,1944.2999999999756,-1,2024,15
SL,-1.0,-1.113058224985853,176.90000000002328,-1,2024,0
SL,-1.0,-1.099651220727451,200.70000000000618,1,2024,1
SL,-1.0,-1.1056524035921802,189.3000000000029,-1,2024,1
SL,-1.0,-1.0461893764434187,432.9999999999927,1,2024,3
TP,2.0,1.9840038390786214,1250.3000000000156,1,2024,15
TP,2.0,1.9840038390786214,1250.3000000000156,1,2024,15
TP,2.0,1.9581852393895076,478.30000000003565,1,2024,6
TP,2.0,1.942079351288734,345.29999999999745,-1,2024,13
SL,-1.0,-1.1435750179468742,139.3000000000029,-1,2024,20
fuera,0.16335316765839758,0.15635281764089665,2856.999999999971,1,2024,12
fuera,0.16335316765839758,0.15635281764089665,2856.999999999971,1,2024,12
fuera,0.16335316765839758,0.15635281764089665,2856.999999999971,1,2024,12
fuera,0.16335316765839758,0.15635281764089665,2856.999999999971,1,2024,12
fuera,0.16335316765839758,0.15635281764089665,2856.999999999971,1,2024,12
SL,-1.0,-1.0392927308447926,509.00000000001455,1,2024,1
SL,-1.0,-1.0398168425243868,502.3000000000138,-1,2024,6
SL,-1.0,-1.1960784313725525,101.99999999999818,-1,2024,10
SL,-1.0,-1.0543921675278807,367.699999999968,1,2024,11
SL,-1.0,-1.0969461948618469,206.3000000000102,-1,2024,11
TP,2.0,1.973649538866929,758.9999999999691,1,2024,13
TP,2.0,1.985152190051967,1346.99999999998,1,2024,14
SL,-1.0,-1.022935779816513,872.0000000000255,-1,2024,17
TP,2.0,1.9662788737143824,593.100000000004,1,2024,1
SL,-1.0,-1.027285129604366,732.9999999999927,1,2024,9
SL,-1.0,-1.0694444444444529,287.99999999996544,-1,2024,11
SL,-1.0,-1.0445732114998922,448.69999999996253,-1,2024,0
SL,-1.0,-1.0182481751824817,1096.0000000000036,1,2024,1
SL,-1.0,-1.0291970802919712,684.9999999999909,1,2024,6
TP,2.0,1.9742168364058257,775.6999999999607,-1,2024,8
TP,2.0,1.9596530159370578,495.699999999988,-1,2024,18
TP,2.0,1.9713876967095842,698.9999999999782,-1,2024,0
TP,2.0,1.9713876967095842,698.9999999999782,-1,2024,0
SL,-1.0,-1.0357142857142863,559.9999999999909,1,2024,6
TP,2.0,1.950859950859953,407.00000000001637,-1,2024,6
SL,-1.0,-1.0487804878048792,409.9999999999909,1,2024,8
TP,2.0,1.948849104859339,391.0000000000309,-1,2024,10
fuera,0.46070878274273297,0.4298921417565994,648.9999999999782,-1,2024,12
fuera,-0.3101391650099764,-0.3300198807157419,1005.9999999999945,1,2024,13
SL,-1.0,-1.029673590504452,673.9999999999782,-1,2024,14
SL,-1.0,-1.0194363459669582,1028.9999999999964,1,2024,22
TP,2.0,1.9652596838631236,575.7000000000062,-1,2024,1
SL,-1.0,-1.0569313976658066,351.30000000003747,1,2024,6
SL,-1.0,-1.0529100529100566,377.99999999997453,-1,2024,8
SL,-1.0,-1.0365163410626264,547.6999999999862,1,2024,12
SL,-1.0,-1.0270635994587267,739.0000000000327,-1,2024,13
SL,-1.0,-1.0635525897680251,314.7000000000389,1,2024,1
TP,2.0,1.9284948158741515,279.70000000000255,-1,2024,2
SL,-1.0,-1.046620046620047,428.99999999999636,-1,2024,5
TP,2.0,1.9746514575411909,788.9999999999873,1,2024,7
SL,-1.0,-1.044943820224721,444.9999999999818,-1,2024,11
SL,-1.0,-1.050415931434332,396.7000000000098,-1,2024,1
SL,-1.0,-1.050415931434332,396.7000000000098,-1,2024,1
SL,-1.0,-1.050415931434332,396.7000000000098,-1,2024,1
TP,2.0,1.971164936562861,693.6000000000149,1,2024,2
TP,2.0,1.971164936562861,693.6000000000149,1,2024,2
TP,2.0,1.971164936562861,693.6000000000149,1,2024,2
TP,2.0,1.980482092319703,1024.6999999999844,-1,2024,19
SL,-1.0,-1.0426439232409377,469.00000000000546,1,2024,22
fuera,-0.44947145877378725,-0.45792811839323755,2365.000000000009,-1,2024,1
fuera,-0.44947145877378725,-0.45792811839323755,2365.000000000009,-1,2024,1
fuera,-0.44947145877378725,-0.45792811839323755,2365.000000000009,-1,2024,1
fuera,-0.44947145877378725,-0.45792811839323755,2365.000000000009,-1,2024,1
fuera,-0.5791605716214511,-0.6016653538876822,888.7000000000171,-1,2024,14
fuera,-0.5791605716214511,-0.6016653538876822,888.7000000000171,-1,2024,14
fuera,0.361121856866601,0.32243713733081475,516.9999999999618,1,2024,15
SL,-1.0,-1.0436681222707431,457.9999999999927,1,2024,16
SL,-1.0,-1.0235294117647058,850.0,1,2024,22
SL,-1.0,-1.0235294117647058,850.0,1,2024,22
SL,-1.0,-1.0235294117647058,850.0,1,2024,22
TP,2.0,1.9728997289972903,738.0000000000109,-1,2024,22
SL,-1.0,-1.119260584376854,167.70000000001346,-1,2024,0
SL,-1.0,-1.048461352071718,412.70000000004075,1,2024,1
TP,2.0,1.9794661190965088,973.9999999999782,-1,2024,1
SL,-1.0,-1.0900900900900983,221.99999999998,1,2024,2
SL,-1.0,-1.0583090379008697,343.0000000000291,1,2024,8
SL,-1.0,-1.0583090379008697,343.0000000000291,1,2024,8
SL,-1.0,-1.0833333333333302,240.0000000000091,-1,2024,8
SL,-1.0,-1.0376647834274957,530.9999999999945,-1,2024,11
SL,-1.0,-1.0156006240249609,1282.0000000000164,-1,2024,14
SL,-1.0,-1.1030927835051518,194.00000000000546,-1,2024,4
SL,-1.0,-1.0735294117647114,271.99999999998,1,2024,5
TP,2.0,1.7142857142858257,70.00000000002728,-1,2024,6
SL,-1.0,-1.052219321148826,382.9999999999927,1,2024,10
SL,-1.0,-1.0238095238095235,840.0000000000091,1,2024,13
SL,-1.0,-1.0465441005352618,429.6999999999571,-1,2024,14
SL,-1.0,-1.4878048780484125,41.00000000003092,-1,2024,16
TP,2.0,1.9661016949152548,590.0000000000091,1,2024,17
TP,2.0,1.9661016949152548,590.0000000000091,1,2024,17
TP,2.0,1.9661016949152548,590.0000000000091,1,2024,17
TP,2.0,1.9782608695652169,919.9999999999818,1,2024,3
SL,-1.0,-1.0376647834274957,530.9999999999945,1,2024,1
SL,-1.0,-1.0197628458498025,1011.9999999999891,-1,2024,2
TP,2.0,1.939522225582103,330.7000000000244,-1,2024,0
TP,2.0,1.9775356621363591,890.3000000000247,1,2024,2
SL,-1.0,-1.0218818380743986,913.9999999999873,1,2024,5
SL,-1.0,-1.0389863547758311,512.9999999999654,-1,2024,7
SL,-1.0,-1.0625000000000036,319.9999999999818,1,2024,14
fuera,0.41185132301102945,0.402927133996706,2241.0999999999603,1,2024,15
SL,-1.0,-1.0527704485488132,378.99999999999636,-1,2024,17
SL,-1.0,-1.010548523206751,1896.0000000000036,-1,2024,0
SL,-1.0,-1.010548523206751,1896.0000000000036,-1,2024,0
SL,-1.0,-1.0104020387996049,1922.6999999999862,1,2024,1
SL,-1.0,-1.0104020387996049,1922.6999999999862,1,2024,1
SL,-1.0,-1.0240096038415367,832.9999999999927,1,2024,3
SL,-1.0,-1.1282051282051326,155.99999999999454,-1,2024,3
SL,-1.0,-1.1131861912846746,176.69999999998254,1,2024,4
TP,2.0,1.9863574351978175,1466.000000000031,-1,2024,5
TP,2.0,1.9882608440453131,1703.6999999999807,-1,2024,10
TP,2.0,1.9882608440453131,1703.6999999999807,-1,2024,10
SL,-1.0,-1.0091899094793917,2176.299999999992,-1,2024,11
SL,-1.0,-1.0112233445566778,1782.0000000000164,-1,2024,12
fuera,0.3645872445421971,0.3538593573995696,1864.2999999999574,1,2024,13
TP,2.0,1.959016393442624,488.0000000000109,1,2024,17
SL,-1.0,-1.0177462289263532,1126.9999999999982,1,2024,0
TP,2.0,1.9655765920826158,580.9999999999945,-1,2024,2
SL,-1.0,-1.0153174542391052,1305.7000000000244,-1,2024,5
SL,-1.0,-1.0240558094779881,831.4000000000306,1,2024,7
SL,-1.0,-1.0369208048735437,541.7000000000371,1,2024,0
SL,-1.0,-1.0274348422496555,729.0000000000418,1,2024,11
SL,-1.0,-1.0274348422496555,729.0000000000418,1,2024,11
SL,-1.0,-1.0268817204301073,744.0000000000055,-1,2024,12
SL,-1.0,-1.018921475875118,1057.0000000000164,-1,2024,14
TP,2.0,1.9705014749262546,678.00000000002,1,2024,15
SL,-1.0,-1.0307834385100823,649.6999999999844,-1,2024,2
SL,-1.0,-1.0294117647058816,680.0000000000182,-1,2024,5
TP,2.0,1.9473684210526279,379.9999999999727,1,2024,6
SL,-1.0,-1.0270160745643648,740.3000000000247,1,2024,10
SL,-1.0,-1.0576368876080724,346.99999999998,1,2024,22
SL,-1.0,-1.073529411764699,272.00000000002547,-1,2024,23
SL,-1.0,-1.112170499158699,178.30000000003565,1,2024,0
SL,-1.0,-1.112170499158699,178.30000000003565,1,2024,0
SL,-1.0,-1.0476190476190497,419.9999999999818,-1,2024,1
SL,-1.0,-1.0476190476190497,419.9999999999818,-1,2024,1
SL,-1.0,-2.9417475728142994,10.300000000006548,-1,2024,4
TP,2.0,1.9638989169675087,553.9999999999964,1,2024,5
SL,-1.0,-1.5263157894741628,37.99999999996544,-1,2024,6
TP,2.0,1.967051070840196,606.9999999999709,1,2024,7
TP,2.0,1.9585062240663875,481.9999999999709,-1,2024,0
TP,2.0,1.9563318777292569,457.9999999999927,1,2024,2
SL,-1.0,-1.0464360343626677,430.6999999999789,-1,2024,8
SL,-1.0,-1.0464360343626677,430.6999999999789,-1,2024,8
SL,-1.0,-1.016708437761069,1197.0000000000255,-1,2024,13
SL,-1.0,-1.0732600732600728,273.0000000000018,-1,2024,6
SL,-1.0,-1.0353794445427191,565.3000000000247,1,2024,11
TP,2.0,1.983726606997559,1228.9999999999964,1,2024,13
TP,2.0,1.983726606997559,1228.9999999999964,1,2024,13
TP,2.0,1.983726606997559,1228.9999999999964,1,2024,13
SL,-1.0,-1.1418439716311746,141.00000000003092,-1,2024,0
TP,2.0,1.9815837937384901,1086.0000000000127,1,2024,7
TP,2.0,1.9734042553191489,751.9999999999982,1,2024,11
fuera,0.7912352161751035,0.7814202286892126,2037.6999999999953,1,2024,12
fuera,0.7912352161751035,0.7814202286892126,2037.6999999999953,1,2024,12
fuera,0.7912352161751035,0.7814202286892126,2037.6999999999953,1,2024,12
TP,2.0,1.962070927365827,527.3000000000138,-1,2024,22
SL,-1.0,-1.0423998304006776,471.7000000000098,-1,2024,0
SL,-1.0,-1.0273485573635988,731.3000000000102,1,2024,2
SL,-1.0,-1.0321027287319422,623.0000000000018,-1,2024,1
SL,-1.0,-1.0321027287319422,623.0000000000018,-1,2024,1
TP,2.0,1.9600798403193593,500.99999999997635,1,2024,6
SL,-1.0,-1.0145454545454546,1375.0,1,2024,7
SL,-1.0,-1.0145454545454546,1375.0,1,2024,7
SL,-1.0,-1.0145454545454546,1375.0,1,2024,7
TP,2.0,1.9870096128864638,1539.599999999973,-1,2024,15
TP,2.0,1.9870096128864638,1539.599999999973,-1,2024,15
TP,2.0,1.9725274725274715,727.9999999999745,-1,2024,7
TP,2.0,1.9725274725274715,727.9999999999745,-1,2024,7
SL,-1.0,-1.0387822377351197,515.6999999999698,-1,2024,8
SL,-1.0,-1.0407331975560057,491.0000000000309,1,2024,10
SL,-1.0,-1.0407083248524323,491.3000000000011,1,2024,11
SL,-1.0,-1.0407083248524323,491.3000000000011,1,2024,11
SL,-1.0,-1.0394477317554227,507.00000000001637,1,2024,13
TP,2.0,1.9741267787839587,773.0000000000018,1,2024,14
SL,-1.0,-1.039315903282878,508.6999999999989,-1,2024,14
SL,-1.0,-1.3571428571428918,55.99999999999454,1,2024,1
TP,2.0,1.96895855967717,644.3000000000211,-1,2024,1
TP,2.0,1.96895855967717,644.3000000000211,-1,2024,1
SL,-1.0,-1.085360648740936,234.29999999998472,1,2024,2
SL,-1.0,-1.031461381154633,635.6999999999971,-1,2024,2
SL,-1.0,-1.4056795131846351,49.299999999993815,-1,2024,4
SL,-1.0,-1.0361010830324913,553.9999999999964,1,2024,12
SL,-1.0,-1.0436681222707431,457.9999999999927,1,2024,13
SL,-1.0,-1.0143605945286134,1392.7000000000135,-1,2024,13
SL,-1.0,-1.0143605945286134,1392.7000000000135,-1,2024,13
SL,-1.0,-1.0268204371731247,745.7000000000335,-1,2024,14
SL,-1.0,-1.1754385964911778,114.00000000003274,-1,2024,4
TP,2.0,1.9661590524534678,590.9999999999854,1,2024,8
TP,2.0,1.9661590524534678,590.9999999999854,1,2024,8
TP,2.0,1.7674418604651507,86.00000000001273,-1,2024,11
fuera,0.2591737233769781,0.2420665469164526,1169.0999999999804,1,2024,14
fuera,0.2591737233769781,0.2420665469164526,1169.0999999999804,1,2024,14
SL,-1.0,-1.023041474654377,868.0000000000291,-1,2024,14
SL,-1.0,-1.023041474654377,868.0000000000291,-1,2024,14
fuera,0.22164888002812982,0.19819397208864362,852.7000000000044,1,2024,16
SL,-1.0,-1.06451612903226,309.9999999999909,1,2024,23
SL,-1.0,-1.0613496932515383,325.99999999997635,-1,2024,0
SL,-1.0,-1.0613496932515383,325.99999999997635,-1,2024,0
SL,-1.0,-1.065359477124184,305.99999999999454,-1,2024,3
TP,2.0,1.8871968415115712,177.30000000001382,1,2024,5
TP,2.0,1.9619771863117887,526.0000000000218,1,2024,6
SL,-1.0,-1.0277507978354383,720.699999999988,1,2024,7
SL,-1.0,-1.0277507978354383,720.699999999988,1,2024,7
SL,-1.0,-1.0277507978354383,720.699999999988,1,2024,7
SL,-1.0,-1.018993352326686,1052.9999999999745,-1,2024,13
SL,-1.0,-1.018993352326686,1052.9999999999745,-1,2024,13
TP,2.0,1.9438202247191003,355.99999999999454,-1,2024,0
TP,2.0,1.9438202247191003,355.99999999999454,-1,2024,0
SL,-1.0,-1.133958472873415,149.29999999999382,1,2024,1
SL,-1.0,-1.0455892409391365,438.7000000000171,-1,2024,1
SL,-1.0,-1.091743119266062,217.99999999998363,-1,2024,4
SL,-1.0,-1.0289142691918447,691.7000000000371,1,2024,5
SL,-1.0,-1.0925497454881974,216.10000000000582,1,2024,6
SL,-1.0,-1.024509803921569,815.9999999999854,-1,2024,15
SL,-1.0,-1.024509803921569,815.9999999999854,-1,2024,15
SL,-1.0,-1.0334448160535117,598.0000000000018,1,2024,17
SL,-1.0,-1.0334448160535117,598.0000000000018,1,2024,17
SL,-1.0,-1.0334448160535117,598.0000000000018,1,2024,17
TP,2.0,1.9460916442048524,371.00000000000364,-1,2024,23
TP,2.0,1.9725538630437776,728.7000000000262,-1,2024,1
SL,-1.0,-1.0662251655629142,301.9999999999982,1,2024,2
TP,2.0,1.9069767441860503,215.0000000000091,-1,2024,2
SL,-1.0,-1.1550387596898721,129.00000000004184,1,2024,4
TP,2.0,1.9569892473118247,464.9999999999636,-1,2024,4
TP,2.0,1.965852825678675,585.6999999999971,-1,2024,5
TP,2.0,1.965852825678675,585.6999999999971,-1,2024,5
SL,-1.0,-1.0816326530612306,244.9999999999818,1,2024,7
SL,-1.0,-1.0727272727272728,275.0,1,2024,10
SL,-1.0,-1.0500375281461116,399.69999999998436,-1,2024,11
TP,2.0,1.9530626613471012,426.0999999999967,1,2024,0
TP,2.0,1.9530626613471012,426.0999999999967,1,2024,0
SL,-1.0,-1.9090909090898567,22.000000000025466,-1,2024,3
SL,-1.0,-1.0398406374501994,501.9999999999982,1,2024,5
SL,-1.0,-1.0398406374501994,501.9999999999982,1,2024,5
SL,-1.0,-1.046761748889408,427.70000000000437,-1,2024,6
SL,-1.0,-1.0185649308456324,1077.3000000000138,-1,2024,12
SL,-1.0,-1.1382170006911174,144.69999999996617,-1,2024,16
SL,-1.0,-1.083892617449664,238.40000000000146,1,2024,17
TP,2.0,1.928315412186379,278.99999999999636,-1,2024,17
SL,-1.0,-1.189214758751139,105.70000000002437,1,2024,0
SL,-1.0,-1.0494682166707932,404.29999999996653,-1,2024,1
SL,-1.0,-1.0532339632685646,375.7000000000062,-1,2024,8
TP,2.0,1.9242424242424205,263.99999999998727,-1,2024,9
SL,-1.0,-1.0742666171555952,269.2999999999756,1,2024,14
fuera,0.6239696312363929,0.6022776572667623,922.0000000000255,-1,2024,14
fuera,-0.1285310734463644,-0.15677966101698437,708.0000000000382,-1,2024,15
fuera,-0.1285310734463644,-0.15677966101698437,708.0000000000382,-1,2024,15
fuera,-0.1285310734463644,-0.15677966101698437,708.0000000000382,-1,2024,15
SL,-1.0,-1.1603849238171229,124.70000000002983,-1,2024,22
SL,-1.0,-1.1603849238171229,124.70000000002983,-1,2024,22
SL,-1.0,-1.6514657980450855,30.700000000024374,1,2024,0
TP,2.0,1.9418604651162723,343.99999999996,-1,2024,0
TP,2.0,1.9418604651162723,343.99999999996,-1,2024,0
TP,2.0,1.9418604651162723,343.99999999996,-1,2024,0
SL,-1.0,-1.0299850074962515,667.0000000000073,-1,2024,1
SL,-1.0,-1.0314960629921242,635.0000000000364,-1,2024,2
SL,-1.0,-1.0314960629921242,635.0000000000364,-1,2024,2
TP,2.0,1.9593495934959355,492.0000000000073,1,2024,3
TP,2.0,1.9593495934959355,492.0000000000073,1,2024,3
SL,-1.0,-1.0221655768591384,902.2999999999683,1,2024,8
SL,-1.0,-1.0221655768591384,902.2999999999683,1,2024,8
SL,-1.0,-1.0221655768591384,902.2999999999683,1,2024,8
TP,2.0,1.95123140697391,410.1000000000113,1,2024,1
TP,2.0,1.95123140697391,410.1000000000113,1,2024,1
SL,-1.0,-1.0943396226415143,211.9999999999891,-1,2024,1
TP,2.0,1.9319727891156475,294.00000000000546,1,2024,2
SL,-1.0,-1.1648804616652664,121.30000000001928,-1,2024,7
SL,-1.0,-1.0591715976331342,338.0000000000109,1,2024,8
SL,-1.0,-1.0591715976331342,338.0000000000109,1,2024,8
TP,2.0,1.9141630901287527,232.99999999999272,-1,2024,8
TP,2.0,1.9503352371492375,402.6999999999589,-1,2024,9
SL,-1.0,-1.0167686761130208,1192.7000000000135,-1,2024,11
SL,-1.0,-1.0167686761130208,1192.7000000000135,-1,2024,11
SL,-1.0,-1.0747104968248,267.70000000001346,-1,2024,0
SL,-1.0,-1.0690369347600983,289.69999999999345,1,2024,2
SL,-1.0,-1.0219298245614037,911.9999999999891,-1,2024,6
SL,-1.0,-1.0199600798403194,1001.9999999999982,-1,2024,8
TP,2.0,1.9795647287217744,978.7000000000262,1,2024,9
TP,2.0,1.982851753408214,1166.300000000001,1,2024,14
TP,2.0,1.583333333333349,48.00000000000182,1,2024,4
TP,2.0,1.9748110831234258,794.0000000000055,1,2024,5
TP,2.0,1.9748110831234258,794.0000000000055,1,2024,5
SL,-1.0,-1.0797766254487415,250.70000000000618,-1,2024,6
SL,-1.0,-1.0797766254487415,250.70000000000618,-1,2024,6
TP,2.0,1.9420289855072432,344.9999999999818,1,2024,7
TP,2.0,1.9420289855072432,344.9999999999818,1,2024,7
SL,-1.0,-1.1785714285713735,112.00000000003456,-1,2024,7
SL,-1.0,-1.0230414746543783,867.9999999999836,1,2024,8
SL,-1.0,-1.0130864359091802,1528.2999999999902,1,2024,12
TP,2.0,1.9713754114784603,698.700000000008,-1,2024,12
SL,-1.0,-1.0271628412331937,736.2999999999829,1,2024,13
SL,-1.0,-1.0271628412331937,736.2999999999829,1,2024,13
SL,-1.0,-1.0321027287319422,623.0000000000018,1,2024,14
SL,-1.0,-1.0225402907697507,887.3000000000047,-1,2024,14
fuera,0.6200046022858176,0.6046636496126563,1303.6999999999807,-1,2024,15
fuera,-0.49670855774986017,-0.5086774386594951,1671.0000000000036,-1,2024,16
fuera,-0.49670855774986017,-0.5086774386594951,1671.0000000000036,-1,2024,16
fuera,-0.49670855774986017,-0.5086774386594951,1671.0000000000036,-1,2024,16
fuera,-0.49670855774986017,-0.5086774386594951,1671.0000000000036,-1,2024,16
fuera,-0.49670855774986017,-0.5086774386594951,1671.0000000000036,-1,2024,16
fuera,0.17991158630615225,0.1593502621568777,972.7000000000317,1,2024,17
fuera,0.17991158630615225,0.1593502621568777,972.7000000000317,1,2024,17
SL,-1.0,-1.0866926744690153,230.6999999999789,-1,2024,0
SL,-1.0,-1.0677966101694958,294.9999999999818,1,2024,1
SL,-1.0,-1.0796812749003915,251.00000000002183,1,2024,3
TP,2.0,1.8383185125302663,123.69999999996253,-1,2024,3
SL,-1.0,-1.019217834150091,1040.7000000000153,-1,2024,5
SL,-1.0,-1.019217834150091,1040.7000000000153,-1,2024,5
TP,2.0,1.9629629629629637,540.0000000000091,1,2024,7
SL,-1.0,-1.0436395374209027,458.30000000000837,1,2024,12
SL,-1.0,-1.0307219662058362,651.0000000000218,-1,2024,17
SL,-1.0,-1.1694915254237523,117.99999999998363,1,2024,22
SL,-1.0,-1.04,500.0,-1,2024,7
TP,2.0,1.9065857076132682,214.10000000000764,1,2024,8
SL,-1.0,-1.0213447171824976,936.9999999999891,1,2024,12
SL,-1.0,-1.078216660148618,255.6999999999789,-1,2024,0
TP,2.0,1.922869263401461,259.2999999999847,1,2024,3
SL,-1.0,-1.0349650349650334,572.0000000000255,1,2024,6
TP,2.0,1.9684393246015464,633.6999999999989,-1,2024,7
SL,-1.0,-1.0333000333000315,600.6000000000313,1,2024,12
SL,-1.0,-1.0804181745074362,248.700000000008,1,2024,5
SL,-1.0,-1.0368324125230184,543.0000000000291,-1,2024,6
SL,-1.0,-1.0293126190825157,682.2999999999865,-1,2024,12
SL,-1.0,-1.0293126190825157,682.2999999999865,-1,2024,12
fuera,1.4325364581105982,1.423983235684049,2338.299999999981,1,2024,13
fuera,1.4325364581105982,1.423983235684049,2338.299999999981,1,2024,13
TP,2.0,1.9587628865979374,484.9999999999909,1,2024,0
TP,2.0,1.921568627450972,254.99999999997272,1,2024,0
SL,-1.0,-1.0775193798449634,257.9999999999927,1,2024,3
SL,-1.0,-1.2173913043479163,91.9999999999618,-1,2024,4
TP,2.0,1.955976227162669,454.300000000012,1,2024,10
SL,-1.0,-1.030409001064314,657.7000000000226,-1,2024,10
SL,-1.0,-1.0482276344345318,414.69999999999345,-1,2024,0
SL,-1.0,-1.0474383301707793,421.59999999998945,1,2024,1
SL,-1.0,-1.0424628450106155,471.00000000000364,-1,2024,2
SL,-1.0,-1.0459031443653894,435.6999999999971,-1,2024,3
SL,-1.0,-1.1013684744044625,197.29999999999563,1,2024,4
SL,-1.0,-1.041580041580042,480.99999999999454,1,2024,5
SL,-1.0,-1.030487804878049,655.9999999999945,-1,2024,9
SL,-1.0,-1.0472925041380963,422.89999999998145,-1,2024,1
SL,-1.0,-1.0630914826498408,317.0000000000073,1,2024,3
SL,-1.0,-1.1030927835051518,194.00000000000546,-1,2024,10
TP,2.0,1.9392097264437682,328.99999999999636,-1,2024,11
SL,-1.0,-1.0081896728225708,2442.099999999982,-1,2024,18
SL,-1.0,-1.0081896728225708,2442.099999999982,-1,2024,18
SL,-1.0,-1.0081896728225708,2442.099999999982,-1,2024,18
SL,-1.0,-1.0073798014833402,2710.1000000000113,-1,2024,19
SL,-1.0,-1.0073798014833402,2710.1000000000113,-1,2024,19
SL,-1.0,-1.0073798014833402,2710.1000000000113,-1,2024,19
TP,2.0,1.9810713609691468,1056.6000000000258,1,2024,20
SL,-1.0,-1.055710306406683,359.00000000001455,-1,2024,1
TP,2.0,1.9774011299435026,884.9999999999909,1,2024,2
TP,2.0,1.9774011299435026,884.9999999999909,1,2024,2
TP,2.0,1.895779051589387,191.90000000003238,1,2024,6
SL,-1.0,-1.0675447483958171,296.09999999997854,-1,2024,6
SL,-1.0,-1.021256244021681,940.9000000000106,1,2024,7
SL,-1.0,-1.021256244021681,940.9000000000106,1,2024,7
SL,-1.0,-1.1226993865030592,163.0000000000109,-1,2024,8
SL,-1.0,-1.025673940949936,778.9999999999964,1,2024,9
SL,-1.0,-1.025673940949936,778.9999999999964,1,2024,9
SL,-1.0,-1.025673940949936,778.9999999999964,1,2024,9
TP,2.0,1.9377528789293443,321.2999999999738,-1,2024,10
SL,-1.0,-1.0137447598103224,1455.099999999993,-1,2024,12
SL,-1.0,-1.0137447598103224,1455.099999999993,-1,2024,12
SL,-1.0,-1.0260416666666656,768.0000000000291,-1,2024,13
SL,-1.0,-1.0980392156862762,203.99999999999636,1,2024,0
TP,2.0,1.9518188388340194,415.10000000002947,1,2024,2
SL,-1.0,-1.322580645161347,61.999999999989086,-1,2024,5
fuera,1.481747241905117,1.463808413310624,1114.8999999999887,1,2024,6
fuera,1.481747241905117,1.463808413310624,1114.8999999999887,1,2024,6
TP,2.0,1.9509803921568618,407.9999999999927,1,2024,1
SL,-1.0,-1.030576364470266,654.0999999999713,1,2024,2
SL,-1.0,-1.1941747572815156,103.00000000002001,-1,2024,2
SL,-1.0,-1.0552028705492678,362.30000000000473,1,2024,3
SL,-1.0,-1.0202695854869763,986.7000000000189,-1,2024,7
SL,-1.0,-1.0202695854869763,986.7000000000189,-1,2024,7
SL,-1.0,-1.1446131597975613,138.29999999998108,-1,2024,0
TP,2.0,1.9520843315764251,417.3999999999978,1,2024,1
SL,-1.0,-1.098522167487697,202.99999999997453,-1,2024,3
SL,-1.0,-1.0329489291598015,607.0000000000164,1,2024,4
TP,2.0,1.9683544303797476,632.0000000000164,1,2024,7
SL,-1.0,-1.0191754554170664,1042.9999999999836,1,2024,2
SL,-1.0,-1.0229805814087096,870.2999999999975,-1,2024,3
TP,2.0,1.9615162593804092,519.6999999999662,1,2024,7
SL,-1.0,-1.1405481377371522,142.30000000002292,-1,2024,8
TP,2.0,1.9615088529638176,519.5999999999913,1,2024,10
fuera,0.12373139822264748,0.11321449229637089,1901.6999999999825,-1,2024,13
SL,-1.0,-1.0684931506849298,292.0000000000073,-1,2024,0
SL,-1.0,-1.0396039603960419,504.9999999999727,1,2024,3
SL,-1.0,-1.0787401574803162,253.99999999999636,1,2024,5
SL,-1.0,-1.071761750986729,278.6999999999807,-1,2024,8
fuera,-0.510024845438255,-0.5215808632345226,1730.699999999979,-1,2024,14
fuera,-0.510024845438255,-0.5215808632345226,1730.699999999979,-1,2024,14
SL,-1.0,-1.0344234079173842,580.9999999999945,1,2024,16
SL,-1.0,-1.1344989912575583,148.700000000008,-1,2024,23
TP,2.0,1.954264806768809,437.30000000000473,-1,2024,0
TP,2.0,1.954264806768809,437.30000000000473,-1,2024,0
SL,-1.0,-1.0378787878787865,528.00000000002,1,2024,1
TP,2.0,1.9828620394173095,1167.0000000000073,-1,2024,1
TP,2.0,1.9828620394173095,1167.0000000000073,-1,2024,1
SL,-1.0,-1.0524934383202107,380.99999999999454,1,2024,4
SL,-1.0,-1.057971014492749,345.0000000000273,1,2024,5
TP,2.0,1.9498746867167949,399.00000000002365,-1,2024,9
SL,-1.0,-1.0152357735964044,1312.6999999999953,-1,2024,10
SL,-1.0,-1.1626016260162577,123.00000000000182,-1,2024,5
SL,-1.0,-1.0751879699248161,265.99999999998545,1,2024,6
SL,-1.0,-1.0966183574879362,206.9999999999709,1,2024,10
SL,-1.0,-1.0390625000000009,511.9999999999891,-1,2024,12
SL,-1.0,-1.0101713878858771,1966.300000000001,1,2024,13
SL,-1.0,-1.0101713878858771,1966.300000000001,1,2024,13
SL,-1.0,-1.0101713878858771,1966.300000000001,1,2024,13
SL,-1.0,-1.0101713878858771,1966.300000000001,1,2024,13
TP,2.0,1.9524601854052808,420.70000000003347,-1,2024,13
SL,-1.0,-1.0184162062615099,1086.0000000000127,-1,2024,14
SL,-1.0,-1.0184162062615099,1086.0000000000127,-1,2024,14
TP,2.0,1.6,50.0,1,2024,0
SL,-1.0,-1.032362459546924,618.0000000000291,-1,2024,3
TP,2.0,1.9165623696287002,239.69999999999345,-1,2024,4
SL,-1.0,-1.0335570469798656,596.0000000000036,1,2024,7
SL,-1.0,-1.0225199864880086,888.0999999999858,1,2024,15
SL,-1.0,-1.0613496932515296,326.0000000000218,1,2024,1
TP,2.0,1.9303135888501717,286.9999999999891,-1,2024,2
SL,-1.0,-1.0604229607250766,330.99999999999454,1,2024,8
TP,2.0,1.9472295514511868,378.99999999999636,1,2024,9
SL,-1.0,-1.0172711571675304,1157.9999999999927,-1,2024,12
TP,2.0,1.8878295008412727,178.29999999999018,1,2024,0
SL,-1.0,-1.133600534402111,149.70000000002983,-1,2024,2
SL,-1.0,-1.133600534402111,149.70000000002983,-1,2024,2
SL,-1.0,-1.0589970501474948,338.99999999998727,1,2024,4
SL,-1.0,-1.0589970501474948,338.99999999998727,1,2024,4
SL,-1.0,-1.1117318435754213,178.99999999999636,-1,2024,4
SL,-1.0,-1.0594530321046447,336.3999999999578,1,2024,5
SL,-1.0,-1.0594530321046447,336.3999999999578,1,2024,5
TP,2.0,1.9728519071535215,736.6999999999734,-1,2024,6
TP,2.0,1.9698204315678283,662.6999999999953,1,2024,12
TP,2.0,1.9698204315678283,662.6999999999953,1,2024,12
SL,-1.0,-1.0088300220750552,2264.9999999999636,-1,2024,12
SL,-1.0,-1.0088300220750552,2264.9999999999636,-1,2024,12
fuera,0.10073285398232443,0.08690542035400578,1446.3999999999942,1,2024,13
SL,-1.0,-1.131665569453607,151.8999999999778,1,2024,0
SL,-1.0,-1.035130862462675,569.2999999999756,-1,2024,1
SL,-1.0,-1.0331674958540644,602.9999999999745,-1,2024,5
TP,2.0,1.9425287356321843,348.0000000000018,1,2024,6
SL,-1.0,-1.2597402597402658,76.99999999999818,-1,2024,7
SL,-1.0,-1.0339616233655962,588.9000000000124,1,2024,9
SL,-1.0,-1.0213743721278188,935.6999999999971,1,2024,1
SL,-1.0,-1.0159489633173844,1253.9999999999964,-1,2024,2
SL,-1.0,-1.0159489633173844,1253.9999999999964,-1,2024,2
SL,-1.0,-1.0159489633173844,1253.9999999999964,-1,2024,2
SL,-1.0,-1.0259740259740266,769.9999999999818,1,2024,3
SL,-1.0,-1.0259740259740266,769.9999999999818,1,2024,3
SL,-1.0,-1.071684587813621,278.99999999999636,1,2024,7
SL,-1.0,-1.0446428571428614,447.99999999995634,1,2024,11
TP,2.0,1.9720279720279723,715.0000000000091,-1,2024,12
TP,2.0,1.9720279720279723,715.0000000000091,-1,2024,12
fuera,-0.2403762142159718,-0.25065529115486274,1945.699999999988,-1,2024,14
fuera,1.3839146952166936,1.3752806078397295,2316.4000000000215,1,2024,12
fuera,1.3839146952166936,1.3752806078397295,2316.4000000000215,1,2024,12
fuera,1.3839146952166936,1.3752806078397295,2316.4000000000215,1,2024,12
SL,-1.0,-1.0780335544284012,256.3000000000102,-1,2024,15
TP,2.0,1.959432048681544,493.0000000000291,1,2024,23
TP,2.0,1.9594320486815402,492.99999999998363,1,2024,1
TP,2.0,0.666666666667475,15.000000000009095,-1,2024,1
TP,2.0,1.9721448467966585,718.0000000000291,1,2024,2
SL,-1.0,-1.0283969899190681,704.300000000012,-1,2024,12
fuera,1.147631070845041,1.1179266300311401,673.3000000000175,1,2024,13
SL,-1.0,-1.0501630298470017,398.700000000008,-1,2024,13
SL,-1.0,-1.0501630298470017,398.700000000008,-1,2024,13
fuera,0.5948288746077022,0.5649379763862097,669.0999999999804,1,2024,14
fuera,0.5948288746077022,0.5649379763862097,669.0999999999804,1,2024,14
SL,-1.0,-1.0766283524904177,261.00000000001273,1,2024,16
TP,2.0,1.884659746251467,173.40000000003783,-1,2024,17
SL,-1.0,-1.029806259314456,671.0000000000036,-1,2024,22
SL,-1.0,-1.125078173858649,159.900000000016,1,2024,0
SL,-1.0,-1.0166847418036205,1198.700000000008,1,2024,2
SL,-1.0,-1.1086956521739313,183.99999999996908,-1,2024,3
SL,-1.0,-1.0507614213197962,394.00000000000546,1,2024,4
SL,-1.0,-1.0303536196691458,658.8999999999942,1,2024,6
TP,2.0,1.9579566953962586,475.7000000000062,-1,2024,7
SL,-1.0,-1.0426439232409377,469.00000000000546,-1,2024,11
SL,-1.0,-1.1550387596899268,128.99999999999636,1,2024,3
SL,-1.0,-1.13956734124215,143.29999999999927,1,2024,4
TP,2.0,1.8469778117826838,130.6999999999789,-1,2024,4
SL,-1.0,-1.0815328169588267,245.29999999999745,-1,2024,5
SL,-1.0,-1.0218579234972676,915.0000000000091,-1,2024,12
TP,2.0,1.9833652166680524,1202.2999999999683,1,2024,14
SL,-1.0,-1.0461148259165323,433.6999999999989,-1,2024,14
TP,2.0,1.9729364005412715,738.9999999999873,1,2024,15
SL,-1.0,-1.0284616479294149,702.7000000000044,-1,2024,16
TP,2.0,1.974170218261657,774.3000000000393,1,2024,1
TP,2.0,1.974170218261657,774.3000000000393,1,2024,1
SL,-1.0,-1.1005025125628252,198.99999999997817,-1,2024,2
SL,-1.0,-1.1324503311258087,151.00000000002183,-1,2024,4
TP,2.0,1.9395770392749234,330.99999999999454,1,2024,5
SL,-1.0,-1.0431965442764568,463.0000000000109,-1,2024,6
SL,-1.0,-1.0243013365735114,823.0000000000018,1,2024,10
fuera,1.4300341296928758,1.4129692832764933,1171.99999999998,1,2024,1
TP,2.0,1.9497108373145626,397.70000000003165,1,2024,22
SL,-1.0,-1.0474270808631718,421.7000000000098,-1,2024,0
SL,-1.0,-1.0474270808631718,421.7000000000098,-1,2024,0
TP,2.0,1.962406015037595,532.0000000000164,1,2024,1
TP,2.0,1.962406015037595,532.0000000000164,1,2024,1
SL,-1.0,-1.061671292013569,324.2999999999938,1,2024,15
SL,-1.0,-1.0296296296296297,675.0,-1,2024,18
TP,2.0,1.9512195121951208,409.9999999999909,1,2024,0
SL,-1.0,-1.4878048780489537,40.99999999998545,-1,2024,0
TP,2.0,1.951064350379251,408.6999999999989,1,2024,1
SL,-1.0,-1.032346757237587,618.2999999999993,-1,2024,13
TP,2.0,1.9755201958384334,817.0000000000073,1,2024,14
SL,-1.0,-1.0230680507497114,867.0000000000073,-1,2024,1
SL,-1.0,-1.0256081946222793,780.9999999999945,1,2024,3
SL,-1.0,-1.0432900432900443,461.9999999999891,1,2024,4
TP,2.0,1.9719495091164099,713.0000000000109,-1,2024,12
SL,-1.0,-1.0095845114295299,2086.700000000019,-1,2024,14
SL,-1.0,-1.0095845114295299,2086.700000000019,-1,2024,14
SL,-1.0,-1.0095845114295299,2086.700000000019,-1,2024,14
SL,-1.0,-1.0095845114295299,2086.700000000019,-1,2024,14
fuera,1.1849884526559114,1.1695919938414385,1298.9999999999782,1,2024,15
fuera,1.1849884526559114,1.1695919938414385,1298.9999999999782,1,2024,15
fuera,1.1849884526559114,1.1695919938414385,1298.9999999999782,1,2024,15
SL,-1.0,-1.0797766254487415,250.70000000000618,-1,2024,18
TP,2.0,1.941537562116337,342.0999999999822,1,2024,0
TP,2.0,1.941537562116337,342.0999999999822,1,2024,0
SL,-1.0,-1.0593295757935395,337.099999999964,1,2024,1
SL,-1.0,-1.0645161290322505,310.0000000000364,-1,2024,1
TP,2.0,1.9460916442048524,371.00000000000364,1,2024,4
SL,-1.0,-1.0781250000000018,255.99999999999454,-1,2024,12
SL,-1.0,-1.125786163522001,159.00000000001455,1,2024,3
SL,-1.0,-1.0261437908496729,765.0000000000091,-1,2024,8
SL,-1.0,-1.0261437908496729,765.0000000000091,-1,2024,8
SL,-1.0,-1.0261437908496729,765.0000000000091,-1,2024,8
TP,2.0,1.9525278898647016,421.2999999999738,1,2024,9
TP,2.0,1.9525278898647016,421.2999999999738,1,2024,9
TP,2.0,1.9525278898647016,421.2999999999738,1,2024,9
SL,-1.0,-1.0956937799042996,209.00000000001455,-1,2024,14
fuera,0.43510054844598606,0.3985374771479987,547.0000000000255,1,2024,17
fuera,0.43510054844598606,0.3985374771479987,547.0000000000255,1,2024,17
SL,-1.0,-1.078431372549014,255.0000000000182,-1,2024,18
TP,2.0,1.9738219895287954,763.9999999999873,1,2024,0
SL,-1.0,-1.040241448692151,497.00000000002547,-1,2024,2
SL,-1.0,-1.0662251655629142,301.9999999999982,1,2024,5
TP,2.0,1.9502487562189053,401.9999999999982,-1,2024,5
TP,2.0,1.9576271186440701,472.00000000002547,-1,2024,6
TP,2.0,1.962497656103507,533.3000000000084,1,2024,13
TP,2.0,1.9692638696788076,650.7000000000062,1,2024,0
TP,2.0,1.9692638696788076,650.7000000000062,1,2024,0
TP,2.0,1.9838488250020188,1238.299999999981,1,2024,12
SL,-1.0,-1.0421940928270061,473.9999999999782,1,2024,0
SL,-1.0,-1.0877192982456063,228.00000000002,-1,2024,2
TP,2.0,1.9630314232902055,541.0000000000309,-1,2024,0
SL,-1.0,-1.0507614213197962,394.00000000000546,1,2024,6
TP,2.0,1.9492772001014482,394.3000000000211,-1,2024,7
fuera,1.0513513513513415,1.0405405405405306,1850.0,-1,2024,12
SL,-1.0,-1.009071529006214,2204.7000000000025,-1,2024,13
SL,-1.0,-1.009071529006214,2204.7000000000025,-1,2024,13
SL,-1.0,-1.009071529006214,2204.7000000000025,-1,2024,13
SL,-1.0,-1.009071529006214,2204.7000000000025,-1,2024,13
TP,2.0,1.9779977997799782,909.0000000000146,1,2024,14
TP,2.0,1.9730820995962308,742.9999999999836,1,2024,17
TP,2.0,1.9730820995962308,742.9999999999836,1,2024,17
SL,-1.0,-1.0404858299595137,494.00000000000546,1,2024,0
SL,-1.0,-1.0404858299595137,494.00000000000546,1,2024,0
SL,-1.0,-1.0265604249667988,753.00000000002,1,2024,13
TP,2.0,1.9637681159420288,551.9999999999982,-1,2024,14
TP,2.0,1.9637681159420288,551.9999999999982,-1,2024,14
fuera,0.0422721268164037,0.015852047556164903,756.9999999999709,-1,2024,16
SL,-1.0,-1.0242865816636304,823.5000000000127,1,2024,23
SL,-1.0,-1.0242865816636304,823.5000000000127,1,2024,23
SL,-1.0,-1.0588235294117632,340.0000000000091,1,2024,0
TP,2.0,1.8594518622628027,142.29999999997744,-1,2024,1
TP,2.0,1.8630136986301404,146.00000000000364,1,2024,8
SL,-1.0,-1.0249687890137322,801.0000000000218,1,2024,13
TP,2.0,1.959677419354839,496.00000000000364,-1,2024,14
SL,-1.0,-1.1626016260162577,123.00000000000182,1,2024,1
SL,-1.0,-1.0292397660818706,684.0000000000146,-1,2024,2
SL,-1.0,-1.0292397660818706,684.0000000000146,-1,2024,2
SL,-1.0,-1.0292397660818706,684.0000000000146,-1,2024,2
SL,-1.0,-1.0292397660818706,684.0000000000146,-1,2024,2
SL,-1.0,-1.026490066225165,755.0000000000182,1,2024,3
SL,-1.0,-1.026490066225165,755.0000000000182,1,2024,3
SL,-1.0,-1.026490066225165,755.0000000000182,1,2024,3
SL,-1.0,-1.040567951318456,493.0000000000291,-1,2024,7
SL,-1.0,-1.0191259443435021,1045.699999999988,1,2024,8
TP,2.0,1.939154243991478,328.6999999999807,-1,2024,14
SL,-1.0,-1.0261335424016718,765.3000000000247,-1,2024,0
SL,-1.0,-1.0140065830940541,1427.8999999999996,1,2024,1
SL,-1.0,-1.0140065830940541,1427.8999999999996,1,2024,1
TP,2.0,1.926226484692002,271.100000000024,-1,2024,1
TP,2.0,1.945799457994574,368.99999999996,1,2024,3
TP,2.0,1.945799457994574,368.99999999996,1,2024,3
fuera,0.6172552664188456,0.6110594795539137,3227.9999999999745,-1,2024,6
fuera,0.6172552664188456,0.6110594795539137,3227.9999999999745,-1,2024,6
fuera,0.6172552664188456,0.6110594795539137,3227.9999999999745,-1,2024,6
fuera,0.6172552664188456,0.6110594795539137,3227.9999999999745,-1,2024,6
fuera,0.6172552664188456,0.6110594795539137,3227.9999999999745,-1,2024,6
SL,-1.0,-1.0092340366591255,2165.9000000000106,1,2024,7
SL,-1.0,-1.0137268359643101,1457.0000000000164,-1,2024,1
TP,2.0,1.9746289483699093,788.2999999999811,1,2024,2
SL,-1.0,-1.0304553068372164,656.7000000000007,1,2024,23
TP,2.0,1.9052132701421858,211.00000000001273,-1,2024,0
TP,2.0,1.9832214765100673,1192.0000000000073,-1,2024,1
TP,2.0,1.9832214765100673,1192.0000000000073,-1,2024,1
TP,2.0,1.9909461294703485,2208.999999999969,-1,2024,13
TP,2.0,1.9909461294703485,2208.999999999969,-1,2024,13
SL,-1.0,-1.0176834659593281,1130.9999999999945,-1,2024,5
SL,-1.0,-1.0283687943262423,704.9999999999727,1,2024,13
SL,-1.0,-1.0664451827242476,301.0000000000218,-1,2024,1
SL,-1.0,-1.0287356321839078,696.0000000000036,1,2024,2
TP,2.0,1.9900546991546493,2010.9999999999673,-1,2024,16
TP,2.0,1.9805314903144167,1027.3000000000138,-1,2024,1
SL,-1.0,-1.0171086398631315,1168.99999999996,1,2024,15
SL,-1.0,-1.0297619047619035,672.0000000000255,-1,2024,1
SL,-1.0,-1.0381752242794424,523.9000000000033,1,2024,2
TP,2.0,1.973045822102426,742.0000000000073,1,2024,23
TP,2.0,1.9705882352941164,679.9999999999727,1,2024,0
TP,2.0,1.9705882352941164,679.9999999999727,1,2024,0
TP,2.0,1.9808557480616447,1044.7000000000116,1,2024,1
SL,-1.0,-1.0194741966893865,1026.9999999999982,-1,2024,1
SL,-1.0,-1.0468384074941455,426.9999999999982,1,2024,2
TP,2.0,1.9503722084367214,402.99999999997453,1,2024,1
TP,2.0,1.9707174231332354,682.9999999999927,1,2024,2
SL,-1.0,-1.052219321148826,382.9999999999927,1,2024,1
TP,2.0,1.9401197604790446,334.00000000001455,-1,2024,3
SL,-1.0,-1.02967359050445,674.0000000000236,1,2024,0
SL,-1.0,-1.0283687943262423,704.9999999999727,-1,2024,1
SL,-1.0,-1.5405405405407,36.999999999989086,-1,2024,0
TP,2.0,1.9576271186440701,472.00000000002547,1,2024,1
SL,-1.0,-1.0070239516752126,2847.3999999999705,1,2024,23
TP,2.0,1.9789473684210526,950.0,-1,2024,0
SL,-1.0,-1.0150704543741997,1327.099999999973,1,2024,3
TP,2.0,1.9920508744038157,2516.000000000031,-1,2024,3
TP,2.0,1.9920508744038157,2516.000000000031,-1,2024,3
SL,-1.0,-1.0216919739696317,921.99999999998,-1,2024,5
SL,-1.0,-1.049627791563273,403.00000000002,1,2024,9
SL,-1.0,-1.0260416666666672,767.9999999999836,1,2024,14
fuera,-0.2781934794227641,-0.28353821485836006,3742.0000000000073,-1,2024,14
fuera,-0.2781934794227641,-0.28353821485836006,3742.0000000000073,-1,2024,14
SL,-1.0,-1.0150375939849623,1330.0000000000182,-1,2024,15
TP,2.0,1.9386503067484704,326.0000000000218,1,2024,18
SL,-1.0,-1.0110357004910886,1812.3000000000047,-1,2024,23
SL,-1.0,-1.0110357004910886,1812.3000000000047,-1,2024,23
TP,2.0,1.9821380726980442,1119.7000000000116,1,2024,0
SL,-1.0,-1.0227790432801829,877.9999999999745,-1,2024,7
TP,2.0,1.9472156241752472,378.90000000002146,1,2024,5
SL,-1.0,-1.0240529164161154,831.5000000000055,1,2024,8
SL,-1.0,-1.0363636363636364,550.0,-1,2024,9
TP,2.0,1.9627837737253429,537.3999999999796,-1,2024,16
TP,2.0,1.9746514575411909,788.9999999999873,1,2024,1
SL,-1.0,-1.0239520958083834,834.9999999999909,1,2024,8
SL,-1.0,-1.0300751879699264,664.9999999999636,-1,2024,14
fuera,0.4748858447488497,0.456621004566201,1094.9999999999818,1,2024,1
fuera,-0.5721077654516892,-0.5879556259905165,1261.999999999989,1,2024,2
SL,-1.0,-1.0376647834274957,530.9999999999945,-1,2024,2
SL,-1.0,-1.038365624400539,521.2999999999738,1,2024,3
TP,2.0,1.9734042553191489,751.9999999999982,-1,2024,23
SL,-1.0,-1.0267379679144384,748.0000000000018,1,2024,0
SL,-1.0,-1.0195694716242656,1022.0000000000255,-1,2024,0
SL,-1.0,-1.0195694716242656,1022.0000000000255,-1,2024,0
SL,-1.0,-1.0153609831029187,1301.9999999999982,1,2024,1
SL,-1.0,-1.0176631634725781,1132.2999999999865,-1,2024,2
SL,-1.0,-1.0176631634725781,1132.2999999999865,-1,2024,2
SL,-1.0,-1.02008838891121,995.5999999999676,1,2024,13
SL,-1.0,-1.02008838891121,995.5999999999676,1,2024,13
TP,2.0,1.9670673472748248,607.300000000032,-1,2024,14
SL,-1.0,-1.0624999999999947,320.0000000000273,-1,2024,0
SL,-1.0,-1.0352920416446096,566.6999999999916,1,2024,6
TP,2.0,1.9374804626445778,319.9000000000069,-1,2024,6
SL,-1.0,-1.013207422571485,1514.300000000003,1,2024,13
SL,-1.0,-1.013207422571485,1514.300000000003,1,2024,13
SL,-1.0,-1.235294117646958,85.00000000003638,-1,2024,13
SL,-1.0,-1.0216216216216216,925.0,-1,2024,14
SL,-1.0,-1.0644122383252814,310.5000000000018,-1,2024,0
SL,-1.0,-1.0506329113924016,395.0000000000273,1,2024,2
SL,-1.0,-1.0904977375565597,221.00000000000364,1,2024,5
TP,2.0,1.9074074074074012,215.99999999998545,-1,2024,6
SL,-1.0,-1.0124610591900314,1604.9999999999727,1,2024,13
SL,-1.0,-1.0124610591900314,1604.9999999999727,1,2024,13
SL,-1.0,-1.0449741398695738,444.70000000001164,-1,2024,14
SL,-1.0,-1.0449741398695738,444.70000000001164,-1,2024,14
SL,-1.0,-1.0316906987799073,631.1000000000149,1,2024,15
SL,-1.0,-1.0316906987799073,631.1000000000149,1,2024,15
TP,2.0,1.9053478466635039,211.2999999999829,-1,2024,15
SL,-1.0,-1.026212319790301,763.0000000000109,1,2024,5
TP,2.0,1.9180327868852478,244.00000000000546,-1,2024,5
SL,-1.0,-1.0277392510402217,721.0000000000036,-1,2024,6
TP,2.0,1.8245614035087523,113.99999999998727,1,2024,8
SL,-1.0,-1.0347222222222237,575.9999999999764,1,2024,12
TP,2.0,1.9796747967479678,984.0000000000146,-1,2024,14
SL,-1.0,-1.0242130750605334,825.9999999999764,1,2024,15
SL,-1.0,-1.0242130750605334,825.9999999999764,1,2024,15
SL,-1.0,-1.0242130750605334,825.9999999999764,1,2024,15
SL,-1.0,-1.0253807106598982,788.0000000000109,-1,2024,17
SL,-1.0,-1.0253807106598982,788.0000000000109,-1,2024,17
SL,-1.0,-1.0253807106598982,788.0000000000109,-1,2024,17
TP,2.0,1.9624765478424042,533.0000000000382,-1,2024,0
SL,-1.0,-1.0153598033945168,1302.099999999973,-1,2024,1
SL,-1.0,-1.0153598033945168,1302.099999999973,-1,2024,1
TP,2.0,1.9759903961584644,833.0000000000382,1,2024,2
TP,2.0,1.9759903961584644,833.0000000000382,1,2024,2
SL,-1.0,-1.0126103404791928,1586.0000000000127,1,2024,3
SL,-1.0,-1.0126103404791928,1586.0000000000127,1,2024,3
TP,2.0,1.9134199134199283,231.00000000004002,-1,2024,4
SL,-1.0,-1.0312061163988138,640.9000000000106,1,2024,8
fuera,-0.2645420102519126,-0.3091152217518004,448.700000000008,-1,2024,20
SL,-1.0,-1.0244798041615666,817.0000000000073,-1,2024,23
SL,-1.0,-1.022075055187637,906.00000000004,-1,2024,0
SL,-1.0,-1.022075055187637,906.00000000004,-1,2024,0
SL,-1.0,-1.022075055187637,906.00000000004,-1,2024,0
TP,2.0,1.9873817034700314,1584.999999999991,1,2024,1
TP,2.0,1.9873817034700314,1584.999999999991,1,2024,1
TP,2.0,1.9873817034700314,1584.999999999991,1,2024,1
TP,2.0,1.9873817034700314,1584.999999999991,1,2024,1
TP,2.0,1.948320413436691,386.9999999999891,-1,2024,1
SL,-1.0,-1.0256049161438991,781.1000000000149,-1,2024,3
TP,2.0,1.973474801061008,753.9999999999964,1,2024,7
TP,2.0,1.9707174231332354,682.9999999999927,1,2024,9
SL,-1.0,-1.107526881720449,185.99999999996726,-1,2024,9
SL,-1.0,-1.107526881720449,185.99999999996726,-1,2024,9
SL,-1.0,-1.0492489534597371,406.1000000000149,1,2024,10
SL,-1.0,-1.0492489534597371,406.1000000000149,1,2024,10
TP,2.0,1.8387096774193856,124.00000000002365,-1,2024,10
SL,-1.0,-1.042052144659379,475.5999999999858,1,2024,12
SL,-1.0,-1.026212319790301,763.0000000000109,1,2024,0
TP,2.0,1.969604863221884,657.9999999999927,-1,2024,3
TP,2.0,1.9839098954143206,1243.000000000029,1,2024,5
SL,-1.0,-1.0447427293064897,446.99999999998,1,2024,0
SL,-1.0,-1.0154202004626063,1296.99999999998,1,2024,1
TP,2.0,1.9865047233468287,1482.0000000000164,-1,2024,1
TP,2.0,1.9850074962518742,1334.0000000000146,-1,2024,13
TP,2.0,1.9558401413115478,452.89999999999964,1,2024,15
TP,2.0,1.9794871794871796,975.0,-1,2024,8
TP,2.0,1.9794871794871796,975.0,-1,2024,8
TP,2.0,1.9752168525402718,806.9999999999709,-1,2024,9
SL,-1.0,-1.0706713780918746,282.9999999999927,1,2024,14
fuera,1.3308109886495334,1.2979108405988657,607.8999999999724,-1,2024,17
fuera,-0.041071428571432485,-0.07678571428571879,559.9999999999909,-1,2024,20
TP,2.0,1.9456669383319756,368.100000000004,1,2024,0
SL,-1.0,-1.0443458980044324,451.0000000000218,-1,2024,0
SL,-1.0,-1.0297619047619035,672.0000000000255,1,2024,1
SL,-1.0,-1.0297619047619035,672.0000000000255,1,2024,1
SL,-1.0,-1.0706713780918746,282.9999999999927,-1,2024,2
TP,2.0,1.9140524280189168,232.70000000002256,1,2024,9
TP,2.0,1.9755501222493883,817.9999999999836,-1,2024,14
SL,-1.0,-1.048426150121064,413.0000000000109,1,2024,0
SL,-1.0,-1.055248618784532,361.9999999999891,-1,2024,4
TP,2.0,1.9180663662433515,244.10000000002583,1,2024,6
SL,-1.0,-1.073529411764699,272.00000000002547,1,2024,8
TP,2.0,1.978902953586498,948.0000000000018,-1,2024,8
TP,2.0,1.978902953586498,948.0000000000018,-1,2024,8
SL,-1.0,-1.030674846625767,651.9999999999982,-1,2024,9
SL,-1.0,-1.0856898029134427,233.40000000002874,1,2024,18
SL,-1.0,-1.055248618784532,361.9999999999891,1,2024,0
TP,2.0,1.944613680420941,361.1000000000331,-1,2024,2
SL,-1.0,-1.062111801242231,322.00000000002547,-1,2024,3
SL,-1.0,-1.084388185653996,237.00000000003456,1,2024,4
SL,-1.0,-1.055881531153958,357.89999999997235,1,2024,5
TP,2.0,1.970900625636549,687.3000000000047,-1,2024,14
fuera,-0.7414733752353109,-0.7478543853492119,3134.2999999999847,-1,2024,19
fuera,-0.4963977459162688,-0.5106640987231734,1401.9000000000233,1,2024,15
fuera,0.26196136701336037,0.23224368499255807,673.0000000000018,-1,2024,16
TP,2.0,1.9514563106796157,412.00000000003456,1,2024,0
SL,-1.0,-1.0537201181842606,372.29999999999563,-1,2024,0
SL,-1.0,-1.0624999999999947,320.0000000000273,-1,2024,1
SL,-1.0,-1.0378071833648397,528.9999999999964,1,2024,2
TP,2.0,1.8630136986301404,146.00000000000364,-1,2024,2
SL,-1.0,-1.119260584376854,167.70000000001346,1,2024,5
SL,-1.0,-1.138217000691074,144.70000000001164,-1,2024,6
SL,-1.0,-1.138217000691074,144.70000000001164,-1,2024,6
TP,2.0,1.9384615384615385,325.0,1,2024,0
TP,2.0,1.9384615384615385,325.0,1,2024,0
TP,2.0,1.9384615384615385,325.0,1,2024,0
TP,2.0,1.9651567944250885,574.0000000000236,1,2024,1
SL,-1.0,-1.024863252113377,804.3999999999869,-1,2024,13
SL,-1.0,-1.0272145870186413,734.900000000016,1,2024,15
SL,-1.0,-1.0272145870186413,734.900000000016,1,2024,15
SL,-1.0,-1.0431872165838925,463.0999999999858,-1,2024,16
SL,-1.0,-1.071684587813621,278.99999999999636,-1,2024,17
SL,-1.0,-1.0786472670074678,254.300000000012,-1,2024,0
SL,-1.0,-1.0894054537326745,223.700000000008,1,2024,3
SL,-1.0,-1.0554016620498596,361.00000000001273,-1,2024,9
SL,-1.0,-1.0615953187557776,324.69999999998436,1,2024,10
SL,-1.0,-1.2857142857141743,70.00000000002728,1,2024,13
fuera,-0.28190364277320257,-0.3054054054054006,850.9999999999764,-1,2024,13
fuera,-0.28190364277320257,-0.3054054054054006,850.9999999999764,-1,2024,13
fuera,-0.28190364277320257,-0.3054054054054006,850.9999999999764,-1,2024,13
fuera,1.3315035799522925,1.2837708830549184,419.00000000000546,1,2024,14
SL,-1.0,-1.0537201181842606,372.29999999999563,-1,2024,14
SL,-1.0,-1.0614250614250555,325.6000000000313,1,2024,19
SL,-1.0,-1.0413736036408785,483.39999999998327,1,2024,23
SL,-1.0,-1.0413736036408785,483.39999999998327,1,2024,23
SL,-1.0,-1.077429345722026,258.30000000000837,-1,2024,1
SL,-1.0,-1.0586510263929565,341.0000000000309,1,2024,3
SL,-1.0,-1.0626959247648893,319.00000000000546,1,2024,5
SL,-1.0,-1.2380952380953258,83.99999999996908,1,2024,6
SL,-1.0,-1.2380952380953258,83.99999999996908,1,2024,6
TP,2.0,1.9640740075444585,556.7000000000007,-1,2024,6
TP,2.0,1.9640740075444585,556.7000000000007,-1,2024,6
TP,2.0,1.9380804953560375,323.0000000000018,-1,2024,7
TP,2.0,1.9380804953560375,323.0000000000018,-1,2024,7
TP,2.0,1.9245283018867951,265.0000000000091,1,2024,8
TP,2.0,1.9245283018867951,265.0000000000091,1,2024,8
SL,-1.0,-1.0366972477064234,544.9999999999818,-1,2024,8
SL,-1.0,-1.0427076660260517,468.2999999999993,-1,2024,10
SL,-1.0,-1.0279720279720277,715.0000000000091,1,2024,11
SL,-1.0,-1.0332225913621262,601.9999999999982,1,2024,12
SL,-1.0,-1.0126023944549463,1587.0000000000346,-1,2024,13
TP,2.0,1.9239543726235773,263.0000000000109,-1,2024,1
SL,-1.0,-1.0311187179088237,642.699999999968,1,2024,7
SL,-1.0,-1.0529100529100566,377.99999999997453,1,2024,8
SL,-1.0,-1.04950495049505,403.99999999999636,-1,2024,10
TP,2.0,1.9849499586123864,1328.9000000000215,1,2024,15
TP,2.0,1.9849499586123864,1328.9000000000215,1,2024,15
TP,2.0,1.9849499586123864,1328.9000000000215,1,2024,15
SL,-1.0,-1.2322880371661193,86.09999999998763,-1,2024,15
SL,-1.0,-1.0816326530612155,245.00000000002728,-1,2025,23
SL,-1.0,-1.0775193798449634,257.9999999999927,-1,2025,0
SL,-1.0,-1.0775193798449634,257.9999999999927,-1,2025,0
SL,-1.0,-1.0775193798449634,257.9999999999927,-1,2025,0
TP,2.0,1.9779977997799782,909.0000000000146,1,2025,1
TP,2.0,1.9779977997799782,909.0000000000146,1,2025,1
TP,2.0,1.9779977997799782,909.0000000000146,1,2025,1
TP,2.0,1.9779977997799782,909.0000000000146,1,2025,1
SL,-1.0,-1.051679586563309,386.9999999999891,-1,2025,9
TP,2.0,1.9799055561137344,995.2999999999975,1,2025,10
SL,-1.0,-1.0836820083681893,239.00000000003274,1,2025,0
SL,-1.0,-1.066889632107018,299.00000000002365,-1,2025,1
SL,-1.0,-1.0431034482758632,463.99999999998727,1,2025,0
SL,-1.0,-1.0431034482758632,463.99999999998727,1,2025,0
TP,2.0,1.9671592775041058,609.0000000000146,-1,2025,1
SL,-1.0,-1.0376647834274957,530.9999999999945,-1,2025,4
SL,-1.0,-1.0376647834274957,530.9999999999945,-1,2025,4
TP,2.0,1.880239520958089,167.00000000000728,1,2025,7
SL,-1.0,-1.0289435600578878,690.9999999999854,-1,2025,7
TP,2.0,1.9655765920826185,581.00000000004,1,2025,8
SL,-1.0,-1.0152788388082503,1309.0000000000146,1,2025,11
TP,2.0,1.916072177926976,238.29999999998108,1,2025,13
SL,-1.0,-1.008123476848091,2462.0000000000346,-1,2025,13
TP,2.0,1.988188743872911,1693.2999999999993,1,2025,14
TP,2.0,1.951818838834014,415.099999999984,1,2025,1
TP,2.0,1.951818838834014,415.099999999984,1,2025,1
SL,-1.0,-1.1292824822236565,154.70000000000255,-1,2025,2
TP,2.0,1.973509933774835,755.0000000000182,1,2025,5
SL,-1.0,-1.0314465408805047,635.9999999999673,-1,2025,6
TP,2.0,1.9519346310982943,416.1000000000058,1,2025,12
SL,-1.0,-1.016060387055328,1245.2999999999975,1,2025,13
TP,2.0,1.955486312040952,449.2999999999938,-1,2025,14
SL,-1.0,-1.0185013876040705,1080.9999999999945,-1,2025,15
SL,-1.0,-1.1,200.0,1,2025,0
SL,-1.0,-1.0934579439252194,214.00000000003274,-1,2025,1
SL,-1.0,-1.161420500403547,123.90000000000327,1,2025,14
SL,-1.0,-1.031051079024995,644.1000000000258,-1,2025,14
SL,-1.0,-1.031051079024995,644.1000000000258,-1,2025,14
SL,-1.0,-1.0303766707168902,658.3999999999833,1,2025,15
SL,-1.0,-1.0303766707168902,658.3999999999833,1,2025,15
SL,-1.0,-1.0140755858962631,1420.8999999999833,-1,2025,17
TP,2.0,1.975981746127056,832.6999999999771,1,2025,6
TP,2.0,1.975981746127056,832.6999999999771,1,2025,6
SL,-1.0,-1.0451773209848643,442.70000000001346,-1,2025,7
SL,-1.0,-1.0451773209848643,442.70000000001346,-1,2025,7
SL,-1.0,-1.0408997955010197,489.00000000003274,1,2025,11
SL,-1.0,-1.028101728256287,711.7000000000189,-1,2025,15
TP,2.0,1.8800239952009539,166.69999999999163,1,2025,0
SL,-1.0,-1.078431372549028,254.99999999997272,-1,2025,7
SL,-1.0,-1.0485436893203897,411.9999999999891,1,2025,8
fuera,0.3789844037179044,0.36848185685028906,1904.300000000012,1,2025,13
TP,2.0,1.948051948051947,384.9999999999909,-1,2025,0
SL,-1.0,-1.0472813238770684,423.0000000000018,-1,2025,1
SL,-1.0,-1.0544959128065385,367.0000000000073,1,2025,2
SL,-1.0,-1.0909090909090984,219.9999999999818,1,2025,10
TP,2.0,1.9588223183034792,485.6999999999971,-1,2025,11
SL,-1.0,-1.0294074400823412,680.0999999999931,1,2025,12
SL,-1.0,-1.0294074400823412,680.0999999999931,1,2025,12
SL,-1.0,-1.065082980800514,307.300000000032,-1,2025,13
SL,-1.0,-1.0178300793438528,1121.7000000000098,-1,2025,15
SL,-1.0,-1.0178300793438528,1121.7000000000098,-1,2025,15
SL,-1.0,-1.0368527731711803,542.7000000000135,1,2025,23
SL,-1.0,-1.0476644423260257,419.59999999999127,1,2025,0
SL,-1.0,-1.080645161290322,248.00000000000182,-1,2025,3
SL,-1.0,-1.0174840458081995,1143.9000000000306,-1,2025,13
TP,2.0,1.9624765478424009,532.9999999999927,1,2025,14
SL,-1.0,-1.0528680941052089,378.2999999999902,-1,2025,23
TP,2.0,1.9575371549893805,470.99999999995816,1,2025,5
TP,2.0,1.8907103825136569,182.99999999999272,1,2025,6
SL,-1.0,-1.0741015190811392,269.9000000000069,-1,2025,9
SL,-1.0,-1.0559127760693283,357.70000000002256,1,2025,10
SL,-1.0,-1.0173310225303294,1153.9999999999964,1,2025,13
SL,-1.0,-1.0173310225303294,1153.9999999999964,1,2025,13
SL,-1.0,-1.014204545454545,1408.0000000000382,-1,2025,14
SL,-1.0,-1.014204545454545,1408.0000000000382,-1,2025,14
SL,-1.0,-1.0427350427350441,467.99999999998363,-1,2025,15
SL,-1.0,-1.0427350427350441,467.99999999998363,-1,2025,15
TP,2.0,1.9165623696287002,239.69999999999345,1,2025,0
SL,-1.0,-1.0675675675675667,296.00000000000364,-1,2025,0
SL,-1.0,-1.0675675675675667,296.00000000000364,-1,2025,0
TP,2.0,1.9510164095028175,408.30000000000837,1,2025,6
TP,2.0,1.9562363238512006,456.9999999999709,1,2025,7
TP,2.0,1.9562363238512006,456.9999999999709,1,2025,7
SL,-1.0,-1.0372439478584738,536.9999999999891,1,2025,23
SL,-1.0,-1.030674846625767,651.9999999999982,-1,2025,23
SL,-1.0,-1.030674846625767,651.9999999999982,-1,2025,23
TP,2.0,1.953455899464743,429.70000000000255,1,2025,1
TP,2.0,1.953455899464743,429.70000000000255,1,2025,1
SL,-1.0,-1.3921568627452798,50.99999999997635,-1,2025,2
TP,2.0,1.9669966996699666,605.9999999999945,1,2025,3
TP,2.0,1.9669966996699666,605.9999999999945,1,2025,3
TP,2.0,1.9669966996699666,605.9999999999945,1,2025,3
TP,2.0,1.9212598425196838,253.99999999999636,1,2025,0
TP,2.0,1.9865681665547346,1488.9999999999873,1,2025,1
TP,2.0,1.9865681665547346,1488.9999999999873,1,2025,1
SL,-1.0,-1.0286944045911055,696.99999999998,1,2025,2
SL,-1.0,-1.07936507936508,251.99999999999818,-1,2025,3
TP,2.0,1.9642218246869418,559.0000000000146,1,2025,0
SL,-1.0,-1.0414336026517526,482.6999999999771,1,2025,9
SL,-1.0,-1.0253164556962022,790.0000000000091,-1,2025,9
SL,-1.0,-1.0330578512396684,605.0000000000182,1,2025,10
SL,-1.0,-1.0468713381767019,426.700000000028,-1,2025,13
TP,2.0,1.9637023593466438,551.0000000000218,1,2025,0
fuera,-0.2898062342038826,-0.30665543386689875,1186.999999999989,1,2025,2
SL,-1.0,-1.147058823529398,136.00000000001273,-1,2025,0
TP,2.0,1.9791449426485925,959.0000000000146,-1,2025,1
TP,2.0,1.9791449426485925,959.0000000000146,-1,2025,1
TP,2.0,1.917931883463271,243.6999999999898,1,2025,2
SL,-1.0,-1.0272851296043641,733.0000000000382,-1,2025,2
SL,-1.0,-1.0334448160535117,598.0000000000018,1,2025,3
SL,-1.0,-1.0414937759336125,481.9999999999709,-1,2025,5
SL,-1.0,-1.0257069408740354,778.00000000002,1,2025,9
SL,-1.0,-1.0383877159309018,521.0000000000036,1,2025,10
SL,-1.0,-1.0314465408805025,636.0000000000127,1,2025,11
SL,-1.0,-1.0328947368421058,607.9999999999927,1,2025,14
SL,-1.0,-1.0220022002200229,908.9999999999691,-1,2025,15
SL,-1.0,-1.0220022002200229,908.9999999999691,-1,2025,15
SL,-1.0,-1.0228050171037628,876.9999999999982,-1,2025,16
TP,2.0,1.948717948717944,389.9999999999636,1,2025,18
SL,-1.0,-1.052631578947366,380.0000000000182,-1,2025,0
TP,2.0,1.9682892024734435,630.7000000000244,1,2025,8
TP,2.0,1.931740614334467,292.99999999998363,1,2025,9
SL,-1.0,-1.0687285223367733,290.99999999998545,-1,2025,14
TP,2.0,1.9526403031020596,422.29999999999563,1,2025,15
SL,-1.0,-1.226500566251464,88.29999999998108,-1,2025,16
TP,2.0,1.9115044247787696,226.00000000002183,1,2025,17
SL,-1.0,-1.1459854014598172,137.00000000003456,-1,2025,18
SL,-1.0,-1.0544959128065385,367.0000000000073,1,2025,19
SL,-1.0,-1.0544959128065385,367.0000000000073,1,2025,19
TP,2.0,1.7719498289623594,87.69999999999527,-1,2025,20
SL,-1.0,-1.2380952380953258,83.99999999996908,-1,2025,0
TP,2.0,1.9159663865546257,238.0000000000109,-1,2025,1
TP,2.0,1.8857142857142857,175.0,1,2025,7
TP,2.0,1.96116504854369,515.0000000000091,-1,2025,10
SL,-1.0,-1.0312499999999996,640.0000000000091,1,2025,13
SL,-1.0,-1.0357142857142863,559.9999999999909,-1,2025,15
TP,2.0,1.9615606380934074,520.2999999999975,1,2025,6
TP,2.0,1.9615606380934074,520.2999999999975,1,2025,6
SL,-1.0,-1.2,100.0,-1,2025,6
TP,2.0,1.9531286618232981,426.700000000028,1,2025,7
TP,2.0,1.974326059050064,778.9999999999964,1,2025,8
TP,2.0,1.974326059050064,778.9999999999964,1,2025,8
TP,2.0,1.9704273251515596,676.299999999992,1,2025,14
SL,-1.0,-1.0544959128065385,367.0000000000073,-1,2025,0
TP,2.0,1.974226804123712,776.0000000000218,1,2025,11
SL,-1.0,-1.0200060018005395,999.7000000000298,1,2025,23
SL,-1.0,-1.0188625860605487,1060.3000000000065,-1,2025,23
SL,-1.0,-1.0823045267489613,243.0000000000291,1,2025,0
SL,-1.0,-1.0201207243460764,994.0000000000055,-1,2025,1
SL,-1.0,-1.0201207243460764,994.0000000000055,-1,2025,1
TP,2.0,1.9361022364217275,313.0000000000109,1,2025,5
SL,-1.0,-1.05347593582888,373.9999999999782,-1,2025,8
TP,2.0,1.9401734968591058,334.2999999999847,1,2025,11
SL,-1.0,-1.0647878198898515,308.7000000000444,-1,2025,11
TP,2.0,1.9799599198396793,998.0000000000018,1,2025,12
SL,-1.0,-1.010207727249528,1959.2999999999847,1,2025,14
SL,-1.0,-1.0181488203266789,1101.9999999999982,-1,2025,16
SL,-1.0,-1.4878048780489537,40.99999999998545,-1,2025,0
SL,-1.0,-1.0263852242744065,757.9999999999927,1,2025,1
TP,2.0,1.9806576402321086,1034.0000000000146,1,2025,13
SL,-1.0,-1.0687285223367733,290.99999999998545,-1,2025,0
TP,2.0,1.9716713881019827,705.9999999999945,1,2025,2
SL,-1.0,-1.0111049416990558,1801.0000000000218,-1,2025,14
TP,2.0,1.9878861296184132,1651.0000000000218,1,2025,15
TP,2.0,1.9878861296184132,1651.0000000000218,1,2025,15
SL,-1.0,-1.0100842030958503,1983.3000000000084,1,2025,14
TP,2.0,1.9690880989180826,646.99999999998,-1,2025,15
fuera,0.01673095467694063,0.007087753134028494,2074.0000000000236,-1,2025,16
TP,2.0,1.9658119658119653,584.9999999999909,1,2025,1
SL,-1.0,-1.0429184549356236,465.99999999998545,-1,2025,1
TP,2.0,1.9236641221374147,262.00000000003456,1,2025,2
TP,2.0,1.9786256278721812,935.6999999999971,1,2025,6
TP,2.0,1.9786256278721812,935.6999999999971,1,2025,6
TP,2.0,1.9665551839464859,597.9999999999563,1,2025,0
TP,2.0,1.9917413387289922,2421.70000000001,-1,2025,2
SL,-1.0,-1.0675675675675667,296.00000000000364,1,2025,12
SL,-1.0,-1.0137268359643106,1456.999999999971,1,2025,13
SL,-1.0,-1.0204498977505108,978.00000000002,1,2025,1
SL,-1.0,-1.0373831775700941,534.9999999999909,-1,2025,4
SL,-1.0,-1.058021467943137,344.70000000001164,1,2025,10
TP,2.0,1.9690210656753413,645.6000000000131,-1,2025,11
TP,2.0,1.9904030710172744,2084.0000000000146,1,2025,13
TP,2.0,1.9904030710172744,2084.0000000000146,1,2025,13
TP,2.0,1.9904030710172744,2084.0000000000146,1,2025,13
SL,-1.0,-1.0220823672297676,905.6999999999789,1,2025,3
TP,2.0,1.9577167019027486,473.0000000000018,-1,2025,5
SL,-1.0,-1.0215053763440867,929.9999999999727,-1,2025,13
SL,-1.0,-1.0203665987780046,981.9999999999709,1,2025,18
SL,-1.0,-1.0496277915632786,402.99999999997453,-1,2025,1
SL,-1.0,-1.0442477876106198,451.9999999999982,1,2025,6
TP,2.0,1.9843260188087772,1275.9999999999764,-1,2025,13
SL,-1.0,-1.022197558268591,900.9999999999764,1,2025,15
fuera,0.9942842690945733,0.9841679312088879,1976.9999999999982,-1,2025,15
TP,2.0,1.97496871088861,798.9999999999782,-1,2025,16
SL,-1.0,-1.0378071833648397,528.9999999999964,-1,2025,19
fuera,-0.36716806822217596,-0.3908563306881235,844.3000000000211,1,2025,20
SL,-1.0,-1.0139567341242146,1433.0000000000382,-1,2025,23
TP,2.0,1.9521531100478502,418.0000000000291,1,2025,0
TP,2.0,1.984802431610942,1315.9999999999854,1,2025,1
SL,-1.0,-1.0351493848857642,569.0000000000055,1,2025,3
SL,-1.0,-1.0340309681810451,587.6999999999953,-1,2025,4
TP,2.0,1.9459459459459434,369.9999999999818,1,2025,1
TP,2.0,1.974093264248704,771.99999999998,1,2025,2
TP,2.0,1.9674796747967485,615.0000000000091,1,2025,3
SL,-1.0,-1.1041666666666627,192.00000000000728,-1,2025,3
SL,-1.0,-1.056980056980061,350.99999999997635,1,2025,4
SL,-1.0,-1.0231481481481486,863.9999999999873,1,2025,16
SL,-1.0,-1.079776625448756,250.6999999999607,-1,2025,17
SL,-1.0,-1.0392927308447926,509.00000000001455,-1,2025,0
SL,-1.0,-1.018726591760299,1068.000000000029,1,2025,1
SL,-1.0,-1.018726591760299,1068.000000000029,1,2025,1
SL,-1.0,-1.0191387559808607,1045.0000000000273,-1,2025,2
SL,-1.0,-1.129032258064501,155.0000000000182,-1,2025,8
SL,-1.0,-1.0276243093922661,723.9999999999782,1,2025,9
SL,-1.0,-1.0358422939068106,557.9999999999927,1,2025,0
SL,-1.0,-1.0358422939068106,557.9999999999927,1,2025,0
SL,-1.0,-1.0366770584999085,545.2999999999975,-1,2025,1
SL,-1.0,-1.0366770584999085,545.2999999999975,-1,2025,1
SL,-1.0,-1.0529100529100566,377.99999999997453,1,2025,6
TP,2.0,1.96116504854369,515.0000000000091,-1,2025,12
fuera,-0.30152598950883375,-0.3110634239389719,2097.0000000000255,-1,2025,1
fuera,-0.30152598950883375,-0.3110634239389719,2097.0000000000255,-1,2025,1
SL,-1.0,-1.0156531267120608,1277.7000000000044,1,2025,2
TP,2.0,1.9691358024691359,648.0000000000018,1,2025,8
SL,-1.0,-1.0247524752475237,808.0000000000382,-1,2025,8
SL,-1.0,-1.0315457413249205,634.0000000000146,1,2025,9
TP,2.0,1.9417419166909407,343.2999999999993,-1,2025,23
SL,-1.0,-1.0259976602105803,769.3000000000211,-1,2025,0
SL,-1.0,-1.0259976602105803,769.3000000000211,-1,2025,0
TP,2.0,1.970104633781764,669.0000000000055,1,2025,1
SL,-1.0,-1.0126502213788737,1581.00000000004,1,2025,2
SL,-1.0,-1.0126502213788737,1581.00000000004,1,2025,2
SL,-1.0,-1.0126502213788737,1581.00000000004,1,2025,2
SL,-1.0,-1.0358422939068106,557.9999999999927,-1,2025,5
TP,2.0,1.919354838709678,248.00000000000182,-1,2025,8
SL,-1.0,-1.0198216055500502,1008.9999999999691,1,2025,11
SL,-1.0,-1.043196544276461,462.99999999996544,-1,2025,12
SL,-1.0,-1.0244498777506117,817.9999999999836,1,2025,13
TP,2.0,1.9885321100917432,1744.0000000000055,-1,2025,14
TP,2.0,1.9322033898305147,295.0000000000273,-1,2025,0
SL,-1.0,-1.0449438202247163,445.0000000000273,1,2025,1
TP,2.0,1.9800399201596806,1001.9999999999982,-1,2025,3
TP,2.0,1.9800399201596806,1001.9999999999982,-1,2025,3
SL,-1.0,-1.0231213872832368,865.0000000000091,-1,2025,7
SL,-1.0,-1.0165425971877582,1209.0000000000146,1,2025,8
SL,-1.0,-1.0165425971877582,1209.0000000000146,1,2025,8
TP,2.0,1.9563318777292613,458.0000000000382,1,2025,12
fuera,1.1631524369167052,1.1562391980643028,2892.9999999999836,-1,2025,15
fuera,1.1631524369167052,1.1562391980643028,2892.9999999999836,-1,2025,15
fuera,1.1631524369167052,1.1562391980643028,2892.9999999999836,-1,2025,15
fuera,1.1631524369167052,1.1562391980643028,2892.9999999999836,-1,2025,15
TP,2.0,1.9606299212598455,508.0000000000382,1,2025,23
TP,2.0,1.9606299212598455,508.0000000000382,1,2025,23
SL,-1.0,-1.0408997955010235,488.99999999998727,1,2025,0
SL,-1.0,-1.0766283524904177,261.00000000001273,-1,2025,0
SL,-1.0,-1.0760456273764227,263.0000000000109,1,2025,1
TP,2.0,1.9838056680161942,1234.999999999991,-1,2025,1
SL,-1.0,-1.0515463917525758,388.0000000000109,-1,2025,4
SL,-1.0,-1.143884892086297,139.00000000003274,1,2025,0
TP,2.0,1.9652173913043478,575.0,-1,2025,1
TP,2.0,1.9141630901287527,232.99999999999272,1,2025,5
SL,-1.0,-1.0498753117207011,400.99999999997635,1,2025,7
SL,-1.0,-1.0184672206832872,1082.9999999999927,-1,2025,8
SL,-1.0,-1.0184672206832872,1082.9999999999927,-1,2025,8
TP,2.0,1.9812558575445174,1067.0000000000073,-1,2025,3
TP,2.0,1.9871241872143182,1553.3000000000357,1,2025,23
SL,-1.0,-1.0357398141529663,559.6000000000004,-1,2025,0
SL,-1.0,-1.0289981151225174,689.6999999999935,1,2025,1
TP,2.0,1.9001497753370022,200.30000000001564,-1,2025,12
TP,2.0,1.9659458539077135,587.3000000000047,1,2025,14
TP,2.0,1.9860403434075524,1432.7000000000226,1,2025,15
SL,-1.0,-1.0787401574803162,253.99999999999636,-1,2025,15
SL,-1.0,-1.0371057513914665,538.9999999999873,1,2025,16
SL,-1.0,-1.0371057513914665,538.9999999999873,1,2025,16
TP,2.0,1.919354838709678,248.00000000000182,-1,2025,18
SL,-1.0,-1.020491803278688,976.0000000000218,-1,2025,19
SL,-1.0,-1.1117318435754213,178.99999999999636,1,2025,0
TP,2.0,1.968929625601988,643.6999999999898,1,2025,1
SL,-1.0,-1.0422832980972514,473.0000000000018,-1,2025,1
TP,2.0,1.9846743295019154,1304.9999999999727,1,2025,7
SL,-1.0,-1.0597550044816297,334.69999999997526,-1,2025,9
SL,-1.0,-1.0278823365398029,717.2999999999774,1,2025,11
SL,-1.0,-1.043103448275859,464.00000000003274,-1,2025,6
SL,-1.0,-1.0624999999999947,320.0000000000273,1,2025,8
TP,2.0,1.9641577060931894,557.9999999999927,1,2025,13
TP,2.0,1.9674955306354638,615.3000000000247,-1,2025,16
SL,-1.0,-1.018198362147407,1098.9999999999782,-1,2025,9
SL,-1.0,-1.018198362147407,1098.9999999999782,-1,2025,9
TP,2.0,1.9724137931034482,725.0,1,2025,10
TP,2.0,1.9724137931034482,725.0,1,2025,10
SL,-1.0,-1.0085951265632385,2326.9000000000233,1,2025,14
SL,-1.0,-1.0961538461538496,207.99999999999272,-1,2025,14
fuera,0.4355281207133018,0.4218106995884732,1457.9999999999927,-1,2025,15
fuera,0.4355281207133018,0.4218106995884732,1457.9999999999927,-1,2025,15
TP,2.0,1.9668654738237246,603.6000000000058,-1,2025,0
SL,-1.0,-1.092336103416448,216.59999999997126,1,2025,1
SL,-1.0,-1.0280504908835901,713.0000000000109,-1,2025,6
SL,-1.0,-1.0237135404315871,843.3999999999742,1,2025,10
SL,-1.0,-1.019855058076045,1007.2999999999865,-1,2025,16
SL,-1.0,-1.019855058076045,1007.2999999999865,-1,2025,16
SL,-1.0,-1.019855058076045,1007.2999999999865,-1,2025,16
TP,2.0,1.9628942486085335,538.9999999999873,1,2025,17
TP,2.0,1.9783080260303683,921.99999999998,1,2025,1
TP,2.0,1.9783080260303683,921.99999999998,1,2025,1
TP,2.0,1.9783080260303683,921.99999999998,1,2025,1
SL,-1.0,-1.0613496932515383,325.99999999997635,-1,2025,4
TP,2.0,1.979246653522881,963.7000000000171,1,2025,7
SL,-1.0,-1.0430755976739217,464.29999999995744,-1,2025,12
SL,-1.0,-1.0430755976739217,464.29999999995744,-1,2025,12
SL,-1.0,-1.0660066006600715,302.99999999997453,1,2025,17
SL,-1.0,-1.2105263157894133,95.00000000002728,1,2025,18
SL,-1.0,-1.1020408163265287,196.00000000000364,-1,2025,1
SL,-1.0,-1.03968253968254,503.99999999999636,-1,2025,2
SL,-1.0,-1.0360360360360348,555.0000000000182,1,2025,6
SL,-1.0,-1.0242130750605334,825.9999999999764,1,2025,7
SL,-1.0,-1.0242130750605334,825.9999999999764,1,2025,7
SL,-1.0,-1.0242130750605334,825.9999999999764,1,2025,7
SL,-1.0,-1.0189447759780237,1055.7000000000244,-1,2025,8
TP,2.0,1.9710144927536235,690.0000000000091,1,2025,14
TP,2.0,1.9762752075919332,842.9999999999836,1,2025,15
SL,-1.0,-1.0550964187327876,362.99999999996544,-1,2025,0
SL,-1.0,-1.0295420974889218,676.9999999999982,1,2025,1
SL,-1.0,-1.0869565217391408,229.99999999997272,-1,2025,0
SL,-1.0,-1.0232639292776544,859.7000000000207,1,2025,2
SL,-1.0,-1.1183431952662684,169.00000000000546,-1,2025,21
SL,-1.0,-1.1117318435754213,178.99999999999636,1,2025,22
SL,-1.0,-1.0925925925925988,215.99999999998545,1,2025,0
SL,-1.0,-1.0517196793379917,386.69999999997344,-1,2025,1
SL,-1.0,-1.0366300366300365,546.0000000000036,-1,2025,3
TP,2.0,1.948320413436691,386.9999999999891,1,2025,4
SL,-1.0,-1.0247831474597282,806.9999999999709,1,2025,8
SL,-1.0,-1.0185528756957334,1077.9999999999745,-1,2025,11
TP,2.0,1.9681020733652312,626.9999999999982,1,2025,0
TP,2.0,1.9681020733652312,626.9999999999982,1,2025,0
SL,-1.0,-1.072806698216228,274.70000000002983,-1,2025,2
SL,-1.0,-1.0249687890137336,800.9999999999764,1,2025,4
SL,-1.0,-1.0298195914715953,670.7000000000335,-1,2025,0
SL,-1.0,-1.0272479564032693,734.0000000000146,-1,2025,9
SL,-1.0,-1.026631158455392,751.0000000000218,1,2025,11
TP,2.0,1.9769585253456217,867.9999999999836,-1,2025,0
SL,-1.0,-1.030487804878049,655.9999999999945,1,2025,4
SL,-1.0,-1.030487804878049,655.9999999999945,1,2025,4
fuera,-0.5675256541392972,-0.574124789652545,3030.7000000000244,-1,2025,12
fuera,-0.5675256541392972,-0.574124789652545,3030.7000000000244,-1,2025,12
fuera,0.49996911101500574,0.48761351701982436,1618.6999999999898,1,2025,13
SL,-1.0,-1.0385133834007336,519.2999999999756,1,2025,21
TP,2.0,1.6533795493935497,57.700000000022555,-1,2025,21
SL,-1.0,-1.0282087447108599,709.0000000000146,-1,2025,23
SL,-1.0,-1.041580041580042,480.99999999999454,-1,2025,0
SL,-1.0,-1.041580041580042,480.99999999999454,-1,2025,0
SL,-1.0,-1.024509803921569,815.9999999999854,-1,2025,1
TP,2.0,1.9309630652399017,289.69999999999345,1,2025,3
SL,-1.0,-1.0258732212160413,773.0000000000018,1,2025,5
SL,-1.0,-1.030487804878049,655.9999999999945,-1,2025,6
SL,-1.0,-1.0287645620595427,695.2999999999975,1,2025,7
SL,-1.0,-1.0287645620595427,695.2999999999975,1,2025,7
SL,-1.0,-1.0493827160493805,405.0000000000182,1,2025,4
SL,-1.0,-1.0286532951289398,698.0000000000018,-1,2025,6
SL,-1.0,-1.045977011494254,434.9999999999909,1,2025,8
SL,-1.0,-1.0339558573853997,588.9999999999873,-1,2025,10
SL,-1.0,-1.0339558573853997,588.9999999999873,-1,2025,10
SL,-1.0,-1.0339558573853997,588.9999999999873,-1,2025,10
SL,-1.0,-1.0271370420624155,736.9999999999891,1,2025,12
SL,-1.0,-1.0271370420624155,736.9999999999891,1,2025,12
SL,-1.0,-1.018115942028985,1104.0000000000418,-1,2025,13
SL,-1.0,-1.0238464289972584,838.6999999999716,1,2025,0
TP,2.0,1.9319727891156475,294.00000000000546,-1,2025,1
TP,2.0,1.9319727891156475,294.00000000000546,-1,2025,1
SL,-1.0,-1.084388185653996,237.00000000003456,-1,2025,3
SL,-1.0,-1.0479961603071763,416.69999999999163,1,2025,5
SL,-1.0,-1.036166365280291,552.9999999999745,1,2025,6
SL,-1.0,-1.0410930758167234,486.7000000000189,-1,2025,0
TP,2.0,1.9761819697511027,839.7000000000389,1,2025,1
SL,-1.0,-1.1612903225806734,123.99999999997817,-1,2025,1
SL,-1.0,-1.049627791563273,403.00000000002,1,2025,2
SL,-1.0,-1.049627791563273,403.00000000002,1,2025,2
SL,-1.0,-1.0436681222707431,457.9999999999927,-1,2025,3
SL,-1.0,-1.0321698568441366,621.7000000000098,-1,2025,4
TP,2.0,1.962665671084562,535.6999999999971,1,2025,8
SL,-1.0,-1.0173761946133801,1150.9999999999764,1,2025,9
SL,-1.0,-1.017152658662093,1165.9999999999854,-1,2025,12
fuera,0.8844555278470572,0.8678304239401574,1202.9999999999745,1,2025,0
SL,-1.0,-1.0450450450450446,444.00000000000546,1,2025,22
SL,-1.0,-1.0184331797235024,1084.999999999991,-1,2025,0
SL,-1.0,-1.0184331797235024,1084.999999999991,-1,2025,0
TP,2.0,1.988962472406181,1811.999999999989,1,2025,1
TP,2.0,1.988962472406181,1811.999999999989,1,2025,1
TP,2.0,1.9843260188087772,1275.9999999999764,1,2025,2
SL,-1.0,-1.0223040035686404,896.7000000000098,1,2025,1
SL,-1.0,-1.0195560770509438,1022.6999999999862,-1,2025,7
SL,-1.0,-1.0169204737732653,1182.0000000000164,1,2025,1
TP,2.0,1.9702955591860971,673.299999999972,-1,2025,3
SL,-1.0,-1.0118998036532398,1680.699999999979,1,2025,23
SL,-1.0,-1.0186271770513184,1073.6999999999625,1,2025,0
TP,2.0,1.9804687500000004,1024.0000000000236,-1,2025,2
SL,-1.0,-1.0261096605744116,766.0000000000309,1,2025,5
TP,2.0,1.9681020733652312,626.9999999999982,-1,2025,6
SL,-1.0,-1.0072385088671734,2763.000000000011,-1,2025,10
SL,-1.0,-1.0072385088671734,2763.000000000011,-1,2025,10
SL,-1.0,-1.0072385088671734,2763.000000000011,-1,2025,10
SL,-1.0,-1.0254129606099114,786.9999999999891,1,2025,11
SL,-1.0,-1.0254129606099114,786.9999999999891,1,2025,11
SL,-1.0,-1.0108283703302654,1846.99999999998,-1,2025,12
SL,-1.0,-1.0108283703302654,1846.99999999998,-1,2025,12
SL,-1.0,-1.0108283703302654,1846.99999999998,-1,2025,12
SL,-1.0,-1.0063451776649746,3151.999999999998,1,2025,13
SL,-1.0,-1.0063451776649746,3151.999999999998,1,2025,13
SL,-1.0,-1.0048364084830606,4135.300000000007,1,2025,14
SL,-1.0,-1.0048364084830606,4135.300000000007,1,2025,14
SL,-1.0,-1.0048364084830606,4135.300000000007,1,2025,14
SL,-1.0,-1.012338062924121,1621.0000000000036,-1,2025,2
SL,-1.0,-1.012338062924121,1621.0000000000036,-1,2025,2
SL,-1.0,-1.012338062924121,1621.0000000000036,-1,2025,2
SL,-1.0,-1.0176056338028174,1135.9999999999673,1,2025,3
SL,-1.0,-1.019894558838158,1005.2999999999884,1,2025,5
SL,-1.0,-1.019894558838158,1005.2999999999884,1,2025,5
SL,-1.0,-1.0199461454074,1002.7000000000044,-1,2025,8
TP,2.0,1.9716312056737595,705.0000000000182,1,2025,9
TP,2.0,1.9924061206667425,2633.699999999999,-1,2025,11
fuera,0.8022088847345853,0.7972893196241411,4065.3999999999996,-1,2025,12
fuera,-0.010312778508676191,-0.018800662054913903,2356.30000000001,-1,2025,14
SL,-1.0,-1.00862812769629,2317.9999999999836,-1,2025,22
TP,2.0,1.976027807743019,834.3000000000302,1,2025,0
SL,-1.0,-1.0030162727917113,6630.700000000024,1,2025,1
SL,-1.0,-1.0030162727917113,6630.700000000024,1,2025,1
TP,2.0,1.9884559884559883,1732.4999999999818,-1,2025,1
TP,2.0,1.9932363882313155,2956.999999999971,-1,2025,2
SL,-1.0,-1.010739408258605,1862.3000000000047,-1,2025,13
SL,-1.0,-1.0115353558657287,1733.7999999999738,-1,2025,16
TP,2.0,1.9224806201550366,257.9999999999927,-1,2025,6
SL,-1.0,-1.0230149597238203,869.0000000000055,1,2025,11
SL,-1.0,-1.019193857965451,1042.0000000000073,1,2025,17
SL,-1.0,-1.0351493848857642,569.0000000000055,1,2025,0
SL,-1.0,-1.0372439478584738,536.9999999999891,-1,2025,5
TP,2.0,1.9917149958574978,2413.9999999999873,1,2025,6
TP,2.0,1.9917149958574978,2413.9999999999873,1,2025,6
TP,2.0,1.9917149958574978,2413.9999999999873,1,2025,6
TP,2.0,1.9934980494148244,3076.000000000022,1,2025,11
TP,2.0,1.9934980494148244,3076.000000000022,1,2025,11
SL,-1.0,-1.0077821011673151,2569.999999999982,-1,2025,12
SL,-1.0,-1.0077821011673151,2569.999999999982,-1,2025,12
TP,2.0,1.9528301886792478,424.00000000002365,-1,2025,0
TP,2.0,1.9921537857983524,2549.0000000000236,1,2025,2
SL,-1.0,-1.0100806451612903,1984.0000000000146,-1,2025,13
TP,2.0,1.9947103940756414,3780.9999999999945,1,2025,14
fuera,1.5336888027144793,1.5239941832282942,2063.000000000011,1,2025,0
SL,-1.0,-1.0083056478405317,2407.9999999999927,1,2025,1
TP,2.0,1.985486211901306,1377.9999999999745,-1,2025,2
SL,-1.0,-1.0237247924080668,842.9999999999836,-1,2025,4
SL,-1.0,-1.0220994475138128,904.9999999999727,1,2025,10
SL,-1.0,-1.0095556617295747,2093.000000000029,-1,2025,12
SL,-1.0,-1.0408163265306114,490.0000000000091,1,2025,4
SL,-1.0,-1.0264900662251666,754.9999999999727,-1,2025,5
TP,2.0,1.9855282199710567,1382.0000000000164,1,2025,23
TP,2.0,1.9855282199710567,1382.0000000000164,1,2025,23
TP,2.0,1.98426435877262,1271.0000000000036,1,2025,0
TP,2.0,1.9905838041431263,2124.0000000000236,1,2025,0
TP,2.0,1.9905838041431263,2124.0000000000236,1,2025,0
TP,2.0,1.9905838041431263,2124.0000000000236,1,2025,0
SL,-1.0,-1.006327111673521,3161.0000000000127,1,2025,1
TP,2.0,1.9930434782608695,2875.0,-1,2025,8
SL,-1.0,-1.0089847259658582,2225.9999999999764,-1,2025,22
SL,-1.0,-1.0089847259658582,2225.9999999999764,-1,2025,22
TP,2.0,1.9807135969141754,1036.999999999989,1,2025,23
SL,-1.0,-1.0059400059400059,3367.0000000000073,1,2025,0
SL,-1.0,-1.0059400059400059,3367.0000000000073,1,2025,0
SL,-1.0,-1.0059400059400059,3367.0000000000073,1,2025,0
SL,-1.0,-1.0059400059400059,3367.0000000000073,1,2025,0
TP,2.0,1.9922390376406673,2576.999999999998,-1,2025,2
TP,2.0,1.9922390376406673,2576.999999999998,-1,2025,2
TP,2.0,1.9880239520958083,1669.9999999999818,-1,2025,3
TP,2.0,1.9880239520958083,1669.9999999999818,-1,2025,3
SL,-1.0,-1.0065941312232114,3032.9999999999927,-1,2025,5
SL,-1.0,-1.008022462896109,2493.000000000029,-1,2025,6
SL,-1.0,-1.0111544896820972,1792.9999999999836,1,2025,7
SL,-1.0,-1.0148809523809523,1344.0000000000055,1,2025,10
SL,-1.0,-1.005497526113249,3637.9999999999654,-1,2025,13
TP,2.0,1.9927457381211462,2756.999999999971,1,2025,14
SL,-1.0,-1.01085776330076,1842.0000000000073,1,2025,0
SL,-1.0,-1.0073746312684366,2711.999999999989,1,2025,1
SL,-1.0,-1.0073746312684366,2711.999999999989,1,2025,1
SL,-1.0,-1.0073746312684366,2711.999999999989,1,2025,1
SL,-1.0,-1.0092123445416858,2171.0000000000036,-1,2025,2
SL,-1.0,-1.0092123445416858,2171.0000000000036,-1,2025,2
SL,-1.0,-1.0092123445416858,2171.0000000000036,-1,2025,2
SL,-1.0,-1.0129701686121924,1541.9999999999618,-1,2025,3
SL,-1.0,-1.0724637681159481,275.99999999997635,1,2025,13
SL,-1.0,-1.0196463654223964,1018.0000000000291,1,2025,0
SL,-1.0,-1.0196463654223964,1018.0000000000291,1,2025,0
TP,2.0,1.9883855981416956,1721.99999999998,-1,2025,1
TP,2.0,1.9883855981416956,1721.99999999998,-1,2025,1
fuera,0.1586679725758947,0.1521384263793554,3063.000000000011,-1,2025,3
fuera,-0.7460701330108829,-0.7521160822249094,3308.000000000038,-1,2025,5
fuera,-0.7460701330108829,-0.7521160822249094,3308.000000000038,-1,2025,5
SL,-1.0,-1.045977011494254,434.9999999999909,1,2025,7
SL,-1.0,-1.0076804915514592,2603.9999999999964,-1,2025,22
TP,2.0,1.986962190352021,1534.0000000000146,-1,2025,23
SL,-1.0,-1.0159744408945688,1251.9999999999982,1,2025,0
SL,-1.0,-1.0159744408945688,1251.9999999999982,1,2025,0
SL,-1.0,-1.0058702670971529,3406.999999999971,-1,2025,1
SL,-1.0,-1.0058702670971529,3406.999999999971,-1,2025,1
SL,-1.0,-1.0058702670971529,3406.999999999971,-1,2025,1
SL,-1.0,-1.0192492781520694,1038.9999999999873,1,2025,4
SL,-1.0,-1.0163666121112933,1221.99999999998,1,2025,16
SL,-1.0,-1.042372881355934,471.99999999998,-1,2025,17
SL,-1.0,-1.0220022002200218,909.0000000000146,-1,2025,0
TP,2.0,1.9614643545279387,519.0000000000055,1,2025,5
SL,-1.0,-1.0134228187919463,1490.000000000009,-1,2025,13
SL,-1.0,-1.1081081081081134,184.9999999999909,1,2025,2
SL,-1.0,-1.0302571860816958,660.9999999999673,-1,2025,3
SL,-1.0,-1.0086244070720138,2319.0000000000055,-1,2025,8
SL,-1.0,-1.0086244070720138,2319.0000000000055,-1,2025,8
SL,-1.0,-1.0063613231552162,3144.0000000000055,1,2025,12
SL,-1.0,-1.0063613231552162,3144.0000000000055,1,2025,12
SL,-1.0,-1.0157604412923562,1269.0000000000055,1,2025,13
fuera,0.17891586298637052,0.17226471566345725,3006.999999999971,-1,2025,0
fuera,0.17891586298637052,0.17226471566345725,3006.999999999971,-1,2025,0
fuera,0.17891586298637052,0.17226471566345725,3006.999999999971,-1,2025,0
TP,2.0,1.9029126213592422,206.00000000004002,-1,2025,9
TP,2.0,1.9694189602446481,653.9999999999964,-1,2025,11
TP,2.0,1.9890290729566649,1823.0000000000018,1,2025,1
SL,-1.0,-1.0317460317460332,629.9999999999727,-1,2025,1
SL,-1.0,-1.0317460317460332,629.9999999999727,-1,2025,1
SL,-1.0,-1.0193610842207157,1033.0000000000382,1,2025,2
SL,-1.0,-1.0193610842207157,1033.0000000000382,1,2025,2
TP,2.0,1.9898115129903209,1963.000000000011,1,2025,8
TP,2.0,1.992404101785036,2632.9999999999927,1,2025,9
SL,-1.0,-1.0123915737298639,1613.9999999999873,-1,2025,14
SL,-1.0,-1.0332778702163075,600.9999999999764,1,2025,19
TP,2.0,1.976096569857774,836.6999999999734,1,2025,0
fuera,0.589635007057883,0.5856019358741765,4958.999999999969,1,2025,1
SL,-1.0,-1.0067453625632377,2965.000000000009,1,2025,1
TP,2.0,1.982847341337907,1165.9999999999854,-1,2025,3
TP,2.0,1.9930795847750866,2890.000000000009,-1,2025,5
TP,2.0,1.9794450154162384,973.0000000000018,1,2025,6
SL,-1.0,-1.0062266500622665,3211.999999999989,-1,2025,6
SL,-1.0,-1.0126823081800889,1576.9999999999982,1,2025,7
SL,-1.0,-1.0099304865938432,2013.9999999999873,-1,2025,16
SL,-1.0,-1.014869888475836,1345.0000000000273,1,2025,0
SL,-1.0,-1.044642857142857,448.0000000000018,1,2025,1
SL,-1.0,-1.0063653723742838,3142.0000000000073,-1,2025,1
SL,-1.0,-1.0378787878787865,528.00000000002,-1,2025,11
SL,-1.0,-1.022421524663678,891.9999999999618,1,2025,15
TP,2.0,1.9901864573110895,2038.000000000011,-1,2025,22
TP,2.0,1.9901864573110895,2038.000000000011,-1,2025,22
SL,-1.0,-1.0091617040769583,2182.9999999999927,1,2025,23
SL,-1.0,-1.0282885431400277,707.0000000000164,1,2025,0
TP,2.0,1.9814471243042675,1078.00000000002,-1,2025,0
SL,-1.0,-1.0153022188217289,1307.0000000000164,1,2025,1
SL,-1.0,-1.0194741966893865,1026.9999999999982,-1,2025,1
fuera,-0.2859741677278549,-0.28961251591777665,5497.0000000000255,-1,2025,7
SL,-1.0,-1.005307855626327,3767.9999999999836,-1,2025,12
SL,-1.0,-1.005307855626327,3767.9999999999836,-1,2025,12
SL,-1.0,-1.0093457943925233,2140.000000000009,-1,2025,2
TP,2.0,1.985974754558205,1426.0000000000218,1,2025,10
TP,2.0,1.9867021276595749,1504.0000000000418,1,2025,15
TP,2.0,1.9867021276595749,1504.0000000000418,1,2025,15
SL,-1.0,-1.0269179004037674,743.0000000000291,1,2025,1
SL,-1.0,-1.0165562913907287,1207.9999999999927,-1,2025,2
TP,2.0,1.9627560521415262,536.9999999999891,1,2025,3
TP,2.0,1.9806389157792843,1033.0000000000382,-1,2025,7
SL,-1.0,-1.0122549019607843,1632.0000000000164,-1,2025,11
fuera,1.148767605633829,1.1399647887324205,2271.99999999998,1,2025,12
SL,-1.0,-1.005991611743559,3338.000000000011,1,2025,22
SL,-1.0,-1.005991611743559,3338.000000000011,1,2025,22
SL,-1.0,-1.0185873605947953,1076.0000000000218,-1,2025,23
SL,-1.0,-1.0150602409638552,1328.00000000002,1,2025,0
SL,-1.0,-1.0150602409638552,1328.00000000002,1,2025,0
TP,2.0,1.9466666666666668,375.0,1,2025,1
SL,-1.0,-1.0070447340612891,2839.0000000000327,-1,2025,1
SL,-1.0,-1.0070447340612891,2839.0000000000327,-1,2025,1
SL,-1.0,-1.0110011001100112,1817.9999999999836,-1,2025,3
SL,-1.0,-1.9523809523828497,20.999999999958163,1,2025,2
TP,2.0,1.9717114568599723,707.0000000000164,1,2025,3
SL,-1.0,-1.0249376558603491,801.9999999999982,-1,2025,12
SL,-1.0,-1.0249376558603491,801.9999999999982,-1,2025,12
SL,-1.0,-1.0249376558603491,801.9999999999982,-1,2025,12
TP,2.0,1.9929577464788732,2840.000000000009,1,2025,13
TP,2.0,1.9929577464788732,2840.000000000009,1,2025,13
TP,2.0,1.9929577464788732,2840.000000000009,1,2025,13
TP,2.0,1.9929577464788732,2840.000000000009,1,2025,13
TP,2.0,1.9929577464788732,2840.000000000009,1,2025,13
SL,-1.0,-1.2597402597402658,76.99999999999818,-1,2025,0
SL,-1.0,-1.0232288037166095,860.9999999999673,1,2025,3
SL,-1.0,-1.084638171815495,236.2999999999829,-1,2025,0
SL,-1.0,-1.0112657015715654,1775.3000000000156,1,2025,1
SL,-1.0,-1.0111588461753056,1792.2999999999774,-1,2025,10
SL,-1.0,-1.0063613231552162,3144.0000000000055,1,2025,11
SL,-1.0,-1.0063613231552162,3144.0000000000055,1,2025,11
SL,-1.0,-1.0256640574874885,779.300000000012,-1,2025,0
SL,-1.0,-1.0217391304347831,919.9999999999818,1,2025,1
SL,-1.0,-1.1103143960286757,181.3000000000102,-1,2025,5
SL,-1.0,-1.0246822164630383,810.3000000000065,1,2025,6
fuera,0.42189025166573696,0.41340236811949926,2356.30000000001,1,2025,11
SL,-1.0,-1.0081158949803188,2464.300000000003,-1,2025,13
SL,-1.0,-1.0164785367059403,1213.700000000017,-1,2025,22
SL,-1.0,-1.0191387559808607,1045.0000000000273,1,2025,0
SL,-1.0,-1.04569339730409,437.69999999999527,-1,2025,0
SL,-1.0,-1.0412967169110068,484.2999999999847,1,2025,2
TP,2.0,1.977142857142857,875.0,-1,2025,2
SL,-1.0,-1.0194174757281549,1030.0000000000182,-1,2025,6
TP,2.0,1.9591836734693886,490.0000000000091,1,2025,9
TP,2.0,1.9587883783226876,485.30000000000655,-1,2025,0
SL,-1.0,-1.0176164890337362,1135.299999999961,-1,2025,1
SL,-1.0,-1.0251256281407035,796.0000000000036,1,2025,2
TP,2.0,1.9783009656070307,921.7000000000098,-1,2025,5
TP,2.0,1.9783009656070307,921.7000000000098,-1,2025,5
SL,-1.0,-1.0128874283136802,1551.8999999999778,1,2025,14
SL,-1.0,-1.0128874283136802,1551.8999999999778,1,2025,14
SL,-1.0,-1.0888888888888888,225.0,-1,2025,8
SL,-1.0,-1.0488997555012207,409.00000000001455,1,2025,9
SL,-1.0,-1.0187969924812024,1064.0000000000327,1,2025,20
SL,-1.0,-1.0187969924812024,1064.0000000000327,1,2025,20
TP,2.0,1.980806142034549,1042.0000000000073,-1,2025,20
SL,-1.0,-1.007181328545781,2785.0000000000364,-1,2025,23
SL,-1.0,-1.007181328545781,2785.0000000000364,-1,2025,23
TP,2.0,1.9889807162534436,1815.000000000009,1,2025,1
TP,2.0,1.9863574351978175,1466.000000000031,1,2025,7
SL,-1.0,-1.1980198019802444,100.99999999997635,-1,2025,7
SL,-1.0,-1.0263852242744065,757.9999999999927,-1,2025,8
TP,2.0,1.9865319865319864,1484.999999999991,1,2025,10
TP,2.0,1.97716894977169,876.0000000000218,-1,2025,16
TP,2.0,1.97716894977169,876.0000000000218,-1,2025,16
SL,-1.0,-1.0321543408360139,621.99999999998,1,2025,17
SL,-1.0,-1.0093140222605133,2147.2999999999956,1,2025,12
fuera,-0.4112055080061895,-0.41752202886649964,3166.300000000001,-1,2025,13
SL,-1.0,-1.0471698113207522,424.00000000002365,-1,2025,4
TP,2.0,1.979865096144166,993.2999999999993,1,2025,5
TP,2.0,1.979865096144166,993.2999999999993,1,2025,5
SL,-1.0,-1.0952380952380993,209.9999999999909,-1,2025,5
TP,2.0,1.9903381642512077,2069.999999999982,1,2025,6
TP,2.0,1.9903381642512077,2069.999999999982,1,2025,6
TP,2.0,1.978691668442361,938.5999999999967,1,2025,7
SL,-1.0,-1.0497141436738735,402.3000000000138,-1,2025,9
SL,-1.0,-1.012870012870013,1553.9999999999964,1,2025,9
SL,-1.0,-1.012870012870013,1553.9999999999964,1,2025,9
SL,-1.0,-1.0169491525423726,1180.0000000000182,1,2025,10
TP,2.0,1.988235294117647,1700.0,-1,2025,12
TP,2.0,1.988235294117647,1700.0,-1,2025,12
TP,2.0,1.988235294117647,1700.0,-1,2025,12
TP,2.0,1.9636165181007843,549.7000000000298,1,2025,15
SL,-1.0,-1.0200060018005406,999.6999999999844,1,2025,12
TP,2.0,1.9887596245714605,1779.2999999999665,-1,2025,13
SL,-1.0,-1.02020202020202,990.0000000000091,1,2025,14
fuera,0.8787132687470094,0.8680083498367701,1868.2999999999993,-1,2025,14
fuera,0.8787132687470094,0.8680083498367701,1868.2999999999993,-1,2025,14
fuera,0.3866405897397606,0.3565518278923103,664.6999999999935,-1,2025,19
SL,-1.0,-1.0151515151515154,1319.9999999999818,-1,2025,0
SL,-1.0,-1.0151515151515154,1319.9999999999818,-1,2025,0
TP,2.0,1.9697428139183062,661.0000000000127,1,2025,3
TP,2.0,1.9697428139183062,661.0000000000127,1,2025,3
SL,-1.0,-1.0168067226890756,1190.000000000009,1,2025,6
SL,-1.0,-1.0340715502555347,587.0000000000346,-1,2025,8
SL,-1.0,-1.019588638589618,1021.0000000000036,1,2025,16
TP,2.0,1.9758162031438935,826.9999999999982,-1,2025,19
SL,-1.0,-1.0196136118466221,1019.6999999999662,-1,2025,0
SL,-1.0,-1.0144196106705121,1386.999999999989,-1,2025,1
SL,-1.0,-1.0144196106705121,1386.999999999989,-1,2025,1
TP,2.0,1.9731795628268753,745.7000000000335,1,2025,2
TP,2.0,1.9731795628268753,745.7000000000335,1,2025,2
TP,2.0,1.9800059982005402,1000.3000000000156,1,2025,6
SL,-1.0,-1.0228493088084094,875.2999999999702,-1,2025,11
SL,-1.0,-1.0228493088084094,875.2999999999702,-1,2025,11
SL,-1.0,-1.0248447204968938,805.0000000000182,1,2025,13
SL,-1.0,-1.0248447204968938,805.0000000000182,1,2025,13
TP,2.0,1.9638989169675087,553.9999999999964,-1,2025,13
SL,-1.0,-1.137931034482776,144.9999999999818,-1,2025,2
SL,-1.0,-1.137931034482776,144.9999999999818,-1,2025,2
SL,-1.0,-1.0706713780918746,282.9999999999927,1,2025,3
SL,-1.0,-1.0706713780918746,282.9999999999927,1,2025,3
SL,-1.0,-1.0083752093802345,2388.000000000011,-1,2025,12
TP,2.0,1.9578325954037523,474.2999999999938,1,2025,17
TP,2.0,1.9768705909564008,864.6999999999935,1,2025,20
SL,-1.0,-1.0328245527654694,609.2999999999847,-1,2025,1
SL,-1.0,-1.0328245527654694,609.2999999999847,-1,2025,1
SL,-1.0,-1.0341296928327637,586.0000000000127,1,2025,2
SL,-1.0,-1.006872852233677,2909.999999999991,-1,2025,7
TP,2.0,1.9812909260991582,1069.0000000000055,1,2025,8
TP,2.0,1.9900214538741703,2004.2999999999665,1,2025,10
fuera,0.6673279352226841,0.6592307692307812,2469.999999999982,1,2025,0
SL,-1.0,-1.0099885132098088,2002.3000000000138,1,2025,22
SL,-1.0,-1.034287673581347,583.3000000000084,-1,2025,23
TP,2.0,1.9866104304746601,1493.6999999999898,-1,2025,0
TP,2.0,1.9866104304746601,1493.6999999999898,-1,2025,0
TP,2.0,1.9656946826758144,582.9999999999927,-1,2025,4
fuera,-0.18046440350467893,-0.1871272945330962,3001.6999999999825,-1,2025,13
fuera,-0.18046440350467893,-0.1871272945330962,3001.6999999999825,-1,2025,13
SL,-1.0,-1.020491803278689,975.9999999999764,1,2025,14
SL,-1.0,-1.0265957446808511,751.9999999999982,1,2025,15
TP,2.0,1.9264705882352886,271.99999999998,1,2025,0
TP,2.0,1.977883445759151,904.300000000012,-1,2025,0
TP,2.0,1.9808795411089868,1046.0000000000036,-1,2025,2
SL,-1.0,-1.0141713313965848,1411.299999999983,1,2025,3
SL,-1.0,-1.0203665987780037,982.0000000000164,-1,2025,8
SL,-1.0,-1.0105540897097627,1894.9999999999818,1,2025,14
SL,-1.0,-1.020783539436766,962.3000000000047,-1,2025,1
SL,-1.0,-1.0170546601858954,1172.7000000000317,1,2025,3
SL,-1.0,-1.0347826086956522,575.0,1,2025,4
TP,2.0,1.9589322381930176,486.9999999999891,-1,2025,4
SL,-1.0,-1.0216684723726976,923.0000000000018,-1,2025,5
SL,-1.0,-1.0513742614949906,389.3000000000029,1,2025,19
SL,-1.0,-1.0515463917525758,388.0000000000109,-1,2025,0
SL,-1.0,-1.0447727781508833,446.7000000000098,1,2025,5
SL,-1.0,-1.0187793427230045,1065.000000000009,-1,2025,5
SL,-1.0,-1.027285129604366,732.9999999999927,-1,2025,6
SL,-1.0,-1.0311672120928788,641.6999999999916,1,2025,8
SL,-1.0,-1.0589448865310929,339.3000000000029,1,2025,0
SL,-1.0,-1.0168067226890756,1190.000000000009,-1,2025,1
SL,-1.0,-1.0168067226890756,1190.000000000009,-1,2025,1
SL,-1.0,-1.018231540565178,1096.99999999998,1,2025,3
SL,-1.0,-1.0192808252193193,1037.3000000000047,-1,2025,5
fuera,-0.058091743119252436,-0.06543119266053685,2725.0,1,2025,13
SL,-1.0,-1.02967359050445,674.0000000000236,1,2025,22
TP,2.0,1.9888268156424582,1790.000000000009,-1,2025,22
TP,2.0,1.9888268156424582,1790.000000000009,-1,2025,22
TP,2.0,1.9741935483870967,775.0,-1,2025,23
SL,-1.0,-1.0274348422496555,729.0000000000418,1,2025,0
TP,2.0,1.9748205967518562,794.2999999999756,-1,2025,0
TP,2.0,1.9748205967518562,794.2999999999756,-1,2025,0
SL,-1.0,-1.0156457795509664,1278.2999999999902,-1,2025,1
TP,2.0,1.9798792756539227,993.99999999996,1,2025,5
TP,2.0,1.9592916751475677,491.3000000000011,1,2025,9
SL,-1.0,-1.0154559505409582,1294.0000000000055,1,2025,11
SL,-1.0,-1.0154559505409582,1294.0000000000055,1,2025,11
SL,-1.0,-1.0096758587324626,2067.0000000000073,-1,2025,12
SL,-1.0,-1.0760456273764358,262.99999999996544,-1,2025,15
SL,-1.0,-1.0208768267223374,958.0000000000382,1,2025,16
SL,-1.0,-1.0149812734082397,1334.999999999991,-1,2025,23
SL,-1.0,-1.011098779134295,1802.0000000000437,1,2025,0
SL,-1.0,-1.011098779134295,1802.0000000000437,1,2025,0
SL,-1.0,-1.011098779134295,1802.0000000000437,1,2025,0
TP,2.0,1.988102320047591,1681.00000000004,-1,2025,5
TP,2.0,1.988102320047591,1681.00000000004,-1,2025,5
TP,2.0,1.988102320047591,1681.00000000004,-1,2025,5
SL,-1.0,-1.0857265323617629,233.30000000000837,-1,2025,2
SL,-1.0,-1.0857265323617629,233.30000000000837,-1,2025,2
SL,-1.0,-1.0857265323617629,233.30000000000837,-1,2025,2
SL,-1.0,-1.0316957210776547,630.9999999999945,1,2025,7
SL,-1.0,-1.0316957210776547,630.9999999999945,1,2025,7
SL,-1.0,-1.0316957210776547,630.9999999999945,1,2025,7
SL,-1.0,-1.0204436266993766,978.2999999999902,1,2025,13
TP,2.0,1.9827586206896557,1160.0000000000364,-1,2025,2
TP,2.0,1.9827586206896557,1160.0000000000364,-1,2025,2
TP,2.0,1.9879757109360907,1663.299999999981,-1,2025,3
SL,-1.0,-1.0245790832001962,813.7000000000171,1,2025,5
TP,2.0,1.9892316803962742,1857.2999999999865,1,2025,22
SL,-1.0,-1.0642467073562516,311.2999999999829,-1,2025,2
SL,-1.0,-1.0241254523522316,828.9999999999964,1,2025,4
SL,-1.0,-1.0578536303153043,345.699999999988,-1,2025,6
TP,2.0,1.9753997539975403,813.0000000000109,1,2025,16
TP,2.0,1.9781587856284801,915.6999999999698,1,2025,22
SL,-1.0,-1.0609198903441908,328.30000000003565,-1,2025,22
TP,2.0,1.9491482329010932,393.2999999999993,1,2025,23
TP,2.0,1.9589575210342671,487.29999999995925,1,2025,0
TP,2.0,1.9589575210342671,487.29999999995925,1,2025,0
TP,2.0,1.9589575210342671,487.29999999995925,1,2025,0
SL,-1.0,-1.1372683596430708,145.70000000003347,-1,2025,3
TP,2.0,1.9523809523809503,419.9999999999818,1,2025,4
SL,-1.0,-1.070422535211264,284.00000000001455,-1,2025,8
SL,-1.0,-1.0266418009857463,750.7000000000062,1,2025,9
SL,-1.0,-1.04950495049505,403.99999999999636,-1,2025,11
SL,-1.0,-1.031847133757963,627.9999999999745,1,2025,12
TP,2.0,1.9559471365638763,453.99999999999636,-1,2025,12
SL,-1.0,-1.030487804878047,656.00000000004,1,2025,18
TP,2.0,1.9456521739130477,368.0000000000291,1,2025,19
SL,-1.0,-1.0766283524904177,261.00000000001273,-1,2025,20
SL,-1.0,-1.0216520515318825,923.700000000008,1,2025,5
TP,2.0,1.9802176063303663,1011.0000000000127,-1,2025,7
fuera,0.951694915254206,0.9362865947611397,1298.0000000000018,1,2025,12
fuera,0.951694915254206,0.9362865947611397,1298.0000000000018,1,2025,12
fuera,-0.44244269340973424,-0.4496060171919693,2791.999999999962,-1,2025,12
fuera,0.4867479592865098,0.46659276428499774,992.2999999999774,1,2025,13
TP,2.0,1.9361634216406054,313.30000000002656,1,2025,0
SL,-1.0,-1.0392927308447926,509.00000000001455,-1,2025,2
SL,-1.0,-1.0772200772200728,259.00000000001455,1,2025,23
SL,-1.0,-1.042372881355934,471.99999999998,1,2025,0
SL,-1.0,-1.042372881355934,471.99999999998,1,2025,0
TP,2.0,1.9380804953560375,323.0000000000018,-1,2025,0
SL,-1.0,-1.0203603787030442,982.2999999999865,1,2025,1
SL,-1.0,-1.0203603787030442,982.2999999999865,1,2025,1
SL,-1.0,-1.0177777777777777,1125.0,-1,2025,1
SL,-1.0,-1.0177777777777777,1125.0,-1,2025,1
SL,-1.0,-1.0227195274338297,880.2999999999884,-1,2025,2
SL,-1.0,-1.0227195274338297,880.2999999999884,-1,2025,2
TP,2.0,1.9561403508771924,455.99999999999454,1,2025,17
TP,2.0,1.9666666666666666,600.0,-1,2025,22
TP,2.0,1.9666666666666666,600.0,-1,2025,22
TP,2.0,1.9148936170212898,235.00000000003638,1,2025,4
TP,2.0,1.9805258033106135,1026.9999999999982,-1,2025,8
TP,2.0,1.9805258033106135,1026.9999999999982,-1,2025,8
TP,2.0,1.9805258033106135,1026.9999999999982,-1,2025,8
SL,-1.0,-1.0597014925373152,334.9999999999909,1,2025,12
SL,-1.0,-1.0597014925373152,334.9999999999909,1,2025,12
SL,-1.0,-1.0918695452457645,217.69999999996799,1,2025,14
SL,-1.0,-1.0103023746973678,1941.300000000001,-1,2025,14
SL,-1.0,-1.1075268817204227,186.00000000001273,1,2025,2
SL,-1.0,-1.0137741046831956,1451.9999999999982,-1,2025,2
SL,-1.0,-1.0260994388620643,766.3000000000011,-1,2025,8
TP,2.0,1.982608695652174,1150.0,1,2025,12
TP,2.0,1.9840344855112957,1252.7000000000044,1,2025,14
SL,-1.0,-1.0598802395209554,334.00000000001455,-1,2025,15
SL,-1.0,-1.0470588235294118,425.0,-1,2025,0
SL,-1.0,-1.0366300366300365,546.0000000000036,1,2025,1
SL,-1.0,-1.0475059382422798,421.00000000000364,-1,2025,1
SL,-1.0,-1.0475059382422798,421.00000000000364,-1,2025,1
SL,-1.0,-1.0227531285551765,878.9999999999964,1,2025,8
SL,-1.0,-1.0227531285551765,878.9999999999964,1,2025,8
TP,2.0,1.969292184861049,651.3000000000375,1,2025,0
SL,-1.0,-1.0326957658983176,611.6999999999734,-1,2025,0
TP,2.0,1.9619771863117887,526.0000000000218,1,2025,2
SL,-1.0,-1.026236389872755,762.2999999999593,-1,2025,5
SL,-1.0,-1.0177147918511957,1128.9999999999964,-1,2025,6
TP,2.0,1.9815327793167128,1082.9999999999927,1,2025,7
TP,2.0,1.964349376114083,561.0000000000127,1,2025,10
SL,-1.0,-1.0607348921955726,329.29999999996653,-1,2025,10
TP,2.0,1.9635036496350367,548.0000000000018,1,2025,11
SL,-1.0,-1.0195121951219512,1025.0,1,2025,22
TP,2.0,1.9677783148058636,620.699999999988,-1,2025,23
TP,2.0,1.9666666666666666,600.0,-1,2025,0
SL,-1.0,-1.0172711571675297,1158.0000000000382,-1,2025,1
SL,-1.0,-1.0338409475465322,590.9999999999854,1,2025,4
SL,-1.0,-1.0161160354552776,1241.000000000031,1,2025,6
TP,2.0,1.9350649350649336,307.9999999999927,-1,2025,7
SL,-1.0,-1.0781250000000018,255.99999999999454,1,2025,4
SL,-1.0,-1.0328407224958942,609.0000000000146,-1,2025,6
SL,-1.0,-1.0163452108532196,1223.600000000033,1,2025,13
SL,-1.0,-1.0095088670184948,2103.29999999999,-1,2025,15
SL,-1.0,-1.0095088670184948,2103.29999999999,-1,2025,15
SL,-1.0,-1.0220653133274484,906.4000000000306,1,2025,16
SL,-1.0,-1.0220653133274484,906.4000000000306,1,2025,16
SL,-1.0,-1.050377833753151,396.99999999998,1,2025,19
SL,-1.0,-1.0259740259740266,769.9999999999818,-1,2025,20
SL,-1.0,-1.1333333333333333,150.0,1,2025,0
SL,-1.0,-1.0376647834274957,530.9999999999945,-1,2025,2
SL,-1.0,-1.0701754385964934,284.9999999999909,-1,2025,6
SL,-1.0,-1.047846889952155,417.99999999998363,1,2025,8
SL,-1.0,-1.0414164423276024,482.9000000000178,1,2025,13
TP,2.0,1.9890829694323144,1832.0000000000164,1,2025,14
fuera,-0.3084878220759779,-0.31436378059171083,3403.6999999999807,-1,2025,15
fuera,-0.3084878220759779,-0.31436378059171083,3403.6999999999807,-1,2025,15
fuera,-0.3084878220759779,-0.31436378059171083,3403.6999999999807,-1,2025,15
fuera,-0.3084878220759779,-0.31436378059171083,3403.6999999999807,-1,2025,15
fuera,-0.3084878220759779,-0.31436378059171083,3403.6999999999807,-1,2025,15
TP,2.0,1.9697428139183062,661.0000000000127,-1,2025,0
SL,-1.0,-1.0293255131964802,682.0000000000164,1,2025,1
SL,-1.0,-1.1052631578947318,190.0000000000091,1,2025,11
SL,-1.0,-1.0129701686121924,1541.9999999999618,-1,2025,12
SL,-1.0,-1.0129701686121924,1541.9999999999618,-1,2025,12
SL,-1.0,-1.0129701686121924,1541.9999999999618,-1,2025,12
fuera,0.994968553459124,0.9823899371069229,1590.000000000009,1,2025,14
fuera,0.994968553459124,0.9823899371069229,1590.000000000009,1,2025,14
SL,-1.0,-1.1271455816910472,157.29999999998654,-1,2025,0
fuera,0.7599611273080846,0.7405247813411263,1028.9999999999964,1,2025,6
fuera,0.010905125408932199,-0.010905125408952034,917.0000000000073,1,2025,7
SL,-1.0,-1.0346200450060583,577.7000000000044,1,2025,12
fuera,1.094758064516088,1.054435483870927,496.00000000000364,-1,2025,13
TP,2.0,1.9230769230769338,260.0000000000364,1,2025,22
TP,2.0,1.9565878011721292,460.6999999999971,1,2025,0
TP,2.0,1.9777851827168726,900.3000000000156,1,2025,5
TP,2.0,1.9777851827168726,900.3000000000156,1,2025,5
SL,-1.0,-1.0348432055749142,573.9999999999782,-1,2025,7
TP,2.0,1.984276729559748,1271.99999999998,1,2025,12
SL,-1.0,-1.012012012012012,1665.000000000009,1,2025,12
TP,2.0,1.9801133538828681,1005.7000000000244,-1,2025,0
TP,2.0,1.9886557005104935,1763.000000000011,-1,2025,15
SL,-1.0,-1.0332778702163075,600.9999999999764,1,2025,16
SL,-1.0,-1.0630914826498408,317.0000000000073,1,2025,2
SL,-1.0,-1.0630914826498408,317.0000000000073,1,2025,2
TP,2.0,1.9275362318840636,276.0000000000218,-1,2025,4
TP,2.0,1.9445983379501404,361.00000000001273,-1,2025,5
SL,-1.0,-1.0163934426229504,1220.0000000000273,-1,2025,12
SL,-1.0,-1.0131926121372032,1515.9999999999854,1,2025,13
SL,-1.0,-1.2127659574467962,94.00000000000546,1,2025,8
TP,2.0,1.9798387096774195,992.0000000000073,-1,2025,8
TP,2.0,1.9798387096774195,992.0000000000073,-1,2025,8
TP,2.0,1.9798387096774195,992.0000000000073,-1,2025,8
TP,2.0,1.9612403100775182,515.9999999999854,-1,2025,10
SL,-1.0,-1.0161812297734631,1235.9999999999673,1,2025,22
SL,-1.0,-1.02967359050445,674.0000000000236,-1,2025,1
SL,-1.0,-1.0227272727272734,879.9999999999727,1,2025,3
SL,-1.0,-1.0070561670900366,2834.400000000005,-1,2025,13
SL,-1.0,-1.0070561670900366,2834.400000000005,-1,2025,13
SL,-1.0,-1.0474270808631718,421.7000000000098,1,2025,19
SL,-1.0,-1.0188448129652317,1061.299999999983,1,2025,1
SL,-1.0,-1.0318623546280068,627.7000000000044,-1,2025,3
SL,-1.0,-1.0206185567010304,970.0000000000273,1,2025,8
TP,2.0,1.9469496021220156,376.9999999999982,-1,2025,9
SL,-1.0,-1.0200662185211196,996.7000000000098,-1,2025,1
SL,-1.0,-1.0326264274061985,613.0000000000109,1,2025,2
TP,2.0,1.989247311827957,1859.999999999991,-1,2025,12
SL,-1.0,-1.0437062937062935,457.6000000000022,1,2025,13
TP,2.0,1.9848174295908294,1317.2999999999774,-1,2025,13
SL,-1.0,-1.0154750851129681,1292.3999999999978,-1,2025,15
SL,-1.0,-1.0353356890459373,565.9999999999854,-1,2025,6
SL,-1.0,-1.0302114803625362,662.0000000000346,1,2025,7
SL,-1.0,-1.03968253968254,503.99999999999636,-1,2025,7
SL,-1.0,-1.0319488817891362,626.0000000000218,1,2025,8
TP,2.0,1.9033816425120849,207.00000000001637,1,2025,1
SL,-1.0,-1.0413223140495855,484.00000000001455,-1,2025,10
fuera,0.49679926840420957,0.4922267946959334,4373.999999999978,1,2025,12
fuera,0.49679926840420957,0.4922267946959334,4373.999999999978,1,2025,12
fuera,0.49679926840420957,0.4922267946959334,4373.999999999978,1,2025,12
fuera,0.49679926840420957,0.4922267946959334,4373.999999999978,1,2025,12
fuera,0.49679926840420957,0.4922267946959334,4373.999999999978,1,2025,12
fuera,0.49679926840420957,0.4922267946959334,4373.999999999978,1,2025,12
fuera,0.49679926840420957,0.4922267946959334,4373.999999999978,1,2025,12
SL,-1.0,-1.0158102766798418,1265.000000000009,-1,2025,13
SL,-1.0,-1.0437062937062935,457.6000000000022,1,2025,14
SL,-1.0,-1.0193479732997968,1033.699999999999,-1,2025,22
SL,-1.0,-1.01984126984127,1007.9999999999927,-1,2025,0
SL,-1.0,-1.033261267254283,601.299999999992,1,2025,3
SL,-1.0,-1.0158856235107225,1259.0000000000146,1,2025,11
SL,-1.0,-1.0158856235107225,1259.0000000000146,1,2025,11
SL,-1.0,-1.0535762121617978,373.30000000001746,-1,2025,12
SL,-1.0,-1.0317460317460332,629.9999999999727,1,2025,5
SL,-1.0,-1.025094102885821,797.0000000000255,-1,2025,6
SL,-1.0,-1.0301204819277114,663.9999999999873,-1,2025,9
SL,-1.0,-1.023474178403756,851.9999999999982,-1,2025,10
fuera,0.8673444239063312,0.8550215650030656,1623.0000000000018,1,2025,12
fuera,0.8673444239063312,0.8550215650030656,1623.0000000000018,1,2025,12
SL,-1.0,-1.1538461538461862,129.99999999997272,-1,2025,14
SL,-1.0,-1.026943284386366,742.3000000000229,1,2025,15
SL,-1.0,-1.043763676148795,457.00000000001637,1,2025,7
SL,-1.0,-1.0205761316872433,971.99999999998,-1,2025,8
SL,-1.0,-1.0224971878515177,889.0000000000327,-1,2025,9
TP,2.0,1.9630996309963105,542.0000000000073,1,2025,10
TP,2.0,1.971469329529245,701.0000000000218,1,2025,0
SL,-1.0,-1.015372790161414,1301.0000000000218,1,2025,6
SL,-1.0,-1.015372790161414,1301.0000000000218,1,2025,6
SL,-1.0,-1.0201409869083589,992.9999999999836,1,2025,7
SL,-1.0,-1.010911074740862,1832.9999999999927,-1,2025,8
SL,-1.0,-1.010911074740862,1832.9999999999927,-1,2025,8
SL,-1.0,-1.010911074740862,1832.9999999999927,-1,2025,8
SL,-1.0,-1.0155400155400152,1287.0000000000346,-1,2025,0
SL,-1.0,-1.0275103163686383,726.9999999999982,-1,2025,1
SL,-1.0,-1.0275103163686383,726.9999999999982,-1,2025,1
SL,-1.0,-1.0377358490566058,529.9999999999727,1,2025,2
SL,-1.0,-1.0377358490566058,529.9999999999727,1,2025,2
SL,-1.0,-1.0145232735458576,1377.099999999973,1,2025,3
SL,-1.0,-1.035932446999639,556.6000000000258,1,2025,22
TP,2.0,1.9797427327053572,987.2999999999593,-1,2025,22
TP,2.0,1.9800796812749004,1003.9999999999964,-1,2025,0
TP,2.0,1.9800796812749004,1003.9999999999964,-1,2025,0
TP,2.0,1.9800796812749004,1003.9999999999964,-1,2025,0
SL,-1.0,-1.0196270853778213,1019.0000000000055,1,2025,1
SL,-1.0,-1.0947867298578142,211.00000000001273,1,2025,6
TP,2.0,1.9826989619377162,1155.9999999999945,-1,2025,6
SL,-1.0,-1.0638977635782725,313.0000000000109,1,2025,7
TP,2.0,1.967969250480462,624.4000000000142,-1,2025,7
SL,-1.0,-1.019022256039566,1051.4000000000124,-1,2025,9
SL,-1.0,-1.03565062388592,560.9999999999673,1,2025,11
SL,-1.0,-1.0152636800732655,1310.3000000000065,-1,2025,14
SL,-1.0,-1.0175131348511381,1142.0000000000073,1,2025,11
SL,-1.0,-1.0219780219780221,909.9999999999909,-1,2025,14
SL,-1.0,-1.0208702911405612,958.3000000000084,-1,2025,15
SL,-1.0,-1.031235358425739,640.2999999999793,-1,2025,7
SL,-1.0,-1.026465528648934,755.7000000000244,1,2025,8
SL,-1.0,-1.0997008973080602,200.6000000000313,-1,2025,9
SL,-1.0,-1.0645994832041343,309.60000000000036,1,2025,10
TP,2.0,1.9619771863117854,525.9999999999764,-1,2025,0
TP,2.0,1.9619771863117854,525.9999999999764,-1,2025,0
SL,-1.0,-1.0395256916996052,505.99999999999454,1,2025,3
SL,-1.0,-1.0675675675675667,296.00000000000364,-1,2025,5
TP,2.0,1.9569614805250735,464.7000000000389,1,2025,8
SL,-1.0,-1.020794343938448,961.8000000000393,1,2025,12
SL,-1.0,-1.0330196466897792,605.7000000000244,-1,2025,14
SL,-1.0,-1.0330196466897792,605.7000000000244,-1,2025,14
TP,2.0,1.9560439560439578,455.0000000000182,1,2025,16
SL,-1.0,-1.060661207158022,329.70000000000255,1,2025,3
SL,-1.0,-1.060661207158022,329.70000000000255,1,2025,3
SL,-1.0,-1.0540540540540566,369.9999999999818,-1,2025,6
SL,-1.0,-1.0540540540540566,369.9999999999818,-1,2025,6
SL,-1.0,-1.0273860057510615,730.2999999999884,-1,2025,23
SL,-1.0,-1.0273860057510615,730.2999999999884,-1,2025,23
SL,-1.0,-1.0273860057510615,730.2999999999884,-1,2025,23
SL,-1.0,-1.0145032632342277,1378.9999999999964,1,2025,0
SL,-1.0,-1.0145032632342277,1378.9999999999964,1,2025,0
SL,-1.0,-1.0145032632342277,1378.9999999999964,1,2025,0
SL,-1.0,-1.0145032632342277,1378.9999999999964,1,2025,0
SL,-1.0,-1.091743119266062,217.99999999998363,-1,2025,0
SL,-1.0,-1.0274725274725285,727.9999999999745,1,2025,1
SL,-1.0,-1.0421674045962477,474.2999999999938,-1,2025,3
SL,-1.0,-1.018587360594796,1075.9999999999764,1,2025,4
SL,-1.0,-1.0248447204968938,805.0000000000182,-1,2025,13
SL,-1.0,-1.1052631578947318,190.0000000000091,-1,2025,18
SL,-1.0,-1.0519076044640532,385.30000000000655,-1,2025,23
SL,-1.0,-1.0219298245614037,911.9999999999891,1,2025,0
SL,-1.0,-1.0219298245614037,911.9999999999891,1,2025,0
SL,-1.0,-1.0219298245614037,911.9999999999891,1,2025,0
SL,-1.0,-1.0496277915632786,402.99999999997453,-1,2025,0
SL,-1.0,-1.03446493193176,580.2999999999884,1,2025,7
SL,-1.0,-1.045977011494254,434.9999999999909,1,2025,10
TP,2.0,1.960606657474885,507.6999999999771,-1,2025,11
SL,-1.0,-1.0450755014649502,443.7000000000353,1,2025,14
SL,-1.0,-1.017266683933351,1158.299999999963,-1,2025,14
SL,-1.0,-1.017266683933351,1158.299999999963,-1,2025,14
SL,-1.0,-1.017266683933351,1158.299999999963,-1,2025,14
TP,2.0,1.9512195121951208,409.9999999999909,-1,2025,15
SL,-1.0,-1.0607348921955642,329.300000000012,1,2025,0
SL,-1.0,-1.4878048780484125,41.00000000003092,-1,2025,5
SL,-1.0,-1.0612745098039278,326.3999999999669,1,2025,7
SL,-1.0,-1.0755857898714989,264.60000000001855,-1,2025,7
TP,2.0,1.9694656488549604,654.9999999999727,1,2025,11
TP,2.0,1.9694656488549604,654.9999999999727,1,2025,11
SL,-1.0,-1.3110419906687263,64.30000000000291,-1,2025,11
SL,-1.0,-1.0184842883548981,1082.0000000000164,1,2025,12
SL,-1.0,-1.0184842883548981,1082.0000000000164,1,2025,12
SL,-1.0,-1.0571428571428572,350.0,-1,2025,13
SL,-1.0,-1.0287356321839078,696.0000000000036,1,2025,14
TP,2.0,1.942412899510509,347.29999999999563,-1,2025,14
SL,-1.0,-1.0531490831783163,376.299999999992,1,2025,19
TP,2.0,1.9570815450643806,466.0000000000309,-1,2025,0
SL,-1.0,-1.0706713780918633,283.0000000000382,-1,2025,4
SL,-1.0,-1.0472813238770684,423.0000000000018,1,2025,7
SL,-1.0,-1.0152010336702895,1315.7000000000153,-1,2025,10
SL,-1.0,-1.0235377191950092,849.7000000000298,1,2025,11
SL,-1.0,-1.0235377191950092,849.7000000000298,1,2025,11
SL,-1.0,-1.044150110375274,453.00000000002,1,2025,0
TP,2.0,1.968,625.0,-1,2025,1
SL,-1.0,-1.053092646668439,376.69999999998254,1,2025,6
SL,-1.0,-1.0306607389238074,652.3000000000138,-1,2025,12
SL,-1.0,-1.0306607389238074,652.3000000000138,-1,2025,12
SL,-1.0,-1.0306607389238074,652.3000000000138,-1,2025,12
TP,2.0,1.9810066476733148,1053.00000000002,1,2025,13
TP,2.0,1.9810066476733148,1053.00000000002,1,2025,13
fuera,-0.06357802874744133,-0.06871149897331401,3896.0000000000036,1,2025,14
fuera,-0.06357802874744133,-0.06871149897331401,3896.0000000000036,1,2025,14
fuera,-0.06357802874744133,-0.06871149897331401,3896.0000000000036,1,2025,14
fuera,-0.06357802874744133,-0.06871149897331401,3896.0000000000036,1,2025,14
SL,-1.0,-1.0419551080344047,476.69999999998254,-1,2025,0
SL,-1.0,-1.06451612903226,309.9999999999909,1,2025,3
SL,-1.0,-1.0389105058365768,513.9999999999873,1,2025,14
TP,2.0,1.947643979057594,382.00000000001637,-1,2025,17
SL,-1.0,-1.0622471210706468,321.3000000000193,1,2025,23
fuera,0.26795112781956265,0.26168546365916157,3191.999999999962,1,2025,0
fuera,0.26795112781956265,0.26168546365916157,3191.999999999962,1,2025,0
fuera,0.26795112781956265,0.26168546365916157,3191.999999999962,1,2025,0
fuera,0.26795112781956265,0.26168546365916157,3191.999999999962,1,2025,0
fuera,0.26795112781956265,0.26168546365916157,3191.999999999962,1,2025,0
fuera,0.26795112781956265,0.26168546365916157,3191.999999999962,1,2025,0
SL,-1.0,-1.0255102040816322,784.0000000000146,-1,2025,1
TP,2.0,1.9457553566585353,368.7000000000353,-1,2025,2
SL,-1.0,-1.02503128911139,798.9999999999782,-1,2025,12
SL,-1.0,-1.031796502384738,628.9999999999964,-1,2025,4
SL,-1.0,-1.031796502384738,628.9999999999964,-1,2025,4
SL,-1.0,-1.0628930817610005,318.0000000000291,1,2025,5
TP,2.0,1.973992197659298,769.0000000000055,1,2025,7
SL,-1.0,-1.0253164556962022,790.0000000000091,1,2025,16
SL,-1.0,-1.0326264274061985,613.0000000000109,-1,2025,0
TP,2.0,1.9697428139183062,661.0000000000127,1,2025,6
SL,-1.0,-1.0292825768667646,682.9999999999927,1,2025,8
TP,2.0,1.9156118143459877,236.9999999999891,-1,2025,9
fuera,1.2232356857523046,1.2099201065246081,1501.9999999999982,1,2025,13
TP,2.0,1.9901511793962674,2030.7000000000244,1,2025,1
TP,2.0,1.9901511793962674,2030.7000000000244,1,2025,1
TP,2.0,1.9901511793962674,2030.7000000000244,1,2025,1
SL,-1.0,-1.009722897423432,2057.0000000000164,1,2025,1
SL,-1.0,-1.0196656833824982,1016.9999999999618,-1,2025,6
SL,-1.0,-1.0190059868858687,1052.3000000000138,-1,2025,0
SL,-1.0,-1.0318471337579607,628.00000000002,1,2025,8
SL,-1.0,-1.0447427293064897,446.99999999998,1,2025,2
SL,-1.0,-1.0100452034153693,1990.9999999999854,-1,2025,2
TP,2.0,1.9762187871581447,840.9999999999854,1,2025,7
fuera,0.1884273937856759,0.1820862396956315,3153.9999999999964,1,2025,12
fuera,0.1884273937856759,0.1820862396956315,3153.9999999999964,1,2025,12
TP,2.0,1.9858125842377814,1409.7000000000207,1,2025,22
SL,-1.0,-1.0266666666666666,750.0,-1,2025,1
TP,2.0,1.9767171129220027,859.0000000000146,1,2025,6
TP,2.0,1.9845559845559844,1294.9999999999818,1,2025,7
TP,2.0,1.9807321772639694,1038.000000000011,1,2025,1
SL,-1.0,-1.0340136054421762,588.0000000000109,-1,2025,3
SL,-1.0,-1.0514138817480736,388.99999999998727,-1,2025,6
SL,-1.0,-1.019193857965451,1042.0000000000073,1,2025,9
SL,-1.0,-1.0604229607250766,330.99999999999454,-1,2025,0
SL,-1.0,-1.0257731958762895,775.9999999999764,1,2025,9
SL,-1.0,-1.0257731958762895,775.9999999999764,1,2025,9
SL,-1.0,-1.0365630712979903,546.99999999998,-1,2025,11
SL,-1.0,-1.0365630712979903,546.99999999998,-1,2025,11
fuera,-0.32165637339273095,-0.34190543687354413,987.7000000000407,1,2025,1
SL,-1.0,-1.0995024875621782,201.00000000002183,-1,2025,2
SL,-1.0,-1.0315955766192737,632.9999999999927,1,2025,3
SL,-1.0,-1.0190785080606692,1048.3000000000175,-1,2025,8
SL,-1.0,-1.0215053763440867,929.9999999999727,-1,2025,0
TP,2.0,1.9753906730650914,812.6999999999953,1,2025,1
SL,-1.0,-1.0298507462686575,669.9999999999818,1,2025,2
SL,-1.0,-1.6250000000005684,31.999999999970896,-1,2025,3
TP,2.0,1.9852908729866885,1359.7000000000207,1,2025,12
TP,2.0,1.9852908729866885,1359.7000000000207,1,2025,12
TP,2.0,1.9807507218479306,1038.9999999999873,1,2025,13
SL,-1.0,-1.0279720279720277,715.0000000000091,-1,2025,13
TP,2.0,1.979274611398963,964.9999999999636,1,2025,14
SL,-1.0,-1.0114876507754162,1741.000000000031,1,2025,15
SL,-1.0,-1.019866891824774,1006.7000000000007,1,2025,0
SL,-1.0,-1.0199920031987206,1000.3999999999905,-1,2025,1
SL,-1.0,-1.0158516287548542,1261.700000000019,-1,2025,1
SL,-1.0,-1.0257831635941728,775.7000000000062,1,2025,2
SL,-1.0,-1.0192492781520688,1039.0000000000327,-1,2025,7
SL,-1.0,-1.0268348316114317,745.2999999999975,1,2025,17
TP,2.0,1.9519230769230804,416.0000000000309,1,2025,18
TP,2.0,1.9519230769230804,416.0000000000309,1,2025,18
fuera,-0.5871076799749004,-0.5905930327797381,5738.299999999981,-1,2025,18
fuera,-0.5871076799749004,-0.5905930327797381,5738.299999999981,-1,2025,18
SL,-1.0,-1.012820512820513,1559.999999999991,1,2025,19
SL,-1.0,-1.0376647834274957,530.9999999999945,1,2025,1
TP,2.0,1.965397923875431,577.9999999999745,-1,2025,4
TP,2.0,1.9479166666666625,383.9999999999691,1,2025,6
SL,-1.0,-1.0139664804469273,1432.0000000000164,-1,2025,6
SL,-1.0,-1.0139664804469273,1432.0000000000164,-1,2025,6
SL,-1.0,-1.0085251491901108,2346.0000000000036,1,2025,7
SL,-1.0,-1.0085251491901108,2346.0000000000036,1,2025,7
TP,2.0,1.9861014593467685,1438.9999999999873,1,2025,13
TP,2.0,1.9500873471425013,400.7000000000062,1,2025,0
SL,-1.0,-1.0176211453744495,1134.999999999991,-1,2025,1
SL,-1.0,-1.0176211453744495,1134.999999999991,-1,2025,1
TP,2.0,1.9767171129220027,859.0000000000146,1,2025,2
TP,2.0,1.9767171129220027,859.0000000000146,1,2025,2
SL,-1.0,-1.0394477317554227,507.00000000001637,-1,2025,15
SL,-1.0,-1.0394477317554227,507.00000000001637,-1,2025,15
fuera,0.5711703139866391,0.552140818268276,1051.0000000000218,1,2025,17
fuera,0.5711703139866391,0.552140818268276,1051.0000000000218,1,2025,17
TP,2.0,1.9563604625790973,458.30000000000837,1,2025,22
TP,2.0,1.9563604625790973,458.30000000000837,1,2025,22
SL,-1.0,-1.0272108843537417,734.9999999999909,-1,2025,1
TP,2.0,1.978925184404636,948.9999999999782,1,2025,3
TP,2.0,1.989373007438895,1882.0000000000164,1,2025,6
TP,2.0,1.989373007438895,1882.0000000000164,1,2025,6
SL,-1.0,-1.0579710144927568,344.9999999999818,-1,2025,0
SL,-1.0,-1.022204951704231,900.6999999999607,1,2025,1
SL,-1.0,-1.0129366106080206,1546.0000000000036,-1,2025,15
SL,-1.0,-1.0211193241816265,946.99999999998,-1,2025,16
TP,2.0,1.958419958419958,480.99999999999454,1,2025,22
TP,2.0,1.9230769230769205,259.9999999999909,-1,2025,0
SL,-1.0,-1.0138283896840214,1446.2999999999738,-1,2025,1
TP,2.0,1.9800995024875625,1005.0000000000182,1,2025,2
SL,-1.0,-1.0163265306122449,1225.0,1,2025,7
SL,-1.0,-1.0211193241816257,947.0000000000255,1,2025,0
SL,-1.0,-1.0141643059490086,1411.999999999989,-1,2025,1
TP,2.0,1.9819168173598551,1105.9999999999945,1,2025,3
SL,-1.0,-1.0424899086466974,470.699999999988,-1,2025,13
SL,-1.0,-1.011325028312571,1765.9999999999854,1,2025,14
TP,2.0,1.9594320486815402,492.99999999998363,-1,2025,14
SL,-1.0,-1.0268456375838932,744.9999999999818,1,2025,15
TP,2.0,1.9858156028368794,1409.999999999991,1,2025,22
TP,2.0,1.9913681484678465,2317.0000000000073,1,2025,0
TP,2.0,1.9913681484678465,2317.0000000000073,1,2025,0
TP,2.0,1.9913681484678465,2317.0000000000073,1,2025,0
SL,-1.0,-1.020034057898428,998.299999999972,-1,2025,1
SL,-1.0,-1.020034057898428,998.299999999972,-1,2025,1
TP,2.0,1.9868247694334653,1518.000000000029,1,2025,2
TP,2.0,1.974990621483057,799.7000000000298,1,2025,0
SL,-1.0,-1.00645786244753,3096.99999999998,-1,2025,8
SL,-1.0,-1.016488046166529,1213.000000000011,-1,2025,2
SL,-1.0,-1.009905894006934,2019.0000000000055,1,2025,7
TP,2.0,1.983619983619983,1220.9999999999582,1,2025,1
SL,-1.0,-1.0197882655585238,1010.6999999999971,-1,2025,6
TP,2.0,1.9797365754812561,986.9999999999891,1,2025,8
TP,2.0,1.990975950909173,2216.300000000001,-1,2025,13
SL,-1.0,-1.0137268359643106,1456.999999999971,1,2025,14
SL,-1.0,-1.0054343395918812,3680.2999999999884,-1,2025,14
SL,-1.0,-1.0120554550934298,1659.0000000000146,-1,2025,15
SL,-1.0,-1.0181488203266789,1101.9999999999982,1,2025,1
SL,-1.0,-1.0182865502422969,1093.6999999999898,-1,2025,2
fuera,0.9665742336805877,0.9515851008019246,1334.2999999999847,1,2025,12
TP,2.0,1.9874843554443054,1598.0000000000018,1,2025,22
TP,2.0,1.9874843554443054,1598.0000000000018,1,2025,22
TP,2.0,1.9874843554443054,1598.0000000000018,1,2025,22
TP,2.0,1.9397590361445731,331.9999999999709,1,2025,2
SL,-1.0,-1.0136267629624582,1467.7000000000135,-1,2025,0
SL,-1.0,-1.0132802124833997,1505.9999999999945,1,2025,12
SL,-1.0,-1.028776978417267,694.9999999999818,-1,2025,0
TP,2.0,1.987730061349693,1629.9999999999727,1,2025,1
SL,-1.0,-1.0037926914835114,5273.3000000000175,-1,2025,16
SL,-1.0,-1.0037926914835114,5273.3000000000175,-1,2025,16
SL,-1.0,-1.0037926914835114,5273.3000000000175,-1,2025,16
SL,-1.0,-1.056818181818182,351.9999999999982,1,2025,20
SL,-1.0,-1.012820512820513,1559.999999999991,1,2025,23
SL,-1.0,-1.010357327809425,1930.9999999999945,-1,2025,1
SL,-1.0,-1.010357327809425,1930.9999999999945,-1,2025,1
SL,-1.0,-1.03731343283582,536.0000000000127,1,2025,2
fuera,1.1513578091255956,1.142167899646204,2176.299999999992,1,2025,8
TP,2.0,1.9817017383348587,1093.000000000029,-1,2025,9
SL,-1.0,-1.0208550573514075,959.0000000000146,1,2025,15
TP,2.0,1.995170598604303,4141.300000000001,1,2025,22
SL,-1.0,-1.0079261284825427,2523.3000000000175,-1,2025,23
SL,-1.0,-1.0079261284825427,2523.3000000000175,-1,2025,23
SL,-1.0,-1.0124921923797625,1601.0000000000218,-1,2025,0
SL,-1.0,-1.0124921923797625,1601.0000000000218,-1,2025,0
TP,2.0,1.9778736585905514,903.899999999976,1,2025,5
TP,2.0,1.9778736585905514,903.899999999976,1,2025,5
TP,2.0,1.9778736585905514,903.899999999976,1,2025,5
TP,2.0,1.9855803893294879,1386.999999999989,1,2025,1
SL,-1.0,-1.0034030968181045,5876.999999999953,-1,2025,5
TP,2.0,1.9898477157360406,1969.9999999999818,1,2025,1
SL,-1.0,-1.0247831474597255,807.0000000000618,-1,2025,2
SL,-1.0,-1.0118553645524602,1686.999999999989,-1,2025,0
SL,-1.0,-1.010063905801842,1987.2999999999593,1,2025,1
SL,-1.0,-1.0062169723344732,3217.0000000000073,1,2025,14
SL,-1.0,-1.045351473922904,440.99999999998545,1,2025,16
SL,-1.0,-1.0049677098857426,4026.000000000022,-1,2025,16
TP,2.0,1.993431855500821,3044.999999999982,1,2025,0
TP,2.0,1.9929178470254958,2823.999999999978,1,2025,11
TP,2.0,1.9420289855072432,344.9999999999818,-1,2025,19
TP,2.0,1.9420289855072432,344.9999999999818,-1,2025,19
SL,-1.0,-1.00673174015483,2971.0000000000036,1,2025,8
TP,2.0,1.9846035411855272,1298.9999999999782,-1,2025,9
TP,2.0,1.9957109157194939,4663.000000000011,-1,2025,12
TP,2.0,1.9957109157194939,4663.000000000011,-1,2025,12
TP,2.0,1.9957109157194939,4663.000000000011,-1,2025,12
TP,2.0,1.9961629223183623,5212.299999999959,-1,2025,13
TP,2.0,1.9961629223183623,5212.299999999959,-1,2025,13
TP,2.0,1.9959546107324178,4943.900000000031,-1,2025,14
SL,-1.0,-1.0106683736064437,1874.6999999999844,-1,2025,0
TP,2.0,1.9911917554831322,2270.600000000013,1,2025,1
TP,2.0,1.9877600979192165,1633.999999999969,1,2025,0
SL,-1.0,-1.0101383890099864,1972.6999999999862,-1,2025,1
SL,-1.0,-1.0092165898617511,2170.0000000000273,-1,2025,7
SL,-1.0,-1.0162469536961813,1231.00000000004,-1,2025,8
TP,2.0,1.9910112359550562,2225.0,1,2025,12
TP,2.0,1.9910112359550562,2225.0,1,2025,12
SL,-1.0,-1.0113810959995448,1757.2999999999865,1,2025,21
SL,-1.0,-1.0113810959995448,1757.2999999999865,1,2025,21
SL,-1.0,-1.0084448760714437,2368.2999999999993,-1,2025,22
SL,-1.0,-1.0084448760714437,2368.2999999999993,-1,2025,22
SL,-1.0,-1.0286532951289398,698.0000000000018,1,2025,0
SL,-1.0,-1.018921475875118,1057.0000000000164,-1,2025,1
SL,-1.0,-1.045558086560361,439.00000000003274,1,2025,2
SL,-1.0,-1.0133155792276964,1501.9999999999982,1,2025,3
TP,2.0,1.992644354542111,2719.0000000000055,-1,2025,7
TP,2.0,1.992644354542111,2719.0000000000055,-1,2025,7
TP,2.0,1.992644354542111,2719.0000000000055,-1,2025,7
SL,-1.0,-1.0085287846481876,2344.999999999982,1,2025,11
TP,2.0,1.9943534726143421,3541.999999999962,-1,2025,13
SL,-1.0,-1.0126103404791928,1586.0000000000127,1,2025,16
TP,2.0,1.9933087989294078,2988.9999999999873,-1,2025,1
SL,-1.0,-1.019866891824774,1006.7000000000007,1,2025,3
TP,2.0,1.9853264856933233,1362.9999999999654,-1,2025,4
SL,-1.0,-1.0264900662251666,754.9999999999727,1,2025,0
SL,-1.0,-1.0151630022744502,1319.0000000000055,-1,2025,1
SL,-1.0,-1.0190785080606692,1048.3000000000175,1,2025,8
SL,-1.0,-1.0170357751277679,1174.0000000000236,-1,2025,10
TP,2.0,1.9912049252418644,2273.999999999978,1,2025,2
fuera,0.8011964902951483,0.795878755650107,3760.9999999999673,1,2025,3
SL,-1.0,-1.0139149794754052,1437.3000000000047,-1,2025,4
TP,2.0,1.9753299617614406,810.6999999999971,1,2025,18
SL,-1.0,-1.0093488524283645,2139.300000000003,1,2025,21
TP,2.0,1.9766818234814043,857.7000000000226,-1,2025,21
SL,-1.0,-1.0169779286926992,1178.00000000002,-1,2025,23
TP,2.0,1.9902629016553068,2054.000000000042,-1,2025,0
TP,2.0,1.9902629016553068,2054.000000000042,-1,2025,0
SL,-1.0,-1.014869888475836,1345.0000000000273,1,2025,6
SL,-1.0,-1.0116686114352393,1713.9999999999873,-1,2025,0
SL,-1.0,-1.0116686114352393,1713.9999999999873,-1,2025,0
SL,-1.0,-1.006578947368421,3040.000000000009,1,2025,1
SL,-1.0,-1.006578947368421,3040.000000000009,1,2025,1
SL,-1.0,-1.0341880341880347,584.9999999999909,-1,2025,1
SL,-1.0,-1.01453488372093,1376.0000000000218,1,2025,2
SL,-1.0,-1.0169448445310516,1180.2999999999884,1,2025,7
TP,2.0,1.9763872491145213,846.99999999998,-1,2025,8
TP,2.0,1.9909420289855073,2208.000000000038,-1,2025,15
SL,-1.0,-1.0154798761609907,1292.0000000000073,-1,2025,0
SL,-1.0,-1.0181159420289856,1103.9999999999964,1,2025,2
SL,-1.0,-1.0144196106705121,1386.999999999989,-1,2025,5
SL,-1.0,-1.0108283703302654,1846.99999999998,1,2025,6
SL,-1.0,-1.009621397989128,2078.6999999999807,-1,2025,14
SL,-1.0,-1.009621397989128,2078.6999999999807,-1,2025,14
SL,-1.0,-1.0162074554294973,1234.0000000000146,1,2025,16
SL,-1.0,-1.0451467268623043,442.99999999998363,-1,2025,3
SL,-1.0,-1.0190839694656488,1048.0000000000018,1,2025,4
SL,-1.0,-1.0586510263929645,340.99999999998545,-1,2025,4
SL,-1.0,-1.0146092037983934,1368.99999999996,-1,2025,5
SL,-1.0,-1.022675736961452,881.9999999999709,1,2025,7
SL,-1.0,-1.0265957446808511,751.9999999999982,1,2025,8
SL,-1.0,-1.0302114803625382,661.9999999999891,1,2025,0
TP,2.0,1.9780701754385963,911.9999999999891,1,2025,2
SL,-1.0,-1.0630914826498408,317.0000000000073,-1,2025,5
TP,2.0,1.9783315276273024,923.0000000000018,1,2025,6
SL,-1.0,-1.013764624913971,1453.00000000002,1,2025,7
SL,-1.0,-1.013764624913971,1453.00000000002,1,2025,7
SL,-1.0,-1.009704027171276,2061.0000000000127,-1,2025,14
SL,-1.0,-1.009704027171276,2061.0000000000127,-1,2025,14
SL,-1.0,-1.0369685767097976,540.9999999999854,-1,2025,21
SL,-1.0,-1.0332225913621262,601.9999999999982,-1,2025,0
SL,-1.0,-1.013793103448276,1450.0,1,2025,1
SL,-1.0,-1.013793103448276,1450.0,1,2025,1
SL,-1.0,-1.013793103448276,1450.0,1,2025,1
SL,-1.0,-1.0251572327044032,794.9999999999818,-1,2025,2
SL,-1.0,-1.0251572327044032,794.9999999999818,-1,2025,2
fuera,0.35575356415479253,0.34557026476579045,1963.9999999999873,-1,2025,16
TP,2.0,1.9866104304746606,1493.7000000000353,1,2025,23
TP,2.0,1.9781420765027324,915.0000000000091,1,2025,0
TP,2.0,1.9781420765027324,915.0000000000091,1,2025,0
TP,2.0,1.9920191540303271,2505.9999999999945,1,2025,1
SL,-1.0,-1.013642564802183,1465.9999999999854,1,2025,0
SL,-1.0,-1.0102774922918807,1946.0000000000036,-1,2025,15
SL,-1.0,-1.0371747211895903,538.0000000000109,1,2025,2
SL,-1.0,-1.0149812734082393,1335.0000000000364,-1,2025,3
SL,-1.0,-1.0042825635425365,4670.100000000002,1,2025,15
SL,-1.0,-1.0087834870443568,2276.9999999999527,1,2025,3
SL,-1.0,-1.0200803212851406,996.0000000000036,-1,2025,4
TP,2.0,1.9842196623007733,1267.3999999999978,1,2025,18
TP,2.0,1.9945916711736074,3697.9999999999563,-1,2025,11
TP,2.0,1.9945916711736074,3697.9999999999563,-1,2025,11
TP,2.0,1.9918633034987794,2457.9999999999927,-1,2025,12
fuera,-0.46120063191153043,-0.46436018957345776,6330.000000000018,-1,2025,13
fuera,-0.46120063191153043,-0.46436018957345776,6330.000000000018,-1,2025,13
SL,-1.0,-1.0082508250825082,2424.0000000000236,1,2025,16
SL,-1.0,-1.0082508250825082,2424.0000000000236,1,2025,16
TP,2.0,1.9801921362781019,1009.6999999999753,-1,2025,23
TP,2.0,1.9801921362781019,1009.6999999999753,-1,2025,23
SL,-1.0,-1.0132511760418734,1509.3000000000302,-1,2025,0
TP,2.0,1.9812909260991574,1068.99999999996,-1,2025,1
SL,-1.0,-1.0152905198776754,1308.0000000000382,1,2025,3
SL,-1.0,-1.0097991180793728,2040.9999999999854,-1,2025,5
SL,-1.0,-1.0037071362372567,5395.000000000027,-1,2025,19
SL,-1.0,-1.0058702670971529,3406.999999999971,1,2025,20
SL,-1.0,-1.0156494522691708,1277.9999999999745,1,2025,0
SL,-1.0,-1.0099453008453505,2011.0000000000127,-1,2025,1
TP,2.0,1.9650104968509468,571.6000000000349,1,2025,4
SL,-1.0,-1.011990407673861,1667.9999999999836,-1,2025,14
SL,-1.0,-1.016393442622951,1219.9999999999818,1,2025,17
SL,-1.0,-1.022296544035675,896.99999999998,-1,2025,0
TP,2.0,1.9900975392385007,2019.7000000000116,1,2025,2
SL,-1.0,-1.0093984962406015,2127.9999999999745,1,2025,5
SL,-1.0,-1.0062150403977626,3217.9999999999836,1,2025,9
SL,-1.0,-1.0062150403977626,3217.9999999999836,1,2025,9
TP,2.0,1.9944690265486726,3615.9999999999854,-1,2025,15
TP,2.0,1.9944690265486726,3615.9999999999854,-1,2025,15
SL,-1.0,-1.0083647009619408,2390.9999999999854,-1,2025,16
TP,2.0,1.9256505576208067,268.99999999996,1,2025,0
TP,2.0,1.9711815561959676,694.0000000000509,-1,2025,0
TP,2.0,1.992782389029231,2770.999999999958,-1,2025,1
TP,2.0,1.992782389029231,2770.999999999958,-1,2025,1
SL,-1.0,-1.007485870419583,2671.70000000001,1,2025,2
SL,-1.0,-1.013605442176871,1469.9999999999818,-1,2025,2
SL,-1.0,-1.0268096514745306,746.0000000000036,1,2025,3
SL,-1.0,-1.0096292729898892,2076.999999999998,1,2025,14
SL,-1.0,-1.0059880239520957,3340.000000000009,-1,2025,16
SL,-1.0,-1.0330578512396684,605.0000000000182,-1,2025,1
SL,-1.0,-1.0293255131964802,682.0000000000164,1,2025,3
SL,-1.0,-1.0197044334975367,1015.0000000000091,-1,2025,4
SL,-1.0,-1.00620925178516,3221.0000000000036,-1,2025,6
TP,2.0,1.9893390191897655,1876.0000000000218,1,2025,8
SL,-1.0,-1.0097580015612801,2049.6000000000095,1,2025,13
SL,-1.0,-1.0158478605388275,1261.999999999989,-1,2025,14
SL,-1.0,-1.0054097917230187,3697.0000000000255,1,2025,16
SL,-1.0,-1.021591277124042,926.299999999992,1,2025,0
SL,-1.0,-1.0068509574212996,2919.300000000021,-1,2025,1
SL,-1.0,-1.0068509574212996,2919.300000000021,-1,2025,1
TP,2.0,1.9769850402761797,869.0000000000055,1,2025,7
TP,2.0,1.9864498644986452,1476.0000000000218,1,2025,12
SL,-1.0,-1.0540540540540566,369.9999999999818,-1,2025,12
TP,2.0,1.9810480432104614,1055.2999999999884,1,2025,15
fuera,1.369311193111924,1.363161131611309,3251.999999999998,1,2025,18
fuera,1.369311193111924,1.363161131611309,3251.999999999998,1,2025,18
SL,-1.0,-1.1834862385320857,109.00000000001455,-1,2025,20
SL,-1.0,-1.040209087253718,497.400000000016,1,2025,21
SL,-1.0,-1.0134111178166696,1491.3000000000466,-1,2025,0
SL,-1.0,-1.0134111178166696,1491.3000000000466,-1,2025,0
SL,-1.0,-1.0163398692810461,1223.9999999999782,1,2025,1
SL,-1.0,-1.0112151629002408,1783.3000000000538,1,2025,2
TP,2.0,1.9682237051159828,629.3999999999869,1,2025,8
TP,2.0,1.9796334012219972,982.0000000000618,1,2025,1
SL,-1.0,-1.0139275766016707,1436.0000000000582,1,2025,2
SL,-1.0,-1.0157604412923555,1269.000000000051,-1,2025,6
SL,-1.0,-1.013477088948787,1484.0000000000146,-1,2025,14
SL,-1.0,-1.0181159420289856,1103.9999999999964,-1,2025,1
SL,-1.0,-1.0613496932515296,326.0000000000218,1,2025,3
SL,-1.0,-1.0441208912419997,453.30000000003565,1,2025,7
SL,-1.0,-1.0112359550561796,1780.0000000000182,1,2025,0
SL,-1.0,-1.0112359550561796,1780.0000000000182,1,2025,0
TP,2.0,1.9888330541596873,1790.9999999999854,1,2025,8
SL,-1.0,-1.029585798816567,676.0000000000218,-1,2025,8
SL,-1.0,-1.0751879699248161,265.99999999998545,-1,2025,9
SL,-1.0,-1.023408239700375,854.3999999999869,-1,2025,23
TP,2.0,1.983961507618283,1246.9999999999345,1,2025,0
TP,2.0,1.983961507618283,1246.9999999999345,1,2025,0
SL,-1.0,-1.0117233294255565,1706.00000000004,-1,2025,5
SL,-1.0,-1.0122399020807833,1634.0000000000146,-1,2025,16
TP,2.0,1.932203389830525,295.00000000007276,-1,2025,0
SL,-1.0,-1.009337068160598,2141.9999999999163,1,2025,1
SL,-1.0,-1.009337068160598,2141.9999999999163,1,2025,1
TP,2.0,1.9852180339985215,1352.9999999999745,-1,2025,6
SL,-1.0,-1.0094384143463895,2119.000000000051,-1,2025,9
TP,2.0,1.9828030954428204,1163.000000000011,-1,2025,14
TP,2.0,1.9654993962394371,579.700000000048,1,2025,15
SL,-1.0,-1.0039872408293462,5015.999999999985,-1,2025,15
TP,2.0,1.9889563776918828,1810.9999999999673,1,2025,16
TP,2.0,1.9727520435967307,734.0000000000146,1,2025,0
SL,-1.0,-1.029806259314456,671.0000000000036,-1,2025,1
SL,-1.0,-1.016116035455277,1241.0000000000764,1,2025,2
TP,2.0,1.9141630901287527,232.99999999999272,-1,2025,2
SL,-1.0,-1.0368324125230184,543.0000000000291,-1,2025,9
SL,-1.0,-1.0076054302772177,2629.700000000048,1,2025,13
SL,-1.0,-1.0076054302772177,2629.700000000048,1,2025,13
SL,-1.0,-1.0076054302772177,2629.700000000048,1,2025,13
SL,-1.0,-1.0068073519400953,2938.000000000011,-1,2025,14
SL,-1.0,-1.0068073519400953,2938.000000000011,-1,2025,14
SL,-1.0,-1.0280504908835901,713.0000000000109,1,2025,0
SL,-1.0,-1.047961630695443,417.0000000000073,-1,2025,0
TP,2.0,1.9769053117782907,865.9999999999854,-1,2025,2
SL,-1.0,-1.023696682464456,843.99999999996,1,2025,3
SL,-1.0,-1.0111234705228027,1798.0000000000473,-1,2025,5
SL,-1.0,-1.0218579234972665,915.0000000000546,1,2025,16
SL,-1.0,-1.0228050171037617,877.0000000000437,-1,2025,0
TP,2.0,1.9809885931558926,1051.9999999999527,1,2025,2
TP,2.0,1.977142857142857,875.0,1,2025,4
TP,2.0,1.9677938808373594,621.0000000000036,1,2025,5
SL,-1.0,-1.0320512820512833,623.9999999999782,-1,2025,7
SL,-1.0,-1.0320512820512833,623.9999999999782,-1,2025,7
fuera,0.5504587155963194,0.5351681957186435,1307.9999999999927,1,2025,13
fuera,0.5504587155963194,0.5351681957186435,1307.9999999999927,1,2025,13
fuera,0.005204460966521183,-0.009665427509315452,1344.9999999999818,1,2025,14
SL,-1.0,-1.01779359430605,1123.9999999999782,1,2025,0
SL,-1.0,-1.0186863496216023,1070.299999999952,-1,2025,1
SL,-1.0,-1.014440433212996,1385.0000000000364,-1,2025,15
SL,-1.0,-1.014440433212996,1385.0000000000364,-1,2025,15
SL,-1.0,-1.014440433212996,1385.0000000000364,-1,2025,15
SL,-1.0,-1.0213675213675222,935.9999999999673,1,2025,17
SL,-1.0,-1.0213675213675222,935.9999999999673,1,2025,17
SL,-1.0,-1.0213675213675222,935.9999999999673,1,2025,17
SL,-1.0,-1.0380228136882113,526.0000000000218,-1,2025,0
SL,-1.0,-1.0380228136882113,526.0000000000218,-1,2025,0
SL,-1.0,-1.0380228136882113,526.0000000000218,-1,2025,0
SL,-1.0,-1.0267737617135198,747.0000000000255,1,2025,1
SL,-1.0,-1.0267737617135198,747.0000000000255,1,2025,1
SL,-1.0,-1.0267737617135198,747.0000000000255,1,2025,1
TP,2.0,1.9832073887489503,1190.9999999999854,1,2025,6
TP,2.0,1.9832073887489503,1190.9999999999854,1,2025,6
SL,-1.0,-1.0164785367059397,1213.7000000000626,1,2025,9
SL,-1.0,-1.0294117647058816,680.0000000000182,-1,2025,13
TP,2.0,1.9783549783549799,924.0000000000691,-1,2025,16
TP,2.0,1.9783549783549799,924.0000000000691,-1,2025,16
SL,-1.0,-1.0207039337474104,966.0000000000764,1,2025,5
SL,-1.0,-1.022935779816513,872.0000000000255,-1,2025,8
SL,-1.0,-1.117647058823479,170.00000000007276,1,2025,9
SL,-1.0,-1.0325732899022833,613.9999999999418,-1,2025,9
SL,-1.0,-1.0604229607250681,331.00000000004,-1,2025,10
TP,2.0,1.9576271186440701,472.00000000002547,1,2025,11
SL,-1.0,-1.0628930817610005,318.0000000000291,-1,2025,19
SL,-1.0,-1.0628930817610005,318.0000000000291,-1,2025,19
SL,-1.0,-1.010861891055233,1841.2999999999556,1,2025,20
SL,-1.0,-1.010861891055233,1841.2999999999556,1,2025,20
SL,-1.0,-1.010861891055233,1841.2999999999556,1,2025,20
SL,-1.0,-1.0251889168765727,794.0000000000509,-1,2025,0
SL,-1.0,-1.1117318435754213,178.99999999999636,1,2025,2
SL,-1.0,-1.0244798041615666,817.0000000000073,-1,2025,3
SL,-1.0,-1.0244798041615666,817.0000000000073,-1,2025,3
SL,-1.0,-1.0170794192997437,1171.0000000000036,1,2025,12
TP,2.0,1.993290841999329,2980.999999999949,1,2025,15
SL,-1.0,-1.0368324125230184,543.0000000000291,-1,2025,15
TP,2.0,1.9914893617021276,2350.0,1,2025,16
TP,2.0,1.965753424657535,584.0000000000146,1,2025,7
SL,-1.0,-1.0135869565217388,1472.0000000000255,-1,2025,16
SL,-1.0,-1.011737089201878,1703.9999999999964,1,2025,1
SL,-1.0,-1.0161943319838065,1234.9999999999454,1,2025,16
SL,-1.0,-1.0161943319838065,1234.9999999999454,1,2025,16
SL,-1.0,-1.009394081728511,2128.9999999999964,-1,2025,16
SL,-1.0,-1.0372439478584738,536.9999999999891,-1,2025,0
SL,-1.0,-1.0207039337474124,965.9999999999854,1,2025,1
SL,-1.0,-1.0088613203367303,2256.999999999971,-1,2025,2
SL,-1.0,-1.0193423597678914,1034.0000000000146,1,2025,3
SL,-1.0,-1.0193423597678914,1034.0000000000146,1,2025,3
SL,-1.0,-1.024420024420023,819.0000000000509,-1,2025,5
SL,-1.0,-1.024420024420023,819.0000000000509,-1,2025,5
TP,2.0,1.9886941775014135,1769.000000000051,1,2025,12
TP,2.0,1.9644128113879054,562.00000000008,1,2025,0
TP,2.0,1.9769770922067453,868.6999999999898,-1,2025,5
SL,-1.0,-1.007401102764312,2702.300000000014,1,2025,13
TP,2.0,1.9753997539975403,813.0000000000109,-1,2025,0
SL,-1.0,-1.0091407678244977,2187.99999999992,1,2025,13
SL,-1.0,-1.008880994671403,2252.0000000000437,1,2025,16
SL,-1.0,-1.008880994671403,2252.0000000000437,1,2025,16
SL,-1.0,-1.008880994671403,2252.0000000000437,1,2025,16
fuera,-0.19233844103931572,-0.19900066622252682,3002.0000000000437,-1,2025,17
fuera,-0.19233844103931572,-0.19900066622252682,3002.0000000000437,-1,2025,17
fuera,-0.19233844103931572,-0.19900066622252682,3002.0000000000437,-1,2025,17
SL,-1.0,-1.0207468879668042,964.0000000000327,-1,2025,0
fuera,-0.5518844221105539,-0.5644472361809056,1592.0000000000073,1,2025,15
SL,-1.0,-1.1492537313432674,134.00000000001455,-1,2025,15
SL,-1.0,-1.0254452926208661,785.9999999999673,1,2025,16
SL,-1.0,-1.0427076660260517,468.2999999999993,-1,2025,16
SL,-1.0,-1.0307361303211902,650.7000000000517,1,2025,17
TP,2.0,1.9890590809628008,1827.9999999999745,1,2025,23
TP,2.0,1.9890590809628008,1827.9999999999745,1,2025,23
TP,2.0,1.979777553083922,988.9999999999418,1,2025,0
TP,2.0,1.979777553083922,988.9999999999418,1,2025,0
TP,2.0,1.990732159406858,2157.9999999999927,1,2025,1
TP,2.0,1.9841269841269846,1260.0000000000364,1,2025,0
SL,-1.0,-1.005846243788366,3421.0000000000036,-1,2025,14
SL,-1.0,-1.017773038300898,1125.2999999999702,1,2025,0
SL,-1.0,-1.0047892720306513,4176.000000000022,-1,2025,2
TP,2.0,1.951338199513378,410.99999999996726,1,2025,14
SL,-1.0,-1.0110864745011088,1803.9999999999964,-1,2025,15
SL,-1.0,-1.007877116975187,2539.0000000000327,1,2025,0
SL,-1.0,-1.007877116975187,2539.0000000000327,1,2025,0
SL,-1.0,-1.0073719130114265,2713.000000000011,-1,2025,1
SL,-1.0,-1.0073719130114265,2713.000000000011,-1,2025,1
SL,-1.0,-1.007415647015202,2697.0000000000255,1,2025,15
SL,-1.0,-1.0523149359141992,382.300000000032,1,2025,23
SL,-1.0,-1.007843137254902,2550.0,1,2025,0
SL,-1.0,-1.007843137254902,2550.0,1,2025,0
TP,2.0,1.9934527122139654,3054.700000000048,-1,2025,0
TP,2.0,1.9934527122139654,3054.700000000048,-1,2025,0
TP,2.0,1.9934527122139654,3054.700000000048,-1,2025,0
TP,2.0,1.9934527122139654,3054.700000000048,-1,2025,0
SL,-1.0,-1.0124223602484477,1609.9999999999454,1,2025,2
SL,-1.0,-1.0124223602484477,1609.9999999999454,1,2025,2
TP,2.0,1.9943779164558384,3557.3999999999614,-1,2025,6
TP,2.0,1.9943779164558384,3557.3999999999614,-1,2025,6
SL,-1.0,-1.0067934782608694,2944.000000000051,1,2025,7
TP,2.0,1.9905704856199906,2121.0000000000036,-1,2025,11
TP,2.0,1.9956722134464329,4621.299999999974,-1,2025,13
SL,-1.0,-1.0034782608695652,5750.0,-1,2025,5
SL,-1.0,-1.0034782608695652,5750.0,-1,2025,5
fuera,-0.17866884382016032,-0.1823799009147737,5389.300000000003,1,2025,6
fuera,-0.17866884382016032,-0.1823799009147737,5389.300000000003,1,2025,6
