dia,ses,lado,entrada,stop,riesgo,edad,ts,R,motivo,ins
2020-01-02,Londres,1,1.1212,1.12041,0.0007900000000000684,2,2020-01-02 08:59:00,-1.0,SL,EURUSD
2020-01-03,NY,-1,1.11719,1.11808,0.0008900000000000574,2,2020-01-03 16:59:00,2.0,TP,EURUSD
2020-01-06,Asia,-1,1.11604,1.11687,0.0008300000000001084,1,2020-01-05 23:59:00,-1.0,SL,EURUSD
2020-01-07,Asia,1,1.1183,1.11818,0.00012000000000012001,9,2020-01-07 05:59:00,-1.0,SL,EURUSD
2020-01-08,Asia,1,1.11586,1.11515,0.0007099999999999884,6,2020-01-08 00:59:00,-1.0,SL,EURUSD
2020-01-09,Asia,1,1.11174,1.111,0.0007399999999999629,2,2020-01-09 01:59:00,-1.0,SL,EURUSD
2020-01-10,Asia,1,1.11093,1.11053,0.00039999999999995595,3,2020-01-09 23:59:00,-1.0,SL,EURUSD
2020-01-13,Asia,-1,1.11161,1.11192,0.00031000000000003247,5,2020-01-12 23:59:00,-1.0,SL,EURUSD
2020-01-14,Asia,-1,1.11344,1.11375,0.00031000000000003247,2,2020-01-13 23:59:00,-1.0,SL,EURUSD
2020-01-15,Asia,1,1.11331,1.11287,0.00043999999999999595,3,2020-01-15 04:59:00,-1.0,SL,EURUSD
2020-01-16,Asia,-1,1.11548,1.1159,0.0004199999999998649,2,2020-01-16 00:59:00,2.0,TP,EURUSD
2020-01-17,Asia,-1,1.11362,1.11435,0.0007299999999998974,6,2020-01-17 02:59:00,2.0,TP,EURUSD
2020-01-20,Asia,1,1.10946,1.10879,0.0006699999999999484,1,2020-01-19 23:59:00,-1.0,SL,EURUSD
2020-01-21,Asia,-1,1.10923,1.10978,0.0005500000000000504,4,2020-01-21 00:59:00,-1.0,SL,EURUSD
2020-01-22,Asia,1,1.10818,1.10766,0.0005199999999998539,1,2020-01-22 01:59:00,-1.0,SL,EURUSD
2020-01-23,Asia,-1,1.10872,1.11006,0.0013400000000001189,1,2020-01-23 00:59:00,-1.0,SL,EURUSD
2020-01-24,Londres,1,1.10511,1.10416,0.0009500000000000064,1,2020-01-24 07:59:00,-1.0,SL,EURUSD
2020-01-27,Asia,-1,1.10245,1.10353,0.0010799999999999699,1,2020-01-26 23:59:00,-1.0,SL,EURUSD
2020-01-28,Asia,1,1.10199,1.10182,0.00017000000000000348,5,2020-01-28 01:59:00,-1.0,SL,EURUSD
2020-01-29,Asia,-1,1.10226,1.10286,0.0005999999999999339,1,2020-01-29 00:59:00,2.0,TP,EURUSD
2020-01-30,Asia,-1,1.10138,1.10189,0.0005100000000000104,2,2020-01-29 23:59:00,-1.0,SL,EURUSD
2020-01-31,Asia,-1,1.10285,1.1034,0.0005499999999998284,10,2020-01-30 23:59:00,2.0,TP,EURUSD
2020-02-03,Asia,1,1.10817,1.10789,0.000280000000000058,1,2020-02-03 00:59:00,2.0,TP,EURUSD
2020-02-04,Asia,1,1.10586,1.10546,0.00039999999999995595,2,2020-02-04 02:59:00,-1.0,SL,EURUSD
2020-02-05,Asia,1,1.10431,1.1041,0.00020999999999982144,2,2020-02-05 00:59:00,-1.0,SL,EURUSD
2020-02-06,Londres,-1,1.09955,1.10148,0.0019299999999999873,1,2020-02-06 08:59:00,2.0,TP,EURUSD
2020-02-07,Londres,1,1.09646,1.09496,0.0015000000000000568,2,2020-02-07 12:59:00,-1.0,SL,EURUSD
2020-02-10,Asia,1,1.09491,1.09418,0.0007300000000001194,3,2020-02-09 23:59:00,-1.0,SL,EURUSD
2020-02-11,Londres,1,1.09142,1.09046,0.0009600000000000719,1,2020-02-11 07:59:00,-1.0,SL,EURUSD
2020-02-12,Asia,-1,1.09129,1.092,0.0007099999999999884,3,2020-02-12 00:59:00,2.0,TP,EURUSD
2020-02-13,Asia,1,1.0869,1.08642,0.00048000000000003595,1,2020-02-13 04:59:00,2.0,TP,EURUSD
2020-02-14,Asia,1,1.0838,1.08261,0.0011900000000000244,1,2020-02-14 00:59:00,-0.18487394957991973,tiempo,EURUSD
2020-02-17,Asia,-1,1.08411,1.08426,0.0001500000000000945,1,2020-02-16 23:59:00,2.0,TP,EURUSD
2020-02-18,Asia,1,1.08366,1.0834,0.000260000000000149,2,2020-02-17 23:59:00,-1.0,SL,EURUSD
2020-02-19,Londres,-1,1.08018,1.08055,0.00036999999999998145,1,2020-02-19 07:59:00,-1.0,SL,EURUSD
2020-02-20,Asia,-1,1.08111,1.08162,0.0005100000000000104,1,2020-02-20 00:59:00,2.0,TP,EURUSD
2020-02-21,Asia,1,1.07875,1.07839,0.000360000000000138,3,2020-02-20 23:59:00,2.0,TP,EURUSD
2020-02-24,Asia,-1,1.08312,1.08433,0.0012099999999999334,1,2020-02-24 00:59:00,2.0,TP,EURUSD
2020-02-25,Asia,-1,1.08634,1.08656,0.00021999999999988695,5,2020-02-25 02:59:00,-1.0,SL,EURUSD
2020-02-26,Asia,-1,1.08697,1.08806,0.0010900000000000354,4,2020-02-26 00:59:00,-1.0,SL,EURUSD
2020-02-27,Asia,-1,1.08979,1.0914,0.0016099999999998893,1,2020-02-27 00:59:00,-1.0,SL,EURUSD
2020-02-28,Asia,-1,1.1001,1.1009,0.0007999999999999119,1,2020-02-28 06:59:00,-1.0,SL,EURUSD
2020-03-02,Asia,-1,1.10515,1.10749,0.0023400000000000087,3,2020-03-01 23:59:00,-1.0,SL,EURUSD
2020-03-03,Londres,-1,1.11199,1.11479,0.0027999999999999137,3,2020-03-03 07:59:00,-1.0,SL,EURUSD
2020-03-04,Asia,-1,1.11765,1.1186,0.0009500000000000064,4,2020-03-03 23:59:00,2.0,TP,EURUSD
2020-03-05,Londres,1,1.1123,1.11185,0.00045000000000006146,7,2020-03-05 07:59:00,2.0,TP,EURUSD
2020-03-06,Asia,-1,1.12319,1.12497,0.0017800000000001148,1,2020-03-06 02:59:00,-1.0,SL,EURUSD
2020-03-09,Asia,-1,1.13816,1.14261,0.004449999999999843,1,2020-03-09 04:59:00,-1.0,SL,EURUSD
2020-03-10,Asia,-1,1.13848,1.14261,0.004129999999999967,4,2020-03-09 23:59:00,2.0,TP,EURUSD
2020-03-11,Asia,1,1.13374,1.13271,0.0010299999999998644,2,2020-03-11 03:59:00,2.0,TP,EURUSD
2020-03-12,Asia,1,1.1319,1.1265,0.005399999999999849,2,2020-03-12 00:59:00,-1.0,SL,EURUSD
2020-03-13,Asia,1,1.12071,1.11756,0.003149999999999986,2,2020-03-13 01:59:00,-1.0,SL,EURUSD
2020-03-16,Asia,-1,1.11177,1.11699,0.005220000000000002,2,2020-03-15 23:59:00,-1.0,SL,EURUSD
2020-03-17,Asia,-1,1.11736,1.11901,0.0016500000000001513,1,2020-03-17 01:59:00,2.0,TP,EURUSD
2020-03-18,Asia,-1,1.10033,1.10402,0.003689999999999971,1,2020-03-18 05:59:00,2.0,TP,EURUSD
2020-03-19,Asia,1,1.09086,1.0884800000000001,0.0023799999999998267,2,2020-03-19 00:59:00,-1.0,SL,EURUSD
2020-03-20,Asia,1,1.06637,1.06517,0.0012000000000000899,1,2020-03-19 23:59:00,2.0,TP,EURUSD
2020-03-23,Asia,-1,1.06785,1.07066,0.002809999999999979,1,2020-03-22 23:59:00,-1.0,SL,EURUSD
2020-03-24,Asia,-1,1.07957,1.08115,0.0015800000000001369,2,2020-03-23 23:59:00,-1.0,SL,EURUSD
2020-03-25,Asia,1,1.08065,1.07828,0.0023700000000002053,2,2020-03-25 00:59:00,2.0,TP,EURUSD
2020-03-27,Asia,-1,1.10582,1.108,0.0021800000000000708,1,2020-03-27 03:59:00,2.0,TP,EURUSD
2020-03-30,Asia,1,1.11096,1.11057,0.00038999999999989043,1,2020-03-29 22:59:00,2.0,TP,EURUSD
2020-03-31,Asia,-1,1.1029,1.10426,0.0013600000000000279,6,2020-03-30 23:59:00,-1.0,SL,EURUSD
2020-04-01,Asia,-1,1.1023,1.10369,0.0013900000000000023,2,2020-03-31 22:59:00,-1.0,SL,EURUSD
2020-04-02,Asia,1,1.09427,1.09374,0.0005300000000001415,4,2020-04-02 00:59:00,2.0,TP,EURUSD
2020-04-03,NY,1,1.07894,1.07743,0.0015099999999999003,1,2020-04-03 13:59:00,-1.0,SL,EURUSD
2020-04-06,Asia,-1,1.08175,1.08224,0.0004900000000001015,1,2020-04-05 22:59:00,2.0,TP,EURUSD
2020-04-07,Asia,1,1.07849,1.07825,0.00024000000000001798,6,2020-04-06 22:59:00,2.0,TP,EURUSD
2020-04-08,Asia,-1,1.08922,1.08972,0.0004999999999999449,2,2020-04-07 22:59:00,-1.0,SL,EURUSD
2020-04-09,Asia,1,1.08589,1.08535,0.0005399999999999849,3,2020-04-08 22:59:00,2.0,TP,EURUSD
2020-04-10,Asia,-1,1.09226,1.0936299999999999,0.0013699999999998713,7,2020-04-09 23:59:00,-1.0,SL,EURUSD
2020-04-13,Asia,1,1.09362,1.09315,0.00046999999999997044,3,2020-04-12 22:59:00,-1.0,SL,EURUSD
2020-04-14,Asia,1,1.09198,1.09135,0.0006299999999999084,7,2020-04-13 23:59:00,2.0,TP,EURUSD
2020-04-15,Asia,-1,1.09632,1.09771,0.0013900000000000023,2,2020-04-15 05:59:00,2.0,TP,EURUSD
2020-04-16,Asia,1,1.09037,1.08989,0.00048000000000003595,2,2020-04-15 23:59:00,-1.0,SL,EURUSD
2020-04-17,Asia,1,1.08606,1.08505,0.0010099999999999554,2,2020-04-16 22:59:00,-1.0,SL,EURUSD
2020-04-20,Asia,-1,1.08635,1.08717,0.0008200000000000429,3,2020-04-19 23:59:00,-1.0,SL,EURUSD
2020-04-21,Asia,1,1.08642,1.0861,0.00031999999999987594,4,2020-04-20 22:59:00,-1.0,SL,EURUSD
2020-04-22,Asia,1,1.08563,1.08514,0.0004900000000001015,6,2020-04-21 23:59:00,-1.0,SL,EURUSD
2020-04-23,Asia,1,1.08179,1.081,0.0007900000000000684,4,2020-04-23 01:59:00,-1.0,SL,EURUSD
2020-04-24,Asia,1,1.07662,1.07602,0.0005999999999999339,1,2020-04-24 00:59:00,-1.0,SL,EURUSD
2020-04-27,Asia,1,1.08209,1.08146,0.0006299999999999084,1,2020-04-26 23:59:00,-1.0,SL,EURUSD
2020-04-28,Asia,-1,1.08286,1.08313,0.00026999999999999247,5,2020-04-27 22:59:00,2.0,TP,EURUSD
2020-04-29,Asia,1,1.08416,1.08298,0.0011799999999999589,5,2020-04-29 00:59:00,2.0,TP,EURUSD
2020-04-30,Asia,-1,1.0859,1.08781,0.0019099999999998563,2,2020-04-30 00:59:00,-1.0,SL,EURUSD
2020-05-01,NY,-1,1.09875,1.10004,0.0012900000000000134,1,2020-05-01 16:59:00,2.0,TP,EURUSD
2020-05-04,Asia,-1,1.09563,1.0974599999999999,0.0018299999999997763,1,2020-05-03 22:59:00,2.0,TP,EURUSD
2020-05-05,Londres,1,1.08985,1.0884,0.0014499999999999513,2,2020-05-05 07:59:00,-1.0,SL,EURUSD
2020-05-06,Londres,1,1.08328,1.08152,0.0017599999999999838,1,2020-05-06 06:59:00,-1.0,SL,EURUSD
2020-05-07,Asia,1,1.07923,1.07885,0.0003799999999998249,1,2020-05-07 05:59:00,2.0,TP,EURUSD
2020-05-08,Asia,-1,1.08376,1.08418,0.0004199999999998649,1,2020-05-07 22:59:00,-1.0,SL,EURUSD
2020-05-11,Asia,-1,1.08345,1.08386,0.00041000000000002146,1,2020-05-10 22:59:00,-1.0,SL,EURUSD
2020-05-12,Asia,1,1.08097,1.0805500000000001,0.0004199999999998649,2,2020-05-11 22:59:00,-1.0,SL,EURUSD
2020-05-13,Asia,-1,1.08454,1.08524,0.0006999999999999229,2,2020-05-12 23:59:00,-1.0,SL,EURUSD
2020-05-14,Asia,-1,1.08093,1.08226,0.0013300000000000534,6,2020-05-14 01:59:00,2.0,TP,EURUSD
2020-05-15,Asia,1,1.0806,1.08019,0.00041000000000002146,3,2020-05-14 23:59:00,-1.0,SL,EURUSD
2020-05-18,Asia,-1,1.08208,1.08241,0.0003300000000001635,1,2020-05-17 22:59:00,-1.0,SL,EURUSD
2020-05-19,NY,-1,1.09256,1.09486,0.0022999999999999687,3,2020-05-19 19:59:00,-1.0,SL,EURUSD
2020-05-20,Asia,-1,1.0926,1.09283,0.00022999999999995246,4,2020-05-19 23:59:00,-1.0,SL,EURUSD
2020-05-21,Asia,-1,1.09682,1.09805,0.0012300000000000644,5,2020-05-21 00:59:00,-1.0,SL,EURUSD
2020-05-22,Asia,1,1.09505,1.09458,0.00046999999999997044,4,2020-05-21 22:59:00,-1.0,SL,EURUSD
2020-05-25,Asia,-1,1.0894,1.09034,0.0009400000000001629,1,2020-05-25 01:59:00,2.0,TP,EURUSD
2020-05-26,Asia,1,1.09016,1.08935,0.0008099999999999774,4,2020-05-25 23:59:00,2.0,TP,EURUSD
2020-05-27,Asia,-1,1.09784,1.0986,0.0007600000000000939,2,2020-05-26 23:59:00,2.0,TP,EURUSD
2020-05-28,Asia,-1,1.10265,1.10361,0.0009600000000000719,2,2020-05-28 01:59:00,2.0,TP,EURUSD
2020-05-29,Londres,-1,1.11051,1.11148,0.0009699999999999154,1,2020-05-29 07:59:00,-1.0,SL,EURUSD
2020-06-01,Asia,-1,1.11156,1.11205,0.0004899999999998794,1,2020-05-31 23:59:00,-1.0,SL,EURUSD
2020-06-02,Londres,-1,1.11185,1.11389,0.0020400000000000418,5,2020-06-02 06:59:00,-1.0,SL,EURUSD
2020-06-03,Asia,-1,1.11927,1.12022,0.0009500000000000064,1,2020-06-03 00:59:00,-1.0,SL,EURUSD
2020-06-04,Asia,-1,1.1222,1.12362,0.0014199999999999768,2,2020-06-04 00:59:00,-1.0,SL,EURUSD
2020-06-05,Londres,-1,1.13732,1.13846,0.0011399999999999189,1,2020-06-05 06:59:00,2.0,TP,EURUSD
2020-06-08,Asia,-1,1.12976,1.1317,0.0019399999999998307,1,2020-06-08 00:59:00,-1.0,SL,EURUSD
2020-06-09,Asia,1,1.12946,1.12898,0.0004799999999998139,4,2020-06-08 22:59:00,2.0,TP,EURUSD
2020-06-10,Asia,-1,1.13394,1.13457,0.0006300000000001305,8,2020-06-10 00:59:00,-1.0,SL,EURUSD
2020-06-11,Asia,-1,1.13667,1.13831,0.0016399999999998638,3,2020-06-10 23:59:00,-1.0,SL,EURUSD
2020-06-12,Asia,1,1.12984,1.1286,0.0012399999999999078,1,2020-06-11 22:59:00,-1.0,SL,EURUSD
2020-06-15,Asia,-1,1.12467,1.12527,0.0005999999999999339,1,2020-06-14 22:59:00,-1.0,SL,EURUSD
2020-06-16,Asia,1,1.13293,1.13194,0.0009900000000000464,10,2020-06-15 22:59:00,2.0,TP,EURUSD
2020-06-17,Asia,-1,1.12673,1.12741,0.0006800000000000139,5,2020-06-17 00:59:00,-1.0,SL,EURUSD
2020-06-18,Asia,1,1.12444,1.12408,0.000360000000000138,7,2020-06-17 22:59:00,-1.0,SL,EURUSD
2020-06-19,Asia,1,1.12089,1.12022,0.0006699999999999484,4,2020-06-18 22:59:00,-1.0,SL,EURUSD
2020-06-22,Asia,-1,1.11852,1.11902,0.0004999999999999449,1,2020-06-22 01:59:00,-1.0,SL,EURUSD
2020-06-23,Asia,-1,1.12669,1.1279,0.0012099999999999334,1,2020-06-23 00:59:00,2.0,TP,EURUSD
2020-06-24,Londres,-1,1.12982,1.13238,0.0025599999999998957,3,2020-06-24 07:59:00,2.0,TP,EURUSD
2020-06-25,Asia,1,1.12499,1.12471,0.00027999999999983594,1,2020-06-24 23:59:00,-1.0,SL,EURUSD
2020-06-26,Londres,1,1.12082,1.12049,0.00032999999999994145,1,2020-06-26 06:59:00,2.0,TP,EURUSD
2020-06-29,Asia,-1,1.12219,1.12277,0.0005800000000000249,4,2020-06-28 23:59:00,-1.0,SL,EURUSD
2020-06-30,Asia,1,1.12487,1.1239000000000001,0.0009699999999999154,2,2020-06-29 22:59:00,-1.0,SL,EURUSD
2020-07-01,Asia,-1,1.12306,1.12346,0.00039999999999995595,2,2020-07-01 00:59:00,-1.0,SL,EURUSD
2020-07-02,Asia,-1,1.12511,1.12551,0.00039999999999995595,6,2020-07-01 23:59:00,-1.0,SL,EURUSD
2020-07-03,Asia,-1,1.12372,1.12425,0.0005299999999999194,6,2020-07-02 23:59:00,-1.0,SL,EURUSD
2020-07-06,Asia,-1,1.12449,1.12476,0.00026999999999999247,1,2020-07-05 22:59:00,-1.0,SL,EURUSD
2020-07-07,Asia,-1,1.13128,1.1329,0.0016199999999999548,2,2020-07-07 01:59:00,2.0,TP,EURUSD
2020-07-08,Asia,1,1.12689,1.12639,0.0004999999999999449,1,2020-07-08 00:59:00,2.0,TP,EURUSD
2020-07-09,Asia,-1,1.13324,1.13346,0.00021999999999988695,6,2020-07-08 22:59:00,-1.0,SL,EURUSD
2020-07-10,Asia,-1,1.12752,1.12899,0.0014699999999998603,6,2020-07-10 00:59:00,-1.0,SL,EURUSD
2020-07-13,Asia,1,1.13194,1.13129,0.0006500000000000394,6,2020-07-13 01:59:00,2.0,TP,EURUSD
2020-07-14,Asia,-1,1.13447,1.13511,0.0006399999999999739,8,2020-07-13 22:59:00,2.0,TP,EURUSD
2020-07-15,Asia,-1,1.14026,1.14128,0.0010200000000000209,1,2020-07-15 02:59:00,-1.0,SL,EURUSD
2020-07-16,Asia,1,1.14031,1.13992,0.00038999999999989043,1,2020-07-16 02:59:00,-1.0,SL,EURUSD
2020-07-17,Asia,1,1.1381,1.13764,0.00045999999999990493,2,2020-07-17 01:59:00,2.0,TP,EURUSD
2020-07-20,Asia,-1,1.14354,1.1444,0.0008600000000000829,5,2020-07-19 22:59:00,-1.0,SL,EURUSD
2020-07-21,Asia,-1,1.14557,1.14596,0.0003900000000001125,3,2020-07-20 23:59:00,-1.0,SL,EURUSD
2020-07-22,Asia,-1,1.1535,1.15433,0.0008300000000001084,1,2020-07-21 23:59:00,-1.0,SL,EURUSD
2020-07-23,Asia,-1,1.15803,1.15848,0.00045000000000006146,2,2020-07-23 04:59:00,-1.0,SL,EURUSD
2020-07-24,Asia,-1,1.15952,1.16035,0.0008299999999998864,2,2020-07-23 23:59:00,-1.0,SL,EURUSD
2020-07-27,NY,-1,1.1739,1.17652,0.0026200000000000667,1,2020-07-27 12:59:00,-1.0,SL,EURUSD
2020-07-28,Asia,-1,1.17446,1.17641,0.0019499999999998963,2,2020-07-28 02:59:00,2.0,TP,EURUSD
2020-07-29,Asia,1,1.17214,1.17129,0.0008500000000000174,3,2020-07-29 00:59:00,2.0,TP,EURUSD
2020-07-30,Asia,-1,1.17806,1.17907,0.0010099999999999554,7,2020-07-29 23:59:00,2.0,TP,EURUSD
2020-07-31,Asia,-1,1.18479,1.18496,0.00017000000000000348,1,2020-07-30 22:59:00,2.0,TP,EURUSD
2020-08-03,Asia,-1,1.1781,1.17976,0.0016599999999999948,7,2020-08-02 23:59:00,2.0,TP,EURUSD
2020-08-04,Asia,-1,1.17603,1.17668,0.0006500000000000394,9,2020-08-03 22:59:00,-1.0,SL,EURUSD
2020-08-05,Asia,-1,1.18031,1.18188,0.0015700000000000713,2,2020-08-05 05:59:00,-1.0,SL,EURUSD
2020-08-06,Londres,-1,1.18803,1.1917,0.003670000000000062,1,2020-08-06 06:59:00,2.0,TP,EURUSD
2020-08-07,Asia,-1,1.18385,1.18701,0.0031599999999998296,5,2020-08-07 02:59:00,2.0,TP,EURUSD
2020-08-10,Asia,1,1.17938,1.178,0.0013800000000001589,1,2020-08-10 00:59:00,-1.0,SL,EURUSD
2020-08-11,Asia,1,1.17414,1.17349,0.0006500000000000394,2,2020-08-10 22:59:00,-1.0,SL,EURUSD
2020-08-12,Asia,1,1.17433,1.17391,0.00042000000000008697,5,2020-08-11 22:59:00,-1.0,SL,EURUSD
2020-08-13,Asia,-1,1.17875,1.17914,0.0003900000000001125,10,2020-08-12 22:59:00,-1.0,SL,EURUSD
2020-08-14,Asia,1,1.18172,1.18102,0.000700000000000145,2,2020-08-13 22:59:00,-1.0,SL,EURUSD
2020-08-17,Asia,-1,1.18415,1.18464,0.0004899999999998794,1,2020-08-16 22:59:00,-1.0,SL,EURUSD
2020-08-18,Londres,-1,1.18855,1.1905,0.0019499999999998963,1,2020-08-18 06:59:00,-1.0,SL,EURUSD
2020-08-19,Londres,1,1.19372,1.19211,0.0016099999999998893,1,2020-08-19 07:59:00,-1.0,SL,EURUSD
2020-08-20,Asia,1,1.18512,1.18378,0.0013399999999998968,7,2020-08-19 22:59:00,-1.0,SL,EURUSD
2020-08-21,Asia,-1,1.18651,1.18666,0.0001500000000000945,1,2020-08-20 22:59:00,-1.0,SL,EURUSD
2020-08-24,Asia,-1,1.17981,1.18075,0.0009399999999999409,1,2020-08-23 23:59:00,-1.0,SL,EURUSD
2020-08-25,Asia,1,1.17936,1.17883,0.0005299999999999194,4,2020-08-24 22:59:00,-1.0,SL,EURUSD
2020-08-26,Asia,-1,1.18118,1.1822,0.0010200000000000209,3,2020-08-26 04:59:00,-1.0,SL,EURUSD
2020-08-27,Asia,-1,1.18393,1.18459,0.000660000000000105,4,2020-08-27 00:59:00,-1.0,SL,EURUSD
2020-08-28,Asia,1,1.18285,1.18136,0.0014899999999999913,3,2020-08-28 01:59:00,2.0,TP,EURUSD
2020-08-31,Asia,-1,1.19084,1.19143,0.0005900000000000905,1,2020-08-30 22:59:00,-1.0,SL,EURUSD
2020-09-01,Asia,-1,1.19367,1.19421,0.0005399999999999849,2,2020-08-31 23:59:00,-1.0,SL,EURUSD
2020-09-02,Asia,-1,1.19178,1.19223,0.0004499999999998394,8,2020-09-01 22:59:00,-1.0,SL,EURUSD
2020-09-03,Asia,1,1.18272,1.18207,0.0006500000000000394,1,2020-09-03 02:59:00,-1.0,SL,EURUSD
2020-09-04,Asia,1,1.18461,1.18432,0.00028999999999990145,5,2020-09-03 22:59:00,-1.0,SL,EURUSD
2020-09-07,Asia,1,1.18404,1.1835,0.0005399999999999849,4,2020-09-06 22:59:00,-1.0,SL,EURUSD
2020-09-08,Asia,1,1.18069,1.1804000000000001,0.00028999999999990145,8,2020-09-08 00:59:00,-1.0,SL,EURUSD
2020-09-09,Asia,1,1.17667,1.1756,0.0010700000000001264,1,2020-09-08 22:59:00,-1.0,SL,EURUSD
2020-09-10,Asia,-1,1.18037,1.1811099999999999,0.0007399999999999629,4,2020-09-09 23:59:00,-1.0,SL,EURUSD
2020-09-11,Asia,-1,1.18269,1.18296,0.00026999999999999247,8,2020-09-10 22:59:00,-1.0,SL,EURUSD
2020-09-14,Asia,-1,1.18404,1.18474,0.0006999999999999229,4,2020-09-13 23:59:00,-1.0,SL,EURUSD
2020-09-15,Asia,1,1.18685,1.18577,0.0010799999999999699,1,2020-09-15 00:59:00,2.0,TP,EURUSD
2020-09-16,Asia,1,1.18342,1.18279,0.0006299999999999084,6,2020-09-16 00:59:00,2.0,TP,EURUSD
2020-09-17,Londres,1,1.17939,1.17694,0.002449999999999841,2,2020-09-17 07:59:00,2.0,TP,EURUSD
2020-09-18,Asia,-1,1.18522,1.18554,0.000320000000000098,1,2020-09-17 22:59:00,-1.0,SL,EURUSD
2020-09-21,Asia,1,1.18484,1.1839,0.0009399999999999409,4,2020-09-20 22:59:00,2.0,TP,EURUSD
2020-09-22,Asia,1,1.17653,1.17517,0.0013600000000000279,9,2020-09-22 01:59:00,-1.0,SL,EURUSD
2020-09-23,Londres,1,1.16914,1.16711,0.0020299999999999763,1,2020-09-23 06:59:00,-1.0,SL,EURUSD
2020-09-24,Asia,1,1.1673,1.16555,0.0017499999999999183,2,2020-09-24 00:59:00,-1.0,SL,EURUSD
2020-09-25,Asia,-1,1.16723,1.16754,0.00031000000000003247,2,2020-09-24 22:59:00,-1.0,SL,EURUSD
2020-09-28,Asia,1,1.16326,1.16254,0.0007200000000000539,3,2020-09-27 22:59:00,-1.0,SL,EURUSD
2020-09-29,Asia,-1,1.16768,1.16803,0.00034999999999985043,7,2020-09-28 23:59:00,-1.0,SL,EURUSD
2020-09-30,Asia,-1,1.17414,1.1746699999999999,0.0005299999999999194,1,2020-09-29 23:59:00,-1.0,SL,EURUSD
2020-10-01,Asia,1,1.17301,1.17214,0.0008700000000001484,3,2020-09-30 22:59:00,-1.0,SL,EURUSD
2020-10-02,Asia,-1,1.17446,1.17488,0.0004199999999998649,7,2020-10-01 22:59:00,2.0,TP,EURUSD
2020-10-05,Asia,-1,1.17147,1.17182,0.0003500000000000725,1,2020-10-04 22:59:00,-1.0,SL,EURUSD
2020-10-06,Asia,-1,1.17922,1.17997,0.0007500000000000284,1,2020-10-06 03:59:00,-1.0,SL,EURUSD
2020-10-07,Asia,1,1.17338,1.17292,0.000460000000000127,1,2020-10-06 22:59:00,-1.0,SL,EURUSD
2020-10-08,Asia,1,1.17682,1.17634,0.00048000000000003595,5,2020-10-07 22:59:00,-1.0,SL,EURUSD
2020-10-09,Asia,1,1.1764,1.17577,0.0006299999999999084,3,2020-10-08 22:59:00,-1.0,SL,EURUSD
2020-10-12,Asia,1,1.18175,1.18074,0.0010100000000001774,1,2020-10-12 01:59:00,-1.0,SL,EURUSD
2020-10-13,Asia,-1,1.17999,1.18149,0.0014999999999998348,6,2020-10-13 00:59:00,2.0,TP,EURUSD
2020-10-14,Londres,1,1.17416,1.17276,0.0014000000000000679,1,2020-10-14 07:59:00,-1.0,SL,EURUSD
2020-10-15,Asia,1,1.17447,1.17409,0.0003799999999998249,1,2020-10-14 23:59:00,2.0,TP,EURUSD
2020-10-16,Asia,1,1.17119,1.16994,0.0012499999999999734,2,2020-10-16 00:59:00,-1.0,SL,EURUSD
2020-10-19,Asia,-1,1.17126,1.17208,0.0008200000000000429,4,2020-10-18 22:59:00,-1.0,SL,EURUSD
2020-10-20,Londres,1,1.17767,1.17588,0.0017899999999999583,1,2020-10-20 07:59:00,2.0,TP,EURUSD
2020-10-21,Asia,-1,1.18354,1.18445,0.0009099999999999664,1,2020-10-21 01:59:00,-1.0,SL,EURUSD
2020-10-22,Asia,1,1.18457,1.18416,0.0004099999999997994,1,2020-10-22 00:59:00,-1.0,SL,EURUSD
2020-10-23,Asia,1,1.18227,1.18178,0.0004899999999998794,6,2020-10-22 22:59:00,-1.0,SL,EURUSD
2020-10-26,Asia,1,1.18443,1.18426,0.00017000000000000348,8,2020-10-25 23:59:00,2.0,TP,EURUSD
2020-10-27,Asia,1,1.18207,1.18067,0.0013999999999998458,8,2020-10-26 23:59:00,-1.0,SL,EURUSD
2020-10-28,Asia,1,1.17706,1.17665,0.00041000000000002146,1,2020-10-28 06:59:00,-1.0,SL,EURUSD
2020-10-29,NY,1,1.16838,1.16735,0.0010299999999998644,1,2020-10-29 13:59:00,-1.0,SL,EURUSD
2020-10-30,Asia,1,1.16841,1.16714,0.0012699999999998823,2,2020-10-30 00:59:00,-1.0,SL,EURUSD
2020-11-02,Asia,1,1.16416,1.16376,0.000400000000000178,2,2020-11-01 23:59:00,-1.0,SL,EURUSD
2020-11-03,Asia,1,1.16404,1.16383,0.00021000000000004349,5,2020-11-02 23:59:00,-1.0,SL,EURUSD
2020-11-04,Asia,-1,1.16893,1.17714,0.00821000000000005,1,2020-11-04 00:59:00,-1.0,SL,EURUSD
2020-11-05,Asia,-1,1.17321,1.17386,0.0006499999999998174,1,2020-11-04 23:59:00,-1.0,SL,EURUSD
2020-11-06,Londres,-1,1.1843,1.18542,0.0011200000000000099,1,2020-11-06 08:59:00,-1.0,SL,EURUSD
2020-11-09,Asia,1,1.18924,1.1882300000000001,0.0010099999999999554,1,2020-11-08 23:59:00,-1.0,SL,EURUSD
2020-11-10,Asia,1,1.18307,1.18218,0.0008900000000000574,6,2020-11-10 03:59:00,-1.0,SL,EURUSD
2020-11-11,Asia,1,1.18269,1.18161,0.0010799999999999699,9,2020-11-11 01:59:00,-1.0,SL,EURUSD
2020-11-12,Asia,-1,1.17818,1.17893,0.0007500000000000284,1,2020-11-12 01:59:00,2.0,TP,EURUSD
2020-11-13,Asia,1,1.18071,1.18027,0.00043999999999999595,9,2020-11-13 00:59:00,-1.0,SL,EURUSD
2020-11-16,Asia,-1,1.18396,1.18462,0.000660000000000105,1,2020-11-16 00:59:00,-1.0,SL,EURUSD
2020-11-17,Asia,-1,1.18561,1.18603,0.0004199999999998649,1,2020-11-17 05:59:00,2.0,TP,EURUSD
2020-11-18,Asia,1,1.18589,1.18544,0.00045000000000006146,1,2020-11-18 00:59:00,-1.0,SL,EURUSD
2020-11-19,Asia,-1,1.1837,1.18462,0.0009200000000000319,10,2020-11-19 00:59:00,-1.0,SL,EURUSD
2020-11-20,Asia,-1,1.18653,1.18731,0.0007800000000000029,9,2020-11-19 23:59:00,-1.0,SL,EURUSD
2020-11-23,Asia,1,1.18654,1.18557,0.0009699999999999154,4,2020-11-22 23:59:00,2.0,TP,EURUSD
2020-11-24,Asia,1,1.1854,1.18426,0.0011399999999999189,4,2020-11-24 04:59:00,2.0,TP,EURUSD
2020-11-25,Asia,-1,1.18981,1.1907,0.0008900000000000574,4,2020-11-25 01:59:00,-1.0,SL,EURUSD
2020-11-26,Asia,-1,1.19234,1.19293,0.0005900000000000905,1,2020-11-26 03:59:00,-1.0,SL,EURUSD
2020-11-27,Asia,1,1.19235,1.19131,0.0010399999999999299,3,2020-11-27 03:59:00,2.0,TP,EURUSD
2020-12-01,Londres,1,1.19684,1.19529,0.0015499999999999403,2,2020-12-01 07:59:00,2.0,TP,EURUSD
2020-12-02,Asia,-1,1.20734,1.20804,0.0006999999999999229,1,2020-12-02 02:59:00,-1.0,SL,EURUSD
2020-12-03,Asia,-1,1.21174,1.21254,0.0007999999999999119,1,2020-12-03 04:59:00,-1.0,SL,EURUSD
2020-12-04,Londres,-1,1.21531,1.21615,0.0008400000000001739,1,2020-12-04 07:59:00,-1.0,SL,EURUSD
2020-12-07,Asia,-1,1.212,1.21334,0.0013400000000001189,1,2020-12-06 23:59:00,-1.0,SL,EURUSD
2020-12-08,Asia,1,1.21076,1.21031,0.00045000000000006146,1,2020-12-08 00:59:00,2.0,TP,EURUSD
2020-12-09,Asia,1,1.21094,1.21033,0.0006099999999999994,4,2020-12-08 23:59:00,2.0,TP,EURUSD
2020-12-10,Asia,1,1.20991,1.20922,0.0006900000000000794,5,2020-12-10 04:59:00,-1.0,SL,EURUSD
2020-12-11,Asia,-1,1.21556,1.2161,0.0005399999999999849,1,2020-12-11 01:59:00,-1.0,SL,EURUSD
2020-12-14,Asia,1,1.21331,1.21314,0.00017000000000000348,1,2020-12-13 23:59:00,-1.0,SL,EURUSD
2020-12-15,Asia,-1,1.21571,1.21603,0.00031999999999987594,8,2020-12-15 00:59:00,-1.0,SL,EURUSD
2020-12-16,Asia,-1,1.21615,1.21647,0.00031999999999987594,3,2020-12-16 03:59:00,-1.0,SL,EURUSD
2020-12-17,Asia,-1,1.22023,1.2209699999999999,0.0007399999999999629,1,2020-12-17 01:59:00,-1.0,SL,EURUSD
2020-12-18,Asia,-1,1.22462,1.22594,0.0013199999999999878,2,2020-12-18 02:59:00,-1.0,SL,EURUSD
2020-12-21,Asia,-1,1.22118,1.22358,0.0023999999999999577,1,2020-12-20 23:59:00,2.0,TP,EURUSD
2020-12-22,Asia,-1,1.22346,1.22508,0.0016199999999999548,3,2020-12-21 23:59:00,-1.0,SL,EURUSD
2020-12-23,Asia,1,1.21872,1.21624,0.0024800000000000377,6,2020-12-22 23:59:00,-1.0,SL,EURUSD
2020-12-24,Asia,1,1.22081,1.22005,0.0007599999999998719,5,2020-12-24 01:59:00,-1.0,SL,EURUSD
2020-12-25,Asia,1,1.21753,1.21699,0.0005399999999999849,5,2020-12-25 00:59:00,2.0,TP,EURUSD
2020-12-28,Asia,1,1.22038,1.21838,0.0020000000000000018,2,2020-12-27 23:59:00,-1.0,SL,EURUSD
2020-12-29,Asia,-1,1.22254,1.22355,0.0010099999999999554,3,2020-12-29 00:59:00,-1.0,SL,EURUSD
2020-12-30,Asia,-1,1.22684,1.22789,0.0010499999999999954,1,2020-12-30 00:59:00,-1.0,SL,EURUSD
2020-12-31,Asia,-1,1.22896,1.231,0.0020400000000000418,2,2020-12-31 02:59:00,2.0,TP,EURUSD
2021-01-04,Asia,1,1.225,1.22294,0.002060000000000173,8,2021-01-03 23:59:00,2.0,TP,EURUSD
2021-01-05,Asia,1,1.22525,1.2246,0.0006500000000000394,10,2021-01-04 23:59:00,2.0,TP,EURUSD
2021-01-06,Asia,-1,1.23088,1.23271,0.0018299999999999983,4,2021-01-06 00:59:00,-1.0,SL,EURUSD
2021-01-07,Asia,-1,1.23245,1.23333,0.0008799999999999919,3,2021-01-07 02:59:00,2.0,TP,EURUSD
2021-01-08,Asia,1,1.22691,1.2264,0.0005100000000000104,4,2021-01-07 23:59:00,-1.0,SL,EURUSD
2021-01-11,Londres,1,1.2167,1.21534,0.0013599999999998058,1,2021-01-11 10:59:00,-1.0,SL,EURUSD
2021-01-12,Asia,1,1.21605,1.21502,0.0010300000000000864,2,2021-01-11 23:59:00,-1.0,SL,EURUSD
2021-01-13,Asia,-1,1.22079,1.22169,0.0008999999999999009,1,2021-01-13 00:59:00,-1.0,SL,EURUSD
2021-01-14,Asia,1,1.21619,1.21537,0.0008200000000000429,2,2021-01-13 23:59:00,-1.0,SL,EURUSD
2021-01-15,Asia,-1,1.21542,1.21634,0.0009200000000000319,9,2021-01-15 00:59:00,2.0,TP,EURUSD
2021-01-18,Asia,-1,1.20662,1.20875,0.0021299999999999653,1,2021-01-17 23:59:00,-1.0,SL,EURUSD
2021-01-19,Asia,1,1.20776,1.20729,0.00046999999999997044,4,2021-01-18 23:59:00,2.0,TP,EURUSD
2021-01-20,Asia,1,1.21391,1.21254,0.0013700000000000934,10,2021-01-19 23:59:00,-1.0,SL,EURUSD
2021-01-21,Asia,-1,1.21144,1.21196,0.0005199999999998539,1,2021-01-20 23:59:00,-1.0,SL,EURUSD
2021-01-22,Asia,-1,1.21688,1.21787,0.0009900000000000464,1,2021-01-22 00:59:00,-1.0,SL,EURUSD
2021-01-25,Asia,-1,1.21676,1.21743,0.0006699999999999484,1,2021-01-25 00:59:00,-1.0,SL,EURUSD
2021-01-26,Asia,-1,1.21341,1.21438,0.0009699999999999154,10,2021-01-26 00:59:00,-1.0,SL,EURUSD
2021-01-27,Asia,1,1.21632,1.21589,0.0004300000000001525,6,2021-01-26 23:59:00,-1.0,SL,EURUSD
2021-01-28,Londres,1,1.20938,1.20797,0.0014099999999999113,1,2021-01-28 07:59:00,2.0,TP,EURUSD
2021-01-29,Asia,-1,1.21072,1.21229,0.0015700000000000713,2,2021-01-29 00:59:00,-1.0,SL,EURUSD
2021-02-01,Asia,-1,1.21227,1.21328,0.0010099999999999554,4,2021-01-31 23:59:00,-1.0,SL,EURUSD
2021-02-02,Asia,1,1.20838,1.20661,0.0017700000000000493,2,2021-02-02 01:59:00,-1.0,SL,EURUSD
2021-02-03,Asia,-1,1.20468,1.2051,0.00042000000000008697,1,2021-02-03 01:59:00,2.0,TP,EURUSD
2021-02-04,Asia,1,1.20412,1.2032100000000001,0.0009099999999999664,3,2021-02-03 23:59:00,-1.0,SL,EURUSD
2021-02-05,Asia,1,1.19628,1.19542,0.0008600000000000829,1,2021-02-05 05:59:00,2.0,TP,EURUSD
2021-02-08,Asia,-1,1.20483,1.2056,0.0007699999999999374,2,2021-02-07 23:59:00,2.0,TP,EURUSD
2021-02-09,Londres,-1,1.20811,1.20878,0.0006699999999999484,1,2021-02-09 07:59:00,2.0,TP,EURUSD
2021-02-10,Asia,-1,1.21161,1.21202,0.00041000000000002146,2,2021-02-09 23:59:00,-1.0,SL,EURUSD
2021-02-11,Asia,-1,1.2114,1.21209,0.0006899999999998574,5,2021-02-11 00:59:00,-1.0,SL,EURUSD
2021-02-12,Asia,-1,1.21287,1.21342,0.0005500000000000504,3,2021-02-12 00:59:00,2.0,TP,EURUSD
2021-02-15,Asia,-1,1.21204,1.21261,0.0005699999999999594,1,2021-02-14 23:59:00,-1.0,SL,EURUSD
2021-02-16,Asia,-1,1.21371,1.21416,0.0004499999999998394,1,2021-02-16 00:59:00,-1.0,SL,EURUSD
2021-02-18,Londres,-1,1.20473,1.20534,0.0006099999999999994,1,2021-02-18 07:59:00,-1.0,SL,EURUSD
2021-02-19,Asia,-1,1.20917,1.20968,0.0005100000000000104,1,2021-02-18 23:59:00,-1.0,SL,EURUSD
2021-02-22,Asia,-1,1.21247,1.21302,0.0005500000000000504,1,2021-02-21 23:59:00,-1.0,SL,EURUSD
2021-02-23,Asia,-1,1.21668,1.21716,0.00048000000000003595,1,2021-02-23 03:59:00,-1.0,SL,EURUSD
2021-02-24,Asia,1,1.21584,1.21463,0.0012099999999999334,3,2021-02-24 01:59:00,-1.0,SL,EURUSD
2021-02-25,Asia,-1,1.21623,1.21706,0.0008300000000001084,3,2021-02-25 00:59:00,-1.0,SL,EURUSD
2021-02-26,Asia,-1,1.21577,1.21838,0.002610000000000001,4,2021-02-25 23:59:00,2.0,TP,EURUSD
2021-03-01,Asia,-1,1.20774,1.20847,0.0007299999999998974,1,2021-03-01 04:59:00,-1.0,SL,EURUSD
2021-03-02,Asia,1,1.20312,1.2026000000000001,0.0005199999999998539,1,2021-03-02 01:59:00,-1.0,SL,EURUSD
2021-03-03,Asia,-1,1.20914,1.20944,0.00029999999999996696,5,2021-03-03 01:59:00,2.0,TP,EURUSD
2021-03-04,Asia,-1,1.20464,1.20674,0.0020999999999999908,6,2021-03-03 23:59:00,2.0,TP,EURUSD
2021-03-05,Asia,1,1.19672,1.19595,0.0007699999999999374,1,2021-03-04 23:59:00,-1.0,SL,EURUSD
2021-03-08,Asia,-1,1.19055,1.19294,0.002389999999999892,1,2021-03-08 02:59:00,2.0,TP,EURUSD
2021-03-09,Asia,1,1.18547,1.1837,0.0017700000000000493,1,2021-03-09 02:59:00,2.0,TP,EURUSD
2021-03-10,Asia,-1,1.18967,1.19034,0.0006699999999999484,5,2021-03-09 23:59:00,2.0,TP,EURUSD
2021-03-11,Asia,-1,1.1919,1.19299,0.0010900000000000354,10,2021-03-11 00:59:00,-1.0,SL,EURUSD
2021-03-12,Asia,-1,1.19622,1.19855,0.0023299999999999432,2,2021-03-12 02:59:00,2.0,TP,EURUSD
2021-03-15,Asia,-1,1.19511,1.19571,0.000600000000000156,1,2021-03-14 23:59:00,-1.0,SL,EURUSD
2021-03-16,Asia,1,1.19276,1.19213,0.0006300000000001305,9,2021-03-16 00:59:00,-1.0,SL,EURUSD
2021-03-17,Asia,1,1.19016,1.18949,0.0006700000000001705,2,2021-03-17 01:59:00,-1.0,SL,EURUSD
2021-03-18,Asia,-1,1.19854,1.1988699999999999,0.00032999999999994145,1,2021-03-17 23:59:00,2.0,TP,EURUSD
2021-03-19,Asia,1,1.19072,1.19031,0.00041000000000002146,1,2021-03-18 23:59:00,-1.0,SL,EURUSD
2021-03-22,Asia,-1,1.1885,1.18934,0.0008400000000001739,1,2021-03-21 23:59:00,-1.0,SL,EURUSD
2021-03-23,Asia,-1,1.19334,1.19417,0.0008299999999998864,6,2021-03-22 23:59:00,2.0,TP,EURUSD
2021-03-24,Asia,1,1.18468,1.18327,0.0014099999999999113,1,2021-03-24 05:59:00,-1.0,SL,EURUSD
2021-03-25,Asia,1,1.18175,1.18102,0.0007300000000001194,2,2021-03-24 23:59:00,-1.0,SL,EURUSD
2021-03-26,Londres,1,1.17923,1.1782,0.0010300000000000864,3,2021-03-26 08:59:00,-1.0,SL,EURUSD
2021-03-29,Asia,-1,1.17908,1.1794499999999999,0.00036999999999998145,1,2021-03-28 22:59:00,2.0,TP,EURUSD
2021-03-30,Asia,1,1.17725,1.17636,0.0008899999999998354,6,2021-03-30 01:59:00,-1.0,SL,EURUSD
2021-03-31,Asia,1,1.17137,1.17096,0.00041000000000002146,1,2021-03-31 01:59:00,-1.0,SL,EURUSD
2021-04-01,Asia,-1,1.17255,1.17298,0.00042999999999993044,3,2021-03-31 22:59:00,-1.0,SL,EURUSD
2021-04-02,Asia,-1,1.17772,1.17812,0.00039999999999995595,1,2021-04-01 23:58:00,-1.0,SL,EURUSD
2021-04-05,Asia,1,1.17697,1.17631,0.000660000000000105,3,2021-04-05 01:59:00,-1.0,SL,EURUSD
2021-04-06,Asia,-1,1.18139,1.18225,0.0008600000000000829,1,2021-04-06 00:59:00,2.0,TP,EURUSD
2021-04-07,Asia,-1,1.18729,1.18787,0.0005800000000000249,1,2021-04-07 01:59:00,-1.0,SL,EURUSD
2021-04-08,Asia,1,1.18663,1.18644,0.0001900000000001345,3,2021-04-08 00:59:00,-1.0,SL,EURUSD
2021-04-09,Asia,-1,1.19104,1.1921,0.0010599999999998388,4,2021-04-09 01:59:00,2.0,TP,EURUSD
2021-04-12,Asia,-1,1.1898,1.1903,0.0004999999999999449,3,2021-04-11 22:59:00,-1.0,SL,EURUSD
2021-04-13,Asia,-1,1.19041,1.1913,0.0008900000000000574,5,2021-04-13 00:59:00,2.0,TP,EURUSD
2021-04-14,Asia,-1,1.19542,1.19594,0.000520000000000076,1,2021-04-14 00:59:00,-1.0,SL,EURUSD
2021-04-15,Asia,-1,1.19861,1.19897,0.000360000000000138,1,2021-04-15 00:59:00,-1.0,SL,EURUSD
2021-04-16,Asia,-1,1.19568,1.19756,0.0018799999999998818,5,2021-04-16 00:59:00,-1.0,SL,EURUSD
2021-04-19,Asia,-1,1.19711,1.19777,0.000660000000000105,4,2021-04-18 22:59:00,2.0,TP,EURUSD
2021-04-20,Asia,-1,1.2039,1.20465,0.0007500000000000284,1,2021-04-20 00:59:00,-1.0,SL,EURUSD
2021-04-21,Asia,-1,1.20346,1.20446,0.001000000000000112,4,2021-04-21 00:59:00,2.0,TP,EURUSD
2021-04-22,Asia,-1,1.20347,1.20375,0.000280000000000058,2,2021-04-21 22:59:00,-1.0,SL,EURUSD
2021-04-23,Asia,1,1.20204,1.20117,0.0008699999999999264,10,2021-04-23 00:59:00,2.0,TP,EURUSD
2021-04-26,Asia,1,1.20918,1.20895,0.00022999999999995246,1,2021-04-25 22:59:00,-1.0,SL,EURUSD
2021-04-27,Asia,-1,1.20657,1.20755,0.0009799999999999809,8,2021-04-27 02:59:00,-1.0,SL,EURUSD
2021-04-28,Asia,1,1.20892,1.2087,0.00021999999999988695,6,2021-04-27 23:59:00,-1.0,SL,EURUSD
2021-04-29,Asia,-1,1.21258,1.21391,0.0013300000000000534,1,2021-04-29 03:59:00,2.0,TP,EURUSD
2021-04-30,Asia,1,1.21245,1.21197,0.00048000000000003595,3,2021-04-29 23:59:00,-1.0,SL,EURUSD
2021-05-03,Asia,1,1.20268,1.20235,0.00032999999999994145,1,2021-05-02 22:59:00,-1.0,SL,EURUSD
2021-05-04,Asia,-1,1.20556,1.20608,0.000520000000000076,2,2021-05-04 00:59:00,2.0,TP,EURUSD
2021-05-05,Asia,1,1.20157,1.20098,0.0005900000000000905,5,2021-05-04 22:59:00,-1.0,SL,EURUSD
2021-05-06,Asia,1,1.20094,1.19977,0.0011699999999998933,4,2021-05-06 01:59:00,-1.0,SL,EURUSD
2021-05-07,Asia,-1,1.20609,1.20651,0.0004199999999998649,9,2021-05-06 22:59:00,-1.0,SL,EURUSD
2021-05-10,Asia,-1,1.21674,1.21755,0.0008099999999999774,1,2021-05-09 22:59:00,-1.0,SL,EURUSD
2021-05-11,Asia,1,1.21391,1.213,0.0009099999999999664,2,2021-05-10 22:59:00,-1.0,SL,EURUSD
2021-05-12,Asia,1,1.21468,1.21432,0.00035999999999991594,1,2021-05-11 22:59:00,-1.0,SL,EURUSD
2021-05-13,Londres,-1,1.20865,1.2106999999999999,0.0020499999999998852,1,2021-05-13 07:59:00,-1.0,SL,EURUSD
2021-05-14,Londres,1,1.21251,1.2112,0.0013099999999999223,6,2021-05-14 08:59:00,-1.0,SL,EURUSD
2021-05-17,Asia,-1,1.21458,1.21509,0.0005100000000000104,2,2021-05-16 22:59:00,-1.0,SL,EURUSD
2021-05-18,Asia,-1,1.21629,1.21701,0.0007199999999998319,2,2021-05-18 02:59:00,-1.0,SL,EURUSD
2021-05-19,Asia,-1,1.22223,1.22265,0.00042000000000008697,2,2021-05-18 23:59:00,-1.0,SL,EURUSD
2021-05-20,Londres,-1,1.21846,1.21988,0.0014199999999999768,1,2021-05-20 06:59:00,-1.0,SL,EURUSD
2021-05-21,Asia,-1,1.22258,1.2231,0.000520000000000076,1,2021-05-20 22:59:00,-1.0,SL,EURUSD
2021-05-24,Asia,-1,1.21789,1.21826,0.00036999999999998145,1,2021-05-23 22:59:00,-1.0,SL,EURUSD
2021-05-25,Asia,-1,1.2225,1.22311,0.0006099999999999994,1,2021-05-25 01:59:00,-1.0,SL,EURUSD
2021-05-26,Asia,-1,1.22557,1.22639,0.0008200000000000429,2,2021-05-26 05:59:00,2.0,TP,EURUSD
2021-05-27,Asia,1,1.21881,1.21788,0.0009299999999998754,1,2021-05-27 00:59:00,-1.0,SL,EURUSD
2021-05-28,Asia,1,1.21825,1.21804,0.00021000000000004349,4,2021-05-28 01:59:00,2.0,TP,EURUSD
2021-05-31,Asia,-1,1.21935,1.22004,0.0006900000000000794,4,2021-05-30 22:59:00,-1.0,SL,EURUSD
2021-06-01,Asia,1,1.22295,1.22227,0.0006800000000000139,10,2021-06-01 00:59:00,-1.0,SL,EURUSD
2021-06-02,Asia,1,1.22143,1.2211,0.00032999999999994145,2,2021-06-01 22:59:00,2.0,TP,EURUSD
2021-06-03,Asia,1,1.22124,1.22069,0.0005500000000000504,3,2021-06-03 00:59:00,-1.0,SL,EURUSD
2021-06-04,Asia,1,1.21273,1.21133,0.0014000000000000679,1,2021-06-04 00:59:00,-1.0,SL,EURUSD
2021-06-07,Asia,-1,1.21631,1.2167999999999999,0.0004899999999998794,1,2021-06-06 22:59:00,-1.0,SL,EURUSD
2021-06-08,Asia,-1,1.21855,1.21951,0.0009600000000000719,5,2021-06-08 00:59:00,2.0,TP,EURUSD
2021-06-09,Asia,-1,1.21717,1.21743,0.00025999999999992696,6,2021-06-08 22:59:00,-1.0,SL,EURUSD
2021-06-10,Asia,-1,1.21728,1.21816,0.0008799999999999919,8,2021-06-10 00:59:00,2.0,TP,EURUSD
2021-06-11,Asia,1,1.21725,1.21694,0.00031000000000003247,6,2021-06-10 22:59:00,2.0,TP,EURUSD
2021-06-14,Asia,-1,1.21099,1.2113099999999999,0.00031999999999987594,1,2021-06-13 22:59:00,2.0,TP,EURUSD
2021-06-15,Asia,-1,1.21242,1.21268,0.00025999999999992696,2,2021-06-15 02:59:00,2.0,TP,EURUSD
2021-06-16,Asia,-1,1.21264,1.21292,0.000280000000000058,3,2021-06-15 22:59:00,2.0,TP,EURUSD
2021-06-17,Asia,1,1.1995,1.19855,0.0009500000000000064,1,2021-06-16 23:59:00,-1.0,SL,EURUSD
2021-06-18,Londres,1,1.19153,1.18896,0.002569999999999961,1,2021-06-18 07:59:00,-1.0,SL,EURUSD
2021-06-21,Asia,-1,1.18718,1.18753,0.0003500000000000725,1,2021-06-20 22:59:00,-1.0,SL,EURUSD
2021-06-22,Asia,-1,1.1908,1.19153,0.0007299999999998974,5,2021-06-22 00:59:00,2.0,TP,EURUSD
2021-06-23,Asia,-1,1.19241,1.1935499999999999,0.0011399999999999189,9,2021-06-23 01:59:00,-1.0,SL,EURUSD
2021-06-24,Asia,1,1.19265,1.19182,0.0008299999999998864,1,2021-06-24 01:59:00,-1.0,SL,EURUSD
2021-06-25,Asia,-1,1.19419,1.19459,0.00039999999999995595,6,2021-06-25 01:59:00,-1.0,SL,EURUSD
2021-06-28,Asia,1,1.19388,1.1934500000000001,0.00042999999999993044,3,2021-06-27 22:59:00,-1.0,SL,EURUSD
2021-06-29,Asia,1,1.19286,1.19232,0.0005399999999999849,5,2021-06-28 23:59:00,-1.0,SL,EURUSD
2021-06-30,Asia,1,1.1906,1.18954,0.001060000000000061,4,2021-06-30 01:59:00,-1.0,SL,EURUSD
2021-07-01,Londres,1,1.18545,1.18363,0.0018199999999999328,1,2021-07-01 06:59:00,-1.0,SL,EURUSD
2021-07-02,Asia,1,1.18462,1.18414,0.00048000000000003595,4,2021-07-01 22:59:00,-1.0,SL,EURUSD
2021-07-05,Asia,-1,1.18586,1.18695,0.0010900000000000354,1,2021-07-04 22:59:00,-1.0,SL,EURUSD
2021-07-06,Asia,-1,1.18643,1.187,0.0005699999999999594,3,2021-07-05 22:59:00,-1.0,SL,EURUSD
2021-07-07,Asia,1,1.18221,1.18182,0.00038999999999989043,9,2021-07-06 23:59:00,-1.0,SL,EURUSD
2021-07-08,Londres,1,1.18201,1.17942,0.0025900000000000922,3,2021-07-08 07:59:00,2.0,TP,EURUSD
2021-07-09,Asia,-1,1.18451,1.18499,0.00048000000000003595,2,2021-07-08 22:59:00,-1.0,SL,EURUSD
2021-07-12,Asia,-1,1.18754,1.18778,0.00024000000000001798,1,2021-07-11 22:59:00,2.0,TP,EURUSD
2021-07-13,Asia,-1,1.18625,1.18662,0.00036999999999998145,6,2021-07-12 22:59:00,-1.0,SL,EURUSD
2021-07-14,Asia,1,1.17763,1.17707,0.0005599999999998939,1,2021-07-14 00:59:00,2.0,TP,EURUSD
2021-07-15,Asia,1,1.18357,1.18334,0.00022999999999995246,5,2021-07-14 22:59:00,-1.0,SL,EURUSD
2021-07-16,Asia,-1,1.18019,1.1812799999999999,0.0010899999999998133,5,2021-07-16 01:59:00,-1.0,SL,EURUSD
2021-07-19,Asia,1,1.18095,1.1802300000000001,0.0007199999999998319,1,2021-07-18 22:59:00,-1.0,SL,EURUSD
2021-07-20,Asia,1,1.17948,1.17889,0.0005900000000000905,5,2021-07-20 00:59:00,-1.0,SL,EURUSD
2021-07-21,Asia,1,1.17825,1.17783,0.00042000000000008697,3,2021-07-20 22:58:00,-1.0,SL,EURUSD
2021-07-22,Londres,-1,1.17948,1.18022,0.0007399999999999629,1,2021-07-22 06:59:00,2.0,TP,EURUSD
2021-07-23,Asia,1,1.17725,1.17689,0.00035999999999991594,8,2021-07-22 22:59:00,2.0,TP,EURUSD
2021-07-26,Asia,-1,1.17728,1.17753,0.00024999999999986144,1,2021-07-25 23:59:00,2.0,TP,EURUSD
2021-07-27,Londres,-1,1.17881,1.18019,0.0013800000000001589,3,2021-07-27 06:59:00,-1.0,SL,EURUSD
2021-07-28,Asia,-1,1.18165,1.18203,0.0003799999999998249,4,2021-07-27 22:59:00,-1.0,SL,EURUSD
2021-07-29,Londres,-1,1.18521,1.18645,0.0012399999999999078,1,2021-07-29 06:59:00,-1.0,SL,EURUSD
2021-07-30,Asia,-1,1.18903,1.18952,0.0004899999999998794,1,2021-07-29 23:59:00,2.0,TP,EURUSD
2021-08-02,Asia,-1,1.18661,1.18691,0.00029999999999996696,1,2021-08-01 23:59:00,-1.0,SL,EURUSD
2021-08-03,Asia,-1,1.18738,1.18768,0.00029999999999996696,3,2021-08-02 22:59:00,-1.0,SL,EURUSD
2021-08-04,Asia,1,1.18691,1.18617,0.0007399999999999629,3,2021-08-03 22:59:00,-1.0,SL,EURUSD
2021-08-05,Asia,1,1.18359,1.18305,0.0005399999999999849,1,2021-08-05 01:59:00,-1.0,SL,EURUSD
2021-08-06,Asia,1,1.18332,1.18309,0.00022999999999995246,4,2021-08-05 23:59:00,-1.0,SL,EURUSD
2021-08-09,Asia,1,1.17601,1.17521,0.0007999999999999119,1,2021-08-09 02:59:00,-1.0,SL,EURUSD
2021-08-10,Asia,1,1.17376,1.17311,0.0006499999999998174,1,2021-08-10 00:59:00,-1.0,SL,EURUSD
2021-08-11,Asia,1,1.1721,1.17107,0.0010299999999998644,2,2021-08-11 01:59:00,-1.0,SL,EURUSD
2021-08-12,Asia,-1,1.174,1.17455,0.0005500000000000504,5,2021-08-12 00:59:00,-1.0,SL,EURUSD
2021-08-13,Asia,1,1.17361,1.17295,0.000660000000000105,2,2021-08-12 22:59:00,2.0,TP,EURUSD
2021-08-16,Asia,-1,1.17934,1.18017,0.0008299999999998864,1,2021-08-15 22:59:00,2.0,TP,EURUSD
2021-08-17,Asia,1,1.17683,1.17656,0.00026999999999999247,1,2021-08-17 03:59:00,-1.0,SL,EURUSD
2021-08-18,Asia,1,1.17091,1.17043,0.0004799999999998139,1,2021-08-17 23:59:00,2.0,TP,EURUSD
2021-08-19,Londres,1,1.16959,1.16791,0.0016799999999999038,2,2021-08-19 09:59:00,-1.0,SL,EURUSD
2021-08-20,Londres,1,1.1674,1.16696,0.00043999999999999595,2,2021-08-20 08:59:00,2.0,TP,EURUSD
2021-08-23,Asia,-1,1.16931,1.17018,0.0008699999999999264,1,2021-08-22 22:59:00,-1.0,SL,EURUSD
2021-08-24,Londres,1,1.17381,1.17319,0.0006200000000000649,1,2021-08-24 07:59:00,-1.0,SL,EURUSD
2021-08-25,Asia,-1,1.17415,1.17585,0.0017000000000000348,2,2021-08-25 00:59:00,-1.0,SL,EURUSD
2021-08-26,Asia,-1,1.17645,1.17668,0.00022999999999995246,4,2021-08-26 02:59:00,-1.0,SL,EURUSD
2021-08-27,Asia,-1,1.17451,1.17552,0.0010099999999999554,8,2021-08-27 00:59:00,-1.0,SL,EURUSD
2021-08-30,Asia,-1,1.17991,1.1806,0.0006900000000000794,2,2021-08-30 05:59:00,2.0,TP,EURUSD
2021-08-31,Asia,-1,1.17968,1.17996,0.00027999999999983594,4,2021-08-30 22:59:00,-1.0,SL,EURUSD
2021-09-01,Asia,-1,1.18027,1.18121,0.0009400000000001629,4,2021-09-01 00:59:00,-1.0,SL,EURUSD
2021-09-02,Asia,-1,1.18448,1.1847,0.000220000000000109,5,2021-09-02 00:59:00,2.0,TP,EURUSD
2021-09-03,Londres,1,1.18747,1.18703,0.00043999999999999595,1,2021-09-03 07:59:00,-1.0,SL,EURUSD
2021-09-06,Asia,-1,1.18796,1.18845,0.0004900000000001015,1,2021-09-05 22:58:00,-1.0,SL,EURUSD
2021-09-07,Asia,-1,1.18711,1.18727,0.00015999999999993797,1,2021-09-06 22:59:00,-1.0,SL,EURUSD
2021-09-08,Asia,1,1.18364,1.18341,0.00022999999999995246,1,2021-09-08 05:59:00,-1.0,SL,EURUSD
2021-09-09,Asia,1,1.1814,1.18102,0.00038000000000004697,2,2021-09-09 04:59:00,2.0,TP,EURUSD
2021-09-10,Asia,-1,1.1824,1.18285,0.00045000000000006146,3,2021-09-10 00:59:00,-1.0,SL,EURUSD
2021-09-13,Asia,1,1.18119,1.18077,0.0004199999999998649,1,2021-09-12 22:58:00,-1.0,SL,EURUSD
2021-09-14,Asia,1,1.18105,1.18079,0.00025999999999992696,5,2021-09-13 22:58:00,-1.0,SL,EURUSD
2021-09-15,Asia,1,1.18055,1.17997,0.0005800000000000249,3,2021-09-15 00:59:00,-1.0,SL,EURUSD
2021-09-16,Asia,-1,1.18182,1.18208,0.00025999999999992696,6,2021-09-16 01:59:00,2.0,TP,EURUSD
2021-09-17,Asia,1,1.17672,1.1759,0.0008200000000000429,2,2021-09-17 02:59:00,2.0,TP,EURUSD
2021-09-20,Asia,1,1.17267,1.17222,0.00045000000000006146,1,2021-09-19 22:58:00,-1.0,SL,EURUSD
2021-09-21,Asia,-1,1.17255,1.17315,0.0005999999999999339,3,2021-09-21 00:59:00,-1.0,SL,EURUSD
2021-09-22,Asia,1,1.17244,1.17232,0.00011999999999989797,7,2021-09-21 22:59:00,-1.0,SL,EURUSD
2021-09-23,Asia,1,1.16887,1.16824,0.0006300000000001305,1,2021-09-23 00:59:00,2.0,TP,EURUSD
2021-09-24,Asia,-1,1.17398,1.17468,0.0006999999999999229,9,2021-09-23 23:59:00,-1.0,SL,EURUSD
2021-09-27,Asia,1,1.17239,1.17155,0.0008399999999999519,9,2021-09-27 01:59:00,-1.0,SL,EURUSD
2021-09-28,Asia,1,1.16931,1.16864,0.0006700000000001705,1,2021-09-28 02:59:00,-1.0,SL,EURUSD
2021-09-29,Asia,1,1.16851,1.16821,0.00029999999999996696,3,2021-09-28 22:59:00,-1.0,SL,EURUSD
2021-09-30,Londres,1,1.16044,1.15904,0.0013999999999998458,1,2021-09-30 07:59:00,-1.0,SL,EURUSD
2021-10-01,Asia,1,1.15758,1.15618,0.0014000000000000679,2,2021-10-01 01:59:00,2.0,TP,EURUSD
2021-10-04,Asia,-1,1.16073,1.1612,0.00046999999999997044,6,2021-10-03 22:59:00,-1.0,SL,EURUSD
2021-10-05,Asia,-1,1.16115,1.16208,0.0009300000000000974,3,2021-10-05 00:59:00,2.0,TP,EURUSD
2021-10-06,Asia,1,1.15983,1.15937,0.00045999999999990493,5,2021-10-05 22:59:00,-1.0,SL,EURUSD
2021-10-07,Asia,-1,1.15584,1.1562,0.00035999999999991594,1,2021-10-07 00:59:00,2.0,TP,EURUSD
2021-10-08,Asia,-1,1.15592,1.1561,0.00017999999999984695,4,2021-10-07 23:59:00,2.0,TP,EURUSD
2021-10-11,Asia,-1,1.15692,1.1576899999999999,0.0007699999999999374,1,2021-10-10 22:59:00,-1.0,SL,EURUSD
2021-10-12,Asia,1,1.15532,1.15468,0.0006399999999999739,1,2021-10-11 23:59:00,2.0,TP,EURUSD
2021-10-13,Asia,1,1.15509,1.15396,0.0011299999999998533,2,2021-10-13 01:59:00,-1.0,SL,EURUSD
2021-10-14,Asia,-1,1.15973,1.16004,0.00031000000000003247,1,2021-10-13 22:59:00,-1.0,SL,EURUSD
2021-10-15,Asia,-1,1.15975,1.15999,0.00024000000000001798,4,2021-10-14 22:59:00,2.0,TP,EURUSD
2021-10-18,Asia,-1,1.15996,1.16062,0.0006599999999998829,1,2021-10-17 22:59:00,2.0,TP,EURUSD
2021-10-19,Asia,-1,1.161,1.16139,0.00038999999999989043,5,2021-10-18 22:59:00,-1.0,SL,EURUSD
2021-10-20,Asia,1,1.16348,1.16266,0.0008200000000000429,1,2021-10-20 00:59:00,2.0,TP,EURUSD
2021-10-21,Asia,-1,1.16523,1.16575,0.000520000000000076,6,2021-10-20 23:59:00,-1.0,SL,EURUSD
2021-10-22,Asia,1,1.16255,1.162,0.0005500000000000504,4,2021-10-22 00:59:00,2.0,TP,EURUSD
2021-10-25,Asia,-1,1.16391,1.16456,0.0006500000000000394,1,2021-10-24 23:59:00,-1.0,SL,EURUSD
2021-10-26,Asia,1,1.1604,1.15979,0.0006099999999999994,2,2021-10-26 00:59:00,-1.0,SL,EURUSD
2021-10-27,Asia,1,1.15947,1.15913,0.00034000000000000696,2,2021-10-26 22:59:00,2.0,TP,EURUSD
2021-10-28,Asia,1,1.15924,1.1589,0.00034000000000000696,3,2021-10-28 00:59:00,2.0,TP,EURUSD
2021-10-29,Londres,1,1.16702,1.16613,0.0008899999999998354,1,2021-10-29 07:59:00,-1.0,SL,EURUSD
2021-11-01,Asia,1,1.15562,1.15527,0.0003500000000000725,1,2021-11-01 00:59:00,-1.0,SL,EURUSD
2021-11-02,Asia,-1,1.16085,1.16143,0.0005800000000000249,1,2021-11-02 06:59:00,2.0,TP,EURUSD
2021-11-03,Asia,1,1.15797,1.15738,0.0005899999999998684,1,2021-11-02 23:59:00,2.0,TP,EURUSD
2021-11-04,Asia,-1,1.16123,1.1617,0.00046999999999997044,6,2021-11-03 23:59:00,2.0,TP,EURUSD
2021-11-05,Asia,1,1.15463,1.15399,0.0006399999999999739,2,2021-11-05 02:59:00,2.0,TP,EURUSD
2021-11-08,Asia,-1,1.15606,1.1569099999999999,0.0008499999999997954,1,2021-11-08 00:59:00,-1.0,SL,EURUSD
2021-11-09,Londres,-1,1.15895,1.15976,0.0008099999999999774,2,2021-11-09 08:59:00,-1.0,SL,EURUSD
2021-11-10,Asia,-1,1.15912,1.15962,0.000500000000000167,4,2021-11-10 00:59:00,2.0,TP,EURUSD
2021-11-11,Asia,1,1.14792,1.14717,0.0007500000000000284,1,2021-11-11 01:59:00,-1.0,SL,EURUSD
2021-11-12,Asia,1,1.14437,1.1438,0.0005700000000001815,1,2021-11-12 05:59:00,2.0,TP,EURUSD
2021-11-15,Asia,1,1.14457,1.144,0.0005700000000001815,1,2021-11-15 00:59:00,2.0,TP,EURUSD
2021-11-16,Londres,1,1.1361,1.13567,0.0004300000000001525,1,2021-11-16 09:59:00,-1.0,SL,EURUSD
2021-11-17,Londres,1,1.13173,1.12981,0.0019199999999999218,2,2021-11-17 08:59:00,-1.0,SL,EURUSD
2021-11-18,Asia,-1,1.13242,1.13293,0.0005100000000000104,1,2021-11-18 01:59:00,-1.0,SL,EURUSD
2021-11-19,Asia,1,1.13566,1.1355,0.00015999999999993797,10,2021-11-19 01:59:00,-1.0,SL,EURUSD
2021-11-22,Londres,1,1.1265,1.12588,0.0006200000000000649,1,2021-11-22 08:59:00,2.0,TP,EURUSD
2021-11-23,Asia,1,1.1236,1.12249,0.0011099999999999444,1,2021-11-23 02:59:00,2.0,TP,EURUSD
2021-11-24,Asia,-1,1.12419,1.1248,0.0006099999999999994,3,2021-11-24 00:59:00,-1.0,SL,EURUSD
2021-11-25,Asia,1,1.12103,1.12015,0.0008799999999999919,2,2021-11-25 00:59:00,2.0,TP,EURUSD
2021-11-26,Asia,1,1.12178,1.12057,0.0012099999999999334,2,2021-11-26 00:59:00,2.0,TP,EURUSD
2021-11-29,Asia,-1,1.12925,1.13011,0.0008599999999998609,3,2021-11-28 23:59:00,2.0,TP,EURUSD
2021-11-30,Asia,-1,1.12925,1.13013,0.0008799999999999919,1,2021-11-29 23:59:00,-1.0,SL,EURUSD
2021-12-01,Asia,-1,1.13299,1.13435,0.0013600000000000279,8,2021-11-30 23:59:00,-1.0,SL,EURUSD
2021-12-02,Asia,1,1.13282,1.13147,0.0013499999999999623,3,2021-12-02 01:59:00,-1.0,SL,EURUSD
2021-12-03,Asia,1,1.13057,1.12965,0.0009200000000000319,5,2021-12-02 23:59:00,-1.0,SL,EURUSD
2021-12-06,Asia,-1,1.1304,1.13129,0.0008899999999998354,4,2021-12-05 23:59:00,2.0,TP,EURUSD
2021-12-07,Asia,1,1.12818,1.12748,0.0006999999999999229,3,2021-12-07 01:59:00,2.0,TP,EURUSD
2021-12-08,Asia,1,1.12789,1.12719,0.000700000000000145,3,2021-12-08 01:59:00,2.0,TP,EURUSD
2021-12-09,Londres,-1,1.13096,1.13178,0.0008200000000000429,9,2021-12-09 12:59:00,-1.0,SL,EURUSD
2021-12-10,Asia,-1,1.12936,1.12991,0.0005500000000000504,6,2021-12-09 23:59:00,-1.0,SL,EURUSD
2021-12-13,Asia,-1,1.13106,1.13202,0.0009600000000000719,1,2021-12-12 23:59:00,2.0,TP,EURUSD
2021-12-14,Asia,1,1.12821,1.12741,0.0007999999999999119,8,2021-12-14 01:59:00,-1.0,SL,EURUSD
2021-12-15,Asia,1,1.12649,1.12559,0.0008999999999999009,5,2021-12-15 00:59:00,-1.0,SL,EURUSD
2021-12-16,Asia,-1,1.12902,1.12997,0.0009500000000000064,8,2021-12-15 23:59:00,-1.0,SL,EURUSD
2021-12-17,Asia,-1,1.1321,1.13328,0.0011799999999999589,8,2021-12-17 01:59:00,-1.0,SL,EURUSD
2021-12-20,Asia,1,1.12428,1.12334,0.0009399999999999409,1,2021-12-19 23:59:00,2.0,TP,EURUSD
2021-12-21,Asia,1,1.12813,1.12728,0.0008500000000000174,10,2021-12-21 01:59:00,2.0,TP,EURUSD
2021-12-22,Asia,-1,1.12821,1.12902,0.0008099999999999774,3,2021-12-22 00:59:00,-1.0,SL,EURUSD
2021-12-23,Londres,1,1.13266,1.13185,0.0008099999999999774,1,2021-12-23 10:59:00,-1.0,SL,EURUSD
2021-12-24,Asia,1,1.13255,1.1321,0.0004499999999998394,3,2021-12-24 00:59:00,2.0,TP,EURUSD
2021-12-27,Asia,1,1.13231,1.13077,0.0015399999999998748,3,2021-12-26 23:59:00,-1.0,SL,EURUSD
2021-12-28,Asia,-1,1.13198,1.13322,0.0012399999999999078,3,2021-12-28 01:59:00,-1.0,SL,EURUSD
2021-12-29,Asia,1,1.1313,1.13049,0.0008099999999999774,4,2021-12-28 23:59:00,-1.0,SL,EURUSD
2021-12-30,Asia,-1,1.13326,1.13387,0.0006099999999999994,5,2021-12-30 04:59:00,2.0,TP,EURUSD
2021-12-31,Asia,1,1.1319,1.13149,0.0004099999999997994,9,2021-12-31 02:59:00,-1.0,SL,EURUSD
2022-01-03,Asia,-1,1.13727,1.13792,0.0006500000000000394,1,2022-01-02 23:58:00,2.0,TP,EURUSD
2022-01-04,Asia,1,1.13017,1.12936,0.0008099999999999774,8,2022-01-03 23:59:00,-1.0,SL,EURUSD
2022-01-05,Asia,1,1.12857,1.12763,0.0009400000000001629,4,2022-01-05 01:59:00,2.0,TP,EURUSD
2022-01-06,Asia,-1,1.1308,1.1314,0.0005999999999999339,5,2022-01-06 00:59:00,-1.0,SL,EURUSD
2022-01-07,Asia,1,1.12949,1.12928,0.00021000000000004349,5,2022-01-06 23:59:00,-1.0,SL,EURUSD
2022-01-10,Asia,-1,1.13534,1.13612,0.0007800000000000029,1,2022-01-09 23:59:00,2.0,TP,EURUSD
2022-01-11,Asia,-1,1.13299,1.13336,0.00036999999999998145,8,2022-01-10 23:59:00,-1.0,SL,EURUSD
2022-01-12,Asia,-1,1.13746,1.13765,0.0001900000000001345,1,2022-01-12 03:59:00,-1.0,SL,EURUSD
2022-01-13,NY,-1,1.14736,1.14827,0.0009099999999999664,1,2022-01-13 14:59:00,2.0,TP,EURUSD
2022-01-14,Asia,-1,1.14787,1.14837,0.0004999999999999449,1,2022-01-14 05:59:00,2.0,TP,EURUSD
2022-01-17,Asia,-1,1.14112,1.14166,0.0005399999999999849,1,2022-01-16 23:59:00,2.0,TP,EURUSD
2022-01-18,Asia,1,1.14188,1.14068,0.0012000000000000899,4,2022-01-18 00:59:00,-1.0,SL,EURUSD
2022-01-19,Londres,-1,1.13307,1.1343699999999999,0.0012999999999998568,1,2022-01-19 07:59:00,-1.0,SL,EURUSD
2022-01-20,Asia,-1,1.13548,1.13619,0.0007099999999999884,1,2022-01-20 02:59:00,-1.0,SL,EURUSD
2022-01-21,Asia,1,1.13037,1.13011,0.000260000000000149,1,2022-01-21 00:59:00,-1.0,SL,EURUSD
2022-01-24,Asia,-1,1.13409,1.1346,0.0005100000000000104,1,2022-01-23 23:59:00,2.0,TP,EURUSD
2022-01-25,Asia,1,1.13236,1.13205,0.00031000000000003247,6,2022-01-24 23:59:00,-1.0,SL,EURUSD
2022-01-26,Asia,1,1.13028,1.12991,0.00036999999999998145,10,2022-01-25 23:59:00,2.0,TP,EURUSD
2022-01-27,NY,1,1.11607,1.11444,0.0016299999999997983,1,2022-01-27 14:59:00,-1.0,SL,EURUSD
2022-01-28,Asia,1,1.11522,1.11453,0.0006900000000000794,2,2022-01-28 02:59:00,-1.0,SL,EURUSD
2022-01-31,Asia,1,1.11519,1.1137,0.0014899999999999913,1,2022-01-30 23:59:00,2.0,TP,EURUSD
2022-02-01,Asia,-1,1.1243,1.12457,0.00026999999999999247,10,2022-02-01 04:59:00,2.0,TP,EURUSD
2022-02-02,Asia,-1,1.12711,1.12758,0.00046999999999997044,1,2022-02-02 00:59:00,-1.0,SL,EURUSD
2022-02-03,Londres,1,1.12971,1.1287,0.0010099999999999554,1,2022-02-03 07:59:00,-1.0,SL,EURUSD
2022-02-04,Londres,-1,1.14629,1.14762,0.0013300000000000534,1,2022-02-04 10:59:00,-1.0,SL,EURUSD
2022-02-07,Asia,1,1.14412,1.14382,0.00029999999999996696,3,2022-02-07 01:59:00,-1.0,SL,EURUSD
2022-02-08,Asia,1,1.1441,1.14322,0.0008799999999999919,6,2022-02-07 23:59:00,-1.0,SL,EURUSD
2022-02-09,Asia,1,1.14205,1.14137,0.0006800000000000139,4,2022-02-08 23:59:00,-1.0,SL,EURUSD
2022-02-10,Asia,1,1.14171,1.1412,0.0005100000000000104,6,2022-02-10 00:59:00,2.0,TP,EURUSD
2022-02-11,Asia,1,1.14112,1.14007,0.0010499999999999954,5,2022-02-10 23:59:00,-1.0,SL,EURUSD
2022-02-14,Asia,-1,1.13431,1.13546,0.0011499999999999844,1,2022-02-14 02:59:00,2.0,TP,EURUSD
2022-02-15,Londres,-1,1.13126,1.13291,0.0016500000000001513,1,2022-02-15 07:59:00,-1.0,SL,EURUSD
2022-02-16,Asia,-1,1.13517,1.13579,0.0006200000000000649,2,2022-02-16 01:59:00,-1.0,SL,EURUSD
2022-02-17,Asia,-1,1.13366,1.13855,0.004890000000000061,3,2022-02-17 03:59:00,-1.0,SL,EURUSD
2022-02-18,Asia,1,1.13637,1.13587,0.000500000000000167,5,2022-02-17 23:59:00,-1.0,SL,EURUSD
2022-02-21,Asia,1,1.13164,1.13121,0.00042999999999993044,2,2022-02-20 23:59:00,2.0,TP,EURUSD
2022-02-22,Asia,1,1.13092,1.12953,0.0013900000000000023,1,2022-02-21 23:59:00,-1.0,SL,EURUSD
2022-02-23,Asia,1,1.13331,1.13273,0.0005800000000000249,5,2022-02-23 00:59:00,-1.0,SL,EURUSD
2022-02-24,Asia,1,1.13053,1.12991,0.0006200000000000649,1,2022-02-23 23:59:00,-1.0,SL,EURUSD
2022-02-25,Asia,1,1.12136,1.11975,0.0016099999999998893,3,2022-02-25 02:59:00,-1.0,SL,EURUSD
2022-02-28,Asia,1,1.118,1.11478,0.0032200000000000006,3,2022-02-27 23:59:00,-1.0,SL,EURUSD
2022-03-01,Asia,-1,1.1192,1.1202,0.001000000000000112,3,2022-03-01 03:59:00,-1.0,SL,EURUSD
2022-03-02,Asia,1,1.11322,1.11167,0.0015500000000001624,7,2022-03-01 23:59:00,-1.0,SL,EURUSD
2022-03-03,Asia,-1,1.11123,1.11225,0.0010200000000000209,2,2022-03-02 23:59:00,2.0,TP,EURUSD
2022-03-04,Asia,1,1.10489,1.10102,0.003869999999999818,1,2022-03-04 01:59:00,-1.0,SL,EURUSD
2022-03-07,Londres,1,1.08324,1.08049,0.00275000000000003,1,2022-03-07 10:59:00,2.0,TP,EURUSD
2022-03-08,Londres,1,1.08964,1.08549,0.004149999999999876,6,2022-03-08 08:59:00,2.0,TP,EURUSD
2022-03-09,Asia,-1,1.09159,1.09306,0.0014699999999998603,2,2022-03-09 05:59:00,-1.0,SL,EURUSD
2022-03-10,Londres,-1,1.10412,1.10811,0.003989999999999938,1,2022-03-10 09:59:00,-1.0,SL,EURUSD
2022-03-11,Asia,1,1.09874,1.09794,0.0008000000000001339,4,2022-03-11 01:59:00,2.0,TP,EURUSD
2022-03-14,Asia,-1,1.0929,1.09335,0.00045000000000006146,10,2022-03-13 23:59:00,-1.0,SL,EURUSD
2022-03-15,Asia,1,1.09711,1.09524,0.0018700000000000383,6,2022-03-15 01:59:00,2.0,TP,EURUSD
2022-03-16,Asia,1,1.0967,1.09548,0.0012199999999999989,9,2022-03-16 00:59:00,2.0,TP,EURUSD
2022-03-17,Asia,-1,1.10357,1.1053,0.0017300000000000093,1,2022-03-17 00:59:00,-1.0,SL,EURUSD
2022-03-18,Londres,1,1.10676,1.10541,0.0013499999999999623,2,2022-03-18 07:59:00,-1.0,SL,EURUSD
2022-03-21,Asia,1,1.10451,1.10364,0.0008700000000001484,1,2022-03-20 23:59:00,-1.0,SL,EURUSD
2022-03-22,Londres,1,1.10072,1.09798,0.0027399999999999647,7,2022-03-22 07:59:00,-1.0,SL,EURUSD
2022-03-23,Asia,1,1.10251,1.1019700000000001,0.0005399999999999849,8,2022-03-22 23:59:00,2.0,TP,EURUSD
2022-03-24,Asia,-1,1.10024,1.1014599999999999,0.0012199999999997768,1,2022-03-23 23:59:00,2.0,TP,EURUSD
2022-03-25,Asia,1,1.10324,1.10067,0.002569999999999961,6,2022-03-25 00:59:00,-1.0,SL,EURUSD
2022-03-28,Asia,1,1.09811,1.09783,0.00027999999999983594,1,2022-03-27 22:59:00,-1.0,SL,EURUSD
2022-03-29,Asia,-1,1.09736,1.0997999999999999,0.0024399999999999977,3,2022-03-29 00:59:00,-1.0,SL,EURUSD
2022-03-30,Londres,-1,1.1129,1.11473,0.0018299999999999983,2,2022-03-30 10:59:00,-1.0,SL,EURUSD
2022-03-31,Asia,-1,1.11585,1.11657,0.0007200000000000539,2,2022-03-30 22:59:00,-1.0,SL,EURUSD
2022-04-01,Asia,1,1.10731,1.10651,0.0007999999999999119,7,2022-03-31 22:59:00,-1.0,SL,EURUSD
2022-04-04,Asia,1,1.10431,1.10369,0.0006199999999998429,3,2022-04-03 22:59:00,-1.0,SL,EURUSD
2022-04-05,Londres,-1,1.09755,1.09816,0.0006099999999999994,1,2022-04-05 06:59:00,-1.0,SL,EURUSD
2022-04-06,Asia,1,1.09003,1.08946,0.0005699999999999594,1,2022-04-06 03:59:00,-1.0,SL,EURUSD
2022-04-07,Asia,1,1.09119,1.08956,0.0016300000000000203,4,2022-04-07 00:59:00,-1.0,SL,EURUSD
2022-04-08,Asia,1,1.08749,1.08712,0.00036999999999998145,5,2022-04-07 22:58:00,-1.0,SL,EURUSD
2022-04-11,Asia,-1,1.08915,1.09148,0.0023299999999999432,3,2022-04-10 22:59:00,-1.0,SL,EURUSD
2022-04-12,Asia,-1,1.08803,1.08869,0.0006599999999998829,5,2022-04-11 22:59:00,-1.0,SL,EURUSD
2022-04-13,Asia,1,1.08298,1.08133,0.0016500000000001513,1,2022-04-13 01:59:00,-1.0,SL,EURUSD
2022-04-14,Asia,-1,1.08847,1.09008,0.0016099999999998893,1,2022-04-14 00:59:00,-1.0,SL,EURUSD
2022-04-15,Asia,1,1.08209,1.08127,0.0008200000000000429,5,2022-04-14 23:59:00,-1.0,SL,EURUSD
2022-04-18,Asia,1,1.08203,1.0802100000000001,0.0018199999999999328,2,2022-04-17 22:59:00,-1.0,SL,EURUSD
2022-04-19,Asia,1,1.07724,1.07658,0.0006599999999998829,1,2022-04-19 03:59:00,2.0,TP,EURUSD
2022-04-20,Asia,1,1.07899,1.07862,0.00036999999999998145,6,2022-04-19 22:59:00,2.0,TP,EURUSD
2022-04-21,NY,-1,1.08427,1.08768,0.003409999999999913,2,2022-04-21 14:59:00,2.0,TP,EURUSD
2022-04-22,Londres,1,1.08063,1.08018,0.00045000000000006146,6,2022-04-22 07:59:00,-1.0,SL,EURUSD
2022-04-25,Asia,-1,1.08063,1.08163,0.001000000000000112,1,2022-04-24 22:59:00,2.0,TP,EURUSD
2022-04-26,NY,1,1.06744,1.06627,0.0011699999999998933,1,2022-04-26 13:59:00,-1.0,SL,EURUSD
2022-04-27,Asia,1,1.06446,1.06338,0.0010799999999999699,1,2022-04-26 22:59:00,-1.0,SL,EURUSD
2022-04-28,Asia,1,1.05173,1.05077,0.0009600000000000719,1,2022-04-28 04:59:00,-1.0,SL,EURUSD
2022-04-29,Asia,1,1.05156,1.05009,0.0014700000000000824,4,2022-04-29 00:59:00,2.0,TP,EURUSD
2022-05-02,Asia,1,1.0543,1.05358,0.0007200000000000539,1,2022-05-01 22:59:00,-1.0,SL,EURUSD
2022-05-03,Asia,1,1.05098,1.05036,0.0006200000000000649,5,2022-05-02 22:59:00,2.0,TP,EURUSD
2022-05-04,Asia,-1,1.05245,1.05288,0.00042999999999993044,3,2022-05-03 22:59:00,-1.0,SL,EURUSD
2022-05-05,Asia,-1,1.06255,1.06427,0.0017199999999999438,1,2022-05-05 01:59:00,2.0,TP,EURUSD
2022-05-06,Asia,1,1.05499,1.05376,0.0012300000000000644,2,2022-05-05 22:59:00,-1.0,SL,EURUSD
2022-05-09,Asia,-1,1.05377,1.05436,0.0005899999999998684,1,2022-05-08 22:59:00,2.0,TP,EURUSD
2022-05-10,Asia,-1,1.05726,1.05807,0.0008099999999999774,8,2022-05-10 02:59:00,-1.0,SL,EURUSD
2022-05-11,Asia,1,1.05365,1.05315,0.0004999999999999449,2,2022-05-11 03:59:00,2.0,TP,EURUSD
2022-05-12,Asia,1,1.05241,1.05065,0.0017599999999999838,7,2022-05-12 00:59:00,-1.0,SL,EURUSD
2022-05-13,Asia,1,1.03896,1.03762,0.0013400000000001189,2,2022-05-13 02:59:00,2.0,TP,EURUSD
2022-05-16,Asia,-1,1.0398,1.04063,0.0008299999999998864,1,2022-05-15 23:59:00,-1.0,SL,EURUSD
2022-05-17,Asia,-1,1.04358,1.04393,0.0003500000000000725,2,2022-05-16 22:59:00,-1.0,SL,EURUSD
2022-05-18,Asia,-1,1.05549,1.05646,0.0009699999999999154,2,2022-05-18 00:59:00,2.0,TP,EURUSD
2022-05-19,Asia,1,1.04967,1.04823,0.0014400000000001079,2,2022-05-19 02:59:00,-1.0,SL,EURUSD
2022-05-20,Asia,-1,1.05597,1.05745,0.0014799999999999258,6,2022-05-20 02:59:00,-1.0,SL,EURUSD
2022-05-23,Asia,-1,1.05881,1.05956,0.0007500000000000284,4,2022-05-23 02:59:00,-1.0,SL,EURUSD
2022-05-24,Asia,-1,1.06834,1.06947,0.0011299999999998533,2,2022-05-23 22:59:00,2.0,TP,EURUSD
2022-05-25,Asia,-1,1.07326,1.07396,0.0006999999999999229,2,2022-05-24 23:59:00,2.0,TP,EURUSD
2022-05-26,Asia,-1,1.06899,1.06968,0.0006899999999998574,1,2022-05-25 22:59:00,-1.0,SL,EURUSD
2022-05-27,Asia,-1,1.07293,1.0732599999999999,0.00032999999999994145,1,2022-05-26 22:59:00,-1.0,SL,EURUSD
2022-05-30,Asia,-1,1.07301,1.0737,0.0006900000000000794,1,2022-05-29 22:59:00,-1.0,SL,EURUSD
2022-05-31,Asia,-1,1.07454,1.07754,0.0029999999999998916,3,2022-05-31 00:59:00,2.0,TP,EURUSD
2022-06-01,Asia,1,1.07366,1.07303,0.0006300000000001305,3,2022-05-31 22:59:00,-1.0,SL,EURUSD
2022-06-02,Londres,1,1.06856,1.06735,0.0012099999999999334,5,2022-06-02 07:59:00,2.0,TP,EURUSD
2022-06-03,Asia,-1,1.07481,1.0752,0.00038999999999989043,1,2022-06-02 22:59:00,-1.0,SL,EURUSD
2022-06-06,Asia,-1,1.07161,1.0732599999999999,0.0016499999999999293,1,2022-06-06 00:59:00,-1.0,SL,EURUSD
2022-06-07,Asia,1,1.06841,1.0679,0.0005100000000000104,1,2022-06-07 00:59:00,-1.0,SL,EURUSD
2022-06-08,Asia,-1,1.07047,1.07086,0.00038999999999989043,2,2022-06-07 22:59:00,2.0,TP,EURUSD
2022-06-09,Asia,1,1.07189,1.07144,0.00045000000000006146,8,2022-06-08 22:59:00,-1.0,SL,EURUSD
2022-06-10,Londres,1,1.06145,1.06064,0.0008099999999999774,1,2022-06-10 08:59:00,-1.0,SL,EURUSD
2022-06-13,Asia,-1,1.05081,1.0521099999999999,0.0012999999999998568,1,2022-06-12 22:59:00,2.0,TP,EURUSD
2022-06-14,Asia,1,1.04015,1.0396,0.0005499999999998284,1,2022-06-14 01:59:00,2.0,TP,EURUSD
2022-06-15,Asia,1,1.0427,1.04126,0.0014399999999998858,2,2022-06-14 22:59:00,2.0,TP,EURUSD
2022-06-16,Asia,1,1.04573,1.04413,0.0016000000000000458,2,2022-06-15 23:59:00,-1.0,SL,EURUSD
2022-06-17,Londres,-1,1.05002,1.05213,0.0021100000000000563,6,2022-06-17 06:59:00,-1.0,SL,EURUSD
2022-06-20,Asia,1,1.04904,1.04736,0.0016799999999999038,3,2022-06-19 22:59:00,2.0,TP,EURUSD
2022-06-21,Asia,1,1.05182,1.05077,0.0010499999999999954,2,2022-06-20 22:59:00,2.0,TP,EURUSD
2022-06-22,Asia,-1,1.05312,1.05394,0.0008200000000000429,6,2022-06-21 23:59:00,2.0,TP,EURUSD
2022-06-23,Asia,-1,1.05646,1.05685,0.0003900000000001125,4,2022-06-22 23:59:00,-1.0,SL,EURUSD
2022-06-24,Asia,1,1.05165,1.0511,0.0005500000000000504,8,2022-06-24 00:59:00,2.0,TP,EURUSD
2022-06-27,Asia,1,1.05645,1.05501,0.0014399999999998858,7,2022-06-26 22:59:00,2.0,TP,EURUSD
2022-06-28,Asia,-1,1.05799,1.05862,0.0006299999999999084,10,2022-06-27 22:59:00,-1.0,SL,EURUSD
2022-06-29,Asia,1,1.05042,1.04999,0.00042999999999993044,1,2022-06-29 04:59:00,2.0,TP,EURUSD
2022-06-30,Asia,1,1.04371,1.04319,0.0005199999999998539,1,2022-06-30 01:59:00,2.0,TP,EURUSD
2022-07-01,Asia,-1,1.04662,1.04734,0.0007199999999998319,2,2022-07-01 02:59:00,2.0,TP,EURUSD
2022-07-04,Asia,1,1.04364,1.04178,0.0018599999999999728,3,2022-07-03 22:59:00,-1.0,SL,EURUSD
2022-07-05,Asia,1,1.04326,1.04253,0.0007300000000001194,6,2022-07-04 23:59:00,-1.0,SL,EURUSD
2022-07-06,Londres,-1,1.0269,1.02775,0.0008500000000000174,1,2022-07-06 06:59:00,2.0,TP,EURUSD
2022-07-07,Asia,1,1.01871,1.01764,0.0010699999999999044,2,2022-07-06 22:59:00,-1.0,SL,EURUSD
2022-07-08,Asia,1,1.01654,1.01597,0.0005699999999999594,4,2022-07-07 22:59:00,2.0,TP,EURUSD
2022-07-11,Asia,-1,1.01748,1.01844,0.0009600000000000719,1,2022-07-10 22:59:00,2.0,TP,EURUSD
2022-07-12,Londres,1,1.00084,1.00018,0.0006599999999998829,1,2022-07-12 07:59:00,-1.0,SL,EURUSD
2022-07-13,Asia,1,1.00399,1.00218,0.0018099999999998673,1,2022-07-13 02:59:00,-1.0,SL,EURUSD
2022-07-14,Asia,-1,1.00537,1.00598,0.0006099999999999994,6,2022-07-13 22:59:00,2.0,TP,EURUSD
2022-07-15,Asia,1,1.00263,1.00141,0.0012199999999999989,6,2022-07-14 23:59:00,-1.0,SL,EURUSD
2022-07-18,Asia,1,1.00847,1.00775,0.0007200000000000539,1,2022-07-17 22:59:00,2.0,TP,EURUSD
2022-07-20,Londres,-1,1.02256,1.02739,0.004830000000000112,1,2022-07-20 07:59:00,-1.0,SL,EURUSD
2022-07-21,Asia,1,1.02229,1.02045,0.0018399999999998418,4,2022-07-21 04:59:00,-1.0,SL,EURUSD
2022-07-22,Asia,-1,1.022,1.02313,0.0011300000000000754,3,2022-07-21 23:59:00,2.0,TP,EURUSD
2022-07-25,Asia,-1,1.0212,1.02195,0.0007499999999998064,1,2022-07-24 22:59:00,2.0,TP,EURUSD
2022-07-26,Asia,-1,1.02299,1.02339,0.00039999999999995595,7,2022-07-26 00:59:00,-1.0,SL,EURUSD
2022-07-27,Asia,1,1.01289,1.01164,0.0012499999999999734,2,2022-07-26 22:59:00,2.0,TP,EURUSD
2022-07-28,Asia,1,1.02052,1.01996,0.000560000000000116,7,2022-07-27 23:59:00,-1.0,SL,EURUSD
2022-07-29,Asia,-1,1.01979,1.02039,0.0005999999999999339,1,2022-07-29 00:59:00,-1.0,SL,EURUSD
2022-08-01,Asia,-1,1.02148,1.0225,0.0010200000000000209,1,2022-07-31 22:59:00,-1.0,SL,EURUSD
2022-08-02,Asia,-1,1.0268,1.02875,0.0019500000000001183,1,2022-08-02 01:59:00,2.0,TP,EURUSD
2022-08-03,Asia,1,1.01639,1.01619,0.00019999999999997797,1,2022-08-02 22:59:00,-1.0,SL,EURUSD
2022-08-04,Asia,1,1.01652,1.01532,0.0012000000000000899,4,2022-08-04 00:59:00,2.0,TP,EURUSD
2022-08-05,Asia,-1,1.02321,1.02492,0.0017100000000001003,7,2022-08-05 00:59:00,2.0,TP,EURUSD
2022-08-08,Asia,1,1.01728,1.01681,0.00046999999999997044,1,2022-08-07 22:59:00,-1.0,SL,EURUSD
2022-08-09,Asia,-1,1.01913,1.02018,0.0010499999999999954,9,2022-08-09 00:59:00,-1.0,SL,EURUSD
2022-08-10,Asia,-1,1.02117,1.0217,0.0005300000000001415,5,2022-08-10 01:59:00,-1.0,SL,EURUSD
2022-08-11,NY,-1,1.03372,1.03471,0.0009900000000000464,1,2022-08-11 15:59:00,2.0,TP,EURUSD
2022-08-12,Asia,1,1.03128,1.03055,0.0007299999999998974,1,2022-08-12 00:59:00,-1.0,SL,EURUSD
2022-08-15,Asia,-1,1.02596,1.02635,0.0003900000000001125,1,2022-08-14 22:59:00,-1.0,SL,EURUSD
2022-08-16,Asia,1,1.01623,1.01523,0.0009999999999998899,1,2022-08-15 22:59:00,-1.0,SL,EURUSD
2022-08-17,Asia,-1,1.01694,1.01757,0.0006300000000001305,3,2022-08-16 23:59:00,-1.0,SL,EURUSD
2022-08-18,Asia,1,1.01878,1.01731,0.0014700000000000824,8,2022-08-18 00:59:00,-1.0,SL,EURUSD
2022-08-19,Asia,1,1.00856,1.00729,0.0012699999999998823,1,2022-08-19 02:59:00,-1.0,SL,EURUSD
2022-08-22,Asia,-1,1.00355,1.00414,0.0005900000000000905,1,2022-08-21 22:59:00,2.0,TP,EURUSD
2022-08-23,Londres,1,0.99332,0.98992,0.0033999999999999586,1,2022-08-23 07:59:00,2.0,TP,EURUSD
2022-08-24,Asia,-1,0.99492,0.99563,0.0007099999999999884,2,2022-08-24 01:59:00,-1.0,SL,EURUSD
2022-08-25,Asia,-1,0.99987,1.00089,0.0010200000000000209,1,2022-08-25 04:59:00,-1.0,SL,EURUSD
2022-08-26,Asia,-1,0.99706,0.99756,0.000500000000000056,6,2022-08-25 23:59:00,2.0,TP,EURUSD
2022-08-29,Asia,1,0.99482,0.99448,0.00034000000000000696,3,2022-08-28 22:59:00,-1.0,SL,EURUSD
2022-08-30,Asia,-1,1.00055,1.00142,0.0008699999999999264,10,2022-08-30 00:59:00,2.0,TP,EURUSD
2022-08-31,Asia,-1,1.00274,1.00354,0.0008000000000001339,4,2022-08-31 00:59:00,-1.0,SL,EURUSD
2022-09-01,Asia,-1,1.0038,1.00517,0.0013699999999998713,2,2022-08-31 23:59:00,2.0,TP,EURUSD
2022-09-02,Londres,-1,0.99739,0.99795,0.0005600000000000049,1,2022-09-02 06:59:00,-1.0,SL,EURUSD
2022-09-05,Asia,1,0.99216,0.9902,0.001960000000000073,1,2022-09-04 22:59:00,-1.0,SL,EURUSD
2022-09-06,Asia,-1,0.99411,0.995,0.0008899999999999464,2,2022-09-05 22:59:00,-1.0,SL,EURUSD
2022-09-07,Asia,1,0.98843,0.98766,0.0007700000000000484,6,2022-09-07 02:59:00,2.0,TP,EURUSD
2022-09-08,Asia,-1,1.00055,1.00138,0.0008299999999998864,1,2022-09-07 22:59:00,2.0,TP,EURUSD
2022-09-09,Londres,-1,1.00737,1.00984,0.0024699999999999722,1,2022-09-09 10:59:00,-1.0,SL,EURUSD
2022-09-12,Asia,-1,1.00674,1.0095399999999999,0.0027999999999999137,4,2022-09-11 22:59:00,-1.0,SL,EURUSD
2022-09-13,Londres,-1,1.01385,1.01512,0.0012700000000001044,1,2022-09-13 06:59:00,-1.0,SL,EURUSD
2022-09-14,Asia,1,0.99692,0.99544,0.0014800000000000368,1,2022-09-13 22:59:00,2.0,TP,EURUSD
2022-09-15,Asia,1,0.99619,0.99581,0.00038000000000004697,2,2022-09-15 05:59:00,-1.0,SL,EURUSD
2022-09-16,Asia,-1,1.00058,1.00115,0.0005699999999999594,4,2022-09-16 00:59:00,-1.0,SL,EURUSD
2022-09-19,Asia,1,1.00204,1.00037,0.0016700000000000603,1,2022-09-18 22:59:00,-1.0,SL,EURUSD
2022-09-20,Asia,-1,1.0027,1.0032699999999999,0.0005699999999999594,1,2022-09-19 22:59:00,-1.0,SL,EURUSD
2022-09-21,Asia,1,0.99707,0.9964000000000001,0.0006699999999999484,5,2022-09-20 22:59:00,-1.0,SL,EURUSD
2022-09-22,Asia,1,0.98154,0.9807,0.0008399999999999519,1,2022-09-22 00:59:00,2.0,TP,EURUSD
2022-09-23,Asia,-1,0.98433,0.98493,0.0005999999999999339,3,2022-09-23 00:59:00,-1.0,SL,EURUSD
2022-09-26,Asia,-1,0.96855,0.9702,0.0016499999999999293,1,2022-09-25 23:59:00,2.0,TP,EURUSD
2022-09-27,Asia,1,0.96069,0.95829,0.0024000000000000687,1,2022-09-26 22:59:00,2.0,TP,EURUSD
2022-09-28,Asia,1,0.95723,0.9566600000000001,0.0005699999999999594,1,2022-09-28 00:59:00,-1.0,SL,EURUSD
2022-09-29,Asia,-1,0.97054,0.9725199999999999,0.0019799999999999818,9,2022-09-28 23:59:00,2.0,TP,EURUSD
2022-09-30,Asia,-1,0.9818,0.98447,0.00266999999999995,1,2022-09-29 22:59:00,-1.0,SL,EURUSD
2022-10-03,Asia,-1,0.98006,0.9809599999999999,0.0008999999999999009,1,2022-10-02 22:59:00,-1.0,SL,EURUSD
2022-10-04,Asia,-1,0.98334,0.9838399999999999,0.0004999999999999449,3,2022-10-03 23:59:00,2.0,TP,EURUSD
2022-10-05,Londres,-1,0.99774,0.99957,0.0018299999999999983,1,2022-10-05 06:59:00,2.0,TP,EURUSD
2022-10-06,Asia,1,0.98891,0.9881,0.0008099999999999774,4,2022-10-05 22:59:00,2.0,TP,EURUSD
2022-10-07,Asia,1,0.97888,0.9785200000000001,0.00035999999999991594,1,2022-10-06 23:59:00,2.0,TP,EURUSD
2022-10-10,Asia,-1,0.97313,0.97405,0.0009199999999999209,1,2022-10-09 22:59:00,-1.0,SL,EURUSD
2022-10-11,Asia,1,0.97201,0.96975,0.0022600000000000398,3,2022-10-11 00:59:00,-1.0,SL,EURUSD
2022-10-12,Asia,1,0.97029,0.9689,0.0013900000000000023,1,2022-10-12 00:59:00,-1.0,SL,EURUSD
2022-10-13,Asia,-1,0.97143,0.97229,0.0008599999999999719,1,2022-10-13 00:59:00,2.0,TP,EURUSD
2022-10-14,Asia,-1,0.97671,0.97785,0.0011400000000000299,7,2022-10-13 23:59:00,-1.0,SL,EURUSD
2022-10-17,Asia,-1,0.97319,0.97387,0.0006800000000000139,9,2022-10-16 22:59:00,-1.0,SL,EURUSD
2022-10-18,Asia,-1,0.9841,0.98535,0.0012499999999999734,1,2022-10-18 00:59:00,-1.0,SL,EURUSD
2022-10-19,Asia,-1,0.98625,0.98731,0.001060000000000061,3,2022-10-18 23:59:00,2.0,TP,EURUSD
2022-10-20,Asia,-1,0.9765,0.97768,0.0011799999999999589,8,2022-10-19 22:59:00,-1.0,SL,EURUSD
2022-10-21,Asia,1,0.97782,0.9772,0.0006200000000000649,1,2022-10-20 23:59:00,-1.0,SL,EURUSD
2022-10-24,Asia,-1,0.98488,0.99,0.005120000000000013,1,2022-10-23 22:59:00,-1.0,SL,EURUSD
2022-10-25,Asia,-1,0.98876,0.98994,0.0011800000000000699,1,2022-10-25 01:59:00,2.0,TP,EURUSD
2022-10-27,Asia,-1,1.00783,1.00944,0.0016099999999998893,1,2022-10-27 00:59:00,2.0,TP,EURUSD
2022-10-28,Asia,-1,0.99668,0.99729,0.0006099999999999994,6,2022-10-27 23:59:00,-1.0,SL,EURUSD
2022-10-31,Asia,-1,0.9959,0.99657,0.0006699999999999484,1,2022-10-30 23:59:00,2.0,TP,EURUSD
2022-11-01,Asia,1,0.98947,0.98831,0.0011599999999999389,2,2022-11-01 00:59:00,2.0,TP,EURUSD
2022-11-02,Asia,1,0.98872,0.98733,0.0013900000000000023,3,2022-11-01 23:59:00,-1.0,SL,EURUSD
2022-11-03,Asia,1,0.98114,0.98087,0.00026999999999999247,1,2022-11-03 05:59:00,-1.0,SL,EURUSD
2022-11-04,Asia,1,0.9773,0.97653,0.0007699999999999374,3,2022-11-04 02:59:00,2.0,TP,EURUSD
2022-11-07,Asia,-1,0.99281,0.99456,0.0017500000000000293,1,2022-11-06 23:59:00,-1.0,SL,EURUSD
2022-11-08,Asia,-1,1.00057,1.00154,0.0009700000000001374,2,2022-11-08 04:59:00,2.0,TP,EURUSD
2022-11-09,NY,-1,1.00283,1.00513,0.0022999999999999687,5,2022-11-09 13:59:00,-1.0,SL,EURUSD
2022-11-10,Asia,1,1.00343,1.00248,0.0009500000000000064,2,2022-11-10 05:59:00,-1.0,SL,EURUSD
2022-11-11,Asia,-1,1.02189,1.0224,0.0005100000000000104,1,2022-11-11 05:59:00,-1.0,SL,EURUSD
2022-11-14,Asia,-1,1.03272,1.03511,0.002389999999999892,1,2022-11-14 01:59:00,2.0,TP,EURUSD
2022-11-15,Asia,1,1.03185,1.03115,0.0006999999999999229,4,2022-11-15 00:59:00,2.0,TP,EURUSD
2022-11-16,Asia,-1,1.03572,1.03619,0.00046999999999997044,4,2022-11-15 23:59:00,2.0,TP,EURUSD
2022-11-17,Asia,-1,1.03863,1.03958,0.0009500000000000064,3,2022-11-17 00:59:00,2.0,TP,EURUSD
2022-11-18,Asia,1,1.03712,1.03559,0.0015300000000000313,3,2022-11-18 00:59:00,-1.0,SL,EURUSD
2022-11-21,Asia,-1,1.03159,1.03337,0.0017799999999998928,1,2022-11-21 00:59:00,2.0,TP,EURUSD
2022-11-22,Asia,-1,1.02606,1.0269,0.0008399999999999519,1,2022-11-22 01:59:00,-1.0,SL,EURUSD
2022-11-23,Asia,-1,1.03052,1.03221,0.0016899999999999693,1,2022-11-23 00:59:00,-1.0,SL,EURUSD
2022-11-24,Londres,1,1.04053,1.03914,0.0013900000000000023,1,2022-11-24 10:59:00,-1.0,SL,EURUSD
2022-11-25,Asia,1,1.04055,1.03949,0.001060000000000061,1,2022-11-25 00:59:00,2.0,TP,EURUSD
2022-11-28,Asia,-1,1.03666,1.03819,0.0015300000000000313,1,2022-11-27 23:59:00,-1.0,SL,EURUSD
2022-11-29,Asia,1,1.03433,1.03384,0.0004899999999998794,3,2022-11-28 23:59:00,-1.0,SL,EURUSD
2022-11-30,Asia,1,1.03235,1.03178,0.0005700000000001815,1,2022-11-29 23:59:00,2.0,TP,EURUSD
2022-12-01,Asia,-1,1.04229,1.04309,0.0008000000000001339,1,2022-11-30 23:59:00,-1.0,SL,EURUSD
2022-12-02,Asia,-1,1.05278,1.05403,0.0012499999999999734,1,2022-12-01 23:59:00,-1.0,SL,EURUSD
2022-12-05,Asia,-1,1.05426,1.05488,0.0006200000000000649,1,2022-12-05 00:59:00,-1.0,SL,EURUSD
2022-12-06,Asia,1,1.05103,1.04939,0.0016399999999998638,7,2022-12-06 00:59:00,-1.0,SL,EURUSD
2022-12-07,Asia,1,1.04611,1.04552,0.0005900000000000905,1,2022-12-07 00:59:00,-1.0,SL,EURUSD
2022-12-08,Asia,-1,1.05134,1.05197,0.0006300000000001305,6,2022-12-08 06:59:00,-1.0,SL,EURUSD
2022-12-09,Londres,-1,1.05679,1.05891,0.002120000000000122,1,2022-12-09 07:59:00,2.0,TP,EURUSD
2022-12-12,Asia,-1,1.05209,1.05363,0.0015400000000000968,6,2022-12-11 23:59:00,-1.0,SL,EURUSD
2022-12-13,Asia,-1,1.05345,1.05491,0.0014600000000000168,3,2022-12-13 03:59:00,-1.0,SL,EURUSD
2022-12-14,Londres,-1,1.06295,1.06432,0.0013699999999998713,1,2022-12-14 07:59:00,-1.0,SL,EURUSD
2022-12-15,Asia,-1,1.06625,1.06809,0.0018400000000000638,2,2022-12-15 01:59:00,2.0,TP,EURUSD
2022-12-16,Asia,-1,1.06508,1.06634,0.0012600000000000389,2,2022-12-16 02:59:00,2.0,TP,EURUSD
2022-12-19,Asia,1,1.05842,1.05814,0.00027999999999983594,2,2022-12-18 23:59:00,2.0,TP,EURUSD
2022-12-20,Asia,1,1.06121,1.06035,0.0008600000000000829,6,2022-12-19 23:59:00,-1.0,SL,EURUSD
2022-12-21,Asia,1,1.06174,1.06064,0.0010999999999998789,9,2022-12-21 05:59:00,-1.0,SL,EURUSD
2022-12-22,Asia,1,1.06077,1.06038,0.00038999999999989043,3,2022-12-21 23:59:00,2.0,TP,EURUSD
2022-12-23,Asia,1,1.06017,1.05857,0.0016000000000000458,4,2022-12-23 01:59:00,2.0,TP,EURUSD
2022-12-26,Asia,1,1.06191,1.06068,0.0012299999999998423,6,2022-12-25 23:59:00,-1.0,SL,EURUSD
2022-12-27,Asia,-1,1.06474,1.06614,0.0014000000000000679,9,2022-12-27 02:59:00,-1.0,SL,EURUSD
2022-12-28,Asia,1,1.06369,1.06296,0.0007300000000001194,2,2022-12-27 23:59:00,-1.0,SL,EURUSD
2022-12-29,Asia,1,1.06288,1.06141,0.0014700000000000824,2,2022-12-28 23:59:00,-1.0,SL,EURUSD
2022-12-30,Asia,-1,1.06601,1.06629,0.000280000000000058,7,2022-12-29 23:59:00,-1.0,SL,EURUSD
2023-01-02,Asia,-1,1.06977,1.07097,0.0011999999999998678,1,2023-01-02 01:59:00,2.0,TP,EURUSD
2023-01-03,Asia,1,1.06765,1.0648900000000001,0.0027599999999998737,2,2023-01-02 23:59:00,-1.0,SL,EURUSD
2023-01-04,Londres,-1,1.05937,1.06067,0.0013000000000000789,2,2023-01-04 07:59:00,-1.0,SL,EURUSD
2023-01-05,Asia,-1,1.06203,1.06324,0.0012099999999999334,1,2023-01-05 01:59:00,2.0,TP,EURUSD
2023-01-06,Asia,1,1.05292,1.05178,0.001140000000000141,8,2023-01-06 00:59:00,-1.0,SL,EURUSD
2023-01-09,Londres,-1,1.0673,1.06957,0.0022699999999999942,1,2023-01-09 07:59:00,-1.0,SL,EURUSD
2023-01-10,Londres,-1,1.07382,1.0748199999999999,0.0009999999999998899,1,2023-01-10 08:59:00,-1.0,SL,EURUSD
2023-01-11,Asia,-1,1.07308,1.0746,0.0015199999999999658,3,2023-01-11 01:59:00,-1.0,SL,EURUSD
2023-01-12,Asia,-1,1.07571,1.07696,0.0012499999999999734,2,2023-01-12 06:59:00,-1.0,SL,EURUSD
2023-01-13,Asia,-1,1.0852,1.08689,0.0016899999999999693,1,2023-01-13 00:59:00,2.0,TP,EURUSD
2023-01-16,Asia,1,1.08416,1.08201,0.0021500000000000963,1,2023-01-16 00:59:00,-1.0,SL,EURUSD
2023-01-17,Asia,1,1.08294,1.0820400000000001,0.0008999999999999009,4,2023-01-16 23:59:00,-1.0,SL,EURUSD
2023-01-18,Asia,1,1.07871,1.07651,0.0021999999999999797,1,2023-01-18 02:59:00,2.0,TP,EURUSD
2023-01-19,Asia,1,1.07872,1.07851,0.00020999999999982144,1,2023-01-19 00:59:00,2.0,TP,EURUSD
2023-01-20,Asia,-1,1.08333,1.08379,0.000460000000000127,9,2023-01-19 23:59:00,-1.0,SL,EURUSD
2023-01-23,Asia,-1,1.08643,1.08706,0.0006299999999999084,1,2023-01-22 23:59:00,-1.0,SL,EURUSD
2023-01-24,Asia,-1,1.08743,1.08812,0.0006900000000000794,1,2023-01-24 03:59:00,-1.0,SL,EURUSD
2023-01-25,Asia,-1,1.0887,1.08913,0.00042999999999993044,1,2023-01-25 00:59:00,-1.0,SL,EURUSD
2023-01-26,Asia,-1,1.09155,1.09256,0.0010099999999999554,1,2023-01-26 00:59:00,-1.0,SL,EURUSD
2023-01-27,Asia,-1,1.08964,1.09011,0.00046999999999997044,8,2023-01-27 00:59:00,2.0,TP,EURUSD
2023-01-30,Asia,1,1.08717,1.08638,0.0007900000000000684,3,2023-01-29 23:59:00,-1.0,SL,EURUSD
2023-01-31,Asia,1,1.08537,1.08477,0.0005999999999999339,2,2023-01-31 00:59:00,-1.0,SL,EURUSD
2023-02-01,Asia,1,1.08622,1.08573,0.0004899999999998794,7,2023-02-01 00:59:00,-1.0,SL,EURUSD
2023-02-02,Londres,-1,1.09933,1.10157,0.0022400000000000198,2,2023-02-02 07:59:00,2.0,TP,EURUSD
2023-02-03,Asia,-1,1.09043,1.09123,0.0007999999999999119,10,2023-02-02 23:59:00,2.0,TP,EURUSD
2023-02-06,Asia,-1,1.07891,1.07991,0.0009999999999998899,1,2023-02-05 23:59:00,2.0,TP,EURUSD
2023-02-07,Londres,1,1.07188,1.06958,0.0022999999999999687,2,2023-02-07 08:59:00,-1.0,SL,EURUSD
2023-02-08,Asia,1,1.07262,1.0722,0.0004199999999998649,3,2023-02-08 01:59:00,2.0,TP,EURUSD
2023-02-09,Asia,1,1.07247,1.07083,0.0016400000000000858,2,2023-02-09 01:59:00,2.0,TP,EURUSD
2023-02-10,Asia,-1,1.0739,1.07422,0.00031999999999987594,6,2023-02-09 23:59:00,2.0,TP,EURUSD
2023-02-13,Asia,1,1.06668,1.06543,0.0012499999999999734,2,2023-02-13 01:59:00,2.0,TP,EURUSD
2023-02-14,Asia,1,1.07308,1.07198,0.001100000000000101,9,2023-02-13 23:59:00,2.0,TP,EURUSD
2023-02-15,Asia,-1,1.07396,1.07453,0.0005699999999999594,3,2023-02-15 01:59:00,2.0,TP,EURUSD
2023-02-16,Asia,-1,1.07046,1.07089,0.00042999999999993044,1,2023-02-16 01:59:00,-1.0,SL,EURUSD
2023-02-17,Londres,1,1.06437,1.06282,0.0015499999999999403,1,2023-02-17 07:59:00,-1.0,SL,EURUSD
2023-02-20,Asia,1,1.06864,1.06803,0.0006099999999999994,1,2023-02-20 04:59:00,2.0,TP,EURUSD
2023-02-21,Asia,1,1.06735,1.06663,0.0007200000000000539,2,2023-02-21 01:59:00,-1.0,SL,EURUSD
2023-02-22,Asia,-1,1.06573,1.06648,0.0007500000000000284,9,2023-02-22 01:59:00,2.0,TP,EURUSD
2023-02-23,Londres,1,1.06057,1.06019,0.00038000000000004697,1,2023-02-23 08:59:00,-1.0,SL,EURUSD
2023-02-24,Asia,1,1.06071,1.05938,0.0013300000000000534,3,2023-02-24 00:59:00,-1.0,SL,EURUSD
2023-02-27,Asia,-1,1.0544,1.05555,0.0011499999999999844,1,2023-02-27 03:59:00,-1.0,SL,EURUSD
2023-02-28,Asia,-1,1.06096,1.06158,0.0006200000000000649,7,2023-02-28 00:59:00,2.0,TP,EURUSD
2023-03-01,Asia,1,1.05845,1.0566200000000001,0.0018299999999997763,1,2023-03-01 01:59:00,2.0,TP,EURUSD
2023-03-02,Asia,-1,1.06391,1.06445,0.0005399999999999849,4,2023-03-02 06:59:00,-1.0,SL,EURUSD
2023-03-03,Asia,1,1.06105,1.05956,0.0014899999999999913,5,2023-03-03 00:59:00,-1.0,SL,EURUSD
2023-03-06,Asia,-1,1.06266,1.06374,0.0010799999999999699,2,2023-03-06 00:59:00,-1.0,SL,EURUSD
2023-03-07,Asia,-1,1.06877,1.06935,0.0005800000000000249,10,2023-03-07 02:59:00,2.0,TP,EURUSD
2023-03-08,Asia,1,1.05502,1.05409,0.0009300000000000974,1,2023-03-08 00:59:00,-1.0,SL,EURUSD
2023-03-09,Asia,-1,1.05466,1.05542,0.0007600000000000939,2,2023-03-09 00:59:00,-1.0,SL,EURUSD
2023-03-10,Asia,-1,1.05892,1.05968,0.0007599999999998719,1,2023-03-10 02:59:00,-1.0,SL,EURUSD
2023-03-13,Asia,-1,1.06815,1.06989,0.0017400000000000748,1,2023-03-12 23:59:00,-1.0,SL,EURUSD
2023-03-14,Asia,-1,1.06895,1.07028,0.0013299999999998313,4,2023-03-14 06:59:00,-1.0,SL,EURUSD
2023-03-15,Asia,-1,1.07447,1.07547,0.0009999999999998899,2,2023-03-15 03:59:00,2.0,TP,EURUSD
2023-03-16,Asia,-1,1.05895,1.05992,0.0009699999999999154,1,2023-03-15 23:59:00,-1.0,SL,EURUSD
2023-03-17,Asia,-1,1.0626,1.06329,0.0006900000000000794,3,2023-03-17 00:59:00,-1.0,SL,EURUSD
2023-03-20,Asia,-1,1.06808,1.06893,0.0008500000000000174,2,2023-03-19 23:59:00,-1.0,SL,EURUSD
2023-03-21,Asia,-1,1.07175,1.0727,0.0009500000000000064,2,2023-03-20 23:59:00,-1.0,SL,EURUSD
2023-03-22,Londres,-1,1.078,1.07838,0.0003799999999998249,3,2023-03-22 07:59:00,-1.0,SL,EURUSD
2023-03-23,Londres,-1,1.08856,1.09046,0.0019000000000000128,2,2023-03-23 08:59:00,-1.0,SL,EURUSD
2023-03-24,Asia,1,1.08251,1.08194,0.0005700000000001815,1,2023-03-24 00:59:00,-1.0,SL,EURUSD
2023-03-27,Asia,-1,1.0761,1.07785,0.0017499999999999183,1,2023-03-27 00:59:00,-1.0,SL,EURUSD
2023-03-28,Londres,-1,1.08204,1.08349,0.0014500000000001734,7,2023-03-28 07:59:00,-1.0,SL,EURUSD
2023-03-29,Asia,-1,1.08449,1.08504,0.0005500000000000504,1,2023-03-29 01:59:00,2.0,TP,EURUSD
2023-03-30,Asia,1,1.08318,1.08274,0.00043999999999999595,3,2023-03-30 01:59:00,-1.0,SL,EURUSD
2023-03-31,Londres,1,1.09038,1.08867,0.0017099999999998783,1,2023-03-31 06:59:00,-1.0,SL,EURUSD
2023-04-03,Londres,1,1.0839,1.08114,0.0027600000000000957,3,2023-04-03 07:59:00,2.0,TP,EURUSD
2023-04-04,Asia,-1,1.09066,1.09105,0.0003900000000001125,1,2023-04-03 23:59:00,2.0,TP,EURUSD
2023-04-05,Londres,1,1.0952,1.09429,0.0009099999999999664,1,2023-04-05 09:59:00,-1.0,SL,EURUSD
2023-04-06,Asia,-1,1.09029,1.09109,0.0007999999999999119,6,2023-04-05 23:59:00,2.0,TP,EURUSD
2023-04-07,Asia,-1,1.09163,1.09202,0.00038999999999989043,2,2023-04-06 22:59:00,-1.0,SL,EURUSD
2023-04-10,Asia,-1,1.09034,1.09155,0.0012099999999999334,1,2023-04-10 00:59:00,-1.0,SL,EURUSD
2023-04-11,Asia,1,1.08941,1.08813,0.0012799999999999478,2,2023-04-11 05:59:00,-1.0,SL,EURUSD
2023-04-12,Asia,-1,1.09167,1.09186,0.0001900000000001345,5,2023-04-11 22:59:00,-1.0,SL,EURUSD
2023-04-13,Asia,-1,1.0996,1.10043,0.0008300000000001084,1,2023-04-13 01:59:00,2.0,TP,EURUSD
2023-04-14,Londres,-1,1.10668,1.10768,0.0009999999999998899,1,2023-04-14 06:59:00,2.0,TP,EURUSD
2023-04-17,Asia,1,1.09807,1.097,0.0010700000000001264,2,2023-04-17 02:59:00,-1.0,SL,EURUSD
2023-04-18,Londres,1,1.09702,1.09458,0.0024399999999999977,3,2023-04-18 07:59:00,-1.0,SL,EURUSD
2023-04-19,Asia,1,1.09827,1.09729,0.0009799999999999809,8,2023-04-19 00:59:00,-1.0,SL,EURUSD
2023-04-20,Asia,1,1.09516,1.0946,0.0005599999999998939,1,2023-04-19 23:59:00,2.0,TP,EURUSD
2023-04-21,Asia,-1,1.09651,1.09741,0.0008999999999999009,5,2023-04-21 01:59:00,2.0,TP,EURUSD
2023-04-24,Asia,-1,1.09875,1.09959,0.0008400000000001739,1,2023-04-24 01:59:00,2.0,TP,EURUSD
2023-04-25,Londres,-1,1.10326,1.10525,0.0019900000000001583,2,2023-04-25 07:59:00,2.0,TP,EURUSD
2023-04-26,Asia,1,1.09781,1.0970900000000001,0.0007199999999998319,6,2023-04-26 00:59:00,-1.0,SL,EURUSD
2023-04-27,Asia,1,1.10456,1.10399,0.0005699999999999594,6,2023-04-27 00:59:00,-1.0,SL,EURUSD
2023-04-28,Asia,1,1.10315,1.10255,0.000600000000000156,2,2023-04-27 23:59:00,-1.0,SL,EURUSD
2023-05-01,Asia,-1,1.10112,1.1023,0.0011799999999999589,10,2023-04-30 22:59:00,-1.0,SL,EURUSD
2023-05-02,Asia,1,1.09789,1.0967500000000001,0.0011399999999999189,5,2023-05-02 00:59:00,2.0,TP,EURUSD
2023-05-03,Asia,1,1.10107,1.10038,0.0006900000000000794,9,2023-05-02 23:59:00,2.0,TP,EURUSD
2023-05-04,Londres,-1,1.10753,1.10927,0.0017400000000000748,1,2023-05-04 06:59:00,2.0,TP,EURUSD
2023-05-05,Asia,1,1.10211,1.10085,0.0012599999999998168,5,2023-05-04 22:59:00,2.0,TP,EURUSD
2023-05-08,Asia,1,1.10241,1.10157,0.0008399999999999519,2,2023-05-08 00:59:00,2.0,TP,EURUSD
2023-05-10,Asia,1,1.0969,1.09634,0.0005599999999998939,7,2023-05-10 00:59:00,-1.0,SL,EURUSD
2023-05-11,Asia,1,1.09927,1.0981400000000001,0.0011299999999998533,6,2023-05-11 00:59:00,-1.0,SL,EURUSD
2023-05-12,Asia,1,1.09214,1.09112,0.0010200000000000209,2,2023-05-12 00:59:00,-1.0,SL,EURUSD
2023-05-15,Asia,1,1.08527,1.08468,0.0005899999999998684,1,2023-05-14 23:59:00,2.0,TP,EURUSD
2023-05-16,Asia,-1,1.08774,1.08828,0.0005399999999999849,2,2023-05-16 01:59:00,-1.0,SL,EURUSD
2023-05-17,Asia,1,1.08653,1.08596,0.0005699999999999594,2,2023-05-16 23:59:00,-1.0,SL,EURUSD
2023-05-18,Londres,1,1.08161,1.08081,0.0007999999999999119,2,2023-05-18 07:59:00,-1.0,SL,EURUSD
2023-05-19,Asia,1,1.07632,1.0759,0.0004199999999998649,1,2023-05-19 01:59:00,2.0,TP,EURUSD
2023-05-22,Asia,-1,1.08169,1.08207,0.00038000000000004697,4,2023-05-21 22:59:00,-1.0,SL,EURUSD
2023-05-23,Asia,-1,1.08116,1.0821399999999999,0.0009799999999999809,7,2023-05-23 00:59:00,2.0,TP,EURUSD
2023-05-24,Asia,1,1.07736,1.07667,0.0006900000000000794,2,2023-05-24 01:59:00,2.0,TP,EURUSD
2023-05-25,Asia,1,1.0755,1.0741100000000001,0.0013899999999997803,1,2023-05-24 22:59:00,-1.0,SL,EURUSD
2023-05-26,Asia,1,1.07341,1.07312,0.00028999999999990145,3,2023-05-26 02:59:00,2.0,TP,EURUSD
2023-05-29,Asia,1,1.07192,1.0717,0.00021999999999988695,3,2023-05-28 22:59:00,2.0,TP,EURUSD
2023-05-30,Asia,-1,1.07137,1.07206,0.0006900000000000794,1,2023-05-30 00:59:00,-1.0,SL,EURUSD
2023-05-31,Asia,-1,1.07132,1.07364,0.0023199999999998777,3,2023-05-31 01:59:00,2.0,TP,EURUSD
2023-06-01,Asia,1,1.06913,1.06792,0.0012099999999999334,3,2023-06-01 01:59:00,-1.0,SL,EURUSD
2023-06-02,Asia,-1,1.0768,1.077,0.00019999999999997797,1,2023-06-02 03:59:00,2.0,TP,EURUSD
2023-06-05,Asia,-1,1.06967,1.07026,0.0005900000000000905,7,2023-06-04 23:59:00,-1.0,SL,EURUSD
2023-06-06,Asia,-1,1.07183,1.07256,0.0007299999999998974,1,2023-06-06 02:59:00,-1.0,SL,EURUSD
2023-06-07,Asia,-1,1.07004,1.07053,0.0004899999999998794,5,2023-06-07 00:59:00,2.0,TP,EURUSD
2023-06-08,Asia,-1,1.06991,1.07027,0.000360000000000138,8,2023-06-07 22:59:00,-1.0,SL,EURUSD
2023-06-09,Londres,1,1.07786,1.07715,0.0007099999999999884,1,2023-06-09 06:59:00,-1.0,SL,EURUSD
2023-06-12,Asia,-1,1.07367,1.07469,0.0010200000000000209,5,2023-06-12 01:59:00,-1.0,SL,EURUSD
2023-06-13,Asia,1,1.0779,1.07731,0.0005900000000000905,6,2023-06-13 03:59:00,2.0,TP,EURUSD
2023-06-14,Asia,-1,1.07899,1.0796999999999999,0.0007099999999999884,5,2023-06-14 03:59:00,2.0,TP,EURUSD
2023-06-15,Asia,-1,1.08108,1.08391,0.002829999999999888,4,2023-06-15 01:59:00,-1.0,SL,EURUSD
2023-06-16,Asia,-1,1.0942,1.09517,0.0009699999999999154,1,2023-06-16 00:59:00,-1.0,SL,EURUSD
2023-06-19,Asia,1,1.09367,1.09336,0.00030999999999981043,3,2023-06-19 00:59:00,-1.0,SL,EURUSD
2023-06-20,Asia,1,1.09235,1.09179,0.0005599999999998939,4,2023-06-19 23:59:00,-1.0,SL,EURUSD
2023-06-21,Asia,1,1.09159,1.09135,0.00024000000000001798,2,2023-06-21 00:59:00,-1.0,SL,EURUSD
2023-06-22,Asia,-1,1.09883,1.09931,0.00048000000000003595,1,2023-06-22 00:59:00,-1.0,SL,EURUSD
2023-06-23,Asia,-1,1.09385,1.09477,0.0009200000000000319,8,2023-06-23 02:59:00,2.0,TP,EURUSD
2023-06-26,Asia,1,1.09062,1.09019,0.00042999999999993044,9,2023-06-25 23:59:00,-1.0,SL,EURUSD
2023-06-27,Asia,-1,1.09045,1.09123,0.0007800000000000029,3,2023-06-27 00:59:00,-1.0,SL,EURUSD
2023-06-28,Asia,-1,1.09546,1.0962399999999999,0.0007799999999997809,10,2023-06-28 00:59:00,2.0,TP,EURUSD
2023-06-29,Asia,1,1.09068,1.09001,0.0006700000000001705,6,2023-06-29 00:59:00,-1.0,SL,EURUSD
2023-06-30,Asia,1,1.08615,1.08592,0.00022999999999995246,1,2023-06-30 01:59:00,2.0,TP,EURUSD
2023-07-03,Asia,-1,1.0909,1.09186,0.0009600000000000719,6,2023-07-03 01:59:00,2.0,TP,EURUSD
2023-07-04,Asia,-1,1.09107,1.09173,0.000660000000000105,9,2023-07-04 01:59:00,2.0,TP,EURUSD
2023-07-05,Asia,1,1.08804,1.08763,0.0004099999999997994,1,2023-07-04 22:59:00,2.0,TP,EURUSD
2023-07-06,Asia,1,1.08551,1.0851,0.00041000000000002146,1,2023-07-05 23:59:00,-1.0,SL,EURUSD
2023-07-07,Asia,-1,1.08896,1.08959,0.0006300000000001305,6,2023-07-06 23:59:00,-1.0,SL,EURUSD
2023-07-10,Asia,-1,1.09641,1.09699,0.0005799999999998029,1,2023-07-10 00:59:00,2.0,TP,EURUSD
2023-07-11,Asia,-1,1.1001,1.10035,0.00024999999999986144,1,2023-07-10 22:59:00,-1.0,SL,EURUSD
2023-07-12,Asia,-1,1.10259,1.10371,0.0011200000000000099,2,2023-07-12 05:59:00,-1.0,SL,EURUSD
2023-07-13,Asia,-1,1.11309,1.11442,0.0013300000000000534,1,2023-07-13 05:59:00,-1.0,SL,EURUSD
2023-07-14,Asia,-1,1.12245,1.12306,0.0006099999999999994,1,2023-07-13 22:59:00,-1.0,SL,EURUSD
2023-07-17,Asia,-1,1.12254,1.12325,0.0007099999999999884,4,2023-07-16 22:59:00,-1.0,SL,EURUSD
2023-07-18,Asia,-1,1.12417,1.12474,0.0005700000000001815,1,2023-07-18 00:59:00,-1.0,SL,EURUSD
2023-07-19,Asia,1,1.12316,1.12264,0.0005199999999998539,2,2023-07-18 22:59:00,-1.0,SL,EURUSD
2023-07-20,Asia,1,1.12049,1.12013,0.00035999999999991594,7,2023-07-19 23:59:00,2.0,TP,EURUSD
2023-07-21,Londres,-1,1.11428,1.11459,0.00031000000000003247,1,2023-07-21 06:59:00,2.0,TP,EURUSD
2023-07-24,Asia,-1,1.11243,1.11315,0.0007200000000000539,2,2023-07-23 23:59:00,-1.0,SL,EURUSD
2023-07-25,Asia,1,1.10673,1.10617,0.0005599999999998939,2,2023-07-25 00:59:00,2.0,TP,EURUSD
2023-07-26,Asia,1,1.10457,1.10368,0.0008900000000000574,2,2023-07-26 02:59:00,2.0,TP,EURUSD
2023-07-27,Asia,-1,1.10848,1.10905,0.0005700000000001815,2,2023-07-26 22:59:00,-1.0,SL,EURUSD
2023-07-28,Asia,1,1.09727,1.0958700000000001,0.0013999999999998458,1,2023-07-28 04:59:00,-1.0,SL,EURUSD
2023-07-31,Asia,-1,1.10142,1.10275,0.0013299999999998313,1,2023-07-31 01:59:00,-1.0,SL,EURUSD
2023-08-01,Asia,-1,1.09888,1.10025,0.0013699999999998713,6,2023-08-01 00:59:00,2.0,TP,EURUSD
2023-08-02,Asia,1,1.10092,1.09972,0.0011999999999998678,5,2023-08-01 22:59:00,-1.0,SL,EURUSD
2023-08-03,Londres,1,1.0919,1.09128,0.0006200000000000649,2,2023-08-03 07:59:00,-1.0,SL,EURUSD
2023-08-04,Asia,1,1.09553,1.09454,0.0009899999999998244,7,2023-08-04 00:59:00,-1.0,SL,EURUSD
2023-08-07,Asia,1,1.10099,1.09996,0.0010299999999998644,1,2023-08-07 00:59:00,-1.0,SL,EURUSD
2023-08-08,Asia,-1,1.09919,1.10064,0.0014500000000001734,2,2023-08-08 00:59:00,-1.0,SL,EURUSD
2023-08-09,Asia,-1,1.09576,1.09661,0.0008500000000000174,1,2023-08-09 00:59:00,-1.0,SL,EURUSD
2023-08-10,Asia,1,1.09771,1.09741,0.00029999999999996696,6,2023-08-09 23:59:00,-1.0,SL,EURUSD
2023-08-11,Asia,1,1.09879,1.09787,0.0009200000000000319,2,2023-08-11 00:59:00,-1.0,SL,EURUSD
2023-08-14,Asia,1,1.09432,1.09397,0.00034999999999985043,2,2023-08-13 23:59:00,-1.0,SL,EURUSD
2023-08-15,Londres,1,1.09277,1.09168,0.0010900000000000354,3,2023-08-15 08:59:00,-1.0,SL,EURUSD
2023-08-16,Asia,1,1.09031,1.08981,0.0004999999999999449,3,2023-08-16 00:59:00,2.0,TP,EURUSD
2023-08-17,Asia,1,1.08735,1.08616,0.0011900000000000244,1,2023-08-17 05:59:00,2.0,TP,EURUSD
2023-08-18,Asia,1,1.08734,1.08669,0.0006500000000000394,4,2023-08-17 22:59:00,2.0,TP,EURUSD
2023-08-21,Asia,-1,1.08741,1.08795,0.0005399999999999849,1,2023-08-20 22:59:00,-1.0,SL,EURUSD
2023-08-22,Asia,-1,1.09091,1.09178,0.0008699999999999264,1,2023-08-22 04:59:00,-1.0,SL,EURUSD
2023-08-23,Asia,1,1.0846,1.08436,0.00024000000000001798,8,2023-08-22 22:59:00,2.0,TP,EURUSD
2023-08-24,Asia,-1,1.08697,1.0876,0.0006299999999999084,1,2023-08-24 00:59:00,-1.0,SL,EURUSD
2023-08-25,Londres,1,1.07862,1.07651,0.0021099999999998342,1,2023-08-25 08:59:00,2.0,TP,EURUSD
2023-08-28,Asia,-1,1.07946,1.08016,0.0006999999999999229,1,2023-08-27 22:59:00,-1.0,SL,EURUSD
2023-08-29,Asia,-1,1.08216,1.0827,0.0005399999999999849,1,2023-08-29 05:59:00,2.0,TP,EURUSD
2023-08-30,Londres,1,1.08672,1.08541,0.0013099999999999223,1,2023-08-30 08:59:00,2.0,TP,EURUSD
2023-08-31,Londres,-1,1.08925,1.09097,0.0017199999999999438,3,2023-08-31 07:59:00,2.0,TP,EURUSD
2023-09-01,Asia,-1,1.08377,1.08459,0.0008200000000000429,9,2023-09-01 00:59:00,-1.0,SL,EURUSD
2023-09-04,Asia,1,1.07733,1.07708,0.00024999999999986144,1,2023-09-03 22:59:00,2.0,TP,EURUSD
2023-09-05,Asia,-1,1.07885,1.07992,0.0010699999999999044,3,2023-09-05 01:59:00,2.0,TP,EURUSD
2023-09-06,Asia,1,1.07339,1.0713300000000001,0.0020599999999999508,2,2023-09-06 02:59:00,-1.0,SL,EURUSD
2023-09-07,Asia,1,1.07238,1.0721100000000001,0.00026999999999999247,2,2023-09-06 23:59:00,-1.0,SL,EURUSD
2023-09-08,Asia,1,1.07141,1.06961,0.0018000000000000238,2,2023-09-08 00:59:00,-1.0,SL,EURUSD
2023-09-11,Asia,1,1.07114,1.07065,0.0004899999999998794,1,2023-09-10 22:59:00,2.0,TP,EURUSD
2023-09-12,Asia,-1,1.0741,1.07702,0.0029200000000000337,1,2023-09-12 01:59:00,2.0,TP,EURUSD
2023-09-13,Asia,-1,1.07558,1.07614,0.000560000000000116,4,2023-09-12 22:59:00,-1.0,SL,EURUSD
2023-09-14,Asia,-1,1.074,1.07433,0.00032999999999994145,5,2023-09-14 00:59:00,2.0,TP,EURUSD
2023-09-15,Londres,-1,1.0656,1.06693,0.0013299999999998313,1,2023-09-15 10:59:00,-1.0,SL,EURUSD
2023-09-18,Asia,-1,1.06638,1.067,0.0006199999999998429,1,2023-09-17 22:59:00,-1.0,SL,EURUSD
2023-09-19,Asia,-1,1.06836,1.06904,0.0006800000000000139,5,2023-09-19 01:59:00,-1.0,SL,EURUSD
2023-09-20,Asia,-1,1.06829,1.06907,0.0007800000000000029,8,2023-09-20 02:59:00,-1.0,SL,EURUSD
2023-09-21,Asia,1,1.06551,1.06516,0.00034999999999985043,7,2023-09-20 22:59:00,-1.0,SL,EURUSD
2023-09-22,Asia,1,1.06575,1.06524,0.0005100000000000104,10,2023-09-22 00:59:00,-1.0,SL,EURUSD
2023-09-25,Asia,-1,1.06489,1.06527,0.00038000000000004697,1,2023-09-24 22:59:00,-1.0,SL,EURUSD
2023-09-26,Londres,1,1.05849,1.05689,0.0015999999999998238,1,2023-09-26 07:59:00,-1.0,SL,EURUSD
2023-09-27,Asia,1,1.05712,1.05686,0.000260000000000149,2,2023-09-26 22:59:00,-1.0,SL,EURUSD
2023-09-28,Londres,-1,1.05085,1.05198,0.0011299999999998533,1,2023-09-28 07:59:00,-1.0,SL,EURUSD
2023-09-29,Asia,1,1.05621,1.05609,0.00012000000000012001,7,2023-09-28 23:59:00,-1.0,SL,EURUSD
2023-10-02,Asia,1,1.0559,1.05568,0.000220000000000109,4,2023-10-01 22:59:00,2.0,TP,EURUSD
2023-10-03,Asia,1,1.04798,1.04742,0.0005599999999998939,1,2023-10-02 23:59:00,-1.0,SL,EURUSD
2023-10-04,Asia,1,1.04668,1.04592,0.0007600000000000939,2,2023-10-04 01:59:00,-1.0,SL,EURUSD
2023-10-05,Londres,-1,1.0507,1.05219,0.0014899999999999913,3,2023-10-05 06:59:00,-1.0,SL,EURUSD
2023-10-06,Asia,-1,1.0535,1.05427,0.0007699999999999374,10,2023-10-06 05:59:00,-1.0,SL,EURUSD
2023-10-09,Asia,-1,1.0558,1.0564,0.0005999999999999339,1,2023-10-08 22:59:00,-1.0,SL,EURUSD
2023-10-10,Asia,-1,1.05727,1.05846,0.0011900000000000244,3,2023-10-10 00:59:00,-1.0,SL,EURUSD
2023-10-11,Asia,-1,1.06106,1.06152,0.000460000000000127,2,2023-10-11 00:59:00,2.0,TP,EURUSD
2023-10-12,Asia,-1,1.0619,1.06228,0.0003799999999998249,4,2023-10-11 22:59:00,-1.0,SL,EURUSD
2023-10-13,Londres,-1,1.05294,1.05558,0.0026399999999999757,1,2023-10-13 09:59:00,-0.09848484848482172,tiempo,EURUSD
2023-10-16,Asia,-1,1.05213,1.05263,0.0004999999999999449,1,2023-10-15 22:59:00,-1.0,SL,EURUSD
2023-10-17,Asia,-1,1.05561,1.05629,0.0006800000000000139,6,2023-10-16 22:59:00,2.0,TP,EURUSD
2023-10-18,Londres,-1,1.05788,1.05951,0.0016300000000000203,1,2023-10-18 06:59:00,2.0,TP,EURUSD
2023-10-19,Asia,1,1.05388,1.05317,0.0007099999999999884,4,2023-10-19 00:59:00,-1.0,SL,EURUSD
2023-10-20,Asia,-1,1.0576,1.05874,0.0011399999999999189,6,2023-10-20 00:59:00,-1.0,SL,EURUSD
2023-10-23,Asia,-1,1.05913,1.05959,0.000460000000000127,9,2023-10-22 22:59:00,2.0,TP,EURUSD
2023-10-24,Londres,-1,1.06627,1.06952,0.003249999999999975,1,2023-10-24 07:59:00,2.0,TP,EURUSD
2023-10-25,Asia,1,1.05934,1.05881,0.0005299999999999194,4,2023-10-24 22:59:00,2.0,TP,EURUSD
2023-10-26,Asia,1,1.05661,1.05591,0.000700000000000145,1,2023-10-25 23:59:00,-1.0,SL,EURUSD
2023-10-27,Asia,-1,1.05642,1.05659,0.00017000000000000348,1,2023-10-26 22:59:00,2.0,TP,EURUSD
2023-10-30,Asia,1,1.05624,1.05541,0.0008300000000001084,1,2023-10-29 23:59:00,-1.0,SL,EURUSD
2023-10-31,Asia,1,1.05943,1.05896,0.0004700000000001925,1,2023-10-31 02:59:00,2.0,TP,EURUSD
2023-11-01,Asia,-1,1.05733,1.05816,0.0008299999999998864,7,2023-10-31 23:59:00,2.0,TP,EURUSD
2023-11-02,Asia,1,1.06017,1.05827,0.0019000000000000128,5,2023-11-01 23:59:00,2.0,TP,EURUSD
2023-11-03,Asia,-1,1.06253,1.06297,0.00043999999999999595,9,2023-11-03 02:59:00,-1.0,SL,EURUSD
2023-11-06,Asia,-1,1.07242,1.07331,0.0008900000000000574,1,2023-11-06 00:59:00,-1.0,SL,EURUSD
2023-11-07,Londres,1,1.06968,1.06908,0.0005999999999999339,6,2023-11-07 07:59:00,-1.0,SL,EURUSD
2023-11-08,Asia,1,1.06936,1.06881,0.0005500000000000504,8,2023-11-08 02:59:00,-1.0,SL,EURUSD
2023-11-09,Asia,-1,1.07033,1.07137,0.0010399999999999299,4,2023-11-09 00:59:00,-1.0,SL,EURUSD
2023-11-10,Asia,1,1.06669,1.06632,0.00036999999999998145,8,2023-11-09 23:59:00,-1.0,SL,EURUSD
2023-11-13,Asia,-1,1.06838,1.06915,0.0007699999999999374,1,2023-11-13 00:59:00,-1.0,SL,EURUSD
2023-11-14,Asia,-1,1.06996,1.07033,0.00036999999999998145,2,2023-11-14 00:59:00,-1.0,SL,EURUSD
2023-11-15,Londres,1,1.08727,1.08637,0.0008999999999999009,1,2023-11-15 07:59:00,-1.0,SL,EURUSD
2023-11-16,Asia,1,1.08333,1.0829,0.00042999999999993044,1,2023-11-16 02:59:00,2.0,TP,EURUSD
2023-11-17,Asia,-1,1.08529,1.08579,0.0004999999999999449,3,2023-11-17 01:59:00,2.0,TP,EURUSD
2023-11-20,Asia,-1,1.09055,1.0912,0.0006500000000000394,1,2023-11-19 23:59:00,-1.0,SL,EURUSD
2023-11-21,Asia,-1,1.09454,1.0953,0.0007599999999998719,1,2023-11-21 00:59:00,-1.0,SL,EURUSD
2023-11-22,Asia,1,1.09169,1.0909,0.0007900000000000684,5,2023-11-21 23:59:00,-1.0,SL,EURUSD
2023-11-23,Asia,1,1.09035,1.08936,0.0009899999999998244,3,2023-11-23 02:59:00,2.0,TP,EURUSD
2023-11-24,Asia,1,1.0899,1.08939,0.0005100000000000104,2,2023-11-24 03:59:00,2.0,TP,EURUSD
2023-11-27,Asia,-1,1.09396,1.09484,0.0008799999999999919,1,2023-11-26 23:59:00,-1.0,SL,EURUSD
2023-11-28,Asia,-1,1.0958,1.09625,0.0004499999999998394,2,2023-11-28 00:59:00,-1.0,SL,EURUSD
2023-11-29,Asia,-1,1.1006,1.10181,0.0012099999999999334,1,2023-11-29 01:59:00,2.0,TP,EURUSD
2023-11-30,Asia,1,1.09695,1.0967500000000001,0.00019999999999997797,2,2023-11-30 01:59:00,-1.0,SL,EURUSD
2023-12-01,Asia,1,1.09109,1.09038,0.0007099999999999884,2,2023-12-01 05:59:00,-1.0,SL,EURUSD
2023-12-04,Asia,-1,1.08857,1.08958,0.0010099999999999554,1,2023-12-03 23:59:00,2.0,TP,EURUSD
2023-12-05,Londres,1,1.08338,1.08049,0.002890000000000059,1,2023-12-05 08:59:00,-1.0,SL,EURUSD
2023-12-06,Londres,1,1.07901,1.0777,0.0013099999999999223,1,2023-12-06 07:59:00,-1.0,SL,EURUSD
2023-12-07,Asia,1,1.07603,1.0757,0.00032999999999994145,1,2023-12-07 04:59:00,-1.0,SL,EURUSD
2023-12-08,Asia,-1,1.07959,1.07989,0.00029999999999996696,5,2023-12-08 00:59:00,-1.0,SL,EURUSD
2023-12-11,Asia,-1,1.07719,1.07744,0.00024999999999986144,7,2023-12-11 00:59:00,2.0,TP,EURUSD
2023-12-12,Asia,-1,1.07617,1.07713,0.0009599999999998499,1,2023-12-12 02:59:00,-1.0,SL,EURUSD
2023-12-13,Asia,-1,1.07874,1.07949,0.0007500000000000284,9,2023-12-13 02:59:00,-1.0,SL,EURUSD
2023-12-14,Asia,-1,1.08964,1.08993,0.0002900000000001235,1,2023-12-14 01:59:00,-1.0,SL,EURUSD
2023-12-15,NY,1,1.09164,1.0903100000000001,0.0013299999999998313,3,2023-12-15 13:59:00,-1.0,SL,EURUSD
2023-12-18,Asia,-1,1.08948,1.08983,0.0003500000000000725,8,2023-12-17 23:59:00,-1.0,SL,EURUSD
2023-12-19,Asia,-1,1.09186,1.09269,0.0008299999999998864,3,2023-12-19 01:59:00,-1.0,SL,EURUSD
2023-12-20,Asia,-1,1.09698,1.09752,0.0005399999999999849,2,2023-12-20 01:59:00,2.0,TP,EURUSD
2023-12-21,Asia,1,1.09545,1.09477,0.0006800000000000139,4,2023-12-21 05:59:00,-1.0,SL,EURUSD
2023-12-22,Londres,1,1.10002,1.09928,0.0007399999999999629,1,2023-12-22 07:59:00,2.0,TP,EURUSD
2023-12-25,Asia,1,1.09997,1.09923,0.0007399999999999629,2,2023-12-25 00:59:00,2.0,TP,EURUSD
2023-12-26,Asia,-1,1.10186,1.1024,0.0005399999999999849,2,2023-12-25 23:59:00,-1.0,SL,EURUSD
2023-12-27,Asia,-1,1.10367,1.10434,0.0006700000000001705,7,2023-12-27 00:59:00,-1.0,SL,EURUSD
2023-12-28,Londres,-1,1.11167,1.11265,0.0009799999999999809,1,2023-12-28 07:59:00,-1.0,SL,EURUSD
2023-12-29,Asia,1,1.10677,1.10598,0.0007900000000000684,4,2023-12-28 23:59:00,2.0,TP,EURUSD
2024-01-02,Asia,1,1.10365,1.10346,0.00018999999999991246,9,2024-01-01 23:59:00,-1.0,SL,EURUSD
2024-01-03,Asia,1,1.09608,1.09478,0.0012999999999998568,2,2024-01-03 03:59:00,-1.0,SL,EURUSD
2024-01-04,Londres,-1,1.09375,1.09446,0.0007099999999999884,2,2024-01-04 07:59:00,-1.0,SL,EURUSD
2024-01-05,Asia,-1,1.09371,1.09421,0.0004999999999999449,4,2024-01-05 04:59:00,2.0,TP,EURUSD
2024-01-08,Asia,-1,1.09415,1.09466,0.0005100000000000104,1,2024-01-07 23:59:00,-1.0,SL,EURUSD
2024-01-09,Asia,-1,1.09497,1.09536,0.00038999999999989043,2,2024-01-08 23:59:00,-1.0,SL,EURUSD
2024-01-10,Asia,1,1.09317,1.0927,0.00046999999999997044,2,2024-01-09 23:59:00,-1.0,SL,EURUSD
2024-01-11,Asia,-1,1.09781,1.09857,0.0007600000000000939,7,2024-01-11 02:59:00,-1.0,SL,EURUSD
2024-01-12,Asia,1,1.09824,1.0969,0.0013400000000001189,3,2024-01-11 23:59:00,-1.0,SL,EURUSD
2024-01-15,Asia,1,1.09451,1.0943,0.00021000000000004349,1,2024-01-14 23:59:00,-1.0,SL,EURUSD
2024-01-16,Asia,-1,1.09449,1.0952,0.0007099999999999884,4,2024-01-15 23:59:00,2.0,TP,EURUSD
2024-01-17,Asia,1,1.08779,1.08713,0.000660000000000105,2,2024-01-17 00:59:00,-1.0,SL,EURUSD
2024-01-18,Asia,-1,1.0896,1.09018,0.0005800000000000249,4,2024-01-18 01:59:00,-1.0,SL,EURUSD
2024-01-19,Asia,1,1.08799,1.08714,0.0008500000000000174,2,2024-01-18 23:59:00,-1.0,SL,EURUSD
2024-01-22,Asia,-1,1.0892,1.08986,0.000660000000000105,1,2024-01-21 23:59:00,-1.0,SL,EURUSD
2024-01-23,Asia,-1,1.08772,1.08826,0.0005399999999999849,8,2024-01-22 23:59:00,-1.0,SL,EURUSD
2024-01-24,Asia,1,1.08645,1.08571,0.0007399999999999629,2,2024-01-24 04:59:00,2.0,TP,EURUSD
2024-01-25,Asia,-1,1.08742,1.08822,0.0007999999999999119,4,2024-01-25 00:59:00,-1.0,SL,EURUSD
2024-01-26,Londres,1,1.08402,1.08163,0.002389999999999892,1,2024-01-26 08:59:00,-0.23430962343092854,tiempo,EURUSD
2024-01-29,Asia,-1,1.08422,1.085,0.0007800000000000029,1,2024-01-28 23:59:00,-1.0,SL,EURUSD
2024-01-30,Asia,1,1.08408,1.0832600000000001,0.0008199999999998209,3,2024-01-30 00:59:00,-1.0,SL,EURUSD
2024-01-31,Asia,1,1.08428,1.08401,0.00026999999999999247,7,2024-01-31 00:59:00,-1.0,SL,EURUSD
2024-02-01,Asia,1,1.08081,1.08006,0.0007500000000000284,2,2024-02-01 00:59:00,-1.0,SL,EURUSD
2024-02-02,Asia,-1,1.08742,1.08771,0.00028999999999990145,1,2024-02-01 23:59:00,-1.0,SL,EURUSD
2024-02-05,Asia,1,1.07819,1.07723,0.0009600000000000719,1,2024-02-05 05:59:00,-1.0,SL,EURUSD
2024-02-06,Asia,1,1.07489,1.07424,0.0006499999999998174,2,2024-02-06 04:59:00,2.0,TP,EURUSD
2024-02-07,Asia,-1,1.07588,1.07675,0.0008700000000001484,2,2024-02-07 03:59:00,-1.0,SL,EURUSD
2024-02-08,Asia,1,1.07827,1.07773,0.0005399999999999849,10,2024-02-08 02:59:00,-1.0,SL,EURUSD
2024-02-09,Asia,-1,1.07729,1.07796,0.0006699999999999484,5,2024-02-09 00:59:00,-1.0,SL,EURUSD
2024-02-12,Asia,-1,1.07948,1.07988,0.00039999999999995595,2,2024-02-12 02:59:00,-1.0,SL,EURUSD
2024-02-13,Asia,1,1.07727,1.07659,0.0006800000000000139,7,2024-02-13 00:59:00,-1.0,SL,EURUSD
2024-02-14,Londres,1,1.07022,1.06939,0.0008299999999998864,2,2024-02-14 08:59:00,2.0,TP,EURUSD
2024-02-15,Asia,-1,1.0734,1.07364,0.00024000000000001798,1,2024-02-15 00:59:00,2.0,TP,EURUSD
2024-02-16,Asia,-1,1.07726,1.07778,0.0005199999999998539,9,2024-02-15 23:59:00,2.0,TP,EURUSD
2024-02-19,Asia,-1,1.0784,1.0786,0.00019999999999997797,5,2024-02-18 23:59:00,-1.0,SL,EURUSD
2024-02-20,Asia,1,1.07754,1.07727,0.00026999999999999247,3,2024-02-19 23:59:00,-1.0,SL,EURUSD
2024-02-21,Londres,-1,1.07987,1.08156,0.0016899999999999693,3,2024-02-21 08:59:00,-1.0,SL,EURUSD
2024-02-22,Asia,-1,1.08384,1.0841,0.000260000000000149,4,2024-02-22 06:59:00,-1.0,SL,EURUSD
2024-02-23,Asia,1,1.08218,1.08139,0.0007899999999998464,3,2024-02-23 00:59:00,2.0,TP,EURUSD
2024-02-26,Asia,-1,1.0819,1.0824,0.0004999999999999449,10,2024-02-25 23:59:00,-1.0,SL,EURUSD
2024-02-27,Asia,-1,1.08474,1.08518,0.00043999999999999595,8,2024-02-27 00:59:00,-1.0,SL,EURUSD
2024-02-28,Asia,1,1.08446,1.08395,0.0005100000000000104,2,2024-02-28 00:59:00,-1.0,SL,EURUSD
2024-02-29,Asia,-1,1.0829,1.08413,0.0012300000000000644,10,2024-02-29 01:59:00,-1.0,SL,EURUSD
2024-03-01,Asia,1,1.08113,1.08042,0.0007099999999999884,4,2024-03-01 00:59:00,-1.0,SL,EURUSD
2024-03-04,Asia,-1,1.08416,1.0845,0.00034000000000000696,1,2024-03-03 23:59:00,-1.0,SL,EURUSD
2024-03-05,Asia,-1,1.08541,1.0859,0.0004900000000001015,2,2024-03-04 23:59:00,2.0,TP,EURUSD
2024-03-06,Asia,-1,1.08555,1.0859699999999999,0.0004199999999998649,2,2024-03-05 23:59:00,2.0,TP,EURUSD
2024-03-07,Londres,1,1.08937,1.08902,0.00034999999999985043,1,2024-03-07 07:59:00,-1.0,SL,EURUSD
2024-03-08,Asia,-1,1.0948,1.09538,0.0005800000000000249,1,2024-03-08 01:59:00,2.0,TP,EURUSD
2024-03-11,Asia,-1,1.09422,1.09475,0.0005299999999999194,1,2024-03-10 23:59:00,-1.0,SL,EURUSD
2024-03-12,Asia,-1,1.09286,1.09332,0.000460000000000127,1,2024-03-11 23:59:00,-1.0,SL,EURUSD
2024-03-13,Asia,-1,1.09268,1.09305,0.00036999999999998145,1,2024-03-12 23:59:00,-1.0,SL,EURUSD
2024-03-14,Asia,-1,1.09437,1.09508,0.0007099999999999884,2,2024-03-14 01:59:00,2.0,TP,EURUSD
2024-03-15,Asia,1,1.08808,1.08775,0.00032999999999994145,1,2024-03-15 06:59:00,2.0,TP,EURUSD
2024-03-18,Asia,1,1.08852,1.08795,0.0005699999999999594,1,2024-03-17 23:59:00,2.0,TP,EURUSD
2024-03-19,Asia,1,1.08733,1.08672,0.0006099999999999994,7,2024-03-19 01:59:00,-1.0,SL,EURUSD
2024-03-20,Asia,1,1.08688,1.08617,0.0007099999999999884,4,2024-03-20 01:59:00,-1.0,SL,EURUSD
2024-03-21,Asia,-1,1.09352,1.09399,0.00046999999999997044,1,2024-03-21 00:59:00,-1.0,SL,EURUSD
2024-03-22,Asia,-1,1.08651,1.08689,0.0003799999999998249,5,2024-03-21 23:59:00,2.0,TP,EURUSD
2024-03-25,Asia,1,1.0817,1.08011,0.0015900000000002024,1,2024-03-25 00:59:00,2.0,TP,EURUSD
2024-03-26,Asia,-1,1.08405,1.08464,0.0005900000000000905,1,2024-03-26 00:59:00,-1.0,SL,EURUSD
2024-03-27,Asia,-1,1.08295,1.08337,0.0004199999999998649,8,2024-03-26 23:59:00,2.0,TP,EURUSD
2024-03-28,Asia,1,1.08175,1.0807,0.0010499999999999954,1,2024-03-27 23:59:00,-1.0,SL,EURUSD
2024-03-29,Asia,1,1.07788,1.07726,0.0006199999999998429,2,2024-03-29 01:59:00,-1.0,SL,EURUSD
2024-04-01,Asia,-1,1.07865,1.07975,0.0010999999999998789,1,2024-03-31 22:59:00,-1.0,SL,EURUSD
2024-04-02,Asia,1,1.0734,1.07292,0.0004799999999998139,1,2024-04-02 01:59:00,-1.0,SL,EURUSD
2024-04-03,Asia,1,1.07679,1.07656,0.00022999999999995246,10,2024-04-02 23:59:00,2.0,TP,EURUSD
2024-04-04,NY,-1,1.08648,1.08698,0.000500000000000167,1,2024-04-04 15:59:00,2.0,TP,EURUSD
2024-04-05,Asia,-1,1.08363,1.08411,0.0004799999999998139,4,2024-04-04 22:59:00,-1.0,SL,EURUSD
2024-04-08,Asia,-1,1.0828,1.08388,0.0010799999999999699,8,2024-04-07 22:59:00,-1.0,SL,EURUSD
2024-04-09,Asia,-1,1.0862,1.08644,0.00024000000000001798,1,2024-04-08 23:59:00,2.0,TP,EURUSD
2024-04-10,Asia,1,1.08545,1.08503,0.00042000000000008697,3,2024-04-10 01:59:00,-1.0,SL,EURUSD
2024-04-11,Londres,1,1.0743,1.07269,0.0016100000000001113,1,2024-04-11 07:59:00,-1.0,SL,EURUSD
2024-04-12,Asia,1,1.0726,1.0722800000000001,0.00031999999999987594,2,2024-04-11 23:59:00,-1.0,SL,EURUSD
2024-04-15,Asia,1,1.06497,1.06331,0.0016599999999999948,3,2024-04-14 22:59:00,-1.0,SL,EURUSD
2024-04-16,Londres,1,1.06103,1.06013,0.0008999999999999009,1,2024-04-16 06:59:00,2.0,TP,EURUSD
2024-04-17,Asia,1,1.0621,1.06181,0.0002900000000001235,4,2024-04-16 23:59:00,-1.0,SL,EURUSD
2024-04-18,Asia,-1,1.06783,1.0681,0.00026999999999999247,1,2024-04-18 04:59:00,-1.0,SL,EURUSD
2024-04-19,Asia,1,1.06425,1.06392,0.00032999999999994145,1,2024-04-18 23:59:00,-1.0,SL,EURUSD
2024-04-22,Asia,-1,1.06587,1.06624,0.00036999999999998145,1,2024-04-21 22:59:00,-1.0,SL,EURUSD
2024-04-23,Asia,1,1.06542,1.06508,0.00034000000000000696,3,2024-04-22 22:59:00,-1.0,SL,EURUSD
2024-04-24,Asia,-1,1.07098,1.07152,0.0005399999999999849,1,2024-04-24 01:59:00,2.0,TP,EURUSD
2024-04-25,Asia,1,1.06999,1.06956,0.00042999999999993044,3,2024-04-24 23:59:00,2.0,TP,EURUSD
2024-04-26,Asia,-1,1.07289,1.07311,0.000220000000000109,2,2024-04-25 22:59:00,2.0,TP,EURUSD
2024-04-29,Asia,1,1.07018,1.06923,0.0009500000000000064,7,2024-04-28 22:59:00,2.0,TP,EURUSD
2024-04-30,Asia,1,1.0715,1.07091,0.0005899999999998684,9,2024-04-30 00:59:00,-1.0,SL,EURUSD
2024-05-01,Londres,1,1.06609,1.06505,0.0010399999999999299,1,2024-05-01 07:59:00,2.0,TP,EURUSD
2024-05-02,Londres,-1,1.07175,1.07283,0.0010799999999999699,1,2024-05-02 06:59:00,2.0,TP,EURUSD
2024-05-03,Asia,-1,1.07287,1.07306,0.00018999999999991246,10,2024-05-02 22:59:00,-1.0,SL,EURUSD
2024-05-06,Asia,-1,1.07623,1.07656,0.00032999999999994145,1,2024-05-05 22:59:00,2.0,TP,EURUSD
2024-05-07,Asia,-1,1.07655,1.07778,0.0012300000000000644,2,2024-05-07 01:59:00,-1.0,SL,EURUSD
2024-05-08,Asia,1,1.07498,1.07463,0.0003500000000000725,1,2024-05-07 23:59:00,-1.0,SL,EURUSD
2024-05-09,NY,1,1.07593,1.0726,0.003330000000000055,2,2024-05-09 12:59:00,0.30330330330328487,tiempo,EURUSD
2024-05-10,Asia,-1,1.07817,1.07862,0.0004499999999998394,1,2024-05-09 23:59:00,2.0,TP,EURUSD
2024-05-13,Asia,1,1.07728,1.07698,0.00029999999999996696,3,2024-05-12 22:59:00,-1.0,SL,EURUSD
2024-05-14,Asia,-1,1.07898,1.07916,0.00017999999999984695,5,2024-05-13 22:59:00,-1.0,SL,EURUSD
2024-05-15,Asia,-1,1.08252,1.08276,0.00024000000000001798,1,2024-05-15 02:59:00,-1.0,SL,EURUSD
2024-05-16,Asia,-1,1.08847,1.08882,0.00034999999999985043,1,2024-05-16 04:59:00,2.0,TP,EURUSD
2024-05-17,Asia,1,1.08628,1.08588,0.00039999999999995595,2,2024-05-17 00:59:00,-1.0,SL,EURUSD
2024-05-20,Asia,-1,1.0875,1.08781,0.00031000000000003247,5,2024-05-20 00:59:00,-1.0,SL,EURUSD
2024-05-21,Asia,1,1.08602,1.08573,0.00028999999999990145,2,2024-05-20 23:59:00,-1.0,SL,EURUSD
2024-05-22,Asia,1,1.08571,1.0852600000000001,0.0004499999999998394,2,2024-05-21 22:59:00,-1.0,SL,EURUSD
2024-05-23,Londres,1,1.08269,1.0820400000000001,0.0006499999999998174,1,2024-05-23 06:59:00,-1.0,SL,EURUSD
2024-05-24,Asia,1,1.08131,1.08112,0.00018999999999991246,2,2024-05-23 22:59:00,-1.0,SL,EURUSD
2024-05-27,Asia,-1,1.08466,1.08514,0.00048000000000003595,8,2024-05-26 23:59:00,-1.0,SL,EURUSD
2024-05-28,Asia,-1,1.0865,1.08693,0.00042999999999993044,2,2024-05-28 00:59:00,-1.0,SL,EURUSD
2024-05-29,Asia,1,1.08564,1.08531,0.00032999999999994145,1,2024-05-28 22:59:00,-1.0,SL,EURUSD
2024-05-30,Asia,1,1.08011,1.07986,0.00024999999999986144,1,2024-05-29 23:59:00,-1.0,SL,EURUSD
2024-05-31,Asia,-1,1.08204,1.08345,0.0014100000000001334,2,2024-05-31 01:59:00,-1.0,SL,EURUSD
2024-06-03,Asia,-1,1.08576,1.0859699999999999,0.00020999999999982144,8,2024-06-03 01:59:00,2.0,TP,EURUSD
2024-06-04,Asia,-1,1.0903,1.09118,0.0008799999999999919,1,2024-06-04 05:59:00,2.0,TP,EURUSD
2024-06-05,Asia,-1,1.08784,1.08846,0.0006200000000000649,8,2024-06-05 03:59:00,2.0,TP,EURUSD
2024-06-06,Asia,1,1.08819,1.08728,0.0009099999999999664,3,2024-06-06 00:59:00,-1.0,SL,EURUSD
2024-06-07,Asia,-1,1.08894,1.08934,0.00039999999999995595,4,2024-06-07 00:59:00,-1.0,SL,EURUSD
2024-06-10,Asia,-1,1.07788,1.07808,0.00019999999999997797,1,2024-06-09 23:59:00,-1.0,SL,EURUSD
2024-06-11,Asia,-1,1.07652,1.07691,0.0003900000000001125,1,2024-06-10 22:59:00,-1.0,SL,EURUSD
2024-06-12,Londres,-1,1.07414,1.0748,0.0006599999999998829,1,2024-06-12 06:59:00,-1.0,SL,EURUSD
2024-06-13,Londres,-1,1.08142,1.08173,0.00031000000000003247,1,2024-06-13 07:59:00,2.0,TP,EURUSD
2024-06-14,Asia,1,1.07386,1.07341,0.00045000000000006146,5,2024-06-13 22:59:00,-1.0,SL,EURUSD
2024-06-17,Asia,-1,1.07065,1.0709899999999999,0.0003399999999997849,1,2024-06-16 22:59:00,2.0,TP,EURUSD
2024-06-18,Asia,-1,1.07376,1.0741,0.00034000000000000696,1,2024-06-17 22:59:00,-1.0,SL,EURUSD
2024-06-19,Asia,-1,1.07406,1.0742099999999999,0.00014999999999987246,3,2024-06-18 22:59:00,2.0,TP,EURUSD
2024-06-20,Asia,-1,1.07394,1.0746499999999999,0.0007099999999999884,3,2024-06-20 02:59:00,2.0,TP,EURUSD
2024-06-21,Asia,1,1.07101,1.0704,0.0006099999999999994,8,2024-06-21 01:59:00,-1.0,SL,EURUSD
2024-06-24,Asia,-1,1.06877,1.06965,0.0008799999999999919,1,2024-06-23 23:59:00,-1.0,SL,EURUSD
2024-06-25,Asia,-1,1.07345,1.07369,0.00024000000000001798,2,2024-06-25 01:59:00,-1.0,SL,EURUSD
2024-06-26,Asia,1,1.07114,1.07051,0.0006299999999999084,2,2024-06-26 00:59:00,-1.0,SL,EURUSD
2024-06-27,Asia,1,1.06797,1.0676700000000001,0.00029999999999996696,2,2024-06-26 23:59:00,2.0,TP,EURUSD
2024-06-28,Asia,-1,1.07038,1.07064,0.00025999999999992696,2,2024-06-27 22:59:00,-1.0,SL,EURUSD
2024-07-01,Asia,1,1.07367,1.0731,0.0005699999999999594,1,2024-06-30 22:59:00,2.0,TP,EURUSD
2024-07-02,Asia,1,1.07344,1.07308,0.00035999999999991594,3,2024-07-02 01:59:00,-1.0,SL,EURUSD
2024-07-03,Asia,-1,1.07419,1.07488,0.0006900000000000794,1,2024-07-03 01:59:00,-1.0,SL,EURUSD
2024-07-04,Londres,-1,1.07944,1.07975,0.00031000000000003247,1,2024-07-04 07:59:00,-1.0,SL,EURUSD
2024-07-05,Asia,-1,1.08116,1.0815,0.00034000000000000696,1,2024-07-04 22:59:00,-1.0,SL,EURUSD
2024-07-08,Asia,-1,1.08244,1.08339,0.0009500000000000064,3,2024-07-07 22:59:00,-1.0,SL,EURUSD
2024-07-09,Asia,-1,1.08269,1.08343,0.0007399999999999629,6,2024-07-09 00:59:00,2.0,TP,EURUSD
2024-07-10,Asia,1,1.08145,1.08098,0.00046999999999997044,2,2024-07-10 01:59:00,2.0,TP,EURUSD
2024-07-11,Asia,-1,1.08333,1.08375,0.00042000000000008697,9,2024-07-10 23:59:00,-1.0,SL,EURUSD
2024-07-12,Londres,1,1.08649,1.08622,0.00026999999999999247,1,2024-07-12 06:59:00,-1.0,SL,EURUSD
2024-07-15,Asia,-1,1.08869,1.08944,0.0007500000000000284,3,2024-07-14 22:59:00,-1.0,SL,EURUSD
2024-07-16,Asia,-1,1.08944,1.08975,0.00031000000000003247,3,2024-07-15 22:59:00,-1.0,SL,EURUSD
2024-07-17,Asia,-1,1.08975,1.09038,0.0006299999999999084,3,2024-07-17 00:59:00,-1.0,SL,EURUSD
2024-07-18,Londres,1,1.0933,1.09275,0.0005499999999998284,1,2024-07-18 10:59:00,-1.0,SL,EURUSD
2024-07-19,Asia,1,1.08974,1.08944,0.00029999999999996696,6,2024-07-18 22:59:00,-1.0,SL,EURUSD
2024-07-22,Asia,1,1.08997,1.0883,0.0016700000000000603,4,2024-07-21 22:59:00,-1.0,SL,EURUSD
2024-07-23,Asia,-1,1.08886,1.08949,0.0006300000000001305,1,2024-07-23 01:59:00,-1.0,SL,EURUSD
2024-07-24,Asia,1,1.0845,1.08415,0.0003500000000000725,1,2024-07-24 03:59:00,2.0,TP,EURUSD
2024-07-25,Asia,1,1.08394,1.08339,0.0005499999999998284,1,2024-07-25 00:59:00,-1.0,SL,EURUSD
2024-07-26,Asia,1,1.08469,1.08424,0.0004499999999998394,7,2024-07-25 22:59:00,2.0,TP,EURUSD
2024-07-29,Asia,-1,1.08559,1.08609,0.0004999999999999449,1,2024-07-28 22:59:00,-1.0,SL,EURUSD
2024-07-30,Asia,1,1.0817,1.0814300000000001,0.00026999999999999247,2,2024-07-30 00:59:00,-1.0,SL,EURUSD
2024-07-31,Asia,1,1.08148,1.08113,0.0003500000000000725,3,2024-07-30 22:59:00,2.0,TP,EURUSD
2024-08-01,Asia,-1,1.08243,1.08319,0.0007600000000000939,3,2024-07-31 22:59:00,-1.0,SL,EURUSD
2024-08-02,Asia,1,1.08042,1.07945,0.0009699999999999154,4,2024-08-02 05:59:00,-1.0,SL,EURUSD
2024-08-05,Asia,1,1.09188,1.0910900000000001,0.0007899999999998464,1,2024-08-05 01:59:00,2.0,TP,EURUSD
2024-08-06,Asia,1,1.09627,1.09427,0.0020000000000000018,1,2024-08-06 00:59:00,-1.0,SL,EURUSD
2024-08-07,Asia,-1,1.09259,1.09313,0.0005399999999999849,8,2024-08-06 23:59:00,2.0,TP,EURUSD
2024-08-08,Asia,-1,1.09273,1.09348,0.0007500000000000284,2,2024-08-07 23:59:00,-1.0,SL,EURUSD
2024-08-09,Asia,1,1.0913,1.09104,0.00025999999999992696,4,2024-08-09 00:59:00,2.0,TP,EURUSD
2024-08-12,Asia,1,1.09128,1.0909,0.00038000000000004697,3,2024-08-11 22:59:00,2.0,TP,EURUSD
2024-08-13,Asia,-1,1.09323,1.0934,0.00017000000000000348,8,2024-08-12 22:59:00,-1.0,SL,EURUSD
2024-08-14,Londres,1,1.09999,1.09853,0.0014600000000000168,1,2024-08-14 06:59:00,2.0,TP,EURUSD
2024-08-15,Asia,1,1.10069,1.1002,0.0004899999999998794,1,2024-08-15 01:59:00,-1.0,SL,EURUSD
2024-08-16,Londres,-1,1.09815,1.09876,0.0006099999999999994,1,2024-08-16 06:59:00,-1.0,SL,EURUSD
2024-08-19,Asia,-1,1.10249,1.1035,0.0010099999999999554,1,2024-08-18 22:59:00,-1.0,SL,EURUSD
2024-08-20,Asia,-1,1.10851,1.10885,0.0003399999999997849,1,2024-08-19 22:59:00,2.0,TP,EURUSD
2024-08-21,Asia,-1,1.11275,1.11327,0.000520000000000076,1,2024-08-20 23:59:00,2.0,TP,EURUSD
2024-08-22,Londres,-1,1.11367,1.11656,0.002890000000000059,1,2024-08-22 07:59:00,-1.0,SL,EURUSD
2024-08-23,Asia,1,1.11197,1.11119,0.0007800000000000029,6,2024-08-23 00:59:00,-1.0,SL,EURUSD
2024-08-26,Asia,-1,1.11937,1.12025,0.0008799999999999919,1,2024-08-26 00:59:00,2.0,TP,EURUSD
2024-08-27,Asia,1,1.11644,1.11618,0.000260000000000149,2,2024-08-26 23:59:00,-1.0,SL,EURUSD
2024-08-28,Asia,-1,1.11769,1.11855,0.0008599999999998609,2,2024-08-27 23:59:00,2.0,TP,EURUSD
2024-08-29,Asia,-1,1.11355,1.11389,0.00034000000000000696,1,2024-08-29 05:59:00,-1.0,SL,EURUSD
2024-08-30,Asia,1,1.1072,1.10687,0.00032999999999994145,2,2024-08-30 02:59:00,2.0,TP,EURUSD
2024-09-02,Asia,-1,1.10458,1.10506,0.00048000000000003595,1,2024-09-01 22:59:00,-1.0,SL,EURUSD
2024-09-03,Asia,-1,1.1054,1.10597,0.0005699999999999594,3,2024-09-03 04:59:00,-1.0,SL,EURUSD
2024-09-04,Asia,1,1.10456,1.1038000000000001,0.0007599999999998719,6,2024-09-03 22:59:00,2.0,TP,EURUSD
2024-09-05,Asia,-1,1.10769,1.1080699999999999,0.0003799999999998249,8,2024-09-05 03:59:00,-1.0,SL,EURUSD
2024-09-06,Londres,-1,1.11158,1.11216,0.0005800000000000249,1,2024-09-06 07:59:00,2.0,TP,EURUSD
2024-09-09,Asia,-1,1.10832,1.1092,0.0008799999999999919,1,2024-09-09 00:59:00,2.0,TP,EURUSD
2024-09-10,Asia,1,1.10375,1.10339,0.00035999999999991594,2,2024-09-09 22:59:00,-1.0,SL,EURUSD
2024-09-11,Asia,-1,1.10366,1.10411,0.0004499999999998394,1,2024-09-11 01:59:00,-1.0,SL,EURUSD
2024-09-12,Asia,1,1.10162,1.10126,0.000360000000000138,4,2024-09-12 04:59:00,2.0,TP,EURUSD
2024-09-13,Londres,-1,1.10841,1.1094,0.0009900000000000464,1,2024-09-13 11:59:00,-1.0,SL,EURUSD
2024-09-16,Asia,-1,1.10895,1.10933,0.0003799999999998249,4,2024-09-16 00:59:00,-1.0,SL,EURUSD
2024-09-17,Asia,-1,1.11272,1.11331,0.0005900000000000905,2,2024-09-16 22:59:00,-1.0,SL,EURUSD
2024-09-18,Asia,1,1.11179,1.1112,0.0005900000000000905,2,2024-09-17 22:59:00,2.0,TP,EURUSD
2024-09-19,Asia,1,1.11218,1.11139,0.0007899999999998464,2,2024-09-18 22:59:00,-1.0,SL,EURUSD
2024-09-20,Asia,-1,1.11656,1.11702,0.00045999999999990493,1,2024-09-20 03:59:00,-1.0,SL,EURUSD
2024-09-23,Asia,1,1.11589,1.1155,0.0003900000000001125,1,2024-09-23 00:59:00,2.0,TP,EURUSD
2024-09-24,Asia,1,1.11109,1.11064,0.0004499999999998394,1,2024-09-23 23:59:00,-1.0,SL,EURUSD
2024-09-25,NY,-1,1.11976,1.12088,0.0011200000000000099,2,2024-09-25 12:59:00,-1.0,SL,EURUSD
2024-09-26,Asia,-1,1.11405,1.1146099999999999,0.0005599999999998939,7,2024-09-26 03:59:00,-1.0,SL,EURUSD
2024-09-27,Londres,-1,1.11509,1.1177,0.002610000000000001,3,2024-09-27 06:59:00,-1.0,SL,EURUSD
2024-09-30,Asia,-1,1.11605,1.11735,0.0013000000000000789,1,2024-09-30 01:59:00,-1.0,SL,EURUSD
2024-10-01,Asia,1,1.11322,1.11261,0.0006099999999999994,10,2024-10-01 00:59:00,-1.0,SL,EURUSD
2024-10-02,Londres,-1,1.10722,1.10838,0.0011599999999998278,1,2024-10-02 08:59:00,2.0,TP,EURUSD
2024-10-03,Asia,1,1.10461,1.10447,0.000140000000000029,4,2024-10-02 22:59:00,-1.0,SL,EURUSD
2024-10-04,Asia,1,1.10342,1.1029,0.000520000000000076,4,2024-10-03 22:59:00,-1.0,SL,EURUSD
2024-10-07,Asia,-1,1.09693,1.09727,0.00034000000000000696,1,2024-10-06 22:59:00,-1.0,SL,EURUSD
2024-10-08,Asia,-1,1.09742,1.09801,0.0005899999999998684,3,2024-10-07 23:59:00,-1.0,SL,EURUSD
2024-10-09,Asia,1,1.09807,1.09772,0.0003500000000000725,2,2024-10-08 22:59:00,-1.0,SL,EURUSD
2024-10-10,Londres,1,1.09374,1.0932,0.0005399999999999849,1,2024-10-10 07:59:00,-1.0,SL,EURUSD
2024-10-11,Asia,1,1.09373,1.09311,0.0006200000000000649,3,2024-10-11 00:59:00,-1.0,SL,EURUSD
2024-10-14,Londres,1,1.09282,1.09228,0.0005399999999999849,3,2024-10-14 07:59:00,-1.0,SL,EURUSD
2024-10-15,Londres,1,1.08924,1.08839,0.0008500000000000174,1,2024-10-15 06:59:00,2.0,TP,EURUSD
2024-10-16,Asia,1,1.08895,1.08866,0.0002900000000001235,3,2024-10-15 22:59:00,-1.0,SL,EURUSD
2024-10-17,Asia,1,1.08533,1.08513,0.00019999999999997797,1,2024-10-17 04:59:00,-1.0,SL,EURUSD
2024-10-18,Londres,-1,1.08409,1.08452,0.00042999999999993044,1,2024-10-18 07:59:00,-1.0,SL,EURUSD
2024-10-21,Asia,-1,1.0869,1.08727,0.00036999999999998145,2,2024-10-20 22:59:00,2.0,TP,EURUSD
2024-10-22,Londres,1,1.08255,1.0817,0.0008499999999997954,8,2024-10-22 06:59:00,-1.0,SL,EURUSD
2024-10-23,Asia,1,1.07952,1.07912,0.00039999999999995595,1,2024-10-23 00:59:00,2.0,TP,EURUSD
2024-10-24,Asia,-1,1.07829,1.07902,0.0007300000000001194,1,2024-10-24 01:59:00,-1.0,SL,EURUSD
2024-10-25,Asia,-1,1.08218,1.0826,0.00042000000000008697,9,2024-10-25 00:59:00,-1.0,SL,EURUSD
2024-10-28,Asia,-1,1.0791,1.07969,0.0005900000000000905,7,2024-10-28 00:59:00,-1.0,SL,EURUSD
2024-10-29,Asia,1,1.08158,1.08118,0.00039999999999995595,6,2024-10-28 23:59:00,-1.0,SL,EURUSD
2024-10-30,Asia,1,1.08218,1.08185,0.00032999999999994145,10,2024-10-29 23:59:00,-1.0,SL,EURUSD
2024-10-31,Asia,-1,1.08589,1.08645,0.0005599999999998939,2,2024-10-31 06:59:00,-1.0,SL,EURUSD
2024-11-01,Asia,-1,1.08798,1.08895,0.0009700000000001374,1,2024-11-01 00:59:00,2.0,TP,EURUSD
2024-11-04,Asia,-1,1.08727,1.08821,0.0009399999999999409,1,2024-11-03 23:59:00,-1.0,SL,EURUSD
2024-11-05,Asia,-1,1.08735,1.0879699999999999,0.0006199999999998429,5,2024-11-04 23:59:00,-1.0,SL,EURUSD
2024-11-06,Asia,-1,1.09339,1.09379,0.00039999999999995595,1,2024-11-05 23:59:00,2.0,TP,EURUSD
2024-11-07,Londres,-1,1.0752,1.07711,0.0019100000000000783,2,2024-11-07 07:59:00,-1.0,SL,EURUSD
2024-11-08,Asia,-1,1.07809,1.07908,0.0009900000000000464,5,2024-11-08 02:59:00,2.0,TP,EURUSD
2024-11-11,Asia,1,1.07132,1.07067,0.0006500000000000394,7,2024-11-10 23:59:00,2.0,TP,EURUSD
2024-11-12,Asia,-1,1.06481,1.06608,0.0012699999999998823,1,2024-11-12 01:59:00,2.0,TP,EURUSD
2024-11-13,Asia,-1,1.06261,1.06304,0.00042999999999993044,1,2024-11-13 02:59:00,2.0,TP,EURUSD
2024-11-14,Asia,1,1.05561,1.055,0.0006099999999999994,1,2024-11-14 01:59:00,-1.0,SL,EURUSD
2024-11-15,Asia,1,1.0541,1.05307,0.0010300000000000864,3,2024-11-15 02:59:00,2.0,TP,EURUSD
2024-11-18,Asia,1,1.05362,1.05304,0.0005800000000000249,7,2024-11-17 23:59:00,2.0,TP,EURUSD
2024-11-19,Asia,-1,1.05896,1.05956,0.000600000000000156,5,2024-11-19 00:59:00,-1.0,SL,EURUSD
2024-11-20,Asia,-1,1.0607,1.0609,0.00019999999999997797,4,2024-11-19 23:59:00,-1.0,SL,EURUSD
2024-11-21,Asia,1,1.05456,1.05408,0.00048000000000003595,2,2024-11-20 23:59:00,-1.0,SL,EURUSD
2024-11-22,Asia,1,1.04646,1.04605,0.00041000000000002146,1,2024-11-22 05:59:00,2.0,TP,EURUSD
2024-11-25,Asia,-1,1.04793,1.05023,0.0022999999999999687,1,2024-11-24 23:59:00,-1.0,SL,EURUSD
2024-11-26,Asia,-1,1.04437,1.05016,0.005789999999999962,2,2024-11-25 23:59:00,-1.0,SL,EURUSD
2024-11-27,Asia,-1,1.04786,1.04848,0.0006200000000000649,7,2024-11-27 04:59:00,-1.0,SL,EURUSD
2024-11-28,Londres,-1,1.05415,1.05561,0.0014600000000000168,6,2024-11-28 07:59:00,-1.0,SL,EURUSD
2024-11-29,Asia,-1,1.05625,1.05726,0.0010100000000001774,3,2024-11-29 00:59:00,-1.0,SL,EURUSD
2024-12-02,Asia,1,1.05439,1.05326,0.0011299999999998533,2,2024-12-01 23:59:00,-1.0,SL,EURUSD
2024-12-03,Londres,-1,1.0498,1.05125,0.0014499999999999513,1,2024-12-03 07:59:00,-1.0,SL,EURUSD
2024-12-04,Asia,-1,1.04991,1.0513,0.0013900000000000023,3,2024-12-04 00:59:00,-1.0,SL,EURUSD
2024-12-05,Asia,1,1.05198,1.05095,0.0010299999999998644,9,2024-12-05 02:59:00,2.0,TP,EURUSD
2024-12-06,Londres,-1,1.0582,1.0594999999999999,0.0012999999999998568,1,2024-12-06 08:59:00,-1.0,SL,EURUSD
2024-12-09,Asia,-1,1.05592,1.05669,0.0007699999999999374,1,2024-12-09 00:59:00,2.0,TP,EURUSD
2024-12-10,Asia,1,1.05529,1.05442,0.0008700000000001484,1,2024-12-10 01:59:00,-1.0,SL,EURUSD
2024-12-11,Asia,-1,1.05288,1.05333,0.00045000000000006146,1,2024-12-11 00:59:00,-1.0,SL,EURUSD
2024-12-12,Asia,1,1.05061,1.04952,0.0010900000000000354,4,2024-12-11 23:58:00,2.0,TP,EURUSD
2024-12-13,Asia,1,1.04651,1.04623,0.000280000000000058,1,2024-12-13 01:59:00,-1.0,SL,EURUSD
2024-12-16,Asia,1,1.05096,1.04943,0.0015299999999998093,7,2024-12-15 23:59:00,-1.0,SL,EURUSD
2024-12-17,Asia,-1,1.05287,1.05353,0.000660000000000105,9,2024-12-17 00:59:00,2.0,TP,EURUSD
2024-12-18,Asia,1,1.04992,1.04918,0.0007399999999999629,3,2024-12-18 00:59:00,-1.0,SL,EURUSD
2024-12-19,NY,-1,1.03799,1.04028,0.0022900000000001253,2,2024-12-19 15:59:00,-1.0,SL,EURUSD
2024-12-20,Asia,1,1.03747,1.03419,0.0032799999999999496,1,2024-12-20 06:59:00,2.0,TP,EURUSD
2024-12-23,Asia,1,1.04358,1.04258,0.0009999999999998899,1,2024-12-23 01:59:00,-1.0,SL,EURUSD
2024-12-24,Asia,-1,1.03997,1.0409599999999999,0.0009899999999998244,6,2024-12-24 02:59:00,-1.0,SL,EURUSD
2024-12-25,Asia,1,1.03952,1.03851,0.0010099999999999554,2,2024-12-24 23:56:00,2.0,TP,EURUSD
2024-12-26,Asia,1,1.03991,1.03941,0.0004999999999999449,1,2024-12-25 23:59:00,-1.0,SL,EURUSD
2024-12-27,Asia,-1,1.04131,1.04191,0.0005999999999999339,10,2024-12-27 01:59:00,-1.0,SL,EURUSD
2024-12-30,Asia,-1,1.04292,1.04356,0.0006399999999999739,1,2024-12-29 23:59:00,2.0,TP,EURUSD
2024-12-31,Asia,1,1.04056,1.03977,0.0007899999999998464,6,2024-12-30 23:59:00,-1.0,SL,EURUSD
2025-01-02,Asia,1,1.03507,1.03452,0.0005499999999998284,1,2025-01-01 23:59:00,-1.0,SL,EURUSD
2025-01-03,NY,-1,1.02891,1.03067,0.0017599999999999838,1,2025-01-03 15:59:00,-1.0,SL,EURUSD
2025-01-06,Asia,-1,1.03051,1.0309,0.00038999999999989043,1,2025-01-05 23:59:00,2.0,TP,EURUSD
2025-01-07,Londres,-1,1.04274,1.04352,0.0007800000000000029,3,2025-01-07 09:59:00,2.0,TP,EURUSD
2025-01-08,Asia,1,1.03528,1.0344200000000001,0.0008599999999998609,4,2025-01-08 01:59:00,-1.0,SL,EURUSD
2025-01-09,Asia,-1,1.03132,1.03196,0.0006399999999999739,9,2025-01-08 23:59:00,-1.0,SL,EURUSD
2025-01-10,Asia,1,1.03018,1.02925,0.0009300000000000974,3,2025-01-10 01:59:00,-1.0,SL,EURUSD
2025-01-13,Asia,-1,1.02429,1.02478,0.0004900000000001015,1,2025-01-12 23:59:00,-1.0,SL,EURUSD
2025-01-14,Asia,-1,1.02639,1.02784,0.0014500000000001734,1,2025-01-13 23:59:00,-1.0,SL,EURUSD
2025-01-15,Asia,-1,1.03011,1.03071,0.0005999999999999339,10,2025-01-15 00:59:00,2.0,TP,EURUSD
2025-01-16,Asia,1,1.0295,1.02896,0.0005399999999999849,3,2025-01-15 23:59:00,-1.0,SL,EURUSD
2025-01-17,Asia,-1,1.03049,1.03103,0.0005399999999999849,6,2025-01-17 01:59:00,2.0,TP,EURUSD
2025-01-20,Asia,1,1.02804,1.02653,0.0015100000000001224,1,2025-01-19 23:59:00,2.0,TP,EURUSD
2025-01-21,Asia,-1,1.03621,1.04353,0.007319999999999993,1,2025-01-21 00:59:00,-1.0,SL,EURUSD
2025-01-22,NY,-1,1.04316,1.04467,0.0015099999999999003,3,2025-01-22 13:59:00,2.0,TP,EURUSD
2025-01-23,Asia,1,1.04077,1.04042,0.0003500000000000725,1,2025-01-22 23:59:00,2.0,TP,EURUSD
2025-01-24,Asia,-1,1.04156,1.04185,0.00028999999999990145,3,2025-01-23 23:59:00,-1.0,SL,EURUSD
2025-01-27,Asia,-1,1.04673,1.04861,0.0018800000000001038,1,2025-01-26 23:59:00,-1.0,SL,EURUSD
2025-01-28,Asia,-1,1.04369,1.04898,0.005290000000000017,3,2025-01-27 23:59:00,0.7618147448015057,tiempo,EURUSD
2025-01-29,Asia,-1,1.04384,1.04434,0.0004999999999999449,1,2025-01-29 04:59:00,-1.0,SL,EURUSD
2025-01-30,Asia,1,1.04245,1.0417,0.0007500000000000284,6,2025-01-29 23:59:00,-1.0,SL,EURUSD
2025-01-31,Asia,1,1.03966,1.0384,0.0012600000000000389,1,2025-01-30 23:59:00,-1.0,SL,EURUSD
2025-02-03,Asia,-1,1.02467,1.02708,0.0024100000000000232,1,2025-02-02 23:59:00,-1.0,SL,EURUSD
2025-02-04,Asia,-1,1.03279,1.0351299999999999,0.0023399999999997867,1,2025-02-03 23:59:00,2.0,TP,EURUSD
2025-02-05,Asia,1,1.03786,1.0368600000000001,0.0009999999999998899,10,2025-02-05 00:59:00,2.0,TP,EURUSD
2025-02-06,Asia,1,1.03973,1.03938,0.0003500000000000725,1,2025-02-06 00:59:00,2.0,TP,EURUSD
2025-02-07,Asia,-1,1.03775,1.03919,0.0014400000000001079,7,2025-02-07 00:59:00,-1.0,SL,EURUSD
2025-02-10,Asia,1,1.03095,1.02894,0.0020100000000000673,2,2025-02-09 23:59:00,2.0,TP,EURUSD
2025-02-11,Asia,-1,1.03005,1.03085,0.0008000000000001339,4,2025-02-10 23:59:00,-1.0,SL,EURUSD
2025-02-12,Londres,1,1.03757,1.03577,0.0018000000000000238,10,2025-02-12 07:59:00,-1.0,SL,EURUSD
2025-02-13,Londres,-1,1.04253,1.04374,0.0012099999999999334,2,2025-02-13 07:59:00,2.0,TP,EURUSD
2025-02-14,Londres,-1,1.04645,1.0473,0.0008499999999997954,1,2025-02-14 07:59:00,-1.0,SL,EURUSD
2025-02-17,Asia,-1,1.04883,1.04948,0.0006500000000000394,1,2025-02-16 23:59:00,-1.0,SL,EURUSD
2025-02-18,Asia,-1,1.04848,1.04866,0.00017999999999984695,1,2025-02-17 23:59:00,2.0,TP,EURUSD
2025-02-19,Asia,1,1.04479,1.04437,0.00042000000000008697,10,2025-02-18 23:59:00,-1.0,SL,EURUSD
2025-02-20,Asia,1,1.04212,1.04175,0.00036999999999998145,2,2025-02-20 01:59:00,2.0,TP,EURUSD
2025-02-21,Asia,-1,1.05001,1.05064,0.0006299999999999084,1,2025-02-20 23:59:00,2.0,TP,EURUSD
2025-02-24,Asia,-1,1.04736,1.04856,0.0011999999999998678,1,2025-02-23 23:59:00,-1.0,SL,EURUSD
2025-02-25,Asia,1,1.04631,1.04586,0.00045000000000006146,2,2025-02-25 00:59:00,2.0,TP,EURUSD
2025-02-26,Asia,-1,1.0515,1.0524499999999999,0.0009499999999997844,1,2025-02-26 01:59:00,2.0,TP,EURUSD
2025-02-27,Asia,1,1.04876,1.04846,0.00029999999999996696,3,2025-02-26 23:59:00,-1.0,SL,EURUSD
2025-02-28,Asia,1,1.03886,1.03831,0.0005499999999998284,1,2025-02-28 05:59:00,-1.0,SL,EURUSD
2025-03-03,Asia,-1,1.04119,1.0421799999999999,0.0009899999999998244,2,2025-03-02 23:59:00,-1.0,SL,EURUSD
2025-03-04,Asia,-1,1.04851,1.04932,0.0008099999999999774,8,2025-03-03 23:59:00,-1.0,SL,EURUSD
2025-03-05,Asia,-1,1.0623,1.06379,0.0014899999999999913,1,2025-03-04 23:59:00,-1.0,SL,EURUSD
2025-03-06,Asia,-1,1.07942,1.08038,0.0009599999999998499,1,2025-03-06 00:59:00,-1.0,SL,EURUSD
2025-03-07,Asia,1,1.07898,1.078,0.0009799999999999809,3,2025-03-07 01:59:00,2.0,TP,EURUSD
2025-03-10,Asia,-1,1.08641,1.08681,0.00039999999999995595,1,2025-03-09 23:59:00,-1.0,SL,EURUSD
2025-03-11,Asia,-1,1.08381,1.08564,0.0018299999999999983,1,2025-03-11 04:59:00,-1.0,SL,EURUSD
2025-03-12,Asia,-1,1.0897,1.09056,0.0008600000000000829,3,2025-03-12 02:59:00,-1.0,SL,EURUSD
2025-03-13,Asia,1,1.08913,1.08813,0.0009999999999998899,3,2025-03-12 23:59:00,-1.0,SL,EURUSD
2025-03-14,Asia,-1,1.08407,1.08503,0.0009599999999998499,10,2025-03-14 00:59:00,-1.0,SL,EURUSD
2025-03-17,Asia,1,1.08793,1.08744,0.0004900000000001015,9,2025-03-16 23:59:00,-1.0,SL,EURUSD
2025-03-18,Asia,-1,1.09084,1.0917,0.0008599999999998609,2,2025-03-18 01:59:00,-1.0,SL,EURUSD
2025-03-19,Asia,-1,1.09346,1.09398,0.0005199999999998539,3,2025-03-18 23:59:00,-1.0,SL,EURUSD
2025-03-20,Asia,-1,1.09122,1.09173,0.0005100000000000104,1,2025-03-19 23:59:00,2.0,TP,EURUSD
2025-03-21,Asia,1,1.08284,1.08187,0.0009699999999999154,1,2025-03-21 04:59:00,2.0,TP,EURUSD
2025-03-24,Asia,-1,1.08259,1.08384,0.0012499999999999734,1,2025-03-24 00:59:00,-1.0,SL,EURUSD
2025-03-25,Asia,1,1.08001,1.07949,0.0005199999999998539,5,2025-03-24 23:59:00,-1.0,SL,EURUSD
2025-03-26,Asia,1,1.07934,1.07767,0.0016700000000000603,1,2025-03-26 00:59:00,-1.0,SL,EURUSD
2025-03-27,Asia,1,1.07758,1.07639,0.0011900000000000244,2,2025-03-27 01:59:00,-1.0,SL,EURUSD
2025-03-28,Asia,-1,1.07948,1.08015,0.0006699999999999484,2,2025-03-27 23:59:00,2.0,TP,EURUSD
2025-03-31,Asia,1,1.08205,1.08039,0.0016599999999999948,1,2025-03-30 22:59:00,-1.0,SL,EURUSD
2025-04-01,Asia,1,1.08173,1.08127,0.000460000000000127,4,2025-03-31 23:59:00,2.0,TP,EURUSD
2025-04-02,Asia,-1,1.07986,1.08089,0.0010299999999998644,10,2025-04-01 22:59:00,-1.0,SL,EURUSD
2025-04-03,Asia,1,1.08384,1.08037,0.003469999999999862,6,2025-04-02 22:59:00,2.0,TP,EURUSD
2025-04-04,Londres,1,1.10305,1.09632,0.006730000000000125,2,2025-04-04 10:59:00,-1.0,SL,EURUSD
2025-04-07,Asia,1,1.09821,1.09144,0.006769999999999943,2,2025-04-06 22:59:00,-1.0,SL,EURUSD
2025-04-08,Asia,1,1.09166,1.09067,0.0009900000000000464,3,2025-04-07 22:59:00,2.0,TP,EURUSD
2025-04-09,Asia,1,1.09677,1.0953600000000001,0.0014099999999999113,9,2025-04-08 22:59:00,2.0,TP,EURUSD
2025-04-10,Asia,1,1.09599,1.09456,0.0014300000000000423,3,2025-04-09 22:59:00,-1.0,SL,EURUSD
2025-04-11,Londres,-1,1.13365,1.13866,0.005009999999999959,1,2025-04-11 10:59:00,-1.0,SL,EURUSD
2025-04-14,Asia,-1,1.13719,1.1401999999999999,0.003009999999999957,4,2025-04-14 02:59:00,-1.0,SL,EURUSD
2025-04-15,Asia,1,1.13284,1.1316,0.0012400000000001299,3,2025-04-15 00:59:00,-1.0,SL,EURUSD
2025-04-16,Asia,1,1.1317,1.12915,0.00254999999999983,2,2025-04-16 00:59:00,2.0,TP,EURUSD
2025-04-17,Asia,-1,1.13953,1.141,0.0014700000000000824,9,2025-04-16 23:59:00,2.0,TP,EURUSD
2025-04-18,Asia,-1,1.13665,1.1372,0.0005500000000000504,9,2025-04-17 22:59:00,-1.0,SL,EURUSD
2025-04-21,Asia,1,1.14323,1.13915,0.0040799999999998615,1,2025-04-20 22:59:00,2.0,TP,EURUSD
2025-04-22,Asia,1,1.15203,1.14927,0.0027600000000000957,2,2025-04-22 02:59:00,-1.0,SL,EURUSD
2025-04-23,Asia,1,1.13971,1.1348,0.00490999999999997,1,2025-04-23 00:59:00,-1.0,SL,EURUSD
2025-04-24,Londres,1,1.13794,1.1350500000000001,0.002889999999999837,3,2025-04-24 07:59:00,-1.0,SL,EURUSD
2025-04-25,Asia,-1,1.13471,1.13735,0.0026399999999999757,3,2025-04-25 00:59:00,-1.0,SL,EURUSD
2025-04-28,Asia,-1,1.13498,1.1365399999999999,0.0015599999999997838,1,2025-04-27 22:58:00,-1.0,SL,EURUSD
2025-04-29,Asia,-1,1.13922,1.14095,0.0017300000000000093,8,2025-04-29 01:59:00,-1.0,SL,EURUSD
2025-04-30,Asia,-1,1.13902,1.13941,0.0003900000000001125,10,2025-04-29 23:59:00,-1.0,SL,EURUSD
2025-05-01,Londres,1,1.13099,1.12864,0.002349999999999852,1,2025-05-01 07:59:00,-1.0,SL,EURUSD
2025-05-02,Asia,1,1.12946,1.12848,0.0009799999999999809,2,2025-05-01 22:59:00,-1.0,SL,EURUSD
2025-05-05,Asia,-1,1.13054,1.13155,0.0010099999999999554,1,2025-05-04 22:59:00,-1.0,SL,EURUSD
2025-05-06,Asia,-1,1.13141,1.13204,0.0006299999999999084,7,2025-05-05 22:59:00,2.0,TP,EURUSD
2025-05-07,Asia,-1,1.13423,1.13747,0.0032399999999999096,2,2025-05-06 22:59:00,-1.0,SL,EURUSD
2025-05-08,Asia,-1,1.13008,1.13126,0.0011799999999999589,10,2025-05-07 22:59:00,-1.0,SL,EURUSD
2025-05-09,Asia,1,1.1212,1.12096,0.00024000000000001798,1,2025-05-09 01:59:00,-1.0,SL,EURUSD
2025-05-12,Asia,1,1.1225,1.12073,0.0017700000000000493,5,2025-05-11 22:59:00,-1.0,SL,EURUSD
2025-05-13,Londres,-1,1.11156,1.11252,0.0009599999999998499,1,2025-05-13 07:59:00,-1.0,SL,EURUSD
2025-05-14,Asia,1,1.1197,1.11845,0.0012499999999999734,7,2025-05-13 22:59:00,-1.0,SL,EURUSD
2025-05-15,Asia,1,1.11824,1.11752,0.0007199999999998319,2,2025-05-14 22:59:00,2.0,TP,EURUSD
2025-05-16,Asia,-1,1.12002,1.12066,0.0006399999999999739,3,2025-05-16 03:59:00,-1.0,SL,EURUSD
2025-05-19,Asia,1,1.11901,1.11701,0.0020000000000000018,1,2025-05-18 22:59:00,2.0,TP,EURUSD
2025-05-20,Asia,1,1.12276,1.12168,0.0010799999999999699,1,2025-05-20 00:59:00,2.0,TP,EURUSD
2025-05-21,Asia,-1,1.12809,1.1288,0.0007099999999999884,1,2025-05-20 22:59:00,-1.0,SL,EURUSD
2025-05-22,Asia,1,1.13318,1.13097,0.0022100000000000453,1,2025-05-21 23:59:00,-1.0,SL,EURUSD
2025-05-23,Asia,1,1.12861,1.12781,0.0007999999999999119,6,2025-05-22 22:59:00,2.0,TP,EURUSD
2025-05-26,Asia,-1,1.13738,1.13803,0.0006500000000000394,3,2025-05-25 22:59:00,-1.0,SL,EURUSD
2025-05-27,Asia,-1,1.13782,1.13987,0.0020499999999998852,1,2025-05-27 04:59:00,2.0,TP,EURUSD
2025-05-28,Asia,-1,1.13171,1.13397,0.0022599999999999287,10,2025-05-28 01:59:00,-1.0,SL,EURUSD
2025-05-29,Londres,1,1.12863,1.12753,0.001100000000000101,2,2025-05-29 10:59:00,-1.0,SL,EURUSD
2025-05-30,Asia,-1,1.13706,1.13781,0.0007500000000000284,7,2025-05-29 22:59:00,-1.0,SL,EURUSD
2025-06-02,Asia,-1,1.13642,1.13744,0.0010200000000000209,2,2025-06-02 02:59:00,-1.0,SL,EURUSD
2025-06-03,Asia,-1,1.14432,1.14554,0.0012199999999999989,1,2025-06-03 00:59:00,2.0,TP,EURUSD
2025-06-04,Asia,1,1.1384,1.13729,0.0011100000000001664,5,2025-06-03 23:59:00,-1.0,SL,EURUSD
2025-06-05,Asia,-1,1.14164,1.14357,0.0019299999999999873,1,2025-06-05 01:59:00,-1.0,SL,EURUSD
2025-06-06,Asia,-1,1.145,1.14582,0.0008200000000000429,9,2025-06-06 00:59:00,2.0,TP,EURUSD
2025-06-09,Asia,1,1.14063,1.13915,0.0014799999999999258,6,2025-06-08 22:59:00,2.0,TP,EURUSD
2025-06-10,Asia,-1,1.14241,1.14365,0.0012400000000001299,1,2025-06-10 00:59:00,2.0,TP,EURUSD
2025-06-11,Asia,-1,1.14372,1.1440299999999999,0.00030999999999981043,5,2025-06-10 23:59:00,2.0,TP,EURUSD
2025-06-12,NY,-1,1.16098,1.16321,0.0022300000000001763,1,2025-06-12 12:59:00,2.0,TP,EURUSD
2025-06-13,Asia,-1,1.15585,1.16153,0.005679999999999907,2,2025-06-13 00:59:00,0.42253521126760507,tiempo,EURUSD
2025-06-16,Asia,1,1.15404,1.15246,0.0015799999999999148,1,2025-06-15 22:59:00,-1.0,SL,EURUSD
2025-06-17,Asia,1,1.15556,1.15522,0.00034000000000000696,1,2025-06-16 22:59:00,-1.0,SL,EURUSD
2025-06-18,Asia,1,1.1492,1.14797,0.0012300000000000644,9,2025-06-18 00:59:00,2.0,TP,EURUSD
2025-06-19,Asia,1,1.14758,1.14697,0.0006099999999999994,3,2025-06-18 23:59:00,-1.0,SL,EURUSD
2025-06-20,Asia,-1,1.14972,1.15011,0.00038999999999989043,1,2025-06-19 22:59:00,-1.0,SL,EURUSD
2025-06-23,Asia,-1,1.14885,1.14953,0.0006800000000000139,7,2025-06-22 22:59:00,-1.0,SL,EURUSD
2025-06-24,Londres,-1,1.16051,1.16231,0.0018000000000000238,1,2025-06-24 06:59:00,-1.0,SL,EURUSD
2025-06-25,Asia,-1,1.16121,1.16163,0.0004199999999998649,3,2025-06-24 23:59:00,-1.0,SL,EURUSD
2025-06-26,Londres,-1,1.17148,1.17319,0.0017099999999998783,1,2025-06-26 10:59:00,-1.0,SL,EURUSD
2025-06-27,Asia,1,1.1693,1.16818,0.0011200000000000099,1,2025-06-26 23:59:00,2.0,TP,EURUSD
2025-06-30,Asia,-1,1.17296,1.17335,0.00038999999999989043,1,2025-06-29 22:59:00,-1.0,SL,EURUSD
2025-07-01,Asia,-1,1.17857,1.17917,0.000600000000000156,1,2025-06-30 22:59:00,-1.0,SL,EURUSD
2025-07-02,Asia,-1,1.17934,1.18108,0.0017399999999998528,3,2025-07-02 01:59:00,2.0,TP,EURUSD
2025-07-03,Asia,-1,1.18064,1.18097,0.0003300000000001635,6,2025-07-03 00:59:00,-1.0,SL,EURUSD
2025-07-04,Asia,1,1.17688,1.17547,0.0014099999999999113,7,2025-07-03 23:59:00,0.7943262411348088,tiempo,EURUSD
2025-07-07,Asia,1,1.17796,1.17722,0.0007399999999999629,1,2025-07-06 22:59:00,-1.0,SL,EURUSD
2025-07-08,Asia,1,1.1735,1.17078,0.0027200000000000557,2,2025-07-07 22:59:00,-1.0,SL,EURUSD
2025-07-09,Asia,1,1.17284,1.17191,0.0009300000000000974,2,2025-07-08 22:59:00,-1.0,SL,EURUSD
2025-07-10,Asia,-1,1.17243,1.17259,0.00015999999999993797,1,2025-07-09 22:59:00,-1.0,SL,EURUSD
2025-07-11,Asia,1,1.17018,1.1698600000000001,0.00031999999999987594,6,2025-07-10 23:59:00,-1.0,SL,EURUSD
2025-07-14,Asia,-1,1.16644,1.16853,0.0020900000000001473,1,2025-07-13 22:59:00,-1.0,SL,EURUSD
2025-07-15,Asia,1,1.16663,1.16621,0.00042000000000008697,7,2025-07-14 22:59:00,-1.0,SL,EURUSD
2025-07-16,Londres,-1,1.16184,1.1629099999999999,0.0010699999999999044,1,2025-07-16 07:59:00,2.0,TP,EURUSD
2025-07-17,Asia,-1,1.16237,1.16371,0.0013400000000001189,2,2025-07-17 00:59:00,2.0,TP,EURUSD
2025-07-18,Asia,-1,1.16167,1.16201,0.00034000000000000696,2,2025-07-17 22:59:00,-1.0,SL,EURUSD
2025-07-21,Asia,-1,1.16259,1.1635,0.0009099999999999664,1,2025-07-20 22:59:00,-1.0,SL,EURUSD
2025-07-22,Londres,1,1.16857,1.16805,0.000520000000000076,1,2025-07-22 07:59:00,2.0,TP,EURUSD
2025-07-23,NY,1,1.1725,1.17188,0.0006200000000000649,1,2025-07-23 12:59:00,-1.0,SL,EURUSD
2025-07-24,Asia,-1,1.17733,1.17799,0.000660000000000105,1,2025-07-23 23:59:00,-1.0,SL,EURUSD
2025-07-25,Asia,-1,1.17517,1.17538,0.00021000000000004349,5,2025-07-24 22:59:00,-1.0,SL,EURUSD
2025-07-28,Asia,-1,1.17549,1.17696,0.0014700000000000824,1,2025-07-27 22:59:00,-1.0,SL,EURUSD
2025-07-29,Asia,1,1.15909,1.15838,0.0007099999999999884,1,2025-07-29 01:59:00,-1.0,SL,EURUSD
2025-07-30,Asia,-1,1.15512,1.15628,0.0011600000000000499,1,2025-07-30 04:59:00,-1.0,SL,EURUSD
2025-07-31,Londres,-1,1.1433,1.14519,0.0018899999999999473,1,2025-07-31 09:59:00,2.0,TP,EURUSD
2025-08-01,Asia,1,1.14217,1.14102,0.0011499999999999844,2,2025-07-31 23:59:00,-1.0,SL,EURUSD
2025-08-04,Asia,-1,1.15834,1.15973,0.0013900000000000023,1,2025-08-03 22:59:00,2.0,TP,EURUSD
2025-08-05,Asia,-1,1.15717,1.15886,0.0016899999999999693,2,2025-08-05 00:59:00,2.0,TP,EURUSD
2025-08-06,Londres,-1,1.15785,1.15892,0.0010699999999999044,1,2025-08-06 06:59:00,-1.0,SL,EURUSD
2025-08-07,Londres,-1,1.16758,1.16806,0.00048000000000003595,1,2025-08-07 06:59:00,-1.0,SL,EURUSD
2025-08-08,Asia,-1,1.16726,1.16802,0.0007600000000000939,3,2025-08-08 00:59:00,2.0,TP,EURUSD
2025-08-11,Asia,-1,1.16466,1.1651799999999999,0.0005199999999998539,1,2025-08-10 22:59:00,-1.0,SL,EURUSD
2025-08-12,Asia,1,1.16127,1.16092,0.0003500000000000725,8,2025-08-11 22:59:00,2.0,TP,EURUSD
2025-08-13,Asia,-1,1.16772,1.16872,0.0009999999999998899,10,2025-08-13 01:59:00,-1.0,SL,EURUSD
2025-08-14,Londres,-1,1.16848,1.17073,0.0022500000000000853,4,2025-08-14 06:59:00,2.0,TP,EURUSD
2025-08-15,Asia,1,1.16709,1.16601,0.0010799999999999699,2,2025-08-15 05:59:00,2.0,TP,EURUSD
2025-08-18,Asia,-1,1.17131,1.17167,0.00035999999999991594,1,2025-08-17 22:59:00,2.0,TP,EURUSD
2025-08-19,Asia,1,1.16694,1.16589,0.0010499999999999954,6,2025-08-18 22:59:00,-1.0,SL,EURUSD
2025-08-20,Asia,1,1.16484,1.16433,0.0005100000000000104,10,2025-08-19 22:59:00,-1.0,SL,EURUSD
2025-08-21,Asia,1,1.16525,1.16484,0.0004099999999997994,5,2025-08-20 22:59:00,-1.0,SL,EURUSD
2025-08-22,Londres,1,1.16043,1.15938,0.0010499999999999954,2,2025-08-22 11:59:00,2.0,TP,EURUSD
2025-08-25,Londres,1,1.17024,1.16863,0.0016099999999998893,1,2025-08-25 11:59:00,-1.0,SL,EURUSD
2025-08-26,Asia,-1,1.16144,1.16222,0.0007800000000000029,7,2025-08-25 23:59:00,-1.0,SL,EURUSD
2025-08-27,Asia,1,1.16337,1.16297,0.00039999999999995595,1,2025-08-27 01:59:00,-1.0,SL,EURUSD
2025-08-28,Asia,-1,1.16473,1.16487,0.000140000000000029,3,2025-08-27 23:59:00,-1.0,SL,EURUSD
2025-08-29,Asia,-1,1.16738,1.16816,0.0007800000000000029,2,2025-08-28 22:59:00,-1.0,SL,EURUSD
2025-09-01,Asia,1,1.16885,1.16835,0.0004999999999999449,1,2025-08-31 22:59:00,2.0,TP,EURUSD
2025-09-02,Asia,-1,1.17147,1.1719,0.00042999999999993044,1,2025-09-01 23:59:00,2.0,TP,EURUSD
2025-09-03,Asia,1,1.16317,1.16208,0.0010900000000000354,2,2025-09-03 04:59:00,-1.0,SL,EURUSD
2025-09-04,Asia,-1,1.16582,1.16704,0.0012199999999999989,2,2025-09-04 01:59:00,2.0,TP,EURUSD
2025-09-05,Asia,1,1.16488,1.16466,0.00021999999999988695,3,2025-09-04 22:59:00,2.0,TP,EURUSD
2025-09-08,Asia,-1,1.17057,1.17207,0.0014999999999998348,1,2025-09-07 22:59:00,-1.0,SL,EURUSD
2025-09-09,Asia,-1,1.17638,1.17709,0.0007099999999999884,1,2025-09-09 03:59:00,-1.0,SL,EURUSD
2025-09-10,Asia,1,1.17118,1.1707400000000001,0.00043999999999999595,7,2025-09-09 22:59:00,-1.0,SL,EURUSD
2025-09-11,Londres,1,1.16905,1.16826,0.0007899999999998464,1,2025-09-11 06:59:00,-1.0,SL,EURUSD
2025-09-12,Asia,-1,1.17254,1.17354,0.001000000000000112,4,2025-09-12 01:59:00,-1.0,SL,EURUSD
2025-09-15,Asia,-1,1.1728,1.17354,0.0007399999999999629,1,2025-09-14 22:59:00,-1.0,SL,EURUSD
2025-09-16,Asia,-1,1.17627,1.17663,0.000360000000000138,2,2025-09-15 22:59:00,-1.0,SL,EURUSD
2025-09-17,NY,1,1.18532,1.18412,0.0011999999999998678,2,2025-09-17 16:59:00,2.0,TP,EURUSD
2025-09-18,Asia,-1,1.18189,1.18229,0.00039999999999995595,5,2025-09-17 22:59:00,-1.0,SL,EURUSD
2025-09-19,Asia,1,1.17866,1.1783,0.000360000000000138,3,2025-09-18 22:59:00,-1.0,SL,EURUSD
2025-09-22,Asia,-1,1.17405,1.17487,0.0008200000000000429,1,2025-09-21 22:59:00,-1.0,SL,EURUSD
2025-09-23,Asia,-1,1.18008,1.18047,0.00038999999999989043,1,2025-09-22 22:59:00,-1.0,SL,EURUSD
2025-09-24,Asia,-1,1.18143,1.182,0.0005699999999999594,1,2025-09-23 22:59:00,2.0,TP,EURUSD
2025-09-25,Asia,-1,1.17423,1.1747,0.00046999999999997044,10,2025-09-24 23:59:00,-1.0,SL,EURUSD
2025-09-26,Londres,-1,1.16796,1.16847,0.0005099999999997884,1,2025-09-26 06:59:00,2.0,TP,EURUSD
2025-09-29,Asia,-1,1.17042,1.17067,0.0002500000000000835,1,2025-09-28 22:59:00,-1.0,SL,EURUSD
2025-09-30,Asia,1,1.17207,1.17114,0.0009299999999998754,1,2025-09-30 00:59:00,2.0,TP,EURUSD
2025-10-01,Asia,-1,1.1734,1.17431,0.0009099999999999664,3,2025-09-30 22:59:00,-1.0,SL,EURUSD
2025-10-02,Asia,-1,1.17335,1.17382,0.0004700000000001925,6,2025-10-01 22:59:00,2.0,TP,EURUSD
2025-10-03,Asia,1,1.17188,1.1715200000000001,0.00035999999999991594,7,2025-10-02 22:59:00,2.0,TP,EURUSD
2025-10-06,Asia,1,1.1716,1.17146,0.000140000000000029,9,2025-10-05 22:59:00,-1.0,SL,EURUSD
2025-10-07,Asia,1,1.17085,1.1703000000000001,0.0005499999999998284,3,2025-10-07 00:59:00,-1.0,SL,EURUSD
2025-10-08,Londres,1,1.16163,1.16058,0.0010499999999999954,1,2025-10-08 06:59:00,2.0,TP,EURUSD
2025-10-09,Asia,-1,1.164,1.16465,0.0006500000000000394,1,2025-10-09 01:59:00,-1.0,SL,EURUSD
2025-10-10,Londres,-1,1.15743,1.15809,0.000660000000000105,1,2025-10-10 09:59:00,-1.0,SL,EURUSD
2025-10-13,Asia,1,1.1603,1.15908,0.0012199999999999989,8,2025-10-12 22:59:00,2.0,TP,EURUSD
2025-10-14,Asia,1,1.15658,1.15625,0.00032999999999994145,2,2025-10-13 23:59:00,-1.0,SL,EURUSD
2025-10-15,Asia,1,1.16104,1.16007,0.0009700000000001374,7,2025-10-15 00:59:00,2.0,TP,EURUSD
2025-10-16,Asia,-1,1.1646,1.16529,0.0006899999999998574,1,2025-10-15 22:59:00,-1.0,SL,EURUSD
2025-10-17,Londres,-1,1.16894,1.17036,0.0014199999999999768,2,2025-10-17 10:59:00,2.0,TP,EURUSD
2025-10-20,Asia,1,1.1656,1.16505,0.0005500000000000504,1,2025-10-19 22:59:00,2.0,TP,EURUSD
2025-10-21,Asia,1,1.16439,1.16414,0.0002500000000000835,9,2025-10-20 23:59:00,2.0,TP,EURUSD
2025-10-22,Asia,1,1.16083,1.16036,0.00046999999999997044,2,2025-10-22 02:59:00,-1.0,SL,EURUSD
2025-10-23,Asia,1,1.1604,1.15965,0.0007500000000000284,3,2025-10-23 00:59:00,-1.0,SL,EURUSD
2025-10-24,Asia,-1,1.16179,1.16223,0.00043999999999999595,1,2025-10-23 22:59:00,2.0,TP,EURUSD
2025-10-27,Asia,-1,1.16349,1.16385,0.000360000000000138,1,2025-10-26 23:59:00,-1.0,SL,EURUSD
2025-10-28,Asia,-1,1.16545,1.1663999999999999,0.0009499999999997844,1,2025-10-28 01:59:00,-1.0,SL,EURUSD
2025-10-29,Asia,-1,1.16543,1.16616,0.0007300000000001194,4,2025-10-28 23:59:00,2.0,TP,EURUSD
2025-10-30,Asia,1,1.16319,1.1612500000000001,0.0019399999999998307,2,2025-10-30 03:59:00,-1.0,SL,EURUSD
2025-10-31,Asia,1,1.15648,1.15538,0.0010999999999998789,1,2025-10-31 06:59:00,-1.0,SL,EURUSD
2025-11-03,Asia,-1,1.15274,1.15393,0.0011899999999998023,1,2025-11-02 23:59:00,-1.0,SL,EURUSD
2025-11-04,Asia,1,1.15082,1.15045,0.00036999999999998145,2,2025-11-04 00:59:00,-1.0,SL,EURUSD
2025-11-05,Asia,-1,1.14892,1.14988,0.0009600000000000719,1,2025-11-05 01:59:00,2.0,TP,EURUSD
2025-11-06,Asia,-1,1.14957,1.14979,0.000220000000000109,4,2025-11-05 23:59:00,-1.0,SL,EURUSD
2025-11-07,Asia,-1,1.15377,1.1542,0.00042999999999993044,10,2025-11-07 01:59:00,-1.0,SL,EURUSD
2025-11-10,Asia,-1,1.15433,1.15592,0.0015899999999999803,1,2025-11-09 23:59:00,-1.0,SL,EURUSD
2025-11-11,Asia,-1,1.15565,1.15611,0.00045999999999990493,4,2025-11-10 23:59:00,2.0,TP,EURUSD
2025-11-12,Asia,-1,1.1579,1.15876,0.0008600000000000829,5,2025-11-12 00:59:00,-1.0,SL,EURUSD
2025-11-13,Asia,-1,1.15804,1.1593,0.0012600000000000389,2,2025-11-13 00:59:00,-1.0,SL,EURUSD
2025-11-14,Asia,-1,1.163,1.1637899999999999,0.0007899999999998464,2,2025-11-13 23:59:00,-1.0,SL,EURUSD
2025-11-17,Asia,-1,1.16147,1.16254,0.0010699999999999044,1,2025-11-16 23:59:00,2.0,TP,EURUSD
2025-11-18,Asia,-1,1.15923,1.15968,0.00045000000000006146,10,2025-11-18 03:59:00,-1.0,SL,EURUSD
2025-11-19,Asia,1,1.158,1.15752,0.0004799999999998139,2,2025-11-18 23:59:00,-1.0,SL,EURUSD
2025-11-20,Asia,1,1.15199,1.15141,0.0005800000000000249,1,2025-11-20 02:59:00,-1.0,SL,EURUSD
2025-11-21,Asia,-1,1.15414,1.15475,0.0006099999999999994,3,2025-11-21 06:59:00,-1.0,SL,EURUSD
2025-11-24,Asia,-1,1.15073,1.15153,0.0007999999999999119,1,2025-11-23 23:59:00,-1.0,SL,EURUSD
2025-11-25,Asia,-1,1.15255,1.1531,0.0005500000000000504,3,2025-11-25 01:59:00,2.0,TP,EURUSD
2025-11-26,Asia,-1,1.15817,1.15876,0.0005900000000000905,1,2025-11-26 02:59:00,-1.0,SL,EURUSD
2025-11-27,Asia,-1,1.15922,1.16063,0.0014100000000001334,1,2025-11-27 06:59:00,2.0,TP,EURUSD
2025-11-28,Asia,-1,1.15996,1.16025,0.00028999999999990145,4,2025-11-27 23:59:00,2.0,TP,EURUSD
2025-12-01,Asia,-1,1.1601,1.16088,0.0007800000000000029,2,2025-11-30 23:59:00,-1.0,SL,EURUSD
2025-12-02,Asia,-1,1.16066,1.16111,0.00045000000000006146,5,2025-12-01 23:59:00,-1.0,SL,EURUSD
2025-12-03,Londres,-1,1.16412,1.16536,0.0012399999999999078,1,2025-12-03 07:59:00,-1.0,SL,EURUSD
2025-12-04,Asia,-1,1.16661,1.16729,0.0006800000000000139,2,2025-12-03 23:58:00,-1.0,SL,EURUSD
2025-12-05,Asia,1,1.16534,1.16485,0.0004900000000001015,3,2025-12-05 01:59:00,-1.0,SL,EURUSD
2025-12-08,Asia,-1,1.16404,1.16471,0.0006699999999999484,1,2025-12-07 23:59:00,-1.0,SL,EURUSD
2025-12-09,Asia,1,1.16407,1.16345,0.0006199999999998429,3,2025-12-08 23:59:00,-1.0,SL,EURUSD
2025-12-10,Asia,1,1.16296,1.16254,0.00042000000000008697,8,2025-12-10 05:59:00,2.0,TP,EURUSD
2025-12-11,Asia,-1,1.16938,1.17071,0.0013299999999998313,1,2025-12-11 02:59:00,-1.0,SL,EURUSD
2025-12-12,Londres,1,1.17328,1.1725700000000001,0.0007099999999999884,1,2025-12-12 09:59:00,-1.0,SL,EURUSD
2025-12-15,Asia,-1,1.17369,1.17416,0.0004700000000001925,1,2025-12-14 23:59:00,-1.0,SL,EURUSD
2025-12-16,Londres,1,1.17521,1.17432,0.0008900000000000574,1,2025-12-16 07:59:00,2.0,TP,EURUSD
2025-12-17,Asia,-1,1.17492,1.17523,0.00031000000000003247,8,2025-12-16 23:59:00,-1.0,SL,EURUSD
2025-12-18,Asia,-1,1.17439,1.17466,0.00026999999999999247,9,2025-12-18 00:59:00,2.0,TP,EURUSD
2025-12-19,Asia,-1,1.17246,1.17286,0.00039999999999995595,5,2025-12-18 23:59:00,2.0,TP,EURUSD
2025-12-22,Asia,1,1.17103,1.17048,0.0005500000000000504,1,2025-12-21 23:59:00,2.0,TP,EURUSD
2025-12-23,Asia,-1,1.17689,1.17713,0.00024000000000001798,1,2025-12-23 00:59:00,-1.0,SL,EURUSD
2025-12-24,Asia,-1,1.17946,1.1798,0.00034000000000000696,1,2025-12-23 23:59:00,-1.0,SL,EURUSD
2025-12-25,Asia,-1,1.17726,1.17845,0.0011900000000000244,6,2025-12-25 01:59:00,-1.0,SL,EURUSD
2025-12-26,Asia,-1,1.17833,1.17853,0.00019999999999997797,3,2025-12-25 23:59:00,2.0,TP,EURUSD
2025-12-29,Asia,-1,1.17722,1.17787,0.0006500000000000394,1,2025-12-28 23:59:00,-1.0,SL,EURUSD
2025-12-30,Asia,-1,1.17722,1.17754,0.000320000000000098,4,2025-12-29 23:59:00,-1.0,SL,EURUSD
2025-12-31,Londres,1,1.17369,1.17287,0.0008199999999998209,1,2025-12-31 07:59:00,-1.0,SL,EURUSD
2026-01-01,NY,1,1.17466,1.17377,0.0008900000000000574,4,2026-01-01 22:59:00,2.0,TP,EURUSD
2026-01-02,Asia,1,1.17506,1.17445,0.0006099999999999994,8,2026-01-01 23:59:00,2.0,TP,EURUSD
2026-01-05,NY,1,1.16744,1.16578,0.0016599999999999948,1,2026-01-05 13:59:00,2.0,TP,EURUSD
2026-01-06,Asia,1,1.17144,1.17118,0.00025999999999992696,5,2026-01-05 23:59:00,-1.0,SL,EURUSD
2026-01-07,Asia,1,1.16983,1.16948,0.00034999999999985043,2,2026-01-07 03:59:00,-1.0,SL,EURUSD
2026-01-08,Asia,1,1.168,1.16714,0.0008599999999998609,1,2026-01-08 02:59:00,-1.0,SL,EURUSD
2026-01-09,Londres,1,1.16506,1.16389,0.0011699999999998933,1,2026-01-09 07:59:00,-1.0,SL,EURUSD
2026-01-12,Asia,1,1.16645,1.16206,0.004389999999999894,1,2026-01-12 00:59:00,-0.6104783599089021,tiempo,EURUSD
2026-01-13,Asia,1,1.16636,1.16597,0.0003900000000001125,1,2026-01-13 00:59:00,-1.0,SL,EURUSD
2026-01-14,Asia,1,1.16436,1.16349,0.0008700000000001484,9,2026-01-14 02:59:00,2.0,TP,EURUSD
2026-01-15,Asia,1,1.16377,1.16345,0.00031999999999987594,3,2026-01-15 00:59:00,-1.0,SL,EURUSD
2026-01-16,Londres,-1,1.1612,1.16157,0.00036999999999998145,1,2026-01-16 07:59:00,-1.0,SL,EURUSD
2026-01-19,Asia,1,1.16241,1.15784,0.004569999999999963,2,2026-01-18 23:59:00,2.0,TP,EURUSD
2026-01-20,Asia,-1,1.16393,1.1647399999999999,0.0008099999999999774,2,2026-01-19 23:59:00,-1.0,SL,EURUSD
2026-01-21,Asia,1,1.17188,1.17094,0.0009399999999999409,1,2026-01-21 03:59:00,-1.0,SL,EURUSD
2026-01-22,Asia,1,1.16873,1.16717,0.0015600000000000058,1,2026-01-22 00:59:00,2.0,TP,EURUSD
2026-01-23,Asia,-1,1.17538,1.17601,0.0006299999999999084,1,2026-01-22 23:59:00,2.0,TP,EURUSD
2026-01-26,Asia,-1,1.18602,1.18986,0.0038399999999998435,1,2026-01-25 23:59:00,-1.0,SL,EURUSD
2026-01-27,Asia,-1,1.18932,1.19003,0.0007099999999999884,3,2026-01-27 02:59:00,2.0,TP,EURUSD
2026-01-28,Londres,1,1.19803,1.19695,0.0010799999999999699,1,2026-01-28 08:59:00,-1.0,SL,EURUSD
2026-01-29,Asia,1,1.19808,1.1951,0.0029799999999999827,2,2026-01-28 23:59:00,-1.0,SL,EURUSD
2026-01-30,Asia,-1,1.19674,1.19755,0.0008099999999999774,1,2026-01-29 23:59:00,2.0,TP,EURUSD
2026-02-02,Asia,-1,1.18461,1.18579,0.0011799999999999589,1,2026-02-01 23:59:00,-1.0,SL,EURUSD
2026-02-03,Londres,-1,1.18149,1.18253,0.001040000000000152,1,2026-02-03 07:59:00,2.0,TP,EURUSD
2026-02-04,Asia,-1,1.18155,1.18213,0.0005799999999998029,3,2026-02-03 23:59:00,-1.0,SL,EURUSD
2026-02-05,Asia,1,1.17892,1.17816,0.0007599999999998719,6,2026-02-05 03:59:00,2.0,TP,EURUSD
2026-02-06,Asia,1,1.17764,1.17739,0.0002500000000000835,10,2026-02-05 23:59:00,-1.0,SL,EURUSD
2026-02-09,Asia,1,1.18266,1.18087,0.0017899999999999583,1,2026-02-08 23:59:00,2.0,TP,EURUSD
2026-02-10,Londres,-1,1.19145,1.19208,0.0006300000000001305,1,2026-02-10 09:59:00,2.0,TP,EURUSD
2026-02-11,Asia,1,1.18967,1.18852,0.0011499999999999844,1,2026-02-11 00:59:00,2.0,TP,EURUSD
2026-02-12,Asia,-1,1.18789,1.18856,0.0006700000000001705,8,2026-02-12 02:59:00,2.0,TP,EURUSD
2026-02-13,Londres,1,1.18585,1.18459,0.0012600000000000389,1,2026-02-13 07:59:00,2.0,TP,EURUSD
2026-02-16,Asia,-1,1.18613,1.18681,0.0006800000000000139,3,2026-02-16 00:59:00,-1.0,SL,EURUSD
2026-02-17,Asia,1,1.18503,1.18455,0.00048000000000003595,2,2026-02-16 23:59:00,-1.0,SL,EURUSD
2026-02-18,Asia,-1,1.18507,1.18583,0.0007599999999998719,1,2026-02-17 23:59:00,2.0,TP,EURUSD
2026-02-19,Londres,-1,1.18006,1.18045,0.00038999999999989043,1,2026-02-19 07:59:00,-1.0,SL,EURUSD
2026-02-20,Asia,1,1.17705,1.1765700000000001,0.0004799999999998139,2,2026-02-20 00:59:00,-1.0,SL,EURUSD
2026-02-23,Asia,1,1.18333,1.17912,0.004210000000000047,9,2026-02-22 23:59:00,-1.0,SL,EURUSD
2026-02-24,Asia,1,1.17929,1.17844,0.0008500000000000174,3,2026-02-23 23:59:00,-1.0,SL,EURUSD
2026-02-25,Asia,-1,1.17738,1.17769,0.00030999999999981043,10,2026-02-24 23:59:00,-1.0,SL,EURUSD
2026-02-26,Asia,-1,1.18272,1.18298,0.00025999999999992696,8,2026-02-26 01:59:00,2.0,TP,EURUSD
2026-02-27,Asia,-1,1.17961,1.18066,0.0010499999999999954,9,2026-02-27 00:59:00,-1.0,SL,EURUSD
2026-03-02,Asia,-1,1.1759,1.17886,0.0029600000000000737,1,2026-03-01 23:59:00,-1.0,SL,EURUSD
2026-03-03,NY,1,1.16029,1.15682,0.003470000000000084,1,2026-03-03 16:59:00,-1.0,SL,EURUSD
2026-03-04,Asia,1,1.15935,1.15735,0.0020000000000000018,2,2026-03-04 01:59:00,2.0,TP,EURUSD
2026-03-05,Asia,-1,1.16256,1.16326,0.0006999999999999229,4,2026-03-05 02:59:00,2.0,TP,EURUSD
2026-03-06,Asia,-1,1.16164,1.1621299999999999,0.0004899999999998794,6,2026-03-06 02:59:00,2.0,TP,EURUSD
2026-03-09,Asia,1,1.15247,1.15072,0.0017500000000001403,1,2026-03-09 01:59:00,2.0,TP,EURUSD
2026-03-10,Asia,-1,1.16196,1.16307,0.0011099999999999444,5,2026-03-10 00:59:00,-1.0,SL,EURUSD
2026-03-11,Asia,1,1.16179,1.16045,0.0013400000000001189,3,2026-03-10 23:59:00,2.0,TP,EURUSD
2026-03-12,Asia,1,1.15458,1.15329,0.0012900000000000134,1,2026-03-11 23:59:00,-1.0,SL,EURUSD
2026-03-13,Londres,1,1.14583,1.14509,0.0007399999999999629,1,2026-03-13 09:59:00,2.0,TP,EURUSD
2026-03-16,Asia,1,1.14546,1.1434,0.0020599999999999508,4,2026-03-15 23:59:00,-1.0,SL,EURUSD
2026-03-17,Asia,-1,1.14919,1.15038,0.0011900000000000244,2,2026-03-17 02:59:00,2.0,TP,EURUSD
2026-03-18,Asia,-1,1.15326,1.15449,0.0012300000000000644,2,2026-03-17 23:59:00,-1.0,SL,EURUSD
2026-03-19,Asia,1,1.14741,1.1461000000000001,0.0013099999999999223,6,2026-03-18 23:59:00,-1.0,SL,EURUSD
2026-03-20,Asia,-1,1.15523,1.1562,0.0009699999999999154,5,2026-03-20 04:59:00,-1.0,SL,EURUSD
2026-03-23,Asia,-1,1.15443,1.15652,0.0020899999999999253,9,2026-03-22 23:59:00,2.0,TP,EURUSD
2026-03-24,Asia,1,1.15801,1.15746,0.0005500000000000504,1,2026-03-24 03:59:00,2.0,TP,EURUSD
2026-03-25,Asia,-1,1.16231,1.16315,0.0008399999999999519,1,2026-03-24 23:59:00,2.0,TP,EURUSD
2026-03-26,Asia,1,1.15581,1.15529,0.000520000000000076,1,2026-03-25 23:59:00,2.0,TP,EURUSD
2026-03-27,Londres,1,1.15207,1.15148,0.0005899999999998684,1,2026-03-27 07:59:00,-1.0,SL,EURUSD
2026-03-30,Asia,1,1.15065,1.14885,0.0018000000000000238,1,2026-03-30 00:59:00,-1.0,SL,EURUSD
2026-03-31,Asia,-1,1.14758,1.14916,0.0015799999999999148,1,2026-03-31 01:59:00,-1.0,SL,EURUSD
2026-04-01,Asia,-1,1.15617,1.15766,0.0014899999999999913,1,2026-04-01 01:59:00,-1.0,SL,EURUSD
2026-04-02,Asia,-1,1.15525,1.16065,0.005399999999999849,3,2026-04-02 01:59:00,0.7777777777778372,tiempo,EURUSD
2026-04-03,Asia,-1,1.15348,1.15408,0.0005999999999999339,2,2026-04-03 01:59:00,-1.0,SL,EURUSD
2026-04-06,Asia,1,1.15148,1.15038,0.001100000000000101,2,2026-04-05 22:59:00,2.0,TP,EURUSD
2026-04-07,Asia,-1,1.15422,1.15484,0.0006200000000000649,5,2026-04-06 22:59:00,2.0,TP,EURUSD
2026-04-08,Londres,-1,1.17001,1.17112,0.0011099999999999444,1,2026-04-08 11:59:00,-1.0,SL,EURUSD
2026-04-09,Londres,1,1.1672,1.16585,0.0013499999999999623,3,2026-04-09 08:59:00,2.0,TP,EURUSD
2026-04-10,Asia,-1,1.16877,1.16924,0.00046999999999997044,2,2026-04-10 00:59:00,-1.0,SL,EURUSD
2026-04-13,Asia,1,1.16723,1.16648,0.0007500000000000284,9,2026-04-12 22:59:00,-1.0,SL,EURUSD
2026-04-14,Asia,-1,1.17599,1.17687,0.0008799999999999919,1,2026-04-14 01:59:00,-1.0,SL,EURUSD
2026-04-15,Asia,1,1.17885,1.17852,0.00032999999999994145,1,2026-04-15 04:59:00,2.0,TP,EURUSD
2026-04-16,Asia,-1,1.18072,1.1809399999999999,0.00021999999999988695,1,2026-04-16 00:59:00,2.0,TP,EURUSD
2026-04-17,Asia,1,1.1785,1.17768,0.0008200000000000429,6,2026-04-16 22:59:00,-1.0,SL,EURUSD
2026-04-20,Asia,1,1.17397,1.17278,0.0011900000000000244,1,2026-04-19 22:59:00,2.0,TP,EURUSD
2026-04-21,Asia,-1,1.1784,1.17918,0.0007800000000000029,1,2026-04-20 23:59:00,2.0,TP,EURUSD
2026-04-22,Asia,-1,1.17387,1.17447,0.0005999999999999339,7,2026-04-21 22:59:00,-1.0,SL,EURUSD
2026-04-23,Asia,1,1.17115,1.16912,0.0020299999999999763,1,2026-04-23 00:59:00,-1.0,SL,EURUSD
2026-04-24,Asia,1,1.16819,1.16753,0.000660000000000105,2,2026-04-24 05:59:00,2.0,TP,EURUSD
2026-04-27,Asia,-1,1.17077,1.1713,0.0005299999999999194,1,2026-04-26 22:59:00,-1.0,SL,EURUSD
2026-04-28,Asia,-1,1.17221,1.17242,0.00021000000000004349,5,2026-04-27 22:59:00,-1.0,SL,EURUSD
2026-04-29,Asia,-1,1.17153,1.17188,0.0003500000000000725,1,2026-04-28 22:59:00,-1.0,SL,EURUSD
2026-04-30,Asia,1,1.16776,1.16698,0.0007800000000000029,4,2026-04-29 22:59:00,-1.0,SL,EURUSD
2026-05-01,Asia,-1,1.17266,1.17331,0.0006500000000000394,9,2026-05-01 04:59:00,-1.0,SL,EURUSD
2026-05-04,Asia,-1,1.17331,1.17429,0.0009799999999999809,4,2026-05-03 22:59:00,2.0,TP,EURUSD
2026-05-05,Asia,1,1.16899,1.16875,0.00024000000000001798,2,2026-05-04 22:59:00,-1.0,SL,EURUSD
2026-05-06,Asia,-1,1.17144,1.17263,0.0011900000000000244,4,2026-05-05 23:59:00,-1.0,SL,EURUSD
2026-05-07,Asia,-1,1.17478,1.17529,0.0005100000000000104,10,2026-05-06 23:59:00,-1.0,SL,EURUSD
2026-05-08,Asia,1,1.17249,1.17217,0.000320000000000098,5,2026-05-07 22:59:00,2.0,TP,EURUSD
2026-05-11,Asia,-1,1.17671,1.1771,0.0003900000000001125,1,2026-05-10 23:59:00,-1.0,SL,EURUSD
2026-05-12,Asia,-1,1.17784,1.17862,0.0007800000000000029,2,2026-05-11 23:59:00,2.0,TP,EURUSD
2026-05-13,Asia,-1,1.17349,1.17421,0.0007200000000000539,1,2026-05-12 23:59:00,2.0,TP,EURUSD
2026-05-14,Asia,-1,1.17173,1.17195,0.000220000000000109,1,2026-05-13 22:59:00,2.0,TP,EURUSD
2026-05-15,Londres,1,1.16348,1.16313,0.0003500000000000725,1,2026-05-15 06:59:00,2.0,TP,EURUSD
2026-05-18,Asia,-1,1.16134,1.16244,0.0010999999999998789,1,2026-05-17 23:59:00,-1.0,SL,EURUSD
2026-05-19,Asia,-1,1.16577,1.16626,0.0004900000000001015,1,2026-05-18 22:59:00,2.0,TP,EURUSD
2026-05-20,Asia,1,1.16085,1.16044,0.00041000000000002146,6,2026-05-19 22:59:00,-1.0,SL,EURUSD
2026-05-21,Asia,-1,1.16245,1.16284,0.0003900000000001125,9,2026-05-20 23:59:00,-1.0,SL,EURUSD
2026-05-22,Asia,1,1.16174,1.16139,0.0003500000000000725,3,2026-05-21 22:59:00,-1.0,SL,EURUSD
2026-05-25,Asia,-1,1.16416,1.16471,0.0005499999999998284,8,2026-05-24 23:59:00,-1.0,SL,EURUSD
2026-05-26,Asia,-1,1.16356,1.1643999999999999,0.0008399999999999519,4,2026-05-25 23:59:00,-1.0,SL,EURUSD
2026-05-27,Asia,1,1.16332,1.16288,0.00043999999999999595,6,2026-05-26 22:59:00,2.0,TP,EURUSD
2026-05-28,Asia,1,1.16174,1.16148,0.00025999999999992696,4,2026-05-27 23:59:00,2.0,TP,EURUSD
2026-05-29,Asia,-1,1.16523,1.1654,0.00017000000000000348,10,2026-05-28 23:59:00,-1.0,SL,EURUSD
2026-06-01,Asia,1,1.16542,1.16501,0.0004099999999997994,1,2026-05-31 22:59:00,-1.0,SL,EURUSD
2026-06-02,Asia,1,1.16352,1.16318,0.00034000000000000696,7,2026-06-01 23:59:00,-1.0,SL,EURUSD
2026-06-03,Asia,1,1.16285,1.16193,0.0009200000000000319,3,2026-06-03 00:59:00,-1.0,SL,EURUSD
2026-06-04,Asia,1,1.16056,1.15935,0.0012099999999999334,1,2026-06-03 22:59:00,2.0,TP,EURUSD
2026-06-05,Asia,-1,1.16118,1.16145,0.00026999999999999247,3,2026-06-04 22:59:00,-1.0,SL,EURUSD
2026-06-08,Asia,1,1.15219,1.15119,0.001000000000000112,2,2026-06-07 23:59:00,-1.0,SL,EURUSD
2026-06-09,Asia,1,1.15311,1.15259,0.000520000000000076,1,2026-06-09 00:59:00,2.0,TP,EURUSD
2026-06-10,Asia,-1,1.15364,1.15412,0.00048000000000003595,6,2026-06-09 22:59:00,-1.0,SL,EURUSD
2026-06-11,Asia,1,1.15298,1.15272,0.00025999999999992696,4,2026-06-10 22:59:00,-1.0,SL,EURUSD
2026-06-12,Asia,-1,1.15754,1.1587399999999999,0.0011999999999998678,7,2026-06-11 23:59:00,-1.0,SL,EURUSD
2026-06-15,Asia,-1,1.16027,1.16102,0.0007500000000000284,1,2026-06-14 23:59:00,-1.0,SL,EURUSD
2026-06-16,Asia,-1,1.15882,1.15915,0.00032999999999994145,6,2026-06-15 22:59:00,-1.0,SL,EURUSD
2026-06-17,Asia,-1,1.16096,1.16156,0.0005999999999999339,2,2026-06-16 23:59:00,-1.0,SL,EURUSD
2026-06-18,Londres,-1,1.15195,1.15292,0.0009699999999999154,1,2026-06-18 06:59:00,2.0,TP,EURUSD
2026-06-19,Asia,1,1.14544,1.14506,0.00038000000000004697,2,2026-06-19 02:59:00,-1.0,SL,EURUSD
2026-06-22,Asia,1,1.14621,1.14537,0.0008399999999999519,2,2026-06-21 22:59:00,-1.0,SL,EURUSD
2026-06-23,Asia,1,1.14294,1.14176,0.0011799999999999589,1,2026-06-23 03:59:00,-1.0,SL,EURUSD
2026-06-24,Asia,1,1.13761,1.13721,0.00039999999999995595,1,2026-06-24 00:59:00,-1.0,SL,EURUSD
2026-06-25,Asia,1,1.13634,1.13554,0.0007999999999999119,3,2026-06-25 02:59:00,-1.0,SL,EURUSD
2026-06-26,Asia,-1,1.13693,1.13736,0.00042999999999993044,3,2026-06-25 22:59:00,2.0,TP,EURUSD
2026-06-29,Asia,-1,1.13876,1.13901,0.0002500000000000835,1,2026-06-29 00:59:00,-1.0,SL,EURUSD
2026-06-30,Asia,-1,1.1404,1.14181,0.0014099999999999113,2,2026-06-30 01:59:00,-1.0,SL,EURUSD
2026-07-01,Asia,-1,1.14129,1.14211,0.0008200000000000429,5,2026-06-30 23:59:00,2.0,TP,EURUSD
2026-07-02,Asia,1,1.13814,1.13751,0.0006299999999999084,9,2026-07-02 01:59:00,2.0,TP,EURUSD
2026-07-03,Asia,-1,1.14286,1.14363,0.0007699999999999374,10,2026-07-02 22:59:00,-1.0,SL,EURUSD
2026-07-06,Asia,-1,1.14365,1.14389,0.00024000000000001798,1,2026-07-05 23:59:00,-1.0,SL,EURUSD
2026-07-07,Asia,-1,1.14414,1.14489,0.0007500000000000284,1,2026-07-06 23:59:00,2.0,TP,EURUSD
2026-07-08,Asia,1,1.14078,1.13991,0.0008699999999999264,1,2026-07-08 00:59:00,-1.0,SL,EURUSD
2026-07-09,Asia,1,1.14254,1.142,0.0005399999999999849,5,2026-07-09 00:59:00,-1.0,SL,EURUSD
2026-07-10,Asia,-1,1.1433,1.14348,0.000180000000000069,3,2026-07-09 23:59:00,-1.0,SL,EURUSD
2026-07-13,Asia,1,1.13946,1.13875,0.0007099999999999884,8,2026-07-12 22:59:00,-1.0,SL,EURUSD
2026-07-14,Asia,1,1.13847,1.1377,0.0007700000000001594,3,2026-07-14 00:59:00,2.0,TP,EURUSD
2026-07-15,Asia,-1,1.14329,1.14351,0.000220000000000109,4,2026-07-15 00:59:00,-1.0,SL,EURUSD
2026-07-16,Londres,-1,1.1469,1.14772,0.0008200000000000429,1,2026-07-16 07:59:00,2.0,TP,EURUSD
2026-07-17,Asia,-1,1.14432,1.14457,0.0002500000000000835,5,2026-07-16 22:59:00,-1.0,SL,EURUSD
2026-07-20,Asia,-1,1.14263,1.14322,0.0005899999999998684,1,2026-07-19 22:59:00,-1.0,SL,EURUSD
2026-07-21,Londres,-1,1.14211,1.14248,0.00036999999999998145,1,2026-07-21 06:59:00,-1.0,SL,EURUSD
2026-07-22,Asia,1,1.14037,1.14001,0.000360000000000138,4,2026-07-22 00:59:00,-1.0,SL,EURUSD
2026-07-23,Asia,1,1.14113,1.14069,0.00043999999999999595,6,2026-07-22 23:59:00,2.0,TP,EURUSD
2026-07-24,Asia,1,1.13839,1.1374,0.0009900000000000464,2,2026-07-24 00:59:00,-1.0,SL,EURUSD
2026-07-27,Asia,-1,1.1389,1.14009,0.0011900000000000244,1,2026-07-26 22:59:00,-1.0,SL,EURUSD
2026-07-28,Asia,1,1.13743,1.13655,0.0008799999999999919,6,2026-07-28 00:59:00,-1.0,SL,EURUSD
2026-07-29,Asia,-1,1.13851,1.13919,0.0006800000000000139,4,2026-07-28 22:59:00,-1.0,SL,EURUSD
2026-07-30,Asia,-1,1.14667,1.14758,0.0009099999999999664,1,2026-07-29 23:59:00,2.0,TP,EURUSD
2026-07-31,Londres,1,1.15054,1.15021,0.00032999999999994145,1,2026-07-31 09:59:00,-1.0,SL,EURUSD
