dia,ses,lado,entrada,stop,riesgo,edad,ts,R,motivo,ins
2020-01-02,NY,1,1.31889,1.31444,0.004449999999999843,1,2020-01-02 15:59:00,-1.0,SL,GBPUSD
2020-01-03,Asia,1,1.31232,1.3104,0.0019199999999999218,1,2020-01-03 06:59:00,-1.0,SL,GBPUSD
2020-01-06,Asia,1,1.30768,1.30623,0.0014499999999999513,1,2020-01-05 23:59:00,2.0,TP,GBPUSD
2020-01-07,Asia,-1,1.31711,1.31762,0.0005100000000000104,2,2020-01-06 23:59:00,-1.0,SL,GBPUSD
2020-01-08,Asia,1,1.31134,1.31037,0.0009699999999999154,2,2020-01-07 23:59:00,2.0,TP,GBPUSD
2020-01-09,Asia,1,1.31051,1.30954,0.0009700000000001374,3,2020-01-08 23:59:00,-1.0,SL,GBPUSD
2020-01-10,Asia,-1,1.30676,1.30732,0.000560000000000116,1,2020-01-10 00:59:00,-1.0,SL,GBPUSD
2020-01-13,Asia,1,1.30432,1.30323,0.0010899999999998133,2,2020-01-12 23:59:00,-1.0,SL,GBPUSD
2020-01-14,Londres,1,1.29788,1.29639,0.0014899999999999913,2,2020-01-14 07:59:00,-1.0,SL,GBPUSD
2020-01-15,Asia,1,1.30232,1.30161,0.0007099999999999884,6,2020-01-15 01:59:00,2.0,TP,GBPUSD
2020-01-16,Asia,-1,1.30392,1.30484,0.0009200000000000319,3,2020-01-15 23:59:00,-1.0,SL,GBPUSD
2020-01-17,Asia,-1,1.30668,1.30779,0.0011099999999999444,2,2020-01-17 01:59:00,-1.0,SL,GBPUSD
2020-01-20,Asia,1,1.30051,1.29983,0.0006800000000000139,2,2020-01-19 23:59:00,-1.0,SL,GBPUSD
2020-01-21,Asia,-1,1.30035,1.30091,0.000560000000000116,2,2020-01-20 23:59:00,-1.0,SL,GBPUSD
2020-01-22,Asia,1,1.3043,1.30352,0.0007800000000000029,1,2020-01-22 04:59:00,2.0,TP,GBPUSD
2020-01-23,Asia,1,1.31223,1.31174,0.0004900000000001015,1,2020-01-23 05:59:00,2.0,TP,GBPUSD
2020-01-24,Asia,1,1.31186,1.31169,0.00017000000000000348,3,2020-01-23 23:59:00,-1.0,SL,GBPUSD
2020-01-27,Asia,-1,1.30606,1.30768,0.0016199999999999548,10,2020-01-26 23:59:00,-1.0,SL,GBPUSD
2020-01-28,Asia,1,1.30588,1.3051,0.0007800000000000029,2,2020-01-27 23:59:00,-1.0,SL,GBPUSD
2020-01-29,Londres,1,1.30179,1.30026,0.0015300000000000313,1,2020-01-29 08:59:00,-1.0,SL,GBPUSD
2020-01-30,Asia,1,1.30207,1.30128,0.0007900000000000684,3,2020-01-29 23:59:00,-1.0,SL,GBPUSD
2020-01-31,Asia,-1,1.30965,1.3106,0.0009500000000000064,2,2020-01-31 01:59:00,-1.0,SL,GBPUSD
2020-02-03,Asia,-1,1.31758,1.31825,0.0006699999999999484,1,2020-02-03 00:59:00,2.0,TP,GBPUSD
2020-02-04,Asia,1,1.29902,1.29799,0.0010300000000000864,1,2020-02-04 01:59:00,2.0,TP,GBPUSD
2020-02-05,Asia,-1,1.3023,1.3028899999999999,0.0005899999999998684,2,2020-02-05 01:59:00,2.0,TP,GBPUSD
2020-02-06,Asia,1,1.29882,1.29811,0.0007099999999999884,7,2020-02-06 01:59:00,-1.0,SL,GBPUSD
2020-02-07,Asia,1,1.29416,1.29339,0.0007699999999999374,8,2020-02-07 02:59:00,-1.0,SL,GBPUSD
2020-02-10,Londres,-1,1.28743,1.2901799999999999,0.002749999999999808,2,2020-02-10 07:59:00,-1.0,SL,GBPUSD
2020-02-11,Londres,1,1.29062,1.28953,0.0010900000000000354,2,2020-02-11 07:59:00,-1.0,SL,GBPUSD
2020-02-12,Asia,-1,1.29584,1.29698,0.0011399999999999189,1,2020-02-12 03:59:00,-1.0,SL,GBPUSD
2020-02-13,Asia,1,1.29573,1.29507,0.000660000000000105,1,2020-02-12 23:59:00,-1.0,SL,GBPUSD
2020-02-14,Asia,-1,1.30447,1.30484,0.00036999999999998145,2,2020-02-13 23:59:00,-1.0,SL,GBPUSD
2020-02-17,Asia,-1,1.30509,1.30547,0.0003799999999998249,2,2020-02-16 23:59:00,2.0,TP,GBPUSD
2020-02-18,Asia,1,1.29985,1.29915,0.0006999999999999229,1,2020-02-18 02:59:00,-1.0,SL,GBPUSD
2020-02-19,Asia,1,1.29987,1.29964,0.0002300000000001745,4,2020-02-18 23:59:00,-1.0,SL,GBPUSD
2020-02-20,Asia,1,1.29077,1.28995,0.0008200000000000429,1,2020-02-20 03:59:00,-1.0,SL,GBPUSD
2020-02-21,Asia,-1,1.28882,1.28955,0.0007299999999998974,1,2020-02-21 02:59:00,-1.0,SL,GBPUSD
2020-02-24,Asia,-1,1.29513,1.29553,0.000400000000000178,1,2020-02-23 23:59:00,2.0,TP,GBPUSD
2020-02-25,Asia,-1,1.29239,1.2927,0.00031000000000003247,9,2020-02-24 23:59:00,2.0,TP,GBPUSD
2020-02-26,Asia,-1,1.29921,1.29995,0.0007399999999999629,2,2020-02-26 03:59:00,2.0,TP,GBPUSD
2020-02-27,Asia,1,1.29054,1.28981,0.0007300000000001194,7,2020-02-26 23:59:00,2.0,TP,GBPUSD
2020-02-28,Asia,1,1.2894,1.2886,0.0008000000000001339,4,2020-02-28 00:59:00,-1.0,SL,GBPUSD
2020-03-02,Asia,-1,1.28154,1.28281,0.0012700000000001044,1,2020-03-02 01:59:00,-1.0,SL,GBPUSD
2020-03-03,Asia,1,1.27751,1.27719,0.00031999999999987594,4,2020-03-03 03:59:00,2.0,TP,GBPUSD
2020-03-04,Asia,-1,1.28194,1.28312,0.0011799999999999589,4,2020-03-03 23:59:00,2.0,TP,GBPUSD
2020-03-05,Asia,-1,1.28707,1.28735,0.000280000000000058,1,2020-03-04 23:59:00,-1.0,SL,GBPUSD
2020-03-06,NY,-1,1.30086,1.30456,0.0037000000000000366,1,2020-03-06 16:59:00,-1.0,SL,GBPUSD
2020-03-09,Asia,1,1.30723,1.30652,0.0007099999999999884,1,2020-03-08 23:59:00,2.0,TP,GBPUSD
2020-03-10,Asia,-1,1.30511,1.30894,0.00383,5,2020-03-09 23:59:00,2.0,TP,GBPUSD
2020-03-11,Asia,1,1.2899,1.28272,0.007179999999999964,1,2020-03-11 06:59:00,-1.0,SL,GBPUSD
2020-03-12,Asia,1,1.28356,1.28142,0.0021400000000000308,3,2020-03-12 00:59:00,-1.0,SL,GBPUSD
2020-03-13,Londres,-1,1.25925,1.2625,0.003249999999999975,1,2020-03-13 07:59:00,2.0,TP,GBPUSD
2020-03-16,Londres,1,1.22732,1.22573,0.0015899999999999803,2,2020-03-16 08:59:00,2.0,TP,GBPUSD
2020-03-17,Asia,1,1.22632,1.22381,0.0025100000000000122,4,2020-03-17 02:59:00,-1.0,SL,GBPUSD
2020-03-18,Asia,-1,1.21147,1.21284,0.0013699999999998713,1,2020-03-18 02:59:00,2.0,TP,GBPUSD
2020-03-19,Londres,-1,1.16179,1.165,0.003209999999999935,1,2020-03-19 12:59:00,-1.0,SL,GBPUSD
2020-03-20,Asia,-1,1.16228,1.16554,0.0032600000000000406,3,2020-03-20 00:59:00,-1.0,SL,GBPUSD
2020-03-23,Asia,-1,1.15992,1.1651,0.005179999999999962,7,2020-03-22 23:59:00,-1.0,SL,GBPUSD
2020-03-24,Asia,-1,1.16211,1.16377,0.0016599999999999948,10,2020-03-24 00:59:00,-1.0,SL,GBPUSD
2020-03-25,Asia,-1,1.17646,1.1792,0.0027399999999999647,2,2020-03-24 23:59:00,-1.0,SL,GBPUSD
2020-03-26,Asia,-1,1.1845,1.18667,0.002169999999999783,3,2020-03-26 00:59:00,-1.0,SL,GBPUSD
2020-03-27,Asia,-1,1.22013,1.22493,0.0048000000000001375,1,2020-03-27 06:59:00,-1.0,SL,GBPUSD
2020-03-30,Asia,-1,1.23992,1.24501,0.005090000000000039,1,2020-03-29 22:59:00,-1.0,SL,GBPUSD
2020-03-31,Asia,1,1.23673,1.23447,0.0022600000000001508,1,2020-03-30 23:59:00,-1.0,SL,GBPUSD
2020-04-01,Asia,-1,1.23948,1.24282,0.0033400000000001207,3,2020-03-31 22:59:00,-1.0,SL,GBPUSD
2020-04-02,Asia,-1,1.23956,1.24011,0.0005500000000000504,2,2020-04-01 22:59:00,2.0,TP,GBPUSD
2020-04-03,Asia,-1,1.23911,1.24061,0.0015000000000000568,5,2020-04-02 22:59:00,2.0,TP,GBPUSD
2020-04-06,Asia,-1,1.2238,1.22651,0.00270999999999999,1,2020-04-05 22:59:00,-1.0,SL,GBPUSD
2020-04-07,Asia,1,1.22303,1.21937,0.0036599999999999966,1,2020-04-06 23:59:00,2.0,TP,GBPUSD
2020-04-08,Asia,-1,1.23212,1.2341,0.0019799999999998708,5,2020-04-08 00:59:00,-1.0,SL,GBPUSD
2020-04-09,Asia,-1,1.23823,1.24026,0.0020299999999999763,4,2020-04-09 04:59:00,-1.0,SL,GBPUSD
2020-04-10,Londres,-1,1.24646,1.2473,0.0008400000000001739,1,2020-04-10 06:59:00,-1.0,SL,GBPUSD
2020-04-13,Asia,1,1.24637,1.24518,0.0011900000000000244,3,2020-04-12 22:59:00,2.0,TP,GBPUSD
2020-04-14,Asia,-1,1.25271,1.2533,0.0005900000000000905,1,2020-04-14 00:59:00,-1.0,SL,GBPUSD
2020-04-15,Londres,-1,1.2571,1.2596,0.0024999999999999467,3,2020-04-15 06:59:00,2.0,TP,GBPUSD
2020-04-16,Asia,-1,1.24718,1.25021,0.003030000000000088,9,2020-04-16 01:59:00,-1.0,SL,GBPUSD
2020-04-17,Asia,1,1.24793,1.24713,0.0007999999999999119,10,2020-04-16 22:59:00,2.0,TP,GBPUSD
2020-04-20,Asia,-1,1.24918,1.25002,0.0008399999999999519,3,2020-04-19 22:59:00,2.0,TP,GBPUSD
2020-04-21,Londres,1,1.24135,1.24025,0.0010999999999998789,7,2020-04-21 06:59:00,-1.0,SL,GBPUSD
2020-04-22,Asia,1,1.23006,1.2292,0.0008599999999998609,2,2020-04-21 23:59:00,-1.0,SL,GBPUSD
2020-04-23,Asia,-1,1.23216,1.23445,0.0022900000000001253,4,2020-04-22 23:59:00,-1.0,SL,GBPUSD
2020-04-24,Asia,-1,1.23355,1.2353,0.0017500000000001403,7,2020-04-24 05:59:00,2.0,TP,GBPUSD
2020-04-27,Asia,-1,1.23667,1.23696,0.0002900000000001235,1,2020-04-26 23:59:00,2.0,TP,GBPUSD
2020-04-28,Asia,-1,1.24133,1.24304,0.0017099999999998783,8,2020-04-28 01:59:00,-1.0,SL,GBPUSD
2020-04-29,Londres,-1,1.24407,1.24638,0.0023100000000000342,5,2020-04-29 08:59:00,2.0,TP,GBPUSD
2020-04-30,Asia,-1,1.24414,1.24706,0.0029200000000000337,7,2020-04-30 00:59:00,-1.0,SL,GBPUSD
2020-05-01,Londres,1,1.25567,1.25431,0.0013600000000000279,1,2020-05-01 06:59:00,-1.0,SL,GBPUSD
2020-05-04,Asia,-1,1.24561,1.2485,0.002889999999999837,7,2020-05-03 22:59:00,2.0,TP,GBPUSD
2020-05-05,Asia,1,1.24428,1.24376,0.000520000000000076,9,2020-05-04 22:59:00,2.0,TP,GBPUSD
2020-05-06,Asia,1,1.24446,1.24345,0.0010099999999999554,3,2020-05-05 22:59:00,-1.0,SL,GBPUSD
2020-05-07,Londres,1,1.2382,1.2329,0.00529999999999986,2,2020-05-07 06:59:00,-1.0,SL,GBPUSD
2020-05-08,Asia,1,1.23727,1.23532,0.0019500000000001183,5,2020-05-07 22:59:00,2.0,TP,GBPUSD
2020-05-11,Asia,1,1.24304,1.24172,0.0013199999999999878,10,2020-05-11 01:59:00,-1.0,SL,GBPUSD
2020-05-12,Asia,1,1.23311,1.2327,0.00041000000000002146,9,2020-05-11 23:59:00,-1.0,SL,GBPUSD
2020-05-13,Asia,1,1.2265,1.22498,0.0015199999999999658,1,2020-05-13 00:59:00,2.0,TP,GBPUSD
2020-05-14,Asia,1,1.22171,1.22023,0.0014800000000001479,1,2020-05-14 02:59:00,-1.0,SL,GBPUSD
2020-05-15,Asia,-1,1.2225,1.22319,0.0006900000000000794,2,2020-05-14 22:59:00,-1.0,SL,GBPUSD
2020-05-18,Asia,-1,1.20844,1.20968,0.0012400000000001299,1,2020-05-17 23:59:00,-1.0,SL,GBPUSD
2020-05-19,Asia,1,1.21994,1.21906,0.0008799999999999919,10,2020-05-18 23:59:00,2.0,TP,GBPUSD
2020-05-20,Asia,-1,1.22594,1.22767,0.0017300000000000093,2,2020-05-20 02:59:00,2.0,TP,GBPUSD
2020-05-21,Asia,-1,1.2209,1.22373,0.002829999999999888,6,2020-05-21 00:59:00,-1.0,SL,GBPUSD
2020-05-22,Asia,1,1.22233,1.22188,0.0004499999999998394,5,2020-05-21 22:59:00,2.0,TP,GBPUSD
2020-05-25,Asia,1,1.21854,1.21794,0.0005999999999999339,7,2020-05-24 23:59:00,-1.0,SL,GBPUSD
2020-05-26,Asia,1,1.21884,1.21771,0.0011299999999998533,9,2020-05-25 22:59:00,2.0,TP,GBPUSD
2020-05-27,Asia,1,1.23216,1.23146,0.0006999999999999229,1,2020-05-27 00:59:00,-1.0,SL,GBPUSD
2020-05-28,Londres,-1,1.22675,1.2282,0.0014499999999999513,1,2020-05-28 06:59:00,-1.0,SL,GBPUSD
2020-05-29,Asia,1,1.23212,1.23068,0.0014400000000001079,6,2020-05-29 00:59:00,2.0,TP,GBPUSD
2020-06-01,Asia,-1,1.23447,1.23548,0.0010099999999999554,1,2020-05-31 22:59:00,-1.0,SL,GBPUSD
2020-06-02,Asia,-1,1.25038,1.25172,0.0013399999999998968,1,2020-06-02 01:59:00,-1.0,SL,GBPUSD
2020-06-03,Asia,-1,1.25752,1.2587,0.0011799999999999589,2,2020-06-03 02:59:00,-1.0,SL,GBPUSD
2020-06-04,Asia,-1,1.25726,1.2577,0.00043999999999999595,5,2020-06-03 22:59:00,-1.0,SL,GBPUSD
2020-06-05,Asia,-1,1.26054,1.26143,0.0008900000000000574,5,2020-06-04 23:59:00,2.0,TP,GBPUSD
2020-06-08,Londres,-1,1.26888,1.27112,0.0022400000000000198,2,2020-06-08 06:59:00,2.0,TP,GBPUSD
2020-06-09,Asia,-1,1.2734,1.2737,0.00029999999999996696,1,2020-06-08 22:59:00,-1.0,SL,GBPUSD
2020-06-10,Asia,-1,1.27274,1.27317,0.00042999999999993044,6,2020-06-09 22:59:00,2.0,TP,GBPUSD
2020-06-11,Asia,-1,1.27423,1.27548,0.0012499999999999734,4,2020-06-10 22:59:00,2.0,TP,GBPUSD
2020-06-12,Asia,1,1.25973,1.25699,0.0027399999999999647,1,2020-06-12 05:59:00,2.0,TP,GBPUSD
2020-06-15,Asia,-1,1.24999,1.25227,0.0022800000000000598,1,2020-06-15 00:59:00,-1.0,SL,GBPUSD
2020-06-16,Asia,-1,1.26248,1.26283,0.00034999999999985043,5,2020-06-15 22:59:00,2.0,TP,GBPUSD
2020-06-17,Asia,1,1.25816,1.25648,0.0016799999999999038,9,2020-06-16 23:59:00,-1.0,SL,GBPUSD
2020-06-18,Asia,-1,1.25577,1.25676,0.0009900000000000464,1,2020-06-17 22:59:00,2.0,TP,GBPUSD
2020-06-19,Londres,-1,1.24484,1.24566,0.0008200000000000429,1,2020-06-19 06:59:00,2.0,TP,GBPUSD
2020-06-22,Asia,1,1.2346,1.2338500000000001,0.0007499999999998064,2,2020-06-21 22:59:00,-1.0,SL,GBPUSD
2020-06-23,Asia,1,1.24886,1.24635,0.0025100000000000122,9,2020-06-22 22:59:00,-1.0,SL,GBPUSD
2020-06-24,Asia,-1,1.25293,1.25435,0.0014199999999999768,1,2020-06-24 00:59:00,2.0,TP,GBPUSD
2020-06-25,Asia,1,1.24138,1.24116,0.00021999999999988695,1,2020-06-24 22:59:00,-1.0,SL,GBPUSD
2020-06-26,Asia,1,1.24188,1.24089,0.0009900000000000464,4,2020-06-26 00:59:00,-1.0,SL,GBPUSD
2020-06-29,Asia,1,1.23405,1.23243,0.0016200000000001769,1,2020-06-28 22:59:00,2.0,TP,GBPUSD
2020-06-30,Asia,1,1.23087,1.2297,0.0011699999999998933,2,2020-06-29 22:59:00,-1.0,SL,GBPUSD
2020-07-01,Asia,-1,1.2393,1.24017,0.0008699999999999264,8,2020-06-30 22:59:00,2.0,TP,GBPUSD
2020-07-02,Asia,-1,1.24876,1.24937,0.0006099999999999994,1,2020-07-02 05:59:00,-1.0,SL,GBPUSD
2020-07-03,Asia,1,1.24625,1.24565,0.000600000000000156,3,2020-07-03 00:59:00,2.0,TP,GBPUSD
2020-07-06,Asia,-1,1.2472,1.24774,0.0005399999999999849,4,2020-07-05 22:59:00,-1.0,SL,GBPUSD
2020-07-07,Asia,-1,1.24969,1.25155,0.0018599999999999728,3,2020-07-07 01:59:00,-1.0,SL,GBPUSD
2020-07-08,Londres,-1,1.25486,1.25688,0.0020199999999999108,1,2020-07-08 07:59:00,-1.0,SL,GBPUSD
2020-07-09,Asia,-1,1.26114,1.26289,0.0017500000000001403,1,2020-07-09 00:59:00,-1.0,SL,GBPUSD
2020-07-10,Asia,1,1.26049,1.2597,0.0007900000000000684,1,2020-07-09 23:59:00,-1.0,SL,GBPUSD
2020-07-13,Asia,1,1.26362,1.2622,0.0014199999999999768,6,2020-07-12 22:59:00,-1.0,SL,GBPUSD
2020-07-14,Asia,1,1.25531,1.25433,0.0009799999999999809,1,2020-07-14 03:59:00,-1.0,SL,GBPUSD
2020-07-15,Asia,1,1.25707,1.25528,0.0017899999999999583,9,2020-07-14 22:59:00,2.0,TP,GBPUSD
2020-07-16,Asia,-1,1.25721,1.25912,0.0019100000000000783,3,2020-07-16 00:59:00,2.0,TP,GBPUSD
2020-07-17,Asia,1,1.25544,1.25503,0.0004099999999997994,6,2020-07-16 22:59:00,2.0,TP,GBPUSD
2020-07-20,Asia,-1,1.25661,1.25726,0.0006500000000000394,4,2020-07-19 22:59:00,2.0,TP,GBPUSD
2020-07-21,Asia,-1,1.26549,1.26681,0.0013199999999999878,1,2020-07-21 04:59:00,-1.0,SL,GBPUSD
2020-07-22,Londres,-1,1.27101,1.27299,0.001980000000000093,3,2020-07-22 06:59:00,2.0,TP,GBPUSD
2020-07-23,Asia,-1,1.27266,1.27399,0.0013300000000000534,2,2020-07-22 23:59:00,-1.0,SL,GBPUSD
2020-07-24,Asia,-1,1.27294,1.2742499999999999,0.0013099999999999223,6,2020-07-23 23:59:00,-1.0,SL,GBPUSD
2020-07-27,Asia,-1,1.27925,1.2796,0.0003500000000000725,1,2020-07-26 22:59:00,2.0,TP,GBPUSD
2020-07-28,Asia,-1,1.28861,1.29052,0.0019099999999998563,1,2020-07-28 01:59:00,2.0,TP,GBPUSD
2020-07-29,NY,-1,1.2979,1.29852,0.0006199999999998429,1,2020-07-29 12:59:00,-1.0,SL,GBPUSD
2020-07-30,Asia,-1,1.29786,1.29933,0.0014700000000000824,2,2020-07-29 23:59:00,2.0,TP,GBPUSD
2020-07-31,Londres,-1,1.31369,1.31454,0.0008500000000000174,1,2020-07-31 07:59:00,2.0,TP,GBPUSD
2020-08-03,Asia,1,1.3099,1.30781,0.0020900000000001473,4,2020-08-02 22:59:00,-1.0,SL,GBPUSD
2020-08-04,Asia,1,1.30683,1.3064500000000001,0.0003799999999998249,4,2020-08-04 00:59:00,2.0,TP,GBPUSD
2020-08-05,Asia,1,1.30713,1.30635,0.0007800000000000029,7,2020-08-04 22:59:00,2.0,TP,GBPUSD
2020-08-06,Asia,-1,1.31354,1.31448,0.0009400000000001629,2,2020-08-06 00:59:00,-1.0,SL,GBPUSD
2020-08-07,Asia,-1,1.31423,1.31463,0.00039999999999995595,3,2020-08-06 22:59:00,2.0,TP,GBPUSD
2020-08-10,Asia,-1,1.30648,1.3068,0.00031999999999987594,1,2020-08-10 00:59:00,-1.0,SL,GBPUSD
2020-08-11,Asia,-1,1.30728,1.30768,0.00039999999999995595,3,2020-08-10 22:59:00,2.0,TP,GBPUSD
2020-08-12,Asia,1,1.30574,1.30488,0.0008599999999998609,2,2020-08-11 22:59:00,-1.0,SL,GBPUSD
2020-08-13,Asia,1,1.30362,1.30285,0.0007699999999999374,7,2020-08-12 22:59:00,2.0,TP,GBPUSD
2020-08-14,Asia,1,1.30694,1.30625,0.0006900000000000794,9,2020-08-13 22:59:00,-1.0,SL,GBPUSD
2020-08-17,Asia,-1,1.31017,1.31056,0.00038999999999989043,1,2020-08-17 00:59:00,2.0,TP,GBPUSD
2020-08-18,Asia,-1,1.31022,1.31056,0.00034000000000000696,4,2020-08-17 22:59:00,-1.0,SL,GBPUSD
2020-08-19,Asia,-1,1.32445,1.32642,0.0019700000000000273,1,2020-08-19 01:59:00,-1.0,SL,GBPUSD
2020-08-20,Asia,-1,1.31092,1.31181,0.0008899999999998354,7,2020-08-19 23:59:00,2.0,TP,GBPUSD
2020-08-21,Asia,-1,1.32194,1.32255,0.0006099999999999994,1,2020-08-20 22:59:00,-1.0,SL,GBPUSD
2020-08-24,Asia,1,1.30977,1.30869,0.001080000000000192,8,2020-08-23 22:59:00,-1.0,SL,GBPUSD
2020-08-25,Asia,1,1.3069,1.30619,0.0007099999999999884,9,2020-08-24 22:59:00,-1.0,SL,GBPUSD
2020-08-26,Asia,-1,1.31466,1.31528,0.0006200000000000649,4,2020-08-25 22:59:00,-1.0,SL,GBPUSD
2020-08-27,Asia,-1,1.32178,1.32205,0.00026999999999999247,1,2020-08-26 22:59:00,-1.0,SL,GBPUSD
2020-08-28,Asia,1,1.31998,1.31918,0.0007999999999999119,3,2020-08-27 23:59:00,-1.0,SL,GBPUSD
2020-08-31,Asia,-1,1.33445,1.33571,0.0012600000000000389,1,2020-08-30 22:59:00,-1.0,SL,GBPUSD
2020-09-01,Asia,-1,1.33643,1.33712,0.0006900000000000794,3,2020-08-31 22:59:00,-1.0,SL,GBPUSD
2020-09-02,Asia,1,1.33996,1.33891,0.0010499999999999954,2,2020-09-01 23:59:00,-1.0,SL,GBPUSD
2020-09-03,Asia,-1,1.33474,1.33595,0.0012099999999999334,8,2020-09-02 23:59:00,2.0,TP,GBPUSD
2020-09-04,Asia,1,1.32897,1.32768,0.0012900000000000134,4,2020-09-04 01:59:00,-1.0,SL,GBPUSD
2020-09-07,Asia,1,1.32513,1.32379,0.0013399999999998968,1,2020-09-06 22:59:00,-1.0,SL,GBPUSD
2020-09-08,Asia,1,1.31403,1.3137,0.00032999999999994145,1,2020-09-08 01:59:00,2.0,TP,GBPUSD
2020-09-09,Londres,1,1.29525,1.29211,0.0031399999999999206,1,2020-09-09 07:59:00,-1.0,SL,GBPUSD
2020-09-10,Londres,-1,1.30115,1.30357,0.0024199999999998667,1,2020-09-10 06:59:00,2.0,TP,GBPUSD
2020-09-11,Londres,-1,1.2784,1.2846,0.006199999999999983,1,2020-09-11 08:59:00,-1.0,SL,GBPUSD
2020-09-14,Asia,1,1.28056,1.27888,0.0016799999999999038,4,2020-09-13 22:59:00,2.0,TP,GBPUSD
2020-09-15,Asia,-1,1.283,1.28375,0.0007500000000000284,3,2020-09-15 01:59:00,-1.0,SL,GBPUSD
2020-09-16,NY,-1,1.2973,1.29954,0.0022400000000000198,1,2020-09-16 13:59:00,-1.0,SL,GBPUSD
2020-09-17,Asia,-1,1.29129,1.29513,0.0038399999999998435,3,2020-09-17 01:59:00,-1.0,SL,GBPUSD
2020-09-18,Asia,-1,1.29795,1.29941,0.0014600000000000168,2,2020-09-18 00:59:00,2.0,TP,GBPUSD
2020-09-21,Asia,-1,1.29315,1.29392,0.0007699999999999374,1,2020-09-20 22:59:00,-1.0,SL,GBPUSD
2020-09-22,Londres,1,1.28235,1.27513,0.007220000000000004,1,2020-09-22 08:59:00,-1.0,SL,GBPUSD
2020-09-23,Londres,1,1.27345,1.26968,0.003770000000000051,1,2020-09-23 09:59:00,-1.0,SL,GBPUSD
2020-09-24,Asia,1,1.27134,1.27088,0.00045999999999990493,4,2020-09-23 23:59:00,2.0,TP,GBPUSD
2020-09-25,Londres,-1,1.27759,1.27786,0.00026999999999999247,5,2020-09-25 06:59:00,2.0,TP,GBPUSD
2020-09-28,Asia,-1,1.27576,1.27729,0.0015300000000000313,1,2020-09-27 22:59:00,-1.0,SL,GBPUSD
2020-09-29,Londres,-1,1.288,1.28836,0.00035999999999991594,1,2020-09-29 08:59:00,-1.0,SL,GBPUSD
2020-09-30,Asia,1,1.28351,1.28312,0.00038999999999989043,2,2020-09-30 05:59:00,-1.0,SL,GBPUSD
2020-10-01,Asia,-1,1.29423,1.29469,0.00045999999999990493,1,2020-10-01 05:59:00,-1.0,SL,GBPUSD
2020-10-02,Asia,-1,1.28868,1.28894,0.00025999999999992696,8,2020-10-01 22:59:00,2.0,TP,GBPUSD
2020-10-05,Asia,-1,1.29427,1.29547,0.0011999999999998678,2,2020-10-05 00:59:00,2.0,TP,GBPUSD
2020-10-06,Asia,-1,1.29888,1.2993,0.0004199999999998649,1,2020-10-05 22:59:00,-1.0,SL,GBPUSD
2020-10-07,Asia,-1,1.28805,1.28903,0.0009799999999999809,10,2020-10-07 00:59:00,-1.0,SL,GBPUSD
2020-10-08,Asia,1,1.29189,1.29144,0.00045000000000006146,5,2020-10-07 22:59:00,-1.0,SL,GBPUSD
2020-10-09,Asia,-1,1.29361,1.29397,0.000360000000000138,3,2020-10-08 22:59:00,-1.0,SL,GBPUSD
2020-10-12,Asia,-1,1.30284,1.30348,0.0006399999999999739,1,2020-10-12 00:59:00,-1.0,SL,GBPUSD
2020-10-13,Asia,-1,1.30469,1.30684,0.0021500000000000963,2,2020-10-13 00:59:00,2.0,TP,GBPUSD
2020-10-14,Asia,1,1.2937,1.29259,0.0011100000000001664,8,2020-10-14 00:59:00,-1.0,SL,GBPUSD
2020-10-15,Asia,1,1.30222,1.3009600000000001,0.0012599999999998168,5,2020-10-15 00:59:00,-1.0,SL,GBPUSD
2020-10-16,Asia,1,1.28905,1.28854,0.0005100000000000104,1,2020-10-16 02:59:00,-1.0,SL,GBPUSD
2020-10-19,Asia,1,1.2917,1.29017,0.0015300000000000313,6,2020-10-18 22:59:00,2.0,TP,GBPUSD
2020-10-20,Asia,-1,1.29394,1.29589,0.0019499999999998963,3,2020-10-20 01:59:00,-1.0,SL,GBPUSD
2020-10-21,Asia,-1,1.29598,1.29664,0.000660000000000105,9,2020-10-21 00:59:00,-1.0,SL,GBPUSD
2020-10-22,Londres,1,1.31401,1.31155,0.0024599999999999067,1,2020-10-22 07:59:00,-1.0,SL,GBPUSD
2020-10-23,Asia,1,1.30715,1.30552,0.0016300000000000203,1,2020-10-23 00:59:00,-1.0,SL,GBPUSD
2020-10-26,Asia,1,1.30259,1.30221,0.0003799999999998249,1,2020-10-26 02:59:00,-1.0,SL,GBPUSD
2020-10-27,Asia,1,1.30257,1.30129,0.0012799999999999478,4,2020-10-26 23:59:00,-1.0,SL,GBPUSD
2020-10-28,Asia,1,1.30324,1.30191,0.0013300000000000534,1,2020-10-27 23:59:00,2.0,TP,GBPUSD
2020-10-29,Asia,1,1.29952,1.29872,0.0007999999999999119,7,2020-10-29 00:59:00,2.0,TP,GBPUSD
2020-10-30,Asia,1,1.29085,1.29016,0.0006900000000000794,2,2020-10-30 04:59:00,-1.0,SL,GBPUSD
2020-11-02,Asia,-1,1.29254,1.29397,0.0014300000000000423,1,2020-11-01 23:59:00,2.0,TP,GBPUSD
2020-11-03,Asia,1,1.29215,1.29115,0.0009999999999998899,4,2020-11-02 23:59:00,2.0,TP,GBPUSD
2020-11-04,Asia,-1,1.30123,1.31407,0.012839999999999963,1,2020-11-04 00:59:00,-1.0,SL,GBPUSD
2020-11-05,Asia,1,1.29653,1.29323,0.0032999999999998586,3,2020-11-04 23:59:00,2.0,TP,GBPUSD
2020-11-06,Asia,-1,1.31378,1.31515,0.0013700000000000934,6,2020-11-05 23:59:00,-1.0,SL,GBPUSD
2020-11-09,Asia,-1,1.31739,1.31806,0.0006699999999999484,2,2020-11-09 00:59:00,-1.0,SL,GBPUSD
2020-11-10,Asia,1,1.31684,1.31544,0.0014000000000000679,3,2020-11-09 23:59:00,2.0,TP,GBPUSD
2020-11-11,Asia,-1,1.32574,1.32754,0.0018000000000000238,2,2020-11-11 00:59:00,-1.0,SL,GBPUSD
2020-11-12,Asia,1,1.32144,1.32126,0.00017999999999984695,4,2020-11-12 02:59:00,-1.0,SL,GBPUSD
2020-11-13,Asia,1,1.31204,1.3114000000000001,0.0006399999999999739,10,2020-11-12 23:59:00,-1.0,SL,GBPUSD
2020-11-16,Asia,1,1.32189,1.3184500000000001,0.0034399999999998876,8,2020-11-15 23:59:00,-1.0,SL,GBPUSD
2020-11-17,Asia,-1,1.3221,1.32344,0.0013399999999998968,3,2020-11-16 23:59:00,2.0,TP,GBPUSD
2020-11-18,Asia,-1,1.32665,1.32712,0.00046999999999997044,1,2020-11-18 05:59:00,2.0,TP,GBPUSD
2020-11-19,Asia,-1,1.32512,1.327,0.0018799999999998818,4,2020-11-18 23:59:00,2.0,TP,GBPUSD
2020-11-20,Asia,-1,1.32631,1.32705,0.0007399999999999629,2,2020-11-20 03:59:00,-1.0,SL,GBPUSD
2020-11-23,NY,-1,1.33898,1.33985,0.0008699999999999264,1,2020-11-23 13:59:00,2.0,TP,GBPUSD
2020-11-24,Asia,-1,1.33257,1.3335,0.0009299999999998754,3,2020-11-23 23:59:00,-1.0,SL,GBPUSD
2020-11-25,Asia,-1,1.33604,1.3367,0.000660000000000105,1,2020-11-25 00:59:00,2.0,TP,GBPUSD
2020-11-26,Asia,-1,1.33941,1.33985,0.00043999999999999595,8,2020-11-26 01:59:00,2.0,TP,GBPUSD
2020-11-27,Londres,-1,1.337,1.33824,0.0012400000000001299,1,2020-11-27 08:59:00,2.0,TP,GBPUSD
2020-11-30,Asia,1,1.33315,1.33212,0.0010300000000000864,8,2020-11-29 23:59:00,2.0,TP,GBPUSD
2020-12-01,Asia,-1,1.33433,1.33468,0.0003500000000000725,1,2020-12-01 00:59:00,-1.0,SL,GBPUSD
2020-12-02,Londres,-1,1.33775,1.34419,0.006440000000000001,1,2020-12-02 07:59:00,-1.0,SL,GBPUSD
2020-12-03,Asia,-1,1.33678,1.33785,0.0010699999999999044,1,2020-12-02 23:59:00,-1.0,SL,GBPUSD
2020-12-04,Asia,-1,1.34515,1.34588,0.0007299999999998974,2,2020-12-03 23:59:00,-1.0,SL,GBPUSD
2020-12-07,Asia,-1,1.34144,1.34221,0.0007699999999999374,1,2020-12-06 23:59:00,-1.0,SL,GBPUSD
2020-12-08,Asia,1,1.33548,1.33502,0.00045999999999990493,10,2020-12-07 23:59:00,-1.0,SL,GBPUSD
2020-12-09,Asia,-1,1.33643,1.33817,0.0017400000000000748,2,2020-12-08 23:59:00,-1.0,SL,GBPUSD
2020-12-10,Asia,1,1.3365,1.33461,0.0018899999999999473,2,2020-12-09 23:59:00,-1.0,SL,GBPUSD
2020-12-11,Asia,1,1.33015,1.32921,0.0009399999999999409,8,2020-12-10 23:59:00,-1.0,SL,GBPUSD
2020-12-14,Asia,-1,1.33157,1.33377,0.0021999999999999797,3,2020-12-13 23:59:00,-1.0,SL,GBPUSD
2020-12-15,Asia,1,1.33426,1.33355,0.0007099999999999884,2,2020-12-15 02:59:00,-1.0,SL,GBPUSD
2020-12-16,Asia,-1,1.34384,1.34476,0.0009200000000000319,5,2020-12-16 00:59:00,-1.0,SL,GBPUSD
2020-12-17,NY,1,1.35934,1.35582,0.0035199999999999676,1,2020-12-17 15:59:00,-1.0,SL,GBPUSD
2020-12-18,Asia,-1,1.35564,1.3574,0.0017599999999999838,3,2020-12-18 00:59:00,2.0,TP,GBPUSD
2020-12-21,Asia,1,1.34005,1.33929,0.0007599999999998719,1,2020-12-20 23:59:00,-1.0,SL,GBPUSD
2020-12-22,Asia,-1,1.34215,1.34579,0.0036400000000000876,3,2020-12-22 00:59:00,2.0,TP,GBPUSD
2020-12-23,Asia,1,1.3401,1.33589,0.004210000000000047,2,2020-12-22 23:59:00,2.0,TP,GBPUSD
2020-12-24,Londres,-1,1.35649,1.35817,0.0016800000000001258,2,2020-12-24 07:59:00,-1.0,SL,GBPUSD
2020-12-25,Asia,-1,1.35357,1.3565099999999999,0.0029399999999999427,3,2020-12-24 23:58:00,-1.0,SL,GBPUSD
2020-12-28,Asia,1,1.35694,1.35444,0.0024999999999999467,4,2020-12-27 23:59:00,-1.0,SL,GBPUSD
2020-12-29,Asia,1,1.34789,1.34657,0.0013199999999999878,2,2020-12-29 01:59:00,2.0,TP,GBPUSD
2020-12-30,Asia,1,1.35386,1.35073,0.003130000000000077,6,2020-12-30 01:59:00,2.0,TP,GBPUSD
2020-12-31,Asia,-1,1.36151,1.36502,0.003509999999999902,1,2020-12-31 02:59:00,-1.0,SL,GBPUSD
2021-01-04,Asia,-1,1.36727,1.36842,0.0011499999999999844,2,2021-01-04 00:59:00,-1.0,SL,GBPUSD
2021-01-05,Asia,1,1.35854,1.35661,0.0019299999999999873,8,2021-01-05 02:59:00,-1.0,SL,GBPUSD
2021-01-06,Asia,1,1.36268,1.36162,0.0010599999999998388,9,2021-01-05 23:59:00,-1.0,SL,GBPUSD
2021-01-07,Asia,-1,1.36225,1.3634,0.0011499999999999844,1,2021-01-07 00:59:00,2.0,TP,GBPUSD
2021-01-08,Asia,1,1.35684,1.35578,0.001060000000000061,7,2021-01-07 23:59:00,-1.0,SL,GBPUSD
2021-01-11,Londres,1,1.35089,1.34812,0.002769999999999939,1,2021-01-11 08:59:00,-1.0,SL,GBPUSD
2021-01-12,Asia,1,1.35431,1.35188,0.002429999999999932,5,2021-01-12 05:59:00,2.0,TP,GBPUSD
2021-01-13,Asia,-1,1.36693,1.36806,0.0011300000000000754,1,2021-01-13 00:59:00,-1.0,SL,GBPUSD
2021-01-14,Londres,1,1.36559,1.36267,0.0029200000000000337,3,2021-01-14 07:59:00,-1.0,SL,GBPUSD
2021-01-15,Asia,-1,1.36862,1.36987,0.0012499999999999734,4,2021-01-15 00:59:00,2.0,TP,GBPUSD
2021-01-18,Asia,1,1.35787,1.35648,0.0013900000000000023,2,2021-01-18 00:59:00,-1.0,SL,GBPUSD
2021-01-19,Asia,-1,1.35928,1.36,0.0007200000000000539,3,2021-01-19 00:59:00,-1.0,SL,GBPUSD
2021-01-20,Londres,-1,1.3669,1.36862,0.0017199999999999438,10,2021-01-20 12:59:00,2.0,TP,GBPUSD
2021-01-21,Asia,1,1.36662,1.36507,0.0015499999999999403,2,2021-01-20 23:59:00,2.0,TP,GBPUSD
2021-01-22,Asia,-1,1.37162,1.37294,0.0013199999999999878,5,2021-01-22 01:59:00,2.0,TP,GBPUSD
2021-01-25,Asia,-1,1.36819,1.36886,0.0006699999999999484,1,2021-01-25 01:59:00,-1.0,SL,GBPUSD
2021-01-26,Asia,1,1.36765,1.36704,0.0006099999999999994,4,2021-01-25 23:59:00,-1.0,SL,GBPUSD
2021-01-27,Asia,-1,1.37409,1.37527,0.0011799999999999589,1,2021-01-27 00:59:00,-1.0,SL,GBPUSD
2021-01-28,Asia,-1,1.36705,1.36931,0.0022599999999999287,6,2021-01-27 23:59:00,-1.0,SL,GBPUSD
2021-01-29,Asia,1,1.37244,1.3721,0.00034000000000000696,6,2021-01-28 23:59:00,-1.0,SL,GBPUSD
2021-02-01,Asia,-1,1.36971,1.37088,0.0011700000000001154,1,2021-01-31 23:59:00,-1.0,SL,GBPUSD
2021-02-02,Asia,-1,1.36751,1.36806,0.0005500000000000504,9,2021-02-01 23:59:00,-1.0,SL,GBPUSD
2021-02-03,Asia,1,1.36675,1.3658,0.0009500000000000064,2,2021-02-03 00:59:00,-1.0,SL,GBPUSD
2021-02-04,Asia,1,1.36493,1.36419,0.0007399999999999629,3,2021-02-03 23:59:00,-1.0,SL,GBPUSD
2021-02-05,Asia,-1,1.36719,1.36795,0.0007600000000000939,5,2021-02-04 23:59:00,-1.0,SL,GBPUSD
2021-02-08,Asia,-1,1.37372,1.37408,0.00035999999999991594,2,2021-02-07 23:59:00,-1.0,SL,GBPUSD
2021-02-09,Londres,-1,1.37806,1.37899,0.0009299999999998754,1,2021-02-09 09:59:00,2.0,TP,GBPUSD
2021-02-10,Asia,-1,1.38186,1.38234,0.0004799999999998139,1,2021-02-10 06:59:00,-1.0,SL,GBPUSD
2021-02-11,Asia,-1,1.38221,1.3831499999999999,0.0009399999999999409,3,2021-02-11 00:59:00,-1.0,SL,GBPUSD
2021-02-12,Asia,1,1.38109,1.38049,0.0005999999999999339,5,2021-02-11 23:59:00,-1.0,SL,GBPUSD
2021-02-15,Londres,-1,1.38999,1.39151,0.0015199999999999658,1,2021-02-15 08:59:00,-1.0,SL,GBPUSD
2021-02-16,Asia,-1,1.39138,1.39157,0.00018999999999991246,2,2021-02-15 23:59:00,-1.0,SL,GBPUSD
2021-02-17,Asia,-1,1.3885,1.39071,0.0022099999999998232,6,2021-02-16 23:59:00,2.0,TP,GBPUSD
2021-02-18,Asia,1,1.38658,1.38577,0.0008099999999999774,3,2021-02-17 23:59:00,-1.0,SL,GBPUSD
2021-02-19,Asia,-1,1.3967,1.39761,0.0009099999999999664,2,2021-02-18 23:59:00,-1.0,SL,GBPUSD
2021-02-22,Asia,1,1.40272,1.40048,0.0022400000000000198,1,2021-02-21 23:59:00,-1.0,SL,GBPUSD
2021-02-23,Londres,-1,1.40843,1.40872,0.00028999999999990145,2,2021-02-23 07:59:00,-1.0,SL,GBPUSD
2021-02-24,NY,-1,1.40974,1.41263,0.002890000000000059,3,2021-02-24 13:59:00,-1.0,SL,GBPUSD
2021-02-25,Asia,-1,1.41442,1.41515,0.0007299999999998974,1,2021-02-25 00:59:00,2.0,TP,GBPUSD
2021-02-26,Asia,1,1.401,1.39937,0.0016300000000000203,1,2021-02-26 02:59:00,-1.0,SL,GBPUSD
2021-03-01,Asia,-1,1.39853,1.4,0.0014699999999998603,2,2021-03-01 01:59:00,2.0,TP,GBPUSD
2021-03-02,Asia,1,1.39285,1.39195,0.0008999999999999009,2,2021-03-01 23:59:00,-1.0,SL,GBPUSD
2021-03-03,Asia,-1,1.39608,1.39669,0.0006099999999999994,4,2021-03-03 01:59:00,2.0,TP,GBPUSD
2021-03-04,Asia,-1,1.39208,1.39541,0.003330000000000055,5,2021-03-03 23:59:00,-1.0,SL,GBPUSD
2021-03-05,Asia,1,1.38816,1.3866100000000001,0.0015499999999999403,1,2021-03-05 01:59:00,-1.0,SL,GBPUSD
2021-03-08,Asia,-1,1.38223,1.3854,0.003169999999999895,1,2021-03-08 02:59:00,-1.0,SL,GBPUSD
2021-03-09,Asia,1,1.38165,1.38006,0.0015899999999999803,1,2021-03-09 00:59:00,2.0,TP,GBPUSD
2021-03-10,Asia,-1,1.3887,1.38918,0.00048000000000003595,9,2021-03-09 23:59:00,-1.0,SL,GBPUSD
2021-03-11,Asia,-1,1.39237,1.39366,0.0012899999999997913,4,2021-03-11 00:59:00,-1.0,SL,GBPUSD
2021-03-12,Asia,-1,1.39945,1.40055,0.0010999999999998789,1,2021-03-12 01:59:00,2.0,TP,GBPUSD
2021-03-15,Asia,-1,1.39316,1.39422,0.001060000000000061,1,2021-03-14 23:59:00,-1.0,SL,GBPUSD
2021-03-16,Asia,1,1.38719,1.38613,0.0010599999999998388,5,2021-03-16 04:59:00,-1.0,SL,GBPUSD
2021-03-17,Asia,-1,1.3893,1.39061,0.0013099999999999223,2,2021-03-16 23:59:00,-1.0,SL,GBPUSD
2021-03-18,Asia,-1,1.3969,1.3978599999999999,0.0009599999999998499,1,2021-03-17 23:59:00,2.0,TP,GBPUSD
2021-03-19,Asia,-1,1.39068,1.39245,0.0017700000000000493,10,2021-03-18 23:59:00,-1.0,SL,GBPUSD
2021-03-22,Asia,1,1.38364,1.38245,0.0011900000000000244,1,2021-03-22 01:59:00,2.0,TP,GBPUSD
2021-03-23,Asia,-1,1.385,1.38629,0.0012900000000000134,3,2021-03-22 23:59:00,2.0,TP,GBPUSD
2021-03-24,Londres,1,1.37303,1.36892,0.004110000000000058,2,2021-03-24 08:59:00,-1.0,SL,GBPUSD
2021-03-25,Asia,1,1.36826,1.36778,0.00048000000000003595,1,2021-03-25 00:59:00,2.0,TP,GBPUSD
2021-03-26,Asia,1,1.37619,1.37449,0.0017000000000000348,8,2021-03-26 00:59:00,-1.0,SL,GBPUSD
2021-03-29,Asia,1,1.3778,1.37644,0.0013599999999998058,1,2021-03-29 01:59:00,-1.0,SL,GBPUSD
2021-03-30,Asia,-1,1.37685,1.37759,0.000740000000000185,7,2021-03-30 00:59:00,-1.0,SL,GBPUSD
2021-03-31,Asia,1,1.37457,1.3735,0.0010700000000001264,10,2021-03-30 23:59:00,-1.0,SL,GBPUSD
2021-04-01,Asia,-1,1.37823,1.37884,0.0006099999999999994,6,2021-03-31 22:59:00,-1.0,SL,GBPUSD
2021-04-02,Asia,-1,1.38362,1.38383,0.00020999999999982144,1,2021-04-01 22:59:00,2.0,TP,GBPUSD
2021-04-05,Asia,-1,1.38227,1.38328,0.0010099999999999554,1,2021-04-04 22:59:00,-1.0,SL,GBPUSD
2021-04-06,Asia,-1,1.39117,1.39158,0.00041000000000002146,1,2021-04-05 22:59:00,2.0,TP,GBPUSD
2021-04-07,Asia,1,1.38297,1.38184,0.0011300000000000754,9,2021-04-06 23:59:00,-1.0,SL,GBPUSD
2021-04-08,Londres,-1,1.37638,1.37832,0.0019400000000000528,1,2021-04-08 07:59:00,2.0,TP,GBPUSD
2021-04-09,Asia,1,1.3733,1.37207,0.0012300000000000644,1,2021-04-08 22:59:00,-1.0,SL,GBPUSD
2021-04-12,Asia,1,1.37063,1.36992,0.0007099999999999884,4,2021-04-11 22:59:00,-1.0,SL,GBPUSD
2021-04-13,Asia,-1,1.37423,1.37543,0.0011999999999998678,5,2021-04-13 00:59:00,-1.0,SL,GBPUSD
2021-04-14,Asia,-1,1.37514,1.37633,0.0011900000000000244,1,2021-04-14 00:59:00,-1.0,SL,GBPUSD
2021-04-15,Asia,-1,1.37766,1.37842,0.0007599999999998719,3,2021-04-14 22:59:00,-1.0,SL,GBPUSD
2021-04-16,Asia,-1,1.37813,1.3788,0.0006699999999999484,6,2021-04-15 22:59:00,2.0,TP,GBPUSD
2021-04-19,Asia,1,1.38306,1.38133,0.0017300000000000093,1,2021-04-19 02:59:00,2.0,TP,GBPUSD
2021-04-20,Asia,-1,1.39855,1.39953,0.0009799999999999809,1,2021-04-20 00:59:00,-1.0,SL,GBPUSD
2021-04-21,Asia,1,1.39289,1.39242,0.00046999999999997044,1,2021-04-21 02:59:00,-1.0,SL,GBPUSD
2021-04-22,Asia,-1,1.39277,1.39337,0.0005999999999999339,8,2021-04-21 22:59:00,-1.0,SL,GBPUSD
2021-04-23,Londres,1,1.38881,1.38542,0.003390000000000004,3,2021-04-23 07:59:00,-1.0,SL,GBPUSD
2021-04-26,Asia,-1,1.38726,1.38817,0.0009099999999999664,1,2021-04-25 22:59:00,-1.0,SL,GBPUSD
2021-04-27,Asia,-1,1.38943,1.38988,0.00045000000000006146,6,2021-04-26 23:59:00,-1.0,SL,GBPUSD
2021-04-28,Asia,-1,1.38874,1.39039,0.0016499999999999293,3,2021-04-28 00:59:00,-1.0,SL,GBPUSD
2021-04-29,Asia,-1,1.39499,1.39574,0.0007500000000000284,1,2021-04-28 22:59:00,-1.0,SL,GBPUSD
2021-04-30,Asia,-1,1.395,1.39532,0.00031999999999987594,4,2021-04-29 23:59:00,2.0,TP,GBPUSD
2021-05-03,Asia,-1,1.38111,1.38232,0.0012099999999999334,1,2021-05-03 05:59:00,-1.0,SL,GBPUSD
2021-05-04,Asia,1,1.39028,1.38978,0.0004999999999999449,6,2021-05-03 23:59:00,-1.0,SL,GBPUSD
2021-05-05,Asia,-1,1.38869,1.38936,0.0006699999999999484,2,2021-05-04 23:59:00,-1.0,SL,GBPUSD
2021-05-06,Asia,-1,1.38993,1.3914199999999999,0.0014899999999997693,6,2021-05-06 00:59:00,-1.0,SL,GBPUSD
2021-05-07,Asia,1,1.3894,1.38877,0.0006299999999999084,4,2021-05-06 22:59:00,2.0,TP,GBPUSD
2021-05-10,NY,-1,1.4111,1.4149,0.0038000000000000256,1,2021-05-10 13:59:00,-1.0,SL,GBPUSD
2021-05-11,Asia,-1,1.41163,1.41353,0.0019000000000000128,2,2021-05-11 00:59:00,-1.0,SL,GBPUSD
2021-05-12,Asia,-1,1.41266,1.4143,0.0016399999999998638,3,2021-05-12 00:59:00,-1.0,SL,GBPUSD
2021-05-13,Asia,-1,1.40506,1.40673,0.0016700000000000603,9,2021-05-13 05:59:00,-1.0,SL,GBPUSD
2021-05-14,Asia,1,1.40536,1.40408,0.0012799999999999478,3,2021-05-14 05:59:00,-1.0,SL,GBPUSD
2021-05-17,Asia,-1,1.40964,1.41051,0.0008699999999999264,1,2021-05-16 22:59:00,2.0,TP,GBPUSD
2021-05-19,Asia,1,1.41873,1.41782,0.0009099999999999664,1,2021-05-19 03:59:00,-1.0,SL,GBPUSD
2021-05-20,Asia,-1,1.41149,1.4122,0.0007099999999999884,8,2021-05-20 01:59:00,-1.0,SL,GBPUSD
2021-05-21,Asia,-1,1.41861,1.41948,0.0008700000000001484,1,2021-05-20 22:59:00,-1.0,SL,GBPUSD
2021-05-24,Asia,1,1.41415,1.41376,0.0003900000000001125,2,2021-05-23 22:59:00,-1.0,SL,GBPUSD
2021-05-25,Asia,-1,1.41557,1.41598,0.00041000000000002146,3,2021-05-24 22:59:00,-1.0,SL,GBPUSD
2021-05-26,Asia,1,1.41494,1.41401,0.0009300000000000974,7,2021-05-26 00:59:00,2.0,TP,GBPUSD
2021-05-27,Asia,1,1.41151,1.41054,0.0009700000000001374,1,2021-05-27 03:59:00,-1.0,SL,GBPUSD
2021-05-28,Asia,-1,1.41848,1.41939,0.0009099999999999664,9,2021-05-28 01:59:00,-1.0,SL,GBPUSD
2021-05-31,Asia,-1,1.41858,1.41937,0.0007900000000000684,1,2021-05-30 22:58:00,-1.0,SL,GBPUSD
2021-06-01,Londres,1,1.4235,1.4211,0.0023999999999999577,1,2021-06-01 06:59:00,-1.0,SL,GBPUSD
2021-06-02,Asia,1,1.41503,1.41442,0.0006099999999999994,1,2021-06-01 22:59:00,2.0,TP,GBPUSD
2021-06-03,Asia,1,1.41778,1.41699,0.0007900000000000684,7,2021-06-03 00:59:00,-1.0,SL,GBPUSD
2021-06-04,Asia,1,1.40873,1.40817,0.000560000000000116,1,2021-06-04 05:59:00,2.0,TP,GBPUSD
2021-06-07,Asia,-1,1.41565,1.41641,0.0007599999999998719,9,2021-06-06 22:59:00,-1.0,SL,GBPUSD
2021-06-08,Asia,-1,1.41789,1.41817,0.00027999999999983594,10,2021-06-07 22:59:00,-1.0,SL,GBPUSD
2021-06-09,Asia,1,1.41489,1.41452,0.00036999999999998145,3,2021-06-08 22:58:00,2.0,TP,GBPUSD
2021-06-10,Asia,1,1.41111,1.41087,0.00024000000000001798,8,2021-06-09 22:59:00,2.0,TP,GBPUSD
2021-06-11,Asia,-1,1.41724,1.41784,0.0005999999999999339,4,2021-06-10 22:59:00,-1.0,SL,GBPUSD
2021-06-14,Asia,-1,1.41143,1.41195,0.000520000000000076,6,2021-06-13 22:58:00,2.0,TP,GBPUSD
2021-06-15,Asia,-1,1.41083,1.41106,0.00022999999999995246,4,2021-06-14 22:59:00,-1.0,SL,GBPUSD
2021-06-16,Londres,1,1.41135,1.40831,0.0030400000000001537,4,2021-06-16 06:59:00,-1.0,SL,GBPUSD
2021-06-17,Asia,1,1.39897,1.3974,0.0015700000000000713,1,2021-06-17 01:59:00,-1.0,SL,GBPUSD
2021-06-18,Asia,1,1.39374,1.39307,0.0006699999999999484,2,2021-06-17 23:59:00,-1.0,SL,GBPUSD
2021-06-21,Asia,-1,1.3812,1.38299,0.0017899999999999583,1,2021-06-21 01:59:00,-1.0,SL,GBPUSD
2021-06-22,Asia,-1,1.39297,1.39379,0.0008200000000000429,1,2021-06-21 22:59:00,2.0,TP,GBPUSD
2021-06-23,Asia,-1,1.39397,1.39534,0.0013700000000000934,10,2021-06-23 00:59:00,-1.0,SL,GBPUSD
2021-06-24,Asia,-1,1.39622,1.39689,0.0006699999999999484,4,2021-06-24 00:59:00,2.0,TP,GBPUSD
2021-06-25,Asia,1,1.39324,1.3915,0.0017400000000000748,6,2021-06-25 01:59:00,-1.0,SL,GBPUSD
2021-06-28,Asia,1,1.38894,1.38793,0.0010099999999999554,5,2021-06-27 22:59:00,-1.0,SL,GBPUSD
2021-06-29,Asia,1,1.38782,1.38748,0.00034000000000000696,3,2021-06-28 23:59:00,-1.0,SL,GBPUSD
2021-06-30,Asia,-1,1.38528,1.38611,0.0008299999999998864,1,2021-06-30 02:59:00,2.0,TP,GBPUSD
2021-07-01,Asia,1,1.38153,1.38094,0.0005899999999998684,2,2021-07-01 01:59:00,-1.0,SL,GBPUSD
2021-07-02,Asia,1,1.37599,1.37505,0.0009399999999999409,1,2021-07-01 22:59:00,-1.0,SL,GBPUSD
2021-07-05,Asia,-1,1.38309,1.38379,0.000700000000000145,1,2021-07-04 22:59:00,2.0,TP,GBPUSD
2021-07-06,Asia,-1,1.38574,1.38611,0.00036999999999998145,1,2021-07-06 00:59:00,-1.0,SL,GBPUSD
2021-07-07,Londres,-1,1.3808,1.38161,0.0008099999999999774,1,2021-07-07 06:59:00,2.0,TP,GBPUSD
2021-07-08,Asia,1,1.37807,1.37733,0.0007399999999999629,2,2021-07-08 02:59:00,-1.0,SL,GBPUSD
2021-07-09,Asia,-1,1.37893,1.3795,0.0005699999999999594,2,2021-07-08 23:59:00,2.0,TP,GBPUSD
2021-07-12,Asia,-1,1.39001,1.39107,0.001060000000000061,2,2021-07-12 01:59:00,2.0,TP,GBPUSD
2021-07-13,Asia,1,1.38858,1.38814,0.00043999999999999595,3,2021-07-12 23:59:00,2.0,TP,GBPUSD
2021-07-14,Asia,1,1.38177,1.3804400000000001,0.0013299999999998313,8,2021-07-14 01:59:00,2.0,TP,GBPUSD
2021-07-15,Asia,-1,1.38558,1.38621,0.0006299999999999084,4,2021-07-14 23:59:00,2.0,TP,GBPUSD
2021-07-16,Asia,-1,1.38263,1.38346,0.0008299999999998864,6,2021-07-16 01:59:00,-1.0,SL,GBPUSD
2021-07-19,Asia,1,1.37629,1.37559,0.0006999999999999229,1,2021-07-18 23:59:00,-1.0,SL,GBPUSD
2021-07-20,Londres,1,1.36648,1.36325,0.003229999999999844,1,2021-07-20 08:59:00,-1.0,SL,GBPUSD
2021-07-21,Asia,-1,1.36218,1.3635599999999999,0.0013799999999999368,1,2021-07-21 01:59:00,2.0,TP,GBPUSD
2021-07-22,Asia,1,1.37081,1.36894,0.0018700000000000383,8,2021-07-22 01:59:00,2.0,TP,GBPUSD
2021-07-23,Asia,-1,1.37722,1.37771,0.0004899999999998794,2,2021-07-22 23:59:00,-1.0,SL,GBPUSD
2021-07-26,Asia,-1,1.37588,1.37652,0.0006399999999999739,3,2021-07-25 22:59:00,2.0,TP,GBPUSD
2021-07-27,Londres,-1,1.37935,1.38137,0.0020199999999999108,3,2021-07-27 07:59:00,-1.0,SL,GBPUSD
2021-07-28,Londres,1,1.38721,1.38623,0.0009799999999999809,1,2021-07-28 06:59:00,2.0,TP,GBPUSD
2021-07-29,Londres,-1,1.39383,1.39514,0.0013100000000001444,1,2021-07-29 07:59:00,-1.0,SL,GBPUSD
2021-07-30,Asia,-1,1.39632,1.39719,0.0008699999999999264,2,2021-07-29 23:59:00,2.0,TP,GBPUSD
2021-08-02,Asia,1,1.39008,1.38933,0.0007500000000000284,7,2021-08-01 22:59:00,-1.0,SL,GBPUSD
2021-08-03,Asia,1,1.38898,1.38815,0.0008300000000001084,3,2021-08-02 22:59:00,2.0,TP,GBPUSD
2021-08-04,Asia,-1,1.39027,1.39178,0.0015100000000001224,3,2021-08-04 00:59:00,-1.0,SL,GBPUSD
2021-08-05,Asia,1,1.38873,1.38839,0.00034000000000000696,1,2021-08-04 22:59:00,2.0,TP,GBPUSD
2021-08-06,Asia,1,1.39183,1.39155,0.00027999999999983594,5,2021-08-06 00:59:00,-1.0,SL,GBPUSD
2021-08-09,Asia,1,1.38663,1.38568,0.0009500000000000064,2,2021-08-08 23:59:00,-1.0,SL,GBPUSD
2021-08-10,Asia,1,1.38505,1.38412,0.0009299999999998754,2,2021-08-10 00:59:00,-1.0,SL,GBPUSD
2021-08-11,Asia,1,1.3837,1.38344,0.00025999999999992696,3,2021-08-10 22:59:00,-1.0,SL,GBPUSD
2021-08-12,Asia,1,1.38684,1.38624,0.000600000000000156,10,2021-08-11 22:59:00,-1.0,SL,GBPUSD
2021-08-13,Londres,1,1.38033,1.37961,0.0007200000000000539,6,2021-08-13 06:59:00,-1.0,SL,GBPUSD
2021-08-16,Asia,1,1.38659,1.38584,0.0007500000000000284,7,2021-08-15 22:59:00,-1.0,SL,GBPUSD
2021-08-17,Asia,1,1.38287,1.3822,0.0006699999999999484,1,2021-08-17 01:59:00,-1.0,SL,GBPUSD
2021-08-18,Londres,1,1.37436,1.37299,0.0013700000000000934,1,2021-08-18 06:59:00,2.0,TP,GBPUSD
2021-08-19,NY,1,1.36708,1.36514,0.0019400000000000528,1,2021-08-19 15:59:00,-1.0,SL,GBPUSD
2021-08-20,Asia,1,1.364,1.36288,0.0011200000000000099,1,2021-08-20 00:59:00,-1.0,SL,GBPUSD
2021-08-23,Asia,1,1.36214,1.36133,0.0008099999999999774,4,2021-08-22 22:59:00,2.0,TP,GBPUSD
2021-08-24,Asia,1,1.37206,1.37093,0.0011300000000000754,10,2021-08-24 02:59:00,2.0,TP,GBPUSD
2021-08-25,Londres,1,1.37184,1.37054,0.0012999999999998568,1,2021-08-25 07:59:00,-1.0,SL,GBPUSD
2021-08-26,Asia,-1,1.37604,1.37685,0.0008099999999999774,1,2021-08-26 00:59:00,2.0,TP,GBPUSD
2021-08-27,Asia,1,1.36819,1.36786,0.00032999999999994145,10,2021-08-27 00:59:00,2.0,TP,GBPUSD
2021-08-30,Asia,-1,1.37655,1.37716,0.0006099999999999994,7,2021-08-30 01:59:00,-1.0,SL,GBPUSD
2021-08-31,Asia,-1,1.37584,1.37608,0.00024000000000001798,4,2021-08-30 23:59:00,-1.0,SL,GBPUSD
2021-09-01,Asia,1,1.3736,1.37299,0.0006099999999999994,4,2021-09-01 02:59:00,2.0,TP,GBPUSD
2021-09-02,Asia,-1,1.37744,1.37779,0.0003500000000000725,8,2021-09-02 00:59:00,-1.0,SL,GBPUSD
2021-09-03,Asia,-1,1.3837,1.3846,0.0009000000000001229,1,2021-09-03 02:59:00,2.0,TP,GBPUSD
2021-09-06,Asia,-1,1.38608,1.38687,0.0007900000000000684,1,2021-09-05 22:59:00,2.0,TP,GBPUSD
2021-09-07,Asia,-1,1.38382,1.38412,0.00029999999999996696,8,2021-09-06 23:59:00,-1.0,SL,GBPUSD
2021-09-08,Londres,1,1.37684,1.37583,0.0010099999999999554,1,2021-09-08 11:59:00,-1.0,SL,GBPUSD
2021-09-09,Asia,1,1.377,1.37638,0.0006200000000000649,3,2021-09-09 02:59:00,-1.0,SL,GBPUSD
2021-09-10,Asia,-1,1.38359,1.38391,0.00031999999999987594,2,2021-09-09 22:59:00,-1.0,SL,GBPUSD
2021-09-13,Asia,1,1.38347,1.3831,0.00036999999999998145,4,2021-09-12 22:59:00,-1.0,SL,GBPUSD
2021-09-14,Asia,-1,1.3837,1.38406,0.000360000000000138,9,2021-09-13 23:59:00,-1.0,SL,GBPUSD
2021-09-15,Asia,1,1.38041,1.37996,0.0004499999999998394,1,2021-09-15 01:59:00,-1.0,SL,GBPUSD
2021-09-16,Asia,-1,1.38478,1.3853,0.000520000000000076,6,2021-09-15 23:59:00,2.0,TP,GBPUSD
2021-09-17,Asia,1,1.37973,1.379,0.0007299999999998974,6,2021-09-16 22:59:00,-1.0,SL,GBPUSD
2021-09-20,Asia,1,1.3727,1.37228,0.00042000000000008697,2,2021-09-19 22:59:00,-1.0,SL,GBPUSD
2021-09-21,Asia,1,1.36638,1.36538,0.0009999999999998899,2,2021-09-20 22:59:00,-1.0,SL,GBPUSD
2021-09-22,Asia,1,1.36569,1.36547,0.000220000000000109,5,2021-09-21 23:59:00,-1.0,SL,GBPUSD
2021-09-23,Asia,1,1.3641,1.36229,0.0018100000000000893,2,2021-09-23 03:59:00,2.0,TP,GBPUSD
2021-09-24,Asia,-1,1.37157,1.3724399999999999,0.0008699999999999264,2,2021-09-24 05:59:00,-1.0,SL,GBPUSD
2021-09-27,Asia,-1,1.36687,1.36732,0.00045000000000006146,1,2021-09-26 22:59:00,-1.0,SL,GBPUSD
2021-09-28,Asia,-1,1.36941,1.36966,0.0002500000000000835,5,2021-09-28 01:59:00,-1.0,SL,GBPUSD
2021-09-29,Londres,-1,1.35385,1.35554,0.0016899999999999693,1,2021-09-29 06:59:00,2.0,TP,GBPUSD
2021-09-30,Londres,1,1.34424,1.34143,0.0028100000000002012,1,2021-09-30 07:59:00,2.0,TP,GBPUSD
2021-10-01,Asia,-1,1.34683,1.34811,0.0012799999999999478,2,2021-09-30 23:59:00,2.0,TP,GBPUSD
2021-10-04,Asia,-1,1.35696,1.35764,0.0006800000000000139,2,2021-10-03 23:59:00,-1.0,SL,GBPUSD
2021-10-05,Asia,-1,1.36063,1.36129,0.0006599999999998829,2,2021-10-04 23:59:00,2.0,TP,GBPUSD
2021-10-06,Asia,1,1.36052,1.35979,0.0007299999999998974,1,2021-10-06 04:59:00,-1.0,SL,GBPUSD
2021-10-07,Asia,1,1.35875,1.35817,0.0005799999999998029,5,2021-10-06 22:59:00,-1.0,SL,GBPUSD
2021-10-08,Asia,-1,1.36163,1.36214,0.0005100000000000104,2,2021-10-08 01:59:00,2.0,TP,GBPUSD
2021-10-11,Asia,-1,1.36175,1.36275,0.0009999999999998899,1,2021-10-10 22:59:00,-1.0,SL,GBPUSD
2021-10-12,Asia,1,1.35853,1.35835,0.000180000000000069,8,2021-10-11 22:59:00,2.0,TP,GBPUSD
2021-10-13,Asia,1,1.35961,1.35746,0.0021499999999998742,3,2021-10-13 00:59:00,2.0,TP,GBPUSD
2021-10-14,Asia,-1,1.36598,1.36696,0.0009799999999999809,1,2021-10-14 01:59:00,-1.0,SL,GBPUSD
2021-10-15,Asia,-1,1.36679,1.36772,0.0009300000000000974,3,2021-10-14 23:59:00,-1.0,SL,GBPUSD
2021-10-18,Asia,-1,1.37429,1.37642,0.0021299999999999653,1,2021-10-18 00:59:00,-1.0,SL,GBPUSD
2021-10-19,Asia,1,1.37352,1.3727,0.0008200000000000429,5,2021-10-18 23:59:00,2.0,TP,GBPUSD
2021-10-20,Asia,1,1.37985,1.37868,0.0011700000000001154,1,2021-10-20 00:59:00,-1.0,SL,GBPUSD
2021-10-21,Asia,-1,1.38315,1.38338,0.00022999999999995246,4,2021-10-21 03:59:00,2.0,TP,GBPUSD
2021-10-22,Asia,1,1.37903,1.37814,0.0008900000000000574,2,2021-10-22 00:59:00,2.0,TP,GBPUSD
2021-10-25,Asia,1,1.37715,1.37595,0.0012000000000000899,3,2021-10-25 00:59:00,-1.0,SL,GBPUSD
2021-10-26,Londres,1,1.37797,1.37561,0.0023599999999999177,7,2021-10-26 06:59:00,2.0,TP,GBPUSD
2021-10-27,Asia,-1,1.37674,1.37792,0.0011799999999999589,3,2021-10-27 00:59:00,-1.0,SL,GBPUSD
2021-10-28,Asia,1,1.37419,1.37339,0.0007999999999999119,7,2021-10-28 02:59:00,2.0,TP,GBPUSD
2021-10-29,Londres,-1,1.37798,1.3794899999999999,0.0015099999999999003,6,2021-10-29 06:59:00,-1.0,SL,GBPUSD
2021-11-01,Asia,1,1.36747,1.36648,0.0009900000000000464,1,2021-10-31 23:59:00,-1.0,SL,GBPUSD
2021-11-02,Asia,1,1.36562,1.36479,0.0008300000000001084,1,2021-11-02 01:59:00,-1.0,SL,GBPUSD
2021-11-03,Asia,1,1.36289,1.36172,0.0011699999999998933,2,2021-11-03 00:59:00,-1.0,SL,GBPUSD
2021-11-04,Asia,-1,1.36801,1.36951,0.0015000000000000568,7,2021-11-03 23:59:00,2.0,TP,GBPUSD
2021-11-05,NY,1,1.34897,1.34606,0.002909999999999968,2,2021-11-05 14:59:00,-1.0,SL,GBPUSD
2021-11-08,Asia,-1,1.34818,1.34952,0.0013400000000001189,1,2021-11-08 00:59:00,-1.0,SL,GBPUSD
2021-11-09,Asia,-1,1.35766,1.35829,0.0006299999999999084,1,2021-11-09 05:59:00,2.0,TP,GBPUSD
2021-11-10,Asia,1,1.35594,1.35543,0.0005100000000000104,2,2021-11-09 23:59:00,-1.0,SL,GBPUSD
2021-11-11,Asia,1,1.3406,1.3397000000000001,0.0008999999999999009,1,2021-11-11 01:59:00,-1.0,SL,GBPUSD
2021-11-12,Asia,1,1.33646,1.33597,0.0004899999999998794,2,2021-11-11 23:59:00,-1.0,SL,GBPUSD
2021-11-15,Asia,-1,1.3416,1.3419699999999999,0.00036999999999998145,5,2021-11-14 23:59:00,-1.0,SL,GBPUSD
2021-11-16,Asia,1,1.34098,1.3404,0.0005800000000000249,4,2021-11-15 23:59:00,2.0,TP,GBPUSD
2021-11-17,Asia,1,1.34246,1.34188,0.0005800000000000249,2,2021-11-16 23:59:00,2.0,TP,GBPUSD
2021-11-18,Asia,-1,1.34865,1.34977,0.0011200000000000099,1,2021-11-18 00:59:00,-1.0,SL,GBPUSD
2021-11-19,Asia,-1,1.34984,1.35053,0.0006900000000000794,3,2021-11-18 23:59:00,2.0,TP,GBPUSD
2021-11-22,Asia,-1,1.34374,1.34493,0.0011900000000000244,10,2021-11-22 00:59:00,-1.0,SL,GBPUSD
2021-11-23,Asia,1,1.3388,1.33809,0.0007099999999999884,1,2021-11-23 05:59:00,-1.0,SL,GBPUSD
2021-11-24,Asia,1,1.3384,1.33742,0.0009799999999999809,3,2021-11-24 06:59:00,-1.0,SL,GBPUSD
2021-11-25,Asia,1,1.33439,1.33266,0.0017300000000000093,5,2021-11-25 00:59:00,-1.0,SL,GBPUSD
2021-11-26,Asia,1,1.3309,1.33033,0.0005699999999999594,1,2021-11-26 00:59:00,-1.0,SL,GBPUSD
2021-11-29,Asia,1,1.33401,1.33256,0.0014499999999999513,1,2021-11-28 23:59:00,-1.0,SL,GBPUSD
2021-11-30,Asia,-1,1.33138,1.3324,0.0010200000000000209,7,2021-11-29 23:59:00,-1.0,SL,GBPUSD
2021-12-01,Asia,1,1.32992,1.3293,0.0006200000000000649,10,2021-12-01 00:59:00,-1.0,SL,GBPUSD
2021-12-02,Asia,1,1.32771,1.32725,0.00045999999999990493,2,2021-12-01 23:59:00,-1.0,SL,GBPUSD
2021-12-03,Asia,1,1.32912,1.32827,0.0008500000000000174,1,2021-12-03 01:59:00,-1.0,SL,GBPUSD
2021-12-06,Londres,1,1.32321,1.3221,0.0011099999999999444,1,2021-12-06 07:59:00,2.0,TP,GBPUSD
2021-12-07,Asia,1,1.3278,1.32627,0.0015300000000000313,9,2021-12-07 02:59:00,-1.0,SL,GBPUSD
2021-12-08,Asia,-1,1.3244,1.32523,0.0008299999999998864,7,2021-12-08 00:59:00,-1.0,SL,GBPUSD
2021-12-09,Asia,1,1.32101,1.3205,0.0005100000000000104,4,2021-12-09 04:59:00,-1.0,SL,GBPUSD
2021-12-10,Asia,-1,1.32158,1.3226,0.0010200000000000209,1,2021-12-10 00:59:00,-1.0,SL,GBPUSD
2021-12-13,Asia,-1,1.32568,1.32612,0.00043999999999999595,1,2021-12-12 23:59:00,2.0,TP,GBPUSD
2021-12-14,Asia,-1,1.32126,1.32172,0.00045999999999990493,10,2021-12-13 23:59:00,2.0,TP,GBPUSD
2021-12-15,Asia,-1,1.32322,1.32372,0.0004999999999999449,10,2021-12-15 01:59:00,-1.0,SL,GBPUSD
2021-12-16,Asia,-1,1.32616,1.32694,0.0007800000000000029,8,2021-12-15 23:59:00,2.0,TP,GBPUSD
2021-12-17,Londres,1,1.33231,1.33049,0.0018200000000001548,1,2021-12-17 08:59:00,-1.0,SL,GBPUSD
2021-12-20,Asia,1,1.32286,1.32207,0.0007899999999998464,10,2021-12-19 23:59:00,-1.0,SL,GBPUSD
2021-12-21,Asia,1,1.32032,1.31964,0.0006800000000000139,1,2021-12-21 00:59:00,2.0,TP,GBPUSD
2021-12-22,Asia,-1,1.3259,1.32715,0.0012499999999999734,2,2021-12-22 00:59:00,-1.0,SL,GBPUSD
2021-12-23,NY,-1,1.34098,1.34387,0.002889999999999837,1,2021-12-23 15:59:00,0.9584775086506289,tiempo,GBPUSD
2021-12-24,Asia,1,1.34011,1.33876,0.0013499999999999623,1,2021-12-24 06:59:00,-1.0,SL,GBPUSD
2021-12-27,Asia,1,1.34019,1.33902,0.0011699999999998933,3,2021-12-26 23:59:00,2.0,TP,GBPUSD
2021-12-28,Asia,-1,1.34301,1.34398,0.0009699999999999154,8,2021-12-28 01:59:00,-1.0,SL,GBPUSD
2021-12-29,Asia,1,1.34329,1.34269,0.000600000000000156,2,2021-12-28 23:59:00,-1.0,SL,GBPUSD
2021-12-30,Asia,-1,1.34974,1.35059,0.0008500000000000174,1,2021-12-30 02:59:00,2.0,TP,GBPUSD
2021-12-31,Asia,-1,1.34968,1.35006,0.00038000000000004697,4,2021-12-30 23:59:00,-1.0,SL,GBPUSD
2022-01-03,Asia,-1,1.35216,1.35348,0.0013199999999999878,1,2022-01-02 23:59:00,2.0,TP,GBPUSD
2022-01-04,Asia,1,1.3482,1.34683,0.0013700000000000934,8,2022-01-03 23:59:00,-1.0,SL,GBPUSD
2022-01-05,Asia,-1,1.35293,1.35358,0.0006500000000000394,6,2022-01-05 00:59:00,-1.0,SL,GBPUSD
2022-01-06,Asia,-1,1.35543,1.35581,0.00038000000000004697,4,2022-01-05 23:59:00,2.0,TP,GBPUSD
2022-01-07,Asia,1,1.35362,1.3527,0.0009200000000000319,4,2022-01-07 00:59:00,-1.0,SL,GBPUSD
2022-01-10,Asia,-1,1.3594,1.35981,0.00041000000000002146,2,2022-01-10 00:59:00,2.0,TP,GBPUSD
2022-01-11,Asia,-1,1.35791,1.35815,0.00024000000000001798,1,2022-01-10 23:59:00,-1.0,SL,GBPUSD
2022-01-12,Asia,-1,1.36331,1.36401,0.0006999999999999229,1,2022-01-12 01:59:00,-1.0,SL,GBPUSD
2022-01-13,Asia,-1,1.37109,1.37171,0.0006200000000000649,1,2022-01-13 03:59:00,-1.0,SL,GBPUSD
2022-01-14,Asia,1,1.37128,1.37055,0.0007300000000001194,2,2022-01-13 23:59:00,-1.0,SL,GBPUSD
2022-01-17,Asia,1,1.36725,1.36644,0.0008099999999999774,1,2022-01-16 23:59:00,-1.0,SL,GBPUSD
2022-01-18,Asia,1,1.36581,1.36449,0.0013199999999999878,5,2022-01-18 00:59:00,-1.0,SL,GBPUSD
2022-01-19,Asia,-1,1.35979,1.36059,0.0007999999999999119,1,2022-01-19 02:59:00,-1.0,SL,GBPUSD
2022-01-20,Asia,-1,1.36082,1.36127,0.00045000000000006146,3,2022-01-19 23:59:00,-1.0,SL,GBPUSD
2022-01-21,Asia,1,1.35956,1.35779,0.0017700000000000493,1,2022-01-21 01:59:00,-1.0,SL,GBPUSD
2022-01-24,Asia,-1,1.35546,1.3556,0.00013999999999980695,1,2022-01-23 23:59:00,2.0,TP,GBPUSD
2022-01-25,Asia,1,1.3478,1.34758,0.000220000000000109,2,2022-01-25 00:59:00,-1.0,SL,GBPUSD
2022-01-26,Asia,-1,1.35086,1.35219,0.0013300000000000534,1,2022-01-26 02:59:00,-1.0,SL,GBPUSD
2022-01-27,Asia,1,1.34504,1.34413,0.0009099999999999664,1,2022-01-27 01:59:00,-1.0,SL,GBPUSD
2022-01-28,Asia,-1,1.34033,1.34155,0.0012199999999999989,1,2022-01-28 06:59:00,2.0,TP,GBPUSD
2022-01-31,Asia,1,1.34022,1.33844,0.0017799999999998928,1,2022-01-30 23:59:00,2.0,TP,GBPUSD
2022-02-01,Asia,-1,1.3443,1.34552,0.0012199999999999989,2,2022-02-01 06:59:00,-1.0,SL,GBPUSD
2022-02-02,NY,-1,1.35598,1.35884,0.0028600000000000847,1,2022-02-02 13:59:00,-1.0,SL,GBPUSD
2022-02-03,Londres,1,1.35579,1.35463,0.0011600000000000499,2,2022-02-03 07:59:00,-1.0,SL,GBPUSD
2022-02-04,Londres,-1,1.35814,1.3596,0.0014600000000000168,5,2022-02-04 07:59:00,2.0,TP,GBPUSD
2022-02-07,Asia,1,1.35303,1.35273,0.00029999999999996696,1,2022-02-07 00:59:00,-1.0,SL,GBPUSD
2022-02-08,Asia,1,1.35366,1.35285,0.0008099999999999774,4,2022-02-07 23:59:00,-1.0,SL,GBPUSD
2022-02-09,Asia,-1,1.3543,1.35523,0.0009299999999998754,5,2022-02-09 00:59:00,-1.0,SL,GBPUSD
2022-02-10,Asia,-1,1.35322,1.35378,0.0005599999999998939,9,2022-02-09 23:59:00,-1.0,SL,GBPUSD
2022-02-11,Asia,-1,1.3549,1.35619,0.0012900000000000134,7,2022-02-10 23:59:00,2.0,TP,GBPUSD
2022-02-14,Asia,-1,1.35622,1.35725,0.0010300000000000864,1,2022-02-14 00:59:00,2.0,TP,GBPUSD
2022-02-15,Asia,1,1.35414,1.35303,0.0011099999999999444,3,2022-02-15 00:59:00,-1.0,SL,GBPUSD
2022-02-16,Asia,-1,1.35401,1.35447,0.000460000000000127,4,2022-02-15 23:59:00,-1.0,SL,GBPUSD
2022-02-17,Asia,-1,1.35613,1.35983,0.0037000000000000366,2,2022-02-17 03:59:00,-1.0,SL,GBPUSD
2022-02-18,Asia,1,1.36092,1.36017,0.0007499999999998064,1,2022-02-18 01:59:00,-1.0,SL,GBPUSD
2022-02-21,Asia,-1,1.35907,1.35981,0.0007399999999999629,1,2022-02-20 23:59:00,-1.0,SL,GBPUSD
2022-02-22,Asia,1,1.35945,1.35804,0.0014100000000001334,1,2022-02-21 23:59:00,-1.0,SL,GBPUSD
2022-02-23,Asia,1,1.35878,1.35814,0.000640000000000196,6,2022-02-22 23:59:00,2.0,TP,GBPUSD
2022-02-24,Asia,1,1.35445,1.35404,0.00041000000000002146,5,2022-02-23 23:59:00,-1.0,SL,GBPUSD
2022-02-25,Asia,1,1.33901,1.33758,0.0014300000000000423,2,2022-02-25 01:59:00,2.0,TP,GBPUSD
2022-02-28,Asia,1,1.33713,1.3333,0.00383,2,2022-02-27 23:59:00,-1.0,SL,GBPUSD
2022-03-01,Asia,-1,1.3406,1.34161,0.0010099999999999554,2,2022-03-01 03:59:00,-1.0,SL,GBPUSD
2022-03-02,Asia,1,1.33348,1.33185,0.0016300000000000203,6,2022-03-01 23:59:00,-1.0,SL,GBPUSD
2022-03-03,Asia,1,1.33951,1.33761,0.0019000000000000128,5,2022-03-03 02:59:00,-1.0,SL,GBPUSD
2022-03-04,Asia,1,1.3323,1.3316000000000001,0.0006999999999999229,1,2022-03-04 00:59:00,-1.0,SL,GBPUSD
2022-03-07,Asia,1,1.32111,1.31996,0.0011499999999999844,2,2022-03-06 23:59:00,-1.0,SL,GBPUSD
2022-03-08,Asia,1,1.31067,1.31002,0.0006500000000000394,1,2022-03-08 00:59:00,2.0,TP,GBPUSD
2022-03-09,Asia,1,1.31109,1.3096700000000001,0.0014199999999999768,3,2022-03-09 00:59:00,2.0,TP,GBPUSD
2022-03-10,Asia,-1,1.317,1.3188199999999999,0.0018199999999999328,2,2022-03-10 00:59:00,-1.0,SL,GBPUSD
2022-03-11,Asia,1,1.31018,1.30822,0.0019599999999999618,6,2022-03-10 23:59:00,-1.0,SL,GBPUSD
2022-03-14,Asia,1,1.30295,1.30274,0.00021000000000004349,1,2022-03-14 00:59:00,-1.0,SL,GBPUSD
2022-03-15,Asia,1,1.30101,1.30081,0.00019999999999997797,3,2022-03-14 23:59:00,-1.0,SL,GBPUSD
2022-03-16,Asia,-1,1.30377,1.3051,0.0013299999999998313,6,2022-03-15 23:59:00,-1.0,SL,GBPUSD
2022-03-17,Asia,-1,1.31422,1.31602,0.0018000000000000238,1,2022-03-17 00:59:00,-1.0,SL,GBPUSD
2022-03-18,Asia,-1,1.31604,1.31845,0.002409999999999801,1,2022-03-17 23:59:00,2.0,TP,GBPUSD
2022-03-21,Asia,1,1.31632,1.31535,0.0009699999999999154,1,2022-03-20 23:59:00,-1.0,SL,GBPUSD
2022-03-22,Asia,-1,1.31374,1.31698,0.0032400000000001317,6,2022-03-21 23:59:00,-1.0,SL,GBPUSD
2022-03-23,Asia,-1,1.32703,1.32757,0.0005399999999999849,1,2022-03-22 23:59:00,-1.0,SL,GBPUSD
2022-03-24,Asia,-1,1.31988,1.32136,0.0014800000000001479,7,2022-03-23 23:59:00,2.0,TP,GBPUSD
2022-03-25,Asia,-1,1.32124,1.32137,0.00012999999999996348,3,2022-03-25 00:59:00,2.0,TP,GBPUSD
2022-03-28,Asia,1,1.31584,1.31546,0.0003799999999998249,6,2022-03-28 00:59:00,2.0,TP,GBPUSD
2022-03-29,Londres,1,1.31084,1.30904,0.0018000000000000238,3,2022-03-29 06:59:00,-1.0,SL,GBPUSD
2022-03-30,Asia,-1,1.30946,1.31086,0.0013999999999998458,3,2022-03-30 01:59:00,-1.0,SL,GBPUSD
2022-03-31,Asia,1,1.31383,1.31319,0.0006399999999999739,9,2022-03-30 22:59:00,-1.0,SL,GBPUSD
2022-04-01,Asia,-1,1.31461,1.31524,0.0006299999999999084,2,2022-03-31 22:59:00,2.0,TP,GBPUSD
2022-04-04,Asia,1,1.31117,1.3100100000000001,0.0011599999999998278,5,2022-04-04 00:59:00,2.0,TP,GBPUSD
2022-04-05,Asia,1,1.31132,1.31103,0.0002900000000001235,6,2022-04-04 22:59:00,-1.0,SL,GBPUSD
2022-04-06,Asia,1,1.30719,1.30623,0.0009600000000000719,1,2022-04-06 02:59:00,-1.0,SL,GBPUSD
2022-04-07,Asia,1,1.30668,1.30628,0.00039999999999995595,4,2022-04-06 22:59:00,2.0,TP,GBPUSD
2022-04-08,Asia,1,1.30684,1.30646,0.00038000000000004697,7,2022-04-07 23:59:00,-1.0,SL,GBPUSD
2022-04-11,Asia,-1,1.30385,1.30404,0.0001900000000001345,2,2022-04-10 22:59:00,2.0,TP,GBPUSD
2022-04-12,Asia,-1,1.3027,1.30329,0.0005900000000000905,4,2022-04-11 22:59:00,-1.0,SL,GBPUSD
2022-04-13,Asia,1,1.29919,1.2986,0.0005900000000000905,5,2022-04-13 00:59:00,2.0,TP,GBPUSD
2022-04-14,Asia,-1,1.31169,1.31198,0.00028999999999990145,1,2022-04-13 22:59:00,-1.0,SL,GBPUSD
2022-04-18,Asia,1,1.30636,1.30483,0.0015300000000000313,2,2022-04-17 22:59:00,-1.0,SL,GBPUSD
2022-04-19,Asia,1,1.30073,1.29997,0.0007599999999998719,1,2022-04-18 23:59:00,-1.0,SL,GBPUSD
2022-04-20,Asia,1,1.30084,1.2996,0.0012399999999999078,4,2022-04-19 22:59:00,2.0,TP,GBPUSD
2022-04-21,Asia,-1,1.30678,1.30743,0.0006500000000000394,1,2022-04-20 23:59:00,2.0,TP,GBPUSD
2022-04-22,Asia,1,1.30321,1.3027900000000001,0.0004199999999998649,2,2022-04-21 22:59:00,-1.0,SL,GBPUSD
2022-04-25,NY,1,1.27294,1.26961,0.003330000000000055,1,2022-04-25 16:59:00,-1.0,SL,GBPUSD
2022-04-26,Londres,-1,1.27387,1.27599,0.0021199999999998997,2,2022-04-26 06:59:00,2.0,TP,GBPUSD
2022-04-27,Asia,1,1.25767,1.25587,0.0018000000000000238,1,2022-04-26 22:59:00,-1.0,SL,GBPUSD
2022-04-28,Asia,1,1.25358,1.25323,0.00034999999999985043,2,2022-04-27 22:59:00,-1.0,SL,GBPUSD
2022-04-29,Asia,-1,1.24728,1.2488,0.0015199999999999658,1,2022-04-29 02:59:00,-1.0,SL,GBPUSD
2022-05-02,Asia,-1,1.2579,1.25889,0.0009900000000000464,1,2022-05-01 22:59:00,-1.0,SL,GBPUSD
2022-05-03,Asia,1,1.24958,1.24853,0.0010499999999999954,10,2022-05-02 22:59:00,2.0,TP,GBPUSD
2022-05-04,Asia,1,1.24961,1.24889,0.0007200000000000539,2,2022-05-04 00:59:00,-1.0,SL,GBPUSD
2022-05-05,Asia,-1,1.25797,1.26066,0.002689999999999859,8,2022-05-05 03:59:00,2.0,TP,GBPUSD
2022-05-06,Londres,1,1.23399,1.23038,0.003609999999999891,1,2022-05-06 08:59:00,-1.0,SL,GBPUSD
2022-05-09,Asia,1,1.23372,1.23284,0.0008799999999999919,1,2022-05-08 22:59:00,-1.0,SL,GBPUSD
2022-05-10,Asia,1,1.23295,1.2321900000000001,0.0007599999999998719,8,2022-05-09 22:59:00,-1.0,SL,GBPUSD
2022-05-11,Asia,1,1.23252,1.23108,0.0014400000000001079,3,2022-05-11 01:59:00,2.0,TP,GBPUSD
2022-05-12,Asia,1,1.22441,1.2223600000000001,0.0020499999999998852,1,2022-05-12 00:59:00,-1.0,SL,GBPUSD
2022-05-13,Asia,1,1.21973,1.2193100000000001,0.0004199999999998649,3,2022-05-12 22:59:00,2.0,TP,GBPUSD
2022-05-16,Asia,-1,1.22524,1.22666,0.0014199999999999768,2,2022-05-15 22:59:00,-1.0,SL,GBPUSD
2022-05-18,Asia,-1,1.24904,1.24969,0.0006500000000000394,1,2022-05-17 22:59:00,-1.0,SL,GBPUSD
2022-05-19,Asia,1,1.23539,1.23368,0.0017099999999998783,5,2022-05-18 22:59:00,2.0,TP,GBPUSD
2022-05-20,Asia,1,1.24667,1.24566,0.0010099999999999554,6,2022-05-19 22:59:00,-1.0,SL,GBPUSD
2022-05-23,Londres,-1,1.25684,1.25736,0.000520000000000076,1,2022-05-23 06:59:00,2.0,TP,GBPUSD
2022-05-24,Asia,-1,1.25669,1.25802,0.0013299999999998313,3,2022-05-23 23:59:00,-1.0,SL,GBPUSD
2022-05-25,Londres,1,1.25518,1.2525600000000001,0.0026199999999998447,4,2022-05-25 06:59:00,-1.0,SL,GBPUSD
2022-05-26,Asia,-1,1.25856,1.25952,0.0009600000000000719,1,2022-05-25 23:59:00,-1.0,SL,GBPUSD
2022-05-27,Londres,-1,1.26192,1.26426,0.0023400000000000087,3,2022-05-27 06:59:00,-1.0,SL,GBPUSD
2022-05-30,Asia,-1,1.26239,1.26314,0.0007500000000000284,1,2022-05-29 23:59:00,-1.0,SL,GBPUSD
2022-05-31,Asia,-1,1.26119,1.26495,0.0037599999999999856,4,2022-05-31 00:59:00,2.0,TP,GBPUSD
2022-06-01,Asia,1,1.26097,1.25969,0.0012799999999999478,3,2022-05-31 22:59:00,-1.0,SL,GBPUSD
2022-06-02,NY,-1,1.25548,1.25721,0.0017300000000000093,1,2022-06-02 12:59:00,-1.0,SL,GBPUSD
2022-06-03,Asia,1,1.25753,1.25723,0.00029999999999996696,6,2022-06-02 22:59:00,-1.0,SL,GBPUSD
2022-06-06,Asia,1,1.24977,1.24852,0.0012499999999999734,1,2022-06-05 22:59:00,-1.0,SL,GBPUSD
2022-06-07,Asia,-1,1.25064,1.25173,0.0010900000000000354,3,2022-06-07 01:59:00,-1.0,SL,GBPUSD
2022-06-08,Asia,-1,1.25869,1.25985,0.0011599999999998278,10,2022-06-07 23:59:00,2.0,TP,GBPUSD
2022-06-09,Asia,-1,1.25338,1.25467,0.0012900000000000134,5,2022-06-09 00:59:00,-1.0,SL,GBPUSD
2022-06-10,Asia,1,1.24922,1.2485,0.0007200000000000539,1,2022-06-09 23:59:00,-1.0,SL,GBPUSD
2022-06-13,NY,1,1.21681,1.21289,0.0039199999999999235,1,2022-06-13 15:59:00,-1.0,SL,GBPUSD
2022-06-14,Asia,1,1.21764,1.21525,0.0023900000000001143,2,2022-06-14 03:59:00,-1.0,SL,GBPUSD
2022-06-15,Londres,1,1.20881,1.20271,0.006099999999999994,3,2022-06-15 08:59:00,2.0,TP,GBPUSD
2022-06-16,Asia,1,1.21624,1.2157,0.0005399999999999849,8,2022-06-15 22:59:00,2.0,TP,GBPUSD
2022-06-17,Londres,1,1.22991,1.22508,0.004830000000000112,1,2022-06-17 07:59:00,-1.0,SL,GBPUSD
2022-06-20,Asia,1,1.22244,1.22059,0.0018499999999999073,1,2022-06-19 22:59:00,-1.0,SL,GBPUSD
2022-06-21,Asia,1,1.22543,1.22398,0.0014499999999999513,6,2022-06-20 22:59:00,2.0,TP,GBPUSD
2022-06-22,Asia,-1,1.22635,1.22779,0.0014399999999998858,4,2022-06-21 23:59:00,2.0,TP,GBPUSD
2022-06-23,Asia,-1,1.22517,1.22637,0.0011999999999998678,9,2022-06-22 23:59:00,-1.0,SL,GBPUSD
2022-06-24,Asia,-1,1.22593,1.22716,0.0012300000000000644,2,2022-06-23 23:59:00,-1.0,SL,GBPUSD
2022-06-27,Asia,-1,1.22821,1.22974,0.0015300000000000313,4,2022-06-26 23:59:00,-1.0,SL,GBPUSD
2022-06-28,Asia,1,1.22657,1.22598,0.0005899999999998684,3,2022-06-27 22:59:00,2.0,TP,GBPUSD
2022-06-29,Asia,1,1.21862,1.21736,0.0012600000000000389,1,2022-06-28 22:59:00,2.0,TP,GBPUSD
2022-06-30,Asia,1,1.21471,1.21235,0.0023599999999999177,2,2022-06-30 05:59:00,-1.0,SL,GBPUSD
2022-07-01,Asia,-1,1.21597,1.21676,0.0007900000000000684,2,2022-06-30 23:59:00,2.0,TP,GBPUSD
2022-07-04,Asia,1,1.21098,1.20969,0.0012900000000000134,5,2022-07-03 22:59:00,-1.0,SL,GBPUSD
2022-07-05,Asia,1,1.21082,1.2099,0.0009200000000000319,8,2022-07-04 22:59:00,-1.0,SL,GBPUSD
2022-07-06,Londres,1,1.1956,1.19095,0.004650000000000043,1,2022-07-06 06:59:00,-1.0,SL,GBPUSD
2022-07-07,Asia,1,1.19249,1.19144,0.0010499999999999954,3,2022-07-06 22:59:00,-1.0,SL,GBPUSD
2022-07-08,Asia,-1,1.20269,1.20343,0.0007399999999999629,1,2022-07-07 22:59:00,-1.0,SL,GBPUSD
2022-07-11,Asia,-1,1.20254,1.20379,0.0012499999999999734,1,2022-07-10 22:59:00,2.0,TP,GBPUSD
2022-07-12,Asia,1,1.18838,1.18591,0.0024699999999999722,1,2022-07-12 01:59:00,-1.0,SL,GBPUSD
2022-07-13,Asia,-1,1.18794,1.18904,0.001100000000000101,2,2022-07-12 22:59:00,-1.0,SL,GBPUSD
2022-07-14,Asia,-1,1.18813,1.18936,0.0012300000000000644,5,2022-07-13 22:59:00,2.0,TP,GBPUSD
2022-07-15,Asia,1,1.18403,1.18231,0.0017199999999999438,4,2022-07-14 23:59:00,-1.0,SL,GBPUSD
2022-07-18,Asia,1,1.18728,1.18614,0.0011399999999999189,1,2022-07-17 22:59:00,2.0,TP,GBPUSD
2022-07-19,Asia,1,1.19485,1.19437,0.00048000000000003595,1,2022-07-18 22:59:00,-1.0,SL,GBPUSD
2022-07-20,Asia,-1,1.20292,1.2038,0.0008799999999999919,4,2022-07-20 04:59:00,2.0,TP,GBPUSD
2022-07-21,Asia,1,1.19666,1.19617,0.0004900000000001015,2,2022-07-21 00:59:00,2.0,TP,GBPUSD
2022-07-22,Asia,-1,1.19949,1.20039,0.0009000000000001229,3,2022-07-21 23:59:00,2.0,TP,GBPUSD
2022-07-25,Asia,-1,1.19997,1.2011,0.0011300000000000754,1,2022-07-24 22:59:00,2.0,TP,GBPUSD
2022-07-26,Asia,-1,1.20783,1.2086999999999999,0.0008699999999999264,2,2022-07-26 01:59:00,-1.0,SL,GBPUSD
2022-07-27,Asia,1,1.20475,1.20357,0.0011799999999999589,3,2022-07-27 01:59:00,2.0,TP,GBPUSD
2022-07-28,Asia,-1,1.21672,1.21871,0.0019899999999999363,1,2022-07-28 01:59:00,-1.0,SL,GBPUSD
2022-07-29,Asia,-1,1.21897,1.21979,0.0008199999999998209,2,2022-07-29 03:59:00,-1.0,SL,GBPUSD
2022-08-01,Asia,-1,1.2171,1.21796,0.0008599999999998609,1,2022-07-31 22:59:00,-1.0,SL,GBPUSD
2022-08-02,Asia,-1,1.22567,1.22771,0.0020400000000000418,2,2022-08-02 01:59:00,2.0,TP,GBPUSD
2022-08-03,Asia,1,1.21595,1.21554,0.00041000000000002146,1,2022-08-02 22:59:00,-1.0,SL,GBPUSD
2022-08-04,Asia,1,1.2159,1.21356,0.0023400000000000087,2,2022-08-04 00:59:00,-1.0,SL,GBPUSD
2022-08-05,Asia,1,1.21576,1.21544,0.00031999999999987594,5,2022-08-04 22:59:00,-1.0,SL,GBPUSD
2022-08-08,Asia,-1,1.20706,1.20745,0.00038999999999989043,1,2022-08-08 01:59:00,2.0,TP,GBPUSD
2022-08-09,Asia,-1,1.20777,1.20839,0.0006200000000000649,3,2022-08-08 22:59:00,-1.0,SL,GBPUSD
2022-08-10,Asia,-1,1.2071,1.20765,0.0005499999999998284,7,2022-08-09 23:59:00,-1.0,SL,GBPUSD
2022-08-11,Londres,-1,1.22055,1.22236,0.0018099999999998673,1,2022-08-11 10:59:00,-1.0,SL,GBPUSD
2022-08-12,Asia,1,1.21839,1.21757,0.0008200000000000429,3,2022-08-12 00:59:00,2.0,TP,GBPUSD
2022-08-15,Asia,-1,1.21266,1.21396,0.0012999999999998568,1,2022-08-14 23:59:00,-1.0,SL,GBPUSD
2022-08-16,Asia,1,1.20559,1.2044300000000001,0.0011599999999998278,1,2022-08-16 02:59:00,-1.0,SL,GBPUSD
2022-08-17,Asia,1,1.2107,1.20926,0.0014400000000001079,6,2022-08-17 00:59:00,2.0,TP,GBPUSD
2022-08-18,Asia,-1,1.20507,1.2060899999999999,0.0010199999999997988,5,2022-08-18 00:59:00,2.0,TP,GBPUSD
2022-08-19,Asia,1,1.19234,1.19064,0.0017000000000000348,1,2022-08-19 02:59:00,-1.0,SL,GBPUSD
2022-08-22,Asia,1,1.18213,1.18147,0.0006599999999998829,1,2022-08-21 22:59:00,-1.0,SL,GBPUSD
2022-08-23,Londres,1,1.17649,1.17266,0.00383,1,2022-08-23 07:59:00,2.0,TP,GBPUSD
2022-08-24,Asia,-1,1.18294,1.18384,0.0008999999999999009,6,2022-08-23 23:59:00,2.0,TP,GBPUSD
2022-08-25,Asia,1,1.18117,1.17822,0.002950000000000008,3,2022-08-25 00:59:00,-1.0,SL,GBPUSD
2022-08-26,Asia,-1,1.18222,1.1835,0.0012799999999999478,4,2022-08-25 23:59:00,2.0,TP,GBPUSD
2022-08-29,NY,-1,1.17163,1.17349,0.0018599999999999728,2,2022-08-29 12:59:00,-1.0,SL,GBPUSD
2022-08-30,Asia,-1,1.16987,1.17275,0.0028799999999999937,2,2022-08-30 01:59:00,-1.0,SL,GBPUSD
2022-08-31,Asia,1,1.16577,1.16507,0.0006999999999999229,5,2022-08-30 23:59:00,2.0,TP,GBPUSD
2022-09-01,Asia,1,1.16128,1.16065,0.0006300000000001305,2,2022-08-31 22:59:00,-1.0,SL,GBPUSD
2022-09-02,Londres,1,1.15503,1.15311,0.0019199999999999218,1,2022-09-02 06:59:00,-1.0,SL,GBPUSD
2022-09-05,Asia,1,1.14798,1.14644,0.0015400000000000968,1,2022-09-04 22:59:00,-1.0,SL,GBPUSD
2022-09-06,Asia,1,1.15466,1.15188,0.0027800000000000047,6,2022-09-05 22:59:00,2.0,TP,GBPUSD
2022-09-07,Asia,-1,1.15107,1.15207,0.0009999999999998899,5,2022-09-06 22:59:00,2.0,TP,GBPUSD
2022-09-08,Asia,-1,1.15215,1.15416,0.0020100000000000673,1,2022-09-07 23:59:00,2.0,TP,GBPUSD
2022-09-09,Asia,1,1.15423,1.15141,0.0028200000000000447,9,2022-09-09 00:59:00,2.0,TP,GBPUSD
2022-09-12,Asia,-1,1.16099,1.16399,0.0030000000000001137,1,2022-09-11 22:59:00,-1.0,SL,GBPUSD
2022-09-13,Asia,-1,1.16946,1.17064,0.0011799999999999589,2,2022-09-13 00:59:00,-1.0,SL,GBPUSD
2022-09-14,Asia,1,1.14905,1.14804,0.0010099999999999554,1,2022-09-13 22:59:00,2.0,TP,GBPUSD
2022-09-15,Asia,1,1.15454,1.15215,0.002389999999999892,1,2022-09-15 01:59:00,-1.0,SL,GBPUSD
2022-09-16,Asia,1,1.14616,1.14584,0.000320000000000098,1,2022-09-15 22:59:00,-1.0,SL,GBPUSD
2022-09-19,Asia,1,1.14281,1.14098,0.0018299999999999983,1,2022-09-18 22:59:00,-1.0,SL,GBPUSD
2022-09-20,Asia,-1,1.14378,1.1443,0.000520000000000076,1,2022-09-19 22:59:00,-1.0,SL,GBPUSD
2022-09-21,Asia,1,1.13801,1.13726,0.0007500000000000284,8,2022-09-20 23:59:00,-1.0,SL,GBPUSD
2022-09-22,Asia,1,1.12353,1.12186,0.0016699999999998383,1,2022-09-22 01:59:00,-1.0,SL,GBPUSD
2022-09-23,Asia,1,1.12401,1.12303,0.0009799999999999809,4,2022-09-23 05:59:00,-1.0,SL,GBPUSD
2022-09-26,Asia,1,1.08449,1.07914,0.005349999999999966,1,2022-09-25 22:59:00,-1.0,SL,GBPUSD
2022-09-27,Asia,-1,1.08121,1.08272,0.0015099999999999003,4,2022-09-27 05:59:00,-1.0,SL,GBPUSD
2022-09-28,Asia,1,1.0657,1.06332,0.0023800000000000487,3,2022-09-28 03:59:00,-1.0,SL,GBPUSD
2022-09-29,Asia,-1,1.08303,1.08611,0.0030799999999999716,2,2022-09-28 23:59:00,2.0,TP,GBPUSD
2022-09-30,Asia,-1,1.11005,1.11639,0.006340000000000012,1,2022-09-30 02:59:00,-1.0,SL,GBPUSD
2022-10-03,Asia,-1,1.11555,1.11953,0.0039799999999998725,1,2022-10-02 22:59:00,-1.0,SL,GBPUSD
2022-10-04,Asia,-1,1.13304,1.13443,0.0013900000000000023,1,2022-10-04 00:59:00,2.0,TP,GBPUSD
2022-10-05,Asia,-1,1.14236,1.14433,0.0019700000000000273,2,2022-10-05 02:59:00,-1.0,SL,GBPUSD
2022-10-06,Asia,1,1.13271,1.13036,0.0023500000000000743,2,2022-10-05 22:59:00,2.0,TP,GBPUSD
2022-10-07,Londres,1,1.11402,1.11139,0.00262999999999991,1,2022-10-07 06:59:00,2.0,TP,GBPUSD
2022-10-10,Asia,-1,1.10693,1.1094,0.0024699999999999722,1,2022-10-09 22:59:00,-1.0,SL,GBPUSD
2022-10-11,Asia,1,1.10637,1.10523,0.001140000000000141,3,2022-10-10 22:59:00,2.0,TP,GBPUSD
2022-10-12,Asia,1,1.09687,1.09473,0.0021400000000000308,1,2022-10-12 00:59:00,-1.0,SL,GBPUSD
2022-10-13,Asia,-1,1.10961,1.11068,0.0010699999999999044,2,2022-10-12 22:59:00,-1.0,SL,GBPUSD
2022-10-14,Londres,1,1.13055,1.12533,0.005220000000000002,1,2022-10-14 07:59:00,-1.0,SL,GBPUSD
2022-10-17,Asia,-1,1.12238,1.12524,0.0028600000000000847,1,2022-10-17 00:59:00,-1.0,SL,GBPUSD
2022-10-18,Asia,-1,1.13553,1.13694,0.0014100000000001334,7,2022-10-17 22:59:00,-1.0,SL,GBPUSD
2022-10-19,Asia,1,1.13333,1.13191,0.0014199999999999768,3,2022-10-18 22:59:00,-1.0,SL,GBPUSD
2022-10-20,Asia,1,1.12203,1.1195,0.0025300000000001432,9,2022-10-20 04:59:00,-1.0,SL,GBPUSD
2022-10-21,Asia,1,1.12058,1.11971,0.0008699999999999264,1,2022-10-21 00:59:00,-1.0,SL,GBPUSD
2022-10-24,Asia,-1,1.13331,1.14091,0.007600000000000051,1,2022-10-23 22:59:00,-1.0,SL,GBPUSD
2022-10-25,Asia,1,1.13085,1.12748,0.003369999999999873,3,2022-10-24 22:59:00,-1.0,SL,GBPUSD
2022-10-26,NY,-1,1.16132,1.1626,0.0012800000000001699,1,2022-10-26 15:59:00,-1.0,SL,GBPUSD
2022-10-27,Asia,-1,1.16156,1.16281,0.0012499999999999734,2,2022-10-26 22:59:00,-1.0,SL,GBPUSD
2022-10-28,Asia,1,1.15523,1.15431,0.0009200000000000319,1,2022-10-28 00:59:00,2.0,TP,GBPUSD
2022-10-31,Asia,1,1.16066,1.15879,0.0018700000000000383,7,2022-10-30 23:59:00,-1.0,SL,GBPUSD
2022-11-01,Asia,1,1.14798,1.14628,0.0017000000000000348,2,2022-10-31 23:59:00,2.0,TP,GBPUSD
2022-11-02,Asia,1,1.15065,1.14846,0.0021899999999999142,9,2022-11-01 23:59:00,-1.0,SL,GBPUSD
2022-11-03,NY,1,1.11647,1.11528,0.0011900000000000244,1,2022-11-03 17:59:00,-1.0,SL,GBPUSD
2022-11-04,Asia,-1,1.1207,1.12418,0.0034799999999999276,1,2022-11-04 04:59:00,-1.0,SL,GBPUSD
2022-11-07,Asia,1,1.13308,1.13146,0.0016200000000001769,7,2022-11-06 23:59:00,-1.0,SL,GBPUSD
2022-11-08,Londres,-1,1.14694,1.1494,0.0024599999999999067,3,2022-11-08 07:59:00,-1.0,SL,GBPUSD
2022-11-09,Asia,-1,1.15285,1.15521,0.0023600000000001398,3,2022-11-09 00:59:00,-1.0,SL,GBPUSD
2022-11-10,NY,1,1.16072,1.13868,0.02204000000000006,4,2022-11-10 13:59:00,1.0086206896551684,tiempo,GBPUSD
2022-11-11,Londres,-1,1.17233,1.1774499999999999,0.005119999999999791,1,2022-11-11 10:59:00,-1.0,SL,GBPUSD
2022-11-14,Asia,-1,1.17879,1.18184,0.003049999999999997,1,2022-11-14 01:59:00,-1.0,SL,GBPUSD
2022-11-15,Asia,1,1.17507,1.17415,0.0009200000000000319,2,2022-11-14 23:59:00,-1.0,SL,GBPUSD
2022-11-16,Asia,-1,1.18473,1.18878,0.004049999999999887,8,2022-11-16 00:59:00,-1.0,SL,GBPUSD
2022-11-17,Asia,-1,1.19135,1.1919899999999999,0.0006399999999999739,5,2022-11-16 23:59:00,2.0,TP,GBPUSD
2022-11-18,Asia,1,1.18895,1.1857,0.003249999999999975,3,2022-11-18 00:59:00,-0.7292307692307697,tiempo,GBPUSD
2022-11-21,Asia,1,1.18841,1.1878900000000001,0.0005199999999998539,3,2022-11-20 23:59:00,-1.0,SL,GBPUSD
2022-11-22,Asia,-1,1.18258,1.1828,0.000220000000000109,1,2022-11-21 23:59:00,-1.0,SL,GBPUSD
2022-11-23,Asia,1,1.1893,1.18777,0.0015300000000000313,9,2022-11-22 23:59:00,-1.0,SL,GBPUSD
2022-11-24,Londres,-1,1.2065,1.20868,0.0021800000000000708,2,2022-11-24 08:59:00,-1.0,SL,GBPUSD
2022-11-25,Asia,-1,1.21115,1.21179,0.0006399999999999739,3,2022-11-24 23:59:00,2.0,TP,GBPUSD
2022-11-28,Asia,1,1.20534,1.20492,0.00042000000000008697,7,2022-11-27 23:59:00,2.0,TP,GBPUSD
2022-11-29,Londres,1,1.20336,1.1978900000000001,0.005469999999999864,4,2022-11-29 07:59:00,-1.0,SL,GBPUSD
2022-11-30,Asia,1,1.19455,1.19404,0.0005100000000000104,1,2022-11-29 23:59:00,2.0,TP,GBPUSD
2022-12-01,Asia,-1,1.20744,1.20889,0.0014499999999999513,1,2022-11-30 23:59:00,-1.0,SL,GBPUSD
2022-12-02,Londres,-1,1.22741,1.22833,0.0009200000000000319,1,2022-12-02 09:59:00,2.0,TP,GBPUSD
2022-12-05,Asia,-1,1.22919,1.23042,0.0012300000000000644,2,2022-12-05 00:59:00,-1.0,SL,GBPUSD
2022-12-06,Asia,-1,1.22015,1.22196,0.0018099999999998673,9,2022-12-06 02:59:00,-1.0,SL,GBPUSD
2022-12-07,Asia,1,1.21321,1.21254,0.0006699999999999484,1,2022-12-06 23:59:00,-1.0,SL,GBPUSD
2022-12-08,Asia,-1,1.2196,1.22142,0.0018199999999999328,2,2022-12-08 00:59:00,2.0,TP,GBPUSD
2022-12-09,Asia,-1,1.22334,1.22367,0.00032999999999994145,4,2022-12-08 23:59:00,2.0,TP,GBPUSD
2022-12-12,Asia,-1,1.22349,1.2261,0.002610000000000001,5,2022-12-11 23:59:00,-1.0,SL,GBPUSD
2022-12-13,Asia,-1,1.22753,1.22793,0.00039999999999995595,7,2022-12-13 01:59:00,-1.0,SL,GBPUSD
2022-12-14,Londres,-1,1.23704,1.2382,0.0011600000000000499,1,2022-12-14 08:59:00,-1.0,SL,GBPUSD
2022-12-15,Asia,-1,1.23994,1.2425,0.0025599999999998957,2,2022-12-15 01:59:00,2.0,TP,GBPUSD
2022-12-16,Londres,1,1.2176,1.21708,0.000520000000000076,1,2022-12-16 07:59:00,2.0,TP,GBPUSD
2022-12-19,Asia,-1,1.2159,1.217,0.001100000000000101,1,2022-12-18 23:59:00,-1.0,SL,GBPUSD
2022-12-20,Asia,1,1.21536,1.21431,0.0010499999999999954,4,2022-12-19 23:59:00,-1.0,SL,GBPUSD
2022-12-21,Asia,-1,1.21875,1.21931,0.0005599999999998939,1,2022-12-20 23:59:00,2.0,TP,GBPUSD
2022-12-22,Asia,1,1.21027,1.20742,0.002850000000000019,2,2022-12-22 00:59:00,-1.0,SL,GBPUSD
2022-12-23,Asia,1,1.20444,1.2017,0.0027399999999999647,2,2022-12-23 01:59:00,0.5839416058394403,tiempo,GBPUSD
2022-12-26,Asia,-1,1.20604,1.20637,0.00032999999999994145,5,2022-12-25 23:55:00,2.0,TP,GBPUSD
2022-12-27,Asia,-1,1.20819,1.20926,0.0010699999999999044,5,2022-12-26 23:59:00,-1.0,SL,GBPUSD
2022-12-28,Asia,1,1.20256,1.20229,0.00026999999999999247,2,2022-12-27 23:59:00,-1.0,SL,GBPUSD
2022-12-29,Asia,1,1.20277,1.20126,0.0015099999999999003,2,2022-12-28 23:59:00,2.0,TP,GBPUSD
2022-12-30,Asia,1,1.20547,1.20469,0.0007800000000000029,10,2022-12-29 23:59:00,-1.0,SL,GBPUSD
2023-01-02,Asia,-1,1.20926,1.20969,0.00042999999999993044,8,2023-01-01 23:59:00,2.0,TP,GBPUSD
2023-01-03,Asia,1,1.20625,1.20435,0.0019000000000000128,3,2023-01-02 23:59:00,-1.0,SL,GBPUSD
2023-01-04,Londres,1,1.20261,1.19826,0.004349999999999854,8,2023-01-04 07:59:00,-1.0,SL,GBPUSD
2023-01-05,Asia,-1,1.20556,1.2061,0.0005399999999999849,4,2023-01-04 23:59:00,-1.0,SL,GBPUSD
2023-01-06,Asia,1,1.19034,1.1897,0.0006399999999999739,8,2023-01-06 05:59:00,2.0,TP,GBPUSD
2023-01-09,Londres,-1,1.21392,1.21676,0.0028399999999999537,1,2023-01-09 07:59:00,-1.0,SL,GBPUSD
2023-01-10,Asia,-1,1.21738,1.21988,0.0025000000000001688,2,2023-01-10 00:59:00,2.0,TP,GBPUSD
2023-01-11,Asia,1,1.21585,1.2150400000000001,0.0008099999999999774,3,2023-01-11 00:59:00,-1.0,SL,GBPUSD
2023-01-12,Asia,1,1.21578,1.21413,0.0016500000000001513,6,2023-01-11 23:59:00,-1.0,SL,GBPUSD
2023-01-13,Asia,-1,1.22076,1.22332,0.0025599999999998957,10,2023-01-13 00:59:00,-1.0,SL,GBPUSD
2023-01-16,Asia,-1,1.22222,1.22342,0.0011999999999998678,1,2023-01-15 23:59:00,-1.0,SL,GBPUSD
2023-01-17,Asia,-1,1.21966,1.22133,0.0016700000000000603,1,2023-01-17 00:59:00,-1.0,SL,GBPUSD
2023-01-18,Asia,-1,1.22713,1.22837,0.0012399999999999078,2,2023-01-18 00:59:00,-1.0,SL,GBPUSD
2023-01-19,Asia,1,1.2336,1.23171,0.0018899999999999473,1,2023-01-19 01:59:00,-1.0,SL,GBPUSD
2023-01-20,Asia,-1,1.23916,1.23987,0.0007099999999999884,1,2023-01-19 23:59:00,2.0,TP,GBPUSD
2023-01-23,Asia,-1,1.24323,1.24486,0.0016300000000000203,8,2023-01-23 03:59:00,2.0,TP,GBPUSD
2023-01-24,Asia,-1,1.23779,1.23861,0.0008200000000000429,6,2023-01-23 23:59:00,-1.0,SL,GBPUSD
2023-01-25,Asia,1,1.23247,1.23099,0.0014799999999999258,4,2023-01-25 00:59:00,-1.0,SL,GBPUSD
2023-01-26,Asia,-1,1.24097,1.24189,0.0009200000000000319,5,2023-01-25 23:59:00,2.0,TP,GBPUSD
2023-01-27,Asia,-1,1.24134,1.24194,0.0005999999999999339,3,2023-01-26 23:59:00,2.0,TP,GBPUSD
2023-01-30,Asia,-1,1.23992,1.24047,0.0005500000000000504,2,2023-01-30 00:59:00,2.0,TP,GBPUSD
2023-01-31,Asia,1,1.23613,1.23478,0.0013499999999999623,6,2023-01-31 00:59:00,-1.0,SL,GBPUSD
2023-02-01,Londres,-1,1.23266,1.2335099999999999,0.0008499999999997954,1,2023-02-01 11:59:00,-1.0,SL,GBPUSD
2023-02-02,Asia,-1,1.23866,1.2402,0.0015399999999998748,1,2023-02-01 23:59:00,2.0,TP,GBPUSD
2023-02-03,Londres,1,1.22456,1.21866,0.005900000000000016,1,2023-02-03 09:59:00,-1.0,SL,GBPUSD
2023-02-06,Asia,-1,1.20427,1.20575,0.0014800000000001479,1,2023-02-05 23:59:00,-1.0,SL,GBPUSD
2023-02-07,Asia,1,1.20254,1.20139,0.0011499999999999844,2,2023-02-06 23:59:00,2.0,TP,GBPUSD
2023-02-08,Asia,1,1.20534,1.20437,0.0009700000000001374,8,2023-02-07 23:59:00,-1.0,SL,GBPUSD
2023-02-09,Asia,-1,1.20633,1.20744,0.0011100000000001664,9,2023-02-09 00:59:00,-1.0,SL,GBPUSD
2023-02-10,Asia,1,1.21156,1.21054,0.0010200000000000209,1,2023-02-10 00:59:00,-1.0,SL,GBPUSD
2023-02-13,Asia,1,1.20506,1.20448,0.0005800000000000249,1,2023-02-12 23:59:00,-1.0,SL,GBPUSD
2023-02-14,Asia,-1,1.21498,1.21529,0.00031000000000003247,1,2023-02-13 23:59:00,2.0,TP,GBPUSD
2023-02-15,Asia,-1,1.215,1.21678,0.0017799999999998928,3,2023-02-15 02:59:00,2.0,TP,GBPUSD
2023-02-16,Asia,1,1.20364,1.20279,0.0008500000000000174,2,2023-02-15 23:59:00,-1.0,SL,GBPUSD
2023-02-17,Londres,1,1.19376,1.19302,0.0007399999999999629,1,2023-02-17 07:59:00,-1.0,SL,GBPUSD
2023-02-20,Asia,1,1.203,1.20169,0.0013100000000001444,1,2023-02-20 02:59:00,2.0,TP,GBPUSD
2023-02-21,Asia,-1,1.20378,1.20444,0.0006599999999998829,1,2023-02-20 23:59:00,2.0,TP,GBPUSD
2023-02-22,Asia,-1,1.21075,1.21206,0.0013099999999999223,2,2023-02-22 04:59:00,-1.0,SL,GBPUSD
2023-02-23,Asia,1,1.20622,1.20537,0.0008500000000000174,4,2023-02-23 02:59:00,-1.0,SL,GBPUSD
2023-02-24,Asia,1,1.20253,1.20096,0.0015700000000000713,2,2023-02-24 00:59:00,-1.0,SL,GBPUSD
2023-02-27,Asia,1,1.19312,1.1921,0.0010200000000000209,1,2023-02-27 06:59:00,2.0,TP,GBPUSD
2023-02-28,Asia,-1,1.20616,1.20682,0.000660000000000105,1,2023-02-27 23:59:00,2.0,TP,GBPUSD
2023-03-01,Asia,-1,1.20326,1.20403,0.0007699999999999374,9,2023-02-28 23:59:00,2.0,TP,GBPUSD
2023-03-02,Asia,1,1.20259,1.20225,0.00034000000000000696,2,2023-03-01 23:59:00,2.0,TP,GBPUSD
2023-03-03,Asia,1,1.19685,1.19465,0.0021999999999999797,4,2023-03-03 00:59:00,2.0,TP,GBPUSD
2023-03-06,Asia,-1,1.20269,1.20381,0.0011200000000000099,6,2023-03-05 23:59:00,-1.0,SL,GBPUSD
2023-03-07,Asia,1,1.20244,1.20196,0.00048000000000003595,3,2023-03-06 23:59:00,-1.0,SL,GBPUSD
2023-03-08,Asia,1,1.18323,1.18214,0.0010900000000000354,1,2023-03-08 00:59:00,-1.0,SL,GBPUSD
2023-03-09,Asia,-1,1.18441,1.1855499999999999,0.0011399999999999189,2,2023-03-09 00:59:00,-1.0,SL,GBPUSD
2023-03-10,Londres,1,1.19876,1.19348,0.005279999999999951,9,2023-03-10 09:59:00,2.0,TP,GBPUSD
2023-03-13,Asia,-1,1.20732,1.20959,0.0022699999999999942,2,2023-03-12 23:59:00,-1.0,SL,GBPUSD
2023-03-14,Londres,1,1.21657,1.21395,0.0026199999999998447,1,2023-03-14 07:59:00,-1.0,SL,GBPUSD
2023-03-15,Asia,-1,1.21731,1.21818,0.0008700000000001484,1,2023-03-15 01:59:00,2.0,TP,GBPUSD
2023-03-16,Asia,1,1.20749,1.2059900000000001,0.0014999999999998348,10,2023-03-15 23:59:00,2.0,TP,GBPUSD
2023-03-17,Asia,-1,1.21252,1.21327,0.0007500000000000284,1,2023-03-17 00:59:00,-1.0,SL,GBPUSD
2023-03-20,Asia,-1,1.21922,1.22007,0.0008500000000000174,2,2023-03-19 23:59:00,2.0,TP,GBPUSD
2023-03-21,Asia,-1,1.22737,1.2283,0.0009299999999998754,1,2023-03-20 23:59:00,2.0,TP,GBPUSD
2023-03-22,Asia,1,1.2224,1.22167,0.0007299999999998974,2,2023-03-22 01:59:00,2.0,TP,GBPUSD
2023-03-23,Asia,-1,1.23234,1.23372,0.0013799999999999368,1,2023-03-23 05:59:00,-1.0,SL,GBPUSD
2023-03-24,Asia,1,1.22815,1.22659,0.0015600000000000058,3,2023-03-23 23:59:00,-1.0,SL,GBPUSD
2023-03-27,Asia,1,1.22439,1.22255,0.0018400000000000638,9,2023-03-26 22:59:00,-1.0,SL,GBPUSD
2023-03-28,Asia,-1,1.22852,1.22903,0.0005100000000000104,7,2023-03-27 22:59:00,-1.0,SL,GBPUSD
2023-03-29,Asia,-1,1.23298,1.2336,0.0006200000000000649,2,2023-03-28 23:59:00,-1.0,SL,GBPUSD
2023-03-30,Asia,1,1.23047,1.23001,0.00045999999999990493,1,2023-03-30 00:59:00,-1.0,SL,GBPUSD
2023-03-31,Asia,-1,1.23809,1.23967,0.0015800000000001369,1,2023-03-31 05:59:00,-1.0,SL,GBPUSD
2023-04-03,Asia,1,1.23064,1.22804,0.0025999999999999357,7,2023-04-03 00:59:00,-1.0,SL,GBPUSD
2023-04-04,Asia,-1,1.24196,1.2426,0.0006399999999999739,7,2023-04-03 23:59:00,2.0,TP,GBPUSD
2023-04-05,Londres,-1,1.24862,1.25151,0.002889999999999837,1,2023-04-05 07:59:00,2.0,TP,GBPUSD
2023-04-06,Asia,1,1.24644,1.2456800000000001,0.0007599999999998719,2,2023-04-05 22:59:00,-1.0,SL,GBPUSD
2023-04-07,Asia,1,1.24375,1.24321,0.0005399999999999849,3,2023-04-06 23:59:00,-1.0,SL,GBPUSD
2023-04-10,Asia,1,1.24165,1.2414,0.00024999999999986144,2,2023-04-10 00:59:00,-1.0,SL,GBPUSD
2023-04-11,Asia,1,1.23979,1.23896,0.0008299999999998864,2,2023-04-11 00:59:00,-1.0,SL,GBPUSD
2023-04-12,Asia,1,1.24361,1.24265,0.0009600000000000719,7,2023-04-12 01:59:00,-1.0,SL,GBPUSD
2023-04-13,Asia,-1,1.24917,1.24971,0.000540000000000207,1,2023-04-13 01:59:00,2.0,TP,GBPUSD
2023-04-14,Londres,-1,1.25342,1.25426,0.0008399999999999519,2,2023-04-14 06:59:00,2.0,TP,GBPUSD
2023-04-17,Asia,1,1.24069,1.24038,0.00031000000000003247,8,2023-04-16 22:59:00,-1.0,SL,GBPUSD
2023-04-18,Asia,1,1.23809,1.23662,0.0014699999999998603,2,2023-04-18 01:59:00,2.0,TP,GBPUSD
2023-04-19,Asia,-1,1.24243,1.24298,0.0005500000000000504,5,2023-04-18 23:59:00,-1.0,SL,GBPUSD
2023-04-20,Asia,-1,1.24296,1.24403,0.0010699999999999044,3,2023-04-19 22:59:00,-1.0,SL,GBPUSD
2023-04-21,Asia,-1,1.24362,1.24417,0.0005500000000000504,3,2023-04-21 03:59:00,2.0,TP,GBPUSD
2023-04-24,Asia,-1,1.2442,1.24509,0.0008900000000000574,1,2023-04-24 01:59:00,2.0,TP,GBPUSD
2023-04-25,Asia,-1,1.24844,1.2492,0.0007600000000000939,1,2023-04-25 03:59:00,2.0,TP,GBPUSD
2023-04-26,Asia,1,1.24146,1.24067,0.0007900000000000684,5,2023-04-25 22:59:00,-1.0,SL,GBPUSD
2023-04-27,Asia,1,1.24747,1.24677,0.000700000000000145,6,2023-04-27 02:59:00,-1.0,SL,GBPUSD
2023-04-28,Asia,-1,1.24961,1.25007,0.00045999999999990493,1,2023-04-28 00:59:00,-1.0,SL,GBPUSD
2023-05-01,Asia,1,1.25584,1.25493,0.0009099999999999664,1,2023-05-01 00:59:00,-1.0,SL,GBPUSD
2023-05-02,Asia,-1,1.24843,1.2493,0.0008700000000001484,9,2023-05-01 23:59:00,-1.0,SL,GBPUSD
2023-05-03,Asia,1,1.24711,1.24659,0.0005199999999998539,10,2023-05-02 22:59:00,2.0,TP,GBPUSD
2023-05-04,Asia,-1,1.25649,1.25781,0.0013199999999999878,1,2023-05-03 22:59:00,-1.0,SL,GBPUSD
2023-05-05,Asia,-1,1.2591,1.25979,0.0006899999999998574,2,2023-05-05 01:59:00,-1.0,SL,GBPUSD
2023-05-08,Asia,-1,1.26279,1.26361,0.0008199999999998209,2,2023-05-07 22:59:00,-1.0,SL,GBPUSD
2023-05-09,Asia,-1,1.26119,1.26185,0.0006599999999998829,6,2023-05-08 23:59:00,-1.0,SL,GBPUSD
2023-05-10,Asia,-1,1.2628,1.26322,0.00042000000000008697,1,2023-05-10 00:59:00,-1.0,SL,GBPUSD
2023-05-11,Asia,-1,1.26252,1.26303,0.0005100000000000104,4,2023-05-10 23:59:00,-1.0,SL,GBPUSD
2023-05-12,Londres,1,1.25264,1.25047,0.0021700000000000053,1,2023-05-12 06:59:00,-1.0,SL,GBPUSD
2023-05-15,Asia,1,1.24477,1.24422,0.0005499999999998284,1,2023-05-14 22:59:00,2.0,TP,GBPUSD
2023-05-16,Asia,-1,1.25247,1.25311,0.0006399999999999739,6,2023-05-16 01:59:00,-1.0,SL,GBPUSD
2023-05-17,Asia,1,1.24638,1.24618,0.00019999999999997797,5,2023-05-17 05:59:00,-1.0,SL,GBPUSD
2023-05-18,Asia,-1,1.24677,1.24768,0.0009099999999999664,2,2023-05-18 05:59:00,2.0,TP,GBPUSD
2023-05-19,Asia,1,1.23966,1.23928,0.00038000000000004697,1,2023-05-19 01:59:00,-1.0,SL,GBPUSD
2023-05-22,Asia,1,1.24664,1.24541,0.0012300000000000644,6,2023-05-22 00:59:00,-1.0,SL,GBPUSD
2023-05-23,Asia,-1,1.24361,1.24385,0.00023999999999979593,7,2023-05-22 22:59:00,-1.0,SL,GBPUSD
2023-05-24,Asia,1,1.24161,1.24136,0.0002500000000000835,4,2023-05-23 23:59:00,2.0,TP,GBPUSD
2023-05-25,Asia,1,1.23674,1.23571,0.0010299999999998644,2,2023-05-24 22:59:00,-1.0,SL,GBPUSD
2023-05-26,Asia,1,1.23354,1.2329,0.0006399999999999739,2,2023-05-26 04:59:00,2.0,TP,GBPUSD
2023-05-29,Londres,-1,1.2367,1.23724,0.0005399999999999849,7,2023-05-29 06:59:00,2.0,TP,GBPUSD
2023-05-30,Asia,-1,1.23604,1.2364,0.00035999999999991594,1,2023-05-30 00:59:00,-1.0,SL,GBPUSD
2023-05-31,Asia,-1,1.23928,1.24005,0.0007700000000001594,8,2023-05-31 02:59:00,2.0,TP,GBPUSD
2023-06-01,Asia,-1,1.24447,1.24502,0.0005500000000000504,4,2023-05-31 23:59:00,2.0,TP,GBPUSD
2023-06-02,Asia,-1,1.25377,1.25453,0.0007599999999998719,1,2023-06-02 03:59:00,2.0,TP,GBPUSD
2023-06-05,Asia,-1,1.24356,1.24494,0.0013799999999999368,7,2023-06-04 22:59:00,2.0,TP,GBPUSD
2023-06-06,Asia,-1,1.24375,1.24419,0.00043999999999999595,1,2023-06-06 01:59:00,-1.0,SL,GBPUSD
2023-06-07,Asia,1,1.24288,1.24213,0.0007500000000000284,3,2023-06-06 23:59:00,-1.0,SL,GBPUSD
2023-06-08,Asia,-1,1.24371,1.24417,0.00045999999999990493,3,2023-06-07 22:59:00,-1.0,SL,GBPUSD
2023-06-09,Asia,-1,1.25545,1.25627,0.0008200000000000429,1,2023-06-09 00:59:00,-1.0,SL,GBPUSD
2023-06-12,Asia,-1,1.2568,1.25772,0.0009200000000000319,3,2023-06-12 01:59:00,-1.0,SL,GBPUSD
2023-06-13,Londres,1,1.25623,1.25276,0.003469999999999862,5,2023-06-13 06:59:00,2.0,TP,GBPUSD
2023-06-15,Asia,-1,1.26349,1.26604,0.0025500000000000522,2,2023-06-15 01:59:00,-1.0,SL,GBPUSD
2023-06-16,Asia,-1,1.27814,1.27939,0.0012499999999999734,1,2023-06-16 00:59:00,-1.0,SL,GBPUSD
2023-06-19,Asia,-1,1.28176,1.2826,0.0008399999999999519,2,2023-06-19 01:59:00,-1.0,SL,GBPUSD
2023-06-20,Asia,-1,1.27926,1.28009,0.0008299999999998864,6,2023-06-19 23:59:00,-1.0,SL,GBPUSD
2023-06-21,Asia,-1,1.27559,1.27682,0.0012300000000000644,1,2023-06-21 02:59:00,-1.0,SL,GBPUSD
2023-06-22,Asia,1,1.27701,1.27678,0.00022999999999995246,6,2023-06-21 23:59:00,-1.0,SL,GBPUSD
2023-06-23,Asia,1,1.27153,1.27099,0.0005399999999999849,7,2023-06-23 02:59:00,-1.0,SL,GBPUSD
2023-06-26,Asia,1,1.27332,1.27239,0.0009300000000000974,5,2023-06-26 00:59:00,-1.0,SL,GBPUSD
2023-06-27,Asia,1,1.27135,1.27068,0.0006699999999999484,3,2023-06-26 22:59:00,-1.0,SL,GBPUSD
2023-06-28,Asia,-1,1.27467,1.27525,0.0005800000000000249,5,2023-06-27 22:59:00,2.0,TP,GBPUSD
2023-06-29,Londres,-1,1.26454,1.26501,0.00046999999999997044,1,2023-06-29 07:59:00,-1.0,SL,GBPUSD
2023-06-30,Asia,1,1.26167,1.26098,0.0006900000000000794,2,2023-06-30 00:59:00,2.0,TP,GBPUSD
2023-07-03,Londres,1,1.26874,1.26706,0.0016799999999999038,1,2023-07-03 06:59:00,-1.0,SL,GBPUSD
2023-07-04,Asia,-1,1.26943,1.27021,0.0007800000000000029,2,2023-07-04 01:59:00,-1.0,SL,GBPUSD
2023-07-05,Asia,-1,1.27132,1.27219,0.0008699999999999264,2,2023-07-05 00:59:00,-1.0,SL,GBPUSD
2023-07-06,Asia,-1,1.27009,1.27068,0.0005900000000000905,6,2023-07-05 22:59:00,-1.0,SL,GBPUSD
2023-07-07,Asia,-1,1.27314,1.27449,0.0013499999999999623,4,2023-07-07 00:59:00,-1.0,SL,GBPUSD
2023-07-10,Londres,1,1.2809,1.2797,0.0011999999999998678,1,2023-07-10 06:59:00,-1.0,SL,GBPUSD
2023-07-11,Londres,-1,1.28734,1.28979,0.0024500000000000632,1,2023-07-11 07:59:00,-1.0,SL,GBPUSD
2023-07-12,Londres,-1,1.2932,1.2946199999999999,0.0014199999999999768,2,2023-07-12 08:59:00,-1.0,SL,GBPUSD
2023-07-13,Asia,-1,1.29887,1.30096,0.0020899999999999253,1,2023-07-13 05:59:00,-1.0,SL,GBPUSD
2023-07-14,Asia,-1,1.31379,1.31428,0.0004899999999998794,1,2023-07-14 03:59:00,2.0,TP,GBPUSD
2023-07-17,Asia,1,1.30926,1.30826,0.001000000000000112,1,2023-07-17 00:59:00,-1.0,SL,GBPUSD
2023-07-18,Asia,-1,1.30778,1.30831,0.0005300000000001415,8,2023-07-18 00:59:00,-1.0,SL,GBPUSD
2023-07-19,NY,1,1.29248,1.29045,0.0020299999999999763,1,2023-07-19 17:59:00,-1.0,SL,GBPUSD
2023-07-20,Asia,-1,1.29376,1.29458,0.0008200000000000429,1,2023-07-20 05:59:00,2.0,TP,GBPUSD
2023-07-21,Asia,-1,1.28762,1.28784,0.000220000000000109,1,2023-07-21 00:59:00,2.0,TP,GBPUSD
2023-07-24,Asia,-1,1.2864,1.28675,0.0003500000000000725,1,2023-07-24 00:59:00,2.0,TP,GBPUSD
2023-07-25,Asia,1,1.28378,1.2814,0.0023799999999998267,4,2023-07-25 01:59:00,-1.0,SL,GBPUSD
2023-07-26,Asia,-1,1.2884,1.28972,0.0013199999999999878,9,2023-07-26 00:59:00,-1.0,SL,GBPUSD
2023-07-27,Asia,-1,1.29576,1.29602,0.00025999999999992696,1,2023-07-27 01:59:00,-1.0,SL,GBPUSD
2023-07-28,Asia,1,1.27994,1.27868,0.0012600000000000389,10,2023-07-28 02:59:00,-1.0,SL,GBPUSD
2023-07-31,Asia,-1,1.28527,1.28569,0.00042000000000008697,1,2023-07-30 22:59:00,-1.0,SL,GBPUSD
2023-08-01,Asia,1,1.28286,1.28263,0.00022999999999995246,1,2023-08-01 00:59:00,-1.0,SL,GBPUSD
2023-08-02,Asia,-1,1.27941,1.28004,0.0006300000000001305,1,2023-08-01 23:59:00,2.0,TP,GBPUSD
2023-08-03,NY,-1,1.26939,1.27149,0.0020999999999999908,1,2023-08-03 14:59:00,-1.0,SL,GBPUSD
2023-08-04,Asia,-1,1.27274,1.27366,0.0009200000000000319,3,2023-08-04 04:59:00,2.0,TP,GBPUSD
2023-08-07,Asia,1,1.27471,1.27362,0.0010900000000000354,1,2023-08-07 01:59:00,-1.0,SL,GBPUSD
2023-08-08,Asia,-1,1.27536,1.27743,0.0020700000000000163,3,2023-08-08 01:59:00,2.0,TP,GBPUSD
2023-08-09,Asia,-1,1.27387,1.27497,0.0010999999999998789,5,2023-08-08 22:59:00,-1.0,SL,GBPUSD
2023-08-10,Asia,1,1.27129,1.27092,0.00036999999999998145,1,2023-08-10 00:59:00,-1.0,SL,GBPUSD
2023-08-11,Asia,1,1.26697,1.26679,0.00017999999999984695,1,2023-08-10 23:59:00,-1.0,SL,GBPUSD
2023-08-14,Asia,-1,1.2688,1.27021,0.0014100000000001334,4,2023-08-13 22:59:00,-1.0,SL,GBPUSD
2023-08-15,Asia,1,1.2685,1.26804,0.00045999999999990493,5,2023-08-14 22:59:00,-1.0,SL,GBPUSD
2023-08-16,Asia,-1,1.26993,1.2704199999999999,0.0004899999999998794,6,2023-08-15 22:59:00,2.0,TP,GBPUSD
2023-08-17,Asia,-1,1.27293,1.27335,0.00042000000000008697,5,2023-08-16 22:59:00,2.0,TP,GBPUSD
2023-08-18,Asia,-1,1.27514,1.27594,0.0008000000000001339,7,2023-08-18 00:59:00,-1.0,SL,GBPUSD
2023-08-21,Asia,-1,1.27356,1.27399,0.00042999999999993044,1,2023-08-20 22:59:00,-1.0,SL,GBPUSD
2023-08-22,Asia,-1,1.27593,1.27664,0.0007099999999999884,2,2023-08-21 23:59:00,-1.0,SL,GBPUSD
2023-08-23,Asia,1,1.27295,1.2727600000000001,0.00018999999999991246,6,2023-08-22 22:59:00,2.0,TP,GBPUSD
2023-08-24,Asia,1,1.27197,1.27157,0.00039999999999995595,4,2023-08-23 22:59:00,-1.0,SL,GBPUSD
2023-08-25,Asia,1,1.25921,1.25845,0.0007599999999998719,1,2023-08-24 23:59:00,-1.0,SL,GBPUSD
2023-08-28,Asia,-1,1.25786,1.25864,0.0007800000000000029,1,2023-08-27 22:59:00,-1.0,SL,GBPUSD
2023-08-29,Londres,-1,1.2612,1.2633,0.0020999999999999908,1,2023-08-29 06:59:00,-1.0,SL,GBPUSD
2023-08-30,Asia,-1,1.26281,1.26431,0.0015000000000000568,2,2023-08-30 01:59:00,-1.0,SL,GBPUSD
2023-08-31,NY,1,1.26752,1.26595,0.0015700000000000713,1,2023-08-31 13:59:00,-1.0,SL,GBPUSD
2023-09-01,Asia,-1,1.26627,1.26739,0.0011200000000000099,5,2023-09-01 00:59:00,-1.0,SL,GBPUSD
2023-09-04,Asia,-1,1.25876,1.25938,0.0006199999999998429,1,2023-09-03 22:59:00,-1.0,SL,GBPUSD
2023-09-05,Asia,1,1.26172,1.26111,0.0006099999999999994,1,2023-09-05 02:59:00,-1.0,SL,GBPUSD
2023-09-06,Asia,1,1.25873,1.25703,0.0016999999999998128,6,2023-09-06 05:59:00,-1.0,SL,GBPUSD
2023-09-07,Londres,-1,1.24806,1.25089,0.00283000000000011,1,2023-09-07 06:59:00,-1.0,SL,GBPUSD
2023-09-08,Asia,1,1.24908,1.24725,0.0018299999999999983,3,2023-09-08 00:59:00,-1.0,SL,GBPUSD
2023-09-11,Asia,-1,1.24879,1.2493,0.0005100000000000104,5,2023-09-10 23:59:00,-1.0,SL,GBPUSD
2023-09-12,Asia,-1,1.25073,1.25131,0.0005800000000000249,6,2023-09-11 23:59:00,-1.0,SL,GBPUSD
2023-09-13,Asia,-1,1.24905,1.24952,0.00046999999999997044,7,2023-09-12 23:59:00,-1.0,SL,GBPUSD
2023-09-14,Asia,-1,1.25017,1.2504,0.00022999999999995246,3,2023-09-14 00:59:00,2.0,TP,GBPUSD
2023-09-15,Londres,-1,1.24269,1.24343,0.0007399999999999629,1,2023-09-15 06:59:00,-1.0,SL,GBPUSD
2023-09-18,Asia,1,1.23968,1.23871,0.0009699999999999154,5,2023-09-17 23:59:00,-1.0,SL,GBPUSD
2023-09-19,Asia,-1,1.23831,1.23879,0.00048000000000003595,4,2023-09-18 22:59:00,-1.0,SL,GBPUSD
2023-09-20,Asia,-1,1.23896,1.23957,0.0006099999999999994,3,2023-09-20 00:59:00,2.0,TP,GBPUSD
2023-09-21,Londres,1,1.23129,1.22937,0.0019199999999999218,1,2023-09-21 07:59:00,-1.0,SL,GBPUSD
2023-09-22,Londres,1,1.22817,1.22676,0.0014099999999999113,1,2023-09-22 06:59:00,-1.0,SL,GBPUSD
2023-09-25,Asia,1,1.22484,1.2239200000000001,0.0009199999999998099,5,2023-09-25 00:59:00,-1.0,SL,GBPUSD
2023-09-26,Asia,1,1.22123,1.22101,0.000220000000000109,2,2023-09-25 23:59:00,-1.0,SL,GBPUSD
2023-09-27,Asia,1,1.21543,1.214,0.0014300000000000423,1,2023-09-27 01:59:00,-1.0,SL,GBPUSD
2023-09-28,Asia,1,1.21349,1.21292,0.0005699999999999594,2,2023-09-27 23:59:00,2.0,TP,GBPUSD
2023-09-29,Asia,-1,1.22151,1.2218499999999999,0.0003399999999997849,9,2023-09-29 01:59:00,-1.0,SL,GBPUSD
2023-10-02,Asia,-1,1.2183,1.22065,0.0023500000000000743,1,2023-10-01 22:59:00,-1.0,SL,GBPUSD
2023-10-03,Asia,1,1.20897,1.20828,0.0006900000000000794,1,2023-10-02 23:59:00,-1.0,SL,GBPUSD
2023-10-04,Asia,1,1.20621,1.2059,0.00031000000000003247,3,2023-10-04 03:59:00,2.0,TP,GBPUSD
2023-10-05,Asia,1,1.21496,1.21296,0.0020000000000000018,8,2023-10-05 00:59:00,-1.0,SL,GBPUSD
2023-10-06,Asia,-1,1.21713,1.21786,0.0007299999999998974,4,2023-10-06 05:59:00,-1.0,SL,GBPUSD
2023-10-09,Asia,-1,1.22191,1.2222,0.00028999999999990145,3,2023-10-08 23:59:00,-1.0,SL,GBPUSD
2023-10-10,Asia,-1,1.22438,1.22575,0.0013699999999998713,1,2023-10-10 01:59:00,2.0,TP,GBPUSD
2023-10-11,Asia,-1,1.22889,1.22953,0.0006399999999999739,1,2023-10-10 23:59:00,-1.0,SL,GBPUSD
2023-10-12,Londres,-1,1.23233,1.23325,0.0009200000000000319,1,2023-10-12 06:59:00,2.0,TP,GBPUSD
2023-10-13,Londres,1,1.22133,1.22056,0.0007699999999999374,9,2023-10-13 08:59:00,-1.0,SL,GBPUSD
2023-10-16,Asia,-1,1.21491,1.21578,0.0008700000000001484,1,2023-10-15 22:59:00,-1.0,SL,GBPUSD
2023-10-17,Asia,-1,1.22017,1.221,0.0008300000000001084,7,2023-10-17 01:59:00,2.0,TP,GBPUSD
2023-10-18,Asia,-1,1.21799,1.21845,0.000460000000000127,5,2023-10-17 22:59:00,2.0,TP,GBPUSD
2023-10-19,Asia,1,1.2141,1.21349,0.0006099999999999994,1,2023-10-19 00:59:00,-1.0,SL,GBPUSD
2023-10-20,Asia,1,1.21255,1.21166,0.0008900000000000574,1,2023-10-20 01:59:00,2.0,TP,GBPUSD
2023-10-23,Asia,-1,1.21608,1.2163599999999999,0.00027999999999983594,1,2023-10-22 22:59:00,-1.0,SL,GBPUSD
2023-10-24,Asia,-1,1.22524,1.22636,0.0011199999999997878,1,2023-10-24 01:59:00,-1.0,SL,GBPUSD
2023-10-25,Asia,-1,1.21657,1.21695,0.00038000000000004697,6,2023-10-25 00:59:00,-1.0,SL,GBPUSD
2023-10-26,Londres,1,1.20888,1.2073800000000001,0.0014999999999998348,1,2023-10-26 07:59:00,2.0,TP,GBPUSD
2023-10-27,Asia,-1,1.21358,1.21422,0.0006399999999999739,1,2023-10-27 05:59:00,2.0,TP,GBPUSD
2023-10-30,Asia,1,1.211,1.21046,0.0005399999999999849,1,2023-10-29 23:59:00,2.0,TP,GBPUSD
2023-10-31,Asia,-1,1.21594,1.21643,0.0004899999999998794,5,2023-10-30 23:59:00,2.0,TP,GBPUSD
2023-11-01,Asia,1,1.2139,1.21329,0.0006099999999999994,3,2023-10-31 23:59:00,-1.0,SL,GBPUSD
2023-11-02,Asia,-1,1.21776,1.2193,0.0015400000000000968,1,2023-11-02 03:59:00,-1.0,SL,GBPUSD
2023-11-03,Asia,-1,1.21996,1.22048,0.000520000000000076,8,2023-11-03 02:59:00,-1.0,SL,GBPUSD
2023-11-06,Asia,-1,1.23717,1.23779,0.0006199999999998429,1,2023-11-05 23:59:00,-1.0,SL,GBPUSD
2023-11-07,Asia,1,1.23386,1.23363,0.00022999999999995246,1,2023-11-07 00:59:00,-1.0,SL,GBPUSD
2023-11-08,Londres,1,1.22721,1.22633,0.0008799999999999919,1,2023-11-08 07:59:00,-1.0,SL,GBPUSD
2023-11-09,Asia,1,1.22787,1.22731,0.000560000000000116,5,2023-11-09 00:59:00,2.0,TP,GBPUSD
2023-11-10,Asia,1,1.22209,1.22104,0.0010499999999999954,1,2023-11-10 00:59:00,-1.0,SL,GBPUSD
2023-11-13,Asia,-1,1.22293,1.22325,0.00031999999999987594,2,2023-11-12 23:59:00,-1.0,SL,GBPUSD
2023-11-14,Asia,-1,1.22794,1.22814,0.00019999999999997797,1,2023-11-13 23:59:00,2.0,TP,GBPUSD
2023-11-16,Londres,1,1.23969,1.23751,0.0021799999999998487,1,2023-11-16 08:59:00,2.0,TP,GBPUSD
2023-11-17,Asia,-1,1.24129,1.24229,0.0009999999999998899,2,2023-11-17 01:59:00,2.0,TP,GBPUSD
2023-11-20,Asia,-1,1.24528,1.24629,0.0010099999999999554,1,2023-11-19 23:59:00,-1.0,SL,GBPUSD
2023-11-21,Asia,-1,1.25078,1.25118,0.00039999999999995595,2,2023-11-20 23:59:00,-1.0,SL,GBPUSD
2023-11-22,Asia,-1,1.25349,1.25503,0.0015400000000000968,3,2023-11-22 01:59:00,2.0,TP,GBPUSD
2023-11-23,Asia,1,1.25029,1.24937,0.0009199999999998099,6,2023-11-23 02:59:00,2.0,TP,GBPUSD
2023-11-24,Asia,-1,1.25411,1.25453,0.0004199999999998649,1,2023-11-24 00:59:00,2.0,TP,GBPUSD
2023-11-27,Asia,-1,1.26031,1.26108,0.0007699999999999374,1,2023-11-27 01:59:00,-1.0,SL,GBPUSD
2023-11-28,Asia,-1,1.26341,1.26425,0.0008400000000001739,1,2023-11-28 01:59:00,2.0,TP,GBPUSD
2023-11-29,Asia,-1,1.27073,1.27229,0.0015600000000000058,1,2023-11-29 03:59:00,2.0,TP,GBPUSD
2023-11-30,Asia,1,1.27024,1.2689,0.0013400000000001189,3,2023-11-30 00:59:00,-1.0,SL,GBPUSD
2023-12-01,Asia,1,1.2643,1.26288,0.0014199999999999768,2,2023-12-01 00:59:00,-1.0,SL,GBPUSD
2023-12-04,Asia,-1,1.27103,1.2725,0.0014699999999998603,2,2023-12-03 23:59:00,2.0,TP,GBPUSD
2023-12-05,Asia,1,1.26328,1.2628300000000001,0.0004499999999998394,9,2023-12-04 23:59:00,2.0,TP,GBPUSD
2023-12-06,Asia,1,1.26044,1.25986,0.0005800000000000249,4,2023-12-06 02:59:00,-1.0,SL,GBPUSD
2023-12-07,Asia,1,1.25536,1.25495,0.00041000000000002146,1,2023-12-07 02:59:00,-1.0,SL,GBPUSD
2023-12-08,Asia,-1,1.25866,1.25953,0.0008700000000001484,2,2023-12-07 23:59:00,-1.0,SL,GBPUSD
2023-12-11,Asia,1,1.25539,1.25415,0.0012399999999999078,5,2023-12-10 23:59:00,-1.0,SL,GBPUSD
2023-12-12,Asia,1,1.25528,1.25501,0.00026999999999999247,9,2023-12-11 23:59:00,2.0,TP,GBPUSD
2023-12-13,Asia,-1,1.25577,1.25714,0.0013699999999998713,6,2023-12-13 00:59:00,2.0,TP,GBPUSD
2023-12-14,Londres,1,1.26195,1.26108,0.0008699999999999264,1,2023-12-14 07:59:00,2.0,TP,GBPUSD
2023-12-15,Londres,-1,1.27476,1.27752,0.0027600000000000957,1,2023-12-15 08:59:00,-1.0,SL,GBPUSD
2023-12-18,Asia,1,1.26708,1.26657,0.0005100000000000104,2,2023-12-17 23:59:00,2.0,TP,GBPUSD
2023-12-19,Asia,1,1.26523,1.26438,0.0008500000000000174,2,2023-12-18 23:59:00,2.0,TP,GBPUSD
2023-12-20,Asia,1,1.27189,1.27144,0.00045000000000006146,1,2023-12-20 01:59:00,-1.0,SL,GBPUSD
2023-12-21,Asia,1,1.26452,1.26343,0.0010900000000000354,6,2023-12-21 00:59:00,-1.0,SL,GBPUSD
2023-12-22,Asia,-1,1.26806,1.26921,0.0011499999999999844,4,2023-12-22 01:59:00,-1.0,SL,GBPUSD
2023-12-25,Asia,1,1.26835,1.26769,0.000660000000000105,2,2023-12-25 00:59:00,-1.0,SL,GBPUSD
2023-12-26,Asia,1,1.27034,1.26877,0.0015700000000000713,4,2023-12-25 23:59:00,-1.0,SL,GBPUSD
2023-12-27,Londres,-1,1.27256,1.27359,0.0010300000000000864,1,2023-12-27 07:59:00,2.0,TP,GBPUSD
2023-12-28,Asia,-1,1.27996,1.28036,0.00039999999999995595,1,2023-12-27 23:59:00,-1.0,SL,GBPUSD
2023-12-29,Asia,-1,1.27364,1.27476,0.0011199999999997878,5,2023-12-29 01:59:00,-1.0,SL,GBPUSD
2024-01-01,NY,1,1.27259,1.27145,0.001140000000000141,9,2024-01-01 22:59:00,-1.0,SL,GBPUSD
2024-01-02,Asia,-1,1.27274,1.27357,0.0008300000000001084,1,2024-01-01 23:59:00,2.0,TP,GBPUSD
2024-01-03,Asia,1,1.26402,1.26275,0.0012699999999998823,2,2024-01-03 03:59:00,-1.0,SL,GBPUSD
2024-01-04,Londres,1,1.27011,1.26804,0.0020700000000000163,9,2024-01-04 08:59:00,-1.0,SL,GBPUSD
2024-01-05,Asia,-1,1.26785,1.2687,0.0008500000000000174,3,2024-01-05 04:59:00,-1.0,SL,GBPUSD
2024-01-08,Asia,-1,1.27169,1.27202,0.00032999999999994145,1,2024-01-07 23:59:00,-1.0,SL,GBPUSD
2024-01-09,Londres,1,1.27469,1.27327,0.0014200000000001989,1,2024-01-09 07:59:00,-1.0,SL,GBPUSD
2024-01-10,Asia,1,1.27102,1.27044,0.0005800000000000249,2,2024-01-09 23:59:00,-1.0,SL,GBPUSD
2024-01-11,Asia,-1,1.27494,1.27522,0.000280000000000058,5,2024-01-11 00:59:00,-1.0,SL,GBPUSD
2024-01-12,Asia,-1,1.27696,1.27809,0.0011299999999998533,2,2024-01-12 00:59:00,-1.0,SL,GBPUSD
2024-01-15,Asia,-1,1.2735,1.2749,0.0013999999999998458,8,2024-01-14 23:59:00,-1.0,SL,GBPUSD
2024-01-16,Asia,1,1.26949,1.26775,0.0017400000000000748,8,2024-01-16 01:59:00,-1.0,SL,GBPUSD
2024-01-17,Asia,1,1.26234,1.2616100000000001,0.0007299999999998974,1,2024-01-17 04:59:00,-1.0,SL,GBPUSD
2024-01-18,Asia,1,1.2677,1.26724,0.000460000000000127,6,2024-01-17 23:59:00,-1.0,SL,GBPUSD
2024-01-19,Asia,-1,1.27068,1.27107,0.00038999999999989043,1,2024-01-19 01:59:00,-1.0,SL,GBPUSD
2024-01-22,Asia,-1,1.26992,1.27093,0.0010099999999999554,1,2024-01-21 23:59:00,-1.0,SL,GBPUSD
2024-01-23,Asia,-1,1.27057,1.27113,0.000560000000000116,8,2024-01-22 23:59:00,-1.0,SL,GBPUSD
2024-01-24,Asia,1,1.26907,1.26804,0.0010299999999998644,5,2024-01-23 23:59:00,2.0,TP,GBPUSD
2024-01-25,Asia,-1,1.27173,1.27266,0.0009299999999998754,4,2024-01-24 23:59:00,-1.0,SL,GBPUSD
2024-01-26,Asia,1,1.27057,1.27021,0.00035999999999991594,3,2024-01-25 23:59:00,-1.0,SL,GBPUSD
2024-01-29,Asia,1,1.26962,1.26887,0.0007500000000000284,1,2024-01-28 23:59:00,2.0,TP,GBPUSD
2024-01-30,Asia,-1,1.27176,1.27217,0.00041000000000002146,2,2024-01-30 00:59:00,2.0,TP,GBPUSD
2024-01-31,Asia,1,1.26943,1.26919,0.00024000000000001798,10,2024-01-30 23:59:00,2.0,TP,GBPUSD
2024-02-01,Asia,-1,1.26918,1.26987,0.0006900000000000794,2,2024-02-01 02:59:00,2.0,TP,GBPUSD
2024-02-02,Asia,-1,1.27446,1.27555,0.0010900000000000354,4,2024-02-02 00:59:00,-1.0,SL,GBPUSD
2024-02-05,Asia,1,1.26211,1.26096,0.0011499999999999844,1,2024-02-04 23:59:00,-1.0,SL,GBPUSD
2024-02-06,Londres,-1,1.25547,1.25661,0.0011399999999999189,1,2024-02-06 07:59:00,-1.0,SL,GBPUSD
2024-02-07,Asia,1,1.26033,1.25948,0.0008500000000000174,6,2024-02-06 23:59:00,2.0,TP,GBPUSD
2024-02-08,Asia,-1,1.26261,1.26333,0.0007200000000000539,8,2024-02-07 23:59:00,-1.0,SL,GBPUSD
2024-02-09,Asia,1,1.26201,1.26138,0.0006300000000001305,4,2024-02-08 23:59:00,-1.0,SL,GBPUSD
2024-02-12,Asia,1,1.26365,1.26227,0.0013799999999999368,7,2024-02-11 23:59:00,-1.0,SL,GBPUSD
2024-02-13,Asia,-1,1.26262,1.26292,0.00029999999999996696,4,2024-02-12 23:59:00,2.0,TP,GBPUSD
2024-02-14,Asia,1,1.25993,1.25917,0.0007600000000000939,9,2024-02-14 03:59:00,-1.0,SL,GBPUSD
2024-02-15,Asia,-1,1.25621,1.25742,0.0012099999999999334,1,2024-02-15 01:59:00,-1.0,SL,GBPUSD
2024-02-16,Asia,-1,1.25977,1.26059,0.0008200000000000429,1,2024-02-15 23:59:00,2.0,TP,GBPUSD
2024-02-19,Asia,-1,1.26139,1.26278,0.0013900000000000023,2,2024-02-19 01:59:00,-1.0,SL,GBPUSD
2024-02-20,Asia,1,1.25838,1.25798,0.00039999999999995595,1,2024-02-20 01:59:00,-1.0,SL,GBPUSD
2024-02-21,Asia,-1,1.26227,1.26355,0.0012799999999999478,5,2024-02-21 06:59:00,-1.0,SL,GBPUSD
2024-02-22,Asia,-1,1.26394,1.2647,0.0007599999999998719,1,2024-02-22 01:59:00,-1.0,SL,GBPUSD
2024-02-23,Londres,-1,1.26694,1.26728,0.00034000000000000696,2,2024-02-23 07:59:00,-1.0,SL,GBPUSD
2024-02-26,Asia,1,1.267,1.26675,0.00024999999999986144,1,2024-02-25 23:59:00,-1.0,SL,GBPUSD
2024-02-27,Asia,-1,1.2678,1.26856,0.0007599999999998719,4,2024-02-27 00:59:00,-1.0,SL,GBPUSD
2024-02-28,Asia,1,1.26761,1.26711,0.0004999999999999449,3,2024-02-28 01:59:00,-1.0,SL,GBPUSD
2024-02-29,Asia,1,1.26611,1.26574,0.00036999999999998145,4,2024-02-28 23:59:00,-1.0,SL,GBPUSD
2024-03-01,Asia,1,1.26266,1.26198,0.0006799999999997919,5,2024-02-29 23:59:00,2.0,TP,GBPUSD
2024-03-04,Asia,1,1.26601,1.2652,0.0008099999999999774,7,2024-03-03 23:59:00,2.0,TP,GBPUSD
2024-03-05,Asia,-1,1.2683,1.2688,0.0004999999999999449,2,2024-03-05 05:59:00,2.0,TP,GBPUSD
2024-03-06,Asia,-1,1.27039,1.27088,0.0004900000000001015,4,2024-03-05 23:59:00,2.0,TP,GBPUSD
2024-03-07,Asia,-1,1.27301,1.27395,0.0009399999999999409,2,2024-03-07 01:59:00,-1.0,SL,GBPUSD
2024-03-08,Asia,-1,1.28089,1.2817,0.0008099999999999774,1,2024-03-08 01:59:00,-1.0,SL,GBPUSD
2024-03-11,Asia,-1,1.2855,1.28628,0.0007800000000000029,1,2024-03-11 00:59:00,2.0,TP,GBPUSD
2024-03-12,Asia,-1,1.28161,1.28226,0.0006500000000000394,7,2024-03-11 23:59:00,-1.0,SL,GBPUSD
2024-03-13,Asia,-1,1.2794,1.27987,0.00046999999999997044,1,2024-03-12 23:59:00,2.0,TP,GBPUSD
2024-03-14,Asia,-1,1.27925,1.28021,0.0009600000000000719,3,2024-03-14 01:59:00,-1.0,SL,GBPUSD
2024-03-15,Asia,1,1.27363,1.27286,0.0007699999999999374,1,2024-03-15 02:59:00,2.0,TP,GBPUSD
2024-03-18,Asia,1,1.27309,1.27256,0.0005300000000001415,4,2024-03-17 23:59:00,-1.0,SL,GBPUSD
2024-03-19,Asia,1,1.2718,1.27123,0.0005699999999999594,1,2024-03-19 00:59:00,-1.0,SL,GBPUSD
2024-03-20,Asia,1,1.272,1.2713,0.0006999999999999229,4,2024-03-20 01:59:00,-1.0,SL,GBPUSD
2024-03-21,Asia,-1,1.27951,1.28033,0.0008200000000000429,1,2024-03-21 00:59:00,2.0,TP,GBPUSD
2024-03-22,Asia,1,1.2673,1.26587,0.0014300000000000423,8,2024-03-21 23:59:00,-1.0,SL,GBPUSD
2024-03-25,Asia,1,1.26129,1.25934,0.0019500000000001183,4,2024-03-25 00:59:00,2.0,TP,GBPUSD
2024-03-26,Asia,1,1.2642,1.26329,0.0009099999999999664,1,2024-03-25 23:59:00,2.0,TP,GBPUSD
2024-03-27,Asia,-1,1.26213,1.26283,0.0006999999999999229,8,2024-03-26 23:59:00,-1.0,SL,GBPUSD
2024-03-28,Asia,1,1.26256,1.26098,0.0015799999999999148,1,2024-03-27 23:59:00,-1.0,SL,GBPUSD
2024-03-29,Asia,1,1.26253,1.26175,0.0007800000000000029,7,2024-03-28 23:59:00,-1.0,SL,GBPUSD
2024-04-01,Asia,-1,1.26249,1.26425,0.0017600000000002058,1,2024-03-31 22:59:00,2.0,TP,GBPUSD
2024-04-02,Londres,1,1.25488,1.25381,0.0010699999999999044,1,2024-04-02 06:59:00,2.0,TP,GBPUSD
2024-04-03,Asia,-1,1.25745,1.25816,0.0007099999999999884,1,2024-04-02 22:59:00,-1.0,SL,GBPUSD
2024-04-04,Asia,-1,1.26509,1.26569,0.0005999999999999339,1,2024-04-03 23:59:00,-1.0,SL,GBPUSD
2024-04-05,Asia,1,1.26467,1.26347,0.0011999999999998678,3,2024-04-05 00:59:00,-1.0,SL,GBPUSD
2024-04-08,Asia,-1,1.26214,1.26349,0.0013499999999999623,1,2024-04-07 22:59:00,-1.0,SL,GBPUSD
2024-04-09,Asia,-1,1.26552,1.26622,0.0006999999999999229,10,2024-04-09 02:59:00,-1.0,SL,GBPUSD
2024-04-10,NY,-1,1.26113,1.27088,0.009749999999999925,1,2024-04-10 12:59:00,1.6728205128205305,tiempo,GBPUSD
2024-04-11,Londres,-1,1.2535,1.25539,0.0018899999999999473,1,2024-04-11 09:59:00,-1.0,SL,GBPUSD
2024-04-12,Asia,-1,1.25447,1.25579,0.0013199999999999878,3,2024-04-12 03:59:00,2.0,TP,GBPUSD
2024-04-15,Asia,1,1.24662,1.24567,0.0009500000000000064,3,2024-04-15 05:59:00,2.0,TP,GBPUSD
2024-04-16,Asia,1,1.24335,1.2422,0.0011499999999999844,5,2024-04-16 01:59:00,-1.0,SL,GBPUSD
2024-04-17,Asia,1,1.24292,1.24217,0.0007500000000000284,8,2024-04-16 22:59:00,-1.0,SL,GBPUSD
2024-04-18,Asia,-1,1.24668,1.24706,0.00038000000000004697,1,2024-04-18 02:59:00,-1.0,SL,GBPUSD
2024-04-19,Asia,1,1.24345,1.24308,0.00036999999999998145,1,2024-04-18 23:59:00,-1.0,SL,GBPUSD
2024-04-22,Asia,-1,1.23715,1.23773,0.0005800000000000249,1,2024-04-21 22:59:00,-1.0,SL,GBPUSD
2024-04-23,Londres,1,1.23435,1.23305,0.0013000000000000789,1,2024-04-23 06:59:00,2.0,TP,GBPUSD
2024-04-24,Asia,-1,1.2456,1.24603,0.00042999999999993044,1,2024-04-24 03:59:00,2.0,TP,GBPUSD
2024-04-25,Asia,-1,1.24623,1.24671,0.00048000000000003595,3,2024-04-25 01:59:00,-1.0,SL,GBPUSD
2024-04-26,Londres,-1,1.25108,1.25165,0.0005699999999999594,1,2024-04-26 06:59:00,2.0,TP,GBPUSD
2024-04-29,Asia,1,1.24999,1.24907,0.0009200000000000319,3,2024-04-28 22:59:00,2.0,TP,GBPUSD
2024-04-30,Asia,-1,1.25457,1.255,0.00042999999999993044,3,2024-04-30 03:59:00,2.0,TP,GBPUSD
2024-05-01,Asia,1,1.24884,1.24866,0.00017999999999984695,1,2024-04-30 23:59:00,-1.0,SL,GBPUSD
2024-05-02,Asia,1,1.2533,1.25203,0.0012700000000001044,5,2024-05-01 22:59:00,-1.0,SL,GBPUSD
2024-05-03,Asia,-1,1.25383,1.25416,0.00032999999999994145,1,2024-05-02 22:59:00,-1.0,SL,GBPUSD
2024-05-06,Asia,-1,1.25479,1.2550999999999999,0.00030999999999981043,8,2024-05-05 22:59:00,-1.0,SL,GBPUSD
2024-05-07,Asia,1,1.2559,1.2556,0.00029999999999996696,1,2024-05-06 23:59:00,2.0,TP,GBPUSD
2024-05-08,Asia,1,1.25015,1.24973,0.00042000000000008697,1,2024-05-07 23:59:00,-1.0,SL,GBPUSD
2024-05-09,Asia,-1,1.24961,1.25024,0.0006299999999999084,2,2024-05-09 03:59:00,2.0,TP,GBPUSD
2024-05-10,Asia,-1,1.25246,1.25295,0.0004900000000001015,1,2024-05-09 23:59:00,2.0,TP,GBPUSD
2024-05-13,Asia,-1,1.25216,1.2528299999999999,0.0006699999999999484,1,2024-05-12 23:59:00,-1.0,SL,GBPUSD
2024-05-14,Asia,-1,1.25526,1.25581,0.0005500000000000504,2,2024-05-14 05:59:00,-1.0,SL,GBPUSD
2024-05-15,Londres,-1,1.25931,1.26009,0.0007800000000000029,1,2024-05-15 06:59:00,-1.0,SL,GBPUSD
2024-05-16,Asia,-1,1.26822,1.26893,0.0007099999999999884,1,2024-05-16 05:59:00,2.0,TP,GBPUSD
2024-05-17,Asia,1,1.26579,1.26529,0.0004999999999999449,2,2024-05-17 01:59:00,-1.0,SL,GBPUSD
2024-05-20,Londres,-1,1.27002,1.271,0.0009799999999999809,8,2024-05-20 06:59:00,-1.0,SL,GBPUSD
2024-05-21,Asia,-1,1.27095,1.27119,0.00024000000000001798,3,2024-05-20 23:59:00,2.0,TP,GBPUSD
2024-05-22,Asia,-1,1.27103,1.27119,0.00015999999999993797,6,2024-05-21 22:59:00,-1.0,SL,GBPUSD
2024-05-23,Asia,-1,1.27197,1.27249,0.0005199999999998539,3,2024-05-23 00:59:00,-1.0,SL,GBPUSD
2024-05-24,Asia,1,1.2694,1.26882,0.0005800000000000249,10,2024-05-24 00:59:00,-1.0,SL,GBPUSD
2024-05-27,Asia,-1,1.27406,1.27439,0.00032999999999994145,6,2024-05-26 22:59:00,2.0,TP,GBPUSD
2024-05-28,Asia,-1,1.27768,1.27812,0.00043999999999999595,1,2024-05-28 01:59:00,-1.0,SL,GBPUSD
2024-05-29,Asia,-1,1.27536,1.27591,0.0005500000000000504,5,2024-05-29 00:59:00,-1.0,SL,GBPUSD
2024-05-30,Londres,1,1.26853,1.26796,0.0005699999999999594,1,2024-05-30 06:59:00,2.0,TP,GBPUSD
2024-05-31,Asia,-1,1.27214,1.2733,0.0011600000000000499,2,2024-05-31 01:59:00,-1.0,SL,GBPUSD
2024-06-03,Asia,-1,1.27536,1.27566,0.00029999999999996696,8,2024-06-03 00:59:00,2.0,TP,GBPUSD
2024-06-04,Asia,-1,1.28057,1.28133,0.0007600000000000939,1,2024-06-04 01:59:00,2.0,TP,GBPUSD
2024-06-05,Londres,1,1.27703,1.27636,0.0006700000000001705,1,2024-06-05 06:59:00,2.0,TP,GBPUSD
2024-06-06,Asia,1,1.28019,1.2792000000000001,0.0009899999999998244,6,2024-06-06 00:59:00,-1.0,SL,GBPUSD
2024-06-07,Asia,1,1.27882,1.27844,0.00038000000000004697,3,2024-06-07 00:59:00,-1.0,SL,GBPUSD
2024-06-10,Asia,1,1.27159,1.2709,0.0006900000000000794,1,2024-06-10 04:59:00,-1.0,SL,GBPUSD
2024-06-11,Asia,-1,1.27298,1.27343,0.00045000000000006146,3,2024-06-10 22:59:00,-1.0,SL,GBPUSD
2024-06-12,Asia,-1,1.27381,1.27422,0.0004099999999997994,3,2024-06-11 22:59:00,-1.0,SL,GBPUSD
2024-06-13,Londres,1,1.2775,1.27699,0.0005100000000000104,1,2024-06-13 10:59:00,-1.0,SL,GBPUSD
2024-06-14,Asia,-1,1.27504,1.2758099999999999,0.0007699999999999374,7,2024-06-14 00:59:00,-1.0,SL,GBPUSD
2024-06-17,Asia,1,1.26864,1.26783,0.0008099999999999774,1,2024-06-16 22:59:00,-1.0,SL,GBPUSD
2024-06-18,Asia,-1,1.26988,1.27118,0.0013000000000000789,1,2024-06-18 01:59:00,2.0,TP,GBPUSD
2024-06-19,Asia,-1,1.27066,1.27108,0.00042000000000008697,4,2024-06-18 23:59:00,-1.0,SL,GBPUSD
2024-06-20,Asia,-1,1.27193,1.2724,0.00046999999999997044,4,2024-06-19 22:59:00,2.0,TP,GBPUSD
2024-06-21,Asia,1,1.26617,1.26568,0.0004900000000001015,10,2024-06-21 02:59:00,2.0,TP,GBPUSD
2024-06-24,Asia,-1,1.26431,1.26452,0.00021000000000004349,1,2024-06-23 22:59:00,2.0,TP,GBPUSD
2024-06-25,Asia,-1,1.26939,1.26974,0.0003500000000000725,8,2024-06-25 04:59:00,-1.0,SL,GBPUSD
2024-06-26,Asia,1,1.26848,1.2678,0.0006800000000000139,3,2024-06-26 00:59:00,-1.0,SL,GBPUSD
2024-06-27,Asia,1,1.26281,1.26131,0.0015000000000000568,1,2024-06-27 01:59:00,2.0,TP,GBPUSD
2024-06-28,Asia,-1,1.26384,1.26416,0.00031999999999987594,3,2024-06-27 22:59:00,-1.0,SL,GBPUSD
2024-07-01,Asia,-1,1.26524,1.26569,0.00045000000000006146,6,2024-07-01 00:59:00,-1.0,SL,GBPUSD
2024-07-02,Asia,-1,1.26459,1.26516,0.0005699999999999594,7,2024-07-01 22:59:00,2.0,TP,GBPUSD
2024-07-03,Asia,-1,1.26873,1.26918,0.00045000000000006146,1,2024-07-02 23:59:00,-1.0,SL,GBPUSD
2024-07-04,Londres,-1,1.27492,1.27577,0.0008500000000000174,1,2024-07-04 09:59:00,-1.0,SL,GBPUSD
2024-07-05,Asia,-1,1.27651,1.27692,0.00041000000000002146,1,2024-07-05 01:59:00,-1.0,SL,GBPUSD
2024-07-08,Asia,-1,1.28065,1.28164,0.0009899999999998244,1,2024-07-07 22:59:00,-1.0,SL,GBPUSD
2024-07-09,Asia,-1,1.2808,1.28173,0.0009300000000000974,4,2024-07-09 00:59:00,-1.0,SL,GBPUSD
2024-07-10,Asia,1,1.27873,1.27841,0.00031999999999987594,7,2024-07-09 22:58:00,-1.0,SL,GBPUSD
2024-07-11,Londres,-1,1.28588,1.28687,0.0009900000000000464,1,2024-07-11 06:59:00,-1.0,SL,GBPUSD
2024-07-12,NY,-1,1.29651,1.29696,0.0004499999999998394,1,2024-07-12 12:59:00,-1.0,SL,GBPUSD
2024-07-15,Asia,1,1.29677,1.29615,0.0006200000000000649,1,2024-07-14 22:59:00,2.0,TP,GBPUSD
2024-07-16,Asia,-1,1.29648,1.29708,0.0005999999999999339,6,2024-07-16 00:59:00,2.0,TP,GBPUSD
2024-07-17,Asia,-1,1.29691,1.29791,0.0009999999999998899,2,2024-07-17 00:59:00,-1.0,SL,GBPUSD
2024-07-18,Londres,-1,1.29916,1.30109,0.0019299999999999873,8,2024-07-18 06:59:00,2.0,TP,GBPUSD
2024-07-19,Asia,1,1.29439,1.29332,0.0010699999999999044,1,2024-07-19 02:59:00,-1.0,SL,GBPUSD
2024-07-22,Asia,-1,1.29284,1.29342,0.0005800000000000249,2,2024-07-22 00:59:00,2.0,TP,GBPUSD
2024-07-23,Asia,-1,1.29323,1.29356,0.00032999999999994145,1,2024-07-22 22:59:00,2.0,TP,GBPUSD
2024-07-24,Asia,1,1.29008,1.28985,0.00022999999999995246,1,2024-07-23 23:59:00,-1.0,SL,GBPUSD
2024-07-25,Asia,-1,1.29017,1.29089,0.0007200000000000539,3,2024-07-24 22:59:00,2.0,TP,GBPUSD
2024-07-26,Londres,-1,1.28631,1.28736,0.0010499999999999954,1,2024-07-26 07:59:00,-1.0,SL,GBPUSD
2024-07-29,Asia,1,1.28845,1.28615,0.0023000000000001908,6,2024-07-29 00:59:00,-1.0,SL,GBPUSD
2024-07-30,Asia,1,1.28657,1.28591,0.0006599999999998829,3,2024-07-29 22:59:00,-1.0,SL,GBPUSD
2024-07-31,Asia,1,1.28476,1.2838100000000001,0.0009499999999997844,2,2024-07-31 02:59:00,-1.0,SL,GBPUSD
2024-08-01,Asia,1,1.28561,1.28537,0.00024000000000001798,10,2024-07-31 22:59:00,-1.0,SL,GBPUSD
2024-08-02,Asia,1,1.27347,1.27216,0.0013100000000001444,1,2024-08-02 05:59:00,-1.0,SL,GBPUSD
2024-08-05,Asia,1,1.28,1.2793,0.0006999999999999229,1,2024-08-05 03:59:00,-1.0,SL,GBPUSD
2024-08-06,Asia,1,1.28024,1.27763,0.002610000000000001,4,2024-08-06 00:59:00,-1.0,SL,GBPUSD
2024-08-07,Asia,1,1.27137,1.27038,0.0009899999999998244,5,2024-08-07 03:59:00,-1.0,SL,GBPUSD
2024-08-08,Asia,1,1.26847,1.26813,0.00034000000000000696,1,2024-08-07 22:58:00,-1.0,SL,GBPUSD
2024-08-09,Asia,1,1.27452,1.2741500000000001,0.00036999999999998145,10,2024-08-08 23:59:00,-1.0,SL,GBPUSD
2024-08-12,Asia,-1,1.27512,1.27614,0.0010200000000000209,4,2024-08-11 22:59:00,-1.0,SL,GBPUSD
2024-08-13,Asia,-1,1.27662,1.27714,0.0005199999999998539,3,2024-08-13 00:59:00,-1.0,SL,GBPUSD
2024-08-14,NY,-1,1.28553,1.28647,0.0009399999999999409,1,2024-08-14 14:59:00,2.0,TP,GBPUSD
2024-08-15,Asia,1,1.28271,1.28184,0.0008699999999999264,1,2024-08-15 01:59:00,2.0,TP,GBPUSD
2024-08-16,Asia,1,1.28585,1.28521,0.0006399999999999739,6,2024-08-15 23:59:00,2.0,TP,GBPUSD
2024-08-19,Asia,-1,1.29411,1.29517,0.0010599999999998388,1,2024-08-18 22:59:00,-1.0,SL,GBPUSD
2024-08-20,Londres,-1,1.29945,1.30035,0.0008999999999999009,2,2024-08-20 06:59:00,-1.0,SL,GBPUSD
2024-08-21,Londres,-1,1.30151,1.3032,0.0016899999999999693,3,2024-08-21 07:59:00,-1.0,SL,GBPUSD
2024-08-22,Londres,1,1.3092,1.30798,0.0012199999999999989,1,2024-08-22 06:59:00,2.0,TP,GBPUSD
2024-08-23,Asia,-1,1.30962,1.30985,0.00022999999999995246,3,2024-08-22 23:59:00,2.0,TP,GBPUSD
2024-08-26,Asia,-1,1.32107,1.32229,0.0012199999999999989,1,2024-08-26 01:59:00,2.0,TP,GBPUSD
2024-08-27,Asia,1,1.31814,1.31786,0.000280000000000058,1,2024-08-27 00:59:00,2.0,TP,GBPUSD
2024-08-28,Asia,-1,1.32444,1.32551,0.0010699999999999044,2,2024-08-28 02:59:00,2.0,TP,GBPUSD
2024-08-29,Asia,1,1.32061,1.31915,0.0014600000000000168,4,2024-08-29 00:59:00,-1.0,SL,GBPUSD
2024-08-30,Asia,1,1.31674,1.31623,0.0005100000000000104,4,2024-08-30 00:59:00,-1.0,SL,GBPUSD
2024-09-02,Asia,-1,1.31304,1.31339,0.0003500000000000725,1,2024-09-01 22:59:00,-1.0,SL,GBPUSD
2024-09-03,Asia,-1,1.31393,1.31498,0.0010499999999999954,2,2024-09-02 22:59:00,2.0,TP,GBPUSD
2024-09-04,Asia,1,1.31106,1.31036,0.0006999999999999229,2,2024-09-03 22:59:00,-1.0,SL,GBPUSD
2024-09-05,Asia,-1,1.31455,1.31496,0.0004099999999997994,4,2024-09-04 22:59:00,-1.0,SL,GBPUSD
2024-09-06,Londres,-1,1.31813,1.31938,0.0012499999999999734,1,2024-09-06 07:59:00,-1.0,SL,GBPUSD
2024-09-09,Asia,-1,1.31299,1.31419,0.0011999999999998678,1,2024-09-09 00:59:00,-1.0,SL,GBPUSD
2024-09-10,Asia,1,1.30725,1.30652,0.0007300000000001194,1,2024-09-10 03:59:00,2.0,TP,GBPUSD
2024-09-11,Asia,-1,1.30719,1.30825,0.0010599999999998388,3,2024-09-11 00:59:00,-1.0,SL,GBPUSD
2024-09-12,Asia,1,1.30538,1.30456,0.0008200000000000429,4,2024-09-12 05:59:00,-1.0,SL,GBPUSD
2024-09-13,Londres,-1,1.31351,1.31529,0.0017800000000001148,1,2024-09-13 09:59:00,-1.0,SL,GBPUSD
2024-09-16,Asia,1,1.31325,1.31196,0.0012900000000000134,4,2024-09-15 22:59:00,2.0,TP,GBPUSD
2024-09-17,Asia,-1,1.32014,1.32117,0.0010299999999998644,2,2024-09-17 00:59:00,-1.0,SL,GBPUSD
2024-09-18,Asia,-1,1.31586,1.31659,0.0007299999999998974,6,2024-09-18 04:59:00,-1.0,SL,GBPUSD
2024-09-19,Asia,1,1.32027,1.31948,0.0007900000000000684,5,2024-09-18 23:59:00,-1.0,SL,GBPUSD
2024-09-20,Asia,-1,1.32938,1.33025,0.0008699999999999264,4,2024-09-20 03:59:00,-1.0,SL,GBPUSD
2024-09-23,Asia,-1,1.33177,1.33234,0.0005700000000001815,1,2024-09-22 22:59:00,2.0,TP,GBPUSD
2024-09-24,Asia,-1,1.33535,1.33669,0.0013399999999998968,1,2024-09-24 05:59:00,-1.0,SL,GBPUSD
2024-09-25,Asia,-1,1.34141,1.34257,0.0011600000000000499,1,2024-09-25 01:59:00,2.0,TP,GBPUSD
2024-09-26,Asia,-1,1.33132,1.33228,0.0009599999999998499,8,2024-09-25 23:59:00,-1.0,SL,GBPUSD
2024-09-27,Asia,-1,1.34117,1.34155,0.00038000000000004697,4,2024-09-26 22:59:00,2.0,TP,GBPUSD
2024-09-30,Asia,1,1.33795,1.33699,0.0009600000000000719,4,2024-09-29 22:59:00,2.0,TP,GBPUSD
2024-10-01,Asia,1,1.33801,1.33672,0.0012900000000000134,2,2024-09-30 22:59:00,-1.0,SL,GBPUSD
2024-10-02,Londres,-1,1.32878,1.33016,0.0013799999999999368,1,2024-10-02 07:59:00,-1.0,SL,GBPUSD
2024-10-03,Asia,1,1.32614,1.32523,0.0009100000000001884,3,2024-10-03 00:59:00,-1.0,SL,GBPUSD
2024-10-04,Asia,-1,1.31306,1.31346,0.000400000000000178,1,2024-10-04 00:59:00,-1.0,SL,GBPUSD
2024-10-07,Asia,-1,1.31224,1.31256,0.00031999999999987594,1,2024-10-06 23:59:00,-1.0,SL,GBPUSD
2024-10-08,Asia,1,1.31,1.30829,0.0017100000000001003,8,2024-10-08 00:59:00,-1.0,SL,GBPUSD
2024-10-09,Asia,-1,1.30929,1.3105,0.0012099999999999334,3,2024-10-08 23:59:00,2.0,TP,GBPUSD
2024-10-10,Asia,1,1.30661,1.30615,0.000460000000000127,5,2024-10-09 23:59:00,2.0,TP,GBPUSD
2024-10-11,Asia,1,1.30565,1.30534,0.00031000000000003247,5,2024-10-10 22:59:00,2.0,TP,GBPUSD
2024-10-14,Asia,1,1.30509,1.30394,0.0011499999999999844,3,2024-10-14 00:59:00,-1.0,SL,GBPUSD
2024-10-15,Asia,-1,1.30632,1.30677,0.00045000000000006146,3,2024-10-14 22:59:00,-1.0,SL,GBPUSD
2024-10-16,Asia,-1,1.30684,1.30726,0.00042000000000008697,3,2024-10-15 22:59:00,2.0,TP,GBPUSD
2024-10-17,Asia,1,1.29866,1.29792,0.0007399999999999629,2,2024-10-17 03:59:00,-1.0,SL,GBPUSD
2024-10-18,Asia,-1,1.30135,1.30202,0.0006699999999999484,2,2024-10-18 00:59:00,-1.0,SL,GBPUSD
2024-10-21,Asia,-1,1.30428,1.30537,0.0010899999999998133,1,2024-10-21 00:59:00,2.0,TP,GBPUSD
2024-10-22,Asia,1,1.29822,1.29787,0.00034999999999985043,10,2024-10-21 23:59:00,2.0,TP,GBPUSD
2024-10-23,Asia,-1,1.29829,1.29894,0.0006500000000000394,1,2024-10-22 22:59:00,-1.0,SL,GBPUSD
2024-10-24,Londres,1,1.29618,1.29387,0.0023100000000000342,3,2024-10-24 07:59:00,-0.14285714285721152,tiempo,GBPUSD
2024-10-25,Asia,1,1.29717,1.29688,0.00028999999999990145,6,2024-10-24 22:59:00,-1.0,SL,GBPUSD
2024-10-28,Asia,-1,1.29529,1.29643,0.0011399999999999189,8,2024-10-27 23:59:00,-1.0,SL,GBPUSD
2024-10-29,Asia,-1,1.2972,1.29779,0.0005900000000000905,7,2024-10-28 23:59:00,2.0,TP,GBPUSD
2024-10-30,Asia,-1,1.30128,1.30176,0.00048000000000003595,1,2024-10-29 23:59:00,-1.0,SL,GBPUSD
2024-10-31,Asia,1,1.29556,1.29466,0.0009000000000001229,1,2024-10-31 04:59:00,2.0,TP,GBPUSD
2024-11-01,Londres,1,1.29534,1.29152,0.0038199999999999346,3,2024-11-01 11:59:00,0.617801047120466,tiempo,GBPUSD
2024-11-04,Asia,1,1.29617,1.29501,0.0011600000000000499,1,2024-11-04 00:59:00,2.0,TP,GBPUSD
2024-11-05,Asia,1,1.29544,1.29475,0.0006899999999998574,3,2024-11-05 00:59:00,2.0,TP,GBPUSD
2024-11-06,Asia,-1,1.29592,1.30442,0.008499999999999952,1,2024-11-06 00:59:00,0.5235294117647165,tiempo,GBPUSD
2024-11-07,Asia,-1,1.29202,1.29264,0.0006200000000000649,2,2024-11-07 04:59:00,-1.0,SL,GBPUSD
2024-11-08,Asia,1,1.29728,1.29632,0.0009600000000000719,8,2024-11-08 01:59:00,-1.0,SL,GBPUSD
2024-11-11,Asia,-1,1.29139,1.29207,0.0006800000000000139,8,2024-11-11 00:59:00,-1.0,SL,GBPUSD
2024-11-12,Londres,1,1.28245,1.2791,0.003350000000000186,1,2024-11-12 08:59:00,-1.0,SL,GBPUSD
2024-11-13,Londres,1,1.27355,1.27285,0.0006999999999999229,1,2024-11-13 07:59:00,2.0,TP,GBPUSD
2024-11-14,Asia,1,1.26871,1.26717,0.0015400000000000968,1,2024-11-14 05:59:00,-1.0,SL,GBPUSD
2024-11-15,Asia,1,1.26753,1.26638,0.0011499999999999844,3,2024-11-15 02:59:00,-1.0,SL,GBPUSD
2024-11-18,Asia,-1,1.26189,1.26217,0.000280000000000058,1,2024-11-17 23:59:00,-1.0,SL,GBPUSD
2024-11-19,Asia,1,1.26783,1.26705,0.0007800000000000029,10,2024-11-18 23:59:00,-1.0,SL,GBPUSD
2024-11-20,Asia,-1,1.26865,1.26962,0.0009699999999999154,3,2024-11-20 00:59:00,-1.0,SL,GBPUSD
2024-11-21,Asia,1,1.26527,1.26448,0.0007899999999998464,2,2024-11-21 06:59:00,-1.0,SL,GBPUSD
2024-11-22,Londres,1,1.25719,1.2550000000000001,0.0021899999999999142,1,2024-11-22 07:59:00,-1.0,SL,GBPUSD
2024-11-25,Asia,-1,1.25926,1.25979,0.0005299999999999194,4,2024-11-24 23:59:00,-1.0,SL,GBPUSD
2024-11-26,Asia,-1,1.25319,1.25737,0.0041800000000000725,5,2024-11-25 23:59:00,-1.0,SL,GBPUSD
2024-11-27,Asia,-1,1.25723,1.25784,0.0006099999999999994,3,2024-11-27 00:59:00,-1.0,SL,GBPUSD
2024-11-28,Londres,1,1.26653,1.26461,0.0019199999999999218,1,2024-11-28 10:59:00,2.0,TP,GBPUSD
2024-11-29,Londres,-1,1.27224,1.27505,0.002809999999999979,1,2024-11-29 07:59:00,1.4341637010676185,tiempo,GBPUSD
2024-12-02,Asia,-1,1.27009,1.27319,0.0031000000000001027,4,2024-12-01 23:59:00,2.0,TP,GBPUSD
2024-12-03,Asia,1,1.26581,1.26503,0.0007800000000000029,10,2024-12-02 23:59:00,-1.0,SL,GBPUSD
2024-12-04,Asia,1,1.26737,1.26665,0.0007200000000000539,8,2024-12-03 23:59:00,-1.0,SL,GBPUSD
2024-12-05,Asia,-1,1.27004,1.27084,0.0007999999999999119,3,2024-12-04 23:59:00,-1.0,SL,GBPUSD
2024-12-06,Londres,-1,1.27609,1.27751,0.0014199999999999768,1,2024-12-06 08:59:00,-1.0,SL,GBPUSD
2024-12-09,Asia,1,1.27409,1.27385,0.00024000000000001798,3,2024-12-09 00:59:00,-1.0,SL,GBPUSD
2024-12-10,Asia,1,1.2747,1.27379,0.0009099999999999664,1,2024-12-10 01:59:00,-1.0,SL,GBPUSD
2024-12-11,Asia,-1,1.27749,1.27806,0.0005699999999999594,1,2024-12-11 00:59:00,-1.0,SL,GBPUSD
2024-12-12,Asia,1,1.27649,1.27472,0.0017699999999998273,3,2024-12-11 23:58:00,-1.0,SL,GBPUSD
2024-12-13,Londres,1,1.2662,1.264,0.0021999999999999797,1,2024-12-13 12:59:00,-1.0,SL,GBPUSD
2024-12-16,Asia,1,1.2626,1.2610000000000001,0.0015999999999998238,3,2024-12-15 23:59:00,2.0,TP,GBPUSD
2024-12-17,Asia,-1,1.26786,1.26853,0.0006699999999999484,7,2024-12-17 04:59:00,-1.0,SL,GBPUSD
2024-12-18,Asia,-1,1.27034,1.27127,0.0009299999999998754,2,2024-12-18 02:59:00,-1.0,SL,GBPUSD
2024-12-19,Londres,1,1.26133,1.25959,0.0017400000000000748,10,2024-12-19 07:59:00,2.0,TP,GBPUSD
2024-12-20,Asia,1,1.25048,1.2476,0.0028799999999999937,1,2024-12-20 06:59:00,2.0,TP,GBPUSD
2024-12-23,Asia,1,1.25857,1.2579,0.0006699999999999484,6,2024-12-23 02:59:00,-1.0,SL,GBPUSD
2024-12-24,Asia,-1,1.25336,1.25426,0.0008999999999999009,1,2024-12-24 02:59:00,-1.0,SL,GBPUSD
2024-12-25,Asia,1,1.25184,1.25135,0.0004900000000001015,1,2024-12-24 23:59:00,2.0,TP,GBPUSD
2024-12-26,Asia,-1,1.2541,1.25469,0.0005900000000000905,6,2024-12-26 01:59:00,-1.0,SL,GBPUSD
2024-12-27,Asia,1,1.25273,1.25216,0.0005699999999999594,4,2024-12-26 23:59:00,-1.0,SL,GBPUSD
2024-12-30,Asia,-1,1.25775,1.25886,0.0011100000000001664,1,2024-12-29 23:59:00,-1.0,SL,GBPUSD
2024-12-31,Asia,-1,1.25477,1.25495,0.000180000000000069,10,2024-12-30 23:59:00,2.0,TP,GBPUSD
2025-01-02,Asia,1,1.25193,1.25049,0.0014399999999998858,1,2025-01-01 23:59:00,-1.0,SL,GBPUSD
2025-01-03,Londres,-1,1.23994,1.2407299999999999,0.0007899999999998464,1,2025-01-03 07:59:00,-1.0,SL,GBPUSD
2025-01-06,Asia,-1,1.24241,1.24345,0.0010399999999999299,1,2025-01-05 23:59:00,-1.0,SL,GBPUSD
2025-01-07,Asia,1,1.2512,1.25025,0.0009500000000000064,10,2025-01-07 00:59:00,2.0,TP,GBPUSD
2025-01-08,Asia,1,1.24754,1.24713,0.00041000000000002146,1,2025-01-07 23:59:00,2.0,TP,GBPUSD
2025-01-09,Londres,1,1.22929,1.2269,0.002389999999999892,1,2025-01-09 12:59:00,-1.0,SL,GBPUSD
2025-01-10,Asia,-1,1.2298,1.23111,0.0013099999999999223,2,2025-01-09 23:59:00,2.0,TP,GBPUSD
2025-01-13,Asia,-1,1.22034,1.2211,0.0007600000000000939,1,2025-01-12 23:59:00,2.0,TP,GBPUSD
2025-01-14,Asia,-1,1.22315,1.22508,0.0019299999999999873,1,2025-01-13 23:59:00,2.0,TP,GBPUSD
2025-01-15,Asia,-1,1.22022,1.22113,0.0009099999999999664,6,2025-01-15 00:59:00,-1.0,SL,GBPUSD
2025-01-16,Asia,-1,1.2245,1.22488,0.00038000000000004697,5,2025-01-16 00:59:00,2.0,TP,GBPUSD
2025-01-17,Asia,-1,1.22329,1.2245,0.0012099999999999334,5,2025-01-17 02:59:00,2.0,TP,GBPUSD
2025-01-20,Asia,1,1.21747,1.21593,0.0015400000000000968,1,2025-01-19 23:59:00,2.0,TP,GBPUSD
2025-01-21,Asia,-1,1.22592,1.2345599999999999,0.008639999999999981,1,2025-01-21 00:59:00,-1.0,SL,GBPUSD
2025-01-22,Asia,-1,1.23377,1.2351699999999999,0.0013999999999998458,3,2025-01-21 23:59:00,-1.0,SL,GBPUSD
2025-01-23,Asia,1,1.23134,1.23055,0.0007900000000000684,1,2025-01-22 23:59:00,-1.0,SL,GBPUSD
2025-01-24,Londres,-1,1.24147,1.24328,0.0018099999999998673,1,2025-01-24 11:59:00,-1.0,SL,GBPUSD
2025-01-27,Asia,-1,1.24465,1.2451699999999999,0.0005199999999998539,3,2025-01-27 05:59:00,-1.0,SL,GBPUSD
2025-01-28,Asia,-1,1.24506,1.24954,0.0044800000000000395,3,2025-01-27 23:59:00,0.6473214285714507,tiempo,GBPUSD
2025-01-29,Asia,-1,1.24369,1.2448,0.0011099999999999444,1,2025-01-29 00:59:00,-1.0,SL,GBPUSD
2025-01-30,Asia,-1,1.24542,1.24595,0.0005299999999999194,1,2025-01-29 23:59:00,-1.0,SL,GBPUSD
2025-01-31,Asia,1,1.24216,1.24102,0.0011399999999999189,7,2025-01-30 23:59:00,-1.0,SL,GBPUSD
2025-02-03,Asia,-1,1.22895,1.23242,0.003470000000000084,1,2025-02-02 23:59:00,-1.0,SL,GBPUSD
2025-02-04,Asia,-1,1.24333,1.24537,0.0020400000000000418,6,2025-02-03 23:59:00,2.0,TP,GBPUSD
2025-02-05,Asia,-1,1.247,1.24905,0.0020499999999998852,8,2025-02-05 01:59:00,-1.0,SL,GBPUSD
2025-02-06,Asia,-1,1.24879,1.24974,0.0009500000000000064,3,2025-02-06 04:59:00,2.0,TP,GBPUSD
2025-02-07,Asia,-1,1.24339,1.24379,0.00039999999999995595,8,2025-02-06 23:59:00,-1.0,SL,GBPUSD
2025-02-10,Asia,-1,1.23889,1.23952,0.0006299999999999084,1,2025-02-09 23:59:00,-1.0,SL,GBPUSD
2025-02-11,Asia,1,1.23612,1.23523,0.0008900000000000574,9,2025-02-11 00:59:00,-1.0,SL,GBPUSD
2025-02-12,Asia,-1,1.24505,1.24593,0.0008799999999999919,1,2025-02-12 02:59:00,-1.0,SL,GBPUSD
2025-02-13,Asia,-1,1.24448,1.24571,0.0012300000000000644,4,2025-02-13 00:59:00,-1.0,SL,GBPUSD
2025-02-14,Asia,-1,1.25644,1.25702,0.0005800000000000249,1,2025-02-13 23:59:00,-1.0,SL,GBPUSD
2025-02-17,Asia,-1,1.25838,1.2589,0.0005199999999998539,1,2025-02-16 23:59:00,-1.0,SL,GBPUSD
2025-02-18,Asia,-1,1.26055,1.26109,0.0005399999999999849,2,2025-02-18 01:59:00,-1.0,SL,GBPUSD
2025-02-19,Asia,-1,1.26243,1.26342,0.0009900000000000464,8,2025-02-18 23:59:00,-1.0,SL,GBPUSD
2025-02-20,Asia,1,1.2583,1.25775,0.0005500000000000504,4,2025-02-19 23:59:00,2.0,TP,GBPUSD
2025-02-21,Asia,-1,1.26687,1.26748,0.0006099999999999994,1,2025-02-20 23:59:00,2.0,TP,GBPUSD
2025-02-24,Asia,1,1.26484,1.26353,0.0013099999999999223,3,2025-02-23 23:59:00,2.0,TP,GBPUSD
2025-02-25,Asia,-1,1.26165,1.26301,0.0013600000000000279,9,2025-02-24 23:59:00,-1.0,SL,GBPUSD
2025-02-26,Asia,-1,1.26714,1.26766,0.000520000000000076,10,2025-02-25 23:59:00,-1.0,SL,GBPUSD
2025-02-27,Asia,-1,1.26653,1.26811,0.0015800000000001369,3,2025-02-27 00:59:00,-1.0,SL,GBPUSD
2025-02-28,Asia,1,1.26063,1.25951,0.0011200000000000099,1,2025-02-28 00:59:00,-1.0,SL,GBPUSD
2025-03-03,Asia,-1,1.26021,1.26092,0.0007099999999999884,3,2025-03-02 23:59:00,-1.0,SL,GBPUSD
2025-03-04,Asia,-1,1.26882,1.27,0.0011799999999999589,2,2025-03-04 02:59:00,-1.0,SL,GBPUSD
2025-03-05,Asia,-1,1.27966,1.28031,0.0006500000000000394,1,2025-03-05 06:59:00,-1.0,SL,GBPUSD
2025-03-06,Asia,-1,1.28966,1.29091,0.0012499999999999734,1,2025-03-06 02:59:00,-1.0,SL,GBPUSD
2025-03-07,Asia,1,1.28835,1.2874700000000001,0.0008799999999999919,3,2025-03-07 01:59:00,2.0,TP,GBPUSD
2025-03-10,Asia,-1,1.29378,1.29442,0.0006399999999999739,1,2025-03-09 23:59:00,-1.0,SL,GBPUSD
2025-03-11,Asia,1,1.28852,1.28729,0.0012300000000000644,7,2025-03-10 23:59:00,2.0,TP,GBPUSD
2025-03-12,Asia,-1,1.29354,1.29467,0.0011300000000000754,6,2025-03-11 23:59:00,-1.0,SL,GBPUSD
2025-03-13,Asia,-1,1.29577,1.29711,0.0013399999999998968,4,2025-03-13 02:59:00,2.0,TP,GBPUSD
2025-03-14,Asia,-1,1.2945,1.29596,0.0014600000000000168,6,2025-03-13 23:59:00,2.0,TP,GBPUSD
2025-03-17,Asia,1,1.29379,1.29273,0.001060000000000061,5,2025-03-17 00:59:00,2.0,TP,GBPUSD
2025-03-18,Asia,-1,1.2981,1.29877,0.0006699999999999484,2,2025-03-18 00:59:00,-1.0,SL,GBPUSD
2025-03-19,Asia,-1,1.29959,1.30025,0.0006599999999998829,4,2025-03-18 23:59:00,-1.0,SL,GBPUSD
2025-03-20,Asia,-1,1.30089,1.30154,0.0006499999999998174,1,2025-03-19 23:59:00,2.0,TP,GBPUSD
2025-03-21,Asia,1,1.29637,1.29596,0.00041000000000002146,3,2025-03-20 23:59:00,-1.0,SL,GBPUSD
2025-03-24,Asia,1,1.29333,1.2920800000000001,0.0012499999999999734,3,2025-03-23 23:59:00,-1.0,SL,GBPUSD
2025-03-25,Asia,1,1.29209,1.2914700000000001,0.0006199999999998429,2,2025-03-25 00:59:00,-1.0,SL,GBPUSD
2025-03-26,Asia,-1,1.2933,1.29463,0.0013300000000000534,8,2025-03-25 23:59:00,2.0,TP,GBPUSD
2025-03-27,Asia,1,1.28888,1.28751,0.0013700000000000934,10,2025-03-26 23:59:00,2.0,TP,GBPUSD
2025-03-28,Asia,-1,1.29482,1.29518,0.00035999999999991594,10,2025-03-27 23:59:00,-1.0,SL,GBPUSD
2025-03-31,Asia,1,1.29309,1.2920800000000001,0.0010099999999999554,1,2025-03-30 22:59:00,2.0,TP,GBPUSD
2025-04-01,Asia,1,1.29189,1.29121,0.0006800000000000139,2,2025-03-31 22:59:00,2.0,TP,GBPUSD
2025-04-02,Asia,-1,1.29275,1.29337,0.0006199999999998429,1,2025-04-01 22:59:00,2.0,TP,GBPUSD
2025-04-03,NY,-1,1.30982,1.31094,0.0011200000000000099,2,2025-04-03 17:59:00,-1.0,SL,GBPUSD
2025-04-04,Asia,-1,1.30889,1.31062,0.0017299999999997873,3,2025-04-03 23:59:00,-1.0,SL,GBPUSD
2025-04-07,Asia,1,1.28775,1.28324,0.004510000000000014,2,2025-04-06 22:59:00,-1.0,SL,GBPUSD
2025-04-08,Londres,-1,1.27848,1.27971,0.0012299999999998423,1,2025-04-08 06:59:00,2.0,TP,GBPUSD
2025-04-09,Asia,1,1.28146,1.27732,0.0041400000000000325,5,2025-04-09 00:59:00,-1.0,SL,GBPUSD
2025-04-10,Asia,1,1.28226,1.28003,0.0022299999999999542,8,2025-04-09 22:59:00,2.0,TP,GBPUSD
2025-04-11,Asia,-1,1.29913,1.29985,0.0007200000000000539,1,2025-04-10 23:59:00,-1.0,SL,GBPUSD
2025-04-14,Asia,1,1.30835,1.30721,0.0011399999999999189,1,2025-04-13 23:59:00,2.0,TP,GBPUSD
2025-04-15,Londres,-1,1.31963,1.32141,0.0017799999999998928,2,2025-04-15 06:59:00,-1.0,SL,GBPUSD
2025-04-16,Asia,-1,1.32463,1.32547,0.0008399999999999519,2,2025-04-16 00:59:00,-1.0,SL,GBPUSD
2025-04-17,Asia,1,1.32118,1.32098,0.00019999999999997797,1,2025-04-17 00:59:00,-1.0,SL,GBPUSD
2025-04-18,Asia,1,1.32633,1.32537,0.0009600000000000719,5,2025-04-17 22:59:00,2.0,TP,GBPUSD
2025-04-21,Londres,-1,1.33814,1.33977,0.0016299999999997983,1,2025-04-21 06:59:00,-1.0,SL,GBPUSD
2025-04-22,Asia,1,1.33702,1.3360400000000001,0.0009799999999999809,1,2025-04-22 00:59:00,2.0,TP,GBPUSD
2025-04-23,Asia,-1,1.32543,1.32925,0.0038199999999999346,7,2025-04-22 22:59:00,-1.0,SL,GBPUSD
2025-04-24,Asia,1,1.32767,1.32575,0.0019199999999999218,9,2025-04-24 00:59:00,2.0,TP,GBPUSD
2025-04-25,Asia,-1,1.33368,1.33406,0.00038000000000004697,5,2025-04-24 22:59:00,2.0,TP,GBPUSD
2025-04-28,Asia,-1,1.32983,1.33118,0.0013499999999999623,1,2025-04-27 22:59:00,-1.0,SL,GBPUSD
2025-04-29,NY,1,1.34091,1.33812,0.00279000000000007,2,2025-04-29 12:59:00,-1.0,SL,GBPUSD
2025-04-30,Asia,1,1.33904,1.33809,0.0009500000000000064,1,2025-04-30 04:59:00,-1.0,SL,GBPUSD
2025-05-01,Asia,-1,1.3324,1.33283,0.00042999999999993044,9,2025-04-30 22:59:00,2.0,TP,GBPUSD
2025-05-02,Asia,1,1.32836,1.32695,0.0014099999999999113,2,2025-05-01 22:59:00,2.0,TP,GBPUSD
2025-05-05,Asia,-1,1.3263,1.32754,0.0012399999999999078,1,2025-05-04 22:59:00,-1.0,SL,GBPUSD
2025-05-06,Asia,1,1.32729,1.32589,0.0014000000000000679,1,2025-05-06 01:59:00,2.0,TP,GBPUSD
2025-05-07,Asia,-1,1.3349,1.3376,0.0026999999999999247,2,2025-05-06 22:59:00,-1.0,SL,GBPUSD
2025-05-08,Asia,-1,1.32955,1.33078,0.0012300000000000644,6,2025-05-08 00:59:00,-1.0,SL,GBPUSD
2025-05-09,Asia,1,1.32389,1.32317,0.0007200000000000539,1,2025-05-08 23:59:00,-1.0,SL,GBPUSD
2025-05-12,Asia,1,1.32853,1.32622,0.0023100000000000342,2,2025-05-11 22:59:00,-1.0,SL,GBPUSD
2025-05-13,Londres,-1,1.31977,1.32079,0.0010199999999997988,1,2025-05-13 06:59:00,-1.0,SL,GBPUSD
2025-05-14,Asia,-1,1.33136,1.33174,0.0003799999999998249,1,2025-05-14 00:59:00,2.0,TP,GBPUSD
2025-05-15,Asia,1,1.32643,1.32567,0.0007600000000000939,9,2025-05-14 22:59:00,2.0,TP,GBPUSD
2025-05-16,Asia,-1,1.33028,1.33105,0.0007700000000001594,2,2025-05-15 23:59:00,-1.0,SL,GBPUSD
2025-05-19,Asia,1,1.33001,1.32718,0.002829999999999888,3,2025-05-18 22:59:00,2.0,TP,GBPUSD
2025-05-20,Asia,1,1.33556,1.33432,0.0012400000000001299,1,2025-05-20 00:59:00,2.0,TP,GBPUSD
2025-05-21,Asia,-1,1.33909,1.33947,0.00038000000000004697,1,2025-05-20 22:59:00,-1.0,SL,GBPUSD
2025-05-22,Asia,-1,1.34324,1.34415,0.0009099999999999664,3,2025-05-22 02:59:00,2.0,TP,GBPUSD
2025-05-23,Asia,-1,1.34517,1.3456,0.00042999999999993044,4,2025-05-23 04:59:00,-1.0,SL,GBPUSD
2025-05-26,NY,1,1.35556,1.35498,0.0005800000000000249,1,2025-05-26 12:59:00,2.0,TP,GBPUSD
2025-05-27,Asia,-1,1.35548,1.35759,0.0021100000000000563,1,2025-05-27 04:59:00,2.0,TP,GBPUSD
2025-05-28,Asia,-1,1.35147,1.35228,0.0008099999999999774,9,2025-05-28 00:59:00,2.0,TP,GBPUSD
2025-05-29,Londres,1,1.34565,1.3427,0.002950000000000008,2,2025-05-29 06:59:00,-0.11186440677964087,tiempo,GBPUSD
2025-05-30,Asia,-1,1.34961,1.351,0.0013900000000000023,1,2025-05-30 00:59:00,-1.0,SL,GBPUSD
2025-06-02,Asia,1,1.34642,1.34504,0.0013799999999999368,1,2025-06-01 22:59:00,2.0,TP,GBPUSD
2025-06-03,Asia,-1,1.35567,1.35601,0.00034000000000000696,2,2025-06-02 23:59:00,2.0,TP,GBPUSD
2025-06-04,Asia,1,1.35206,1.35097,0.0010900000000000354,3,2025-06-03 22:59:00,2.0,TP,GBPUSD
2025-06-05,Asia,-1,1.35502,1.35603,0.0010100000000001774,6,2025-06-04 23:59:00,-1.0,SL,GBPUSD
2025-06-06,Asia,-1,1.35786,1.35817,0.00031000000000003247,4,2025-06-05 23:59:00,-1.0,SL,GBPUSD
2025-06-09,Asia,1,1.35347,1.3525,0.0009699999999999154,3,2025-06-08 22:59:00,2.0,TP,GBPUSD
2025-06-10,Asia,1,1.35542,1.35485,0.0005699999999999594,2,2025-06-09 23:59:00,-1.0,SL,GBPUSD
2025-06-11,Londres,1,1.3483,1.34629,0.0020100000000000673,1,2025-06-11 07:59:00,2.0,TP,GBPUSD
2025-06-12,Asia,-1,1.35655,1.35693,0.00038000000000004697,1,2025-06-11 22:59:00,-1.0,SL,GBPUSD
2025-06-13,Asia,-1,1.35696,1.3633,0.006340000000000012,1,2025-06-13 00:59:00,0.32018927444794515,tiempo,GBPUSD
2025-06-16,Asia,-1,1.35551,1.35617,0.000660000000000105,1,2025-06-15 22:59:00,2.0,TP,GBPUSD
2025-06-17,Asia,-1,1.3573,1.35784,0.0005399999999999849,3,2025-06-16 22:59:00,-1.0,SL,GBPUSD
2025-06-18,Londres,-1,1.34411,1.3469,0.00279000000000007,1,2025-06-18 10:59:00,-1.0,SL,GBPUSD
2025-06-19,Asia,1,1.34204,1.34148,0.0005599999999998939,3,2025-06-18 22:59:00,-1.0,SL,GBPUSD
2025-06-20,Asia,-1,1.34663,1.34728,0.0006500000000000394,1,2025-06-19 22:59:00,-1.0,SL,GBPUSD
2025-06-23,Asia,1,1.34271,1.33984,0.00287000000000015,5,2025-06-22 22:59:00,-1.0,SL,GBPUSD
2025-06-24,NY,-1,1.36218,1.3649,0.0027200000000000557,1,2025-06-24 14:59:00,-1.0,SL,GBPUSD
2025-06-25,Asia,-1,1.36191,1.3629499999999999,0.0010399999999999299,2,2025-06-25 02:59:00,-1.0,SL,GBPUSD
2025-06-26,Londres,-1,1.37073,1.37302,0.0022899999999999032,1,2025-06-26 11:59:00,-1.0,SL,GBPUSD
2025-06-27,Asia,-1,1.37194,1.37301,0.0010700000000001264,3,2025-06-26 22:59:00,-1.0,SL,GBPUSD
2025-06-30,Asia,1,1.3724,1.37135,0.0010499999999999954,3,2025-06-29 22:59:00,-1.0,SL,GBPUSD
2025-07-01,Asia,-1,1.37317,1.37375,0.0005800000000000249,1,2025-06-30 22:59:00,-1.0,SL,GBPUSD
2025-07-02,Asia,-1,1.37479,1.37503,0.00024000000000001798,3,2025-07-02 00:59:00,-1.0,SL,GBPUSD
2025-07-03,Londres,-1,1.36547,1.36758,0.0021100000000000563,1,2025-07-03 07:59:00,2.0,TP,GBPUSD
2025-07-04,Asia,-1,1.36654,1.3669499999999999,0.0004099999999997994,4,2025-07-03 23:59:00,2.0,TP,GBPUSD
2025-07-07,Asia,-1,1.36525,1.36558,0.00032999999999994145,1,2025-07-06 22:59:00,-1.0,SL,GBPUSD
2025-07-08,Asia,1,1.36174,1.35994,0.0018000000000000238,3,2025-07-07 22:59:00,-1.0,SL,GBPUSD
2025-07-09,Asia,1,1.35925,1.358,0.0012499999999999734,4,2025-07-08 22:59:00,-1.0,SL,GBPUSD
2025-07-10,Asia,1,1.35891,1.35819,0.0007200000000000539,7,2025-07-09 22:59:00,2.0,TP,GBPUSD
2025-07-11,Asia,1,1.3584,1.3572,0.0012000000000000899,3,2025-07-10 22:59:00,-1.0,SL,GBPUSD
2025-07-14,Asia,-1,1.34842,1.34968,0.0012600000000000389,1,2025-07-13 22:59:00,-1.0,SL,GBPUSD
2025-07-15,Londres,-1,1.34345,1.34444,0.0009900000000000464,1,2025-07-15 06:59:00,-1.0,SL,GBPUSD
2025-07-16,Londres,-1,1.33934,1.34112,0.0017800000000001148,1,2025-07-16 07:59:00,-1.0,SL,GBPUSD
2025-07-17,Asia,-1,1.34133,1.34208,0.0007500000000000284,2,2025-07-16 22:59:00,2.0,TP,GBPUSD
2025-07-18,Asia,1,1.34293,1.34128,0.0016499999999999293,8,2025-07-17 22:59:00,-1.0,SL,GBPUSD
2025-07-21,Asia,1,1.34124,1.34058,0.0006599999999998829,3,2025-07-20 22:59:00,-1.0,SL,GBPUSD
2025-07-22,Asia,-1,1.34794,1.34855,0.0006099999999999994,2,2025-07-22 01:59:00,-1.0,SL,GBPUSD
2025-07-23,Asia,-1,1.35211,1.35355,0.0014400000000001079,1,2025-07-22 23:59:00,-1.0,SL,GBPUSD
2025-07-24,Asia,-1,1.35826,1.35866,0.00039999999999995595,1,2025-07-23 22:59:00,-1.0,SL,GBPUSD
2025-07-25,Asia,-1,1.35071,1.35127,0.0005599999999998939,10,2025-07-25 00:59:00,2.0,TP,GBPUSD
2025-07-28,Asia,-1,1.34342,1.3448,0.0013799999999999368,1,2025-07-27 22:59:00,-1.0,SL,GBPUSD
2025-07-29,Asia,1,1.33557,1.33479,0.0007800000000000029,1,2025-07-29 02:59:00,-1.0,SL,GBPUSD
2025-07-30,Asia,1,1.33521,1.33427,0.0009399999999999409,4,2025-07-29 22:59:00,-1.0,SL,GBPUSD
2025-07-31,Londres,-1,1.32588,1.32793,0.0020500000000001073,1,2025-07-31 07:59:00,2.0,TP,GBPUSD
2025-08-01,Asia,1,1.321,1.32001,0.0009900000000000464,2,2025-08-01 00:59:00,-1.0,SL,GBPUSD
2025-08-04,Asia,-1,1.32779,1.32861,0.0008200000000000429,1,2025-08-03 22:59:00,-1.0,SL,GBPUSD
2025-08-05,Asia,-1,1.32922,1.32947,0.00024999999999986144,3,2025-08-04 22:59:00,-1.0,SL,GBPUSD
2025-08-06,Asia,-1,1.33004,1.33066,0.0006200000000000649,3,2025-08-06 00:59:00,-1.0,SL,GBPUSD
2025-08-07,Londres,-1,1.33688,1.33809,0.0012099999999999334,1,2025-08-07 08:59:00,-1.0,SL,GBPUSD
2025-08-08,Asia,-1,1.34479,1.34504,0.0002500000000000835,1,2025-08-07 22:59:00,-1.0,SL,GBPUSD
2025-08-11,Asia,-1,1.34423,1.34512,0.0008900000000000574,1,2025-08-10 22:59:00,-1.0,SL,GBPUSD
2025-08-12,Asia,-1,1.34301,1.34382,0.0008099999999999774,1,2025-08-12 00:59:00,-1.0,SL,GBPUSD
2025-08-13,NY,-1,1.35602,1.35804,0.0020199999999999108,1,2025-08-13 12:59:00,-1.0,SL,GBPUSD
2025-08-14,Asia,-1,1.3583,1.35924,0.0009399999999999409,1,2025-08-14 01:59:00,2.0,TP,GBPUSD
2025-08-15,Londres,-1,1.35524,1.35556,0.000320000000000098,1,2025-08-15 06:59:00,-1.0,SL,GBPUSD
2025-08-18,Asia,-1,1.35558,1.35629,0.0007099999999999884,1,2025-08-17 23:59:00,-1.0,SL,GBPUSD
2025-08-19,Asia,1,1.35003,1.3495300000000001,0.0004999999999999449,1,2025-08-19 03:59:00,2.0,TP,GBPUSD
2025-08-20,Asia,1,1.34906,1.3483100000000001,0.0007499999999998064,3,2025-08-19 22:59:00,-1.0,SL,GBPUSD
2025-08-21,Asia,1,1.34659,1.3449200000000001,0.0016699999999998383,3,2025-08-20 23:59:00,-1.0,SL,GBPUSD
2025-08-22,Londres,1,1.34016,1.33895,0.0012099999999999334,1,2025-08-22 06:59:00,2.0,TP,GBPUSD
2025-08-25,Asia,-1,1.35153,1.35254,0.0010100000000001774,1,2025-08-24 22:59:00,2.0,TP,GBPUSD
2025-08-26,Asia,-1,1.34809,1.34911,0.0010200000000000209,9,2025-08-26 00:59:00,2.0,TP,GBPUSD
2025-08-27,Asia,1,1.34481,1.34457,0.00024000000000001798,3,2025-08-27 04:59:00,2.0,TP,GBPUSD
2025-08-28,Asia,1,1.35158,1.35024,0.0013399999999998968,10,2025-08-28 02:59:00,-1.0,SL,GBPUSD
2025-08-29,Asia,1,1.3498,1.34941,0.0003900000000001125,3,2025-08-29 01:59:00,-1.0,SL,GBPUSD
2025-09-01,Asia,-1,1.35027,1.35084,0.0005699999999999594,1,2025-08-31 22:59:00,-1.0,SL,GBPUSD
2025-09-02,Asia,-1,1.35371,1.35489,0.0011799999999999589,2,2025-09-02 00:59:00,2.0,TP,GBPUSD
2025-09-03,Asia,1,1.33693,1.33657,0.00035999999999991594,2,2025-09-03 01:59:00,-1.0,SL,GBPUSD
2025-09-04,Londres,1,1.3427,1.34152,0.0011799999999999589,1,2025-09-04 07:59:00,2.0,TP,GBPUSD
2025-09-05,Asia,-1,1.3449,1.34509,0.00018999999999991246,3,2025-09-05 00:59:00,-1.0,SL,GBPUSD
2025-09-08,Asia,1,1.35013,1.34893,0.0012000000000000899,1,2025-09-08 01:59:00,-1.0,SL,GBPUSD
2025-09-09,Asia,-1,1.35525,1.35587,0.0006199999999998429,1,2025-09-08 23:59:00,-1.0,SL,GBPUSD
2025-09-10,Asia,1,1.35297,1.35203,0.0009399999999999409,4,2025-09-09 22:59:00,-1.0,SL,GBPUSD
2025-09-11,Asia,1,1.35377,1.3525,0.0012699999999998823,7,2025-09-10 22:58:00,-1.0,SL,GBPUSD
2025-09-12,Asia,-1,1.35737,1.35813,0.0007600000000000939,7,2025-09-11 23:59:00,2.0,TP,GBPUSD
2025-09-15,Asia,1,1.35524,1.35505,0.00018999999999991246,4,2025-09-14 23:59:00,-1.0,SL,GBPUSD
2025-09-16,Asia,-1,1.3617,1.36257,0.0008700000000001484,1,2025-09-16 03:59:00,-1.0,SL,GBPUSD
2025-09-17,Asia,-1,1.36447,1.36598,0.0015099999999999003,2,2025-09-17 00:59:00,-1.0,SL,GBPUSD
2025-09-18,Asia,1,1.3629,1.36228,0.0006200000000000649,4,2025-09-17 22:59:00,-1.0,SL,GBPUSD
2025-09-19,Asia,1,1.35409,1.35296,0.0011300000000000754,1,2025-09-19 02:59:00,-1.0,SL,GBPUSD
2025-09-22,Asia,1,1.34703,1.34611,0.0009200000000000319,2,2025-09-21 22:59:00,-1.0,SL,GBPUSD
2025-09-23,Asia,-1,1.3509,1.3525,0.0016000000000000458,1,2025-09-23 02:59:00,-1.0,SL,GBPUSD
2025-09-24,Asia,-1,1.35245,1.35287,0.00042000000000008697,3,2025-09-23 22:59:00,2.0,TP,GBPUSD
2025-09-25,Asia,1,1.34564,1.3447500000000001,0.0008899999999998354,2,2025-09-25 00:59:00,-1.0,SL,GBPUSD
2025-09-26,Londres,-1,1.33524,1.33705,0.0018100000000000893,1,2025-09-26 07:59:00,-1.0,SL,GBPUSD
2025-09-29,Asia,1,1.34235,1.34052,0.0018299999999999983,6,2025-09-29 00:59:00,2.0,TP,GBPUSD
2025-09-30,Asia,1,1.34248,1.34192,0.0005599999999998939,2,2025-09-30 00:59:00,2.0,TP,GBPUSD
2025-10-01,Asia,-1,1.34432,1.34523,0.0009099999999999664,3,2025-09-30 22:59:00,-1.0,SL,GBPUSD
2025-10-02,Asia,-1,1.34692,1.34794,0.0010200000000000209,3,2025-10-02 00:59:00,-1.0,SL,GBPUSD
2025-10-03,Asia,-1,1.34407,1.34554,0.0014699999999998603,8,2025-10-02 22:59:00,-1.0,SL,GBPUSD
2025-10-06,Asia,1,1.34346,1.34213,0.0013300000000000534,3,2025-10-05 22:59:00,2.0,TP,GBPUSD
2025-10-07,Asia,-1,1.34816,1.34875,0.0005899999999998684,8,2025-10-06 22:59:00,2.0,TP,GBPUSD
2025-10-08,Asia,1,1.33968,1.33908,0.0005999999999999339,1,2025-10-08 02:59:00,-1.0,SL,GBPUSD
2025-10-09,Londres,1,1.3387,1.33576,0.0029399999999999427,2,2025-10-09 09:59:00,-1.0,SL,GBPUSD
2025-10-10,Londres,1,1.32958,1.3287,0.0008799999999999919,1,2025-10-10 06:59:00,-1.0,SL,GBPUSD
2025-10-13,Asia,-1,1.33417,1.33542,0.0012499999999999734,1,2025-10-12 22:59:00,-1.0,SL,GBPUSD
2025-10-14,Asia,1,1.3336,1.33246,0.0011399999999999189,3,2025-10-14 00:59:00,-1.0,SL,GBPUSD
2025-10-15,Asia,1,1.33188,1.33137,0.0005100000000000104,5,2025-10-14 22:59:00,2.0,TP,GBPUSD
2025-10-16,Londres,-1,1.3438,1.34438,0.0005799999999998029,1,2025-10-16 08:59:00,-1.0,SL,GBPUSD
2025-10-17,Asia,-1,1.34367,1.34455,0.0008799999999999919,3,2025-10-16 22:59:00,-1.0,SL,GBPUSD
2025-10-20,Asia,-1,1.34275,1.34303,0.00027999999999983594,1,2025-10-19 22:59:00,-1.0,SL,GBPUSD
2025-10-21,Asia,1,1.34139,1.34017,0.0012199999999999989,6,2025-10-21 00:59:00,-1.0,SL,GBPUSD
2025-10-22,Asia,1,1.33708,1.33625,0.0008300000000001084,2,2025-10-22 00:59:00,-1.0,SL,GBPUSD
2025-10-23,NY,1,1.33431,1.33255,0.0017600000000002058,1,2025-10-23 12:59:00,-1.0,SL,GBPUSD
2025-10-24,Asia,1,1.33299,1.33241,0.0005799999999998029,3,2025-10-24 00:59:00,-1.0,SL,GBPUSD
2025-10-27,Asia,-1,1.33236,1.33291,0.0005500000000000504,1,2025-10-26 23:59:00,-1.0,SL,GBPUSD
2025-10-28,Asia,-1,1.33499,1.33545,0.000460000000000127,2,2025-10-27 23:59:00,-1.0,SL,GBPUSD
2025-10-29,NY,1,1.3227,1.32006,0.0026399999999999757,2,2025-10-29 13:59:00,-1.0,SL,GBPUSD
2025-10-30,Asia,1,1.3203,1.31861,0.0016899999999999693,2,2025-10-29 23:59:00,-1.0,SL,GBPUSD
2025-10-31,Asia,1,1.31399,1.31357,0.00042000000000008697,4,2025-10-31 05:59:00,-1.0,SL,GBPUSD
2025-11-03,Asia,-1,1.31332,1.31428,0.0009599999999998499,1,2025-11-02 23:59:00,-1.0,SL,GBPUSD
2025-11-04,Asia,1,1.31276,1.31218,0.0005800000000000249,4,2025-11-04 03:59:00,-1.0,SL,GBPUSD
2025-11-05,Londres,-1,1.3025,1.30409,0.0015899999999999803,1,2025-11-05 10:59:00,-1.0,SL,GBPUSD
2025-11-06,Asia,-1,1.30518,1.3054,0.00021999999999988695,2,2025-11-05 23:59:00,-1.0,SL,GBPUSD
2025-11-07,Asia,-1,1.31293,1.31427,0.0013400000000001189,8,2025-11-07 00:59:00,2.0,TP,GBPUSD
2025-11-10,Asia,-1,1.31412,1.31583,0.0017100000000001003,4,2025-11-09 23:59:00,-1.0,SL,GBPUSD
2025-11-11,Asia,-1,1.31718,1.31781,0.0006299999999999084,5,2025-11-10 23:59:00,2.0,TP,GBPUSD
2025-11-12,Asia,1,1.31519,1.31465,0.0005399999999999849,3,2025-11-11 23:59:00,-1.0,SL,GBPUSD
2025-11-13,Asia,1,1.31174,1.31141,0.00032999999999994145,5,2025-11-13 00:59:00,-1.0,SL,GBPUSD
2025-11-14,Asia,-1,1.31525,1.31812,0.002869999999999928,5,2025-11-13 23:59:00,-1.0,SL,GBPUSD
2025-11-17,Asia,-1,1.31583,1.31728,0.0014499999999999513,1,2025-11-16 23:59:00,-1.0,SL,GBPUSD
2025-11-18,Asia,1,1.31509,1.31439,0.000700000000000145,2,2025-11-18 01:59:00,2.0,TP,GBPUSD
2025-11-19,Asia,1,1.31468,1.3142,0.00048000000000003595,3,2025-11-18 23:59:00,-1.0,SL,GBPUSD
2025-11-20,Asia,1,1.30522,1.30367,0.0015499999999999403,1,2025-11-20 02:59:00,2.0,TP,GBPUSD
2025-11-21,Asia,-1,1.30828,1.30864,0.00035999999999991594,2,2025-11-20 23:59:00,2.0,TP,GBPUSD
2025-11-24,Asia,-1,1.30956,1.31005,0.0004899999999998794,1,2025-11-23 23:59:00,2.0,TP,GBPUSD
2025-11-25,Asia,-1,1.31076,1.31168,0.0009200000000000319,3,2025-11-25 01:59:00,-1.0,SL,GBPUSD
2025-11-26,Londres,1,1.31614,1.31562,0.000520000000000076,1,2025-11-26 10:59:00,-1.0,SL,GBPUSD
2025-11-27,Asia,-1,1.32429,1.32646,0.0021700000000000053,1,2025-11-27 06:59:00,0.691244239631361,tiempo,GBPUSD
2025-11-28,Asia,1,1.32401,1.32312,0.0008899999999998354,3,2025-11-27 23:59:00,-1.0,SL,GBPUSD
2025-12-01,Asia,-1,1.32388,1.32495,0.0010700000000001264,4,2025-11-30 23:59:00,2.0,TP,GBPUSD
2025-12-02,Asia,1,1.32064,1.32039,0.0002500000000000835,2,2025-12-02 00:59:00,-1.0,SL,GBPUSD
2025-12-03,Asia,-1,1.32196,1.32219,0.00022999999999995246,2,2025-12-02 23:59:00,-1.0,SL,GBPUSD
2025-12-04,Londres,-1,1.33427,1.3359699999999999,0.0016999999999998128,1,2025-12-04 08:59:00,-1.0,SL,GBPUSD
2025-12-05,Asia,1,1.33218,1.33192,0.00025999999999992696,1,2025-12-04 23:59:00,2.0,TP,GBPUSD
2025-12-08,Asia,-1,1.33257,1.33326,0.0006899999999998574,1,2025-12-07 23:59:00,-1.0,SL,GBPUSD
2025-12-09,Asia,1,1.33267,1.33166,0.0010099999999999554,3,2025-12-08 23:59:00,2.0,TP,GBPUSD
2025-12-10,Asia,1,1.33071,1.33029,0.00042000000000008697,4,2025-12-10 05:59:00,2.0,TP,GBPUSD
2025-12-11,Asia,-1,1.33881,1.33921,0.00039999999999995595,1,2025-12-10 23:59:00,2.0,TP,GBPUSD
2025-12-12,Asia,-1,1.33931,1.33946,0.0001500000000000945,2,2025-12-11 23:59:00,-1.0,SL,GBPUSD
2025-12-15,Asia,1,1.3367,1.33628,0.00042000000000008697,3,2025-12-14 23:59:00,-1.0,SL,GBPUSD
2025-12-16,Asia,-1,1.33693,1.3384,0.0014700000000000824,3,2025-12-16 00:59:00,-1.0,SL,GBPUSD
2025-12-17,Asia,-1,1.33943,1.34109,0.0016599999999999948,4,2025-12-17 04:59:00,2.0,TP,GBPUSD
2025-12-18,Asia,-1,1.33733,1.33785,0.000520000000000076,2,2025-12-17 23:59:00,-1.0,SL,GBPUSD
2025-12-19,Asia,-1,1.33824,1.33876,0.0005199999999998539,9,2025-12-19 01:59:00,2.0,TP,GBPUSD
2025-12-22,Asia,-1,1.33777,1.33846,0.0006900000000000794,1,2025-12-21 23:59:00,-1.0,SL,GBPUSD
2025-12-23,Asia,-1,1.34767,1.34842,0.0007500000000000284,1,2025-12-23 01:59:00,-1.0,SL,GBPUSD
2025-12-24,Asia,-1,1.3516,1.35283,0.0012300000000000644,1,2025-12-24 03:59:00,2.0,TP,GBPUSD
2025-12-25,Asia,1,1.34913,1.3485800000000001,0.0005499999999998284,1,2025-12-24 23:55:00,2.0,TP,GBPUSD
2025-12-26,Asia,1,1.35076,1.34992,0.0008399999999999519,2,2025-12-25 23:59:00,-1.0,SL,GBPUSD
2025-12-29,Asia,-1,1.34966,1.3502,0.0005399999999999849,1,2025-12-28 23:59:00,-1.0,SL,GBPUSD
2025-12-30,Asia,1,1.35085,1.3501400000000001,0.0007099999999999884,9,2025-12-29 23:59:00,-1.0,SL,GBPUSD
2025-12-31,Londres,1,1.34559,1.34499,0.000600000000000156,1,2025-12-31 07:59:00,-1.0,SL,GBPUSD
2026-01-01,NY,1,1.34695,1.34599,0.0009600000000000719,8,2026-01-01 22:59:00,2.0,TP,GBPUSD
2026-01-02,Asia,1,1.34735,1.34672,0.0006300000000001305,9,2026-01-01 23:59:00,2.0,TP,GBPUSD
2026-01-05,Asia,1,1.34429,1.34361,0.0006800000000000139,1,2026-01-05 00:59:00,-1.0,SL,GBPUSD
2026-01-06,Londres,-1,1.35504,1.35684,0.0018000000000000238,1,2026-01-06 07:59:00,2.0,TP,GBPUSD
2026-01-07,Asia,-1,1.34993,1.3504,0.00046999999999997044,8,2026-01-06 23:59:00,-1.0,SL,GBPUSD
2026-01-08,Asia,1,1.34555,1.34519,0.00035999999999991594,1,2026-01-08 01:59:00,-1.0,SL,GBPUSD
2026-01-09,Asia,1,1.34321,1.34302,0.00018999999999991246,2,2026-01-09 00:59:00,-1.0,SL,GBPUSD
2026-01-12,Asia,1,1.33934,1.3391,0.00024000000000001798,2,2026-01-11 23:59:00,-1.0,SL,GBPUSD
2026-01-13,Asia,-1,1.34699,1.3477999999999999,0.0008099999999999774,2,2026-01-13 01:59:00,-1.0,SL,GBPUSD
2026-01-14,Asia,1,1.34254,1.34201,0.0005300000000001415,10,2026-01-13 23:59:00,-1.0,SL,GBPUSD
2026-01-15,Asia,1,1.34397,1.34356,0.00041000000000002146,2,2026-01-14 23:59:00,-1.0,SL,GBPUSD
2026-01-16,Londres,-1,1.33904,1.33928,0.00024000000000001798,1,2026-01-16 07:59:00,-1.0,SL,GBPUSD
2026-01-19,Asia,1,1.34018,1.33501,0.005169999999999897,2,2026-01-18 23:59:00,0.30947775628628194,tiempo,GBPUSD
2026-01-20,Asia,1,1.34235,1.34145,0.0008999999999999009,10,2026-01-20 01:59:00,2.0,TP,GBPUSD
2026-01-21,Asia,-1,1.34434,1.34553,0.0011899999999998023,3,2026-01-21 02:59:00,2.0,TP,GBPUSD
2026-01-22,Asia,1,1.34292,1.3415300000000001,0.0013899999999997803,4,2026-01-22 00:59:00,-1.0,SL,GBPUSD
2026-01-23,Asia,-1,1.34992,1.35093,0.0010099999999999554,1,2026-01-22 23:59:00,-1.0,SL,GBPUSD
2026-01-26,Asia,1,1.36644,1.36535,0.0010900000000000354,1,2026-01-25 23:59:00,-1.0,SL,GBPUSD
2026-01-27,Asia,-1,1.36746,1.36801,0.0005500000000000504,2,2026-01-26 23:59:00,-1.0,SL,GBPUSD
2026-01-28,Londres,1,1.37924,1.37752,0.0017199999999999438,1,2026-01-28 10:59:00,-1.0,SL,GBPUSD
2026-01-29,Asia,-1,1.38204,1.38357,0.0015300000000000313,2,2026-01-29 00:59:00,-1.0,SL,GBPUSD
2026-01-30,Asia,-1,1.38078,1.38155,0.0007700000000001594,4,2026-01-29 23:59:00,2.0,TP,GBPUSD
2026-02-02,Asia,1,1.36757,1.3660700000000001,0.0014999999999998348,1,2026-02-01 23:59:00,-1.0,SL,GBPUSD
2026-02-03,Asia,1,1.36725,1.36589,0.0013600000000000279,3,2026-02-02 23:59:00,2.0,TP,GBPUSD
2026-02-04,Asia,-1,1.36968,1.37021,0.0005299999999999194,3,2026-02-03 23:59:00,-1.0,SL,GBPUSD
2026-02-05,Asia,1,1.36517,1.36429,0.0008799999999999919,5,2026-02-05 00:59:00,-1.0,SL,GBPUSD
2026-02-06,Asia,1,1.35298,1.35073,0.0022500000000000853,1,2026-02-06 00:59:00,2.0,TP,GBPUSD
2026-02-09,Asia,1,1.36096,1.35866,0.0022999999999999687,1,2026-02-08 23:59:00,-1.0,SL,GBPUSD
2026-02-10,Londres,1,1.36718,1.36659,0.0005900000000000905,1,2026-02-10 07:59:00,-1.0,SL,GBPUSD
2026-02-11,Asia,1,1.36387,1.36303,0.0008399999999999519,1,2026-02-11 00:59:00,2.0,TP,GBPUSD
2026-02-12,Asia,1,1.36225,1.36186,0.00038999999999989043,7,2026-02-11 23:59:00,-1.0,SL,GBPUSD
2026-02-13,Asia,1,1.36213,1.36138,0.0007500000000000284,10,2026-02-13 00:59:00,-1.0,SL,GBPUSD
2026-02-16,Asia,-1,1.36407,1.36491,0.0008400000000001739,1,2026-02-16 00:59:00,-1.0,SL,GBPUSD
2026-02-17,Asia,1,1.36191,1.36173,0.00017999999999984695,1,2026-02-17 00:59:00,-1.0,SL,GBPUSD
2026-02-18,Asia,-1,1.35624,1.35734,0.001100000000000101,1,2026-02-17 23:59:00,-1.0,SL,GBPUSD
2026-02-19,Asia,1,1.34895,1.34872,0.0002300000000001745,1,2026-02-19 00:59:00,2.0,TP,GBPUSD
2026-02-20,Asia,1,1.34615,1.34545,0.0006999999999999229,2,2026-02-20 00:59:00,-1.0,SL,GBPUSD
2026-02-23,Asia,1,1.3532,1.34859,0.004610000000000003,8,2026-02-22 23:59:00,-1.0,SL,GBPUSD
2026-02-24,Asia,1,1.34954,1.34848,0.001060000000000061,3,2026-02-23 23:59:00,-1.0,SL,GBPUSD
2026-02-25,Asia,-1,1.34954,1.34988,0.00034000000000000696,7,2026-02-24 23:59:00,-1.0,SL,GBPUSD
2026-02-26,Asia,-1,1.35635,1.35759,0.0012400000000001299,1,2026-02-26 02:59:00,2.0,TP,GBPUSD
2026-02-27,Asia,1,1.3491,1.3478,0.0012999999999998568,5,2026-02-26 23:59:00,-1.0,SL,GBPUSD
2026-03-02,Asia,-1,1.3405,1.34364,0.0031399999999999206,1,2026-03-01 23:59:00,-1.0,SL,GBPUSD
2026-03-03,Asia,1,1.34078,1.3399,0.0008799999999999919,4,2026-03-02 23:59:00,-1.0,SL,GBPUSD
2026-03-04,Asia,-1,1.3351,1.33645,0.0013499999999999623,2,2026-03-03 23:59:00,2.0,TP,GBPUSD
2026-03-05,Asia,-1,1.33688,1.33725,0.00036999999999998145,4,2026-03-04 23:59:00,-1.0,SL,GBPUSD
2026-03-06,Asia,1,1.33553,1.33474,0.0007900000000000684,9,2026-03-05 23:59:00,2.0,TP,GBPUSD
2026-03-09,Asia,1,1.33,1.32951,0.0004900000000001015,1,2026-03-08 23:59:00,-1.0,SL,GBPUSD
2026-03-10,Londres,-1,1.34592,1.3484099999999999,0.002489999999999881,1,2026-03-10 07:59:00,2.0,TP,GBPUSD
2026-03-11,Asia,1,1.34304,1.34132,0.0017199999999999438,2,2026-03-10 23:59:00,-1.0,SL,GBPUSD
2026-03-12,Asia,1,1.33822,1.33686,0.0013600000000000279,1,2026-03-11 23:59:00,-1.0,SL,GBPUSD
2026-03-13,Asia,1,1.33631,1.33492,0.0013900000000000023,2,2026-03-12 23:59:00,-1.0,SL,GBPUSD
2026-03-16,Asia,1,1.325,1.32398,0.0010200000000000209,3,2026-03-16 05:59:00,-1.0,SL,GBPUSD
2026-03-17,Asia,-1,1.33024,1.33134,0.0010999999999998789,2,2026-03-16 23:59:00,-1.0,SL,GBPUSD
2026-03-18,Asia,-1,1.33511,1.33642,0.0013099999999999223,2,2026-03-17 23:59:00,-1.0,SL,GBPUSD
2026-03-19,Asia,1,1.32854,1.3262,0.0023400000000000087,6,2026-03-18 23:59:00,-1.0,SL,GBPUSD
2026-03-20,Londres,-1,1.34171,1.34374,0.0020299999999999763,1,2026-03-20 07:59:00,2.0,TP,GBPUSD
2026-03-23,Asia,-1,1.33198,1.33401,0.0020299999999999763,1,2026-03-22 23:59:00,-1.0,SL,GBPUSD
2026-03-24,Asia,1,1.34008,1.3392,0.0008799999999999919,7,2026-03-23 23:59:00,-1.0,SL,GBPUSD
2026-03-25,Asia,-1,1.34285,1.34368,0.0008299999999998864,1,2026-03-24 23:59:00,2.0,TP,GBPUSD
2026-03-26,Asia,1,1.33588,1.3353,0.0005800000000000249,1,2026-03-25 23:59:00,-1.0,SL,GBPUSD
2026-03-27,Londres,1,1.33136,1.33081,0.0005500000000000504,1,2026-03-27 07:59:00,-1.0,SL,GBPUSD
2026-03-30,Asia,1,1.32578,1.32439,0.0013900000000000023,1,2026-03-30 02:59:00,-1.0,SL,GBPUSD
2026-03-31,Asia,1,1.32002,1.31579,0.004229999999999956,1,2026-03-31 00:59:00,2.0,TP,GBPUSD
2026-04-01,Asia,1,1.32306,1.3219,0.0011599999999998278,5,2026-03-31 22:59:00,2.0,TP,GBPUSD
2026-04-02,Asia,1,1.3255,1.32464,0.0008599999999998609,2,2026-04-02 01:59:00,-1.0,SL,GBPUSD
2026-04-03,Asia,-1,1.32255,1.32271,0.00016000000000016001,2,2026-04-02 22:59:00,-1.0,SL,GBPUSD
2026-04-06,Asia,-1,1.31905,1.3194,0.00034999999999985043,1,2026-04-05 22:59:00,-1.0,SL,GBPUSD
2026-04-07,Asia,-1,1.32335,1.3243,0.0009500000000000064,5,2026-04-06 22:59:00,2.0,TP,GBPUSD
2026-04-08,NY,-1,1.34476,1.34829,0.003530000000000033,1,2026-04-08 13:59:00,-0.18696883852694016,tiempo,GBPUSD
2026-04-09,Asia,1,1.33911,1.33799,0.0011200000000000099,1,2026-04-09 01:59:00,2.0,TP,GBPUSD
2026-04-10,Asia,-1,1.34263,1.34374,0.0011099999999999444,2,2026-04-09 22:59:00,-1.0,SL,GBPUSD
2026-04-13,Asia,1,1.33936,1.33796,0.0014000000000000679,1,2026-04-12 23:59:00,2.0,TP,GBPUSD
2026-04-14,Asia,-1,1.35054,1.3516299999999999,0.0010899999999998133,1,2026-04-14 01:59:00,-1.0,SL,GBPUSD
2026-04-15,Asia,-1,1.35743,1.358,0.0005700000000001815,2,2026-04-14 23:59:00,2.0,TP,GBPUSD
2026-04-16,Asia,1,1.3567,1.35566,0.0010399999999999299,4,2026-04-15 22:59:00,2.0,TP,GBPUSD
2026-04-17,Asia,-1,1.35204,1.35272,0.0006800000000000139,9,2026-04-17 00:59:00,2.0,TP,GBPUSD
2026-04-20,Asia,1,1.34869,1.34737,0.0013199999999999878,1,2026-04-19 22:59:00,2.0,TP,GBPUSD
2026-04-21,Asia,1,1.35382,1.3529,0.0009200000000000319,9,2026-04-20 22:59:00,-1.0,SL,GBPUSD
2026-04-22,Asia,1,1.35088,1.35002,0.0008600000000000829,4,2026-04-21 23:59:00,2.0,TP,GBPUSD
2026-04-23,Asia,1,1.3501,1.34975,0.0003500000000000725,2,2026-04-22 22:59:00,-1.0,SL,GBPUSD
2026-04-24,Londres,1,1.34766,1.34591,0.0017500000000001403,8,2026-04-24 07:59:00,2.0,TP,GBPUSD
2026-04-27,Asia,-1,1.35144,1.35229,0.0008500000000000174,5,2026-04-26 22:59:00,-1.0,SL,GBPUSD
2026-04-28,Asia,-1,1.35321,1.35419,0.0009799999999999809,5,2026-04-28 00:59:00,2.0,TP,GBPUSD
2026-04-29,Asia,-1,1.35207,1.35234,0.00026999999999999247,1,2026-04-28 22:59:00,-1.0,SL,GBPUSD
2026-04-30,Asia,1,1.34605,1.34539,0.0006599999999998829,1,2026-04-30 04:59:00,-1.0,SL,GBPUSD
2026-05-01,Londres,-1,1.36104,1.36233,0.0012900000000000134,1,2026-05-01 06:59:00,-1.0,SL,GBPUSD
2026-05-04,Asia,-1,1.35889,1.3603399999999999,0.0014499999999999513,1,2026-05-03 22:59:00,2.0,TP,GBPUSD
2026-05-05,Asia,1,1.35243,1.35217,0.00025999999999992696,2,2026-05-05 00:59:00,-1.0,SL,GBPUSD
2026-05-06,Asia,-1,1.35674,1.35805,0.0013099999999999223,1,2026-05-05 23:59:00,-1.0,SL,GBPUSD
2026-05-07,Asia,-1,1.35909,1.3597299999999999,0.0006399999999999739,3,2026-05-06 23:59:00,-1.0,SL,GBPUSD
2026-05-08,Asia,-1,1.35472,1.3555,0.0007800000000000029,8,2026-05-07 22:59:00,-1.0,SL,GBPUSD
2026-05-11,Asia,1,1.35891,1.3563,0.002610000000000001,3,2026-05-10 22:59:00,2.0,TP,GBPUSD
2026-05-12,Asia,-1,1.36069,1.36103,0.00034000000000000696,10,2026-05-11 22:59:00,2.0,TP,GBPUSD
2026-05-13,Asia,-1,1.35408,1.35462,0.0005399999999999849,1,2026-05-13 01:59:00,-1.0,SL,GBPUSD
2026-05-14,Asia,-1,1.35267,1.35325,0.0005800000000000249,1,2026-05-13 22:59:00,-1.0,SL,GBPUSD
2026-05-15,Londres,1,1.33504,1.33337,0.0016700000000000603,1,2026-05-15 06:59:00,-1.0,SL,GBPUSD
2026-05-18,Asia,1,1.33156,1.33094,0.0006200000000000649,2,2026-05-17 22:59:00,-1.0,SL,GBPUSD
2026-05-19,Londres,1,1.33997,1.33959,0.00038000000000004697,1,2026-05-19 06:59:00,-1.0,SL,GBPUSD
2026-05-20,Asia,-1,1.33955,1.34049,0.0009399999999999409,10,2026-05-19 23:59:00,-1.0,SL,GBPUSD
2026-05-21,Asia,-1,1.34357,1.34385,0.000280000000000058,6,2026-05-20 22:59:00,2.0,TP,GBPUSD
2026-05-22,Londres,1,1.34242,1.34157,0.0008500000000000174,1,2026-05-22 06:59:00,-1.0,SL,GBPUSD
2026-05-25,NY,-1,1.35004,1.35073,0.0006900000000000794,1,2026-05-25 12:59:00,-1.0,SL,GBPUSD
2026-05-26,Asia,1,1.34941,1.34868,0.0007299999999998974,1,2026-05-26 00:59:00,-1.0,SL,GBPUSD
2026-05-27,Asia,1,1.34543,1.34483,0.0005999999999999339,6,2026-05-26 23:59:00,-1.0,SL,GBPUSD
2026-05-28,NY,1,1.34207,1.34019,0.0018800000000001038,3,2026-05-28 12:59:00,2.0,TP,GBPUSD
2026-05-29,Asia,1,1.3438,1.34308,0.0007200000000000539,7,2026-05-29 04:59:00,-1.0,SL,GBPUSD
2026-06-01,Asia,-1,1.34484,1.3455,0.0006599999999998829,4,2026-05-31 22:59:00,-1.0,SL,GBPUSD
2026-06-02,Asia,1,1.34574,1.34519,0.0005499999999998284,2,2026-06-01 22:59:00,-1.0,SL,GBPUSD
2026-06-03,Asia,1,1.34614,1.34584,0.00029999999999996696,2,2026-06-02 22:59:00,-1.0,SL,GBPUSD
2026-06-04,Asia,1,1.3422,1.34103,0.0011700000000001154,1,2026-06-03 22:59:00,2.0,TP,GBPUSD
2026-06-05,Asia,1,1.34234,1.34146,0.0008799999999999919,1,2026-06-05 01:59:00,2.0,TP,GBPUSD
2026-06-08,Asia,-1,1.33235,1.33308,0.0007300000000001194,1,2026-06-07 22:59:00,-1.0,SL,GBPUSD
2026-06-09,Asia,1,1.33359,1.33295,0.0006399999999999739,1,2026-06-09 00:59:00,2.0,TP,GBPUSD
2026-06-10,Londres,-1,1.33829,1.33979,0.0015000000000000568,1,2026-06-10 06:59:00,-1.0,SL,GBPUSD
2026-06-11,Asia,-1,1.33553,1.33704,0.0015099999999999003,6,2026-06-10 22:59:00,-1.0,SL,GBPUSD
2026-06-12,Asia,-1,1.34139,1.34271,0.0013199999999999878,4,2026-06-11 23:59:00,2.0,TP,GBPUSD
2026-06-15,Londres,-1,1.34324,1.34455,0.0013099999999999223,6,2026-06-15 07:59:00,2.0,TP,GBPUSD
2026-06-16,Asia,1,1.34042,1.3396,0.0008200000000000429,1,2026-06-16 02:59:00,-1.0,SL,GBPUSD
2026-06-17,Asia,-1,1.34249,1.3431899999999999,0.0006999999999999229,9,2026-06-16 23:59:00,-1.0,SL,GBPUSD
2026-06-18,Londres,-1,1.33123,1.33256,0.0013300000000000534,1,2026-06-18 06:59:00,2.0,TP,GBPUSD
2026-06-19,Asia,1,1.32088,1.31999,0.0008900000000000574,2,2026-06-19 00:59:00,-1.0,SL,GBPUSD
2026-06-22,Asia,1,1.32074,1.31912,0.0016199999999999548,5,2026-06-21 22:59:00,-1.0,SL,GBPUSD
2026-06-23,Asia,-1,1.32464,1.32501,0.00036999999999998145,2,2026-06-22 23:59:00,2.0,TP,GBPUSD
2026-06-24,Asia,-1,1.31998,1.3202099999999999,0.00022999999999995246,7,2026-06-23 22:59:00,-1.0,SL,GBPUSD
2026-06-25,Asia,-1,1.31706,1.31834,0.0012800000000001699,1,2026-06-25 01:59:00,-1.0,SL,GBPUSD
2026-06-26,Asia,1,1.3187,1.31834,0.00035999999999991594,6,2026-06-25 23:59:00,2.0,TP,GBPUSD
2026-06-29,Asia,1,1.31944,1.31893,0.0005100000000000104,3,2026-06-28 22:59:00,2.0,TP,GBPUSD
2026-06-30,Asia,-1,1.32332,1.32397,0.0006500000000000394,2,2026-06-30 03:59:00,-1.0,SL,GBPUSD
2026-07-01,Asia,-1,1.32452,1.32523,0.0007099999999999884,2,2026-07-01 00:59:00,2.0,TP,GBPUSD
2026-07-02,Asia,-1,1.32854,1.32955,0.0010099999999999554,1,2026-07-02 02:59:00,-1.0,SL,GBPUSD
2026-07-03,Asia,-1,1.33555,1.33644,0.0008900000000000574,2,2026-07-03 01:59:00,-1.0,SL,GBPUSD
2026-07-06,Asia,-1,1.3348,1.33548,0.0006800000000000139,1,2026-07-05 22:59:00,-1.0,SL,GBPUSD
2026-07-07,Asia,-1,1.33937,1.3402,0.0008300000000001084,1,2026-07-06 23:59:00,2.0,TP,GBPUSD
2026-07-08,Asia,1,1.3352,1.33476,0.00043999999999999595,9,2026-07-07 22:59:00,-1.0,SL,GBPUSD
2026-07-09,Asia,-1,1.33934,1.33955,0.00021000000000004349,5,2026-07-08 23:59:00,-1.0,SL,GBPUSD
2026-07-10,Asia,-1,1.34301,1.34398,0.0009699999999999154,2,2026-07-10 04:59:00,2.0,TP,GBPUSD
2026-07-13,Asia,1,1.3386,1.3370900000000001,0.0015099999999999003,1,2026-07-12 23:59:00,-1.0,SL,GBPUSD
2026-07-14,Londres,1,1.33742,1.33528,0.0021400000000000308,3,2026-07-14 08:59:00,2.0,TP,GBPUSD
2026-07-15,Asia,1,1.33963,1.33891,0.0007200000000000539,8,2026-07-14 23:59:00,2.0,TP,GBPUSD
2026-07-16,Londres,1,1.35204,1.35177,0.00026999999999999247,1,2026-07-16 08:59:00,-1.0,SL,GBPUSD
2026-07-17,Asia,1,1.34628,1.34561,0.0006699999999999484,1,2026-07-17 05:59:00,2.0,TP,GBPUSD
2026-07-20,Asia,-1,1.34436,1.34481,0.00045000000000006146,1,2026-07-19 22:59:00,-1.0,SL,GBPUSD
2026-07-21,Asia,1,1.34309,1.34246,0.0006299999999999084,5,2026-07-20 23:59:00,2.0,TP,GBPUSD
2026-07-22,Londres,-1,1.33793,1.33918,0.0012499999999999734,1,2026-07-22 06:59:00,-1.0,SL,GBPUSD
2026-07-23,Asia,1,1.33745,1.33688,0.0005699999999999594,3,2026-07-22 23:59:00,2.0,TP,GBPUSD
2026-07-24,Londres,-1,1.33209,1.33377,0.0016799999999999038,1,2026-07-24 08:59:00,-1.0,SL,GBPUSD
2026-07-27,Asia,-1,1.33424,1.33571,0.0014699999999998603,2,2026-07-26 22:59:00,-1.0,SL,GBPUSD
2026-07-28,Asia,1,1.32979,1.32896,0.0008300000000001084,8,2026-07-28 02:59:00,-1.0,SL,GBPUSD
2026-07-29,Asia,1,1.32843,1.32819,0.00024000000000001798,4,2026-07-28 22:59:00,-1.0,SL,GBPUSD
2026-07-30,Asia,-1,1.33549,1.33691,0.0014199999999999768,8,2026-07-30 00:59:00,-1.0,SL,GBPUSD
2026-07-31,Londres,1,1.34593,1.34339,0.0025399999999999867,1,2026-07-31 08:59:00,-1.0,SL,GBPUSD
