instr,dia,lado,ent,stp,tp,sl_pips,rr,R,Rn,tipo
EURUSD,2020-03-03,1,1.111745,1.110545,1.11555,12.0,3.170833333333382,-1.0,-1.1191666666666666,mecha
EURUSD,2020-03-06,-1,1.1275300000000001,1.1287300000000002,1.12112,12.0,5.341666666666874,-1.0,-1.1191666666666666,mecha
EURUSD,2020-03-16,-1,1.12165,1.1228500000000001,1.10849,12.0,10.966666666666717,-1.0,-1.1191666666666666,mecha
EURUSD,2020-03-17,1,1.1104850000000002,1.109285,1.11891,12.0,7.020833333333253,-1.0,-1.1191666666666666,mecha
EURUSD,2020-03-25,-1,1.0842399999999999,1.08544,1.07838,12.0,4.883333333333313,-1.0,-1.1191666666666666,mecha
EURUSD,2020-03-26,-1,1.0936400000000002,1.0948400000000003,1.08919,12.0,3.708333333333387,-1.0,-1.1191666666666666,mecha
EURUSD,2020-04-08,1,1.0851,1.0838999999999999,1.09019,12.0,4.241666666666699,1.475000000000041,1.3558333333333743,FVG
EURUSD,2020-04-13,-1,1.09641,1.0976100000000002,1.09249,12.0,3.266666666666788,3.266666666666788,3.147500000000121,mecha
EURUSD,2020-04-16,1,1.086865,1.0856649999999999,1.09072,12.0,3.212499999999951,-1.0,-1.1191666666666666,mecha
EURUSD,2020-04-27,-1,1.0855199999999998,1.08672,1.08112,12.0,3.6666666666664476,3.324999999999763,3.2058333333330964,mecha
EURUSD,2020-05-12,-1,1.0823999999999998,1.0836,1.07843,12.0,3.3083333333331724,-1.0,-1.1191666666666666,mecha
EURUSD,2020-05-19,-1,1.0941649999999998,1.095365,1.09021,12.0,3.295833333333275,-1.0,-1.1191666666666666,mecha
EURUSD,2020-05-26,-1,1.0936499999999998,1.0948499999999999,1.08945,12.0,3.4999999999997993,-1.0,-1.1191666666666666,mecha
EURUSD,2020-06-03,-1,1.12094,1.1221400000000001,1.1169,12.0,3.3666666666667027,-1.0,-1.1191666666666666,mecha
EURUSD,2020-06-04,1,1.119895,1.118695,1.12365,12.0,3.129166666666627,3.129166666666627,3.0099999999999603,mecha
EURUSD,2020-06-05,-1,1.13734,1.13854,1.13258,12.0,3.9666666666667476,3.9666666666667476,3.847500000000081,mecha
EURUSD,2020-06-09,1,1.12644,1.12524,1.1315,12.0,4.216666666666535,-1.0,-1.1191666666666666,mecha
EURUSD,2020-06-12,-1,1.13135,1.1325500000000002,1.12765,12.0,3.0833333333333637,-1.0,-1.1191666666666666,mecha
EURUSD,2020-07-06,-1,1.1298750000000002,1.1310750000000003,1.12445,12.0,4.520833333333529,-1.0,-1.1191666666666666,mecha
EURUSD,2020-07-07,1,1.12832,1.12712,1.13325,12.0,4.108333333333417,-1.0,-1.1191666666666666,mecha
EURUSD,2020-07-15,-1,1.143535,1.144735,1.1391,12.0,3.6958333333333053,-1.0,-1.1191666666666666,mecha
EURUSD,2020-07-20,-1,1.1454149999999998,1.146615,1.14126,12.0,3.4624999999999235,-1.0,-1.1191666666666666,FVG
EURUSD,2020-07-28,1,1.17032,1.16912,1.17736,12.0,5.866666666666612,4.191666666666556,4.07249999999989,mecha
EURUSD,2020-07-30,1,1.17513,1.17393,1.17897,12.0,3.2000000000000544,-1.0,-1.1191666666666666,mecha
EURUSD,2020-08-13,-1,1.182915,1.184115,1.17854,12.0,3.6458333333333477,-1.0,-1.1191666666666666,mecha
EURUSD,2020-08-28,-1,1.18923,1.19043,1.18109,12.0,6.7833333333333625,-1.0,-1.1191666666666666,mecha
EURUSD,2020-09-02,1,1.1868500000000002,1.18565,1.19287,12.0,5.016666666666595,-1.0,-1.1191666666666666,mecha
EURUSD,2020-09-03,1,1.1798199999999999,1.1786199999999998,1.18546,12.0,4.700000000000074,4.700000000000074,4.580833333333407,mecha
EURUSD,2020-09-21,1,1.182505,1.1813049999999998,1.18717,12.0,3.8875000000001174,-1.0,-1.1191666666666666,mecha
EURUSD,2020-10-26,1,1.18093,1.17973,1.18493,12.0,3.333333333333336,-0.16666666666664828,-0.28583333333331495,mecha
EURUSD,2020-10-28,1,1.174495,1.173295,1.17879,12.0,3.5791666666666146,-1.0,-1.1191666666666666,mecha
EURUSD,2020-11-06,-1,1.183175,1.1843750000000002,1.17952,12.0,3.045833333333488,-1.0,-1.1191666666666666,mecha
EURUSD,2020-11-11,1,1.1789749999999999,1.1777749999999998,1.18327,12.0,3.5791666666667994,-1.0,-1.1191666666666666,mecha
EURUSD,2020-12-07,1,1.209365,1.208165,1.21402,12.0,3.8791666666667295,-1.0,-1.1191666666666666,mecha
EURUSD,2020-12-17,-1,1.2235800000000001,1.2247800000000002,1.21898,12.0,3.833333333333466,-1.0,-1.1191666666666666,mecha
EURUSD,2020-12-23,-1,1.21926,1.22046,1.21538,12.0,3.233333333333421,-1.0,-1.1191666666666666,mecha
EURUSD,2021-01-04,-1,1.228385,1.2295850000000002,1.22385,12.0,3.7791666666666295,-1.0,-1.1191666666666666,mecha
EURUSD,2021-01-06,-1,1.2332999999999998,1.2345,1.22755,12.0,4.791666666666601,-1.0,-1.1191666666666666,mecha
EURUSD,2021-01-07,1,1.230305,1.229105,1.23443,12.0,3.437499999999945,-1.0,-1.1191666666666666,mecha
EURUSD,2021-01-08,1,1.2224300000000001,1.22123,1.22724,12.0,4.008333333333317,4.008333333333317,3.8891666666666502,mecha
EURUSD,2021-01-19,-1,1.2113999999999998,1.2126,1.20772,12.0,3.066666666666588,-1.0,-1.1191666666666666,mecha
EURUSD,2021-02-04,1,1.2002950000000001,1.199095,1.20427,12.0,3.3124999999998663,-1.0,-1.1191666666666666,mecha
EURUSD,2021-02-25,-1,1.220035,1.221235,1.21559,12.0,3.7041666666666933,-1.0,-1.1191666666666666,mecha
EURUSD,2021-03-02,1,1.201075,1.1998749999999998,1.2049,12.0,3.1875000000001577,-1.0,-1.1191666666666666,mecha
EURUSD,2021-03-08,1,1.1888649999999998,1.1876649999999997,1.19321,12.0,3.6208333333335543,-1.0,-1.1191666666666666,FVG
EURUSD,2021-03-09,-1,1.188245,1.189445,1.18355,12.0,3.9124999999999113,-1.0,-1.1191666666666666,mecha
EURUSD,2021-03-12,1,1.1941,1.1928999999999998,1.19884,12.0,3.9499999999999718,-1.0,-1.1191666666666666,mecha
EURUSD,2021-03-18,1,1.19395,1.19275,1.19888,12.0,4.108333333333232,-1.0,-1.1191666666666666,mecha
EURUSD,2021-03-23,1,1.18889,1.18769,1.19369,12.0,3.999999999999929,-1.0,-1.1191666666666666,mecha
EURUSD,2021-04-19,-1,1.197845,1.1990450000000001,1.19424,12.0,3.0041666666667335,-1.0,-1.1191666666666666,mecha
EURUSD,2021-05-04,1,1.20107,1.19987,1.20598,12.0,4.091666666666641,-1.366666666666738,-1.4858333333334046,mecha
EURUSD,2021-05-14,-1,1.211155,1.212355,1.20708,12.0,3.3958333333333752,-1.0,-1.1191666666666666,mecha
EURUSD,2021-05-18,-1,1.22039,1.2215900000000002,1.21523,12.0,4.300000000000044,-1.0,-1.1191666666666666,mecha
EURUSD,2021-05-25,-1,1.225825,1.227025,1.22113,12.0,3.9124999999999113,0.9375000000000354,0.8183333333333688,mecha
EURUSD,2021-06-17,1,1.1952349999999998,1.1940349999999997,1.20062,12.0,4.487500000000162,-1.0,-1.1191666666666666,FVG
EURUSD,2021-09-23,-1,1.172115,1.173315,1.16834,12.0,3.1458333333334028,-1.0,-1.1191666666666666,mecha
EURUSD,2021-10-19,-1,1.16558,1.1667800000000002,1.16084,12.0,3.9499999999999718,-1.0,-1.1191666666666666,mecha
EURUSD,2021-11-04,1,1.155215,1.154015,1.16125,12.0,5.029166666666492,-1.0,-1.1191666666666666,mecha
EURUSD,2021-11-19,1,1.131485,1.130285,1.13692,12.0,4.529166666666547,-1.0,-1.1191666666666666,mecha
EURUSD,2021-11-26,-1,1.1274199999999999,1.12862,1.12067,12.0,5.624999999999843,-1.0,-1.1191666666666666,mecha
EURUSD,2021-11-30,-1,1.13367,1.13487,1.12847,12.0,4.333333333333226,-1.0,-1.1191666666666666,mecha
EURUSD,2022-01-21,-1,1.13371,1.13491,1.13009,12.0,3.01666666666663,-1.0,-1.1191666666666666,mecha
EURUSD,2022-01-27,1,1.119895,1.118695,1.12432,12.0,3.6874999999999174,-1.0,-1.1191666666666666,mecha
EURUSD,2022-02-01,-1,1.12597,1.12717,1.12209,12.0,3.233333333333236,-1.0,-1.1191666666666666,mecha
EURUSD,2022-02-15,-1,1.1348,1.1360000000000001,1.13031,12.0,3.7416666666667537,-1.0,-1.1191666666666666,mecha
EURUSD,2022-02-21,-1,1.1377199999999998,1.13892,1.1313,12.0,5.349999999999891,-1.0,-1.1191666666666666,mecha
EURUSD,2022-02-25,1,1.1173000000000002,1.1161,1.12285,12.0,4.624999999999768,4.624999999999768,4.5058333333331015,mecha
EURUSD,2022-03-02,1,1.1089,1.1077,1.11355,12.0,3.8750000000000355,-1.0,-1.1191666666666666,mecha
EURUSD,2022-03-04,1,1.10115,1.09995,1.10665,12.0,4.583333333333198,-1.0,-1.1191666666666666,mecha
EURUSD,2022-03-14,-1,1.095815,1.097015,1.09005,12.0,4.804166666666683,-1.0,-1.1191666666666666,mecha
EURUSD,2022-03-16,-1,1.09988,1.10108,1.09557,12.0,3.5916666666666965,-1.0,-1.1191666666666666,mecha
EURUSD,2022-03-18,1,1.10588,1.1046799999999999,1.11036,12.0,3.733333333333366,-1.0,-1.1191666666666666,mecha
EURUSD,2022-03-29,-1,1.100615,1.101815,1.0969,12.0,3.0958333333332604,-1.0,-1.1191666666666666,mecha
EURUSD,2022-04-14,-1,1.09204,1.09324,1.08826,12.0,3.149999999999912,3.149999999999912,3.0308333333332453,mecha
EURUSD,2022-04-25,1,1.071445,1.070245,1.08121,12.0,8.137500000000019,-1.0,-1.1191666666666666,mecha
EURUSD,2022-04-29,-1,1.0545200000000001,1.0557200000000002,1.04947,12.0,4.208333333333517,-1.0,-1.1191666666666666,mecha
EURUSD,2022-05-09,1,1.049885,1.0486849999999999,1.05388,12.0,3.329166666666642,3.329166666666642,3.2099999999999755,mecha
EURUSD,2022-05-12,1,1.04525,1.04405,1.05292,12.0,6.391666666666721,-1.0,-1.1191666666666666,mecha
EURUSD,2022-05-18,1,1.0518649999999998,1.0506649999999997,1.05636,12.0,3.7458333333334477,-1.0,-1.1191666666666666,mecha
EURUSD,2022-05-23,-1,1.0612599999999999,1.06246,1.05679,12.0,3.724999999999978,-1.0,-1.1191666666666666,mecha
EURUSD,2022-05-24,-1,1.07279,1.07399,1.06608,12.0,5.591666666666661,-1.0,-1.1191666666666666,mecha
EURUSD,2022-05-25,1,1.06867,1.06747,1.07386,12.0,4.325000000000023,-1.0,-1.1191666666666666,mecha
EURUSD,2022-06-02,-1,1.0689799999999998,1.07018,1.06447,12.0,3.7583333333331597,-1.0,-1.1191666666666666,mecha
EURUSD,2022-06-09,1,1.069635,1.0684349999999998,1.07337,12.0,3.1125000000000362,3.1125000000000362,2.9933333333333696,mecha
EURUSD,2022-06-14,-1,1.04462,1.0458200000000002,1.0397,12.0,4.100000000000029,-1.0,-1.1191666666666666,mecha
EURUSD,2022-06-15,-1,1.049015,1.0502150000000001,1.0424,12.0,5.51250000000003,-1.0,-1.1191666666666666,mecha
EURUSD,2022-06-16,1,1.039005,1.0378049999999999,1.04692,12.0,6.59583333333343,6.59583333333343,6.476666666666763,mecha
EURUSD,2022-06-17,1,1.0509249999999999,1.0497249999999998,1.0552,12.0,3.5625000000000235,-1.0,-1.1191666666666666,FVG
EURUSD,2022-06-22,1,1.04862,1.04742,1.05384,12.0,4.350000000000001,-1.0,-1.1191666666666666,mecha
EURUSD,2022-06-29,1,1.049015,1.047815,1.05354,12.0,3.7708333333332416,-1.0,-1.1191666666666666,mecha
EURUSD,2022-07-01,1,1.04369,1.04249,1.04793,12.0,3.533333333333351,-1.0,-1.1191666666666666,mecha
EURUSD,2022-07-12,1,1.000765,0.9995649999999999,1.00552,12.0,3.9625000000000536,3.9625000000000536,3.843333333333387,mecha
EURUSD,2022-07-14,1,1.0014,1.0002,1.00535,12.0,3.2916666666665813,-1.0,-1.1191666666666666,mecha
EURUSD,2022-07-18,-1,1.01452,1.0157200000000002,1.00801,12.0,5.425000000000012,-1.0,-1.1191666666666666,mecha
EURUSD,2022-07-19,-1,1.02199,1.02319,1.01195,12.0,8.366666666666706,-1.0,-1.1191666666666666,mecha
EURUSD,2022-07-28,-1,1.022495,1.023695,1.01803,12.0,3.720833333333284,3.720833333333284,3.6016666666666173,mecha
EURUSD,2022-08-15,1,1.02318,1.0219799999999999,1.02682,12.0,3.033333333333406,-1.0,-1.1191666666666666,mecha
EURUSD,2022-08-22,1,0.9998549999999999,0.998655,1.00466,12.0,4.0041666666668085,-1.0,-1.1191666666666666,mecha
EURUSD,2022-08-25,-1,1.00065,1.0018500000000001,0.99629,12.0,3.6333333333333586,3.6333333333333586,3.514166666666692,FVG
EURUSD,2022-09-05,-1,0.9928,0.994,0.98801,12.0,3.991666666666634,-1.0,-1.1191666666666666,mecha
EURUSD,2022-09-09,-1,1.010445,1.0116450000000001,1.00012,12.0,8.604166666666782,-6.304166666666703,-6.423333333333369,mecha
EURUSD,2022-09-12,-1,1.0180799999999999,1.01928,1.0062,12.0,9.899999999999908,-1.0,-1.1191666666666666,FVG
EURUSD,2022-09-19,1,0.99752,0.99632,1.00291,12.0,4.491666666666672,2.525000000000073,2.4058333333334065,mecha
EURUSD,2022-09-23,1,0.97811,0.9769100000000001,0.98517,12.0,5.883333333333296,-1.0,-1.1191666666666666,mecha
EURUSD,2022-09-27,-1,0.9654849999999999,0.9666849999999999,0.96069,12.0,3.995833333333235,-1.0,-1.1191666666666666,mecha
EURUSD,2022-09-29,1,0.96411,0.96291,0.97242,12.0,6.924999999999939,6.924999999999939,6.805833333333273,mecha
EURUSD,2022-09-30,-1,0.984485,0.985685,0.97943,12.0,4.212500000000026,4.212500000000026,4.0933333333333595,mecha
EURUSD,2022-10-04,-1,0.9863999999999999,0.9875999999999999,0.9806,12.0,4.833333333333263,-1.0,-1.1191666666666666,mecha
EURUSD,2022-10-10,1,0.970175,0.968975,0.97531,12.0,4.279166666666667,-1.0,-1.1191666666666666,mecha
EURUSD,2022-10-11,-1,0.971875,0.973075,0.96698,12.0,4.079166666666745,-1.0,-1.1191666666666666,mecha
EURUSD,2022-10-14,1,0.97601,0.9748100000000001,0.98086,12.0,4.0416666666665915,-1.0,-1.1191666666666666,mecha
EURUSD,2022-10-19,1,0.98329,0.98209,0.98721,12.0,3.266666666666695,-1.0,-1.1191666666666666,mecha
EURUSD,2022-10-20,-1,0.97905,0.98025,0.97544,12.0,3.0083333333333346,-1.0,-1.1191666666666666,mecha
EURUSD,2022-10-24,1,0.9822500000000001,0.9810500000000001,0.98888,12.0,5.5249999999999275,-1.0,-1.1191666666666666,mecha
EURUSD,2022-10-28,1,0.994245,0.9930450000000001,0.9998,12.0,4.629166666666647,-1.0,-1.1191666666666666,mecha
EURUSD,2022-10-31,1,0.991645,0.990445,0.99656,12.0,4.095833333333335,-1.0,-1.1191666666666666,mecha
EURUSD,2022-11-03,1,0.9752799999999999,0.97408,0.98394,12.0,7.216666666666759,-1.0,-1.1191666666666666,mecha
EURUSD,2022-11-08,1,0.99916,0.9979600000000001,1.00308,12.0,3.2666666666666027,-1.0,-1.1191666666666666,mecha
EURUSD,2022-11-10,1,1.0003700000000002,0.9991700000000002,1.00428,12.0,3.2583333333332147,-1.0,-1.1191666666666666,mecha
EURUSD,2022-11-11,-1,1.02489,1.0260900000000002,1.0163,12.0,7.158333333333414,-1.0,-1.1191666666666666,mecha
EURUSD,2022-11-16,-1,1.03874,1.03994,1.03307,12.0,4.725000000000053,-1.0,-1.1191666666666666,mecha
EURUSD,2022-11-17,-1,1.03978,1.04098,1.03596,12.0,3.1833333333332785,3.1833333333332785,3.064166666666612,mecha
EURUSD,2022-11-18,1,1.035145,1.033945,1.03908,12.0,3.2791666666666845,3.2791666666666845,3.160000000000018,mecha
EURUSD,2022-11-21,1,1.02559,1.02439,1.03327,12.0,6.399999999999924,-1.0,-1.1191666666666666,mecha
EURUSD,2022-11-24,1,1.0406149999999998,1.0394149999999998,1.04484,12.0,3.5208333333334543,-1.0,-1.1191666666666666,mecha
EURUSD,2022-11-28,-1,1.0381049999999998,1.039305,1.0341,12.0,3.337499999999845,-1.0,-1.1191666666666666,mecha
EURUSD,2022-11-30,-1,1.03775,1.03895,1.03205,12.0,4.750000000000032,-1.0,-1.1191666666666666,mecha
EURUSD,2022-12-12,-1,1.05481,1.0560100000000001,1.05057,12.0,3.533333333333351,-1.0,-1.1191666666666666,mecha
EURUSD,2022-12-19,-1,1.064315,1.065515,1.0582,12.0,5.095833333333225,-1.0,-1.1191666666666666,mecha
EURUSD,2023-01-03,1,1.0539049999999999,1.0527049999999998,1.06801,12.0,11.754166666666695,-1.0,-1.1191666666666666,mecha
EURUSD,2023-01-04,-1,1.062015,1.063215,1.0545,12.0,6.262499999999948,0.17083333333334225,0.05166666666667559,mecha
EURUSD,2023-01-18,-1,1.0815899999999998,1.08279,1.07661,12.0,4.149999999999801,-1.0,-1.1191666666666666,mecha
EURUSD,2023-03-01,-1,1.06436,1.06556,1.05651,12.0,6.541666666666593,-1.0,-1.1191666666666666,mecha
EURUSD,2023-03-02,1,1.06345,1.06225,1.06726,12.0,3.1750000000000758,-1.0,-1.1191666666666666,mecha
EURUSD,2023-03-31,1,1.088225,1.087025,1.09257,12.0,3.620833333333369,-1.0,-1.1191666666666666,mecha
EURUSD,2023-04-18,-1,1.096155,1.097355,1.09222,12.0,3.2791666666666845,-1.0,-1.1191666666666666,mecha
EURUSD,2023-04-28,1,1.0997599999999998,1.0985599999999998,1.10394,12.0,3.4833333333333933,-1.0,-1.1191666666666666,mecha
EURUSD,2023-05-11,1,1.092725,1.0915249999999999,1.09981,12.0,5.904166666666673,-1.0,-1.1191666666666666,mecha
EURUSD,2023-05-31,1,1.0682,1.067,1.07356,12.0,4.4666666666666925,-1.0,-1.1191666666666666,mecha
EURUSD,2023-06-13,-1,1.079625,1.0808250000000001,1.07591,12.0,3.0958333333334456,-1.0,-1.1191666666666666,mecha
EURUSD,2023-06-15,1,1.080635,1.079435,1.08444,12.0,3.170833333333382,3.170833333333382,3.051666666666715,mecha
EURUSD,2023-07-27,-1,1.11316,1.11436,1.10774,12.0,4.51666666666665,-1.0,-1.1191666666666666,mecha
EURUSD,2023-08-10,-1,1.10152,1.1027200000000001,1.09673,12.0,3.991666666666726,-1.0,-1.1191666666666666,mecha
EURUSD,2023-08-31,1,1.088715,1.087515,1.09394,12.0,4.354166666666511,-1.0,-1.1191666666666666,mecha
EURUSD,2023-09-12,1,1.073135,1.0719349999999999,1.07692,12.0,3.1541666666667907,-1.0,-1.1191666666666666,mecha
EURUSD,2023-09-29,-1,1.05989,1.06109,1.05579,12.0,3.4166666666666603,-1.0,-1.1191666666666666,mecha
EURUSD,2023-11-30,1,1.09459,1.0933899999999999,1.09838,12.0,3.1583333333333,-1.0,-1.1191666666666666,mecha
EURUSD,2024-01-31,1,1.0811,1.0798999999999999,1.08481,12.0,3.0916666666667516,3.0916666666667516,2.972500000000085,mecha
EURUSD,2024-03-22,1,1.08109,1.07989,1.08657,12.0,4.566666666666608,0.23333333333319659,0.11416666666652993,mecha
EURUSD,2024-03-28,1,1.0778400000000001,1.07664,1.08265,12.0,4.008333333333132,0.3083333333331328,0.18916666666646614,mecha
EURUSD,2024-04-19,-1,1.0647000000000002,1.0659000000000003,1.06104,12.0,3.050000000000182,-1.0,-1.1191666666666666,mecha
EURUSD,2024-08-06,1,1.092445,1.091245,1.09631,12.0,3.2208333333331542,-1.0,-1.1191666666666666,mecha
EURUSD,2024-09-19,-1,1.113315,1.1145150000000001,1.10683,12.0,5.404166666666728,-1.0,-1.1191666666666666,mecha
EURUSD,2024-09-27,1,1.11283,1.11163,1.11776,12.0,4.108333333333417,4.108333333333417,3.9891666666667502,mecha
EURUSD,2024-11-07,-1,1.07673,1.07793,1.07129,12.0,4.533333333333241,-1.0,-1.1191666666666666,mecha
EURUSD,2024-11-12,1,1.0625300000000002,1.06133,1.06631,12.0,3.149999999999912,-1.0,-1.1191666666666666,mecha
EURUSD,2024-11-15,-1,1.05606,1.05726,1.05236,12.0,3.0833333333333637,-1.0,-1.1191666666666666,mecha
EURUSD,2024-11-20,1,1.056195,1.054995,1.06097,12.0,3.9791666666666443,-1.0,-1.1191666666666666,mecha
EURUSD,2024-11-25,1,1.0450949999999999,1.0438949999999998,1.049,12.0,3.254166666666706,3.254166666666706,3.1350000000000393,mecha
EURUSD,2024-12-02,1,1.05016,1.04896,1.05463,12.0,3.724999999999978,-1.0,-1.1191666666666666,mecha
EURUSD,2024-12-04,1,1.048635,1.047435,1.05289,12.0,3.545833333333433,-1.0,-1.1191666666666666,mecha
EURUSD,2024-12-11,1,1.050145,1.048945,1.05393,12.0,3.154166666666606,-1.0,-1.1191666666666666,FVG
EURUSD,2024-12-17,1,1.04877,1.04757,1.05343,12.0,3.8833333333334235,0.7333333333333265,0.6141666666666599,mecha
EURUSD,2024-12-20,-1,1.03962,1.04082,1.03429,12.0,4.4416666666667135,-1.0,-1.1191666666666666,mecha
EURUSD,2025-01-07,-1,1.041775,1.042975,1.03761,12.0,3.4708333333333115,-1.0,-1.1191666666666666,mecha
EURUSD,2025-01-24,-1,1.048375,1.0495750000000001,1.04115,12.0,6.020833333333363,-1.0,-1.1191666666666666,mecha
EURUSD,2025-02-05,-1,1.0405950000000002,1.0417950000000002,1.03696,12.0,3.029166666666712,-1.0,-1.1191666666666666,mecha
EURUSD,2025-02-06,1,1.035975,1.034775,1.04053,12.0,3.79583333333322,3.162499999999994,3.0433333333333272,mecha
EURUSD,2025-02-24,1,1.0473750000000002,1.046175,1.05282,12.0,4.537499999999935,-1.0,-1.1191666666666666,mecha
EURUSD,2025-03-04,-1,1.05217,1.0533700000000001,1.04708,12.0,4.241666666666699,-1.0,-1.1191666666666666,mecha
EURUSD,2025-03-05,-1,1.06379,1.06499,1.06018,12.0,3.0083333333334275,-1.0,-1.1191666666666666,mecha
EURUSD,2025-03-11,-1,1.090795,1.091995,1.08354,12.0,6.045833333333342,-1.0,-1.1191666666666666,FVG
EURUSD,2025-03-18,-1,1.0948250000000002,1.0960250000000002,1.09033,12.0,3.7458333333334477,3.7458333333334477,3.626666666666781,FVG
EURUSD,2025-04-03,-1,1.094885,1.0960850000000002,1.08373,12.0,9.295833333333354,-1.0,-1.1191666666666666,mecha
EURUSD,2025-04-10,-1,1.09897,1.10017,1.09427,12.0,3.9166666666666052,-1.0,-1.1191666666666666,mecha
EURUSD,2025-04-24,-1,1.1375250000000001,1.1387250000000002,1.13212,12.0,4.5041666666667535,-1.0,-1.1191666666666666,mecha
EURUSD,2025-05-02,-1,1.132865,1.134065,1.1274,12.0,4.554166666666711,-1.0,-1.1191666666666666,mecha
EURUSD,2025-05-06,-1,1.133145,1.1343450000000002,1.12797,12.0,4.312500000000126,-1.0,-1.1191666666666666,mecha
EURUSD,2025-05-07,-1,1.1370149999999999,1.138215,1.13248,12.0,3.7791666666666295,3.7791666666666295,3.659999999999963,mecha
EURUSD,2025-05-08,1,1.128895,1.127695,1.13361,12.0,3.929166666666687,-1.0,-1.1191666666666666,FVG
EURUSD,2025-05-14,-1,1.123855,1.12507,1.1182,12.149999999999661,4.6543209876544225,-1.0,-1.117695473251032,mecha
EURUSD,2025-05-19,-1,1.124155,1.125355,1.11721,12.0,5.787499999999982,-1.0,-1.1191666666666666,mecha
EURUSD,2025-05-23,-1,1.13244,1.13364,1.12787,12.0,3.808333333333302,-1.0,-1.1191666666666666,mecha
EURUSD,2025-05-30,1,1.133025,1.1318249999999999,1.13897,12.0,4.95416666666674,-1.0,-1.1191666666666666,mecha
EURUSD,2025-06-18,-1,1.15158,1.1527800000000001,1.14749,12.0,3.408333333333457,-1.0,-1.1191666666666666,mecha
EURUSD,2025-07-07,1,1.1751999999999998,1.1739999999999997,1.17901,12.0,3.1750000000000758,-1.0,-1.1191666666666666,mecha
EURUSD,2025-07-28,1,1.1715,1.1703,1.177,12.0,4.583333333333384,-1.0,-1.1191666666666666,mecha
EURUSD,2025-07-31,-1,1.14474,1.1459400000000002,1.14073,12.0,3.341666666666724,3.341666666666724,3.2225000000000574,FVG
EURUSD,2025-08-05,1,1.154535,1.153335,1.15876,12.0,3.520833333333269,-1.0,-1.1191666666666666,mecha
EURUSD,2025-08-13,-1,1.1709749999999999,1.172175,1.16703,12.0,3.2874999999998873,-1.0,-1.1191666666666666,mecha
EURUSD,2025-08-15,-1,1.1683949999999999,1.169595,1.16458,12.0,3.1791666666665845,-1.0,-1.1191666666666666,mecha
EURUSD,2025-08-19,-1,1.1678000000000002,1.1690000000000003,1.1639,12.0,3.2500000000001967,-1.0,-1.1191666666666666,mecha
EURUSD,2025-08-26,1,1.160675,1.1594749999999998,1.166,12.0,4.4375000000000195,4.4375000000000195,4.318333333333353,mecha
EURUSD,2025-08-27,1,1.159875,1.158675,1.16436,12.0,3.7375000000000598,-1.0,-1.1191666666666666,mecha
EURUSD,2025-09-01,-1,1.17239,1.1735900000000001,1.16867,12.0,3.0999999999999543,-1.0,-1.1191666666666666,FVG
EURUSD,2025-09-02,1,1.166735,1.165535,1.1718,12.0,4.220833333333229,-1.0,-1.1191666666666666,mecha
EURUSD,2025-09-16,-1,1.179805,1.181005,1.17572,12.0,3.4041666666665784,-1.0,-1.1191666666666666,mecha
EURUSD,2025-10-08,1,1.1608450000000001,1.159645,1.16591,12.0,4.220833333333229,0.8458333333331384,0.7266666666664717,mecha
EURUSD,2025-10-15,-1,1.16379,1.1649900000000002,1.16017,12.0,3.0166666666668154,-1.5249999999999984,-1.644166666666665,mecha
EURUSD,2025-11-10,-1,1.1580599999999999,1.15926,1.15429,12.0,3.141666666666524,3.141666666666524,3.0224999999998574,mecha
EURUSD,2025-12-17,1,1.170735,1.169535,1.17523,12.0,3.745833333333263,3.745833333333263,3.6266666666665963,mecha
EURUSD,2026-01-12,-1,1.168015,1.1692150000000001,1.16216,12.0,4.879166666666619,-1.0,-1.1191666666666666,mecha
EURUSD,2026-01-20,-1,1.172365,1.1735650000000002,1.16324,12.0,7.604166666666708,-1.0,-1.1191666666666666,mecha
EURUSD,2026-01-28,1,1.19754,1.19634,1.20235,12.0,4.008333333333317,-1.0,-1.1191666666666666,mecha
EURUSD,2026-02-09,-1,1.186005,1.187205,1.18159,12.0,3.6791666666667147,-1.0,-1.1191666666666666,mecha
EURUSD,2026-03-02,1,1.17193,1.1707299999999998,1.17958,12.0,6.37500000000013,-1.0,-1.1191666666666666,mecha
EURUSD,2026-03-03,1,1.164895,1.163695,1.17067,12.0,4.812500000000071,-1.0,-1.1191666666666666,mecha
EURUSD,2026-03-09,-1,1.156425,1.1576250000000001,1.15069,12.0,4.779166666666704,-1.0,-1.1191666666666666,mecha
EURUSD,2026-03-17,-1,1.151415,1.1526150000000002,1.14658,12.0,4.029166666666787,-1.0,-1.1191666666666666,mecha
EURUSD,2026-04-01,-1,1.1591200000000002,1.1603200000000002,1.15547,12.0,3.041666666666794,-1.0,-1.1191666666666666,mecha
EURUSD,2026-04-27,-1,1.174575,1.175775,1.17052,12.0,3.3791666666665994,3.2791666666666845,3.160000000000018,mecha
EURUSD,2026-05-12,1,1.174485,1.173285,1.17852,12.0,3.3625000000000087,-1.0,-1.1191666666666666,mecha
GBPUSD,2020-01-03,1,1.308675,1.307475,1.316,12.0,6.104166666666687,-1.0,-1.1333333333333333,mecha
GBPUSD,2020-01-08,-1,1.3158349999999999,1.317035,1.31062,12.0,4.3458333333333075,4.3458333333333075,4.212499999999974,mecha
GBPUSD,2020-01-13,1,1.29981,1.2986099999999998,1.3045,12.0,3.908333333333402,-1.0,-1.1333333333333333,mecha
GBPUSD,2020-01-14,1,1.2966,1.2953999999999999,1.3002,12.0,3.0000000000000395,3.0000000000000395,2.866666666666706,mecha
GBPUSD,2020-01-28,1,1.3026900000000001,1.30149,1.30649,12.0,3.1666666666665026,-1.0,-1.1333333333333333,mecha
GBPUSD,2020-01-31,-1,1.31227,1.3134700000000001,1.30835,12.0,3.266666666666788,-1.0,-1.1333333333333333,mecha
GBPUSD,2020-02-03,1,1.3144550000000002,1.313255,1.3182,12.0,3.120833333333239,-1.0,-1.1333333333333333,mecha
GBPUSD,2020-02-13,-1,1.298085,1.299285,1.29439,12.0,3.0791666666666697,-1.0,-1.1333333333333333,mecha
GBPUSD,2020-02-20,1,1.289065,1.2878649999999998,1.29281,12.0,3.120833333333424,-1.0,-1.1333333333333333,mecha
GBPUSD,2020-02-21,-1,1.29147,1.29267,1.28785,12.0,3.01666666666663,-1.0,-1.1333333333333333,mecha
GBPUSD,2020-02-24,1,1.2914349999999999,1.2902349999999998,1.29528,12.0,3.2041666666667483,-1.0,-1.1333333333333333,mecha
GBPUSD,2020-03-04,1,1.27866,1.2774599999999998,1.28301,12.0,3.625000000000063,-1.0,-1.1333333333333333,mecha
GBPUSD,2020-03-05,-1,1.2899349999999998,1.291135,1.28603,12.0,3.2541666666665208,-1.0,-1.1333333333333333,mecha
GBPUSD,2020-03-11,-1,1.29706,1.2982600000000002,1.28282,12.0,11.86666666666669,11.86666666666669,11.733333333333357,mecha
GBPUSD,2020-03-12,1,1.27682,1.27562,1.28487,12.0,6.7083333333332416,-1.0,-1.1333333333333333,mecha
GBPUSD,2020-03-13,-1,1.261725,1.262925,1.25156,12.0,8.470833333333315,8.470833333333315,8.337499999999983,mecha
GBPUSD,2020-03-17,1,1.216215,1.215015,1.22657,12.0,8.629166666666576,-1.0,-1.1333333333333333,mecha
GBPUSD,2020-03-26,-1,1.194775,1.19614,1.18182,13.650000000000606,9.490842490841944,-1.0,-1.117216117216112,mecha
GBPUSD,2020-04-02,-1,1.2418200000000001,1.2430200000000002,1.23729,12.0,3.7750000000001207,-1.0,-1.1333333333333333,FVG
GBPUSD,2020-04-06,-1,1.226185,1.2273850000000002,1.22095,12.0,4.362500000000083,-1.0,-1.1333333333333333,mecha
GBPUSD,2020-04-08,1,1.22927,1.22807,1.23522,12.0,4.9583333333332495,4.9583333333332495,4.824999999999916,mecha
GBPUSD,2020-04-13,-1,1.2525849999999998,1.253785,1.24527,12.0,6.095833333333115,-3.1625000000001786,-3.295833333333512,mecha
GBPUSD,2020-04-15,1,1.252865,1.2516649999999998,1.26304,12.0,8.479166666666703,-1.0,-1.1333333333333333,mecha
GBPUSD,2020-04-17,1,1.2469000000000001,1.2457,1.25219,12.0,4.408333333333162,-1.0,-1.1333333333333333,mecha
GBPUSD,2020-04-20,1,1.245155,1.243955,1.24932,12.0,3.4708333333333115,-1.0,-1.1333333333333333,mecha
GBPUSD,2020-04-22,-1,1.232105,1.233305,1.22742,12.0,3.904166666666708,-1.0,-1.1333333333333333,mecha
GBPUSD,2020-04-24,1,1.23126,1.23006,1.23599,12.0,3.941666666666584,-1.0,-1.1333333333333333,mecha
GBPUSD,2020-04-27,-1,1.244895,1.2460950000000002,1.23593,12.0,7.470833333333426,3.545833333333433,3.4125000000000996,mecha
GBPUSD,2020-05-01,1,1.25491,1.2537099999999999,1.25875,12.0,3.2000000000000544,-1.0,-1.1333333333333333,mecha
GBPUSD,2020-05-11,1,1.239145,1.2379449999999999,1.24372,12.0,3.812499999999996,-1.0,-1.1333333333333333,mecha
GBPUSD,2020-05-14,1,1.2189450000000002,1.217745,1.22415,12.0,4.3374999999999195,-1.0,-1.1333333333333333,mecha
GBPUSD,2020-05-15,1,1.219185,1.2179849999999999,1.22385,12.0,3.8875000000001174,-1.0,-1.1333333333333333,mecha
GBPUSD,2020-05-19,-1,1.22584,1.2270400000000001,1.21834,12.0,6.2500000000000515,-1.0,-1.1333333333333333,mecha
GBPUSD,2020-05-20,1,1.22262,1.22142,1.22764,12.0,4.183333333333353,4.183333333333353,4.050000000000019,mecha
GBPUSD,2020-05-26,-1,1.2245650000000001,1.2257650000000002,1.21878,12.0,4.820833333333459,-1.0,-1.1333333333333333,mecha
GBPUSD,2020-05-29,1,1.231285,1.2300849999999999,1.23582,12.0,3.7791666666666295,-1.0,-1.1333333333333333,mecha
GBPUSD,2020-06-02,-1,1.253525,1.254725,1.24782,12.0,4.754166666666726,-1.0,-1.1333333333333333,mecha
GBPUSD,2020-06-04,1,1.2530700000000001,1.25187,1.25805,12.0,4.149999999999801,-1.0,-1.1333333333333333,mecha
GBPUSD,2020-06-05,-1,1.26539,1.26659,1.25825,12.0,5.949999999999936,-1.0,-1.1333333333333333,mecha
GBPUSD,2020-06-08,1,1.26802,1.2668199999999998,1.27294,12.0,4.100000000000029,-1.0,-1.1333333333333333,mecha
GBPUSD,2020-06-12,-1,1.26031,1.2615100000000001,1.25449,12.0,4.849999999999946,-1.0,-1.1333333333333333,mecha
GBPUSD,2020-06-23,-1,1.250585,1.2517850000000001,1.24355,12.0,5.862500000000103,5.862500000000103,5.729166666666769,mecha
GBPUSD,2020-06-24,1,1.2505099999999998,1.2493099999999997,1.25425,12.0,3.1166666666669154,-1.0,-1.1333333333333333,mecha
GBPUSD,2020-06-30,1,1.2275399999999999,1.2263399999999998,1.23172,12.0,3.4833333333333933,-1.0,-1.1333333333333333,mecha
GBPUSD,2020-07-02,-1,1.25022,1.2514200000000002,1.24605,12.0,3.4750000000000054,-1.0,-1.1333333333333333,mecha
GBPUSD,2020-07-06,-1,1.25065,1.2518500000000001,1.24699,12.0,3.0499999999999967,-1.0,-1.1333333333333333,mecha
GBPUSD,2020-07-07,1,1.246975,1.2457749999999999,1.25179,12.0,4.012500000000011,4.012500000000011,3.8791666666666775,mecha
GBPUSD,2020-07-09,-1,1.2641550000000001,1.2653550000000002,1.2601,12.0,3.3791666666667846,-1.0,-1.1333333333333333,mecha
GBPUSD,2020-07-14,1,1.2515800000000001,1.25038,1.25608,12.0,3.749999999999957,-1.0,-1.1333333333333333,mecha
GBPUSD,2020-07-15,-1,1.26081,1.26201,1.25632,12.0,3.741666666666569,-1.0,-1.1333333333333333,mecha
GBPUSD,2020-07-21,-1,1.269645,1.270845,1.26499,12.0,3.8791666666665443,-1.0,-1.1333333333333333,mecha
GBPUSD,2020-07-22,1,1.26687,1.2656699999999999,1.27402,12.0,5.958333333333324,-1.0,-1.1333333333333333,mecha
GBPUSD,2020-07-30,1,1.2949950000000001,1.293795,1.29923,12.0,3.529166666666657,3.529166666666657,3.3958333333333237,mecha
GBPUSD,2020-08-04,-1,1.30992,1.31112,1.30594,12.0,3.3166666666665603,3.3166666666665603,3.183333333333227,mecha
GBPUSD,2020-08-06,-1,1.317015,1.31827,1.31216,12.550000000000061,3.8685258964143667,-1.0,-1.127490039840637,mecha
GBPUSD,2020-08-11,1,1.3058800000000002,1.30468,1.30957,12.0,3.0749999999997906,3.0749999999997906,2.9416666666664573,mecha
GBPUSD,2020-08-13,-1,1.307815,1.309015,1.30327,12.0,3.7875000000000174,-1.0,-1.1333333333333333,mecha
GBPUSD,2020-08-18,-1,1.316115,1.317315,1.31011,12.0,5.004166666666513,-1.0,-1.1333333333333333,mecha
GBPUSD,2020-08-20,1,1.3077649999999998,1.3065649999999998,1.31171,12.0,3.2875000000000725,-1.0,-1.1333333333333333,mecha
GBPUSD,2020-08-31,1,1.33278,1.33158,1.3369,12.0,3.433333333333251,-1.0,-1.1333333333333333,mecha
GBPUSD,2020-09-02,1,1.33609,1.33489,1.34022,12.0,3.441666666666639,-1.0,-1.1333333333333333,mecha
GBPUSD,2020-09-03,1,1.32901,1.32781,1.33585,12.0,5.699999999999964,-1.0,-1.1333333333333333,mecha
GBPUSD,2020-09-10,-1,1.3015150000000002,1.3027150000000003,1.29766,12.0,3.2125000000001362,-1.0,-1.1333333333333333,FVG
GBPUSD,2020-09-14,-1,1.283155,1.2843550000000001,1.27905,12.0,3.4208333333333543,-1.0,-1.1333333333333333,mecha
GBPUSD,2020-09-22,1,1.27854,1.27734,1.28235,12.0,3.1750000000000758,-1.0,-1.1333333333333333,mecha
GBPUSD,2020-09-23,1,1.268305,1.267105,1.2747,12.0,5.329166666666606,5.329166666666606,5.1958333333332725,mecha
GBPUSD,2020-09-24,1,1.2695349999999999,1.2683349999999998,1.27387,12.0,3.6125000000001664,3.6125000000001664,3.479166666666833,mecha
GBPUSD,2020-09-28,-1,1.279335,1.2805350000000002,1.27508,12.0,3.545833333333433,-1.0,-1.1333333333333333,mecha
GBPUSD,2020-09-30,1,1.283515,1.2823149999999999,1.28726,12.0,3.120833333333424,-1.0,-1.1333333333333333,mecha
GBPUSD,2020-10-01,1,1.288465,1.2872649999999999,1.29459,12.0,5.104166666666613,-1.0,-1.1333333333333333,mecha
GBPUSD,2020-10-02,-1,1.2929300000000001,1.2941300000000002,1.28365,12.0,7.73333333333348,-1.0,-1.1333333333333333,mecha
GBPUSD,2020-10-07,-1,1.29245,1.2936500000000002,1.28693,12.0,4.6000000000001595,4.6000000000001595,4.466666666666826,mecha
GBPUSD,2020-10-08,-1,1.295175,1.296375,1.29125,12.0,3.2708333333332966,-1.0,-1.1333333333333333,mecha
GBPUSD,2020-10-13,1,1.30275,1.30155,1.30674,12.0,3.324999999999948,-1.0,-1.1333333333333333,mecha
GBPUSD,2020-10-14,1,1.2904550000000001,1.289255,1.29438,12.0,3.2708333333332966,-1.0,-1.1333333333333333,mecha
GBPUSD,2020-10-15,1,1.299245,1.298045,1.30297,12.0,3.1041666666666483,-1.0,-1.1333333333333333,mecha
GBPUSD,2020-10-19,-1,1.2960349999999998,1.297235,1.29173,12.0,3.5874999999998174,-1.0,-1.1333333333333333,mecha
GBPUSD,2020-10-20,1,1.29215,1.2909499999999998,1.29579,12.0,3.033333333333406,3.033333333333406,2.9000000000000727,mecha
GBPUSD,2020-10-28,1,1.2995999999999999,1.2983999999999998,1.30632,12.0,5.6000000000000485,-1.0,-1.1333333333333333,mecha
GBPUSD,2020-10-29,1,1.298535,1.297335,1.3025,12.0,3.304166666666663,3.304166666666663,3.17083333333333,mecha
GBPUSD,2020-11-02,1,1.285725,1.284525,1.29395,12.0,6.854166666666605,6.854166666666605,6.720833333333271,mecha
GBPUSD,2020-11-04,1,1.293445,1.29213,1.31397,13.149999999999551,15.608365019012036,-1.0,-1.1216730038022855,mecha
GBPUSD,2020-11-05,-1,1.3029600000000001,1.3041600000000002,1.29389,12.0,7.558333333333444,-1.0,-1.1333333333333333,mecha
GBPUSD,2020-11-13,-1,1.315615,1.316815,1.31088,12.0,3.945833333333278,-1.0,-1.1333333333333333,mecha
GBPUSD,2020-11-20,-1,1.32834,1.3295400000000002,1.3247,12.0,3.033333333333406,-1.0,-1.1333333333333333,mecha
GBPUSD,2020-11-23,-1,1.3377400000000002,1.3389400000000002,1.32985,12.0,6.575000000000145,-1.0,-1.1333333333333333,mecha
GBPUSD,2020-11-25,-1,1.33755,1.33875,1.33371,12.0,3.2000000000000544,3.2000000000000544,3.066666666666721,mecha
GBPUSD,2020-12-01,-1,1.3387950000000002,1.3399950000000003,1.33341,12.0,4.487500000000162,-1.0,-1.1333333333333333,mecha
GBPUSD,2020-12-02,1,1.33576,1.33456,1.34288,12.0,5.933333333333345,-1.0,-1.1333333333333333,mecha
GBPUSD,2020-12-03,-1,1.3404850000000001,1.3416850000000002,1.33528,12.0,4.337500000000105,-1.0,-1.1333333333333333,mecha
GBPUSD,2020-12-10,1,1.33173,1.33053,1.33894,12.0,6.008333333333281,-1.0,-1.1333333333333333,mecha
GBPUSD,2020-12-11,1,1.32173,1.32053,1.33239,12.0,8.883333333333242,-1.0,-1.1333333333333333,mecha
GBPUSD,2020-12-14,-1,1.3360349999999999,1.337235,1.32897,12.0,5.887499999999897,-1.0,-1.1333333333333333,mecha
GBPUSD,2020-12-16,-1,1.35121,1.3524100000000001,1.34339,12.0,6.516666666666614,-1.0,-1.1333333333333333,mecha
GBPUSD,2020-12-17,-1,1.3575650000000001,1.3587650000000002,1.34948,12.0,6.737500000000099,-1.0,-1.1333333333333333,mecha
GBPUSD,2020-12-18,1,1.3517000000000001,1.3505,1.3573,12.0,4.666666666666522,-1.0,-1.1333333333333333,mecha
GBPUSD,2020-12-23,-1,1.3425500000000001,1.3437500000000002,1.33704,12.0,4.591666666666772,-1.0,-1.1333333333333333,FVG
GBPUSD,2020-12-24,-1,1.3579750000000002,1.3591750000000002,1.35021,12.0,6.470833333333536,-1.0,-1.1333333333333333,mecha
GBPUSD,2020-12-31,-1,1.366305,1.3675050000000002,1.36037,12.0,4.945833333333352,-1.0,-1.1333333333333333,mecha
GBPUSD,2021-01-06,-1,1.364465,1.3656650000000001,1.35913,12.0,4.4458333333334075,-1.0,-1.1333333333333333,mecha
GBPUSD,2021-01-08,-1,1.35847,1.3596700000000002,1.35378,12.0,3.908333333333402,-1.0,-1.1333333333333333,mecha
GBPUSD,2021-01-11,1,1.3487149999999999,1.3475149999999998,1.35289,12.0,3.4791666666666994,-1.0,-1.1333333333333333,mecha
GBPUSD,2021-01-14,-1,1.367225,1.368425,1.3616,12.0,4.687499999999992,-1.0,-1.1333333333333333,mecha
GBPUSD,2021-01-22,1,1.3674400000000002,1.3662400000000001,1.37359,12.0,5.124999999999898,-1.0,-1.1333333333333333,FVG
GBPUSD,2021-01-28,1,1.3643200000000002,1.36312,1.36828,12.0,3.2999999999997844,-1.0,-1.1333333333333333,mecha
GBPUSD,2021-01-29,1,1.368535,1.367335,1.37272,12.0,3.4874999999999026,-1.0,-1.1333333333333333,mecha
GBPUSD,2021-02-04,1,1.3588,1.3576,1.36513,12.0,5.274999999999955,-1.0,-1.1333333333333333,mecha
GBPUSD,2021-02-05,-1,1.370275,1.371475,1.36657,12.0,3.0874999999998725,-1.0,-1.1333333333333333,mecha
GBPUSD,2021-02-18,-1,1.39164,1.39284,1.38423,12.0,6.17499999999993,-1.0,-1.1333333333333333,mecha
GBPUSD,2021-02-26,1,1.392895,1.391695,1.40214,12.0,7.704166666666622,-1.0,-1.1333333333333333,mecha
GBPUSD,2021-03-01,1,1.39567,1.3944699999999999,1.3999,12.0,3.524999999999963,-1.0,-1.1333333333333333,mecha
GBPUSD,2021-03-02,1,1.386585,1.3853849999999999,1.39318,12.0,5.49583333333344,5.49583333333344,5.362500000000106,mecha
GBPUSD,2021-03-03,-1,1.39851,1.39971,1.39368,12.0,4.024999999999908,-1.0,-1.1333333333333333,mecha
GBPUSD,2021-03-04,-1,1.39641,1.39761,1.39208,12.0,3.608333333333287,3.608333333333287,3.474999999999954,mecha
GBPUSD,2021-03-05,1,1.386455,1.385255,1.39062,12.0,3.4708333333333115,-1.0,-1.1333333333333333,mecha
GBPUSD,2021-03-09,-1,1.38878,1.38998,1.38016,12.0,7.1833333333332074,-1.0,-1.1333333333333333,mecha
GBPUSD,2021-03-12,1,1.394135,1.3929349999999998,1.40045,12.0,5.262500000000058,-1.0,-1.1333333333333333,mecha
GBPUSD,2021-03-16,1,1.381445,1.380245,1.38939,12.0,6.620833333333223,6.620833333333223,6.48749999999989,mecha
GBPUSD,2021-03-22,-1,1.386845,1.3880450000000002,1.38174,12.0,4.254166666666781,5.620833333333334,5.4875,mecha
GBPUSD,2021-03-23,1,1.380465,1.379265,1.38535,12.0,4.070833333333357,-1.0,-1.1333333333333333,mecha
GBPUSD,2021-03-26,-1,1.37816,1.3793600000000001,1.37418,12.0,3.316666666666745,-1.0,-1.1333333333333333,mecha
GBPUSD,2021-03-29,-1,1.379915,1.381115,1.37596,12.0,3.295833333333275,-1.0,-1.1333333333333333,mecha
GBPUSD,2021-04-06,1,1.387605,1.3864049999999999,1.39186,12.0,3.545833333333433,-1.0,-1.1333333333333333,mecha
GBPUSD,2021-04-07,1,1.378005,1.3768049999999998,1.38397,12.0,4.970833333333331,-1.0,-1.1333333333333333,mecha
GBPUSD,2021-04-09,1,1.36907,1.36787,1.37503,12.0,4.9666666666666375,4.424999999999938,4.291666666666604,mecha
GBPUSD,2021-04-12,-1,1.37241,1.37361,1.36689,12.0,4.599999999999974,-1.0,-1.1333333333333333,mecha
GBPUSD,2021-04-14,-1,1.37881,1.3800100000000002,1.37493,12.0,3.233333333333421,-1.0,-1.1333333333333333,mecha
GBPUSD,2021-04-23,-1,1.388675,1.3898750000000002,1.38349,12.0,4.320833333333329,-2.6874999999998423,-2.8208333333331757,mecha
GBPUSD,2021-04-30,1,1.39128,1.39008,1.39581,12.0,3.7749999999999355,-1.0,-1.1333333333333333,mecha
GBPUSD,2021-05-10,-1,1.40687,1.4080700000000002,1.40148,12.0,4.491666666666672,-1.0,-1.1333333333333333,mecha
GBPUSD,2021-05-12,-1,1.41444,1.41564,1.41072,12.0,3.0999999999999543,3.0999999999999543,2.966666666666621,mecha
GBPUSD,2021-05-18,-1,1.418725,1.419925,1.41357,12.0,4.29583333333335,-1.0,-1.1333333333333333,mecha
GBPUSD,2021-06-07,1,1.4125450000000002,1.411345,1.417,12.0,3.712499999999896,-1.0,-1.1333333333333333,mecha
GBPUSD,2021-06-16,-1,1.411675,1.412875,1.40761,12.0,3.3874999999999873,-1.0,-1.1333333333333333,mecha
GBPUSD,2021-06-17,1,1.396945,1.395745,1.40085,12.0,3.2541666666665208,-1.0,-1.1333333333333333,mecha
GBPUSD,2021-06-23,-1,1.396715,1.397915,1.39237,12.0,3.620833333333184,-1.0,-1.1333333333333333,mecha
GBPUSD,2021-07-08,1,1.376675,1.375475,1.38046,12.0,3.154166666666606,-1.0,-1.1333333333333333,mecha
GBPUSD,2021-07-13,1,1.38591,1.3847099999999999,1.39051,12.0,3.833333333333281,-1.0,-1.1333333333333333,mecha
GBPUSD,2021-07-14,-1,1.383715,1.3849150000000001,1.38011,12.0,3.0041666666667335,-1.0,-1.1333333333333333,mecha
GBPUSD,2021-07-19,1,1.371605,1.3704049999999999,1.37645,12.0,4.03749999999999,-1.0,-1.1333333333333333,mecha
GBPUSD,2021-07-20,1,1.3640349999999999,1.3628349999999998,1.36892,12.0,4.070833333333357,-1.0,-1.1333333333333333,mecha
GBPUSD,2021-07-21,1,1.359685,1.358485,1.3642,12.0,3.762500000000039,3.762500000000039,3.6291666666667055,mecha
GBPUSD,2021-07-22,-1,1.37528,1.3764800000000001,1.36904,12.0,5.200000000000019,-1.0,-1.1333333333333333,mecha
GBPUSD,2021-07-23,1,1.37365,1.37245,1.37796,12.0,3.5916666666666965,-1.0,-1.1333333333333333,mecha
GBPUSD,2021-08-02,-1,1.392755,1.393955,1.38861,12.0,3.454166666666721,3.454166666666721,3.3208333333333875,mecha
GBPUSD,2021-08-04,-1,1.39406,1.3952600000000002,1.39,12.0,3.3833333333334785,-1.0,-1.1333333333333333,mecha
GBPUSD,2021-08-05,-1,1.392065,1.3932650000000002,1.38777,12.0,3.5791666666667994,-1.0,-1.1333333333333333,mecha
GBPUSD,2021-08-17,1,1.3803299999999998,1.3791299999999997,1.38433,12.0,3.333333333333521,-1.0,-1.1333333333333333,FVG
GBPUSD,2021-08-19,1,1.37045,1.3692499999999999,1.37578,12.0,4.4416666666667135,-1.0,-1.1333333333333333,mecha
GBPUSD,2021-08-27,-1,1.371835,1.373035,1.36796,12.0,3.229166666666542,-1.0,-1.1333333333333333,mecha
GBPUSD,2021-09-10,-1,1.387005,1.3882050000000001,1.38322,12.0,3.1541666666667907,-1.0,-1.1333333333333333,mecha
GBPUSD,2021-09-14,-1,1.387905,1.389105,1.38343,12.0,3.729166666666672,-1.0,-1.1333333333333333,mecha
GBPUSD,2021-09-15,-1,1.38299,1.38419,1.37922,12.0,3.141666666666709,-1.0,-1.1333333333333333,mecha
GBPUSD,2021-09-21,-1,1.36859,1.36979,1.36488,12.0,3.0916666666665664,3.0916666666665664,2.958333333333233,mecha
GBPUSD,2021-10-04,1,1.35405,1.3528499999999999,1.35766,12.0,3.0083333333334275,3.0083333333334275,2.875000000000094,mecha
GBPUSD,2021-10-06,1,1.357385,1.356185,1.36309,12.0,4.75416666666654,-1.0,-1.1333333333333333,mecha
GBPUSD,2021-10-11,-1,1.366,1.3672000000000002,1.36117,12.0,4.025000000000093,-1.0,-1.1333333333333333,mecha
GBPUSD,2021-10-15,-1,1.3724349999999998,1.373635,1.36672,12.0,4.762499999999928,-1.0,-1.1333333333333333,mecha
GBPUSD,2021-10-18,1,1.3721800000000002,1.37098,1.37649,12.0,3.5916666666665114,-1.0,-1.1333333333333333,mecha
GBPUSD,2021-10-19,-1,1.377825,1.3790250000000002,1.3728,12.0,4.187500000000047,-1.0,-1.1333333333333333,mecha
GBPUSD,2021-10-20,1,1.377315,1.376115,1.38146,12.0,3.4541666666665356,-1.0,-1.1333333333333333,mecha
GBPUSD,2021-11-04,1,1.3635950000000001,1.362395,1.36827,12.0,3.89583333333332,-1.0,-1.1333333333333333,mecha
GBPUSD,2021-11-05,1,1.34467,1.34347,1.35086,12.0,5.158333333333264,-1.0,-1.1333333333333333,mecha
GBPUSD,2021-11-16,-1,1.345285,1.3464850000000002,1.34097,12.0,3.5958333333333905,-1.0,-1.1333333333333333,mecha
GBPUSD,2021-11-17,-1,1.346295,1.347495,1.3396,12.0,5.579166666666764,-1.0,-1.1333333333333333,mecha
GBPUSD,2021-11-19,1,1.344075,1.3428749999999998,1.35006,12.0,4.987500000000107,-1.0,-1.1333333333333333,mecha
GBPUSD,2021-12-15,-1,1.326975,1.328175,1.32266,12.0,3.5958333333333905,-1.0,-1.1333333333333333,mecha
GBPUSD,2021-12-16,-1,1.3295599999999999,1.33076,1.32411,12.0,4.541666666666629,-1.0,-1.1333333333333333,mecha
GBPUSD,2021-12-22,-1,1.327785,1.328985,1.32398,12.0,3.170833333333382,-1.0,-1.1333333333333333,mecha
GBPUSD,2021-12-23,-1,1.338205,1.3394050000000002,1.33423,12.0,3.312500000000051,-1.0,-1.1333333333333333,mecha
GBPUSD,2021-12-30,1,1.34681,1.34561,1.35049,12.0,3.066666666666588,-1.0,-1.1333333333333333,mecha
GBPUSD,2022-01-04,-1,1.349655,1.3508550000000001,1.34592,12.0,3.1125000000000362,-1.0,-1.1333333333333333,mecha
GBPUSD,2022-01-06,1,1.3504649999999998,1.3492649999999997,1.35551,12.0,4.204166666666823,-1.0,-1.1333333333333333,mecha
GBPUSD,2022-01-27,1,1.342235,1.341035,1.34668,12.0,3.7041666666666933,-1.0,-1.1333333333333333,FVG
GBPUSD,2022-01-31,-1,1.34361,1.34481,1.33988,12.0,3.1083333333333423,-1.0,-1.1333333333333333,mecha
GBPUSD,2022-02-01,-1,1.3480699999999999,1.34927,1.3434,12.0,3.891666666666626,-1.0,-1.1333333333333333,mecha
GBPUSD,2022-02-04,1,1.35768,1.35648,1.36144,12.0,3.133333333333321,-1.0,-1.1333333333333333,mecha
GBPUSD,2022-02-11,-1,1.356405,1.3576050000000002,1.35136,12.0,4.204166666666823,-1.0,-1.1333333333333333,mecha
GBPUSD,2022-02-21,-1,1.3630550000000001,1.3642550000000002,1.35853,12.0,3.7708333333334267,4.95416666666674,4.820833333333407,mecha
GBPUSD,2022-02-24,1,1.34718,1.34598,1.35463,12.0,6.208333333333297,-1.0,-1.1333333333333333,mecha
GBPUSD,2022-02-28,-1,1.33803,1.3392300000000001,1.33412,12.0,3.2583333333334,-1.0,-1.1333333333333333,mecha
GBPUSD,2022-03-02,1,1.32754,1.3263399999999999,1.33388,12.0,5.283333333333343,5.283333333333343,5.150000000000009,mecha
GBPUSD,2022-03-04,1,1.33131,1.33011,1.33519,12.0,3.233333333333421,-1.0,-1.1333333333333333,mecha
GBPUSD,2022-03-07,1,1.3161800000000001,1.31498,1.32231,12.0,5.108333333333307,-1.0,-1.1333333333333333,mecha
GBPUSD,2022-03-09,-1,1.31402,1.31522,1.30977,12.0,3.5416666666665537,-1.0,-1.1333333333333333,mecha
GBPUSD,2022-03-11,1,1.305475,1.3042749999999999,1.31037,12.0,4.079166666666745,4.079166666666745,3.9458333333334115,mecha
GBPUSD,2022-03-14,-1,1.3047,1.3059,1.30092,12.0,3.149999999999912,-1.0,-1.1333333333333333,mecha
GBPUSD,2022-03-17,-1,1.318865,1.320065,1.31338,12.0,4.570833333333302,-1.0,-1.1333333333333333,mecha
GBPUSD,2022-03-22,-1,1.316025,1.317225,1.31198,12.0,3.3708333333333966,-1.0,-1.1333333333333333,mecha
GBPUSD,2022-03-25,1,1.317335,1.3161349999999998,1.32246,12.0,4.270833333333371,-1.0,-1.1333333333333333,mecha
GBPUSD,2022-03-30,-1,1.3126799999999998,1.31388,1.30881,12.0,3.224999999999848,-1.0,-1.1333333333333333,mecha
GBPUSD,2022-04-18,1,1.301955,1.3007549999999999,1.30635,12.0,3.662499999999939,-1.0,-1.1333333333333333,mecha
GBPUSD,2022-04-26,1,1.27152,1.27032,1.27722,12.0,4.750000000000032,-1.0,-1.1333333333333333,mecha
GBPUSD,2022-04-29,-1,1.256475,1.257675,1.24573,12.0,8.95416666666667,-1.0,-1.1333333333333333,mecha
GBPUSD,2022-05-03,-1,1.254095,1.255295,1.24912,12.0,4.145833333333293,-1.0,-1.1333333333333333,mecha
GBPUSD,2022-05-05,1,1.253085,1.251885,1.26327,12.0,8.487499999999907,-1.0,-1.1333333333333333,mecha
GBPUSD,2022-05-09,1,1.2270599999999998,1.2258599999999997,1.23387,12.0,5.67500000000017,5.67500000000017,5.541666666666837,mecha
GBPUSD,2022-05-11,-1,1.234855,1.2360550000000001,1.23044,12.0,3.6791666666667147,-1.0,-1.1333333333333333,mecha
GBPUSD,2022-05-12,1,1.2195,1.2183,1.22493,12.0,4.525000000000038,-1.0,-1.1333333333333333,mecha
GBPUSD,2022-05-16,1,1.222205,1.221005,1.22963,12.0,6.1875000000000115,6.1875000000000115,6.054166666666678,mecha
GBPUSD,2022-05-23,-1,1.2568350000000001,1.2580350000000002,1.24988,12.0,5.79583333333337,-1.0,-1.1333333333333333,mecha
GBPUSD,2022-05-24,-1,1.258375,1.2595750000000001,1.2547,12.0,3.0625000000000786,-1.0,-1.1333333333333333,mecha
GBPUSD,2022-05-31,1,1.259645,1.2584449999999998,1.26487,12.0,4.354166666666695,-1.0,-1.1333333333333333,mecha
GBPUSD,2022-06-02,-1,1.25315,1.25435,1.24691,12.0,5.200000000000019,-1.0,-1.1333333333333333,mecha
GBPUSD,2022-06-14,-1,1.2194150000000001,1.2206150000000002,1.21307,12.0,5.287500000000037,5.287500000000037,5.154166666666703,mecha
GBPUSD,2022-06-17,1,1.2278250000000002,1.226625,1.23604,12.0,6.845833333333217,-1.0,-1.1333333333333333,mecha
GBPUSD,2022-06-21,-1,1.2302650000000002,1.2314650000000003,1.22461,12.0,4.712500000000156,-1.0,-1.1333333333333333,mecha
GBPUSD,2022-06-22,1,1.22214,1.22094,1.22769,12.0,4.624999999999953,-1.0,-1.1333333333333333,mecha
GBPUSD,2022-06-29,1,1.217605,1.216405,1.22127,12.0,3.0541666666666907,-1.0,-1.1333333333333333,mecha
GBPUSD,2022-06-30,-1,1.21516,1.21636,1.21073,12.0,3.6916666666666114,-1.0,-1.1333333333333333,FVG
GBPUSD,2022-07-01,1,1.209905,1.208705,1.21666,12.0,5.6291666666667215,-1.0,-1.1333333333333333,mecha
GBPUSD,2022-07-05,1,1.20692,1.20572,1.21251,12.0,4.65833333333332,-1.0,-1.1333333333333333,mecha
GBPUSD,2022-07-08,1,1.200015,1.198815,1.20554,12.0,4.604166666666668,-1.0,-1.1333333333333333,mecha
GBPUSD,2022-07-11,1,1.19685,1.1956499999999999,1.20277,12.0,4.9333333333332705,-1.0,-1.1333333333333333,mecha
GBPUSD,2022-07-12,1,1.185065,1.183865,1.19096,12.0,4.912499999999985,-1.0,-1.1333333333333333,mecha
GBPUSD,2022-07-13,-1,1.192215,1.19366,1.18697,14.449999999999186,3.629757785467294,-1.0,-1.110726643598622,mecha
GBPUSD,2022-07-14,1,1.184185,1.182985,1.18838,12.0,3.4958333333332905,-1.0,-1.1333333333333333,mecha
GBPUSD,2022-07-18,-1,1.1938,1.195,1.18676,12.0,5.866666666666612,-1.0,-1.1333333333333333,mecha
GBPUSD,2022-07-19,-1,1.199925,1.201125,1.19246,12.0,6.220833333333194,-1.0,-1.1333333333333333,mecha
GBPUSD,2022-07-26,1,1.20444,1.2032399999999999,1.20898,12.0,3.7833333333333234,-1.0,-1.1333333333333333,mecha
GBPUSD,2022-08-02,1,1.22316,1.22196,1.2279,12.0,3.9499999999999718,-1.0,-1.1333333333333333,mecha
GBPUSD,2022-08-04,-1,1.21732,1.21852,1.21365,12.0,3.0583333333333846,-1.0,-1.1333333333333333,mecha
GBPUSD,2022-08-11,-1,1.2229,1.2241000000000002,1.21818,12.0,3.933333333333381,-1.0,-1.1333333333333333,mecha
GBPUSD,2022-08-15,1,1.2101350000000002,1.208935,1.2148,12.0,3.8874999999999322,-1.0,-1.1333333333333333,mecha
GBPUSD,2022-08-17,1,1.20872,1.20752,1.21243,12.0,3.0916666666665664,-1.0,-1.1333333333333333,mecha
GBPUSD,2022-08-18,1,1.202175,1.200975,1.20599,12.0,3.1791666666665845,-1.0,-1.1333333333333333,mecha
GBPUSD,2022-08-22,1,1.1789200000000002,1.17772,1.18363,12.0,3.924999999999808,-1.0,-1.1333333333333333,mecha
GBPUSD,2022-08-25,-1,1.185065,1.1862650000000001,1.17832,12.0,5.620833333333334,-1.0,-1.1333333333333333,mecha
GBPUSD,2022-08-26,1,1.17886,1.17766,1.1834,12.0,3.7833333333333234,-1.0,-1.1333333333333333,mecha
GBPUSD,2022-09-06,-1,1.160045,1.161245,1.1545,12.0,4.620833333333259,4.620833333333259,4.487499999999925,mecha
GBPUSD,2022-09-08,1,1.14886,1.14766,1.15406,12.0,4.333333333333411,-1.0,-1.1333333333333333,mecha
GBPUSD,2022-09-09,-1,1.15957,1.16077,1.15095,12.0,7.183333333333393,-1.0,-1.1333333333333333,mecha
GBPUSD,2022-09-13,-1,1.1721599999999999,1.17336,1.16784,12.0,3.5999999999998993,-1.0,-1.1333333333333333,mecha
GBPUSD,2022-09-15,1,1.151,1.1498,1.15473,12.0,3.1083333333333423,-1.0,-1.1333333333333333,mecha
GBPUSD,2022-09-16,1,1.14221,1.1410099999999999,1.14799,12.0,4.816666666666765,-1.0,-1.1333333333333333,mecha
GBPUSD,2022-09-21,1,1.13437,1.13317,1.13842,12.0,3.3749999999999054,-1.0,-1.1333333333333333,FVG
GBPUSD,2022-09-23,1,1.117505,1.1163049999999999,1.12739,12.0,8.237499999999933,-1.0,-1.1333333333333333,mecha
GBPUSD,2022-09-27,-1,1.082525,1.083725,1.06943,12.0,10.912499999999879,-1.0,-1.1333333333333333,mecha
GBPUSD,2022-10-04,-1,1.13739,1.13859,1.128,12.0,7.825000000000007,-1.0,-1.1333333333333333,mecha
GBPUSD,2022-10-07,1,1.1119750000000002,1.110775,1.11891,12.0,5.779166666666594,5.779166666666594,5.64583333333326,mecha
GBPUSD,2022-10-13,1,1.1060400000000001,1.10484,1.11201,12.0,4.97499999999984,4.97499999999984,4.841666666666506,mecha
GBPUSD,2022-10-14,1,1.126305,1.1251049999999998,1.13661,12.0,8.587500000000006,-1.0,-1.1333333333333333,mecha
GBPUSD,2022-10-28,1,1.153655,1.152455,1.15941,12.0,4.795833333333295,-1.0,-1.1333333333333333,mecha
GBPUSD,2022-10-31,1,1.1557499999999998,1.1545499999999997,1.16112,12.0,4.4750000000000805,-1.0,-1.1333333333333333,mecha
GBPUSD,2022-11-03,1,1.13268,1.1314799999999998,1.14216,12.0,7.900000000000128,-1.0,-1.1333333333333333,mecha
GBPUSD,2022-11-08,1,1.146385,1.145185,1.15362,12.0,6.029166666666751,-1.0,-1.1333333333333333,mecha
GBPUSD,2022-11-14,-1,1.1813250000000002,1.1825250000000003,1.17427,12.0,5.879166666666879,-1.0,-1.1333333333333333,mecha
GBPUSD,2022-11-15,-1,1.18225,1.1834500000000001,1.17404,12.0,6.8416666666667085,-1.0,-1.1333333333333333,mecha
GBPUSD,2022-11-17,-1,1.19522,1.19642,1.18659,12.0,7.191666666666595,7.191666666666595,7.058333333333262,mecha
GBPUSD,2022-11-28,-1,1.20773,1.20893,1.20251,12.0,4.350000000000001,-1.0,-1.1333333333333333,mecha
GBPUSD,2022-12-06,1,1.217325,1.216125,1.22234,12.0,4.179166666666659,-1.0,-1.1333333333333333,mecha
GBPUSD,2022-12-16,1,1.216145,1.214945,1.22225,12.0,5.087500000000022,-1.0,-1.1333333333333333,mecha
GBPUSD,2022-12-19,-1,1.221105,1.2223050000000002,1.21538,12.0,4.770833333333501,-1.0,-1.1333333333333333,mecha
GBPUSD,2022-12-21,1,1.21461,1.2134099999999999,1.21896,12.0,3.625000000000063,-1.0,-1.1333333333333333,mecha
GBPUSD,2022-12-22,-1,1.21342,1.21462,1.20752,12.0,4.916666666666679,4.916666666666679,4.783333333333346,mecha
GBPUSD,2022-12-23,-1,1.20676,1.2079600000000001,1.2018,12.0,4.133333333333396,-1.0,-1.1333333333333333,mecha
GBPUSD,2022-12-28,-1,1.2048999999999999,1.2061,1.20018,12.0,3.933333333333196,-1.0,-1.1333333333333333,mecha
GBPUSD,2023-01-04,-1,1.2080000000000002,1.2092000000000003,1.19651,12.0,9.575000000000184,6.091666666666791,5.958333333333457,mecha
GBPUSD,2023-01-06,1,1.18811,1.18691,1.19355,12.0,4.533333333333426,-1.0,-1.1333333333333333,mecha
GBPUSD,2023-01-09,-1,1.2160350000000002,1.2172350000000003,1.2093,12.0,5.61250000000013,-1.0,-1.1333333333333333,mecha
GBPUSD,2023-01-13,-1,1.22411,1.2253100000000001,1.21756,12.0,5.458333333333379,5.458333333333379,5.3250000000000455,mecha
GBPUSD,2023-01-17,-1,1.222525,1.2237250000000002,1.21688,12.0,4.704166666666768,-1.0,-1.1333333333333333,mecha
GBPUSD,2023-01-18,-1,1.2329750000000002,1.2341750000000002,1.22536,12.0,6.345833333333458,-1.0,-1.1333333333333333,mecha
GBPUSD,2023-01-31,1,1.231735,1.230535,1.23708,12.0,4.454166666666611,-1.0,-1.1333333333333333,mecha
GBPUSD,2023-02-09,-1,1.213075,1.214275,1.20562,12.0,6.212499999999991,-1.0,-1.1333333333333333,mecha
GBPUSD,2023-02-10,-1,1.21314,1.2143400000000002,1.20891,12.0,3.5250000000001482,3.5250000000001482,3.391666666666815,mecha
GBPUSD,2023-02-15,1,1.208825,1.207625,1.21812,12.0,7.745833333333377,-1.0,-1.1333333333333333,FVG
GBPUSD,2023-02-16,-1,1.2052749999999999,1.206475,1.2014,12.0,3.229166666666542,-1.0,-1.1333333333333333,mecha
GBPUSD,2023-02-17,1,1.19204,1.19084,1.19765,12.0,4.675000000000096,4.675000000000096,4.541666666666762,mecha
GBPUSD,2023-02-22,1,1.2073649999999998,1.2061649999999997,1.2135,12.0,5.1125000000001855,-1.0,-1.1333333333333333,mecha
GBPUSD,2023-02-28,1,1.2030349999999999,1.2018349999999998,1.20676,12.0,3.1041666666668335,3.1041666666668335,2.9708333333335,mecha
GBPUSD,2023-03-01,-1,1.208275,1.209475,1.20132,12.0,5.79583333333337,5.79583333333337,5.662500000000036,mecha
GBPUSD,2023-03-03,-1,1.19841,1.19961,1.19475,12.0,3.0499999999999967,-1.0,-1.1333333333333333,mecha
GBPUSD,2023-03-10,-1,1.19538,1.1965800000000002,1.19072,12.0,3.8833333333334235,-1.0,-1.1333333333333333,mecha
GBPUSD,2023-03-31,1,1.23635,1.23515,1.24227,12.0,4.9333333333332705,-1.0,-1.1333333333333333,mecha
GBPUSD,2023-04-03,-1,1.2321,1.2333,1.22753,12.0,3.808333333333302,-1.0,-1.1333333333333333,mecha
GBPUSD,2023-04-11,-1,1.24315,1.24435,1.23845,12.0,3.9166666666666052,-1.0,-1.1333333333333333,mecha
GBPUSD,2023-04-17,-1,1.2421449999999998,1.243345,1.23831,12.0,3.195833333333175,3.195833333333175,3.062499999999842,mecha
GBPUSD,2023-04-18,-1,1.241205,1.242405,1.23672,12.0,3.737499999999875,-1.0,-1.1333333333333333,mecha
GBPUSD,2023-04-19,-1,1.246115,1.2473150000000002,1.24091,12.0,4.337500000000105,4.337500000000105,4.204166666666771,mecha
GBPUSD,2023-04-25,1,1.246125,1.2449249999999998,1.25066,12.0,3.7791666666668147,-1.0,-1.1333333333333333,mecha
GBPUSD,2023-04-26,-1,1.24441,1.24561,1.24022,12.0,3.4916666666665965,-1.0,-1.1333333333333333,mecha
GBPUSD,2023-05-01,1,1.25325,1.2520499999999999,1.25689,12.0,3.033333333333406,-1.0,-1.1333333333333333,mecha
GBPUSD,2023-05-11,1,1.2584149999999998,1.2572149999999997,1.26403,12.0,4.67916666666679,-1.0,-1.1333333333333333,mecha
GBPUSD,2023-05-16,1,1.24734,1.2461399999999998,1.25321,12.0,4.891666666666701,4.891666666666701,4.7583333333333675,mecha
GBPUSD,2023-05-18,1,1.24558,1.2443799999999998,1.24926,12.0,3.0666666666667726,-1.0,-1.1333333333333333,mecha
GBPUSD,2023-05-22,1,1.241885,1.2406849999999998,1.24719,12.0,4.420833333333429,-0.7374999999998354,-0.8708333333331687,mecha
GBPUSD,2023-05-24,-1,1.245685,1.246885,1.24145,12.0,3.529166666666657,3.529166666666657,3.3958333333333237,mecha
GBPUSD,2023-05-26,-1,1.235285,1.236485,1.23105,12.0,3.529166666666657,-1.0,-1.1333333333333333,mecha
GBPUSD,2023-06-05,1,1.23941,1.2382099999999998,1.24394,12.0,3.7750000000001207,-1.0,-1.1333333333333333,mecha
GBPUSD,2023-06-13,-1,1.256535,1.257735,1.25131,12.0,4.354166666666695,-1.0,-1.1333333333333333,mecha
GBPUSD,2023-07-19,1,1.29387,1.29267,1.30401,12.0,8.449999999999847,-1.0,-1.1333333333333333,mecha
GBPUSD,2023-07-20,1,1.2921049999999998,1.2909049999999997,1.29643,12.0,3.6041666666667784,-1.0,-1.1333333333333333,mecha
GBPUSD,2023-07-25,-1,1.285005,1.286205,1.28091,12.0,3.4124999999999663,-1.0,-1.1333333333333333,mecha
GBPUSD,2023-08-03,1,1.26863,1.2674299999999998,1.27278,12.0,3.4583333333334147,-1.0,-1.1333333333333333,mecha
GBPUSD,2023-08-08,1,1.274395,1.2731949999999999,1.27853,12.0,3.445833333333333,-1.0,-1.1333333333333333,mecha
GBPUSD,2023-08-10,-1,1.27544,1.27664,1.27073,12.0,3.924999999999993,-1.0,-1.1333333333333333,mecha
GBPUSD,2023-08-11,-1,1.2712949999999998,1.272495,1.26655,12.0,3.9541666666664805,-1.0,-1.1333333333333333,mecha
GBPUSD,2023-08-15,-1,1.2712400000000001,1.2724400000000002,1.26748,12.0,3.133333333333506,-1.0,-1.1333333333333333,mecha
GBPUSD,2023-08-16,-1,1.27226,1.27346,1.26866,12.0,3.0000000000000395,-1.0,-1.1333333333333333,mecha
GBPUSD,2023-08-18,1,1.27173,1.27053,1.27655,12.0,4.016666666666705,-1.0,-1.1333333333333333,FVG
GBPUSD,2023-08-22,-1,1.2797800000000001,1.2809800000000002,1.27554,12.0,3.533333333333536,3.533333333333536,3.400000000000203,mecha
GBPUSD,2023-09-04,-1,1.2627199999999998,1.26392,1.25859,12.0,3.4416666666664537,-1.0,-1.1333333333333333,mecha
GBPUSD,2023-09-05,1,1.258285,1.257085,1.26316,12.0,4.062499999999969,-1.0,-1.1333333333333333,mecha
GBPUSD,2023-09-07,1,1.2466249999999999,1.2454249999999998,1.25059,12.0,3.3041666666668483,-1.0,-1.1333333333333333,mecha
GBPUSD,2023-09-11,-1,1.2524899999999999,1.25369,1.24739,12.0,4.249999999999901,-1.0,-1.1333333333333333,mecha
GBPUSD,2023-09-12,1,1.248065,1.246865,1.25231,12.0,3.537500000000045,-1.0,-1.1333333333333333,mecha
GBPUSD,2023-09-20,1,1.234605,1.23329,1.23954,13.149999999999551,3.752851711026846,3.752851711026846,3.6311787072245605,mecha
GBPUSD,2023-09-26,1,1.21698,1.2157799999999999,1.22152,12.0,3.7833333333333234,-1.0,-1.1333333333333333,mecha
GBPUSD,2023-09-29,-1,1.22452,1.2257200000000001,1.21959,12.0,4.108333333333417,-1.0,-1.1333333333333333,mecha
GBPUSD,2023-10-09,1,1.218105,1.216905,1.22242,12.0,3.5958333333333905,-1.0,-1.1333333333333333,mecha
GBPUSD,2023-10-13,-1,1.22152,1.22272,1.21775,12.0,3.141666666666524,3.141666666666524,3.0083333333331908,mecha
GBPUSD,2023-10-18,-1,1.21973,1.22093,1.21581,12.0,3.2666666666666027,-1.0,-1.1333333333333333,FVG
GBPUSD,2023-10-20,1,1.209735,1.208535,1.21441,12.0,3.89583333333332,3.89583333333332,3.762499999999987,mecha
GBPUSD,2023-10-30,1,1.209325,1.208125,1.21329,12.0,3.304166666666663,3.304166666666663,3.17083333333333,mecha
GBPUSD,2023-11-15,1,1.246095,1.2448949999999999,1.24973,12.0,3.029166666666712,-1.0,-1.1333333333333333,mecha
GBPUSD,2023-11-17,1,1.23815,1.23695,1.24219,12.0,3.3666666666665175,3.3666666666665175,3.233333333333184,mecha
GBPUSD,2023-12-04,1,1.26663,1.2654299999999998,1.27118,12.0,3.7916666666667114,-1.0,-1.1333333333333333,mecha
GBPUSD,2023-12-07,-1,1.258305,1.259505,1.2544,12.0,3.254166666666706,-1.0,-1.1333333333333333,mecha
GBPUSD,2023-12-08,1,1.2562250000000001,1.255025,1.2601,12.0,3.229166666666542,-1.0,-1.1333333333333333,mecha
GBPUSD,2023-12-12,1,1.25446,1.2532599999999998,1.25835,12.0,3.241666666666809,3.241666666666809,3.1083333333334755,mecha
GBPUSD,2023-12-13,1,1.252735,1.2515349999999998,1.25704,12.0,3.5875000000000026,-1.0,-1.1333333333333333,mecha
GBPUSD,2023-12-14,1,1.26155,1.2603499999999999,1.26525,12.0,3.0833333333333637,3.0833333333333637,2.9500000000000304,mecha
GBPUSD,2024-01-02,-1,1.27511,1.27631,1.27095,12.0,3.4666666666666175,3.4666666666666175,3.333333333333284,mecha
GBPUSD,2024-01-16,1,1.266355,1.2651549999999998,1.27164,12.0,4.404166666666838,-1.0,-1.1333333333333333,mecha
GBPUSD,2024-01-17,-1,1.2640850000000001,1.2652850000000002,1.25963,12.0,3.712500000000081,-1.0,-1.1333333333333333,mecha
GBPUSD,2024-02-13,-1,1.264665,1.265865,1.26086,12.0,3.1708333333331966,-1.0,-1.1333333333333333,mecha
GBPUSD,2024-02-14,1,1.25625,1.25505,1.26109,12.0,4.033333333333296,-1.0,-1.1333333333333333,mecha
GBPUSD,2024-02-28,1,1.2633299999999998,1.2621299999999998,1.26838,12.0,4.208333333333517,-1.0,-1.1333333333333333,mecha
GBPUSD,2024-03-12,1,1.2786499999999998,1.2774499999999998,1.28231,12.0,3.050000000000182,-1.0,-1.1333333333333333,FVG
GBPUSD,2024-03-19,1,1.26896,1.26776,1.27286,12.0,3.250000000000012,-1.0,-1.1333333333333333,mecha
GBPUSD,2024-03-21,1,1.276345,1.275145,1.2803,12.0,3.295833333333275,-1.0,-1.1333333333333333,mecha
GBPUSD,2024-03-22,1,1.258655,1.257455,1.26751,12.0,7.379166666666529,0.7124999999998567,0.5791666666665234,mecha
GBPUSD,2024-03-28,1,1.2591649999999999,1.2579649999999998,1.26368,12.0,3.762500000000039,3.762500000000039,3.6291666666667055,mecha
GBPUSD,2024-04-12,1,1.25071,1.24951,1.25585,12.0,4.283333333333268,-1.0,-1.1333333333333333,mecha
GBPUSD,2024-04-17,-1,1.2463950000000001,1.2475950000000002,1.24168,12.0,3.929166666666872,-1.0,-1.1333333333333333,FVG
GBPUSD,2024-04-30,1,1.25271,1.25151,1.25632,12.0,3.0083333333334275,-1.0,-1.1333333333333333,mecha
GBPUSD,2024-05-22,-1,1.274975,1.276175,1.27077,12.0,3.5041666666666784,3.5041666666666784,3.370833333333345,mecha
GBPUSD,2024-06-14,1,1.272465,1.2712649999999999,1.27636,12.0,3.245833333333318,-1.0,-1.1333333333333333,mecha
GBPUSD,2024-08-06,1,1.2751,1.2738999999999998,1.28027,12.0,4.308333333333432,-1.0,-1.1333333333333333,mecha
GBPUSD,2024-08-13,-1,1.28054,1.28174,1.27632,12.0,3.5166666666667603,-1.0,-1.1333333333333333,mecha
GBPUSD,2024-08-14,1,1.28318,1.28198,1.28681,12.0,3.025000000000018,1.2833333333334138,1.1500000000000805,mecha
GBPUSD,2024-09-19,-1,1.3239450000000001,1.3251450000000002,1.3153,12.0,7.204166666666863,-1.0,-1.1333333333333333,mecha
GBPUSD,2024-09-23,1,1.32724,1.3260399999999999,1.33195,12.0,3.924999999999993,-1.0,-1.1333333333333333,mecha
GBPUSD,2024-09-25,1,1.33847,1.33727,1.34296,12.0,3.741666666666569,-1.0,-1.1333333333333333,mecha
GBPUSD,2024-09-27,1,1.33632,1.3351199999999999,1.34121,12.0,4.075000000000051,4.075000000000051,3.9416666666667175,mecha
GBPUSD,2024-10-01,1,1.33386,1.33266,1.33894,12.0,4.233333333333311,-1.0,-1.1333333333333333,mecha
GBPUSD,2024-10-03,1,1.31711,1.31591,1.3268,12.0,8.07499999999998,-1.0,-1.1333333333333333,mecha
GBPUSD,2024-10-16,1,1.298575,1.297375,1.3077,12.0,7.604166666666708,0.17916666666654515,0.04583333333321182,mecha
GBPUSD,2024-10-18,-1,1.3062,1.3074000000000001,1.30073,12.0,4.558333333333405,2.9583333333332846,2.8249999999999513,mecha
GBPUSD,2024-11-12,1,1.280485,1.279285,1.28734,12.0,5.712499999999861,-1.0,-1.1333333333333333,mecha
GBPUSD,2024-11-25,1,1.25557,1.25437,1.26066,12.0,4.2416666666665135,4.2416666666665135,4.10833333333318,mecha
GBPUSD,2024-12-03,-1,1.269095,1.2702950000000002,1.26379,12.0,4.420833333333429,4.420833333333429,4.287500000000096,mecha
GBPUSD,2024-12-11,1,1.2744650000000002,1.273265,1.27813,12.0,3.054166666666506,-1.0,-1.1333333333333333,FVG
GBPUSD,2024-12-13,1,1.262235,1.261035,1.2679,12.0,4.720833333333359,-1.0,-1.1333333333333333,mecha
GBPUSD,2025-01-06,-1,1.2454399999999999,1.24664,1.24172,12.0,3.0999999999999543,-1.0,-1.1333333333333333,mecha
GBPUSD,2025-01-07,-1,1.25448,1.2556800000000001,1.25035,12.0,3.441666666666639,-1.0,-1.1333333333333333,FVG
GBPUSD,2025-01-09,1,1.2277,1.2265,1.23649,12.0,7.325000000000062,-1.0,-1.1333333333333333,FVG
GBPUSD,2025-01-16,1,1.220715,1.219515,1.22478,12.0,3.3874999999999873,-1.0,-1.1333333333333333,mecha
GBPUSD,2025-01-22,1,1.23166,1.2304599999999999,1.23534,12.0,3.0666666666667726,3.0666666666667726,2.9333333333334393,mecha
GBPUSD,2025-02-05,-1,1.2502499999999999,1.25145,1.2463,12.0,3.2916666666665813,-1.0,-1.1333333333333333,mecha
GBPUSD,2025-02-06,1,1.2472949999999998,1.2460949999999997,1.2509,12.0,3.0041666666667335,-1.0,-1.1333333333333333,mecha
GBPUSD,2025-02-24,1,1.26402,1.2628199999999998,1.26902,12.0,4.166666666666763,-1.0,-1.1333333333333333,mecha
GBPUSD,2025-03-05,-1,1.28034,1.2815400000000001,1.27671,12.0,3.025000000000018,-1.0,-1.1333333333333333,mecha
GBPUSD,2025-03-10,1,1.287915,1.2867149999999998,1.29453,12.0,5.51250000000003,5.51250000000003,5.379166666666697,mecha
GBPUSD,2025-03-11,-1,1.2933400000000002,1.2945400000000002,1.2873,12.0,5.0333333333333705,-1.0,-1.1333333333333333,mecha
GBPUSD,2025-03-24,-1,1.29512,1.2963200000000001,1.29107,12.0,3.3750000000000906,-1.0,-1.1333333333333333,mecha
GBPUSD,2025-03-26,1,1.289405,1.2882049999999998,1.29459,12.0,4.320833333333329,-1.0,-1.1333333333333333,mecha
GBPUSD,2025-04-11,-1,1.30774,1.30894,1.29666,12.0,9.233333333333315,-1.0,-1.1333333333333333,mecha
GBPUSD,2025-04-14,-1,1.31707,1.31827,1.30731,12.0,8.133333333333326,-1.0,-1.1333333333333333,mecha
GBPUSD,2025-05-08,1,1.3280750000000001,1.326875,1.33559,12.0,6.262499999999948,-1.0,-1.1333333333333333,mecha
GBPUSD,2025-05-14,-1,1.334475,1.3356750000000002,1.3298,12.0,3.89583333333332,-1.0,-1.1333333333333333,mecha
GBPUSD,2025-05-23,-1,1.34588,1.34708,1.34181,12.0,3.3916666666666813,-1.0,-1.1333333333333333,mecha
GBPUSD,2025-05-30,1,1.34689,1.3456899999999998,1.35104,12.0,3.4583333333334147,-1.0,-1.1333333333333333,FVG
GBPUSD,2025-06-02,-1,1.3547449999999999,1.355945,1.34629,12.0,7.045833333333232,-1.0,-1.1333333333333333,mecha
GBPUSD,2025-06-06,1,1.35452,1.3533199999999999,1.35844,12.0,3.266666666666788,-1.0,-1.1333333333333333,mecha
GBPUSD,2025-06-16,-1,1.3590399999999998,1.36024,1.35342,12.0,4.683333333333113,-1.0,-1.1333333333333333,mecha
GBPUSD,2025-06-23,-1,1.344295,1.345495,1.34027,12.0,3.3541666666666208,3.3541666666666208,3.2208333333332875,mecha
GBPUSD,2025-06-24,-1,1.35732,1.3585200000000002,1.35306,12.0,3.550000000000127,-1.0,-1.1333333333333333,mecha
GBPUSD,2025-06-26,-1,1.373575,1.374775,1.36659,12.0,5.820833333333349,-1.0,-1.1333333333333333,mecha
GBPUSD,2025-07-09,-1,1.36011,1.36131,1.35639,12.0,3.0999999999999543,-1.0,-1.1333333333333333,mecha
GBPUSD,2025-07-14,1,1.345345,1.344145,1.35041,12.0,4.220833333333414,-1.0,-1.1333333333333333,mecha
GBPUSD,2025-07-28,1,1.340885,1.339685,1.34522,12.0,3.612499999999981,-1.0,-1.1333333333333333,mecha
GBPUSD,2025-08-13,-1,1.354435,1.3556350000000001,1.34923,12.0,4.337500000000105,-1.0,-1.1333333333333333,mecha
GBPUSD,2025-08-20,-1,1.350495,1.351695,1.34615,12.0,3.620833333333369,3.620833333333369,3.487500000000036,mecha
GBPUSD,2025-08-26,1,1.34498,1.34378,1.34901,12.0,3.3583333333333147,-1.0,-1.1333333333333333,mecha
GBPUSD,2025-08-27,1,1.344445,1.3432449999999998,1.34807,12.0,3.0208333333335093,-1.0,-1.1333333333333333,mecha
GBPUSD,2025-09-02,1,1.343305,1.3421049999999999,1.35488,12.0,9.645833333333426,-1.0,-1.1333333333333333,mecha
GBPUSD,2025-09-05,-1,1.34693,1.34813,1.34329,12.0,3.033333333333221,-1.0,-1.1333333333333333,mecha
GBPUSD,2025-09-15,-1,1.358805,1.3600050000000001,1.35485,12.0,3.295833333333275,-1.0,-1.1333333333333333,mecha
GBPUSD,2025-09-16,-1,1.363575,1.364775,1.35977,12.0,3.170833333333382,-1.0,-1.1333333333333333,FVG
GBPUSD,2025-09-19,1,1.34923,1.3480299999999998,1.35594,12.0,5.591666666666661,-1.0,-1.1333333333333333,mecha
GBPUSD,2025-09-24,1,1.34835,1.3471499999999998,1.3527,12.0,3.625000000000063,-1.0,-1.1333333333333333,mecha
GBPUSD,2025-09-29,-1,1.34471,1.3459100000000002,1.34033,12.0,3.6500000000000417,0.03333333333336667,-0.09999999999996667,mecha
GBPUSD,2025-10-09,1,1.3360750000000001,1.334875,1.34186,12.0,4.820833333333273,-1.0,-1.1333333333333333,mecha
GBPUSD,2025-10-14,1,1.327725,1.326525,1.3352,12.0,6.229166666666582,-1.0,-1.1333333333333333,mecha
GBPUSD,2025-10-15,-1,1.33593,1.3371300000000002,1.33167,12.0,3.550000000000127,-1.0,-1.1333333333333333,FVG
GBPUSD,2025-10-17,1,1.343205,1.342005,1.3471,12.0,3.245833333333318,-1.0,-1.1333333333333333,mecha
GBPUSD,2025-10-22,1,1.3336999999999999,1.3324999999999998,1.33866,12.0,4.133333333333396,-1.0,-1.1333333333333333,mecha
GBPUSD,2025-10-28,1,1.33036,1.32916,1.33694,12.0,5.483333333333358,-1.0,-1.1333333333333333,mecha
GBPUSD,2025-10-29,1,1.32117,1.3199699999999999,1.32738,12.0,5.17500000000004,-1.0,-1.1333333333333333,mecha
GBPUSD,2025-11-05,-1,1.30471,1.3059100000000001,1.301,12.0,3.0916666666667516,-2.8999999999999395,-3.033333333333273,mecha
GBPUSD,2025-11-11,1,1.31237,1.31117,1.31748,12.0,4.258333333333289,4.258333333333289,4.124999999999956,mecha
GBPUSD,2025-11-27,1,1.322315,1.3211149999999998,1.32684,12.0,3.7708333333334267,-1.0,-1.1333333333333333,mecha
GBPUSD,2025-12-17,1,1.33189,1.33069,1.34267,12.0,8.983333333333343,4.100000000000029,3.9666666666666957,mecha
GBPUSD,2026-01-02,1,1.345065,1.3438649999999999,1.34909,12.0,3.3541666666666208,-1.0,-1.1333333333333333,mecha
GBPUSD,2026-01-12,-1,1.345335,1.346535,1.33906,12.0,5.229166666666692,-1.0,-1.1333333333333333,mecha
GBPUSD,2026-01-20,-1,1.348525,1.349725,1.34101,12.0,6.262499999999948,3.9124999999999113,3.779166666666578,mecha
GBPUSD,2026-01-28,1,1.37808,1.3768799999999999,1.38309,12.0,4.174999999999965,-1.0,-1.1333333333333333,mecha
GBPUSD,2026-01-29,-1,1.384305,1.385505,1.3793,12.0,4.170833333333271,4.170833333333271,4.0374999999999375,mecha
GBPUSD,2026-02-11,-1,1.367675,1.368875,1.36313,12.0,3.7875000000000174,-1.0,-1.1333333333333333,mecha
GBPUSD,2026-02-12,-1,1.364285,1.365485,1.36043,12.0,3.212499999999951,-1.0,-1.1333333333333333,mecha
GBPUSD,2026-03-02,1,1.3355299999999999,1.3343299999999998,1.34556,12.0,8.358333333333503,-1.0,-1.1333333333333333,mecha
GBPUSD,2026-03-03,1,1.333885,1.332685,1.34249,12.0,7.170833333333311,-1.0,-1.1333333333333333,mecha
GBPUSD,2026-03-11,1,1.34124,1.34004,1.34573,12.0,3.7416666666667537,-1.0,-1.1333333333333333,mecha
GBPUSD,2026-03-13,1,1.3267950000000002,1.325595,1.33692,12.0,8.437499999999948,-1.0,-1.1333333333333333,FVG
GBPUSD,2026-03-17,-1,1.333145,1.3343450000000001,1.32732,12.0,4.85416666666664,-1.0,-1.1333333333333333,mecha
GBPUSD,2026-03-23,1,1.32623,1.32503,1.33429,12.0,6.7166666666666295,6.7166666666666295,6.583333333333296,mecha
GBPUSD,2026-03-27,1,1.3307449999999998,1.3295449999999998,1.3347,12.0,3.2958333333334604,-1.0,-1.1333333333333333,mecha
GBPUSD,2026-03-30,-1,1.3275649999999999,1.328765,1.32321,12.0,3.629166666666572,3.629166666666572,3.4958333333332385,mecha
GBPUSD,2026-04-01,-1,1.328615,1.3298150000000002,1.32193,12.0,5.570833333333376,-1.0,-1.1333333333333333,mecha
GBPUSD,2026-04-06,-1,1.3222450000000001,1.3234450000000002,1.31849,12.0,3.129166666666812,-1.0,-1.1333333333333333,mecha
GBPUSD,2026-05-08,-1,1.3584,1.3596000000000001,1.35469,12.0,3.0916666666667516,-1.0,-1.1333333333333333,FVG
GBPUSD,2026-05-12,1,1.351615,1.350415,1.36094,12.0,7.770833333333356,-1.0,-1.1333333333333333,mecha
GBPUSD,2026-05-19,1,1.33926,1.3380599999999998,1.34341,12.0,3.4583333333334147,-1.0,-1.1333333333333333,mecha
GBPUSD,2026-06-09,-1,1.337265,1.338465,1.33305,12.0,3.512499999999881,-1.0,-1.1333333333333333,mecha
GBPUSD,2026-06-22,1,1.3191700000000002,1.31797,1.32336,12.0,3.4916666666665965,3.4916666666665965,3.3583333333332632,mecha
GBPUSD,2026-07-02,-1,1.3315299999999999,1.33273,1.32743,12.0,3.416666666666475,-1.0,-1.1333333333333333,mecha
USDJPY,2020-01-03,1,108.0145,107.8945,108.562,12.0,4.562499999999996,-1.0,-1.125,mecha
USDJPY,2020-01-08,-1,108.45500000000001,108.57500000000002,107.651,12.0,6.700000000000136,-1.0,-1.125,mecha
USDJPY,2020-02-04,-1,108.971,109.09100000000001,108.548,12.0,3.5250000000000155,-1.0,-1.125,mecha
USDJPY,2020-02-21,1,111.7045,111.58449999999999,112.185,12.0,4.00416666666672,-1.0,-1.125,mecha
USDJPY,2020-02-25,1,110.65100000000001,110.531,111.041,12.0,3.2499999999998863,-1.0,-1.125,mecha
USDJPY,2020-03-05,1,107.2415,107.1215,107.717,12.0,3.962499999999973,-1.0,-1.125,mecha
USDJPY,2020-03-06,1,105.72,105.6,106.342,12.0,5.183333333333333,-1.0,-1.125,mecha
USDJPY,2020-03-11,-1,105.08449999999999,105.2045,104.092,12.0,8.270833333333272,-1.0,-1.125,mecha
USDJPY,2020-03-26,1,110.327,110.207,110.853,12.0,4.383333333333303,-1.0,-1.125,mecha
USDJPY,2020-04-02,1,107.18299999999999,107.06299999999999,107.571,12.0,3.233333333333377,-1.0,-1.125,mecha
USDJPY,2020-04-13,1,107.8155,107.6955,108.388,12.0,4.770833333333377,-1.0,-1.125,mecha
USDJPY,2020-04-21,1,107.3285,107.2085,107.794,12.0,3.8791666666665967,3.8791666666665967,3.7541666666665967,mecha
USDJPY,2020-04-29,1,106.42099999999999,106.30099999999999,106.84,12.0,3.4916666666667595,1.441666666666682,1.316666666666682,mecha
USDJPY,2020-05-01,1,107.03,106.91,107.406,12.0,3.1333333333333733,-1.0,-1.125,mecha
USDJPY,2020-05-11,-1,107.15100000000001,107.27100000000002,106.775,12.0,3.1333333333333733,-1.0,-1.125,mecha
USDJPY,2020-06-10,1,107.4015,107.2815,107.874,12.0,3.9374999999999716,-1.0,-1.125,mecha
USDJPY,2020-07-24,1,106.18950000000001,106.0695,106.851,12.0,5.512499999999913,-1.0,-1.125,mecha
USDJPY,2020-08-28,1,106.0495,105.92949999999999,106.946,12.0,7.47083333333336,-1.0,-1.125,mecha
USDJPY,2020-09-17,1,104.7945,104.6745,105.173,12.0,3.1541666666666877,-1.0,-1.125,mecha
USDJPY,2020-09-21,1,104.1035,103.98349999999999,104.571,12.0,3.895833333333343,3.895833333333343,3.770833333333343,mecha
USDJPY,2020-11-11,-1,105.412,105.53200000000001,105.004,12.0,3.4000000000000106,-1.0,-1.125,mecha
USDJPY,2020-11-24,1,104.282,104.16199999999999,104.646,12.0,3.0333333333333696,-1.0,-1.125,mecha
USDJPY,2020-12-16,1,103.34649999999999,103.22649999999999,103.721,12.0,3.120833333333432,3.120833333333432,2.995833333333432,mecha
USDJPY,2020-12-17,1,103.156,103.036,103.561,12.0,3.3750000000000098,-1.0,-1.125,mecha
USDJPY,2020-12-18,-1,103.4965,103.6165,103.121,12.0,3.129166666666687,-0.8124999999999716,-0.9374999999999716,FVG
USDJPY,2021-01-04,1,102.88,102.75999999999999,103.263,12.0,3.191666666666748,-1.0,-1.125,mecha
USDJPY,2021-01-07,-1,103.3995,103.51950000000001,102.951,12.0,3.7375000000000824,-1.0,-1.125,mecha
USDJPY,2021-01-19,-1,104.0695,104.18950000000001,103.652,12.0,3.4791666666667,2.670833333333415,2.545833333333415,mecha
USDJPY,2021-01-29,-1,104.654,104.774,104.285,12.0,3.0749999999999984,-1.0,-1.125,mecha
USDJPY,2021-02-09,1,104.7635,104.64349999999999,105.228,12.0,3.870833333333342,-1.0,-1.125,mecha
USDJPY,2021-02-24,-1,105.687,105.807,105.268,12.0,3.4916666666666414,-1.0,-1.125,mecha
USDJPY,2021-03-05,-1,108.3155,108.4355,107.819,12.0,4.13749999999998,-1.0,-1.125,mecha
USDJPY,2021-03-12,-1,109.02250000000001,109.14250000000001,108.516,12.0,4.220833333333355,-1.0,-1.125,mecha
USDJPY,2021-03-19,1,108.634,108.514,109.128,12.0,4.116666666666665,0.31666666666663923,0.19166666666663923,mecha
USDJPY,2021-03-30,-1,110.1845,110.3045,109.786,12.0,3.3208333333333213,-1.0,-1.125,mecha
USDJPY,2021-04-08,1,109.5085,109.3885,109.903,12.0,3.2875000000000654,-1.0,-1.125,mecha
USDJPY,2021-04-12,1,109.40950000000001,109.2895,109.77,12.0,3.0041666666665634,-1.0,-1.125,mecha
USDJPY,2021-04-20,-1,108.426,108.546,107.97,12.0,3.8000000000000256,1.5833333333333144,1.4583333333333144,FVG
USDJPY,2021-04-21,-1,108.25200000000001,108.37200000000001,107.874,12.0,3.1500000000001194,2.466666666666721,2.341666666666721,mecha
USDJPY,2021-04-29,-1,108.822,108.94200000000001,108.435,12.0,3.225000000000004,-1.0,-1.125,mecha
USDJPY,2021-07-26,1,110.1725,110.0525,110.583,12.0,3.420833333333325,-0.7458333333333419,-0.8708333333333419,mecha
USDJPY,2021-09-22,-1,109.556,109.676,109.119,12.0,3.641666666666647,-1.0,-1.125,mecha
USDJPY,2021-09-28,-1,111.351,111.471,110.934,12.0,3.4750000000000134,-1.0,-1.125,mecha
USDJPY,2021-09-29,1,111.273,111.15299999999999,111.682,12.0,3.408333333333384,3.408333333333384,3.283333333333384,mecha
USDJPY,2021-10-01,1,111.0865,110.9665,111.487,12.0,3.337499999999949,-1.0,-1.125,mecha
USDJPY,2021-10-11,-1,112.814,112.934,112.174,12.0,5.33333333333322,-1.0,-1.125,mecha
USDJPY,2021-10-15,-1,114.153,114.27300000000001,113.718,12.0,3.625000000000019,-1.0,-1.125,mecha
USDJPY,2021-10-27,1,113.70400000000001,113.584,114.22,12.0,4.299999999999926,-1.0,-1.125,mecha
USDJPY,2021-11-02,1,113.514,113.39399999999999,114.132,12.0,5.150000000000077,2.6166666666667266,2.4916666666667266,mecha
USDJPY,2021-12-02,-1,113.221,113.34100000000001,112.816,12.0,3.3750000000000098,3.3750000000000098,3.2500000000000098,FVG
USDJPY,2022-01-04,-1,115.866,115.986,115.289,12.0,4.8083333333333185,-1.0,-1.125,mecha
USDJPY,2022-01-06,1,115.70349999999999,115.58349999999999,116.183,12.0,3.995833333333465,0.6791666666667122,0.5541666666667122,mecha
USDJPY,2022-02-03,-1,114.6865,114.8065,114.325,12.0,3.0124999999999367,-1.0,-1.125,mecha
USDJPY,2022-02-22,-1,114.888,115.00800000000001,114.519,12.0,3.0749999999999984,-1.0,-1.125,mecha
USDJPY,2022-03-11,-1,116.768,116.888,116.144,12.0,5.19999999999996,-1.0,-1.125,mecha
USDJPY,2022-04-05,-1,122.95,123.07000000000001,122.37,12.0,4.83333333333332,-1.0,-1.125,mecha
USDJPY,2022-04-11,-1,125.2485,125.36850000000001,124.283,12.0,8.045833333333382,-1.0,-1.125,FVG
USDJPY,2022-04-12,-1,125.7085,125.8285,125.104,12.0,5.037500000000014,5.037500000000014,4.912500000000014,mecha
USDJPY,2022-04-15,-1,126.6105,126.7305,125.944,12.0,5.55416666666666,-0.08749999999994411,-0.21249999999994412,mecha
USDJPY,2022-04-22,1,127.9015,127.7815,128.688,12.0,6.55416666666658,6.55416666666658,6.42916666666658,mecha
USDJPY,2022-04-25,1,128.1515,128.0315,128.867,12.0,5.96249999999993,-1.0,-1.125,FVG
USDJPY,2022-04-27,-1,127.899,128.019,127.098,12.0,6.675000000000017,-1.0,-1.125,FVG
USDJPY,2022-04-28,-1,130.675,130.79500000000002,128.349,12.0,19.383333333333518,-1.0,-1.125,mecha
USDJPY,2022-05-02,-1,130.453,130.573,129.61,12.0,7.0249999999999115,2.4249999999999736,2.2999999999999736,mecha
USDJPY,2022-05-05,-1,129.727,129.847,128.751,12.0,8.133333333333326,-1.0,-1.125,mecha
USDJPY,2022-05-09,-1,131.233,131.353,130.636,12.0,4.975000000000071,4.975000000000071,4.850000000000071,mecha
USDJPY,2022-05-24,1,127.554,127.434,128.083,12.0,4.408333333333303,-1.0,-1.125,mecha
USDJPY,2022-05-26,1,126.8485,126.7285,127.58,12.0,6.095833333333308,-1.0,-1.125,mecha
USDJPY,2022-06-01,-1,129.42849999999999,129.5485,128.644,12.0,6.5374999999998336,-1.0,-1.125,mecha
USDJPY,2022-06-02,1,129.84949999999998,129.72949999999997,130.238,12.0,3.237500000000182,-1.0,-1.125,mecha
USDJPY,2022-06-08,-1,133.47750000000002,133.59750000000003,132.678,12.0,6.662500000000193,-1.0,-1.125,mecha
USDJPY,2022-06-13,1,134.5525,134.4325,135.196,12.0,5.3624999999999075,-1.0,-1.125,mecha
USDJPY,2022-06-15,1,134.7125,134.5925,135.418,12.0,5.879166666666673,-1.0,-1.125,mecha
USDJPY,2022-06-20,1,134.639,134.519,135.44,12.0,6.674999999999898,4.891666666666576,4.766666666666576,mecha
USDJPY,2022-06-28,-1,135.8055,135.9255,135.108,12.0,5.8124999999999245,-1.0,-1.125,mecha
USDJPY,2022-06-30,1,136.2765,136.1565,136.806,12.0,4.412500000000108,-1.0,-1.125,FVG
USDJPY,2022-07-18,1,138.07150000000001,137.9515,138.477,12.0,3.3791666666665776,-1.0,-1.125,mecha
USDJPY,2022-07-19,1,137.75150000000002,137.63150000000002,138.391,12.0,5.329166666666415,-1.0,-1.125,mecha
USDJPY,2022-07-29,1,132.753,132.63299999999998,134.674,12.0,16.008333333333507,-1.6916666666664546,-1.8166666666664546,mecha
USDJPY,2022-08-04,-1,134.222,134.342,133.418,12.0,6.700000000000017,-1.0,-1.125,mecha
USDJPY,2022-08-16,-1,133.7585,133.8785,132.948,12.0,6.754166666666587,-1.0,-1.125,mecha
USDJPY,2022-08-17,-1,134.53699999999998,134.65699999999998,133.903,12.0,5.283333333333218,-1.0,-1.125,mecha
USDJPY,2022-08-18,-1,135.3205,135.44050000000001,134.728,12.0,4.93750000000001,4.93750000000001,4.81250000000001,mecha
USDJPY,2022-08-22,1,136.9895,136.8695,137.433,12.0,3.6958333333333355,-1.0,-1.125,mecha
USDJPY,2022-08-23,1,137.0855,136.9655,137.705,12.0,5.162500000000136,-1.0,-1.125,mecha
USDJPY,2022-08-26,-1,136.8895,137.0095,136.489,12.0,3.337499999999949,-1.0,-1.125,mecha
USDJPY,2022-09-05,-1,140.535,140.655,140.115,12.0,3.499999999999896,-1.0,-1.125,mecha
USDJPY,2022-09-06,-1,141.209,141.329,140.245,12.0,8.033333333333323,-1.0,-1.125,mecha
USDJPY,2022-09-09,1,142.30200000000002,142.18200000000002,144.014,12.0,14.266666666666577,-1.0,-1.125,mecha
USDJPY,2022-09-13,1,142.11,141.99,142.78,12.0,5.583333333333229,-1.0,-1.125,mecha
USDJPY,2022-09-14,1,143.6005,143.4805,144.932,12.0,11.095833333333143,-1.0,-1.125,mecha
USDJPY,2022-09-15,-1,143.631,143.751,142.792,12.0,6.991666666666656,-1.0,-1.125,mecha
USDJPY,2022-09-16,-1,143.58999999999997,143.70999999999998,142.825,12.0,6.374999999999886,2.483333333333112,2.358333333333112,mecha
USDJPY,2022-09-20,-1,143.442,143.562,142.93,12.0,4.266666666666671,-1.0,-1.125,mecha
USDJPY,2022-09-21,1,143.4205,143.3005,144.074,12.0,5.445833333333402,5.445833333333402,5.320833333333402,mecha
USDJPY,2022-09-22,-1,145.814,145.934,143.496,12.0,19.31666666666653,19.31666666666653,19.19166666666653,mecha
USDJPY,2022-09-29,-1,144.7165,144.8365,144.201,12.0,4.295833333333358,3.4708333333332084,3.3458333333332084,mecha
USDJPY,2022-09-30,1,144.269,144.149,144.771,12.0,4.183333333333176,4.183333333333176,4.058333333333176,mecha
USDJPY,2022-10-05,-1,144.437,144.55700000000002,143.521,12.0,7.633333333333544,-1.0,-1.125,mecha
USDJPY,2022-10-14,-1,147.56650000000002,147.68650000000002,147.086,12.0,4.00416666666672,-1.0,-1.125,mecha
USDJPY,2022-10-28,-1,147.0515,147.1715,145.972,12.0,8.9958333333333,-1.0,-1.125,mecha
USDJPY,2022-10-31,-1,148.3465,148.4665,147.731,12.0,5.129166666666644,-1.0,-1.125,mecha
USDJPY,2022-11-02,1,147.074,146.954,147.708,12.0,5.283333333333218,-1.0,-1.125,mecha
USDJPY,2022-11-03,-1,147.976,148.096,147.108,12.0,7.233333333333292,-1.0,-1.125,mecha
USDJPY,2022-11-04,1,147.67399999999998,147.55399999999997,148.231,12.0,4.641666666666803,-1.0,-1.125,FVG
USDJPY,2022-11-07,-1,147.512,147.632,146.702,12.0,6.7500000000000195,6.7500000000000195,6.6250000000000195,mecha
USDJPY,2022-11-11,1,141.1535,141.0335,142.479,12.0,11.045833333333377,-1.0,-1.125,mecha
USDJPY,2022-11-15,1,139.268,139.148,140.624,12.0,11.299999999999955,-1.0,-1.125,mecha
USDJPY,2022-11-21,-1,141.09,141.21,140.189,12.0,7.508333333333421,-1.0,-1.125,mecha
USDJPY,2022-11-22,1,141.6005,141.4805,142.24,12.0,5.3291666666666515,-1.0,-1.125,mecha
USDJPY,2022-11-28,1,137.5925,137.4725,139.375,12.0,14.854166666666657,4.987500000000011,4.862500000000011,mecha
USDJPY,2022-11-29,1,138.216,138.096,139.35,12.0,9.449999999999886,-1.0,-1.125,mecha
USDJPY,2022-12-01,1,136.002,135.882,137.538,12.0,12.800000000000011,-1.0,-1.125,mecha
USDJPY,2022-12-06,-1,137.3635,137.4835,136.285,12.0,8.987499999999926,8.987499999999926,8.862499999999926,mecha
USDJPY,2022-12-14,1,135.30450000000002,135.1845,135.689,12.0,3.2041666666664526,-1.0,-1.125,mecha
USDJPY,2022-12-19,1,135.79500000000002,135.675,136.596,12.0,6.674999999999898,6.674999999999898,6.549999999999898,mecha
USDJPY,2022-12-20,1,132.43400000000003,132.276,137.472,15.800000000001546,31.886075949363857,-1.0,-1.0949367088607502,mecha
USDJPY,2023-01-03,-1,130.85649999999998,130.9765,129.507,12.0,11.245833333333149,-1.0,-1.125,mecha
USDJPY,2023-01-06,-1,134.3515,134.4715,133.301,12.0,8.754166666666663,-1.0,-1.125,mecha
USDJPY,2023-01-09,-1,132.299,132.419,131.304,12.0,8.291666666666705,-1.0,-1.125,mecha
USDJPY,2023-01-26,-1,129.692,129.812,129.02,12.0,5.599999999999976,-1.0,-1.125,mecha
USDJPY,2023-01-31,1,130.09199999999998,129.97199999999998,130.504,12.0,3.4333333333333846,-1.0,-1.125,mecha
USDJPY,2023-02-01,-1,130.39299999999997,130.51299999999998,129.858,12.0,4.458333333333068,4.458333333333068,4.333333333333068,mecha
USDJPY,2023-02-02,-1,129.012,129.133,128.173,12.100000000000932,6.933884297520116,6.933884297520116,6.809917355371366,mecha
USDJPY,2023-02-07,1,132.041,131.921,132.623,12.0,4.849999999999947,-1.0,-1.125,mecha
USDJPY,2023-02-15,-1,133.375,133.495,132.542,12.0,6.941666666666654,-1.0,-1.125,mecha
USDJPY,2023-02-21,-1,134.73000000000002,134.85000000000002,134.148,12.0,4.850000000000184,-1.0,-1.125,FVG
USDJPY,2023-02-28,-1,136.801,136.921,136.11,12.0,5.758333333333118,5.758333333333118,5.633333333333118,mecha
USDJPY,2023-03-01,1,135.92399999999998,135.80399999999997,136.468,12.0,4.5333333333334265,-1.0,-1.125,mecha
USDJPY,2023-03-03,1,136.263,136.143,136.768,12.0,4.208333333333296,-1.0,-1.125,mecha
USDJPY,2023-03-07,1,135.6735,135.55349999999999,136.175,12.0,4.179166666666845,-1.0,-1.125,mecha
USDJPY,2023-03-21,-1,132.1415,132.2615,131.029,12.0,9.270833333333428,-1.0,-1.125,mecha
USDJPY,2023-03-24,1,130.012,129.892,130.676,12.0,5.5333333333332275,-1.0,-1.125,mecha
USDJPY,2023-03-27,-1,131.0115,131.13150000000002,130.496,12.0,4.295833333333358,-1.0,-1.125,mecha
USDJPY,2023-03-29,-1,132.001,132.121,130.923,12.0,8.98333333333336,-1.0,-1.125,mecha
USDJPY,2023-03-30,1,132.28500000000003,132.16500000000002,132.807,12.0,4.3499999999996914,4.3499999999996914,4.2249999999996914,mecha
USDJPY,2023-04-06,-1,131.429,131.549,130.774,12.0,5.458333333333343,-1.0,-1.125,mecha
USDJPY,2023-04-20,1,134.5005,134.38049999999998,134.972,12.0,3.9291666666668355,-1.0,-1.125,mecha
USDJPY,2023-04-21,1,133.7485,133.6285,134.249,12.0,4.170833333333235,-1.0,-1.125,mecha
USDJPY,2023-04-27,-1,133.8185,133.9385,133.391,12.0,3.562500000000076,3.562500000000076,3.437500000000076,mecha
USDJPY,2023-05-01,-1,136.9425,137.0625,136.254,12.0,5.73750000000004,-1.0,-1.125,mecha
USDJPY,2023-05-09,1,134.772,134.652,135.324,12.0,4.600000000000175,-3.266666666666633,-3.391666666666633,mecha
USDJPY,2023-05-11,-1,134.49200000000002,134.61200000000002,133.892,12.0,5.00000000000019,-1.0,-1.125,mecha
USDJPY,2023-05-12,-1,134.848,134.96800000000002,134.401,12.0,3.7250000000000227,-1.0,-1.125,mecha
USDJPY,2023-05-17,-1,136.835,136.955,136.303,12.0,4.433333333333422,-1.0,-1.125,mecha
USDJPY,2023-05-23,1,138.39800000000002,138.27800000000002,138.875,12.0,3.9749999999997954,-1.0,-1.125,mecha
USDJPY,2023-05-24,-1,138.6725,138.79250000000002,138.231,12.0,3.679166666666826,-1.0,-1.125,mecha
USDJPY,2023-05-29,1,140.304,140.184,140.917,12.0,5.10833333333333,-1.0,-1.125,mecha
USDJPY,2023-05-31,1,139.358,139.238,139.92,12.0,4.683333333333195,4.683333333333195,4.558333333333195,mecha
USDJPY,2023-06-01,-1,139.7335,139.8535,139.077,12.0,5.470833333333284,-1.0,-1.125,mecha
USDJPY,2023-06-05,-1,140.4155,140.5355,139.984,12.0,3.5958333333333314,3.5958333333333314,3.4708333333333314,mecha
USDJPY,2023-06-16,-1,141.324,141.44400000000002,139.85,12.0,12.283333333333484,-1.0,-1.125,mecha
USDJPY,2023-06-21,-1,142.041,142.161,141.332,12.0,5.90833333333336,-1.0,-1.125,mecha
USDJPY,2023-06-26,1,143.118,142.998,143.659,12.0,4.508333333333307,7.624999999999934,7.499999999999934,mecha
USDJPY,2023-06-29,-1,144.63150000000002,144.75150000000002,144.133,12.0,4.154166666666725,-1.0,-1.125,mecha
USDJPY,2023-07-06,1,143.67649999999998,143.55649999999997,144.574,12.0,7.47916666666697,7.47916666666697,7.35416666666697,mecha
USDJPY,2023-07-07,1,143.194,143.07399999999998,144.196,12.0,8.35000000000008,-1.0,-1.125,mecha
USDJPY,2023-07-11,1,140.47449999999998,140.35449999999997,141.459,12.0,8.204166666666879,-1.0,-1.125,mecha
USDJPY,2023-07-12,1,139.379,139.259,140.162,12.0,6.525000000000129,-1.0,-1.125,mecha
USDJPY,2023-07-14,-1,138.40300000000002,138.52300000000002,137.237,12.0,9.716666666666878,-1.0,-1.125,mecha
USDJPY,2023-07-18,1,138.274,138.154,138.923,12.0,5.408333333333341,-1.0,-1.125,mecha
USDJPY,2023-07-19,-1,139.43099999999998,139.551,138.848,12.0,4.858333333333084,-1.0,-1.125,mecha
USDJPY,2023-07-21,-1,140.301,140.421,139.747,12.0,4.616666666666447,-1.0,-1.125,mecha
USDJPY,2023-07-24,1,141.3965,141.2765,141.811,12.0,3.454166666666699,-1.0,-1.125,mecha
USDJPY,2023-07-26,1,140.6405,140.5205,141.184,12.0,4.5291666666666215,-1.0,-1.125,mecha
USDJPY,2023-08-02,1,142.579,142.459,143.348,12.0,6.408333333333379,-1.0,-1.125,mecha
USDJPY,2023-08-07,-1,142.2695,142.3895,141.511,12.0,6.320833333333317,-1.0,-1.125,mecha
USDJPY,2023-08-15,-1,145.7955,145.9155,145.323,12.0,3.9374999999999716,3.9374999999999716,3.8124999999999716,mecha
USDJPY,2023-08-17,1,146.1735,146.05349999999999,146.559,12.0,3.2125000000000625,-1.0,-1.125,mecha
USDJPY,2023-08-18,1,145.2165,145.0965,145.793,12.0,4.804166666666751,-1.0,-1.125,mecha
USDJPY,2023-08-22,1,145.78449999999998,145.66449999999998,146.397,12.0,5.104166666666762,-1.0,-1.125,mecha
USDJPY,2023-08-24,-1,145.188,145.308,144.6,12.0,4.899999999999949,-1.0,-1.125,mecha
USDJPY,2023-08-30,-1,146.3625,146.48250000000002,145.775,12.0,4.895833333333381,-1.0,-1.125,mecha
USDJPY,2023-09-05,-1,146.9945,147.1145,146.48,12.0,4.287499999999985,-1.0,-1.125,mecha
USDJPY,2023-09-07,1,147.464,147.344,147.872,12.0,3.400000000000129,-1.0,-1.125,mecha
USDJPY,2023-09-08,-1,147.3945,147.5145,146.584,12.0,6.754166666666587,-1.0,-1.125,mecha
USDJPY,2023-09-12,-1,146.906,147.026,146.436,12.0,3.916666666666657,-1.0,-1.125,mecha
USDJPY,2023-09-15,-1,147.776,147.89600000000002,147.336,12.0,3.666666666666648,-1.0,-1.125,mecha
USDJPY,2023-09-22,-1,148.3705,148.4905,147.506,12.0,7.204166666666604,-0.42916666666670267,-0.5541666666667027,mecha
USDJPY,2023-09-29,1,148.7955,148.6755,149.5,12.0,5.8708333333333,-1.0,-1.125,mecha
USDJPY,2023-10-05,-1,149.052,149.172,148.257,12.0,6.624999999999896,1.3833333333333069,1.2583333333333069,mecha
USDJPY,2023-10-06,-1,148.9325,149.0525,148.358,12.0,4.787500000000004,-1.0,-1.125,FVG
USDJPY,2023-10-10,-1,148.841,148.961,148.161,12.0,5.666666666666724,-1.0,-1.125,mecha
USDJPY,2023-10-26,-1,150.579,150.699,150.042,12.0,4.475000000000051,3.550000000000135,3.425000000000135,FVG
USDJPY,2023-10-31,-1,150.4675,150.5875,149.326,12.0,9.512500000000065,-1.0,-1.125,mecha
USDJPY,2023-12-05,1,146.718,146.59799999999998,147.381,12.0,5.525000000000091,-1.0,-1.125,mecha
USDJPY,2023-12-06,1,147.0315,146.9115,147.397,12.0,3.0458333333333107,-1.0,-1.125,mecha
USDJPY,2023-12-11,-1,146.22899999999998,146.349,144.866,12.0,11.358333333333093,-1.0,-1.125,FVG
USDJPY,2023-12-13,-1,145.852,145.972,145.264,12.0,4.899999999999949,4.899999999999949,4.774999999999949,mecha
USDJPY,2023-12-19,-1,144.65,144.77,142.244,12.0,20.05000000000005,-1.0,-1.125,mecha
USDJPY,2023-12-20,1,143.35649999999998,143.23649999999998,144.095,12.0,6.154166666666802,-0.829166666666481,-0.954166666666481,mecha
USDJPY,2023-12-28,1,140.898,140.778,141.666,12.0,6.400000000000006,-1.0,-1.125,FVG
USDJPY,2024-01-03,-1,142.3915,142.5115,141.858,12.0,4.445833333333364,-1.0,-1.125,mecha
USDJPY,2024-01-15,-1,145.472,145.592,144.933,12.0,4.491666666666798,-1.0,-1.125,mecha
USDJPY,2024-01-16,-1,146.50150000000002,146.62150000000003,145.583,12.0,7.654166666666859,-1.0,-1.125,mecha
USDJPY,2024-01-22,-1,148.2715,148.3915,147.73,12.0,4.512500000000112,4.512500000000112,4.387500000000112,mecha
USDJPY,2024-01-24,1,147.49099999999999,147.37099999999998,148.26,12.0,6.408333333333379,-1.0,-1.125,mecha
USDJPY,2024-01-26,-1,147.849,147.969,147.478,12.0,3.091666666666508,-1.0,-1.125,mecha
USDJPY,2024-01-29,1,147.8015,147.6815,148.333,12.0,4.429166666666617,-1.0,-1.125,mecha
USDJPY,2024-02-08,-1,148.74450000000002,148.86450000000002,147.93,12.0,6.78750000000008,-1.0,-1.125,mecha
USDJPY,2024-02-27,1,150.14350000000002,150.0235,150.609,12.0,3.8791666666665967,5.120833333333271,4.995833333333271,mecha
USDJPY,2024-02-28,-1,150.772,150.892,150.373,12.0,3.3250000000000077,8.424999999999965,8.299999999999965,mecha
USDJPY,2024-02-29,1,149.6855,149.5655,150.656,12.0,8.08750000000013,-1.0,-1.125,mecha
USDJPY,2024-03-07,1,147.926,147.80599999999998,149.259,12.0,11.10833333333332,-1.0,-1.125,FVG
USDJPY,2024-03-11,1,146.547,146.427,147.087,12.0,4.499999999999934,4.499999999999934,4.374999999999934,mecha
USDJPY,2024-03-13,-1,148.01,148.13,147.232,12.0,6.483333333333263,1.9333333333333278,1.8083333333333278,mecha
USDJPY,2024-03-15,-1,148.7355,148.8555,148.03,12.0,5.879166666666673,-1.0,-1.125,mecha
USDJPY,2024-03-20,-1,151.7015,151.82150000000001,151.135,12.0,4.720833333333493,4.720833333333493,4.595833333333493,mecha
USDJPY,2024-03-21,-1,151.2885,151.4085,150.263,12.0,8.545833333333283,-1.0,-1.125,mecha
USDJPY,2024-03-25,-1,151.423,151.543,151.052,12.0,3.0916666666667445,-1.0,-1.125,mecha
USDJPY,2024-04-05,-1,151.3225,151.4425,150.81,12.0,4.270833333333239,-1.0,-1.125,mecha
USDJPY,2024-04-11,-1,153.15449999999998,153.2745,152.759,12.0,3.29583333333332,-1.0,-1.125,mecha
USDJPY,2024-05-08,-1,155.33300000000003,155.45300000000003,154.688,12.0,5.375000000000322,-1.0,-1.125,mecha
USDJPY,2024-05-09,-1,155.7885,155.9085,155.152,12.0,5.304166666666769,-1.0,-1.125,mecha
USDJPY,2024-05-21,1,156.173,156.053,156.545,12.0,3.0999999999998806,-1.0,-1.125,mecha
USDJPY,2024-06-04,1,155.8605,155.7405,156.484,12.0,5.195833333333392,-1.0,-1.125,mecha
USDJPY,2024-06-05,-1,155.9355,156.0555,154.818,12.0,9.31249999999982,-1.0,-1.125,mecha
USDJPY,2024-06-06,-1,156.10500000000002,156.22500000000002,155.354,12.0,6.258333333333374,-1.0,-1.125,mecha
USDJPY,2024-06-07,1,155.33800000000002,155.21800000000002,155.934,12.0,4.966666666666461,-1.0,-1.125,FVG
USDJPY,2024-06-21,1,158.74099999999999,158.62099999999998,159.125,12.0,3.2000000000001214,3.2000000000001214,3.0750000000001214,mecha
USDJPY,2024-07-03,-1,161.9005,162.0205,161.416,12.0,4.037499999999976,4.037499999999976,3.9124999999999757,mecha
USDJPY,2024-07-08,-1,160.9125,161.0325,160.26,12.0,5.437500000000028,-1.0,-1.125,mecha
USDJPY,2024-07-17,1,157.79649999999998,157.67649999999998,158.624,12.0,6.8958333333334565,-1.0,-1.125,mecha
USDJPY,2024-07-26,-1,154.0935,154.2135,153.366,12.0,6.062499999999934,-1.0,-1.125,mecha
USDJPY,2024-08-01,-1,150.24450000000002,150.36450000000002,148.508,12.0,14.470833333333388,-1.0,-1.125,mecha
USDJPY,2024-08-14,-1,147.2745,147.3945,146.068,12.0,10.054166666666475,-1.0,-1.125,mecha
USDJPY,2024-08-19,1,145.28949999999998,145.16949999999997,148.051,12.0,23.012500000000102,15.112500000000278,14.987500000000278,mecha
USDJPY,2024-08-21,-1,145.833,145.953,144.93,12.0,7.52499999999993,-1.0,-1.125,FVG
USDJPY,2024-08-30,-1,145.067,145.187,144.653,12.0,3.4500000000001307,-1.0,-1.125,mecha
USDJPY,2024-09-04,1,144.9185,144.7985,145.552,12.0,5.27916666666665,-1.0,-1.125,mecha
USDJPY,2024-09-06,1,142.3055,142.1855,143.477,12.0,9.762500000000074,-1.0,-1.125,mecha
USDJPY,2024-09-16,1,139.788,139.668,140.896,12.0,9.233333333333132,-1.0,-1.125,mecha
USDJPY,2024-09-20,-1,143.0855,143.2055,141.952,12.0,9.445833333333317,-1.0,-1.125,mecha
USDJPY,2024-09-27,1,142.9185,142.778,146.491,14.050000000000296,25.4270462633448,-1.0,-1.1067615658362966,mecha
USDJPY,2024-10-07,1,148.203,148.083,149.111,12.0,7.566666666666559,-1.0,-1.125,mecha
USDJPY,2024-10-11,-1,148.767,148.887,148.401,12.0,3.049999999999879,-1.0,-1.125,mecha
USDJPY,2024-10-15,1,149.238,149.118,149.837,12.0,4.99166666666658,-1.0,-1.125,mecha
USDJPY,2024-10-17,-1,149.768,149.888,149.24,12.0,4.39999999999993,-1.0,-1.125,mecha
USDJPY,2024-10-23,-1,152.276,152.39600000000002,151.135,12.0,9.508333333333496,-1.0,-1.125,mecha
USDJPY,2024-10-24,1,152.086,151.966,152.799,12.0,5.941666666666616,-1.0,-1.125,mecha
USDJPY,2024-10-28,1,153.091,152.971,153.879,12.0,6.566666666666521,-1.0,-1.125,mecha
USDJPY,2024-10-29,-1,153.4195,153.5395,152.754,12.0,5.545833333333405,-1.0,-1.125,mecha
USDJPY,2024-10-30,1,153.04649999999998,152.92649999999998,153.462,12.0,3.4625000000000723,-1.0,-1.125,FVG
USDJPY,2024-11-01,-1,152.789,152.909,151.92,12.0,7.241666666666665,7.241666666666665,7.116666666666665,mecha
USDJPY,2024-11-07,1,153.8985,153.7785,154.708,12.0,6.7458333333332146,-1.0,-1.125,FVG
USDJPY,2024-11-15,1,155.81799999999998,155.69799999999998,156.746,12.0,7.733333333333547,-1.0,-1.125,mecha
USDJPY,2024-11-20,-1,155.659,155.779,154.584,12.0,8.95833333333324,-1.0,-1.125,mecha
USDJPY,2024-11-25,-1,154.618,154.738,153.548,12.0,8.916666666666611,6.0916666666666215,5.9666666666666215,mecha
USDJPY,2024-11-28,-1,151.81599999999997,151.93599999999998,151.281,12.0,4.458333333333068,-1.0,-1.125,mecha
USDJPY,2024-12-19,-1,156.56,156.68,154.463,12.0,17.475000000000072,-1.0,-1.125,mecha
USDJPY,2024-12-31,1,156.103,155.983,157.045,12.0,7.849999999999824,7.849999999999824,7.724999999999824,mecha
USDJPY,2025-01-02,1,156.6015,156.48149999999998,157.772,12.0,9.754166666666702,-1.0,-1.125,mecha
USDJPY,2025-01-15,1,156.923,156.803,158.082,12.0,9.658333333333266,-1.0,-1.125,FVG
USDJPY,2025-01-27,1,155.0885,154.9685,156.244,12.0,9.629166666666578,-1.0,-1.125,mecha
USDJPY,2025-01-28,-1,155.92000000000002,156.04000000000002,154.793,12.0,9.391666666666747,5.850000000000222,5.725000000000222,mecha
USDJPY,2025-02-05,1,152.9625,152.8425,154.355,12.0,11.604166666666535,-1.0,-1.125,mecha
USDJPY,2025-02-06,-1,152.66899999999998,152.789,151.81,12.0,7.158333333333171,-1.0,-1.125,mecha
USDJPY,2025-02-10,-1,152.414,152.534,151.623,12.0,6.59166666666664,6.59166666666664,6.46666666666664,mecha
USDJPY,2025-02-24,-1,149.51100000000002,149.63100000000003,148.841,12.0,5.583333333333466,-1.0,-1.125,mecha
USDJPY,2025-02-25,1,149.34449999999998,149.22449999999998,150.298,12.0,7.945833333333496,-1.0,-1.125,mecha
USDJPY,2025-03-03,1,150.1055,149.9855,150.945,12.0,6.995833333333223,-1.0,-1.125,mecha
USDJPY,2025-03-05,1,149.39049999999997,149.27049999999997,150.182,12.0,6.595833333333445,-1.0,-1.125,mecha
USDJPY,2025-03-12,-1,148.638,148.758,147.844,12.0,6.6166666666667595,-1.0,-1.125,mecha
USDJPY,2025-03-24,1,149.55849999999998,149.43849999999998,149.951,12.0,3.270833333333438,3.270833333333438,3.145833333333438,mecha
USDJPY,2025-03-25,1,150.446,150.326,150.935,12.0,4.075000000000037,-1.0,-1.125,mecha
USDJPY,2025-03-26,1,150.079,149.959,150.622,12.0,4.525000000000054,4.525000000000054,4.400000000000054,mecha
USDJPY,2025-03-27,-1,150.5805,150.7005,150.058,12.0,4.354166666666734,-1.0,-1.125,mecha
USDJPY,2025-03-28,1,150.4155,150.2955,150.975,12.0,4.662499999999881,-1.0,-1.125,mecha
USDJPY,2025-04-04,-1,146.37150000000003,146.49150000000003,145.298,12.0,8.945833333333535,-1.0,-1.125,mecha
USDJPY,2025-04-08,1,147.019,146.899,148.118,12.0,9.158333333333246,-1.0,-1.125,mecha
USDJPY,2025-04-11,1,142.6245,142.415,144.235,20.950000000001978,7.687350835321478,-1.0,-1.0715990453460553,mecha
USDJPY,2025-04-15,1,142.9105,142.7905,143.592,12.0,5.679166666666665,-1.0,-1.125,mecha
USDJPY,2025-04-23,1,141.6565,141.5365,143.102,12.0,12.045833333333416,-1.0,-1.125,mecha
USDJPY,2025-04-30,-1,142.5935,142.7135,142.16,12.0,3.612500000000078,-1.0,-1.125,mecha
USDJPY,2025-05-02,1,145.19099999999997,145.07099999999997,145.924,12.0,6.108333333333604,-1.0,-1.125,mecha
USDJPY,2025-05-08,-1,144.4555,144.5755,143.443,12.0,8.437499999999906,-1.0,-1.125,mecha
USDJPY,2025-05-22,1,143.0255,142.9055,144.148,12.0,9.354166666666686,-1.0,-1.125,mecha
USDJPY,2025-05-23,1,143.3795,143.2595,144.013,12.0,5.27916666666665,-1.0,-1.125,mecha
USDJPY,2025-06-09,1,144.25,144.13,144.947,12.0,5.808333333333357,-1.0,-1.125,mecha
USDJPY,2025-06-18,1,144.9195,144.7995,145.44,12.0,4.337499999999987,-1.0,-1.125,mecha
USDJPY,2025-06-19,-1,145.30599999999998,145.426,144.734,12.0,4.766666666666453,-1.0,-1.125,mecha
USDJPY,2025-06-24,1,145.2255,145.1055,146.041,12.0,6.795833333333216,-1.0,-1.125,mecha
USDJPY,2025-06-25,-1,145.13049999999998,145.2505,144.606,12.0,4.370833333333243,-1.0,-1.125,mecha
USDJPY,2025-06-26,1,144.078,143.958,145.223,12.0,9.541666666666753,-1.0,-1.125,mecha
USDJPY,2025-07-01,1,143.03500000000003,142.91500000000002,143.933,12.0,7.483333333333064,-1.0,-1.125,mecha
USDJPY,2025-07-02,-1,143.85199999999998,143.97199999999998,143.319,12.0,4.441666666666559,-1.0,-1.125,mecha
USDJPY,2025-07-04,1,144.22750000000002,144.10750000000002,144.926,12.0,5.820833333333061,7.087499999999855,6.962499999999855,mecha
USDJPY,2025-07-07,-1,145.11700000000002,145.23700000000002,144.223,12.0,7.4500000000000455,-1.0,-1.125,mecha
USDJPY,2025-07-16,1,148.732,148.612,149.184,12.0,3.7666666666666515,-1.0,-1.125,FVG
USDJPY,2025-07-17,-1,148.6825,148.8025,147.764,12.0,7.6541666666666215,-1.0,-1.125,mecha
USDJPY,2025-07-18,-1,148.853,148.973,148.285,12.0,4.733333333333434,4.733333333333434,4.608333333333434,mecha
USDJPY,2025-07-21,1,148.04,147.92,148.658,12.0,5.149999999999959,-1.0,-1.125,FVG
USDJPY,2025-07-28,-1,148.1755,148.2955,147.518,12.0,5.479166666666657,-1.0,-1.125,mecha
USDJPY,2025-08-05,-1,147.27100000000002,147.39100000000002,146.617,12.0,5.450000000000207,-1.0,-1.125,FVG
USDJPY,2025-08-13,1,147.4525,147.33249999999998,148.168,12.0,5.962500000000167,-1.0,-1.125,mecha
USDJPY,2025-09-02,-1,148.01850000000002,148.13850000000002,147.045,12.0,8.11250000000025,-1.0,-1.125,mecha
USDJPY,2025-09-04,-1,148.31799999999998,148.438,147.789,12.0,4.408333333333303,-1.0,-1.125,mecha
USDJPY,2025-09-11,-1,147.7535,147.8735,147.28,12.0,3.945833333333345,-1.0,-1.125,mecha
USDJPY,2025-09-16,1,146.8115,146.6915,147.538,12.0,6.054166666666798,-1.0,-1.125,mecha
USDJPY,2025-09-17,-1,146.6515,146.7715,146.209,12.0,3.6874999999999623,3.6874999999999623,3.5624999999999623,mecha
USDJPY,2025-09-24,-1,148.072,148.192,147.517,12.0,4.625000000000057,-1.0,-1.125,mecha
USDJPY,2025-09-29,1,148.548,148.428,149.474,12.0,7.716666666666565,-5.483333333333462,-5.608333333333462,mecha
USDJPY,2025-10-10,1,152.54399999999998,152.378,153.272,16.59999999999968,4.385542168674835,-1.0,-1.0903614457831343,mecha
USDJPY,2025-10-13,-1,152.3265,152.44650000000001,151.74,12.0,4.887500000000008,-1.0,-1.125,mecha
USDJPY,2025-10-15,1,150.999,150.879,151.851,12.0,7.1000000000000325,0.5500000000000209,0.4250000000000209,mecha
USDJPY,2025-10-17,1,149.64350000000002,149.5235,150.389,12.0,6.21249999999994,6.21249999999994,6.08749999999994,mecha
USDJPY,2025-11-04,1,153.44299999999998,153.32299999999998,154.482,12.0,8.658333333333465,-1.0,-1.125,FVG
USDJPY,2025-11-21,1,156.672,156.552,157.541,12.0,7.241666666666665,-1.0,-1.125,mecha
USDJPY,2025-11-25,1,156.4655,156.3455,156.983,12.0,4.312500000000105,-1.0,-1.125,mecha
USDJPY,2025-11-26,-1,156.402,156.522,155.651,12.0,6.258333333333137,-1.0,-1.125,mecha
USDJPY,2025-11-27,-1,156.26,156.38,155.72,12.0,4.499999999999934,-1.0,-1.125,mecha
USDJPY,2025-12-01,1,155.41950000000003,155.29950000000002,155.991,12.0,4.762499999999885,-1.0,-1.125,FVG
USDJPY,2025-12-09,-1,156.135,156.255,155.744,12.0,3.2583333333332596,-1.0,-1.125,mecha
USDJPY,2025-12-17,-1,155.5345,155.6545,154.512,12.0,8.5208333333334,-1.0,-1.125,mecha
USDJPY,2025-12-18,-1,155.923,156.043,155.424,12.0,4.158333333333294,4.158333333333294,4.033333333333294,mecha
USDJPY,2025-12-19,-1,156.816,156.936,155.556,12.0,10.499999999999925,-1.0,-1.125,mecha
USDJPY,2025-12-30,1,155.9505,155.8305,156.337,12.0,3.220833333333199,-1.0,-1.125,mecha
USDJPY,2026-01-05,1,156.8065,156.6865,157.296,12.0,4.079166666666604,-1.0,-1.125,mecha
USDJPY,2026-01-06,1,156.268,156.148,156.797,12.0,4.408333333333303,0.9916666666666648,0.8666666666666648,mecha
USDJPY,2026-01-13,-1,159.0165,159.1365,157.963,12.0,8.779166666666782,-1.0,-1.125,mecha
USDJPY,2026-01-14,1,159.082,158.962,159.452,12.0,3.0833333333333712,-1.0,-1.125,mecha
USDJPY,2026-01-19,-1,158.0995,158.2195,157.42,12.0,5.662500000000156,3.6541666666667068,3.5291666666667068,mecha
USDJPY,2026-01-20,1,157.6605,157.5405,158.467,12.0,6.720833333333331,-1.0,-1.125,mecha
USDJPY,2026-01-23,1,158.25150000000002,158.13150000000002,158.948,12.0,5.804166666666552,-1.0,-1.125,mecha
USDJPY,2026-01-26,1,153.61399999999998,153.396,155.344,21.79999999999893,7.935779816514234,-1.0,-1.0688073394495448,mecha
USDJPY,2026-01-27,-1,154.6255,154.7455,154.085,12.0,4.504166666666502,-1.0,-1.125,mecha
USDJPY,2026-02-04,-1,156.443,156.56300000000002,155.806,12.0,5.308333333333337,-1.0,-1.125,mecha
USDJPY,2026-02-05,-1,157.131,157.251,156.685,12.0,3.71666666666665,-1.0,-1.125,mecha
USDJPY,2026-02-06,-1,156.917,157.037,156.51,12.0,3.391666666666756,-1.0,-1.125,mecha
USDJPY,2026-02-13,-1,153.5275,153.6475,152.733,12.0,6.620833333333328,-1.0,-1.125,mecha
USDJPY,2026-02-16,-1,153.32850000000002,153.44850000000002,152.767,12.0,4.679166666666864,-1.0,-1.125,mecha
USDJPY,2026-02-17,1,152.85750000000002,152.7375,153.585,12.0,6.062499999999934,-1.0,-1.125,mecha
USDJPY,2026-02-18,-1,153.6925,153.8125,153.069,12.0,5.195833333333392,-1.0,-1.125,mecha
USDJPY,2026-02-23,-1,154.74900000000002,154.86900000000003,153.996,12.0,6.275000000000119,-1.0,-1.125,mecha
USDJPY,2026-03-02,-1,156.9855,157.1055,156.158,12.0,6.8958333333334565,-1.0,-1.125,mecha
USDJPY,2026-03-11,-1,158.42399999999998,158.54399999999998,157.86,12.0,4.699999999999704,-1.0,-1.125,mecha
USDJPY,2026-03-12,1,158.732,158.612,159.155,12.0,3.5250000000000155,-1.0,-1.125,mecha
USDJPY,2026-03-19,1,159.155,159.035,159.815,12.0,5.499999999999972,-1.0,-1.125,mecha
USDJPY,2026-04-02,-1,159.61450000000002,159.73450000000003,158.542,12.0,8.937500000000162,-1.0,-1.125,mecha
USDJPY,2026-04-08,1,158.14499999999998,158.02499999999998,158.962,12.0,6.808333333333394,-1.0,-1.125,FVG
USDJPY,2026-04-09,-1,158.94650000000001,159.06650000000002,158.557,12.0,3.245833333333555,-1.0,-1.125,mecha
USDJPY,2026-04-16,-1,158.91649999999998,159.0365,158.262,12.0,5.454166666666538,-1.0,-1.125,mecha
USDJPY,2026-05-01,1,156.5015,156.3815,157.326,12.0,6.870833333333337,-1.0,-1.125,mecha
USDJPY,2026-07-02,1,161.47050000000002,161.119,162.597,35.15000000000157,3.204836415362568,-1.0,-1.042674253200567,mecha
USDJPY,2026-07-06,-1,162.225,162.345,161.415,12.0,6.7500000000000195,-1.0,-1.125,mecha
USDJPY,2026-07-30,-1,163.61649999999997,163.73649999999998,163.209,12.0,3.395833333333087,-1.0,-1.125,mecha
