dia,cierre_min,lado,ent,sl,tp,rgo,toque,arriba,R,mot,neta,examen
2020-01-07,485,1,1.11832,1.11782,1.1193199999999999,4.999999999999449,1,False,-1.0,SL,-1.2860000000000316,False
2020-01-09,530,-1,1.11167,1.11204,1.11093,3.6999999999998145,1,True,2.0,TP,1.6135135135134941,False
2020-01-09,550,1,1.11072,1.1106,1.1109599999999997,1.1999999999989797,0,False,-1.0,SL,-2.19166666666768,False
2020-01-13,610,-1,1.1129,1.11334,1.11202,4.3999999999999595,1,True,2.0,TP,1.6749999999999972,False
2020-01-13,665,1,1.1117,1.11125,1.1125999999999996,4.499999999998394,0,False,0.0888888888890095,cierre,-0.22888888888888168,False
2020-01-14,485,-1,1.11414,1.11444,1.1135399999999995,3.00000000000189,1,True,2.0,TP,1.5233333333336336,False
2020-01-14,605,1,1.11325,1.11311,1.1135300000000001,1.40000000000029,0,False,-1.0,SL,-2.02142857142836,False
2020-01-15,490,-1,1.11343,1.11365,1.1129899999999997,2.20000000000109,1,True,2.0,TP,1.350000000000322,True
2020-01-15,595,1,1.11278,1.11239,1.1135600000000003,3.900000000001125,1,False,0.7179487179480902,cierre,0.35128205128152934,True
2020-01-21,560,1,1.10893,1.10864,1.1095099999999998,2.8999999999990145,0,False,-1.0,SL,-1.4931034482760297,False
2020-01-21,665,-1,1.10967,1.11002,1.1089699999999998,3.5000000000007248,0,True,-1.0,SL,-1.408571428571344,False
2020-01-22,510,1,1.10791,1.1077,1.10833,2.100000000000435,1,False,2.0,TP,1.31904761904776,False
2020-01-23,635,1,1.10815,1.1079,1.1086499999999997,2.4999999999986144,0,False,2.0,TP,1.4279999999996829,False
2020-01-24,520,1,1.10453,1.10428,1.1050300000000002,2.500000000000835,1,False,2.0,TP,1.428000000000191,False
2020-01-24,575,-1,1.1055,1.10617,1.1041599999999996,6.700000000001705,0,True,2.0,TP,1.7865671641791587,False
2020-01-24,580,-1,1.10542,1.10564,1.1049800000000003,2.1999999999988695,1,True,2.0,TP,1.3499999999996661,False
2020-01-27,505,-1,1.10338,1.10358,1.10298,1.9999999999997797,0,True,-1.0,SL,-1.7150000000000787,False
2020-01-27,510,-1,1.10354,1.10367,1.10328,1.2999999999996348,1,True,2.0,TP,0.899999999999691,False
2020-01-28,490,1,1.10178,1.10157,1.1022,2.100000000000435,1,False,-1.0,SL,-1.68095238095224,False
2020-01-30,580,-1,1.10172,1.10188,1.1014000000000002,1.5999999999993797,0,True,-1.0,SL,-1.8937500000003464,False
2020-01-31,640,-1,1.10322,1.10341,1.1028400000000003,1.8999999999991246,0,True,2.0,TP,1.2473684210522848,False
2020-02-06,480,-1,1.10001,1.10021,1.09961,1.9999999999997797,0,True,-1.0,SL,-1.7150000000000787,False
2020-02-06,585,1,1.09969,1.09939,1.10029,2.9999999999996696,0,False,2.0,TP,1.5233333333332808,False
2020-02-11,510,1,1.09091,1.09059,1.0915500000000002,3.20000000000098,1,False,-1.0,SL,-1.4468749999998631,False
2020-02-12,485,1,1.09051,1.08972,1.0920900000000002,7.900000000000684,1,False,2.0,TP,1.8189873417721676,False
2020-02-13,510,-1,1.08761,1.08785,1.08713,2.4000000000001798,1,True,-1.0,SL,-1.5958333333332888,False
2020-02-17,540,-1,1.08406,1.08422,1.0837400000000001,1.5999999999993797,0,True,-1.0,SL,-1.8937500000003464,False
2020-02-17,555,-1,1.08399,1.0842,1.08357,2.100000000000435,1,True,-1.0,SL,-1.68095238095224,False
2020-02-18,515,-1,1.0835,1.08372,1.0830599999999997,2.20000000000109,0,True,-1.0,SL,-1.649999999999678,False
2020-02-18,665,1,1.08245,1.08212,1.0831099999999998,3.2999999999994145,0,False,-0.21212121212129367,cierre,-0.6454545454547038,False
2020-02-19,530,-1,1.08025,1.08045,1.07985,1.9999999999997797,0,True,2.0,TP,1.2849999999999213,False
2020-02-19,545,-1,1.07981,1.08039,1.0786499999999999,5.800000000000249,1,True,-1.0,SL,-1.2465517241379205,False
2020-02-20,480,1,1.07881,1.0787,1.0790300000000002,1.100000000000545,0,False,2.0,TP,0.7000000000006441,False
2020-02-24,510,1,1.08153,1.08142,1.0817500000000002,1.100000000000545,1,False,-1.0,SL,-2.299999999999356,False
2020-02-25,665,1,1.08457,1.08427,1.08517,2.9999999999996696,0,False,-1.0,SL,-1.4766666666667192,False
2020-02-26,565,-1,1.0878,1.08816,1.0870800000000003,3.5999999999991594,0,True,-1.0,SL,-1.397222222222315,False
2020-02-27,510,-1,1.09156,1.09179,1.0911000000000002,2.2999999999995246,0,True,-1.0,SL,-1.6217391304349111,False
2020-03-04,585,-1,1.11829,1.11875,1.1173700000000002,4.599999999999049,0,True,2.0,TP,1.6891304347825444,False
2020-03-11,595,1,1.13057,1.13013,1.13145,4.3999999999999595,0,False,2.0,TP,1.6749999999999972,False
2020-03-12,520,1,1.12632,1.12541,1.12814,9.099999999999664,1,False,-1.0,SL,-1.157142857142863,False
2020-03-13,670,1,1.11539,1.11512,1.1159300000000005,2.700000000002145,0,False,-1.0,SL,-1.5296296296292087,False
2020-03-17,505,1,1.11294,1.11255,1.1137200000000003,3.900000000001125,1,False,-1.0,SL,-1.366666666666561,False
2020-03-18,480,1,1.0968,1.09664,1.0971199999999999,1.5999999999993797,0,False,2.0,TP,1.1062499999996536,False
2020-03-18,485,1,1.0973,1.09662,1.09866,6.800000000000139,1,False,-1.0,SL,-1.2102941176470545,False
2020-03-19,480,1,1.08477,1.0845,1.08531,2.6999999999999247,0,False,2.0,TP,1.4703703703703557,False
2020-03-20,480,-1,1.08138,1.08309,1.0779599999999998,17.100000000001003,0,True,2.0,TP,1.916374269005853,False
2020-03-25,535,-1,1.08319,1.08428,1.0810100000000005,10.899999999998133,0,True,-1.0,SL,-1.1311926605504812,False
2020-03-25,550,-1,1.08399,1.08447,1.08303,4.8000000000003595,1,True,-1.0,SL,-1.2979166666666444,False
2020-03-26,495,-1,1.09317,1.09391,1.09169,7.399999999999629,1,True,-1.0,SL,-1.193243243243253,False
2020-03-27,540,1,1.10116,1.1001,1.1032799999999996,10.599999999998388,0,False,-1.0,SL,-1.134905660377379,False
2020-03-27,550,1,1.10094,1.1006,1.10162,3.4000000000000696,1,False,-1.0,SL,-1.420588235294109,False
2020-03-30,525,1,1.10712,1.1068,1.1077600000000003,3.20000000000098,0,False,2.0,TP,1.5531250000001369,False
2020-04-01,500,1,1.10081,1.10046,1.1015100000000002,3.5000000000007248,0,False,-1.0,SL,-1.408571428571344,False
2020-04-01,505,1,1.10069,1.0998,1.1024699999999996,8.899999999998354,1,False,-1.0,SL,-1.1606741573034005,False
2020-04-02,490,-1,1.09574,1.09607,1.0950799999999996,3.300000000001635,0,True,-1.0,SL,-1.4333333333331186,False
2020-04-02,605,1,1.09321,1.09273,1.09417,4.8000000000003595,0,False,-1.0,SL,-1.2979166666666444,False
2020-04-07,480,-1,1.08293,1.08406,1.0806699999999998,11.300000000000754,0,True,-1.0,SL,-1.1265486725663632,False
2020-04-08,545,1,1.08639,1.08537,1.08843,10.200000000000209,1,False,-1.0,SL,-1.1401960784313696,True
2020-04-09,595,-1,1.08789,1.08821,1.0872500000000003,3.1999999999987594,0,True,2.0,TP,1.553124999999827,False
2020-04-10,525,-1,1.0943,1.09441,1.09408,1.100000000000545,0,True,-1.0,SL,-2.299999999999356,False
2020-04-15,490,1,1.0967,1.09616,1.09778,5.399999999999849,1,False,-1.0,SL,-1.2648148148148222,False
2020-04-16,590,1,1.08667,1.08644,1.08713,2.2999999999995246,0,False,2.0,TP,1.3782608695650889,False
2020-04-20,655,-1,1.08731,1.08776,1.0864099999999999,4.500000000000615,1,True,-1.0,SL,-1.3177777777777344,False
2020-04-22,505,-1,1.08607,1.08628,1.0856500000000004,2.0999999999982144,1,True,-1.0,SL,-1.6809523809529598,False
2020-04-23,495,-1,1.08266,1.08343,1.08112,7.699999999999374,0,True,2.0,TP,1.8142857142856992,False
2020-04-24,485,1,1.07642,1.07601,1.07724,4.100000000000215,0,False,-1.0,SL,-1.3487804878048597,False
2020-04-27,480,-1,1.08466,1.08538,1.0832199999999998,7.200000000000539,0,True,-1.0,SL,-1.1986111111110962,False
2020-05-01,530,-1,1.09541,1.09579,1.09465,3.8000000000004697,1,True,-1.0,SL,-1.3763157894736378,True
2020-05-04,490,1,1.0931,1.09249,1.09432,6.099999999999994,1,False,2.0,TP,1.765573770491803,False
2020-05-05,615,-1,1.0915,1.09258,1.0893399999999995,10.80000000000192,0,True,2.0,TP,1.867592592592616,False
2020-05-06,540,1,1.08328,1.08287,1.0841,4.100000000000215,1,False,-1.0,SL,-1.3487804878048597,False
2020-05-07,480,1,1.07923,1.07895,1.0797899999999996,2.7999999999983594,0,False,2.0,TP,1.489285714285415,False
2020-05-07,490,-1,1.08014,1.08046,1.0795000000000003,3.1999999999987594,0,True,-1.0,SL,-1.446875000000173,False
2020-05-07,495,-1,1.08029,1.08055,1.0797700000000001,2.5999999999992696,1,True,2.0,TP,1.4499999999998456,False
2020-05-08,585,1,1.08321,1.08266,1.08431,5.5000000000005045,1,False,-1.0,SL,-1.2599999999999763,False
2020-05-11,560,1,1.08322,1.08264,1.0843800000000001,5.800000000000249,0,False,-1.0,SL,-1.2465517241379205,False
2020-05-12,520,-1,1.08156,1.08173,1.08122,1.7000000000000348,0,True,-1.0,SL,-1.841176470588218,False
2020-05-12,525,-1,1.08165,1.08177,1.0814100000000002,1.1999999999989797,1,True,-1.0,SL,-2.19166666666768,False
2020-05-13,540,1,1.0845,1.08437,1.08476,1.2999999999996348,0,False,-1.0,SL,-2.1000000000003087,False
2020-05-13,545,1,1.08447,1.08409,1.0852300000000001,3.8000000000004697,1,False,-1.0,SL,-1.3763157894736378,False
2020-05-15,490,-1,1.08061,1.08096,1.0799100000000004,3.4999999999985043,1,True,2.0,TP,1.5914285714283969,False
2020-05-15,540,1,1.07992,1.07955,1.08066,3.6999999999998145,1,False,-1.0,SL,-1.3864864864865059,False
2020-05-18,540,-1,1.08195,1.08284,1.0801699999999999,8.900000000000574,0,True,2.0,TP,1.8393258426966397,False
2020-05-18,575,1,1.08146,1.0813,1.0817800000000004,1.6000000000016001,0,False,-1.0,SL,-1.893749999999106,False
2020-05-18,580,1,1.08144,1.08124,1.08184,1.9999999999997797,1,False,-1.0,SL,-1.7150000000000787,False
2020-05-20,485,-1,1.09463,1.09491,1.0940699999999999,2.80000000000058,0,True,2.0,TP,1.48928571428582,False
2020-05-20,530,-1,1.09457,1.09481,1.09409,2.4000000000001798,1,True,-1.0,SL,-1.5958333333332888,False
2020-05-21,480,1,1.09547,1.09523,1.09595,2.4000000000001798,0,False,2.0,TP,1.4041666666667112,False
2020-05-27,520,1,1.09551,1.09511,1.09631,3.9999999999995595,1,False,2.0,TP,1.6424999999999605,False
2020-05-27,690,-1,1.09769,1.09861,1.09585,9.200000000000319,0,True,-0.09782608695643517,cierre,-0.25326086956512545,False
2020-05-28,555,1,1.10147,1.10033,1.1037499999999998,11.399999999999189,0,False,-1.0,SL,-1.125438596491237,False
2020-05-28,565,1,1.10071,1.10016,1.1018100000000002,5.5000000000005045,1,False,-1.0,SL,-1.2599999999999763,False
2020-05-29,570,-1,1.11075,1.11138,1.1094899999999996,6.300000000001305,0,True,2.0,TP,1.77301587301592,False
2020-05-29,640,-1,1.11071,1.11109,1.1099500000000004,3.7999999999982492,1,True,-1.0,SL,-1.3763157894738576,False
2020-06-02,545,1,1.11234,1.11175,1.1135200000000003,5.9000000000009045,1,False,2.0,TP,1.757627118644105,False
2020-06-02,610,-1,1.11337,1.11386,1.1123899999999998,4.900000000001015,0,True,-1.0,SL,-1.291836734693817,False
2020-06-02,615,-1,1.11365,1.11389,1.11317,2.4000000000001798,1,True,-1.0,SL,-1.5958333333332888,False
2020-06-03,485,-1,1.12065,1.12135,1.1192499999999996,7.0000000000014495,0,True,-1.0,SL,-1.204285714285672,False
2020-06-03,520,-1,1.12106,1.12125,1.1206799999999997,1.900000000001345,1,True,-1.0,SL,-1.7526315789468356,False
2020-06-04,540,1,1.12117,1.12051,1.1224900000000002,6.6000000000010495,1,False,-1.0,SL,-1.2166666666666321,False
2020-06-05,480,-1,1.1369,1.1374,1.1359000000000001,4.999999999999449,0,True,-1.0,SL,-1.2860000000000316,False
2020-06-05,485,-1,1.13718,1.13778,1.1359800000000002,5.999999999999339,1,True,-1.0,SL,-1.2383333333333595,False
2020-06-08,490,1,1.12859,1.12822,1.12933,3.6999999999998145,1,False,-1.0,SL,-1.3864864864865059,False
2020-06-11,670,-1,1.13869,1.13957,1.13693,8.799999999999919,1,True,0.2840909090910066,cierre,0.12159090909100512,False
2020-06-12,495,-1,1.13072,1.13143,1.1293,7.099999999999884,1,True,-1.0,SL,-1.2014084507042286,False
2020-06-16,550,-1,1.13473,1.13532,1.1335499999999998,5.9000000000009045,0,True,2.0,TP,1.757627118644105,False
2020-06-16,555,-1,1.13459,1.13491,1.1339499999999998,3.20000000000098,1,True,2.0,TP,1.5531250000001369,False
2020-06-17,660,1,1.12575,1.12509,1.1270700000000002,6.6000000000010495,0,False,-1.0,SL,-1.2166666666666321,False
2020-06-19,480,-1,1.12145,1.12169,1.12097,2.4000000000001798,0,True,2.0,TP,1.4041666666667112,False
2020-06-22,535,-1,1.12035,1.12047,1.1201099999999997,1.2000000000012,0,True,-1.0,SL,-2.191666666665475,False
2020-06-22,540,-1,1.1194,1.12065,1.1169,12.499999999999734,1,True,-1.0,SL,-1.1144000000000025,False
2020-06-24,560,1,1.13076,1.13065,1.13098,1.100000000000545,0,False,-1.0,SL,-2.299999999999356,False
2020-06-25,515,1,1.12408,1.12364,1.12496,4.3999999999999595,1,False,-1.0,SL,-1.3250000000000028,False
2020-06-26,540,1,1.12082,1.12059,1.1212799999999998,2.2999999999995246,0,False,2.0,TP,1.3782608695650889,False
2020-06-26,545,1,1.12108,1.12078,1.12168,2.9999999999996696,1,False,-1.0,SL,-1.4766666666667192,False
2020-06-26,590,-1,1.1225,1.12279,1.1219200000000003,2.8999999999990145,1,True,-1.0,SL,-1.4931034482760297,False
2020-06-29,500,-1,1.12578,1.12598,1.12538,1.9999999999997797,0,True,-1.0,SL,-1.7150000000000787,False
2020-07-01,620,-1,1.12386,1.12442,1.1227400000000003,5.599999999998939,1,True,2.0,TP,1.7446428571428088,False
2020-07-03,575,1,1.12302,1.12242,1.1242199999999998,5.999999999999339,0,False,-0.4166666666664816,cierre,-0.6549999999998412,True
2020-07-06,480,-1,1.12921,1.12932,1.12899,1.100000000000545,0,True,2.0,TP,0.7000000000006441,False
2020-07-07,480,1,1.13082,1.13023,1.1319999999999997,5.899999999998684,0,False,-1.0,SL,-1.2423728813559862,False
2020-07-08,495,1,1.12655,1.12623,1.1271899999999997,3.1999999999987594,0,False,2.0,TP,1.553124999999827,False
2020-07-08,500,1,1.12677,1.12647,1.12737,2.9999999999996696,1,False,2.0,TP,1.5233333333332808,False
2020-07-08,660,-1,1.12786,1.12851,1.1265600000000004,6.499999999998174,1,True,0.9846153846156211,cierre,0.7646153846155593,False
2020-07-09,580,1,1.133,1.13251,1.1339800000000002,4.900000000001015,0,False,2.0,TP,1.708163265306183,False
2020-07-09,650,1,1.13329,1.13272,1.1344299999999998,5.699999999999594,1,False,-1.0,SL,-1.250877192982474,False
2020-07-10,505,1,1.12631,1.1259,1.12713,4.100000000000215,1,False,-1.0,SL,-1.3487804878048597,False
2020-07-10,630,-1,1.12891,1.12911,1.1285100000000001,1.9999999999997797,0,True,2.0,TP,1.2849999999999213,False
2020-07-10,635,-1,1.12861,1.12903,1.1277699999999997,4.20000000000087,1,True,-1.0,SL,-1.34047619047612,False
2020-07-13,650,1,1.1305,1.13008,1.1313400000000002,4.20000000000087,0,False,2.0,TP,1.65952380952388,False
2020-07-17,585,-1,1.13921,1.1396,1.1384300000000003,3.8999999999989043,1,True,2.0,TP,1.6333333333332303,False
2020-07-20,545,-1,1.14471,1.14578,1.1425699999999996,10.700000000001264,1,True,-1.0,SL,-1.1336448598130684,False
2020-07-23,480,-1,1.1584,1.15871,1.1577800000000005,3.0999999999981043,0,True,-1.0,SL,-1.4612903225809273,False
2020-07-30,485,1,1.17607,1.17589,1.1764299999999996,1.7999999999984695,1,False,-1.0,SL,-1.7944444444451197,False
2020-07-31,675,1,1.18442,1.18383,1.1856000000000002,5.9000000000009045,0,False,0.33898305084736835,cierre,0.0966101694914733,False
2020-07-31,680,1,1.18406,1.1839,1.1843799999999998,1.5999999999993797,1,False,2.0,TP,1.1062499999996536,False
2020-08-04,525,-1,1.17728,1.17776,1.1763200000000005,4.799999999998139,1,True,-1.0,SL,-1.297916666666782,False
2020-08-05,545,-1,1.182,1.18242,1.1811599999999998,4.20000000000087,1,True,-1.0,SL,-1.34047619047612,False
2020-08-06,525,-1,1.18768,1.18895,1.1851400000000003,12.699999999998823,1,True,2.0,TP,1.8874015748031392,False
2020-08-06,575,1,1.18633,1.18553,1.1879300000000004,8.00000000000134,1,False,-1.0,SL,-1.17874999999997,False
2020-08-07,675,1,1.18236,1.18137,1.1843400000000002,9.900000000000464,0,False,0.13131313131308828,cierre,-0.013131313131349381,False
2020-08-10,485,-1,1.17959,1.17987,1.1790299999999998,2.80000000000058,0,True,-1.0,SL,-1.51071428571418,False
2020-08-11,490,-1,1.17505,1.17564,1.1738699999999997,5.9000000000009045,0,True,2.0,TP,1.757627118644105,False
2020-08-12,585,-1,1.17374,1.17453,1.1721599999999999,7.900000000000684,1,True,-1.0,SL,-1.1810126582278324,False
2020-08-14,480,-1,1.18198,1.18217,1.1816000000000002,1.8999999999991246,0,True,2.0,TP,1.2473684210522848,False
2020-08-14,490,-1,1.18193,1.18244,1.18091,5.1000000000001044,1,True,-1.0,SL,-1.2803921568627392,False
2020-08-17,495,-1,1.18645,1.18678,1.1857900000000001,3.2999999999994145,0,True,-1.0,SL,-1.4333333333334102,False
2020-08-17,510,-1,1.18644,1.18678,1.18576,3.4000000000000696,1,True,2.0,TP,1.579411764705891,False
2020-08-17,605,1,1.18424,1.18398,1.1847599999999998,2.5999999999992696,0,False,-1.0,SL,-1.5500000000001544,False
2020-08-17,610,1,1.18431,1.18405,1.1848299999999998,2.5999999999992696,1,False,-1.0,SL,-1.5500000000001544,False
2020-08-18,490,-1,1.18914,1.18973,1.1879600000000003,5.899999999998684,0,True,-1.0,SL,-1.2423728813559862,False
2020-08-18,505,-1,1.18945,1.18966,1.1890299999999998,2.100000000000435,1,True,-1.0,SL,-1.68095238095224,False
2020-08-19,555,1,1.19284,1.19259,1.1933399999999996,2.4999999999986144,0,False,-1.0,SL,-1.5720000000003171,False
2020-08-24,540,-1,1.18059,1.18087,1.18003,2.80000000000058,0,True,-1.0,SL,-1.51071428571418,False
2020-08-25,485,-1,1.18123,1.18151,1.1806699999999999,2.80000000000058,0,True,2.0,TP,1.48928571428582,False
2020-08-26,550,1,1.18071,1.18014,1.1818499999999998,5.699999999999594,1,False,-1.0,SL,-1.250877192982474,False
2020-08-27,515,1,1.18259,1.1824,1.1829700000000003,1.900000000001345,0,False,2.0,TP,1.2473684210531644,False
2020-08-31,510,1,1.18974,1.18945,1.1903200000000003,2.900000000001235,0,False,-1.0,SL,-1.493103448275652,False
2020-08-31,515,1,1.19019,1.18961,1.1913500000000001,5.800000000000249,1,False,-1.0,SL,-1.2465517241379205,False
2020-09-02,525,1,1.18989,1.18915,1.1913699999999998,7.399999999999629,1,False,-1.0,SL,-1.193243243243253,False
2020-09-03,490,1,1.18037,1.17944,1.1822299999999997,9.299999999998754,1,False,-1.0,SL,-1.1537634408602357,False
2020-09-04,515,1,1.18401,1.18375,1.1845299999999999,2.5999999999992696,0,False,-1.0,SL,-1.5500000000001544,False
2020-09-07,480,1,1.18297,1.18268,1.1835500000000003,2.900000000001235,0,False,-1.0,SL,-1.493103448275652,False
2020-09-07,585,-1,1.18413,1.18457,1.18325,4.3999999999999595,1,True,-1.0,SL,-1.3250000000000028,False
2020-09-09,605,-1,1.17824,1.17873,1.1772599999999998,4.900000000001015,0,True,2.0,TP,1.708163265306183,False
2020-09-09,610,-1,1.17804,1.17846,1.1771999999999998,4.20000000000087,1,True,2.0,TP,1.65952380952388,False
2020-09-10,485,-1,1.18272,1.18292,1.18232,1.9999999999997797,0,True,-1.0,SL,-1.7150000000000787,False
2020-09-14,550,-1,1.18523,1.18554,1.18461,3.1000000000003247,0,True,-1.0,SL,-1.4612903225805969,False
2020-09-15,505,-1,1.18984,1.18998,1.18956,1.40000000000029,0,True,2.0,TP,0.97857142857164,False
2020-09-18,525,-1,1.18599,1.18625,1.1854700000000002,2.5999999999992696,0,True,-1.0,SL,-1.5500000000001544,True
2020-09-18,610,1,1.18456,1.18414,1.1854000000000002,4.20000000000087,1,False,2.0,TP,1.65952380952388,True
2020-09-21,575,1,1.18408,1.18384,1.18456,2.4000000000001798,0,False,-1.0,SL,-1.5958333333332888,False
2020-09-22,495,1,1.17544,1.17521,1.1759,2.2999999999995246,1,False,-1.0,SL,-1.6217391304349111,False
2020-09-23,500,1,1.1675,1.16721,1.1680799999999998,2.8999999999990145,0,False,2.0,TP,1.5068965517239703,False
2020-09-23,505,1,1.16824,1.1674,1.1699199999999998,8.399999999999519,1,False,2.0,TP,1.829761904761895,False
2020-09-25,530,-1,1.16758,1.16786,1.1670200000000004,2.7999999999983594,0,True,-1.0,SL,-1.510714285714585,False
2020-09-25,535,-1,1.1677,1.16785,1.1673999999999998,1.500000000000945,1,True,2.0,TP,1.0466666666672673,False
2020-09-28,635,-1,1.16392,1.16408,1.1636000000000002,1.5999999999993797,0,True,-1.0,SL,-1.8937500000003464,False
2020-09-29,545,-1,1.1678,1.1684,1.1665999999999996,6.00000000000156,0,True,2.0,TP,1.7616666666667287,False
2020-09-29,650,-1,1.16803,1.16863,1.1668299999999996,6.00000000000156,1,True,-1.0,SL,-1.2383333333332713,False
2020-10-01,490,-1,1.17509,1.17535,1.1745700000000001,2.5999999999992696,0,True,2.0,TP,1.4499999999998456,False
2020-10-01,495,-1,1.17478,1.17519,1.17396,4.100000000000215,1,True,-1.0,SL,-1.3487804878048597,False
2020-10-05,600,-1,1.17323,1.17381,1.17207,5.800000000000249,0,True,-1.0,SL,-1.2465517241379205,False
2020-10-06,510,1,1.17825,1.17805,1.17865,1.9999999999997797,0,False,-1.0,SL,-1.7150000000000787,False
2020-10-06,550,-1,1.17965,1.18001,1.1789300000000003,3.5999999999991594,0,True,2.0,TP,1.602777777777685,False
2020-10-07,480,-1,1.17383,1.1741,1.17329,2.6999999999999247,0,True,-1.0,SL,-1.5296296296296443,False
2020-10-07,500,-1,1.17408,1.1743,1.1736400000000002,2.1999999999988695,1,True,-1.0,SL,-1.6500000000003339,False
2020-10-08,485,-1,1.1776,1.178,1.1768,3.9999999999995595,0,True,-1.0,SL,-1.3575000000000395,False
2020-10-08,490,-1,1.17736,1.17768,1.1767199999999998,3.20000000000098,1,True,-1.0,SL,-1.4468749999998631,False
2020-10-08,610,1,1.17605,1.17584,1.1764700000000001,2.100000000000435,1,False,2.0,TP,1.31904761904776,False
2020-10-13,635,1,1.17977,1.17897,1.1813699999999998,7.999999999999119,1,False,-1.0,SL,-1.1787500000000197,False
2020-10-14,635,-1,1.17496,1.17536,1.17416,3.9999999999995595,0,True,2.0,TP,1.6424999999999605,False
2020-10-14,640,-1,1.17479,1.17521,1.1739499999999998,4.20000000000087,1,True,2.0,TP,1.65952380952388,False
2020-10-15,535,1,1.17419,1.17372,1.17513,4.699999999999704,1,False,-1.0,SL,-1.3042553191489552,False
2020-10-16,540,1,1.17037,1.16942,1.17227,9.500000000000064,1,False,0.7684210526316995,cierre,0.6178947368422267,False
2020-10-16,590,-1,1.17154,1.1718,1.1710200000000002,2.5999999999992696,0,True,-1.0,SL,-1.5500000000001544,False
2020-10-16,595,-1,1.17138,1.17201,1.1701200000000003,6.299999999999084,1,True,0.44444444444460107,cierre,0.2174603174604411,False
2020-10-19,540,1,1.17046,1.17031,1.1707600000000002,1.500000000000945,0,False,2.0,TP,1.0466666666672673,False
2020-10-19,605,-1,1.17231,1.17252,1.1718899999999999,2.100000000000435,0,True,-1.0,SL,-1.68095238095224,False
2020-10-20,560,1,1.17642,1.17598,1.1773,4.3999999999999595,1,False,2.0,TP,1.6749999999999972,True
2020-10-22,585,-1,1.18618,1.1866,1.1853399999999998,4.20000000000087,1,True,-1.0,SL,-1.34047619047612,False
2020-10-22,680,1,1.18418,1.18367,1.1852,5.1000000000001044,1,False,0.15686274509819287,cierre,-0.12352941176454646,False
2020-10-23,585,-1,1.18224,1.18273,1.1812599999999998,4.900000000001015,0,True,-1.0,SL,-1.291836734693817,False
2020-10-26,485,1,1.18304,1.18217,1.1847800000000004,8.700000000001484,0,False,-1.0,SL,-1.164367816091926,False
2020-10-26,500,1,1.18284,1.18233,1.1838599999999995,5.099999999997884,1,False,-1.0,SL,-1.2803921568628613,False
2020-10-30,540,1,1.16686,1.16604,1.1685,8.20000000000043,1,False,0.39024390243912344,cierre,0.21585365853669355,False
2020-11-02,540,1,1.16301,1.16269,1.1636500000000003,3.20000000000098,0,False,-1.0,SL,-1.4468749999998631,False
2020-11-02,635,-1,1.16465,1.16492,1.16411,2.6999999999999247,0,True,2.0,TP,1.4703703703703557,False
2020-11-06,555,-1,1.18378,1.185,1.18134,12.199999999999989,1,True,-1.0,SL,-1.1172131147540985,False
2020-11-09,485,-1,1.18942,1.1896,1.1890599999999998,1.80000000000069,0,True,-1.0,SL,-1.7944444444441399,False
2020-11-09,615,1,1.18821,1.18753,1.18957,6.800000000000139,1,False,-1.0,SL,-1.2102941176470545,False
2020-11-10,570,-1,1.1835,1.18394,1.18262,4.3999999999999595,0,True,-1.0,SL,-1.3250000000000028,True
2020-11-12,550,-1,1.17865,1.17883,1.1782899999999998,1.80000000000069,0,True,-1.0,SL,-1.7944444444441399,False
2020-11-12,555,-1,1.17866,1.17883,1.17832,1.7000000000000348,1,True,2.0,TP,1.158823529411782,False
2020-11-13,515,-1,1.18126,1.18139,1.181,1.2999999999996348,0,True,-1.0,SL,-2.1000000000003087,False
2020-11-13,520,-1,1.18128,1.18143,1.1809800000000004,1.4999999999987246,1,True,2.0,TP,1.046666666665856,False
2020-11-16,665,1,1.18372,1.1835,1.1841600000000003,2.20000000000109,0,False,-1.0,SL,-1.649999999999678,False
2020-11-17,585,-1,1.1866,1.18715,1.1855000000000004,5.499999999998284,1,True,-1.0,SL,-1.260000000000081,False
2020-11-18,480,-1,1.18768,1.18784,1.1873600000000002,1.5999999999993797,0,True,-1.0,SL,-1.8937500000003464,False
2020-11-18,490,-1,1.18773,1.18794,1.1873099999999999,2.100000000000435,1,True,-1.0,SL,-1.68095238095224,False
2020-11-23,495,-1,1.18736,1.18789,1.1863000000000001,5.299999999999194,0,True,2.0,TP,1.730188679245242,False
2020-11-25,525,-1,1.19094,1.19145,1.1899200000000005,5.099999999997884,1,True,-1.0,SL,-1.2803921568628613,False
2020-11-26,535,-1,1.19317,1.19405,1.19141,8.799999999999919,1,True,2.0,TP,1.8374999999999986,False
2020-11-26,605,1,1.19184,1.19143,1.19266,4.100000000000215,1,False,-1.0,SL,-1.3487804878048597,False
2020-11-27,505,-1,1.19266,1.19292,1.1921400000000002,2.5999999999992696,1,True,2.0,TP,1.4499999999998456,False
2020-12-01,490,-1,1.19584,1.19599,1.1955399999999998,1.500000000000945,1,True,-1.0,SL,-1.9533333333327327,False
2020-12-02,520,-1,1.2083,1.20843,1.20804,1.2999999999996348,1,True,-1.0,SL,-2.1000000000003087,False
2020-12-02,560,1,1.20647,1.20601,1.2073899999999997,4.599999999999049,1,False,-1.0,SL,-1.3108695652174556,False
2020-12-03,505,-1,1.21208,1.21255,1.21114,4.699999999999704,0,True,-1.0,SL,-1.3042553191489552,False
2020-12-03,640,1,1.2106,1.21015,1.2114999999999996,4.499999999998394,1,False,-1.0,SL,-1.3177777777778912,False
2020-12-04,485,-1,1.21561,1.21605,1.21473,4.3999999999999595,0,True,2.0,TP,1.6749999999999972,False
2020-12-07,500,1,1.21199,1.21179,1.2123899999999999,1.9999999999997797,1,False,-1.0,SL,-1.7150000000000787,False
2020-12-08,595,-1,1.21221,1.21273,1.2111699999999999,5.20000000000076,1,True,-1.0,SL,-1.27499999999996,False
2020-12-10,630,-1,1.20988,1.21021,1.2092200000000002,3.2999999999994145,0,True,-1.0,SL,-1.4333333333334102,False
2020-12-14,500,-1,1.21438,1.21455,1.21404,1.7000000000000348,1,True,-1.0,SL,-1.841176470588218,False
2020-12-16,530,-1,1.21644,1.21684,1.21564,3.9999999999995595,1,True,-1.0,SL,-1.3575000000000395,False
2020-12-17,490,-1,1.22335,1.22357,1.2229099999999997,2.20000000000109,1,True,-1.0,SL,-1.649999999999678,False
2020-12-22,490,1,1.22198,1.22135,1.2232400000000003,6.300000000001305,1,False,-1.0,SL,-1.22698412698408,False
2020-12-25,480,-1,1.21957,1.22031,1.2180900000000001,7.399999999999629,0,True,0.4729729729730946,cierre,0.27972972972984167,False
2020-12-28,530,-1,1.22266,1.22283,1.22232,1.7000000000000348,1,True,-1.0,SL,-1.841176470588218,False
2021-01-04,485,-1,1.22583,1.22594,1.2256099999999999,1.100000000000545,0,True,2.0,TP,0.7000000000006441,False
2021-01-05,560,-1,1.22766,1.22787,1.2272399999999999,2.100000000000435,0,True,2.0,TP,1.31904761904776,False
2021-01-05,565,-1,1.227,1.22775,1.2255000000000005,7.499999999998064,1,True,-1.0,SL,-1.1906666666667158,False
2021-01-06,505,-1,1.23239,1.23293,1.2313100000000001,5.399999999999849,1,True,-1.0,SL,-1.2648148148148222,False
2021-01-08,540,1,1.2239,1.22323,1.2252399999999999,6.699999999999484,0,False,-1.0,SL,-1.2134328358209119,False
2021-01-13,520,-1,1.22169,1.22207,1.2209299999999998,3.8000000000004697,1,True,2.0,TP,1.6236842105263622,False
2021-01-13,550,1,1.22019,1.21941,1.2217500000000001,7.800000000000029,1,False,-1.0,SL,-1.1833333333333327,False
2021-01-15,605,1,1.21373,1.21279,1.2156099999999999,9.399999999999409,1,False,0.15957446808521694,cierre,0.007446808510739283,False
2021-01-18,500,-1,1.20841,1.20867,1.2078900000000001,2.5999999999992696,0,True,2.0,TP,1.4499999999998456,False
2021-01-18,640,1,1.20659,1.20627,1.2072300000000002,3.20000000000098,1,False,-1.0,SL,-1.4468749999998631,False
2021-01-20,545,-1,1.21564,1.21581,1.2153,1.7000000000000348,0,True,2.0,TP,1.158823529411782,False
2021-01-20,610,1,1.21281,1.21225,1.2139299999999997,5.599999999998939,0,False,-1.0,SL,-1.2553571428571912,False
2021-01-22,485,1,1.21628,1.21588,1.21708,3.9999999999995595,0,False,-1.0,SL,-1.3575000000000395,False
2021-01-22,585,-1,1.21763,1.21803,1.21683,3.9999999999995595,1,True,-1.0,SL,-1.3575000000000395,False
2021-01-26,555,1,1.21266,1.21197,1.2140400000000002,6.900000000000794,1,False,2.0,TP,1.7927536231884296,False
2021-01-27,520,1,1.21543,1.21522,1.21585,2.100000000000435,1,False,2.0,TP,1.31904761904776,True
2021-01-28,520,1,1.20872,1.20807,1.21002,6.500000000000394,0,False,2.0,TP,1.7800000000000133,False
2021-01-28,565,-1,1.2111,1.21136,1.2105800000000002,2.5999999999992696,0,True,2.0,TP,1.4499999999998456,False
2021-01-28,570,-1,1.21036,1.21133,1.2084200000000003,9.699999999999154,1,True,-0.07216494845340057,cierre,-0.21958762886578456,False
2021-02-01,545,1,1.21233,1.21178,1.2134299999999996,5.499999999998284,0,False,-1.0,SL,-1.260000000000081,False
2021-02-03,490,1,1.20351,1.20304,1.20445,4.699999999999704,1,False,-1.0,SL,-1.3042553191489552,False
2021-02-04,485,1,1.20085,1.20027,1.20201,5.800000000000249,0,False,-1.0,SL,-1.2465517241379205,False
2021-02-08,570,1,1.20306,1.20289,1.2034,1.7000000000000348,0,False,2.0,TP,1.158823529411782,False
2021-02-08,575,1,1.20334,1.20291,1.2042000000000004,4.300000000001525,1,False,-1.0,SL,-1.3325581395347657,False
2021-02-10,505,-1,1.21291,1.21302,1.2126899999999998,1.100000000000545,0,True,-1.0,SL,-2.299999999999356,False
2021-02-11,485,-1,1.21279,1.21299,1.21239,1.9999999999997797,0,True,-1.0,SL,-1.7150000000000787,False
2021-02-11,490,-1,1.21284,1.21327,1.2119799999999996,4.300000000001525,1,True,2.0,TP,1.6674418604652343,False
2021-02-12,550,1,1.21186,1.21123,1.2131199999999998,6.299999999999084,1,False,-1.0,SL,-1.22698412698416,False
2021-02-15,570,-1,1.21374,1.21436,1.2125,6.200000000000649,1,True,-1.0,SL,-1.2306451612902984,False
2021-02-16,580,-1,1.21453,1.21513,1.2133300000000002,5.999999999999339,1,True,-1.0,SL,-1.2383333333333595,False
2021-02-18,530,-1,1.20478,1.20524,1.2038599999999997,4.60000000000127,0,True,-1.0,SL,-1.3108695652173055,False
2021-02-18,535,-1,1.20494,1.20509,1.2046399999999997,1.500000000000945,1,True,2.0,TP,1.0466666666672673,False
2021-02-22,495,1,1.21127,1.21115,1.2115100000000003,1.2000000000012,1,False,-1.0,SL,-2.191666666665475,False
2021-02-23,575,1,1.2159,1.21577,1.21616,1.2999999999996348,0,False,-1.0,SL,-2.1000000000003087,False
2021-02-24,580,-1,1.2166,1.21712,1.2155599999999998,5.20000000000076,1,True,-1.0,SL,-1.27499999999996,False
2021-03-02,510,1,1.20173,1.20128,1.20263,4.500000000000615,1,False,-1.0,SL,-1.3177777777777344,True
2021-03-03,515,-1,1.20923,1.20948,1.2087299999999999,2.500000000000835,1,True,-1.0,SL,-1.571999999999809,False
2021-03-03,570,1,1.20792,1.2078,1.2081600000000003,1.2000000000012,1,False,2.0,TP,0.8083333333345251,False
2021-03-04,575,1,1.20473,1.20433,1.2055300000000004,4.00000000000178,1,False,-1.0,SL,-1.357499999999841,False
2021-03-05,485,1,1.19541,1.19486,1.1965100000000002,5.5000000000005045,0,False,-1.0,SL,-1.2599999999999763,False
2021-03-05,490,1,1.19547,1.19506,1.19629,4.100000000000215,1,False,-1.0,SL,-1.3487804878048597,False
2021-03-08,480,1,1.18922,1.18887,1.1899199999999996,3.4999999999985043,0,False,-1.0,SL,-1.4085714285716031,False
2021-03-08,500,1,1.18891,1.1888,1.1891299999999996,1.0999999999983245,1,False,-1.0,SL,-2.30000000000198,False
2021-03-10,665,-1,1.19006,1.19046,1.1892599999999995,4.00000000000178,0,True,0.22499999999970857,cierre,-0.13250000000013232,False
2021-03-10,670,-1,1.18992,1.19025,1.1892600000000002,3.2999999999994145,1,True,-0.15151515151482528,cierre,-0.5848484848482355,False
2021-03-16,485,1,1.19177,1.19136,1.19259,4.100000000000215,1,False,2.0,TP,1.6512195121951403,False
2021-03-18,540,1,1.19473,1.19389,1.1964100000000004,8.40000000000174,1,False,-1.0,SL,-1.17023809523806,False
2021-03-19,480,-1,1.19322,1.19371,1.1922399999999997,4.900000000001015,0,True,2.0,TP,1.708163265306183,False
2021-03-19,585,1,1.19032,1.19007,1.1908200000000002,2.500000000000835,0,False,-1.0,SL,-1.571999999999809,False
2021-03-22,520,-1,1.18995,1.19047,1.1889100000000004,5.199999999998539,1,True,-1.0,SL,-1.2750000000000772,True
2021-03-23,480,1,1.19051,1.19026,1.1910099999999997,2.4999999999986144,0,False,-1.0,SL,-1.5720000000003171,False
2021-03-23,485,1,1.19041,1.19011,1.19101,2.9999999999996696,1,False,-1.0,SL,-1.4766666666667192,False
2021-03-24,490,1,1.18183,1.18146,1.18257,3.6999999999998145,1,False,-1.0,SL,-1.3864864864865059,False
2021-03-25,485,1,1.18079,1.1802,1.1819700000000002,5.9000000000009045,0,False,-1.0,SL,-1.242372881355895,False
2021-03-25,500,1,1.18071,1.18027,1.18159,4.3999999999999595,1,False,-1.0,SL,-1.3250000000000028,False
2021-03-26,480,-1,1.17867,1.1789,1.1782100000000002,2.2999999999995246,0,True,2.0,TP,1.3782608695650889,False
2021-03-26,545,-1,1.1787,1.17902,1.1780600000000003,3.1999999999987594,1,True,-1.0,SL,-1.446875000000173,False
2021-03-29,485,1,1.17752,1.17734,1.1778799999999996,1.7999999999984695,0,False,-1.0,SL,-1.7944444444451197,False
2021-03-29,495,1,1.17764,1.17728,1.1783599999999999,3.5999999999991594,1,False,2.0,TP,1.602777777777685,False
2021-03-29,600,-1,1.17865,1.17939,1.17717,7.399999999999629,0,True,2.0,TP,1.806756756756747,False
2021-03-31,545,-1,1.1723,1.17271,1.1714799999999999,4.100000000000215,1,True,-1.0,SL,-1.3487804878048597,False
2021-04-01,490,1,1.17159,1.17125,1.17227,3.4000000000000696,0,False,2.0,TP,1.579411764705891,False
2021-04-01,540,-1,1.17323,1.17335,1.1729900000000002,1.1999999999989797,0,True,2.0,TP,0.8083333333323202,False
2021-04-01,545,-1,1.17253,1.17336,1.1708700000000003,8.299999999998864,1,True,-1.0,SL,-1.1722891566265297,False
2021-04-02,635,-1,1.17835,1.17848,1.17809,1.2999999999996348,0,True,-1.0,SL,-2.1000000000003087,False
2021-04-05,480,1,1.17492,1.17478,1.1752,1.40000000000029,0,False,-1.0,SL,-2.02142857142836,False
2021-04-06,550,1,1.18026,1.17968,1.1814200000000001,5.800000000000249,0,False,2.0,TP,1.7534482758620795,False
2021-04-06,675,-1,1.18183,1.18218,1.1811299999999998,3.5000000000007248,0,True,1.9714285714277557,cierre,1.5628571428564118,False
2021-04-07,495,1,1.18697,1.18639,1.1881300000000001,5.800000000000249,0,False,2.0,TP,1.7534482758620795,False
2021-04-07,525,-1,1.18752,1.18796,1.18664,4.3999999999999595,1,True,-1.0,SL,-1.3250000000000028,False
2021-04-07,580,1,1.18668,1.18651,1.18702,1.7000000000000348,1,False,2.0,TP,1.158823529411782,False
2021-04-08,545,-1,1.18781,1.18814,1.1871500000000001,3.2999999999994145,1,True,-1.0,SL,-1.4333333333334102,True
2021-04-09,485,1,1.18939,1.18924,1.1896899999999997,1.4999999999987246,1,False,-1.0,SL,-1.953333333334144,False
2021-04-12,550,1,1.18856,1.18811,1.1894600000000002,4.500000000000615,1,False,-1.0,SL,-1.3177777777777344,False
2021-04-13,545,1,1.18877,1.18845,1.1894100000000003,3.20000000000098,1,False,2.0,TP,1.5531250000001369,True
2021-04-14,485,-1,1.19636,1.19671,1.1956600000000004,3.4999999999985043,0,True,-1.0,SL,-1.4085714285716031,True
2021-04-15,570,-1,1.19865,1.199,1.1979499999999998,3.5000000000007248,0,True,2.0,TP,1.591428571428656,True
2021-04-15,685,-1,1.19896,1.19932,1.1982400000000002,3.5999999999991594,1,True,1.5000000000003084,cierre,1.1027777777779935,True
2021-04-16,590,-1,1.19732,1.19758,1.1967999999999996,2.60000000000149,0,True,-1.0,SL,-1.5499999999996847,True
2021-04-20,530,-1,1.20671,1.20717,1.2057899999999997,4.60000000000127,0,True,-1.0,SL,-1.3108695652173055,False
2021-04-20,535,-1,1.20681,1.20717,1.2060899999999997,3.60000000000138,1,True,-1.0,SL,-1.3972222222220698,False
2021-04-22,485,1,1.20319,1.20305,1.20347,1.40000000000029,0,False,2.0,TP,0.97857142857164,False
2021-04-22,550,-1,1.20443,1.20477,1.2037499999999999,3.4000000000000696,1,True,-1.0,SL,-1.420588235294109,False
2021-04-23,525,-1,1.20275,1.20301,1.2022300000000001,2.5999999999992696,0,True,-1.0,SL,-1.5500000000001544,False
2021-04-27,545,1,1.20714,1.20649,1.2084400000000002,6.500000000000394,0,False,-1.0,SL,-1.2199999999999867,False
2021-04-27,610,1,1.20657,1.20641,1.2068899999999998,1.5999999999993797,1,False,-1.0,SL,-1.8937500000003464,False
2021-04-30,485,1,1.21174,1.21151,1.2122,2.2999999999995246,0,False,-1.0,SL,-1.6217391304349111,False
2021-05-03,495,1,1.20172,1.20149,1.2021799999999998,2.2999999999995246,1,False,2.0,TP,1.3782608695650889,True
2021-05-03,570,-1,1.20337,1.20369,1.2027300000000003,3.1999999999987594,1,True,-1.0,SL,-1.446875000000173,True
2021-05-04,515,1,1.20348,1.20333,1.2037800000000003,1.500000000000945,0,False,-1.0,SL,-1.9533333333327327,False
2021-05-07,485,1,1.20604,1.2059,1.20632,1.40000000000029,0,False,2.0,TP,0.97857142857164,False
2021-05-07,490,1,1.20618,1.20593,1.2066800000000002,2.500000000000835,1,False,-1.0,SL,-1.571999999999809,False
2021-05-10,480,1,1.21517,1.21506,1.2153900000000002,1.100000000000545,0,False,2.0,TP,0.7000000000006441,False
2021-05-11,560,1,1.21265,1.2123,1.2133500000000002,3.5000000000007248,1,False,2.0,TP,1.591428571428656,False
2021-05-14,480,-1,1.20961,1.20976,1.2093100000000003,1.4999999999987246,0,True,2.0,TP,1.046666666665856,True
2021-05-14,490,-1,1.20973,1.20988,1.2094299999999998,1.500000000000945,1,True,-1.0,SL,-1.9533333333327327,True
2021-05-17,480,1,1.2127,1.21259,1.2129199999999996,1.0999999999983245,0,False,2.0,TP,0.69999999999802,True
2021-05-19,595,1,1.22173,1.22162,1.22195,1.100000000000545,0,False,2.0,TP,0.7000000000006441,False
2021-05-21,485,-1,1.22385,1.22396,1.2236300000000004,1.0999999999983245,0,True,2.0,TP,0.69999999999802,False
2021-05-21,490,-1,1.22369,1.22391,1.2232499999999997,2.20000000000109,1,True,2.0,TP,1.350000000000322,False
2021-05-21,525,1,1.22245,1.22223,1.2228900000000003,2.20000000000109,0,False,2.0,TP,1.350000000000322,False
2021-05-21,530,1,1.2224,1.22228,1.2226399999999997,1.1999999999989797,1,False,-1.0,SL,-2.19166666666768,False
2021-05-24,485,-1,1.21884,1.21904,1.21844,1.9999999999997797,1,True,-1.0,SL,-1.7150000000000787,False
2021-05-27,495,-1,1.21954,1.22002,1.21858,4.8000000000003595,1,True,-1.0,SL,-1.2979166666666444,False
2021-05-28,485,1,1.21786,1.21755,1.21848,3.1000000000003247,0,False,-1.0,SL,-1.4612903225805969,False
2021-06-01,535,-1,1.22356,1.22375,1.2231800000000002,1.8999999999991246,0,True,2.0,TP,1.2473684210522848,False
2021-06-01,540,-1,1.22325,1.22365,1.22245,3.9999999999995595,1,True,-1.0,SL,-1.3575000000000395,False
2021-06-01,630,1,1.2219,1.22146,1.22278,4.3999999999999595,0,False,-1.0,SL,-1.3250000000000028,False
2021-06-04,480,1,1.21072,1.2105,1.2111600000000002,2.20000000000109,0,False,-1.0,SL,-1.649999999999678,False
2021-06-04,505,1,1.21062,1.21047,1.2109200000000002,1.500000000000945,1,False,-1.0,SL,-1.9533333333327327,False
2021-06-08,480,1,1.21772,1.21761,1.2179399999999996,1.0999999999983245,0,False,2.0,TP,0.69999999999802,False
2021-06-09,525,-1,1.21823,1.21868,1.2173299999999998,4.500000000000615,1,True,-1.0,SL,-1.3177777777777344,False
2021-06-10,485,1,1.21645,1.21616,1.2170300000000003,2.900000000001235,0,False,2.0,TP,1.506896551724348,False
2021-06-11,495,-1,1.219,1.21923,1.2185400000000002,2.2999999999995246,1,True,-1.0,SL,-1.6217391304349111,False
2021-06-14,495,1,1.21013,1.20945,1.21149,6.800000000000139,0,False,-1.0,SL,-1.2102941176470545,False
2021-06-14,555,1,1.21013,1.20942,1.21155,7.099999999999884,1,False,2.0,TP,1.7985915492957714,False
2021-06-14,570,-1,1.21111,1.21153,1.2102699999999997,4.20000000000087,0,True,-1.0,SL,-1.34047619047612,False
2021-06-15,500,-1,1.2125,1.21308,1.2113399999999999,5.800000000000249,1,True,-1.0,SL,-1.2465517241379205,False
2021-06-16,515,-1,1.21301,1.21316,1.2127099999999997,1.500000000000945,0,True,-1.0,SL,-1.9533333333327327,False
2021-06-17,480,-1,1.20003,1.20062,1.1988499999999997,5.9000000000009045,0,True,2.0,TP,1.757627118644105,False
2021-06-21,510,-1,1.18757,1.18782,1.1870699999999998,2.500000000000835,1,True,-1.0,SL,-1.571999999999809,False
2021-06-22,485,1,1.18949,1.18915,1.19017,3.4000000000000696,1,False,-1.0,SL,-1.420588235294109,True
2021-06-23,560,1,1.19236,1.19113,1.1948200000000002,12.300000000000644,0,False,1.252032520325036,cierre,1.135772357723416,False
2021-06-23,605,-1,1.1939,1.19452,1.1926599999999998,6.200000000000649,0,True,-1.0,SL,-1.2306451612902984,False
2021-06-24,485,1,1.1923,1.19176,1.1933799999999999,5.399999999999849,0,False,2.0,TP,1.7351851851851778,False
2021-06-25,520,-1,1.19444,1.19479,1.1937399999999998,3.5000000000007248,1,True,-1.0,SL,-1.408571428571344,False
2021-06-29,570,1,1.19092,1.19055,1.19166,3.6999999999998145,1,False,-1.0,SL,-1.3864864864865059,False
2021-06-30,485,1,1.18959,1.1894,1.1899699999999998,1.8999999999991246,1,False,2.0,TP,1.2473684210522848,False
2021-07-01,485,1,1.18428,1.18386,1.1851200000000002,4.20000000000087,0,False,-1.0,SL,-1.34047619047612,False
2021-07-02,480,1,1.18417,1.18402,1.1844699999999997,1.4999999999987246,0,False,-1.0,SL,-1.953333333334144,False
2021-07-02,485,1,1.18409,1.18393,1.1844100000000004,1.6000000000016001,1,False,-1.0,SL,-1.893749999999106,False
2021-07-05,585,-1,1.18677,1.18722,1.1858700000000004,4.499999999998394,1,True,-1.0,SL,-1.3177777777778912,False
2021-07-07,555,1,1.1819,1.18129,1.18312,6.099999999999994,1,False,-1.0,SL,-1.234426229508197,False
2021-07-08,575,-1,1.1806,1.18071,1.1803800000000004,1.0999999999983245,0,True,-1.0,SL,-2.30000000000198,False
2021-07-08,580,-1,1.18048,1.18073,1.1799799999999998,2.500000000000835,1,True,-1.0,SL,-1.571999999999809,False
2021-07-09,490,1,1.18327,1.18307,1.18367,1.9999999999997797,1,False,-1.0,SL,-1.7150000000000787,False
2021-07-13,480,1,1.1857,1.18556,1.18598,1.40000000000029,0,False,2.0,TP,0.97857142857164,False
2021-07-14,480,-1,1.17886,1.17902,1.1785400000000001,1.5999999999993797,0,True,-1.0,SL,-1.8937500000003464,False
2021-07-14,485,-1,1.17883,1.17902,1.1784500000000002,1.8999999999991246,1,True,-1.0,SL,-1.7526315789477152,False
2021-07-15,485,-1,1.18422,1.18433,1.184,1.100000000000545,0,True,-1.0,SL,-2.299999999999356,False
2021-07-20,500,1,1.17816,1.17776,1.1789600000000005,4.00000000000178,1,False,-1.0,SL,-1.357499999999841,False
2021-07-22,520,-1,1.17988,1.18012,1.1794,2.4000000000001798,0,True,2.0,TP,1.4041666666667112,False
2021-07-22,525,-1,1.17983,1.18003,1.17943,1.9999999999997797,1,True,2.0,TP,1.2849999999999213,False
2021-07-23,485,1,1.17652,1.17627,1.1770200000000002,2.500000000000835,1,False,2.0,TP,1.428000000000191,False
2021-07-23,620,-1,1.17794,1.17837,1.1770800000000001,4.299999999999304,1,True,-1.0,SL,-1.3325581395349375,False
2021-07-26,600,-1,1.17834,1.17916,1.1766999999999999,8.20000000000043,1,True,2.0,TP,1.8256097560975701,False
2021-07-28,645,1,1.18127,1.18067,1.18247,5.999999999999339,1,False,2.0,TP,1.7616666666666405,False
2021-07-28,665,-1,1.18254,1.1829,1.1818199999999996,3.60000000000138,1,True,0.8888888888882036,cierre,0.4916666666661337,False
2021-07-29,505,-1,1.18569,1.18618,1.1847099999999997,4.900000000001015,1,True,-1.0,SL,-1.291836734693817,False
2021-07-30,515,1,1.18762,1.18749,1.1878799999999998,1.2999999999996348,0,False,2.0,TP,0.899999999999691,False
2021-07-30,575,-1,1.18937,1.18955,1.18901,1.80000000000069,1,True,2.0,TP,1.2055555555558601,False
2021-08-02,505,-1,1.18736,1.18758,1.1869199999999998,2.20000000000109,1,True,2.0,TP,1.350000000000322,False
2021-08-03,570,-1,1.18783,1.18825,1.1869899999999998,4.20000000000087,0,True,-1.0,SL,-1.34047619047612,False
2021-08-03,580,-1,1.18803,1.18824,1.1876099999999998,2.100000000000435,1,True,-1.0,SL,-1.68095238095224,False
2021-08-05,490,1,1.18345,1.18312,1.1841099999999998,3.2999999999994145,0,False,-1.0,SL,-1.4333333333334102,False
2021-08-05,510,-1,1.1837,1.18396,1.1831800000000001,2.5999999999992696,0,True,2.0,TP,1.4499999999998456,False
2021-08-05,535,-1,1.18377,1.18393,1.1834500000000001,1.5999999999993797,1,True,-1.0,SL,-1.8937500000003464,False
2021-08-09,495,-1,1.17625,1.17656,1.17563,3.1000000000003247,0,True,-1.0,SL,-1.4612903225805969,False
2021-08-09,505,-1,1.17619,1.17649,1.1755900000000001,2.9999999999996696,1,True,-1.0,SL,-1.4766666666667192,False
2021-08-10,515,-1,1.17401,1.17419,1.1736499999999999,1.80000000000069,0,True,-1.0,SL,-1.7944444444441399,False
2021-08-11,495,1,1.17129,1.17117,1.1715299999999997,1.1999999999989797,0,False,-1.0,SL,-2.19166666666768,True
2021-08-12,545,1,1.17348,1.17326,1.1739200000000003,2.20000000000109,0,False,-1.0,SL,-1.649999999999678,False
2021-08-13,560,1,1.17318,1.17302,1.1734999999999998,1.5999999999993797,0,False,2.0,TP,1.1062499999996536,False
2021-08-13,655,-1,1.17403,1.17427,1.1735499999999999,2.4000000000001798,0,True,-1.0,SL,-1.5958333333332888,False
2021-08-16,485,1,1.17899,1.17865,1.17967,3.4000000000000696,1,False,-1.0,SL,-1.420588235294109,False
2021-08-17,490,1,1.17671,1.17656,1.1770099999999997,1.4999999999987246,0,False,-1.0,SL,-1.953333333334144,True
2021-08-17,615,-1,1.17796,1.17827,1.1773399999999998,3.1000000000003247,0,True,-1.0,SL,-1.4612903225805969,True
2021-08-17,620,-1,1.17785,1.17815,1.1772500000000001,2.9999999999996696,1,True,-1.0,SL,-1.4766666666667192,True
2021-08-20,480,-1,1.16869,1.16891,1.1682500000000002,2.1999999999988695,0,True,2.0,TP,1.3499999999996661,False
2021-08-23,585,-1,1.17206,1.17261,1.1709600000000004,5.499999999998284,0,True,-1.0,SL,-1.260000000000081,False
2021-08-23,590,-1,1.17208,1.17242,1.1714,3.4000000000000696,1,True,-1.0,SL,-1.420588235294109,False
2021-08-24,585,1,1.17379,1.17329,1.1747899999999998,4.999999999999449,1,False,-1.0,SL,-1.2860000000000316,False
2021-08-25,640,-1,1.17533,1.17594,1.17411,6.099999999999994,0,True,0.4098360655739077,cierre,0.17540983606571078,False
2021-08-26,510,1,1.17612,1.17599,1.17638,1.2999999999996348,0,False,-1.0,SL,-2.1000000000003087,True
2021-08-26,515,1,1.17619,1.17604,1.1764900000000003,1.500000000000945,1,False,-1.0,SL,-1.9533333333327327,True
2021-08-26,580,-1,1.17727,1.17746,1.1768900000000002,1.8999999999991246,0,True,2.0,TP,1.2473684210522848,True
2021-08-30,525,1,1.17966,1.17934,1.1802999999999997,3.1999999999987594,0,False,2.0,TP,1.553124999999827,False
2021-08-30,530,1,1.17984,1.17942,1.1806800000000002,4.20000000000087,1,False,-1.0,SL,-1.34047619047612,False
2021-08-31,485,-1,1.1826,1.18279,1.1822200000000003,1.8999999999991246,1,True,-1.0,SL,-1.7526315789477152,False
2021-09-01,505,1,1.17977,1.17935,1.1806100000000002,4.20000000000087,1,False,2.0,TP,1.65952380952388,False
2021-09-01,550,-1,1.18075,1.18127,1.1797099999999998,5.20000000000076,1,True,2.0,TP,1.72500000000004,False
2021-09-02,490,-1,1.18448,1.18464,1.18416,1.5999999999993797,1,True,2.0,TP,1.1062499999996536,False
2021-09-03,600,1,1.18747,1.18713,1.18815,3.4000000000000696,1,False,2.0,TP,1.579411764705891,False
2021-09-07,500,1,1.18716,1.18697,1.1875399999999998,1.8999999999991246,1,False,-1.0,SL,-1.7526315789477152,False
2021-09-08,480,1,1.18364,1.18351,1.1839,1.2999999999996348,0,False,-1.0,SL,-2.1000000000003087,False
2021-09-09,570,-1,1.18212,1.18256,1.18124,4.3999999999999595,0,True,-1.0,SL,-1.3250000000000028,False
2021-09-13,500,1,1.17888,1.17876,1.1791199999999997,1.1999999999989797,0,False,-1.0,SL,-2.19166666666768,False
2021-09-15,520,1,1.18007,1.17991,1.1803899999999998,1.5999999999993797,0,False,2.0,TP,1.1062499999996536,False
2021-09-16,485,1,1.18067,1.18013,1.1817500000000005,5.40000000000207,1,False,-1.0,SL,-1.2648148148147134,False
2021-09-17,490,-1,1.17734,1.17747,1.1770800000000001,1.2999999999996348,0,True,2.0,TP,0.899999999999691,False
2021-09-17,500,-1,1.17724,1.17743,1.1768600000000002,1.8999999999991246,1,True,-1.0,SL,-1.7526315789477152,False
2021-09-21,580,1,1.1724,1.17229,1.1726200000000002,1.100000000000545,0,False,2.0,TP,0.7000000000006441,False
2021-09-24,505,1,1.17372,1.17356,1.1740400000000004,1.6000000000016001,0,False,-1.0,SL,-1.893749999999106,False
2021-09-27,495,1,1.17186,1.17151,1.1725599999999996,3.4999999999985043,1,False,-1.0,SL,-1.4085714285716031,False
2021-09-28,510,1,1.16853,1.16815,1.1692900000000002,3.8000000000004697,0,False,-1.0,SL,-1.3763157894736378,False
2021-09-29,525,1,1.16826,1.16777,1.1692400000000003,4.900000000001015,0,False,-1.0,SL,-1.291836734693817,False
2021-09-30,580,-1,1.16063,1.16085,1.1601900000000003,2.1999999999988695,0,True,-1.0,SL,-1.6500000000003339,False
2021-10-01,515,-1,1.15801,1.15829,1.1574499999999999,2.80000000000058,0,True,-1.0,SL,-1.51071428571418,False
2021-10-01,520,-1,1.15811,1.15823,1.1578699999999997,1.2000000000012,1,True,-1.0,SL,-2.191666666665475,False
2021-10-04,610,-1,1.16115,1.16157,1.1603099999999997,4.20000000000087,1,True,-1.0,SL,-1.34047619047612,False
2021-10-07,485,1,1.15512,1.15493,1.1554999999999997,1.8999999999991246,1,False,-1.0,SL,-1.7526315789477152,False
2021-10-07,650,-1,1.15599,1.1563,1.15537,3.1000000000003247,1,True,-1.0,SL,-1.4612903225805969,False
2021-10-08,670,-1,1.15597,1.15608,1.1557499999999998,1.100000000000545,0,True,-1.0,SL,-2.299999999999356,False
2021-10-11,485,-1,1.15784,1.15816,1.1571999999999998,3.20000000000098,0,True,-1.0,SL,-1.4468749999998631,False
2021-10-11,490,-1,1.15778,1.15793,1.1574800000000003,1.4999999999987246,1,True,-1.0,SL,-1.953333333334144,False
2021-10-12,485,-1,1.15617,1.15639,1.1557299999999997,2.20000000000109,0,True,-1.0,SL,-1.649999999999678,False
2021-10-12,490,-1,1.15614,1.15636,1.1556999999999997,2.20000000000109,1,True,-1.0,SL,-1.649999999999678,False
2021-10-13,585,-1,1.15528,1.1556,1.1546400000000003,3.1999999999987594,1,True,-1.0,SL,-1.446875000000173,False
2021-10-14,525,-1,1.16005,1.16019,1.15977,1.40000000000029,0,True,2.0,TP,0.97857142857164,False
2021-10-19,520,-1,1.16534,1.16575,1.16452,4.100000000000215,1,True,2.0,TP,1.6512195121951403,False
2021-10-20,630,1,1.16289,1.16263,1.1634099999999998,2.5999999999992696,1,False,-1.0,SL,-1.5500000000001544,True
2021-10-26,550,1,1.15989,1.15956,1.1605500000000004,3.300000000001635,1,False,-1.0,SL,-1.4333333333331186,False
2021-10-26,630,-1,1.16083,1.16124,1.16001,4.100000000000215,1,True,-1.0,SL,-1.3487804878048597,False
2021-10-27,515,-1,1.16048,1.16064,1.16016,1.5999999999993797,0,True,-1.0,SL,-1.8937500000003464,False
2021-10-27,635,1,1.15946,1.15919,1.16,2.6999999999999247,0,False,-1.0,SL,-1.5296296296296443,False
2021-10-28,660,1,1.159,1.15849,1.16002,5.1000000000001044,1,False,-0.4509803921567603,cierre,-0.7313725490194996,False
2021-11-03,505,-1,1.15864,1.15887,1.1581799999999995,2.300000000001745,1,True,-1.0,SL,-1.6217391304343107,False
2021-11-04,480,1,1.15711,1.15697,1.1573900000000001,1.40000000000029,0,False,-1.0,SL,-2.02142857142836,False
2021-11-05,575,1,1.15423,1.15393,1.1548300000000005,3.00000000000189,1,False,-1.0,SL,-1.4766666666663664,False
2021-11-08,520,1,1.15537,1.15511,1.1558899999999999,2.5999999999992696,0,False,2.0,TP,1.4499999999998456,False
2021-11-08,555,1,1.1554,1.15529,1.15562,1.100000000000545,1,False,-1.0,SL,-2.299999999999356,False
2021-11-11,575,1,1.14663,1.1462,1.14749,4.299999999999304,1,False,2.0,TP,1.6674418604650625,True
2021-11-16,630,1,1.13616,1.13577,1.1369400000000003,3.900000000001125,0,False,-1.0,SL,-1.366666666666561,False
2021-11-18,540,-1,1.13347,1.13383,1.1327500000000001,3.5999999999991594,1,True,-1.0,SL,-1.397222222222315,False
2021-11-22,485,1,1.1268,1.12648,1.1274400000000002,3.20000000000098,0,False,-1.0,SL,-1.4468749999998631,False
2021-11-22,490,1,1.12662,1.12625,1.12736,3.6999999999998145,1,False,2.0,TP,1.6135135135134941,False
2021-11-24,560,-1,1.12471,1.12539,1.1233500000000005,6.799999999997919,1,True,2.0,TP,1.7897058823528769,False
2021-11-24,620,1,1.12336,1.12288,1.1243199999999995,4.799999999998139,1,False,-1.0,SL,-1.297916666666782,False
2021-11-25,490,-1,1.12159,1.12184,1.1210900000000004,2.4999999999986144,1,True,-1.0,SL,-1.5720000000003171,False
2021-11-26,490,-1,1.12321,1.12335,1.12293,1.40000000000029,0,True,-1.0,SL,-2.02142857142836,True
2021-12-01,540,-1,1.13403,1.13436,1.1333700000000002,3.2999999999994145,0,True,-1.0,SL,-1.4333333333334102,False
2021-12-02,500,1,1.13159,1.13144,1.1318900000000003,1.500000000000945,0,False,-1.0,SL,-1.9533333333327327,False
2021-12-03,485,1,1.12847,1.1282,1.12901,2.6999999999999247,1,False,-1.0,SL,-1.5296296296296443,False
2021-12-07,525,-1,1.12935,1.12983,1.1283900000000004,4.799999999998139,1,True,2.0,TP,1.702083333333218,False
2021-12-09,490,1,1.13287,1.13249,1.1336300000000001,3.8000000000004697,0,False,-1.0,SL,-1.3763157894736378,False
2021-12-13,485,1,1.12852,1.12839,1.12878,1.2999999999996348,1,False,-1.0,SL,-2.1000000000003087,False
2021-12-14,605,-1,1.12813,1.1286,1.1271900000000001,4.699999999999704,0,True,-1.0,SL,-1.3042553191489552,False
2021-12-15,480,-1,1.12753,1.12766,1.1272699999999996,1.3000000000018552,0,True,2.0,TP,0.9000000000015698,False
2021-12-15,630,-1,1.12755,1.12771,1.1272300000000002,1.5999999999993797,1,True,2.0,TP,1.1062499999996536,False
2021-12-16,505,-1,1.12974,1.13009,1.1290399999999998,3.5000000000007248,1,True,-1.0,SL,-1.408571428571344,False
2021-12-21,515,-1,1.12863,1.12877,1.12835,1.40000000000029,1,True,-1.0,SL,-2.02142857142836,False
2021-12-23,555,1,1.13265,1.13206,1.1338299999999997,5.899999999998684,0,False,-1.0,SL,-1.2423728813559862,False
2021-12-27,615,1,1.13096,1.13047,1.1319399999999997,4.899999999998794,1,False,1.7551020408169276,cierre,1.4632653061229783,False
2021-12-28,665,-1,1.13303,1.1333,1.13249,2.6999999999999247,0,True,-0.29629629629660087,cierre,-0.8259259259262453,False
2021-12-28,670,-1,1.13307,1.13329,1.1326300000000002,2.1999999999988695,1,True,-0.18181818181845708,cierre,-0.8318181818187911,False
2021-12-29,505,1,1.12995,1.12972,1.13041,2.2999999999995246,0,False,-1.0,SL,-1.6217391304349111,False
2021-12-29,535,1,1.12996,1.12974,1.1304000000000003,2.20000000000109,1,False,-1.0,SL,-1.649999999999678,False
2021-12-30,480,1,1.13168,1.13147,1.1321,2.100000000000435,0,False,2.0,TP,1.31904761904776,False
2021-12-31,520,1,1.131,1.13061,1.1317800000000002,3.900000000001125,0,False,-1.0,SL,-1.366666666666561,False
2021-12-31,655,-1,1.1327,1.13341,1.13128,7.099999999999884,1,True,-1.0,SL,-1.2014084507042286,False
2022-01-04,480,1,1.12931,1.12919,1.1295500000000003,1.2000000000012,0,False,-1.0,SL,-2.191666666665475,False
2022-01-05,500,-1,1.1296,1.13016,1.1284799999999997,5.60000000000116,1,True,-1.0,SL,-1.25535714285709,False
2022-01-07,500,-1,1.13022,1.13042,1.12982,1.9999999999997797,1,True,-1.0,SL,-1.7150000000000787,False
2022-01-10,545,1,1.1328,1.13262,1.1331600000000002,1.80000000000069,0,False,-1.0,SL,-1.7944444444441399,False
2022-01-11,510,-1,1.13417,1.13445,1.1336099999999998,2.80000000000058,1,True,2.0,TP,1.48928571428582,True
2022-01-12,485,1,1.13645,1.13626,1.1368299999999998,1.8999999999991246,0,False,-1.0,SL,-1.7526315789477152,False
2022-01-12,490,1,1.13657,1.13635,1.1370100000000003,2.20000000000109,1,False,-1.0,SL,-1.649999999999678,False
2022-01-19,490,-1,1.13314,1.13362,1.13218,4.8000000000003595,1,True,-1.0,SL,-1.2979166666666444,False
2022-01-20,530,-1,1.1365,1.13664,1.13622,1.40000000000029,1,True,2.0,TP,0.97857142857164,False
2022-01-21,510,-1,1.13347,1.13366,1.1330900000000002,1.8999999999991246,0,True,2.0,TP,1.2473684210522848,False
2022-01-21,515,-1,1.13344,1.13357,1.13318,1.2999999999996348,1,True,2.0,TP,0.899999999999691,False
2022-01-24,550,1,1.1319,1.13138,1.1329399999999996,5.199999999998539,0,False,-1.0,SL,-1.2750000000000772,False
2022-01-24,560,1,1.13201,1.13093,1.13417,10.799999999999699,1,False,0.16666666666673519,cierre,0.034259259259324104,False
2022-01-25,485,1,1.13053,1.1304,1.13079,1.2999999999996348,1,False,-1.0,SL,-2.1000000000003087,False
2022-01-26,485,1,1.12946,1.12921,1.1299599999999996,2.4999999999986144,1,False,-1.0,SL,-1.5720000000003171,False
2022-01-27,490,1,1.12158,1.12143,1.1218800000000002,1.500000000000945,0,False,-1.0,SL,-1.9533333333327327,False
2022-01-28,495,1,1.11386,1.11369,1.1142,1.7000000000000348,0,False,-1.0,SL,-1.841176470588218,False
2022-01-31,490,-1,1.11659,1.11675,1.11627,1.5999999999993797,0,True,2.0,TP,1.1062499999996536,False
2022-02-09,510,1,1.14132,1.14107,1.1418199999999996,2.4999999999986144,0,False,-1.0,SL,-1.5720000000003171,False
2022-02-09,515,1,1.14137,1.14113,1.14185,2.4000000000001798,1,False,-1.0,SL,-1.5958333333332888,False
2022-02-09,675,-1,1.14289,1.14339,1.14189,4.999999999999449,0,True,-1.0,SL,-1.2860000000000316,False
2022-02-10,545,-1,1.14285,1.14333,1.1418899999999998,4.8000000000003595,0,True,-1.0,SL,-1.2979166666666444,False
2022-02-10,555,-1,1.1429,1.14314,1.14242,2.4000000000001798,1,True,-1.0,SL,-1.5958333333332888,False
2022-02-14,490,1,1.13398,1.13373,1.1344800000000002,2.500000000000835,1,False,2.0,TP,1.428000000000191,False
2022-02-15,480,-1,1.13218,1.13237,1.1317999999999997,1.900000000001345,0,True,-1.0,SL,-1.7526315789468356,False
2022-02-17,565,-1,1.138,1.1386,1.1367999999999996,6.00000000000156,0,True,2.0,TP,1.7616666666667287,False
2022-02-18,500,-1,1.13703,1.13724,1.13661,2.100000000000435,0,True,-1.0,SL,-1.68095238095224,False
2022-02-21,580,-1,1.13693,1.13749,1.1358100000000002,5.599999999998939,1,True,2.0,TP,1.7446428571428088,False
2022-02-23,495,1,1.13214,1.13177,1.1328799999999999,3.6999999999998145,1,False,2.0,TP,1.6135135135134941,False
2022-02-23,525,-1,1.13377,1.13399,1.1333299999999997,2.20000000000109,1,True,-1.0,SL,-1.649999999999678,False
2022-02-24,670,1,1.12109,1.11942,1.1244299999999996,16.699999999998383,1,False,-1.0,SL,-1.0856287425149784,False
2022-02-28,520,-1,1.11926,1.11968,1.1184199999999997,4.20000000000087,1,True,2.0,TP,1.65952380952388,False
2022-03-01,505,-1,1.1219,1.122,1.1216999999999995,1.0000000000021103,0,True,-1.0,SL,-2.429999999996982,False
2022-03-01,510,-1,1.12196,1.1224,1.12108,4.3999999999999595,1,True,-1.0,SL,-1.3250000000000028,False
2022-03-01,655,1,1.11954,1.119,1.12062,5.399999999999849,0,False,-1.0,SL,-1.2648148148148222,False
2022-03-02,490,1,1.11,1.10962,1.1107600000000002,3.8000000000004697,0,False,-1.0,SL,-1.3763157894736378,False
2022-03-03,550,1,1.10934,1.10892,1.1101800000000002,4.20000000000087,0,False,-1.0,SL,-1.34047619047612,False
2022-03-04,510,1,1.10143,1.10087,1.1025499999999997,5.599999999998939,0,False,-1.0,SL,-1.2553571428571912,False
2022-03-09,555,-1,1.0929,1.09309,1.0925200000000002,1.8999999999991246,0,True,2.0,TP,1.2473684210522848,False
2022-03-10,555,1,1.10416,1.1036,1.1052800000000003,5.60000000000116,0,False,-1.0,SL,-1.25535714285709,False
2022-03-10,560,1,1.10456,1.10405,1.10558,5.1000000000001044,1,False,-1.0,SL,-1.2803921568627392,False
2022-03-10,605,-1,1.10455,1.10801,1.0976299999999999,34.600000000000186,0,True,0.22254335260113678,cierre,0.18121387283235088,False
2022-03-11,565,1,1.09816,1.09719,1.1000999999999999,9.699999999999154,1,False,-1.0,SL,-1.147422680412384,False
2022-03-14,480,-1,1.09317,1.09404,1.0914300000000001,8.699999999999264,0,True,-1.0,SL,-1.164367816091968,False
2022-03-14,490,-1,1.09403,1.09422,1.0936500000000002,1.8999999999991246,1,True,-1.0,SL,-1.7526315789477152,False
2022-03-18,495,1,1.10767,1.10712,1.1087699999999996,5.499999999998284,1,False,-1.0,SL,-1.260000000000081,False
2022-03-21,485,-1,1.10552,1.10598,1.1046000000000002,4.599999999999049,0,True,-1.0,SL,-1.3108695652174556,False
2022-03-23,480,1,1.10172,1.10145,1.10226,2.6999999999999247,0,False,2.0,TP,1.4703703703703557,False
2022-03-24,480,1,1.0978,1.09752,1.0983600000000002,2.80000000000058,0,False,-1.0,SL,-1.51071428571418,False
2022-03-25,560,1,1.1009,1.10007,1.1025599999999998,8.299999999998864,1,False,1.3012048192772503,cierre,1.1289156626507206,False
2022-03-28,605,1,1.09462,1.09446,1.0949399999999998,1.5999999999993797,0,False,-1.0,SL,-1.8937500000003464,False
2022-03-28,610,1,1.09493,1.09446,1.09587,4.699999999999704,1,False,2.0,TP,1.6957446808510448,False
2022-03-31,520,1,1.11616,1.11514,1.1182,10.200000000000209,0,False,-1.0,SL,-1.1401960784313696,False
2022-04-04,500,1,1.10414,1.10379,1.1048399999999996,3.4999999999985043,0,False,-1.0,SL,-1.4085714285716031,False
2022-04-04,505,1,1.10415,1.10378,1.10489,3.6999999999998145,1,False,-1.0,SL,-1.3864864864865059,False
2022-04-05,530,-1,1.0977,1.09799,1.0971199999999997,2.900000000001235,0,True,-1.0,SL,-1.493103448275652,True
2022-04-05,535,-1,1.09776,1.09806,1.0971600000000001,2.9999999999996696,1,True,-1.0,SL,-1.4766666666667192,True
2022-04-05,650,1,1.09667,1.09619,1.09763,4.8000000000003595,0,False,2.0,TP,1.7020833333333556,True
2022-04-06,690,-1,1.09073,1.09108,1.0900299999999998,3.5000000000007248,1,True,-0.34285714285741475,cierre,-0.7514285714287587,True
2022-04-07,480,-1,1.09187,1.09202,1.0915699999999997,1.500000000000945,0,True,2.0,TP,1.0466666666672673,False
2022-04-08,550,1,1.08557,1.0854,1.08591,1.7000000000000348,0,False,2.0,TP,1.158823529411782,True
2022-04-08,555,1,1.08564,1.08546,1.0859999999999996,1.7999999999984695,1,False,-1.0,SL,-1.7944444444451197,True
2022-04-11,525,1,1.08771,1.08739,1.0883499999999997,3.1999999999987594,0,False,2.0,TP,1.553124999999827,False
2022-04-11,610,-1,1.09126,1.09148,1.0908199999999997,2.20000000000109,0,True,-1.0,SL,-1.649999999999678,False
2022-04-12,485,1,1.08721,1.08644,1.0887499999999999,7.699999999999374,0,False,-1.0,SL,-1.1857142857143008,False
2022-04-13,485,-1,1.08422,1.08447,1.0837199999999998,2.500000000000835,1,True,2.0,TP,1.428000000000191,False
2022-04-14,495,-1,1.09168,1.09184,1.09136,1.5999999999993797,1,True,2.0,TP,1.1062499999996536,False
2022-04-18,590,1,1.07896,1.0787,1.0794799999999998,2.5999999999992696,1,False,-1.0,SL,-1.5500000000001544,False
2022-04-19,560,-1,1.07845,1.07888,1.0775899999999996,4.300000000001525,0,True,-1.0,SL,-1.3325581395347657,False
2022-04-21,490,-1,1.08529,1.08551,1.0848500000000003,2.1999999999988695,0,True,2.0,TP,1.3499999999996661,False
2022-04-25,480,1,1.07754,1.07683,1.07896,7.099999999999884,0,False,-1.0,SL,-1.2014084507042286,False
2022-04-26,530,1,1.07104,1.07052,1.0720800000000001,5.20000000000076,0,False,-1.0,SL,-1.27499999999996,False
2022-04-26,535,1,1.07082,1.07056,1.0713400000000004,2.60000000000149,1,False,-1.0,SL,-1.5499999999996847,False
2022-04-28,600,-1,1.05546,1.05647,1.0534400000000002,10.099999999999554,1,True,2.0,TP,1.858415841584152,False
2022-04-29,500,-1,1.05407,1.05435,1.0535100000000004,2.7999999999983594,0,True,-1.0,SL,-1.510714285714585,False
2022-05-02,480,1,1.05129,1.05104,1.0517900000000002,2.500000000000835,0,False,2.0,TP,1.428000000000191,False
2022-05-02,495,1,1.05136,1.051,1.0520800000000003,3.60000000000138,1,False,2.0,TP,1.6027777777779302,False
2022-05-03,545,1,1.04992,1.04949,1.0507799999999998,4.299999999999304,1,False,-1.0,SL,-1.3325581395349375,False
2022-05-03,580,-1,1.05241,1.05277,1.0516900000000002,3.5999999999991594,0,True,2.0,TP,1.602777777777685,False
2022-05-03,585,-1,1.05212,1.05272,1.0509199999999996,6.00000000000156,1,True,2.0,TP,1.7616666666667287,False
2022-05-04,490,1,1.05152,1.0508,1.0529600000000001,7.200000000000539,1,False,-1.0,SL,-1.1986111111110962,True
2022-05-04,650,-1,1.05326,1.05344,1.0529000000000004,1.7999999999984695,0,True,2.0,TP,1.2055555555548803,True
2022-05-06,490,1,1.05166,1.05151,1.0519600000000002,1.500000000000945,0,False,-1.0,SL,-1.9533333333327327,False
2022-05-06,495,1,1.05172,1.05156,1.0520399999999999,1.5999999999993797,1,False,-1.0,SL,-1.8937500000003464,False
2022-05-06,610,-1,1.05463,1.05547,1.05295,8.399999999999519,0,True,-1.0,SL,-1.170238095238105,False
2022-05-06,625,-1,1.0544,1.05507,1.05306,6.699999999999484,1,True,-1.0,SL,-1.2134328358209119,False
2022-05-10,545,1,1.05543,1.0551,1.0560900000000004,3.300000000001635,0,False,2.0,TP,1.5666666666668814,False
2022-05-11,545,-1,1.05481,1.05506,1.0543099999999999,2.500000000000835,0,True,-1.0,SL,-1.571999999999809,False
2022-05-12,480,1,1.05011,1.04995,1.0504300000000004,1.6000000000016001,0,False,-1.0,SL,-1.893749999999106,False
2022-05-12,485,1,1.05046,1.04961,1.05216,8.500000000000174,1,False,-1.0,SL,-1.1682352941176437,False
2022-05-13,490,-1,1.03977,1.04014,1.0390300000000001,3.6999999999998145,0,True,2.0,TP,1.6135135135134941,False
2022-05-16,585,-1,1.04169,1.04214,1.0407899999999999,4.500000000000615,1,True,2.0,TP,1.6822222222222656,False
2022-05-19,655,-1,1.05061,1.05088,1.05007,2.6999999999999247,0,True,2.0,TP,1.4703703703703557,False
2022-05-20,480,-1,1.05909,1.05934,1.0585900000000004,2.4999999999986144,0,True,2.0,TP,1.4279999999996829,False
2022-05-20,620,1,1.05576,1.05545,1.05638,3.1000000000003247,0,False,2.0,TP,1.5387096774194031,False
2022-05-23,605,-1,1.06084,1.06193,1.05866,10.900000000000354,0,True,-1.0,SL,-1.1311926605504545,False
2022-05-23,610,-1,1.06127,1.06156,1.0606899999999997,2.900000000001235,1,True,2.0,TP,1.506896551724348,False
2022-05-27,605,1,1.07301,1.07259,1.0738500000000002,4.20000000000087,0,False,2.0,TP,1.65952380952388,False
2022-05-30,500,-1,1.07592,1.07643,1.0749,5.1000000000001044,1,True,-1.0,SL,-1.2803921568627392,False
2022-06-01,610,-1,1.07316,1.07393,1.0716199999999996,7.7000000000015945,0,True,2.0,TP,1.8142857142857527,True
2022-06-03,560,1,1.07465,1.07448,1.0749900000000001,1.7000000000000348,0,False,2.0,TP,1.158823529411782,False
2022-06-03,575,1,1.07505,1.07449,1.0761700000000003,5.60000000000116,1,False,2.0,TP,1.74464285714291,False
2022-06-06,550,-1,1.07315,1.07382,1.0718100000000002,6.699999999999484,0,True,-1.0,SL,-1.2134328358209119,False
2022-06-06,560,-1,1.07337,1.07377,1.07257,3.9999999999995595,1,True,-1.0,SL,-1.3575000000000395,False
2022-06-07,505,1,1.06718,1.06665,1.0682399999999999,5.299999999999194,1,False,2.0,TP,1.730188679245242,False
2022-06-07,620,-1,1.06964,1.07019,1.0685399999999998,5.5000000000005045,1,True,2.0,TP,1.7400000000000237,False
2022-06-08,650,1,1.06805,1.06756,1.0690299999999997,4.899999999998794,1,False,-1.0,SL,-1.2918367346939492,False
2022-06-09,510,1,1.07099,1.07089,1.0711900000000005,1.0000000000021103,0,False,2.0,TP,0.5700000000030179,False
2022-06-09,530,1,1.07131,1.07093,1.07207,3.8000000000004697,1,False,-1.0,SL,-1.3763157894736378,False
2022-06-10,630,1,1.06125,1.06074,1.06227,5.1000000000001044,0,False,-1.0,SL,-1.2803921568627392,False
2022-06-10,640,1,1.06122,1.06079,1.0620800000000004,4.300000000001525,1,False,-1.0,SL,-1.3325581395347657,False
2022-06-13,530,1,1.04774,1.04753,1.0481599999999995,2.0999999999982144,0,False,2.0,TP,1.3190476190470402,False
2022-06-14,485,-1,1.04383,1.04416,1.0431700000000002,3.2999999999994145,1,True,2.0,TP,1.5666666666665898,False
2022-06-15,480,-1,1.04638,1.04751,1.0441200000000004,11.299999999998533,0,True,-1.0,SL,-1.126548672566388,False
2022-06-22,480,1,1.04881,1.04858,1.04927,2.2999999999995246,0,False,2.0,TP,1.3782608695650889,False
2022-06-27,550,-1,1.05733,1.05771,1.0565700000000005,3.7999999999982492,0,True,2.0,TP,1.6236842105261424,False
2022-06-28,485,1,1.05734,1.05703,1.05796,3.1000000000003247,0,False,2.0,TP,1.5387096774194031,False
2022-06-28,540,-1,1.05825,1.05937,1.05601,11.200000000000099,1,True,-1.0,SL,-1.1276785714285702,False
2022-06-30,485,-1,1.04556,1.04577,1.04514,2.100000000000435,0,True,-1.0,SL,-1.68095238095224,False
2022-06-30,565,1,1.04412,1.04315,1.0460599999999998,9.699999999999154,1,False,2.0,TP,1.852577319587616,False
2022-07-01,520,1,1.04472,1.04407,1.0460200000000002,6.500000000000394,0,False,2.0,TP,1.7800000000000133,False
2022-07-01,525,1,1.04497,1.04454,1.0458299999999998,4.299999999999304,1,False,2.0,TP,1.6674418604650625,False
2022-07-06,490,1,1.02451,1.02383,1.02587,6.800000000000139,0,False,2.0,TP,1.7897058823529455,False
2022-07-06,540,-1,1.0269,1.02765,1.0253999999999999,7.500000000000284,0,True,2.0,TP,1.8093333333333406,False
2022-07-06,570,-1,1.02679,1.02736,1.0256500000000002,5.699999999999594,1,True,2.0,TP,1.749122807017526,False
2022-07-06,655,1,1.02452,1.02261,1.0283400000000003,19.100000000000783,1,False,-1.0,SL,-1.0748691099476408,False
2022-07-07,480,-1,1.02184,1.02209,1.0213400000000004,2.4999999999986144,0,True,2.0,TP,1.4279999999996829,False
2022-07-07,665,1,1.01801,1.01744,1.0191500000000004,5.700000000001815,0,False,2.0,TP,1.7491228070176237,False
2022-07-12,555,1,1.00109,1.00047,1.0023300000000002,6.200000000000649,0,False,-1.0,SL,-1.2306451612902984,False
2022-07-12,560,1,1.00075,1.00043,1.0013900000000002,3.20000000000098,1,False,2.0,TP,1.5531250000001369,False
2022-07-13,485,-1,1.00359,1.00503,1.0007099999999998,14.400000000001079,0,True,-1.0,SL,-1.0993055555555482,False
2022-07-13,545,-1,1.00421,1.00529,1.00205,10.799999999999699,1,True,2.0,TP,1.867592592592589,False
2022-07-13,595,1,1.00239,1.00129,1.0045899999999996,10.999999999998789,1,False,2.0,TP,1.8699999999999857,False
2022-07-14,495,1,1.00222,1.00093,1.0048000000000001,12.900000000000134,0,False,-1.0,SL,-1.1108527131782935,False
2022-07-15,490,1,1.0016,1.00109,1.00262,5.1000000000001044,0,False,-1.0,SL,-1.2803921568627392,False
2022-07-15,520,1,1.00181,1.00108,1.0032700000000003,7.300000000001194,1,False,-1.0,SL,-1.1958904109588722,False
2022-07-15,680,-1,1.004,1.00444,1.00312,4.3999999999999595,0,True,0.318181818181887,cierre,-0.006818181818115943,False
2022-07-18,545,-1,1.01137,1.01182,1.0104700000000004,4.499999999998394,0,True,-1.0,SL,-1.3177777777778912,False
2022-07-20,535,-1,1.02439,1.02507,1.0230299999999999,6.800000000000139,0,True,-1.0,SL,-1.2102941176470545,False
2022-07-21,610,1,1.0179,1.01745,1.0188000000000001,4.500000000000615,0,False,-1.0,SL,-1.3177777777777344,False
2022-07-21,615,1,1.01788,1.01731,1.0190199999999998,5.699999999999594,1,False,2.0,TP,1.749122807017526,False
2022-07-22,565,1,1.01875,1.01783,1.02059,9.200000000000319,0,False,-1.0,SL,-1.1554347826086904,False
2022-07-25,565,-1,1.02108,1.02223,1.01878,11.499999999999844,0,True,2.0,TP,1.8756521739130418,False
2022-07-25,605,1,1.02042,1.01784,1.0255800000000002,25.800000000000267,0,False,1.461240310077438,cierre,1.4058139534882914,False
2022-07-25,640,-1,1.02172,1.02206,1.02104,3.4000000000000696,1,True,-1.0,SL,-1.420588235294109,False
2022-07-26,480,1,1.02147,1.0213,1.02181,1.7000000000000348,0,False,2.0,TP,1.158823529411782,False
2022-07-27,485,-1,1.01501,1.01587,1.0132899999999998,8.60000000000083,0,True,2.0,TP,1.833720930232574,False
2022-07-27,565,-1,1.01443,1.01525,1.0127899999999999,8.20000000000043,1,True,-0.06097560975622305,cierre,-0.23536585365865292,False
2022-07-28,495,-1,1.02219,1.02265,1.0212699999999997,4.60000000000127,1,True,-1.0,SL,-1.3108695652173055,True
2022-07-29,495,-1,1.02239,1.02256,1.02205,1.7000000000000348,0,True,-1.0,SL,-1.841176470588218,False
2022-07-29,500,-1,1.02246,1.02285,1.0216799999999997,3.900000000001125,1,True,-1.0,SL,-1.366666666666561,False
2022-08-01,620,-1,1.02383,1.02445,1.0225899999999999,6.200000000000649,1,True,-1.0,SL,-1.2306451612902984,False
2022-08-03,680,-1,1.01922,1.01951,1.0186400000000002,2.8999999999990145,1,True,-1.0,SL,-1.4931034482760297,False
2022-08-04,595,-1,1.01751,1.01792,1.0166899999999999,4.100000000000215,1,True,-1.0,SL,-1.3487804878048597,True
2022-08-05,480,1,1.02313,1.02274,1.0239100000000003,3.900000000001125,0,False,-1.0,SL,-1.366666666666561,False
2022-08-05,485,1,1.02293,1.02259,1.0236099999999995,3.399999999997849,1,False,-1.0,SL,-1.4205882352943837,False
2022-08-08,555,-1,1.01885,1.01896,1.01863,1.100000000000545,0,True,-1.0,SL,-2.299999999999356,False
2022-08-08,560,-1,1.01859,1.01906,1.0176500000000002,4.699999999999704,1,True,-1.0,SL,-1.3042553191489552,False
2022-08-09,480,-1,1.01997,1.0201,1.0197100000000001,1.2999999999996348,0,True,-1.0,SL,-2.1000000000003087,False
2022-08-10,610,1,1.02053,1.0202,1.0211899999999998,3.2999999999994145,0,False,2.0,TP,1.5666666666665898,False
2022-08-10,615,1,1.02036,1.02022,1.02064,1.40000000000029,1,False,2.0,TP,0.97857142857164,False
2022-08-17,485,-1,1.01825,1.01864,1.0174700000000003,3.8999999999989043,0,True,2.0,TP,1.6333333333332303,False
2022-08-17,510,1,1.01699,1.01655,1.01787,4.3999999999999595,1,False,-1.0,SL,-1.3250000000000028,False
2022-08-18,490,1,1.0164,1.01607,1.0170599999999999,3.2999999999994145,1,False,-1.0,SL,-1.4333333333334102,False
2022-08-19,600,-1,1.00898,1.00953,1.0078799999999999,5.5000000000005045,1,True,2.0,TP,1.7400000000000237,False
2022-08-22,530,1,1.00239,1.00222,1.0027299999999995,1.6999999999978144,1,False,2.0,TP,1.1588235294106832,True
2022-08-23,500,1,0.99176,0.99128,0.9927199999999998,4.799999999999249,0,False,-1.0,SL,-1.2979166666667132,False
2022-08-26,480,1,0.99596,0.99575,0.9963799999999998,2.0999999999993246,0,False,2.0,TP,1.3190476190474,True
2022-08-26,620,-1,0.99749,0.99791,0.99665,4.1999999999997595,0,True,-1.0,SL,-1.34047619047621,True
2022-08-26,625,-1,0.99734,0.99771,0.9966,3.6999999999998145,1,True,-1.0,SL,-1.3864864864865059,True
2022-08-29,690,-1,0.9956,0.99614,0.9945200000000001,5.399999999999849,1,True,-0.07407407407394462,cierre,-0.3388888888887668,False
2022-08-31,540,1,1.00154,1.0014,1.0018200000000002,1.40000000000029,0,False,2.0,TP,0.97857142857164,False
2022-08-31,545,1,1.00181,1.00141,1.0026100000000004,4.00000000000178,1,False,-1.0,SL,-1.357499999999841,False
2022-09-05,485,1,0.98886,0.98772,0.9911399999999998,11.399999999999189,0,False,2.0,TP,1.874561403508763,False
2022-09-05,575,-1,0.99244,0.99371,0.9899,12.699999999999934,0,True,0.8031496062992333,cierre,0.6905511811023823,False
2022-09-06,540,-1,0.99697,0.99791,0.9950900000000001,9.399999999999409,0,True,-1.0,SL,-1.1521276595744776,False
2022-09-08,500,-1,1.00113,1.00148,1.0004300000000004,3.4999999999985043,0,True,2.0,TP,1.5914285714283969,False
2022-09-08,595,1,0.99801,0.9976,0.9988299999999998,4.099999999999104,0,False,2.0,TP,1.6512195121950457,False
2022-09-08,600,1,0.99815,0.9978,0.9988499999999999,3.4999999999996145,1,False,2.0,TP,1.5914285714285263,False
2022-09-13,500,-1,1.01461,1.01486,1.0141099999999998,2.500000000000835,1,True,-1.0,SL,-1.571999999999809,False
2022-09-14,615,-1,0.99999,1.00035,0.99927,3.6000000000002697,1,True,-1.0,SL,-1.3972222222221924,False
2022-09-15,505,1,0.99596,0.99556,0.9967599999999999,3.9999999999995595,0,False,2.0,TP,1.6424999999999605,False
2022-09-15,510,1,0.99629,0.99583,0.99721,4.6000000000001595,1,False,-1.0,SL,-1.3108695652173805,False
2022-09-15,630,-1,0.99824,0.99853,0.99766,2.9000000000001247,0,True,-1.0,SL,-1.493103448275841,False
2022-09-15,635,-1,0.99798,0.99846,0.9970199999999999,4.8000000000003595,1,True,-1.0,SL,-1.2979166666666444,False
2022-09-16,480,1,0.99824,0.99809,0.99854,1.4999999999998348,0,False,-1.0,SL,-1.9533333333334384,True
2022-09-19,480,1,0.99807,0.99761,0.99899,4.6000000000001595,0,False,-1.0,SL,-1.3108695652173805,False
2022-09-19,490,1,0.99772,0.99749,0.9981800000000002,2.300000000000635,1,False,2.0,TP,1.378260869565389,False
2022-09-22,580,-1,0.98447,0.98533,0.9827499999999998,8.60000000000083,1,True,-1.0,SL,-1.166279069767426,False
2022-09-23,525,1,0.98187,0.98148,0.98265,3.9000000000000146,0,False,-1.0,SL,-1.3666666666666654,False
2022-09-27,480,-1,0.96513,0.96554,0.9643100000000002,4.099999999999104,0,True,-1.0,SL,-1.3487804878049543,False
2022-09-28,545,1,0.95564,0.9539,0.9591200000000002,17.400000000000748,1,False,-1.0,SL,-1.0821839080459734,False
2022-09-29,600,1,0.9655,0.96414,0.9682200000000001,13.600000000000279,1,False,2.0,TP,1.8948529411764727,False
2022-09-30,525,1,0.97969,0.97938,0.9803099999999998,3.0999999999992145,0,False,-1.0,SL,-1.461290322580762,False
2022-09-30,530,1,0.97951,0.97898,0.98057,5.3000000000003045,1,False,2.0,TP,1.7301886792452985,False
2022-09-30,610,-1,0.98421,0.9849,0.9828300000000001,6.899999999999684,1,True,-1.0,SL,-1.2072463768116037,False
2022-10-04,480,-1,0.98439,0.98492,0.9833299999999999,5.3000000000003045,0,True,-1.0,SL,-1.2698113207547015,False
2022-10-05,520,-1,0.99898,0.99924,0.9984599999999999,2.60000000000038,0,True,-1.0,SL,-1.5499999999999197,False
2022-10-06,635,1,0.98855,0.98795,0.9897500000000001,6.000000000000449,1,False,-1.0,SL,-1.2383333333333155,False
2022-10-07,620,-1,0.98068,0.98131,0.97942,6.300000000000194,0,True,-1.0,SL,-1.22698412698412,False
2022-10-07,625,-1,0.98116,0.98145,0.98058,2.9000000000001247,1,True,-1.0,SL,-1.493103448275841,False
2022-10-11,580,-1,0.9716,0.97247,0.9698600000000002,8.699999999999264,0,True,2.0,TP,1.835632183908032,False
2022-10-13,680,-1,0.97217,0.97292,0.9706699999999999,7.500000000000284,1,True,-1.0,SL,-1.1906666666666594,False
2022-10-14,570,1,0.97621,0.97551,0.9776100000000001,7.000000000000339,1,False,-1.0,SL,-1.2042857142857044,False
2022-10-17,480,-1,0.97519,0.97557,0.9744299999999999,3.8000000000004697,0,True,2.0,TP,1.6236842105263622,False
2022-10-17,585,-1,0.97525,0.97568,0.9743899999999999,4.300000000000415,1,True,2.0,TP,1.6674418604651484,False
2022-10-17,640,1,0.97301,0.97201,0.97501,10.000000000000009,1,False,2.0,TP,1.8570000000000002,False
2022-10-19,490,1,0.98354,0.98307,0.9844799999999999,4.699999999999704,1,False,-1.0,SL,-1.3042553191489552,False
2022-10-21,520,1,0.97666,0.97614,0.9776999999999999,5.199999999999649,1,False,-1.0,SL,-1.2750000000000186,False
2022-10-21,590,-1,0.9788,0.97919,0.97802,3.9000000000000146,1,True,-1.0,SL,-1.3666666666666654,False
2022-10-24,605,1,0.98307,0.98238,0.9844499999999999,6.899999999999684,0,False,-1.0,SL,-1.2072463768116037,False
2022-10-28,675,1,0.99614,0.99483,0.9987600000000001,13.100000000000334,1,False,-0.14503816793894553,cierre,-0.2541984732824542,False
2022-10-31,480,1,0.99296,0.9928,0.9932799999999998,1.5999999999993797,0,False,2.0,TP,1.1062499999996536,False
2022-11-01,505,-1,0.99382,0.99461,0.9922400000000001,7.899999999999574,1,True,2.0,TP,1.818987341772142,True
2022-11-03,505,1,0.97736,0.9771,0.9778800000000001,2.60000000000038,0,False,-1.0,SL,-1.5499999999999197,False
2022-11-04,670,-1,0.97923,0.98058,0.9765300000000001,13.499999999999623,0,True,-1.0,SL,-1.1059259259259289,False
2022-11-07,565,-1,0.99514,0.9964,0.9926200000000002,12.599999999999278,1,True,-1.0,SL,-1.11349206349207,False
2022-11-08,490,1,0.99955,0.99922,1.00021,3.3000000000005247,0,False,-1.0,SL,-1.4333333333332643,False
2022-11-09,480,1,1.00585,1.0056,1.0063499999999996,2.4999999999986144,0,False,2.0,TP,1.4279999999996829,False
2022-11-11,500,-1,1.02276,1.02348,1.0213199999999998,7.200000000000539,0,True,-1.0,SL,-1.1986111111110962,False
2022-11-11,505,-1,1.02326,1.02348,1.0228200000000003,2.1999999999988695,1,True,-1.0,SL,-1.6500000000003339,False
2022-11-14,560,-1,1.03484,1.03504,1.03444,1.9999999999997797,0,True,-1.0,SL,-1.7150000000000787,False
2022-11-14,565,-1,1.03379,1.03504,1.03129,12.499999999999734,1,True,2.0,TP,1.8855999999999975,False
2022-11-14,680,1,1.03,1.02878,1.03244,12.199999999999989,1,False,0.3360655737705097,cierre,0.21885245901641126,False
2022-11-15,480,-1,1.034,1.03437,1.03326,3.6999999999998145,0,True,-1.0,SL,-1.3864864864865059,False
2022-11-15,485,-1,1.03404,1.03455,1.03302,5.1000000000001044,1,True,-1.0,SL,-1.2803921568627392,False
2022-11-16,490,-1,1.03841,1.03964,1.0359500000000004,12.299999999998423,1,True,-1.0,SL,-1.1162601626016408,False
2022-11-17,545,-1,1.03977,1.0403,1.0387100000000002,5.299999999999194,0,True,2.0,TP,1.730188679245242,False
2022-11-17,550,-1,1.03879,1.03993,1.0365100000000003,11.399999999999189,1,True,-1.0,SL,-1.125438596491237,False
2022-11-17,660,1,1.03636,1.03566,1.0377599999999998,6.999999999999229,0,False,-1.0,SL,-1.2042857142857368,False
2022-11-18,635,-1,1.03882,1.0391,1.0382600000000004,2.7999999999983594,0,True,-1.0,SL,-1.510714285714585,False
2022-11-18,645,-1,1.03902,1.03959,1.0378800000000001,5.699999999999594,1,True,2.0,TP,1.749122807017526,False
2022-11-21,480,1,1.02592,1.02572,1.02632,1.9999999999997797,0,False,-1.0,SL,-1.7150000000000787,False
2022-11-21,485,1,1.02599,1.02526,1.0274499999999998,7.299999999998974,1,False,-1.0,SL,-1.1958904109589317,False
2022-11-22,575,-1,1.02676,1.02787,1.0245399999999996,11.100000000001664,1,True,-1.0,SL,-1.1288288288288095,False
2022-11-23,510,-1,1.03351,1.03385,1.03283,3.4000000000000696,1,True,-1.0,SL,-1.420588235294109,False
2022-11-23,685,1,1.03006,1.0297,1.0307799999999998,3.5999999999991594,0,False,-1.0,SL,-1.397222222222315,False
2022-11-25,650,1,1.03978,1.03946,1.0404199999999997,3.1999999999987594,0,False,-1.0,SL,-1.446875000000173,False
2022-11-28,535,-1,1.03798,1.0385,1.0369399999999998,5.20000000000076,0,True,2.0,TP,1.72500000000004,False
2022-11-28,540,-1,1.03737,1.0384,1.0353099999999997,10.300000000000864,1,True,-1.0,SL,-1.138834951456299,False
2022-11-30,650,-1,1.03575,1.0365,1.03425,7.500000000000284,1,True,-1.0,SL,-1.1906666666666594,False
2022-12-01,485,-1,1.04522,1.0459,1.04386,6.800000000000139,1,True,-1.0,SL,-1.2102941176470545,False
2022-12-01,545,1,1.04132,1.03929,1.04538,20.299999999999763,1,False,1.4532019704433707,cierre,1.3827586206896754,False
2022-12-02,530,-1,1.05353,1.05411,1.05237,5.800000000000249,1,True,2.0,TP,1.7534482758620795,False
2022-12-05,540,1,1.05389,1.05303,1.0556100000000002,8.60000000000083,0,False,2.0,TP,1.833720930232574,False
2022-12-07,480,1,1.04491,1.04473,1.0452700000000001,1.80000000000069,0,False,2.0,TP,1.2055555555558601,True
2022-12-08,480,-1,1.05134,1.05187,1.0502799999999997,5.300000000001415,0,True,-1.0,SL,-1.2698113207546449,False
2022-12-08,645,1,1.04954,1.04895,1.0507199999999997,5.899999999998684,0,False,-0.1016949152541735,cierre,-0.34406779661015974,False
2022-12-09,490,-1,1.05849,1.05881,1.0578499999999997,3.20000000000098,0,True,2.0,TP,1.5531250000001369,False
2022-12-09,645,1,1.0553,1.05491,1.0560799999999997,3.8999999999989043,1,False,2.0,TP,1.6333333333332303,False
2022-12-12,515,-1,1.05266,1.05366,1.0506599999999997,10.000000000001119,0,True,-1.0,SL,-1.142999999999984,True
2022-12-13,500,-1,1.05519,1.05579,1.0539900000000002,5.999999999999339,1,True,-1.0,SL,-1.2383333333333595,False
2022-12-13,655,1,1.05391,1.0531,1.0555299999999999,8.099999999999774,0,False,-1.0,SL,-1.176543209876548,False
2022-12-14,485,-1,1.0638,1.06422,1.0629600000000003,4.199999999998649,0,True,2.0,TP,1.6595238095237002,False
2022-12-14,550,1,1.06253,1.06187,1.0638499999999997,6.599999999998829,0,False,2.0,TP,1.783333333333295,False
2022-12-14,575,-1,1.06374,1.06445,1.06232,7.099999999999884,1,True,-1.0,SL,-1.2014084507042286,False
2022-12-16,500,-1,1.06587,1.0663,1.0650100000000002,4.299999999999304,0,True,2.0,TP,1.6674418604650625,False
2022-12-16,570,1,1.06286,1.06252,1.06354,3.4000000000000696,0,False,2.0,TP,1.579411764705891,False
2022-12-21,515,-1,1.06275,1.06319,1.06187,4.3999999999999595,0,True,-1.0,SL,-1.3250000000000028,False
2022-12-21,520,-1,1.06279,1.06295,1.0624699999999996,1.6000000000016001,1,True,-1.0,SL,-1.893749999999106,False
2022-12-22,570,-1,1.06478,1.06593,1.06248,11.499999999999844,1,True,0.48695652173923787,cierre,0.36260869565227966,False
2022-12-27,480,-1,1.06637,1.0665,1.0661100000000001,1.2999999999996348,0,True,-1.0,SL,-2.1000000000003087,False
2022-12-27,485,-1,1.06648,1.06678,1.0658800000000002,2.9999999999996696,1,True,2.0,TP,1.5233333333332808,False
2022-12-29,565,-1,1.06356,1.06392,1.0628400000000002,3.5999999999991594,0,True,-1.0,SL,-1.397222222222315,False
2022-12-30,515,1,1.06423,1.06385,1.06499,3.8000000000004697,0,False,2.0,TP,1.6236842105263622,False
2022-12-30,530,1,1.06452,1.0639,1.0657599999999996,6.199999999998429,1,False,2.0,TP,1.769354838709619,False
2023-01-02,480,1,1.06894,1.06741,1.072,15.300000000000313,0,False,-1.0,SL,-1.0934640522875798,False
2023-01-02,510,1,1.06794,1.06694,1.0699399999999997,9.999999999998899,1,False,-1.0,SL,-1.1430000000000158,False
2023-01-03,495,1,1.0652,1.06498,1.0656399999999997,2.1999999999988695,0,False,2.0,TP,1.3499999999996661,False
2023-01-04,495,-1,1.05771,1.0581,1.0569299999999997,3.900000000001125,1,True,-1.0,SL,-1.366666666666561,False
2023-01-05,485,1,1.0607,1.06015,1.0618,5.5000000000005045,0,False,-1.0,SL,-1.2599999999999763,False
2023-01-06,480,1,1.05124,1.05104,1.05164,1.9999999999997797,0,False,-1.0,SL,-1.7150000000000787,False
2023-01-06,485,1,1.05209,1.05102,1.0542299999999998,10.699999999999044,1,False,-1.0,SL,-1.1336448598130962,False
2023-01-09,485,-1,1.06814,1.06884,1.0667400000000002,6.999999999999229,0,True,-1.0,SL,-1.2042857142857368,False
2023-01-10,570,-1,1.07391,1.07442,1.07289,5.1000000000001044,0,True,-1.0,SL,-1.2803921568627392,False
2023-01-10,575,-1,1.07421,1.07472,1.0731900000000005,5.099999999997884,1,True,2.0,TP,1.7196078431371387,False
2023-01-11,515,-1,1.07541,1.07573,1.0747699999999998,3.20000000000098,1,True,2.0,TP,1.5531250000001369,False
2023-01-11,610,1,1.07296,1.07254,1.0737999999999996,4.199999999998649,0,False,2.0,TP,1.6595238095237002,False
2023-01-12,485,1,1.07593,1.0756,1.0765900000000004,3.300000000001635,0,False,-1.0,SL,-1.4333333333331186,False
2023-01-16,550,1,1.08208,1.08143,1.08338,6.500000000000394,0,False,-1.0,SL,-1.2199999999999867,False
2023-01-17,545,-1,1.0832,1.08362,1.0823599999999998,4.20000000000087,0,True,-1.0,SL,-1.34047619047612,False
2023-01-17,560,-1,1.08351,1.08385,1.08283,3.4000000000000696,1,True,2.0,TP,1.579411764705891,False
2023-01-18,490,-1,1.07978,1.07996,1.0794199999999998,1.80000000000069,0,True,-1.0,SL,-1.7944444444441399,False
2023-01-19,525,-1,1.08033,1.08075,1.0794899999999998,4.20000000000087,1,True,-1.0,SL,-1.34047619047612,False
2023-01-20,485,1,1.08319,1.08207,1.0854300000000001,11.200000000000099,1,False,2.0,TP,1.8723214285714298,False
2023-01-20,505,-1,1.08417,1.08464,1.0832300000000001,4.699999999999704,0,True,-1.0,SL,-1.3042553191489552,False
2023-01-23,490,-1,1.09109,1.09267,1.0879299999999996,15.800000000001369,1,True,0.3734177215188717,cierre,0.2829113924049555,False
2023-01-24,490,-1,1.08878,1.08917,1.0880000000000003,3.8999999999989043,1,True,-1.0,SL,-1.3666666666667697,False
2023-01-24,580,1,1.08693,1.08663,1.0875299999999999,2.9999999999996696,0,False,2.0,TP,1.5233333333332808,False
2023-01-24,585,1,1.08757,1.08669,1.08933,8.799999999999919,1,False,-1.0,SL,-1.1625000000000014,False
2023-01-25,505,-1,1.09056,1.0911,1.08948,5.399999999999849,0,True,2.0,TP,1.7351851851851778,False
2023-01-25,535,1,1.08811,1.08784,1.08865,2.6999999999999247,0,False,-1.0,SL,-1.5296296296296443,False
2023-01-26,500,1,1.09119,1.09067,1.0922300000000003,5.20000000000076,1,False,2.0,TP,1.72500000000004,False
2023-01-27,565,1,1.08699,1.08654,1.0878899999999996,4.499999999998394,0,False,2.0,TP,1.6822222222221088,False
2023-01-30,480,1,1.08617,1.0858,1.08691,3.6999999999998145,0,False,2.0,TP,1.6135135135134941,False
2023-01-30,550,-1,1.08788,1.08825,1.08714,3.6999999999998145,0,True,-1.0,SL,-1.3864864864865059,False
2023-02-02,685,1,1.09878,1.09863,1.0990800000000003,1.500000000000945,0,False,-1.0,SL,-1.9533333333327327,False
2023-02-03,520,1,1.08921,1.0885,1.09063,7.099999999999884,1,False,-1.0,SL,-1.2014084507042286,False
2023-02-03,620,-1,1.091,1.09122,1.0905599999999998,2.20000000000109,0,True,-1.0,SL,-1.649999999999678,False
2023-02-10,505,-1,1.07338,1.07426,1.07162,8.799999999999919,0,True,-1.0,SL,-1.1625000000000014,False
2023-02-10,530,-1,1.074,1.07429,1.0734200000000003,2.8999999999990145,1,True,-1.0,SL,-1.4931034482760297,False
2023-02-10,620,1,1.07197,1.07129,1.0733300000000001,6.800000000000139,0,False,-1.0,SL,-1.2102941176470545,False
2023-02-14,490,-1,1.07375,1.07453,1.07219,7.800000000000029,1,True,-1.0,SL,-1.1833333333333327,False
2023-02-15,485,1,1.07092,1.06997,1.07282,9.500000000000064,0,False,2.0,TP,1.8494736842105273,False
2023-02-16,560,-1,1.07138,1.07183,1.0704799999999999,4.500000000000615,0,True,-1.0,SL,-1.3177777777777344,False
2023-02-17,485,1,1.06336,1.06292,1.06424,4.3999999999999595,0,False,2.0,TP,1.6749999999999972,False
2023-02-17,500,1,1.06339,1.06314,1.0638900000000002,2.500000000000835,1,False,2.0,TP,1.428000000000191,False
2023-02-20,490,-1,1.0692,1.06941,1.0687799999999998,2.100000000000435,0,True,-1.0,SL,-1.68095238095224,False
2023-02-20,495,-1,1.0693,1.06943,1.0690399999999995,1.3000000000018552,1,True,-1.0,SL,-2.0999999999984302,False
2023-02-21,560,-1,1.06791,1.06883,1.0660699999999999,9.200000000000319,0,True,2.0,TP,1.8445652173913096,False
2023-02-22,545,1,1.0655,1.06467,1.0671599999999997,8.299999999998864,0,False,-1.0,SL,-1.1722891566265297,False
2023-02-23,600,1,1.06057,1.06029,1.0611300000000001,2.80000000000058,0,False,-1.0,SL,-1.51071428571418,False
2023-02-24,485,1,1.05941,1.05922,1.0597899999999998,1.8999999999991246,0,False,-1.0,SL,-1.7526315789477152,False
2023-02-27,585,-1,1.0558,1.05611,1.05518,3.1000000000003247,0,True,2.0,TP,1.5387096774194031,False
2023-02-27,595,-1,1.05588,1.056,1.0556399999999997,1.2000000000012,1,True,-1.0,SL,-2.191666666665475,False
2023-02-28,590,-1,1.06136,1.06149,1.0611000000000002,1.2999999999996348,0,True,-1.0,SL,-2.1000000000003087,False
2023-03-02,510,1,1.06366,1.06324,1.0645000000000002,4.20000000000087,0,False,-1.0,SL,-1.34047619047612,False
2023-03-02,520,1,1.0637,1.06345,1.0642000000000003,2.500000000000835,1,False,-1.0,SL,-1.571999999999809,False
2023-03-06,505,-1,1.0649,1.06525,1.0641999999999998,3.5000000000007248,0,True,-1.0,SL,-1.408571428571344,False
2023-03-07,490,1,1.06774,1.06744,1.0683399999999998,2.9999999999996696,1,False,2.0,TP,1.5233333333332808,False
2023-03-07,525,-1,1.06881,1.06937,1.0676900000000002,5.599999999998939,1,True,2.0,TP,1.7446428571428088,False
2023-03-09,490,-1,1.05537,1.05554,1.05503,1.7000000000000348,0,True,-1.0,SL,-1.841176470588218,False
2023-03-09,495,-1,1.05537,1.05553,1.0550499999999996,1.6000000000016001,1,True,-1.0,SL,-1.893749999999106,False
2023-03-10,520,-1,1.05982,1.05999,1.05948,1.7000000000000348,1,True,-1.0,SL,-1.841176470588218,False
2023-03-10,560,1,1.05795,1.0578,1.0582499999999997,1.4999999999987246,0,False,-1.0,SL,-1.953333333334144,False
2023-03-13,575,1,1.06733,1.06623,1.0695299999999996,10.999999999998789,0,False,-1.0,SL,-1.1300000000000143,False
2023-03-13,630,1,1.06648,1.06602,1.0674000000000003,4.60000000000127,1,False,-1.0,SL,-1.3108695652173055,False
2023-03-16,480,-1,1.06247,1.0628,1.0618100000000001,3.2999999999994145,0,True,-1.0,SL,-1.4333333333334102,False
2023-03-17,495,-1,1.06603,1.06699,1.06411,9.600000000000719,0,True,2.0,TP,1.8510416666666778,False
2023-03-20,520,1,1.06432,1.06372,1.0655199999999998,5.999999999999339,1,False,2.0,TP,1.7616666666666405,False
2023-03-20,620,-1,1.06872,1.06908,1.0679999999999996,3.60000000000138,0,True,-1.0,SL,-1.3972222222220698,False
2023-03-20,635,-1,1.06897,1.06942,1.0680699999999999,4.500000000000615,1,True,-1.0,SL,-1.3177777777777344,False
2023-03-21,485,-1,1.07251,1.07263,1.0722700000000003,1.1999999999989797,0,True,-1.0,SL,-2.19166666666768,False
2023-03-22,490,-1,1.0774,1.07792,1.0763599999999998,5.20000000000076,0,True,-1.0,SL,-1.27499999999996,False
2023-03-27,550,-1,1.07771,1.07821,1.07671,4.999999999999449,0,True,2.0,TP,1.7139999999999684,False
2023-03-28,550,-1,1.08183,1.08197,1.08155,1.40000000000029,0,True,-1.0,SL,-2.02142857142836,False
2023-03-28,555,-1,1.08157,1.08199,1.0807299999999997,4.20000000000087,1,True,-1.0,SL,-1.34047619047612,False
2023-03-30,480,-1,1.08414,1.08465,1.0831200000000005,5.099999999997884,0,True,-1.0,SL,-1.2803921568628613,False
2023-03-30,540,-1,1.08463,1.08504,1.08381,4.100000000000215,1,True,2.0,TP,1.6512195121951403,False
2023-03-30,550,1,1.08282,1.08235,1.0837599999999998,4.699999999999704,0,False,2.0,TP,1.6957446808510448,False
2023-04-03,550,-1,1.08221,1.08235,1.0819299999999998,1.40000000000029,0,True,-1.0,SL,-2.02142857142836,False
2023-04-04,545,-1,1.09076,1.09128,1.0897199999999998,5.20000000000076,0,True,-1.0,SL,-1.27499999999996,False
2023-04-04,550,-1,1.09094,1.09114,1.09054,1.9999999999997797,1,True,-1.0,SL,-1.7150000000000787,False
2023-04-05,490,1,1.09546,1.09496,1.0964600000000004,5.00000000000167,0,False,-1.0,SL,-1.2859999999999046,False
2023-04-05,500,1,1.09575,1.09512,1.0970099999999998,6.299999999999084,1,False,-1.0,SL,-1.22698412698416,False
2023-04-10,605,-1,1.09119,1.09171,1.0901500000000004,5.199999999998539,1,True,-0.75,cierre,-1.0250000000000772,False
2023-04-12,485,-1,1.09326,1.09373,1.0923199999999995,4.700000000001925,1,True,2.0,TP,1.6957446808511885,False
2023-04-13,495,1,1.09847,1.09827,1.09887,1.9999999999997797,1,False,2.0,TP,1.2849999999999213,False
2023-04-14,485,-1,1.10696,1.10758,1.1057199999999998,6.200000000000649,0,True,2.0,TP,1.7693548387097016,False
2023-04-18,480,-1,1.09421,1.09437,1.0938899999999996,1.6000000000016001,0,True,-1.0,SL,-1.893749999999106,False
2023-04-18,485,-1,1.09408,1.09449,1.09326,4.100000000000215,1,True,-1.0,SL,-1.3487804878048597,False
2023-04-20,480,-1,1.09618,1.0964,1.0957399999999997,2.20000000000109,0,True,-1.0,SL,-1.649999999999678,False
2023-04-21,600,1,1.09561,1.0953,1.09623,3.1000000000003247,1,False,2.0,TP,1.5387096774194031,False
2023-04-24,545,1,1.09752,1.09724,1.0980800000000002,2.80000000000058,0,False,-1.0,SL,-1.51071428571418,False
2023-04-24,550,1,1.09743,1.09713,1.0980299999999998,2.9999999999996696,1,False,-1.0,SL,-1.4766666666667192,False
2023-04-24,650,-1,1.09936,1.0995,1.0990799999999998,1.40000000000029,0,True,-1.0,SL,-2.02142857142836,False
2023-04-26,495,-1,1.09889,1.09907,1.0985299999999998,1.80000000000069,0,True,-1.0,SL,-1.7944444444441399,True
2023-04-26,500,-1,1.09896,1.09915,1.0985799999999997,1.900000000001345,1,True,-1.0,SL,-1.7526315789468356,True
2023-05-01,525,1,1.10015,1.09947,1.10151,6.800000000000139,1,False,-1.0,SL,-1.2102941176470545,False
2023-05-02,540,-1,1.09914,1.09946,1.0984999999999998,3.20000000000098,0,True,-1.0,SL,-1.4468749999998631,False
2023-05-02,605,1,1.09726,1.0968,1.0981799999999997,4.599999999999049,0,False,-1.0,SL,-1.3108695652174556,False
2023-05-03,535,-1,1.1028,1.1031,1.1022,2.9999999999996696,0,True,-1.0,SL,-1.4766666666667192,False
2023-05-04,500,-1,1.10859,1.10917,1.10743,5.800000000000249,1,True,2.0,TP,1.7534482758620795,False
2023-05-05,535,-1,1.10438,1.10468,1.1037799999999995,3.00000000000189,0,True,-1.0,SL,-1.4766666666663664,False
2023-05-05,540,-1,1.10452,1.10467,1.1042199999999998,1.500000000000945,1,True,-1.0,SL,-1.9533333333327327,False
2023-05-10,550,-1,1.09761,1.09812,1.09659,5.1000000000001044,1,True,-1.0,SL,-1.2803921568627392,False
2023-05-10,610,1,1.09574,1.09502,1.0971799999999996,7.199999999998319,1,False,-1.0,SL,-1.1986111111111575,False
2023-05-12,525,-1,1.09295,1.0931,1.0926500000000003,1.4999999999987246,1,True,-1.0,SL,-1.953333333334144,False
2023-05-15,480,-1,1.08675,1.08692,1.08641,1.7000000000000348,0,True,-1.0,SL,-1.841176470588218,False
2023-05-15,490,-1,1.08682,1.08693,1.0865999999999998,1.100000000000545,1,True,-1.0,SL,-2.299999999999356,False
2023-05-16,490,1,1.08694,1.08662,1.0875800000000002,3.20000000000098,1,False,-1.0,SL,-1.4468749999998631,False
2023-05-16,585,-1,1.08841,1.08869,1.0878500000000004,2.7999999999983594,1,True,-1.0,SL,-1.510714285714585,False
2023-05-18,500,1,1.0828,1.08259,1.08322,2.100000000000435,1,False,2.0,TP,1.31904761904776,False
2023-05-23,575,1,1.08012,1.07852,1.08332,16.00000000000046,1,False,-0.6874999999999046,cierre,-0.7768749999999021,False
2023-05-24,480,-1,1.07835,1.07861,1.0778299999999996,2.60000000000149,0,True,-1.0,SL,-1.5499999999996847,False
2023-05-24,485,-1,1.07853,1.07878,1.0780299999999998,2.500000000000835,1,True,-1.0,SL,-1.571999999999809,False
2023-05-26,565,-1,1.07411,1.07437,1.0735899999999996,2.60000000000149,0,True,2.0,TP,1.4500000000003153,True
2023-05-26,595,-1,1.07416,1.07444,1.0735999999999999,2.80000000000058,1,True,2.0,TP,1.48928571428582,True
2023-05-29,480,-1,1.07362,1.07384,1.0731800000000002,2.1999999999988695,0,True,-1.0,SL,-1.6500000000003339,False
2023-05-29,610,1,1.07188,1.07153,1.0725799999999996,3.4999999999985043,0,False,2.0,TP,1.5914285714283969,False
2023-05-30,585,1,1.06829,1.06786,1.0691499999999998,4.299999999999304,1,False,2.0,TP,1.6674418604650625,False
2023-05-31,515,1,1.06899,1.06834,1.0702900000000002,6.500000000000394,1,False,-1.0,SL,-1.2199999999999867,False
2023-06-01,480,1,1.06771,1.06759,1.0679499999999997,1.1999999999989797,0,False,-1.0,SL,-2.19166666666768,False
2023-06-01,485,1,1.06763,1.06732,1.0682500000000001,3.1000000000003247,1,False,2.0,TP,1.5387096774194031,False
2023-06-05,535,1,1.06927,1.06891,1.0699899999999998,3.5999999999991594,0,False,-1.0,SL,-1.397222222222315,False
2023-06-06,515,-1,1.07292,1.07328,1.0722000000000003,3.5999999999991594,0,True,2.0,TP,1.602777777777685,False
2023-06-07,490,1,1.0685,1.06802,1.06946,4.8000000000003595,1,False,-1.0,SL,-1.2979166666666444,False
2023-06-08,525,-1,1.07153,1.07176,1.0710700000000002,2.2999999999995246,0,True,-1.0,SL,-1.6217391304349111,False
2023-06-08,530,-1,1.07168,1.0719,1.0712399999999997,2.20000000000109,1,True,2.0,TP,1.350000000000322,False
2023-06-12,480,-1,1.07491,1.07506,1.0746100000000003,1.4999999999987246,0,True,-1.0,SL,-1.953333333334144,False
2023-06-13,505,-1,1.07951,1.07972,1.0790899999999999,2.100000000000435,0,True,-1.0,SL,-1.68095238095224,False
2023-06-13,515,-1,1.07959,1.07978,1.0792100000000002,1.8999999999991246,1,True,2.0,TP,1.2473684210522848,False
2023-06-14,480,1,1.0776,1.07739,1.0780199999999995,2.0999999999982144,0,False,2.0,TP,1.3190476190470402,False
2023-06-14,575,-1,1.07933,1.07967,1.0786499999999999,3.4000000000000696,0,True,2.0,TP,1.579411764705891,False
2023-06-15,535,1,1.0807,1.08036,1.08138,3.4000000000000696,0,False,2.0,TP,1.579411764705891,False
2023-06-15,680,-1,1.08432,1.08448,1.0839999999999996,1.6000000000016001,0,True,2.0,TP,1.106250000000894,False
2023-06-16,525,-1,1.09482,1.09572,1.0930199999999997,9.00000000000123,1,True,0.21111111111098502,cierre,0.05222222222211784,False
2023-06-16,565,1,1.0936,1.09339,1.0940199999999995,2.0999999999982144,0,False,2.0,TP,1.3190476190470402,False
2023-06-19,505,1,1.09326,1.09306,1.0936599999999999,1.9999999999997797,0,False,-1.0,SL,-1.7150000000000787,True
2023-06-20,485,-1,1.09251,1.09272,1.0920900000000004,2.0999999999982144,1,True,2.0,TP,1.3190476190470402,False
2023-06-21,610,-1,1.09214,1.09241,1.0916000000000001,2.6999999999999247,0,True,-1.0,SL,-1.5296296296296443,False
2023-06-22,495,1,1.09845,1.09832,1.0987099999999999,1.2999999999996348,0,False,-1.0,SL,-2.1000000000003087,False
2023-06-22,500,1,1.09851,1.09831,1.0989100000000005,2.000000000002,1,False,-1.0,SL,-1.7149999999992849,False
2023-06-23,485,1,1.09286,1.09271,1.0931599999999997,1.4999999999987246,0,False,2.0,TP,1.046666666665856,False
2023-06-26,495,-1,1.09074,1.09109,1.0900400000000003,3.4999999999985043,0,True,2.0,TP,1.5914285714283969,False
2023-06-26,525,1,1.09005,1.08977,1.09061,2.80000000000058,1,False,2.0,TP,1.48928571428582,False
2023-06-30,495,1,1.0864,1.08599,1.08722,4.100000000000215,0,False,-1.0,SL,-1.3487804878048597,False
2023-07-04,660,1,1.08954,1.08921,1.0901999999999998,3.2999999999994145,0,False,2.0,TP,1.5666666666665898,False
2023-07-05,590,-1,1.08888,1.08966,1.08732,7.800000000000029,1,True,2.0,TP,1.8166666666666673,False
2023-07-05,610,1,1.08725,1.08662,1.0885100000000003,6.300000000001305,0,False,2.0,TP,1.77301587301592,False
2023-07-07,500,-1,1.08938,1.08977,1.0886000000000002,3.8999999999989043,1,True,2.0,TP,1.6333333333332303,False
2023-07-07,535,1,1.08832,1.08812,1.08872,1.9999999999997797,0,False,-1.0,SL,-1.7150000000000787,False
2023-07-10,485,1,1.095,1.09455,1.0959,4.500000000000615,1,False,-1.0,SL,-1.3177777777777344,False
2023-07-13,480,1,1.11309,1.11298,1.1133099999999996,1.0999999999983245,0,False,2.0,TP,0.69999999999802,False
2023-07-13,540,-1,1.11483,1.115,1.11449,1.7000000000000348,0,True,-1.0,SL,-1.841176470588218,False
2023-07-14,675,-1,1.12428,1.12448,1.12388,1.9999999999997797,0,True,2.0,TP,1.2849999999999213,False
2023-07-14,680,-1,1.1242,1.12437,1.12386,1.7000000000000348,1,True,2.0,TP,1.158823529411782,False
2023-07-17,480,-1,1.12324,1.12345,1.12282,2.100000000000435,0,True,2.0,TP,1.31904761904776,False
2023-07-18,580,-1,1.12634,1.12756,1.1239,12.199999999999989,1,True,2.0,TP,1.8827868852459015,False
2023-07-18,660,1,1.1237,1.12317,1.1247599999999998,5.299999999999194,1,False,1.3773584905664724,cierre,1.1075471698117143,False
2023-07-19,485,-1,1.12221,1.12356,1.11951,13.499999999999623,1,True,-1.0,SL,-1.1059259259259289,False
2023-07-21,575,1,1.11306,1.11295,1.1132799999999996,1.0999999999983245,0,False,-1.0,SL,-2.30000000000198,False
2023-07-21,580,1,1.11337,1.11256,1.11499,8.099999999999774,1,False,-1.0,SL,-1.176543209876548,False
2023-07-24,560,-1,1.11288,1.11447,1.1097000000000001,15.899999999999803,1,True,2.0,TP,1.9100628930817598,False
2023-07-27,570,-1,1.11168,1.11179,1.11146,1.100000000000545,0,True,-1.0,SL,-2.299999999999356,False
2023-07-28,530,-1,1.098,1.09911,1.0957800000000002,11.099999999999444,0,True,2.0,TP,1.8711711711711647,False
2023-07-28,600,1,1.09515,1.09435,1.0967500000000003,8.00000000000134,0,False,2.0,TP,1.82125000000003,False
2023-07-28,610,1,1.0954,1.09477,1.0966599999999997,6.299999999999084,1,False,2.0,TP,1.77301587301584,False
2023-07-31,580,-1,1.10223,1.10282,1.1010500000000003,5.899999999998684,1,True,-1.0,SL,-1.2423728813559862,False
2023-08-02,615,1,1.09833,1.09768,1.09963,6.500000000000394,1,False,-0.4923076923078132,cierre,-0.7123076923077998,False
2023-08-03,550,1,1.09208,1.09162,1.0929999999999997,4.599999999999049,1,False,-1.0,SL,-1.3108695652174556,False
2023-08-04,545,1,1.09487,1.09446,1.09569,4.100000000000215,1,False,-1.0,SL,-1.3487804878048597,False
2023-08-08,575,1,1.0978,1.0974,1.0986000000000005,4.00000000000178,0,False,-1.0,SL,-1.357499999999841,False
2023-08-08,580,1,1.09775,1.09736,1.0985300000000002,3.900000000001125,1,False,2.0,TP,1.633333333333439,False
2023-08-09,490,-1,1.09754,1.09792,1.0967799999999999,3.8000000000004697,0,True,-1.0,SL,-1.3763157894736378,True
2023-08-09,520,-1,1.0978,1.09796,1.0974800000000002,1.5999999999993797,1,True,2.0,TP,1.1062499999996536,True
2023-08-11,500,-1,1.09966,1.09984,1.0993000000000004,1.7999999999984695,0,True,-1.0,SL,-1.7944444444451197,False
2023-08-14,485,1,1.09296,1.09269,1.0935,2.6999999999999247,0,False,-1.0,SL,-1.5296296296296443,False
2023-08-14,490,1,1.09299,1.09274,1.0934899999999996,2.4999999999986144,1,False,-1.0,SL,-1.5720000000003171,False
2023-08-15,485,-1,1.09174,1.09189,1.0914399999999997,1.500000000000945,0,True,2.0,TP,1.0466666666672673,False
2023-08-15,490,-1,1.09148,1.09185,1.09074,3.6999999999998145,1,True,-1.0,SL,-1.3864864864865059,False
2023-08-16,485,-1,1.0915,1.09193,1.0906399999999996,4.300000000001525,0,True,-1.0,SL,-1.3325581395347657,False
2023-08-16,500,-1,1.09171,1.09188,1.09137,1.7000000000000348,1,True,-1.0,SL,-1.841176470588218,False
2023-08-18,550,1,1.08689,1.08644,1.0877899999999996,4.499999999998394,1,False,2.0,TP,1.6822222222221088,False
2023-08-21,565,-1,1.08852,1.08885,1.0878599999999996,3.300000000001635,1,True,-1.0,SL,-1.4333333333331186,False
2023-08-22,515,-1,1.09164,1.092,1.0909199999999997,3.60000000000138,1,True,-1.0,SL,-1.3972222222220698,False
2023-08-23,540,-1,1.08613,1.08646,1.0854700000000002,3.2999999999994145,1,True,-1.0,SL,-1.4333333333334102,False
2023-08-25,615,1,1.07778,1.07743,1.0784799999999997,3.4999999999985043,1,False,2.0,TP,1.5914285714283969,False
2023-08-30,605,1,1.08583,1.08551,1.0864700000000003,3.20000000000098,0,False,2.0,TP,1.5531250000001369,False
2023-09-04,490,-1,1.07872,1.07909,1.0779799999999995,3.700000000002035,0,True,-1.0,SL,-1.386486486486274,False
2023-09-05,490,1,1.07828,1.07805,1.0787399999999998,2.2999999999995246,0,False,-1.0,SL,-1.6217391304349111,False
2023-09-06,510,-1,1.07381,1.07394,1.07355,1.2999999999996348,1,True,2.0,TP,0.899999999999691,False
2023-09-07,520,1,1.07189,1.0715,1.0726700000000002,3.900000000001125,0,False,-1.0,SL,-1.366666666666561,False
2023-09-07,540,1,1.07165,1.07148,1.07199,1.7000000000000348,1,False,-1.0,SL,-1.841176470588218,False
2023-09-08,480,-1,1.07239,1.07261,1.0719499999999997,2.20000000000109,0,True,-1.0,SL,-1.649999999999678,True
2023-09-08,495,-1,1.07259,1.07279,1.07219,1.9999999999997797,1,True,2.0,TP,1.2849999999999213,True
2023-09-12,520,1,1.07376,1.07337,1.0745400000000003,3.900000000001125,1,False,-1.0,SL,-1.366666666666561,False
2023-09-15,485,-1,1.06545,1.06568,1.06499,2.2999999999995246,1,True,-1.0,SL,-1.6217391304349111,False
2023-09-18,545,1,1.06626,1.0658,1.0671799999999998,4.599999999999049,1,False,-1.0,SL,-1.3108695652174556,False
2023-09-19,540,1,1.06785,1.06762,1.0683099999999999,2.2999999999995246,0,False,2.0,TP,1.3782608695650889,False
2023-09-19,560,1,1.06788,1.0675,1.06864,3.8000000000004697,1,False,2.0,TP,1.6236842105263622,False
2023-09-20,485,1,1.06821,1.06729,1.0700500000000002,9.200000000000319,0,False,1.3152173913042298,cierre,1.1597826086955396,True
2023-09-21,675,-1,1.06623,1.06645,1.0657900000000002,2.1999999999988695,0,True,2.0,TP,1.3499999999996661,False
2023-09-21,680,-1,1.06594,1.06643,1.0649600000000004,4.899999999998794,1,True,0.16326530612265244,cierre,-0.1285714285712969,False
2023-09-22,560,-1,1.06265,1.06647,1.0550100000000002,38.19999999999934,1,True,-0.24607329842930814,cierre,-0.2835078534031308,False
2023-09-22,575,1,1.06473,1.06228,1.06963,24.500000000000632,1,False,-0.46530612244893443,cierre,-0.5236734693877084,False
2023-09-25,480,1,1.06439,1.06421,1.0647499999999996,1.7999999999984695,0,False,2.0,TP,1.2055555555548803,False
2023-09-26,520,1,1.0579,1.05777,1.05816,1.2999999999996348,0,False,-1.0,SL,-2.1000000000003087,False
2023-09-27,575,-1,1.05706,1.0574,1.0563800000000005,3.399999999997849,0,True,2.0,TP,1.5794117647056163,False
2023-09-28,565,-1,1.05143,1.05161,1.0510700000000004,1.7999999999984695,1,True,2.0,TP,1.2055555555548803,False
2023-10-02,675,1,1.05587,1.05546,1.0566900000000001,4.100000000000215,1,False,-1.0,SL,-1.3487804878048597,False
2023-10-03,590,-1,1.04807,1.04831,1.04759,2.4000000000001798,0,True,-1.0,SL,-1.5958333333332888,False
2023-10-04,515,1,1.04575,1.04543,1.0463899999999997,3.1999999999987594,1,False,-1.0,SL,-1.446875000000173,False
2023-10-04,580,-1,1.04739,1.04773,1.04671,3.4000000000000696,0,True,-1.0,SL,-1.420588235294109,False
2023-10-05,570,1,1.05057,1.05014,1.0514299999999999,4.299999999999304,0,False,2.0,TP,1.6674418604650625,False
2023-10-06,480,1,1.0535,1.05334,1.0538200000000004,1.6000000000016001,0,False,2.0,TP,1.106250000000894,False
2023-10-06,600,-1,1.05497,1.0551,1.05471,1.2999999999996348,0,True,-1.0,SL,-2.1000000000003087,False
2023-10-06,605,-1,1.05483,1.05522,1.0540499999999997,3.900000000001125,1,True,-1.0,SL,-1.366666666666561,False
2023-10-10,495,1,1.05596,1.05577,1.0563399999999998,1.8999999999991246,0,False,-1.0,SL,-1.7526315789477152,False
2023-10-10,615,-1,1.0582,1.05858,1.05744,3.8000000000004697,0,True,-1.0,SL,-1.3763157894736378,False
2023-10-10,620,-1,1.05761,1.05859,1.05565,9.799999999999809,1,True,-1.0,SL,-1.1459183673469415,False
2023-10-11,485,1,1.06013,1.05991,1.0605700000000002,2.20000000000109,1,False,2.0,TP,1.350000000000322,False
2023-10-11,530,-1,1.06125,1.06145,1.06085,1.9999999999997797,0,True,2.0,TP,1.2849999999999213,False
2023-10-11,540,-1,1.06102,1.06143,1.0602,4.100000000000215,1,True,-1.0,SL,-1.3487804878048597,False
2023-10-13,585,-1,1.05505,1.05519,1.05477,1.40000000000029,1,True,-1.0,SL,-2.02142857142836,False
2023-10-16,485,-1,1.05293,1.05319,1.0524099999999996,2.60000000000149,1,True,-1.0,SL,-1.5499999999996847,False
2023-10-18,485,-1,1.05843,1.05858,1.0581299999999998,1.500000000000945,0,True,-1.0,SL,-1.9533333333327327,False
2023-10-20,505,1,1.05685,1.05651,1.05753,3.4000000000000696,1,False,-1.0,SL,-1.420588235294109,False
2023-10-20,635,-1,1.05846,1.05873,1.05792,2.6999999999999247,1,True,-1.0,SL,-1.5296296296296443,False
2023-10-23,595,-1,1.05929,1.05953,1.05881,2.4000000000001798,0,True,-1.0,SL,-1.5958333333332888,False
2023-10-24,575,1,1.06679,1.06601,1.06835,7.800000000000029,0,False,-1.0,SL,-1.1833333333333327,False
2023-10-26,480,1,1.05427,1.05413,1.05455,1.40000000000029,0,False,-1.0,SL,-2.02142857142836,False
2023-10-27,545,1,1.05578,1.0552,1.05694,5.800000000000249,0,False,1.1379310344828906,cierre,0.8913793103449701,False
2023-10-27,590,1,1.05558,1.05523,1.05628,3.5000000000007248,1,False,2.0,TP,1.591428571428656,False
2023-10-31,480,-1,1.06212,1.06258,1.0611999999999997,4.60000000000127,0,True,-1.0,SL,-1.3108695652173055,False
2023-11-01,480,1,1.05646,1.0559,1.0575799999999997,5.599999999998939,0,False,-1.0,SL,-1.2553571428571912,False
2023-11-02,560,-1,1.0609,1.0612,1.0603,2.9999999999996696,0,True,-1.0,SL,-1.4766666666667192,False
2023-11-03,565,-1,1.06326,1.06365,1.0624800000000003,3.8999999999989043,1,True,-1.0,SL,-1.3666666666667697,False
2023-11-08,485,1,1.0684,1.06805,1.0691000000000002,3.5000000000007248,1,False,-1.0,SL,-1.408571428571344,False
2023-11-09,580,1,1.07042,1.06983,1.0715999999999997,5.899999999998684,1,False,-1.0,SL,-1.2423728813559862,True
2023-11-13,480,-1,1.069,1.06922,1.0685599999999997,2.20000000000109,0,True,-1.0,SL,-1.649999999999678,False
2023-11-15,505,1,1.08667,1.08647,1.08707,1.9999999999997797,1,False,2.0,TP,1.2849999999999213,False
2023-11-16,610,-1,1.08546,1.08578,1.0848200000000003,3.1999999999987594,1,True,-1.0,SL,-1.446875000000173,False
2023-11-17,600,1,1.08482,1.08422,1.0860199999999998,5.999999999999339,1,False,2.0,TP,1.7616666666666405,False
2023-11-17,620,-1,1.08501,1.08571,1.0836100000000002,6.999999999999229,0,True,-1.0,SL,-1.2042857142857368,False
2023-11-22,610,1,1.08978,1.08894,1.0914599999999999,8.399999999999519,1,False,0.04761904761909797,cierre,-0.12261904761900702,False
2023-11-23,590,-1,1.09169,1.09219,1.0906900000000002,4.999999999999449,1,True,-1.0,SL,-1.2860000000000316,False
2023-11-24,550,-1,1.09093,1.09137,1.09005,4.3999999999999595,1,True,-1.0,SL,-1.3250000000000028,False
2023-11-28,485,1,1.09463,1.09452,1.09485,1.100000000000545,1,False,-1.0,SL,-2.299999999999356,False
2023-11-29,555,1,1.09942,1.099,1.1002600000000002,4.20000000000087,1,False,-1.0,SL,-1.34047619047612,False
2023-12-01,580,1,1.08961,1.08873,1.09137,8.799999999999919,1,False,0.3295454545455979,cierre,0.16704545454559644,False
2023-12-04,490,1,1.08676,1.0866,1.0870799999999998,1.5999999999993797,1,False,-1.0,SL,-1.8937500000003464,False
2023-12-05,480,1,1.0834,1.08316,1.08388,2.4000000000001798,0,False,-1.0,SL,-1.5958333333332888,False
2023-12-07,485,1,1.07619,1.07552,1.0775299999999999,6.699999999999484,0,False,2.0,TP,1.7865671641790881,False
2023-12-08,485,1,1.07794,1.07781,1.0781999999999998,1.2999999999996348,1,False,-1.0,SL,-2.1000000000003087,False
2023-12-11,520,1,1.07614,1.07599,1.0764400000000003,1.500000000000945,0,False,-1.0,SL,-1.9533333333327327,False
2023-12-11,525,1,1.07624,1.07587,1.07698,3.6999999999998145,1,False,-1.0,SL,-1.3864864864865059,False
2023-12-11,685,-1,1.07731,1.07775,1.07643,4.3999999999999595,1,True,-0.09090909090918266,cierre,-0.4159090909091856,False
2023-12-13,485,1,1.07816,1.07801,1.0784600000000002,1.500000000000945,0,False,2.0,TP,1.0466666666672673,False
2023-12-18,505,-1,1.09176,1.09223,1.0908200000000001,4.699999999999704,1,True,-1.0,SL,-1.3042553191489552,False
2023-12-19,540,-1,1.09283,1.0932,1.09209,3.6999999999998145,1,True,-1.0,SL,-1.3864864864865059,True
2023-12-21,595,1,1.09427,1.094,1.09481,2.6999999999999247,0,False,-1.0,SL,-1.5296296296296443,False
2023-12-22,485,1,1.09988,1.09938,1.1008799999999999,4.999999999999449,1,False,2.0,TP,1.7139999999999684,False
2023-12-22,605,-1,1.10113,1.10131,1.1007699999999998,1.80000000000069,0,True,-1.0,SL,-1.7944444444441399,False
2023-12-22,610,-1,1.101,1.10134,1.10032,3.4000000000000696,1,True,2.0,TP,1.579411764705891,False
2023-12-28,505,-1,1.11182,1.11224,1.1109800000000003,4.199999999998649,0,True,-1.0,SL,-1.3404761904762998,False
2024-01-02,545,1,1.10269,1.10156,1.1049499999999997,11.299999999998533,1,False,-1.0,SL,-1.126548672566388,False
2024-01-03,515,-1,1.09602,1.09627,1.0955199999999998,2.500000000000835,0,True,-1.0,SL,-1.571999999999809,False
2024-01-03,545,-1,1.09607,1.09637,1.0954700000000002,2.9999999999996696,1,True,-1.0,SL,-1.4766666666667192,False
2024-01-03,620,1,1.09406,1.0936,1.0949800000000003,4.60000000000127,0,False,-1.0,SL,-1.3108695652173055,False
2024-01-03,625,1,1.09416,1.0939,1.0946799999999999,2.5999999999992696,1,False,-1.0,SL,-1.5500000000001544,False
2024-01-05,530,1,1.09257,1.09231,1.0930900000000003,2.60000000000149,1,False,-1.0,SL,-1.5499999999996847,False
2024-01-08,555,1,1.09322,1.09299,1.0936800000000004,2.300000000001745,0,False,-1.0,SL,-1.6217391304343107,False
2024-01-08,570,1,1.09322,1.09293,1.0938000000000003,2.900000000001235,1,False,2.0,TP,1.506896551724348,False
2024-01-09,485,1,1.09491,1.09461,1.09551,2.9999999999996696,0,False,2.0,TP,1.5233333333332808,False
2024-01-10,480,1,1.09246,1.09235,1.09268,1.100000000000545,0,False,2.0,TP,0.7000000000006441,False
2024-01-10,540,-1,1.0926,1.09377,1.0902600000000002,11.699999999998933,1,True,-1.0,SL,-1.1222222222222333,False
2024-01-10,545,1,1.09292,1.09228,1.0941999999999998,6.399999999999739,1,False,2.0,TP,1.776562499999991,False
2024-01-18,560,1,1.0881,1.08786,1.08858,2.4000000000001798,1,False,2.0,TP,1.4041666666667112,False
2024-01-26,655,-1,1.08455,1.08505,1.0835499999999996,5.00000000000167,1,True,-1.0,SL,-1.2859999999999046,False
2024-01-29,520,-1,1.08483,1.085,1.08449,1.7000000000000348,1,True,2.0,TP,1.158823529411782,False
2024-01-30,480,1,1.0815,1.08139,1.0817199999999996,1.0999999999983245,0,False,-1.0,SL,-2.30000000000198,False
2024-01-31,485,1,1.08163,1.08149,1.0819100000000001,1.40000000000029,1,False,2.0,TP,0.97857142857164,False
2024-02-01,480,1,1.0796,1.07938,1.0800399999999997,2.1999999999988695,0,False,-1.0,SL,-1.6500000000003339,False
2024-02-01,485,1,1.07954,1.07933,1.07996,2.100000000000435,1,False,-1.0,SL,-1.68095238095224,False
2024-02-05,555,-1,1.07844,1.07861,1.0781,1.7000000000000348,1,True,2.0,TP,1.158823529411782,False
2024-02-05,590,1,1.07693,1.07663,1.0775299999999999,2.9999999999996696,0,False,-1.0,SL,-1.4766666666667192,False
2024-02-06,635,1,1.0744,1.07384,1.0755200000000003,5.60000000000116,1,False,-1.0,SL,-1.25535714285709,False
2024-02-07,490,-1,1.07654,1.07674,1.07614,1.9999999999997797,0,True,-1.0,SL,-1.7150000000000787,False
2024-02-08,505,-1,1.07856,1.07889,1.0779,3.2999999999994145,0,True,2.0,TP,1.5666666666665898,False
2024-02-08,580,1,1.07718,1.07684,1.07786,3.4000000000000696,0,False,2.0,TP,1.579411764705891,False
2024-02-12,545,-1,1.07982,1.0803,1.07886,4.8000000000003595,1,True,2.0,TP,1.7020833333333556,True
2024-02-13,485,-1,1.07736,1.07747,1.0771400000000004,1.0999999999983245,0,True,-1.0,SL,-2.30000000000198,False
2024-02-13,615,1,1.07613,1.07567,1.0770500000000003,4.60000000000127,1,False,2.0,TP,1.6891304347826945,False
2024-02-14,550,1,1.07037,1.06993,1.07125,4.3999999999999595,1,False,-1.0,SL,-1.3250000000000028,False
2024-02-19,635,1,1.0775,1.07723,1.0780399999999999,2.6999999999999247,1,False,-1.0,SL,-1.5296296296296443,False
2024-02-20,615,-1,1.07791,1.07802,1.0776899999999998,1.100000000000545,0,True,-1.0,SL,-2.299999999999356,False
2024-02-23,540,-1,1.08294,1.08318,1.08246,2.4000000000001798,0,True,-1.0,SL,-1.5958333333332888,False
2024-02-23,650,1,1.08185,1.08144,1.08267,4.100000000000215,0,False,-1.0,SL,-1.3487804878048597,False
2024-02-27,680,1,1.08468,1.08433,1.0853800000000002,3.5000000000007248,1,False,-0.34285714285741475,cierre,-0.7514285714287587,False
2024-02-28,485,1,1.08239,1.08213,1.0829099999999998,2.5999999999992696,1,False,-1.0,SL,-1.5500000000001544,False
2024-02-29,535,1,1.08297,1.08275,1.0834099999999998,2.1999999999988695,0,False,-1.0,SL,-1.6500000000003339,False
2024-02-29,540,1,1.08288,1.08259,1.0834600000000003,2.900000000001235,1,False,2.0,TP,1.506896551724348,False
2024-02-29,545,-1,1.08383,1.08418,1.0831300000000004,3.4999999999985043,0,True,-1.0,SL,-1.4085714285716031,False
2024-03-01,665,-1,1.08159,1.08227,1.08023,6.800000000000139,0,True,2.0,TP,1.7897058823529455,False
2024-03-04,500,-1,1.08478,1.08518,1.0839800000000002,3.9999999999995595,1,True,-1.0,SL,-1.3575000000000395,False
2024-03-04,575,1,1.08394,1.08379,1.0842399999999996,1.4999999999987246,0,False,-1.0,SL,-1.953333333334144,False
2024-03-04,580,1,1.0842,1.08377,1.0850600000000004,4.300000000001525,1,False,2.0,TP,1.6674418604652343,False
2024-03-06,480,-1,1.08594,1.08605,1.0857199999999998,1.100000000000545,0,True,-1.0,SL,-2.299999999999356,False
2024-03-11,505,-1,1.09452,1.0948,1.0939599999999998,2.80000000000058,0,True,2.0,TP,1.48928571428582,True
2024-03-13,495,-1,1.09294,1.0932,1.0924200000000002,2.5999999999992696,0,True,-1.0,SL,-1.5500000000001544,False
2024-03-13,575,1,1.09221,1.09201,1.0926099999999999,1.9999999999997797,1,False,2.0,TP,1.2849999999999213,False
2024-03-15,520,-1,1.08834,1.08869,1.0876400000000004,3.4999999999985043,1,True,-1.0,SL,-1.4085714285716031,False
2024-03-18,495,-1,1.08938,1.08969,1.08876,3.1000000000003247,1,True,-1.0,SL,-1.4612903225805969,False
2024-03-19,480,1,1.08547,1.08516,1.08609,3.1000000000003247,0,False,-1.0,SL,-1.4612903225805969,False
2024-03-19,490,1,1.08535,1.08506,1.0859300000000003,2.900000000001235,1,False,-1.0,SL,-1.493103448275652,False
2024-03-21,490,1,1.0927,1.09256,1.09298,1.40000000000029,0,False,-1.0,SL,-2.02142857142836,False
2024-03-25,505,-1,1.08204,1.08237,1.0813799999999996,3.300000000001635,1,True,2.0,TP,1.5666666666668814,True
2024-03-26,580,-1,1.08527,1.08548,1.0848499999999999,2.100000000000435,1,True,-1.0,SL,-1.68095238095224,False
2024-03-27,580,-1,1.08333,1.08358,1.0828299999999997,2.500000000000835,1,True,2.0,TP,1.428000000000191,False
2024-03-29,685,-1,1.07897,1.07916,1.0785900000000002,1.8999999999991246,0,True,0.5789473684216062,cierre,-0.17368421052610894,False
2024-04-02,485,1,1.07276,1.07249,1.0733,2.6999999999999247,1,False,-1.0,SL,-1.5296296296296443,False
2024-04-03,555,1,1.07666,1.07648,1.0770199999999996,1.7999999999984695,1,False,-1.0,SL,-1.7944444444451197,False
2024-04-05,500,1,1.08245,1.08224,1.0828699999999996,2.0999999999982144,1,False,2.0,TP,1.3190476190470402,False
2024-04-05,635,-1,1.08436,1.08448,1.0841199999999998,1.2000000000012,0,True,-1.0,SL,-2.191666666665475,False
2024-04-08,660,1,1.08234,1.08221,1.0826000000000005,1.3000000000018552,0,False,-1.0,SL,-2.0999999999984302,False
2024-04-08,665,1,1.08243,1.08219,1.08291,2.4000000000001798,1,False,-1.0,SL,-1.5958333333332888,False
2024-04-10,500,1,1.08512,1.08497,1.0854200000000003,1.500000000000945,1,False,-1.0,SL,-1.9533333333327327,False
2024-04-10,665,-1,1.08596,1.08618,1.0855200000000003,2.1999999999988695,1,True,-1.0,SL,-1.6500000000003339,False
2024-04-11,500,1,1.0739,1.07363,1.07444,2.6999999999999247,1,False,-1.0,SL,-1.5296296296296443,False
2024-04-11,615,-1,1.07472,1.07494,1.0742799999999997,2.20000000000109,1,True,-1.0,SL,-1.649999999999678,False
2024-04-15,495,-1,1.06588,1.06604,1.0655599999999996,1.6000000000016001,1,True,-1.0,SL,-1.893749999999106,False
2024-04-16,505,1,1.06087,1.06055,1.0615099999999997,3.1999999999987594,0,False,-1.0,SL,-1.446875000000173,False
2024-04-16,670,-1,1.06276,1.06288,1.0625199999999997,1.2000000000012,0,True,-1.0,SL,-2.191666666665475,False
2024-04-17,480,1,1.06118,1.06097,1.0616,2.100000000000435,0,False,-1.0,SL,-1.68095238095224,False
2024-04-17,540,-1,1.06346,1.06364,1.0631000000000004,1.7999999999984695,1,True,2.0,TP,1.2055555555548803,False
2024-04-22,580,1,1.06538,1.06524,1.06566,1.40000000000029,0,False,2.0,TP,0.97857142857164,False
2024-04-24,510,1,1.07001,1.06979,1.0704499999999997,2.1999999999988695,1,False,-1.0,SL,-1.6500000000003339,False
2024-04-30,675,-1,1.07212,1.07258,1.0711999999999997,4.60000000000127,1,True,-1.0,SL,-1.3108695652173055,True
2024-05-01,490,1,1.06552,1.06538,1.0658,1.40000000000029,1,False,2.0,TP,0.97857142857164,False
2024-05-01,635,-1,1.0669,1.06705,1.0665999999999998,1.500000000000945,0,True,2.0,TP,1.0466666666672673,False
2024-05-02,625,1,1.07081,1.07063,1.0711700000000002,1.80000000000069,0,False,-1.0,SL,-1.7944444444441399,False
2024-05-06,620,-1,1.07712,1.07725,1.0768600000000002,1.2999999999996348,0,True,-1.0,SL,-2.1000000000003087,False
2024-05-07,480,1,1.07583,1.07572,1.0760500000000002,1.100000000000545,0,False,-1.0,SL,-2.299999999999356,False
2024-05-08,570,1,1.07414,1.0738,1.07482,3.4000000000000696,0,False,-1.0,SL,-1.420588235294109,False
2024-05-08,595,1,1.07384,1.07371,1.0740999999999998,1.2999999999996348,1,False,-1.0,SL,-2.1000000000003087,False
2024-05-09,480,1,1.07436,1.07421,1.0746599999999997,1.4999999999987246,0,False,-1.0,SL,-1.953333333334144,False
2024-05-10,530,1,1.07732,1.07715,1.07766,1.7000000000000348,0,False,2.0,TP,1.158823529411782,False
2024-05-10,535,1,1.07758,1.07729,1.0781599999999998,2.8999999999990145,1,False,2.0,TP,1.5068965517239703,False
2024-05-10,625,-1,1.07841,1.07866,1.0779100000000004,2.4999999999986144,1,True,2.0,TP,1.4279999999996829,False
2024-05-14,515,1,1.07852,1.07828,1.079,2.4000000000001798,1,False,-1.0,SL,-1.5958333333332888,False
2024-05-15,480,-1,1.08269,1.0828,1.0824699999999998,1.100000000000545,0,True,-1.0,SL,-2.299999999999356,False
2024-05-20,485,-1,1.0881,1.08829,1.0877200000000002,1.8999999999991246,0,True,-1.0,SL,-1.7526315789477152,False
2024-05-22,545,-1,1.08589,1.08633,1.08501,4.3999999999999595,0,True,2.0,TP,1.6749999999999972,False
2024-05-23,485,1,1.08237,1.08214,1.08283,2.2999999999995246,0,False,2.0,TP,1.3782608695650889,False
2024-05-23,575,-1,1.08244,1.08346,1.0804,10.200000000000209,0,True,-1.0,SL,-1.1401960784313696,False
2024-05-23,600,-1,1.0829,1.08325,1.0821999999999998,3.5000000000007248,1,True,-1.0,SL,-1.408571428571344,False
2024-05-24,500,-1,1.0811,1.08153,1.0802399999999996,4.300000000001525,0,True,-1.0,SL,-1.3325581395347657,False
2024-05-27,565,-1,1.08504,1.08524,1.08464,1.9999999999997797,0,True,2.0,TP,1.2849999999999213,False
2024-05-28,505,-1,1.08777,1.088,1.0873099999999996,2.300000000001745,0,True,2.0,TP,1.3782608695656893,False
2024-05-29,680,1,1.08447,1.08428,1.0848500000000003,1.900000000001345,1,False,1.3684210526302258,cierre,0.6157894736833902,False
2024-05-30,615,-1,1.08037,1.08071,1.07969,3.4000000000000696,1,True,-1.0,SL,-1.420588235294109,False
2024-06-03,545,-1,1.08539,1.08587,1.0844300000000004,4.799999999998139,0,True,2.0,TP,1.702083333333218,False
2024-06-03,560,1,1.08481,1.08463,1.0851700000000002,1.80000000000069,0,False,-1.0,SL,-1.7944444444441399,False
2024-06-07,560,-1,1.08951,1.08983,1.0888699999999998,3.20000000000098,1,True,2.0,TP,1.5531250000001369,False
2024-06-07,625,1,1.08872,1.08857,1.0890199999999997,1.4999999999987246,0,False,-1.0,SL,-1.953333333334144,False
2024-06-10,545,1,1.07508,1.07478,1.07568,2.9999999999996696,0,False,2.0,TP,1.5233333333332808,False
2024-06-10,555,1,1.07529,1.07479,1.0762900000000004,5.00000000000167,1,False,2.0,TP,1.7140000000000954,False
2024-06-11,495,-1,1.07685,1.07709,1.07637,2.4000000000001798,0,True,-1.0,SL,-1.5958333333332888,False
2024-06-11,565,1,1.07654,1.0761,1.07742,4.3999999999999595,0,False,-1.0,SL,-1.3250000000000028,False
2024-06-11,605,1,1.07637,1.0761,1.07691,2.6999999999999247,1,False,-1.0,SL,-1.5296296296296443,False
2024-06-12,485,-1,1.07437,1.07462,1.0738700000000003,2.4999999999986144,0,True,-1.0,SL,-1.5720000000003171,False
2024-06-12,495,-1,1.07444,1.07464,1.07404,1.9999999999997797,1,True,-1.0,SL,-1.7150000000000787,False
2024-06-13,590,-1,1.08147,1.08158,1.0812499999999998,1.100000000000545,0,True,-1.0,SL,-2.299999999999356,False
2024-06-13,595,-1,1.08147,1.08163,1.0811499999999996,1.6000000000016001,1,True,2.0,TP,1.106250000000894,False
2024-06-17,525,1,1.06996,1.06922,1.07144,7.399999999999629,1,False,-1.0,SL,-1.193243243243253,False
2024-06-17,615,-1,1.07084,1.07122,1.07008,3.8000000000004697,0,True,-1.0,SL,-1.3763157894736378,False
2024-06-17,620,-1,1.07077,1.07103,1.0702500000000001,2.5999999999992696,1,True,-1.0,SL,-1.5500000000001544,False
2024-06-18,645,1,1.07199,1.07167,1.0726300000000002,3.20000000000098,1,False,-1.0,SL,-1.4468749999998631,False
2024-06-19,485,1,1.07383,1.07328,1.0749300000000002,5.5000000000005045,0,False,-1.0,SL,-1.2599999999999763,False
2024-06-19,685,-1,1.07404,1.0744,1.0733200000000003,3.5999999999991594,1,True,-0.22222222222187957,cierre,-0.6194444444441946,False
2024-06-25,545,1,1.07314,1.07292,1.0735799999999998,2.1999999999988695,0,False,-1.0,SL,-1.6500000000003339,False
2024-06-26,480,1,1.07037,1.07022,1.0706700000000002,1.500000000000945,0,False,-1.0,SL,-1.9533333333327327,False
2024-06-26,485,1,1.07035,1.07022,1.0706099999999998,1.2999999999996348,1,False,-1.0,SL,-2.1000000000003087,False
2024-06-27,480,-1,1.06956,1.06972,1.0692400000000002,1.5999999999993797,0,True,-1.0,SL,-1.8937500000003464,False
2024-07-02,525,1,1.07298,1.07266,1.0736200000000002,3.20000000000098,0,False,-1.0,SL,-1.4468749999998631,False
2024-07-03,550,-1,1.07519,1.07555,1.0744700000000003,3.5999999999991594,0,True,-1.0,SL,-1.397222222222315,False
2024-07-04,545,-1,1.07937,1.07955,1.0790099999999998,1.80000000000069,0,True,2.0,TP,1.2055555555558601,False
2024-07-05,525,-1,1.08239,1.08252,1.08213,1.2999999999996348,1,True,2.0,TP,0.899999999999691,False
2024-07-08,590,-1,1.08357,1.08382,1.0830699999999998,2.500000000000835,0,True,-1.0,SL,-1.571999999999809,False
2024-07-08,595,-1,1.0835,1.08372,1.0830599999999997,2.20000000000109,1,True,-1.0,SL,-1.649999999999678,False
2024-07-09,595,1,1.08194,1.0817,1.0824199999999995,2.3999999999979593,1,False,-1.0,SL,-1.59583333333384,False
2024-07-10,530,-1,1.08204,1.08225,1.0816199999999998,2.100000000000435,0,True,-1.0,SL,-1.68095238095224,False
2024-07-12,540,1,1.08649,1.08633,1.0868099999999998,1.5999999999993797,1,False,-1.0,SL,-1.8937500000003464,False
2024-07-15,495,-1,1.08948,1.0896,1.0892400000000002,1.1999999999989797,0,True,2.0,TP,0.8083333333323202,True
2024-07-16,480,1,1.08884,1.0887,1.08912,1.40000000000029,0,False,-1.0,SL,-2.02142857142836,False
2024-07-16,595,-1,1.08972,1.08992,1.08932,1.9999999999997797,0,True,-1.0,SL,-1.7150000000000787,False
2024-07-17,550,1,1.09005,1.0895,1.09115,5.5000000000005045,0,False,2.0,TP,1.7400000000000237,False
2024-07-19,490,1,1.08862,1.08845,1.08896,1.7000000000000348,0,False,-1.0,SL,-1.841176470588218,False
2024-07-19,495,1,1.08855,1.08841,1.0888299999999995,1.3999999999980695,1,False,2.0,TP,0.97857142857002,False
2024-07-22,480,1,1.08846,1.08824,1.0888999999999998,2.1999999999988695,0,False,2.0,TP,1.3499999999996661,False
2024-07-22,505,1,1.08832,1.08807,1.0888199999999997,2.4999999999986144,1,False,2.0,TP,1.4279999999996829,False
2024-07-30,560,-1,1.0824,1.08268,1.08184,2.80000000000058,1,True,2.0,TP,1.48928571428582,False
2024-07-31,560,1,1.08156,1.08115,1.0823800000000001,4.100000000000215,0,False,2.0,TP,1.6512195121951403,False
2024-08-01,500,1,1.08231,1.08207,1.0827900000000001,2.4000000000001798,0,False,-1.0,SL,-1.5958333333332888,False
2024-08-02,485,-1,1.08025,1.08042,1.07991,1.7000000000000348,1,True,-1.0,SL,-1.841176470588218,False
2024-08-05,495,1,1.09029,1.08923,1.09241,10.600000000000609,1,False,2.0,TP,1.8650943396226491,True
2024-08-06,495,1,1.09455,1.0942,1.0952499999999996,3.4999999999985043,0,False,-1.0,SL,-1.4085714285716031,False
2024-08-07,485,1,1.09083,1.09053,1.09143,2.9999999999996696,0,False,2.0,TP,1.5233333333332808,False
2024-08-09,500,-1,1.09226,1.09243,1.09192,1.7000000000000348,0,True,-1.0,SL,-1.841176470588218,False
2024-08-12,540,-1,1.09211,1.09235,1.0916299999999999,2.4000000000001798,1,True,-1.0,SL,-1.5958333333332888,False
2024-08-13,480,-1,1.09397,1.09411,1.0936900000000005,1.3999999999980695,0,True,2.0,TP,0.97857142857002,False
2024-08-13,560,1,1.09295,1.09262,1.0936100000000004,3.300000000001635,1,False,-1.0,SL,-1.4333333333331186,False
2024-08-14,535,-1,1.0998,1.09994,1.0995200000000005,1.3999999999980695,1,True,-1.0,SL,-2.02142857142998,False
2024-08-15,570,-1,1.10121,1.10154,1.1005500000000001,3.2999999999994145,0,True,2.0,TP,1.5666666666665898,False
2024-08-19,495,-1,1.10487,1.10499,1.1046300000000002,1.1999999999989797,1,True,2.0,TP,0.8083333333323202,False
2024-08-20,580,1,1.10772,1.10719,1.1087800000000003,5.300000000001415,1,False,2.0,TP,1.7301886792453551,False
2024-08-20,605,-1,1.10854,1.10879,1.1080400000000004,2.4999999999986144,0,True,-1.0,SL,-1.5720000000003171,False
2024-08-20,610,-1,1.10866,1.10888,1.1082199999999998,2.20000000000109,1,True,2.0,TP,1.350000000000322,False
2024-08-21,480,1,1.11177,1.11161,1.1120899999999998,1.5999999999993797,0,False,-1.0,SL,-1.8937500000003464,False
2024-08-21,495,1,1.11168,1.11146,1.1121200000000002,2.20000000000109,1,False,-1.0,SL,-1.649999999999678,False
2024-08-22,560,-1,1.1152,1.11646,1.11268,12.600000000000389,0,True,0.8730158730157499,cierre,0.7595238095236899,False
2024-08-22,605,1,1.11446,1.11367,1.1160400000000001,7.900000000000684,1,False,-1.0,SL,-1.1810126582278324,False
2024-08-23,540,-1,1.11283,1.11304,1.11241,2.100000000000435,1,True,-1.0,SL,-1.68095238095224,False
2024-08-26,480,1,1.1179,1.11775,1.1181999999999996,1.4999999999987246,0,False,2.0,TP,1.046666666665856,False
2024-08-26,555,1,1.11811,1.11771,1.1189099999999998,3.9999999999995595,1,False,-1.0,SL,-1.3575000000000395,False
2024-08-27,570,-1,1.11673,1.11723,1.11573,4.999999999999449,1,True,-1.0,SL,-1.2860000000000316,False
2024-08-28,480,1,1.11437,1.11395,1.1152100000000003,4.20000000000087,0,False,-1.0,SL,-1.34047619047612,False
2024-08-29,480,-1,1.11355,1.11379,1.11307,2.4000000000001798,0,True,-1.0,SL,-1.5958333333332888,False
2024-08-29,555,1,1.11185,1.11162,1.11231,2.2999999999995246,0,False,2.0,TP,1.3782608695650889,False
2024-08-30,530,-1,1.108,1.10856,1.1068800000000003,5.599999999998939,0,True,-1.0,SL,-1.2553571428571912,False
2024-09-02,480,-1,1.10551,1.10563,1.1052700000000002,1.1999999999989797,0,True,-1.0,SL,-2.19166666666768,False
2024-09-03,510,1,1.1056,1.10535,1.1060999999999996,2.4999999999986144,0,False,-1.0,SL,-1.5720000000003171,False
2024-09-04,565,-1,1.10571,1.10599,1.1051499999999999,2.80000000000058,0,True,-1.0,SL,-1.51071428571418,False
2024-09-05,535,-1,1.10854,1.10874,1.1081400000000001,1.9999999999997797,1,True,2.0,TP,1.2849999999999213,False
2024-09-06,500,-1,1.1117,1.11197,1.11116,2.6999999999999247,1,True,-1.0,SL,-1.5296296296296443,False
2024-09-06,680,1,1.11105,1.1108,1.1115500000000003,2.500000000000835,0,False,-1.0,SL,-1.571999999999809,False
2024-09-09,485,1,1.107,1.10676,1.10748,2.4000000000001798,1,False,-1.0,SL,-1.5958333333332888,False
2024-09-10,525,-1,1.10403,1.10433,1.1034300000000001,2.9999999999996696,0,True,-1.0,SL,-1.4766666666667192,False
2024-09-11,575,-1,1.10464,1.1052,1.1035200000000003,5.599999999998939,0,True,0.5178571428574614,cierre,0.2625000000002702,False
2024-09-12,500,-1,1.10205,1.10238,1.10139,3.2999999999994145,1,True,2.0,TP,1.5666666666665898,False
2024-09-12,565,1,1.10081,1.10059,1.1012500000000003,2.20000000000109,0,False,2.0,TP,1.350000000000322,False
2024-09-12,605,1,1.10067,1.10055,1.1009100000000003,1.2000000000012,1,False,2.0,TP,0.8083333333345251,False
2024-09-17,525,-1,1.11309,1.11322,1.1128299999999995,1.3000000000018552,1,True,2.0,TP,0.9000000000015698,False
2024-09-17,545,1,1.11223,1.11194,1.1128100000000003,2.900000000001235,1,False,-1.0,SL,-1.493103448275652,False
2024-09-20,585,-1,1.1168,1.11729,1.1158200000000003,4.899999999998794,1,True,2.0,TP,1.7081632653060508,False
2024-09-20,615,1,1.11577,1.11561,1.1160899999999998,1.5999999999993797,0,False,-1.0,SL,-1.8937500000003464,False
2024-09-23,510,1,1.11584,1.11551,1.1164999999999998,3.2999999999994145,0,False,-1.0,SL,-1.4333333333334102,True
2024-09-23,535,1,1.11575,1.11552,1.11621,2.2999999999995246,1,False,-1.0,SL,-1.6217391304349111,True
2024-09-26,480,-1,1.11497,1.11519,1.1145300000000002,2.1999999999988695,0,True,-1.0,SL,-1.6500000000003339,False
2024-09-26,605,1,1.11324,1.11258,1.1145600000000002,6.6000000000010495,0,False,-1.0,SL,-1.2166666666666321,False
2024-09-26,610,1,1.11328,1.11289,1.1140600000000003,3.900000000001125,1,False,-1.0,SL,-1.366666666666561,False
2024-09-30,595,-1,1.11738,1.11754,1.1170600000000002,1.5999999999993797,0,True,2.0,TP,1.1062499999996536,True
2024-09-30,600,-1,1.11722,1.11746,1.1167400000000005,2.3999999999979593,1,True,-1.0,SL,-1.59583333333384,True
2024-10-02,650,-1,1.10732,1.10782,1.1063200000000002,4.999999999999449,1,True,1.6000000000004442,cierre,1.3140000000004126,True
2024-10-04,620,1,1.10255,1.1024,1.1028499999999997,1.4999999999987246,0,False,-1.0,SL,-1.953333333334144,False
2024-10-04,625,1,1.10264,1.10233,1.1032600000000001,3.1000000000003247,1,False,-1.0,SL,-1.4612903225805969,False
2024-10-07,630,-1,1.09745,1.09788,1.0965900000000002,4.299999999999304,0,True,2.0,TP,1.6674418604650625,False
2024-10-07,640,-1,1.09753,1.09785,1.0968899999999997,3.20000000000098,1,True,2.0,TP,1.5531250000001369,False
2024-10-08,485,-1,1.09843,1.0987,1.09789,2.6999999999999247,0,True,-1.0,SL,-1.5296296296296443,False
2024-10-09,575,1,1.09633,1.09562,1.09775,7.099999999999884,1,False,-1.0,SL,-1.2014084507042286,False
2024-10-10,490,1,1.09375,1.09364,1.09397,1.100000000000545,1,False,2.0,TP,0.7000000000006441,False
2024-10-11,545,-1,1.09402,1.09428,1.0935000000000001,2.5999999999992696,0,True,2.0,TP,1.4499999999998456,False
2024-10-11,550,-1,1.09375,1.09407,1.0931099999999998,3.20000000000098,1,True,-1.0,SL,-1.4468749999998631,False
2024-10-15,645,-1,1.09093,1.09106,1.09067,1.2999999999996348,0,True,-1.0,SL,-2.1000000000003087,False
2024-10-16,680,-1,1.0893,1.08958,1.0887399999999998,2.80000000000058,0,True,-1.0,SL,-1.51071428571418,True
2024-10-16,690,-1,1.08955,1.08971,1.0892300000000001,1.5999999999993797,1,True,-0.06250000000043368,cierre,-0.9562500000007801,True
2024-10-17,550,1,1.08529,1.0849,1.0860700000000003,3.900000000001125,1,False,-1.0,SL,-1.366666666666561,False
2024-10-23,485,-1,1.08034,1.08066,1.0797000000000003,3.1999999999987594,1,True,2.0,TP,1.553124999999827,False
2024-10-24,575,1,1.07939,1.07724,1.0836900000000003,21.500000000000963,1,False,0.36744186046502836,cierre,0.3009302325580546,False
2024-10-25,495,1,1.08207,1.08196,1.0822900000000002,1.100000000000545,0,False,-1.0,SL,-2.299999999999356,False
2024-10-28,480,-1,1.08042,1.08056,1.0801399999999999,1.40000000000029,0,True,2.0,TP,0.97857142857164,False
2024-10-28,485,-1,1.08028,1.08067,1.0794999999999997,3.900000000001125,1,True,-1.0,SL,-1.366666666666561,False
2024-10-29,515,-1,1.08161,1.08204,1.08075,4.299999999999304,0,True,-1.0,SL,-1.3325581395349375,False
2024-10-29,525,-1,1.08167,1.082,1.0810099999999996,3.300000000001635,1,True,-1.0,SL,-1.4333333333331186,False
2024-10-30,485,-1,1.08255,1.08276,1.0821299999999998,2.100000000000435,0,True,-1.0,SL,-1.68095238095224,False
2024-11-05,480,-1,1.08808,1.08822,1.0877999999999999,1.40000000000029,0,True,-1.0,SL,-2.02142857142836,True
2024-11-11,510,1,1.07078,1.07056,1.0712200000000003,2.20000000000109,1,False,-1.0,SL,-1.649999999999678,False
2024-11-13,660,-1,1.06269,1.06298,1.0621099999999997,2.900000000001235,0,True,1.379310344826847,cierre,0.8862068965511949,True
2024-11-14,600,1,1.05361,1.05323,1.0543699999999996,3.7999999999982492,0,False,-1.0,SL,-1.3763157894738576,False
2024-11-15,520,-1,1.05592,1.05639,1.05498,4.699999999999704,0,True,-1.0,SL,-1.3042553191489552,False
2024-11-15,555,-1,1.05572,1.05613,1.0549,4.100000000000215,1,True,-1.0,SL,-1.3487804878048597,False
2024-11-18,575,-1,1.0546,1.05538,1.05304,7.800000000000029,1,True,-1.0,SL,-1.1833333333333327,False
2024-11-19,520,1,1.05844,1.05808,1.0591600000000003,3.60000000000138,1,False,-1.0,SL,-1.3972222222220698,False
2024-11-21,485,1,1.05446,1.05418,1.05502,2.80000000000058,0,False,-1.0,SL,-1.51071428571418,False
2024-11-26,630,-1,1.04982,1.0507,1.04806,8.799999999999919,1,True,-1.0,SL,-1.1625000000000014,False
2024-11-28,485,1,1.05447,1.05415,1.0551100000000002,3.20000000000098,0,False,2.0,TP,1.5531250000001369,False
2024-12-02,505,1,1.05185,1.05144,1.05267,4.100000000000215,1,False,-1.0,SL,-1.3487804878048597,False
2024-12-05,510,-1,1.05295,1.05331,1.0522300000000002,3.5999999999991594,1,True,-1.0,SL,-1.397222222222315,False
2024-12-09,600,-1,1.05674,1.05704,1.05614,2.9999999999996696,1,True,-1.0,SL,-1.4766666666667192,False
2024-12-10,550,1,1.05485,1.05431,1.05593,5.399999999999849,1,False,-1.0,SL,-1.2648148148148222,False
2024-12-13,490,1,1.04571,1.04551,1.0461099999999999,1.9999999999997797,0,False,-1.0,SL,-1.7150000000000787,False
2024-12-13,495,1,1.04581,1.04531,1.0468099999999998,4.999999999999449,1,False,2.0,TP,1.7139999999999684,False
2024-12-16,575,-1,1.05192,1.05247,1.0508199999999999,5.5000000000005045,0,True,2.0,TP,1.7400000000000237,False
2024-12-17,545,1,1.04984,1.04968,1.0501600000000004,1.6000000000016001,1,False,-1.0,SL,-1.893749999999106,False
2024-12-18,485,-1,1.051,1.05127,1.05046,2.6999999999999247,1,True,-1.0,SL,-1.5296296296296443,False
2024-12-20,480,-1,1.03747,1.03773,1.0369499999999996,2.60000000000149,0,True,-1.0,SL,-1.5499999999996847,True
2024-12-20,485,-1,1.03771,1.03788,1.03737,1.7000000000000348,1,True,-1.0,SL,-1.841176470588218,True
2024-12-27,525,1,1.04069,1.04049,1.0410899999999998,1.9999999999997797,0,False,2.0,TP,1.2849999999999213,False
2024-12-27,540,-1,1.04218,1.04248,1.0415800000000002,2.9999999999996696,0,True,-1.0,SL,-1.4766666666667192,False
2024-12-27,550,-1,1.04237,1.04256,1.0419900000000002,1.8999999999991246,1,True,-1.0,SL,-1.7526315789477152,False
2024-12-30,660,-1,1.04338,1.04393,1.0422799999999999,5.5000000000005045,1,True,-1.0,SL,-1.2599999999999763,False
2024-12-31,610,-1,1.04132,1.04165,1.0406600000000001,3.2999999999994145,1,True,-1.0,SL,-1.4333333333334102,False
2025-01-09,480,1,1.03002,1.0297,1.0306599999999997,3.1999999999987594,0,False,2.0,TP,1.553124999999827,False
2025-01-10,485,1,1.02843,1.02811,1.0290699999999997,3.1999999999987594,1,False,2.0,TP,1.553124999999827,False
2025-01-10,570,-1,1.03014,1.03047,1.0294800000000002,3.2999999999994145,0,True,-1.0,SL,-1.4333333333334102,False
2025-01-10,575,-1,1.03038,1.03077,1.0296000000000003,3.8999999999989043,1,True,-1.0,SL,-1.3666666666667697,False
2025-01-13,515,1,1.02153,1.02074,1.0231100000000002,7.900000000000684,1,False,2.0,TP,1.8189873417721676,False
2025-01-15,485,1,1.02921,1.02909,1.0294499999999998,1.1999999999989797,0,False,-1.0,SL,-2.19166666666768,True
2025-01-15,540,-1,1.03058,1.03081,1.0301200000000001,2.2999999999995246,0,True,-1.0,SL,-1.6217391304349111,True
2025-01-16,520,-1,1.02967,1.03014,1.0287300000000001,4.699999999999704,0,True,2.0,TP,1.6957446808510448,False
2025-01-17,530,1,1.02875,1.02818,1.02989,5.699999999999594,1,False,2.0,TP,1.749122807017526,False
2025-01-20,480,-1,1.03103,1.03188,1.0293299999999999,8.500000000000174,0,True,-0.7058823529413455,cierre,-0.8741176470589891,False
2025-01-21,585,1,1.03534,1.03501,1.0359999999999998,3.2999999999994145,0,False,2.0,TP,1.5666666666665898,False
2025-01-21,590,1,1.03631,1.03528,1.0383700000000002,10.300000000000864,1,False,-1.0,SL,-1.138834951456299,False
2025-01-22,615,-1,1.04255,1.04278,1.0420900000000002,2.2999999999995246,0,True,-1.0,SL,-1.6217391304349111,True
2025-01-22,620,-1,1.04266,1.04301,1.0419599999999998,3.5000000000007248,1,True,-1.0,SL,-1.408571428571344,True
2025-01-23,500,1,1.03972,1.0396,1.0399599999999998,1.1999999999989797,1,False,-1.0,SL,-2.19166666666768,False
2025-01-23,680,-1,1.04144,1.04174,1.0408399999999995,3.00000000000189,0,True,-1.0,SL,-1.4766666666663664,False
2025-01-27,495,1,1.04563,1.04539,1.04611,2.4000000000001798,1,False,2.0,TP,1.4041666666667112,False
2025-01-27,605,-1,1.04808,1.04903,1.0461799999999999,9.500000000000064,1,True,-1.0,SL,-1.1505263157894727,False
2025-01-28,600,1,1.04251,1.04194,1.04365,5.699999999999594,0,False,2.0,TP,1.749122807017526,False
2025-01-28,605,1,1.04253,1.04224,1.0431099999999998,2.8999999999990145,1,False,2.0,TP,1.5068965517239703,False
2025-01-30,490,1,1.04108,1.04093,1.0413800000000002,1.500000000000945,0,False,2.0,TP,1.0466666666672673,False
2025-01-30,495,1,1.04129,1.04099,1.04189,2.9999999999996696,1,False,2.0,TP,1.5233333333332808,False
2025-01-30,545,-1,1.04241,1.04288,1.0414700000000001,4.699999999999704,0,True,2.0,TP,1.6957446808510448,False
2025-02-06,500,1,1.03879,1.03842,1.0395300000000005,3.700000000002035,1,False,-1.0,SL,-1.386486486486274,False
2025-02-10,495,-1,1.03201,1.03237,1.0312900000000003,3.5999999999991594,1,True,2.0,TP,1.602777777777685,False
2025-02-17,525,1,1.04865,1.04824,1.0494700000000001,4.100000000000215,0,False,-1.0,SL,-1.3487804878048597,False
2025-02-17,535,1,1.04855,1.04828,1.04909,2.6999999999999247,1,False,-1.0,SL,-1.5296296296296443,False
2025-02-24,560,1,1.04719,1.04695,1.04767,2.4000000000001798,0,False,2.0,TP,1.4041666666667112,False
2025-02-24,650,1,1.04714,1.04689,1.0476399999999997,2.4999999999986144,1,False,-1.0,SL,-1.5720000000003171,False
2025-02-25,545,1,1.04662,1.0456,1.0486600000000001,10.200000000000209,0,False,0.26470588235292836,cierre,0.12450980392155869,False
2025-02-25,580,1,1.04633,1.04586,1.04727,4.699999999999704,1,False,2.0,TP,1.6957446808510448,False
2025-03-03,600,1,1.04009,1.03963,1.0410099999999998,4.599999999999049,1,False,2.0,TP,1.6891304347825444,False
2025-03-05,490,-1,1.06334,1.06437,1.0612799999999998,10.300000000000864,1,True,-1.0,SL,-1.138834951456299,False
2025-03-06,525,-1,1.08154,1.08208,1.08046,5.399999999999849,0,True,-1.0,SL,-1.2648148148148222,True
2025-03-06,530,-1,1.08165,1.08221,1.0805300000000002,5.599999999998939,1,True,2.0,TP,1.7446428571428088,True
2025-03-06,645,1,1.0793,1.07824,1.0814199999999996,10.599999999998388,1,False,-0.3962264150942724,cierre,-0.5311320754716514,True
2025-03-07,480,-1,1.08232,1.0825,1.0819599999999998,1.80000000000069,0,True,-1.0,SL,-1.7944444444441399,False
2025-03-07,485,-1,1.08208,1.08264,1.0809599999999997,5.60000000000116,1,True,-1.0,SL,-1.25535714285709,False
2025-03-10,480,1,1.08224,1.08107,1.0845800000000003,11.700000000001154,0,False,-1.0,SL,-1.1222222222222102,False
2025-03-10,630,-1,1.08668,1.08744,1.0851600000000003,7.599999999998719,0,True,2.0,TP,1.8118421052631262,False
2025-03-11,505,-1,1.08998,1.0905,1.0889399999999998,5.20000000000076,1,True,-1.0,SL,-1.27499999999996,False
2025-03-12,525,-1,1.09156,1.09183,1.09102,2.6999999999999247,0,True,2.0,TP,1.4703703703703557,False
2025-03-12,530,-1,1.09073,1.09162,1.0889499999999999,8.900000000000574,1,True,-1.0,SL,-1.1606741573033603,False
2025-03-13,500,1,1.08654,1.08591,1.0878000000000003,6.300000000001305,0,False,2.0,TP,1.77301587301592,True
2025-03-14,585,-1,1.08576,1.08617,1.08494,4.100000000000215,1,True,2.0,TP,1.6512195121951403,False
2025-03-17,580,-1,1.08926,1.08946,1.0888599999999995,2.000000000002,0,True,-1.0,SL,-1.7149999999992849,True
2025-03-18,480,-1,1.09349,1.09366,1.09315,1.7000000000000348,0,True,-1.0,SL,-1.841176470588218,False
2025-03-20,515,1,1.08726,1.08639,1.0889999999999997,8.699999999999264,0,False,-1.0,SL,-1.164367816091968,False
2025-03-24,500,-1,1.08459,1.08504,1.0836899999999998,4.500000000000615,0,True,-1.0,SL,-1.3177777777777344,False
2025-03-25,515,1,1.07885,1.07781,1.0809300000000004,10.40000000000152,1,False,2.0,TP,1.86250000000002,True
2025-03-26,535,-1,1.07959,1.07976,1.07925,1.7000000000000348,0,True,-1.0,SL,-1.841176470588218,True
2025-03-28,480,1,1.0787,1.07815,1.0798,5.5000000000005045,0,False,-1.0,SL,-1.2599999999999763,False
2025-03-31,550,-1,1.08419,1.08492,1.0827299999999997,7.300000000001194,0,True,2.0,TP,1.8041095890411278,False
2025-04-01,485,1,1.08068,1.08041,1.08122,2.6999999999999247,1,False,-1.0,SL,-1.5296296296296443,False
2025-04-02,480,1,1.07894,1.0786,1.07962,3.4000000000000696,0,False,-1.0,SL,-1.420588235294109,True
2025-04-03,485,-1,1.09459,1.09522,1.0933299999999997,6.300000000001305,0,True,-1.0,SL,-1.22698412698408,False
2025-04-07,480,-1,1.1018,1.10203,1.1013399999999995,2.300000000001745,0,True,-1.0,SL,-1.6217391304343107,False
2025-04-07,485,-1,1.10137,1.10214,1.09983,7.699999999999374,1,True,2.0,TP,1.8142857142856992,False
2025-04-08,495,-1,1.09765,1.09819,1.09657,5.399999999999849,1,True,-1.0,SL,-1.2648148148148222,False
2025-04-09,545,-1,1.10679,1.10795,1.1044699999999998,11.600000000000499,1,True,2.0,TP,1.8767241379310398,False
2025-04-10,560,-1,1.09942,1.09965,1.0989600000000002,2.2999999999995246,0,True,2.0,TP,1.3782608695650889,False
2025-04-10,565,-1,1.09792,1.09956,1.0946399999999998,16.40000000000086,1,True,-1.0,SL,-1.087195121951215,False
2025-04-11,605,-1,1.13751,1.14167,1.1291900000000001,41.59999999999941,0,True,-1.0,SL,-1.0343750000000005,False
2025-04-11,625,-1,1.1374,1.13853,1.1351399999999998,11.300000000000754,1,True,-1.0,SL,-1.1265486725663632,False
2025-04-15,610,-1,1.13645,1.13789,1.1335699999999997,14.400000000001079,1,True,2.0,TP,1.9006944444444518,False
2025-04-16,480,-1,1.13804,1.13853,1.1370599999999997,4.900000000001015,0,True,2.0,TP,1.708163265306183,False
2025-04-16,565,-1,1.13825,1.13871,1.1373299999999997,4.60000000000127,1,True,-1.0,SL,-1.3108695652173055,False
2025-04-17,490,1,1.13455,1.13433,1.1349899999999997,2.1999999999988695,0,False,2.0,TP,1.3499999999996661,True
2025-04-18,545,1,1.13639,1.13578,1.13761,6.099999999999994,1,False,0.8360655737705097,cierre,0.6016393442623128,False
2025-04-21,575,-1,1.15327,1.15346,1.1528900000000002,1.8999999999991246,0,True,-1.0,SL,-1.7526315789477152,False
2025-04-24,550,-1,1.13569,1.13617,1.1347300000000005,4.799999999998139,1,True,-1.0,SL,-1.297916666666782,False
2025-04-30,525,-1,1.13925,1.13971,1.1383300000000003,4.599999999999049,1,True,-1.0,SL,-1.3108695652174556,False
2025-05-01,565,1,1.12953,1.12874,1.1311099999999996,7.899999999998464,1,False,2.0,TP,1.8189873417721167,False
2025-05-01,625,-1,1.1329,1.13307,1.13256,1.7000000000000348,0,True,2.0,TP,1.158823529411782,False
2025-05-01,630,-1,1.13275,1.13298,1.1322899999999996,2.300000000001745,1,True,-1.0,SL,-1.6217391304343107,False
2025-05-02,495,-1,1.13147,1.13193,1.1305499999999997,4.60000000000127,1,True,-1.0,SL,-1.3108695652173055,True
2025-05-07,525,-1,1.13709,1.13767,1.1359299999999999,5.800000000000249,0,True,-1.0,SL,-1.2465517241379205,False
2025-05-08,600,1,1.12971,1.12929,1.1305500000000002,4.20000000000087,1,False,-1.0,SL,-1.34047619047612,False
2025-05-09,490,-1,1.1235,1.12381,1.1228799999999999,3.1000000000003247,1,True,-1.0,SL,-1.4612903225805969,False
2025-05-13,565,-1,1.11194,1.11226,1.1112999999999997,3.20000000000098,0,True,-1.0,SL,-1.4468749999998631,False
2025-05-13,570,-1,1.11152,1.11207,1.1104200000000004,5.499999999998284,1,True,-1.0,SL,-1.260000000000081,False
2025-05-14,490,1,1.11835,1.11798,1.11909,3.6999999999998145,0,False,2.0,TP,1.6135135135134941,False
2025-05-15,590,-1,1.11957,1.12022,1.1182699999999999,6.500000000000394,1,True,-1.0,SL,-1.2199999999999867,False
2025-05-16,480,-1,1.12153,1.12185,1.1208899999999997,3.20000000000098,0,True,2.0,TP,1.5531250000001369,False
2025-05-16,510,-1,1.12175,1.12195,1.12135,1.9999999999997797,1,True,2.0,TP,1.2849999999999213,False
2025-05-19,500,-1,1.11965,1.11994,1.1190700000000002,2.8999999999990145,0,True,-1.0,SL,-1.4931034482760297,False
2025-05-21,525,-1,1.13388,1.13472,1.1322,8.399999999999519,1,True,2.0,TP,1.829761904761895,False
2025-05-22,555,1,1.1314,1.131,1.1321999999999999,3.9999999999995595,0,False,2.0,TP,1.6424999999999605,False
2025-05-23,480,-1,1.13229,1.13256,1.13175,2.6999999999999247,0,True,-1.0,SL,-1.5296296296296443,False
2025-05-23,490,-1,1.13238,1.13266,1.1318199999999998,2.80000000000058,1,True,2.0,TP,1.48928571428582,False
2025-06-02,485,-1,1.1381,1.13824,1.1378199999999998,1.40000000000029,0,True,-1.0,SL,-2.02142857142836,False
2025-06-03,605,1,1.14146,1.14078,1.14282,6.800000000000139,0,False,-1.0,SL,-1.2102941176470545,False
2025-06-05,480,1,1.14059,1.14045,1.14087,1.40000000000029,0,False,2.0,TP,0.97857142857164,False
2025-06-06,510,1,1.1431,1.14292,1.1434600000000001,1.80000000000069,1,False,-1.0,SL,-1.7944444444441399,False
2025-06-09,545,-1,1.14222,1.14271,1.1412400000000003,4.899999999998794,1,True,-1.0,SL,-1.2918367346939492,False
2025-06-10,565,1,1.13891,1.13821,1.1403100000000004,7.0000000000014495,1,False,2.0,TP,1.795714285714328,False
2025-06-11,555,1,1.14063,1.14052,1.1408500000000001,1.100000000000545,0,False,2.0,TP,0.7000000000006441,False
2025-06-11,560,1,1.14082,1.14061,1.14124,2.100000000000435,1,False,2.0,TP,1.31904761904776,False
2025-06-17,510,-1,1.15648,1.15677,1.1558999999999997,2.900000000001235,1,True,-1.0,SL,-1.493103448275652,False
2025-06-18,485,-1,1.15029,1.15082,1.1492300000000002,5.299999999999194,0,True,-1.0,SL,-1.269811320754758,False
2025-06-19,505,1,1.14551,1.14498,1.1465699999999999,5.299999999999194,0,False,-1.0,SL,-1.269811320754758,False
2025-06-23,480,-1,1.1513,1.15142,1.1510599999999998,1.2000000000012,0,True,-1.0,SL,-2.191666666665475,False
2025-06-25,540,1,1.16071,1.16034,1.1614499999999999,3.6999999999998145,0,False,-1.0,SL,-1.3864864864865059,False
2025-07-01,495,1,1.17786,1.1777,1.1781799999999998,1.5999999999993797,0,False,-1.0,SL,-1.8937500000003464,False
2025-07-01,505,1,1.17777,1.17758,1.1781499999999998,1.8999999999991246,1,False,2.0,TP,1.2473684210522848,False
2025-07-01,660,-1,1.18043,1.18164,1.1780100000000002,12.099999999999334,1,True,-1.0,SL,-1.1181818181818246,False
2025-07-02,510,1,1.17858,1.17844,1.17886,1.40000000000029,0,False,-1.0,SL,-2.02142857142836,False
2025-07-08,545,-1,1.17479,1.17503,1.17431,2.4000000000001798,0,True,-1.0,SL,-1.5958333333332888,False
2025-07-17,485,1,1.16138,1.16121,1.16172,1.7000000000000348,0,False,2.0,TP,1.158823529411782,False
2025-07-17,490,1,1.16145,1.16125,1.1618500000000005,2.000000000002,1,False,-1.0,SL,-1.7149999999992849,False
2025-07-21,510,-1,1.16358,1.16369,1.1633600000000004,1.0999999999983245,0,True,-1.0,SL,-2.30000000000198,False
2025-07-22,595,1,1.16844,1.16815,1.1690199999999997,2.8999999999990145,0,False,2.0,TP,1.5068965517239703,False
2025-07-24,535,1,1.17624,1.17602,1.1766799999999997,2.1999999999988695,1,False,-1.0,SL,-1.6500000000003339,False
2025-07-25,525,-1,1.17583,1.17597,1.1755499999999999,1.40000000000029,1,True,2.0,TP,0.97857142857164,False
2025-07-25,675,1,1.17358,1.17327,1.1742000000000001,3.1000000000003247,1,False,0.322580645161221,cierre,-0.13870967741937584,False
2025-07-29,485,1,1.15777,1.15744,1.1584299999999998,3.2999999999994145,0,False,2.0,TP,1.5666666666665898,False
2025-07-30,495,1,1.15479,1.15434,1.15569,4.500000000000615,1,False,2.0,TP,1.6822222222222656,False
2025-07-31,570,-1,1.14394,1.14467,1.1424799999999997,7.300000000001194,1,True,-1.0,SL,-1.1958904109588722,False
2025-08-01,505,-1,1.14338,1.14359,1.14296,2.100000000000435,1,True,-1.0,SL,-1.68095238095224,False
2025-08-04,640,1,1.15533,1.15497,1.1560499999999998,3.5999999999991594,0,False,2.0,TP,1.602777777777685,False
2025-08-05,485,1,1.15472,1.15428,1.1556,4.3999999999999595,0,False,2.0,TP,1.6749999999999972,False
2025-08-06,520,-1,1.15843,1.15882,1.1576500000000003,3.8999999999989043,1,True,2.0,TP,1.6333333333332303,False
2025-08-07,515,-1,1.16754,1.16772,1.1671799999999999,1.80000000000069,1,True,-1.0,SL,-1.7944444444441399,False
2025-08-08,480,1,1.1641,1.16388,1.1645399999999997,2.1999999999988695,0,False,2.0,TP,1.3499999999996661,False
2025-08-11,690,1,1.16429,1.16415,1.16457,1.40000000000029,0,False,-1.0,SL,-2.02142857142836,False
2025-08-12,510,1,1.16112,1.16095,1.16146,1.7000000000000348,0,False,-1.0,SL,-1.841176470588218,False
2025-08-12,515,1,1.16121,1.16095,1.1617300000000004,2.60000000000149,1,False,2.0,TP,1.4500000000003153,False
2025-08-13,505,-1,1.16859,1.1688,1.16817,2.100000000000435,0,True,-1.0,SL,-1.68095238095224,False
2025-08-13,510,-1,1.16841,1.16894,1.1673499999999997,5.300000000001415,1,True,-1.0,SL,-1.2698113207546449,False
2025-08-14,490,1,1.17025,1.16963,1.1714900000000001,6.200000000000649,1,False,-1.0,SL,-1.2306451612902984,False
2025-08-18,540,1,1.16964,1.16933,1.17026,3.1000000000003247,0,False,-1.0,SL,-1.4612903225805969,False
2025-08-21,560,1,1.16432,1.16349,1.1659800000000002,8.300000000001084,1,False,2.0,TP,1.8277108433735165,False
2025-08-26,555,1,1.16115,1.16043,1.1625899999999996,7.199999999998319,0,False,-1.0,SL,-1.1986111111111575,False
2025-08-28,515,1,1.16367,1.16337,1.16427,2.9999999999996696,0,False,2.0,TP,1.5233333333332808,False
2025-08-28,520,1,1.16393,1.16358,1.1646299999999996,3.4999999999985043,1,False,-1.0,SL,-1.4085714285716031,False
2025-09-03,575,1,1.16253,1.16175,1.16409,7.800000000000029,1,False,2.0,TP,1.8166666666666673,False
2025-09-04,570,1,1.16528,1.16445,1.1669400000000003,8.300000000001084,1,False,-1.0,SL,-1.1722891566264835,False
2025-09-05,485,-1,1.16756,1.16775,1.1671799999999997,1.900000000001345,1,True,2.0,TP,1.2473684210531644,False
2025-09-08,500,-1,1.17161,1.17231,1.1702100000000002,6.999999999999229,1,True,-1.0,SL,-1.2042857142857368,False
2025-09-09,480,-1,1.17786,1.17799,1.1775999999999995,1.3000000000018552,0,True,2.0,TP,0.9000000000015698,False
2025-09-09,535,1,1.17619,1.17589,1.17679,2.9999999999996696,1,False,2.0,TP,1.5233333333332808,False
2025-09-10,505,-1,1.17133,1.17184,1.17031,5.1000000000001044,1,True,2.0,TP,1.7196078431372608,False
2025-09-10,545,1,1.1697,1.16824,1.17262,14.600000000000168,0,False,0.6917808219177697,cierre,0.5938356164383187,False
2025-09-12,575,-1,1.17385,1.17436,1.17283,5.1000000000001044,1,True,2.0,TP,1.7196078431372608,False
2025-09-12,685,1,1.17217,1.17171,1.1730899999999997,4.599999999999049,1,False,0.30434782608708244,cierre,-0.006521739130373072,False
2025-09-15,530,1,1.17237,1.17201,1.1730899999999997,3.5999999999991594,1,False,2.0,TP,1.602777777777685,False
2025-09-15,555,-1,1.17338,1.17361,1.1729200000000002,2.2999999999995246,0,True,-1.0,SL,-1.6217391304349111,False
2025-09-16,500,-1,1.17862,1.17878,1.1783000000000001,1.5999999999993797,0,True,-1.0,SL,-1.8937500000003464,False
2025-09-18,490,1,1.17852,1.17827,1.1790200000000002,2.500000000000835,0,False,-1.0,SL,-1.571999999999809,False
2025-09-18,580,-1,1.18278,1.18292,1.1824999999999999,1.40000000000029,0,True,-1.0,SL,-2.02142857142836,False
2025-09-19,485,1,1.17705,1.17661,1.17793,4.3999999999999595,0,False,-1.0,SL,-1.3250000000000028,False
2025-09-19,490,1,1.1771,1.17693,1.17744,1.7000000000000348,1,False,2.0,TP,1.158823529411782,False
2025-09-22,530,-1,1.17458,1.17484,1.1740599999999997,2.60000000000149,0,True,2.0,TP,1.4500000000003153,False
2025-09-22,545,-1,1.17471,1.17483,1.1744699999999997,1.2000000000012,1,True,2.0,TP,0.8083333333345251,False
2025-09-23,490,1,1.17967,1.17946,1.18009,2.100000000000435,1,False,-1.0,SL,-1.68095238095224,False
2025-09-24,510,1,1.17927,1.17888,1.1800500000000003,3.900000000001125,0,False,-1.0,SL,-1.366666666666561,False
2025-09-25,495,1,1.17424,1.17381,1.1750999999999998,4.299999999999304,0,False,2.0,TP,1.6674418604650625,False
2025-09-26,490,-1,1.16812,1.16837,1.1676200000000003,2.4999999999986144,0,True,2.0,TP,1.4279999999996829,False
2025-09-26,545,-1,1.16814,1.16831,1.1678,1.7000000000000348,1,True,2.0,TP,1.158823529411782,False
2025-09-30,480,-1,1.17331,1.1737,1.1725300000000003,3.8999999999989043,0,True,-1.0,SL,-1.3666666666667697,False
2025-10-06,495,1,1.17071,1.17043,1.1712699999999996,2.7999999999983594,0,False,2.0,TP,1.489285714285415,False
2025-10-06,500,1,1.17077,1.17055,1.1712100000000003,2.20000000000109,1,False,2.0,TP,1.350000000000322,False
2025-10-09,495,1,1.16301,1.16272,1.1635900000000003,2.900000000001235,0,False,-1.0,SL,-1.493103448275652,False
2025-10-09,505,1,1.16279,1.16254,1.1632900000000002,2.500000000000835,1,False,-1.0,SL,-1.571999999999809,False
2025-10-13,665,1,1.15933,1.15842,1.16115,9.099999999999664,1,False,-0.15384615384619138,cierre,-0.3109890109890543,False
2025-10-17,480,-1,1.17229,1.17283,1.17121,5.399999999999849,0,True,2.0,TP,1.7351851851851778,False
2025-10-23,525,1,1.15943,1.15905,1.16019,3.8000000000004697,0,False,2.0,TP,1.6236842105263622,True
2025-10-24,585,-1,1.16214,1.16261,1.1612,4.699999999999704,1,True,2.0,TP,1.6957446808510448,False
2025-10-28,550,1,1.16479,1.16451,1.16535,2.80000000000058,0,False,2.0,TP,1.48928571428582,False
2025-10-28,555,1,1.16498,1.16462,1.1656999999999997,3.5999999999991594,1,False,2.0,TP,1.602777777777685,False
2025-11-03,575,1,1.15238,1.15214,1.15286,2.4000000000001798,0,False,-1.0,SL,-1.5958333333332888,False
2025-11-05,670,1,1.14799,1.14785,1.1482700000000001,1.40000000000029,1,False,-1.0,SL,-2.02142857142836,False
2025-11-06,545,-1,1.15124,1.15137,1.1509800000000001,1.2999999999996348,0,True,-1.0,SL,-2.1000000000003087,False
2025-11-06,550,-1,1.15123,1.15161,1.1504699999999999,3.8000000000004697,1,True,-1.0,SL,-1.3763157894736378,False
2025-11-07,550,1,1.15383,1.15294,1.1556099999999996,8.899999999998354,0,False,1.0449438202250219,cierre,0.8842696629216213,False
2025-11-11,570,-1,1.15637,1.15682,1.1554699999999998,4.500000000000615,1,True,2.0,TP,1.6822222222222656,False
2025-11-12,490,-1,1.15846,1.15875,1.1578800000000002,2.8999999999990145,0,True,-1.0,SL,-1.4931034482760297,False
2025-11-12,495,-1,1.15856,1.15872,1.1582400000000002,1.5999999999993797,1,True,-1.0,SL,-1.8937500000003464,False
2025-11-14,560,1,1.16273,1.16233,1.16353,3.9999999999995595,0,False,-1.0,SL,-1.3575000000000395,False
2025-11-14,565,1,1.16247,1.16202,1.1633699999999996,4.499999999998394,1,False,2.0,TP,1.6822222222221088,False
2025-11-19,535,-1,1.15883,1.1595,1.1574900000000001,6.699999999999484,1,True,2.0,TP,1.7865671641790881,False
2025-11-19,585,1,1.15752,1.15719,1.1581800000000004,3.300000000001635,0,False,-1.0,SL,-1.4333333333331186,False
2025-11-19,595,1,1.15725,1.1571,1.1575499999999996,1.4999999999987246,1,False,-1.0,SL,-1.953333333334144,False
2025-11-21,495,-1,1.15449,1.15468,1.1541100000000002,1.8999999999991246,0,True,2.0,TP,1.2473684210522848,False
2025-11-21,520,-1,1.15433,1.15471,1.1535700000000004,3.7999999999982492,1,True,-1.0,SL,-1.3763157894738576,False
2025-11-24,555,-1,1.15265,1.15293,1.1520899999999998,2.80000000000058,0,True,-1.0,SL,-1.51071428571418,False
2025-11-25,520,-1,1.15281,1.15302,1.1523899999999998,2.100000000000435,0,True,2.0,TP,1.31904761904776,False
2025-11-27,480,1,1.15922,1.1591,1.1594599999999997,1.1999999999989797,0,False,-1.0,SL,-2.19166666666768,False
2025-12-02,650,1,1.16054,1.16024,1.1611399999999998,2.9999999999996696,0,False,2.0,TP,1.5233333333332808,False
2025-12-02,675,1,1.16063,1.16033,1.16123,2.9999999999996696,1,False,-1.0,SL,-1.4766666666667192,False
2025-12-03,485,-1,1.16464,1.16484,1.1642399999999995,2.000000000002,0,True,-1.0,SL,-1.7149999999992849,False
2025-12-04,560,-1,1.16708,1.1672,1.1668399999999997,1.2000000000012,0,True,-1.0,SL,-2.191666666665475,False
2025-12-09,550,1,1.16357,1.16334,1.16403,2.2999999999995246,0,False,2.0,TP,1.3782608695650889,False
2025-12-09,555,1,1.16371,1.16338,1.16437,3.2999999999994145,1,False,2.0,TP,1.5666666666665898,False
2025-12-09,640,-1,1.16485,1.16512,1.16431,2.6999999999999247,0,True,-1.0,SL,-1.5296296296296443,False
2025-12-15,545,1,1.17287,1.1727,1.17321,1.7000000000000348,1,False,-1.0,SL,-1.841176470588218,True
2025-12-15,690,-1,1.17432,1.17466,1.17364,3.4000000000000696,1,True,0.2941176470587851,cierre,-0.12647058823532387,True
2025-12-16,495,1,1.17472,1.17442,1.17532,2.9999999999996696,1,False,2.0,TP,1.5233333333332808,False
2025-12-16,545,-1,1.17562,1.1759,1.1750600000000004,2.7999999999983594,0,True,-1.0,SL,-1.510714285714585,False
2025-12-17,480,1,1.17098,1.17062,1.1716999999999997,3.5999999999991594,0,False,-1.0,SL,-1.397222222222315,False
2025-12-18,490,-1,1.17463,1.17496,1.1739700000000002,3.2999999999994145,1,True,2.0,TP,1.5666666666665898,False
2025-12-19,510,1,1.17125,1.17088,1.1719899999999999,3.6999999999998145,0,False,-1.0,SL,-1.3864864864865059,False
2025-12-19,520,1,1.17119,1.17105,1.17147,1.40000000000029,1,False,-1.0,SL,-2.02142857142836,False
2025-12-23,540,-1,1.17786,1.17813,1.17732,2.6999999999999247,0,True,-1.0,SL,-1.5296296296296443,False
2025-12-24,550,1,1.17893,1.17855,1.1796900000000001,3.8000000000004697,0,False,-1.0,SL,-1.3763157894736378,False
2025-12-26,530,1,1.17715,1.177,1.1774499999999997,1.4999999999987246,1,False,-1.0,SL,-1.953333333334144,False
2025-12-29,600,-1,1.17839,1.17868,1.1778100000000002,2.8999999999990145,1,True,-1.0,SL,-1.4931034482760297,False
2025-12-30,550,1,1.17673,1.17659,1.1770100000000001,1.40000000000029,1,False,2.0,TP,0.97857142857164,False
2026-01-06,495,-1,1.17377,1.17423,1.1728499999999997,4.60000000000127,1,True,2.0,TP,1.6891304347826945,False
2026-01-06,630,1,1.17116,1.17095,1.17158,2.100000000000435,0,False,-1.0,SL,-1.68095238095224,False
2026-01-07,525,1,1.16869,1.16815,1.16977,5.399999999999849,1,False,-1.0,SL,-1.2648148148148222,False
2026-01-08,570,1,1.16749,1.16719,1.1680899999999999,2.9999999999996696,1,False,-1.0,SL,-1.4766666666667192,False
2026-01-09,485,1,1.16476,1.16455,1.16518,2.100000000000435,0,False,-1.0,SL,-1.68095238095224,False
2026-01-13,640,-1,1.167,1.16726,1.1664800000000002,2.5999999999992696,1,True,-1.0,SL,-1.5500000000001544,True
2026-01-14,480,-1,1.16489,1.165,1.1646699999999999,1.100000000000545,0,True,-1.0,SL,-2.299999999999356,False
2026-01-15,515,1,1.16299,1.16266,1.1636499999999999,3.2999999999994145,1,False,2.0,TP,1.5666666666665898,False
2026-01-16,530,-1,1.16118,1.16147,1.1606000000000003,2.8999999999990145,1,True,-1.0,SL,-1.4931034482760297,False
2026-01-19,500,-1,1.16345,1.164,1.1623500000000004,5.499999999998284,1,True,2.0,TP,1.739999999999919,False
2026-01-21,525,1,1.17135,1.17097,1.1721099999999995,3.7999999999982492,1,False,-1.0,SL,-1.3763157894738576,False
2026-01-26,530,1,1.18469,1.18441,1.1852500000000001,2.80000000000058,0,False,-1.0,SL,-1.51071428571418,False
2026-01-26,535,1,1.18454,1.18418,1.1852599999999998,3.5999999999991594,1,False,-1.0,SL,-1.397222222222315,False
2026-01-27,495,1,1.18725,1.18693,1.1878899999999997,3.1999999999987594,1,False,-1.0,SL,-1.446875000000173,False
2026-01-28,590,1,1.19763,1.1971,1.1986899999999998,5.299999999999194,0,False,-1.0,SL,-1.269811320754758,False
2026-01-28,595,1,1.19749,1.19705,1.19837,4.3999999999999595,1,False,2.0,TP,1.6749999999999972,False
2026-01-29,485,-1,1.19926,1.19964,1.1985,3.8000000000004697,0,True,2.0,TP,1.6236842105263622,True
2026-01-29,490,-1,1.19867,1.1994,1.1972099999999997,7.300000000001194,1,True,2.0,TP,1.8041095890411278,True
2026-01-29,655,1,1.19543,1.1952,1.19589,2.2999999999995246,0,False,-1.0,SL,-1.6217391304349111,True
2026-01-29,660,1,1.19556,1.19515,1.19638,4.100000000000215,1,False,-1.0,SL,-1.3487804878048597,True
2026-02-03,500,-1,1.18155,1.18202,1.1806100000000002,4.699999999999704,1,True,-1.0,SL,-1.3042553191489552,False
2026-02-04,555,-1,1.1835,1.18379,1.1829200000000002,2.8999999999990145,0,True,2.0,TP,1.5068965517239703,False
2026-02-05,560,-1,1.18074,1.18088,1.1804599999999998,1.40000000000029,0,True,2.0,TP,0.97857142857164,False
2026-02-05,665,1,1.17837,1.17802,1.1790699999999996,3.4999999999985043,1,False,2.0,TP,1.5914285714283969,False
2026-02-09,515,-1,1.18553,1.18579,1.1850100000000001,2.5999999999992696,0,True,-1.0,SL,-1.5500000000001544,False
2026-02-10,615,-1,1.19147,1.19188,1.19065,4.100000000000215,0,True,-1.0,SL,-1.3487804878048597,False
2026-02-12,605,-1,1.18845,1.18856,1.18823,1.100000000000545,0,True,-1.0,SL,-2.299999999999356,False
2026-02-12,610,-1,1.1883,1.18849,1.1879199999999996,1.900000000001345,1,True,-1.0,SL,-1.7526315789468356,False
2026-02-16,570,1,1.18629,1.18579,1.1872900000000004,5.00000000000167,0,False,-1.0,SL,-1.2859999999999046,False
2026-02-19,525,-1,1.18006,1.1802,1.1797800000000005,1.3999999999980695,0,True,-1.0,SL,-2.02142857142998,True
2026-02-20,540,1,1.17512,1.17496,1.1754399999999998,1.5999999999993797,0,False,-1.0,SL,-1.8937500000003464,False
2026-02-26,490,1,1.18101,1.18087,1.1812899999999995,1.3999999999980695,0,False,2.0,TP,0.97857142857002,False
2026-02-26,495,1,1.18126,1.18094,1.1818999999999997,3.1999999999987594,1,False,-1.0,SL,-1.446875000000173,False
2026-03-02,480,1,1.17321,1.173,1.1736300000000002,2.100000000000435,0,False,-1.0,SL,-1.68095238095224,False
2026-03-03,485,1,1.16647,1.1661,1.1672099999999999,3.6999999999998145,0,False,-1.0,SL,-1.3864864864865059,False
2026-03-04,500,-1,1.16138,1.16221,1.1597200000000003,8.299999999998864,0,True,-1.0,SL,-1.1722891566265297,False
2026-03-05,565,1,1.15885,1.15856,1.1594299999999997,2.8999999999990145,0,False,-1.0,SL,-1.4931034482760297,False
2026-03-06,600,1,1.16029,1.16014,1.1605900000000002,1.500000000000945,0,False,-1.0,SL,-1.9533333333327327,False
2026-03-09,580,-1,1.15569,1.15732,1.1524300000000005,16.299999999997983,0,True,-0.13496932515332158,cierre,-0.22269938650302568,False
2026-03-11,535,1,1.1607,1.1604,1.1613,2.9999999999996696,1,False,-1.0,SL,-1.4766666666667192,False
2026-03-12,485,-1,1.15542,1.15555,1.1551599999999995,1.3000000000018552,0,True,-1.0,SL,-2.0999999999984302,False
2026-03-12,495,-1,1.15542,1.1556,1.1550599999999998,1.80000000000069,1,True,2.0,TP,1.2055555555558601,False
2026-03-13,480,1,1.14577,1.14541,1.1464899999999998,3.5999999999991594,0,False,-1.0,SL,-1.397222222222315,False
2026-03-18,690,-1,1.15321,1.15511,1.14941,19.000000000000128,1,True,-0.25789473684204006,cierre,-0.33315789473677637,False
2026-03-19,480,1,1.14524,1.14506,1.1456000000000002,1.80000000000069,0,False,-1.0,SL,-1.7944444444441399,True
2026-03-20,510,-1,1.15771,1.15805,1.15703,3.4000000000000696,0,True,2.0,TP,1.579411764705891,False
2026-03-20,590,1,1.15537,1.15514,1.15583,2.2999999999995246,0,False,-1.0,SL,-1.6217391304349111,False
2026-03-23,670,1,1.15741,1.1487,1.17483,87.09999999999995,1,False,-0.1526980482204425,cierre,-0.1691159586682037,False
2026-03-26,495,1,1.15527,1.15496,1.15589,3.1000000000003247,1,False,2.0,TP,1.5387096774194031,False
2026-03-27,480,1,1.15187,1.15167,1.15227,1.9999999999997797,0,False,-1.0,SL,-1.7150000000000787,False
2026-03-27,490,1,1.1518,1.15158,1.1522399999999997,2.1999999999988695,1,False,-1.0,SL,-1.6500000000003339,False
2026-03-30,680,1,1.14888,1.14839,1.1498599999999997,4.899999999998794,1,False,0.040816326530889686,cierre,-0.25102040816305965,False
2026-04-03,570,-1,1.15437,1.15461,1.1538899999999999,2.4000000000001798,1,True,-1.0,SL,-1.5958333333332888,False
2026-04-10,685,-1,1.17008,1.1709,1.16844,8.20000000000043,1,True,0.46341463414637446,cierre,0.28902439024394455,False
2026-04-14,485,-1,1.17644,1.17709,1.1751399999999999,6.500000000000394,0,True,-1.0,SL,-1.2199999999999867,False
2026-04-15,675,1,1.17818,1.17752,1.1795000000000002,6.6000000000010495,0,False,0.3939393939392206,cierre,0.17727272727258842,True
2026-04-16,510,1,1.17972,1.1795,1.1801600000000003,2.20000000000109,0,False,-1.0,SL,-1.649999999999678,False
2026-04-17,520,1,1.17737,1.1772,1.17771,1.7000000000000348,0,False,2.0,TP,1.158823529411782,False
2026-04-21,485,1,1.17751,1.17718,1.1781700000000004,3.300000000001635,0,False,-1.0,SL,-1.4333333333331186,False
2026-04-21,505,1,1.17732,1.17721,1.1775399999999996,1.0999999999983245,1,False,2.0,TP,0.69999999999802,False
2026-04-24,595,-1,1.16872,1.16898,1.1682000000000001,2.5999999999992696,0,True,-1.0,SL,-1.5500000000001544,False
2026-04-27,560,-1,1.17312,1.17346,1.17244,3.4000000000000696,1,True,-1.0,SL,-1.420588235294109,False
2026-04-30,620,-1,1.1687,1.16913,1.1678400000000002,4.299999999999304,1,True,2.0,TP,1.6674418604650625,False
2026-05-01,490,1,1.17228,1.17212,1.1725999999999999,1.5999999999993797,1,False,-1.0,SL,-1.8937500000003464,False
2026-05-01,530,-1,1.17344,1.17389,1.17254,4.500000000000615,0,True,-1.0,SL,-1.3177777777777344,False
2026-05-05,585,-1,1.16919,1.1695,1.1685699999999999,3.1000000000003247,1,True,-1.0,SL,-1.4612903225805969,False
2026-05-07,515,1,1.17497,1.17451,1.1758900000000003,4.60000000000127,0,False,-1.0,SL,-1.3108695652173055,False
2026-05-07,535,1,1.17466,1.17448,1.1750200000000002,1.80000000000069,1,False,2.0,TP,1.2055555555558601,False
2026-05-07,550,-1,1.17625,1.17645,1.17585,1.9999999999997797,0,True,-1.0,SL,-1.7150000000000787,False
2026-05-08,480,-1,1.1737,1.17386,1.17338,1.5999999999993797,0,True,-1.0,SL,-1.8937500000003464,False
2026-05-11,570,-1,1.17712,1.17746,1.17644,3.4000000000000696,1,True,-1.0,SL,-1.420588235294109,False
2026-05-12,505,1,1.17535,1.17519,1.1756699999999998,1.5999999999993797,0,False,2.0,TP,1.1062499999996536,False
2026-05-13,485,1,1.1734,1.17308,1.1740400000000002,3.20000000000098,0,False,-1.0,SL,-1.4468749999998631,False
2026-05-14,485,1,1.17119,1.17096,1.1716499999999999,2.2999999999995246,0,False,-1.0,SL,-1.6217391304349111,False
2026-05-14,490,1,1.17107,1.17095,1.1713100000000003,1.2000000000012,1,False,-1.0,SL,-2.191666666665475,False
2026-05-14,530,-1,1.1718,1.17205,1.1712999999999998,2.500000000000835,0,True,-1.0,SL,-1.571999999999809,False
2026-05-15,485,1,1.16379,1.16323,1.1649100000000003,5.60000000000116,1,False,-1.0,SL,-1.25535714285709,False
2026-05-20,605,1,1.15947,1.15911,1.1601899999999998,3.5999999999991594,0,False,-1.0,SL,-1.397222222222315,False
2026-05-21,615,1,1.16259,1.16139,1.1649900000000002,12.000000000000899,1,False,0.4833333333333179,cierre,0.3641666666666602,False
2026-05-21,620,-1,1.16268,1.16353,1.16098,8.500000000000174,0,True,-0.5764705882354016,cierre,-0.7447058823530452,False
2026-05-22,480,1,1.1609,1.16071,1.1612800000000003,1.900000000001345,0,False,2.0,TP,1.2473684210531644,False
2026-05-25,565,1,1.16329,1.163,1.1638699999999997,2.8999999999990145,1,False,2.0,TP,1.5068965517239703,False
2026-05-26,485,1,1.16287,1.1627,1.16321,1.7000000000000348,1,False,2.0,TP,1.158823529411782,False
2026-05-29,620,1,1.16363,1.16337,1.1641499999999998,2.5999999999992696,1,False,-1.0,SL,-1.5500000000001544,False
2026-06-03,485,1,1.16219,1.16184,1.1628900000000002,3.5000000000007248,1,False,-1.0,SL,-1.408571428571344,False
2026-06-08,665,1,1.15095,1.15077,1.1513099999999996,1.7999999999984695,1,False,-1.0,SL,-1.7944444444451197,False
2026-06-10,485,-1,1.15542,1.15559,1.1550799999999999,1.7000000000000348,0,True,-1.0,SL,-1.841176470588218,True
2026-06-12,585,1,1.15604,1.15569,1.1567399999999997,3.4999999999985043,1,False,2.0,TP,1.5914285714283969,False
2026-06-16,485,1,1.15772,1.15748,1.1582000000000001,2.4000000000001798,1,False,-1.0,SL,-1.5958333333332888,False
2026-06-19,645,-1,1.14641,1.14658,1.14607,1.7000000000000348,0,True,2.0,TP,1.158823529411782,False
2026-06-22,485,1,1.14544,1.14525,1.1458199999999998,1.8999999999991246,0,False,2.0,TP,1.2473684210522848,False
2026-06-22,530,1,1.14538,1.14523,1.1456800000000003,1.500000000000945,1,False,2.0,TP,1.0466666666672673,False
2026-06-23,555,-1,1.14302,1.14344,1.1421799999999998,4.20000000000087,1,True,-1.0,SL,-1.34047619047612,False
2026-06-25,560,1,1.13513,1.13447,1.1364499999999997,6.599999999998829,0,False,2.0,TP,1.783333333333295,False
2026-06-26,515,-1,1.13803,1.13824,1.1376100000000005,2.0999999999982144,0,True,2.0,TP,1.3190476190470402,False
2026-06-29,485,-1,1.13932,1.13952,1.1389200000000002,1.9999999999997797,0,True,-1.0,SL,-1.7150000000000787,False
2026-06-30,480,1,1.13847,1.13825,1.1389100000000003,2.20000000000109,0,False,2.0,TP,1.350000000000322,False
2026-07-01,525,1,1.14019,1.14002,1.14053,1.7000000000000348,1,False,-1.0,SL,-1.841176470588218,False
2026-07-02,490,-1,1.13877,1.13916,1.1379900000000003,3.8999999999989043,1,True,-1.0,SL,-1.3666666666667697,False
2026-07-03,505,-1,1.14513,1.14581,1.14377,6.800000000000139,1,True,-1.0,SL,-1.2102941176470545,False
2026-07-07,500,1,1.14295,1.14267,1.1435099999999996,2.7999999999983594,1,False,-1.0,SL,-1.510714285714585,False
2026-07-08,485,-1,1.14178,1.14235,1.14064,5.699999999999594,0,True,-1.0,SL,-1.250877192982474,False
2026-07-08,680,1,1.14051,1.1396,1.1423299999999998,9.099999999999664,1,False,0.04395604395608954,cierre,-0.1131868131867734,False
2026-07-13,555,-1,1.14081,1.14104,1.1403500000000002,2.2999999999995246,0,True,-1.0,SL,-1.6217391304349111,False
2026-07-13,565,-1,1.14079,1.14094,1.1404899999999998,1.500000000000945,1,True,-1.0,SL,-1.9533333333327327,False
2026-07-14,595,-1,1.13959,1.1397,1.1393700000000004,1.0999999999983245,1,True,2.0,TP,0.69999999999802,False
2026-07-16,595,-1,1.1472,1.1476,1.1464,3.9999999999995595,1,True,2.0,TP,1.6424999999999605,False
2026-07-20,595,-1,1.14432,1.14469,1.14358,3.6999999999998145,1,True,2.0,TP,1.6135135135134941,False
2026-07-21,510,-1,1.142,1.14219,1.1416199999999996,1.900000000001345,1,True,-1.0,SL,-1.7526315789468356,False
2026-07-24,605,-1,1.13873,1.13904,1.13811,3.1000000000003247,1,True,0.06451612903195769,cierre,-0.39677419354863913,True
2026-07-30,485,1,1.14485,1.14471,1.14513,1.40000000000029,0,False,-1.0,SL,-2.02142857142836,False
2026-08-03,535,1,1.15268,1.15244,1.15316,2.4000000000001798,1,False,-1.0,SL,-1.5958333333332888,False
2026-08-04,570,-1,1.15125,1.1517,1.1503500000000004,4.499999999998394,1,True,2.0,TP,1.6822222222221088,False
2026-08-06,525,1,1.15456,1.15429,1.1551,2.6999999999999247,1,False,-1.0,SL,-1.5296296296296443,False
2026-08-07,550,1,1.15202,1.15176,1.1525400000000003,2.60000000000149,0,False,2.0,TP,1.4500000000003153,False
2026-08-07,665,-1,1.15235,1.15255,1.15195,1.9999999999997797,0,True,-1.0,SL,-1.7150000000000787,False
2026-08-10,590,-1,1.15612,1.15654,1.1552800000000003,4.199999999998649,1,True,-1.0,SL,-1.3404761904762998,False
2026-08-12,690,-1,1.15426,1.1547,1.15338,4.3999999999999595,1,True,-0.22727272727270434,cierre,-0.5522727272727073,False
2026-08-13,690,-1,1.15309,1.15321,1.1528499999999997,1.2000000000012,0,True,-0.2499999999995374,cierre,-1.4416666666650124,False
2026-08-14,490,-1,1.15416,1.1544,1.15368,2.4000000000001798,1,True,-1.0,SL,-1.5958333333332888,False
2026-08-17,485,-1,1.15877,1.15893,1.1584500000000002,1.5999999999993797,0,True,2.0,TP,1.1062499999996536,False
2026-08-17,490,-1,1.15857,1.15892,1.1578700000000004,3.4999999999985043,1,True,-1.0,SL,-1.4085714285716031,False
