lado,t,ent,stop,obj,rgoP,largo,gana,Rb,Rn,anio
venta,2020-01-02 09:30:00,1.1209,1.12141,1.11988,5.1000000000001044,False,1,2,1.7196078431372608,2020
venta,2020-01-03 04:35:00,1.11728,1.11749,1.11686,2.100000000000435,False,1,2,1.31904761904776,2020
venta,2020-01-03 07:10:00,1.11633,1.11701,1.11497,6.800000000000139,False,0,-1,-1.2102941176470545,2020
venta,2020-01-05 23:50:00,1.11614,1.11677,1.1148799999999996,6.300000000001305,False,0,-1,-1.22698412698408,2020
venta,2020-01-06 03:55:00,1.11657,1.11709,1.1155300000000004,5.199999999998539,False,0,-1,-1.2750000000000772,2020
compra,2020-01-06 06:45:00,1.11609,1.11571,1.1168500000000001,3.8000000000004697,True,1,2,1.6236842105263622,2020
venta,2020-01-07 03:55:00,1.11922,1.11943,1.1188000000000005,2.0999999999982144,False,1,2,1.3190476190470402,2020
venta,2020-01-07 18:55:00,1.11434,1.11495,1.11312,6.099999999999994,False,0,-1,-1.234426229508197,2020
compra,2020-01-08 13:35:00,1.11191,1.11111,1.1135099999999998,7.999999999999119,True,0,-1,-1.1787500000000197,2020
compra,2020-01-09 12:05:00,1.11115,1.11034,1.11277,8.099999999999774,True,0,-1,-1.176543209876548,2020
venta,2020-01-09 19:55:00,1.11061,1.11098,1.1098700000000001,3.6999999999998145,False,0,-1,-1.3864864864865059,2020
compra,2020-01-10 19:25:00,1.11208,1.11171,1.11282,3.6999999999998145,True,0,-1,-1.3864864864865059,2020
compra,2020-01-13 08:55:00,1.1128,1.112,1.1143999999999998,7.999999999999119,True,0,-1,-1.1787500000000197,2020
venta,2020-01-13 09:50:00,1.11167,1.11361,1.1077899999999998,19.400000000000528,False,0,-1,-1.0737113402061835,2020
compra,2020-01-13 14:30:00,1.11256,1.11176,1.1141599999999998,7.999999999999119,True,1,2,1.8212499999999803,2020
venta,2020-01-15 07:30:00,1.11322,1.11368,1.1123000000000003,4.599999999999049,False,1,2,1.6891304347825444,2020
compra,2020-01-15 20:55:00,1.11523,1.11482,1.11605,4.100000000000215,True,0,-1,-1.3487804878048597,2020
venta,2020-01-16 03:45:00,1.11532,1.11549,1.11498,1.7000000000000348,False,1,2,1.158823529411782,2020
venta,2020-01-17 07:50:00,1.11358,1.11411,1.1125200000000002,5.299999999999194,False,1,2,1.730188679245242,2020
compra,2020-01-19 23:55:00,1.10946,1.10889,1.1105999999999998,5.699999999999594,True,0,-1,-1.250877192982474,2020
venta,2020-01-20 00:55:00,1.10928,1.10985,1.1081400000000001,5.699999999999594,False,0,-1,-1.250877192982474,2020
compra,2020-01-20 04:55:00,1.10965,1.1094,1.1101500000000002,2.500000000000835,True,1,2,1.428000000000191,2020
venta,2020-01-20 07:55:00,1.10943,1.11023,1.1078299999999996,8.00000000000134,False,1,2,1.82125000000003,2020
compra,2020-01-20 09:55:00,1.10896,1.10839,1.1100999999999999,5.699999999999594,True,0,-1,-1.250877192982474,2020
compra,2020-01-20 22:35:00,1.10972,1.10934,1.1104800000000001,3.8000000000004697,True,0,-1,-1.3763157894736378,2020
compra,2020-01-20 23:40:00,1.10959,1.10933,1.1101100000000004,2.60000000000149,True,0,-1,-1.5499999999996847,2020
compra,2020-01-22 02:55:00,1.10804,1.10773,1.1086599999999995,3.0999999999981043,True,0,-1,-1.4612903225809273,2020
venta,2020-01-22 10:40:00,1.10893,1.10938,1.1080299999999998,4.500000000000615,False,1,2,1.6822222222222656,2020
compra,2020-01-22 12:35:00,1.10832,1.10771,1.10954,6.099999999999994,True,1,2,1.765573770491803,2020
compra,2020-01-23 19:40:00,1.1054,1.10482,1.10656,5.800000000000249,True,0,-1,-1.2465517241379205,2020
venta,2020-01-23 21:55:00,1.10542,1.1058,1.1046600000000004,3.7999999999982492,False,0,-1,-1.3763157894738576,2020
compra,2020-01-24 10:30:00,1.10372,1.10316,1.1048400000000003,5.60000000000116,True,0,-1,-1.25535714285709,2020
venta,2020-01-27 14:15:00,1.10238,1.10315,1.1008399999999996,7.7000000000015945,False,1,2,1.8142857142857527,2020
venta,2020-01-27 20:55:00,1.10168,1.10187,1.1013000000000002,1.8999999999991246,False,0,-1,-1.7526315789477152,2020
venta,2020-01-28 04:40:00,1.1021,1.10223,1.1018400000000002,1.2999999999996348,False,0,-1,-2.1000000000003087,2020
compra,2020-01-28 15:10:00,1.10049,1.09999,1.1014899999999999,4.999999999999449,True,0,-1,-1.2860000000000316,2020
venta,2020-01-29 15:50:00,1.09998,1.10098,1.0979799999999997,10.000000000001119,False,0,-1,-1.142999999999984,2020
compra,2020-01-29 19:05:00,1.10056,1.1001,1.1014799999999998,4.599999999999049,True,0,-1,-1.3108695652174556,2020
compra,2020-01-31 00:35:00,1.10308,1.10276,1.1037200000000003,3.20000000000098,True,0,-1,-1.4468749999998631,2020
compra,2020-01-31 09:35:00,1.10322,1.10202,1.1056200000000003,12.000000000000899,True,1,2,1.8808333333333422,2020
compra,2020-02-03 15:50:00,1.10508,1.10356,1.10812,15.199999999999658,True,0,-1,-1.0940789473684231,2020
venta,2020-02-04 15:25:00,1.10373,1.10483,1.1015300000000003,10.999999999998789,False,1,2,1.8699999999999857,2020
venta,2020-02-04 17:55:00,1.10371,1.10439,1.10235,6.800000000000139,False,0,-1,-1.2102941176470545,2020
compra,2020-02-04 18:05:00,1.10414,1.10383,1.1047599999999995,3.0999999999981043,True,0,-1,-1.4612903225809273,2020
venta,2020-02-04 21:55:00,1.10434,1.10457,1.1038800000000002,2.2999999999995246,False,0,-1,-1.6217391304349111,2020
compra,2020-02-05 00:35:00,1.10445,1.1042,1.1049499999999997,2.4999999999986144,True,0,-1,-1.5720000000003171,2020
venta,2020-02-05 06:40:00,1.10345,1.10382,1.10271,3.6999999999998145,False,0,-1,-1.3864864864865059,2020
venta,2020-02-05 07:50:00,1.10365,1.10395,1.10305,2.9999999999996696,False,0,-1,-1.4766666666667192,2020
compra,2020-02-06 05:40:00,1.09978,1.0994,1.10054,3.8000000000004697,True,1,2,1.6236842105263622,2020
venta,2020-02-06 08:05:00,1.10011,1.10056,1.0992099999999998,4.500000000000615,False,0,-1,-1.3177777777777344,2020
compra,2020-02-06 19:55:00,1.09768,1.09707,1.0989,6.099999999999994,True,0,-1,-1.234426229508197,2020
compra,2020-02-07 00:40:00,1.09797,1.09776,1.0983899999999995,2.0999999999982144,True,1,2,1.3190476190470402,2020
venta,2020-02-07 02:15:00,1.09818,1.09831,1.09792,1.2999999999996348,False,0,-1,-2.1000000000003087,2020
compra,2020-02-10 15:10:00,1.09326,1.09276,1.0942599999999998,4.999999999999449,True,0,-1,-1.2860000000000316,2020
venta,2020-02-12 00:05:00,1.09151,1.09189,1.0907499999999999,3.8000000000004697,False,0,-1,-1.3763157894736378,2020
compra,2020-02-12 07:55:00,1.09146,1.08972,1.0949400000000002,17.400000000000748,True,0,-1,-1.0821839080459734,2020
compra,2020-02-12 23:50:00,1.08743,1.08712,1.0880499999999995,3.0999999999981043,True,0,-1,-1.4612903225809273,2020
compra,2020-02-14 08:55:00,1.0843,1.08322,1.08646,10.799999999999699,True,0,-1,-1.132407407407411,2020
venta,2020-02-17 17:40:00,1.08343,1.08399,1.0823099999999997,5.60000000000116,False,1,2,1.74464285714291,2020
compra,2020-02-18 20:55:00,1.07958,1.07908,1.0805799999999999,4.999999999999449,True,0,-1,-1.2860000000000316,2020
venta,2020-02-19 21:50:00,1.0807,1.08115,1.0797999999999999,4.500000000000615,False,0,-1,-1.3177777777777344,2020
compra,2020-02-20 11:45:00,1.07944,1.07874,1.0808399999999998,6.999999999999229,True,0,-1,-1.2042857142857368,2020
compra,2020-02-20 20:55:00,1.07896,1.07848,1.0799199999999995,4.799999999998139,True,0,-1,-1.297916666666782,2020
venta,2020-02-25 18:30:00,1.08727,1.08827,1.0852699999999997,10.000000000001119,False,0,-1,-1.142999999999984,2020
venta,2020-02-26 12:40:00,1.08777,1.09086,1.0815899999999998,30.90000000000037,False,0,-1,-1.046278317152103,2020
compra,2020-02-28 02:30:00,1.09893,1.09822,1.10035,7.099999999999884,True,1,2,1.7985915492957714,2020
venta,2020-02-28 19:10:00,1.09982,1.10057,1.09832,7.500000000000284,False,0,-1,-1.1906666666666594,2020
venta,2020-03-02 10:55:00,1.10848,1.10925,1.1069399999999996,7.7000000000015945,False,0,-1,-1.1857142857142473,2020
venta,2020-03-02 12:25:00,1.11101,1.11278,1.10747,17.700000000000493,False,0,-1,-1.0807909604519752,2020
compra,2020-03-03 01:40:00,1.11354,1.11202,1.11658,15.199999999999658,True,0,-1,-1.0940789473684231,2020
compra,2020-03-03 12:35:00,1.11254,1.11107,1.1154800000000002,14.700000000000824,True,0,-1,-1.0972789115646204,2020
venta,2020-03-04 18:50:00,1.11312,1.11372,1.1119200000000002,5.999999999999339,False,0,-1,-1.2383333333333595,2020
compra,2020-03-05 04:35:00,1.11389,1.11357,1.1145300000000002,3.20000000000098,True,0,-1,-1.4468749999998631,2020
venta,2020-03-05 05:50:00,1.11345,1.114,1.11235,5.5000000000005045,False,1,2,1.7400000000000237,2020
compra,2020-03-05 11:55:00,1.11831,1.11565,1.1236299999999997,26.599999999998847,True,1,2,1.946240601503757,2020
venta,2020-03-09 04:55:00,1.13816,1.14251,1.1294600000000004,43.499999999998536,False,0,-1,-1.0328735632183919,2020
compra,2020-03-09 11:55:00,1.14356,1.14029,1.1500999999999997,32.69999999999884,True,0,-1,-1.0437308868501545,2020
compra,2020-03-09 20:25:00,1.14473,1.14211,1.1499700000000002,26.200000000000667,True,0,-1,-1.0545801526717544,2020
compra,2020-03-10 06:40:00,1.13677,1.13466,1.1409900000000002,21.100000000000563,True,0,-1,-1.0677725118483394,2020
venta,2020-03-10 07:40:00,1.13774,1.1401,1.1330200000000001,23.599999999999177,False,1,2,1.9394067796610148,2020
venta,2020-03-10 19:55:00,1.12794,1.13073,1.1223599999999998,27.900000000000702,False,0,-1,-1.051254480286737,2020
venta,2020-03-11 06:05:00,1.13446,1.13585,1.13168,13.900000000000023,False,1,2,1.8971223021582735,2020
compra,2020-03-12 15:30:00,1.10981,1.1055,1.11843,43.10000000000036,True,1,2,1.9668213457076569,2020
venta,2020-03-13 11:30:00,1.11465,1.11862,1.1067099999999999,39.70000000000029,False,1,2,1.963979848866499,2020
compra,2020-03-15 20:20:00,1.1177,1.10705,1.1389999999999996,106.49999999999825,True,0,-1,-1.0134272300469487,2020
venta,2020-03-16 06:25:00,1.11293,1.11534,1.10811,24.100000000000232,False,0,-1,-1.0593360995850616,2020
compra,2020-03-16 14:40:00,1.11422,1.10942,1.1238199999999998,47.999999999999154,True,0,-1,-1.029791666666667,2020
compra,2020-03-20 05:40:00,1.07747,1.07414,1.0841299999999996,33.29999999999833,True,0,-1,-1.042942942942945,2020
venta,2020-03-22 20:45:00,1.06929,1.07044,1.06699,11.499999999999844,False,1,2,1.8756521739130418,2020
venta,2020-03-22 23:25:00,1.06791,1.07031,1.0631099999999996,24.000000000001798,False,0,-1,-1.0595833333333289,2020
venta,2020-03-23 05:45:00,1.07387,1.07684,1.0679300000000003,29.69999999999917,False,1,2,1.9518518518518506,2020
venta,2020-03-24 10:40:00,1.08512,1.08879,1.0777800000000004,36.6999999999984,False,1,2,1.9610354223433226,2020
compra,2020-03-24 18:50:00,1.07593,1.07457,1.07865,13.600000000000279,True,1,2,1.8948529411764727,2020
venta,2020-03-25 04:05:00,1.07988,1.08132,1.0769999999999997,14.400000000001079,False,0,-1,-1.0993055555555482,2020
compra,2020-03-25 10:25:00,1.08245,1.07995,1.0874499999999998,24.999999999999467,True,0,-1,-1.0572000000000012,2020
compra,2020-03-26 04:05:00,1.09153,1.09066,1.0932699999999997,8.699999999999264,True,0,-1,-1.164367816091968,2020
venta,2020-03-26 19:35:00,1.10345,1.10587,1.0986100000000003,24.199999999998667,False,0,-1,-1.0590909090909124,2020
venta,2020-03-27 00:45:00,1.10363,1.10484,1.1012100000000002,12.099999999999334,False,0,-1,-1.1181818181818246,2020
compra,2020-03-27 04:50:00,1.10641,1.10551,1.1082099999999997,8.999999999999009,True,0,-1,-1.1588888888889064,2020
venta,2020-03-30 06:55:00,1.10619,1.10971,1.09915,35.199999999999676,False,1,2,1.9593749999999996,2020
compra,2020-03-30 13:20:00,1.10329,1.101,1.1078700000000004,22.900000000001253,True,0,-1,-1.0624454148471583,2020
venta,2020-03-30 20:50:00,1.10413,1.10556,1.10127,14.300000000000423,False,1,2,1.900000000000003,2020
compra,2020-03-31 14:25:00,1.09694,1.09426,1.1023,26.800000000000157,True,1,2,1.9466417910447764,2020
venta,2020-03-31 21:45:00,1.10296,1.10371,1.1014599999999999,7.500000000000284,False,0,-1,-1.1906666666666594,2020
venta,2020-04-01 14:40:00,1.09211,1.09417,1.0879899999999996,20.600000000001728,False,0,-1,-1.0694174757281496,2020
venta,2020-04-02 01:55:00,1.09404,1.09591,1.0902999999999998,18.700000000000383,False,0,-1,-1.0764705882352925,2020
compra,2020-04-02 03:45:00,1.09397,1.09302,1.0958700000000001,9.500000000000064,True,1,2,1.8494736842105273,2020
venta,2020-04-02 06:55:00,1.09366,1.09644,1.0881,27.800000000000047,False,1,2,1.9485611510791367,2020
venta,2020-04-02 20:45:00,1.08555,1.08666,1.0833300000000001,11.099999999999444,False,1,2,1.8711711711711647,2020
venta,2020-04-03 12:30:00,1.07824,1.07941,1.0759000000000003,11.699999999998933,False,0,-1,-1.1222222222222333,2020
venta,2020-04-03 15:35:00,1.0786,1.08093,1.0739400000000001,23.299999999999432,False,0,-1,-1.0613733905579414,2020
compra,2020-04-06 07:45:00,1.08256,1.08115,1.0853799999999998,14.099999999999113,True,0,-1,-1.1014184397163185,2020
venta,2020-04-06 10:50:00,1.08002,1.0818,1.0764599999999998,17.80000000000115,False,0,-1,-1.0803370786516802,2020
venta,2020-04-06 20:50:00,1.0791,1.07996,1.0773799999999998,8.60000000000083,False,0,-1,-1.166279069767426,2020
venta,2020-04-07 14:50:00,1.08939,1.09263,1.0829100000000003,32.399999999999096,False,0,-1,-1.044135802469137,2020
venta,2020-04-08 04:45:00,1.08655,1.08713,1.0853899999999999,5.800000000000249,False,0,-1,-1.2465517241379205,2020
compra,2020-04-08 16:55:00,1.08635,1.08508,1.0888899999999997,12.699999999998823,True,0,-1,-1.1125984251968608,2020
compra,2020-04-09 09:35:00,1.08777,1.08661,1.0900899999999996,11.599999999998278,True,0,-1,-1.1232758620689838,2020
venta,2020-04-09 20:30:00,1.09247,1.09396,1.08949,14.899999999999913,False,0,-1,-1.0959731543624167,2020
venta,2020-04-09 23:35:00,1.09266,1.09353,1.0909200000000001,8.699999999999264,False,0,-1,-1.164367816091968,2020
venta,2020-04-10 16:45:00,1.09478,1.09506,1.0942200000000004,2.7999999999983594,False,1,2,1.489285714285415,2020
compra,2020-04-13 01:55:00,1.09313,1.09273,1.0939299999999998,3.9999999999995595,True,0,-1,-1.3575000000000395,2020
venta,2020-04-16 09:05:00,1.08729,1.08886,1.0841500000000004,15.699999999998493,False,0,-1,-1.0910828025477795,2020
compra,2020-04-17 05:45:00,1.08703,1.08635,1.08839,6.800000000000139,True,0,-1,-1.2102941176470545,2020
compra,2020-04-21 05:35:00,1.08381,1.08283,1.08577,9.799999999999809,True,0,-1,-1.1459183673469415,2020
compra,2020-04-27 03:50:00,1.08316,1.08197,1.0855399999999995,11.899999999998023,True,1,2,1.8798319327730892,2020
venta,2020-04-27 12:30:00,1.08496,1.08584,1.0832,8.799999999999919,False,1,2,1.8374999999999986,2020
compra,2020-04-28 00:05:00,1.08255,1.08233,1.0829899999999997,2.1999999999988695,True,0,-1,-1.6500000000003339,2020
compra,2020-04-29 12:55:00,1.08572,1.08395,1.0892600000000001,17.700000000000493,True,0,-1,-1.0807909604519752,2020
compra,2020-04-29 17:05:00,1.08555,1.08492,1.0868099999999998,6.299999999999084,True,0,-1,-1.22698412698416,2020
venta,2020-05-03 22:45:00,1.09558,1.09736,1.0920200000000002,17.799999999998928,False,1,2,1.9196629213483098,2020
compra,2020-05-04 22:40:00,1.09038,1.09003,1.0910799999999996,3.4999999999985043,True,1,2,1.5914285714283969,2020
venta,2020-05-05 01:55:00,1.09089,1.09159,1.0894899999999996,7.0000000000014495,False,1,2,1.795714285714328,2020
compra,2020-05-05 04:55:00,1.09065,1.08994,1.0920699999999999,7.099999999999884,True,0,-1,-1.2014084507042286,2020
venta,2020-05-05 06:55:00,1.0903,1.09149,1.08792,11.900000000000244,False,0,-1,-1.1201680672268883,2020
venta,2020-05-05 10:45:00,1.08407,1.08567,1.0808700000000004,15.999999999998238,False,0,-1,-1.0893750000000098,2020
compra,2020-05-06 05:45:00,1.08398,1.08355,1.0848399999999998,4.299999999999304,True,0,-1,-1.3325581395349375,2020
venta,2020-05-07 00:20:00,1.07937,1.07998,1.07815,6.099999999999994,False,0,-1,-1.234426229508197,2020
compra,2020-05-07 09:55:00,1.07987,1.07782,1.0839700000000003,20.500000000001073,True,0,-1,-1.069756097560972,2020
venta,2020-05-07 21:50:00,1.08293,1.08324,1.0823099999999999,3.1000000000003247,False,1,2,1.5387096774194031,2020
venta,2020-05-08 18:35:00,1.0843,1.08533,1.0822400000000003,10.299999999998644,False,1,2,1.861165048543671,2020
compra,2020-05-12 09:40:00,1.08213,1.08124,1.0839100000000002,8.900000000000574,True,1,2,1.8393258426966397,2020
compra,2020-05-13 00:20:00,1.08528,1.08446,1.08692,8.20000000000043,True,0,-1,-1.1743902439024299,2020
venta,2020-05-13 12:40:00,1.08726,1.08811,1.0855599999999999,8.500000000000174,False,0,-1,-1.1682352941176437,2020
venta,2020-05-13 13:05:00,1.08704,1.08811,1.0849000000000002,10.699999999999044,False,0,-1,-1.1336448598130962,2020
venta,2020-05-14 00:05:00,1.08186,1.08192,1.0817400000000001,0.5999999999994898,False,0,-1,-3.3833333333353597,2020
compra,2020-05-14 06:35:00,1.08112,1.08014,1.08308,9.799999999999809,True,0,-1,-1.1459183673469415,2020
venta,2020-05-14 08:55:00,1.081,1.08202,1.07896,10.200000000000209,False,1,2,1.8598039215686304,2020
compra,2020-05-15 02:50:00,1.08022,1.07984,1.08098,3.8000000000004697,True,1,2,1.6236842105263622,2020
compra,2020-05-15 07:55:00,1.08163,1.07932,1.0862500000000002,23.100000000000342,True,0,-1,-1.061904761904761,2020
venta,2020-05-15 08:45:00,1.08081,1.08182,1.0787900000000001,10.099999999999554,False,0,-1,-1.141584158415848,2020
compra,2020-05-18 05:35:00,1.08206,1.08175,1.08268,3.1000000000003247,True,0,-1,-1.4612903225805969,2020
compra,2020-05-18 06:15:00,1.08242,1.08175,1.0837599999999998,6.699999999999484,True,0,-1,-1.2134328358209119,2020
venta,2020-05-18 16:45:00,1.09049,1.09199,1.0874899999999998,15.000000000000568,False,0,-1,-1.0953333333333297,2020
venta,2020-05-19 07:50:00,1.09286,1.09452,1.08954,16.599999999999948,False,0,-1,-1.0861445783132533,2020
venta,2020-05-19 21:30:00,1.0919,1.09309,1.0895200000000005,11.899999999998023,False,0,-1,-1.1201680672269108,2020
compra,2020-05-20 06:45:00,1.09457,1.09413,1.09545,4.3999999999999595,True,0,-1,-1.3250000000000028,2020
venta,2020-05-20 12:30:00,1.0953,1.09665,1.0926,13.499999999999623,False,0,-1,-1.1059259259259289,2020
venta,2020-05-21 09:35:00,1.09642,1.0976,1.09406,11.799999999999589,False,0,-1,-1.1211864406779704,2020
venta,2020-05-21 17:50:00,1.09579,1.09685,1.09367,10.600000000000609,False,1,2,1.8650943396226491,2020
venta,2020-05-22 17:50:00,1.08891,1.08946,1.08781,5.5000000000005045,False,0,-1,-1.2599999999999763,2020
venta,2020-05-25 00:05:00,1.09026,1.09054,1.0897,2.80000000000058,False,0,-1,-1.51071428571418,2020
compra,2020-05-25 11:50:00,1.09052,1.08956,1.0924399999999996,9.599999999998499,True,0,-1,-1.1489583333333566,2020
venta,2020-05-25 12:30:00,1.09062,1.09144,1.0889799999999998,8.20000000000043,False,0,-1,-1.1743902439024299,2020
compra,2020-05-25 14:35:00,1.08986,1.08898,1.09162,8.799999999999919,True,1,2,1.8374999999999986,2020
compra,2020-05-26 05:55:00,1.09221,1.09167,1.0932899999999999,5.399999999999849,True,0,-1,-1.2648148148148222,2020
compra,2020-05-26 07:10:00,1.09354,1.0916,1.09742,19.400000000000528,True,1,2,1.9262886597938165,2020
compra,2020-05-26 16:55:00,1.09763,1.09678,1.0993300000000001,8.500000000000174,True,1,2,1.8317647058823563,2020
venta,2020-05-26 23:55:00,1.09784,1.0985,1.0965199999999997,6.6000000000010495,False,1,2,1.7833333333333679,2020
compra,2020-05-27 05:30:00,1.09587,1.09522,1.0971699999999995,6.499999999998174,True,0,-1,-1.2200000000000617,2020
venta,2020-05-27 08:40:00,1.09648,1.09791,1.0936199999999998,14.300000000000423,False,1,2,1.900000000000003,2020
venta,2020-05-28 19:45:00,1.10687,1.10934,1.10193,24.699999999999722,False,0,-1,-1.0578947368421059,2020
venta,2020-05-29 14:50:00,1.11159,1.11329,1.1081900000000005,16.999999999998128,False,1,2,1.9158823529411673,2020
compra,2020-05-29 17:55:00,1.10912,1.10809,1.1111800000000003,10.300000000000864,True,1,2,1.861165048543701,2020
compra,2020-06-02 22:50:00,1.11741,1.11667,1.11889,7.399999999999629,True,1,2,1.806756756756747,2020
compra,2020-06-03 02:30:00,1.11881,1.11857,1.1192900000000001,2.4000000000001798,True,0,-1,-1.5958333333332888,2020
venta,2020-06-03 05:45:00,1.12011,1.1212,1.1179299999999999,10.900000000000354,False,0,-1,-1.1311926605504545,2020
venta,2020-06-05 12:30:00,1.13006,1.13435,1.1214800000000003,42.89999999999905,False,0,-1,-1.033333333333334,2020
compra,2020-06-05 14:45:00,1.13106,1.12828,1.13662,27.800000000000047,True,0,-1,-1.0514388489208633,2020
compra,2020-06-05 20:55:00,1.12911,1.12784,1.1316500000000003,12.700000000001044,True,1,2,1.887401574803159,2020
venta,2020-06-09 06:20:00,1.12887,1.12961,1.1273900000000001,7.399999999999629,False,1,2,1.806756756756747,2020
venta,2020-06-09 18:35:00,1.13425,1.13481,1.1331299999999997,5.60000000000116,False,1,2,1.74464285714291,2020
venta,2020-06-09 23:50:00,1.13323,1.1341,1.1314899999999997,8.700000000001484,False,0,-1,-1.164367816091926,2020
compra,2020-06-10 02:20:00,1.1342,1.13378,1.1350400000000003,4.20000000000087,True,1,2,1.65952380952388,2020
venta,2020-06-11 07:05:00,1.13479,1.13574,1.13289,9.500000000000064,False,0,-1,-1.1505263157894727,2020
compra,2020-06-12 01:55:00,1.1288,1.12796,1.13048,8.399999999999519,True,1,2,1.829761904761895,2020
compra,2020-06-15 06:30:00,1.12464,1.12267,1.1285800000000001,19.700000000000273,True,1,2,1.9274111675126915,2020
compra,2020-06-15 11:45:00,1.12647,1.12404,1.1313300000000004,24.300000000001543,True,1,2,1.9411522633744893,2020
venta,2020-06-16 00:25:00,1.13316,1.13398,1.1315199999999999,8.20000000000043,False,0,-1,-1.1743902439024299,2020
compra,2020-06-16 08:50:00,1.13416,1.1315,1.1394800000000003,26.600000000001067,True,0,-1,-1.0537593984962383,2020
compra,2020-06-16 22:40:00,1.12569,1.12532,1.12643,3.6999999999998145,True,1,2,1.6135135135134941,2020
compra,2020-06-18 10:40:00,1.12509,1.1239,1.12747,11.900000000000244,True,0,-1,-1.1201680672268883,2020
venta,2020-06-18 11:25:00,1.12409,1.12585,1.12057,17.599999999999838,False,1,2,1.9187499999999993,2020
compra,2020-06-18 14:55:00,1.1221,1.12026,1.1257800000000002,18.400000000000638,True,0,-1,-1.0777173913043452,2020
venta,2020-06-22 05:45:00,1.11987,1.12046,1.1186899999999997,5.9000000000009045,False,0,-1,-1.242372881355895,2020
compra,2020-06-22 06:35:00,1.12003,1.11895,1.1221900000000005,10.80000000000192,True,0,-1,-1.132407407407384,2020
compra,2020-06-23 06:30:00,1.12667,1.12565,1.12871,10.200000000000209,True,1,2,1.8598039215686304,2020
compra,2020-06-23 19:35:00,1.13105,1.1306,1.1319500000000002,4.500000000000615,True,0,-1,-1.3177777777777344,2020
compra,2020-06-24 08:45:00,1.1299,1.12869,1.1323199999999998,12.099999999999334,True,0,-1,-1.1181818181818246,2020
venta,2020-06-24 11:25:00,1.13004,1.13111,1.1278999999999997,10.700000000001264,False,1,2,1.8663551401869316,2020
venta,2020-06-24 15:10:00,1.12623,1.12795,1.1227900000000002,17.199999999999438,False,0,-1,-1.0831395348837236,2020
compra,2020-06-25 00:20:00,1.1252,1.12457,1.1264599999999998,6.299999999999084,True,0,-1,-1.22698412698416,2020
venta,2020-06-25 08:55:00,1.12295,1.12506,1.1187299999999998,21.100000000000563,False,0,-1,-1.0677725118483394,2020
venta,2020-06-26 04:45:00,1.12226,1.12263,1.12152,3.6999999999998145,False,1,2,1.6135135135134941,2020
compra,2020-06-26 07:25:00,1.12143,1.12059,1.1231099999999998,8.399999999999519,True,1,2,1.829761904761895,2020
compra,2020-06-29 08:35:00,1.12523,1.12404,1.12761,11.900000000000244,True,1,2,1.8798319327731117,2020
venta,2020-06-30 21:35:00,1.12314,1.12364,1.1221400000000001,4.999999999999449,False,0,-1,-1.2860000000000316,2020
venta,2020-07-01 08:45:00,1.1231,1.12448,1.1203400000000001,13.799999999999368,False,1,2,1.8963768115941981,2020
venta,2020-07-02 01:55:00,1.12532,1.12582,1.1243200000000002,4.999999999999449,False,0,-1,-1.2860000000000316,2020
venta,2020-07-02 14:55:00,1.12292,1.12815,1.1124599999999998,52.30000000000068,False,0,-1,-1.0273422562141488,2020
compra,2020-07-02 21:55:00,1.12384,1.1235,1.12452,3.4000000000000696,True,0,-1,-1.420588235294109,2020
compra,2020-07-03 05:50:00,1.12362,1.12287,1.1251200000000001,7.500000000000284,True,0,-1,-1.1906666666666594,2020
venta,2020-07-03 07:20:00,1.12343,1.12403,1.1222299999999996,6.00000000000156,False,0,-1,-1.2383333333332713,2020
venta,2020-07-03 11:25:00,1.12281,1.12345,1.1215300000000001,6.399999999999739,False,0,-1,-1.223437500000009,2020
venta,2020-07-03 20:45:00,1.12424,1.1247,1.1233199999999997,4.60000000000127,False,0,-1,-1.3108695652173055,2020
compra,2020-07-07 00:40:00,1.13303,1.13093,1.13723,20.999999999999908,True,0,-1,-1.0680952380952384,2020
venta,2020-07-07 13:55:00,1.12856,1.13068,1.1243200000000002,21.199999999998997,False,0,-1,-1.0674528301886825,2020
venta,2020-07-09 00:40:00,1.13381,1.13467,1.1320899999999998,8.60000000000083,False,0,-1,-1.166279069767426,2020
venta,2020-07-13 15:30:00,1.13582,1.13709,1.1332800000000003,12.699999999998823,False,0,-1,-1.1125984251968608,2020
venta,2020-07-13 16:50:00,1.13665,1.13748,1.1349899999999997,8.300000000001084,False,1,2,1.8277108433735165,2020
venta,2020-07-13 23:55:00,1.13447,1.13463,1.1341500000000002,1.5999999999993797,False,0,-1,-1.8937500000003464,2020
compra,2020-07-15 04:15:00,1.13982,1.13952,1.14042,2.9999999999996696,True,0,-1,-1.4766666666667192,2020
compra,2020-07-16 00:40:00,1.14178,1.14093,1.14348,8.500000000000174,True,0,-1,-1.1682352941176437,2020
compra,2020-07-16 05:55:00,1.1403,1.13972,1.1414600000000001,5.800000000000249,True,0,-1,-1.2465517241379205,2020
venta,2020-07-16 06:10:00,1.13993,1.14021,1.1393700000000004,2.7999999999983594,False,0,-1,-1.510714285714585,2020
venta,2020-07-16 16:15:00,1.14262,1.14342,1.1410199999999997,8.00000000000134,False,1,2,1.82125000000003,2020
compra,2020-07-17 10:50:00,1.14248,1.14102,1.1454,14.600000000000168,True,0,-1,-1.097945205479451,2020
venta,2020-07-17 11:40:00,1.14226,1.14302,1.1407400000000003,7.599999999998719,False,0,-1,-1.1881578947368738,2020
venta,2020-07-17 16:25:00,1.14316,1.14385,1.1417799999999998,6.900000000000794,False,0,-1,-1.2072463768115704,2020
venta,2020-07-20 11:55:00,1.14459,1.14642,1.14093,18.299999999999983,False,1,2,1.9218579234972677,2020
venta,2020-07-21 03:50:00,1.14449,1.14696,1.13955,24.699999999999722,False,0,-1,-1.0578947368421059,2020
venta,2020-07-21 06:30:00,1.1437,1.14503,1.1410399999999998,13.300000000000534,False,0,-1,-1.107518796992477,2020
venta,2020-07-21 10:55:00,1.14379,1.14603,1.13931,22.400000000000198,False,0,-1,-1.063839285714285,2020
venta,2020-07-21 12:55:00,1.14386,1.14523,1.1411200000000004,13.699999999998713,False,0,-1,-1.1043795620438055,2020
compra,2020-07-23 13:30:00,1.15639,1.15403,1.1611100000000003,23.600000000001398,True,1,2,1.9394067796610206,2020
venta,2020-07-24 01:45:00,1.16085,1.1621,1.15835,12.499999999999734,False,0,-1,-1.1144000000000025,2020
compra,2020-07-24 09:30:00,1.16075,1.15911,1.1640299999999997,16.399999999998638,True,0,-1,-1.0871951219512268,2020
venta,2020-07-24 13:30:00,1.15987,1.16218,1.1552499999999999,23.100000000000342,False,0,-1,-1.061904761904761,2020
compra,2020-07-28 08:55:00,1.1721,1.16987,1.1765599999999998,22.299999999999542,True,1,2,1.935874439461882,2020
compra,2020-07-29 00:15:00,1.17239,1.1718,1.1735700000000002,5.9000000000009045,True,0,-1,-1.242372881355895,2020
compra,2020-07-29 05:55:00,1.17344,1.17245,1.1754200000000001,9.900000000000464,True,1,2,1.8555555555555623,2020
compra,2020-07-29 12:40:00,1.17323,1.17184,1.17601,13.900000000000023,True,1,2,1.8971223021582735,2020
venta,2020-07-31 04:25:00,1.18892,1.18962,1.1875200000000001,6.999999999999229,False,0,-1,-1.2042857142857368,2020
venta,2020-07-31 14:55:00,1.1831,1.18511,1.17908,20.100000000000673,False,1,2,1.9288557213930373,2020
venta,2020-08-03 16:30:00,1.1744,1.17519,1.1728200000000004,7.899999999998464,False,0,-1,-1.1810126582278833,2020
venta,2020-08-03 22:35:00,1.17605,1.17658,1.1749900000000002,5.299999999999194,False,0,-1,-1.269811320754758,2020
venta,2020-08-04 00:40:00,1.17524,1.17614,1.1734400000000003,8.999999999999009,False,0,-1,-1.1588888888889064,2020
compra,2020-08-06 02:30:00,1.18709,1.18627,1.18873,8.20000000000043,True,1,2,1.8256097560975701,2020
compra,2020-08-07 04:35:00,1.18355,1.18195,1.1867500000000002,16.00000000000046,True,0,-1,-1.0893749999999975,2020
venta,2020-08-07 11:40:00,1.18135,1.18241,1.1792299999999998,10.600000000000609,False,0,-1,-1.1349056603773509,2020
venta,2020-08-09 21:45:00,1.17848,1.17892,1.1776,4.3999999999999595,False,1,2,1.6749999999999972,2020
venta,2020-08-10 23:50:00,1.17384,1.17415,1.17322,3.1000000000003247,False,1,2,1.5387096774194031,2020
compra,2020-08-11 03:35:00,1.17465,1.17422,1.1755099999999998,4.299999999999304,True,1,2,1.6674418604650625,2020
compra,2020-08-11 05:15:00,1.17536,1.17499,1.1761,3.6999999999998145,True,0,-1,-1.3864864864865059,2020
venta,2020-08-11 06:45:00,1.17279,1.17564,1.16709,28.500000000000192,False,0,-1,-1.050175438596491,2020
venta,2020-08-12 13:55:00,1.17812,1.18003,1.1743000000000003,19.099999999998563,False,0,-1,-1.0748691099476497,2020
venta,2020-08-13 03:50:00,1.18084,1.18146,1.1795999999999998,6.200000000000649,False,0,-1,-1.2306451612902984,2020
venta,2020-08-16 21:40:00,1.18331,1.1843,1.1813300000000004,9.899999999998244,False,0,-1,-1.1444444444444701,2020
compra,2020-08-17 00:55:00,1.18473,1.18413,1.1859300000000004,6.00000000000156,True,1,2,1.7616666666667287,2020
venta,2020-08-17 10:30:00,1.18436,1.18563,1.1818200000000003,12.699999999998823,False,0,-1,-1.1125984251968608,2020
venta,2020-08-17 21:10:00,1.1868,1.18739,1.1856200000000003,5.899999999998684,False,0,-1,-1.2423728813559862,2020
venta,2020-08-18 06:55:00,1.18855,1.1904,1.1848500000000002,18.499999999999073,False,0,-1,-1.0772972972973012,2020
compra,2020-08-18 10:20:00,1.19067,1.18976,1.1924899999999998,9.099999999999664,True,1,2,1.842857142857137,2020
compra,2020-08-18 15:50:00,1.19314,1.19187,1.1956800000000003,12.700000000001044,True,0,-1,-1.112598425196841,2020
compra,2020-08-18 18:50:00,1.19366,1.19282,1.1953399999999998,8.399999999999519,True,0,-1,-1.170238095238105,2020
venta,2020-08-19 09:45:00,1.19341,1.19507,1.19009,16.599999999999948,False,1,2,1.9138554216867467,2020
venta,2020-08-19 18:05:00,1.18461,1.18802,1.1777899999999997,34.10000000000135,False,0,-1,-1.041935483870966,2020
venta,2020-08-20 20:55:00,1.18599,1.18627,1.1854300000000004,2.7999999999983594,False,0,-1,-1.510714285714585,2020
venta,2020-08-21 00:40:00,1.18691,1.18742,1.1858899999999999,5.1000000000001044,False,0,-1,-1.2803921568627392,2020
venta,2020-08-24 10:40:00,1.18303,1.18373,1.1816300000000002,6.999999999999229,False,0,-1,-1.2042857142857368,2020
compra,2020-08-25 05:55:00,1.18098,1.18053,1.1818799999999996,4.499999999998394,True,0,-1,-1.3177777777778912,2020
venta,2020-08-26 04:20:00,1.18183,1.18209,1.1813099999999996,2.60000000000149,False,1,2,1.4500000000003153,2020
compra,2020-08-26 09:50:00,1.18175,1.18039,1.1844700000000001,13.600000000000279,True,0,-1,-1.1051470588235273,2020
venta,2020-08-27 01:35:00,1.18306,1.18497,1.1792399999999998,19.100000000000783,False,0,-1,-1.0748691099476408,2020
venta,2020-08-27 09:15:00,1.18294,1.18401,1.1808000000000003,10.699999999999044,False,1,2,1.8663551401869038,2020
compra,2020-08-27 17:30:00,1.18154,1.17929,1.1860400000000002,22.500000000000853,True,1,2,1.9364444444444469,2020
venta,2020-08-28 04:25:00,1.18547,1.18635,1.18371,8.799999999999919,False,0,-1,-1.1625000000000014,2020
venta,2020-08-28 12:50:00,1.18794,1.19189,1.1800400000000002,39.49999999999898,False,0,-1,-1.0362025316455705,2020
venta,2020-08-30 22:10:00,1.19024,1.19096,1.1887999999999999,7.200000000000539,False,0,-1,-1.1986111111110962,2020
venta,2020-08-31 00:40:00,1.19106,1.19295,1.1872800000000001,18.899999999999473,False,0,-1,-1.0756613756613778,2020
venta,2020-08-31 06:05:00,1.18997,1.19061,1.18869,6.399999999999739,False,0,-1,-1.223437500000009,2020
venta,2020-08-31 07:45:00,1.18935,1.19119,1.1856699999999998,18.400000000000638,False,0,-1,-1.0777173913043452,2020
compra,2020-08-31 13:05:00,1.19404,1.1929,1.1963199999999998,11.399999999999189,True,0,-1,-1.125438596491237,2020
venta,2020-09-01 00:40:00,1.19391,1.19481,1.1921100000000002,8.999999999999009,False,0,-1,-1.1588888888889064,2020
compra,2020-09-03 06:10:00,1.18053,1.1797,1.1821900000000003,8.300000000001084,True,0,-1,-1.1722891566264835,2020
compra,2020-09-03 10:25:00,1.18241,1.18193,1.18337,4.8000000000003595,True,0,-1,-1.2979166666666444,2020
compra,2020-09-03 15:50:00,1.18314,1.18109,1.1872400000000003,20.500000000001073,True,0,-1,-1.069756097560972,2020
compra,2020-09-04 15:55:00,1.182,1.17809,1.1898199999999997,39.09999999999858,True,0,-1,-1.0365728900255768,2020
compra,2020-09-07 20:40:00,1.18132,1.18123,1.1814999999999998,0.8999999999992347,True,0,-1,-2.5888888888902395,2020
venta,2020-09-08 05:05:00,1.18048,1.18086,1.1797199999999999,3.8000000000004697,False,0,-1,-1.3763157894736378,2020
venta,2020-09-08 15:40:00,1.1783,1.18017,1.1745599999999998,18.700000000000383,False,0,-1,-1.0764705882352925,2020
compra,2020-09-08 19:30:00,1.17837,1.17742,1.18027,9.500000000000064,True,0,-1,-1.1505263157894727,2020
venta,2020-09-09 23:40:00,1.1805,1.18101,1.1794800000000005,5.099999999997884,False,0,-1,-1.2803921568628613,2020
venta,2020-09-10 03:45:00,1.18212,1.18244,1.1814800000000003,3.1999999999987594,False,0,-1,-1.446875000000173,2020
venta,2020-09-11 13:55:00,1.184,1.18574,1.1805199999999998,17.400000000000748,False,0,-1,-1.0821839080459734,2020
venta,2020-09-14 08:40:00,1.18598,1.18686,1.18422,8.799999999999919,False,0,-1,-1.1625000000000014,2020
compra,2020-09-14 18:50:00,1.18656,1.18593,1.1878200000000003,6.300000000001305,True,0,-1,-1.22698412698408,2020
compra,2020-09-15 00:50:00,1.18685,1.18587,1.18881,9.799999999999809,True,1,2,1.8540816326530585,2020
venta,2020-09-15 09:45:00,1.18821,1.18889,1.18685,6.800000000000139,False,0,-1,-1.2102941176470545,2020
venta,2020-09-15 11:40:00,1.18922,1.18992,1.1878199999999997,7.0000000000014495,False,1,2,1.795714285714328,2020
compra,2020-09-15 18:35:00,1.185,1.18449,1.18602,5.1000000000001044,True,0,-1,-1.2803921568627392,2020
venta,2020-09-15 19:30:00,1.18458,1.18542,1.1829,8.399999999999519,False,1,2,1.829761904761895,2020
venta,2020-09-16 12:35:00,1.18635,1.18764,1.18377,12.900000000000134,False,1,2,1.8891472868217065,2020
venta,2020-09-16 18:05:00,1.18145,1.18348,1.1773899999999995,20.300000000001983,False,0,-1,-1.0704433497536876,2020
venta,2020-09-17 23:40:00,1.18508,1.18544,1.1843599999999996,3.60000000000138,False,0,-1,-1.3972222222220698,2020
venta,2020-09-18 00:45:00,1.18504,1.18618,1.1827600000000003,11.399999999999189,False,0,-1,-1.125438596491237,2020
compra,2020-09-18 08:45:00,1.18574,1.18401,1.1892,17.300000000000093,True,0,-1,-1.0826589595375717,2020
venta,2020-09-20 23:55:00,1.18456,1.18498,1.1837200000000003,4.199999999998649,False,0,-1,-1.3404761904762998,2020
venta,2020-09-21 01:55:00,1.1856,1.18616,1.1844799999999998,5.60000000000116,False,0,-1,-1.25535714285709,2020
venta,2020-09-22 05:05:00,1.17631,1.17686,1.1752099999999999,5.5000000000005045,False,1,2,1.7400000000000237,2020
compra,2020-09-22 19:55:00,1.1711,1.17031,1.1726800000000002,7.900000000000684,True,0,-1,-1.1810126582278324,2020
venta,2020-09-22 23:55:00,1.17059,1.17085,1.1700700000000002,2.5999999999992696,False,0,-1,-1.5500000000001544,2020
venta,2020-09-24 11:40:00,1.16366,1.16543,1.1601199999999998,17.700000000000493,False,0,-1,-1.0807909604519752,2020
compra,2020-09-25 06:20:00,1.16718,1.16628,1.1689800000000004,9.00000000000123,True,0,-1,-1.158888888888867,2020
compra,2020-09-25 14:40:00,1.1633,1.16145,1.1669999999999998,18.499999999999073,True,0,-1,-1.0772972972973012,2020
venta,2020-09-25 18:55:00,1.16221,1.16295,1.16073,7.399999999999629,False,0,-1,-1.193243243243253,2020
compra,2020-09-27 21:40:00,1.1627,1.16206,1.16398,6.399999999999739,True,0,-1,-1.223437500000009,2020
compra,2020-09-28 05:30:00,1.16363,1.16312,1.16465,5.1000000000001044,True,0,-1,-1.2803921568627392,2020
compra,2020-09-28 13:30:00,1.16787,1.16622,1.1711699999999998,16.499999999999293,True,0,-1,-1.0866666666666704,2020
compra,2020-09-29 06:05:00,1.16746,1.1669,1.1685799999999997,5.599999999998939,True,0,-1,-1.2553571428571912,2020
venta,2020-09-29 23:30:00,1.17426,1.1745,1.17378,2.4000000000001798,False,0,-1,-1.5958333333332888,2020
venta,2020-09-30 05:45:00,1.17297,1.17373,1.1714500000000003,7.599999999998719,False,0,-1,-1.1881578947368738,2020
compra,2020-09-30 06:55:00,1.17341,1.17227,1.1756900000000003,11.400000000001409,True,0,-1,-1.1254385964912126,2020
venta,2020-09-30 15:55:00,1.1722,1.17516,1.1662799999999998,29.600000000000737,False,0,-1,-1.0483108108108097,2020
venta,2020-10-01 03:45:00,1.17408,1.17474,1.1727600000000002,6.599999999998829,False,0,-1,-1.216666666666705,2020
venta,2020-10-01 06:50:00,1.17444,1.17535,1.17262,9.099999999999664,False,0,-1,-1.157142857142863,2020
venta,2020-10-01 20:45:00,1.17436,1.17506,1.1729600000000002,6.999999999999229,False,1,2,1.7957142857142632,2020
compra,2020-10-02 05:35:00,1.17199,1.16956,1.1768500000000004,24.300000000001543,True,1,2,1.9411522633744893,2020
venta,2020-10-02 07:40:00,1.17183,1.17416,1.1671699999999996,23.300000000001653,False,0,-1,-1.0613733905579354,2020
compra,2020-10-02 11:55:00,1.17239,1.17023,1.17671,21.599999999999397,True,0,-1,-1.0662037037037055,2020
venta,2020-10-04 22:40:00,1.17093,1.17172,1.16935,7.900000000000684,False,0,-1,-1.1810126582278324,2020
compra,2020-10-05 04:45:00,1.17325,1.17266,1.1744299999999996,5.899999999998684,True,0,-1,-1.2423728813559862,2020
compra,2020-10-05 07:20:00,1.17302,1.17198,1.1750999999999998,10.399999999999299,True,1,2,1.8624999999999907,2020
compra,2020-10-05 11:35:00,1.17594,1.17461,1.1786,13.300000000000534,True,1,2,1.892481203007523,2020
venta,2020-10-06 07:35:00,1.17784,1.18001,1.1735,21.700000000000053,False,0,-1,-1.0658986175115206,2020
compra,2020-10-06 08:50:00,1.17759,1.17684,1.1790899999999995,7.499999999998064,True,1,2,1.8093333333332842,2020
venta,2020-10-07 17:55:00,1.17665,1.17745,1.1750499999999997,8.00000000000134,False,0,-1,-1.17874999999997,2020
venta,2020-10-08 12:50:00,1.17556,1.17689,1.1728999999999998,13.300000000000534,False,0,-1,-1.107518796992477,2020
venta,2020-10-08 19:30:00,1.17555,1.17605,1.1745500000000002,4.999999999999449,False,0,-1,-1.2860000000000316,2020
venta,2020-10-09 00:05:00,1.17634,1.17648,1.1760599999999999,1.40000000000029,False,0,-1,-2.02142857142836,2020
compra,2020-10-09 12:40:00,1.18038,1.17932,1.1825,10.600000000000609,True,1,2,1.8650943396226491,2020
venta,2020-10-12 14:35:00,1.18063,1.18166,1.1785700000000003,10.299999999998644,False,1,2,1.861165048543671,2020
compra,2020-10-12 21:05:00,1.18152,1.18119,1.1821799999999998,3.2999999999994145,True,0,-1,-1.4333333333334102,2020
venta,2020-10-13 03:05:00,1.17926,1.17964,1.1784999999999999,3.8000000000004697,False,0,-1,-1.3763157894736378,2020
compra,2020-10-14 00:35:00,1.17469,1.17379,1.1764900000000003,9.00000000000123,True,0,-1,-1.158888888888867,2020
compra,2020-10-15 13:50:00,1.17024,1.16885,1.17302,13.900000000000023,True,0,-1,-1.1028776978417265,2020
compra,2020-10-15 16:55:00,1.16972,1.16906,1.1710400000000003,6.6000000000010495,True,1,2,1.7833333333333679,2020
venta,2020-10-15 22:35:00,1.17058,1.17107,1.1695999999999998,4.900000000001015,False,0,-1,-1.291836734693817,2020
venta,2020-10-16 06:50:00,1.16943,1.17095,1.16639,15.199999999999658,False,0,-1,-1.0940789473684231,2020
compra,2020-10-16 19:55:00,1.17188,1.1716,1.1724400000000001,2.80000000000058,True,0,-1,-1.51071428571418,2020
venta,2020-10-19 01:05:00,1.17168,1.17201,1.1710200000000002,3.2999999999994145,False,0,-1,-1.4333333333334102,2020
compra,2020-10-19 14:15:00,1.17886,1.17768,1.18122,11.799999999999589,True,0,-1,-1.1211864406779704,2020
venta,2020-10-20 17:55:00,1.18317,1.18361,1.18229,4.3999999999999595,False,1,2,1.6749999999999972,2020
venta,2020-10-21 01:20:00,1.18311,1.18349,1.1823500000000005,3.7999999999982492,False,0,-1,-1.3763157894738576,2020
compra,2020-10-21 10:30:00,1.18525,1.18428,1.1871899999999997,9.699999999999154,True,0,-1,-1.147422680412384,2020
venta,2020-10-21 22:50:00,1.18603,1.18632,1.1854499999999997,2.900000000001235,False,1,2,1.506896551724348,2020
venta,2020-10-22 20:35:00,1.18185,1.18209,1.18137,2.4000000000001798,False,0,-1,-1.5958333333332888,2020
compra,2020-10-22 21:40:00,1.18227,1.18174,1.1833299999999998,5.299999999999194,True,0,-1,-1.269811320754758,2020
venta,2020-10-22 23:40:00,1.18193,1.18233,1.1811299999999996,4.00000000000178,False,1,2,1.642500000000159,2020
venta,2020-10-25 21:05:00,1.18502,1.18634,1.18238,13.199999999999878,False,1,2,1.8916666666666657,2020
venta,2020-10-27 05:45:00,1.1831,1.18358,1.18214,4.8000000000003595,False,1,2,1.7020833333333556,2020
venta,2020-10-27 23:05:00,1.17735,1.17805,1.1759499999999996,7.0000000000014495,False,0,-1,-1.204285714285672,2020
venta,2020-10-28 05:50:00,1.17694,1.17851,1.1738000000000004,15.699999999998493,False,1,2,1.9089171974522205,2020
venta,2020-10-28 17:55:00,1.17507,1.17565,1.17391,5.800000000000249,False,0,-1,-1.2465517241379205,2020
compra,2020-10-29 04:55:00,1.17547,1.17491,1.1765900000000002,5.60000000000116,True,0,-1,-1.25535714285709,2020
compra,2020-10-29 06:35:00,1.17538,1.17422,1.1777000000000002,11.600000000000499,True,0,-1,-1.1232758620689602,2020
venta,2020-10-30 18:55:00,1.16463,1.16479,1.1643100000000002,1.5999999999993797,False,0,-1,-1.8937500000003464,2020
venta,2020-11-02 07:55:00,1.16301,1.16421,1.1606100000000004,11.999999999998678,False,0,-1,-1.1191666666666797,2020
compra,2020-11-03 19:55:00,1.17049,1.16987,1.1717300000000002,6.200000000000649,True,0,-1,-1.2306451612902984,2020
venta,2020-11-04 15:50:00,1.17045,1.17193,1.1674900000000001,14.799999999999258,False,0,-1,-1.0966216216216265,2020
compra,2020-11-04 16:45:00,1.1718,1.16974,1.1759199999999999,20.599999999999508,True,1,2,1.930582524271843,2020
compra,2020-11-04 18:25:00,1.17192,1.171,1.1737600000000001,9.200000000000319,True,1,2,1.8445652173913096,2020
venta,2020-11-04 20:55:00,1.17155,1.17259,1.1694700000000002,10.399999999999299,False,0,-1,-1.1375000000000093,2020
compra,2020-11-05 02:55:00,1.1733,1.17107,1.17776,22.299999999999542,True,1,2,1.935874439461882,2020
venta,2020-11-05 20:30:00,1.18221,1.18441,1.17781,21.999999999999797,False,0,-1,-1.0650000000000006,2020
venta,2020-11-05 22:55:00,1.18221,1.18356,1.17951,13.499999999999623,False,0,-1,-1.1059259259259289,2020
venta,2020-11-05 23:50:00,1.18145,1.18356,1.1772299999999998,21.100000000000563,False,0,-1,-1.0677725118483394,2020
compra,2020-11-06 09:40:00,1.18505,1.18256,1.1900299999999997,24.899999999998812,True,1,2,1.9425702811244951,2020
venta,2020-11-06 12:10:00,1.1873,1.18776,1.1863800000000002,4.599999999999049,False,0,-1,-1.3108695652174556,2020
venta,2020-11-06 14:40:00,1.18564,1.18899,1.17894,33.49999999999964,False,0,-1,-1.0426865671641796,2020
compra,2020-11-08 23:05:00,1.18907,1.1886,1.19001,4.699999999999704,True,0,-1,-1.3042553191489552,2020
venta,2020-11-09 13:10:00,1.18829,1.18965,1.18557,13.600000000000279,False,0,-1,-1.1051470588235273,2020
venta,2020-11-09 20:40:00,1.1827,1.18364,1.1808200000000002,9.399999999999409,False,1,2,1.8478723404255224,2020
venta,2020-11-10 02:55:00,1.18256,1.18384,1.1800000000000002,12.799999999999478,False,0,-1,-1.1117187500000045,2020
venta,2020-11-10 07:50:00,1.18151,1.18358,1.17737,20.700000000000163,False,0,-1,-1.0690821256038643,2020
venta,2020-11-10 19:45:00,1.182,1.18258,1.18084,5.800000000000249,False,1,2,1.7534482758620795,2020
venta,2020-11-11 03:55:00,1.18269,1.18327,1.18153,5.800000000000249,False,1,2,1.7534482758620795,2020
venta,2020-11-11 07:40:00,1.18145,1.18281,1.1787299999999998,13.600000000000279,False,1,2,1.8948529411764727,2020
venta,2020-11-12 01:50:00,1.17801,1.17883,1.17637,8.20000000000043,False,1,2,1.8256097560975701,2020
compra,2020-11-12 05:30:00,1.17718,1.17677,1.1779999999999995,4.099999999997994,True,0,-1,-1.3487804878050487,2020
compra,2020-11-12 18:30:00,1.18047,1.1796,1.1822099999999998,8.699999999999264,True,1,2,1.835632183908032,2020
compra,2020-11-12 20:35:00,1.18055,1.17991,1.18183,6.399999999999739,True,0,-1,-1.223437500000009,2020
compra,2020-11-13 13:35:00,1.18204,1.18137,1.1833799999999999,6.699999999999484,True,0,-1,-1.2134328358209119,2020
venta,2020-11-13 17:45:00,1.18257,1.18314,1.1814299999999995,5.700000000001815,False,0,-1,-1.2508771929823763,2020
venta,2020-11-16 07:15:00,1.18463,1.185,1.18389,3.6999999999998145,False,0,-1,-1.3864864864865059,2020
venta,2020-11-16 21:55:00,1.18516,1.18553,1.18442,3.6999999999998145,False,0,-1,-1.3864864864865059,2020
venta,2020-11-17 07:55:00,1.18462,1.18597,1.18192,13.499999999999623,False,0,-1,-1.1059259259259289,2020
compra,2020-11-17 08:35:00,1.18691,1.18425,1.1922299999999997,26.599999999998847,True,0,-1,-1.053759398496243,2020
compra,2020-11-17 17:35:00,1.18648,1.18573,1.18798,7.500000000000284,True,0,-1,-1.1906666666666594,2020
compra,2020-11-18 21:45:00,1.18556,1.18491,1.18686,6.500000000000394,True,0,-1,-1.2199999999999867,2020
venta,2020-11-20 21:55:00,1.18544,1.18611,1.1841000000000002,6.699999999999484,False,0,-1,-1.2134328358209119,2020
compra,2020-11-23 19:50:00,1.18407,1.18349,1.18523,5.800000000000249,True,1,2,1.7534482758620795,2020
venta,2020-11-24 19:25:00,1.18767,1.18817,1.1866700000000001,4.999999999999449,False,0,-1,-1.2860000000000316,2020
compra,2020-11-25 12:40:00,1.18901,1.18818,1.1906699999999997,8.299999999998864,True,1,2,1.8277108433734703,2020
venta,2020-11-26 03:45:00,1.19239,1.19269,1.1917900000000001,2.9999999999996696,False,0,-1,-1.4766666666667192,2020
compra,2020-11-26 04:40:00,1.19254,1.19222,1.1931799999999997,3.1999999999987594,True,0,-1,-1.446875000000173,2020
compra,2020-11-27 02:30:00,1.19138,1.191,1.1921400000000002,3.8000000000004697,True,1,2,1.6236842105263622,2020
venta,2020-11-27 13:10:00,1.19219,1.1927,1.19117,5.1000000000001044,False,0,-1,-1.2803921568627392,2020
compra,2020-11-27 18:55:00,1.19559,1.19498,1.19681,6.099999999999994,True,1,2,1.765573770491803,2020
compra,2020-12-01 06:25:00,1.19587,1.19554,1.1965299999999999,3.2999999999994145,True,0,-1,-1.4333333333334102,2020
venta,2020-12-02 15:55:00,1.20782,1.21081,1.2018399999999998,29.90000000000048,False,0,-1,-1.047826086956521,2020
compra,2020-12-02 19:15:00,1.20978,1.20927,1.2108,5.1000000000001044,True,0,-1,-1.2803921568627392,2020
compra,2020-12-04 02:50:00,1.21438,1.21389,1.2153600000000002,4.900000000001015,True,1,2,1.708163265306183,2020
venta,2020-12-06 23:35:00,1.21231,1.21324,1.2104499999999998,9.300000000000974,False,0,-1,-1.1537634408601989,2020
compra,2020-12-07 00:45:00,1.21294,1.21186,1.2150999999999998,10.799999999999699,True,0,-1,-1.132407407407411,2020
venta,2020-12-07 23:55:00,1.21092,1.21129,1.21018,3.6999999999998145,False,0,-1,-1.3864864864865059,2020
venta,2020-12-08 01:55:00,1.21069,1.21112,1.2098300000000002,4.299999999999304,False,0,-1,-1.3325581395349375,2020
venta,2020-12-08 06:35:00,1.21159,1.2123,1.21017,7.099999999999884,False,1,2,1.7985915492957714,2020
venta,2020-12-08 18:35:00,1.21086,1.21172,1.2091400000000003,8.599999999998609,False,0,-1,-1.1662790697674688,2020
venta,2020-12-08 21:30:00,1.21036,1.21076,1.2095600000000002,3.9999999999995595,False,0,-1,-1.3575000000000395,2020
compra,2020-12-09 12:55:00,1.21097,1.2101,1.2127100000000004,8.700000000001484,True,0,-1,-1.164367816091926,2020
venta,2020-12-09 14:35:00,1.21104,1.21237,1.2083799999999998,13.300000000000534,False,1,2,1.892481203007523,2020
venta,2020-12-09 17:10:00,1.20715,1.20811,1.2052299999999998,9.600000000000719,False,0,-1,-1.1489583333333222,2020
compra,2020-12-10 22:55:00,1.21408,1.21342,1.2154000000000003,6.6000000000010495,True,1,2,1.7833333333333679,2020
venta,2020-12-11 00:45:00,1.21406,1.21467,1.21284,6.099999999999994,False,0,-1,-1.234426229508197,2020
venta,2020-12-11 06:55:00,1.21566,1.21629,1.2143999999999997,6.300000000001305,False,1,2,1.77301587301592,2020
compra,2020-12-14 16:30:00,1.21411,1.21229,1.2177499999999999,18.199999999999328,True,0,-1,-1.0785714285714314,2020
compra,2020-12-16 08:30:00,1.22025,1.21522,1.2303100000000002,50.3000000000009,True,0,-1,-1.028429423459244,2020
compra,2020-12-16 11:45:00,1.21987,1.21864,1.2223300000000001,12.300000000000644,True,0,-1,-1.11626016260162,2020
compra,2020-12-16 12:50:00,1.21929,1.21875,1.22037,5.399999999999849,True,0,-1,-1.2648148148148222,2020
venta,2020-12-16 19:05:00,1.21529,1.21752,1.21083,22.299999999999542,False,0,-1,-1.064125560538118,2020
compra,2020-12-16 23:45:00,1.21963,1.21921,1.2204700000000002,4.20000000000087,True,0,-1,-1.34047619047612,2020
compra,2020-12-17 09:55:00,1.22324,1.22239,1.2249400000000001,8.500000000000174,True,1,2,1.8317647058823563,2020
venta,2020-12-17 18:45:00,1.22642,1.22698,1.2253000000000003,5.599999999998939,False,0,-1,-1.2553571428571912,2020
venta,2020-12-17 19:50:00,1.22659,1.22725,1.2252700000000003,6.599999999998829,False,0,-1,-1.216666666666705,2020
compra,2020-12-18 08:10:00,1.22558,1.22501,1.2267199999999998,5.699999999999594,True,0,-1,-1.250877192982474,2020
compra,2020-12-21 05:55:00,1.21912,1.21808,1.2211999999999998,10.399999999999299,True,0,-1,-1.1375000000000093,2020
venta,2020-12-21 12:55:00,1.21632,1.21776,1.2134400000000003,14.399999999998858,False,0,-1,-1.0993055555555635,2020
compra,2020-12-21 21:35:00,1.22329,1.22279,1.2242899999999999,4.999999999999449,True,1,2,1.7139999999999684,2020
venta,2020-12-21 23:45:00,1.22367,1.22498,1.2210500000000002,13.099999999999223,False,1,2,1.890839694656482,2020
compra,2020-12-22 07:30:00,1.22262,1.22135,1.2251600000000002,12.700000000001044,True,0,-1,-1.112598425196841,2020
compra,2020-12-22 10:45:00,1.22285,1.22041,1.22773,24.399999999999977,True,0,-1,-1.0586065573770493,2020
compra,2020-12-23 01:35:00,1.21789,1.21538,1.22291,25.100000000000122,True,1,2,1.9430278884462153,2020
compra,2020-12-23 05:55:00,1.21888,1.21844,1.21976,4.3999999999999595,True,0,-1,-1.3250000000000028,2020
compra,2020-12-23 07:05:00,1.21898,1.21813,1.22068,8.500000000000174,True,0,-1,-1.1682352941176437,2020
compra,2020-12-23 08:55:00,1.21885,1.21719,1.22217,16.599999999999948,True,0,-1,-1.0861445783132533,2020
compra,2020-12-23 10:10:00,1.21965,1.21909,1.2207699999999997,5.599999999998939,True,0,-1,-1.2553571428571912,2020
venta,2020-12-25 05:55:00,1.2193,1.22012,1.21766,8.20000000000043,False,0,-1,-1.1743902439024299,2020
compra,2020-12-27 22:50:00,1.21909,1.21833,1.2206100000000002,7.600000000000939,True,1,2,1.8118421052631812,2020
venta,2020-12-28 00:05:00,1.21887,1.22072,1.2151699999999996,18.500000000001293,False,0,-1,-1.0772972972972918,2020
compra,2020-12-28 07:55:00,1.22308,1.22195,1.2253399999999997,11.299999999998533,True,0,-1,-1.126548672566388,2020
compra,2020-12-28 12:35:00,1.22079,1.21913,1.22411,16.599999999999948,True,1,2,1.9138554216867467,2020
compra,2020-12-29 02:05:00,1.2233,1.22257,1.2247600000000003,7.300000000001194,True,1,2,1.8041095890411278,2020
compra,2020-12-30 00:40:00,1.22625,1.22511,1.2285300000000003,11.400000000001409,True,1,2,1.8745614035087874,2020
venta,2020-12-30 05:55:00,1.22849,1.22899,1.2274900000000002,4.999999999999449,False,1,2,1.7139999999999684,2020
venta,2020-12-30 19:30:00,1.22819,1.22926,1.2260499999999996,10.700000000001264,False,0,-1,-1.1336448598130684,2020
venta,2020-12-30 23:55:00,1.22984,1.23042,1.22868,5.800000000000249,False,0,-1,-1.2465517241379205,2020
venta,2020-12-31 01:25:00,1.23,1.23092,1.22816,9.200000000000319,False,1,2,1.8445652173913096,2020
venta,2020-12-31 21:40:00,1.22187,1.22279,1.22003,9.200000000000319,False,0,-1,-1.1554347826086904,2020
venta,2021-01-04 02:35:00,1.22499,1.22581,1.22335,8.20000000000043,False,0,-1,-1.1743902439024299,2021
venta,2021-01-05 09:50:00,1.22717,1.22839,1.22473,12.199999999999989,False,0,-1,-1.1172131147540985,2021
venta,2021-01-05 20:20:00,1.2298,1.23056,1.2282799999999998,7.600000000000939,False,0,-1,-1.1881578947368188,2021
compra,2021-01-05 21:45:00,1.22952,1.22894,1.23068,5.800000000000249,True,1,2,1.7534482758620795,2021
venta,2021-01-06 00:05:00,1.22921,1.22994,1.2277499999999997,7.300000000001194,False,0,-1,-1.1958904109588722,2021
compra,2021-01-06 16:45:00,1.22847,1.22655,1.2323099999999998,19.199999999999218,True,1,2,1.9255208333333302,2021
venta,2021-01-07 04:50:00,1.23262,1.23313,1.2316,5.1000000000001044,False,1,2,1.7196078431372608,2021
compra,2021-01-07 06:15:00,1.23167,1.23107,1.23287,5.999999999999339,True,0,-1,-1.2383333333333595,2021
venta,2021-01-07 07:05:00,1.23167,1.23247,1.2300700000000002,7.999999999999119,False,1,2,1.8212499999999803,2021
compra,2021-01-07 08:40:00,1.23087,1.22927,1.2340699999999996,15.999999999998238,True,0,-1,-1.0893750000000098,2021
venta,2021-01-08 00:35:00,1.22584,1.22708,1.2233600000000002,12.399999999999078,False,1,2,1.8846774193548301,2021
compra,2021-01-08 11:55:00,1.22505,1.22323,1.2286899999999998,18.199999999999328,True,0,-1,-1.0785714285714314,2021
compra,2021-01-08 15:55:00,1.22549,1.2222,1.23207,32.90000000000015,True,0,-1,-1.043465045592705,2021
venta,2021-01-12 00:05:00,1.21546,1.21612,1.2141399999999998,6.6000000000010495,False,0,-1,-1.2166666666666321,2021
compra,2021-01-13 01:25:00,1.22143,1.22069,1.22291,7.399999999999629,True,0,-1,-1.193243243243253,2021
venta,2021-01-13 18:45:00,1.21636,1.21747,1.2141400000000002,11.099999999999444,False,1,2,1.8711711711711647,2021
compra,2021-01-15 02:50:00,1.21495,1.21432,1.2162099999999998,6.299999999999084,True,0,-1,-1.22698412698416,2021
venta,2021-01-15 13:45:00,1.21214,1.21252,1.21138,3.8000000000004697,False,0,-1,-1.3763157894736378,2021
venta,2021-01-18 07:55:00,1.20675,1.20867,1.2029100000000001,19.199999999999218,False,0,-1,-1.0744791666666698,2021
compra,2021-01-18 21:45:00,1.20781,1.20748,1.20847,3.2999999999994145,True,0,-1,-1.4333333333334102,2021
venta,2021-01-19 07:15:00,1.20923,1.20966,1.2083700000000002,4.299999999999304,False,0,-1,-1.3325581395349375,2021
compra,2021-01-19 13:30:00,1.21352,1.21233,1.2159,11.900000000000244,True,0,-1,-1.1201680672268883,2021
venta,2021-01-20 08:05:00,1.2151,1.21573,1.2138400000000003,6.299999999999084,False,1,2,1.77301587301584,2021
compra,2021-01-21 11:35:00,1.21414,1.21324,1.2159399999999998,8.999999999999009,True,1,2,1.8411111111110936,2021
venta,2021-01-21 12:55:00,1.21433,1.21512,1.2127499999999998,7.900000000000684,False,0,-1,-1.1810126582278324,2021
venta,2021-01-21 21:55:00,1.2164,1.21697,1.2152599999999996,5.700000000001815,False,0,-1,-1.2508771929823763,2021
venta,2021-01-22 09:40:00,1.2165,1.21894,1.21162,24.399999999999977,False,1,2,1.9413934426229507,2021
venta,2021-01-25 04:55:00,1.2176,1.21802,1.2167599999999998,4.20000000000087,False,0,-1,-1.34047619047612,2021
venta,2021-01-25 06:50:00,1.21744,1.21832,1.21568,8.799999999999919,False,1,2,1.8374999999999986,2021
compra,2021-01-25 15:55:00,1.21301,1.21158,1.2158699999999996,14.299999999998203,True,0,-1,-1.1000000000000125,2021
venta,2021-01-25 21:55:00,1.21363,1.21415,1.2125899999999998,5.20000000000076,False,0,-1,-1.27499999999996,2021
venta,2021-01-27 00:50:00,1.21624,1.21696,1.2147999999999999,7.200000000000539,False,1,2,1.8013888888889038,2021
venta,2021-01-27 06:45:00,1.21607,1.21659,1.2150299999999998,5.20000000000076,False,1,2,1.72500000000004,2021
compra,2021-01-27 20:45:00,1.21072,1.20978,1.2126,9.399999999999409,True,0,-1,-1.1521276595744776,2021
compra,2021-01-28 16:30:00,1.21281,1.21193,1.21457,8.799999999999919,True,0,-1,-1.1625000000000014,2021
compra,2021-01-28 22:10:00,1.21264,1.21185,1.2142199999999996,7.899999999998464,True,0,-1,-1.1810126582278833,2021
compra,2021-01-29 04:45:00,1.20996,1.2095,1.2108799999999997,4.599999999999049,True,0,-1,-1.3108695652174556,2021
compra,2021-01-29 08:15:00,1.21088,1.20996,1.21272,9.200000000000319,True,1,2,1.8445652173913096,2021
compra,2021-01-29 12:05:00,1.21411,1.21296,1.21641,11.499999999999844,True,0,-1,-1.1243478260869582,2021
venta,2021-01-29 14:40:00,1.21402,1.2156,1.2108600000000003,15.799999999999148,False,1,2,1.909493670886071,2021
venta,2021-01-29 20:35:00,1.21315,1.21349,1.21247,3.4000000000000696,False,0,-1,-1.420588235294109,2021
venta,2021-02-01 04:50:00,1.21287,1.21329,1.2120299999999997,4.20000000000087,False,1,2,1.65952380952388,2021
venta,2021-02-02 06:05:00,1.20738,1.20778,1.2065799999999995,4.00000000000178,False,1,2,1.642500000000159,2021
compra,2021-02-03 18:40:00,1.20251,1.20211,1.2033099999999999,3.9999999999995595,True,1,2,1.6424999999999605,2021
venta,2021-02-04 08:05:00,1.19979,1.20146,1.1964499999999998,16.700000000000603,False,1,2,1.9143712574850331,2021
compra,2021-02-04 09:40:00,1.19918,1.1983,1.20094,8.799999999999919,True,0,-1,-1.1625000000000014,2021
compra,2021-02-08 01:55:00,1.20382,1.203,1.2054599999999995,8.199999999998209,True,0,-1,-1.1743902439024771,2021
compra,2021-02-09 04:25:00,1.20792,1.20756,1.2086400000000004,3.60000000000138,True,0,-1,-1.3972222222220698,2021
compra,2021-02-09 11:40:00,1.21059,1.20977,1.2122300000000001,8.20000000000043,True,0,-1,-1.1743902439024299,2021
compra,2021-02-10 06:55:00,1.21271,1.2123,1.21353,4.100000000000215,True,0,-1,-1.3487804878048597,2021
venta,2021-02-10 08:05:00,1.21268,1.21337,1.2112999999999998,6.900000000000794,False,0,-1,-1.2072463768115704,2021
venta,2021-02-11 00:30:00,1.21154,1.21199,1.2106400000000004,4.499999999998394,False,0,-1,-1.3177777777778912,2021
venta,2021-02-11 07:30:00,1.2126,1.21327,1.2112599999999996,6.700000000001705,False,0,-1,-1.2134328358208413,2021
venta,2021-02-12 21:40:00,1.21188,1.21234,1.2109600000000003,4.599999999999049,False,0,-1,-1.3108695652174556,2021
venta,2021-02-14 23:55:00,1.21204,1.21251,1.2111,4.699999999999704,False,0,-1,-1.3042553191489552,2021
venta,2021-02-15 08:40:00,1.21357,1.21451,1.2116900000000002,9.399999999999409,False,0,-1,-1.1521276595744776,2021
compra,2021-02-15 11:35:00,1.214,1.21296,1.2160799999999998,10.399999999999299,True,0,-1,-1.1375000000000093,2021
venta,2021-02-15 15:25:00,1.21231,1.21267,1.2115900000000002,3.5999999999991594,False,0,-1,-1.397222222222315,2021
venta,2021-02-15 17:45:00,1.2132,1.21381,1.21198,6.099999999999994,False,0,-1,-1.234426229508197,2021
venta,2021-02-15 21:40:00,1.21289,1.21336,1.21195,4.699999999999704,False,0,-1,-1.3042553191489552,2021
venta,2021-02-16 20:50:00,1.21129,1.21167,1.2105299999999999,3.8000000000004697,False,0,-1,-1.3763157894736378,2021
compra,2021-02-18 07:40:00,1.20483,1.20363,1.2072300000000002,12.000000000000899,True,1,2,1.8808333333333422,2021
venta,2021-02-19 06:40:00,1.20948,1.20995,1.2085400000000002,4.699999999999704,False,0,-1,-1.3042553191489552,2021
venta,2021-02-19 11:30:00,1.21355,1.21444,1.2117699999999998,8.900000000000574,False,1,2,1.8393258426966397,2021
compra,2021-02-19 12:30:00,1.21413,1.21332,1.2157499999999999,8.099999999999774,True,0,-1,-1.176543209876548,2021
venta,2021-02-19 20:50:00,1.21162,1.21195,1.2109599999999996,3.300000000001635,False,0,-1,-1.4333333333331186,2021
compra,2021-02-22 21:25:00,1.21542,1.21505,1.21616,3.6999999999998145,True,1,2,1.6135135135134941,2021
venta,2021-02-23 02:45:00,1.21713,1.21771,1.21597,5.800000000000249,False,0,-1,-1.2465517241379205,2021
compra,2021-02-23 11:25:00,1.21503,1.21433,1.2164300000000003,7.0000000000014495,True,0,-1,-1.204285714285672,2021
compra,2021-02-24 06:20:00,1.21522,1.21458,1.2165,6.399999999999739,True,1,2,1.776562499999991,2021
venta,2021-02-24 17:55:00,1.21417,1.21461,1.21329,4.3999999999999595,False,0,-1,-1.3250000000000028,2021
venta,2021-02-24 21:55:00,1.21664,1.21743,1.2150599999999998,7.900000000000684,False,0,-1,-1.1810126582278324,2021
venta,2021-02-25 17:50:00,1.2221,1.22386,1.21858,17.599999999999838,False,1,2,1.9187499999999993,2021
compra,2021-02-26 15:35:00,1.2133,1.21091,1.2180800000000003,23.900000000001143,True,0,-1,-1.0598326359832608,2021
compra,2021-03-02 13:50:00,1.20306,1.20244,1.2043000000000001,6.200000000000649,True,1,2,1.7693548387097016,2021
compra,2021-03-03 12:35:00,1.20665,1.20581,1.20833,8.399999999999519,True,0,-1,-1.170238095238105,2021
venta,2021-03-03 22:30:00,1.2063,1.20666,1.2055799999999997,3.60000000000138,False,1,2,1.6027777777779302,2021
venta,2021-03-04 11:30:00,1.20371,1.2049,1.20133,11.900000000000244,False,0,-1,-1.1201680672268883,2021
venta,2021-03-04 21:55:00,1.19692,1.19747,1.1958199999999999,5.5000000000005045,False,0,-1,-1.2599999999999763,2021
compra,2021-03-05 02:45:00,1.19608,1.19515,1.1979400000000002,9.300000000000974,True,0,-1,-1.1537634408601989,2021
compra,2021-03-08 19:50:00,1.18581,1.18528,1.1868700000000003,5.300000000001415,True,0,-1,-1.2698113207546449,2021
venta,2021-03-09 06:45:00,1.18562,1.18626,1.1843399999999995,6.40000000000196,False,0,-1,-1.2234374999999316,2021
compra,2021-03-09 07:45:00,1.18816,1.18511,1.19426,30.49999999999997,True,1,2,1.9531147540983607,2021
venta,2021-03-09 11:55:00,1.1904,1.19156,1.1880799999999998,11.600000000000499,False,1,2,1.8767241379310398,2021
venta,2021-03-09 15:45:00,1.18895,1.1909,1.1850499999999997,19.500000000001183,False,0,-1,-1.0733333333333288,2021
compra,2021-03-11 00:05:00,1.1928,1.19254,1.1933200000000004,2.60000000000149,True,0,-1,-1.5499999999996847,2021
venta,2021-03-12 13:45:00,1.19256,1.19389,1.1899000000000004,13.299999999998313,False,0,-1,-1.107518796992495,2021
compra,2021-03-12 14:40:00,1.19333,1.19201,1.19597,13.199999999999878,True,0,-1,-1.1083333333333343,2021
compra,2021-03-12 18:25:00,1.19532,1.19444,1.19708,8.799999999999919,True,0,-1,-1.1625000000000014,2021
venta,2021-03-14 23:50:00,1.19514,1.19561,1.1942000000000002,4.699999999999704,False,0,-1,-1.3042553191489552,2021
venta,2021-03-15 03:35:00,1.19487,1.19543,1.1937500000000003,5.599999999998939,False,1,2,1.7446428571428088,2021
venta,2021-03-15 10:50:00,1.19228,1.19341,1.1900199999999999,11.300000000000754,False,0,-1,-1.1265486725663632,2021
venta,2021-03-15 23:55:00,1.19227,1.19316,1.1904899999999998,8.900000000000574,False,0,-1,-1.1606741573033603,2021
venta,2021-03-16 18:55:00,1.19051,1.191,1.1895299999999998,4.900000000001015,False,1,2,1.708163265306183,2021
venta,2021-03-18 02:30:00,1.19662,1.19749,1.1948800000000002,8.699999999999264,False,0,-1,-1.164367816091968,2021
compra,2021-03-18 13:05:00,1.19234,1.19101,1.195,13.300000000000534,True,0,-1,-1.107518796992477,2021
venta,2021-03-21 22:40:00,1.18858,1.189,1.1877399999999998,4.20000000000087,False,0,-1,-1.34047619047612,2021
venta,2021-03-23 20:50:00,1.18502,1.1853,1.1844599999999998,2.80000000000058,False,1,2,1.48928571428582,2021
compra,2021-03-26 06:50:00,1.17873,1.1776,1.1809900000000002,11.300000000000754,True,0,-1,-1.1265486725663632,2021
venta,2021-03-26 13:15:00,1.1781,1.17875,1.1767999999999998,6.500000000000394,False,0,-1,-1.2199999999999867,2021
venta,2021-03-30 00:10:00,1.17649,1.17689,1.1756900000000001,3.9999999999995595,False,0,-1,-1.3575000000000395,2021
compra,2021-03-30 11:50:00,1.17389,1.17288,1.1759100000000005,10.100000000001774,True,0,-1,-1.1415841584158166,2021
venta,2021-03-30 12:50:00,1.17284,1.17431,1.1699000000000004,14.699999999998603,False,0,-1,-1.097278911564635,2021
compra,2021-03-31 04:55:00,1.17075,1.1704,1.1714499999999997,3.4999999999985043,True,1,2,1.5914285714283969,2021
compra,2021-03-31 06:55:00,1.1727,1.17046,1.1771800000000001,22.400000000000198,True,1,2,1.936160714285715,2021
venta,2021-03-31 11:40:00,1.17304,1.17396,1.1712000000000005,9.199999999998099,False,0,-1,-1.1554347826087277,2021
compra,2021-04-01 00:50:00,1.17295,1.17213,1.17459,8.20000000000043,True,0,-1,-1.1743902439024299,2021
compra,2021-04-01 05:40:00,1.17191,1.17137,1.17299,5.399999999999849,True,0,-1,-1.2648148148148222,2021
compra,2021-04-01 06:55:00,1.17323,1.17187,1.17595,13.600000000000279,True,1,2,1.8948529411764727,2021
venta,2021-04-01 10:50:00,1.17402,1.17504,1.17198,10.200000000000209,False,0,-1,-1.1401960784313696,2021
compra,2021-04-01 11:25:00,1.17421,1.1733,1.17603,9.099999999999664,True,1,2,1.842857142857137,2021
venta,2021-04-02 05:45:00,1.17769,1.17806,1.1769499999999995,3.700000000002035,False,0,-1,-1.386486486486274,2021
venta,2021-04-02 06:55:00,1.17749,1.17815,1.1761699999999997,6.6000000000010495,False,0,-1,-1.2166666666666321,2021
compra,2021-04-02 12:35:00,1.17766,1.17729,1.1784,3.6999999999998145,True,0,-1,-1.3864864864865059,2021
compra,2021-04-06 07:25:00,1.18086,1.17968,1.18322,11.799999999999589,True,0,-1,-1.1211864406779704,2021
venta,2021-04-07 05:15:00,1.18696,1.18717,1.18654,2.100000000000435,False,0,-1,-1.68095238095224,2021
venta,2021-04-07 06:05:00,1.18661,1.18724,1.1853499999999997,6.300000000001305,False,0,-1,-1.22698412698408,2021
venta,2021-04-07 09:30:00,1.18801,1.18897,1.1860899999999999,9.600000000000719,False,0,-1,-1.1489583333333222,2021
compra,2021-04-07 19:45:00,1.18668,1.18608,1.1878799999999998,5.999999999999339,True,1,2,1.7616666666666405,2021
venta,2021-04-07 20:55:00,1.18657,1.18747,1.1847699999999997,9.00000000000123,False,0,-1,-1.158888888888867,2021
compra,2021-04-07 21:50:00,1.18692,1.18639,1.1879799999999998,5.299999999999194,True,0,-1,-1.269811320754758,2021
venta,2021-04-08 00:40:00,1.18689,1.18739,1.18589,4.999999999999449,False,0,-1,-1.2860000000000316,2021
venta,2021-04-08 07:45:00,1.1879,1.1893,1.1850999999999998,14.000000000000679,False,0,-1,-1.1021428571428522,2021
compra,2021-04-08 21:05:00,1.1918,1.19133,1.19274,4.699999999999704,True,0,-1,-1.3042553191489552,2021
venta,2021-04-09 08:40:00,1.18862,1.18989,1.1860800000000002,12.699999999998823,False,0,-1,-1.1125984251968608,2021
venta,2021-04-11 23:55:00,1.18958,1.19014,1.1884600000000003,5.599999999998939,False,0,-1,-1.2553571428571912,2021
compra,2021-04-12 00:30:00,1.19018,1.18942,1.1917000000000002,7.600000000000939,True,0,-1,-1.1881578947368188,2021
compra,2021-04-12 19:35:00,1.19044,1.1899,1.19152,5.399999999999849,True,1,2,1.7351851851851778,2021
compra,2021-04-13 12:30:00,1.19026,1.18879,1.1932000000000003,14.700000000000824,True,1,2,1.9027210884353796,2021
venta,2021-04-13 17:45:00,1.19401,1.19446,1.19311,4.500000000000615,False,0,-1,-1.3177777777777344,2021
venta,2021-04-14 07:50:00,1.19559,1.1974,1.1919699999999998,18.100000000000893,False,0,-1,-1.0790055248618746,2021
compra,2021-04-15 13:50:00,1.19781,1.1956,1.2022300000000001,22.100000000000453,True,0,-1,-1.0647058823529398,2021
compra,2021-04-16 01:50:00,1.19615,1.19539,1.1976700000000002,7.600000000000939,True,0,-1,-1.1881578947368188,2021
compra,2021-04-16 18:50:00,1.19787,1.19723,1.19915,6.399999999999739,True,0,-1,-1.223437500000009,2021
venta,2021-04-19 00:50:00,1.19636,1.19729,1.1945000000000003,9.299999999998754,False,0,-1,-1.1537634408602357,2021
compra,2021-04-19 14:20:00,1.20295,1.20202,1.2048099999999997,9.299999999998754,True,0,-1,-1.1537634408602357,2021
compra,2021-04-19 20:55:00,1.20367,1.20335,1.2043100000000002,3.20000000000098,True,0,-1,-1.4468749999998631,2021
venta,2021-04-20 22:30:00,1.20323,1.20361,1.20247,3.8000000000004697,False,0,-1,-1.3763157894736378,2021
compra,2021-04-20 23:40:00,1.20344,1.20305,1.2042200000000003,3.900000000001125,True,1,2,1.633333333333439,2021
compra,2021-04-22 18:55:00,1.20076,1.19936,1.2035600000000002,14.000000000000679,True,1,2,1.8978571428571478,2021
compra,2021-04-23 06:35:00,1.20281,1.20232,1.2037899999999997,4.899999999998794,True,1,2,1.7081632653060508,2021
compra,2021-04-26 00:05:00,1.20964,1.2091,1.21072,5.399999999999849,True,1,2,1.7351851851851778,2021
compra,2021-04-26 06:10:00,1.21123,1.21066,1.21237,5.699999999999594,True,0,-1,-1.250877192982474,2021
compra,2021-04-27 00:05:00,1.20828,1.20789,1.2090600000000002,3.900000000001125,True,0,-1,-1.366666666666561,2021
compra,2021-04-27 07:20:00,1.20739,1.20649,1.2091899999999998,8.999999999999009,True,0,-1,-1.1588888888889064,2021
venta,2021-04-27 14:40:00,1.20781,1.20902,1.2053900000000002,12.099999999999334,False,0,-1,-1.1181818181818246,2021
venta,2021-04-28 06:20:00,1.20671,1.20742,1.20529,7.099999999999884,False,0,-1,-1.2014084507042286,2021
compra,2021-04-30 05:55:00,1.21178,1.21154,1.2122600000000001,2.4000000000001798,True,0,-1,-1.5958333333332888,2021
compra,2021-04-30 06:05:00,1.21195,1.21154,1.2127700000000001,4.100000000000215,True,0,-1,-1.3487804878048597,2021
venta,2021-04-30 13:45:00,1.20778,1.2092,1.2049400000000001,14.199999999999768,False,1,2,1.8992957746478858,2021
compra,2021-05-03 06:40:00,1.20222,1.2013,1.2040600000000001,9.200000000000319,True,1,2,1.8445652173913096,2021
compra,2021-05-03 08:30:00,1.20408,1.20311,1.2060200000000003,9.700000000001374,True,1,2,1.8525773195876498,2021
venta,2021-05-04 00:05:00,1.20554,1.20582,1.2049800000000004,2.7999999999983594,False,0,-1,-1.510714285714585,2021
venta,2021-05-04 15:10:00,1.2008,1.20263,1.19714,18.299999999999983,False,0,-1,-1.0781420765027323,2021
venta,2021-05-04 20:45:00,1.20155,1.20201,1.2006299999999996,4.60000000000127,False,0,-1,-1.3108695652173055,2021
compra,2021-05-05 17:25:00,1.19967,1.19911,1.2007900000000002,5.60000000000116,True,1,2,1.74464285714291,2021
venta,2021-05-05 22:30:00,1.20054,1.20068,1.2002599999999999,1.40000000000029,False,0,-1,-2.02142857142836,2021
venta,2021-05-06 00:30:00,1.20043,1.20097,1.1993500000000001,5.399999999999849,False,0,-1,-1.2648148148148222,2021
venta,2021-05-07 00:45:00,1.20649,1.20697,1.20553,4.8000000000003595,False,1,2,1.7020833333333556,2021
venta,2021-05-07 02:30:00,1.20617,1.20673,1.2050499999999997,5.60000000000116,False,0,-1,-1.25535714285709,2021
venta,2021-05-09 23:55:00,1.21704,1.21735,1.2164199999999998,3.1000000000003247,False,0,-1,-1.4612903225805969,2021
compra,2021-05-11 07:20:00,1.21384,1.21295,1.2156200000000001,8.900000000000574,True,0,-1,-1.1606741573033603,2021
compra,2021-05-13 00:30:00,1.20753,1.20706,1.20847,4.699999999999704,True,1,2,1.6957446808510448,2021
compra,2021-05-13 10:50:00,1.20684,1.20599,1.20854,8.500000000000174,True,1,2,1.8317647058823563,2021
venta,2021-05-13 14:50:00,1.20774,1.20999,1.2032400000000003,22.499999999998632,False,0,-1,-1.0635555555555594,2021
compra,2021-05-17 02:50:00,1.2134,1.21289,1.21442,5.1000000000001044,True,0,-1,-1.2803921568627392,2021
venta,2021-05-17 03:50:00,1.21323,1.21386,1.2119700000000002,6.299999999999084,False,0,-1,-1.22698412698416,2021
venta,2021-05-17 07:45:00,1.21341,1.21462,1.2109900000000002,12.099999999999334,False,0,-1,-1.1181818181818246,2021
compra,2021-05-18 21:55:00,1.22245,1.22215,1.22305,2.9999999999996696,True,0,-1,-1.4766666666667192,2021
compra,2021-05-19 00:40:00,1.22295,1.2221,1.22465,8.500000000000174,True,0,-1,-1.1682352941176437,2021
venta,2021-05-19 20:40:00,1.2175,1.21796,1.2165800000000002,4.599999999999049,False,0,-1,-1.3108695652174556,2021
compra,2021-05-19 21:40:00,1.21764,1.21704,1.2188400000000004,6.00000000000156,True,0,-1,-1.2383333333332713,2021
compra,2021-05-19 23:05:00,1.21753,1.21729,1.21801,2.4000000000001798,True,0,-1,-1.5958333333332888,2021
compra,2021-05-20 00:55:00,1.21849,1.21689,1.2216900000000002,16.00000000000046,True,1,2,1.9106250000000025,2021
venta,2021-05-20 18:30:00,1.22168,1.22222,1.2206000000000001,5.399999999999849,False,0,-1,-1.2648148148148222,2021
compra,2021-05-20 21:35:00,1.22287,1.22219,1.2242299999999995,6.799999999997919,True,0,-1,-1.2102941176471231,2021
venta,2021-05-20 22:40:00,1.22269,1.223,1.22207,3.1000000000003247,False,0,-1,-1.4612903225805969,2021
compra,2021-05-20 23:35:00,1.22281,1.22253,1.22337,2.80000000000058,True,0,-1,-1.51071428571418,2021
compra,2021-05-21 00:05:00,1.22288,1.22259,1.2234599999999998,2.8999999999990145,True,1,2,1.5068965517239703,2021
venta,2021-05-21 05:35:00,1.22329,1.2237,1.22247,4.100000000000215,False,0,-1,-1.3487804878048597,2021
compra,2021-05-24 01:45:00,1.21827,1.2177,1.2194099999999999,5.699999999999594,True,0,-1,-1.250877192982474,2021
venta,2021-05-24 02:45:00,1.21788,1.21854,1.2165600000000003,6.599999999998829,False,0,-1,-1.216666666666705,2021
compra,2021-05-24 03:50:00,1.21813,1.2175,1.2193899999999998,6.299999999999084,True,1,2,1.77301587301584,2021
venta,2021-05-24 20:25:00,1.22141,1.2218,1.2206300000000003,3.8999999999989043,False,0,-1,-1.3666666666667697,2021
venta,2021-05-25 03:45:00,1.22254,1.22285,1.22192,3.1000000000003247,False,0,-1,-1.4612903225805969,2021
compra,2021-05-25 11:50:00,1.22594,1.22491,1.2280000000000002,10.300000000000864,True,0,-1,-1.138834951456299,2021
compra,2021-05-25 20:30:00,1.22487,1.22457,1.2254699999999998,2.9999999999996696,True,1,2,1.5233333333332808,2021
compra,2021-05-26 02:05:00,1.2248,1.22434,1.2257200000000004,4.60000000000127,True,1,2,1.6891304347826945,2021
venta,2021-05-26 05:55:00,1.22557,1.22629,1.22413,7.200000000000539,False,1,2,1.8013888888889038,2021
venta,2021-05-26 20:50:00,1.21922,1.21971,1.2182399999999998,4.900000000001015,False,1,2,1.708163265306183,2021
compra,2021-05-27 12:30:00,1.21995,1.21924,1.22137,7.099999999999884,True,0,-1,-1.2014084507042286,2021
compra,2021-05-28 01:40:00,1.21856,1.21814,1.2194000000000003,4.20000000000087,True,0,-1,-1.34047619047612,2021
compra,2021-05-28 13:25:00,1.2145,1.21325,1.2169999999999999,12.499999999999734,True,1,2,1.8855999999999975,2021
compra,2021-06-02 19:40:00,1.22135,1.22057,1.22291,7.800000000000029,True,0,-1,-1.1833333333333327,2021
venta,2021-06-03 10:30:00,1.21896,1.22082,1.21524,18.599999999999728,False,1,2,1.9231182795698913,2021
compra,2021-06-04 15:30:00,1.21716,1.21616,1.2191600000000002,10.000000000001119,True,0,-1,-1.142999999999984,2021
compra,2021-06-04 18:50:00,1.21664,1.21602,1.2178799999999996,6.199999999998429,True,0,-1,-1.230645161290381,2021
venta,2021-06-04 20:45:00,1.21651,1.217,1.2155299999999998,4.900000000001015,False,0,-1,-1.291836734693817,2021
venta,2021-06-07 00:55:00,1.21672,1.21726,1.21564,5.399999999999849,False,1,2,1.7351851851851778,2021
compra,2021-06-08 00:05:00,1.21924,1.21901,1.2197000000000005,2.300000000001745,True,0,-1,-1.6217391304343107,2021
venta,2021-06-08 05:50:00,1.21773,1.21829,1.2166099999999997,5.60000000000116,False,0,-1,-1.25535714285709,2021
venta,2021-06-09 03:45:00,1.21812,1.21852,1.2173200000000002,3.9999999999995595,False,0,-1,-1.3575000000000395,2021
compra,2021-06-11 06:05:00,1.21911,1.21856,1.2202099999999996,5.499999999998284,True,0,-1,-1.260000000000081,2021
compra,2021-06-11 17:30:00,1.20974,1.20925,1.2107200000000002,4.900000000001015,True,1,2,1.708163265306183,2021
compra,2021-06-14 19:45:00,1.21209,1.21165,1.2129699999999999,4.3999999999999595,True,0,-1,-1.3250000000000028,2021
compra,2021-06-15 19:55:00,1.21279,1.21226,1.2138500000000003,5.300000000001415,True,0,-1,-1.2698113207546449,2021
venta,2021-06-16 08:25:00,1.21263,1.21337,1.2111500000000002,7.399999999999629,False,1,2,1.806756756756747,2021
compra,2021-06-16 13:50:00,1.21195,1.211,1.21385,9.500000000000064,True,0,-1,-1.1505263157894727,2021
venta,2021-06-21 14:55:00,1.19105,1.19196,1.18923,9.099999999999664,False,0,-1,-1.157142857142863,2021
compra,2021-06-21 18:50:00,1.19156,1.191,1.1926799999999997,5.599999999998939,True,0,-1,-1.2553571428571912,2021
venta,2021-06-21 22:30:00,1.19162,1.192,1.1908599999999998,3.8000000000004697,False,1,2,1.6236842105263622,2021
venta,2021-06-22 19:45:00,1.19449,1.19526,1.1929500000000002,7.699999999999374,False,1,2,1.8142857142856992,2021
venta,2021-06-23 08:55:00,1.19325,1.19454,1.19067,12.900000000000134,False,0,-1,-1.1108527131782935,2021
compra,2021-06-24 12:50:00,1.19545,1.19313,1.2000899999999997,23.199999999998777,True,0,-1,-1.0616379310344861,2021
compra,2021-06-24 16:40:00,1.19329,1.19246,1.1949499999999997,8.299999999998864,True,1,2,1.8277108433734703,2021
compra,2021-06-27 21:45:00,1.19365,1.19296,1.1950300000000003,6.900000000000794,True,0,-1,-1.2072463768115704,2021
compra,2021-06-28 02:45:00,1.1925,1.192,1.1934999999999998,4.999999999999449,True,1,2,1.7139999999999684,2021
compra,2021-06-28 12:50:00,1.19194,1.19022,1.1953799999999999,17.199999999999438,True,0,-1,-1.0831395348837236,2021
venta,2021-06-29 10:45:00,1.18974,1.19131,1.1865999999999999,15.700000000000713,False,1,2,1.9089171974522334,2021
compra,2021-06-29 19:40:00,1.18989,1.18956,1.1905499999999998,3.2999999999994145,True,0,-1,-1.4333333333334102,2021
venta,2021-06-30 00:50:00,1.1899,1.19066,1.1883799999999998,7.600000000000939,False,0,-1,-1.1881578947368188,2021
compra,2021-06-30 03:55:00,1.19022,1.18978,1.1911,4.3999999999999595,True,0,-1,-1.3250000000000028,2021
venta,2021-07-02 11:50:00,1.18224,1.1834,1.1799199999999999,11.600000000000499,False,0,-1,-1.1232758620689602,2021
compra,2021-07-05 14:35:00,1.18606,1.18554,1.1870999999999996,5.199999999998539,True,1,2,1.7249999999999228,2021
venta,2021-07-05 22:30:00,1.18609,1.18639,1.1854900000000002,2.9999999999996696,False,0,-1,-1.4766666666667192,2021
compra,2021-07-06 01:50:00,1.18657,1.18583,1.1880499999999998,7.399999999999629,True,1,2,1.806756756756747,2021
venta,2021-07-06 04:35:00,1.18702,1.18753,1.186,5.1000000000001044,False,0,-1,-1.2803921568627392,2021
venta,2021-07-07 02:40:00,1.18216,1.1825,1.18148,3.4000000000000696,False,0,-1,-1.420588235294109,2021
compra,2021-07-07 03:50:00,1.18248,1.18186,1.18372,6.200000000000649,True,0,-1,-1.2306451612902984,2021
compra,2021-07-07 18:05:00,1.18169,1.1801,1.1848699999999999,15.899999999999803,True,0,-1,-1.0899371069182402,2021
compra,2021-07-08 16:45:00,1.18423,1.18366,1.1853699999999998,5.699999999999594,True,0,-1,-1.250877192982474,2021
venta,2021-07-08 20:45:00,1.18424,1.18461,1.1835,3.6999999999998145,False,0,-1,-1.3864864864865059,2021
venta,2021-07-08 22:55:00,1.18451,1.18489,1.1837499999999999,3.8000000000004697,False,0,-1,-1.3763157894736378,2021
compra,2021-07-09 03:55:00,1.18393,1.18341,1.1849699999999996,5.199999999998539,True,0,-1,-1.2750000000000772,2021
venta,2021-07-09 04:55:00,1.18318,1.18398,1.1815799999999996,8.00000000000134,False,0,-1,-1.17874999999997,2021
venta,2021-07-09 20:50:00,1.18769,1.1881,1.1868699999999999,4.100000000000215,False,1,2,1.6512195121951403,2021
compra,2021-07-11 21:50:00,1.18741,1.18707,1.18809,3.4000000000000696,True,0,-1,-1.420588235294109,2021
venta,2021-07-13 12:30:00,1.18174,1.18482,1.17558,30.799999999999716,False,0,-1,-1.046428571428572,2021
compra,2021-07-14 09:25:00,1.1785,1.17759,1.1803200000000005,9.100000000001884,True,1,2,1.8428571428571754,2021
venta,2021-07-14 17:45:00,1.18269,1.18354,1.18099,8.500000000000174,False,0,-1,-1.1682352941176437,2021
venta,2021-07-14 23:10:00,1.18346,1.1838,1.18278,3.4000000000000696,False,1,2,1.579411764705891,2021
venta,2021-07-15 04:55:00,1.18306,1.18347,1.18224,4.100000000000215,False,0,-1,-1.3487804878048597,2021
venta,2021-07-15 06:45:00,1.18382,1.18464,1.1821800000000005,8.199999999998209,False,0,-1,-1.1743902439024771,2021
venta,2021-07-19 18:55:00,1.17912,1.18022,1.1769199999999997,11.000000000001009,False,0,-1,-1.1299999999999881,2021
compra,2021-07-20 00:05:00,1.17956,1.17916,1.1803599999999999,3.9999999999995595,True,0,-1,-1.3575000000000395,2021
compra,2021-07-20 21:30:00,1.17813,1.17776,1.1788699999999999,3.6999999999998145,True,0,-1,-1.3864864864865059,2021
compra,2021-07-21 11:30:00,1.17766,1.17699,1.1789999999999998,6.699999999999484,True,0,-1,-1.2134328358209119,2021
compra,2021-07-22 01:35:00,1.17909,1.17866,1.1799499999999998,4.299999999999304,True,1,2,1.6674418604650625,2021
venta,2021-07-22 02:45:00,1.17956,1.17983,1.17902,2.6999999999999247,False,1,2,1.4703703703703557,2021
venta,2021-07-22 07:40:00,1.17957,1.18019,1.1783299999999999,6.200000000000649,False,1,2,1.7693548387097016,2021
venta,2021-07-22 19:55:00,1.17701,1.17761,1.1758099999999996,6.00000000000156,False,0,-1,-1.2383333333332713,2021
venta,2021-07-23 05:50:00,1.17673,1.17716,1.1758700000000002,4.299999999999304,False,0,-1,-1.3325581395349375,2021
venta,2021-07-25 23:40:00,1.17724,1.17743,1.1768600000000002,1.8999999999991246,False,1,2,1.2473684210522848,2021
venta,2021-07-26 14:55:00,1.18077,1.18172,1.17887,9.500000000000064,False,1,2,1.8494736842105273,2021
venta,2021-07-26 20:45:00,1.18029,1.18064,1.1795900000000004,3.4999999999985043,False,0,-1,-1.4085714285716031,2021
venta,2021-07-27 00:50:00,1.18066,1.1812,1.17958,5.399999999999849,False,1,2,1.7351851851851778,2021
venta,2021-07-27 04:30:00,1.18027,1.18064,1.17953,3.6999999999998145,False,1,2,1.6135135135134941,2021
venta,2021-07-28 03:35:00,1.18243,1.18274,1.1818100000000005,3.0999999999981043,False,1,2,1.5387096774190727,2021
compra,2021-07-28 06:15:00,1.18189,1.18144,1.1827900000000002,4.500000000000615,True,0,-1,-1.3177777777777344,2021
compra,2021-07-28 08:40:00,1.18127,1.18031,1.1831900000000002,9.600000000000719,True,0,-1,-1.1489583333333222,2021
venta,2021-07-29 06:40:00,1.18527,1.18635,1.18311,10.799999999999699,False,0,-1,-1.132407407407411,2021
venta,2021-07-29 14:45:00,1.18823,1.1889,1.1868899999999996,6.700000000001705,False,0,-1,-1.2134328358208413,2021
venta,2021-07-29 22:35:00,1.18881,1.18897,1.1884899999999996,1.6000000000016001,False,0,-1,-1.893749999999106,2021
compra,2021-07-30 01:45:00,1.18828,1.1879,1.18904,3.8000000000004697,True,0,-1,-1.3763157894736378,2021
compra,2021-08-01 23:55:00,1.18661,1.18621,1.1874099999999999,3.9999999999995595,True,0,-1,-1.3575000000000395,2021
compra,2021-08-02 02:55:00,1.18712,1.18587,1.18962,12.499999999999734,True,1,2,1.8855999999999975,2021
compra,2021-08-02 06:55:00,1.18826,1.18697,1.1908400000000001,12.900000000000134,True,0,-1,-1.1108527131782935,2021
venta,2021-08-03 02:40:00,1.18725,1.18768,1.1863899999999996,4.300000000001525,False,0,-1,-1.3325581395347657,2021
compra,2021-08-03 12:50:00,1.18862,1.18803,1.1898000000000002,5.9000000000009045,True,0,-1,-1.242372881355895,2021
venta,2021-08-04 10:40:00,1.18549,1.18606,1.18435,5.699999999999594,False,0,-1,-1.250877192982474,2021
compra,2021-08-04 15:55:00,1.1842,1.18326,1.1860799999999998,9.399999999999409,True,0,-1,-1.1521276595744776,2021
compra,2021-08-06 01:50:00,1.18261,1.18239,1.1830499999999997,2.1999999999988695,True,0,-1,-1.6500000000003339,2021
compra,2021-08-06 06:45:00,1.18277,1.18216,1.18399,6.099999999999994,True,0,-1,-1.234426229508197,2021
venta,2021-08-09 10:45:00,1.17519,1.17629,1.1729899999999998,11.000000000001009,False,0,-1,-1.1299999999999881,2021
compra,2021-08-10 14:20:00,1.1718,1.17107,1.1732599999999997,7.299999999998974,True,0,-1,-1.1958904109589317,2021
venta,2021-08-11 03:45:00,1.17189,1.17255,1.1705700000000003,6.599999999998829,False,0,-1,-1.216666666666705,2021
compra,2021-08-11 10:50:00,1.17145,1.17084,1.17267,6.099999999999994,True,1,2,1.765573770491803,2021
compra,2021-08-11 21:30:00,1.17389,1.17358,1.1745100000000002,3.1000000000003247,True,0,-1,-1.4612903225805969,2021
compra,2021-08-12 07:55:00,1.17418,1.17328,1.1759799999999998,8.999999999999009,True,0,-1,-1.1588888888889064,2021
compra,2021-08-13 00:55:00,1.1736,1.17332,1.17416,2.80000000000058,True,1,2,1.48928571428582,2021
venta,2021-08-13 13:50:00,1.17649,1.17732,1.1748300000000003,8.299999999998864,False,0,-1,-1.1722891566265297,2021
compra,2021-08-16 16:30:00,1.17781,1.1774,1.17863,4.100000000000215,True,0,-1,-1.3487804878048597,2021
venta,2021-08-16 18:40:00,1.17754,1.1778,1.1770200000000002,2.5999999999992696,False,0,-1,-1.5500000000001544,2021
compra,2021-08-18 06:20:00,1.17167,1.1713,1.17241,3.6999999999998145,True,1,2,1.6135135135134941,2021
venta,2021-08-18 21:55:00,1.17092,1.17113,1.1704999999999999,2.100000000000435,False,0,-1,-1.68095238095224,2021
compra,2021-08-19 09:35:00,1.16909,1.16801,1.17125,10.799999999999699,True,0,-1,-1.132407407407411,2021
compra,2021-08-20 05:45:00,1.16878,1.16815,1.1700399999999997,6.299999999999084,True,0,-1,-1.22698412698416,2021
compra,2021-08-20 13:05:00,1.16778,1.16671,1.1699200000000003,10.700000000001264,True,1,2,1.8663551401869316,2021
venta,2021-08-22 22:55:00,1.16931,1.17008,1.1677700000000002,7.699999999999374,False,0,-1,-1.1857142857143008,2021
venta,2021-08-23 00:30:00,1.16953,1.17005,1.1684899999999998,5.20000000000076,False,0,-1,-1.27499999999996,2021
compra,2021-08-23 07:35:00,1.17226,1.17076,1.1752600000000002,15.000000000000568,True,1,2,1.9046666666666703,2021
compra,2021-08-23 14:30:00,1.17372,1.17239,1.1763800000000002,13.300000000000534,True,1,2,1.892481203007523,2021
compra,2021-08-24 00:05:00,1.17461,1.17436,1.1751099999999997,2.4999999999986144,True,0,-1,-1.5720000000003171,2021
compra,2021-08-24 01:25:00,1.17398,1.17371,1.17452,2.6999999999999247,True,0,-1,-1.5296296296296443,2021
venta,2021-08-24 20:55:00,1.17541,1.1759,1.1744300000000003,4.899999999998794,False,1,2,1.7081632653060508,2021
venta,2021-08-25 20:55:00,1.17711,1.17732,1.1766900000000005,2.0999999999982144,False,0,-1,-1.6809523809529598,2021
compra,2021-08-27 06:25:00,1.17656,1.17609,1.1775,4.699999999999704,True,0,-1,-1.3042553191489552,2021
compra,2021-08-27 09:55:00,1.17582,1.17498,1.1775000000000004,8.40000000000174,True,0,-1,-1.17023809523806,2021
compra,2021-08-30 00:40:00,1.18021,1.17951,1.1816099999999998,6.999999999999229,True,0,-1,-1.2042857142857368,2021
compra,2021-08-30 03:30:00,1.18071,1.18022,1.1816899999999997,4.899999999998794,True,0,-1,-1.2918367346939492,2021
compra,2021-08-30 13:40:00,1.17941,1.17827,1.1816900000000004,11.400000000001409,True,1,2,1.8745614035087874,2021
venta,2021-08-31 04:50:00,1.18176,1.18245,1.1803799999999998,6.900000000000794,False,0,-1,-1.2072463768115704,2021
venta,2021-08-31 17:15:00,1.18053,1.1808,1.17999,2.6999999999999247,False,0,-1,-1.5296296296296443,2021
compra,2021-08-31 23:45:00,1.1811,1.18083,1.18164,2.6999999999999247,True,0,-1,-1.5296296296296443,2021
venta,2021-09-01 02:35:00,1.18001,1.18057,1.1788900000000002,5.599999999998939,False,0,-1,-1.2553571428571912,2021
compra,2021-09-01 06:55:00,1.18092,1.17935,1.1840600000000001,15.700000000000713,True,1,2,1.9089171974522334,2021
compra,2021-09-02 05:35:00,1.18392,1.18342,1.1849200000000004,5.00000000000167,True,1,2,1.7140000000000954,2021
venta,2021-09-02 15:50:00,1.18591,1.18708,1.1835700000000002,11.699999999998933,False,0,-1,-1.1222222222222333,2021
compra,2021-09-02 16:25:00,1.18625,1.18568,1.18739,5.699999999999594,True,1,2,1.749122807017526,2021
compra,2021-09-02 20:50:00,1.18755,1.1872,1.1882500000000003,3.5000000000007248,True,1,2,1.591428571428656,2021
venta,2021-09-03 02:25:00,1.18807,1.18842,1.1873699999999998,3.5000000000007248,False,1,2,1.591428571428656,2021
compra,2021-09-03 14:30:00,1.18891,1.18751,1.1917099999999996,13.999999999998458,True,0,-1,-1.1021428571428684,2021
compra,2021-09-06 12:25:00,1.18643,1.18599,1.18731,4.3999999999999595,True,0,-1,-1.3250000000000028,2021
venta,2021-09-06 19:55:00,1.18679,1.18691,1.1865500000000002,1.1999999999989797,False,0,-1,-2.19166666666768,2021
venta,2021-09-07 03:30:00,1.18788,1.18827,1.1871000000000003,3.8999999999989043,False,1,2,1.6333333333332303,2021
compra,2021-09-07 12:35:00,1.18631,1.18578,1.1873699999999998,5.299999999999194,True,0,-1,-1.269811320754758,2021
venta,2021-09-10 12:50:00,1.18294,1.18417,1.1804800000000004,12.299999999998423,False,1,2,1.8837398373983592,2021
compra,2021-09-14 00:30:00,1.18107,1.18096,1.1812900000000002,1.100000000000545,True,0,-1,-2.299999999999356,2021
venta,2021-09-15 06:35:00,1.18007,1.1809,1.1784099999999997,8.300000000001084,False,0,-1,-1.1722891566264835,2021
compra,2021-09-16 19:05:00,1.17613,1.17544,1.1775099999999996,6.899999999998574,True,1,2,1.792753623188363,2021
compra,2021-09-17 08:35:00,1.17816,1.17684,1.1808,13.199999999999878,True,0,-1,-1.1083333333333343,2021
venta,2021-09-20 00:05:00,1.17256,1.1728,1.17208,2.4000000000001798,False,0,-1,-1.5958333333332888,2021
compra,2021-09-21 06:10:00,1.17359,1.1733,1.1741699999999997,2.8999999999990145,True,0,-1,-1.4931034482760297,2021
venta,2021-09-21 09:35:00,1.17317,1.17377,1.1719700000000002,5.999999999999339,False,0,-1,-1.2383333333333595,2021
venta,2021-09-21 17:05:00,1.17249,1.1729,1.17167,4.100000000000215,False,0,-1,-1.3487804878048597,2021
venta,2021-09-22 00:25:00,1.17219,1.17249,1.1715900000000001,2.9999999999996696,False,0,-1,-1.4766666666667192,2021
compra,2021-09-22 01:30:00,1.17295,1.17164,1.1755699999999998,13.099999999999223,True,0,-1,-1.109160305343518,2021
compra,2021-09-22 10:30:00,1.1733,1.17283,1.17424,4.699999999999704,True,0,-1,-1.3042553191489552,2021
compra,2021-09-22 21:35:00,1.16926,1.16854,1.1707,7.200000000000539,True,0,-1,-1.1986111111110962,2021
venta,2021-09-23 08:55:00,1.17208,1.17291,1.1704200000000002,8.299999999998864,False,0,-1,-1.1722891566265297,2021
compra,2021-09-23 16:55:00,1.1744,1.17304,1.1771200000000002,13.600000000000279,True,0,-1,-1.1051470588235273,2021
venta,2021-09-23 19:45:00,1.1744,1.17488,1.1734400000000005,4.799999999998139,False,1,2,1.702083333333218,2021
venta,2021-09-23 23:45:00,1.17416,1.17432,1.1738400000000002,1.5999999999993797,False,0,-1,-1.8937500000003464,2021
venta,2021-09-27 04:45:00,1.17221,1.17247,1.1716900000000001,2.5999999999992696,False,1,2,1.4499999999998456,2021
venta,2021-09-28 00:45:00,1.16868,1.16967,1.1666999999999998,9.900000000000464,False,0,-1,-1.1444444444444377,2021
compra,2021-09-28 07:40:00,1.16796,1.16722,1.1694400000000005,7.4000000000018495,True,0,-1,-1.193243243243195,2021
compra,2021-09-29 04:55:00,1.16865,1.16823,1.1694899999999997,4.199999999998649,True,0,-1,-1.3404761904762998,2021
venta,2021-09-30 03:55:00,1.16039,1.16085,1.1594700000000002,4.599999999999049,False,1,2,1.6891304347825444,2021
venta,2021-09-30 08:40:00,1.16,1.16096,1.1580799999999998,9.600000000000719,False,1,2,1.8510416666666778,2021
venta,2021-09-30 19:45:00,1.15799,1.15887,1.15623,8.799999999999919,False,0,-1,-1.1625000000000014,2021
compra,2021-10-01 10:45:00,1.15859,1.15724,1.16129,13.499999999999623,True,1,2,1.8940740740740711,2021
venta,2021-10-01 20:30:00,1.15948,1.15995,1.1585400000000001,4.699999999999704,False,0,-1,-1.3042553191489552,2021
venta,2021-10-04 08:35:00,1.16066,1.16157,1.15884,9.099999999999664,False,0,-1,-1.157142857142863,2021
venta,2021-10-04 12:50:00,1.16327,1.164,1.1618100000000002,7.299999999998974,False,1,2,1.8041095890410683,2021
venta,2021-10-04 14:50:00,1.16261,1.16394,1.1599499999999998,13.300000000000534,False,1,2,1.892481203007523,2021
compra,2021-10-04 21:55:00,1.16193,1.16154,1.1627099999999997,3.8999999999989043,True,0,-1,-1.3666666666667697,2021
venta,2021-10-04 22:55:00,1.16162,1.16218,1.1605000000000003,5.599999999998939,False,1,2,1.7446428571428088,2021
compra,2021-10-05 00:05:00,1.16192,1.16164,1.1624800000000002,2.80000000000058,True,0,-1,-1.51071428571418,2021
compra,2021-10-05 02:30:00,1.16068,1.1602,1.16164,4.8000000000003595,True,0,-1,-1.2979166666666444,2021
compra,2021-10-05 14:50:00,1.15941,1.15804,1.1621500000000002,13.700000000000934,True,0,-1,-1.1043795620437884,2021
venta,2021-10-05 18:55:00,1.1597,1.16082,1.15746,11.200000000000099,False,1,2,1.8723214285714298,2021
venta,2021-10-06 11:45:00,1.15371,1.15438,1.1523700000000001,6.699999999999484,False,0,-1,-1.2134328358209119,2021
compra,2021-10-07 09:35:00,1.15615,1.15549,1.1574700000000002,6.6000000000010495,True,0,-1,-1.2166666666666321,2021
compra,2021-10-08 02:50:00,1.15543,1.15506,1.15617,3.6999999999998145,True,0,-1,-1.3864864864865059,2021
venta,2021-10-11 14:40:00,1.15763,1.15837,1.15615,7.399999999999629,False,1,2,1.806756756756747,2021
compra,2021-10-11 18:45:00,1.15589,1.15556,1.1565500000000004,3.300000000001635,True,0,-1,-1.4333333333331186,2021
compra,2021-10-12 21:40:00,1.15305,1.15287,1.1534099999999996,1.7999999999984695,True,1,2,1.2055555555548803,2021
compra,2021-10-13 00:30:00,1.15375,1.15299,1.1552700000000002,7.600000000000939,True,1,2,1.8118421052631812,2021
compra,2021-10-13 06:05:00,1.15517,1.15493,1.15565,2.4000000000001798,True,0,-1,-1.5958333333332888,2021
compra,2021-10-13 21:45:00,1.15943,1.15879,1.16071,6.399999999999739,True,0,-1,-1.223437500000009,2021
compra,2021-10-14 02:55:00,1.15949,1.15886,1.1607499999999997,6.299999999999084,True,0,-1,-1.22698412698416,2021
venta,2021-10-14 11:45:00,1.16101,1.16153,1.1599700000000004,5.199999999998539,False,1,2,1.7249999999999228,2021
compra,2021-10-14 17:45:00,1.15915,1.15844,1.1605699999999999,7.099999999999884,True,1,2,1.7985915492957714,2021
venta,2021-10-14 19:20:00,1.15957,1.15993,1.1588500000000002,3.5999999999991594,False,0,-1,-1.397222222222315,2021
venta,2021-10-15 07:40:00,1.16086,1.1615,1.15958,6.399999999999739,False,0,-1,-1.223437500000009,2021
venta,2021-10-15 08:50:00,1.16017,1.16148,1.1575499999999996,13.100000000001444,False,1,2,1.8908396946565005,2021
compra,2021-10-17 21:25:00,1.16004,1.15903,1.1620599999999999,10.099999999999554,True,0,-1,-1.141584158415848,2021
venta,2021-10-18 22:40:00,1.16099,1.16129,1.16039,2.9999999999996696,False,0,-1,-1.4766666666667192,2021
compra,2021-10-18 23:45:00,1.16131,1.16084,1.16225,4.699999999999704,True,1,2,1.6957446808510448,2021
compra,2021-10-19 13:45:00,1.16509,1.16413,1.1670099999999997,9.599999999998499,True,0,-1,-1.1489583333333566,2021
compra,2021-10-19 16:45:00,1.16352,1.16295,1.1646600000000005,5.700000000001815,True,0,-1,-1.2508771929823763,2021
venta,2021-10-19 18:50:00,1.16387,1.16446,1.1626899999999998,5.9000000000009045,False,0,-1,-1.242372881355895,2021
compra,2021-10-20 10:40:00,1.16294,1.16212,1.1645800000000002,8.20000000000043,True,1,2,1.8256097560975701,2021
compra,2021-10-21 00:45:00,1.16571,1.1651,1.16693,6.099999999999994,True,0,-1,-1.234426229508197,2021
venta,2021-10-21 03:30:00,1.16634,1.16674,1.1655399999999996,4.00000000000178,False,1,2,1.642500000000159,2021
compra,2021-10-21 23:30:00,1.16262,1.16228,1.1633,3.4000000000000696,True,0,-1,-1.420588235294109,2021
compra,2021-10-22 06:50:00,1.16365,1.16232,1.1663100000000002,13.300000000000534,True,0,-1,-1.107518796992477,2021
venta,2021-10-22 10:55:00,1.16365,1.16428,1.1623900000000003,6.299999999999084,False,0,-1,-1.22698412698416,2021
venta,2021-10-22 20:55:00,1.16395,1.16428,1.1632900000000002,3.2999999999994145,False,0,-1,-1.4333333333334102,2021
venta,2021-10-25 04:30:00,1.16584,1.16649,1.16454,6.500000000000394,False,1,2,1.7800000000000133,2021
compra,2021-10-25 07:20:00,1.16494,1.1641,1.1666200000000004,8.40000000000174,True,0,-1,-1.17023809523806,2021
compra,2021-10-25 16:35:00,1.16105,1.16047,1.16221,5.800000000000249,True,0,-1,-1.2465517241379205,2021
venta,2021-10-26 00:05:00,1.16055,1.16115,1.15935,5.999999999999339,False,0,-1,-1.2383333333333595,2021
venta,2021-10-26 11:55:00,1.16159,1.16257,1.1596299999999995,9.80000000000203,False,1,2,1.8540816326530916,2021
compra,2021-10-27 06:50:00,1.16068,1.15953,1.16298,11.499999999999844,True,0,-1,-1.1243478260869582,2021
venta,2021-10-28 05:50:00,1.16025,1.16077,1.1592099999999999,5.20000000000076,False,0,-1,-1.27499999999996,2021
compra,2021-10-28 20:50:00,1.16844,1.168,1.16932,4.3999999999999595,True,0,-1,-1.3250000000000028,2021
venta,2021-10-29 20:30:00,1.1559,1.1563,1.1550999999999996,4.00000000000178,False,0,-1,-1.357499999999841,2021
venta,2021-10-31 21:05:00,1.15593,1.15632,1.1551499999999997,3.900000000001125,False,1,2,1.633333333333439,2021
compra,2021-11-01 06:55:00,1.15636,1.15505,1.1589800000000003,13.100000000001444,True,1,2,1.8908396946565005,2021
venta,2021-11-01 16:40:00,1.15891,1.15948,1.1577700000000002,5.699999999999594,False,0,-1,-1.250877192982474,2021
venta,2021-11-02 14:50:00,1.15841,1.15993,1.15537,15.199999999999658,False,0,-1,-1.0940789473684231,2021
compra,2021-11-03 03:55:00,1.15835,1.15802,1.1590099999999999,3.2999999999994145,True,0,-1,-1.4333333333334102,2021
venta,2021-11-05 11:55:00,1.15145,1.15403,1.1462900000000005,25.799999999998047,False,0,-1,-1.0554263565891515,2021
compra,2021-11-08 04:45:00,1.15596,1.1557,1.1564800000000004,2.60000000000149,True,1,2,1.4500000000003153,2021
venta,2021-11-08 20:05:00,1.15836,1.15885,1.1573800000000003,4.899999999998794,False,0,-1,-1.2918367346939492,2021
venta,2021-11-08 21:55:00,1.15844,1.15912,1.1570799999999999,6.800000000000139,False,0,-1,-1.2102941176470545,2021
venta,2021-11-10 00:35:00,1.15915,1.15952,1.1584099999999995,3.700000000002035,False,1,2,1.613513513513726,2021
venta,2021-11-10 05:10:00,1.1581,1.15844,1.15742,3.4000000000000696,False,1,2,1.579411764705891,2021
compra,2021-11-11 01:30:00,1.14816,1.14727,1.1499400000000002,8.900000000000574,True,0,-1,-1.1606741573033603,2021
venta,2021-11-11 10:35:00,1.14678,1.14745,1.1454399999999996,6.700000000001705,False,1,2,1.7865671641791587,2021
compra,2021-11-12 20:55:00,1.14463,1.14422,1.14545,4.100000000000215,True,0,-1,-1.3487804878048597,2021
compra,2021-11-15 00:05:00,1.14438,1.14419,1.1447599999999998,1.8999999999991246,True,1,2,1.2473684210522848,2021
compra,2021-11-15 05:45:00,1.14599,1.14554,1.1468900000000002,4.500000000000615,True,0,-1,-1.3177777777777344,2021
venta,2021-11-15 10:55:00,1.14477,1.14565,1.14301,8.799999999999919,False,1,2,1.8374999999999986,2021
compra,2021-11-15 15:10:00,1.14423,1.14354,1.1456100000000002,6.900000000000794,True,0,-1,-1.2072463768115704,2021
compra,2021-11-16 13:35:00,1.13717,1.13584,1.1398300000000001,13.300000000000534,True,0,-1,-1.107518796992477,2021
venta,2021-11-16 16:35:00,1.1336,1.13556,1.12968,19.599999999999618,False,1,2,1.9270408163265291,2021
compra,2021-11-16 21:45:00,1.13189,1.13089,1.1338900000000003,10.000000000001119,True,0,-1,-1.142999999999984,2021
compra,2021-11-17 14:40:00,1.13173,1.12976,1.1356699999999995,19.699999999998052,True,0,-1,-1.0725888324873167,2021
compra,2021-11-17 18:25:00,1.13243,1.1314,1.1344900000000002,10.300000000000864,True,0,-1,-1.138834951456299,2021
compra,2021-11-18 04:35:00,1.13299,1.13257,1.1338299999999997,4.199999999998649,True,0,-1,-1.3404761904762998,2021
venta,2021-11-22 08:55:00,1.1265,1.12787,1.1237600000000003,13.699999999998713,False,0,-1,-1.1043795620438055,2021
compra,2021-11-22 20:35:00,1.12382,1.12306,1.1253400000000002,7.600000000000939,True,0,-1,-1.1881578947368188,2021
venta,2021-11-24 08:50:00,1.12337,1.12552,1.1190699999999998,21.500000000000963,False,1,2,1.9334883720930263,2021
venta,2021-11-24 18:30:00,1.11933,1.11975,1.1184899999999998,4.20000000000087,False,0,-1,-1.34047619047612,2021
venta,2021-11-24 19:05:00,1.11918,1.11975,1.1180400000000001,5.699999999999594,False,0,-1,-1.250877192982474,2021
venta,2021-11-24 21:30:00,1.12002,1.12054,1.1189799999999999,5.20000000000076,False,0,-1,-1.27499999999996,2021
venta,2021-11-25 05:25:00,1.12124,1.12161,1.1205,3.6999999999998145,False,0,-1,-1.3864864864865059,2021
compra,2021-11-25 18:50:00,1.12087,1.12055,1.1215100000000002,3.20000000000098,True,1,2,1.5531250000001369,2021
compra,2021-11-29 13:40:00,1.12817,1.12745,1.1296099999999996,7.199999999998319,True,0,-1,-1.1986111111111575,2021
compra,2021-11-29 17:30:00,1.12671,1.12586,1.1284100000000001,8.500000000000174,True,1,2,1.8317647058823563,2021
compra,2021-11-30 00:50:00,1.12901,1.12864,1.12975,3.6999999999998145,True,0,-1,-1.3864864864865059,2021
compra,2021-12-01 07:55:00,1.13403,1.13219,1.1377100000000002,18.400000000000638,True,0,-1,-1.0777173913043452,2021
venta,2021-12-03 00:45:00,1.13016,1.13074,1.129,5.800000000000249,False,1,2,1.7534482758620795,2021
compra,2021-12-03 07:35:00,1.12878,1.12815,1.1300399999999997,6.299999999999084,True,1,2,1.77301587301584,2021
compra,2021-12-05 22:55:00,1.13086,1.13014,1.1323,7.200000000000539,True,0,-1,-1.1986111111110962,2021
compra,2021-12-06 01:40:00,1.12928,1.12882,1.1302000000000003,4.60000000000127,True,0,-1,-1.3108695652173055,2021
compra,2021-12-06 07:30:00,1.12857,1.1278,1.1301100000000004,7.7000000000015945,True,0,-1,-1.1857142857142473,2021
compra,2021-12-06 08:25:00,1.12897,1.12747,1.1319700000000001,15.000000000000568,True,0,-1,-1.0953333333333297,2021
compra,2021-12-07 06:20:00,1.1294,1.12871,1.1307799999999997,6.899999999998574,True,0,-1,-1.207246376811637,2021
compra,2021-12-07 08:25:00,1.12925,1.12854,1.13067,7.099999999999884,True,0,-1,-1.2014084507042286,2021
venta,2021-12-07 17:40:00,1.12445,1.12516,1.12303,7.099999999999884,False,0,-1,-1.2014084507042286,2021
compra,2021-12-07 22:30:00,1.12693,1.12631,1.1281700000000001,6.200000000000649,True,1,2,1.7693548387097016,2021
venta,2021-12-08 20:55:00,1.13486,1.13547,1.13364,6.099999999999994,False,1,2,1.765573770491803,2021
venta,2021-12-09 19:55:00,1.12872,1.1294,1.12736,6.800000000000139,False,0,-1,-1.2102941176470545,2021
compra,2021-12-10 01:20:00,1.12934,1.12868,1.1306600000000002,6.6000000000010495,True,0,-1,-1.2166666666666321,2021
venta,2021-12-10 05:55:00,1.12949,1.12991,1.1286500000000004,4.199999999998649,False,0,-1,-1.3404761904762998,2021
compra,2021-12-10 13:30:00,1.13056,1.12701,1.13766,35.49999999999942,True,0,-1,-1.0402816901408458,2021
compra,2021-12-13 03:40:00,1.1298,1.12935,1.1306999999999996,4.499999999998394,True,0,-1,-1.3177777777778912,2021
compra,2021-12-13 07:45:00,1.12891,1.12837,1.12999,5.399999999999849,True,0,-1,-1.2648148148148222,2021
venta,2021-12-14 03:40:00,1.12761,1.12837,1.1260899999999998,7.600000000000939,False,0,-1,-1.1881578947368188,2021
venta,2021-12-14 06:45:00,1.12776,1.1283,1.1266800000000001,5.399999999999849,False,1,2,1.7351851851851778,2021
venta,2021-12-15 14:25:00,1.12591,1.12743,1.12287,15.199999999999658,False,1,2,1.9059210526315769,2021
venta,2021-12-15 23:20:00,1.12905,1.12957,1.1280100000000004,5.199999999998539,False,0,-1,-1.2750000000000772,2021
compra,2021-12-16 06:45:00,1.12909,1.12834,1.13059,7.500000000000284,True,1,2,1.8093333333333406,2021
compra,2021-12-20 02:55:00,1.12483,1.12363,1.1272300000000002,12.000000000000899,True,1,2,1.8808333333333422,2021
venta,2021-12-20 09:45:00,1.12508,1.12741,1.1204200000000002,23.299999999999432,False,0,-1,-1.0613733905579414,2021
venta,2021-12-20 15:35:00,1.1294,1.13037,1.1274599999999997,9.700000000001374,False,1,2,1.8525773195876498,2021
compra,2021-12-20 20:40:00,1.1275,1.12718,1.1281399999999997,3.1999999999987594,True,1,2,1.553124999999827,2021
venta,2021-12-21 09:50:00,1.12933,1.13006,1.1278699999999997,7.300000000001194,False,1,2,1.8041095890411278,2021
compra,2021-12-21 18:35:00,1.12711,1.12639,1.1285500000000002,7.200000000000539,True,1,2,1.8013888888889038,2021
venta,2021-12-21 20:35:00,1.128,1.12831,1.1273799999999998,3.1000000000003247,False,0,-1,-1.4612903225805969,2021
venta,2021-12-22 16:50:00,1.13191,1.13423,1.1272699999999998,23.200000000000998,False,0,-1,-1.0616379310344801,2021
compra,2021-12-23 09:35:00,1.13195,1.13106,1.1337300000000001,8.900000000000574,True,0,-1,-1.1606741573033603,2021
venta,2021-12-23 18:35:00,1.13311,1.13377,1.1317900000000003,6.599999999998829,False,0,-1,-1.216666666666705,2021
compra,2021-12-23 19:30:00,1.13327,1.13284,1.1341299999999999,4.299999999999304,True,0,-1,-1.3325581395349375,2021
compra,2021-12-24 20:25:00,1.1315,1.1308,1.1328999999999998,6.999999999999229,True,0,-1,-1.2042857142857368,2021
venta,2021-12-27 04:25:00,1.1323,1.13248,1.1319400000000004,1.7999999999984695,False,1,2,1.2055555555548803,2021
compra,2021-12-27 12:45:00,1.13127,1.13033,1.1331499999999999,9.399999999999409,True,1,2,1.8478723404255224,2021
compra,2021-12-27 19:25:00,1.13266,1.13245,1.13308,2.100000000000435,True,0,-1,-1.68095238095224,2021
compra,2021-12-28 11:15:00,1.13319,1.13282,1.1339299999999999,3.6999999999998145,True,0,-1,-1.3864864864865059,2021
venta,2021-12-29 21:55:00,1.13459,1.13505,1.1336700000000002,4.599999999999049,False,0,-1,-1.3108695652174556,2021
compra,2021-12-30 14:50:00,1.1329,1.12984,1.1390200000000001,30.600000000000627,True,0,-1,-1.0467320261437898,2021
venta,2021-12-30 20:50:00,1.13188,1.13301,1.1296199999999998,11.300000000000754,False,0,-1,-1.1265486725663632,2021
venta,2021-12-31 01:05:00,1.13244,1.13265,1.1320199999999998,2.100000000000435,False,0,-1,-1.68095238095224,2021
venta,2021-12-31 07:55:00,1.13047,1.13168,1.1280500000000002,12.099999999999334,False,0,-1,-1.1181818181818246,2021
compra,2021-12-31 08:55:00,1.13183,1.13084,1.1338099999999995,9.899999999998244,True,1,2,1.8555555555555299,2021
compra,2022-01-02 22:30:00,1.13735,1.13649,1.1390700000000002,8.60000000000083,True,0,-1,-1.166279069767426,2022
venta,2022-01-03 11:45:00,1.13553,1.13661,1.13337,10.799999999999699,False,1,2,1.867592592592589,2022
venta,2022-01-03 13:35:00,1.13495,1.13594,1.1329699999999998,9.900000000000464,False,1,2,1.8555555555555623,2022
compra,2022-01-03 17:50:00,1.12851,1.12797,1.1295899999999999,5.399999999999849,True,1,2,1.7351851851851778,2022
venta,2022-01-04 23:30:00,1.12833,1.1287,1.12759,3.6999999999998145,False,0,-1,-1.3864864864865059,2022
compra,2022-01-05 05:45:00,1.12918,1.12873,1.1300800000000002,4.500000000000615,True,1,2,1.6822222222222656,2022
compra,2022-01-06 01:35:00,1.13097,1.13048,1.1319500000000002,4.900000000001015,True,1,2,1.708163265306183,2022
compra,2022-01-06 11:40:00,1.13155,1.13067,1.13331,8.799999999999919,True,0,-1,-1.1625000000000014,2022
venta,2022-01-06 13:35:00,1.13095,1.13199,1.1288699999999996,10.40000000000152,False,0,-1,-1.13749999999998,2022
compra,2022-01-07 00:55:00,1.12958,1.12929,1.1301600000000003,2.900000000001235,True,0,-1,-1.493103448275652,2022
venta,2022-01-07 06:35:00,1.12993,1.13033,1.1291300000000002,3.9999999999995595,False,0,-1,-1.3575000000000395,2022
compra,2022-01-07 11:45:00,1.13052,1.13008,1.1314,4.3999999999999595,True,0,-1,-1.3250000000000028,2022
compra,2022-01-10 19:45:00,1.13268,1.13199,1.1340599999999996,6.899999999998574,True,1,2,1.792753623188363,2022
compra,2022-01-10 22:35:00,1.13277,1.13206,1.13419,7.099999999999884,True,1,2,1.7985915492957714,2022
compra,2022-01-12 19:25:00,1.14467,1.14382,1.1463700000000001,8.500000000000174,True,0,-1,-1.1682352941176437,2022
compra,2022-01-13 00:05:00,1.1448,1.14422,1.14596,5.800000000000249,True,0,-1,-1.2465517241379205,2022
venta,2022-01-13 04:55:00,1.14421,1.14457,1.1434899999999997,3.60000000000138,False,0,-1,-1.3972222222220698,2022
compra,2022-01-13 05:35:00,1.14451,1.14416,1.1452099999999996,3.4999999999985043,True,0,-1,-1.4085714285716031,2022
venta,2022-01-13 08:55:00,1.14661,1.14759,1.1446499999999995,9.80000000000203,False,0,-1,-1.1459183673469084,2022
compra,2022-01-14 15:55:00,1.14331,1.14237,1.14519,9.399999999999409,True,0,-1,-1.1521276595744776,2022
compra,2022-01-17 00:50:00,1.14091,1.14033,1.1420700000000001,5.800000000000249,True,0,-1,-1.2465517241379205,2022
compra,2022-01-18 12:45:00,1.13907,1.13812,1.14097,9.500000000000064,True,0,-1,-1.1505263157894727,2022
compra,2022-01-18 18:40:00,1.13262,1.13191,1.13404,7.099999999999884,True,0,-1,-1.2014084507042286,2022
compra,2022-01-19 00:55:00,1.1329,1.13197,1.1347600000000002,9.300000000000974,True,0,-1,-1.1537634408601989,2022
compra,2022-01-19 17:25:00,1.13495,1.13423,1.1363899999999996,7.199999999998319,True,0,-1,-1.1986111111111575,2022
compra,2022-01-20 05:45:00,1.13522,1.13455,1.1365599999999998,6.699999999999484,True,1,2,1.7865671641790881,2022
venta,2022-01-20 08:35:00,1.13588,1.13688,1.1338800000000002,9.999999999998899,False,1,2,1.8569999999999842,2022
compra,2022-01-20 15:45:00,1.13493,1.13285,1.1390900000000002,20.800000000000818,True,0,-1,-1.0687499999999972,2022
compra,2022-01-20 20:15:00,1.13155,1.13114,1.13237,4.100000000000215,True,0,-1,-1.3487804878048597,2022
venta,2022-01-20 23:15:00,1.13083,1.13112,1.1302500000000002,2.8999999999990145,False,0,-1,-1.4931034482760297,2022
compra,2022-01-21 05:40:00,1.13259,1.13223,1.1333099999999998,3.5999999999991594,True,1,2,1.602777777777685,2022
compra,2022-01-21 17:10:00,1.13483,1.13412,1.13625,7.099999999999884,True,0,-1,-1.2014084507042286,2022
venta,2022-01-26 12:55:00,1.12762,1.12795,1.1269600000000002,3.2999999999994145,False,0,-1,-1.4333333333334102,2022
venta,2022-01-27 00:05:00,1.12372,1.12418,1.1228000000000002,4.599999999999049,False,0,-1,-1.3108695652174556,2022
venta,2022-01-27 16:50:00,1.11457,1.11617,1.11137,16.00000000000046,False,0,-1,-1.0893749999999975,2022
compra,2022-01-27 22:55:00,1.11437,1.11393,1.11525,4.3999999999999595,True,0,-1,-1.3250000000000028,2022
compra,2022-01-30 23:55:00,1.11519,1.1138,1.11797,13.900000000000023,True,1,2,1.8971223021582735,2022
venta,2022-01-31 00:50:00,1.11457,1.11542,1.11287,8.500000000000174,False,0,-1,-1.1682352941176437,2022
venta,2022-01-31 10:35:00,1.11741,1.11819,1.11585,7.800000000000029,False,1,2,1.8166666666666673,2022
venta,2022-01-31 17:35:00,1.12111,1.12195,1.1194300000000001,8.399999999999519,False,0,-1,-1.170238095238105,2022
venta,2022-02-01 05:55:00,1.12402,1.12451,1.1230400000000003,4.899999999998794,False,0,-1,-1.2918367346939492,2022
compra,2022-02-01 13:40:00,1.12632,1.12575,1.12746,5.699999999999594,True,0,-1,-1.250877192982474,2022
compra,2022-02-03 01:50:00,1.12997,1.12929,1.13133,6.800000000000139,True,0,-1,-1.2102941176470545,2022
venta,2022-02-03 12:45:00,1.12753,1.12965,1.1232899999999997,21.200000000001218,False,0,-1,-1.0674528301886754,2022
compra,2022-02-04 00:55:00,1.14456,1.14332,1.1470400000000003,12.400000000001299,True,1,2,1.8846774193548508,2022
compra,2022-02-04 04:25:00,1.14671,1.14591,1.1483099999999997,7.999999999999119,True,0,-1,-1.1787500000000197,2022
compra,2022-02-04 15:20:00,1.14318,1.14217,1.1452000000000004,10.100000000001774,True,1,2,1.8584158415841834,2022
compra,2022-02-07 03:55:00,1.14328,1.14247,1.1449,8.099999999999774,True,1,2,1.823456790123452,2022
venta,2022-02-08 19:40:00,1.14154,1.14237,1.1398799999999998,8.300000000001084,False,0,-1,-1.1722891566264835,2022
compra,2022-02-09 01:05:00,1.14173,1.14121,1.1427699999999996,5.199999999998539,True,1,2,1.7249999999999228,2022
compra,2022-02-09 19:50:00,1.14326,1.14269,1.1443999999999999,5.699999999999594,True,0,-1,-1.250877192982474,2022
venta,2022-02-10 07:25:00,1.14194,1.14249,1.1408399999999999,5.5000000000005045,False,0,-1,-1.2599999999999763,2022
venta,2022-02-10 08:40:00,1.14256,1.14335,1.1409799999999999,7.900000000000684,False,0,-1,-1.1810126582278324,2022
venta,2022-02-10 13:15:00,1.14324,1.14394,1.1418400000000002,6.999999999999229,False,1,2,1.7957142857142632,2022
compra,2022-02-14 11:50:00,1.13099,1.13008,1.1328099999999999,9.099999999999664,True,1,2,1.842857142857137,2022
venta,2022-02-15 05:25:00,1.13149,1.13196,1.1305500000000002,4.699999999999704,False,0,-1,-1.3042553191489552,2022
compra,2022-02-15 08:05:00,1.13329,1.13136,1.1371499999999999,19.299999999999873,True,0,-1,-1.074093264248705,2022
venta,2022-02-15 18:55:00,1.13555,1.13642,1.1338100000000002,8.699999999999264,False,0,-1,-1.164367816091968,2022
compra,2022-02-16 00:05:00,1.13589,1.1355,1.1366700000000003,3.900000000001125,True,0,-1,-1.366666666666561,2022
venta,2022-02-16 17:55:00,1.13743,1.13826,1.1357699999999997,8.300000000001084,False,0,-1,-1.1722891566264835,2022
compra,2022-02-16 18:45:00,1.13809,1.13712,1.1400300000000003,9.700000000001374,True,0,-1,-1.1474226804123502,2022
compra,2022-02-16 19:05:00,1.13899,1.13712,1.14273,18.700000000000383,True,0,-1,-1.0764705882352925,2022
compra,2022-02-16 22:35:00,1.13753,1.13713,1.1383299999999998,3.9999999999995595,True,1,2,1.6424999999999605,2022
compra,2022-02-17 20:35:00,1.13632,1.13568,1.1376,6.399999999999739,True,1,2,1.776562499999991,2022
compra,2022-02-18 01:50:00,1.13703,1.13589,1.1393099999999998,11.399999999999189,True,0,-1,-1.125438596491237,2022
venta,2022-02-21 08:55:00,1.13565,1.13905,1.1288500000000004,33.99999999999847,False,1,2,1.9579411764705863,2022
compra,2022-02-22 07:45:00,1.13039,1.12925,1.1326699999999998,11.399999999999189,True,1,2,1.874561403508763,2022
venta,2022-02-22 15:25:00,1.1332,1.13503,1.12954,18.299999999999983,False,0,-1,-1.0781420765027323,2022
compra,2022-02-22 19:50:00,1.13358,1.1322,1.13634,13.799999999999368,True,0,-1,-1.1036231884058019,2022
compra,2022-02-23 05:50:00,1.13252,1.13225,1.13306,2.6999999999999247,True,0,-1,-1.5296296296296443,2022
venta,2022-02-23 06:55:00,1.1322,1.13304,1.1305200000000002,8.399999999999519,False,0,-1,-1.170238095238105,2022
compra,2022-02-23 07:35:00,1.13396,1.13159,1.1387,23.699999999999832,True,0,-1,-1.0603375527426164,2022
compra,2022-02-23 13:25:00,1.1347,1.13364,1.1368200000000002,10.600000000000609,True,0,-1,-1.1349056603773509,2022
compra,2022-02-25 00:45:00,1.12093,1.1188,1.12519,21.299999999999653,True,0,-1,-1.067136150234743,2022
compra,2022-02-25 07:45:00,1.12158,1.11968,1.12538,19.000000000000128,True,0,-1,-1.0752631578947363,2022
compra,2022-02-28 15:55:00,1.12316,1.12101,1.1274599999999997,21.499999999998742,True,0,-1,-1.0665116279069806,2022
venta,2022-03-01 21:25:00,1.11267,1.11379,1.11043,11.200000000000099,False,1,2,1.8723214285714298,2022
compra,2022-03-02 04:55:00,1.1123,1.11185,1.1132000000000002,4.500000000000615,True,0,-1,-1.3177777777777344,2022
compra,2022-03-02 09:50:00,1.10925,1.10588,1.1159900000000003,33.70000000000095,True,0,-1,-1.0424332344213638,2022
venta,2022-03-03 12:50:00,1.10836,1.10968,1.10572,13.199999999999878,False,1,2,1.8916666666666657,2022
compra,2022-03-03 13:55:00,1.10856,1.10719,1.1113000000000002,13.700000000000934,True,0,-1,-1.1043795620437884,2022
compra,2022-03-03 17:30:00,1.10571,1.10464,1.1078499999999998,10.699999999999044,True,0,-1,-1.1336448598130962,2022
compra,2022-03-08 13:45:00,1.09009,1.08835,1.0935700000000002,17.400000000000748,True,0,-1,-1.0821839080459734,2022
venta,2022-03-08 14:30:00,1.09048,1.09243,1.0865799999999997,19.500000000001183,False,0,-1,-1.0733333333333288,2022
venta,2022-03-08 23:10:00,1.08951,1.09031,1.0879100000000002,7.999999999999119,False,0,-1,-1.1787500000000197,2022
venta,2022-03-09 02:50:00,1.09134,1.09201,1.09,6.699999999999484,False,0,-1,-1.2134328358209119,2022
compra,2022-03-09 23:50:00,1.10724,1.10653,1.10866,7.099999999999884,True,0,-1,-1.2014084507042286,2022
venta,2022-03-10 09:50:00,1.10396,1.10801,1.0958600000000003,40.49999999999887,False,0,-1,-1.0353086419753097,2022
venta,2022-03-14 00:30:00,1.09212,1.09375,1.08886,16.300000000000203,False,0,-1,-1.087730061349692,2022
venta,2022-03-15 00:15:00,1.09416,1.09552,1.09144,13.600000000000279,False,0,-1,-1.1051470588235273,2022
compra,2022-03-16 03:50:00,1.09688,1.09656,1.0975200000000003,3.20000000000098,True,0,-1,-1.4468749999998631,2022
compra,2022-03-16 04:45:00,1.09746,1.09645,1.0994800000000005,10.100000000001774,True,0,-1,-1.1415841584158166,2022
compra,2022-03-17 05:25:00,1.10298,1.10242,1.1041000000000003,5.60000000000116,True,1,2,1.74464285714291,2022
venta,2022-03-17 11:05:00,1.10457,1.10582,1.10207,12.499999999999734,False,0,-1,-1.1144000000000025,2022
venta,2022-03-17 23:55:00,1.10995,1.11186,1.1061299999999998,19.100000000000783,False,1,2,1.9251308900523592,2022
compra,2022-03-18 11:20:00,1.10303,1.10208,1.10493,9.500000000000064,True,0,-1,-1.1505263157894727,2022
compra,2022-03-20 23:40:00,1.10474,1.104,1.10622,7.399999999999629,True,0,-1,-1.193243243243253,2022
compra,2022-03-22 06:50:00,1.0979,1.09608,1.1015400000000004,18.20000000000155,True,1,2,1.9214285714285781,2022
venta,2022-03-23 18:50:00,1.10038,1.10117,1.0987999999999998,7.900000000000684,False,0,-1,-1.1810126582278324,2022
venta,2022-03-23 23:50:00,1.10025,1.10136,1.09803,11.099999999999444,False,1,2,1.8711711711711647,2022
compra,2022-03-24 07:30:00,1.09974,1.09721,1.1047999999999998,25.299999999999212,True,0,-1,-1.0565217391304365,2022
compra,2022-03-24 10:45:00,1.09976,1.09873,1.1018200000000002,10.300000000000864,True,0,-1,-1.138834951456299,2022
compra,2022-03-25 08:45:00,1.10126,1.10005,1.1036799999999998,12.099999999999334,True,0,-1,-1.1181818181818246,2022
venta,2022-03-28 00:15:00,1.09791,1.09843,1.0968699999999998,5.20000000000076,False,1,2,1.72500000000004,2022
compra,2022-03-28 21:45:00,1.09861,1.09783,1.10017,7.800000000000029,True,0,-1,-1.1833333333333327,2022
compra,2022-03-29 09:05:00,1.10095,1.09948,1.1038900000000003,14.700000000000824,True,0,-1,-1.0972789115646204,2022
compra,2022-03-29 11:40:00,1.10614,1.10418,1.1100599999999998,19.599999999999618,True,0,-1,-1.0729591836734709,2022
compra,2022-03-30 18:30:00,1.11568,1.11477,1.1175,9.099999999999664,True,1,2,1.842857142857137,2022
venta,2022-04-01 00:05:00,1.10674,1.10724,1.1057400000000002,4.999999999999449,False,0,-1,-1.2860000000000316,2022
compra,2022-04-01 12:35:00,1.10536,1.10464,1.1067999999999996,7.199999999998319,True,0,-1,-1.1986111111111575,2022
venta,2022-04-03 23:30:00,1.1042,1.1045,1.1036000000000001,2.9999999999996696,False,0,-1,-1.4766666666667192,2022
venta,2022-04-04 06:05:00,1.10456,1.105,1.10368,4.3999999999999595,False,0,-1,-1.3250000000000028,2022
compra,2022-04-04 18:50:00,1.09708,1.09606,1.09912,10.200000000000209,True,0,-1,-1.1401960784313696,2022
venta,2022-04-05 23:20:00,1.09053,1.0908,1.08999,2.6999999999999247,False,1,2,1.4703703703703557,2022
venta,2022-04-06 18:05:00,1.08922,1.0913,1.0850600000000004,20.799999999998597,False,0,-1,-1.0687500000000045,2022
venta,2022-04-07 03:25:00,1.09061,1.09122,1.08939,6.099999999999994,False,0,-1,-1.234426229508197,2022
venta,2022-04-07 22:40:00,1.08768,1.08821,1.0866200000000001,5.299999999999194,False,1,2,1.730188679245242,2022
compra,2022-04-08 00:30:00,1.08704,1.08576,1.0896,12.799999999999478,True,0,-1,-1.1117187500000045,2022
compra,2022-04-08 10:15:00,1.08756,1.08671,1.0892600000000001,8.500000000000174,True,0,-1,-1.1682352941176437,2022
venta,2022-04-11 08:40:00,1.09069,1.09193,1.0882099999999997,12.400000000001299,False,0,-1,-1.1153225806451492,2022
compra,2022-04-11 14:45:00,1.08939,1.08826,1.0916500000000002,11.300000000000754,True,0,-1,-1.1265486725663632,2022
compra,2022-04-11 23:15:00,1.08825,1.08798,1.08879,2.6999999999999247,True,0,-1,-1.5296296296296443,2022
compra,2022-04-12 07:35:00,1.08666,1.08533,1.08932,13.300000000000534,True,0,-1,-1.107518796992477,2022
compra,2022-04-12 12:30:00,1.08694,1.08545,1.08992,14.899999999999913,True,1,2,1.9040268456375833,2022
compra,2022-04-12 18:50:00,1.08282,1.08211,1.0842399999999999,7.099999999999884,True,0,-1,-1.2014084507042286,2022
venta,2022-04-13 00:40:00,1.08132,1.08292,1.07812,16.00000000000046,False,0,-1,-1.0893749999999975,2022
venta,2022-04-13 06:20:00,1.08347,1.08447,1.0814699999999997,10.000000000001119,False,0,-1,-1.142999999999984,2022
compra,2022-04-13 09:50:00,1.08312,1.08251,1.08434,6.099999999999994,True,0,-1,-1.234426229508197,2022
compra,2022-04-13 21:35:00,1.0892,1.08763,1.0923399999999996,15.699999999998493,True,0,-1,-1.0910828025477795,2022
venta,2022-04-14 00:25:00,1.08902,1.08998,1.0871000000000004,9.599999999998499,False,0,-1,-1.1489583333333566,2022
compra,2022-04-14 09:10:00,1.09125,1.0903,1.09315,9.500000000000064,True,0,-1,-1.1505263157894727,2022
venta,2022-04-15 06:55:00,1.08025,1.08064,1.0794699999999997,3.900000000001125,False,0,-1,-1.366666666666561,2022
venta,2022-04-15 12:55:00,1.08125,1.08197,1.07981,7.200000000000539,False,0,-1,-1.1986111111110962,2022
compra,2022-04-15 17:45:00,1.0808,1.08047,1.0814599999999999,3.2999999999994145,True,0,-1,-1.4333333333334102,2022
compra,2022-04-18 05:55:00,1.07943,1.07895,1.0803899999999995,4.799999999998139,True,0,-1,-1.297916666666782,2022
venta,2022-04-18 09:45:00,1.07917,1.07982,1.0778699999999999,6.500000000000394,False,0,-1,-1.2199999999999867,2022
compra,2022-04-19 15:15:00,1.07946,1.07849,1.0814000000000004,9.700000000001374,True,0,-1,-1.1474226804123502,2022
compra,2022-04-20 08:30:00,1.08236,1.08057,1.08594,17.899999999999583,True,1,2,1.9201117318435736,2022
venta,2022-04-20 15:30:00,1.08514,1.08661,1.0821999999999998,14.700000000000824,False,0,-1,-1.0972789115646204,2022
compra,2022-04-20 17:55:00,1.08515,1.08439,1.0866700000000002,7.600000000000939,True,0,-1,-1.1881578947368188,2022
venta,2022-04-20 23:35:00,1.08494,1.08544,1.0839400000000001,4.999999999999449,False,1,2,1.7139999999999684,2022
venta,2022-04-22 13:55:00,1.0806,1.08448,1.0728399999999998,38.800000000001056,False,1,2,1.9631443298969082,2022
compra,2022-04-22 15:50:00,1.07912,1.07707,1.0832200000000003,20.500000000001073,True,0,-1,-1.069756097560972,2022
compra,2022-04-25 05:40:00,1.0777,1.0772,1.0787000000000004,5.00000000000167,True,0,-1,-1.2859999999999046,2022
compra,2022-04-25 16:05:00,1.07102,1.06987,1.07332,11.499999999999844,True,1,2,1.8756521739130418,2022
venta,2022-04-25 22:40:00,1.07099,1.07138,1.0702100000000003,3.8999999999989043,False,0,-1,-1.3666666666667697,2022
compra,2022-04-25 23:35:00,1.07121,1.07069,1.0722500000000001,5.20000000000076,True,1,2,1.72500000000004,2022
venta,2022-04-26 06:55:00,1.07035,1.07343,1.0641899999999995,30.800000000001937,False,1,2,1.9535714285714314,2022
compra,2022-04-27 03:30:00,1.06433,1.06336,1.0662699999999998,9.699999999999154,True,0,-1,-1.147422680412384,2022
compra,2022-04-28 09:25:00,1.05322,1.05137,1.0569200000000003,18.500000000001293,True,0,-1,-1.0772972972972918,2022
venta,2022-04-28 14:30:00,1.04912,1.05187,1.04362,27.500000000000302,False,0,-1,-1.0519999999999994,2022
venta,2022-04-28 19:45:00,1.05039,1.05106,1.0490499999999996,6.700000000001705,False,0,-1,-1.2134328358208413,2022
compra,2022-04-28 22:05:00,1.05006,1.04975,1.05068,3.1000000000003247,True,0,-1,-1.4612903225805969,2022
compra,2022-04-29 14:45:00,1.05386,1.05221,1.0571599999999999,16.499999999999293,True,1,2,1.9133333333333296,2022
venta,2022-05-02 00:45:00,1.05296,1.0553,1.0482799999999999,23.400000000000087,False,0,-1,-1.061111111111111,2022
compra,2022-05-02 05:35:00,1.0521,1.05159,1.05312,5.1000000000001044,True,0,-1,-1.2803921568627392,2022
venta,2022-05-02 07:50:00,1.05402,1.05582,1.05042,18.000000000000238,False,1,2,1.9205555555555567,2022
venta,2022-05-02 12:55:00,1.05105,1.05327,1.0466100000000003,22.199999999998887,False,0,-1,-1.0644144144144176,2022
compra,2022-05-03 09:40:00,1.05057,1.04921,1.05329,13.600000000000279,True,1,2,1.8948529411764727,2022
compra,2022-05-03 11:50:00,1.05335,1.04989,1.06027,34.600000000000186,True,1,2,1.958670520231214,2022
compra,2022-05-04 16:50:00,1.05465,1.05341,1.0571300000000003,12.400000000001299,True,0,-1,-1.1153225806451492,2022
venta,2022-05-04 17:25:00,1.05404,1.05527,1.0515800000000004,12.299999999998423,False,0,-1,-1.1162601626016408,2022
compra,2022-05-04 18:40:00,1.05836,1.05344,1.0682,49.20000000000035,True,0,-1,-1.0290650406504063,2022
compra,2022-05-05 08:45:00,1.05968,1.05833,1.0623799999999999,13.499999999999623,True,0,-1,-1.1059259259259289,2022
venta,2022-05-05 09:45:00,1.05927,1.0603,1.0572099999999998,10.300000000000864,False,0,-1,-1.138834951456299,2022
venta,2022-05-05 10:40:00,1.05926,1.06077,1.0562400000000003,15.099999999999003,False,1,2,1.9052980132450268,2022
compra,2022-05-06 00:15:00,1.05453,1.0536,1.0563899999999997,9.299999999998754,True,0,-1,-1.1537634408602357,2022
compra,2022-05-06 04:55:00,1.05321,1.05257,1.05449,6.399999999999739,True,0,-1,-1.223437500000009,2022
compra,2022-05-06 12:30:00,1.05906,1.05596,1.0652599999999997,30.999999999998806,True,0,-1,-1.0461290322580663,2022
venta,2022-05-08 22:05:00,1.0538,1.05471,1.0519800000000001,9.099999999999664,False,1,2,1.842857142857137,2022
compra,2022-05-10 05:40:00,1.05821,1.05735,1.0599300000000003,8.60000000000083,True,0,-1,-1.166279069767426,2022
venta,2022-05-10 09:40:00,1.0555,1.05757,1.0513600000000005,20.699999999997942,False,1,2,1.9309178743961284,2022
compra,2022-05-10 10:55:00,1.05532,1.05354,1.0588800000000003,17.80000000000115,True,0,-1,-1.0803370786516802,2022
venta,2022-05-10 13:40:00,1.05451,1.0575,1.04853,29.90000000000048,False,0,-1,-1.047826086956521,2022
venta,2022-05-10 16:55:00,1.05337,1.05442,1.05127,10.499999999999954,False,0,-1,-1.1361904761904769,2022
compra,2022-05-11 00:30:00,1.05362,1.05269,1.0554800000000002,9.300000000000974,True,0,-1,-1.1537634408601989,2022
compra,2022-05-11 06:20:00,1.05476,1.05392,1.0564399999999998,8.399999999999519,True,1,2,1.829761904761895,2022
compra,2022-05-12 00:20:00,1.05146,1.05124,1.0519000000000003,2.20000000000109,True,0,-1,-1.649999999999678,2022
venta,2022-05-12 02:30:00,1.05205,1.05262,1.05091,5.699999999999594,False,0,-1,-1.250877192982474,2022
venta,2022-05-12 22:35:00,1.03793,1.03838,1.03703,4.500000000000615,False,0,-1,-1.3177777777777344,2022
compra,2022-05-13 00:50:00,1.03808,1.03729,1.0396599999999996,7.899999999998464,True,1,2,1.8189873417721167,2022
compra,2022-05-13 07:25:00,1.04107,1.03834,1.0465299999999997,27.29999999999899,True,0,-1,-1.0523809523809544,2022
venta,2022-05-13 11:50:00,1.0384,1.03982,1.03556,14.199999999999768,False,1,2,1.8992957746478858,2022
venta,2022-05-13 17:55:00,1.03984,1.04159,1.0363400000000003,17.499999999999183,False,0,-1,-1.0817142857142896,2022
venta,2022-05-13 19:35:00,1.03981,1.04084,1.0377499999999997,10.300000000000864,False,0,-1,-1.138834951456299,2022
compra,2022-05-15 23:40:00,1.04039,1.04003,1.0411099999999998,3.5999999999991594,True,0,-1,-1.397222222222315,2022
venta,2022-05-16 01:35:00,1.04059,1.0417,1.0383699999999996,11.100000000001664,False,0,-1,-1.1288288288288095,2022
venta,2022-05-16 09:40:00,1.04161,1.04357,1.0376899999999996,19.600000000001838,False,0,-1,-1.0729591836734627,2022
compra,2022-05-16 14:25:00,1.04219,1.04001,1.0465499999999996,21.799999999998487,True,0,-1,-1.0655963302752338,2022
compra,2022-05-16 20:30:00,1.04343,1.04298,1.0443300000000002,4.500000000000615,True,0,-1,-1.3177777777777344,2022
venta,2022-05-16 22:10:00,1.04332,1.0435,1.0429599999999999,1.80000000000069,False,0,-1,-1.7944444444441399,2022
compra,2022-05-17 03:40:00,1.04391,1.04318,1.0453699999999997,7.299999999998974,True,1,2,1.8041095890410683,2022
compra,2022-05-17 13:55:00,1.05399,1.05271,1.0565499999999999,12.799999999999478,True,0,-1,-1.1117187500000045,2022
venta,2022-05-17 18:10:00,1.05338,1.05505,1.0500399999999999,16.700000000000603,False,0,-1,-1.0856287425149669,2022
compra,2022-05-18 03:55:00,1.05323,1.05243,1.0548300000000004,8.00000000000134,True,0,-1,-1.17874999999997,2022
compra,2022-05-18 07:35:00,1.05215,1.05136,1.0537299999999996,7.899999999998464,True,0,-1,-1.1810126582278833,2022
compra,2022-05-19 07:55:00,1.04923,1.0465,1.0546900000000003,27.300000000001212,True,1,2,1.94761904761905,2022
venta,2022-05-19 11:50:00,1.05159,1.05392,1.0469300000000001,23.299999999999432,False,0,-1,-1.0613733905579414,2022
venta,2022-05-19 22:50:00,1.05801,1.0587,1.0566299999999997,6.900000000000794,False,1,2,1.7927536231884296,2022
venta,2022-05-20 00:15:00,1.0576,1.05834,1.0561200000000002,7.399999999999629,False,1,2,1.806756756756747,2022
compra,2022-05-20 07:45:00,1.05798,1.05651,1.0609199999999996,14.699999999998603,True,0,-1,-1.097278911564635,2022
compra,2022-05-20 16:45:00,1.05579,1.05393,1.05951,18.599999999999728,True,0,-1,-1.0768817204301087,2022
venta,2022-05-23 02:45:00,1.05881,1.05905,1.05833,2.4000000000001798,False,0,-1,-1.5958333333332888,2022
compra,2022-05-23 05:30:00,1.05928,1.05884,1.06016,4.3999999999999595,True,1,2,1.6749999999999972,2022
venta,2022-05-24 10:50:00,1.07072,1.07197,1.0682199999999995,12.500000000001954,False,0,-1,-1.114399999999982,2022
compra,2022-05-25 09:50:00,1.06771,1.06662,1.06989,10.900000000000354,True,0,-1,-1.1311926605504545,2022
venta,2022-05-25 19:35:00,1.06831,1.06944,1.0660500000000004,11.299999999998533,False,0,-1,-1.126548672566388,2022
venta,2022-05-25 21:55:00,1.06801,1.06814,1.0677499999999995,1.3000000000018552,False,0,-1,-2.0999999999984302,2022
venta,2022-05-26 04:40:00,1.06903,1.07025,1.06659,12.199999999999989,False,1,2,1.8827868852459015,2022
venta,2022-05-26 16:55:00,1.07056,1.07293,1.06582,23.699999999999832,False,0,-1,-1.0603375527426164,2022
venta,2022-05-27 14:50:00,1.07281,1.07503,1.0683700000000003,22.199999999998887,False,0,-1,-1.0644144144144176,2022
venta,2022-05-30 05:50:00,1.07519,1.07606,1.0734500000000002,8.699999999999264,False,0,-1,-1.164367816091968,2022
compra,2022-05-30 08:55:00,1.0763,1.07401,1.0808800000000003,22.900000000001253,True,0,-1,-1.0624454148471583,2022
venta,2022-05-30 15:50:00,1.07762,1.07837,1.07612,7.500000000000284,False,0,-1,-1.1906666666666594,2022
compra,2022-05-31 01:40:00,1.07486,1.07342,1.0777399999999997,14.399999999998858,True,0,-1,-1.0993055555555635,2022
venta,2022-05-31 02:45:00,1.07426,1.07575,1.07128,14.899999999999913,False,1,2,1.9040268456375833,2022
venta,2022-05-31 12:55:00,1.06816,1.07157,1.0613400000000002,34.09999999999913,False,0,-1,-1.041935483870969,2022
venta,2022-06-01 19:45:00,1.06531,1.06604,1.0638499999999997,7.300000000001194,False,0,-1,-1.1958904109588722,2022
venta,2022-06-01 22:35:00,1.06489,1.06536,1.0639499999999995,4.700000000001925,False,0,-1,-1.3042553191488115,2022
compra,2022-06-02 19:50:00,1.07475,1.07412,1.0760100000000004,6.300000000001305,True,1,2,1.77301587301592,2022
compra,2022-06-03 05:25:00,1.07537,1.0745,1.0771099999999998,8.699999999999264,True,0,-1,-1.164367816091968,2022
compra,2022-06-06 04:40:00,1.07257,1.0721,1.07351,4.699999999999704,True,1,2,1.6957446808510448,2022
compra,2022-06-06 11:55:00,1.07306,1.07241,1.0743599999999995,6.499999999998174,True,0,-1,-1.2200000000000617,2022
compra,2022-06-07 12:20:00,1.06665,1.0658,1.0683500000000001,8.500000000000174,True,0,-1,-1.1682352941176437,2022
compra,2022-06-07 18:05:00,1.07005,1.06934,1.07147,7.099999999999884,True,0,-1,-1.2014084507042286,2022
compra,2022-06-08 05:05:00,1.06857,1.068,1.06971,5.699999999999594,True,0,-1,-1.250877192982474,2022
compra,2022-06-09 11:40:00,1.0745,1.07114,1.08122,33.60000000000029,True,0,-1,-1.0425595238095235,2022
venta,2022-06-09 22:25:00,1.06137,1.06199,1.0601299999999998,6.200000000000649,False,0,-1,-1.2306451612902984,2022
venta,2022-06-10 07:45:00,1.06271,1.0639,1.06033,11.900000000000244,False,1,2,1.8798319327731117,2022
compra,2022-06-10 12:20:00,1.05801,1.05704,1.0599499999999997,9.699999999999154,True,0,-1,-1.147422680412384,2022
compra,2022-06-10 14:50:00,1.05334,1.05057,1.0588799999999998,27.69999999999939,True,0,-1,-1.0516245487364633,2022
compra,2022-06-12 22:25:00,1.05192,1.0515,1.0527599999999997,4.199999999998649,True,0,-1,-1.3404761904762998,2022
compra,2022-06-13 10:20:00,1.04686,1.04581,1.04896,10.499999999999954,True,0,-1,-1.1361904761904769,2022
venta,2022-06-14 01:10:00,1.04132,1.04162,1.04072,2.9999999999996696,False,0,-1,-1.4766666666667192,2022
venta,2022-06-15 03:30:00,1.04402,1.04472,1.0426199999999997,7.0000000000014495,False,1,2,1.795714285714328,2022
venta,2022-06-15 18:05:00,1.03814,1.03902,1.03638,8.799999999999919,False,1,2,1.8374999999999986,2022
venta,2022-06-16 00:55:00,1.04526,1.04692,1.04194,16.599999999999948,False,1,2,1.9138554216867467,2022
venta,2022-06-17 00:30:00,1.05369,1.0552,1.0506700000000002,15.099999999999003,False,1,2,1.9052980132450268,2022
venta,2022-06-17 09:40:00,1.05138,1.05357,1.0470000000000002,21.899999999999142,False,1,2,1.9347031963470294,2022
venta,2022-06-17 20:55:00,1.04934,1.05,1.0480199999999997,6.6000000000010495,False,1,2,1.7833333333333679,2022
venta,2022-06-20 20:55:00,1.05084,1.05144,1.0496400000000001,5.999999999999339,False,0,-1,-1.2383333333333595,2022
compra,2022-06-20 21:55:00,1.05114,1.05065,1.0521199999999997,4.899999999998794,True,1,2,1.7081632653060508,2022
venta,2022-06-21 09:50:00,1.05705,1.05796,1.0552300000000001,9.099999999999664,False,1,2,1.842857142857137,2022
compra,2022-06-21 20:50:00,1.05351,1.05286,1.05481,6.500000000000394,True,0,-1,-1.2199999999999867,2022
compra,2022-06-22 20:50:00,1.05677,1.05631,1.0576899999999998,4.599999999999049,True,0,-1,-1.3108695652174556,2022
compra,2022-06-23 11:45:00,1.05149,1.04954,1.0553900000000003,19.500000000001183,True,0,-1,-1.0733333333333288,2022
compra,2022-06-24 13:25:00,1.05344,1.05156,1.0571999999999997,18.799999999998818,True,1,2,1.923936170212761,2022
compra,2022-06-27 06:50:00,1.05651,1.05541,1.0587100000000003,11.000000000001009,True,1,2,1.8700000000000119,2022
venta,2022-06-28 01:45:00,1.05777,1.05864,1.0560300000000002,8.699999999999264,False,0,-1,-1.164367816091968,2022
compra,2022-06-28 06:05:00,1.05842,1.05721,1.0608399999999998,12.099999999999334,True,0,-1,-1.1181818181818246,2022
venta,2022-06-28 18:30:00,1.05262,1.05343,1.0509999999999995,8.100000000001994,False,0,-1,-1.1765432098764999,2022
compra,2022-06-28 21:25:00,1.0521,1.05152,1.05326,5.800000000000249,True,1,2,1.7534482758620795,2022
compra,2022-06-29 01:35:00,1.05303,1.0517,1.0556899999999996,13.299999999998313,True,0,-1,-1.107518796992495,2022
compra,2022-06-29 03:40:00,1.05295,1.05242,1.0540100000000003,5.300000000001415,True,0,-1,-1.2698113207546449,2022
venta,2022-06-29 04:55:00,1.05042,1.05322,1.0448199999999996,28.000000000001357,False,0,-1,-1.051071428571426,2022
compra,2022-07-01 13:45:00,1.04089,1.03924,1.0441900000000004,16.500000000001513,True,0,-1,-1.0866666666666587,2022
venta,2022-07-01 14:05:00,1.0383,1.04077,1.03336,24.699999999999722,False,0,-1,-1.0578947368421059,2022
venta,2022-07-03 23:30:00,1.04322,1.04364,1.0423800000000003,4.199999999998649,False,0,-1,-1.3404761904762998,2022
venta,2022-07-04 06:30:00,1.0428,1.04385,1.0407,10.499999999999954,False,0,-1,-1.1361904761904769,2022
compra,2022-07-04 08:45:00,1.04328,1.04205,1.0457400000000001,12.300000000000644,True,1,2,1.88373983739838,2022
compra,2022-07-04 19:35:00,1.04229,1.0421,1.0426699999999998,1.8999999999991246,True,0,-1,-1.7526315789477152,2022
compra,2022-07-05 03:30:00,1.04341,1.04276,1.04471,6.500000000000394,True,1,2,1.7800000000000133,2022
compra,2022-07-05 15:30:00,1.02472,1.02366,1.0268400000000002,10.600000000000609,True,0,-1,-1.1349056603773509,2022
compra,2022-07-06 06:10:00,1.02563,1.02425,1.02839,13.799999999999368,True,0,-1,-1.1036231884058019,2022
venta,2022-07-06 13:35:00,1.01871,1.02006,1.01601,13.499999999999623,False,0,-1,-1.1059259259259289,2022
venta,2022-07-06 20:55:00,1.01797,1.01884,1.0162300000000002,8.699999999999264,False,0,-1,-1.164367816091968,2022
compra,2022-07-06 22:45:00,1.01861,1.01774,1.0203499999999999,8.699999999999264,True,0,-1,-1.164367816091968,2022
compra,2022-07-07 00:40:00,1.0187,1.0176,1.0208999999999997,10.999999999998789,True,1,2,1.8699999999999857,2022
compra,2022-07-07 09:35:00,1.02047,1.01744,1.0265300000000002,30.300000000000882,True,0,-1,-1.0471947194719458,2022
compra,2022-07-07 17:55:00,1.0156,1.01439,1.0180200000000004,12.100000000001554,True,1,2,1.881818181818197,2022
venta,2022-07-08 12:45:00,1.01179,1.01686,1.0016499999999997,50.700000000001296,False,0,-1,-1.0282051282051274,2022
venta,2022-07-08 15:45:00,1.01736,1.01907,1.0139400000000003,17.099999999998783,False,1,2,1.916374269005842,2022
venta,2022-07-10 22:05:00,1.01774,1.01802,1.0171800000000004,2.7999999999983594,False,0,-1,-1.510714285714585,2022
venta,2022-07-12 14:30:00,1.00432,1.0059,1.0011600000000003,15.799999999999148,False,0,-1,-1.090506329113929,2022
venta,2022-07-13 01:40:00,1.00239,1.00452,0.9981299999999995,21.300000000001873,False,0,-1,-1.0671361502347358,2022
compra,2022-07-14 20:50:00,1.00214,1.001,1.0044200000000003,11.400000000001409,True,0,-1,-1.1254385964912126,2022
venta,2022-07-14 22:50:00,1.00174,1.00238,1.0004600000000001,6.399999999999739,False,0,-1,-1.223437500000009,2022
venta,2022-07-18 00:10:00,1.00909,1.0097,1.00787,6.099999999999994,False,0,-1,-1.234426229508197,2022
compra,2022-07-18 21:35:00,1.01461,1.01393,1.01597,6.800000000000139,True,0,-1,-1.2102941176470545,2022
venta,2022-07-18 22:50:00,1.01416,1.01485,1.0127799999999998,6.900000000000794,False,1,2,1.7927536231884296,2022
venta,2022-07-19 08:40:00,1.023,1.02533,1.0183399999999996,23.300000000001653,False,0,-1,-1.0613733905579354,2022
compra,2022-07-20 02:40:00,1.02406,1.02312,1.0259399999999999,9.399999999999409,True,0,-1,-1.1521276595744776,2022
compra,2022-07-20 08:45:00,1.02405,1.02235,1.0274499999999995,16.999999999998128,True,0,-1,-1.0841176470588327,2022
compra,2022-07-25 08:55:00,1.0222,1.02011,1.0263799999999998,20.899999999999253,True,0,-1,-1.0684210526315814,2022
venta,2022-07-25 20:45:00,1.02215,1.02262,1.0212099999999995,4.700000000001925,False,0,-1,-1.3042553191488115,2022
compra,2022-07-26 07:25:00,1.02339,1.02082,1.02853,25.699999999999612,True,0,-1,-1.0556420233463044,2022
compra,2022-07-26 12:50:00,1.01428,1.0116,1.01964,26.800000000000157,True,0,-1,-1.0533582089552236,2022
compra,2022-07-27 00:05:00,1.01353,1.01258,1.01543,9.500000000000064,True,1,2,1.8494736842105273,2022
venta,2022-07-27 06:35:00,1.01334,1.01587,1.0082799999999996,25.300000000001432,False,0,-1,-1.0565217391304316,2022
venta,2022-07-28 00:40:00,1.01812,1.02121,1.0119399999999998,30.90000000000037,False,0,-1,-1.046278317152103,2022
venta,2022-07-28 04:30:00,1.02015,1.02128,1.0178899999999997,11.300000000000754,False,0,-1,-1.1265486725663632,2022
compra,2022-07-28 16:55:00,1.01578,1.01419,1.0189599999999999,15.899999999999803,True,1,2,1.9100628930817598,2022
compra,2022-08-01 22:35:00,1.02619,1.0258,1.0269699999999997,3.8999999999989043,True,0,-1,-1.3666666666667697,2022
compra,2022-08-02 00:15:00,1.02661,1.02592,1.0279900000000002,6.900000000000794,True,0,-1,-1.2072463768115704,2022
compra,2022-08-02 02:55:00,1.02745,1.02609,1.03017,13.600000000000279,True,0,-1,-1.1051470588235273,2022
compra,2022-08-03 15:35:00,1.01424,1.01226,1.0182000000000002,19.800000000000928,True,1,2,1.9277777777777811,2022
compra,2022-08-03 21:50:00,1.01691,1.01622,1.0182900000000001,6.900000000000794,True,0,-1,-1.2072463768115704,2022
compra,2022-08-04 00:30:00,1.01637,1.01542,1.01827,9.500000000000064,True,1,2,1.8494736842105273,2022
compra,2022-08-04 22:50:00,1.02473,1.02427,1.0256499999999997,4.599999999999049,True,0,-1,-1.3108695652174556,2022
venta,2022-08-05 14:45:00,1.01626,1.01857,1.0116399999999999,23.100000000000342,False,0,-1,-1.061904761904761,2022
compra,2022-08-05 15:55:00,1.01685,1.01511,1.0203300000000002,17.400000000000748,True,1,2,1.9178160919540266,2022
compra,2022-08-08 09:50:00,1.01845,1.01726,1.0208300000000001,11.900000000000244,True,1,2,1.8798319327731117,2022
compra,2022-08-09 07:55:00,1.02144,1.01954,1.02524,19.000000000000128,True,1,2,1.9247368421052637,2022
venta,2022-08-10 15:30:00,1.03415,1.03685,1.0287499999999996,27.000000000001467,False,1,2,1.94703703703704,2022
venta,2022-08-11 00:10:00,1.02967,1.0302,1.0286100000000002,5.299999999999194,False,0,-1,-1.269811320754758,2022
venta,2022-08-11 04:55:00,1.02831,1.02883,1.0272700000000003,5.199999999998539,False,0,-1,-1.2750000000000772,2022
venta,2022-08-11 10:40:00,1.03337,1.03428,1.0315499999999995,9.100000000001884,False,0,-1,-1.1571428571428246,2022
compra,2022-08-11 21:50:00,1.03223,1.03134,1.03401,8.900000000000574,True,0,-1,-1.1606741573033603,2022
venta,2022-08-12 09:55:00,1.02981,1.03083,1.0277699999999999,10.200000000000209,False,1,2,1.8598039215686304,2022
compra,2022-08-15 00:50:00,1.02669,1.02533,1.0294100000000002,13.600000000000279,True,0,-1,-1.1051470588235273,2022
venta,2022-08-15 22:25:00,1.01537,1.01622,1.0136700000000005,8.499999999997954,False,0,-1,-1.1682352941176877,2022
venta,2022-08-16 23:55:00,1.01694,1.01747,1.0158799999999997,5.300000000001415,False,0,-1,-1.2698113207546449,2022
venta,2022-08-17 06:40:00,1.01645,1.01864,1.0120700000000002,21.899999999999142,False,0,-1,-1.0652968036529706,2022
venta,2022-08-17 14:50:00,1.01667,1.01984,1.0103299999999997,31.70000000000117,False,0,-1,-1.0451104100946356,2022
compra,2022-08-17 16:35:00,1.0168,1.01608,1.0182399999999996,7.199999999998319,True,1,2,1.8013888888888425,2022
compra,2022-08-18 14:35:00,1.0129,1.01116,1.0163799999999996,17.399999999998528,True,0,-1,-1.0821839080459839,2022
venta,2022-08-19 13:20:00,1.0058,1.00684,1.0037200000000002,10.399999999999299,False,1,2,1.8624999999999907,2022
venta,2022-08-19 20:50:00,1.00392,1.00424,1.0032799999999997,3.20000000000098,False,1,2,1.5531250000001369,2022
venta,2022-08-22 02:05:00,1.00254,1.00305,1.00152,5.1000000000001044,False,0,-1,-1.2803921568627392,2022
compra,2022-08-23 02:10:00,0.99412,0.99391,0.9945400000000001,2.100000000000435,True,0,-1,-1.68095238095224,2022
compra,2022-08-23 19:50:00,0.99664,0.99604,0.9978399999999998,5.999999999999339,True,0,-1,-1.2383333333333595,2022
compra,2022-08-24 14:45:00,0.99552,0.99099,1.0045799999999998,45.29999999999923,True,1,2,1.968432671081677,2022
venta,2022-08-24 15:45:00,0.99641,0.99892,0.99139,25.100000000000122,False,0,-1,-1.0569721115537847,2022
compra,2022-08-25 00:05:00,0.99726,0.99659,0.9986000000000002,6.700000000000594,True,0,-1,-1.2134328358208766,2022
compra,2022-08-26 00:40:00,0.99688,0.99625,0.99814,6.300000000000194,True,0,-1,-1.22698412698412,2022
compra,2022-08-26 14:05:00,1.00787,1.00323,1.01715,46.39999999999977,True,0,-1,-1.0308189655172415,2022
compra,2022-08-26 15:50:00,1.00153,0.99839,1.00781,31.400000000000315,True,0,-1,-1.0455414012738848,2022
venta,2022-08-26 20:55:00,0.99623,0.99692,0.9948499999999998,6.900000000000794,False,1,2,1.7927536231884296,2022
venta,2022-08-29 07:30:00,0.99378,0.9949,0.99154,11.200000000000099,False,0,-1,-1.1276785714285702,2022
venta,2022-08-29 17:35:00,1.00054,1.00225,0.9971199999999998,17.100000000001003,False,0,-1,-1.083625730994147,2022
venta,2022-08-30 00:35:00,1.00026,1.00132,0.9981399999999998,10.600000000000609,False,0,-1,-1.1349056603773509,2022
venta,2022-09-02 19:10:00,0.99609,0.99669,0.9948900000000002,5.999999999999339,False,1,2,1.7616666666666405,2022
compra,2022-09-05 06:05:00,0.98912,0.98801,0.9913399999999999,11.099999999999444,True,1,2,1.8711711711711647,2022
compra,2022-09-06 18:10:00,0.99038,0.98992,0.9913000000000001,4.6000000000001595,True,0,-1,-1.3108695652173805,2022
compra,2022-09-06 23:40:00,0.98983,0.989,0.99149,8.299999999999974,True,0,-1,-1.1722891566265066,2022
compra,2022-09-07 06:35:00,0.99,0.98872,0.9925599999999999,12.799999999999478,True,1,2,1.8882812499999955,2022
venta,2022-09-07 08:35:00,0.99124,0.993,0.98772,17.599999999999838,False,1,2,1.9187499999999993,2022
venta,2022-09-07 22:35:00,1.00055,1.00128,0.9990900000000003,7.299999999998974,False,1,2,1.8041095890410683,2022
compra,2022-09-08 03:10:00,0.99903,0.99841,1.00027,6.199999999999539,True,0,-1,-1.2306451612903397,2022
venta,2022-09-08 20:35:00,0.99969,0.99997,0.9991299999999999,2.80000000000058,False,0,-1,-1.51071428571418,2022
venta,2022-09-09 03:30:00,1.00655,1.00727,1.00511,7.200000000000539,False,0,-1,-1.1986111111110962,2022
compra,2022-09-09 12:35:00,1.00551,1.00344,1.0096499999999995,20.699999999997942,True,0,-1,-1.0690821256038716,2022
venta,2022-09-12 12:50:00,1.0135,1.01627,1.0079600000000002,27.69999999999939,False,0,-1,-1.0516245487364633,2022
venta,2022-09-13 06:45:00,1.01374,1.01502,1.0111800000000002,12.799999999999478,False,0,-1,-1.1117187500000045,2022
venta,2022-09-14 00:15:00,0.9971,0.99806,0.9951800000000001,9.599999999999609,False,0,-1,-1.1489583333333395,2022
compra,2022-09-15 01:30:00,0.99774,0.99703,0.9991599999999999,7.099999999999884,True,0,-1,-1.2014084507042286,2022
venta,2022-09-15 17:35:00,1.00047,1.00153,0.9983499999999998,10.600000000000609,False,1,2,1.8650943396226491,2022
venta,2022-09-16 01:30:00,1.00033,1.0012,0.9985899999999996,8.700000000001484,False,1,2,1.835632183908074,2022
compra,2022-09-16 06:55:00,0.99923,0.99822,1.0012499999999998,10.099999999999554,True,0,-1,-1.141584158415848,2022
compra,2022-09-16 12:35:00,0.997,0.9953,1.0004,17.000000000000348,True,1,2,1.9158823529411781,2022
compra,2022-09-18 22:35:00,1.00142,1.00047,1.00332,9.500000000000064,True,0,-1,-1.1505263157894727,2022
venta,2022-09-20 07:35:00,1.00238,1.00387,0.9994000000000001,14.899999999999913,False,1,2,1.9040268456375833,2022
venta,2022-09-21 05:55:00,0.99501,0.99654,0.9919499999999999,15.300000000000313,False,0,-1,-1.0934640522875798,2022
compra,2022-09-22 15:30:00,0.98241,0.98119,0.98485,12.199999999999989,True,1,2,1.8827868852459015,2022
venta,2022-09-23 20:50:00,0.96886,0.96963,0.9673200000000002,7.699999999999374,False,0,-1,-1.1857142857143008,2022
venta,2022-09-26 19:55:00,0.96087,0.96225,0.9581099999999999,13.800000000000479,False,0,-1,-1.1036231884057934,2022
venta,2022-09-27 04:35:00,0.96381,0.96456,0.9623099999999999,7.500000000000284,False,0,-1,-1.1906666666666594,2022
compra,2022-09-27 13:30:00,0.96329,0.96173,0.96641,15.600000000000058,True,0,-1,-1.0916666666666663,2022
compra,2022-09-27 14:45:00,0.96238,0.95989,0.96736,24.89999999999992,True,0,-1,-1.0574297188755022,2022
compra,2022-09-29 17:35:00,0.97892,0.97692,0.98292,20.000000000000018,True,1,2,1.9285,2022
compra,2022-09-30 04:40:00,0.98073,0.97976,0.98267,9.700000000000264,True,1,2,1.852577319587633,2022
compra,2022-10-03 16:55:00,0.98078,0.97982,0.9826999999999999,9.599999999999609,True,0,-1,-1.1489583333333395,2022
venta,2022-10-04 00:05:00,0.98281,0.98374,0.98095,9.299999999999864,False,1,2,1.8462365591397827,2022
compra,2022-10-04 02:55:00,0.98282,0.9806,0.98726,22.199999999999996,True,1,2,1.9355855855855855,2022
compra,2022-10-04 17:45:00,0.99709,0.99601,0.9992500000000002,10.800000000000809,True,1,2,1.8675925925926025,2022
compra,2022-10-04 23:55:00,0.99836,0.99791,0.9992600000000001,4.500000000000615,True,0,-1,-1.3177777777777344,2022
venta,2022-10-05 09:45:00,0.99248,0.99519,0.98706,27.099999999999902,False,1,2,1.947232472324723,2022
venta,2022-10-05 16:40:00,0.9863,0.98761,0.9836799999999999,13.100000000000334,False,0,-1,-1.1091603053435086,2022
venta,2022-10-06 15:40:00,0.98178,0.98447,0.9764,26.8999999999997,False,1,2,1.9468401486988842,2022
venta,2022-10-06 20:50:00,0.97908,0.98022,0.9767999999999999,11.400000000000299,False,0,-1,-1.1254385964912248,2022
compra,2022-10-09 22:05:00,0.97373,0.97313,0.9749299999999999,5.999999999999339,True,0,-1,-1.2383333333333595,2022
venta,2022-10-10 05:25:00,0.97359,0.97421,0.9723499999999998,6.200000000000649,False,0,-1,-1.2306451612902984,2022
compra,2022-10-10 21:25:00,0.97033,0.96995,0.9710900000000001,3.8000000000004697,True,1,2,1.6236842105263622,2022
compra,2022-10-12 00:40:00,0.97032,0.969,0.9729599999999999,13.199999999999878,True,0,-1,-1.1083333333333343,2022
compra,2022-10-12 14:50:00,0.97005,0.96815,0.97385,19.000000000000128,True,0,-1,-1.0752631578947363,2022
venta,2022-10-14 00:05:00,0.97732,0.9778,0.9763599999999999,4.8000000000003595,False,0,-1,-1.2979166666666444,2022
venta,2022-10-14 18:35:00,0.97198,0.97318,0.9695799999999998,12.000000000000899,False,0,-1,-1.1191666666666578,2022
venta,2022-10-14 20:40:00,0.97205,0.97302,0.9701099999999999,9.700000000000264,False,0,-1,-1.147422680412367,2022
compra,2022-10-18 07:55:00,0.98575,0.9831,0.9910500000000001,26.500000000000412,True,0,-1,-1.0539622641509425,2022
compra,2022-10-19 11:55:00,0.9783,0.97592,0.9830599999999998,23.799999999999375,True,0,-1,-1.060084033613447,2022
venta,2022-10-19 22:55:00,0.9765,0.97758,0.9743400000000001,10.799999999999699,False,0,-1,-1.132407407407411,2022
venta,2022-10-20 07:05:00,0.97788,0.97938,0.9748799999999999,15.000000000000568,False,0,-1,-1.0953333333333297,2022
venta,2022-10-21 06:15:00,0.97693,0.97711,0.9765699999999998,1.80000000000069,False,0,-1,-1.7944444444441399,2022
venta,2022-10-23 22:15:00,0.98634,0.98739,0.98424,10.499999999999954,False,1,2,1.8638095238095231,2022
venta,2022-10-24 07:30:00,0.98402,0.98618,0.9797000000000001,21.599999999999397,False,0,-1,-1.0662037037037055,2022
compra,2022-10-24 11:45:00,0.98332,0.98149,0.98698,18.299999999999983,True,1,2,1.9218579234972677,2022
compra,2022-10-24 18:45:00,0.98737,0.98683,0.9884499999999999,5.399999999999849,True,0,-1,-1.2648148148148222,2022
compra,2022-10-25 00:25:00,0.98907,0.98787,0.99147,11.999999999999789,True,0,-1,-1.1191666666666689,2022
compra,2022-10-25 11:40:00,0.98632,0.98484,0.9892799999999998,14.799999999999258,True,1,2,1.9033783783783735,2022
venta,2022-10-25 15:55:00,0.99577,0.99768,0.9919500000000001,19.09999999999967,False,0,-1,-1.0748691099476453,2022
venta,2022-10-26 00:05:00,0.99577,0.99649,0.9943300000000002,7.199999999999429,False,0,-1,-1.1986111111111268,2022
venta,2022-10-26 20:55:00,1.00785,1.00849,1.0065699999999995,6.40000000000196,False,0,-1,-1.2234374999999316,2022
venta,2022-10-27 12:05:00,1.00332,1.00501,0.99994,16.899999999999693,False,1,2,1.915384615384614,2022
compra,2022-10-27 13:35:00,1.00208,0.99723,1.0117800000000003,48.500000000001315,True,0,-1,-1.0294845360824734,2022
compra,2022-10-28 03:55:00,0.99922,0.99798,1.0017,12.400000000000189,True,0,-1,-1.1153225806451594,2022
compra,2022-10-28 08:30:00,0.99436,0.99265,0.99778,17.09999999999989,True,1,2,1.9163742690058474,2022
venta,2022-10-28 17:50:00,0.99385,0.99492,0.99171,10.700000000000154,False,0,-1,-1.1336448598130822,2022
venta,2022-10-31 06:45:00,0.99362,0.99545,0.98996,18.299999999999983,False,1,2,1.9218579234972677,2022
compra,2022-10-31 23:05:00,0.98887,0.98827,0.9900700000000001,6.000000000000449,True,0,-1,-1.2383333333333155,2022
compra,2022-11-01 08:55:00,0.99337,0.9915,0.9971099999999998,18.69999999999927,True,0,-1,-1.0764705882352972,2022
venta,2022-11-01 11:40:00,0.99363,0.99439,0.99211,7.599999999999829,False,0,-1,-1.1881578947368463,2022
compra,2022-11-02 06:45:00,0.98822,0.98709,0.9904799999999999,11.299999999999644,True,1,2,1.8734513274336244,2022
venta,2022-11-02 21:20:00,0.98131,0.9818,0.98033,4.899999999999904,False,0,-1,-1.2918367346938833,2022
compra,2022-11-02 22:45:00,0.98156,0.98098,0.98272,5.800000000000249,True,0,-1,-1.2465517241379205,2022
venta,2022-11-03 11:55:00,0.97407,0.97634,0.96953,22.699999999999942,False,0,-1,-1.0629955947136565,2022
venta,2022-11-04 04:40:00,0.97801,0.97906,0.97591,10.499999999999954,False,0,-1,-1.1361904761904769,2022
compra,2022-11-04 05:30:00,0.97847,0.97727,0.9808699999999999,11.999999999999789,True,0,-1,-1.1191666666666689,2022
venta,2022-11-07 19:55:00,1.00263,1.00335,1.0011899999999998,7.200000000000539,False,1,2,1.8013888888889038,2022
compra,2022-11-08 03:30:00,1.00128,1.00062,1.0025999999999997,6.599999999998829,True,0,-1,-1.216666666666705,2022
compra,2022-11-08 09:55:00,1.00032,0.99715,1.0066600000000003,31.70000000000117,True,1,2,1.9548895899053644,2022
venta,2022-11-08 18:20:00,1.00782,1.00937,1.0047199999999996,15.500000000001624,False,1,2,1.9077419354838807,2022
venta,2022-11-09 05:35:00,1.00654,1.0073,1.0050199999999998,7.600000000000939,False,0,-1,-1.1881578947368188,2022
venta,2022-11-09 07:40:00,1.00626,1.00714,1.0045,8.799999999999919,False,0,-1,-1.1625000000000014,2022
compra,2022-11-09 09:40:00,1.00663,1.00539,1.0091099999999997,12.399999999999078,True,0,-1,-1.1153225806451699,2022
compra,2022-11-10 08:05:00,1.00117,1.00015,1.0032099999999995,10.199999999997988,True,0,-1,-1.1401960784314003,2022
venta,2022-11-14 19:40:00,1.03489,1.03584,1.03299,9.500000000000064,False,1,2,1.8494736842105273,2022
compra,2022-11-17 07:30:00,1.03909,1.03798,1.0413100000000004,11.100000000001664,True,0,-1,-1.1288288288288095,2022
venta,2022-11-17 15:30:00,1.03313,1.03481,1.0297700000000003,16.799999999999038,False,0,-1,-1.0851190476190524,2022
venta,2022-11-17 23:55:00,1.03607,1.03666,1.0348900000000003,5.899999999998684,False,0,-1,-1.2423728813559862,2022
compra,2022-11-22 07:30:00,1.02543,1.02459,1.0271100000000004,8.40000000000174,True,1,2,1.82976190476194,2022
venta,2022-11-22 11:45:00,1.02708,1.02908,1.02308,20.000000000000018,False,0,-1,-1.0715,2022
venta,2022-11-22 13:55:00,1.02603,1.02766,1.02277,16.300000000000203,False,0,-1,-1.087730061349692,2022
compra,2022-11-23 01:55:00,1.03107,1.03003,1.0331499999999998,10.399999999999299,True,1,2,1.8624999999999907,2022
compra,2022-11-23 22:50:00,1.03969,1.03914,1.04079,5.5000000000005045,True,1,2,1.7400000000000237,2022
venta,2022-11-24 00:05:00,1.0406,1.04191,1.0379800000000001,13.099999999999223,False,0,-1,-1.109160305343518,2022
venta,2022-11-24 07:30:00,1.04255,1.04396,1.0397300000000003,14.099999999999113,False,1,2,1.8985815602836815,2022
venta,2022-11-24 18:30:00,1.04027,1.04101,1.03879,7.399999999999629,False,0,-1,-1.193243243243253,2022
venta,2022-11-25 00:30:00,1.03981,1.04113,1.0371699999999995,13.200000000002099,False,0,-1,-1.108333333333316,2022
compra,2022-11-25 03:50:00,1.04167,1.04093,1.0431500000000005,7.4000000000018495,True,0,-1,-1.193243243243195,2022
compra,2022-11-28 08:05:00,1.0394,1.03706,1.0440800000000001,23.400000000000087,True,1,2,1.938888888888889,2022
compra,2022-11-28 17:35:00,1.0383,1.03683,1.0412400000000002,14.700000000000824,True,0,-1,-1.0972789115646204,2022
venta,2022-11-29 13:30:00,1.03594,1.03842,1.0309800000000005,24.799999999998157,False,0,-1,-1.0576612903225848,2022
venta,2022-11-30 05:55:00,1.03484,1.03608,1.0323600000000002,12.399999999999078,False,0,-1,-1.1153225806451699,2022
venta,2022-12-01 18:50:00,1.05038,1.05192,1.0473000000000003,15.399999999998748,False,0,-1,-1.0928571428571503,2022
venta,2022-12-07 04:35:00,1.04596,1.04681,1.04426,8.500000000000174,False,0,-1,-1.1682352941176437,2022
venta,2022-12-07 14:50:00,1.05188,1.05496,1.04572,30.799999999999716,False,0,-1,-1.046428571428572,2022
venta,2022-12-07 18:50:00,1.05132,1.05284,1.04828,15.199999999999658,False,0,-1,-1.0940789473684231,2022
venta,2022-12-07 23:55:00,1.05117,1.05143,1.0506499999999996,2.60000000000149,False,0,-1,-1.5499999999996847,2022
venta,2022-12-08 00:05:00,1.05117,1.05143,1.0506499999999996,2.60000000000149,False,0,-1,-1.5499999999996847,2022
compra,2022-12-08 18:25:00,1.05503,1.05389,1.0573099999999998,11.399999999999189,True,1,2,1.874561403508763,2022
compra,2022-12-09 21:50:00,1.05335,1.05288,1.05429,4.699999999999704,True,0,-1,-1.3042553191489552,2022
compra,2022-12-12 05:55:00,1.05161,1.05079,1.05325,8.20000000000043,True,1,2,1.8256097560975701,2022
compra,2022-12-12 19:40:00,1.05213,1.05105,1.05429,10.799999999999699,True,1,2,1.867592592592589,2022
venta,2022-12-13 08:30:00,1.05403,1.05606,1.04997,20.299999999999763,False,0,-1,-1.0704433497536954,2022
venta,2022-12-13 23:10:00,1.06241,1.06338,1.0604700000000002,9.699999999999154,False,0,-1,-1.147422680412384,2022
compra,2022-12-15 05:50:00,1.06541,1.06455,1.0671299999999997,8.599999999998609,True,0,-1,-1.1662790697674688,2022
compra,2022-12-15 21:45:00,1.06269,1.06198,1.06411,7.099999999999884,True,1,2,1.7985915492957714,2022
compra,2022-12-16 05:55:00,1.06453,1.06409,1.06541,4.3999999999999595,True,1,2,1.6749999999999972,2022
compra,2022-12-16 13:40:00,1.06284,1.06132,1.06588,15.199999999999658,True,0,-1,-1.0940789473684231,2022
compra,2022-12-16 18:45:00,1.06141,1.06029,1.06365,11.200000000000099,True,0,-1,-1.1276785714285702,2022
compra,2022-12-19 00:05:00,1.05921,1.05851,1.0606099999999998,6.999999999999229,True,1,2,1.7957142857142632,2022
compra,2022-12-19 12:50:00,1.06147,1.06046,1.0634899999999998,10.099999999999554,True,0,-1,-1.141584158415848,2022
compra,2022-12-19 20:25:00,1.06079,1.06005,1.0622699999999998,7.399999999999629,True,0,-1,-1.193243243243253,2022
compra,2022-12-20 19:40:00,1.06128,1.0599,1.0640399999999999,13.799999999999368,True,1,2,1.8963768115941981,2022
venta,2022-12-20 21:55:00,1.06232,1.0629,1.0611599999999999,5.800000000000249,False,1,2,1.7534482758620795,2022
venta,2022-12-21 04:10:00,1.0612,1.06169,1.0602199999999997,4.900000000001015,False,0,-1,-1.291836734693817,2022
venta,2022-12-22 10:40:00,1.06339,1.06492,1.06033,15.300000000000313,False,0,-1,-1.0934640522875798,2022
venta,2022-12-23 00:45:00,1.05951,1.06041,1.0577099999999997,9.00000000000123,False,0,-1,-1.158888888888867,2022
compra,2022-12-26 15:50:00,1.06262,1.06216,1.0635399999999997,4.599999999999049,True,1,2,1.6891304347825444,2022
venta,2022-12-28 00:45:00,1.06259,1.06426,1.0592499999999998,16.700000000000603,False,0,-1,-1.0856287425149669,2022
compra,2022-12-28 03:05:00,1.06408,1.06368,1.0648799999999998,3.9999999999995595,True,0,-1,-1.3575000000000395,2022
venta,2022-12-28 04:35:00,1.06363,1.06427,1.0623500000000001,6.399999999999739,False,0,-1,-1.223437500000009,2022
venta,2022-12-28 10:50:00,1.0633,1.0643,1.0612999999999997,10.000000000001119,False,0,-1,-1.142999999999984,2022
compra,2022-12-29 04:50:00,1.0623,1.06191,1.0630800000000002,3.900000000001125,True,0,-1,-1.366666666666561,2022
compra,2022-12-29 23:45:00,1.06601,1.0654,1.06723,6.099999999999994,True,0,-1,-1.234426229508197,2022
compra,2023-01-02 05:50:00,1.06969,1.06882,1.0714299999999999,8.699999999999264,True,0,-1,-1.164367816091968,2023
venta,2023-01-02 09:45:00,1.06782,1.06994,1.0635800000000002,21.199999999998997,False,1,2,1.9325471698113175,2023
compra,2023-01-04 15:50:00,1.06074,1.0581,1.06602,26.399999999999757,True,0,-1,-1.0541666666666671,2023
venta,2023-01-05 06:45:00,1.06102,1.06199,1.0590800000000002,9.699999999999154,False,1,2,1.852577319587616,2023
compra,2023-01-05 07:30:00,1.061,1.06015,1.0627,8.500000000000174,True,0,-1,-1.1682352941176437,2023
compra,2023-01-06 00:15:00,1.05243,1.05195,1.05339,4.8000000000003595,True,1,2,1.7020833333333556,2023
venta,2023-01-06 01:35:00,1.05228,1.05326,1.0503200000000001,9.799999999999809,False,0,-1,-1.1459183673469415,2023
compra,2023-01-06 07:45:00,1.05194,1.05095,1.0539200000000002,9.900000000000464,True,0,-1,-1.1444444444444377,2023
compra,2023-01-06 13:30:00,1.05131,1.04888,1.0561699999999998,24.299999999999322,True,1,2,1.941152263374484,2023
venta,2023-01-09 00:25:00,1.06535,1.06676,1.0625300000000002,14.099999999999113,False,0,-1,-1.1014184397163185,2023
compra,2023-01-09 17:50:00,1.07483,1.07397,1.0765499999999997,8.599999999998609,True,0,-1,-1.1662790697674688,2023
venta,2023-01-09 20:30:00,1.0741,1.07537,1.0715600000000003,12.699999999998823,False,1,2,1.8874015748031392,2023
compra,2023-01-10 18:55:00,1.07379,1.07276,1.0758500000000002,10.300000000000864,True,0,-1,-1.138834951456299,2023
venta,2023-01-10 20:35:00,1.07362,1.0744,1.07206,7.800000000000029,False,0,-1,-1.1833333333333327,2023
compra,2023-01-11 07:20:00,1.07525,1.0744,1.07695,8.500000000000174,True,0,-1,-1.1682352941176437,2023
compra,2023-01-11 21:35:00,1.07569,1.07518,1.07671,5.1000000000001044,True,0,-1,-1.2803921568627392,2023
venta,2023-01-12 12:35:00,1.07603,1.07665,1.07479,6.200000000000649,False,0,-1,-1.2306451612902984,2023
venta,2023-01-16 02:55:00,1.08665,1.08741,1.0851299999999997,7.600000000000939,False,1,2,1.8118421052631812,2023
compra,2023-01-16 04:20:00,1.0863,1.08591,1.0870800000000003,3.900000000001125,True,0,-1,-1.366666666666561,2023
venta,2023-01-17 06:45:00,1.0826,1.08354,1.0807200000000001,9.399999999999409,False,0,-1,-1.1521276595744776,2023
compra,2023-01-18 22:50:00,1.07927,1.07887,1.0800699999999999,3.9999999999995595,True,0,-1,-1.3575000000000395,2023
venta,2023-01-19 00:55:00,1.07872,1.07982,1.0765199999999997,11.000000000001009,False,0,-1,-1.1299999999999881,2023
compra,2023-01-19 02:55:00,1.07933,1.07821,1.08157,11.200000000000099,True,1,2,1.8723214285714298,2023
compra,2023-01-19 07:50:00,1.08092,1.07825,1.0862600000000004,26.700000000001722,True,1,2,1.9464419475655466,2023
compra,2023-01-19 22:35:00,1.0832,1.08265,1.0843,5.5000000000005045,True,1,2,1.7400000000000237,2023
venta,2023-01-20 01:50:00,1.08353,1.0844,1.0817900000000003,8.699999999999264,False,0,-1,-1.164367816091968,2023
venta,2023-01-20 06:35:00,1.08298,1.08365,1.0816400000000002,6.699999999999484,False,0,-1,-1.2134328358209119,2023
compra,2023-01-20 10:30:00,1.08443,1.08258,1.0881299999999998,18.499999999999073,True,0,-1,-1.0772972972973012,2023
compra,2023-01-23 14:45:00,1.08623,1.08461,1.08947,16.199999999999548,True,1,2,1.9117283950617259,2023
venta,2023-01-23 16:40:00,1.08617,1.08757,1.0833700000000004,13.999999999998458,False,0,-1,-1.1021428571428684,2023
venta,2023-01-24 02:30:00,1.08782,1.08828,1.0869000000000002,4.599999999999049,False,0,-1,-1.3108695652174556,2023
compra,2023-01-24 04:50:00,1.08752,1.08692,1.08872,5.999999999999339,True,1,2,1.7616666666666405,2023
venta,2023-01-25 13:50:00,1.08702,1.08848,1.0841000000000005,14.599999999997948,False,0,-1,-1.0979452054794658,2023
venta,2023-01-26 08:45:00,1.09119,1.09279,1.0879900000000005,15.999999999998238,False,1,2,1.9106249999999902,2023
venta,2023-01-26 14:45:00,1.08882,1.09173,1.0829999999999995,29.100000000001902,False,1,2,1.950859106529213,2023
venta,2023-01-27 09:35:00,1.08815,1.0892,1.08605,10.499999999999954,False,0,-1,-1.1361904761904769,2023
venta,2023-01-27 15:35:00,1.08581,1.0879,1.0816299999999996,20.900000000001473,False,0,-1,-1.068421052631574,2023
compra,2023-01-29 22:55:00,1.0865,1.08595,1.0876000000000001,5.5000000000005045,True,1,2,1.7400000000000237,2023
venta,2023-01-30 13:55:00,1.08859,1.0911,1.08357,25.100000000000122,False,1,2,1.9430278884462153,2023
compra,2023-01-31 06:45:00,1.0842,1.08315,1.0863,10.499999999999954,True,0,-1,-1.1361904761904769,2023
venta,2023-01-31 12:30:00,1.08314,1.0838,1.0818199999999998,6.6000000000010495,False,0,-1,-1.2166666666666321,2023
compra,2023-01-31 15:30:00,1.08548,1.0839,1.0886399999999998,15.799999999999148,True,1,2,1.909493670886071,2023
compra,2023-01-31 17:35:00,1.08626,1.08504,1.0887,12.199999999999989,True,1,2,1.8827868852459015,2023
venta,2023-01-31 23:55:00,1.08606,1.08654,1.0851,4.8000000000003595,False,0,-1,-1.2979166666666444,2023
compra,2023-02-03 04:55:00,1.08931,1.08893,1.09007,3.8000000000004697,True,1,2,1.6236842105263622,2023
venta,2023-02-07 03:30:00,1.07368,1.07414,1.0727599999999997,4.60000000000127,False,0,-1,-1.3108695652173055,2023
venta,2023-02-07 09:55:00,1.07107,1.07347,1.06627,23.999999999999577,False,0,-1,-1.0595833333333344,2023
compra,2023-02-07 15:35:00,1.0682,1.06691,1.07078,12.900000000000134,True,1,2,1.8891472868217065,2023
venta,2023-02-08 06:55:00,1.07269,1.07361,1.0708499999999999,9.200000000000319,False,0,-1,-1.1554347826086904,2023
venta,2023-02-08 12:35:00,1.07417,1.07487,1.0727700000000002,6.999999999999229,False,0,-1,-1.2042857142857368,2023
venta,2023-02-08 14:45:00,1.07206,1.07432,1.0675400000000002,22.599999999999287,False,0,-1,-1.0632743362831878,2023
compra,2023-02-10 07:05:00,1.07331,1.07231,1.0753099999999998,9.999999999998899,True,0,-1,-1.1430000000000158,2023
venta,2023-02-10 18:55:00,1.06712,1.0676,1.06616,4.8000000000003595,False,0,-1,-1.2979166666666444,2023
compra,2023-02-13 20:25:00,1.07192,1.07139,1.0729799999999998,5.299999999999194,True,1,2,1.730188679245242,2023
venta,2023-02-14 00:50:00,1.07301,1.07367,1.0716900000000003,6.599999999998829,False,0,-1,-1.216666666666705,2023
compra,2023-02-14 12:45:00,1.0762,1.07486,1.0788800000000003,13.400000000001189,True,0,-1,-1.1067164179104383,2023
compra,2023-02-15 00:20:00,1.0736,1.07334,1.0741200000000004,2.60000000000149,True,0,-1,-1.5499999999996847,2023
compra,2023-02-15 07:40:00,1.07174,1.06997,1.0752799999999996,17.699999999998273,True,0,-1,-1.0807909604519852,2023
venta,2023-02-15 10:40:00,1.07209,1.07327,1.06973,11.799999999999589,False,1,2,1.8788135593220296,2023
venta,2023-02-15 21:40:00,1.06886,1.06912,1.0683399999999996,2.60000000000149,False,0,-1,-1.5499999999996847,2023
compra,2023-02-16 11:55:00,1.0705,1.06935,1.0728,11.499999999999844,True,0,-1,-1.1243478260869582,2023
venta,2023-02-16 13:30:00,1.06888,1.07024,1.06616,13.600000000000279,False,1,2,1.8948529411764727,2023
compra,2023-02-17 10:50:00,1.06424,1.06322,1.0662800000000001,10.200000000000209,True,0,-1,-1.1401960784313696,2023
venta,2023-02-20 20:30:00,1.06859,1.06873,1.0683099999999999,1.40000000000029,False,0,-1,-2.02142857142836,2023
compra,2023-02-21 07:50:00,1.06685,1.06599,1.0685700000000002,8.60000000000083,True,1,2,1.833720930232574,2023
venta,2023-02-21 08:50:00,1.06625,1.06883,1.0610899999999999,25.800000000000267,False,0,-1,-1.0554263565891466,2023
compra,2023-02-21 15:25:00,1.0674,1.06456,1.0730799999999998,28.399999999999537,True,0,-1,-1.050352112676057,2023
compra,2023-02-22 02:40:00,1.06585,1.06535,1.0668499999999999,4.999999999999449,True,0,-1,-1.2860000000000316,2023
venta,2023-02-22 07:05:00,1.06548,1.06583,1.0647799999999998,3.5000000000007248,False,0,-1,-1.408571428571344,2023
compra,2023-02-23 04:55:00,1.06243,1.06189,1.06351,5.399999999999849,True,0,-1,-1.2648148148148222,2023
compra,2023-02-23 10:45:00,1.05984,1.05879,1.0619399999999999,10.499999999999954,True,0,-1,-1.1361904761904769,2023
venta,2023-02-27 02:55:00,1.0553,1.05589,1.0541199999999997,5.9000000000009045,False,1,2,1.757627118644105,2023
venta,2023-02-27 05:55:00,1.05391,1.05505,1.0516299999999996,11.400000000001409,False,0,-1,-1.1254385964912126,2023
compra,2023-02-28 06:20:00,1.05871,1.05817,1.05979,5.399999999999849,True,1,2,1.7351851851851778,2023
venta,2023-03-01 13:45:00,1.06712,1.06879,1.0637800000000004,16.699999999998383,False,1,2,1.9143712574850216,2023
compra,2023-03-02 08:40:00,1.06353,1.06259,1.0654100000000004,9.40000000000163,True,0,-1,-1.1521276595744416,2023
venta,2023-03-02 09:55:00,1.0624,1.06429,1.0586200000000001,18.899999999999473,False,1,2,1.9243386243386222,2023
venta,2023-03-03 04:30:00,1.0606,1.06082,1.0601599999999998,2.20000000000109,False,0,-1,-1.649999999999678,2023
venta,2023-03-06 08:55:00,1.06415,1.06572,1.0610099999999998,15.700000000000713,False,0,-1,-1.0910828025477666,2023
venta,2023-03-06 17:45:00,1.06814,1.06942,1.0655800000000002,12.799999999999478,False,0,-1,-1.1117187500000045,2023
compra,2023-03-07 01:50:00,1.06872,1.06763,1.0708999999999995,10.899999999998133,True,0,-1,-1.1311926605504812,2023
venta,2023-03-07 13:50:00,1.06572,1.06719,1.0627799999999998,14.700000000000824,False,1,2,1.9027210884353796,2023
compra,2023-03-08 19:25:00,1.05493,1.05412,1.0565499999999999,8.099999999999774,True,0,-1,-1.176543209876548,2023
venta,2023-03-09 00:50:00,1.05445,1.05532,1.0527100000000003,8.699999999999264,False,0,-1,-1.164367816091968,2023
compra,2023-03-09 16:45:00,1.05814,1.05635,1.0617200000000004,17.900000000001803,True,1,2,1.9201117318435834,2023
venta,2023-03-10 04:55:00,1.05945,1.05984,1.0586700000000002,3.8999999999989043,False,1,2,1.6333333333332303,2023
venta,2023-03-14 11:30:00,1.07141,1.07282,1.0685899999999997,14.100000000001334,False,0,-1,-1.1014184397163025,2023
compra,2023-03-14 23:50:00,1.07357,1.07284,1.0750299999999997,7.299999999998974,True,1,2,1.8041095890410683,2023
compra,2023-03-15 07:40:00,1.07372,1.07266,1.0758400000000001,10.600000000000609,True,0,-1,-1.1349056603773509,2023
venta,2023-03-15 21:05:00,1.05741,1.05885,1.0545299999999997,14.400000000001079,False,0,-1,-1.0993055555555482,2023
venta,2023-03-16 03:30:00,1.05977,1.06016,1.0589900000000003,3.8999999999989043,False,0,-1,-1.3666666666667697,2023
venta,2023-03-21 23:35:00,1.07669,1.07759,1.0748899999999997,9.00000000000123,False,0,-1,-1.158888888888867,2023
venta,2023-03-22 14:30:00,1.07875,1.07957,1.0771100000000005,8.199999999998209,False,0,-1,-1.1743902439024771,2023
venta,2023-03-23 00:25:00,1.088,1.08854,1.08692,5.399999999999849,False,0,-1,-1.2648148148148222,2023
venta,2023-03-24 00:05:00,1.08275,1.08343,1.0813900000000005,6.799999999997919,False,0,-1,-1.2102941176471231,2023
compra,2023-03-29 03:40:00,1.08377,1.08346,1.0843899999999995,3.0999999999981043,True,0,-1,-1.4612903225809273,2023
compra,2023-03-29 07:40:00,1.08357,1.08177,1.08717,18.000000000000238,True,1,2,1.9205555555555567,2023
venta,2023-03-30 03:55:00,1.08329,1.0836,1.0826700000000005,3.0999999999981043,False,0,-1,-1.4612903225809273,2023
compra,2023-03-31 02:35:00,1.09112,1.09038,1.0926000000000005,7.4000000000018495,True,0,-1,-1.193243243243195,2023
venta,2023-03-31 04:35:00,1.09044,1.09094,1.0894400000000002,4.999999999999449,False,1,2,1.7139999999999684,2023
venta,2023-03-31 14:50:00,1.08661,1.09018,1.0794700000000004,35.69999999999851,False,1,2,1.9599439775910348,2023
compra,2023-03-31 18:45:00,1.08607,1.08518,1.0878500000000002,8.900000000000574,True,0,-1,-1.1606741573033603,2023
venta,2023-04-05 14:05:00,1.09374,1.09601,1.0892,22.699999999999942,False,1,2,1.9370044052863435,2023
compra,2023-04-10 04:30:00,1.08992,1.08951,1.09074,4.100000000000215,True,0,-1,-1.3487804878048597,2023
venta,2023-04-10 08:50:00,1.09095,1.09171,1.0894300000000003,7.599999999998719,False,1,2,1.8118421052631262,2023
compra,2023-04-11 01:55:00,1.08782,1.0867,1.09006,11.200000000000099,True,1,2,1.8723214285714298,2023
venta,2023-04-11 18:35:00,1.09053,1.09117,1.08925,6.399999999999739,False,0,-1,-1.223437500000009,2023
compra,2023-04-11 22:30:00,1.09161,1.09112,1.0925899999999997,4.899999999998794,True,1,2,1.7081632653060508,2023
compra,2023-04-12 03:30:00,1.0923,1.09164,1.0936200000000003,6.6000000000010495,True,1,2,1.7833333333333679,2023
compra,2023-04-12 12:30:00,1.09852,1.09196,1.1116399999999997,65.59999999999899,True,0,-1,-1.0217987804878053,2023
compra,2023-04-14 05:20:00,1.10716,1.10688,1.1077199999999996,2.7999999999983594,True,0,-1,-1.510714285714585,2023
compra,2023-04-18 00:35:00,1.09272,1.09222,1.0937199999999998,4.999999999999449,True,1,2,1.7139999999999684,2023
venta,2023-04-18 03:35:00,1.09356,1.0939,1.09288,3.4000000000000696,False,0,-1,-1.420588235294109,2023
compra,2023-04-19 23:50:00,1.09521,1.0947,1.09623,5.1000000000001044,True,1,2,1.7196078431372608,2023
venta,2023-04-20 11:35:00,1.09691,1.09743,1.0958700000000003,5.199999999998539,False,0,-1,-1.2750000000000772,2023
venta,2023-04-21 01:55:00,1.09651,1.09731,1.0949100000000003,7.999999999999119,False,1,2,1.8212499999999803,2023
venta,2023-04-21 06:25:00,1.09541,1.09609,1.09405,6.800000000000139,False,0,-1,-1.2102941176470545,2023
compra,2023-04-21 10:10:00,1.09625,1.09514,1.0984699999999998,11.099999999999444,True,1,2,1.8711711711711647,2023
venta,2023-04-21 13:45:00,1.09627,1.09909,1.0906300000000004,28.199999999998226,False,0,-1,-1.0507092198581591,2023
compra,2023-04-24 07:50:00,1.09843,1.09658,1.1021299999999998,18.499999999999073,True,1,2,1.9227027027026988,2023
venta,2023-04-26 14:35:00,1.1057,1.10858,1.09994,28.799999999999937,False,1,2,1.950347222222222,2023
compra,2023-04-28 04:45:00,1.10138,1.10082,1.1025000000000003,5.60000000000116,True,0,-1,-1.25535714285709,2023
compra,2023-05-01 09:45:00,1.1004,1.09882,1.1035600000000003,15.800000000001369,True,0,-1,-1.090506329113916,2023
compra,2023-05-02 00:05:00,1.09772,1.09736,1.0984400000000003,3.60000000000138,True,0,-1,-1.3972222222220698,2023
venta,2023-05-02 07:45:00,1.09917,1.10066,1.09619,14.899999999999913,False,1,2,1.9040268456375833,2023
compra,2023-05-03 06:30:00,1.10239,1.1021,1.1029699999999998,2.8999999999990145,True,0,-1,-1.4931034482760297,2023
venta,2023-05-04 00:40:00,1.10768,1.10872,1.1056000000000001,10.399999999999299,False,0,-1,-1.1375000000000093,2023
venta,2023-05-05 02:25:00,1.10303,1.10372,1.1016499999999998,6.900000000000794,False,0,-1,-1.2072463768115704,2023
venta,2023-05-07 22:25:00,1.10177,1.10228,1.10075,5.1000000000001044,False,0,-1,-1.2803921568627392,2023
compra,2023-05-10 09:45:00,1.09583,1.09478,1.09793,10.499999999999954,True,0,-1,-1.1361904761904769,2023
venta,2023-05-11 01:50:00,1.09842,1.09981,1.09564,13.900000000000023,False,1,2,1.8971223021582735,2023
compra,2023-05-12 03:45:00,1.09209,1.09149,1.0932899999999999,5.999999999999339,True,1,2,1.7616666666666405,2023
compra,2023-05-12 06:50:00,1.09332,1.09195,1.0960600000000003,13.700000000000934,True,0,-1,-1.1043795620437884,2023
venta,2023-05-15 00:30:00,1.08491,1.08555,1.08363,6.399999999999739,False,0,-1,-1.223437500000009,2023
compra,2023-05-15 03:05:00,1.08596,1.08552,1.08684,4.3999999999999595,True,1,2,1.6749999999999972,2023
venta,2023-05-16 09:55:00,1.08936,1.09005,1.0879800000000004,6.899999999998574,False,1,2,1.792753623188363,2023
venta,2023-05-17 02:55:00,1.08695,1.08736,1.08613,4.100000000000215,False,1,2,1.6512195121951403,2023
compra,2023-05-18 09:50:00,1.08196,1.08073,1.0844200000000002,12.300000000000644,True,0,-1,-1.11626016260162,2023
compra,2023-05-19 00:20:00,1.07784,1.07724,1.0790399999999998,5.999999999999339,True,0,-1,-1.2383333333333595,2023
compra,2023-05-19 20:35:00,1.08081,1.08012,1.0821900000000002,6.900000000000794,True,1,2,1.7927536231884296,2023
compra,2023-05-23 00:05:00,1.08164,1.08111,1.0826999999999998,5.299999999999194,True,0,-1,-1.269811320754758,2023
compra,2023-05-23 02:45:00,1.08088,1.08025,1.0821400000000003,6.300000000001305,True,0,-1,-1.22698412698408,2023
venta,2023-05-24 00:50:00,1.07717,1.07751,1.07649,3.4000000000000696,False,0,-1,-1.420588235294109,2023
venta,2023-05-25 06:05:00,1.07291,1.07377,1.0711900000000003,8.599999999998609,False,0,-1,-1.1662790697674688,2023
venta,2023-05-25 09:55:00,1.07315,1.0738,1.07185,6.500000000000394,False,1,2,1.7800000000000133,2023
compra,2023-05-30 00:05:00,1.07178,1.07082,1.0736999999999997,9.599999999998499,True,0,-1,-1.1489583333333566,2023
compra,2023-05-30 14:30:00,1.07355,1.07215,1.0763500000000001,14.000000000000679,True,0,-1,-1.1021428571428522,2023
compra,2023-05-31 00:50:00,1.07336,1.07272,1.0746400000000005,6.40000000000196,True,0,-1,-1.2234374999999316,2023
compra,2023-05-31 17:30:00,1.06541,1.06355,1.06913,18.599999999999728,True,1,2,1.9231182795698913,2023
compra,2023-06-01 12:50:00,1.07094,1.06845,1.0759200000000002,24.900000000001032,True,1,2,1.9425702811245005,2023
compra,2023-06-01 20:50:00,1.07615,1.07587,1.0767099999999996,2.7999999999983594,True,0,-1,-1.510714285714585,2023
venta,2023-06-02 06:50:00,1.07671,1.07789,1.0743500000000001,11.799999999999589,False,1,2,1.8788135593220296,2023
compra,2023-06-05 13:45:00,1.06895,1.06777,1.07131,11.799999999999589,True,1,2,1.8788135593220296,2023
compra,2023-06-05 22:50:00,1.07127,1.07094,1.0719299999999998,3.2999999999994145,True,1,2,1.5666666666665898,2023
compra,2023-06-06 06:30:00,1.07292,1.07212,1.0745200000000004,8.00000000000134,True,0,-1,-1.17874999999997,2023
compra,2023-06-07 23:30:00,1.07028,1.06975,1.0713399999999997,5.299999999999194,True,1,2,1.730188679245242,2023
compra,2023-06-08 01:55:00,1.07086,1.07028,1.07202,5.800000000000249,True,0,-1,-1.2465517241379205,2023
compra,2023-06-08 03:10:00,1.07091,1.07065,1.0714299999999999,2.5999999999992696,True,0,-1,-1.5500000000001544,2023
compra,2023-06-08 04:50:00,1.07109,1.07055,1.0721700000000005,5.40000000000207,True,0,-1,-1.2648148148147134,2023
venta,2023-06-12 04:30:00,1.07409,1.07443,1.07341,3.4000000000000696,False,0,-1,-1.420588235294109,2023
compra,2023-06-12 07:20:00,1.07526,1.07454,1.0767000000000002,7.200000000000539,True,1,2,1.8013888888889038,2023
venta,2023-06-13 06:55:00,1.07927,1.07978,1.07825,5.1000000000001044,False,0,-1,-1.2803921568627392,2023
venta,2023-06-13 09:40:00,1.08017,1.08084,1.0788300000000002,6.699999999999484,False,0,-1,-1.2134328358209119,2023
compra,2023-06-13 14:40:00,1.07996,1.07781,1.0842600000000002,21.500000000000963,True,0,-1,-1.0665116279069737,2023
compra,2023-06-15 04:35:00,1.08144,1.08099,1.08234,4.500000000000615,True,0,-1,-1.3177777777777344,2023
compra,2023-06-15 12:30:00,1.08717,1.08144,1.09863,57.300000000000125,True,1,2,1.975043630017452,2023
venta,2023-06-16 00:50:00,1.09417,1.09507,1.0923700000000003,8.999999999999009,False,0,-1,-1.1588888888889064,2023
venta,2023-06-19 00:30:00,1.09382,1.09462,1.0922200000000002,7.999999999999119,False,1,2,1.8212499999999803,2023
venta,2023-06-19 23:25:00,1.09191,1.09236,1.0910099999999998,4.500000000000615,False,0,-1,-1.3177777777777344,2023
compra,2023-06-21 22:30:00,1.09896,1.09833,1.1002199999999998,6.299999999999084,True,0,-1,-1.22698412698416,2023
compra,2023-06-23 05:55:00,1.09325,1.09271,1.09433,5.399999999999849,True,0,-1,-1.2648148148148222,2023
venta,2023-06-23 18:50:00,1.0889,1.0895,1.0877000000000001,5.999999999999339,False,0,-1,-1.2383333333333595,2023
venta,2023-06-26 19:45:00,1.09044,1.09151,1.0883000000000003,10.699999999999044,False,0,-1,-1.1336448598130962,2023
venta,2023-06-28 06:10:00,1.09507,1.09547,1.09427,3.9999999999995595,False,1,2,1.6424999999999605,2023
venta,2023-06-28 10:55:00,1.09545,1.09621,1.0939300000000003,7.599999999998719,False,1,2,1.8118421052631262,2023
venta,2023-06-29 00:05:00,1.09098,1.09152,1.0899,5.399999999999849,False,1,2,1.7351851851851778,2023
compra,2023-07-04 12:55:00,1.09006,1.08936,1.0914599999999999,6.999999999999229,True,0,-1,-1.2042857142857368,2023
compra,2023-07-04 22:30:00,1.08805,1.08773,1.0886899999999997,3.1999999999987594,True,1,2,1.553124999999827,2023
compra,2023-07-05 02:55:00,1.08781,1.0875,1.08843,3.1000000000003247,True,0,-1,-1.4612903225805969,2023
compra,2023-07-05 08:35:00,1.08853,1.08662,1.0923500000000002,19.100000000000783,True,0,-1,-1.0748691099476408,2023
compra,2023-07-06 04:50:00,1.08409,1.08337,1.08553,7.200000000000539,True,1,2,1.8013888888889038,2023
compra,2023-07-06 15:35:00,1.08742,1.08635,1.0895600000000003,10.700000000001264,True,1,2,1.8663551401869316,2023
venta,2023-07-07 05:55:00,1.08874,1.0896,1.0870200000000003,8.599999999998609,False,0,-1,-1.1662790697674688,2023
venta,2023-07-10 00:05:00,1.09618,1.09664,1.0952599999999997,4.60000000000127,False,0,-1,-1.3108695652173055,2023
venta,2023-07-11 01:35:00,1.10064,1.10102,1.09988,3.8000000000004697,False,0,-1,-1.3763157894736378,2023
venta,2023-07-11 05:40:00,1.10164,1.1022,1.1005199999999997,5.60000000000116,False,0,-1,-1.25535714285709,2023
compra,2023-07-11 19:35:00,1.10061,1.0999,1.10203,7.099999999999884,True,1,2,1.7985915492957714,2023
venta,2023-07-13 00:45:00,1.11397,1.11451,1.11289,5.399999999999849,False,0,-1,-1.2648148148148222,2023
compra,2023-07-13 01:50:00,1.11434,1.11363,1.1157600000000005,7.100000000002105,True,0,-1,-1.2014084507041656,2023
compra,2023-07-14 13:50:00,1.1238,1.12175,1.1278999999999997,20.499999999998852,True,0,-1,-1.0697560975609794,2023
venta,2023-07-17 07:35:00,1.12351,1.12433,1.12187,8.20000000000043,False,0,-1,-1.1743902439024299,2023
compra,2023-07-21 05:55:00,1.1143,1.11336,1.1161800000000004,9.40000000000163,True,0,-1,-1.1521276595744416,2023
compra,2023-07-21 19:55:00,1.11254,1.11191,1.1138000000000003,6.300000000001305,True,0,-1,-1.22698412698408,2023
venta,2023-07-24 07:30:00,1.10815,1.11469,1.09507,65.3999999999999,False,1,2,1.9781345565749235,2023
venta,2023-07-24 12:40:00,1.10848,1.10998,1.1054799999999998,15.000000000000568,False,1,2,1.9046666666666703,2023
venta,2023-07-24 22:50:00,1.10624,1.10661,1.1054999999999995,3.700000000002035,False,0,-1,-1.386486486486274,2023
compra,2023-07-25 11:40:00,1.10474,1.10393,1.10636,8.099999999999774,True,0,-1,-1.176543209876548,2023
compra,2023-07-26 18:55:00,1.11035,1.10564,1.11977,47.099999999999916,True,0,-1,-1.0303609341825903,2023
venta,2023-07-27 04:55:00,1.1096,1.11057,1.1076599999999996,9.700000000001374,False,0,-1,-1.1474226804123502,2023
venta,2023-07-28 03:25:00,1.09819,1.09854,1.0974899999999999,3.5000000000007248,False,0,-1,-1.408571428571344,2023
compra,2023-07-28 18:50:00,1.10297,1.10159,1.1057299999999999,13.799999999999368,True,0,-1,-1.1036231884058019,2023
compra,2023-07-31 20:45:00,1.09955,1.09934,1.0999700000000001,2.100000000000435,True,0,-1,-1.68095238095224,2023
venta,2023-08-01 00:50:00,1.09904,1.10015,1.0968200000000001,11.099999999999444,False,1,2,1.8711711711711647,2023
compra,2023-08-01 02:55:00,1.0985,1.09803,1.09944,4.699999999999704,True,1,2,1.6957446808510448,2023
compra,2023-08-01 04:50:00,1.09885,1.09819,1.1001700000000003,6.6000000000010495,True,0,-1,-1.2166666666666321,2023
compra,2023-08-01 09:45:00,1.09751,1.09658,1.0993699999999997,9.299999999998754,True,0,-1,-1.1537634408602357,2023
venta,2023-08-03 06:35:00,1.09311,1.09432,1.0906900000000002,12.099999999999334,False,0,-1,-1.1181818181818246,2023
compra,2023-08-03 12:35:00,1.09405,1.09274,1.0966699999999998,13.099999999999223,True,0,-1,-1.109160305343518,2023
compra,2023-08-04 00:55:00,1.09553,1.09464,1.0973099999999996,8.899999999998354,True,0,-1,-1.1606741573034005,2023
compra,2023-08-04 05:45:00,1.09578,1.09478,1.0977799999999998,9.999999999998899,True,0,-1,-1.1430000000000158,2023
compra,2023-08-07 10:55:00,1.0973,1.09665,1.0986,6.500000000000394,True,1,2,1.7800000000000133,2023
compra,2023-08-07 16:50:00,1.1001,1.09921,1.1018800000000002,8.900000000000574,True,0,-1,-1.1606741573033603,2023
compra,2023-08-08 02:35:00,1.09891,1.09768,1.1013700000000002,12.300000000000644,True,0,-1,-1.11626016260162,2023
compra,2023-08-09 19:20:00,1.09787,1.09746,1.0986899999999995,4.099999999997994,True,0,-1,-1.3487804878050487,2023
venta,2023-08-10 00:05:00,1.09731,1.09775,1.09643,4.3999999999999595,False,0,-1,-1.3250000000000028,2023
venta,2023-08-10 23:50:00,1.09829,1.09845,1.0979700000000001,1.5999999999993797,False,1,2,1.1062499999996536,2023
compra,2023-08-11 04:35:00,1.09866,1.09847,1.0990399999999998,1.8999999999991246,True,1,2,1.2473684210522848,2023
venta,2023-08-11 06:55:00,1.09909,1.1002,1.0968699999999996,11.100000000001664,False,0,-1,-1.1288288288288095,2023
compra,2023-08-11 07:25:00,1.09958,1.09875,1.1012400000000002,8.300000000001084,True,0,-1,-1.1722891566264835,2023
venta,2023-08-11 12:30:00,1.09786,1.10044,1.0927,25.800000000000267,False,1,2,1.9445736434108534,2023
venta,2023-08-14 00:30:00,1.0937,1.09467,1.0917599999999996,9.700000000001374,False,0,-1,-1.1474226804123502,2023
compra,2023-08-15 15:45:00,1.09306,1.09233,1.0945199999999997,7.299999999998974,True,0,-1,-1.1958904109589317,2023
venta,2023-08-15 21:55:00,1.09027,1.09063,1.0895500000000002,3.5999999999991594,False,0,-1,-1.397222222222315,2023
venta,2023-08-16 06:05:00,1.09114,1.09167,1.0900800000000002,5.299999999999194,False,0,-1,-1.269811320754758,2023
venta,2023-08-16 22:55:00,1.08791,1.08832,1.08709,4.100000000000215,False,1,2,1.6512195121951403,2023
compra,2023-08-18 07:45:00,1.08775,1.08644,1.0903699999999998,13.099999999999223,True,0,-1,-1.109160305343518,2023
venta,2023-08-22 02:55:00,1.09076,1.09128,1.0897199999999998,5.20000000000076,False,0,-1,-1.27499999999996,2023
compra,2023-08-22 03:05:00,1.09111,1.0908,1.09173,3.1000000000003247,True,0,-1,-1.4612903225805969,2023
venta,2023-08-22 18:55:00,1.08522,1.08553,1.0846,3.1000000000003247,False,1,2,1.5387096774194031,2023
compra,2023-08-23 01:40:00,1.08555,1.08446,1.08773,10.900000000000354,True,0,-1,-1.1311926605504545,2023
venta,2023-08-23 05:35:00,1.08595,1.08627,1.0853099999999998,3.20000000000098,False,0,-1,-1.4468749999998631,2023
venta,2023-08-23 07:30:00,1.08194,1.08646,1.0728999999999997,45.20000000000079,False,0,-1,-1.0316371681415923,2023
venta,2023-08-23 17:55:00,1.08647,1.087,1.0854100000000002,5.299999999999194,False,0,-1,-1.269811320754758,2023
compra,2023-08-24 02:30:00,1.08639,1.08584,1.08749,5.5000000000005045,True,1,2,1.7400000000000237,2023
compra,2023-08-25 04:45:00,1.07806,1.07781,1.0785600000000002,2.500000000000835,True,1,2,1.428000000000191,2023
venta,2023-08-27 22:55:00,1.07946,1.08006,1.0782600000000002,5.999999999999339,False,0,-1,-1.2383333333333595,2023
venta,2023-08-27 23:45:00,1.07955,1.0801,1.07845,5.5000000000005045,False,0,-1,-1.2599999999999763,2023
venta,2023-08-28 01:50:00,1.08034,1.08099,1.0790400000000004,6.499999999998174,False,0,-1,-1.2200000000000617,2023
venta,2023-08-28 13:20:00,1.08039,1.08131,1.07855,9.200000000000319,False,0,-1,-1.1554347826086904,2023
compra,2023-08-28 21:50:00,1.08198,1.0814,1.08314,5.800000000000249,True,1,2,1.7534482758620795,2023
venta,2023-08-29 00:50:00,1.08222,1.08315,1.0803599999999998,9.300000000000974,False,0,-1,-1.1537634408601989,2023
venta,2023-08-29 10:55:00,1.08065,1.08162,1.0787100000000003,9.699999999999154,False,1,2,1.852577319587616,2023
compra,2023-08-29 21:50:00,1.08789,1.08727,1.0891300000000002,6.200000000000649,True,0,-1,-1.2306451612902984,2023
venta,2023-08-29 23:40:00,1.0871,1.08849,1.08432,13.900000000000023,False,0,-1,-1.1028776978417265,2023
compra,2023-08-30 05:30:00,1.08678,1.08641,1.08752,3.6999999999998145,True,0,-1,-1.3864864864865059,2023
venta,2023-08-30 06:50:00,1.08674,1.08766,1.0849,9.200000000000319,False,0,-1,-1.1554347826086904,2023
venta,2023-08-30 11:40:00,1.08808,1.08916,1.08592,10.799999999999699,False,0,-1,-1.132407407407411,2023
compra,2023-08-30 12:30:00,1.09114,1.08746,1.0984999999999998,36.79999999999905,True,0,-1,-1.0388586956521748,2023
compra,2023-08-30 21:50:00,1.09252,1.0919,1.0937599999999996,6.199999999998429,True,1,2,1.769354838709619,2023
venta,2023-08-30 23:45:00,1.09289,1.09314,1.0923899999999998,2.500000000000835,False,0,-1,-1.571999999999809,2023
venta,2023-08-31 04:40:00,1.09191,1.0923,1.0911299999999997,3.900000000001125,False,1,2,1.633333333333439,2023
venta,2023-08-31 06:50:00,1.0909,1.09197,1.0887599999999997,10.700000000001264,False,1,2,1.8663551401869316,2023
compra,2023-08-31 14:55:00,1.08546,1.08444,1.0875000000000001,10.200000000000209,True,0,-1,-1.1401960784313696,2023
compra,2023-08-31 16:50:00,1.08421,1.08351,1.0856099999999997,6.999999999999229,True,0,-1,-1.2042857142857368,2023
compra,2023-09-04 04:55:00,1.07868,1.07815,1.0797400000000004,5.300000000001415,True,1,2,1.7301886792453551,2023
venta,2023-09-04 11:55:00,1.08001,1.08087,1.0782899999999997,8.60000000000083,False,1,2,1.833720930232574,2023
venta,2023-09-04 13:50:00,1.0798,1.08053,1.0783400000000003,7.299999999998974,False,1,2,1.8041095890410683,2023
compra,2023-09-05 15:30:00,1.07161,1.07062,1.07359,9.900000000000464,True,1,2,1.8555555555555623,2023
venta,2023-09-07 06:30:00,1.07162,1.07256,1.0697400000000001,9.399999999999409,False,1,2,1.8478723404255224,2023
venta,2023-09-07 16:55:00,1.0704,1.07088,1.06944,4.8000000000003595,False,0,-1,-1.2979166666666444,2023
compra,2023-09-07 23:55:00,1.06973,1.06941,1.0703700000000003,3.20000000000098,True,1,2,1.5531250000001369,2023
venta,2023-09-11 07:55:00,1.07258,1.07374,1.0702600000000004,11.599999999998278,False,0,-1,-1.1232758620689838,2023
compra,2023-09-11 12:55:00,1.07275,1.07192,1.0744100000000003,8.300000000001084,True,1,2,1.8277108433735165,2023
venta,2023-09-12 06:40:00,1.07342,1.07408,1.0721000000000003,6.599999999998829,False,1,2,1.783333333333295,2023
compra,2023-09-13 14:35:00,1.07406,1.07271,1.07676,13.499999999999623,True,0,-1,-1.1059259259259289,2023
compra,2023-09-13 21:40:00,1.07302,1.07284,1.0733800000000002,1.80000000000069,True,0,-1,-1.7944444444441399,2023
venta,2023-09-14 20:45:00,1.06424,1.06468,1.06336,4.3999999999999595,False,1,2,1.6749999999999972,2023
compra,2023-09-15 00:55:00,1.06423,1.06381,1.0650700000000002,4.20000000000087,True,0,-1,-1.34047619047612,2023
venta,2023-09-15 14:50:00,1.06623,1.06877,1.06115,25.399999999999867,False,0,-1,-1.0562992125984254,2023
compra,2023-09-17 23:35:00,1.06654,1.06624,1.06714,2.9999999999996696,True,1,2,1.5233333333332808,2023
venta,2023-09-18 03:55:00,1.06641,1.06686,1.0655100000000004,4.499999999998394,False,0,-1,-1.3177777777778912,2023
compra,2023-09-18 04:50:00,1.06692,1.06631,1.06814,6.099999999999994,True,0,-1,-1.234426229508197,2023
compra,2023-09-19 16:10:00,1.06858,1.068,1.0697400000000001,5.800000000000249,True,0,-1,-1.2465517241379205,2023
venta,2023-09-20 02:55:00,1.06829,1.06897,1.06693,6.800000000000139,False,0,-1,-1.2102941176470545,2023
compra,2023-09-20 06:05:00,1.06854,1.06783,1.06996,7.099999999999884,True,0,-1,-1.2014084507042286,2023
venta,2023-09-21 09:50:00,1.06543,1.06645,1.0633900000000005,10.199999999997988,False,1,2,1.8598039215685997,2023
compra,2023-09-21 16:45:00,1.06647,1.06544,1.0685300000000002,10.300000000000864,True,0,-1,-1.138834951456299,2023
venta,2023-09-21 18:45:00,1.06658,1.06708,1.0655800000000002,4.999999999999449,False,1,2,1.7139999999999684,2023
venta,2023-09-22 05:55:00,1.06493,1.06576,1.0632699999999997,8.300000000001084,False,0,-1,-1.1722891566264835,2023
venta,2023-09-22 07:15:00,1.06265,1.06598,1.0559900000000004,33.29999999999833,False,0,-1,-1.042942942942945,2023
venta,2023-09-24 21:45:00,1.0645,1.06515,1.0632,6.500000000000394,False,0,-1,-1.2199999999999867,2023
compra,2023-09-25 19:35:00,1.05907,1.05854,1.0601299999999998,5.299999999999194,True,0,-1,-1.269811320754758,2023
compra,2023-09-26 05:55:00,1.05877,1.0582,1.05991,5.699999999999594,True,0,-1,-1.250877192982474,2023
venta,2023-09-26 09:55:00,1.05972,1.06029,1.05858,5.699999999999594,False,0,-1,-1.250877192982474,2023
compra,2023-09-26 11:40:00,1.06033,1.05895,1.0630899999999999,13.799999999999368,True,0,-1,-1.1036231884058019,2023
compra,2023-09-26 21:35:00,1.05706,1.05676,1.0576600000000005,3.00000000000189,True,0,-1,-1.4766666666663664,2023
venta,2023-09-27 19:35:00,1.0509,1.05187,1.0489599999999997,9.700000000001374,False,0,-1,-1.1474226804123502,2023
venta,2023-09-28 01:40:00,1.05106,1.0516,1.0499800000000001,5.399999999999849,False,1,2,1.7351851851851778,2023
compra,2023-09-28 13:20:00,1.05401,1.05176,1.0585099999999996,22.499999999998632,True,1,2,1.9364444444444406,2023
compra,2023-09-28 21:40:00,1.05654,1.05591,1.0578000000000003,6.300000000001305,True,0,-1,-1.22698412698408,2023
compra,2023-09-29 00:50:00,1.05645,1.05609,1.0571699999999997,3.5999999999991594,True,0,-1,-1.397222222222315,2023
venta,2023-09-29 05:30:00,1.0578,1.05831,1.05678,5.1000000000001044,False,0,-1,-1.2803921568627392,2023
venta,2023-10-02 04:30:00,1.0569,1.05711,1.0564799999999999,2.100000000000435,False,1,2,1.31904761904776,2023
venta,2023-10-02 07:35:00,1.05785,1.05919,1.0551699999999997,13.400000000001189,False,1,2,1.8932835820895617,2023
venta,2023-10-02 17:55:00,1.04957,1.05051,1.0476899999999996,9.40000000000163,False,1,2,1.8478723404255584,2023
compra,2023-10-04 07:55:00,1.04846,1.04514,1.0551,33.199999999999896,True,1,2,1.9569277108433734,2023
venta,2023-10-04 11:50:00,1.05024,1.05164,1.0474400000000004,13.999999999998458,False,0,-1,-1.1021428571428684,2023
compra,2023-10-04 12:40:00,1.05249,1.04962,1.0582299999999998,28.69999999999928,True,0,-1,-1.0498257839721268,2023
compra,2023-10-04 18:15:00,1.05063,1.05009,1.05171,5.399999999999849,True,0,-1,-1.2648148148148222,2023
compra,2023-10-04 23:25:00,1.05079,1.05052,1.0513299999999999,2.6999999999999247,True,0,-1,-1.5296296296296443,2023
compra,2023-10-05 00:30:00,1.05094,1.05031,1.0521999999999998,6.299999999999084,True,1,2,1.77301587301584,2023
venta,2023-10-06 12:45:00,1.04918,1.05636,1.03482,71.79999999999964,False,0,-1,-1.0199164345403902,2023
compra,2023-10-09 12:50:00,1.0533,1.05244,1.0550199999999996,8.599999999998609,True,1,2,1.8337209302325312,2023
venta,2023-10-09 18:35:00,1.05641,1.05674,1.0557500000000002,3.2999999999994145,False,0,-1,-1.4333333333334102,2023
compra,2023-10-10 07:55:00,1.05716,1.05542,1.0606400000000002,17.400000000000748,True,1,2,1.9178160919540266,2023
compra,2023-10-10 21:25:00,1.0606,1.05998,1.0618400000000001,6.200000000000649,True,0,-1,-1.2306451612902984,2023
compra,2023-10-11 11:50:00,1.06053,1.05964,1.06231,8.900000000000574,True,0,-1,-1.1606741573033603,2023
venta,2023-10-11 22:55:00,1.0619,1.06218,1.0613400000000004,2.7999999999983594,False,0,-1,-1.510714285714585,2023
venta,2023-10-13 05:35:00,1.0546,1.05508,1.05364,4.8000000000003595,False,1,2,1.7020833333333556,2023
compra,2023-10-16 03:55:00,1.05235,1.052,1.0530499999999996,3.4999999999985043,True,1,2,1.5914285714283969,2023
compra,2023-10-16 07:55:00,1.05341,1.05235,1.05553,10.600000000000609,True,0,-1,-1.1349056603773509,2023
compra,2023-10-17 02:50:00,1.05504,1.05474,1.05564,2.9999999999996696,True,0,-1,-1.4766666666667192,2023
compra,2023-10-17 04:45:00,1.05488,1.05453,1.0555800000000002,3.5000000000007248,True,0,-1,-1.408571428571344,2023
venta,2023-10-17 05:25:00,1.05453,1.05499,1.0536099999999997,4.60000000000127,False,1,2,1.6891304347826945,2023
venta,2023-10-18 09:45:00,1.05733,1.05867,1.0546500000000003,13.399999999998968,False,1,2,1.893283582089544,2023
compra,2023-10-18 11:25:00,1.05607,1.05521,1.0577900000000002,8.60000000000083,True,0,-1,-1.166279069767426,2023
venta,2023-10-19 01:25:00,1.05382,1.05418,1.0531000000000001,3.5999999999991594,False,1,2,1.602777777777685,2023
compra,2023-10-19 06:40:00,1.05397,1.05282,1.05627,11.499999999999844,True,1,2,1.8756521739130418,2023
compra,2023-10-19 16:05:00,1.05917,1.05679,1.06393,23.800000000000487,True,0,-1,-1.060084033613444,2023
venta,2023-10-20 03:35:00,1.05751,1.058,1.0565299999999997,4.900000000001015,False,1,2,1.708163265306183,2023
venta,2023-10-24 06:50:00,1.0678,1.06865,1.0661,8.500000000000174,False,0,-1,-1.1682352941176437,2023
compra,2023-10-25 04:55:00,1.06062,1.06009,1.0616799999999997,5.299999999999194,True,0,-1,-1.269811320754758,2023
compra,2023-10-25 23:50:00,1.05648,1.05601,1.0574200000000005,4.700000000001925,True,0,-1,-1.3042553191488115,2023
compra,2023-10-26 03:35:00,1.05462,1.05432,1.0552199999999998,2.9999999999996696,True,0,-1,-1.4766666666667192,2023
compra,2023-10-26 12:55:00,1.05589,1.05221,1.0632499999999998,36.79999999999905,True,1,2,1.9611413043478252,2023
venta,2023-10-30 05:30:00,1.05565,1.05618,1.0545900000000001,5.299999999999194,False,0,-1,-1.269811320754758,2023
venta,2023-10-30 06:25:00,1.05597,1.05674,1.0544300000000002,7.699999999999374,False,0,-1,-1.1857142857143008,2023
venta,2023-10-30 09:35:00,1.05772,1.0588,1.05556,10.799999999999699,False,0,-1,-1.132407407407411,2023
venta,2023-10-30 14:50:00,1.06177,1.0625,1.0603100000000003,7.299999999998974,False,1,2,1.8041095890410683,2023
venta,2023-10-31 16:45:00,1.05687,1.05802,1.05457,11.499999999999844,False,0,-1,-1.1243478260869582,2023
venta,2023-11-01 11:55:00,1.05385,1.05575,1.05005,19.000000000000128,False,0,-1,-1.0752631578947363,2023
venta,2023-11-01 17:40:00,1.05246,1.05522,1.0469399999999998,27.600000000000957,False,0,-1,-1.0518115942028967,2023
compra,2023-11-01 20:35:00,1.05698,1.05667,1.0576,3.1000000000003247,True,1,2,1.5387096774194031,2023
compra,2023-11-02 07:35:00,1.06055,1.0591,1.0634500000000005,14.500000000001734,True,1,2,1.9013793103448393,2023
compra,2023-11-03 00:40:00,1.06207,1.06146,1.06329,6.099999999999994,True,1,2,1.765573770491803,2023
venta,2023-11-06 06:45:00,1.07357,1.074,1.0727099999999996,4.300000000001525,False,0,-1,-1.3325581395347657,2023
compra,2023-11-07 14:55:00,1.0676,1.0664,1.0700000000000003,12.000000000000899,True,1,2,1.8808333333333422,2023
venta,2023-11-08 02:50:00,1.06915,1.06992,1.0676100000000002,7.699999999999374,False,1,2,1.8142857142856992,2023
venta,2023-11-09 00:05:00,1.07062,1.07094,1.0699799999999997,3.20000000000098,False,0,-1,-1.4468749999998631,2023
compra,2023-11-09 11:55:00,1.06882,1.06804,1.07038,7.800000000000029,True,1,2,1.8166666666666673,2023
venta,2023-11-13 07:50:00,1.06921,1.06974,1.0681500000000002,5.299999999999194,False,0,-1,-1.269811320754758,2023
venta,2023-11-14 00:35:00,1.07004,1.07023,1.0696600000000003,1.8999999999991246,False,1,2,1.2473684210522848,2023
compra,2023-11-14 22:50:00,1.08787,1.08742,1.0887699999999996,4.499999999998394,True,0,-1,-1.3177777777778912,2023
venta,2023-11-15 13:35:00,1.08512,1.08681,1.0817400000000001,16.899999999999693,False,0,-1,-1.084615384615386,2023
venta,2023-11-16 01:05:00,1.08505,1.08555,1.0840500000000002,4.999999999999449,False,1,2,1.7139999999999684,2023
compra,2023-11-17 00:50:00,1.0853,1.08487,1.0861599999999998,4.299999999999304,True,0,-1,-1.3325581395349375,2023
venta,2023-11-17 14:35:00,1.086,1.08845,1.0811000000000004,24.499999999998412,False,0,-1,-1.0583673469387793,2023
venta,2023-11-20 08:45:00,1.09168,1.09296,1.08912,12.799999999999478,False,0,-1,-1.1117187500000045,2023
compra,2023-11-20 12:40:00,1.09293,1.09206,1.0946699999999998,8.699999999999264,True,0,-1,-1.164367816091968,2023
venta,2023-11-20 17:40:00,1.09392,1.09515,1.0914599999999999,12.300000000000644,False,0,-1,-1.11626016260162,2023
compra,2023-11-20 22:50:00,1.09419,1.0939,1.0947699999999998,2.8999999999990145,True,1,2,1.5068965517239703,2023
venta,2023-11-21 04:35:00,1.09612,1.09651,1.0953399999999998,3.900000000001125,False,1,2,1.633333333333439,2023
venta,2023-11-21 20:50:00,1.09122,1.09159,1.0904800000000001,3.6999999999998145,False,0,-1,-1.3864864864865059,2023
venta,2023-11-22 19:35:00,1.08803,1.08878,1.08653,7.500000000000284,False,0,-1,-1.1906666666666594,2023
compra,2023-11-22 23:05:00,1.08872,1.08838,1.0894,3.4000000000000696,True,1,2,1.579411764705891,2023
compra,2023-11-23 05:35:00,1.09042,1.09009,1.0910799999999998,3.2999999999994145,True,1,2,1.5666666666665898,2023
compra,2023-11-23 07:45:00,1.09145,1.09055,1.0932500000000003,9.00000000000123,True,0,-1,-1.158888888888867,2023
compra,2023-11-23 13:30:00,1.09028,1.08967,1.0915,6.099999999999994,True,0,-1,-1.234426229508197,2023
venta,2023-11-23 21:55:00,1.09037,1.09067,1.0897700000000001,2.9999999999996696,False,0,-1,-1.4766666666667192,2023
compra,2023-11-24 17:35:00,1.09367,1.09282,1.09537,8.500000000000174,True,0,-1,-1.1682352941176437,2023
compra,2023-11-27 01:50:00,1.09478,1.09267,1.0990000000000002,21.100000000000563,True,0,-1,-1.0677725118483394,2023
compra,2023-11-27 15:10:00,1.09344,1.09267,1.0949799999999998,7.699999999999374,True,1,2,1.8142857142856992,2023
compra,2023-11-27 22:40:00,1.09555,1.095,1.0966500000000001,5.5000000000005045,True,0,-1,-1.2599999999999763,2023
compra,2023-11-28 13:40:00,1.09675,1.09454,1.1011699999999995,22.099999999998232,True,1,2,1.9352941176470537,2023
venta,2023-11-29 05:30:00,1.0999,1.10043,1.0988400000000003,5.299999999999194,False,0,-1,-1.269811320754758,2023
compra,2023-11-29 06:20:00,1.10044,1.09979,1.1017400000000002,6.500000000000394,True,0,-1,-1.2199999999999867,2023
compra,2023-11-29 08:05:00,1.09919,1.09819,1.1011899999999997,9.999999999998899,True,0,-1,-1.1430000000000158,2023
venta,2023-11-29 13:35:00,1.09753,1.09882,1.0949499999999999,12.900000000000134,False,0,-1,-1.1108527131782935,2023
venta,2023-11-30 12:10:00,1.09137,1.09193,1.0902499999999997,5.60000000000116,False,0,-1,-1.25535714285709,2023
venta,2023-12-01 07:50:00,1.09007,1.0911,1.0880100000000004,10.299999999998644,False,1,2,1.861165048543671,2023
compra,2023-12-04 06:10:00,1.08733,1.08682,1.08835,5.1000000000001044,True,0,-1,-1.2803921568627392,2023
venta,2023-12-05 15:35:00,1.08105,1.08388,1.0753900000000003,28.29999999999888,False,1,2,1.949469964664309,2023
compra,2023-12-05 22:45:00,1.0798,1.07913,1.0811400000000004,6.700000000001705,True,0,-1,-1.2134328358208413,2023
compra,2023-12-06 05:55:00,1.08011,1.07916,1.08201,9.500000000000064,True,0,-1,-1.1505263157894727,2023
compra,2023-12-06 07:45:00,1.07891,1.0778,1.08113,11.099999999999444,True,0,-1,-1.1288288288288353,2023
compra,2023-12-07 09:50:00,1.07836,1.07717,1.08074,11.900000000000244,True,0,-1,-1.1201680672268883,2023
compra,2023-12-08 00:50:00,1.07976,1.07884,1.0816000000000001,9.200000000000319,True,0,-1,-1.1554347826086904,2023
compra,2023-12-08 02:55:00,1.07894,1.07836,1.0801,5.800000000000249,True,0,-1,-1.2465517241379205,2023
compra,2023-12-11 08:45:00,1.07683,1.07513,1.08023,17.000000000000348,True,0,-1,-1.0841176470588219,2023
compra,2023-12-11 16:35:00,1.07486,1.07424,1.0760999999999996,6.199999999998429,True,1,2,1.769354838709619,2023
compra,2023-12-11 18:20:00,1.07552,1.07425,1.0780600000000002,12.700000000001044,True,1,2,1.887401574803159,2023
compra,2023-12-12 02:30:00,1.07687,1.07634,1.0779299999999998,5.299999999999194,True,0,-1,-1.269811320754758,2023
venta,2023-12-12 07:35:00,1.07768,1.07832,1.0764,6.399999999999739,False,0,-1,-1.223437500000009,2023
compra,2023-12-12 08:10:00,1.07818,1.07738,1.0797799999999997,7.999999999999119,True,1,2,1.8212499999999803,2023
venta,2023-12-12 13:35:00,1.07963,1.08058,1.07773,9.500000000000064,False,0,-1,-1.1505263157894727,2023
compra,2023-12-12 22:40:00,1.07958,1.07934,1.08006,2.4000000000001798,True,0,-1,-1.5958333333332888,2023
compra,2023-12-13 09:40:00,1.07916,1.07806,1.0813599999999997,10.999999999998789,True,0,-1,-1.1300000000000143,2023
compra,2023-12-17 23:05:00,1.08966,1.08922,1.09054,4.3999999999999595,True,0,-1,-1.3250000000000028,2023
venta,2023-12-18 15:05:00,1.09204,1.09309,1.08994,10.499999999999954,False,0,-1,-1.1361904761904769,2023
venta,2023-12-19 00:15:00,1.09209,1.09243,1.09141,3.4000000000000696,False,0,-1,-1.420588235294109,2023
compra,2023-12-19 02:55:00,1.09216,1.09148,1.09352,6.800000000000139,True,1,2,1.7897058823529455,2023
venta,2023-12-19 19:40:00,1.09729,1.09776,1.0963500000000002,4.699999999999704,False,0,-1,-1.3042553191489552,2023
compra,2023-12-21 00:25:00,1.09467,1.0941,1.09581,5.699999999999594,True,0,-1,-1.250877192982474,2023
compra,2023-12-22 02:50:00,1.09994,1.09954,1.1007399999999998,3.9999999999995595,True,0,-1,-1.3575000000000395,2023
compra,2023-12-22 07:20:00,1.10017,1.09938,1.1017500000000002,7.900000000000684,True,1,2,1.8189873417721676,2023
compra,2023-12-22 16:25:00,1.10188,1.1009,1.10384,9.799999999999809,True,0,-1,-1.1459183673469415,2023
compra,2023-12-22 17:35:00,1.10134,1.1,1.1040199999999998,13.399999999998968,True,0,-1,-1.106716417910456,2023
compra,2023-12-26 05:55:00,1.10266,1.10209,1.1038,5.699999999999594,True,0,-1,-1.250877192982474,2023
venta,2023-12-26 12:40:00,1.10093,1.10156,1.0996699999999997,6.300000000001305,False,0,-1,-1.22698412698408,2023
venta,2023-12-26 15:45:00,1.10259,1.10324,1.1012899999999999,6.500000000000394,False,0,-1,-1.2199999999999867,2023
compra,2023-12-27 11:55:00,1.10589,1.10501,1.10765,8.799999999999919,True,0,-1,-1.1625000000000014,2023
compra,2023-12-27 12:55:00,1.10683,1.10501,1.1104699999999998,18.199999999999328,True,1,2,1.9214285714285686,2023
compra,2023-12-27 22:50:00,1.11044,1.10968,1.1119600000000003,7.600000000000939,True,1,2,1.8118421052631812,2023
venta,2023-12-28 02:30:00,1.11106,1.11224,1.1087,11.799999999999589,False,0,-1,-1.1211864406779704,2023
compra,2023-12-28 06:55:00,1.11132,1.11048,1.1130000000000004,8.40000000000174,True,0,-1,-1.17023809523806,2023
compra,2023-12-29 05:55:00,1.10661,1.10608,1.1076700000000004,5.300000000001415,True,1,2,1.7301886792453551,2023
venta,2023-12-29 07:20:00,1.10703,1.10742,1.1062499999999997,3.900000000001125,False,0,-1,-1.366666666666561,2023
venta,2024-01-02 04:25:00,1.10192,1.1025,1.10076,5.800000000000249,False,0,-1,-1.2465517241379205,2024
venta,2024-01-02 06:50:00,1.10285,1.10342,1.1017100000000002,5.699999999999594,False,0,-1,-1.250877192982474,2024
venta,2024-01-02 15:50:00,1.09465,1.09617,1.0916099999999995,15.200000000001879,False,0,-1,-1.0940789473684094,2024
venta,2024-01-02 20:55:00,1.09431,1.09511,1.0927099999999996,8.00000000000134,False,0,-1,-1.17874999999997,2024
venta,2024-01-02 22:35:00,1.09396,1.09438,1.0931200000000003,4.199999999998649,False,0,-1,-1.3404761904762998,2024
venta,2024-01-03 12:55:00,1.09168,1.0932,1.08864,15.199999999999658,False,0,-1,-1.0940789473684231,2024
venta,2024-01-04 10:25:00,1.09608,1.09721,1.0938199999999998,11.300000000000754,False,1,2,1.8734513274336368,2024
venta,2024-01-04 21:55:00,1.09441,1.095,1.0932300000000004,5.899999999998684,False,0,-1,-1.2423728813559862,2024
compra,2024-01-05 05:55:00,1.09374,1.09341,1.0943999999999998,3.2999999999994145,True,0,-1,-1.4333333333334102,2024
venta,2024-01-05 19:35:00,1.0951,1.09597,1.0933599999999997,8.700000000001484,False,1,2,1.835632183908074,2024
venta,2024-01-07 23:05:00,1.09389,1.09446,1.09275,5.699999999999594,False,0,-1,-1.250877192982474,2024
compra,2024-01-09 00:30:00,1.09582,1.09492,1.0976200000000003,9.00000000000123,True,0,-1,-1.158888888888867,2024
compra,2024-01-09 07:05:00,1.09541,1.09496,1.0963100000000001,4.500000000000615,True,0,-1,-1.3177777777777344,2024
venta,2024-01-10 13:55:00,1.09405,1.09519,1.0917699999999997,11.400000000001409,False,0,-1,-1.1254385964912126,2024
venta,2024-01-10 20:10:00,1.09658,1.09702,1.0957000000000001,4.3999999999999595,False,0,-1,-1.3250000000000028,2024
venta,2024-01-11 04:35:00,1.09781,1.09827,1.0968899999999997,4.60000000000127,False,0,-1,-1.3108695652173055,2024
compra,2024-01-11 10:55:00,1.09689,1.09644,1.0977899999999996,4.499999999998394,True,0,-1,-1.3177777777778912,2024
venta,2024-01-11 13:30:00,1.09657,1.09904,1.09163,24.699999999999722,False,1,2,1.9421052631578941,2024
venta,2024-01-12 00:30:00,1.09777,1.09846,1.0963899999999998,6.900000000000794,False,0,-1,-1.2072463768115704,2024
venta,2024-01-12 05:45:00,1.09743,1.09803,1.0962299999999996,6.00000000000156,False,1,2,1.7616666666667287,2024
compra,2024-01-12 10:40:00,1.09626,1.09568,1.09742,5.800000000000249,True,0,-1,-1.2465517241379205,2024
venta,2024-01-15 23:25:00,1.0947,1.0951,1.0939,3.9999999999995595,False,1,2,1.6424999999999605,2024
venta,2024-01-17 05:35:00,1.08623,1.08721,1.08427,9.799999999999809,False,0,-1,-1.1459183673469415,2024
venta,2024-01-17 15:45:00,1.08527,1.08708,1.0816499999999998,18.100000000000893,False,0,-1,-1.0790055248618746,2024
venta,2024-01-18 01:40:00,1.08933,1.09008,1.0878299999999999,7.500000000000284,False,0,-1,-1.1906666666666594,2024
venta,2024-01-18 02:45:00,1.0894,1.09028,1.08764,8.799999999999919,False,0,-1,-1.1625000000000014,2024
compra,2024-01-18 05:35:00,1.08937,1.08912,1.0898699999999997,2.4999999999986144,True,1,2,1.4279999999996829,2024
compra,2024-01-19 01:30:00,1.0883,1.08762,1.08966,6.800000000000139,True,0,-1,-1.2102941176470545,2024
venta,2024-01-22 15:50:00,1.08856,1.08981,1.08606,12.499999999999734,False,0,-1,-1.1144000000000025,2024
compra,2024-01-22 22:15:00,1.08839,1.08815,1.08887,2.4000000000001798,True,0,-1,-1.5958333333332888,2024
compra,2024-01-23 17:25:00,1.08347,1.08244,1.0855299999999997,10.299999999998644,True,1,2,1.861165048543671,2024
compra,2024-01-24 01:30:00,1.08584,1.08514,1.0872399999999998,6.999999999999229,True,1,2,1.7957142857142632,2024
compra,2024-01-24 07:05:00,1.08675,1.08627,1.0877100000000002,4.8000000000003595,True,1,2,1.7020833333333556,2024
compra,2024-01-25 01:55:00,1.08775,1.08709,1.0890700000000002,6.6000000000010495,True,1,2,1.7833333333333679,2024
venta,2024-01-25 03:30:00,1.08783,1.08818,1.0871300000000004,3.4999999999985043,False,0,-1,-1.4085714285716031,2024
compra,2024-01-25 08:50:00,1.08981,1.08828,1.09287,15.300000000000313,True,0,-1,-1.0934640522875798,2024
venta,2024-01-26 13:30:00,1.08636,1.08739,1.0842999999999998,10.300000000000864,False,0,-1,-1.138834951456299,2024
compra,2024-01-26 15:45:00,1.08648,1.0855,1.0884399999999999,9.799999999999809,True,0,-1,-1.1459183673469415,2024
venta,2024-01-28 23:05:00,1.08426,1.08551,1.08176,12.499999999999734,False,1,2,1.8855999999999975,2024
venta,2024-01-29 03:35:00,1.08426,1.08466,1.08346,3.9999999999995595,False,0,-1,-1.3575000000000395,2024
compra,2024-01-29 06:40:00,1.08455,1.08392,1.0858099999999997,6.299999999999084,True,0,-1,-1.22698412698416,2024
compra,2024-01-31 07:05:00,1.08198,1.08175,1.0824399999999998,2.2999999999995246,True,0,-1,-1.6217391304349111,2024
venta,2024-01-31 15:20:00,1.08674,1.08874,1.08274,20.000000000000018,False,1,2,1.9285,2024
venta,2024-01-31 19:05:00,1.08318,1.08498,1.07958,18.000000000000238,False,0,-1,-1.0794444444444433,2024
compra,2024-02-02 14:45:00,1.08106,1.07916,1.08486,19.000000000000128,True,0,-1,-1.0752631578947363,2024
compra,2024-02-02 18:15:00,1.07854,1.07808,1.0794600000000003,4.60000000000127,True,1,2,1.6891304347826945,2024
compra,2024-02-05 05:55:00,1.07819,1.07733,1.0799100000000001,8.60000000000083,True,0,-1,-1.166279069767426,2024
compra,2024-02-05 22:45:00,1.07429,1.07391,1.07505,3.8000000000004697,True,1,2,1.6236842105263622,2024
compra,2024-02-06 11:20:00,1.07335,1.07279,1.0744700000000003,5.60000000000116,True,0,-1,-1.25535714285709,2024
compra,2024-02-07 09:50:00,1.07699,1.07578,1.0794099999999998,12.099999999999334,True,0,-1,-1.1181818181818246,2024
venta,2024-02-07 21:55:00,1.07704,1.07748,1.07616,4.3999999999999595,False,0,-1,-1.3250000000000028,2024
venta,2024-02-08 07:40:00,1.07812,1.07889,1.07658,7.699999999999374,False,1,2,1.8142857142856992,2024
venta,2024-02-09 00:30:00,1.07757,1.07786,1.0769899999999997,2.900000000001235,False,0,-1,-1.493103448275652,2024
compra,2024-02-09 10:40:00,1.07693,1.07621,1.0783699999999996,7.199999999998319,True,1,2,1.8013888888888425,2024
compra,2024-02-09 20:40:00,1.07854,1.07797,1.07968,5.699999999999594,True,0,-1,-1.250877192982474,2024
compra,2024-02-12 07:20:00,1.07977,1.07899,1.08133,7.800000000000029,True,0,-1,-1.1833333333333327,2024
compra,2024-02-12 22:05:00,1.07725,1.07703,1.0776900000000003,2.20000000000109,True,0,-1,-1.649999999999678,2024
venta,2024-02-13 01:45:00,1.07671,1.07744,1.0752500000000003,7.299999999998974,False,0,-1,-1.1958904109589317,2024
compra,2024-02-13 09:45:00,1.07642,1.07567,1.07792,7.500000000000284,True,1,2,1.8093333333333406,2024
venta,2024-02-13 18:50:00,1.0709,1.07201,1.06868,11.099999999999444,False,0,-1,-1.1288288288288353,2024
venta,2024-02-14 00:55:00,1.07078,1.07129,1.06976,5.1000000000001044,False,0,-1,-1.2803921568627392,2024
compra,2024-02-19 04:30:00,1.0778,1.07748,1.0784400000000003,3.20000000000098,True,1,2,1.5531250000001369,2024
venta,2024-02-19 07:40:00,1.0786,1.07894,1.07792,3.4000000000000696,False,1,2,1.579411764705891,2024
compra,2024-02-21 00:40:00,1.08104,1.08066,1.0818,3.8000000000004697,True,0,-1,-1.3763157894736378,2024
compra,2024-02-21 09:55:00,1.07999,1.07899,1.0819900000000002,10.000000000001119,True,1,2,1.857000000000016,2024
compra,2024-02-21 18:35:00,1.08121,1.07999,1.08365,12.199999999999989,True,1,2,1.8827868852459015,2024
venta,2024-02-22 03:40:00,1.08234,1.08272,1.0815800000000004,3.7999999999982492,False,0,-1,-1.3763157894738576,2024
compra,2024-02-22 11:45:00,1.08539,1.08448,1.08721,9.099999999999664,True,0,-1,-1.157142857142863,2024
compra,2024-02-22 22:30:00,1.08238,1.08186,1.0834199999999996,5.199999999998539,True,0,-1,-1.2750000000000772,2024
venta,2024-02-23 00:35:00,1.08189,1.08278,1.08011,8.900000000000574,False,0,-1,-1.1606741573033603,2024
venta,2024-02-23 17:25:00,1.08245,1.08288,1.0815899999999996,4.300000000001525,False,0,-1,-1.3325581395347657,2024
venta,2024-02-23 18:55:00,1.08265,1.08296,1.0820299999999998,3.1000000000003247,False,1,2,1.5387096774194031,2024
compra,2024-02-26 15:50:00,1.08529,1.08386,1.0881500000000002,14.300000000000423,True,0,-1,-1.099999999999997,2024
compra,2024-02-26 18:55:00,1.08446,1.08397,1.0854399999999997,4.899999999998794,True,1,2,1.7081632653060508,2024
venta,2024-02-27 12:50:00,1.08577,1.08616,1.0849899999999997,3.900000000001125,False,0,-1,-1.366666666666561,2024
venta,2024-02-27 18:55:00,1.08495,1.08567,1.0835100000000004,7.199999999998319,False,1,2,1.8013888888888425,2024
compra,2024-02-28 22:30:00,1.08386,1.08341,1.0847600000000002,4.500000000000615,True,0,-1,-1.3177777777777344,2024
venta,2024-02-29 10:25:00,1.08481,1.08503,1.0843700000000003,2.1999999999988695,False,1,2,1.3499999999996661,2024
compra,2024-03-04 13:30:00,1.08488,1.08416,1.0863200000000002,7.200000000000539,True,1,2,1.8013888888889038,2024
compra,2024-03-05 11:35:00,1.08524,1.08478,1.0861599999999998,4.599999999999049,True,0,-1,-1.3108695652174556,2024
compra,2024-03-05 22:25:00,1.0857,1.08556,1.0859800000000002,1.40000000000029,True,0,-1,-2.02142857142836,2024
compra,2024-03-06 11:50:00,1.08755,1.08715,1.08835,3.9999999999995595,True,0,-1,-1.3575000000000395,2024
venta,2024-03-06 17:30:00,1.09048,1.09153,1.08838,10.499999999999954,False,1,2,1.8638095238095231,2024
compra,2024-03-08 09:45:00,1.09344,1.09261,1.0950999999999997,8.299999999998864,True,0,-1,-1.1722891566265297,2024
venta,2024-03-08 20:25:00,1.09354,1.09438,1.09186,8.399999999999519,False,0,-1,-1.170238095238105,2024
venta,2024-03-11 02:55:00,1.09412,1.09429,1.09378,1.7000000000000348,False,0,-1,-1.841176470588218,2024
compra,2024-03-11 09:50:00,1.09422,1.09329,1.0960799999999997,9.299999999998754,True,0,-1,-1.1537634408602357,2024
venta,2024-03-11 19:55:00,1.0925,1.09273,1.0920400000000001,2.2999999999995246,False,1,2,1.3782608695650889,2024
compra,2024-03-12 16:40:00,1.092,1.09127,1.0934600000000003,7.300000000001194,True,1,2,1.8041095890411278,2024
venta,2024-03-12 22:55:00,1.09267,1.09289,1.0922300000000003,2.1999999999988695,False,0,-1,-1.6500000000003339,2024
compra,2024-03-12 23:20:00,1.09288,1.09263,1.0933800000000002,2.500000000000835,True,0,-1,-1.571999999999809,2024
venta,2024-03-13 06:20:00,1.09235,1.09289,1.09127,5.399999999999849,False,0,-1,-1.2648148148148222,2024
venta,2024-03-13 11:50:00,1.09347,1.09473,1.0909499999999999,12.600000000000389,False,0,-1,-1.11349206349206,2024
venta,2024-03-13 23:05:00,1.09502,1.09529,1.0944800000000001,2.6999999999999247,False,1,2,1.4703703703703557,2024
compra,2024-03-15 00:45:00,1.08788,1.08755,1.0885399999999998,3.2999999999994145,True,0,-1,-1.4333333333334102,2024
venta,2024-03-15 09:30:00,1.08924,1.08996,1.0877999999999999,7.200000000000539,False,0,-1,-1.1986111111110962,2024
venta,2024-03-17 21:15:00,1.0888,1.089,1.0884,1.9999999999997797,False,1,2,1.2849999999999213,2024
compra,2024-03-18 23:10:00,1.08741,1.08713,1.08797,2.80000000000058,True,0,-1,-1.51071428571418,2024
compra,2024-03-20 05:55:00,1.08701,1.08668,1.08767,3.2999999999994145,True,0,-1,-1.4333333333334102,2024
venta,2024-03-20 17:30:00,1.08668,1.08938,1.0812800000000002,26.999999999999247,False,0,-1,-1.0529629629629644,2024
compra,2024-03-21 04:30:00,1.09356,1.09326,1.0941600000000005,3.00000000000189,True,0,-1,-1.4766666666663664,2024
venta,2024-03-21 06:35:00,1.09322,1.09426,1.0911400000000002,10.399999999999299,False,1,2,1.8624999999999907,2024
venta,2024-03-22 13:55:00,1.08149,1.08317,1.0781300000000003,16.799999999999038,False,0,-1,-1.0851190476190524,2024
venta,2024-03-22 19:55:00,1.08065,1.08096,1.0800300000000005,3.0999999999981043,False,0,-1,-1.4612903225809273,2024
compra,2024-03-24 21:55:00,1.08082,1.08046,1.0815399999999997,3.5999999999991594,True,0,-1,-1.397222222222315,2024
compra,2024-03-25 06:35:00,1.08213,1.08148,1.0834300000000001,6.500000000000394,True,0,-1,-1.2199999999999867,2024
venta,2024-03-25 09:50:00,1.08165,1.08218,1.0805900000000002,5.299999999999194,False,0,-1,-1.269811320754758,2024
venta,2024-03-26 00:45:00,1.08396,1.08454,1.0828,5.800000000000249,False,0,-1,-1.2465517241379205,2024
venta,2024-03-27 06:25:00,1.08272,1.08325,1.0816599999999996,5.300000000001415,False,0,-1,-1.2698113207546449,2024
venta,2024-03-29 02:40:00,1.07748,1.07795,1.07654,4.699999999999704,False,0,-1,-1.3042553191489552,2024
compra,2024-04-01 05:45:00,1.07852,1.07841,1.0787399999999996,1.0999999999983245,True,0,-1,-2.30000000000198,2024
compra,2024-04-01 12:55:00,1.07817,1.07771,1.0790900000000003,4.60000000000127,True,0,-1,-1.3108695652173055,2024
compra,2024-04-02 02:50:00,1.07349,1.07295,1.07457,5.399999999999849,True,0,-1,-1.2648148148148222,2024
venta,2024-04-02 03:45:00,1.07305,1.07362,1.0719100000000001,5.699999999999594,False,0,-1,-1.250877192982474,2024
compra,2024-04-03 01:35:00,1.07713,1.07658,1.0782299999999996,5.499999999998284,True,0,-1,-1.260000000000081,2024
compra,2024-04-05 06:40:00,1.08282,1.08224,1.0839799999999995,5.799999999998029,True,1,2,1.7534482758619852,2024
venta,2024-04-05 12:30:00,1.08105,1.08417,1.07481,31.200000000000117,False,0,-1,-1.0458333333333332,2024
compra,2024-04-05 18:40:00,1.08376,1.08306,1.0851600000000003,7.0000000000014495,True,0,-1,-1.204285714285672,2024
venta,2024-04-08 15:35:00,1.08527,1.08589,1.0840299999999998,6.200000000000649,False,0,-1,-1.2306451612902984,2024
venta,2024-04-09 06:50:00,1.08529,1.08626,1.0833500000000003,9.699999999999154,False,0,-1,-1.147422680412384,2024
compra,2024-04-09 08:45:00,1.08565,1.0849,1.08715,7.500000000000284,True,1,2,1.8093333333333406,2024
venta,2024-04-09 23:45:00,1.08582,1.08597,1.0855199999999998,1.500000000000945,False,1,2,1.0466666666672673,2024
venta,2024-04-11 08:45:00,1.07397,1.07494,1.0720300000000003,9.699999999999154,False,1,2,1.852577319587616,2024
compra,2024-04-12 00:50:00,1.07266,1.07224,1.0734999999999997,4.199999999998649,True,0,-1,-1.3404761904762998,2024
venta,2024-04-15 08:40:00,1.0655,1.06618,1.0641399999999999,6.800000000000139,False,0,-1,-1.2102941176470545,2024
venta,2024-04-15 09:55:00,1.06549,1.06624,1.06399,7.500000000000284,False,0,-1,-1.1906666666666594,2024
venta,2024-04-16 04:30:00,1.06106,1.0613,1.0605799999999999,2.4000000000001798,False,0,-1,-1.5958333333332888,2024
compra,2024-04-16 22:45:00,1.06186,1.06126,1.06306,5.999999999999339,True,1,2,1.7616666666666405,2024
compra,2024-04-17 19:45:00,1.06706,1.06643,1.0683199999999997,6.299999999999084,True,0,-1,-1.22698412698416,2024
compra,2024-04-18 00:55:00,1.06699,1.06643,1.0681100000000003,5.60000000000116,True,1,2,1.74464285714291,2024
compra,2024-04-18 23:20:00,1.06416,1.06404,1.0643999999999998,1.1999999999989797,True,0,-1,-2.19166666666768,2024
venta,2024-04-19 04:30:00,1.06368,1.06431,1.0624199999999997,6.300000000001305,False,0,-1,-1.22698412698408,2024
venta,2024-04-21 22:40:00,1.06583,1.06614,1.06521,3.1000000000003247,False,0,-1,-1.4612903225805969,2024
compra,2024-04-23 13:45:00,1.06861,1.06635,1.0731300000000004,22.600000000001508,True,1,2,1.9367256637168184,2024
compra,2024-04-23 15:30:00,1.07026,1.06899,1.0727999999999998,12.699999999998823,True,0,-1,-1.1125984251968608,2024
venta,2024-04-24 22:05:00,1.06942,1.0698,1.06866,3.8000000000004697,False,0,-1,-1.3763157894736378,2024
compra,2024-04-25 07:50:00,1.07205,1.07113,1.07389,9.200000000000319,True,1,2,1.8445652173913096,2024
venta,2024-04-25 12:30:00,1.07024,1.07208,1.0665600000000004,18.399999999998418,False,0,-1,-1.0777173913043545,2024
compra,2024-04-25 13:35:00,1.06928,1.06783,1.07218,14.499999999999513,True,1,2,1.9013793103448242,2024
venta,2024-04-25 23:55:00,1.07267,1.07301,1.07199,3.4000000000000696,False,1,2,1.579411764705891,2024
venta,2024-04-29 17:45:00,1.07224,1.07295,1.07082,7.099999999999884,False,1,2,1.7985915492957714,2024
venta,2024-04-30 05:10:00,1.07046,1.07058,1.0702199999999997,1.2000000000012,False,0,-1,-2.191666666665475,2024
compra,2024-05-03 05:05:00,1.07343,1.07322,1.0738500000000002,2.100000000000435,True,0,-1,-1.68095238095224,2024
venta,2024-05-07 04:30:00,1.07671,1.07694,1.0762500000000002,2.2999999999995246,False,1,2,1.3782608695650889,2024
venta,2024-05-07 15:55:00,1.07666,1.07828,1.07342,16.199999999999548,False,1,2,1.9117283950617259,2024
venta,2024-05-08 11:10:00,1.07484,1.07533,1.0738600000000003,4.899999999998794,False,0,-1,-1.2918367346939492,2024
venta,2024-05-10 01:55:00,1.07761,1.07825,1.07633,6.399999999999739,False,0,-1,-1.223437500000009,2024
compra,2024-05-13 01:30:00,1.07723,1.07668,1.0783299999999996,5.499999999998284,True,0,-1,-1.260000000000081,2024
venta,2024-05-13 06:55:00,1.077,1.07749,1.0760199999999998,4.900000000001015,False,0,-1,-1.291836734693817,2024
compra,2024-05-14 05:35:00,1.07868,1.07844,1.0791600000000001,2.4000000000001798,True,0,-1,-1.5958333333332888,2024
compra,2024-05-14 12:35:00,1.07991,1.07921,1.0813099999999998,6.999999999999229,True,0,-1,-1.2042857142857368,2024
compra,2024-05-14 16:30:00,1.08186,1.08149,1.0826,3.6999999999998145,True,0,-1,-1.3864864864865059,2024
compra,2024-05-15 00:05:00,1.08157,1.08141,1.0818899999999998,1.5999999999993797,True,1,2,1.1062499999996536,2024
compra,2024-05-15 11:30:00,1.08272,1.0823,1.0835599999999996,4.199999999998649,True,0,-1,-1.3404761904762998,2024
compra,2024-05-16 04:40:00,1.08866,1.0884,1.0891799999999998,2.5999999999992696,True,0,-1,-1.5500000000001544,2024
compra,2024-05-16 08:55:00,1.08733,1.08662,1.0887499999999999,7.099999999999884,True,0,-1,-1.2014084507042286,2024
venta,2024-05-17 00:05:00,1.08656,1.08691,1.0858599999999998,3.5000000000007248,False,1,2,1.591428571428656,2024
venta,2024-05-17 15:30:00,1.0867,1.08784,1.0844200000000002,11.399999999999189,False,0,-1,-1.125438596491237,2024
compra,2024-05-20 02:50:00,1.08751,1.08717,1.08819,3.4000000000000696,True,1,2,1.579411764705891,2024
venta,2024-05-21 05:50:00,1.08567,1.086,1.0850099999999996,3.300000000001635,False,0,-1,-1.4333333333331186,2024
venta,2024-05-21 12:05:00,1.08638,1.08692,1.0852999999999995,5.40000000000207,False,1,2,1.7351851851852866,2024
venta,2024-05-21 20:45:00,1.08544,1.08564,1.08504,1.9999999999997797,False,0,-1,-1.7150000000000787,2024
compra,2024-05-21 21:35:00,1.08556,1.08531,1.0860600000000002,2.500000000000835,True,1,2,1.428000000000191,2024
venta,2024-05-21 23:45:00,1.08559,1.08594,1.0848900000000004,3.4999999999985043,False,0,-1,-1.4085714285716031,2024
compra,2024-05-23 06:20:00,1.08271,1.08214,1.08385,5.699999999999594,True,0,-1,-1.250877192982474,2024
compra,2024-05-23 17:30:00,1.08197,1.08143,1.0830500000000005,5.40000000000207,True,0,-1,-1.2648148148147134,2024
compra,2024-05-27 02:55:00,1.08499,1.08482,1.08533,1.7000000000000348,True,0,-1,-1.841176470588218,2024
venta,2024-05-27 20:55:00,1.08571,1.08607,1.0849899999999997,3.60000000000138,False,0,-1,-1.3972222222220698,2024
compra,2024-05-28 14:40:00,1.08707,1.08627,1.0886699999999998,7.999999999999119,True,0,-1,-1.1787500000000197,2024
compra,2024-05-29 04:55:00,1.08476,1.08439,1.0855,3.6999999999998145,True,1,2,1.6135135135134941,2024
compra,2024-05-29 16:20:00,1.08135,1.08088,1.08229,4.699999999999704,True,0,-1,-1.3042553191489552,2024
compra,2024-05-30 16:35:00,1.08413,1.08357,1.0852500000000003,5.60000000000116,True,0,-1,-1.25535714285709,2024
compra,2024-05-31 03:50:00,1.08195,1.08112,1.0836099999999997,8.299999999998864,True,1,2,1.8277108433734703,2024
venta,2024-05-31 20:55:00,1.0845,1.08502,1.0834599999999999,5.20000000000076,False,0,-1,-1.27499999999996,2024
compra,2024-06-03 04:20:00,1.08535,1.08492,1.08621,4.299999999999304,True,0,-1,-1.3325581395349375,2024
compra,2024-06-05 08:50:00,1.08766,1.087,1.0889800000000003,6.6000000000010495,True,0,-1,-1.2166666666666321,2024
compra,2024-06-07 20:25:00,1.08035,1.07996,1.0811299999999997,3.8999999999989043,True,0,-1,-1.3666666666667697,2024
venta,2024-06-09 23:35:00,1.07758,1.07798,1.07678,3.9999999999995595,False,0,-1,-1.3575000000000395,2024
venta,2024-06-10 08:30:00,1.07598,1.07681,1.0743199999999997,8.300000000001084,False,1,2,1.8277108433735165,2024
venta,2024-06-11 10:40:00,1.07398,1.07563,1.0706799999999996,16.500000000001513,False,0,-1,-1.0866666666666587,2024
compra,2024-06-12 01:50:00,1.07412,1.07346,1.0754399999999997,6.599999999998829,True,1,2,1.783333333333295,2024
venta,2024-06-12 06:45:00,1.0743,1.07464,1.07362,3.4000000000000696,False,1,2,1.579411764705891,2024
venta,2024-06-12 14:05:00,1.08205,1.08373,1.0786899999999997,16.80000000000126,False,0,-1,-1.0851190476190413,2024
compra,2024-06-12 16:30:00,1.0847,1.08418,1.0857400000000001,5.20000000000076,True,0,-1,-1.27499999999996,2024
venta,2024-06-12 23:55:00,1.08127,1.0815,1.08081,2.2999999999995246,False,0,-1,-1.6217391304349111,2024
venta,2024-06-13 03:45:00,1.08058,1.08091,1.0799200000000002,3.2999999999994145,False,0,-1,-1.4333333333334102,2024
venta,2024-06-13 20:45:00,1.07378,1.07432,1.0727,5.399999999999849,False,0,-1,-1.2648148148148222,2024
venta,2024-06-14 00:55:00,1.07363,1.07388,1.0731300000000004,2.4999999999986144,False,0,-1,-1.5720000000003171,2024
compra,2024-06-14 01:50:00,1.07412,1.07353,1.0752999999999997,5.899999999998684,True,0,-1,-1.2423728813559862,2024
venta,2024-06-14 03:20:00,1.07399,1.07437,1.07323,3.8000000000004697,False,1,2,1.6236842105263622,2024
compra,2024-06-17 00:50:00,1.07064,1.07004,1.07184,5.999999999999339,True,0,-1,-1.2383333333333595,2024
venta,2024-06-17 13:40:00,1.07134,1.07207,1.0698799999999997,7.300000000001194,False,0,-1,-1.1958904109588722,2024
venta,2024-06-19 11:35:00,1.07479,1.07533,1.07371,5.399999999999849,False,1,2,1.7351851851851778,2024
compra,2024-06-20 00:45:00,1.07472,1.0745,1.0751599999999997,2.1999999999988695,True,0,-1,-1.6500000000003339,2024
venta,2024-06-21 06:50:00,1.07115,1.07205,1.0693500000000002,8.999999999999009,False,1,2,1.8411111111110936,2024
venta,2024-06-21 13:45:00,1.06863,1.06977,1.0663499999999997,11.400000000001409,False,0,-1,-1.1254385964912126,2024
venta,2024-06-24 14:45:00,1.07309,1.07463,1.0700100000000003,15.399999999998748,False,1,2,1.9071428571428497,2024
compra,2024-06-25 14:55:00,1.07005,1.06906,1.07203,9.900000000000464,True,0,-1,-1.1444444444444377,2024
compra,2024-06-26 15:45:00,1.06856,1.06743,1.0708199999999997,11.299999999998533,True,1,2,1.873451327433612,2024
compra,2024-06-26 23:35:00,1.06808,1.06777,1.0686999999999995,3.0999999999981043,True,0,-1,-1.4612903225809273,2024
venta,2024-06-27 00:40:00,1.06783,1.06816,1.0671700000000002,3.2999999999994145,False,0,-1,-1.4333333333334102,2024
compra,2024-06-28 14:45:00,1.07102,1.06928,1.0745000000000002,17.400000000000748,True,1,2,1.9178160919540266,2024
venta,2024-07-01 22:50:00,1.07373,1.074,1.07319,2.6999999999999247,False,1,2,1.4703703703703557,2024
venta,2024-07-02 06:35:00,1.07299,1.07357,1.0718300000000005,5.799999999998029,False,1,2,1.7534482758619852,2024
compra,2024-07-02 14:50:00,1.07396,1.0724,1.07708,15.600000000000058,True,1,2,1.9083333333333337,2024
compra,2024-07-04 13:30:00,1.07985,1.07948,1.08059,3.6999999999998145,True,1,2,1.6135135135134941,2024
venta,2024-07-05 12:35:00,1.08174,1.08226,1.0806999999999998,5.20000000000076,False,0,-1,-1.27499999999996,2024
venta,2024-07-10 00:05:00,1.08133,1.0816,1.08079,2.6999999999999247,False,0,-1,-1.5296296296296443,2024
venta,2024-07-10 05:45:00,1.08165,1.08211,1.0807300000000002,4.599999999999049,False,0,-1,-1.3108695652174556,2024
compra,2024-07-10 06:45:00,1.08204,1.08147,1.0831799999999998,5.699999999999594,True,0,-1,-1.250877192982474,2024
venta,2024-07-10 13:05:00,1.08238,1.08273,1.0816799999999998,3.5000000000007248,False,0,-1,-1.408571428571344,2024
venta,2024-07-12 15:30:00,1.09023,1.09109,1.0885100000000003,8.599999999998609,False,0,-1,-1.1662790697674688,2024
venta,2024-07-15 06:15:00,1.08906,1.08957,1.08804,5.1000000000001044,False,0,-1,-1.2803921568627392,2024
compra,2024-07-15 12:50:00,1.09066,1.0902,1.0915799999999998,4.599999999999049,True,1,2,1.6891304347825444,2024
venta,2024-07-16 09:30:00,1.08964,1.09041,1.0880999999999996,7.7000000000015945,False,0,-1,-1.1857142857142473,2024
compra,2024-07-16 11:45:00,1.09014,1.08958,1.0912600000000003,5.60000000000116,True,0,-1,-1.25535714285709,2024
venta,2024-07-16 14:40:00,1.08762,1.08827,1.08632,6.500000000000394,False,0,-1,-1.2199999999999867,2024
compra,2024-07-17 03:50:00,1.09056,1.09004,1.0916000000000001,5.20000000000076,True,0,-1,-1.27499999999996,2024
venta,2024-07-17 04:50:00,1.09024,1.09065,1.0894200000000005,4.099999999997994,False,0,-1,-1.3487804878050487,2024
compra,2024-07-17 05:40:00,1.09056,1.09008,1.09152,4.8000000000003595,True,0,-1,-1.2979166666666444,2024
compra,2024-07-17 07:30:00,1.091,1.0895,1.094,15.000000000000568,True,1,2,1.9046666666666703,2024
venta,2024-07-18 03:40:00,1.09341,1.09365,1.09293,2.4000000000001798,False,0,-1,-1.5958333333332888,2024
venta,2024-07-18 17:25:00,1.09115,1.09164,1.0901700000000003,4.899999999998794,False,1,2,1.7081632653060508,2024
compra,2024-07-19 05:35:00,1.0889,1.08845,1.0898,4.500000000000615,True,0,-1,-1.3177777777777344,2024
venta,2024-07-19 16:40:00,1.08865,1.08911,1.0877299999999996,4.60000000000127,False,1,2,1.6891304347826945,2024
compra,2024-07-19 17:35:00,1.08846,1.08813,1.0891199999999999,3.2999999999994145,True,0,-1,-1.4333333333334102,2024
venta,2024-07-21 21:40:00,1.08826,1.08864,1.0875,3.8000000000004697,False,0,-1,-1.3763157894736378,2024
compra,2024-07-22 02:45:00,1.08924,1.08858,1.0905599999999998,6.599999999998829,True,0,-1,-1.216666666666705,2024
compra,2024-07-23 00:05:00,1.08918,1.08903,1.0894800000000002,1.500000000000945,True,0,-1,-1.9533333333327327,2024
venta,2024-07-24 17:50:00,1.08485,1.08549,1.0835700000000001,6.399999999999739,False,1,2,1.776562499999991,2024
venta,2024-07-24 22:35:00,1.08394,1.0842,1.0834199999999996,2.60000000000149,False,0,-1,-1.5499999999996847,2024
compra,2024-07-25 22:45:00,1.08481,1.08434,1.08575,4.699999999999704,True,1,2,1.6957446808510448,2024
compra,2024-07-26 03:50:00,1.08578,1.08544,1.08646,3.4000000000000696,True,0,-1,-1.420588235294109,2024
compra,2024-07-29 00:40:00,1.08592,1.08508,1.0876,8.399999999999519,True,0,-1,-1.170238095238105,2024
compra,2024-07-29 06:10:00,1.08599,1.08574,1.0864900000000002,2.500000000000835,True,0,-1,-1.571999999999809,2024
compra,2024-07-29 16:30:00,1.08197,1.08149,1.0829300000000002,4.8000000000003595,True,0,-1,-1.2979166666666444,2024
compra,2024-07-30 06:25:00,1.08232,1.08176,1.0834399999999997,5.599999999998939,True,0,-1,-1.2553571428571912,2024
venta,2024-07-30 07:50:00,1.082,1.08268,1.08064,6.800000000000139,False,0,-1,-1.2102941176470545,2024
compra,2024-07-30 08:20:00,1.08281,1.0816,1.0852300000000004,12.100000000001554,True,0,-1,-1.118181818181803,2024
venta,2024-07-30 22:50:00,1.08134,1.08164,1.08074,2.9999999999996696,False,0,-1,-1.4766666666667192,2024
compra,2024-07-31 00:45:00,1.08192,1.08127,1.08322,6.500000000000394,True,0,-1,-1.2199999999999867,2024
compra,2024-07-31 04:55:00,1.08254,1.08216,1.0833000000000002,3.8000000000004697,True,0,-1,-1.3763157894736378,2024
compra,2024-07-31 07:45:00,1.08228,1.08115,1.0845399999999996,11.299999999998533,True,0,-1,-1.126548672566388,2024
venta,2024-07-31 11:40:00,1.08343,1.08387,1.08255,4.3999999999999595,False,0,-1,-1.3250000000000028,2024
venta,2024-08-01 04:50:00,1.08286,1.08354,1.0815,6.800000000000139,False,1,2,1.7897058823529455,2024
venta,2024-08-01 14:45:00,1.07897,1.08182,1.07327,28.500000000000192,False,0,-1,-1.050175438596491,2024
compra,2024-08-02 02:50:00,1.07898,1.07846,1.0800200000000002,5.20000000000076,True,1,2,1.72500000000004,2024
compra,2024-08-02 07:40:00,1.07978,1.07861,1.0821199999999997,11.699999999998933,True,1,2,1.8777777777777667,2024
compra,2024-08-05 05:35:00,1.09368,1.0929,1.09524,7.800000000000029,True,0,-1,-1.1833333333333327,2024
venta,2024-08-05 15:50:00,1.09615,1.09862,1.09121,24.699999999999722,False,1,2,1.9421052631578941,2024
compra,2024-08-05 21:30:00,1.09506,1.09462,1.09594,4.3999999999999595,True,1,2,1.6749999999999972,2024
compra,2024-08-06 03:20:00,1.09545,1.09514,1.09607,3.1000000000003247,True,0,-1,-1.4612903225805969,2024
venta,2024-08-06 12:55:00,1.09051,1.09157,1.0883900000000004,10.599999999998388,False,0,-1,-1.134905660377379,2024
compra,2024-08-07 17:20:00,1.09255,1.09217,1.0933099999999996,3.7999999999982492,True,0,-1,-1.3763157894738576,2024
compra,2024-08-07 18:55:00,1.09221,1.09174,1.0931499999999998,4.699999999999704,True,0,-1,-1.3042553191489552,2024
venta,2024-08-08 23:45:00,1.09146,1.09193,1.0905200000000002,4.699999999999704,False,0,-1,-1.3042553191489552,2024
compra,2024-08-09 06:05:00,1.09224,1.09181,1.0931000000000004,4.300000000001525,True,0,-1,-1.3325581395347657,2024
venta,2024-08-09 07:30:00,1.09245,1.0929,1.0915499999999998,4.500000000000615,False,1,2,1.6822222222222656,2024
compra,2024-08-12 00:05:00,1.09166,1.09125,1.0924800000000001,4.100000000000215,True,1,2,1.6512195121951403,2024
compra,2024-08-12 14:55:00,1.09312,1.09152,1.0963200000000002,16.00000000000046,True,0,-1,-1.0893749999999975,2024
venta,2024-08-12 18:45:00,1.09285,1.0935,1.0915500000000005,6.499999999998174,False,0,-1,-1.2200000000000617,2024
venta,2024-08-13 05:40:00,1.09386,1.09409,1.0934000000000001,2.2999999999995246,False,0,-1,-1.6217391304349111,2024
venta,2024-08-13 23:50:00,1.09954,1.09984,1.09894,2.9999999999996696,False,1,2,1.5233333333332808,2024
compra,2024-08-14 12:20:00,1.10276,1.1018,1.10468,9.600000000000719,True,0,-1,-1.1489583333333222,2024
compra,2024-08-14 18:50:00,1.10154,1.10108,1.1024599999999998,4.599999999999049,True,0,-1,-1.3108695652174556,2024
compra,2024-08-14 22:05:00,1.10145,1.10108,1.10219,3.6999999999998145,True,0,-1,-1.3864864864865059,2024
venta,2024-08-15 22:50:00,1.09722,1.09743,1.0968000000000004,2.0999999999982144,False,0,-1,-1.6809523809529598,2024
compra,2024-08-16 09:50:00,1.09892,1.09788,1.1009999999999998,10.399999999999299,True,1,2,1.8624999999999907,2024
venta,2024-08-16 10:30:00,1.09855,1.099,1.0976499999999998,4.500000000000615,False,0,-1,-1.3177777777777344,2024
compra,2024-08-18 22:05:00,1.10315,1.10237,1.10471,7.800000000000029,True,0,-1,-1.1833333333333327,2024
venta,2024-08-19 12:25:00,1.10378,1.10443,1.10248,6.500000000000394,False,0,-1,-1.2199999999999867,2024
venta,2024-08-19 22:40:00,1.10839,1.10875,1.1076700000000002,3.5999999999991594,False,1,2,1.602777777777685,2024
venta,2024-08-20 07:05:00,1.10765,1.1082,1.10655,5.5000000000005045,False,0,-1,-1.2599999999999763,2024
compra,2024-08-21 06:40:00,1.1119,1.11146,1.1127800000000005,4.40000000000218,True,0,-1,-1.324999999999839,2024
compra,2024-08-22 02:40:00,1.11436,1.11404,1.1150000000000002,3.20000000000098,True,0,-1,-1.4468749999998631,2024
compra,2024-08-22 10:55:00,1.11453,1.11324,1.11711,12.900000000000134,True,0,-1,-1.1108527131782935,2024
compra,2024-08-23 00:50:00,1.11214,1.11129,1.11384,8.500000000000174,True,0,-1,-1.1682352941176437,2024
venta,2024-08-27 05:35:00,1.11679,1.11722,1.1159299999999996,4.300000000001525,False,0,-1,-1.3325581395347657,2024
venta,2024-08-27 09:55:00,1.11681,1.11786,1.11471,10.499999999999954,False,0,-1,-1.1361904761904769,2024
venta,2024-08-28 08:40:00,1.11417,1.11593,1.1106500000000001,17.599999999999838,False,1,2,1.9187499999999993,2024
venta,2024-08-28 19:45:00,1.11138,1.11179,1.11056,4.100000000000215,False,0,-1,-1.3487804878048597,2024
compra,2024-08-28 20:25:00,1.11159,1.11123,1.1123100000000004,3.60000000000138,True,1,2,1.6027777777779302,2024
compra,2024-08-28 22:05:00,1.11218,1.11184,1.11286,3.4000000000000696,True,1,2,1.579411764705891,2024
venta,2024-08-29 01:30:00,1.11289,1.11338,1.1119099999999997,4.900000000001015,False,0,-1,-1.291836734693817,2024
venta,2024-08-29 04:40:00,1.11334,1.1137,1.1126200000000002,3.5999999999991594,False,0,-1,-1.397222222222315,2024
venta,2024-08-29 06:50:00,1.11277,1.11399,1.11033,12.199999999999989,False,1,2,1.8827868852459015,2024
compra,2024-08-30 13:50:00,1.10732,1.10538,1.1112000000000002,19.400000000000528,True,0,-1,-1.0737113402061835,2024
compra,2024-09-01 22:40:00,1.10489,1.1044,1.1058699999999997,4.899999999998794,True,0,-1,-1.2918367346939492,2024
venta,2024-09-02 08:45:00,1.10674,1.10773,1.10476,9.900000000000464,False,1,2,1.8555555555555623,2024
compra,2024-09-02 16:55:00,1.10658,1.10623,1.1072799999999996,3.4999999999985043,True,0,-1,-1.4085714285716031,2024
compra,2024-09-03 06:40:00,1.10583,1.10543,1.1066300000000004,4.00000000000178,True,1,2,1.642500000000159,2024
venta,2024-09-03 07:45:00,1.10592,1.10676,1.10424,8.399999999999519,False,1,2,1.829761904761895,2024
compra,2024-09-03 12:30:00,1.10436,1.10335,1.10638,10.099999999999554,True,1,2,1.858415841584152,2024
compra,2024-09-03 15:55:00,1.10422,1.10364,1.10538,5.800000000000249,True,0,-1,-1.2465517241379205,2024
compra,2024-09-03 21:30:00,1.10437,1.10363,1.10585,7.399999999999629,True,1,2,1.806756756756747,2024
venta,2024-09-04 22:45:00,1.10831,1.10863,1.1076699999999997,3.20000000000098,False,1,2,1.5531250000001369,2024
venta,2024-09-05 01:50:00,1.10799,1.10854,1.10689,5.5000000000005045,False,0,-1,-1.2599999999999763,2024
venta,2024-09-05 09:35:00,1.10943,1.11004,1.10821,6.099999999999994,False,0,-1,-1.234426229508197,2024
venta,2024-09-05 21:50:00,1.11085,1.11112,1.1103099999999995,2.700000000002145,False,0,-1,-1.5296296296292087,2024
venta,2024-09-06 05:30:00,1.11149,1.11187,1.1107300000000004,3.7999999999982492,False,0,-1,-1.3763157894738576,2024
venta,2024-09-08 23:50:00,1.10875,1.10904,1.1081699999999997,2.900000000001235,False,0,-1,-1.493103448275652,2024
compra,2024-09-09 11:55:00,1.10448,1.10357,1.1062999999999998,9.099999999999664,True,0,-1,-1.157142857142863,2024
venta,2024-09-10 05:55:00,1.10394,1.10412,1.1035799999999998,1.80000000000069,False,0,-1,-1.7944444444441399,2024
compra,2024-09-10 18:20:00,1.1026,1.10205,1.1037000000000001,5.5000000000005045,True,0,-1,-1.2599999999999763,2024
compra,2024-09-11 08:40:00,1.10473,1.10366,1.1068699999999998,10.699999999999044,True,0,-1,-1.1336448598130962,2024
venta,2024-09-11 09:55:00,1.1042,1.10489,1.1028200000000004,6.899999999998574,False,0,-1,-1.207246376811637,2024
compra,2024-09-11 10:55:00,1.10486,1.10385,1.1068799999999999,10.099999999999554,True,0,-1,-1.141584158415848,2024
venta,2024-09-11 11:50:00,1.10476,1.10549,1.1032999999999997,7.300000000001194,False,1,2,1.8041095890411278,2024
venta,2024-09-12 11:45:00,1.10166,1.10234,1.1003,6.800000000000139,False,0,-1,-1.2102941176470545,2024
compra,2024-09-16 05:45:00,1.1099,1.10962,1.1104600000000002,2.80000000000058,True,1,2,1.48928571428582,2024
compra,2024-09-17 04:55:00,1.11244,1.11217,1.11298,2.6999999999999247,True,1,2,1.4703703703703557,2024
compra,2024-09-23 04:40:00,1.11645,1.116,1.1173499999999996,4.499999999998394,True,0,-1,-1.3177777777778912,2024
compra,2024-09-24 02:50:00,1.11051,1.11035,1.1108300000000004,1.6000000000016001,True,1,2,1.106250000000894,2024
venta,2024-09-25 13:30:00,1.12037,1.1214,1.1183100000000004,10.299999999998644,False,1,2,1.861165048543671,2024
compra,2024-09-25 20:40:00,1.11297,1.11249,1.11393,4.8000000000003595,True,1,2,1.7020833333333556,2024
compra,2024-09-26 00:05:00,1.11341,1.11298,1.1142699999999999,4.299999999999304,True,1,2,1.6674418604650625,2024
compra,2024-09-26 04:35:00,1.11434,1.11377,1.1154800000000005,5.700000000001815,True,1,2,1.7491228070176237,2024
venta,2024-09-26 12:30:00,1.11456,1.11614,1.1114000000000002,15.799999999999148,False,0,-1,-1.090506329113929,2024
venta,2024-09-26 19:50:00,1.11769,1.11841,1.1162500000000004,7.199999999998319,False,1,2,1.8013888888888425,2024
compra,2024-09-27 05:55:00,1.11639,1.1159,1.1173700000000002,4.900000000001015,True,1,2,1.708163265306183,2024
compra,2024-09-27 14:30:00,1.1188,1.11795,1.1205,8.500000000000174,True,0,-1,-1.1682352941176437,2024
venta,2024-09-27 19:55:00,1.1164,1.11678,1.11564,3.8000000000004697,False,1,2,1.6236842105263622,2024
compra,2024-09-30 21:55:00,1.11351,1.11289,1.1147500000000001,6.200000000000649,True,0,-1,-1.2306451612902984,2024
venta,2024-10-02 10:55:00,1.10666,1.10765,1.1046799999999999,9.900000000000464,False,0,-1,-1.1444444444444377,2024
compra,2024-10-02 15:35:00,1.10459,1.10325,1.1072699999999998,13.399999999998968,True,0,-1,-1.106716417910456,2024
venta,2024-10-04 00:35:00,1.1036,1.10395,1.1028999999999998,3.5000000000007248,False,1,2,1.591428571428656,2024
compra,2024-10-04 04:25:00,1.10287,1.10254,1.10353,3.2999999999994145,True,0,-1,-1.4333333333334102,2024
compra,2024-10-07 05:55:00,1.09692,1.09643,1.0978999999999997,4.899999999998794,True,0,-1,-1.2918367346939492,2024
venta,2024-10-07 20:30:00,1.09718,1.09736,1.0968200000000004,1.7999999999984695,False,0,-1,-1.7944444444451197,2024
venta,2024-10-08 12:25:00,1.09792,1.09898,1.0957999999999999,10.600000000000609,False,1,2,1.8650943396226491,2024
venta,2024-10-08 23:05:00,1.09765,1.09793,1.09709,2.80000000000058,False,1,2,1.48928571428582,2024
venta,2024-10-10 06:55:00,1.09368,1.0943,1.0924399999999999,6.200000000000649,False,0,-1,-1.2306451612902984,2024
compra,2024-10-10 12:30:00,1.09448,1.0927,1.0980399999999997,17.799999999998928,True,0,-1,-1.0803370786516902,2024
venta,2024-10-10 20:55:00,1.09286,1.09376,1.0910599999999997,9.00000000000123,False,0,-1,-1.158888888888867,2024
compra,2024-10-10 21:25:00,1.09341,1.09116,1.0979100000000002,22.500000000000853,True,0,-1,-1.0635555555555531,2024
compra,2024-10-11 00:50:00,1.09375,1.09321,1.09483,5.399999999999849,True,0,-1,-1.2648148148148222,2024
venta,2024-10-11 01:25:00,1.09341,1.09379,1.09265,3.8000000000004697,False,0,-1,-1.3763157894736378,2024
compra,2024-10-11 18:15:00,1.0946,1.0943,1.0952,2.9999999999996696,True,0,-1,-1.4766666666667192,2024
compra,2024-10-11 20:25:00,1.0937,1.09324,1.0946199999999997,4.599999999999049,True,0,-1,-1.3108695652174556,2024
compra,2024-10-14 13:40:00,1.09184,1.09047,1.0945799999999997,13.699999999998713,True,0,-1,-1.1043795620438055,2024
venta,2024-10-15 02:30:00,1.09038,1.09087,1.0893999999999997,4.900000000001015,False,1,2,1.708163265306183,2024
compra,2024-10-15 20:35:00,1.08902,1.08858,1.0899,4.3999999999999595,True,0,-1,-1.3250000000000028,2024
compra,2024-10-16 00:35:00,1.08863,1.08821,1.0894700000000002,4.20000000000087,True,1,2,1.65952380952388,2024
venta,2024-10-16 03:55:00,1.08909,1.08956,1.0881499999999995,4.700000000001925,False,1,2,1.6957446808511885,2024
compra,2024-10-16 07:05:00,1.08828,1.08762,1.0895999999999997,6.599999999998829,True,1,2,1.783333333333295,2024
compra,2024-10-16 11:50:00,1.08945,1.08897,1.09041,4.8000000000003595,True,0,-1,-1.2979166666666444,2024
compra,2024-10-16 13:15:00,1.08933,1.08863,1.0907299999999998,6.999999999999229,True,0,-1,-1.2042857142857368,2024
compra,2024-10-17 19:45:00,1.08282,1.08234,1.0837799999999995,4.799999999998139,True,1,2,1.702083333333218,2024
venta,2024-10-17 22:40:00,1.08307,1.08331,1.08259,2.4000000000001798,False,1,2,1.4041666666667112,2024
compra,2024-10-18 07:50:00,1.0843,1.08369,1.08552,6.099999999999994,True,0,-1,-1.234426229508197,2024
venta,2024-10-18 20:55:00,1.08655,1.08694,1.0857699999999997,3.900000000001125,False,0,-1,-1.366666666666561,2024
compra,2024-10-20 21:30:00,1.08656,1.08605,1.08758,5.1000000000001044,True,0,-1,-1.2803921568627392,2024
venta,2024-10-21 22:55:00,1.08154,1.08176,1.0810999999999997,2.20000000000109,False,0,-1,-1.649999999999678,2024
venta,2024-10-22 05:45:00,1.08197,1.08215,1.0816100000000004,1.7999999999984695,False,0,-1,-1.7944444444451197,2024
compra,2024-10-22 14:40:00,1.08109,1.08009,1.0830900000000003,10.000000000001119,True,0,-1,-1.142999999999984,2024
venta,2024-10-22 15:55:00,1.08045,1.08154,1.0782699999999998,10.900000000000354,False,1,2,1.8688073394495455,2024
compra,2024-10-23 00:50:00,1.07998,1.0794,1.08114,5.800000000000249,True,0,-1,-1.2465517241379205,2024
compra,2024-10-23 12:30:00,1.07711,1.0763,1.07873,8.099999999999774,True,1,2,1.823456790123452,2024
compra,2024-10-24 07:30:00,1.07939,1.078,1.08217,13.900000000000023,True,1,2,1.8971223021582735,2024
compra,2024-10-25 01:10:00,1.08227,1.08201,1.0827900000000004,2.60000000000149,True,0,-1,-1.5499999999996847,2024
venta,2024-10-28 10:35:00,1.08157,1.082,1.0807099999999996,4.300000000001525,False,0,-1,-1.3325581395347657,2024
compra,2024-10-28 17:50:00,1.08147,1.08099,1.08243,4.8000000000003595,True,0,-1,-1.2979166666666444,2024
compra,2024-10-30 03:25:00,1.08158,1.0813,1.08214,2.80000000000058,True,1,2,1.48928571428582,2024
compra,2024-10-31 21:55:00,1.08859,1.08814,1.0894899999999996,4.499999999998394,True,0,-1,-1.3177777777778912,2024
compra,2024-10-31 23:40:00,1.08845,1.08804,1.08927,4.100000000000215,True,0,-1,-1.3487804878048597,2024
venta,2024-11-01 08:40:00,1.08582,1.08684,1.08378,10.200000000000209,False,0,-1,-1.1401960784313696,2024
compra,2024-11-04 21:30:00,1.08758,1.08739,1.0879599999999998,1.8999999999991246,True,0,-1,-1.7526315789477152,2024
compra,2024-11-05 13:35:00,1.08983,1.0894,1.0906900000000004,4.300000000001525,True,0,-1,-1.3325581395347657,2024
venta,2024-11-05 15:55:00,1.0902,1.09122,1.08816,10.200000000000209,False,0,-1,-1.1401960784313696,2024
venta,2024-11-07 00:45:00,1.07245,1.07372,1.0699099999999997,12.700000000001044,False,0,-1,-1.112598425196841,2024
venta,2024-11-08 09:50:00,1.07754,1.07891,1.0747999999999998,13.700000000000934,False,0,-1,-1.1043795620437884,2024
venta,2024-11-11 03:50:00,1.07153,1.07271,1.0691700000000002,11.799999999999589,False,1,2,1.8788135593220296,2024
compra,2024-11-12 17:50:00,1.06073,1.05955,1.0630899999999999,11.799999999999589,True,0,-1,-1.1211864406779704,2024
compra,2024-11-13 08:35:00,1.06068,1.05933,1.06338,13.499999999999623,True,1,2,1.8940740740740711,2024
compra,2024-11-13 13:30:00,1.06417,1.06243,1.0676500000000002,17.400000000000748,True,0,-1,-1.0821839080459734,2024
compra,2024-11-14 05:55:00,1.05471,1.05339,1.05735,13.199999999999878,True,0,-1,-1.1083333333333343,2024
venta,2024-11-14 06:45:00,1.05471,1.05541,1.0533100000000002,6.999999999999229,False,0,-1,-1.2042857142857368,2024
compra,2024-11-14 07:30:00,1.055,1.05417,1.0566599999999997,8.299999999998864,True,0,-1,-1.1722891566265297,2024
venta,2024-11-15 00:40:00,1.05243,1.05336,1.0505699999999998,9.300000000000974,False,0,-1,-1.1537634408601989,2024
venta,2024-11-15 03:50:00,1.05406,1.05459,1.0530000000000002,5.299999999999194,False,0,-1,-1.269811320754758,2024
compra,2024-11-15 10:25:00,1.05675,1.05602,1.0582100000000003,7.300000000001194,True,0,-1,-1.1958904109588722,2024
venta,2024-11-18 01:25:00,1.05396,1.05505,1.05178,10.900000000000354,False,0,-1,-1.1311926605504545,2024
compra,2024-11-19 22:30:00,1.05954,1.05859,1.06144,9.500000000000064,True,0,-1,-1.1505263157894727,2024
venta,2024-11-21 00:25:00,1.05426,1.05461,1.0535599999999998,3.5000000000007248,False,0,-1,-1.408571428571344,2024
venta,2024-11-21 01:50:00,1.05452,1.05497,1.0536199999999998,4.500000000000615,False,0,-1,-1.3177777777777344,2024
compra,2024-11-21 13:30:00,1.05301,1.05231,1.0544099999999998,6.999999999999229,True,0,-1,-1.2042857142857368,2024
venta,2024-11-21 15:25:00,1.05327,1.05447,1.0508699999999997,12.000000000000899,False,1,2,1.8808333333333422,2024
compra,2024-11-21 19:40:00,1.04831,1.04732,1.0502900000000002,9.900000000000464,True,0,-1,-1.1444444444444377,2024
compra,2024-11-22 00:50:00,1.04741,1.04663,1.04897,7.800000000000029,True,0,-1,-1.1833333333333327,2024
venta,2024-11-22 01:55:00,1.04715,1.04771,1.0460300000000002,5.599999999998939,False,0,-1,-1.2553571428571912,2024
venta,2024-11-22 08:15:00,1.04793,1.04892,1.04595,9.900000000000464,False,1,2,1.8555555555555623,2024
venta,2024-11-22 14:45:00,1.04076,1.04346,1.0353599999999996,27.000000000001467,False,0,-1,-1.05296296296296,2024
venta,2024-11-25 01:55:00,1.04778,1.049,1.04534,12.199999999999989,False,1,2,1.8827868852459015,2024
venta,2024-11-25 14:20:00,1.0516,1.05303,1.0487400000000004,14.299999999998203,False,1,2,1.8999999999999875,2024
venta,2024-11-25 23:35:00,1.04879,1.05006,1.0462499999999997,12.700000000001044,False,1,2,1.887401574803159,2024
venta,2024-11-26 04:30:00,1.04799,1.04904,1.04589,10.499999999999954,False,0,-1,-1.1361904761904769,2024
venta,2024-11-26 15:20:00,1.04928,1.051,1.04584,17.199999999999438,False,1,2,1.9168604651162764,2024
compra,2024-11-27 11:55:00,1.05261,1.05103,1.0557700000000003,15.800000000001369,True,1,2,1.909493670886084,2024
venta,2024-11-28 09:45:00,1.05324,1.05563,1.0484599999999997,23.900000000001143,False,0,-1,-1.0598326359832608,2024
venta,2024-11-28 20:40:00,1.05538,1.0557,1.0547399999999998,3.20000000000098,False,0,-1,-1.4468749999998631,2024
compra,2024-11-29 06:45:00,1.05758,1.05652,1.0597,10.600000000000609,True,1,2,1.8650943396226491,2024
venta,2024-12-02 07:05:00,1.05219,1.05276,1.05105,5.699999999999594,False,1,2,1.749122807017526,2024
compra,2024-12-02 22:25:00,1.05,1.04966,1.05068,3.4000000000000696,True,0,-1,-1.420588235294109,2024
compra,2024-12-03 05:25:00,1.04865,1.04807,1.0498100000000001,5.800000000000249,True,1,2,1.7534482758620795,2024
venta,2024-12-03 09:20:00,1.05197,1.05304,1.0498300000000003,10.699999999999044,False,1,2,1.8663551401869038,2024
compra,2024-12-03 13:30:00,1.05186,1.05062,1.0543399999999998,12.399999999999078,True,0,-1,-1.1153225806451699,2024
venta,2024-12-03 17:40:00,1.05098,1.05232,1.0483000000000002,13.399999999998968,False,0,-1,-1.106716417910456,2024
compra,2024-12-04 01:35:00,1.05098,1.04971,1.0535200000000002,12.700000000001044,True,0,-1,-1.112598425196841,2024
venta,2024-12-04 10:20:00,1.04998,1.05061,1.0487199999999997,6.300000000001305,False,0,-1,-1.22698412698408,2024
compra,2024-12-05 17:50:00,1.05686,1.05574,1.0591,11.200000000000099,True,0,-1,-1.1276785714285702,2024
venta,2024-12-09 03:20:00,1.05507,1.05563,1.0539499999999997,5.60000000000116,False,1,2,1.74464285714291,2024
compra,2024-12-10 01:45:00,1.05502,1.05475,1.05556,2.6999999999999247,True,1,2,1.4703703703703557,2024
venta,2024-12-10 12:15:00,1.05247,1.05328,1.05085,8.099999999999774,False,0,-1,-1.176543209876548,2024
venta,2024-12-11 07:05:00,1.05134,1.05279,1.04844,14.499999999999513,False,0,-1,-1.0986206896551758,2024
venta,2024-12-11 12:45:00,1.0501,1.05181,1.0466800000000003,17.099999999998783,False,0,-1,-1.083625730994158,2024
compra,2024-12-12 11:20:00,1.05011,1.04942,1.0514900000000003,6.900000000000794,True,0,-1,-1.2072463768115704,2024
compra,2024-12-12 23:40:00,1.04729,1.04645,1.04897,8.399999999999519,True,0,-1,-1.170238095238105,2024
venta,2024-12-13 10:35:00,1.04875,1.04955,1.0471500000000002,7.999999999999119,False,0,-1,-1.1787500000000197,2024
venta,2024-12-16 07:50:00,1.05075,1.05208,1.0480900000000004,13.299999999998313,False,0,-1,-1.107518796992495,2024
compra,2024-12-16 08:30:00,1.05192,1.05002,1.05572,19.000000000000128,True,0,-1,-1.0752631578947363,2024
compra,2024-12-17 06:55:00,1.05028,1.04975,1.0513400000000004,5.300000000001415,True,0,-1,-1.2698113207546449,2024
compra,2024-12-17 10:55:00,1.0488,1.0479,1.0505999999999998,8.999999999999009,True,1,2,1.8411111111110936,2024
venta,2024-12-20 03:30:00,1.03608,1.03656,1.0351199999999998,4.8000000000003595,False,0,-1,-1.2979166666666444,2024
venta,2024-12-20 06:05:00,1.03558,1.03617,1.0343999999999998,5.9000000000009045,False,0,-1,-1.242372881355895,2024
venta,2024-12-20 12:50:00,1.0393,1.04002,1.0378599999999998,7.200000000000539,False,0,-1,-1.1986111111110962,2024
compra,2024-12-20 18:35:00,1.04333,1.0425,1.0449900000000003,8.300000000001084,True,0,-1,-1.1722891566264835,2024
venta,2024-12-22 22:55:00,1.04318,1.04451,1.04052,13.300000000000534,False,0,-1,-1.107518796992477,2024
venta,2024-12-23 09:50:00,1.04103,1.04195,1.0391899999999998,9.200000000000319,False,1,2,1.8445652173913096,2024
venta,2024-12-24 07:15:00,1.03939,1.03973,1.03871,3.4000000000000696,False,0,-1,-1.420588235294109,2024
compra,2024-12-24 20:55:00,1.03995,1.03886,1.04213,10.900000000000354,True,0,-1,-1.1311926605504545,2024
venta,2024-12-24 21:45:00,1.03901,1.04031,1.0364099999999998,13.000000000000789,False,0,-1,-1.1099999999999932,2024
venta,2024-12-25 06:05:00,1.04002,1.04053,1.039,5.1000000000001044,False,0,-1,-1.2803921568627392,2024
compra,2024-12-26 05:20:00,1.04003,1.03976,1.04057,2.6999999999999247,True,0,-1,-1.5296296296296443,2024
compra,2024-12-26 09:10:00,1.03962,1.03925,1.04036,3.6999999999998145,True,1,2,1.6135135135134941,2024
venta,2024-12-27 04:20:00,1.04102,1.04132,1.0404200000000001,2.9999999999996696,False,0,-1,-1.4766666666667192,2024
venta,2024-12-27 10:35:00,1.04127,1.04198,1.03985,7.099999999999884,False,0,-1,-1.2014084507042286,2024
compra,2024-12-30 02:35:00,1.04272,1.0424,1.0433600000000003,3.20000000000098,True,0,-1,-1.4468749999998631,2024
compra,2024-12-31 10:45:00,1.04132,1.04051,1.04294,8.099999999999774,True,0,-1,-1.176543209876548,2024
compra,2025-01-02 06:30:00,1.03634,1.03607,1.03688,2.6999999999999247,True,0,-1,-1.5296296296296443,2025
compra,2025-01-02 08:55:00,1.03627,1.03461,1.03959,16.599999999999948,True,0,-1,-1.0861445783132533,2025
compra,2025-01-03 05:20:00,1.02698,1.02673,1.0274800000000002,2.500000000000835,True,0,-1,-1.571999999999809,2025
venta,2025-01-03 15:10:00,1.0289,1.02947,1.0277599999999996,5.700000000001815,False,0,-1,-1.2508771929823763,2025
venta,2025-01-03 17:55:00,1.02979,1.03057,1.02823,7.800000000000029,False,0,-1,-1.1833333333333327,2025
venta,2025-01-06 03:30:00,1.03134,1.03181,1.0304,4.699999999999704,False,0,-1,-1.3042553191489552,2025
compra,2025-01-06 11:05:00,1.03495,1.03423,1.0363900000000001,7.200000000000539,True,0,-1,-1.1986111111110962,2025
compra,2025-01-06 22:30:00,1.03908,1.0385,1.04024,5.800000000000249,True,0,-1,-1.2465517241379205,2025
compra,2025-01-08 20:40:00,1.03152,1.03079,1.0329799999999998,7.299999999998974,True,0,-1,-1.1958904109589317,2025
compra,2025-01-09 16:40:00,1.03006,1.02935,1.03148,7.099999999999884,True,0,-1,-1.2014084507042286,2025
compra,2025-01-10 07:05:00,1.02877,1.02822,1.02987,5.5000000000005045,True,1,2,1.7400000000000237,2025
venta,2025-01-10 21:55:00,1.024,1.02488,1.02224,8.799999999999919,False,0,-1,-1.1625000000000014,2025
venta,2025-01-13 06:45:00,1.02163,1.02248,1.01993,8.500000000000174,False,0,-1,-1.1682352941176437,2025
venta,2025-01-14 23:45:00,1.03038,1.0308,1.0295400000000003,4.199999999998649,False,1,2,1.6595238095237002,2025
venta,2025-01-15 10:35:00,1.03031,1.0314,1.02813,10.900000000000354,False,0,-1,-1.1311926605504545,2025
compra,2025-01-15 15:30:00,1.03286,1.03098,1.0366199999999997,18.799999999998818,True,0,-1,-1.076063829787239,2025
venta,2025-01-16 16:10:00,1.0292,1.03056,1.0264799999999998,13.600000000000279,False,0,-1,-1.1051470588235273,2025
compra,2025-01-17 06:55:00,1.02904,1.02858,1.0299599999999998,4.599999999999049,True,0,-1,-1.3108695652174556,2025
compra,2025-01-17 14:50:00,1.0297,1.02652,1.03606,31.799999999999606,True,1,2,1.95503144654088,2025
compra,2025-01-20 06:25:00,1.03062,1.02994,1.0319800000000001,6.800000000000139,True,1,2,1.7897058823529455,2025
compra,2025-01-20 21:55:00,1.04155,1.04097,1.04271,5.800000000000249,True,1,2,1.7534482758620795,2025
venta,2025-01-21 00:35:00,1.04203,1.04343,1.0392299999999999,14.000000000000679,False,1,2,1.8978571428571478,2025
compra,2025-01-22 02:50:00,1.0416,1.04085,1.0431000000000001,7.500000000000284,True,0,-1,-1.1906666666666594,2025
venta,2025-01-22 06:10:00,1.04105,1.04207,1.03901,10.200000000000209,False,0,-1,-1.1401960784313696,2025
venta,2025-01-23 01:45:00,1.04063,1.04158,1.03873,9.500000000000064,False,0,-1,-1.1505263157894727,2025
compra,2025-01-24 00:30:00,1.04204,1.04133,1.04346,7.099999999999884,True,0,-1,-1.2014084507042286,2025
compra,2025-01-24 19:30:00,1.04964,1.0492,1.05052,4.3999999999999595,True,0,-1,-1.3250000000000028,2025
venta,2025-01-26 23:05:00,1.04753,1.04846,1.0456700000000003,9.299999999998754,False,1,2,1.8462365591397643,2025
venta,2025-01-29 04:40:00,1.0438,1.04424,1.04292,4.3999999999999595,False,0,-1,-1.3250000000000028,2025
compra,2025-01-29 12:55:00,1.0404,1.0395,1.0421999999999998,8.999999999999009,True,0,-1,-1.1588888888889064,2025
venta,2025-01-29 13:05:00,1.03961,1.04037,1.0380899999999997,7.600000000000939,False,0,-1,-1.1881578947368188,2025
compra,2025-01-29 19:40:00,1.04229,1.03928,1.0483099999999999,30.09999999999957,True,0,-1,-1.0475083056478411,2025
compra,2025-01-30 12:45:00,1.04034,1.03901,1.0430000000000001,13.300000000000534,True,1,2,1.892481203007523,2025
venta,2025-01-31 00:30:00,1.03947,1.04022,1.0379699999999998,7.500000000000284,False,1,2,1.8093333333333406,2025
compra,2025-01-31 09:55:00,1.03834,1.03658,1.04186,17.599999999999838,True,0,-1,-1.0812500000000007,2025
venta,2025-01-31 21:10:00,1.03521,1.03817,1.0292899999999998,29.600000000000737,False,1,2,1.9516891891891903,2025
compra,2025-02-04 01:40:00,1.03169,1.03083,1.0334100000000002,8.60000000000083,True,0,-1,-1.166279069767426,2025
compra,2025-02-04 17:50:00,1.03748,1.03656,1.03932,9.200000000000319,True,1,2,1.8445652173913096,2025
venta,2025-02-05 13:15:00,1.04105,1.04167,1.03981,6.200000000000649,False,0,-1,-1.2306451612902984,2025
venta,2025-02-05 15:25:00,1.04201,1.04424,1.0375500000000002,22.299999999999542,False,1,2,1.935874439461882,2025
compra,2025-02-05 20:50:00,1.0406,1.04009,1.04162,5.1000000000001044,True,0,-1,-1.2803921568627392,2025
venta,2025-02-06 23:45:00,1.03841,1.03866,1.0379100000000003,2.4999999999986144,False,0,-1,-1.5720000000003171,2025
compra,2025-02-07 11:45:00,1.03824,1.03773,1.03926,5.1000000000001044,True,0,-1,-1.2803921568627392,2025
compra,2025-02-10 22:05:00,1.03073,1.03049,1.03121,2.4000000000001798,True,0,-1,-1.5958333333332888,2025
compra,2025-02-12 05:50:00,1.03589,1.03547,1.0367300000000002,4.20000000000087,True,1,2,1.65952380952388,2025
compra,2025-02-12 09:35:00,1.03725,1.03646,1.0388300000000001,7.900000000000684,True,0,-1,-1.1810126582278324,2025
venta,2025-02-12 18:25:00,1.04092,1.04298,1.0368000000000002,20.599999999999508,False,0,-1,-1.069417475728157,2025
venta,2025-02-12 20:55:00,1.03915,1.03973,1.03799,5.800000000000249,False,0,-1,-1.2465517241379205,2025
compra,2025-02-13 13:30:00,1.03959,1.03859,1.0415900000000002,10.000000000001119,True,0,-1,-1.142999999999984,2025
venta,2025-02-13 22:50:00,1.04646,1.04685,1.0456799999999997,3.900000000001125,False,1,2,1.633333333333439,2025
compra,2025-02-14 17:35:00,1.0502,1.0494,1.0517999999999998,7.999999999999119,True,0,-1,-1.1787500000000197,2025
compra,2025-02-16 22:35:00,1.04886,1.0485,1.0495799999999997,3.5999999999991594,True,0,-1,-1.397222222222315,2025
compra,2025-02-17 12:10:00,1.0484,1.04777,1.0496599999999998,6.299999999999084,True,0,-1,-1.22698412698416,2025
venta,2025-02-18 12:10:00,1.04587,1.04647,1.0446700000000002,5.999999999999339,False,1,2,1.7616666666666405,2025
compra,2025-02-18 22:05:00,1.04474,1.04444,1.04534,2.9999999999996696,True,0,-1,-1.4766666666667192,2025
compra,2025-02-19 22:30:00,1.04246,1.04163,1.0441199999999997,8.299999999998864,True,1,2,1.8277108433734703,2025
venta,2025-02-20 08:35:00,1.04308,1.04409,1.04106,10.099999999999554,False,0,-1,-1.141584158415848,2025
venta,2025-02-20 21:55:00,1.05002,1.05032,1.04942,2.9999999999996696,False,0,-1,-1.4766666666667192,2025
venta,2025-02-20 23:55:00,1.05001,1.05054,1.0489500000000003,5.299999999999194,False,1,2,1.730188679245242,2025
compra,2025-02-21 11:25:00,1.0469,1.04629,1.04812,6.099999999999994,True,0,-1,-1.234426229508197,2025
venta,2025-02-21 18:15:00,1.04582,1.04643,1.0446,6.099999999999994,False,0,-1,-1.234426229508197,2025
venta,2025-02-23 23:45:00,1.04773,1.04846,1.0462700000000003,7.299999999998974,False,0,-1,-1.1958904109589317,2025
venta,2025-02-24 18:50:00,1.04788,1.04856,1.04652,6.800000000000139,False,1,2,1.7897058823529455,2025
compra,2025-02-25 10:40:00,1.04717,1.04651,1.0484899999999997,6.599999999998829,True,1,2,1.783333333333295,2025
compra,2025-02-26 08:05:00,1.05014,1.04923,1.05196,9.099999999999664,True,0,-1,-1.157142857142863,2025
compra,2025-02-26 15:25:00,1.04952,1.04875,1.0510599999999999,7.699999999999374,True,0,-1,-1.1857142857143008,2025
venta,2025-02-26 17:30:00,1.04994,1.05182,1.0461800000000003,18.799999999998818,False,0,-1,-1.076063829787239,2025
compra,2025-02-26 19:35:00,1.04896,1.04819,1.0504999999999998,7.699999999999374,True,0,-1,-1.1857142857143008,2025
compra,2025-02-27 01:35:00,1.04795,1.04726,1.0493299999999997,6.899999999998574,True,0,-1,-1.207246376811637,2025
venta,2025-02-27 11:55:00,1.04757,1.04871,1.0452899999999996,11.400000000001409,False,0,-1,-1.1254385964912126,2025
venta,2025-02-27 13:35:00,1.04661,1.04839,1.0430500000000003,17.799999999998928,False,1,2,1.9196629213483098,2025
compra,2025-02-27 16:35:00,1.04134,1.04042,1.04318,9.200000000000319,True,0,-1,-1.1554347826086904,2025
venta,2025-02-27 17:30:00,1.04076,1.04179,1.0386999999999997,10.300000000000864,False,1,2,1.861165048543701,2025
venta,2025-02-27 23:55:00,1.03936,1.04001,1.03806,6.500000000000394,False,0,-1,-1.2199999999999867,2025
venta,2025-02-28 01:25:00,1.03979,1.04042,1.0385300000000002,6.299999999999084,False,1,2,1.77301587301584,2025
compra,2025-02-28 06:55:00,1.03874,1.03825,1.0397200000000002,4.900000000001015,True,1,2,1.708163265306183,2025
compra,2025-02-28 19:35:00,1.03712,1.03597,1.03942,11.499999999999844,True,1,2,1.8756521739130418,2025
venta,2025-03-03 18:45:00,1.04875,1.04923,1.04779,4.8000000000003595,False,0,-1,-1.2979166666666444,2025
venta,2025-03-03 23:05:00,1.04836,1.04868,1.0477199999999998,3.20000000000098,False,0,-1,-1.4468749999998631,2025
venta,2025-03-05 06:45:00,1.06253,1.06388,1.05983,13.499999999999623,False,0,-1,-1.1059259259259289,2025
compra,2025-03-05 10:55:00,1.06969,1.06834,1.07239,13.499999999999623,True,0,-1,-1.1059259259259289,2025
compra,2025-03-05 22:20:00,1.07903,1.07853,1.0800299999999998,4.999999999999449,True,1,2,1.7139999999999684,2025
compra,2025-03-06 04:35:00,1.07953,1.0784,1.0817900000000003,11.300000000000754,True,1,2,1.8734513274336368,2025
compra,2025-03-07 15:45:00,1.08744,1.0845,1.0933199999999998,29.399999999999427,True,0,-1,-1.0486394557823138,2025
compra,2025-03-07 18:40:00,1.08374,1.08254,1.0861399999999997,11.999999999998678,True,1,2,1.8808333333333203,2025
venta,2025-03-10 14:35:00,1.08269,1.08477,1.0785299999999998,20.800000000000818,False,0,-1,-1.0687499999999972,2025
venta,2025-03-10 22:55:00,1.0839,1.08432,1.0830600000000004,4.199999999998649,False,0,-1,-1.3404761904762998,2025
compra,2025-03-11 02:55:00,1.08542,1.08489,1.0864800000000003,5.300000000001415,True,0,-1,-1.2698113207546449,2025
venta,2025-03-11 08:35:00,1.09002,1.09207,1.0859199999999998,20.500000000001073,False,0,-1,-1.069756097560972,2025
venta,2025-03-11 20:20:00,1.09121,1.09209,1.08945,8.799999999999919,False,1,2,1.8374999999999986,2025
compra,2025-03-13 22:40:00,1.08535,1.08499,1.0860700000000003,3.60000000000138,True,0,-1,-1.3972222222220698,2025
compra,2025-03-14 12:30:00,1.0896,1.08871,1.0913799999999996,8.899999999998354,True,0,-1,-1.1606741573034005,2025
venta,2025-03-16 21:05:00,1.08758,1.08794,1.0868600000000002,3.5999999999991594,False,0,-1,-1.397222222222315,2025
compra,2025-03-17 00:40:00,1.08863,1.08741,1.09107,12.199999999999989,True,0,-1,-1.1172131147540985,2025
venta,2025-03-17 03:10:00,1.08783,1.08861,1.08627,7.800000000000029,False,0,-1,-1.1833333333333327,2025
venta,2025-03-18 04:55:00,1.09075,1.0912,1.0898500000000004,4.499999999998394,False,0,-1,-1.3177777777778912,2025
compra,2025-03-18 20:05:00,1.09465,1.09426,1.0954299999999997,3.8999999999989043,True,0,-1,-1.3666666666667697,2025
compra,2025-03-21 00:35:00,1.08553,1.08483,1.0869300000000004,7.0000000000014495,True,0,-1,-1.204285714285672,2025
venta,2025-03-21 07:05:00,1.08312,1.08416,1.0810400000000002,10.399999999999299,False,0,-1,-1.1375000000000093,2025
venta,2025-03-24 06:35:00,1.08353,1.08444,1.0817100000000002,9.099999999999664,False,0,-1,-1.157142857142863,2025
venta,2025-03-24 07:50:00,1.08406,1.08579,1.0806,17.300000000000093,False,1,2,1.9173410404624283,2025
compra,2025-03-26 00:30:00,1.07881,1.07777,1.0808900000000004,10.40000000000152,True,0,-1,-1.13749999999998,2025
compra,2025-03-26 06:25:00,1.07902,1.07811,1.0808400000000005,9.100000000001884,True,0,-1,-1.1571428571428246,2025
venta,2025-03-27 10:40:00,1.07797,1.07995,1.0740100000000004,19.799999999998708,False,0,-1,-1.0722222222222269,2025
venta,2025-03-27 16:55:00,1.07895,1.08085,1.07515,19.000000000000128,False,0,-1,-1.0752631578947363,2025
compra,2025-03-31 04:50:00,1.08346,1.08319,1.084,2.6999999999999247,True,0,-1,-1.5296296296296443,2025
venta,2025-03-31 15:55:00,1.0794,1.08163,1.0749399999999996,22.300000000001763,False,0,-1,-1.0641255605381115,2025
compra,2025-03-31 16:30:00,1.08024,1.07922,1.0822800000000001,10.200000000000209,True,1,2,1.8598039215686304,2025
compra,2025-03-31 18:30:00,1.08149,1.08069,1.0830900000000003,8.00000000000134,True,0,-1,-1.17874999999997,2025
compra,2025-04-01 06:50:00,1.08096,1.07986,1.0831599999999997,10.999999999998789,True,0,-1,-1.1300000000000143,2025
venta,2025-04-03 12:35:00,1.10765,1.11093,1.1010900000000001,32.79999999999949,False,0,-1,-1.0435975609756105,2025
venta,2025-04-04 12:35:00,1.10419,1.10797,1.0966300000000002,37.799999999998946,False,1,2,1.9621693121693111,2025
venta,2025-04-04 16:40:00,1.09686,1.10196,1.0866599999999997,51.000000000001044,False,0,-1,-1.0280392156862739,2025
compra,2025-04-07 21:50:00,1.09101,1.09013,1.09277,8.799999999999919,True,1,2,1.8374999999999986,2025
venta,2025-04-08 17:35:00,1.09305,1.09485,1.08945,18.000000000000238,False,0,-1,-1.0794444444444433,2025
compra,2025-04-09 11:05:00,1.10545,1.10252,1.1113100000000002,29.300000000000992,True,0,-1,-1.0488054607508517,2025
venta,2025-04-09 17:20:00,1.09603,1.10412,1.0798500000000002,80.8999999999993,False,0,-1,-1.0176761433868975,2025
venta,2025-04-14 07:45:00,1.1387,1.14244,1.1312200000000003,37.39999999999854,False,1,2,1.9617647058823515,2025
compra,2025-04-15 06:05:00,1.13612,1.13536,1.1376400000000002,7.600000000000939,True,0,-1,-1.1881578947368188,2025
venta,2025-04-15 08:40:00,1.13483,1.13789,1.1287099999999999,30.600000000000627,False,1,2,1.9532679738562102,2025
venta,2025-04-16 16:15:00,1.13735,1.13843,1.1351900000000001,10.799999999999699,False,0,-1,-1.132407407407411,2025
compra,2025-04-16 20:25:00,1.13898,1.13816,1.1406200000000002,8.20000000000043,True,1,2,1.8256097560975701,2025
venta,2025-04-18 00:50:00,1.13639,1.13834,1.1324900000000002,19.499999999998963,False,0,-1,-1.0733333333333372,2025
venta,2025-04-18 02:45:00,1.13701,1.13781,1.1354100000000003,7.999999999999119,False,0,-1,-1.1787500000000197,2025
venta,2025-04-18 05:30:00,1.13664,1.1374,1.1351200000000004,7.599999999998719,False,0,-1,-1.1881578947368738,2025
venta,2025-04-18 06:55:00,1.13615,1.13763,1.1331900000000001,14.799999999999258,False,0,-1,-1.0966216216216265,2025
compra,2025-04-18 16:50:00,1.13941,1.13868,1.1408700000000003,7.300000000001194,True,1,2,1.8041095890411278,2025
compra,2025-04-20 22:20:00,1.14363,1.13925,1.1523899999999996,43.799999999998285,True,1,2,1.9673515981735148,2025
venta,2025-04-21 09:40:00,1.15579,1.15729,1.1527900000000004,14.999999999998348,False,1,2,1.904666666666656,2025
venta,2025-04-21 12:25:00,1.15307,1.15498,1.1492500000000003,19.099999999998563,False,1,2,1.9251308900523503,2025
compra,2025-04-21 17:50:00,1.15088,1.14934,1.1539599999999997,15.399999999998748,True,0,-1,-1.0928571428571503,2025
compra,2025-04-23 11:30:00,1.14044,1.1386,1.1441199999999996,18.399999999998418,True,0,-1,-1.0777173913043545,2025
venta,2025-04-24 10:55:00,1.13791,1.13912,1.13549,12.099999999999334,False,1,2,1.8818181818181754,2025
venta,2025-04-25 05:45:00,1.13268,1.13415,1.1297399999999997,14.700000000000824,False,0,-1,-1.0972789115646204,2025
compra,2025-04-25 20:55:00,1.13628,1.13568,1.1374799999999998,5.999999999999339,True,0,-1,-1.2383333333333595,2025
venta,2025-04-28 01:55:00,1.1351,1.13664,1.1320199999999998,15.400000000000968,False,0,-1,-1.092857142857137,2025
compra,2025-04-28 02:35:00,1.13516,1.13432,1.1368399999999999,8.399999999999519,True,1,2,1.829761904761895,2025
venta,2025-04-29 02:55:00,1.1398,1.1414,1.1365999999999998,16.00000000000046,False,0,-1,-1.0893749999999975,2025
venta,2025-04-29 20:45:00,1.13863,1.13917,1.13755,5.399999999999849,False,0,-1,-1.2648148148148222,2025
compra,2025-04-30 04:30:00,1.13778,1.13662,1.1401000000000001,11.600000000000499,True,0,-1,-1.1232758620689602,2025
venta,2025-05-01 03:05:00,1.13046,1.13149,1.1283999999999998,10.300000000000864,False,0,-1,-1.138834951456299,2025
compra,2025-05-01 10:05:00,1.13247,1.13157,1.1342700000000003,9.00000000000123,True,0,-1,-1.158888888888867,2025
compra,2025-05-01 21:40:00,1.12884,1.12839,1.1297400000000002,4.500000000000615,True,1,2,1.6822222222222656,2025
venta,2025-05-05 13:30:00,1.13553,1.13646,1.1336699999999997,9.300000000000974,False,1,2,1.8462365591398011,2025
compra,2025-05-05 18:40:00,1.13045,1.12969,1.1319699999999997,7.599999999998719,True,1,2,1.8118421052631262,2025
venta,2025-05-06 08:55:00,1.13272,1.13494,1.1282799999999997,22.200000000001108,False,0,-1,-1.0644144144144112,2025
compra,2025-05-06 16:50:00,1.13544,1.13306,1.1402,23.800000000000487,True,0,-1,-1.060084033613444,2025
compra,2025-05-06 21:50:00,1.13713,1.13633,1.1387299999999998,7.999999999999119,True,0,-1,-1.1787500000000197,2025
venta,2025-05-06 22:05:00,1.13361,1.13711,1.12661,35.00000000000058,False,0,-1,-1.0408571428571423,2025
venta,2025-05-08 00:55:00,1.13099,1.131,1.1309699999999998,0.10000000000065512,False,0,-1,-15.299999999906317,2025
venta,2025-05-08 08:30:00,1.12864,1.13029,1.1253400000000002,16.499999999999293,False,0,-1,-1.0866666666666704,2025
venta,2025-05-09 00:10:00,1.12184,1.12288,1.1197599999999996,10.40000000000152,False,0,-1,-1.13749999999998,2025
venta,2025-05-09 16:25:00,1.12618,1.12752,1.1234999999999997,13.400000000001189,False,1,2,1.8932835820895617,2025
venta,2025-05-12 04:35:00,1.12272,1.12344,1.1212799999999998,7.200000000000539,False,0,-1,-1.1986111111110962,2025
compra,2025-05-14 00:25:00,1.11934,1.1182,1.1216199999999998,11.399999999999189,True,0,-1,-1.125438596491237,2025
venta,2025-05-14 06:55:00,1.11879,1.11984,1.11669,10.499999999999954,False,0,-1,-1.1361904761904769,2025
compra,2025-05-14 14:45:00,1.12214,1.12025,1.1259199999999998,18.899999999999473,True,0,-1,-1.0756613756613778,2025
compra,2025-05-14 18:45:00,1.11815,1.11719,1.1200700000000001,9.600000000000719,True,0,-1,-1.1489583333333222,2025
compra,2025-05-15 02:55:00,1.11945,1.11891,1.12053,5.399999999999849,True,0,-1,-1.2648148148148222,2025
venta,2025-05-15 09:40:00,1.12026,1.1213,1.1181800000000002,10.399999999999299,False,1,2,1.8624999999999907,2025
venta,2025-05-15 13:45:00,1.11952,1.12236,1.1138400000000002,28.399999999999537,False,1,2,1.949647887323943,2025
venta,2025-05-15 20:35:00,1.11836,1.11874,1.1176,3.8000000000004697,False,0,-1,-1.3763157894736378,2025
venta,2025-05-16 06:55:00,1.12121,1.12195,1.1197300000000001,7.399999999999629,False,1,2,1.806756756756747,2025
compra,2025-05-16 16:40:00,1.11421,1.11308,1.1164699999999996,11.299999999998533,True,1,2,1.873451327433612,2025
compra,2025-05-19 00:50:00,1.11966,1.11822,1.1225400000000003,14.400000000001079,True,0,-1,-1.0993055555555482,2025
venta,2025-05-19 05:35:00,1.11821,1.11881,1.1170099999999996,6.00000000000156,False,0,-1,-1.2383333333332713,2025
venta,2025-05-19 15:50:00,1.12394,1.12596,1.1198999999999997,20.200000000001328,False,0,-1,-1.0707920792079162,2025
venta,2025-05-19 22:50:00,1.1236,1.12437,1.1220599999999996,7.7000000000015945,False,1,2,1.8142857142857527,2025
venta,2025-05-20 15:50:00,1.12505,1.12697,1.1212100000000003,19.199999999999218,False,0,-1,-1.0744791666666698,2025
venta,2025-05-22 00:55:00,1.13272,1.13434,1.12948,16.199999999999548,False,0,-1,-1.0882716049382741,2025
venta,2025-05-22 19:55:00,1.12784,1.12847,1.1265799999999997,6.300000000001305,False,0,-1,-1.22698412698408,2025
compra,2025-05-23 07:05:00,1.13188,1.131,1.13364,8.799999999999919,True,1,2,1.8374999999999986,2025
compra,2025-05-23 12:30:00,1.13369,1.12973,1.1416100000000005,39.600000000001856,True,1,2,1.9638888888888906,2025
compra,2025-05-23 14:05:00,1.13352,1.13131,1.1379400000000002,22.100000000000453,True,1,2,1.9352941176470602,2025
venta,2025-05-23 20:55:00,1.13592,1.13677,1.13422,8.500000000000174,False,0,-1,-1.1682352941176437,2025
venta,2025-05-26 20:55:00,1.13838,1.13854,1.1380599999999996,1.6000000000016001,False,0,-1,-1.893749999999106,2025
compra,2025-05-27 05:55:00,1.13784,1.13667,1.1401799999999997,11.699999999998933,True,0,-1,-1.1222222222222333,2025
venta,2025-05-27 13:45:00,1.13581,1.13739,1.1326500000000002,15.799999999999148,False,1,2,1.909493670886071,2025
compra,2025-05-27 18:50:00,1.13369,1.13283,1.1354100000000003,8.60000000000083,True,0,-1,-1.166279069767426,2025
venta,2025-05-28 14:50:00,1.13064,1.13234,1.1272400000000005,16.999999999998128,False,1,2,1.9158823529411673,2025
venta,2025-05-30 00:30:00,1.1372,1.13787,1.13586,6.699999999999484,False,0,-1,-1.2134328358209119,2025
compra,2025-05-30 11:55:00,1.1338,1.13245,1.1364999999999998,13.499999999999623,True,0,-1,-1.1059259259259289,2025
venta,2025-06-02 09:50:00,1.14264,1.14368,1.1405600000000002,10.399999999999299,False,1,2,1.8624999999999907,2025
venta,2025-06-03 05:25:00,1.14162,1.14273,1.1394000000000002,11.099999999999444,False,0,-1,-1.1288288288288353,2025
venta,2025-06-03 07:30:00,1.14178,1.14296,1.13942,11.799999999999589,False,1,2,1.8788135593220296,2025
venta,2025-06-04 00:30:00,1.13793,1.1389,1.1359900000000003,9.699999999999154,False,0,-1,-1.147422680412384,2025
compra,2025-06-05 00:25:00,1.14273,1.14164,1.14491,10.900000000000354,True,0,-1,-1.1311926605504545,2025
venta,2025-06-05 03:50:00,1.14135,1.14225,1.1395500000000003,8.999999999999009,False,0,-1,-1.1588888888889064,2025
venta,2025-06-05 07:55:00,1.14118,1.1425,1.13854,13.199999999999878,False,0,-1,-1.1083333333333343,2025
venta,2025-06-05 19:30:00,1.14351,1.14447,1.1415899999999999,9.600000000000719,False,0,-1,-1.1489583333333222,2025
venta,2025-06-06 00:35:00,1.14515,1.14572,1.1440099999999995,5.700000000001815,False,1,2,1.7491228070176237,2025
venta,2025-06-06 12:35:00,1.13927,1.14288,1.1320500000000002,36.09999999999891,False,0,-1,-1.0396121883656522,2025
venta,2025-06-06 19:50:00,1.13947,1.14019,1.1380299999999999,7.200000000000539,False,0,-1,-1.1986111111110962,2025
compra,2025-06-09 08:25:00,1.14277,1.14183,1.1446500000000004,9.40000000000163,True,0,-1,-1.1521276595744416,2025
compra,2025-06-09 13:50:00,1.14011,1.13864,1.1430499999999997,14.699999999998603,True,1,2,1.902721088435365,2025
compra,2025-06-12 00:40:00,1.15167,1.15017,1.15467,15.000000000000568,True,1,2,1.9046666666666703,2025
compra,2025-06-12 05:45:00,1.15284,1.15106,1.1564000000000003,17.80000000000115,True,0,-1,-1.0803370786516802,2025
compra,2025-06-12 23:30:00,1.15943,1.15865,1.16099,7.800000000000029,True,1,2,1.8166666666666673,2025
venta,2025-06-13 00:10:00,1.15642,1.15935,1.1505599999999998,29.300000000000992,False,1,2,1.9511945392491483,2025
compra,2025-06-13 13:35:00,1.15156,1.1503,1.1540799999999996,12.599999999998168,True,1,2,1.88650793650792,2025
venta,2025-06-16 14:40:00,1.1595,1.16147,1.15556,19.700000000000273,False,1,2,1.9274111675126915,2025
venta,2025-06-16 22:45:00,1.15541,1.15619,1.15385,7.800000000000029,False,0,-1,-1.1833333333333327,2025
venta,2025-06-18 10:30:00,1.15019,1.15108,1.14841,8.900000000000574,False,0,-1,-1.1606741573033603,2025
venta,2025-06-18 15:55:00,1.15203,1.153,1.1500900000000003,9.699999999999154,False,1,2,1.852577319587616,2025
venta,2025-06-18 18:35:00,1.15041,1.15289,1.1454499999999999,24.800000000000377,False,1,2,1.9423387096774203,2025
venta,2025-06-19 07:50:00,1.14654,1.14768,1.1442599999999996,11.400000000001409,False,0,-1,-1.1254385964912126,2025
compra,2025-06-19 11:15:00,1.14757,1.1473,1.14811,2.6999999999999247,True,1,2,1.4703703703703557,2025
compra,2025-06-19 21:40:00,1.14958,1.14917,1.1504,4.100000000000215,True,0,-1,-1.3487804878048597,2025
compra,2025-06-19 22:05:00,1.14991,1.14934,1.15105,5.699999999999594,True,0,-1,-1.250877192982474,2025
venta,2025-06-20 12:45:00,1.15077,1.15259,1.1471300000000002,18.199999999999328,False,0,-1,-1.0785714285714314,2025
venta,2025-06-20 15:50:00,1.15169,1.15287,1.1493300000000002,11.799999999999589,False,0,-1,-1.1211864406779704,2025
compra,2025-06-23 16:40:00,1.15455,1.15313,1.15739,14.199999999999768,True,1,2,1.8992957746478858,2025
compra,2025-06-24 02:50:00,1.16005,1.15881,1.1625300000000003,12.400000000001299,True,0,-1,-1.1153225806451492,2025
venta,2025-06-24 06:50:00,1.16037,1.16221,1.1566899999999998,18.400000000000638,False,0,-1,-1.0777173913043452,2025
venta,2025-06-26 00:50:00,1.16805,1.16887,1.16641,8.20000000000043,False,0,-1,-1.1743902439024299,2025
compra,2025-06-27 12:50:00,1.17404,1.17029,1.1815399999999998,37.4999999999992,True,0,-1,-1.0381333333333342,2025
venta,2025-06-27 16:50:00,1.17204,1.17321,1.1696999999999997,11.700000000001154,False,1,2,1.8777777777777898,2025
compra,2025-06-29 22:50:00,1.17293,1.17215,1.17449,7.800000000000029,True,0,-1,-1.1833333333333327,2025
venta,2025-06-29 23:50:00,1.17289,1.17385,1.1709699999999998,9.600000000000719,False,0,-1,-1.1489583333333222,2025
compra,2025-06-30 08:50:00,1.17258,1.17135,1.17504,12.300000000000644,True,0,-1,-1.11626016260162,2025
venta,2025-06-30 11:55:00,1.17224,1.17316,1.1703999999999999,9.200000000000319,False,0,-1,-1.1554347826086904,2025
compra,2025-07-01 02:35:00,1.17847,1.17776,1.1798899999999999,7.099999999999884,True,0,-1,-1.2014084507042286,2025
venta,2025-07-02 01:45:00,1.17989,1.18088,1.1779100000000005,9.899999999998244,False,0,-1,-1.1444444444444701,2025
venta,2025-07-02 10:45:00,1.17688,1.17808,1.1744799999999997,12.000000000000899,False,0,-1,-1.1191666666666578,2025
compra,2025-07-03 19:45:00,1.17506,1.17442,1.17634,6.399999999999739,True,1,2,1.776562499999991,2025
venta,2025-07-04 19:35:00,1.17754,1.17797,1.1766800000000002,4.299999999999304,False,0,-1,-1.3325581395349375,2025
venta,2025-07-06 23:45:00,1.17757,1.17821,1.17629,6.399999999999739,False,0,-1,-1.223437500000009,2025
compra,2025-07-07 09:30:00,1.17301,1.1722,1.1746300000000005,8.100000000001994,True,0,-1,-1.1765432098764999,2025
venta,2025-07-07 10:20:00,1.17289,1.17321,1.1722499999999998,3.20000000000098,False,0,-1,-1.4468749999998631,2025
compra,2025-07-07 17:30:00,1.17088,1.16868,1.1752799999999999,21.999999999999797,True,1,2,1.9349999999999994,2025
venta,2025-07-08 02:55:00,1.17381,1.17484,1.1717499999999998,10.300000000000864,False,0,-1,-1.138834951456299,2025
venta,2025-07-08 16:30:00,1.17028,1.17125,1.1683400000000002,9.699999999999154,False,0,-1,-1.147422680412384,2025
venta,2025-07-08 19:25:00,1.17235,1.17296,1.17113,6.099999999999994,False,1,2,1.765573770491803,2025
venta,2025-07-10 02:40:00,1.17383,1.17434,1.17281,5.1000000000001044,False,1,2,1.7196078431372608,2025
venta,2025-07-10 06:05:00,1.1736,1.17406,1.1726799999999997,4.60000000000127,False,0,-1,-1.3108695652173055,2025
venta,2025-07-10 13:50:00,1.16911,1.17146,1.1644100000000004,23.499999999998522,False,1,2,1.939148936170209,2025
compra,2025-07-11 04:50:00,1.16751,1.16691,1.1687100000000004,6.00000000000156,True,1,2,1.7616666666667287,2025
venta,2025-07-11 10:30:00,1.16891,1.16967,1.1673899999999997,7.600000000000939,False,0,-1,-1.1881578947368188,2025
venta,2025-07-14 01:45:00,1.16909,1.16978,1.1677099999999998,6.900000000000794,False,1,2,1.7927536231884296,2025
compra,2025-07-14 09:55:00,1.16909,1.16793,1.17141,11.600000000000499,True,0,-1,-1.1232758620689602,2025
venta,2025-07-14 15:45:00,1.16804,1.16942,1.16528,13.799999999999368,False,1,2,1.8963768115941981,2025
venta,2025-07-15 04:35:00,1.1674,1.16799,1.1662199999999998,5.9000000000009045,False,0,-1,-1.242372881355895,2025
venta,2025-07-15 06:50:00,1.16773,1.16879,1.1656099999999998,10.600000000000609,False,0,-1,-1.1349056603773509,2025
venta,2025-07-15 12:35:00,1.16639,1.16718,1.16481,7.900000000000684,False,0,-1,-1.1810126582278324,2025
venta,2025-07-16 07:30:00,1.16194,1.16281,1.1602000000000001,8.699999999999264,False,1,2,1.835632183908032,2025
venta,2025-07-16 09:30:00,1.16146,1.16264,1.1591,11.799999999999589,False,1,2,1.8788135593220296,2025
venta,2025-07-16 11:50:00,1.16075,1.16209,1.1580699999999997,13.400000000001189,False,1,2,1.8932835820895617,2025
venta,2025-07-16 17:50:00,1.16412,1.16584,1.1606800000000002,17.199999999999438,False,1,2,1.9168604651162764,2025
compra,2025-07-16 19:45:00,1.16327,1.16203,1.1657500000000003,12.400000000001299,True,0,-1,-1.1153225806451492,2025
venta,2025-07-16 22:35:00,1.16367,1.16424,1.16253,5.699999999999594,False,1,2,1.749122807017526,2025
venta,2025-07-17 13:50:00,1.15826,1.15983,1.1551200000000004,15.699999999998493,False,0,-1,-1.0910828025477795,2025
venta,2025-07-21 07:30:00,1.16376,1.16472,1.1618399999999998,9.600000000000719,False,0,-1,-1.1489583333333222,2025
compra,2025-07-22 03:40:00,1.16892,1.16851,1.16974,4.100000000000215,True,0,-1,-1.3487804878048597,2025
compra,2025-07-22 11:55:00,1.17014,1.16942,1.17158,7.200000000000539,True,0,-1,-1.1986111111110962,2025
compra,2025-07-22 13:40:00,1.16989,1.16788,1.1739100000000002,20.100000000000673,True,1,2,1.9288557213930373,2025
venta,2025-07-22 23:20:00,1.17439,1.17499,1.1731900000000002,5.999999999999339,False,1,2,1.7616666666666405,2025
compra,2025-07-23 04:45:00,1.17377,1.17319,1.17493,5.800000000000249,True,0,-1,-1.2465517241379205,2025
venta,2025-07-23 07:40:00,1.17385,1.17527,1.17101,14.199999999999768,False,0,-1,-1.1007042253521142,2025
venta,2025-07-23 19:25:00,1.17699,1.17749,1.17599,4.999999999999449,False,0,-1,-1.2860000000000316,2025
venta,2025-07-23 20:55:00,1.17678,1.17751,1.1753199999999997,7.300000000001194,False,0,-1,-1.1958904109588722,2025
venta,2025-07-24 12:25:00,1.17481,1.17584,1.1727499999999997,10.300000000000864,False,0,-1,-1.138834951456299,2025
compra,2025-07-24 13:25:00,1.17691,1.17303,1.1846699999999997,38.79999999999883,True,0,-1,-1.036855670103094,2025
compra,2025-07-24 21:40:00,1.17465,1.1735,1.17695,11.499999999999844,True,0,-1,-1.1243478260869582,2025
compra,2025-07-28 02:45:00,1.17543,1.17463,1.1770299999999998,7.999999999999119,True,0,-1,-1.1787500000000197,2025
venta,2025-07-28 04:20:00,1.17519,1.17579,1.17399,5.999999999999339,False,1,2,1.7616666666666405,2025
venta,2025-07-29 17:55:00,1.15416,1.15605,1.1503800000000002,18.899999999999473,False,0,-1,-1.0756613756613778,2025
compra,2025-07-29 18:35:00,1.15456,1.15375,1.15618,8.099999999999774,True,1,2,1.823456790123452,2025
venta,2025-07-29 19:55:00,1.15498,1.15574,1.1534599999999997,7.600000000000939,False,0,-1,-1.1881578947368188,2025
venta,2025-07-30 09:50:00,1.15465,1.15605,1.1518499999999998,14.000000000000679,False,1,2,1.8978571428571478,2025
venta,2025-07-31 05:45:00,1.14332,1.14426,1.1414399999999996,9.40000000000163,False,0,-1,-1.1521276595744416,2025
compra,2025-07-31 20:50:00,1.14143,1.14093,1.1424299999999998,4.999999999999449,True,1,2,1.7139999999999684,2025
compra,2025-07-31 23:40:00,1.14233,1.14112,1.1447500000000004,12.100000000001554,True,0,-1,-1.118181818181803,2025
venta,2025-08-01 06:45:00,1.1429,1.14372,1.14126,8.20000000000043,False,1,2,1.8256097560975701,2025
venta,2025-08-01 11:55:00,1.14045,1.14223,1.1368899999999997,17.80000000000115,False,0,-1,-1.0803370786516802,2025
venta,2025-08-01 14:50:00,1.15554,1.15828,1.15006,27.399999999999647,False,0,-1,-1.0521897810218985,2025
venta,2025-08-04 18:30:00,1.15705,1.15737,1.1564099999999997,3.20000000000098,False,1,2,1.5531250000001369,2025
compra,2025-08-05 09:45:00,1.1545,1.15298,1.1575400000000005,15.200000000001879,True,0,-1,-1.0940789473684094,2025
venta,2025-08-06 16:20:00,1.16394,1.16483,1.1621599999999999,8.900000000000574,False,0,-1,-1.1606741573033603,2025
compra,2025-08-07 06:45:00,1.1678,1.16678,1.16984,10.200000000000209,True,1,2,1.8598039215686304,2025
venta,2025-08-07 11:05:00,1.16594,1.16818,1.16146,22.400000000000198,False,1,2,1.936160714285715,2025
venta,2025-08-10 21:35:00,1.1643,1.16494,1.1630199999999995,6.40000000000196,False,0,-1,-1.2234374999999316,2025
venta,2025-08-11 22:30:00,1.16119,1.16183,1.15991,6.399999999999739,False,0,-1,-1.223437500000009,2025
venta,2025-08-12 23:30:00,1.1675,1.16777,1.16696,2.6999999999999247,False,0,-1,-1.5296296296296443,2025
venta,2025-08-14 00:20:00,1.17102,1.17148,1.1700999999999997,4.60000000000127,False,0,-1,-1.3108695652173055,2025
compra,2025-08-14 06:10:00,1.17057,1.16969,1.1723300000000005,8.80000000000214,True,0,-1,-1.1624999999999606,2025
venta,2025-08-14 22:45:00,1.16495,1.16528,1.1642899999999996,3.300000000001635,False,0,-1,-1.4333333333331186,2025
compra,2025-08-15 12:35:00,1.16949,1.16814,1.1721899999999998,13.499999999999623,True,0,-1,-1.1059259259259289,2025
venta,2025-08-18 11:55:00,1.16747,1.16879,1.16483,13.199999999999878,False,1,2,1.8916666666666657,2025
compra,2025-08-20 02:30:00,1.16282,1.16234,1.16378,4.8000000000003595,True,0,-1,-1.2979166666666444,2025
venta,2025-08-20 04:40:00,1.16343,1.16381,1.1626699999999999,3.8000000000004697,False,0,-1,-1.3763157894736378,2025
venta,2025-08-20 06:05:00,1.16239,1.16395,1.15927,15.600000000000058,False,0,-1,-1.0916666666666663,2025
compra,2025-08-21 05:50:00,1.16483,1.16415,1.16619,6.800000000000139,True,0,-1,-1.2102941176470545,2025
compra,2025-08-21 07:30:00,1.16523,1.16249,1.17071,27.399999999999647,True,0,-1,-1.0521897810218985,2025
venta,2025-08-21 11:45:00,1.16434,1.16572,1.1615799999999996,13.800000000001589,False,1,2,1.8963768115942148,2025
compra,2025-08-22 16:30:00,1.1725,1.17118,1.17514,13.199999999999878,True,0,-1,-1.1083333333333343,2025
compra,2025-08-26 00:35:00,1.16559,1.161,1.1747699999999996,45.89999999999872,True,0,-1,-1.0311546840958614,2025
venta,2025-08-26 22:40:00,1.16445,1.16475,1.16385,2.9999999999996696,False,1,2,1.5233333333332808,2025
compra,2025-08-27 13:05:00,1.15968,1.1585,1.16204,11.799999999999589,True,0,-1,-1.1211864406779704,2025
venta,2025-08-27 17:25:00,1.16342,1.16428,1.1616999999999997,8.60000000000083,False,0,-1,-1.166279069767426,2025
venta,2025-08-28 01:35:00,1.1643,1.16503,1.1628399999999997,7.300000000001194,False,0,-1,-1.1958904109588722,2025
venta,2025-08-29 20:30:00,1.1693,1.17005,1.1678,7.500000000000284,False,0,-1,-1.1906666666666594,2025
venta,2025-09-01 03:45:00,1.17068,1.17142,1.1692,7.399999999999629,False,0,-1,-1.193243243243253,2025
compra,2025-09-02 21:50:00,1.16413,1.16373,1.1649300000000005,4.00000000000178,True,0,-1,-1.357499999999841,2025
compra,2025-09-03 04:30:00,1.1629,1.16218,1.1643400000000002,7.200000000000539,True,0,-1,-1.1986111111110962,2025
compra,2025-09-04 05:55:00,1.16551,1.16492,1.1666900000000002,5.9000000000009045,True,0,-1,-1.242372881355895,2025
venta,2025-09-04 22:35:00,1.16491,1.16531,1.1641099999999995,4.00000000000178,False,0,-1,-1.357499999999841,2025
venta,2025-09-05 02:45:00,1.1671,1.16745,1.1663999999999999,3.5000000000007248,False,0,-1,-1.408571428571344,2025
venta,2025-09-05 10:55:00,1.16914,1.16949,1.1684400000000004,3.4999999999985043,False,1,2,1.5914285714283969,2025
compra,2025-09-05 11:55:00,1.1687,1.16818,1.1697400000000002,5.20000000000076,True,1,2,1.72500000000004,2025
venta,2025-09-05 14:20:00,1.17356,1.17592,1.1688399999999997,23.600000000001398,False,0,-1,-1.0605932203389794,2025
compra,2025-09-07 21:25:00,1.17164,1.17102,1.1728800000000001,6.200000000000649,True,0,-1,-1.2306451612902984,2025
venta,2025-09-07 22:30:00,1.17083,1.17197,1.1685500000000002,11.399999999999189,False,0,-1,-1.125438596491237,2025
compra,2025-09-08 00:50:00,1.1711,1.17048,1.1723400000000002,6.200000000000649,True,1,2,1.7693548387097016,2025
venta,2025-09-08 01:40:00,1.17087,1.17173,1.1691500000000004,8.599999999998609,False,0,-1,-1.1662790697674688,2025
compra,2025-09-08 10:40:00,1.17267,1.17205,1.1739100000000002,6.200000000000649,True,1,2,1.7693548387097016,2025
venta,2025-09-09 21:20:00,1.17065,1.17117,1.1696099999999998,5.20000000000076,False,0,-1,-1.27499999999996,2025
compra,2025-09-10 01:35:00,1.16975,1.16919,1.1708700000000003,5.60000000000116,True,1,2,1.74464285714291,2025
venta,2025-09-10 06:55:00,1.16976,1.17184,1.1655999999999997,20.800000000000818,False,0,-1,-1.0687499999999972,2025
compra,2025-09-10 17:55:00,1.17058,1.17015,1.1714399999999998,4.299999999999304,True,0,-1,-1.3325581395349375,2025
compra,2025-09-11 01:25:00,1.17007,1.16927,1.1716699999999998,7.999999999999119,True,0,-1,-1.1787500000000197,2025
compra,2025-09-11 04:30:00,1.16969,1.16946,1.1701499999999998,2.2999999999995246,True,0,-1,-1.6217391304349111,2025
venta,2025-09-11 11:35:00,1.16807,1.16907,1.1660699999999997,10.000000000001119,False,0,-1,-1.142999999999984,2025
venta,2025-09-11 14:25:00,1.17316,1.17442,1.17064,12.600000000000389,False,0,-1,-1.11349206349206,2025
compra,2025-09-12 03:30:00,1.17262,1.17227,1.1733200000000001,3.5000000000007248,True,0,-1,-1.408571428571344,2025
compra,2025-09-12 04:45:00,1.1726,1.17206,1.17368,5.399999999999849,True,1,2,1.7351851851851778,2025
venta,2025-09-12 11:35:00,1.17249,1.17354,1.17039,10.499999999999954,False,1,2,1.8638095238095231,2025
compra,2025-09-15 00:55:00,1.17268,1.17218,1.1736799999999998,4.999999999999449,True,0,-1,-1.2860000000000316,2025
venta,2025-09-15 23:55:00,1.17628,1.17657,1.1757000000000002,2.8999999999990145,False,0,-1,-1.4931034482760297,2025
venta,2025-09-16 00:05:00,1.17633,1.17657,1.1758500000000005,2.3999999999979593,False,1,2,1.40416666666616,2025
compra,2025-09-16 11:35:00,1.18073,1.18011,1.1819700000000002,6.200000000000649,True,1,2,1.7693548387097016,2025
venta,2025-09-16 17:55:00,1.1866,1.18783,1.1841400000000004,12.299999999998423,False,1,2,1.8837398373983592,2025
compra,2025-09-18 00:50:00,1.18269,1.18149,1.1850900000000002,12.000000000000899,True,0,-1,-1.1191666666666578,2025
compra,2025-09-19 00:50:00,1.17883,1.17751,1.18147,13.199999999999878,True,0,-1,-1.1083333333333343,2025
venta,2025-09-21 22:20:00,1.17412,1.17477,1.17282,6.500000000000394,False,1,2,1.7800000000000133,2025
compra,2025-09-22 11:50:00,1.17785,1.17692,1.1797100000000003,9.300000000000974,True,0,-1,-1.1537634408601989,2025
compra,2025-09-22 21:40:00,1.17994,1.17932,1.1811800000000001,6.200000000000649,True,1,2,1.7693548387097016,2025
venta,2025-09-23 13:25:00,1.17947,1.18044,1.1775300000000002,9.699999999999154,False,0,-1,-1.147422680412384,2025
venta,2025-09-23 20:30:00,1.18134,1.18183,1.1803600000000003,4.899999999998794,False,0,-1,-1.2918367346939492,2025
compra,2025-09-23 21:55:00,1.18144,1.18108,1.1821600000000003,3.60000000000138,True,0,-1,-1.3972222222220698,2025
compra,2025-09-23 23:20:00,1.18159,1.18138,1.1820099999999996,2.0999999999982144,True,0,-1,-1.6809523809529598,2025
venta,2025-09-24 05:30:00,1.17968,1.18049,1.17806,8.099999999999774,False,1,2,1.823456790123452,2025
compra,2025-09-24 07:35:00,1.17922,1.17841,1.18084,8.099999999999774,True,0,-1,-1.176543209876548,2025
compra,2025-09-24 19:35:00,1.17361,1.17319,1.1744500000000002,4.20000000000087,True,1,2,1.65952380952388,2025
venta,2025-09-24 23:55:00,1.17423,1.1745,1.1736900000000001,2.6999999999999247,False,0,-1,-1.5296296296296443,2025
compra,2025-09-25 00:55:00,1.17473,1.17406,1.17607,6.699999999999484,True,0,-1,-1.2134328358209119,2025
venta,2025-09-25 16:45:00,1.16712,1.16831,1.1647399999999999,11.900000000000244,False,1,2,1.8798319327731117,2025
compra,2025-09-25 18:35:00,1.16546,1.16454,1.1673,9.200000000000319,True,1,2,1.8445652173913096,2025
compra,2025-09-26 04:10:00,1.16789,1.1675,1.1686700000000003,3.900000000001125,True,0,-1,-1.366666666666561,2025
venta,2025-09-26 05:55:00,1.16769,1.16818,1.1667099999999997,4.900000000001015,False,0,-1,-1.291836734693817,2025
venta,2025-09-26 06:40:00,1.16749,1.16837,1.16573,8.799999999999919,False,0,-1,-1.1625000000000014,2025
compra,2025-09-28 21:50:00,1.17036,1.16986,1.1713600000000004,5.00000000000167,True,1,2,1.7140000000000954,2025
venta,2025-09-29 03:55:00,1.17251,1.17292,1.17169,4.100000000000215,False,0,-1,-1.3487804878048597,2025
venta,2025-09-29 13:20:00,1.17385,1.17515,1.1712500000000003,12.999999999998568,False,0,-1,-1.110000000000012,2025
compra,2025-09-29 18:35:00,1.17293,1.17199,1.17481,9.399999999999409,True,0,-1,-1.1521276595744776,2025
compra,2025-09-30 21:50:00,1.17361,1.17334,1.17415,2.6999999999999247,True,0,-1,-1.5296296296296443,2025
venta,2025-09-30 23:55:00,1.17344,1.17424,1.1718400000000002,7.999999999999119,False,0,-1,-1.1787500000000197,2025
venta,2025-10-01 05:40:00,1.1757,1.17634,1.17442,6.399999999999739,False,0,-1,-1.223437500000009,2025
compra,2025-10-01 06:35:00,1.17642,1.17505,1.1791600000000002,13.700000000000934,True,0,-1,-1.1043795620437884,2025
compra,2025-10-01 12:15:00,1.17625,1.17203,1.1846900000000002,42.200000000001125,True,0,-1,-1.0338862559241697,2025
venta,2025-10-01 17:55:00,1.17237,1.17325,1.17061,8.799999999999919,False,0,-1,-1.1625000000000014,2025
venta,2025-10-02 12:55:00,1.17375,1.17583,1.1695900000000004,20.799999999998597,False,1,2,1.9312499999999955,2025
compra,2025-10-02 21:30:00,1.17167,1.1713,1.17241,3.6999999999998145,True,1,2,1.6135135135134941,2025
venta,2025-10-03 13:50:00,1.17356,1.1743,1.17208,7.399999999999629,False,0,-1,-1.193243243243253,2025
compra,2025-10-06 18:25:00,1.1714,1.17095,1.1723000000000001,4.500000000000615,True,0,-1,-1.3177777777777344,2025
venta,2025-10-08 04:40:00,1.16163,1.16251,1.15987,8.799999999999919,False,0,-1,-1.1625000000000014,2025
compra,2025-10-08 05:30:00,1.16182,1.16119,1.1630800000000003,6.300000000001305,True,0,-1,-1.22698412698408,2025
venta,2025-10-08 06:10:00,1.1612,1.16191,1.15978,7.099999999999884,False,0,-1,-1.2014084507042286,2025
venta,2025-10-08 13:45:00,1.16283,1.16447,1.1595500000000003,16.399999999998638,False,0,-1,-1.0871951219512268,2025
compra,2025-10-08 18:35:00,1.16192,1.15996,1.16584,19.599999999999618,True,0,-1,-1.0729591836734709,2025
venta,2025-10-09 13:35:00,1.16049,1.16231,1.1568500000000002,18.199999999999328,False,1,2,1.9214285714285686,2025
venta,2025-10-10 01:55:00,1.15626,1.15714,1.1545,8.799999999999919,False,0,-1,-1.1625000000000014,2025
compra,2025-10-13 05:15:00,1.16226,1.16191,1.1629600000000002,3.5000000000007248,True,0,-1,-1.408571428571344,2025
compra,2025-10-15 00:20:00,1.16077,1.16017,1.1619700000000004,6.00000000000156,True,1,2,1.7616666666667287,2025
venta,2025-10-15 08:55:00,1.16326,1.16445,1.16088,11.900000000000244,False,0,-1,-1.1201680672268883,2025
compra,2025-10-15 13:25:00,1.16203,1.16103,1.1640299999999997,9.999999999998899,True,1,2,1.8569999999999842,2025
compra,2025-10-16 00:10:00,1.16486,1.16448,1.16562,3.8000000000004697,True,1,2,1.6236842105263622,2025
venta,2025-10-16 06:50:00,1.16541,1.16678,1.1626700000000003,13.699999999998713,False,0,-1,-1.1043795620438055,2025
venta,2025-10-16 15:50:00,1.16642,1.1678,1.1636600000000001,13.799999999999368,False,0,-1,-1.1036231884058019,2025
venta,2025-10-17 16:55:00,1.16708,1.16793,1.1653799999999999,8.500000000000174,False,1,2,1.8317647058823563,2025
compra,2025-10-21 04:55:00,1.16359,1.16318,1.1644099999999995,4.099999999997994,True,0,-1,-1.3487804878050487,2025
venta,2025-10-21 11:40:00,1.16178,1.16257,1.1602,7.900000000000684,False,1,2,1.8189873417721676,2025
venta,2025-10-21 16:35:00,1.1611,1.16244,1.1584200000000002,13.399999999998968,False,1,2,1.893283582089544,2025
venta,2025-10-22 12:20:00,1.15821,1.15883,1.1569699999999998,6.200000000000649,False,0,-1,-1.2306451612902984,2025
compra,2025-10-23 17:45:00,1.16098,1.16043,1.1620799999999996,5.499999999998284,True,1,2,1.739999999999919,2025
compra,2025-10-24 03:20:00,1.16089,1.16078,1.16111,1.100000000000545,True,0,-1,-2.299999999999356,2025
compra,2025-10-27 07:40:00,1.16312,1.16176,1.16584,13.600000000000279,True,1,2,1.8948529411764727,2025
compra,2025-10-27 17:40:00,1.16434,1.1635,1.1660199999999998,8.399999999999519,True,1,2,1.829761904761895,2025
compra,2025-10-28 07:30:00,1.16601,1.16499,1.16805,10.200000000000209,True,0,-1,-1.1401960784313696,2025
compra,2025-10-28 22:55:00,1.16568,1.16497,1.1671,7.099999999999884,True,0,-1,-1.2014084507042286,2025
compra,2025-10-29 13:55:00,1.16503,1.16316,1.16877,18.700000000000383,True,0,-1,-1.0764705882352925,2025
venta,2025-10-29 15:45:00,1.16588,1.16635,1.16494,4.699999999999704,False,1,2,1.6957446808510448,2025
compra,2025-10-30 20:35:00,1.15673,1.15631,1.1575700000000002,4.20000000000087,True,1,2,1.65952380952388,2025
venta,2025-11-02 23:50:00,1.15272,1.15383,1.1505,11.099999999999444,False,0,-1,-1.1288288288288353,2025
compra,2025-11-03 21:35:00,1.15199,1.15168,1.1526100000000001,3.1000000000003247,True,0,-1,-1.4612903225805969,2025
compra,2025-11-04 05:50:00,1.15132,1.15073,1.1524999999999996,5.899999999998684,True,1,2,1.7576271186440138,2025
compra,2025-11-04 18:40:00,1.1486,1.14809,1.14962,5.1000000000001044,True,0,-1,-1.2803921568627392,2025
compra,2025-11-04 20:30:00,1.14809,1.1475,1.1492700000000002,5.9000000000009045,True,1,2,1.757627118644105,2025
venta,2025-11-05 08:55:00,1.14886,1.14949,1.1476000000000002,6.299999999999084,False,1,2,1.77301587301584,2025
venta,2025-11-05 13:30:00,1.14813,1.14934,1.1457100000000002,12.099999999999334,False,0,-1,-1.1181818181818246,2025
venta,2025-11-06 04:45:00,1.15043,1.15082,1.1496500000000003,3.8999999999989043,False,0,-1,-1.3666666666667697,2025
compra,2025-11-06 05:55:00,1.151,1.15035,1.1523,6.500000000000394,True,1,2,1.7800000000000133,2025
venta,2025-11-06 06:35:00,1.15081,1.15137,1.1496900000000003,5.599999999998939,False,0,-1,-1.2553571428571912,2025
venta,2025-11-06 08:30:00,1.15088,1.15161,1.1494199999999997,7.300000000001194,False,0,-1,-1.1958904109588722,2025
venta,2025-11-06 19:35:00,1.15462,1.155,1.1538599999999999,3.8000000000004697,False,0,-1,-1.3763157894736378,2025
compra,2025-11-06 22:40:00,1.15458,1.15416,1.1554199999999997,4.199999999998649,True,0,-1,-1.3404761904762998,2025
compra,2025-11-07 04:50:00,1.15362,1.15323,1.1544000000000003,3.900000000001125,True,0,-1,-1.366666666666561,2025
compra,2025-11-07 08:05:00,1.15383,1.15307,1.1553499999999997,7.599999999998719,True,0,-1,-1.1881578947368738,2025
venta,2025-11-09 23:05:00,1.15479,1.15578,1.15281,9.900000000000464,False,0,-1,-1.1444444444444377,2025
compra,2025-11-11 07:55:00,1.15599,1.15495,1.1580700000000004,10.40000000000152,True,1,2,1.86250000000002,2025
venta,2025-11-11 08:55:00,1.15545,1.15682,1.1527100000000003,13.699999999998713,False,0,-1,-1.1043795620438055,2025
venta,2025-11-11 11:40:00,1.15703,1.15777,1.15555,7.399999999999629,False,0,-1,-1.193243243243253,2025
compra,2025-11-11 22:55:00,1.15857,1.15819,1.1593300000000002,3.8000000000004697,True,0,-1,-1.3763157894736378,2025
venta,2025-11-12 12:30:00,1.15735,1.15798,1.1560900000000003,6.299999999999084,False,0,-1,-1.22698412698416,2025
venta,2025-11-12 23:35:00,1.15914,1.15945,1.15852,3.1000000000003247,False,1,2,1.5387096774194031,2025
venta,2025-11-13 08:35:00,1.16103,1.16192,1.15925,8.900000000000574,False,0,-1,-1.1606741573033603,2025
venta,2025-11-14 06:40:00,1.16381,1.16485,1.1617300000000002,10.399999999999299,False,1,2,1.8624999999999907,2025
venta,2025-11-14 21:55:00,1.16172,1.16231,1.1605400000000003,5.899999999998684,False,0,-1,-1.2423728813559862,2025
venta,2025-11-16 23:40:00,1.16187,1.16244,1.16073,5.699999999999594,False,1,2,1.749122807017526,2025
venta,2025-11-17 05:55:00,1.16002,1.16049,1.15908,4.699999999999704,False,0,-1,-1.3042553191489552,2025
venta,2025-11-17 12:35:00,1.16006,1.16039,1.1594000000000002,3.2999999999994145,False,1,2,1.5666666666665898,2025
venta,2025-11-17 19:30:00,1.15889,1.15937,1.15793,4.8000000000003595,False,0,-1,-1.2979166666666444,2025
compra,2025-11-19 02:30:00,1.1579,1.15723,1.1592399999999998,6.699999999999484,True,1,2,1.7865671641790881,2025
venta,2025-11-21 04:45:00,1.15374,1.1542,1.1528200000000002,4.599999999999049,False,0,-1,-1.3108695652174556,2025
compra,2025-11-21 12:45:00,1.15256,1.14965,1.15838,29.09999999999968,True,0,-1,-1.0491408934707909,2025
compra,2025-11-24 00:55:00,1.15068,1.15031,1.1514199999999999,3.6999999999998145,True,1,2,1.6135135135134941,2025
compra,2025-11-24 17:40:00,1.15189,1.15114,1.1533900000000001,7.500000000000284,True,0,-1,-1.1906666666666594,2025
compra,2025-11-24 22:45:00,1.15242,1.1519,1.1534600000000002,5.20000000000076,True,0,-1,-1.27499999999996,2025
venta,2025-11-25 03:45:00,1.15198,1.15301,1.1499199999999998,10.300000000000864,False,0,-1,-1.138834951456299,2025
venta,2025-11-25 23:35:00,1.15665,1.15729,1.15537,6.399999999999739,False,0,-1,-1.223437500000009,2025
compra,2025-11-26 00:20:00,1.15681,1.1564,1.1576299999999995,4.099999999997994,True,0,-1,-1.3487804878050487,2025
venta,2025-11-26 18:30:00,1.15904,1.15964,1.1578400000000002,5.999999999999339,False,0,-1,-1.2383333333333595,2025
venta,2025-11-27 11:15:00,1.15806,1.15849,1.1572000000000002,4.299999999999304,False,0,-1,-1.3325581395349375,2025
venta,2025-11-27 17:05:00,1.15951,1.16002,1.15849,5.1000000000001044,False,0,-1,-1.2803921568627392,2025
venta,2025-11-28 12:55:00,1.15656,1.15728,1.15512,7.200000000000539,False,0,-1,-1.1986111111110962,2025
compra,2025-11-30 22:55:00,1.15987,1.15912,1.16137,7.500000000000284,True,1,2,1.8093333333333406,2025
compra,2025-12-01 06:55:00,1.15962,1.15903,1.1608000000000003,5.9000000000009045,True,1,2,1.757627118644105,2025
venta,2025-12-02 04:45:00,1.16097,1.1614,1.1601100000000002,4.299999999999304,False,0,-1,-1.3325581395349375,2025
venta,2025-12-02 13:45:00,1.1612,1.16194,1.15972,7.399999999999629,False,0,-1,-1.193243243243253,2025
venta,2025-12-03 05:35:00,1.16414,1.16436,1.1636999999999997,2.20000000000109,False,0,-1,-1.649999999999678,2025
venta,2025-12-04 12:20:00,1.16745,1.16808,1.1661900000000003,6.299999999999084,False,1,2,1.77301587301584,2025
venta,2025-12-04 23:30:00,1.16412,1.16447,1.1634200000000003,3.4999999999985043,False,0,-1,-1.4085714285716031,2025
compra,2025-12-05 20:55:00,1.1644,1.16403,1.1651400000000005,3.700000000002035,True,0,-1,-1.386486486486274,2025
venta,2025-12-05 21:55:00,1.16388,1.16454,1.1625600000000003,6.599999999998829,False,0,-1,-1.216666666666705,2025
compra,2025-12-07 22:50:00,1.16435,1.16341,1.1662299999999999,9.399999999999409,True,1,2,1.8478723404255224,2025
venta,2025-12-08 03:40:00,1.16514,1.16554,1.1643400000000002,3.9999999999995595,False,0,-1,-1.3575000000000395,2025
compra,2025-12-08 04:30:00,1.16543,1.16496,1.16637,4.699999999999704,True,1,2,1.6957446808510448,2025
compra,2025-12-09 01:45:00,1.16436,1.16358,1.16592,7.800000000000029,True,0,-1,-1.1833333333333327,2025
compra,2025-12-10 13:45:00,1.16374,1.16276,1.1657,9.799999999999809,True,1,2,1.8540816326530585,2025
compra,2025-12-10 22:55:00,1.16951,1.1688,1.17093,7.099999999999884,True,0,-1,-1.2014084507042286,2025
compra,2025-12-11 06:55:00,1.16889,1.16821,1.17025,6.800000000000139,True,1,2,1.7897058823529455,2025
compra,2025-12-11 22:30:00,1.17391,1.1736,1.17453,3.1000000000003247,True,1,2,1.5387096774194031,2025
venta,2025-12-12 00:50:00,1.17394,1.17444,1.17294,4.999999999999449,False,0,-1,-1.2860000000000316,2025
compra,2025-12-12 02:35:00,1.17375,1.17311,1.17503,6.399999999999739,True,0,-1,-1.223437500000009,2025
venta,2025-12-14 23:55:00,1.17369,1.17406,1.1729499999999995,3.700000000002035,False,1,2,1.613513513513726,2025
venta,2025-12-16 07:05:00,1.17456,1.17515,1.1733800000000003,5.899999999998684,False,0,-1,-1.2423728813559862,2025
venta,2025-12-18 07:55:00,1.17337,1.17474,1.1706300000000003,13.699999999998713,False,0,-1,-1.1043795620438055,2025
venta,2025-12-18 11:55:00,1.17206,1.17273,1.1707200000000002,6.699999999999484,False,0,-1,-1.2134328358209119,2025
venta,2025-12-18 20:45:00,1.17227,1.17277,1.1712699999999996,5.00000000000167,False,0,-1,-1.2859999999999046,2025
venta,2025-12-19 09:30:00,1.17106,1.17165,1.1698799999999998,5.9000000000009045,False,0,-1,-1.242372881355895,2025
compra,2025-12-19 16:55:00,1.17208,1.17082,1.1746,12.600000000000389,True,0,-1,-1.11349206349206,2025
venta,2025-12-19 18:55:00,1.172,1.17271,1.17058,7.099999999999884,False,1,2,1.7985915492957714,2025
venta,2025-12-19 20:45:00,1.17168,1.17255,1.1699400000000002,8.699999999999264,False,0,-1,-1.164367816091968,2025
venta,2025-12-24 02:55:00,1.17982,1.18079,1.1778800000000003,9.699999999999154,False,1,2,1.852577319587616,2025
venta,2025-12-25 01:55:00,1.17726,1.17835,1.17508,10.900000000000354,False,0,-1,-1.1311926605504545,2025
venta,2025-12-26 10:55:00,1.17728,1.17796,1.1759200000000005,6.799999999997919,False,0,-1,-1.2102941176471231,2025
venta,2025-12-28 23:55:00,1.17722,1.17777,1.1761199999999998,5.5000000000005045,False,0,-1,-1.2599999999999763,2025
venta,2025-12-30 05:30:00,1.1776,1.17788,1.1770399999999999,2.80000000000058,False,0,-1,-1.51071428571418,2025
compra,2025-12-30 08:30:00,1.17734,1.17659,1.17884,7.500000000000284,True,0,-1,-1.1906666666666594,2025
compra,2025-12-31 15:50:00,1.17398,1.17202,1.1779,19.599999999999618,True,0,-1,-1.0729591836734709,2025
compra,2026-01-01 22:10:00,1.17484,1.17464,1.1752400000000005,2.000000000002,True,0,-1,-1.7149999999992849,2026
compra,2026-01-02 13:15:00,1.17269,1.17212,1.17383,5.699999999999594,True,0,-1,-1.250877192982474,2026
compra,2026-01-05 12:30:00,1.1684,1.16775,1.1697000000000002,6.500000000000394,True,0,-1,-1.2199999999999867,2026
compra,2026-01-06 04:30:00,1.17352,1.17324,1.1740799999999996,2.7999999999983594,True,0,-1,-1.510714285714585,2026
venta,2026-01-07 04:50:00,1.16932,1.17019,1.1675799999999996,8.700000000001484,False,1,2,1.835632183908074,2026
compra,2026-01-07 22:35:00,1.1677,1.16727,1.1685599999999998,4.299999999999304,True,0,-1,-1.3325581395349375,2026
compra,2026-01-08 19:30:00,1.16476,1.16425,1.16578,5.1000000000001044,True,1,2,1.7196078431372608,2026
venta,2026-01-08 23:30:00,1.16572,1.16621,1.1647400000000003,4.899999999998794,False,1,2,1.7081632653060508,2026
compra,2026-01-12 02:35:00,1.16624,1.16555,1.1676199999999997,6.899999999998574,True,0,-1,-1.207246376811637,2026
compra,2026-01-13 03:10:00,1.16606,1.16568,1.1668200000000002,3.8000000000004697,True,0,-1,-1.3763157894736378,2026
venta,2026-01-13 10:50:00,1.16657,1.16701,1.1656900000000001,4.3999999999999595,False,0,-1,-1.3250000000000028,2026
compra,2026-01-14 02:45:00,1.16425,1.16359,1.1655700000000002,6.6000000000010495,True,1,2,1.7833333333333679,2026
compra,2026-01-15 05:05:00,1.16376,1.16344,1.1643999999999997,3.1999999999987594,True,0,-1,-1.446875000000173,2026
venta,2026-01-15 06:10:00,1.16339,1.16378,1.1626099999999997,3.900000000001125,False,1,2,1.633333333333439,2026
compra,2026-01-16 01:35:00,1.16063,1.16023,1.16143,3.9999999999995595,True,1,2,1.6424999999999605,2026
venta,2026-01-16 15:20:00,1.16053,1.16195,1.15769,14.199999999999768,False,0,-1,-1.1007042253521142,2026
compra,2026-01-19 20:55:00,1.1645,1.16417,1.1651600000000004,3.300000000001635,True,0,-1,-1.4333333333331186,2026
venta,2026-01-19 22:55:00,1.1645,1.16473,1.1640400000000002,2.2999999999995246,False,1,2,1.3782608695650889,2026
compra,2026-01-20 10:55:00,1.1731,1.17152,1.1762600000000003,15.800000000001369,True,1,2,1.909493670886084,2026
compra,2026-01-20 13:30:00,1.17453,1.17247,1.1786500000000004,20.600000000001728,True,0,-1,-1.0694174757281496,2026
compra,2026-01-20 20:25:00,1.17193,1.17106,1.1736699999999998,8.699999999999264,True,0,-1,-1.164367816091968,2026
compra,2026-01-21 06:10:00,1.17188,1.17155,1.17254,3.2999999999994145,True,0,-1,-1.4333333333334102,2026
venta,2026-01-21 19:25:00,1.16861,1.16998,1.1658699999999997,13.700000000000934,False,0,-1,-1.1043795620437884,2026
compra,2026-01-23 04:35:00,1.17467,1.17429,1.1754300000000002,3.8000000000004697,True,0,-1,-1.3763157894736378,2026
compra,2026-01-26 00:45:00,1.18574,1.18445,1.18832,12.900000000000134,True,0,-1,-1.1108527131782935,2026
compra,2026-01-26 04:10:00,1.1867,1.1858,1.1885000000000003,9.00000000000123,True,0,-1,-1.158888888888867,2026
venta,2026-01-26 21:10:00,1.18792,1.18836,1.18704,4.3999999999999595,False,0,-1,-1.3250000000000028,2026
venta,2026-01-26 23:35:00,1.18746,1.18819,1.1859999999999997,7.300000000001194,False,0,-1,-1.1958904109588722,2026
venta,2026-01-27 23:05:00,1.20303,1.2042,1.2006900000000003,11.699999999998933,False,1,2,1.8777777777777667,2026
compra,2026-01-28 00:30:00,1.20204,1.20081,1.2045000000000001,12.300000000000644,True,0,-1,-1.11626016260162,2026
compra,2026-01-28 23:10:00,1.19593,1.19416,1.1994699999999996,17.699999999998273,True,1,2,1.9192090395480148,2026
venta,2026-01-29 00:55:00,1.19734,1.19851,1.1950000000000003,11.699999999998933,False,0,-1,-1.1222222222222333,2026
venta,2026-01-29 07:25:00,1.19821,1.19964,1.19535,14.300000000000423,False,1,2,1.900000000000003,2026
venta,2026-01-29 13:35:00,1.19583,1.19683,1.1938299999999997,10.000000000001119,False,0,-1,-1.142999999999984,2026
venta,2026-01-30 08:25:00,1.19333,1.19431,1.19137,9.799999999999809,False,1,2,1.8540816326530585,2026
compra,2026-02-02 08:10:00,1.18617,1.18519,1.18813,9.799999999999809,True,0,-1,-1.1459183673469415,2026
venta,2026-02-02 21:50:00,1.17898,1.17945,1.1780399999999995,4.700000000001925,False,0,-1,-1.3042553191488115,2026
venta,2026-02-04 06:40:00,1.18314,1.18361,1.1822000000000001,4.699999999999704,False,0,-1,-1.3042553191489552,2026
venta,2026-02-04 13:15:00,1.18179,1.18248,1.1804099999999997,6.900000000000794,False,0,-1,-1.2072463768115704,2026
venta,2026-02-04 23:50:00,1.18023,1.18076,1.1791699999999996,5.300000000001415,False,0,-1,-1.2698113207546449,2026
compra,2026-02-05 00:45:00,1.18026,1.18,1.1807800000000004,2.60000000000149,True,1,2,1.4500000000003153,2026
compra,2026-02-05 03:55:00,1.17892,1.17841,1.17994,5.1000000000001044,True,0,-1,-1.2803921568627392,2026
venta,2026-02-05 06:10:00,1.17853,1.17902,1.1775500000000003,4.899999999998794,False,0,-1,-1.2918367346939492,2026
compra,2026-02-10 19:40:00,1.18966,1.18866,1.1916599999999997,9.999999999998899,True,0,-1,-1.1430000000000158,2026
venta,2026-02-12 12:35:00,1.18778,1.18861,1.1861200000000003,8.299999999998864,False,0,-1,-1.1722891566265297,2026
venta,2026-02-12 14:10:00,1.18778,1.18784,1.1876600000000002,0.5999999999994898,False,0,-1,-3.3833333333353597,2026
venta,2026-02-12 16:10:00,1.18692,1.18877,1.1832199999999997,18.500000000001293,False,1,2,1.9227027027027082,2026
compra,2026-02-12 22:55:00,1.18711,1.18646,1.1884100000000002,6.500000000000394,True,0,-1,-1.2199999999999867,2026
compra,2026-02-13 00:55:00,1.18725,1.18669,1.1883699999999997,5.599999999998939,True,0,-1,-1.2553571428571912,2026
venta,2026-02-13 21:55:00,1.18655,1.18752,1.1846100000000002,9.699999999999154,False,0,-1,-1.147422680412384,2026
compra,2026-02-16 05:25:00,1.18639,1.18607,1.1870300000000003,3.20000000000098,True,0,-1,-1.4468749999998631,2026
compra,2026-02-16 23:55:00,1.18503,1.18465,1.1857900000000001,3.8000000000004697,True,0,-1,-1.3763157894736378,2026
compra,2026-02-18 02:50:00,1.18455,1.18415,1.18535,3.9999999999995595,True,0,-1,-1.3575000000000395,2026
compra,2026-02-18 06:55:00,1.18446,1.18402,1.18534,4.3999999999999595,True,0,-1,-1.3250000000000028,2026
venta,2026-02-18 09:40:00,1.18309,1.18385,1.1815699999999998,7.600000000000939,False,0,-1,-1.1881578947368188,2026
compra,2026-02-18 11:45:00,1.18361,1.18305,1.1847300000000003,5.60000000000116,True,1,2,1.74464285714291,2026
venta,2026-02-20 13:30:00,1.17618,1.17707,1.1743999999999999,8.900000000000574,False,0,-1,-1.1606741573033603,2026
venta,2026-02-20 21:55:00,1.17814,1.17914,1.1761399999999997,10.000000000001119,False,0,-1,-1.142999999999984,2026
compra,2026-02-23 12:50:00,1.1781,1.17744,1.1794199999999997,6.599999999998829,True,1,2,1.783333333333295,2026
venta,2026-02-23 15:50:00,1.17946,1.18098,1.17642,15.199999999999658,False,0,-1,-1.0940789473684231,2026
compra,2026-02-24 19:25:00,1.17812,1.17764,1.1790800000000001,4.8000000000003595,True,0,-1,-1.2979166666666444,2026
venta,2026-02-25 07:55:00,1.17969,1.18078,1.1775099999999998,10.900000000000354,False,1,2,1.8688073394495455,2026
venta,2026-02-25 13:45:00,1.17789,1.17901,1.1756500000000005,11.199999999997878,False,0,-1,-1.1276785714285955,2026
compra,2026-02-26 10:55:00,1.17984,1.17958,1.1803599999999999,2.5999999999992696,True,1,2,1.4499999999998456,2026
compra,2026-02-26 14:30:00,1.18088,1.18022,1.1821999999999997,6.599999999998829,True,0,-1,-1.216666666666705,2026
venta,2026-02-27 08:30:00,1.18135,1.18216,1.1797299999999995,8.100000000001994,False,1,2,1.8234567901235001,2026
venta,2026-02-27 12:40:00,1.18025,1.18081,1.1791300000000002,5.599999999998939,False,1,2,1.7446428571428088,2026
compra,2026-03-02 14:30:00,1.17154,1.16949,1.1756400000000002,20.500000000001073,True,0,-1,-1.069756097560972,2026
compra,2026-03-02 16:40:00,1.16851,1.16717,1.1711899999999997,13.399999999998968,True,1,2,1.893283582089544,2026
compra,2026-03-04 18:45:00,1.16283,1.16234,1.1638100000000002,4.900000000001015,True,0,-1,-1.291836734693817,2026
compra,2026-03-04 22:55:00,1.16339,1.16255,1.1650699999999998,8.399999999999519,True,0,-1,-1.170238095238105,2026
compra,2026-03-05 00:05:00,1.16367,1.16333,1.16435,3.4000000000000696,True,1,2,1.579411764705891,2026
venta,2026-03-05 01:35:00,1.16361,1.16453,1.16177,9.200000000000319,False,1,2,1.8445652173913096,2026
compra,2026-03-05 16:55:00,1.15836,1.15587,1.1633400000000003,24.900000000001032,True,0,-1,-1.0574297188754995,2026
compra,2026-03-09 06:30:00,1.1556,1.15352,1.1597599999999997,20.799999999998597,True,0,-1,-1.0687500000000045,2026
venta,2026-03-09 21:20:00,1.16283,1.16373,1.1610300000000002,8.999999999999009,False,1,2,1.8411111111110936,2026
compra,2026-03-09 23:35:00,1.16355,1.16114,1.1683700000000001,24.100000000000232,True,0,-1,-1.0593360995850616,2026
compra,2026-03-10 20:40:00,1.16103,1.16051,1.1620700000000002,5.20000000000076,True,0,-1,-1.27499999999996,2026
venta,2026-03-10 21:20:00,1.16072,1.16128,1.1595999999999997,5.60000000000116,False,0,-1,-1.25535714285709,2026
venta,2026-03-11 01:25:00,1.16204,1.16286,1.1603999999999999,8.20000000000043,False,0,-1,-1.1743902439024299,2026
venta,2026-03-11 06:20:00,1.16269,1.16396,1.1601499999999998,12.700000000001044,False,1,2,1.887401574803159,2026
venta,2026-03-11 13:55:00,1.15819,1.15968,1.15521,14.899999999999913,False,1,2,1.9040268456375833,2026
venta,2026-03-11 21:20:00,1.15649,1.15738,1.15471,8.900000000000574,False,1,2,1.8393258426966397,2026
compra,2026-03-12 18:05:00,1.15166,1.15112,1.1527399999999999,5.399999999999849,True,0,-1,-1.2648148148148222,2026
venta,2026-03-16 13:30:00,1.14881,1.15021,1.1460100000000004,13.999999999998458,False,0,-1,-1.1021428571428684,2026
venta,2026-03-16 18:40:00,1.15119,1.15248,1.14861,12.900000000000134,False,1,2,1.8891472868217065,2026
compra,2026-03-17 05:55:00,1.14815,1.14658,1.1512900000000001,15.700000000000713,True,1,2,1.9089171974522334,2026
venta,2026-03-17 10:50:00,1.15101,1.15186,1.14931,8.500000000000174,False,0,-1,-1.1682352941176437,2026
compra,2026-03-17 11:05:00,1.15212,1.15102,1.1543200000000002,11.000000000001009,True,0,-1,-1.1299999999999881,2026
venta,2026-03-17 23:55:00,1.15326,1.15439,1.1509999999999998,11.300000000000754,False,0,-1,-1.1265486725663632,2026
venta,2026-03-18 05:30:00,1.15442,1.15467,1.1539199999999998,2.500000000000835,False,0,-1,-1.571999999999809,2026
compra,2026-03-18 12:55:00,1.15147,1.14905,1.1563100000000002,24.200000000000887,True,0,-1,-1.0590909090909069,2026
venta,2026-03-18 17:35:00,1.14949,1.15249,1.1434899999999997,30.000000000001137,False,0,-1,-1.047666666666665,2026
compra,2026-03-19 01:10:00,1.14883,1.1462,1.1540899999999998,26.299999999999102,True,0,-1,-1.0543726235741464,2026
compra,2026-03-19 06:05:00,1.14684,1.14618,1.1481600000000003,6.6000000000010495,True,0,-1,-1.2166666666666321,2026
venta,2026-03-19 12:25:00,1.14812,1.14898,1.1464000000000003,8.599999999998609,False,0,-1,-1.1662790697674688,2026
venta,2026-03-19 18:50:00,1.15788,1.16161,1.15042,37.30000000000011,False,1,2,1.961662198391421,2026
venta,2026-03-20 07:45:00,1.15691,1.15805,1.1546300000000003,11.399999999999189,False,1,2,1.874561403508763,2026
compra,2026-03-20 09:35:00,1.1551,1.1535,1.1583,16.00000000000046,True,0,-1,-1.0893749999999975,2026
compra,2026-03-20 18:40:00,1.15588,1.15467,1.1582999999999999,12.099999999999334,True,0,-1,-1.1181818181818246,2026
venta,2026-03-23 04:45:00,1.15358,1.15523,1.1502800000000002,16.499999999999293,False,1,2,1.9133333333333296,2026
compra,2026-03-23 21:50:00,1.16159,1.16078,1.1632099999999999,8.099999999999774,True,0,-1,-1.176543209876548,2026
compra,2026-03-24 16:55:00,1.15758,1.15569,1.16136,18.899999999999473,True,1,2,1.9243386243386222,2026
venta,2026-03-25 07:50:00,1.16047,1.16165,1.1581099999999995,11.800000000001809,False,1,2,1.8788135593220525,2026
compra,2026-03-25 13:50:00,1.15856,1.15663,1.16242,19.299999999999873,True,0,-1,-1.074093264248705,2026
venta,2026-03-26 08:15:00,1.15551,1.15604,1.1544500000000002,5.299999999999194,False,0,-1,-1.269811320754758,2026
compra,2026-03-26 19:10:00,1.15467,1.15229,1.1594300000000002,23.800000000000487,True,0,-1,-1.060084033613444,2026
venta,2026-03-27 09:55:00,1.15109,1.1526,1.1480699999999997,15.100000000001224,False,0,-1,-1.0947019867549592,2026
compra,2026-03-27 11:40:00,1.15153,1.15018,1.1542299999999999,13.499999999999623,True,1,2,1.8940740740740711,2026
compra,2026-03-30 02:30:00,1.15091,1.15013,1.15247,7.800000000000029,True,0,-1,-1.1833333333333327,2026
venta,2026-03-30 11:55:00,1.14845,1.15004,1.14527,15.899999999999803,False,1,2,1.9100628930817598,2026
compra,2026-03-31 06:25:00,1.147,1.14607,1.1488600000000002,9.300000000000974,True,0,-1,-1.1537634408601989,2026
compra,2026-03-31 11:25:00,1.14744,1.14574,1.15084,17.000000000000348,True,1,2,1.9158823529411781,2026
venta,2026-03-31 20:25:00,1.1557,1.15634,1.15442,6.399999999999739,False,0,-1,-1.223437500000009,2026
compra,2026-04-01 16:45:00,1.16127,1.16044,1.1629300000000002,8.300000000001084,True,0,-1,-1.1722891566264835,2026
venta,2026-04-01 17:50:00,1.15971,1.16234,1.1544500000000002,26.299999999999102,False,1,2,1.9456273764258536,2026
compra,2026-04-02 00:05:00,1.15939,1.15899,1.1601899999999998,3.9999999999995595,True,0,-1,-1.3575000000000395,2026
venta,2026-04-02 07:30:00,1.15211,1.15369,1.1489499999999997,15.800000000001369,False,0,-1,-1.090506329113916,2026
compra,2026-04-02 20:45:00,1.15386,1.15321,1.1551600000000002,6.500000000000394,True,0,-1,-1.2199999999999867,2026
compra,2026-04-02 21:55:00,1.15399,1.15333,1.1553100000000003,6.6000000000010495,True,0,-1,-1.2166666666666321,2026
venta,2026-04-06 22:50:00,1.15429,1.15474,1.15339,4.500000000000615,False,1,2,1.6822222222222656,2026
compra,2026-04-07 22:30:00,1.16267,1.15939,1.1692300000000004,32.80000000000172,True,0,-1,-1.0435975609756074,2026
venta,2026-04-08 00:35:00,1.16696,1.16968,1.1615199999999999,27.200000000000557,False,0,-1,-1.0525735294117635,2026
compra,2026-04-08 10:30:00,1.16875,1.16773,1.17079,10.200000000000209,True,1,2,1.8598039215686304,2026
compra,2026-04-08 15:35:00,1.16958,1.16842,1.1719000000000002,11.600000000000499,True,0,-1,-1.1232758620689602,2026
compra,2026-04-08 19:50:00,1.16653,1.16433,1.17093,21.999999999999797,True,1,2,1.9349999999999994,2026
compra,2026-04-09 01:50:00,1.16601,1.16503,1.16797,9.799999999999809,True,1,2,1.8540816326530585,2026
venta,2026-04-09 09:45:00,1.16748,1.16792,1.1666,4.3999999999999595,False,0,-1,-1.3250000000000028,2026
compra,2026-04-09 21:50:00,1.17004,1.16956,1.171,4.8000000000003595,True,0,-1,-1.2979166666666444,2026
venta,2026-04-10 04:55:00,1.16919,1.1696,1.16837,4.100000000000215,False,1,2,1.6512195121951403,2026
venta,2026-04-10 06:05:00,1.16882,1.16917,1.1681199999999998,3.5000000000007248,False,1,2,1.591428571428656,2026
venta,2026-04-13 04:35:00,1.16863,1.16901,1.16787,3.8000000000004697,False,0,-1,-1.3763157894736378,2026
compra,2026-04-13 12:30:00,1.16885,1.16805,1.1704499999999998,7.999999999999119,True,1,2,1.8212499999999803,2026
venta,2026-04-14 00:05:00,1.17622,1.17655,1.1755600000000002,3.2999999999994145,False,0,-1,-1.4333333333334102,2026
compra,2026-04-14 02:55:00,1.17607,1.17561,1.1769899999999998,4.599999999999049,True,1,2,1.6891304347825444,2026
compra,2026-04-14 14:40:00,1.18069,1.17933,1.18341,13.600000000000279,True,0,-1,-1.1051470588235273,2026
venta,2026-04-16 00:05:00,1.18029,1.18047,1.1799300000000004,1.7999999999984695,False,0,-1,-1.7944444444451197,2026
venta,2026-04-16 01:30:00,1.18013,1.18092,1.1785499999999998,7.900000000000684,False,0,-1,-1.1810126582278324,2026
venta,2026-04-20 22:30:00,1.17855,1.17884,1.1779699999999997,2.900000000001235,False,0,-1,-1.493103448275652,2026
venta,2026-04-21 14:45:00,1.17596,1.17704,1.1737999999999995,10.80000000000192,False,1,2,1.867592592592616,2026
venta,2026-04-22 00:55:00,1.17436,1.17513,1.1728200000000002,7.699999999999374,False,0,-1,-1.1857142857143008,2026
compra,2026-04-22 10:35:00,1.17509,1.17438,1.17651,7.099999999999884,True,0,-1,-1.2014084507042286,2026
compra,2026-04-22 15:30:00,1.17234,1.17154,1.1739399999999998,7.999999999999119,True,0,-1,-1.1787500000000197,2026
venta,2026-04-22 22:35:00,1.17057,1.17088,1.1699500000000005,3.0999999999981043,False,1,2,1.5387096774190727,2026
compra,2026-04-23 00:15:00,1.17106,1.17055,1.17208,5.1000000000001044,True,0,-1,-1.2803921568627392,2026
venta,2026-04-23 21:20:00,1.1679,1.16854,1.16662,6.399999999999739,False,0,-1,-1.223437500000009,2026
venta,2026-04-24 02:45:00,1.16787,1.16892,1.16577,10.499999999999954,False,0,-1,-1.1361904761904769,2026
compra,2026-04-24 18:35:00,1.1718,1.1711,1.1731999999999998,6.999999999999229,True,0,-1,-1.2042857142857368,2026
venta,2026-04-24 19:45:00,1.17165,1.17208,1.1707900000000002,4.299999999999304,False,0,-1,-1.3325581395349375,2026
compra,2026-04-28 12:35:00,1.16946,1.16774,1.1728999999999998,17.199999999999438,True,0,-1,-1.0831395348837236,2026
venta,2026-04-29 15:50:00,1.16889,1.1703,1.1660700000000002,14.099999999999113,False,0,-1,-1.1014184397163185,2026
venta,2026-04-29 18:05:00,1.16744,1.16852,1.16528,10.799999999999699,False,0,-1,-1.132407407407411,2026
compra,2026-04-30 09:50:00,1.16963,1.16732,1.17425,23.100000000000342,True,1,2,1.938095238095239,2026
venta,2026-04-30 22:30:00,1.17297,1.17361,1.1716900000000001,6.399999999999739,False,0,-1,-1.223437500000009,2026
venta,2026-05-05 19:45:00,1.16946,1.1701,1.16818,6.399999999999739,False,0,-1,-1.223437500000009,2026
venta,2026-05-06 07:30:00,1.17257,1.17368,1.1703499999999996,11.100000000001664,False,0,-1,-1.1288288288288095,2026
compra,2026-05-06 21:35:00,1.17485,1.17444,1.17567,4.100000000000215,True,1,2,1.6512195121951403,2026
compra,2026-05-07 11:55:00,1.17699,1.17621,1.17855,7.800000000000029,True,0,-1,-1.1833333333333327,2026
venta,2026-05-07 22:55:00,1.17249,1.17316,1.1711500000000001,6.699999999999484,False,0,-1,-1.2134328358209119,2026
compra,2026-05-08 17:50:00,1.17758,1.17705,1.1786400000000004,5.300000000001415,True,1,2,1.7301886792453551,2026
venta,2026-05-11 11:50:00,1.17707,1.17745,1.17631,3.8000000000004697,False,0,-1,-1.3763157894736378,2026
compra,2026-05-11 19:35:00,1.17772,1.17743,1.1783000000000003,2.900000000001235,True,0,-1,-1.493103448275652,2026
compra,2026-05-12 11:35:00,1.17461,1.17348,1.1768699999999996,11.299999999998533,True,0,-1,-1.126548672566388,2026
compra,2026-05-12 14:55:00,1.17359,1.17288,1.1750099999999999,7.099999999999884,True,0,-1,-1.2014084507042286,2026
compra,2026-05-12 17:50:00,1.17334,1.17272,1.1745800000000002,6.200000000000649,True,0,-1,-1.2306451612902984,2026
compra,2026-05-13 00:55:00,1.1738,1.17335,1.1747,4.500000000000615,True,0,-1,-1.3177777777777344,2026
compra,2026-05-13 01:35:00,1.17389,1.17318,1.1753100000000005,7.100000000002105,True,0,-1,-1.2014084507041656,2026
venta,2026-05-13 20:55:00,1.17104,1.17131,1.1705,2.6999999999999247,False,0,-1,-1.5296296296296443,2026
compra,2026-05-14 06:45:00,1.1718,1.17065,1.1741,11.499999999999844,True,0,-1,-1.1243478260869582,2026
venta,2026-05-14 14:50:00,1.16859,1.17001,1.16575,14.199999999999768,False,1,2,1.8992957746478858,2026
compra,2026-05-15 02:50:00,1.16569,1.16455,1.1679699999999997,11.399999999999189,True,0,-1,-1.125438596491237,2026
compra,2026-05-15 15:55:00,1.16262,1.16204,1.16378,5.800000000000249,True,0,-1,-1.2465517241379205,2026
venta,2026-05-18 04:50:00,1.16204,1.16261,1.1609,5.699999999999594,False,0,-1,-1.250877192982474,2026
compra,2026-05-18 05:55:00,1.16229,1.16167,1.1635300000000002,6.200000000000649,True,1,2,1.7693548387097016,2026
compra,2026-05-20 10:05:00,1.15931,1.15902,1.1598900000000003,2.900000000001235,True,1,2,1.506896551724348,2026
compra,2026-05-20 14:15:00,1.16143,1.15892,1.16645,25.100000000000122,True,0,-1,-1.0569721115537847,2026
compra,2026-05-20 18:50:00,1.16332,1.1623,1.1653599999999995,10.199999999997988,True,0,-1,-1.1401960784314003,2026
compra,2026-05-20 21:35:00,1.16245,1.1617,1.16395,7.500000000000284,True,0,-1,-1.1906666666666594,2026
compra,2026-05-21 00:45:00,1.1627,1.16221,1.1636800000000003,4.900000000001015,True,0,-1,-1.291836734693817,2026
venta,2026-05-21 01:45:00,1.16284,1.16352,1.16148,6.800000000000139,False,1,2,1.7897058823529455,2026
compra,2026-05-21 21:05:00,1.16195,1.1616,1.1626500000000002,3.5000000000007248,True,0,-1,-1.408571428571344,2026
compra,2026-05-22 02:30:00,1.16123,1.16096,1.16177,2.6999999999999247,True,0,-1,-1.5296296296296443,2026
venta,2026-05-22 05:55:00,1.1609,1.16168,1.15934,7.800000000000029,False,1,2,1.8166666666666673,2026
venta,2026-05-24 23:50:00,1.16435,1.16461,1.1638300000000001,2.5999999999992696,False,1,2,1.4499999999998456,2026
compra,2026-05-25 00:45:00,1.1647,1.16378,1.1665400000000001,9.200000000000319,True,0,-1,-1.1554347826086904,2026
compra,2026-05-26 00:45:00,1.16367,1.16337,1.16427,2.9999999999996696,True,0,-1,-1.4766666666667192,2026
compra,2026-05-26 06:50:00,1.16369,1.1627,1.1656699999999995,9.899999999998244,True,0,-1,-1.1444444444444701,2026
venta,2026-05-26 08:40:00,1.16347,1.16421,1.16199,7.399999999999629,False,0,-1,-1.193243243243253,2026
venta,2026-05-27 03:35:00,1.16373,1.16424,1.16271,5.1000000000001044,False,0,-1,-1.2803921568627392,2026
venta,2026-05-27 14:50:00,1.16367,1.16521,1.1605899999999998,15.400000000000968,False,1,2,1.907142857142863,2026
venta,2026-05-28 09:55:00,1.1613,1.16192,1.1600599999999999,6.200000000000649,False,0,-1,-1.2306451612902984,2026
compra,2026-05-28 20:50:00,1.1649,1.1646,1.1655,2.9999999999996696,True,1,2,1.5233333333332808,2026
venta,2026-05-29 00:55:00,1.16486,1.16556,1.1634600000000002,6.999999999999229,False,0,-1,-1.2042857142857368,2026
venta,2026-05-29 19:55:00,1.16646,1.16694,1.1655,4.8000000000003595,False,1,2,1.7020833333333556,2026
compra,2026-06-02 21:50:00,1.16309,1.16225,1.1647699999999999,8.399999999999519,True,0,-1,-1.170238095238105,2026
venta,2026-06-03 14:40:00,1.15962,1.16085,1.1571600000000004,12.299999999998423,False,0,-1,-1.1162601626016408,2026
compra,2026-06-03 22:55:00,1.16056,1.15945,1.16278,11.099999999999444,True,1,2,1.8711711711711647,2026
venta,2026-06-04 12:55:00,1.16369,1.16413,1.1628099999999995,4.40000000000218,False,0,-1,-1.324999999999839,2026
venta,2026-06-05 00:10:00,1.16114,1.16137,1.1606800000000002,2.2999999999995246,False,0,-1,-1.6217391304349111,2026
venta,2026-06-05 17:30:00,1.1525,1.1533,1.1509000000000003,7.999999999999119,False,1,2,1.8212499999999803,2026
venta,2026-06-08 07:55:00,1.15165,1.15267,1.14961,10.200000000000209,False,0,-1,-1.1401960784313696,2026
compra,2026-06-08 09:55:00,1.15123,1.14999,1.1537099999999998,12.399999999999078,True,1,2,1.8846774193548301,2026
compra,2026-06-08 14:55:00,1.15426,1.15316,1.1564600000000003,11.000000000001009,True,0,-1,-1.1299999999999881,2026
venta,2026-06-08 18:35:00,1.15385,1.15421,1.1531300000000002,3.5999999999991594,False,1,2,1.602777777777685,2026
compra,2026-06-09 00:35:00,1.15304,1.15269,1.1537400000000002,3.5000000000007248,True,1,2,1.591428571428656,2026
venta,2026-06-09 06:55:00,1.1544,1.15533,1.1525400000000003,9.299999999998754,False,0,-1,-1.1537634408602357,2026
compra,2026-06-09 08:50:00,1.15497,1.15364,1.1576300000000002,13.300000000000534,True,1,2,1.892481203007523,2026
venta,2026-06-10 06:50:00,1.15507,1.15581,1.1535900000000001,7.399999999999629,False,0,-1,-1.193243243243253,2026
venta,2026-06-10 07:50:00,1.15524,1.15585,1.15402,6.099999999999994,False,0,-1,-1.234426229508197,2026
venta,2026-06-10 18:35:00,1.15498,1.15576,1.15342,7.800000000000029,False,1,2,1.8166666666666673,2026
venta,2026-06-11 05:50:00,1.15455,1.15512,1.15341,5.699999999999594,False,0,-1,-1.250877192982474,2026
compra,2026-06-11 10:50:00,1.15312,1.1523,1.1547599999999996,8.199999999998209,True,0,-1,-1.1743902439024771,2026
compra,2026-06-11 17:25:00,1.15228,1.15071,1.1554200000000001,15.700000000000713,True,0,-1,-1.0910828025477666,2026
venta,2026-06-12 15:55:00,1.1573,1.15835,1.1552,10.499999999999954,False,0,-1,-1.1361904761904769,2026
compra,2026-06-15 01:50:00,1.16011,1.15942,1.1614900000000001,6.900000000000794,True,0,-1,-1.2072463768115704,2026
compra,2026-06-16 00:55:00,1.15929,1.15878,1.16031,5.1000000000001044,True,0,-1,-1.2803921568627392,2026
compra,2026-06-17 17:35:00,1.1592,1.15878,1.1600400000000002,4.20000000000087,True,0,-1,-1.34047619047612,2026
compra,2026-06-18 09:35:00,1.14822,1.14747,1.14972,7.500000000000284,True,0,-1,-1.1906666666666594,2026
venta,2026-06-18 15:55:00,1.14691,1.14875,1.1432300000000004,18.399999999998418,False,1,2,1.9222826086956455,2026
venta,2026-06-18 20:40:00,1.14589,1.14631,1.1450500000000003,4.199999999998649,False,0,-1,-1.3404761904762998,2026
compra,2026-06-19 05:50:00,1.14335,1.14178,1.1464900000000002,15.700000000000713,True,1,2,1.9089171974522334,2026
compra,2026-06-19 16:20:00,1.14673,1.14624,1.1477100000000002,4.900000000001015,True,1,2,1.708163265306183,2026
venta,2026-06-22 10:35:00,1.14548,1.14634,1.1437600000000003,8.599999999998609,False,1,2,1.8337209302325312,2026
compra,2026-06-22 16:55:00,1.14309,1.14254,1.14419,5.5000000000005045,True,0,-1,-1.2599999999999763,2026
compra,2026-06-22 21:35:00,1.14274,1.14237,1.14348,3.6999999999998145,True,0,-1,-1.3864864864865059,2026
venta,2026-06-23 02:45:00,1.1428,1.14319,1.1420200000000003,3.8999999999989043,False,1,2,1.6333333333332303,2026
compra,2026-06-23 03:40:00,1.14267,1.14186,1.14429,8.099999999999774,True,0,-1,-1.176543209876548,2026
venta,2026-06-23 04:55:00,1.14208,1.143,1.14024,9.200000000000319,False,0,-1,-1.1554347826086904,2026
venta,2026-06-23 10:45:00,1.14009,1.14126,1.1377500000000003,11.699999999998933,False,1,2,1.8777777777777667,2026
venta,2026-06-23 13:10:00,1.13862,1.13917,1.1375199999999999,5.5000000000005045,False,0,-1,-1.2599999999999763,2026
venta,2026-06-23 19:55:00,1.13789,1.13819,1.1372900000000001,2.9999999999996696,False,0,-1,-1.4766666666667192,2026
compra,2026-06-23 20:45:00,1.13804,1.13783,1.13846,2.100000000000435,True,0,-1,-1.68095238095224,2026
venta,2026-06-24 06:50:00,1.13633,1.13749,1.1340100000000004,11.599999999998278,False,1,2,1.8767241379310162,2026
compra,2026-06-24 07:40:00,1.13591,1.13514,1.1374499999999999,7.699999999999374,True,0,-1,-1.1857142857143008,2026
compra,2026-06-24 13:50:00,1.13442,1.13245,1.13836,19.700000000000273,True,1,2,1.9274111675126915,2026
venta,2026-06-24 14:45:00,1.1338,1.1352,1.1309999999999998,14.000000000000679,False,0,-1,-1.1021428571428522,2026
compra,2026-06-25 07:50:00,1.13567,1.13447,1.1380699999999997,11.999999999998678,True,0,-1,-1.1191666666666797,2026
compra,2026-06-29 17:50:00,1.1428,1.14213,1.14414,6.699999999999484,True,0,-1,-1.2134328358209119,2026
compra,2026-06-29 19:45:00,1.14264,1.14221,1.1435000000000004,4.300000000001525,True,0,-1,-1.3325581395347657,2026
venta,2026-06-29 20:55:00,1.14213,1.14267,1.1410500000000001,5.399999999999849,False,1,2,1.7351851851851778,2026
compra,2026-06-29 21:20:00,1.14249,1.14207,1.1433300000000002,4.20000000000087,True,0,-1,-1.34047619047612,2026
venta,2026-06-30 13:55:00,1.13962,1.14069,1.1374800000000003,10.699999999999044,False,0,-1,-1.1336448598130962,2026
compra,2026-06-30 14:05:00,1.14016,1.13968,1.1411200000000001,4.8000000000003595,True,1,2,1.7020833333333556,2026
compra,2026-06-30 16:40:00,1.14163,1.14121,1.1424699999999997,4.199999999998649,True,1,2,1.6595238095237002,2026
compra,2026-06-30 19:55:00,1.14263,1.14154,1.14481,10.900000000000354,True,0,-1,-1.1311926605504545,2026
venta,2026-06-30 20:35:00,1.14226,1.14273,1.1413200000000001,4.699999999999704,False,1,2,1.6957446808510448,2026
venta,2026-06-30 22:45:00,1.14188,1.14227,1.1411000000000002,3.8999999999989043,False,1,2,1.6333333333332303,2026
compra,2026-07-01 18:55:00,1.13797,1.13752,1.1388699999999996,4.499999999998394,True,0,-1,-1.3177777777778912,2026
compra,2026-07-02 00:05:00,1.13819,1.13775,1.13907,4.3999999999999595,True,0,-1,-1.3250000000000028,2026
venta,2026-07-02 02:45:00,1.13835,1.13883,1.13739,4.8000000000003595,False,0,-1,-1.2979166666666444,2026
compra,2026-07-02 03:55:00,1.13822,1.13779,1.1390799999999999,4.299999999999304,True,1,2,1.6674418604650625,2026
venta,2026-07-02 20:55:00,1.14305,1.14355,1.1420499999999996,5.00000000000167,False,1,2,1.7140000000000954,2026
venta,2026-07-03 02:55:00,1.14397,1.14446,1.1429899999999997,4.900000000001015,False,0,-1,-1.291836734693817,2026
compra,2026-07-05 21:35:00,1.14349,1.1432,1.1440699999999997,2.8999999999990145,True,1,2,1.5068965517239703,2026
compra,2026-07-06 02:45:00,1.14308,1.14274,1.14376,3.4000000000000696,True,0,-1,-1.420588235294109,2026
venta,2026-07-06 23:25:00,1.14441,1.14479,1.1436499999999998,3.8000000000004697,False,1,2,1.6236842105263622,2026
compra,2026-07-07 01:30:00,1.14445,1.14381,1.14573,6.399999999999739,True,0,-1,-1.223437500000009,2026
compra,2026-07-07 14:35:00,1.14321,1.14234,1.1449500000000004,8.700000000001484,True,0,-1,-1.164367816091926,2026
compra,2026-07-07 16:45:00,1.14222,1.14178,1.1431,4.3999999999999595,True,0,-1,-1.3250000000000028,2026
venta,2026-07-07 18:45:00,1.14257,1.14299,1.1417300000000004,4.199999999998649,False,1,2,1.6595238095237002,2026
compra,2026-07-08 07:20:00,1.14249,1.14178,1.14391,7.099999999999884,True,0,-1,-1.2014084507042286,2026
compra,2026-07-09 03:25:00,1.14262,1.14239,1.1430799999999999,2.2999999999995246,True,0,-1,-1.6217391304349111,2026
compra,2026-07-09 15:40:00,1.14373,1.14291,1.1453699999999996,8.199999999998209,True,0,-1,-1.1743902439024771,2026
venta,2026-07-10 16:40:00,1.14345,1.14411,1.1421300000000003,6.599999999998829,False,1,2,1.783333333333295,2026
compra,2026-07-13 03:45:00,1.13972,1.13905,1.1410600000000004,6.700000000001705,True,1,2,1.7865671641791587,2026
compra,2026-07-13 12:55:00,1.14307,1.14204,1.1451300000000002,10.300000000000864,True,0,-1,-1.138834951456299,2026
venta,2026-07-13 13:40:00,1.14207,1.14333,1.1395499999999998,12.600000000000389,False,1,2,1.88650793650794,2026
venta,2026-07-14 00:15:00,1.13793,1.13838,1.1370300000000004,4.499999999998394,False,0,-1,-1.3177777777778912,2026
compra,2026-07-14 03:25:00,1.1393,1.13881,1.1402799999999997,4.899999999998794,True,0,-1,-1.2918367346939492,2026
venta,2026-07-14 05:55:00,1.13916,1.13957,1.13834,4.100000000000215,False,0,-1,-1.3487804878048597,2026
compra,2026-07-14 07:20:00,1.13911,1.1384,1.14053,7.099999999999884,True,1,2,1.7985915492957714,2026
compra,2026-07-14 17:45:00,1.14276,1.14191,1.14446,8.500000000000174,True,0,-1,-1.1682352941176437,2026
compra,2026-07-15 21:30:00,1.14637,1.14596,1.1471899999999995,4.099999999997994,True,1,2,1.6512195121949513,2026
compra,2026-07-16 11:35:00,1.14636,1.1458,1.1474800000000003,5.60000000000116,True,0,-1,-1.25535714285709,2026
compra,2026-07-16 21:45:00,1.14416,1.1436,1.1452800000000003,5.60000000000116,True,0,-1,-1.25535714285709,2026
venta,2026-07-17 01:35:00,1.14418,1.1448,1.1429399999999998,6.200000000000649,False,0,-1,-1.2306451612902984,2026
compra,2026-07-21 11:35:00,1.14225,1.14163,1.1434900000000001,6.200000000000649,True,0,-1,-1.2306451612902984,2026
compra,2026-07-21 23:30:00,1.13997,1.13979,1.1403299999999996,1.7999999999984695,True,1,2,1.2055555555548803,2026
venta,2026-07-22 19:50:00,1.141,1.14116,1.1406800000000001,1.5999999999993797,False,0,-1,-1.8937500000003464,2026
compra,2026-07-24 13:55:00,1.13763,1.13676,1.1393699999999998,8.699999999999264,True,0,-1,-1.164367816091968,2026
venta,2026-07-24 20:55:00,1.13666,1.13721,1.13556,5.5000000000005045,False,0,-1,-1.2599999999999763,2026
venta,2026-07-26 22:45:00,1.139,1.13999,1.13702,9.900000000000464,False,0,-1,-1.1444444444444377,2026
compra,2026-07-27 10:40:00,1.14006,1.13933,1.1415200000000003,7.300000000001194,True,0,-1,-1.1958904109588722,2026
compra,2026-07-28 00:55:00,1.13743,1.13665,1.13899,7.800000000000029,True,0,-1,-1.1833333333333327,2026
venta,2026-07-28 07:40:00,1.13691,1.13734,1.1360500000000002,4.299999999999304,False,1,2,1.6674418604650625,2026
compra,2026-07-28 10:50:00,1.13618,1.13531,1.1379199999999998,8.699999999999264,True,1,2,1.835632183908032,2026
compra,2026-07-28 23:40:00,1.13861,1.13821,1.1394099999999998,3.9999999999995595,True,1,2,1.6424999999999605,2026
compra,2026-07-29 16:45:00,1.13828,1.13766,1.13952,6.200000000000649,True,1,2,1.7693548387097016,2026
