ts,salida_ts,dir,entrada,sl,tp,riesgo_pips,motivo,pips,R
2020-01-03 09:48:00,2020-01-03 10:03:00,largo,8753.29,8742.68,8763.900000000001,10.610000000000582,TP,9.110000000000582,0.8586239396795553
2020-01-03 19:45:00,2020-01-03 19:55:00,corto,8815.44,8823.79,8807.09,8.350000000000364,SL,-9.850000000000364,-1.1796407185628663
2020-01-06 08:54:00,2020-01-06 09:30:00,largo,8716.86,8707.9,8725.820000000002,8.960000000000946,SL,-10.460000000000946,-1.1674107142856966
2020-01-06 14:39:00,2020-01-06 15:19:00,largo,8752.96,8711.49,8794.429999999998,41.469999999999345,TP,39.969999999999345,0.9638292741741011
2020-01-06 16:42:00,2020-01-06 16:53:00,corto,8813.52,8821.11,8805.93,7.5900000000001455,TP,6.0900000000001455,0.8023715415019801
2020-01-07 04:09:00,2020-01-07 04:20:00,corto,8855.34,8857.6,8853.08,2.2600000000002183,SL,-3.7600000000002183,-1.663716814159228
2020-01-07 07:51:00,2020-01-07 08:12:00,corto,8847.41,8864.39,8830.43,16.979999999999563,SL,-18.479999999999563,-1.0883392226148432
2020-01-07 12:15:00,2020-01-07 12:29:00,corto,8852.78,8857.33,8848.230000000001,4.549999999999272,SL,-6.049999999999272,-1.3296703296703825
2020-01-07 14:36:00,2020-01-07 15:58:00,corto,8837.92,8860.59,8815.25,22.670000000000073,SL,-24.170000000000073,-1.0661667401852666
2020-01-08 15:21:00,2020-01-08 15:42:00,corto,8870.86,8881.97,8859.750000000002,11.109999999998763,TP,9.609999999998763,0.86498649864985
2020-01-09 17:57:00,2020-01-09 21:05:00,largo,8963.68,8935.19,8992.17,28.48999999999978,TP,26.98999999999978,0.9473499473499469
2020-01-10 17:36:00,2020-01-10 20:07:00,largo,8990.17,8971.88,9008.460000000001,18.290000000000873,SL,-19.790000000000873,-1.0820120284308326
2020-01-14 05:30:00,2020-01-14 05:37:00,corto,9072.63,9077.21,9068.05,4.579999999999927,TP,3.0799999999999272,0.6724890829694271
2020-01-14 05:45:00,2020-01-14 07:20:00,corto,9070.29,9077.21,9063.370000000003,6.919999999998254,TP,5.419999999998254,0.7832369942195985
2020-01-14 07:33:00,2020-01-14 08:14:00,corto,9060.91,9074.9,9046.92,13.989999999999782,TP,12.489999999999782,0.8927805575410991
2020-01-14 13:54:00,2020-01-14 14:04:00,corto,9070.06,9075.1,9065.019999999999,5.040000000000873,TP,3.540000000000873,0.702380952381004
2020-01-14 17:45:00,2020-01-14 18:07:00,corto,9069.01,9074.95,9063.07,5.940000000000509,SL,-7.440000000000509,-1.2525252525252308
2020-01-14 18:09:00,2020-01-14 18:30:00,corto,9068.65,9076.19,9061.109999999999,7.540000000000873,SL,-9.040000000000873,-1.1989389920424174
2020-01-14 18:42:00,2020-01-15 00:03:00,corto,9046.42,9080.7,9012.14,34.280000000000655,TP,32.780000000000655,0.9562427071178539
2020-01-15 15:48:00,2020-01-15 16:02:00,corto,9073.87,9080.72,9067.020000000002,6.849999999998545,TP,5.349999999998545,0.7810218978101725
2020-01-16 16:21:00,2020-01-16 18:40:00,corto,9068.27,9089.09,9047.45,20.81999999999971,SL,-22.31999999999971,-1.0720461095100875
2020-01-17 06:57:00,2020-01-17 07:03:00,corto,9125.51,9128.5,9122.52,2.9899999999997817,SL,-4.489999999999782,-1.501672240802712
2020-01-17 07:09:00,2020-01-17 07:24:00,corto,9126.41,9129.62,9123.199999999999,3.210000000000946,SL,-4.710000000000946,-1.4672897196260306
2020-01-17 16:57:00,2020-01-17 20:31:00,largo,9134.21,9116.04,9152.379999999997,18.169999999998254,TP,16.669999999998254,0.9174463401210707
2020-01-20 23:09:00,2020-01-20 23:22:00,corto,9162.97,9166.2,9159.739999999998,3.2300000000013824,TP,1.7300000000013824,0.5356037151704774
2020-01-20 23:21:00,2020-01-21 01:01:00,corto,9159.82,9166.2,9153.439999999999,6.380000000001019,TP,4.880000000001019,0.764890282131699
2020-01-21 15:09:00,2020-01-21 15:18:00,corto,9161.7,9170.52,9152.880000000001,8.819999999999709,TP,7.319999999999709,0.82993197278911
2020-01-21 15:15:00,2020-01-21 16:13:00,corto,9154.76,9170.52,9139.0,15.760000000000218,SL,-17.26000000000022,-1.0951776649746179
2020-01-21 20:33:00,2020-01-22 01:21:00,corto,9166.26,9180.39,9152.130000000001,14.1299999999992,SL,-15.6299999999992,-1.1061571125265452
2020-01-23 05:42:00,2020-01-23 07:06:00,largo,9166.11,9160.04,9172.18,6.069999999999709,TP,4.569999999999709,0.7528830313014708
2020-01-23 13:30:00,2020-01-23 13:35:00,largo,9179.12,9171.82,9186.420000000002,7.300000000001091,TP,5.800000000001091,0.7945205479452362
2020-01-24 16:30:00,2020-01-24 17:17:00,corto,9207.68,9246.9,9168.460000000001,39.219999999999345,TP,37.719999999999345,0.9617542070372253
2020-01-29 19:21:00,2020-01-29 20:03:00,corto,9140.29,9153.0,9127.580000000002,12.709999999999127,TP,11.209999999999127,0.8819826907946418
2020-01-30 19:51:00,2020-01-30 20:22:00,corto,9070.66,9110.39,9030.93,39.72999999999956,SL,-41.22999999999956,-1.037754845205135
2020-01-31 00:15:00,2020-01-31 00:53:00,corto,9200.29,9216.39,9184.190000000002,16.099999999998545,SL,-17.599999999998545,-1.0931677018633625
2020-01-31 20:21:00,2020-01-31 20:30:00,largo,9002.44,8985.44,9019.44,17.0,SL,-18.5,-1.088235294117647
2020-02-04 16:06:00,2020-02-04 16:11:00,corto,9283.03,9290.49,9275.570000000002,7.459999999999127,SL,-8.959999999999127,-1.2010723860590047
2020-02-04 23:51:00,2020-02-05 08:33:00,corto,9331.7,9357.2,9306.2,25.5,SL,-27.0,-1.0588235294117647
2020-02-06 17:45:00,2020-02-06 18:05:00,corto,9435.78,9444.15,9427.410000000002,8.369999999998981,SL,-9.869999999998981,-1.179211469534072
2020-02-06 18:33:00,2020-02-06 20:59:00,corto,9428.76,9445.98,9411.54,17.219999999999345,SL,-18.719999999999345,-1.0871080139372855
2020-02-07 17:42:00,2020-02-07 18:39:00,corto,9437.82,9454.1,9421.539999999999,16.280000000000655,TP,14.780000000000655,0.9078624078624116
2020-02-07 18:45:00,2020-02-07 19:11:00,corto,9415.0,9444.81,9385.19,29.80999999999949,TP,28.30999999999949,0.9496813149949672
2020-02-10 08:51:00,2020-02-10 09:04:00,largo,9385.29,9372.51,9398.070000000002,12.780000000000655,TP,11.280000000000655,0.8826291079812266
2020-02-10 14:30:00,2020-02-10 14:44:00,largo,9396.99,9367.07,9426.91,29.920000000000073,TP,28.420000000000073,0.9498663101604279
2020-02-10 14:51:00,2020-02-10 19:58:00,largo,9423.79,9367.07,9480.510000000002,56.720000000001164,TP,55.220000000001164,0.973554301833569
2020-02-11 19:09:00,2020-02-11 19:22:00,largo,9537.41,9522.32,9552.5,15.090000000000146,SL,-16.590000000000146,-1.099403578528826
2020-02-11 19:42:00,2020-02-11 20:04:00,largo,9539.95,9515.27,9564.630000000001,24.68000000000029,SL,-26.18000000000029,-1.0607779578606151
2020-02-12 16:39:00,2020-02-12 17:32:00,corto,9592.32,9602.89,9581.75,10.569999999999709,SL,-12.069999999999709,-1.141911069063391
2020-02-12 19:03:00,2020-02-12 19:48:00,corto,9596.39,9602.18,9590.599999999999,5.790000000000873,SL,-7.290000000000873,-1.2590673575129143
2020-02-12 20:06:00,2020-02-12 20:11:00,corto,9598.09,9604.8,9591.380000000001,6.709999999999127,TP,5.209999999999127,0.7764530551415506
2020-02-12 20:30:00,2020-02-12 20:43:00,corto,9595.9,9604.8,9587.0,8.899999999999636,SL,-10.399999999999636,-1.1685393258427035
2020-02-13 08:15:00,2020-02-13 08:22:00,largo,9555.99,9550.41,9561.57,5.579999999999927,TP,4.079999999999927,0.7311827956989212
2020-02-13 09:09:00,2020-02-13 09:25:00,largo,9554.19,9545.39,9562.990000000002,8.800000000001091,SL,-10.300000000001091,-1.1704545454545243
2020-02-13 10:48:00,2020-02-13 14:32:00,largo,9531.91,9499.6,9564.22,32.30999999999949,TP,30.80999999999949,0.9535747446610949
2020-02-13 17:36:00,2020-02-13 17:58:00,corto,9611.27,9623.11,9599.43,11.840000000000146,TP,10.340000000000146,0.8733108108108124
2020-02-13 18:12:00,2020-02-13 18:20:00,corto,9596.9,9605.79,9588.009999999998,8.890000000001237,SL,-10.390000000001237,-1.1687289088863657
2020-02-14 12:18:00,2020-02-14 12:38:00,corto,9633.58,9637.58,9629.58,4.0,SL,-5.5,-1.375
2020-02-14 12:42:00,2020-02-14 12:56:00,corto,9634.8,9638.61,9630.989999999998,3.8100000000013097,SL,-5.31000000000131,-1.3937007874014395
2020-02-14 19:33:00,2020-02-16 23:00:00,largo,9609.28,9579.73,9638.830000000002,29.55000000000109,TP,28.05000000000109,0.9492385786802049
2020-02-18 18:33:00,2020-02-18 19:09:00,corto,9612.19,9622.59,9601.79,10.399999999999636,TP,8.899999999999636,0.8557692307692257
2020-02-18 20:51:00,2020-02-18 23:00:00,largo,9629.62,9620.96,9638.280000000002,8.660000000001673,TP,7.1600000000016735,0.8267898383372159
2020-02-21 18:24:00,2020-02-21 18:30:00,largo,9474.42,9457.85,9490.99,16.56999999999971,SL,-18.06999999999971,-1.0905250452625241
2020-02-25 01:48:00,2020-02-25 01:56:00,corto,9200.83,9210.19,9191.47,9.360000000000582,TP,7.860000000000582,0.8397435897435997
2020-02-25 06:48:00,2020-02-25 06:56:00,corto,9200.87,9208.9,9192.840000000002,8.029999999998836,SL,-9.529999999998836,-1.1867995018680222
2020-02-25 16:36:00,2020-02-25 18:17:00,largo,8991.66,8933.99,9049.33,57.67000000000007,SL,-59.17000000000007,-1.0260100572221258
2020-02-26 23:21:00,2020-02-26 23:42:00,largo,8851.82,8796.27,8907.369999999999,55.54999999999927,SL,-57.04999999999927,-1.0270027002700273
2020-02-27 06:27:00,2020-02-27 06:53:00,largo,8704.91,8689.32,8720.5,15.590000000000146,TP,14.090000000000146,0.9037844772289938
2020-02-28 01:30:00,2020-02-28 02:12:00,largo,8388.99,8357.77,8420.21,31.219999999999345,TP,29.719999999999345,0.9519538757206909
2020-03-02 03:42:00,2020-03-02 04:03:00,corto,8520.11,8557.0,8483.220000000001,36.88999999999942,TP,35.38999999999942,0.9593385741393325
2020-03-02 20:09:00,2020-03-02 20:17:00,corto,8653.78,8672.72,8634.840000000002,18.93999999999869,SL,-20.43999999999869,-1.0791974656811036
2020-03-02 20:18:00,2020-03-02 20:21:00,corto,8662.82,8678.7,8646.939999999999,15.880000000001019,SL,-17.38000000000102,-1.0944584382871476
2020-03-03 00:06:00,2020-03-03 01:17:00,corto,8865.92,8891.02,8840.82,25.100000000000364,TP,23.600000000000364,0.940239043824702
2020-03-03 01:39:00,2020-03-03 02:26:00,corto,8838.22,8887.29,8789.149999999998,49.07000000000153,TP,47.57000000000153,0.9694314244956195
2020-03-03 08:48:00,2020-03-03 09:51:00,corto,8869.65,8904.62,8834.679999999998,34.970000000001164,SL,-36.470000000001164,-1.0428939090649114
2020-03-03 12:33:00,2020-03-03 12:36:00,corto,8869.32,8916.6,8822.039999999999,47.280000000000655,TP,45.780000000000655,0.9682741116751273
2020-03-03 13:36:00,2020-03-03 13:45:00,corto,8852.06,8885.39,8818.73,33.32999999999993,TP,31.829999999999927,0.9549954995499549
2020-03-03 23:39:00,2020-03-04 00:08:00,largo,8553.65,8506.94,8600.359999999999,46.70999999999913,TP,45.20999999999913,0.9678869621066147
2020-03-05 18:45:00,2020-03-05 19:26:00,largo,8730.27,8657.3,8803.240000000002,72.97000000000116,SL,-74.47000000000116,-1.0205563930382346
2020-03-08 23:15:00,2020-03-09 00:41:00,largo,8134.97,8101.68,8168.26,33.289999999999964,SL,-34.789999999999964,-1.0450585761489937
2020-03-09 21:21:00,2020-03-09 21:58:00,largo,7910.91,7818.38,8003.44,92.52999999999975,TP,91.02999999999975,0.983789041391981
2020-03-10 11:24:00,2020-03-10 12:40:00,corto,8228.21,8297.72,8158.699999999999,69.51000000000022,TP,68.01000000000022,0.978420371169616
2020-03-10 12:45:00,2020-03-10 13:12:00,corto,8148.91,8248.38,8049.4400000000005,99.46999999999935,SL,-100.96999999999935,-1.0150799235950538
2020-03-10 18:24:00,2020-03-10 18:49:00,corto,8257.11,8306.06,8208.160000000002,48.94999999999891,SL,-50.44999999999891,-1.030643513789582
2020-03-11 16:24:00,2020-03-11 16:44:00,largo,8063.14,8015.84,8110.4400000000005,47.30000000000018,SL,-48.80000000000018,-1.0317124735729386
2020-03-11 16:54:00,2020-03-11 17:08:00,largo,8055.86,8010.33,8101.389999999999,45.529999999999745,SL,-47.029999999999745,-1.0329453107840987
2020-03-17 15:15:00,2020-03-17 15:28:00,corto,7477.32,7557.9,7396.74,80.57999999999993,TP,79.07999999999993,0.9813849590469099
2020-03-18 18:48:00,2020-03-18 18:55:00,largo,7030.54,6901.5,7159.58,129.03999999999996,TP,127.53999999999996,0.9883756974581525
2020-03-18 22:03:00,2020-03-18 22:09:00,corto,7317.76,7356.55,7278.97,38.789999999999964,TP,37.289999999999964,0.9613302397525135
2020-03-18 22:09:00,2020-03-18 22:26:00,corto,7298.78,7356.55,7241.009999999999,57.77000000000044,SL,-59.27000000000044,-1.0259650337545436
2020-03-18 22:57:00,2020-03-18 23:47:00,corto,7380.4,7440.9,7319.9,60.5,TP,59.0,0.9752066115702479
2020-03-19 13:33:00,2020-03-19 13:38:00,corto,7356.83,7408.59,7305.07,51.76000000000022,TP,50.26000000000022,0.9710200927357033
2020-03-19 13:45:00,2020-03-19 14:26:00,corto,7251.35,7408.59,7094.110000000001,157.23999999999978,SL,-158.73999999999978,-1.0095395573645383
2020-03-19 14:30:00,2020-03-19 14:38:00,corto,7381.61,7452.11,7311.11,70.5,SL,-72.0,-1.0212765957446808
2020-03-19 14:57:00,2020-03-19 16:55:00,corto,7339.17,7469.39,7208.95,130.22000000000025,SL,-131.72000000000025,-1.0115189679004761
2020-03-19 17:51:00,2020-03-19 18:10:00,corto,7439.58,7519.11,7360.05,79.52999999999975,TP,78.02999999999975,0.98113919275745
2020-03-19 18:45:00,2020-03-19 18:50:00,corto,7425.7,7478.21,7373.19,52.51000000000022,TP,51.01000000000022,0.9714340125690346
2020-03-22 23:27:00,2020-03-23 02:04:00,largo,6714.52,6634.8,6794.240000000001,79.72000000000025,TP,78.22000000000025,0.9811841445057703
2020-03-24 00:18:00,2020-03-24 00:37:00,corto,7168.78,7206.41,7131.15,37.63000000000011,SL,-39.13000000000011,-1.0398618123837362
2020-03-24 07:09:00,2020-03-24 07:16:00,corto,7310.4,7330.96,7289.839999999999,20.5600000000004,SL,-22.0600000000004,-1.0729571984435784
2020-03-24 08:33:00,2020-03-24 08:37:00,corto,7322.59,7337.07,7308.110000000001,14.479999999999563,SL,-15.979999999999563,-1.1035911602209976
2020-03-25 05:00:00,2020-03-25 05:19:00,corto,7533.75,7581.2,7486.3,47.44999999999982,TP,45.94999999999982,0.9683877766069545
2020-03-25 12:21:00,2020-03-25 12:27:00,corto,7558.05,7580.7,7535.400000000001,22.649999999999636,SL,-24.149999999999636,-1.066225165562915
2020-03-25 12:51:00,2020-03-25 16:09:00,corto,7512.81,7675.03,7350.590000000001,162.21999999999935,SL,-163.71999999999935,-1.0092467020096165
2020-03-26 01:21:00,2020-03-26 02:08:00,largo,7422.26,7369.79,7474.7300000000005,52.470000000000255,TP,50.970000000000255,0.9714122355631791
2020-03-26 03:09:00,2020-03-26 03:17:00,largo,7456.31,7429.48,7483.140000000001,26.830000000000837,SL,-28.330000000000837,-1.055907566157285
2020-03-26 03:54:00,2020-03-26 04:51:00,largo,7451.24,7411.31,7491.169999999999,39.92999999999938,SL,-41.42999999999938,-1.0375657400450795
2020-03-26 05:18:00,2020-03-26 05:32:00,largo,7399.01,7384.04,7413.9800000000005,14.970000000000255,TP,13.470000000000255,0.8997995991983985
2020-03-26 16:18:00,2020-03-26 18:30:00,corto,7717.49,7792.53,7642.45,75.03999999999996,SL,-76.53999999999996,-1.0199893390191899
2020-03-26 18:36:00,2020-03-26 18:50:00,corto,7733.8,7813.41,7654.1900000000005,79.60999999999967,SL,-81.10999999999967,-1.0188418540384374
2020-03-27 09:18:00,2020-03-27 09:34:00,largo,7687.4,7664.58,7710.219999999999,22.81999999999971,TP,21.31999999999971,0.9342681858019273
2020-03-27 18:12:00,2020-03-27 18:24:00,corto,7755.26,7783.71,7726.81,28.449999999999818,SL,-29.949999999999818,-1.052724077328647
2020-03-27 18:54:00,2020-03-30 15:08:00,corto,7590.74,7819.11,7362.37,228.3699999999999,SL,-229.8699999999999,-1.0065682883040679
2020-03-31 00:33:00,2020-03-31 01:01:00,corto,7895.14,7913.69,7876.590000000001,18.549999999999272,SL,-20.049999999999272,-1.0808625336927256
2020-03-31 19:54:00,2020-03-31 22:05:00,largo,7823.86,7764.58,7883.139999999999,59.279999999999745,SL,-60.779999999999745,-1.0253036437246965
2020-03-31 23:36:00,2020-04-01 00:04:00,largo,7735.37,7721.34,7749.4,14.029999999999745,SL,-15.529999999999745,-1.1069137562366378
2020-04-01 00:36:00,2020-04-01 04:05:00,largo,7744.66,7703.36,7785.96,41.30000000000018,SL,-42.80000000000018,-1.036319612590799
2020-04-02 16:21:00,2020-04-02 17:10:00,corto,7607.05,7635.79,7578.31,28.73999999999978,TP,27.23999999999978,0.9478079331941541
2020-04-03 20:00:00,2020-04-03 20:04:00,largo,7531.4,7521.28,7541.5199999999995,10.11999999999989,TP,8.61999999999989,0.8517786561264806
2020-04-05 23:30:00,2020-04-05 23:59:00,corto,7644.16,7668.81,7619.509999999999,24.650000000000546,SL,-26.150000000000546,-1.0608519269776864
2020-04-09 12:27:00,2020-04-09 12:31:00,largo,8148.7,8112.51,8184.889999999999,36.1899999999996,TP,34.6899999999996,0.9585520862116602
2020-04-09 12:42:00,2020-04-09 13:13:00,largo,8215.0,8112.51,8317.49,102.48999999999978,TP,100.98999999999978,0.9853644257976387
2020-04-09 20:09:00,2020-04-12 22:00:00,corto,8246.78,8261.29,8232.27,14.510000000000218,SL,-16.01000000000022,-1.1033769813921417
2020-04-12 22:45:00,2020-04-13 11:54:00,largo,8150.71,8087.19,8214.23,63.52000000000044,TP,62.01999999999953,0.9763853904281974
2020-04-13 18:21:00,2020-04-13 19:18:00,corto,8239.58,8274.17,8204.99,34.590000000000146,SL,-36.090000000000146,-1.0433651344319166
2020-04-13 19:48:00,2020-04-13 20:01:00,corto,8303.1,8345.72,8260.480000000001,42.61999999999898,SL,-44.11999999999898,-1.035194744251526
2020-04-16 00:57:00,2020-04-16 01:30:00,largo,8536.97,8509.96,8563.98,27.01000000000022,TP,25.51000000000022,0.9444650129581641
2020-04-16 14:36:00,2020-04-16 14:41:00,corto,8662.49,8684.52,8640.46,22.030000000000655,SL,-23.530000000000655,-1.068088969586925
2020-04-17 09:54:00,2020-04-17 10:04:00,corto,8931.03,8939.89,8922.170000000002,8.859999999998763,TP,7.359999999998763,0.830699774266342
2020-04-17 15:33:00,2020-04-17 18:30:00,largo,8752.42,8725.6,8779.24,26.81999999999971,SL,-28.31999999999971,-1.0559284116331102
2020-04-17 19:42:00,2020-04-17 19:48:00,corto,8794.96,8808.39,8781.529999999999,13.430000000000291,SL,-14.930000000000291,-1.1116902457185383
2020-04-20 14:39:00,2020-04-20 14:44:00,corto,8795.2,8818.98,8771.420000000002,23.779999999998836,SL,-25.279999999998836,-1.0630782169890696
2020-04-21 15:18:00,2020-04-21 15:43:00,largo,8400.71,8356.22,8445.199999999999,44.48999999999978,SL,-45.98999999999978,-1.033715441672286
2020-04-21 16:24:00,2020-04-21 16:33:00,largo,8406.69,8384.22,8429.160000000002,22.470000000001164,SL,-23.970000000001164,-1.0667556742323063
2020-04-21 17:09:00,2020-04-21 17:37:00,largo,8435.4,8396.2,8474.599999999999,39.19999999999891,TP,37.69999999999891,0.96173469387755
2020-04-21 17:51:00,2020-04-21 19:54:00,largo,8471.54,8396.2,8546.880000000001,75.34000000000015,SL,-76.84000000000015,-1.0199097425006636
2020-04-22 15:45:00,2020-04-22 16:02:00,corto,8609.28,8620.99,8597.570000000002,11.709999999999127,SL,-13.209999999999127,-1.128095644748088
2020-04-22 16:24:00,2020-04-22 16:39:00,corto,8608.26,8623.31,8593.210000000001,15.049999999999272,SL,-16.549999999999272,-1.0996677740863836
2020-04-24 05:51:00,2020-04-24 07:05:00,largo,8548.58,8514.8,8582.36,33.780000000000655,TP,32.280000000000655,0.9555950266429849
2020-04-27 15:12:00,2020-04-27 15:28:00,largo,8845.66,8817.78,8873.539999999999,27.8799999999992,TP,26.3799999999992,0.946197991391677
2020-04-27 15:33:00,2020-04-27 17:19:00,largo,8870.7,8817.78,8923.62,52.92000000000007,SL,-54.42000000000007,-1.028344671201814
2020-04-28 03:12:00,2020-04-28 03:32:00,largo,8804.42,8796.33,8812.51,8.090000000000146,TP,6.5900000000001455,0.8145859085290515
2020-04-28 03:48:00,2020-04-28 04:07:00,largo,8810.91,8796.33,8825.49,14.579999999999927,SL,-16.079999999999927,-1.1028806584362145
2020-04-28 04:51:00,2020-04-28 05:18:00,largo,8808.43,8786.76,8830.1,21.670000000000073,TP,20.170000000000073,0.9307798800184589
2020-04-28 14:48:00,2020-04-28 14:54:00,largo,8756.86,8738.52,8775.2,18.340000000000146,SL,-19.840000000000146,-1.081788440567066
2020-04-28 16:48:00,2020-04-28 18:25:00,largo,8729.72,8685.88,8773.56,43.840000000000146,TP,42.340000000000146,0.9657846715328469
2020-04-30 10:24:00,2020-04-30 10:50:00,corto,9088.11,9115.33,9060.890000000001,27.219999999999345,TP,25.719999999999345,0.9448934606906673
2020-04-30 17:06:00,2020-04-30 17:31:00,largo,8953.82,8939.43,8968.21,14.389999999999418,SL,-15.889999999999418,-1.1042390548992398
2020-05-03 23:27:00,2020-05-03 23:35:00,largo,8622.26,8596.81,8647.710000000001,25.450000000000728,SL,-26.950000000000728,-1.058939096267189
2020-05-04 15:24:00,2020-05-04 15:40:00,corto,8764.0,8787.26,8740.74,23.26000000000022,SL,-24.76000000000022,-1.0644883920894233
2020-05-04 16:06:00,2020-05-04 16:32:00,corto,8777.1,8791.9,8762.300000000001,14.799999999999272,TP,13.299999999999272,0.8986486486486437
2020-05-04 16:30:00,2020-05-04 17:11:00,corto,8760.29,8791.9,8728.680000000002,31.609999999998763,TP,30.109999999998763,0.9525466624485903
2020-05-05 00:30:00,2020-05-05 01:01:00,corto,8831.01,8856.7,8805.32,25.69000000000051,SL,-27.19000000000051,-1.0583884780070054
2020-05-06 13:42:00,2020-05-06 13:55:00,corto,9019.78,9040.08,8999.480000000001,20.299999999999272,TP,18.799999999999272,0.9261083743842338
2020-05-06 13:54:00,2020-05-06 14:45:00,corto,8990.5,9040.08,8940.92,49.57999999999993,SL,-51.07999999999993,-1.0302541347317467
2020-05-06 19:39:00,2020-05-07 06:04:00,corto,8991.75,9045.3,8938.2,53.54999999999927,SL,-55.04999999999927,-1.028011204481793
2020-05-07 16:21:00,2020-05-07 16:25:00,corto,9111.6,9120.9,9102.300000000001,9.299999999999272,SL,-10.799999999999272,-1.1612903225806577
2020-05-07 19:12:00,2020-05-07 19:15:00,corto,9109.6,9122.65,9096.550000000001,13.049999999999272,TP,11.549999999999272,0.8850574712643614
2020-05-07 19:30:00,2020-05-07 22:24:00,corto,9083.26,9122.65,9043.87,39.38999999999942,SL,-40.88999999999942,-1.0380807311500386
2020-05-07 23:15:00,2020-05-07 23:56:00,corto,9132.64,9145.38,9119.9,12.739999999999782,SL,-14.239999999999782,-1.1177394034536912
2020-05-11 11:24:00,2020-05-11 11:40:00,largo,9193.49,9181.61,9205.369999999999,11.8799999999992,SL,-13.3799999999992,-1.1262626262626347
2020-05-11 13:54:00,2020-05-11 14:02:00,corto,9215.4,9231.69,9199.109999999999,16.290000000000873,SL,-17.790000000000873,-1.0920810313075457
2020-05-11 14:12:00,2020-05-11 14:46:00,corto,9236.61,9254.01,9219.210000000001,17.399999999999636,SL,-18.899999999999636,-1.086206896551726
2020-05-12 13:33:00,2020-05-12 13:52:00,corto,9301.8,9353.75,9249.849999999999,51.95000000000073,TP,50.45000000000073,0.9711260827718965
2020-05-13 07:42:00,2020-05-13 08:15:00,largo,9100.22,9080.1,9120.339999999998,20.11999999999898,TP,18.61999999999898,0.9254473161033759
2020-05-13 13:45:00,2020-05-13 14:28:00,largo,9113.61,9050.27,9176.95,63.340000000000146,TP,61.840000000000146,0.9763182822860752
2020-05-13 15:27:00,2020-05-13 15:36:00,largo,9089.7,9065.57,9113.830000000002,24.13000000000102,SL,-25.63000000000102,-1.0621632822212987
2020-05-14 19:39:00,2020-05-14 19:49:00,corto,9019.56,9057.4,8981.72,37.840000000000146,SL,-39.340000000000146,-1.0396405919661733
2020-05-14 23:45:00,2020-05-14 23:58:00,corto,9106.59,9115.5,9097.68,8.909999999999854,SL,-10.409999999999854,-1.1683501683501711
2020-05-15 04:24:00,2020-05-15 04:49:00,corto,9100.4,9115.67,9085.13,15.270000000000437,SL,-16.770000000000437,-1.0982318271119815
2020-05-15 17:15:00,2020-05-15 17:26:00,corto,9098.4,9114.3,9082.5,15.899999999999636,TP,14.399999999999636,0.9056603773584884
2020-05-15 17:30:00,2020-05-15 18:22:00,corto,9080.8,9114.3,9047.3,33.5,SL,-35.0,-1.044776119402985
2020-05-18 00:09:00,2020-05-18 00:18:00,corto,9167.3,9178.2,9156.399999999998,10.900000000001455,SL,-12.400000000001455,-1.1376146788990642
2020-05-18 15:36:00,2020-05-18 17:18:00,corto,9327.04,9353.7,9300.380000000001,26.659999999999854,SL,-28.159999999999854,-1.0562640660165044
2020-05-18 19:15:00,2020-05-18 19:30:00,corto,9321.09,9346.16,9296.02,25.06999999999971,SL,-26.56999999999971,-1.0598324690865584
2020-05-19 03:57:00,2020-05-19 04:01:00,largo,9319.37,9300.91,9337.830000000002,18.460000000000946,TP,16.960000000000946,0.9187432286023877
2020-05-19 08:36:00,2020-05-19 08:49:00,largo,9323.61,9306.6,9340.62,17.01000000000022,TP,15.510000000000218,0.9118165784832463
2020-05-19 10:42:00,2020-05-19 11:43:00,largo,9323.98,9295.95,9352.009999999998,28.029999999998836,TP,26.529999999998836,0.9464859079557595
2020-05-19 15:33:00,2020-05-19 15:44:00,corto,9398.97,9413.8,9384.14,14.829999999999927,TP,13.329999999999927,0.8988536749831418
2020-05-19 15:42:00,2020-05-19 17:33:00,corto,9386.47,9413.8,9359.14,27.329999999999927,SL,-28.829999999999927,-1.0548847420417125
2020-05-19 17:45:00,2020-05-19 17:52:00,corto,9411.66,9416.79,9406.529999999999,5.130000000001019,TP,3.6300000000010186,0.7076023391813446
2020-05-19 19:30:00,2020-05-19 19:51:00,corto,9370.67,9415.49,9325.85,44.81999999999971,TP,43.31999999999971,0.9665327978580989
2020-05-21 06:45:00,2020-05-21 07:00:00,largo,9438.21,9430.21,9446.21,8.0,SL,-9.5,-1.1875
2020-05-21 07:18:00,2020-05-21 07:37:00,largo,9433.41,9414.72,9452.1,18.69000000000051,TP,17.19000000000051,0.9197431781701466
2020-05-21 08:54:00,2020-05-21 12:37:00,largo,9440.56,9412.07,9469.05,28.48999999999978,TP,26.98999999999978,0.9473499473499469
2020-05-21 13:45:00,2020-05-21 13:50:00,corto,9499.12,9514.3,9483.940000000002,15.179999999998472,TP,13.679999999998472,0.9011857707509782
2020-05-21 22:03:00,2020-05-21 23:00:00,largo,9371.51,9353.34,9389.68,18.170000000000073,TP,16.670000000000073,0.9174463401210791
2020-05-22 12:00:00,2020-05-22 12:06:00,largo,9362.81,9356.17,9369.449999999999,6.639999999999418,SL,-8.139999999999418,-1.2259036144578512
2020-05-22 12:12:00,2020-05-22 12:20:00,largo,9364.39,9353.82,9374.96,10.569999999999709,SL,-12.069999999999709,-1.141911069063391
2020-05-22 14:45:00,2020-05-22 15:25:00,largo,9381.0,9344.09,9417.91,36.909999999999854,SL,-38.409999999999854,-1.0406393931183961
2020-05-22 17:06:00,2020-05-22 17:22:00,corto,9394.7,9404.89,9384.510000000002,10.18999999999869,SL,-11.68999999999869,-1.1472031403336793
2020-05-22 17:48:00,2020-05-22 18:04:00,corto,9394.39,9412.01,9376.769999999999,17.6200000000008,SL,-19.1200000000008,-1.0851305334846726
2020-05-25 00:18:00,2020-05-25 01:03:00,corto,9454.17,9466.5,9441.84,12.329999999999927,TP,10.829999999999927,0.8783454987834542
2020-05-25 05:33:00,2020-05-25 05:40:00,corto,9460.74,9467.27,9454.21,6.530000000000655,TP,5.030000000000655,0.770290964777971
2020-05-25 05:51:00,2020-05-25 06:02:00,corto,9454.45,9467.27,9441.630000000001,12.819999999999709,SL,-14.319999999999709,-1.1170046801872102
2020-05-25 08:03:00,2020-05-25 08:29:00,corto,9454.82,9463.26,9446.38,8.44000000000051,SL,-9.94000000000051,-1.1777251184834017
2020-05-25 15:24:00,2020-05-25 22:00:00,corto,9531.98,9541.7,9522.259999999998,9.720000000001164,TP,8.220000000001164,0.8456790123456975
2020-05-25 23:42:00,2020-05-26 00:37:00,largo,9514.89,9506.31,9523.47,8.579999999999927,TP,7.079999999999927,0.8251748251748237
2020-05-26 00:45:00,2020-05-26 01:37:00,largo,9531.15,9507.59,9554.71,23.55999999999949,TP,22.05999999999949,0.9363327674023756
2020-05-28 06:15:00,2020-05-28 06:38:00,corto,9438.96,9449.69,9428.229999999998,10.730000000001382,TP,9.230000000001382,0.8602050326188437
2020-05-28 06:42:00,2020-05-28 06:51:00,corto,9419.8,9449.69,9389.909999999998,29.890000000001237,TP,28.390000000001237,0.9498159919705608
2020-05-28 06:48:00,2020-05-28 12:31:00,corto,9392.75,9449.69,9335.81,56.94000000000051,TP,55.44000000000051,0.9736564805057958
2020-05-28 13:54:00,2020-05-28 14:08:00,corto,9434.7,9466.45,9402.95,31.75,SL,-33.25,-1.047244094488189
2020-05-28 15:15:00,2020-05-28 15:58:00,corto,9481.32,9508.46,9454.18,27.139999999999418,SL,-28.639999999999418,-1.0552689756816518
2020-05-29 01:15:00,2020-05-29 01:29:00,largo,9400.54,9383.41,9417.670000000002,17.13000000000102,TP,15.630000000001019,0.9124343257443135
2020-05-29 01:33:00,2020-05-29 05:10:00,largo,9421.69,9383.41,9459.970000000001,38.280000000000655,TP,36.780000000000655,0.9608150470219442
2020-05-29 08:42:00,2020-05-29 09:57:00,largo,9408.17,9385.68,9430.66,22.48999999999978,TP,20.98999999999978,0.9333036905291234
2020-05-29 14:54:00,2020-05-29 15:03:00,largo,9405.7,9383.74,9427.660000000002,21.960000000000946,SL,-23.460000000000946,-1.0683060109289588
2020-05-29 15:06:00,2020-05-29 15:37:00,largo,9402.75,9375.04,9430.46,27.709999999999127,TP,26.209999999999127,0.9458679177192332
2020-05-29 15:45:00,2020-05-29 19:00:00,largo,9441.35,9375.04,9507.66,66.30999999999949,TP,64.80999999999949,0.9773789775297842
2020-06-01 06:54:00,2020-06-01 07:08:00,corto,9583.61,9591.59,9575.630000000001,7.979999999999563,TP,6.479999999999563,0.8120300751879597
2020-06-01 07:36:00,2020-06-01 08:07:00,corto,9565.56,9590.57,9540.55,25.01000000000022,TP,23.51000000000022,0.940023990403839
2020-06-01 16:54:00,2020-06-01 17:05:00,corto,9587.66,9598.4,9576.92,10.739999999999782,SL,-12.239999999999782,-1.1396648044692765
2020-06-02 15:30:00,2020-06-02 17:01:00,largo,9544.13,9508.13,9580.13,36.0,TP,34.5,0.9583333333333334
2020-06-02 23:33:00,2020-06-03 00:04:00,corto,9667.4,9679.67,9655.13,12.270000000000437,SL,-13.770000000000437,-1.1222493887530518
2020-06-03 04:18:00,2020-06-03 04:32:00,corto,9667.66,9673.89,9661.43,6.229999999999563,SL,-7.729999999999563,-1.2407704654895835
2020-06-03 07:06:00,2020-06-03 07:21:00,corto,9670.6,9678.1,9663.1,7.5,SL,-9.0,-1.2
2020-06-04 14:57:00,2020-06-04 15:10:00,corto,9711.92,9744.5,9679.34,32.57999999999993,TP,31.079999999999927,0.9539594843462246
2020-06-04 15:30:00,2020-06-04 16:32:00,largo,9668.22,9640.04,9696.399999999998,28.179999999998472,SL,-29.679999999998472,-1.0532292405961703
2020-06-08 12:48:00,2020-06-08 13:47:00,largo,9812.19,9785.25,9839.130000000001,26.94000000000051,SL,-28.44000000000051,-1.0556792873051215
2020-06-09 06:03:00,2020-06-09 06:44:00,corto,9898.13,9908.19,9888.069999999998,10.06000000000131,TP,8.56000000000131,0.8508946322067789
2020-06-09 06:42:00,2020-06-09 07:38:00,corto,9888.62,9908.19,9869.050000000001,19.56999999999971,TP,18.06999999999971,0.9233520694941225
2020-06-09 13:48:00,2020-06-09 13:52:00,corto,9899.6,9907.84,9891.36,8.239999999999782,TP,6.739999999999782,0.8179611650485389
2020-06-09 15:00:00,2020-06-09 15:04:00,corto,9959.61,9972.9,9946.320000000002,13.289999999999054,SL,-14.789999999999054,-1.1128668171557643
2020-06-09 15:12:00,2020-06-09 16:39:00,corto,9953.41,9976.82,9930.0,23.409999999999854,SL,-24.909999999999854,-1.064075181546348
2020-06-09 20:12:00,2020-06-09 22:43:00,corto,9952.79,9979.58,9926.000000000002,26.789999999999054,SL,-28.289999999999054,-1.0559910414333726
2020-06-10 08:21:00,2020-06-10 08:27:00,corto,10005.29,10011.6,9998.980000000001,6.309999999999491,SL,-7.809999999999491,-1.237717908082428
2020-06-10 08:48:00,2020-06-10 09:01:00,corto,10003.84,10015.37,9992.31,11.530000000000655,TP,10.030000000000655,0.8699045967042571
2020-06-10 11:24:00,2020-06-10 11:38:00,corto,9996.1,10010.0,9982.2,13.899999999999636,SL,-15.399999999999636,-1.107913669064751
2020-06-11 03:51:00,2020-06-11 04:07:00,largo,10035.12,10023.37,10046.87,11.75,SL,-13.25,-1.127659574468085
2020-06-11 07:15:00,2020-06-11 07:35:00,largo,9960.34,9943.87,9976.81,16.469999999999345,TP,14.969999999999345,0.9089253187613807
2020-06-11 15:03:00,2020-06-11 15:42:00,largo,9895.66,9867.89,9923.43,27.770000000000437,SL,-29.270000000000437,-1.0540151242347848
2020-06-12 15:33:00,2020-06-12 17:35:00,largo,9674.7,9568.45,9780.95,106.25,SL,-107.75,-1.0141176470588236
2020-06-12 19:33:00,2020-06-12 19:48:00,largo,9605.94,9564.17,9647.710000000001,41.77000000000044,TP,40.27000000000044,0.9640890591333496
2020-06-12 19:54:00,2020-06-14 22:00:00,largo,9683.12,9564.17,9802.070000000002,118.95000000000073,SL,-120.45000000000073,-1.0126103404791928
2020-06-15 12:18:00,2020-06-15 12:30:00,largo,9517.13,9502.01,9532.249999999998,15.119999999998981,TP,13.619999999998981,0.9007936507936442
2020-06-15 12:36:00,2020-06-15 13:33:00,largo,9531.12,9502.01,9560.230000000001,29.110000000000582,SL,-30.610000000000582,-1.0515286843009264
2020-06-15 13:36:00,2020-06-15 16:01:00,largo,9563.25,9484.67,9641.83,78.57999999999993,TP,77.07999999999993,0.9809111733265462
2020-06-16 15:21:00,2020-06-17 17:08:00,largo,9930.56,9796.59,10064.529999999999,133.96999999999935,tiempo,119.13000000000102,0.8892289318504262
2020-06-17 17:15:00,2020-06-17 17:38:00,corto,10047.3,10055.1,10039.499999999998,7.800000000001091,SL,-9.300000000001091,-1.1923076923076654
2020-06-17 17:57:00,2020-06-17 19:00:00,corto,10039.3,10059.99,10018.609999999999,20.69000000000051,TP,19.19000000000051,0.9275012083131966
2020-06-18 23:09:00,2020-06-18 23:17:00,corto,10019.49,10023.89,10015.09,4.399999999999636,SL,-5.899999999999636,-1.340909090909119
2020-06-19 04:48:00,2020-06-19 05:44:00,corto,10018.25,10029.08,10007.42,10.829999999999927,SL,-12.329999999999927,-1.1385041551246546
2020-06-22 15:51:00,2020-06-22 16:03:00,corto,10067.66,10080.1,10055.22,12.44000000000051,SL,-13.94000000000051,-1.1205787781350434
2020-06-22 22:15:00,2020-06-22 22:30:00,corto,10138.53,10146.59,10130.470000000001,8.05999999999949,SL,-9.55999999999949,-1.1861042183622947
2020-06-22 22:30:00,2020-06-22 22:48:00,corto,10134.36,10150.21,10118.510000000002,15.849999999998545,SL,-17.349999999998545,-1.0946372239747721
2020-06-23 06:24:00,2020-06-23 06:30:00,corto,10142.52,10149.1,10135.94,6.579999999999927,TP,5.079999999999927,0.7720364741641312
2020-06-23 23:21:00,2020-06-24 00:04:00,largo,10193.91,10178.33,10209.49,15.579999999999927,TP,14.079999999999927,0.9037227214377402
2020-06-24 07:51:00,2020-06-24 08:08:00,largo,10186.37,10164.32,10208.420000000002,22.05000000000109,SL,-23.55000000000109,-1.0680272108843503
2020-06-25 13:57:00,2020-06-25 14:40:00,largo,9958.19,9896.13,10020.250000000002,62.06000000000131,TP,60.56000000000131,0.9758298420883021
2020-06-25 23:54:00,2020-06-26 00:13:00,corto,10118.81,10132.2,10105.419999999998,13.390000000001237,TP,11.890000000001237,0.8879761015683449
2020-06-26 00:12:00,2020-06-26 01:52:00,corto,10098.91,10121.4,10076.42,22.48999999999978,SL,-23.98999999999978,-1.0666963094708766
2020-06-26 02:21:00,2020-06-26 07:12:00,corto,10099.23,10122.2,10076.259999999998,22.970000000001164,TP,21.470000000001164,0.9346974314323063
2020-06-26 10:15:00,2020-06-26 10:26:00,corto,10110.21,10120.31,10100.109999999999,10.100000000000364,SL,-11.600000000000364,-1.148514851485143
2020-06-26 10:36:00,2020-06-26 11:03:00,corto,10113.74,10126.65,10100.83,12.909999999999854,SL,-14.409999999999854,-1.1161890007745947
2020-06-26 11:48:00,2020-06-26 13:31:00,corto,10102.3,10131.4,10073.199999999999,29.100000000000364,TP,27.600000000000364,0.9484536082474233
2020-06-26 14:57:00,2020-06-26 15:06:00,largo,9900.13,9864.39,9935.869999999999,35.73999999999978,TP,34.23999999999978,0.9580302182428648
2020-06-26 16:21:00,2020-06-26 16:46:00,largo,9923.94,9893.41,9954.470000000001,30.530000000000655,SL,-32.030000000000655,-1.0491320013101857
2020-06-26 16:48:00,2020-06-26 16:56:00,largo,9910.89,9890.31,9931.47,20.579999999999927,TP,19.079999999999927,0.9271137026239065
2020-06-26 16:57:00,2020-06-26 18:37:00,largo,9933.74,9890.31,9977.17,43.43000000000029,SL,-44.93000000000029,-1.0345383375546855
2020-06-26 19:39:00,2020-06-26 19:47:00,largo,9884.01,9850.95,9917.07,33.05999999999949,TP,31.55999999999949,0.9546279491833024
2020-06-29 00:30:00,2020-06-29 01:00:00,largo,9840.62,9822.94,9858.300000000001,17.68000000000029,TP,16.18000000000029,0.9151583710407254
2020-06-29 04:33:00,2020-06-29 04:39:00,corto,9846.04,9861.42,9830.660000000002,15.3799999999992,TP,13.8799999999992,0.9024707412223616
2020-06-29 04:51:00,2020-06-29 07:00:00,corto,9826.28,9861.42,9791.140000000001,35.13999999999942,SL,-36.63999999999942,-1.0426863972680713
2020-06-29 08:36:00,2020-06-29 11:53:00,largo,9856.84,9835.9,9877.78,20.94000000000051,TP,19.44000000000051,0.9283667621776521
2020-06-29 15:33:00,2020-06-29 15:45:00,corto,9895.22,9911.19,9879.249999999998,15.970000000001164,SL,-17.470000000001164,-1.0939261114589787
2020-06-29 15:54:00,2020-06-29 16:00:00,corto,9897.63,9915.75,9879.509999999998,18.1200000000008,SL,-19.6200000000008,-1.0827814569536387
2020-06-30 02:15:00,2020-06-30 02:49:00,corto,10017.73,10024.69,10010.769999999999,6.960000000000946,TP,5.460000000000946,0.7844827586207189
2020-06-30 02:54:00,2020-06-30 03:26:00,corto,10012.22,10024.69,9999.749999999998,12.470000000001164,SL,-13.970000000001164,-1.1202886928628597
2020-06-30 03:51:00,2020-06-30 05:04:00,corto,10015.2,10025.8,10004.600000000002,10.599999999998545,SL,-12.099999999998545,-1.1415094339622835
2020-06-30 08:03:00,2020-06-30 09:58:00,corto,9969.57,9990.3,9948.84,20.729999999999563,SL,-22.229999999999563,-1.0723589001447194
2020-06-30 13:48:00,2020-06-30 13:56:00,corto,10014.2,10036.22,9992.180000000002,22.019999999998618,SL,-23.519999999998618,-1.0681198910081786
2020-07-01 13:45:00,2020-07-01 14:17:00,corto,10167.47,10205.74,10129.199999999999,38.27000000000044,SL,-39.77000000000044,-1.0391951920564406
2020-07-03 14:42:00,2020-07-03 15:10:00,largo,10331.27,10318.79,10343.75,12.479999999999563,TP,10.979999999999563,0.8798076923076881
2020-07-05 22:51:00,2020-07-05 23:51:00,corto,10397.19,10407.65,10386.730000000001,10.459999999999127,SL,-11.959999999999127,-1.1434034416826124
2020-07-07 13:51:00,2020-07-07 14:11:00,corto,10623.01,10644.09,10601.93,21.079999999999927,SL,-22.579999999999927,-1.0711574952561673
2020-07-07 15:45:00,2020-07-07 16:14:00,corto,10671.69,10705.79,10637.59,34.100000000000364,TP,32.600000000000364,0.9560117302052791
2020-07-08 06:21:00,2020-07-08 06:37:00,largo,10526.44,10514.27,10538.61,12.170000000000073,TP,10.670000000000073,0.8767460969597378
2020-07-08 06:51:00,2020-07-08 08:35:00,largo,10552.25,10514.27,10590.23,37.97999999999956,TP,36.47999999999956,0.9605055292259079
2020-07-08 15:36:00,2020-07-08 16:56:00,largo,10574.55,10523.54,10625.559999999998,51.0099999999984,TP,49.5099999999984,0.9705940011762391
2020-07-08 19:27:00,2020-07-08 19:37:00,corto,10643.07,10657.3,10628.84,14.229999999999563,SL,-15.729999999999563,-1.1054111033028844
2020-07-08 19:36:00,2020-07-08 19:54:00,corto,10634.84,10660.19,10609.49,25.350000000000364,SL,-26.850000000000364,-1.0591715976331353
2020-07-09 00:24:00,2020-07-09 09:46:00,corto,10677.84,10705.53,10650.15,27.69000000000051,SL,-29.19000000000051,-1.0541711809317433
2020-07-09 15:21:00,2020-07-09 16:02:00,largo,10609.69,10571.86,10647.52,37.82999999999993,TP,36.32999999999993,0.9603489294210943
2020-07-09 16:12:00,2020-07-09 16:19:00,corto,10662.01,10678.01,10646.01,16.0,SL,-17.5,-1.09375
2020-07-09 16:24:00,2020-07-09 16:45:00,corto,10667.87,10685.31,10650.430000000002,17.43999999999869,SL,-18.93999999999869,-1.0860091743119331
2020-07-09 19:27:00,2020-07-10 05:39:00,corto,10725.58,10787.19,10663.97,61.61000000000058,TP,60.11000000000058,0.9756533030352218
2020-07-10 17:54:00,2020-07-10 18:09:00,corto,10781.94,10789.97,10773.910000000002,8.029999999998836,TP,6.529999999998836,0.8132004981319779
2020-07-12 23:15:00,2020-07-12 23:52:00,corto,10905.029,10915.239,10894.819000000001,10.209999999999127,TP,8.709999999999127,0.8530852105778522
2020-07-13 00:33:00,2020-07-13 05:56:00,largo,10891.499,10869.879,10913.118999999999,21.61999999999898,TP,20.11999999999898,0.9306197964847331
2020-07-13 07:03:00,2020-07-13 08:27:00,corto,10902.879,10917.049,10888.709,14.170000000000073,TP,12.670000000000073,0.894142554693014
2020-07-13 10:24:00,2020-07-13 10:39:00,corto,10910.54,10915.5,10905.580000000002,4.959999999999127,TP,3.459999999999127,0.6975806451612371
2020-07-13 18:12:00,2020-07-13 18:26:00,largo,10895.22,10863.95,10926.489999999998,31.269999999998618,SL,-32.76999999999862,-1.0479692996482273
2020-07-13 19:39:00,2020-07-13 19:50:00,largo,10693.11,10621.02,10765.2,72.09000000000015,SL,-73.59000000000015,-1.0208073241781106
2020-07-15 07:45:00,2020-07-15 08:13:00,corto,10699.29,10715.48,10683.100000000002,16.18999999999869,SL,-17.68999999999869,-1.0926497838171785
2020-07-15 08:57:00,2020-07-15 09:54:00,corto,10698.96,10719.3,10678.619999999999,20.340000000000146,TP,18.840000000000146,0.9262536873156347
2020-07-15 11:24:00,2020-07-15 12:07:00,corto,10738.99,10766.54,10711.439999999999,27.55000000000109,TP,26.05000000000109,0.9455535390199659
2020-07-15 13:51:00,2020-07-15 13:58:00,corto,10741.11,10779.23,10702.990000000002,38.11999999999898,TP,36.61999999999898,0.9606505771248678
2020-07-15 18:42:00,2020-07-15 18:53:00,corto,10700.87,10724.31,10677.430000000002,23.43999999999869,TP,21.93999999999869,0.936006825938563
2020-07-15 19:48:00,2020-07-15 22:40:00,corto,10693.82,10715.33,10672.31,21.51000000000022,TP,20.01000000000022,0.9302649930265
2020-07-16 15:18:00,2020-07-16 15:38:00,largo,10514.04,10488.83,10539.250000000002,25.210000000000946,TP,23.710000000000946,0.9404998016660078
2020-07-16 15:45:00,2020-07-16 16:44:00,largo,10534.55,10488.83,10580.269999999999,45.719999999999345,TP,44.219999999999345,0.9671916010498683
2020-07-16 18:54:00,2020-07-16 19:29:00,corto,10599.3,10639.9,10558.699999999999,40.600000000000364,SL,-42.100000000000364,-1.0369458128078815
2020-07-17 19:39:00,2020-07-17 19:50:00,corto,10665.75,10684.27,10647.23,18.520000000000437,TP,17.020000000000437,0.9190064794816434
2020-07-20 12:00:00,2020-07-20 12:06:00,corto,10666.77,10672.1,10661.44,5.329999999999927,SL,-6.829999999999927,-1.2814258911819927
2020-07-20 13:33:00,2020-07-20 13:54:00,corto,10649.91,10699.67,10600.15,49.76000000000022,SL,-51.26000000000022,-1.030144694533762
2020-07-22 09:30:00,2020-07-22 10:20:00,largo,10829.4,10792.32,10866.48,37.07999999999993,TP,35.57999999999993,0.9595469255663429
2020-07-22 15:24:00,2020-07-22 16:12:00,largo,10817.82,10772.84,10862.8,44.97999999999956,TP,43.47999999999956,0.9666518452645617
2020-07-23 06:30:00,2020-07-23 06:45:00,corto,10879.23,10895.8,10862.66,16.56999999999971,SL,-18.06999999999971,-1.0905250452625241
2020-07-23 07:30:00,2020-07-23 08:09:00,corto,10908.47,10930.95,10885.989999999998,22.480000000001382,SL,-23.980000000001382,-1.0667259786476828
2020-07-26 23:30:00,2020-07-27 00:09:00,largo,10443.14,10412.24,10474.039999999999,30.899999999999636,TP,29.399999999999636,0.9514563106796111
2020-07-27 17:06:00,2020-07-27 17:14:00,corto,10604.63,10615.1,10594.159999999998,10.470000000001164,SL,-11.970000000001164,-1.1432664756446833
2020-07-27 18:51:00,2020-07-27 19:03:00,corto,10639.8,10665.82,10613.779999999999,26.020000000000437,SL,-27.520000000000437,-1.0576479631053026
2020-07-27 23:24:00,2020-07-28 00:02:00,corto,10697.18,10717.9,10676.460000000001,20.719999999999345,SL,-22.219999999999345,-1.0723938223938247
2020-07-28 04:09:00,2020-07-28 04:18:00,corto,10708.5,10716.68,10700.32,8.180000000000291,TP,6.680000000000291,0.8166259168704222
2020-07-28 04:27:00,2020-07-28 04:33:00,corto,10708.7,10716.68,10700.720000000001,7.979999999999563,SL,-9.479999999999563,-1.1879699248120403
2020-07-28 04:36:00,2020-07-28 04:42:00,corto,10714.22,10718.1,10710.339999999998,3.8800000000010186,TP,2.3800000000010186,0.6134020618557716
2020-07-28 08:45:00,2020-07-28 09:50:00,corto,10680.21,10697.81,10662.609999999999,17.600000000000364,TP,16.100000000000364,0.9147727272727291
2020-07-29 23:45:00,2020-07-30 00:03:00,corto,10692.1,10699.9,10684.300000000001,7.799999999999272,TP,6.299999999999272,0.8076923076922897
2020-07-30 16:33:00,2020-07-30 17:14:00,corto,10691.6,10719.12,10664.08,27.520000000000437,SL,-29.020000000000437,-1.0545058139534875
2020-07-31 12:24:00,2020-07-31 12:41:00,corto,10934.42,10944.4,10924.44,9.979999999999563,TP,8.479999999999563,0.8496993987975886
2020-07-31 12:48:00,2020-07-31 13:30:00,corto,10919.94,10944.4,10895.480000000001,24.459999999999127,TP,22.959999999999127,0.9386753883892047
2020-07-31 16:39:00,2020-07-31 16:56:00,largo,10739.61,10711.8,10767.420000000002,27.81000000000131,SL,-29.31000000000131,-1.0539374325782067
2020-08-03 01:03:00,2020-08-03 01:11:00,corto,10935.27,10950.06,10920.480000000001,14.789999999999054,SL,-16.289999999999054,-1.1014198782961526
2020-08-03 03:03:00,2020-08-03 03:17:00,corto,10946.59,10952.89,10940.29,6.299999999999272,TP,4.799999999999272,0.7619047619047344
2020-08-03 03:36:00,2020-08-03 04:00:00,corto,10940.0,10952.89,10927.11,12.889999999999418,TP,11.389999999999418,0.8836307214895215
2020-08-03 05:30:00,2020-08-03 05:49:00,corto,10947.36,10954.83,10939.890000000001,7.469999999999345,SL,-8.969999999999345,-1.2008032128514232
2020-08-03 07:06:00,2020-08-03 07:28:00,corto,10935.52,10948.59,10922.45,13.069999999999709,TP,11.569999999999709,0.8852333588370288
2020-08-03 07:42:00,2020-08-03 08:02:00,corto,10921.46,10948.59,10894.329999999998,27.13000000000102,SL,-28.63000000000102,-1.0552893475856964
2020-08-03 18:42:00,2020-08-03 19:05:00,corto,11074.59,11085.8,11063.380000000001,11.209999999999127,TP,9.709999999999127,0.8661909009812563
2020-08-04 08:09:00,2020-08-04 08:50:00,largo,11017.58,11002.81,11032.35,14.770000000000437,SL,-16.270000000000437,-1.1015572105619469
2020-08-04 09:03:00,2020-08-04 09:39:00,largo,11021.82,11012.08,11031.56,9.739999999999782,SL,-11.239999999999782,-1.1540041067761841
2020-08-04 09:45:00,2020-08-04 10:11:00,largo,11021.86,11010.41,11033.310000000001,11.450000000000728,SL,-12.950000000000728,-1.1310043668122187
2020-08-04 10:36:00,2020-08-04 11:00:00,largo,11019.92,11008.09,11031.75,11.829999999999927,TP,10.329999999999927,0.8732037193575647
2020-08-04 14:33:00,2020-08-04 15:25:00,corto,11064.08,11094.68,11033.48,30.600000000000364,TP,29.100000000000364,0.9509803921568634
2020-08-04 20:03:00,2020-08-04 20:07:00,corto,11095.88,11103.62,11088.139999999998,7.740000000001601,SL,-9.2400000000016,-1.193798449612363
2020-08-05 03:48:00,2020-08-05 05:42:00,corto,11107.55,11115.22,11099.88,7.670000000000073,SL,-9.170000000000073,-1.1955671447196852
2020-08-05 16:48:00,2020-08-05 17:17:00,corto,11106.92,11128.3,11085.54,21.3799999999992,SL,-22.8799999999992,-1.0701590271281598
2020-08-06 04:18:00,2020-08-06 05:01:00,largo,11090.01,11078.21,11101.810000000001,11.800000000001091,TP,10.300000000001091,0.8728813559322152
2020-08-06 11:03:00,2020-08-06 11:13:00,largo,11075.4,11067.32,11083.48,8.079999999999927,TP,6.579999999999927,0.8143564356435626
2020-08-06 12:27:00,2020-08-06 12:32:00,largo,11089.02,11074.52,11103.52,14.5,TP,13.0,0.896551724137931
2020-08-06 12:36:00,2020-08-06 14:12:00,largo,11110.7,11074.52,11146.880000000001,36.18000000000029,TP,34.68000000000029,0.9585406301824215
2020-08-06 14:33:00,2020-08-06 14:42:00,corto,11143.74,11159.7,11127.779999999999,15.960000000000946,TP,14.460000000000946,0.9060150375939905
2020-08-06 14:48:00,2020-08-06 16:14:00,corto,11096.68,11159.7,11033.66,63.02000000000044,SL,-64.52000000000044,-1.023801967629324
2020-08-07 18:30:00,2020-08-07 18:48:00,largo,11065.77,11042.86,11088.68,22.909999999999854,TP,21.409999999999854,0.9345264076822344
2020-08-10 15:21:00,2020-08-10 16:44:00,largo,11001.96,10938.69,11065.229999999998,63.26999999999862,TP,61.76999999999862,0.9762920815552389
2020-08-11 19:24:00,2020-08-11 19:34:00,largo,10949.22,10912.26,10986.179999999998,36.95999999999913,SL,-38.45999999999913,-1.0405844155844166
2020-08-12 15:33:00,2020-08-12 15:47:00,corto,11121.56,11138.81,11104.31,17.25,SL,-18.75,-1.0869565217391304
2020-08-12 16:54:00,2020-08-12 17:56:00,corto,11145.24,11175.11,11115.369999999999,29.8700000000008,SL,-31.3700000000008,-1.0502176096417797
2020-08-12 19:51:00,2020-08-13 00:52:00,corto,11145.91,11181.6,11110.22,35.69000000000051,TP,34.19000000000051,0.9579714205659855
2020-08-13 01:03:00,2020-08-13 01:32:00,largo,11118.0,11099.01,11136.99,18.98999999999978,TP,17.48999999999978,0.9210110584518159
2020-08-13 01:39:00,2020-08-13 12:16:00,largo,11133.81,11099.01,11168.609999999999,34.79999999999927,TP,33.29999999999927,0.956896551724137
2020-08-13 15:27:00,2020-08-13 15:43:00,corto,11246.05,11267.29,11224.809999999998,21.2400000000016,TP,19.7400000000016,0.9293785310734517
2020-08-13 16:06:00,2020-08-13 16:31:00,corto,11248.9,11259.0,11238.8,10.100000000000364,SL,-11.600000000000364,-1.148514851485143
2020-08-17 17:48:00,2020-08-17 17:56:00,corto,11282.31,11289.91,11274.71,7.600000000000364,TP,6.100000000000364,0.8026315789473779
2020-08-18 16:54:00,2020-08-18 17:40:00,corto,11375.9,11391.68,11360.119999999999,15.780000000000655,SL,-17.280000000000655,-1.0950570342205284
2020-08-18 23:42:00,2020-08-18 23:46:00,corto,11418.31,11422.85,11413.769999999999,4.540000000000873,TP,3.040000000000873,0.6696035242291384
2020-08-19 01:27:00,2020-08-19 01:56:00,corto,11422.03,11427.77,11416.29,5.739999999999782,TP,4.239999999999782,0.7386759581881434
2020-08-19 02:27:00,2020-08-19 03:16:00,corto,11419.81,11425.94,11413.679999999998,6.130000000001019,SL,-7.630000000001019,-1.244698205546452
2020-08-19 09:12:00,2020-08-19 09:20:00,corto,11423.99,11430.12,11417.859999999999,6.130000000001019,SL,-7.630000000001019,-1.244698205546452
2020-08-19 09:30:00,2020-08-19 11:14:00,corto,11425.12,11432.35,11417.890000000001,7.229999999999563,TP,5.729999999999563,0.7925311203319377
2020-08-19 18:36:00,2020-08-19 19:49:00,largo,11357.0,11312.99,11401.01,44.01000000000022,SL,-45.51000000000022,-1.0340831629175187
2020-08-20 22:45:00,2020-08-20 23:54:00,corto,11494.85,11501.1,11488.6,6.25,SL,-7.75,-1.24
2020-08-21 13:39:00,2020-08-21 13:45:00,corto,11460.31,11501.5,11419.119999999999,41.19000000000051,SL,-42.69000000000051,-1.036416605972323
2020-08-21 13:48:00,2020-08-21 14:25:00,corto,11478.11,11508.08,11448.140000000001,29.969999999999345,SL,-31.469999999999345,-1.0500500500500511
2020-08-24 00:12:00,2020-08-24 01:16:00,largo,11582.6,11569.38,11595.820000000002,13.220000000001164,TP,11.720000000001164,0.886535552193656
2020-08-25 14:42:00,2020-08-25 14:46:00,corto,11635.11,11649.6,11620.62,14.489999999999782,SL,-15.989999999999782,-1.1035196687370616
2020-08-25 15:18:00,2020-08-25 15:26:00,corto,11684.63,11696.2,11673.059999999998,11.570000000001528,TP,10.070000000001528,0.8703543647364044
2020-08-27 13:45:00,2020-08-27 15:46:00,corto,11944.29,12041.24,11847.340000000002,96.94999999999891,SL,-98.44999999999891,-1.0154718927282107
2020-08-30 22:24:00,2020-08-30 22:42:00,corto,12010.03,12017.8,12002.260000000002,7.769999999998618,SL,-9.269999999998618,-1.1930501930502273
2020-08-30 23:36:00,2020-08-30 23:40:00,corto,12033.62,12040.0,12027.240000000002,6.3799999999992,SL,-7.8799999999992,-1.235109717868368
2020-08-31 13:21:00,2020-08-31 13:29:00,largo,12005.56,11988.85,12022.269999999999,16.709999999999127,TP,15.209999999999127,0.9102333931777332
2020-08-31 13:39:00,2020-08-31 14:48:00,largo,12032.24,11988.85,12075.63,43.38999999999942,TP,41.88999999999942,0.9654298225397553
2020-08-31 15:57:00,2020-08-31 16:53:00,corto,12068.42,12104.7,12032.14,36.280000000000655,SL,-37.780000000000655,-1.041345093715545
2020-09-01 02:48:00,2020-09-01 03:38:00,corto,12165.34,12177.1,12153.58,11.760000000000218,TP,10.260000000000218,0.8724489795918391
2020-09-01 18:24:00,2020-09-01 18:46:00,corto,12273.23,12282.8,12263.66,9.569999999999709,TP,8.069999999999709,0.8432601880877695
2020-09-03 13:45:00,2020-09-03 14:12:00,largo,12183.32,12132.03,12234.609999999999,51.289999999999054,SL,-52.789999999999054,-1.029245466952623
2020-09-03 23:36:00,2020-09-03 23:49:00,largo,11631.5,11588.84,11674.16,42.659999999999854,SL,-44.159999999999854,-1.0351617440225036
2020-09-04 11:21:00,2020-09-04 11:31:00,largo,11663.37,11645.73,11681.010000000002,17.640000000001237,SL,-19.140000000001237,-1.0850340136054362
2020-09-04 12:15:00,2020-09-04 12:24:00,largo,11647.3,11624.05,11670.55,23.25,TP,21.75,0.9354838709677419
2020-09-04 12:21:00,2020-09-04 12:31:00,largo,11659.9,11624.05,11695.75,35.850000000000364,SL,-37.350000000000364,-1.0418410041841
2020-09-07 15:24:00,2020-09-07 15:43:00,corto,11507.05,11523.58,11490.519999999999,16.530000000000655,TP,15.030000000000655,0.9092558983666098
2020-09-08 18:54:00,2020-09-08 19:07:00,largo,11128.62,11082.36,11174.880000000001,46.26000000000022,SL,-47.76000000000022,-1.0324254215304798
2020-09-09 15:15:00,2020-09-09 16:13:00,corto,11319.8,11411.38,11228.22,91.57999999999993,SL,-93.07999999999993,-1.0163791220790566
2020-09-10 15:45:00,2020-09-10 15:55:00,corto,11470.65,11502.19,11439.109999999999,31.540000000000873,TP,30.040000000000873,0.9524413443246684
2020-09-15 17:03:00,2020-09-15 18:02:00,corto,11474.01,11495.8,11452.220000000001,21.789999999999054,TP,20.289999999999054,0.9311610830656234
2020-09-16 17:57:00,2020-09-16 18:15:00,largo,11368.32,11320.72,11415.92,47.600000000000364,TP,46.100000000000364,0.9684873949579834
2020-09-18 13:12:00,2020-09-18 13:19:00,corto,11159.51,11175.32,11143.7,15.80999999999949,TP,14.30999999999949,0.9051233396584409
2020-09-18 15:03:00,2020-09-18 15:13:00,largo,10977.58,10940.54,11014.619999999999,37.039999999999054,SL,-38.539999999999054,-1.0404967602591804
2020-09-18 15:18:00,2020-09-18 15:34:00,largo,10964.51,10939.21,10989.810000000001,25.30000000000109,SL,-26.80000000000109,-1.0592885375494046
2020-09-18 16:06:00,2020-09-18 16:13:00,largo,10988.1,10956.33,11019.87,31.770000000000437,SL,-33.27000000000044,-1.047214353163361
2020-09-21 03:48:00,2020-09-21 05:33:00,corto,10918.12,10963.13,10873.110000000002,45.0099999999984,TP,43.5099999999984,0.966674072428348
2020-09-21 06:09:00,2020-09-21 07:00:00,largo,10895.79,10871.66,10919.920000000002,24.13000000000102,TP,22.63000000000102,0.9378367177787014
2020-09-21 13:27:00,2020-09-21 13:31:00,largo,10778.64,10758.86,10798.419999999998,19.779999999998836,TP,18.279999999998836,0.9241658240647074
2020-09-22 08:36:00,2020-09-22 08:52:00,corto,11017.27,11035.5,10999.04,18.229999999999563,TP,16.729999999999563,0.9177180471749843
2020-09-23 18:24:00,2020-09-23 18:40:00,largo,10923.34,10890.31,10956.37,33.030000000000655,SL,-34.530000000000655,-1.0454132606721154
2020-09-23 22:57:00,2020-09-23 23:16:00,largo,10818.31,10803.79,10832.829999999998,14.519999999998618,SL,-16.019999999998618,-1.1033057851239767
2020-09-24 08:33:00,2020-09-24 09:09:00,largo,10812.46,10773.81,10851.109999999999,38.649999999999636,SL,-40.149999999999636,-1.0388098318240624
2020-09-24 11:27:00,2020-09-24 11:44:00,largo,10813.39,10797.58,10829.199999999999,15.80999999999949,SL,-17.30999999999949,-1.094876660341559
2020-09-25 15:27:00,2020-09-25 15:39:00,corto,11029.97,11049.34,11010.599999999999,19.3700000000008,TP,17.8700000000008,0.9225606608156975
2020-09-25 15:36:00,2020-09-25 17:06:00,corto,11014.11,11049.34,10978.880000000001,35.22999999999956,SL,-36.72999999999956,-1.0425773488504122
2020-09-28 04:09:00,2020-09-28 04:24:00,corto,11194.62,11198.69,11190.550000000001,4.069999999999709,SL,-5.569999999999709,-1.3685503685503948
2020-10-02 05:09:00,2020-10-02 05:22:00,largo,11412.74,11366.59,11458.89,46.149999999999636,SL,-47.649999999999636,-1.0325027085590468
2020-10-02 08:51:00,2020-10-02 09:24:00,largo,11394.59,11365.23,11423.95,29.360000000000582,SL,-30.860000000000582,-1.0510899182561297
2020-10-04 23:27:00,2020-10-04 23:54:00,corto,11323.84,11335.2,11312.48,11.360000000000582,SL,-12.860000000000582,-1.13204225352112
2020-10-05 07:54:00,2020-10-05 10:02:00,largo,11324.05,11280.91,11367.189999999999,43.13999999999942,TP,41.63999999999942,0.9652294853963834
2020-10-05 15:39:00,2020-10-05 16:11:00,corto,11435.21,11454.39,11416.029999999999,19.18000000000029,SL,-20.68000000000029,-1.0782064650677778
2020-10-06 14:21:00,2020-10-06 14:34:00,corto,11498.94,11512.29,11485.59,13.350000000000364,TP,11.850000000000364,0.8876404494382053
2020-10-06 14:36:00,2020-10-06 14:43:00,corto,11486.5,11512.29,11460.71,25.790000000000873,TP,24.290000000000873,0.9418379216750699
2020-10-06 15:42:00,2020-10-06 15:50:00,largo,11427.19,11387.66,11466.720000000001,39.530000000000655,SL,-41.030000000000655,-1.037945863900834
2020-10-06 18:48:00,2020-10-06 18:55:00,corto,11427.14,11537.96,11316.32,110.81999999999971,TP,109.31999999999971,0.9864645370871683
2020-10-06 19:09:00,2020-10-06 22:00:00,largo,11319.02,11251.22,11386.820000000002,67.80000000000109,SL,-69.30000000000109,-1.0221238938053094
2020-10-08 04:09:00,2020-10-08 04:16:00,corto,11518.28,11523.27,11513.29,4.989999999999782,TP,3.4899999999997817,0.6993987975951772
2020-10-08 04:39:00,2020-10-08 05:00:00,corto,11517.77,11523.27,11512.27,5.5,SL,-7.0,-1.2727272727272727
2020-10-08 22:15:00,2020-10-08 22:46:00,corto,11588.2,11596.89,11579.510000000002,8.68999999999869,TP,7.18999999999869,0.8273878020713203
2020-10-08 22:45:00,2020-10-09 00:00:00,corto,11582.83,11597.26,11568.4,14.430000000000291,SL,-15.930000000000291,-1.1039501039501018
2020-10-09 02:03:00,2020-10-09 02:35:00,corto,11595.86,11601.39,11590.330000000002,5.529999999998836,SL,-7.029999999998836,-1.271247739602227
2020-10-09 09:03:00,2020-10-09 10:04:00,corto,11586.0,11593.34,11578.66,7.3400000000001455,TP,5.8400000000001455,0.7956403269754809
2020-10-09 10:36:00,2020-10-09 10:51:00,corto,11585.46,11596.89,11574.029999999999,11.430000000000291,TP,9.930000000000291,0.8687664041994784
2020-10-13 11:51:00,2020-10-13 12:43:00,corto,12203.99,12233.81,12174.17,29.81999999999971,TP,28.31999999999971,0.9496981891348084
2020-10-13 18:42:00,2020-10-13 19:11:00,largo,12071.99,12025.61,12118.369999999999,46.3799999999992,TP,44.8799999999992,0.9676584734799477
2020-10-15 01:33:00,2020-10-15 02:50:00,largo,11921.29,11895.57,11947.010000000002,25.720000000001164,SL,-27.220000000001164,-1.058320373250386
2020-10-15 23:57:00,2020-10-16 00:15:00,corto,11923.9,11941.6,11906.199999999999,17.700000000000728,TP,16.200000000000728,0.915254237288139
2020-10-16 01:42:00,2020-10-16 03:08:00,corto,11926.6,11949.03,11904.17,22.43000000000029,TP,20.93000000000029,0.9331252786446732
2020-10-16 08:09:00,2020-10-16 09:29:00,corto,11914.42,11937.91,11890.93,23.48999999999978,TP,21.98999999999978,0.9361430395913148
2020-10-16 10:45:00,2020-10-16 10:51:00,corto,11918.51,11934.62,11902.4,16.110000000000582,TP,14.610000000000582,0.9068901303538208
2020-10-19 16:27:00,2020-10-19 16:36:00,largo,11779.49,11756.04,11802.939999999999,23.44999999999891,TP,21.94999999999891,0.9360341151385898
2020-10-19 16:48:00,2020-10-19 17:47:00,largo,11810.44,11756.04,11864.84,54.399999999999636,SL,-55.899999999999636,-1.027573529411765
2020-10-20 15:21:00,2020-10-20 16:34:00,largo,11675.22,11609.89,11740.55,65.32999999999993,TP,63.82999999999993,0.9770396448798407
2020-10-20 18:03:00,2020-10-20 18:06:00,corto,11754.22,11774.69,11733.749999999998,20.470000000001164,TP,18.970000000001164,0.92672203224231
2020-10-20 18:27:00,2020-10-20 19:06:00,corto,11759.82,11793.81,11725.83,33.98999999999978,TP,32.48999999999978,0.9558693733451012
2020-10-23 12:33:00,2020-10-23 13:02:00,corto,11695.689,11703.099,11688.279,7.4099999999998545,TP,5.9099999999998545,0.7975708502024251
2020-10-23 16:33:00,2020-10-23 18:04:00,largo,11610.499,11573.819,11647.179,36.68000000000029,TP,35.18000000000029,0.959105779716467
2020-10-26 08:54:00,2020-10-26 09:32:00,largo,11575.379,11562.939,11587.819000000001,12.44000000000051,TP,10.94000000000051,0.8794212218649567
2020-10-26 13:45:00,2020-10-26 14:03:00,corto,11608.709,11708.719,11508.699000000002,100.0099999999984,TP,98.5099999999984,0.9850014998500147
2020-10-26 16:09:00,2020-10-26 16:18:00,largo,11426.049,11406.759,11445.339000000002,19.290000000000873,SL,-20.790000000000873,-1.0777604976671815
2020-10-26 16:57:00,2020-10-26 18:32:00,largo,11423.129,11356.069,11490.189000000002,67.06000000000131,TP,65.56000000000131,0.9776319713689238
2020-10-27 18:54:00,2020-10-27 19:10:00,corto,11607.609,11635.888,11579.33,28.27900000000045,TP,26.77900000000045,0.9469571059797031
2020-10-28 08:12:00,2020-10-28 08:30:00,largo,11499.799,11478.328,11521.270000000002,21.471000000001368,SL,-22.971000000001368,-1.0698616738857019
2020-10-28 16:48:00,2020-10-28 18:54:00,largo,11232.568,11172.809,11292.327,59.759000000000015,SL,-61.259000000000015,-1.0251008216335615
2020-10-29 07:09:00,2020-10-29 08:25:00,corto,11264.288,11289.099,11239.477,24.810999999999694,SL,-26.310999999999694,-1.0604570553383588
2020-10-30 16:48:00,2020-10-30 17:33:00,largo,11013.578,10973.729,11053.427,39.84900000000016,SL,-41.34900000000016,-1.0376420989234358
2020-11-02 16:51:00,2020-11-02 17:37:00,largo,11117.019,11063.549,11170.489,53.469999999999345,SL,-54.969999999999345,-1.0280531138956428
2020-11-02 19:09:00,2020-11-02 19:23:00,largo,10979.579,10955.228,11003.93,24.351000000000568,TP,22.851000000000568,0.9384008870272282
2020-11-02 19:57:00,2020-11-02 21:00:00,largo,11023.119,10955.228,11091.010000000002,67.89100000000144,TP,66.39100000000144,0.9779057607046594
2020-11-03 16:54:00,2020-11-03 18:54:00,corto,11305.378,11361.219,11249.537000000002,55.84099999999853,TP,54.34099999999853,0.9731380168693247
2020-11-04 20:15:00,2020-11-04 23:00:00,corto,11757.359,11811.898,11702.820000000002,54.53899999999885,SL,-56.03899999999885,-1.0275032545517893
2020-11-05 01:12:00,2020-11-05 02:18:00,corto,11831.899,11862.299,11801.498999999998,30.400000000001455,TP,28.900000000001455,0.9506578947368445
2020-11-06 17:12:00,2020-11-06 17:26:00,corto,12059.479,12081.869,12037.088999999998,22.390000000001237,TP,20.890000000001237,0.9330058061634695
2020-11-10 00:45:00,2020-11-10 01:01:00,largo,11823.149,11796.289,11850.008999999998,26.859999999998763,TP,25.359999999998763,0.9441548771407271
2020-11-11 09:18:00,2020-11-11 11:01:00,corto,11721.169,11759.017,11683.321,37.847999999999956,SL,-39.347999999999956,-1.0396322130627775
2020-11-11 11:39:00,2020-11-11 13:12:00,corto,11744.499,11781.689,11707.309,37.19000000000051,SL,-38.69000000000051,-1.0403334229631616
2020-11-12 19:30:00,2020-11-12 19:41:00,largo,11846.499,11817.119,11875.878999999999,29.3799999999992,SL,-30.8799999999992,-1.0510551395507162
2020-11-13 20:51:00,2020-11-15 23:00:00,corto,11935.309,11957.989,11912.628999999999,22.68000000000029,SL,-24.18000000000029,-1.0661375661375654
2020-11-16 12:09:00,2020-11-16 12:20:00,corto,11942.099,11958.089,11926.109,15.989999999999782,TP,14.489999999999782,0.9061913696060024
2020-11-16 16:39:00,2020-11-16 21:03:00,corto,11984.449,12038.259,11930.639000000001,53.80999999999949,SL,-55.30999999999949,-1.0278758595056683
2020-11-17 08:36:00,2020-11-17 09:07:00,corto,12036.049,12052.289,12019.809000000001,16.23999999999978,SL,-17.73999999999978,-1.0923645320197057
2020-11-17 12:51:00,2020-11-17 13:31:00,corto,12038.999,12055.987,12022.011,16.987999999999374,TP,15.487999999999374,0.9117023781492786
2020-11-17 14:33:00,2020-11-17 14:43:00,corto,12025.459,12047.407,12003.511000000002,21.9479999999985,TP,20.4479999999985,0.9316566429742982
2020-11-17 14:42:00,2020-11-17 18:30:00,corto,12001.009,12047.407,11954.611,46.39799999999923,SL,-47.89799999999923,-1.0323289796974013
2020-11-18 16:48:00,2020-11-18 17:00:00,largo,11980.299,11958.359,12002.239000000001,21.94000000000051,TP,20.44000000000051,0.931631722880585
2020-11-18 17:09:00,2020-11-18 17:37:00,corto,12015.289,12027.597,12002.981000000002,12.307999999999083,SL,-13.807999999999083,-1.121871953201179
2020-11-18 17:51:00,2020-11-18 18:26:00,corto,12011.739,12030.619,11992.858999999999,18.88000000000102,TP,17.38000000000102,0.9205508474576314
2020-11-18 23:15:00,2020-11-19 00:26:00,largo,11888.789,11868.589,11908.989000000001,20.200000000000728,SL,-21.700000000000728,-1.0742574257425717
2020-11-19 17:42:00,2020-11-19 18:52:00,corto,11929.239,11967.309,11891.169,38.06999999999971,SL,-39.56999999999971,-1.0394011032308907
2020-11-20 16:18:00,2020-11-20 16:48:00,corto,12000.809,12017.617,11984.000999999998,16.808000000000902,TP,15.308000000000902,0.910756782484536
2020-11-20 16:48:00,2020-11-20 20:33:00,corto,11975.747,12017.617,11933.876999999999,41.8700000000008,TP,40.3700000000008,0.9641748268449971
2020-11-20 20:45:00,2020-11-20 20:53:00,largo,11959.399,11929.109,11989.688999999998,30.289999999999054,SL,-31.789999999999054,-1.0495212941564889
2020-11-23 15:48:00,2020-11-23 16:09:00,largo,11905.369,11872.109,11938.629,33.26000000000022,SL,-34.76000000000022,-1.0450992182802161
2020-11-23 19:51:00,2020-11-23 23:44:00,largo,11916.187,11872.219,11960.155,43.96800000000076,TP,42.46800000000076,0.9658842794759831
2020-11-25 18:12:00,2020-11-25 18:30:00,corto,12140.729,12153.299,12128.158999999998,12.570000000001528,TP,11.070000000001528,0.8806682577565778
2020-11-25 23:30:00,2020-11-26 01:33:00,corto,12174.389,12185.899,12162.878999999999,11.510000000000218,SL,-13.010000000000218,-1.130321459600345
2020-12-01 16:18:00,2020-12-01 16:29:00,corto,12419.759,12432.309,12407.209,12.549999999999272,SL,-14.049999999999272,-1.1195219123506046
2020-12-01 16:30:00,2020-12-01 16:35:00,corto,12419.739,12444.879,12394.598999999998,25.140000000001237,SL,-26.640000000001237,-1.0596658711217155
2020-12-02 14:36:00,2020-12-02 14:40:00,largo,12364.049,12344.569,12383.529000000002,19.480000000001382,SL,-20.980000000001382,-1.0770020533880849
2020-12-02 18:45:00,2020-12-02 20:02:00,corto,12417.529,12462.809,12372.249000000002,45.279999999998836,SL,-46.779999999998836,-1.0331272084805663
2020-12-03 00:57:00,2020-12-03 01:50:00,corto,12464.529,12474.089,12454.969000000001,9.55999999999949,SL,-11.05999999999949,-1.1569037656903849
2020-12-03 03:00:00,2020-12-03 03:04:00,corto,12470.119,12474.199,12466.039,4.079999999999927,SL,-5.579999999999927,-1.3676470588235359
2020-12-04 16:45:00,2020-12-04 17:01:00,corto,12518.049,12529.599,12506.499000000002,11.549999999999272,TP,10.049999999999272,0.870129870129862
2020-12-04 17:48:00,2020-12-04 17:59:00,corto,12518.279,12527.179,12509.379,8.899999999999636,SL,-10.399999999999636,-1.1685393258427035
2020-12-07 14:27:00,2020-12-07 14:30:00,corto,12531.039,12537.799,12524.279,6.760000000000218,TP,5.260000000000218,0.7781065088757468
2020-12-08 17:06:00,2020-12-08 17:13:00,corto,12593.399,12601.799,12584.998999999998,8.400000000001455,TP,6.900000000001455,0.8214285714286024
2020-12-08 17:45:00,2020-12-08 17:56:00,corto,12590.359,12601.799,12578.919,11.44000000000051,SL,-12.94000000000051,-1.1311188811188753
2020-12-10 07:03:00,2020-12-10 08:13:00,largo,12319.009,12303.419,12334.599,15.590000000000146,TP,14.090000000000146,0.9037844772289938
2020-12-14 16:24:00,2020-12-14 16:31:00,corto,12531.599,12546.107,12517.091,14.50799999999981,TP,13.00799999999981,0.8966087675765082
2020-12-14 16:36:00,2020-12-14 18:07:00,corto,12513.019,12546.107,12479.931,33.08799999999974,TP,31.587999999999738,0.9546663442940035
2020-12-15 02:54:00,2020-12-15 07:33:00,largo,12448.099,12415.739,12480.459,32.36000000000058,TP,30.860000000000582,0.9536464771322629
2020-12-15 16:27:00,2020-12-15 16:40:00,largo,12487.209,12464.519,12509.899000000001,22.69000000000051,TP,21.19000000000051,0.933891582194801
2020-12-15 16:51:00,2020-12-15 17:09:00,largo,12488.799,12464.519,12513.079000000002,24.280000000000655,TP,22.780000000000655,0.9382207578253723
2020-12-15 18:48:00,2020-12-15 18:55:00,corto,12542.869,12551.899,12533.839000000002,9.029999999998836,SL,-10.529999999998836,-1.1661129568106527
2020-12-15 20:03:00,2020-12-15 20:23:00,corto,12567.689,12584.899,12550.479000000001,17.209999999999127,SL,-18.709999999999127,-1.087158628704246
2020-12-16 18:57:00,2020-12-16 19:00:00,corto,12642.819,12651.799,12633.838999999998,8.980000000001382,SL,-10.480000000001382,-1.1670378619153419
2020-12-16 19:03:00,2020-12-16 19:10:00,corto,12632.499,12654.169,12610.829,21.670000000000073,TP,20.170000000000073,0.9307798800184589
2020-12-17 16:48:00,2020-12-17 17:46:00,corto,12693.549,12725.699,12661.399000000001,32.149999999999636,SL,-33.649999999999636,-1.0466562986003116
2020-12-18 15:54:00,2020-12-18 16:13:00,largo,12723.599,12678.319,12768.879,45.280000000000655,SL,-46.780000000000655,-1.033127208480565
2020-12-18 16:33:00,2020-12-18 19:57:00,largo,12691.709,12658.849,12724.569000000001,32.86000000000058,SL,-34.36000000000058,-1.0456482045039555
2020-12-22 00:21:00,2020-12-22 00:56:00,corto,12699.819,12713.999,12685.639,14.180000000000291,TP,12.680000000000291,0.8942172073342758
2020-12-22 08:36:00,2020-12-22 08:45:00,corto,12702.289,12709.579,12694.999000000002,7.289999999999054,SL,-8.789999999999054,-1.2057613168724546
2020-12-22 16:27:00,2020-12-22 16:31:00,largo,12688.729,12668.139,12709.319,20.590000000000146,SL,-22.090000000000146,-1.0728508984944143
2020-12-29 20:39:00,2020-12-29 20:53:00,corto,12854.259,12869.889,12838.629,15.6299999999992,TP,14.1299999999992,0.9040307101727398
2020-12-30 05:18:00,2020-12-30 05:28:00,corto,12892.839,12897.489,12888.189,4.649999999999636,TP,3.149999999999636,0.6774193548386844
2020-12-30 07:42:00,2020-12-30 09:02:00,corto,12892.209,12900.199,12884.219000000001,7.989999999999782,TP,6.489999999999782,0.8122653316645756
2020-12-30 12:30:00,2020-12-30 13:23:00,corto,12885.829,12896.499,12875.159,10.670000000000073,SL,-12.170000000000073,-1.140581068416119
2020-12-31 18:33:00,2020-12-31 19:00:00,largo,12828.649,12817.879,12839.418999999998,10.769999999998618,SL,-12.269999999998618,-1.139275766016731
2021-01-03 23:15:00,2021-01-03 23:43:00,corto,12890.279,12907.189,12873.369,16.909999999999854,TP,15.409999999999854,0.9112950916617378
2021-01-03 23:45:00,2021-01-04 00:48:00,corto,12869.729,12907.189,12832.268999999998,37.460000000000946,TP,35.960000000000946,0.9599572877736262
2021-01-06 01:30:00,2021-01-06 01:55:00,largo,12702.809,12674.939,12730.678999999998,27.86999999999898,TP,26.36999999999898,0.946178686759955
2021-01-06 03:33:00,2021-01-06 03:42:00,largo,12637.869,12614.019,12661.719000000001,23.850000000000364,SL,-25.350000000000364,-1.0628930817610054
2021-01-06 05:42:00,2021-01-06 07:52:00,largo,12642.939,12608.479,12677.399000000001,34.460000000000946,SL,-35.960000000000946,-1.043528728961113
2021-01-06 16:21:00,2021-01-06 16:38:00,corto,12775.799,12799.109,12752.489000000001,23.30999999999949,TP,21.80999999999949,0.9356499356499343
2021-01-06 18:18:00,2021-01-06 18:48:00,corto,12768.789,12802.799,12734.779,34.01000000000022,SL,-35.51000000000022,-1.0441046750955598
2021-01-07 18:45:00,2021-01-07 19:05:00,corto,12915.609,12928.489,12902.729000000001,12.8799999999992,SL,-14.3799999999992,-1.1164596273291998
2021-01-08 03:03:00,2021-01-08 03:21:00,corto,12963.859,12971.759,12955.959,7.899999999999636,SL,-9.399999999999636,-1.1898734177215278
2021-01-08 16:09:00,2021-01-08 16:52:00,corto,13039.769,13068.439,13011.099,28.670000000000073,TP,27.170000000000073,0.9476805022671784
2021-01-08 20:15:00,2021-01-08 20:25:00,corto,13058.589,13070.699,13046.479,12.110000000000582,TP,10.610000000000582,0.8761354252683792
2021-01-11 19:39:00,2021-01-11 19:48:00,largo,12933.359,12918.839,12947.879,14.520000000000437,TP,13.020000000000437,0.8966942148760362
2021-01-11 19:54:00,2021-01-11 20:12:00,largo,12948.399,12918.839,12977.958999999999,29.55999999999949,SL,-31.05999999999949,-1.050744248985116
2021-01-11 20:45:00,2021-01-12 09:47:00,largo,12925.659,12882.509,12968.809,43.149999999999636,TP,41.649999999999636,0.9652375434530704
2021-01-12 14:15:00,2021-01-12 14:30:00,largo,12901.209,12882.459,12919.959,18.75,TP,17.25,0.92
2021-01-12 19:54:00,2021-01-12 20:22:00,largo,12884.009,12864.619,12903.399,19.389999999999418,TP,17.889999999999418,0.9226405363589456
2021-01-12 20:39:00,2021-01-13 01:56:00,largo,12900.869,12873.839,12927.899000000001,27.030000000000655,TP,25.530000000000655,0.9445061043285252
2021-01-13 16:00:00,2021-01-13 16:17:00,corto,12974.619,12991.099,12958.139000000001,16.479999999999563,TP,14.979999999999563,0.9089805825242694
2021-01-14 14:36:00,2021-01-14 15:41:00,corto,12996.389,13023.519,12969.258999999998,27.13000000000102,SL,-28.63000000000102,-1.0552893475856964
2021-01-18 00:33:00,2021-01-18 11:09:00,largo,12771.689,12732.559,12810.819000000001,39.13000000000102,TP,37.63000000000102,0.9616662407360091
2021-01-18 23:18:00,2021-01-18 23:29:00,corto,12822.219,12829.399,12815.038999999999,7.180000000000291,SL,-8.680000000000291,-1.2089136490250612
2021-01-19 16:24:00,2021-01-19 16:40:00,largo,12873.619,12856.779,12890.459,16.840000000000146,TP,15.340000000000146,0.9109263657957253
2021-01-20 16:30:00,2021-01-20 17:00:00,corto,13245.779,13262.149,13229.409000000001,16.36999999999898,SL,-17.86999999999898,-1.0916310323763039
2021-01-21 16:03:00,2021-01-21 16:11:00,corto,13387.219,13400.599,13373.838999999998,13.380000000001019,TP,11.880000000001019,0.8878923766816229
2021-01-21 16:30:00,2021-01-21 16:38:00,corto,13380.729,13400.599,13360.858999999999,19.8700000000008,TP,18.3700000000008,0.9245093105183725
2021-01-21 16:57:00,2021-01-21 17:11:00,corto,13376.009,13400.599,13351.419,24.590000000000146,TP,23.090000000000146,0.9389995933306226
2021-01-22 11:54:00,2021-01-22 12:39:00,largo,13332.359,13313.089,13351.629,19.270000000000437,SL,-20.770000000000437,-1.0778412039439527
2021-01-22 12:42:00,2021-01-22 13:57:00,largo,13318.329,13306.309,13330.349,12.020000000000437,TP,10.520000000000437,0.8752079866888565
2021-01-24 23:54:00,2021-01-25 00:07:00,corto,13407.369,13416.299,13398.439,8.930000000000291,TP,7.430000000000291,0.8320268756998935
2021-01-25 16:18:00,2021-01-26 14:01:00,largo,13349.859,13198.039,13501.679,151.8199999999997,TP,150.3199999999997,0.9901198788038467
2021-01-26 16:06:00,2021-01-26 16:59:00,corto,13504.859,13543.689,13466.029,38.82999999999993,TP,37.32999999999993,0.9613700746845222
2021-01-27 12:48:00,2021-01-27 12:59:00,largo,13402.009,13369.919,13434.099,32.090000000000146,SL,-33.590000000000146,-1.046743533811156
2021-01-27 14:27:00,2021-01-27 14:30:00,largo,13400.339,13374.419,13426.259,25.920000000000073,SL,-27.420000000000073,-1.0578703703703702
2021-01-28 16:27:00,2021-01-28 17:00:00,corto,13283.629,13327.229,13240.029000000002,43.599999999998545,SL,-45.099999999998545,-1.0344036697247718
2021-01-29 04:27:00,2021-01-29 04:57:00,largo,12993.319,12970.449,13016.188999999998,22.86999999999898,TP,21.36999999999898,0.9344118933100102
2021-01-29 07:48:00,2021-01-29 08:08:00,largo,13019.309,12971.369,13067.248999999998,47.93999999999869,SL,-49.43999999999869,-1.0312891113892373
2021-02-01 16:54:00,2021-02-01 17:02:00,corto,13192.087,13208.599,13175.574999999999,16.512000000000626,SL,-18.012000000000626,-1.0908430232558106
2021-02-01 23:33:00,2021-02-02 00:10:00,corto,13272.849,13285.709,13259.989,12.860000000000582,TP,11.360000000000582,0.8833592534992277
2021-02-02 23:18:00,2021-02-03 00:03:00,corto,13503.409,13517.209,13489.608999999999,13.800000000001091,TP,12.300000000001091,0.8913043478260956
2021-02-05 16:12:00,2021-02-05 17:03:00,corto,13561.719,13585.399,13538.038999999999,23.68000000000029,SL,-25.18000000000029,-1.0633445945945939
2021-02-05 19:33:00,2021-02-05 19:49:00,corto,13610.529,13620.899,13600.159000000001,10.369999999998981,TP,8.869999999998981,0.855351976856302
2021-02-05 19:48:00,2021-02-07 23:00:00,corto,13594.549,13620.899,13568.199000000002,26.349999999998545,SL,-27.849999999998545,-1.0569259962049367
2021-02-07 23:36:00,2021-02-08 00:23:00,corto,13633.679,13650.689,13616.669,17.01000000000022,SL,-18.51000000000022,-1.0881834215167536
2021-02-08 23:00:00,2021-02-09 00:18:00,corto,13689.719,13703.989,13675.448999999999,14.270000000000437,TP,12.770000000000437,0.8948843728100944
2021-02-09 14:51:00,2021-02-09 14:54:00,corto,13690.869,13698.699,13683.039,7.829999999999927,SL,-9.329999999999927,-1.1915708812260555
2021-02-11 17:48:00,2021-02-11 18:41:00,largo,13674.709,13629.579,13719.839000000002,45.13000000000102,TP,43.63000000000102,0.9667626855750063
2021-02-11 19:54:00,2021-02-12 00:10:00,largo,13694.319,13645.009,13743.628999999999,49.30999999999949,TP,47.80999999999949,0.9695802068545931
2021-02-12 16:36:00,2021-02-12 17:02:00,corto,13744.489,13759.187,13729.791,14.69800000000032,SL,-16.19800000000032,-1.1020547013199053
2021-02-12 17:18:00,2021-02-12 18:19:00,corto,13746.189,13763.219,13729.159000000001,17.029999999998836,TP,15.529999999998836,0.9119201409277685
2021-02-12 18:18:00,2021-02-12 20:25:00,corto,13720.319,13753.897,13686.740999999998,33.57800000000134,SL,-35.07800000000134,-1.0446721067365519
2021-02-16 00:36:00,2021-02-16 01:20:00,corto,13882.599,13889.797,13875.401,7.19800000000032,SL,-8.69800000000032,-1.2083912197832638
2021-02-16 11:54:00,2021-02-16 12:17:00,corto,13877.809,13885.239,13870.378999999999,7.430000000000291,SL,-8.930000000000291,-1.2018842530282559
2021-02-16 13:09:00,2021-02-16 13:40:00,corto,13873.349,13885.499,13861.199,12.149999999999636,TP,10.649999999999636,0.8765432098765396
2021-02-16 13:39:00,2021-02-16 14:30:00,corto,13858.839,13885.499,13832.179,26.659999999999854,TP,25.159999999999854,0.9437359339834955
2021-02-17 02:06:00,2021-02-17 02:16:00,largo,13726.529,13719.419,13733.639000000001,7.110000000000582,TP,5.610000000000582,0.7890295358649961
2021-02-17 02:39:00,2021-02-17 03:52:00,largo,13743.309,13719.419,13767.198999999999,23.889999999999418,TP,22.389999999999418,0.9372122226873153
2021-02-18 00:21:00,2021-02-18 00:50:00,corto,13710.329,13724.597,13696.061,14.268000000000029,SL,-15.768000000000029,-1.1051303616484438
2021-02-18 14:42:00,2021-02-18 15:05:00,largo,13566.819,13526.059,13607.579,40.76000000000022,SL,-42.26000000000022,-1.0368007850834149
2021-02-18 20:27:00,2021-02-18 20:31:00,corto,13656.259,13669.599,13642.919,13.340000000000146,SL,-14.840000000000146,-1.1124437781109433
2021-02-19 13:51:00,2021-02-19 14:03:00,corto,13723.779,13732.099,13715.459,8.319999999999709,TP,6.819999999999709,0.8197115384615321
2021-02-22 03:12:00,2021-02-22 03:38:00,largo,13544.389,13532.639,13556.139,11.75,TP,10.25,0.8723404255319149
2021-02-22 05:27:00,2021-02-22 06:00:00,largo,13541.089,13523.019,13559.159,18.06999999999971,SL,-19.56999999999971,-1.0830105146651923
2021-02-22 16:12:00,2021-02-22 16:38:00,largo,13321.589,13286.799,13356.378999999999,34.789999999999054,TP,33.289999999999054,0.9568841621155493
2021-02-22 17:39:00,2021-02-22 18:29:00,largo,13325.119,13285.199,13365.039,39.92000000000007,TP,38.42000000000007,0.9624248496993989
2021-02-25 00:18:00,2021-02-25 00:27:00,corto,13321.899,13339.379,13304.418999999998,17.480000000001382,SL,-18.980000000001382,-1.0858123569793983
2021-02-25 00:54:00,2021-02-25 01:04:00,corto,13324.629,13341.119,13308.139000000001,16.48999999999978,TP,14.989999999999782,0.9090357792601564
2021-02-25 04:57:00,2021-02-25 05:03:00,corto,13334.399,13344.339,13324.458999999999,9.94000000000051,SL,-11.44000000000051,-1.1509054325955657
2021-02-25 17:12:00,2021-02-25 17:25:00,largo,13015.519,12957.719,13073.319000000001,57.80000000000109,SL,-59.30000000000109,-1.0259515570934252
2021-02-25 23:27:00,2021-02-26 00:08:00,largo,12812.499,12762.299,12862.698999999999,50.19999999999891,SL,-51.69999999999891,-1.02988047808765
2021-02-26 08:33:00,2021-02-26 11:38:00,largo,12883.709,12757.799,13009.619,125.90999999999985,SL,-127.40999999999985,-1.0119132713843222
2021-02-26 18:30:00,2021-02-26 18:38:00,corto,13027.489,13064.697,12990.280999999999,37.20800000000054,TP,35.70800000000054,0.959686089013116
2021-02-26 18:45:00,2021-02-26 20:49:00,corto,12960.249,13064.697,12855.801,104.44800000000032,SL,-105.94800000000032,-1.0143612132352942
2021-03-01 14:03:00,2021-03-01 14:28:00,corto,13066.399,13102.799,13029.998999999998,36.400000000001455,SL,-37.900000000001455,-1.0412087912087895
2021-03-01 14:48:00,2021-03-01 15:02:00,corto,13051.549,13119.559,12983.539000000002,68.0099999999984,SL,-69.5099999999984,-1.0220555800617561
2021-03-02 16:27:00,2021-03-02 16:40:00,largo,13159.889,13114.879,13204.898999999998,45.0099999999984,SL,-46.5099999999984,-1.033325927571652
2021-03-02 17:03:00,2021-03-02 17:40:00,largo,13161.809,13126.859,13196.758999999998,34.94999999999891,TP,33.44999999999891,0.9570815450643764
2021-03-04 16:24:00,2021-03-04 16:40:00,corto,12725.219,12773.019,12677.418999999998,47.80000000000109,SL,-49.30000000000109,-1.0313807531380745
2021-03-04 17:09:00,2021-03-04 17:25:00,corto,12704.279,12789.349,12619.209,85.06999999999971,TP,83.56999999999971,0.9823674620900434
2021-03-04 17:42:00,2021-03-04 18:52:00,corto,12569.049,12789.349,12348.749000000002,220.29999999999927,TP,218.79999999999927,0.9931911030413073
2021-03-05 01:21:00,2021-03-05 01:38:00,largo,12333.289,12309.209,12357.369,24.079999999999927,TP,22.579999999999927,0.9377076411960131
2021-03-05 01:36:00,2021-03-05 02:58:00,largo,12355.619,12309.209,12402.029,46.409999999999854,TP,44.909999999999854,0.9676793794440852
2021-03-05 17:21:00,2021-03-05 17:45:00,largo,12425.469,12319.329,12531.608999999999,106.13999999999942,TP,104.63999999999942,0.9858677218767664
2021-03-05 17:57:00,2021-03-07 23:00:00,largo,12528.219,12319.329,12737.108999999999,208.88999999999942,TP,207.38999999999942,0.9928191871319834
2021-03-11 09:33:00,2021-03-11 10:51:00,corto,12971.879,12999.689,12944.069000000001,27.80999999999949,SL,-29.30999999999949,-1.0539374325782103
2021-03-11 12:51:00,2021-03-11 13:25:00,corto,12988.719,13013.789,12963.648999999998,25.070000000001528,TP,23.570000000001528,0.940167530913446
2021-03-11 13:57:00,2021-03-11 15:49:00,corto,12960.209,13011.419,12908.999000000002,51.20999999999913,SL,-52.70999999999913,-1.0292911540714709
2021-03-12 07:39:00,2021-03-12 08:01:00,largo,12920.139,12884.439,12955.838999999998,35.69999999999891,SL,-37.19999999999891,-1.0420168067226903
2021-03-12 16:15:00,2021-03-12 16:52:00,largo,12822.809,12767.659,12877.958999999999,55.149999999999636,TP,53.649999999999636,0.9728014505893017
2021-03-15 10:12:00,2021-03-15 10:20:00,corto,12975.099,12983.699,12966.499,8.600000000000364,TP,7.100000000000364,0.8255813953488446
2021-03-15 10:18:00,2021-03-15 10:34:00,corto,12966.539,12983.699,12949.379,17.159999999999854,TP,15.659999999999854,0.9125874125874118
2021-03-15 10:33:00,2021-03-15 11:08:00,corto,12952.919,12983.699,12922.139,30.780000000000655,TP,29.280000000000655,0.9512670565302155
2021-03-15 12:57:00,2021-03-15 13:03:00,corto,12963.079,12985.467,12940.690999999999,22.38800000000083,SL,-23.88800000000083,-1.0670001786671406
2021-03-15 13:54:00,2021-03-15 14:27:00,corto,12957.729,12998.539,12916.918999999998,40.81000000000131,TP,39.31000000000131,0.9632443028669455
2021-03-16 17:45:00,2021-03-16 17:57:00,largo,13113.769,13086.869,13140.669,26.899999999999636,TP,25.399999999999636,0.9442379182156126
2021-03-17 17:24:00,2021-03-17 17:40:00,corto,13108.529,13164.297,13052.761,55.76800000000003,SL,-57.26800000000003,-1.0268971453163105
2021-03-18 14:27:00,2021-03-18 14:56:00,largo,12989.809,12947.989,13031.628999999999,41.81999999999971,SL,-43.31999999999971,-1.0358680057388812
2021-03-18 14:57:00,2021-03-18 15:05:00,largo,12972.287,12945.599,12998.975,26.688000000000102,TP,25.188000000000102,0.9437949640287772
2021-03-19 04:51:00,2021-03-19 05:01:00,largo,12793.969,12778.519,12809.418999999998,15.449999999998909,SL,-16.94999999999891,-1.0970873786407835
2021-03-19 12:51:00,2021-03-19 13:04:00,largo,12812.747,12741.309,12884.185,71.4380000000001,SL,-72.9380000000001,-1.0209972283658557
2021-03-19 13:51:00,2021-03-22 12:32:00,largo,12848.309,12698.249,12998.368999999999,150.0599999999995,TP,148.5599999999995,0.9900039984006397
2021-03-23 12:57:00,2021-03-23 13:08:00,largo,13090.517,13061.499,13119.535,29.01800000000003,TP,27.51800000000003,0.9483079467916466
2021-03-23 14:21:00,2021-03-23 14:37:00,corto,13160.089,13184.319,13135.859,24.229999999999563,TP,22.729999999999563,0.93809327280231
2021-03-24 16:36:00,2021-03-24 17:54:00,largo,12934.699,12885.959,12983.439,48.73999999999978,SL,-50.23999999999978,-1.0307755437012722
2021-03-26 01:24:00,2021-03-26 02:01:00,corto,12816.559,12836.299,12796.818999999998,19.7400000000016,SL,-21.2400000000016,-1.0759878419452826
2021-03-26 09:12:00,2021-03-26 09:24:00,corto,12826.619,12839.289,12813.949,12.670000000000073,TP,11.170000000000073,0.8816101026045784
2021-03-26 09:27:00,2021-03-26 09:58:00,corto,12813.719,12839.289,12788.148999999998,25.570000000001528,TP,24.070000000001528,0.9413375048885447
2021-03-26 12:57:00,2021-03-26 13:02:00,corto,12820.409,12842.397,12798.420999999998,21.988000000001193,SL,-23.488000000001193,-1.0682190285610296
2021-03-26 14:21:00,2021-03-26 14:45:00,corto,12780.509,12842.489,12718.529,61.97999999999956,SL,-63.47999999999956,-1.0242013552758957
2021-03-26 16:30:00,2021-03-26 16:39:00,corto,12862.689,12884.897,12840.481,22.20800000000054,TP,20.70800000000054,0.9324567723342956
2021-03-29 13:39:00,2021-03-29 13:44:00,corto,12971.779,12992.707,12950.851,20.927999999999884,TP,19.427999999999884,0.9283256880733941
2021-03-29 13:48:00,2021-03-29 13:57:00,corto,12937.599,12992.707,12882.491,55.108000000000175,TP,53.608000000000175,0.9727807214923424
2021-03-29 17:21:00,2021-03-29 17:30:00,corto,12992.259,13015.899,12968.619,23.639999999999418,TP,22.139999999999418,0.9365482233502522
2021-03-29 20:12:00,2021-03-29 22:00:00,corto,12989.049,12993.619,12984.479000000001,4.569999999999709,TP,3.069999999999709,0.6717724288840053
2021-03-30 13:51:00,2021-03-30 14:18:00,largo,12853.179,12818.449,12887.909,34.72999999999956,SL,-36.22999999999956,-1.0431903253671182
2021-03-30 14:33:00,2021-03-30 15:32:00,largo,12846.909,12789.819,12903.999,57.090000000000146,TP,55.590000000000146,0.9737256962690489
2021-03-31 19:33:00,2021-03-31 19:55:00,corto,13133.719,13169.799,13097.638999999997,36.080000000001746,TP,34.580000000001746,0.9584257206208446
2021-04-05 22:48:00,2021-04-05 23:23:00,corto,13617.289,13628.007,13606.571000000002,10.717999999998938,SL,-12.217999999998938,-1.1399514834857387
2021-04-05 23:36:00,2021-04-06 00:12:00,corto,13623.229,13631.207,13615.250999999998,7.978000000000975,TP,6.478000000000975,0.8119829531211059
2021-04-06 00:39:00,2021-04-06 01:39:00,corto,13610.979,13630.689,13591.268999999998,19.710000000000946,TP,18.210000000000946,0.9238964992389687
2021-04-07 23:54:00,2021-04-08 01:37:00,corto,13645.899,13661.699,13630.098999999998,15.800000000001091,SL,-17.30000000000109,-1.094936708860753
2021-04-09 16:09:00,2021-04-09 17:22:00,corto,13771.299,13790.107,13752.491000000002,18.807999999999083,SL,-20.307999999999083,-1.0797532964695913
2021-04-12 17:21:00,2021-04-12 17:44:00,corto,13819.419,13840.819,13798.019,21.399999999999636,TP,19.899999999999636,0.9299065420560736
2021-04-12 22:27:00,2021-04-13 03:56:00,corto,13828.389,13843.809,13812.969,15.420000000000073,TP,13.920000000000073,0.9027237354085608
2021-04-14 08:24:00,2021-04-14 08:33:00,corto,13999.507,14005.019,13993.994999999999,5.512000000000626,SL,-7.012000000000626,-1.272133526850477
2021-04-15 15:09:00,2021-04-15 15:21:00,corto,14007.109,14021.999,13992.219000000001,14.889999999999418,TP,13.389999999999418,0.8992612491605064
2021-04-16 16:36:00,2021-04-16 16:45:00,corto,14032.689,14043.299,14022.079,10.610000000000582,SL,-12.110000000000582,-1.1413760603204446
2021-04-16 19:03:00,2021-04-16 19:40:00,corto,14029.487,14042.809,14016.164999999999,13.322000000000116,SL,-14.822000000000116,-1.1125957063503968
2021-04-16 19:45:00,2021-04-16 19:50:00,corto,14030.009,14046.697,14013.321,16.688000000000102,SL,-18.188000000000102,-1.089884947267497
2021-04-18 23:51:00,2021-04-19 00:08:00,corto,13998.509,14012.389,13984.629,13.8799999999992,TP,12.3799999999992,0.8919308357348641
2021-04-19 00:45:00,2021-04-19 02:13:00,largo,14007.099,13982.079,14032.119,25.020000000000437,TP,23.520000000000437,0.9400479616306965
2021-04-19 10:54:00,2021-04-19 11:15:00,largo,13992.539,13981.669,14003.409000000001,10.8700000000008,TP,9.3700000000008,0.862005519779219
2021-04-19 13:45:00,2021-04-19 14:04:00,corto,13997.119,14020.709,13973.529,23.590000000000146,TP,22.090000000000146,0.9364137346333196
2021-04-19 19:33:00,2021-04-19 19:42:00,largo,13871.139,13856.519,13885.758999999998,14.619999999998981,TP,13.119999999998981,0.8974008207934265
2021-04-20 10:51:00,2021-04-20 11:37:00,largo,13845.209,13820.049,13870.369,25.159999999999854,TP,23.659999999999854,0.9403815580286166
2021-04-22 06:15:00,2021-04-22 07:00:00,corto,13935.109,13947.409,13922.809000000001,12.299999999999272,TP,10.799999999999272,0.8780487804877977
2021-04-22 08:57:00,2021-04-22 10:09:00,corto,13925.329,13940.109,13910.548999999999,14.780000000000655,TP,13.280000000000655,0.8985115020297745
2021-04-22 14:54:00,2021-04-22 15:16:00,corto,13936.379,13955.789,13916.969000000001,19.409999999999854,TP,17.909999999999854,0.9227202472952081
2021-04-22 15:15:00,2021-04-22 16:32:00,corto,13915.149,13943.909,13886.389,28.76000000000022,SL,-30.26000000000022,-1.0521557719054238
2021-04-26 00:15:00,2021-04-26 00:35:00,largo,13927.719,13913.019,13942.418999999998,14.699999999998909,TP,13.199999999998909,0.8979591836734618
2021-04-26 15:54:00,2021-04-26 17:46:00,corto,13980.359,13999.599,13961.119,19.23999999999978,SL,-20.73999999999978,-1.0779625779625788
2021-04-27 09:30:00,2021-04-27 09:45:00,corto,14042.359,14049.599,14035.119,7.239999999999782,TP,5.739999999999782,0.7928176795580048
2021-04-28 16:00:00,2021-04-28 16:19:00,largo,13907.199,13890.689,13923.709,16.51000000000022,TP,15.010000000000218,0.9091459721380993
2021-04-28 16:27:00,2021-04-28 18:02:00,largo,13920.509,13890.689,13950.329,29.81999999999971,TP,28.31999999999971,0.9496981891348084
2021-04-28 18:54:00,2021-04-28 19:11:00,corto,13967.609,13996.389,13938.829000000002,28.779999999998836,TP,27.279999999998836,0.9478804725503801
2021-04-30 12:57:00,2021-04-30 13:39:00,largo,13866.269,13830.149,13902.389000000001,36.1200000000008,TP,34.6200000000008,0.9584717607973431
2021-05-03 13:48:00,2021-05-03 14:07:00,largo,13891.569,13862.599,13920.538999999999,28.969999999999345,TP,27.469999999999345,0.9482222989299264
2021-05-04 15:00:00,2021-05-04 15:06:00,largo,13502.729,13473.559,13531.899,29.170000000000073,SL,-30.670000000000073,-1.0514226945491942
2021-05-06 03:42:00,2021-05-06 05:17:00,largo,13480.619,13461.549,13499.689,19.06999999999971,TP,17.56999999999971,0.9213424226533811
2021-05-06 12:39:00,2021-05-06 13:30:00,largo,13493.369,13472.679,13514.059000000001,20.69000000000051,SL,-22.19000000000051,-1.0724987916868034
2021-05-06 16:33:00,2021-05-06 17:14:00,corto,13577.949,13602.639,13553.259000000002,24.68999999999869,TP,23.18999999999869,0.9392466585662179
2021-05-06 17:45:00,2021-05-06 19:50:00,corto,13522.857,13585.719,13459.995,62.86199999999917,SL,-64.36199999999917,-1.0238617924978528
2021-05-06 23:18:00,2021-05-07 00:27:00,corto,13618.519,13627.589,13609.449,9.069999999999709,SL,-10.569999999999709,-1.1653803748621883
2021-05-07 08:51:00,2021-05-07 09:25:00,corto,13623.119,13634.589,13611.649000000001,11.469999999999345,SL,-12.969999999999345,-1.1307759372275576
2021-05-10 00:18:00,2021-05-10 01:25:00,corto,13745.839,13751.519,13740.159,5.680000000000291,TP,4.180000000000291,0.73591549295776
2021-05-10 05:30:00,2021-05-10 06:00:00,largo,13719.479,13710.829,13728.128999999999,8.649999999999636,TP,7.149999999999636,0.8265895953757153
2021-05-10 15:42:00,2021-05-10 18:01:00,largo,13514.009,13461.909,13566.109,52.100000000000364,SL,-53.600000000000364,-1.0287907869481763
2021-05-12 14:45:00,2021-05-12 14:50:00,largo,13088.369,13061.319,13115.419000000002,27.05000000000109,SL,-28.55000000000109,-1.0554528650646928
2021-05-12 15:39:00,2021-05-12 15:50:00,largo,13066.899,13041.469,13092.329,25.43000000000029,SL,-26.93000000000029,-1.0589854502556029
2021-05-13 11:27:00,2021-05-13 13:30:00,largo,13056.049,12959.289,13152.809000000001,96.76000000000022,TP,95.26000000000022,0.9844977263331955
2021-05-14 15:00:00,2021-05-14 15:14:00,corto,13318.059,13335.737,13300.381,17.677999999999884,SL,-19.177999999999884,-1.0848512275144253
2021-05-16 22:57:00,2021-05-17 00:14:00,corto,13411.849,13452.789,13370.909,40.94000000000051,TP,39.44000000000051,0.9633610161211533
2021-05-17 16:15:00,2021-05-17 16:42:00,largo,13250.099,13226.899,13273.299,23.200000000000728,TP,21.700000000000728,0.935344827586209
2021-05-19 15:36:00,2021-05-19 16:13:00,corto,13120.349,13156.087,13084.611,35.737999999999374,SL,-37.237999999999374,-1.041972130505345
2021-05-20 07:48:00,2021-05-20 08:26:00,corto,13241.689,13263.057,13220.321,21.368000000000393,TP,19.868000000000393,0.9298015724447786
2021-05-21 04:42:00,2021-05-21 05:08:00,corto,13516.029,13526.769,13505.289,10.739999999999782,SL,-12.239999999999782,-1.1396648044692765
2021-05-21 05:42:00,2021-05-21 07:15:00,corto,13506.799,13536.399,13477.199000000002,29.599999999998545,SL,-31.099999999998545,-1.050675675675678
2021-05-21 08:03:00,2021-05-21 08:09:00,corto,13523.599,13531.967,13515.231,8.368000000000393,TP,6.868000000000393,0.8207456978967579
2021-05-21 08:18:00,2021-05-21 09:51:00,corto,13513.329,13531.967,13494.690999999999,18.63800000000083,SL,-20.13800000000083,-1.0804807382766355
2021-05-23 23:42:00,2021-05-23 23:45:00,corto,13389.149,13399.099,13379.198999999999,9.950000000000728,TP,8.450000000000728,0.8492462311557899
2021-05-24 16:18:00,2021-05-24 17:46:00,corto,13642.539,13665.499,13619.579000000002,22.959999999999127,SL,-24.459999999999127,-1.065331010452964
2021-05-25 17:27:00,2021-05-25 22:56:00,largo,13658.999,13618.419,13699.579,40.57999999999993,TP,39.07999999999993,0.9630359783144405
2021-05-26 08:30:00,2021-05-26 09:31:00,corto,13694.929,13709.709,13680.149,14.780000000000655,SL,-16.280000000000655,-1.1014884979702255
2021-05-27 18:27:00,2021-05-27 19:05:00,largo,13670.579,13653.469,13687.689,17.110000000000582,SL,-18.610000000000582,-1.0876680303915809
2021-05-27 19:27:00,2021-05-27 19:42:00,largo,13661.089,13650.319,13671.859,10.770000000000437,TP,9.270000000000437,0.8607242339832926
2021-05-28 00:33:00,2021-05-28 01:00:00,corto,13713.359,13719.719,13706.999000000002,6.359999999998763,TP,4.859999999998763,0.7641509433961805
2021-05-28 09:45:00,2021-05-28 09:53:00,corto,13713.419,13718.509,13708.329,5.0900000000001455,TP,3.5900000000001455,0.7053045186640555
2021-05-28 10:27:00,2021-05-28 10:50:00,corto,13713.119,13718.409,13707.829000000002,5.289999999999054,SL,-6.789999999999054,-1.2835538752363456
2021-05-28 12:21:00,2021-05-28 12:48:00,corto,13702.999,13718.809,13687.189,15.80999999999949,TP,14.30999999999949,0.9051233396584409
2021-05-28 15:03:00,2021-05-28 15:10:00,corto,13716.079,13727.399,13704.759,11.319999999999709,SL,-12.819999999999709,-1.1325088339222649
2021-05-31 00:09:00,2021-05-31 00:21:00,corto,13715.159,13721.599,13708.719,6.440000000000509,TP,4.940000000000509,0.7670807453416333
2021-05-31 00:18:00,2021-05-31 01:30:00,corto,13710.279,13721.599,13698.959,11.319999999999709,TP,9.819999999999709,0.8674911660777351
2021-05-31 02:57:00,2021-05-31 03:08:00,largo,13703.719,13696.569,13710.868999999999,7.149999999999636,SL,-8.649999999999636,-1.2097902097902204
2021-05-31 03:57:00,2021-06-01 00:00:00,largo,13700.499,13692.129,13708.868999999999,8.369999999998981,SL,-9.869999999998981,-1.179211469534072
2021-06-01 07:51:00,2021-06-01 08:00:00,corto,13713.209,13720.479,13705.939000000002,7.269999999998618,SL,-8.769999999998618,-1.206327372764826
2021-06-01 08:18:00,2021-06-01 08:54:00,corto,13714.249,13730.009,13698.489,15.760000000000218,SL,-17.26000000000022,-1.0951776649746179
2021-06-02 14:33:00,2021-06-02 14:40:00,corto,13696.099,13709.509,13682.689,13.409999999999854,SL,-14.909999999999854,-1.1118568232662205
2021-06-02 14:48:00,2021-06-02 14:57:00,corto,13696.879,13715.967,13677.791000000001,19.087999999999738,TP,17.587999999999738,0.9214165968147516
2021-06-02 18:15:00,2021-06-02 19:18:00,largo,13625.919,13604.709,13647.128999999999,21.209999999999127,TP,19.709999999999127,0.9292786421499264
2021-06-04 07:03:00,2021-06-04 08:16:00,largo,13525.797,13505.319,13546.275000000001,20.478000000000975,TP,18.978000000000975,0.9267506592440703
2021-06-04 15:45:00,2021-06-04 17:42:00,corto,13754.119,13768.699,13739.539,14.579999999999927,SL,-16.079999999999927,-1.1028806584362145
2021-06-06 23:54:00,2021-06-07 00:00:00,largo,13768.099,13764.049,13772.149,4.049999999999272,SL,-5.549999999999272,-1.3703703703704369
2021-06-07 17:36:00,2021-06-07 18:54:00,corto,13748.999,13768.697,13729.301,19.69800000000032,SL,-21.19800000000032,-1.0761498629302455
2021-06-07 23:51:00,2021-06-08 00:11:00,corto,13822.057,13836.009,13808.105000000001,13.951999999999316,SL,-15.451999999999316,-1.1075114678899136
2021-06-08 16:36:00,2021-06-08 16:50:00,corto,13809.319,13814.599,13804.038999999999,5.280000000000655,SL,-6.780000000000655,-1.2840909090908739
2021-06-09 08:21:00,2021-06-09 10:42:00,corto,13828.079,13842.607,13813.551,14.528000000000247,SL,-16.028000000000247,-1.1032488986784124
2021-06-09 20:00:00,2021-06-09 20:07:00,largo,13818.209,13811.229,13825.189000000002,6.980000000001382,SL,-8.480000000001382,-1.214899713467006
2021-06-10 20:12:00,2021-06-10 22:00:00,corto,13963.919,13973.687,13954.151,9.768000000000029,SL,-11.268000000000029,-1.153562653562653
2021-06-11 00:33:00,2021-06-11 01:00:00,corto,13963.779,13982.099,13945.459,18.31999999999971,SL,-19.81999999999971,-1.0818777292576431
2021-06-11 01:03:00,2021-06-11 06:13:00,corto,13976.479,13986.609,13966.348999999998,10.130000000001019,TP,8.630000000001019,0.8519249753208441
2021-06-11 12:06:00,2021-06-11 12:40:00,corto,13977.239,13984.349,13970.128999999999,7.110000000000582,TP,5.610000000000582,0.7890295358649961
2021-06-11 12:39:00,2021-06-11 13:31:00,corto,13965.029,13984.349,13945.709,19.31999999999971,TP,17.81999999999971,0.9223602484472038
2021-06-11 13:36:00,2021-06-11 13:51:00,corto,13953.269,13980.799,13925.739,27.530000000000655,SL,-29.030000000000655,-1.0544860152560829
2021-06-11 13:54:00,2021-06-11 19:54:00,corto,13959.019,13986.999,13931.039,27.979999999999563,SL,-29.479999999999563,-1.0536097212294504
2021-06-13 23:54:00,2021-06-14 00:00:00,corto,14015.319,14023.079,14007.559,7.760000000000218,SL,-9.260000000000218,-1.1932989690721596
2021-06-14 00:42:00,2021-06-14 01:04:00,corto,14019.929,14026.587,14013.271,6.657999999999447,TP,5.157999999999447,0.7747071192550128
2021-06-14 02:51:00,2021-06-14 03:53:00,corto,14020.559,14024.689,14016.428999999998,4.130000000001019,TP,2.6300000000010186,0.6368038740920993
2021-06-14 07:36:00,2021-06-14 10:41:00,corto,14014.529,14034.959,13994.099,20.43000000000029,SL,-21.93000000000029,-1.0734214390602046
2021-06-14 14:06:00,2021-06-14 15:00:00,largo,14004.859,13987.339,14022.379,17.520000000000437,TP,16.020000000000437,0.9143835616438377
2021-06-14 16:27:00,2021-06-14 17:42:00,corto,14048.237,14061.909,14034.564999999999,13.67200000000048,SL,-15.17200000000048,-1.1097132826214122
2021-06-15 15:54:00,2021-06-15 17:15:00,largo,14062.119,14033.619,14090.619,28.5,SL,-30.0,-1.0526315789473684
2021-06-16 16:48:00,2021-06-16 17:35:00,largo,14012.069,13981.029,14043.108999999999,31.039999999999054,TP,29.539999999999054,0.9516752577319573
2021-06-18 06:06:00,2021-06-18 06:12:00,corto,14203.597,14211.399,14195.795,7.80199999999968,TP,6.30199999999968,0.8077416047167314
2021-06-18 06:21:00,2021-06-18 07:41:00,corto,14197.569,14211.399,14183.739,13.829999999999927,TP,12.329999999999927,0.8915401301518433
2021-06-18 12:33:00,2021-06-18 12:56:00,largo,14081.699,14056.619,14106.779,25.079999999999927,TP,23.579999999999927,0.9401913875598085
2021-06-18 13:39:00,2021-06-18 15:13:00,largo,14119.089,14050.989,14187.189,68.10000000000036,SL,-69.60000000000036,-1.0220264317180616
2021-06-21 16:48:00,2021-06-21 17:40:00,corto,14119.409,14136.289,14102.528999999999,16.88000000000102,SL,-18.38000000000102,-1.0888625592417007
2021-06-22 00:12:00,2021-06-22 00:30:00,corto,14144.789,14153.987,14135.591000000002,9.197999999998501,SL,-10.697999999998501,-1.1630789302022444
2021-06-22 01:21:00,2021-06-22 01:39:00,corto,14145.409,14153.727,14137.090999999999,8.31800000000112,SL,-9.81800000000112,-1.1803318105313534
2021-06-22 01:42:00,2021-06-22 01:50:00,corto,14150.689,14156.059,14145.319000000001,5.369999999998981,TP,3.8699999999989814,0.7206703910613995
2021-06-22 01:48:00,2021-06-22 04:44:00,corto,14146.189,14156.059,14136.319000000001,9.869999999998981,SL,-11.369999999998981,-1.1519756838905932
2021-06-22 06:39:00,2021-06-22 07:05:00,corto,14137.919,14153.719,14122.119,15.799999999999272,TP,14.299999999999272,0.9050632911392361
2021-06-23 10:54:00,2021-06-23 11:10:00,corto,14282.049,14291.799,14272.299,9.75,TP,8.25,0.8461538461538461
2021-06-23 15:00:00,2021-06-23 15:42:00,corto,14274.269,14293.689,14254.849,19.420000000000073,SL,-20.920000000000073,-1.077239958805355
2021-06-24 01:06:00,2021-06-24 01:29:00,corto,14303.689,14309.387,14297.991,5.69800000000032,SL,-7.19800000000032,-1.2632502632502485
2021-06-24 16:42:00,2021-06-24 16:52:00,corto,14409.469,14432.907,14386.030999999999,23.438000000000102,TP,21.938000000000102,0.9360013653042071
2021-06-28 02:15:00,2021-06-28 02:37:00,largo,14349.389,14344.049,14354.728999999998,5.3399999999983265,TP,3.8399999999983265,0.7191011235954176
2021-06-29 15:03:00,2021-06-29 15:10:00,corto,14519.869,14530.309,14509.429000000002,10.43999999999869,TP,8.93999999999869,0.8563218390804418
2021-07-01 10:36:00,2021-07-01 10:43:00,largo,14531.429,14519.789,14543.069,11.639999999999418,SL,-13.139999999999418,-1.1288659793814497
2021-07-01 14:21:00,2021-07-01 14:36:00,largo,14534.869,14515.109,14554.629,19.76000000000022,TP,18.26000000000022,0.9240890688259118
2021-07-01 14:51:00,2021-07-01 15:08:00,largo,14543.677,14515.109,14572.244999999999,28.5679999999993,SL,-30.0679999999993,-1.052506300756092
2021-07-01 16:54:00,2021-07-01 17:34:00,largo,14509.219,14496.759,14521.678999999998,12.459999999999127,TP,10.959999999999127,0.8796147672552083
2021-07-02 12:12:00,2021-07-02 12:30:00,corto,14607.239,14621.709,14592.768999999998,14.470000000001164,TP,12.970000000001164,0.8963372494816946
2021-07-02 12:27:00,2021-07-02 12:30:00,corto,14606.839,14621.709,14591.969,14.8700000000008,TP,13.3700000000008,0.8991257565568312
2021-07-06 00:15:00,2021-07-06 01:17:00,corto,14719.109,14729.879,14708.339,10.770000000000437,TP,9.270000000000437,0.8607242339832926
2021-07-06 07:24:00,2021-07-06 10:04:00,largo,14697.269,14675.579,14718.959,21.69000000000051,TP,20.19000000000051,0.9308437067773183
2021-07-06 10:24:00,2021-07-06 10:31:00,corto,14716.229,14720.999,14711.458999999999,4.770000000000437,SL,-6.270000000000437,-1.3144654088050027
2021-07-06 10:33:00,2021-07-06 10:48:00,corto,14711.329,14723.099,14699.559,11.770000000000437,SL,-13.270000000000437,-1.127442650807132
2021-07-07 01:42:00,2021-07-07 03:00:00,corto,14788.339,14795.089,14781.589,6.75,SL,-8.25,-1.2222222222222223
2021-07-08 07:24:00,2021-07-08 07:32:00,largo,14743.247,14723.839,14762.654999999999,19.407999999999447,SL,-20.907999999999447,-1.077287716405608
2021-07-09 15:12:00,2021-07-09 15:23:00,corto,14785.759,14800.649,14770.869,14.889999999999418,SL,-16.389999999999418,-1.1007387508394935
2021-07-09 19:00:00,2021-07-09 19:44:00,corto,14822.419,14833.287,14811.551,10.868000000000393,TP,9.368000000000393,0.8619801251380249
2021-07-11 23:09:00,2021-07-11 23:35:00,corto,14832.019,14840.487,14823.551000000001,8.467999999998938,SL,-9.967999999998938,-1.1771374586679486
2021-07-11 23:57:00,2021-07-12 00:09:00,corto,14835.779,14842.789,14828.769,7.010000000000218,TP,5.510000000000218,0.7860199714693362
2021-07-12 10:45:00,2021-07-12 11:25:00,corto,14845.149,14854.167,14836.131,9.018000000000029,SL,-10.518000000000029,-1.1663339986693275
2021-07-13 12:39:00,2021-07-13 12:55:00,largo,14870.469,14825.919,14915.018999999998,44.54999999999927,SL,-46.04999999999927,-1.0336700336700342
2021-07-15 16:48:00,2021-07-15 17:35:00,largo,14800.899,14740.139,14861.659,60.76000000000022,SL,-62.26000000000022,-1.0246872942725476
2021-07-19 17:33:00,2021-07-19 17:55:00,largo,14477.017,14451.549,14502.484999999999,25.467999999998938,TP,23.967999999998938,0.9411025600753863
2021-07-19 23:06:00,2021-07-19 23:10:00,corto,14597.629,14602.399,14592.859000000002,4.769999999998618,TP,3.2699999999986176,0.6855345911948774
2021-07-19 23:21:00,2021-07-20 00:01:00,corto,14589.319,14602.399,14576.239,13.079999999999927,SL,-14.579999999999927,-1.1146788990825693
2021-07-20 04:06:00,2021-07-20 04:13:00,corto,14599.589,14605.607,14593.571,6.018000000000029,TP,4.518000000000029,0.7507477567298118
2021-07-21 15:12:00,2021-07-21 15:40:00,corto,14787.339,14798.409,14776.269,11.069999999999709,TP,9.569999999999709,0.8644986449864464
2021-07-21 23:27:00,2021-07-21 23:31:00,corto,14845.109,14848.099,14842.119,2.9899999999997817,TP,1.4899999999997817,0.4983277591972878
2021-07-22 00:42:00,2021-07-22 01:35:00,corto,14844.169,14856.487,14831.851,12.317999999999302,SL,-13.817999999999302,-1.1217730150998608
2021-07-23 02:06:00,2021-07-23 02:10:00,corto,14991.389,14995.709,14987.068999999998,4.320000000001528,TP,2.820000000001528,0.6527777777779006
2021-07-23 02:18:00,2021-07-23 06:45:00,corto,14982.309,14995.709,14968.908999999998,13.400000000001455,SL,-14.900000000001455,-1.1119402985074505
2021-07-23 06:48:00,2021-07-23 07:03:00,corto,14993.419,14997.999,14988.839,4.579999999999927,TP,3.0799999999999272,0.6724890829694271
2021-07-23 07:30:00,2021-07-23 07:50:00,corto,14980.629,14996.099,14965.159000000001,15.469999999999345,SL,-16.969999999999345,-1.0969618616677481
2021-07-23 13:30:00,2021-07-23 14:16:00,corto,14967.409,15005.709,14929.108999999999,38.30000000000109,SL,-39.80000000000109,-1.0391644908616178
2021-07-23 15:09:00,2021-07-23 15:14:00,corto,15022.019,15034.679,15009.359,12.659999999999854,SL,-14.159999999999854,-1.1184834123222762
2021-07-25 23:48:00,2021-07-26 00:20:00,corto,15125.319,15135.099,15115.538999999999,9.780000000000655,TP,8.280000000000655,0.846625766871176
2021-07-26 14:09:00,2021-07-26 14:36:00,corto,15104.399,15127.099,15081.698999999999,22.700000000000728,SL,-24.200000000000728,-1.0660792951541829
2021-07-26 14:57:00,2021-07-26 15:56:00,corto,15101.109,15131.799,15070.419,30.69000000000051,SL,-32.19000000000051,-1.0488758553274675
2021-07-29 14:09:00,2021-07-29 14:30:00,corto,15033.239,15074.817,14991.661,41.57799999999952,SL,-43.07799999999952,-1.0360767713694747
2021-07-29 15:51:00,2021-07-29 20:01:00,corto,15066.209,15094.789,15037.629,28.579999999999927,TP,27.079999999999927,0.9475157452764169
2021-08-02 14:45:00,2021-08-02 19:44:00,largo,15024.309,14952.169,15096.448999999999,72.13999999999942,SL,-73.63999999999942,-1.0207929026892155
2021-08-03 15:54:00,2021-08-04 17:41:00,largo,15009.979,14860.419,15159.538999999999,149.5599999999995,tiempo,80.15999999999985,0.5359721850762245
2021-08-05 15:15:00,2021-08-05 19:59:00,corto,15159.559,15179.899,15139.219,20.340000000000146,SL,-21.840000000000146,-1.0737463126843652
2021-08-09 18:51:00,2021-08-09 23:33:00,corto,15140.969,15157.509,15124.428999999998,16.540000000000873,TP,15.040000000000873,0.9093107617896058
2021-08-10 08:12:00,2021-08-10 11:02:00,corto,15144.849,15158.709,15130.989,13.860000000000582,SL,-15.360000000000582,-1.1082251082251038
2021-08-10 11:06:00,2021-08-10 11:28:00,corto,15156.089,15161.399,15150.779,5.309999999999491,TP,3.8099999999994907,0.7175141242937583
2021-08-10 11:27:00,2021-08-10 13:31:00,corto,15150.119,15161.399,15138.839000000002,11.279999999998836,SL,-12.779999999998836,-1.132978723404269
2021-08-10 13:54:00,2021-08-10 14:00:00,corto,15151.889,15165.199,15138.578999999998,13.31000000000131,SL,-14.81000000000131,-1.1126972201352257
2021-08-11 15:51:00,2021-08-11 16:02:00,largo,14990.919,14970.349,15011.489,20.56999999999971,TP,19.06999999999971,0.9270782693242576
2021-08-11 16:21:00,2021-08-11 16:33:00,largo,15000.459,14984.789,15016.129,15.670000000000073,TP,14.170000000000073,0.9042756860242506
2021-08-11 16:45:00,2021-08-12 13:32:00,largo,15016.579,14984.789,15048.368999999999,31.789999999999054,SL,-33.289999999999054,-1.0471846492607753
2021-08-12 13:45:00,2021-08-12 14:03:00,largo,14978.089,14953.109,15003.069,24.979999999999563,SL,-26.479999999999563,-1.0600480384307456
2021-08-12 15:00:00,2021-08-12 15:32:00,corto,15051.909,15063.689,15040.128999999999,11.780000000000655,SL,-13.280000000000655,-1.127334465195239
2021-08-13 13:27:00,2021-08-13 13:30:00,corto,15096.769,15101.899,15091.639000000001,5.1299999999992,SL,-6.6299999999992,-1.292397660818759
2021-08-13 13:36:00,2021-08-13 13:46:00,corto,15081.609,15104.809,15058.409000000001,23.19999999999891,SL,-24.69999999999891,-1.064655172413796
2021-08-16 08:42:00,2021-08-16 08:59:00,largo,15114.609,15109.209,15120.009,5.399999999999636,SL,-6.899999999999636,-1.2777777777777966
2021-08-17 16:51:00,2021-08-17 16:56:00,largo,14924.079,14911.089,14937.069,12.989999999999782,SL,-14.489999999999782,-1.115473441108547
2021-08-19 15:03:00,2021-08-19 15:12:00,corto,14900.099,14920.769,14879.429,20.670000000000073,SL,-22.170000000000073,-1.0725689404934686
2021-08-20 19:57:00,2021-08-22 22:03:00,corto,15085.529,15102.389,15068.669000000002,16.859999999998763,SL,-18.359999999998763,-1.0889679715302556
2021-08-23 15:00:00,2021-08-23 15:30:00,corto,15270.717,15279.789,15261.645,9.072000000000116,SL,-10.572000000000116,-1.1653439153439131
2021-08-24 13:21:00,2021-08-24 13:30:00,corto,15333.069,15344.299,15321.838999999998,11.230000000001382,SL,-12.730000000001382,-1.1335707925200191
2021-08-25 08:51:00,2021-08-25 10:20:00,corto,15380.299,15392.187,15368.411000000002,11.88799999999901,TP,10.38799999999901,0.8738223418573247
2021-08-25 14:21:00,2021-08-25 14:25:00,corto,15380.499,15389.787,15371.211,9.288000000000466,TP,7.788000000000466,0.8385012919896722
2021-08-25 14:39:00,2021-08-26 07:04:00,corto,15352.559,15389.787,15315.330999999998,37.228000000000975,TP,35.728000000000975,0.9597077468572053
2021-08-26 15:54:00,2021-08-27 14:11:00,largo,15323.919,15259.819,15388.019,64.10000000000036,TP,62.600000000000364,0.9765990639625587
2021-08-27 20:03:00,2021-08-27 20:09:00,corto,15427.339,15436.179,15418.499,8.840000000000146,TP,7.3400000000001455,0.8303167420814508
2021-08-30 01:24:00,2021-08-30 01:39:00,largo,15434.049,15424.369,15443.729000000001,9.680000000000291,SL,-11.180000000000291,-1.1549586776859457
2021-08-30 05:36:00,2021-08-30 05:53:00,corto,15442.839,15446.599,15439.079,3.7600000000002183,TP,2.2600000000002183,0.6010638297872573
2021-08-30 05:54:00,2021-08-30 07:06:00,corto,15439.959,15446.599,15433.319000000001,6.639999999999418,SL,-8.139999999999418,-1.2259036144578512
2021-08-30 07:06:00,2021-08-30 08:08:00,corto,15439.909,15448.189,15431.628999999999,8.280000000000655,SL,-9.780000000000655,-1.1811594202898408
2021-09-01 14:27:00,2021-09-01 18:32:00,corto,15672.177,15690.439,15653.914999999999,18.262000000000626,TP,16.762000000000626,0.9178622275763909
2021-09-02 00:48:00,2021-09-02 01:20:00,largo,15605.699,15598.239,15613.159000000001,7.460000000000946,TP,5.960000000000946,0.7989276139410443
2021-09-03 14:24:00,2021-09-03 19:16:00,corto,15626.759,15668.119,15585.399,41.36000000000058,SL,-42.86000000000058,-1.0362669245647964
2021-09-06 05:00:00,2021-09-06 05:04:00,corto,15660.529,15663.599,15657.459,3.069999999999709,TP,1.569999999999709,0.5114006514657518
2021-09-07 13:24:00,2021-09-07 13:30:00,largo,15644.299,15634.179,15654.419000000002,10.1200000000008,TP,8.6200000000008,0.851778656126494
2021-09-07 15:36:00,2021-09-07 16:19:00,largo,15660.769,15631.509,15690.029,29.26000000000022,TP,27.76000000000022,0.9487354750512649
2021-09-07 16:24:00,2021-09-07 16:30:00,corto,15684.679,15691.609,15677.749,6.930000000000291,SL,-8.430000000000291,-1.2164502164502073
2021-09-07 19:15:00,2021-09-07 19:33:00,corto,15683.829,15695.389,15672.269,11.55999999999949,TP,10.05999999999949,0.8702422145328662
2021-09-08 07:51:00,2021-09-08 08:49:00,largo,15622.539,15603.529,15641.549,19.01000000000022,TP,17.51000000000022,0.9210941609679125
2021-09-08 13:57:00,2021-09-08 14:20:00,largo,15634.039,15611.039,15657.039,23.0,TP,21.5,0.9347826086956522
2021-09-10 15:42:00,2021-09-10 15:53:00,largo,15562.749,15537.029,15588.469,25.719999999999345,SL,-27.219999999999345,-1.0583203732503903
2021-09-13 16:21:00,2021-09-13 18:26:00,largo,15427.599,15360.809,15494.389000000001,66.79000000000087,SL,-68.29000000000087,-1.0224584518640512
2021-09-13 19:21:00,2021-09-14 12:31:00,largo,15409.929,15347.569,15472.289,62.36000000000058,TP,60.86000000000058,0.9759461193072485
2021-09-15 13:45:00,2021-09-15 14:12:00,largo,15366.919,15336.259,15397.579,30.659999999999854,SL,-32.159999999999854,-1.0489236790606655
2021-09-16 01:21:00,2021-09-16 01:34:00,corto,15512.889,15525.349,15500.428999999998,12.460000000000946,TP,10.960000000000946,0.8796147672552258
2021-09-16 01:42:00,2021-09-16 03:39:00,corto,15506.289,15525.349,15487.229000000001,19.05999999999949,TP,17.55999999999949,0.9213011542497356
2021-09-16 19:51:00,2021-09-16 23:41:00,corto,15516.179,15541.349,15491.009,25.170000000000073,TP,23.670000000000073,0.9404052443384984
2021-09-17 14:51:00,2021-09-17 15:04:00,largo,15369.079,15348.289,15389.868999999999,20.789999999999054,SL,-22.289999999999054,-1.0721500721500754
2021-09-19 23:15:00,2021-09-19 23:33:00,corto,15330.279,15337.689,15322.869,7.4099999999998545,SL,-8.909999999999854,-1.2024291497975748
2021-09-19 23:36:00,2021-09-20 00:04:00,corto,15331.999,15339.999,15323.999,8.0,SL,-9.5,-1.1875
2021-09-20 15:03:00,2021-09-20 15:13:00,largo,15017.709,14989.079,15046.339000000002,28.63000000000102,TP,27.13000000000102,0.9476074048201206
2021-09-20 15:12:00,2021-09-20 15:50:00,largo,15042.289,14989.079,15095.499000000002,53.210000000000946,SL,-54.710000000000946,-1.0281901898139443
2021-09-20 20:12:00,2021-09-20 23:53:00,largo,15002.807,14979.109,15026.505000000001,23.69800000000032,TP,22.19800000000032,0.9367035192843286
2021-09-21 01:36:00,2021-09-21 01:50:00,corto,15022.569,15058.199,14986.938999999998,35.63000000000102,SL,-37.13000000000102,-1.0420993544765635
2021-09-22 14:51:00,2021-09-22 15:00:00,corto,15124.879,15147.799,15101.959,22.920000000000073,SL,-24.420000000000073,-1.0654450261780102
2021-09-22 15:09:00,2021-09-22 15:20:00,corto,15142.639,15154.419,15130.858999999999,11.780000000000655,SL,-13.280000000000655,-1.127334465195239
2021-09-26 23:09:00,2021-09-26 23:42:00,largo,15319.509,15313.659,15325.359,5.850000000000364,TP,4.350000000000364,0.7435897435897595
2021-09-27 08:09:00,2021-09-27 08:21:00,corto,15348.349,15355.089,15341.609,6.739999999999782,TP,5.239999999999782,0.77744807121661
2021-09-27 08:27:00,2021-09-27 09:29:00,corto,15343.539,15355.089,15331.989000000001,11.549999999999272,TP,10.049999999999272,0.870129870129862
2021-09-27 09:51:00,2021-09-27 10:55:00,corto,15302.209,15352.889,15251.529000000002,50.67999999999847,TP,49.17999999999847,0.9704025256511435
2021-09-27 12:42:00,2021-09-27 13:34:00,largo,15209.129,15167.359,15250.899000000001,41.77000000000044,SL,-43.27000000000044,-1.0359109408666503
2021-09-27 15:30:00,2021-09-27 15:37:00,largo,15189.309,15175.139,15203.479,14.170000000000073,SL,-15.670000000000073,-1.105857445306986
2021-09-28 06:45:00,2021-09-28 06:54:00,largo,15104.139,15087.589,15120.688999999998,16.549999999999272,SL,-18.049999999999272,-1.0906344410876172
2021-09-29 12:33:00,2021-09-29 13:30:00,corto,14859.609,14903.599,14815.619,43.98999999999978,TP,42.48999999999978,0.9659013412139121
2021-09-29 16:48:00,2021-09-29 17:31:00,largo,14780.269,14737.879,14822.659,42.38999999999942,SL,-43.88999999999942,-1.0353857041755137
2021-09-29 17:48:00,2021-09-29 18:08:00,largo,14760.899,14724.039,14797.758999999998,36.85999999999876,TP,35.35999999999876,0.9593054801953323
2021-09-30 16:33:00,2021-09-30 17:10:00,largo,14734.809,14694.019,14775.598999999998,40.789999999999054,TP,39.289999999999054,0.9632262809512127
2021-09-30 17:48:00,2021-09-30 18:00:00,largo,14758.309,14718.009,14798.608999999999,40.29999999999927,TP,38.79999999999927,0.9627791563275427
2021-10-01 18:09:00,2021-10-01 18:13:00,corto,14746.789,14759.409,14734.169000000002,12.619999999998981,TP,11.119999999998981,0.881141045958786
2021-10-03 23:39:00,2021-10-03 23:48:00,corto,14836.269,14845.399,14827.139000000001,9.1299999999992,TP,7.6299999999992,0.8357064622124719
2021-10-03 23:54:00,2021-10-04 00:20:00,corto,14822.619,14845.399,14799.839000000002,22.779999999998836,TP,21.279999999998836,0.9341527655838421
2021-10-04 00:48:00,2021-10-04 00:52:00,largo,14784.649,14772.339,14796.958999999999,12.30999999999949,SL,-13.80999999999949,-1.1218521527213698
2021-10-04 15:51:00,2021-10-04 16:41:00,largo,14431.559,14395.529,14467.588999999998,36.029999999998836,SL,-37.529999999998836,-1.0416319733555384
2021-10-07 00:03:00,2021-10-07 00:30:00,corto,14810.629,14830.499,14790.759000000002,19.86999999999898,SL,-21.36999999999898,-1.0754906894816345
2021-10-08 05:18:00,2021-10-08 05:26:00,largo,14878.219,14864.219,14892.219,14.0,SL,-15.5,-1.1071428571428572
2021-10-08 13:39:00,2021-10-08 14:40:00,largo,14928.189,14857.159,14999.219000000001,71.03000000000065,SL,-72.53000000000065,-1.0211178375334364
2021-10-08 16:12:00,2021-10-08 17:15:00,largo,14852.919,14824.409,14881.429,28.51000000000022,SL,-30.01000000000022,-1.0526131182041385
2021-10-11 22:15:00,2021-10-11 22:57:00,largo,14695.719,14679.599,14711.838999999998,16.11999999999898,SL,-17.61999999999898,-1.0930521091811474
2021-10-13 10:33:00,2021-10-13 12:34:00,corto,14728.669,14757.089,14700.249,28.420000000000073,TP,26.920000000000073,0.9472202674173119
2021-10-13 12:57:00,2021-10-13 13:23:00,corto,14692.879,14750.879,14634.879,58.0,SL,-59.5,-1.0258620689655173
2021-10-13 14:09:00,2021-10-13 17:28:00,corto,14703.079,14752.809,14653.349,49.72999999999956,SL,-51.22999999999956,-1.0301628795495679
2021-10-13 18:03:00,2021-10-13 22:32:00,corto,14761.097,14806.819,14715.375,45.72199999999975,SL,-47.22199999999975,-1.0328069638248547
2021-10-13 22:42:00,2021-10-13 23:15:00,corto,14805.679,14812.189,14799.169,6.510000000000218,TP,5.010000000000218,0.769585253456229
2021-10-13 23:30:00,2021-10-13 23:40:00,corto,14801.209,14810.199,14792.219000000001,8.989999999999782,SL,-10.489999999999782,-1.1668520578420507
2021-10-15 15:15:00,2021-10-15 15:36:00,corto,15123.489,15135.019,15111.958999999999,11.530000000000655,TP,10.030000000000655,0.8699045967042571
2021-10-15 18:21:00,2021-10-15 18:26:00,corto,15124.469,15129.619,15119.318999999998,5.150000000001455,SL,-6.650000000001455,-1.2912621359222478
2021-10-19 03:15:00,2021-10-19 04:19:00,corto,15305.419,15312.189,15298.649,6.770000000000437,TP,5.270000000000437,0.7784342688331014
2021-10-19 15:33:00,2021-10-19 15:52:00,corto,15382.619,15396.037,15369.201000000001,13.417999999999665,SL,-14.917999999999665,-1.111790132657627
2021-10-21 15:33:00,2021-10-21 19:01:00,corto,15412.279,15461.119,15363.439,48.840000000000146,SL,-50.340000000000146,-1.0307125307125307
2021-10-22 16:12:00,2021-10-22 16:42:00,largo,15335.699,15308.709,15362.689,26.98999999999978,TP,25.48999999999978,0.9444238606891436
2021-10-26 19:15:00,2021-10-26 19:21:00,largo,15588.139,15573.969,15602.309,14.170000000000073,SL,-15.670000000000073,-1.105857445306986
2021-10-27 15:48:00,2021-10-27 16:01:00,corto,15651.129,15675.009,15627.249000000002,23.8799999999992,SL,-25.3799999999992,-1.062814070351761
2021-10-28 15:30:00,2021-10-28 15:46:00,corto,15746.089,15765.319,15726.859,19.229999999999563,SL,-20.729999999999563,-1.0780031201248068
2021-10-28 16:21:00,2021-10-28 16:51:00,corto,15754.199,15765.877,15742.521,11.677999999999884,TP,10.177999999999884,0.8715533481760562
2021-10-28 18:39:00,2021-10-28 19:44:00,corto,15753.889,15773.199,15734.578999999998,19.31000000000131,TP,17.81000000000131,0.9223200414293166
2021-10-28 23:24:00,2021-10-28 23:47:00,largo,15681.559,15676.729,15686.389,4.829999999999927,TP,3.3299999999999272,0.6894409937888152
2021-10-28 23:54:00,2021-10-29 00:07:00,largo,15688.489,15676.729,15700.249,11.760000000000218,SL,-13.260000000000218,-1.127551020408161
2021-11-03 09:06:00,2021-11-03 09:17:00,corto,15986.779,15992.607,15980.951000000001,5.82799999999952,SL,-7.32799999999952,-1.2573781743308379
2021-11-03 09:18:00,2021-11-03 10:48:00,corto,15983.639,15995.299,15971.978999999998,11.660000000001673,SL,-13.160000000001673,-1.1286449399656762
2021-11-03 12:51:00,2021-11-03 13:04:00,corto,15981.637,16009.409,15953.865000000002,27.771999999999025,TP,26.271999999999025,0.9459887656632561
2021-11-04 18:27:00,2021-11-04 18:40:00,corto,16340.899,16359.019,16322.778999999999,18.1200000000008,TP,16.6200000000008,0.9172185430463613
2021-11-08 00:51:00,2021-11-08 01:26:00,largo,16304.199,16293.879,16314.519,10.319999999999709,SL,-11.819999999999709,-1.1453488372093064
2021-11-09 03:24:00,2021-11-09 03:36:00,largo,16314.169,16309.039,16319.298999999999,5.1299999999992,SL,-6.6299999999992,-1.292397660818759
2021-11-09 14:06:00,2021-11-09 14:22:00,corto,16381.589,16392.289,16370.889,10.700000000000728,SL,-12.200000000000728,-1.1401869158878408
2021-11-09 17:48:00,2021-11-09 18:28:00,largo,16249.929,16190.849,16309.009,59.07999999999993,SL,-60.57999999999993,-1.0253893026404874
2021-11-09 20:54:00,2021-11-09 23:15:00,largo,16231.809,16190.869,16272.748999999998,40.93999999999869,SL,-42.43999999999869,-1.0366389838788483
2021-11-10 18:24:00,2021-11-10 18:46:00,largo,16064.599,16031.209,16097.989,33.38999999999942,SL,-34.88999999999942,-1.044923629829291
2021-11-16 14:45:00,2021-11-16 15:16:00,corto,16233.249,16258.179,16208.319,24.93000000000029,SL,-26.43000000000029,-1.0601684717208175
2021-11-16 15:36:00,2021-11-16 16:10:00,corto,16223.579,16265.309,16181.849,41.72999999999956,SL,-43.22999999999956,-1.0359453630481672
2021-11-17 12:09:00,2021-11-17 12:57:00,corto,16323.399,16330.819,16315.979,7.420000000000073,TP,5.920000000000073,0.7978436657681961
2021-11-17 16:21:00,2021-11-17 16:35:00,corto,16347.807,16363.429,16332.185000000001,15.621999999999389,SL,-17.12199999999939,-1.0960184355396274
2021-11-18 09:57:00,2021-11-18 14:32:00,corto,16388.799,16412.289,16365.308999999997,23.4900000000016,TP,21.9900000000016,0.9361430395913198
2021-11-19 16:51:00,2021-11-19 17:38:00,corto,16603.647,16628.509,16578.785000000003,24.86199999999735,SL,-26.36199999999735,-1.0603330383718188
2021-11-19 17:39:00,2021-11-19 18:28:00,corto,16601.029,16630.207,16571.851,29.177999999999884,TP,27.677999999999884,0.9485914044828293
2021-11-22 01:18:00,2021-11-22 01:43:00,corto,16625.319,16633.309,16617.328999999998,7.990000000001601,TP,6.490000000001601,0.8122653316646183
2021-11-22 01:42:00,2021-11-22 08:23:00,corto,16617.799,16633.309,16602.288999999997,15.510000000002037,SL,-17.010000000002037,-1.0967117988394457
2021-11-22 08:39:00,2021-11-22 09:04:00,corto,16622.589,16635.789,16609.389,13.200000000000728,SL,-14.700000000000728,-1.1136363636363573
2021-11-22 17:24:00,2021-11-22 17:32:00,largo,16496.589,16465.009,16528.169,31.580000000001746,TP,30.080000000001746,0.9525015832805599
2021-11-23 18:00:00,2021-11-23 18:13:00,largo,16192.259,16159.759,16224.759,32.5,SL,-34.0,-1.0461538461538462
2021-11-23 19:33:00,2021-11-23 19:47:00,largo,16174.259,16138.339,16210.179,35.92000000000007,TP,34.42000000000007,0.9582405345211582
2021-11-24 14:48:00,2021-11-24 14:58:00,largo,16138.469,16102.399,16174.538999999999,36.06999999999971,TP,34.56999999999971,0.9584141946215688
2021-11-24 16:33:00,2021-11-24 16:52:00,corto,16303.489,16335.699,16271.278999999999,32.210000000000946,SL,-33.710000000000946,-1.0465693883886977
2021-11-24 18:18:00,2021-11-24 18:25:00,corto,16318.479,16334.559,16302.399,16.079999999999927,SL,-17.579999999999927,-1.0932835820895526
2021-11-24 18:27:00,2021-11-24 18:37:00,corto,16326.419,16339.019,16313.819,12.600000000000364,TP,11.100000000000364,0.8809523809523844
2021-11-24 20:00:00,2021-11-24 20:06:00,corto,16323.219,16333.189,16313.248999999998,9.970000000001164,SL,-11.470000000001164,-1.150451354062169
2021-11-26 00:12:00,2021-11-26 00:25:00,largo,16369.089,16347.279,16390.898999999998,21.80999999999949,SL,-23.30999999999949,-1.0687757909215971
2021-11-29 15:03:00,2021-11-29 15:12:00,corto,16288.499,16313.287,16263.711,24.788000000000466,SL,-26.288000000000466,-1.0605131515249302
2021-11-29 15:18:00,2021-11-29 15:28:00,corto,16292.617,16315.349,16269.885,22.73199999999997,TP,21.23199999999997,0.9340137251451697
2021-11-29 15:36:00,2021-11-29 16:26:00,corto,16232.719,16315.349,16150.088999999998,82.63000000000102,SL,-84.13000000000102,-1.0181532131187219
2021-11-29 16:27:00,2021-11-29 16:30:00,corto,16292.259,16321.579,16262.939,29.31999999999971,SL,-30.81999999999971,-1.0511596180081861
2021-11-29 18:12:00,2021-11-29 18:39:00,corto,16405.029,16422.299,16387.759,17.270000000000437,TP,15.770000000000437,0.9131441806601064
2021-11-29 20:45:00,2021-11-29 23:20:00,corto,16402.369,16441.197,16363.540999999997,38.82800000000134,SL,-40.32800000000134,-1.0386319151128038
2021-11-29 23:24:00,2021-11-29 23:55:00,corto,16437.679,16443.119,16432.239,5.43999999999869,TP,3.9399999999986903,0.7242647058822865
2021-11-30 15:42:00,2021-11-30 15:52:00,corto,16349.589,16458.819,16240.359,109.22999999999956,TP,107.72999999999956,0.9862675089261191
2021-11-30 16:09:00,2021-11-30 16:42:00,largo,16185.779,16110.809,16260.749000000002,74.97000000000116,SL,-76.47000000000116,-1.0200080032012802
2021-11-30 20:42:00,2021-11-30 20:54:00,largo,16153.859,16114.529,16193.189,39.32999999999993,SL,-40.82999999999993,-1.0381388253241801
2021-11-30 20:54:00,2021-11-30 21:00:00,largo,16143.049,16109.329,16176.769000000002,33.720000000001164,TP,32.220000000001164,0.955516014234877
2021-12-02 14:21:00,2021-12-02 14:30:00,largo,15833.659,15805.139,15862.179,28.520000000000437,SL,-30.020000000000437,-1.0525946704067313
2021-12-02 15:45:00,2021-12-02 16:07:00,largo,15837.899,15761.549,15914.248999999998,76.34999999999854,TP,74.84999999999854,0.9803536345776027
2021-12-02 20:09:00,2021-12-02 20:37:00,corto,15991.839,16042.609,15941.069,50.77000000000044,SL,-52.27000000000044,-1.0295450068938348
2021-12-03 13:51:00,2021-12-03 14:43:00,corto,16033.579,16120.209,15946.948999999999,86.63000000000102,TP,85.13000000000102,0.9826849821078151
2021-12-03 14:48:00,2021-12-03 15:35:00,corto,15910.399,16090.189,15730.608999999999,179.79000000000087,TP,178.29000000000087,0.9916569330886034
2021-12-03 16:09:00,2021-12-03 16:16:00,largo,15676.237,15631.139,15721.335,45.097999999999956,SL,-46.597999999999956,-1.0332608984877378
2021-12-07 20:06:00,2021-12-07 20:13:00,corto,16295.819,16312.189,16279.448999999999,16.3700000000008,TP,14.8700000000008,0.9083689676237063
2021-12-09 02:36:00,2021-12-09 02:45:00,corto,16397.149,16404.669,16389.629,7.520000000000437,SL,-9.020000000000437,-1.1994680851063715
2021-12-10 16:09:00,2021-12-10 16:19:00,largo,16159.259,16133.309,16185.209,25.950000000000728,TP,24.450000000000728,0.9421965317919091
2021-12-10 16:57:00,2021-12-12 23:55:00,largo,16248.869,16133.309,16364.429000000002,115.56000000000131,TP,114.06000000000131,0.9870197300103843
2021-12-13 16:57:00,2021-12-13 17:13:00,largo,16137.499,16111.679,16163.319,25.81999999999971,TP,24.31999999999971,0.9419054996127026
2021-12-13 17:57:00,2021-12-13 20:03:00,largo,16162.519,16117.169,16207.869,45.350000000000364,TP,43.850000000000364,0.9669239250275636
2021-12-14 16:09:00,2021-12-14 16:39:00,largo,15800.589,15766.209,15834.969,34.3799999999992,SL,-35.8799999999992,-1.043630017452008
2021-12-15 16:21:00,2021-12-15 16:30:00,largo,15824.409,15806.479,15842.339,17.93000000000029,SL,-19.43000000000029,-1.0836586726157265
2021-12-15 19:33:00,2021-12-15 19:53:00,corto,15899.639,16009.899,15789.378999999999,110.26000000000022,SL,-111.76000000000022,-1.0136042082350807
2021-12-15 19:51:00,2021-12-15 20:59:00,largo,16021.559,15753.009,16290.108999999999,268.5499999999993,TP,267.0499999999993,0.9944144479612735
2021-12-17 17:27:00,2021-12-17 18:31:00,largo,15820.369,15746.739,15893.999000000002,73.63000000000102,TP,72.13000000000102,0.9796278690751056
2021-12-17 18:57:00,2021-12-17 20:33:00,largo,15907.389,15790.349,16024.428999999998,117.03999999999905,SL,-118.53999999999905,-1.012816131237184
2021-12-20 16:48:00,2021-12-20 17:18:00,largo,15547.279,15498.659,15595.899000000001,48.6200000000008,TP,47.1200000000008,0.9691484985602637
2021-12-21 17:48:00,2021-12-21 17:53:00,corto,15847.049,15861.609,15832.489000000001,14.55999999999949,SL,-16.05999999999949,-1.1030219780219817
2021-12-22 23:45:00,2021-12-23 01:01:00,corto,16188.049,16203.609,16172.489000000001,15.55999999999949,TP,14.05999999999949,0.9035989717223619
2021-12-23 06:18:00,2021-12-23 08:20:00,corto,16180.339,16198.819,16161.859,18.479999999999563,TP,16.979999999999563,0.9188311688311669
2021-12-23 09:21:00,2021-12-23 10:21:00,corto,16180.149,16192.189,16168.108999999999,12.040000000000873,SL,-13.540000000000873,-1.1245847176079644
2021-12-27 00:42:00,2021-12-27 01:15:00,corto,16348.559,16367.659,16329.458999999999,19.100000000000364,TP,17.600000000000364,0.921465968586389
2021-12-27 16:30:00,2021-12-27 18:15:00,corto,16513.819,16541.399,16486.238999999998,27.580000000001746,SL,-29.080000000001746,-1.0543872371283505
2021-12-28 20:33:00,2021-12-28 23:24:00,largo,16505.609,16477.889,16533.329,27.720000000001164,TP,26.220000000001164,0.9458874458874481
2021-12-29 15:54:00,2021-12-30 15:13:00,largo,16466.779,16390.429,16543.128999999997,76.34999999999854,TP,74.84999999999854,0.9803536345776027
2021-12-30 15:30:00,2021-12-30 16:00:00,corto,16547.289,16570.149,16524.429,22.860000000000582,TP,21.360000000000582,0.9343832020997392
2021-12-31 17:24:00,2021-12-31 18:00:00,largo,16372.789,16351.029,16394.549,21.76000000000022,TP,20.2599999999984,0.9310661764705054
2022-01-03 14:54:00,2022-01-03 15:03:00,largo,16330.779,16293.319,16368.239000000001,37.460000000000946,TP,35.960000000000946,0.9599572877736262
2022-01-03 18:57:00,2022-01-03 19:05:00,corto,16465.589,16473.519,16457.659,7.930000000000291,TP,6.430000000000291,0.8108448928121129
2022-01-03 19:21:00,2022-01-03 19:40:00,corto,16466.297,16478.089,16454.504999999997,11.79200000000128,SL,-13.29200000000128,-1.1272048846675575
2022-01-03 23:30:00,2022-01-04 00:00:00,corto,16497.849,16513.049,16482.648999999998,15.200000000000728,TP,13.700000000000728,0.901315789473689
2022-01-04 03:27:00,2022-01-04 04:20:00,corto,16506.069,16510.669,16501.468999999997,4.600000000002183,SL,-6.100000000002183,-1.3260869565215845
2022-01-04 16:42:00,2022-01-04 18:30:00,largo,16238.209,16168.019,16308.399000000001,70.19000000000051,SL,-71.69000000000051,-1.0213705656076362
2022-01-04 20:27:00,2022-01-05 01:31:00,largo,16293.269,16228.489,16358.049,64.78000000000065,SL,-66.28000000000065,-1.0231552948440874
2022-01-05 16:12:00,2022-01-05 16:44:00,largo,16162.549,16139.809,16185.289000000002,22.7400000000016,SL,-24.2400000000016,-1.065963060686011
2022-01-06 00:48:00,2022-01-06 01:09:00,largo,15787.639,15758.339,15816.938999999998,29.299999999999272,SL,-30.799999999999272,-1.051194539249148
2022-01-06 01:30:00,2022-01-06 03:41:00,largo,15790.539,15748.869,15832.209,41.67000000000007,SL,-43.17000000000007,-1.0359971202303815
2022-01-06 16:24:00,2022-01-06 20:55:00,corto,15816.839,15903.079,15730.599,86.23999999999978,TP,84.73999999999978,0.9826066790352505
2022-01-06 20:57:00,2022-01-06 23:00:00,largo,15766.789,15723.429,15810.149000000001,43.36000000000058,TP,41.86000000000058,0.965405904059041
2022-01-11 23:12:00,2022-01-11 23:22:00,corto,15839.369,15850.559,15828.179000000002,11.18999999999869,TP,9.68999999999869,0.8659517426273301
2022-01-11 23:45:00,2022-01-12 00:26:00,corto,15826.639,15850.559,15802.719,23.920000000000073,SL,-25.420000000000073,-1.0627090301003344
2022-01-12 00:36:00,2022-01-12 00:53:00,corto,15848.399,15855.409,15841.389,7.010000000000218,TP,5.510000000000218,0.7860199714693362
2022-01-12 00:51:00,2022-01-12 01:19:00,corto,15841.419,15855.409,15827.429,13.989999999999782,TP,12.489999999999782,0.8927805575410991
2022-01-13 15:45:00,2022-01-13 15:50:00,largo,15825.889,15802.719,15849.059,23.170000000000073,SL,-24.670000000000073,-1.0647388864911522
2022-01-13 16:03:00,2022-01-13 16:29:00,largo,15784.099,15741.119,15827.079,42.97999999999956,TP,41.47999999999956,0.965100046533271
2022-01-13 16:51:00,2022-01-13 17:15:00,largo,15823.759,15740.269,15907.249,83.48999999999978,SL,-84.98999999999978,-1.0179662234998204
2022-01-14 00:36:00,2022-01-14 02:11:00,largo,15507.989,15460.709,15555.268999999998,47.279999999998836,SL,-48.779999999998836,-1.0317258883248739
2022-01-14 16:30:00,2022-01-14 18:21:00,largo,15513.559,15428.817,15598.301,84.74200000000019,SL,-86.24200000000019,-1.0177007859148945
2022-01-14 21:03:00,2022-01-16 23:00:00,corto,15599.889,15618.899,15580.878999999999,19.01000000000022,SL,-20.51000000000022,-1.0789058390320874
2022-01-18 16:45:00,2022-01-18 17:48:00,largo,15339.399,15267.549,15411.248999999998,71.84999999999854,SL,-73.34999999999854,-1.0208768267223387
2022-01-18 17:54:00,2022-01-18 18:01:00,largo,15283.279,15260.779,15305.779,22.5,SL,-24.0,-1.0666666666666667
2022-01-19 01:30:00,2022-01-19 01:55:00,largo,15232.149,15178.909,15285.389,53.23999999999978,SL,-54.73999999999978,-1.0281743050338092
2022-01-19 19:51:00,2022-01-19 19:56:00,largo,15189.669,15155.239,15224.099,34.43000000000029,TP,32.93000000000029,0.9564333430148131
2022-01-19 23:39:00,2022-01-19 23:50:00,largo,15038.559,15025.179,15051.938999999998,13.3799999999992,SL,-14.8799999999992,-1.1121076233183924
2022-01-20 16:36:00,2022-01-20 16:44:00,corto,15301.889,15351.309,15252.469,49.42000000000007,TP,47.92000000000007,0.9696479158235533
2022-01-20 16:57:00,2022-01-20 18:03:00,corto,15293.379,15351.309,15235.449000000002,57.92999999999847,TP,56.42999999999847,0.9741066804764364
2022-01-21 16:45:00,2022-01-21 19:59:00,corto,14694.349,14870.579,14518.119,176.22999999999956,TP,174.72999999999956,0.9914883958463372
2022-01-23 23:12:00,2022-01-24 10:14:00,largo,14493.049,14388.279,14597.819000000001,104.77000000000044,SL,-106.27000000000044,-1.0143170754987114
2022-01-24 19:48:00,2022-01-24 20:00:00,largo,14091.139,13986.539,14195.738999999998,104.59999999999854,TP,103.09999999999854,0.9856596558317398
2022-01-24 19:57:00,2022-01-24 20:32:00,largo,14166.299,13986.539,14346.059000000001,179.76000000000022,TP,178.26000000000022,0.9916555407209613
2022-01-26 14:30:00,2022-01-26 14:40:00,corto,14456.559,14513.899,14399.219,57.340000000000146,TP,55.840000000000146,0.9738402511335892
2022-01-26 19:21:00,2022-01-26 19:49:00,corto,14432.649,14655.387,14209.910999999998,222.7380000000012,TP,221.2380000000012,0.9932656304716753
2022-01-26 20:09:00,2022-01-26 20:24:00,largo,14113.609,14014.329,14212.889000000001,99.28000000000065,SL,-100.78000000000065,-1.015108783239323
2022-01-27 20:18:00,2022-01-27 20:33:00,largo,13997.759,13959.619,14035.899,38.13999999999942,TP,36.63999999999942,0.9606712113266905
2022-02-01 07:51:00,2022-02-01 08:23:00,corto,14913.229,14968.589,14857.868999999999,55.36000000000058,SL,-56.86000000000058,-1.0270953757225432
2022-02-01 16:30:00,2022-02-01 16:48:00,corto,14893.919,14937.239,14850.599,43.31999999999971,SL,-44.81999999999971,-1.0346260387811637
2022-02-02 16:00:00,2022-02-02 16:13:00,corto,15040.899,15096.089,14985.708999999999,55.19000000000051,TP,53.69000000000051,0.972821163254213
2022-02-02 17:27:00,2022-02-02 17:45:00,corto,15045.189,15087.889,15002.489000000001,42.69999999999891,SL,-44.19999999999891,-1.0351288056206098
2022-02-02 19:06:00,2022-02-02 19:16:00,corto,15078.829,15105.899,15051.759,27.06999999999971,TP,25.56999999999971,0.9445881049131875
2022-02-02 19:21:00,2022-02-02 19:34:00,corto,15052.139,15105.899,14998.378999999999,53.76000000000022,SL,-55.26000000000022,-1.0279017857142856
2022-02-04 13:45:00,2022-02-04 13:54:00,largo,14513.669,14470.339,14556.999,43.32999999999993,SL,-44.82999999999993,-1.0346180475421187
2022-02-04 16:15:00,2022-02-04 16:25:00,largo,14487.109,14455.789,14518.429,31.31999999999971,TP,29.81999999999971,0.9521072796934862
2022-02-04 16:54:00,2022-02-04 20:01:00,largo,14626.039,14455.789,14796.289,170.25,TP,168.75,0.9911894273127754
2022-02-04 20:39:00,2022-02-04 20:53:00,corto,14773.019,14833.709,14712.329,60.69000000000051,TP,59.19000000000051,0.9752842313395949
2022-02-08 13:33:00,2022-02-08 13:42:00,largo,14538.999,14524.139,14553.859,14.860000000000582,SL,-16.360000000000582,-1.100942126514128
2022-02-08 15:51:00,2022-02-08 20:55:00,largo,14633.249,14480.689,14785.809,152.5599999999995,TP,151.0599999999995,0.9901678028316727
2022-02-09 16:06:00,2022-02-09 16:13:00,corto,14958.599,14980.499,14936.699,21.899999999999636,TP,20.399999999999636,0.9315068493150673
2022-02-09 16:51:00,2022-02-09 17:09:00,corto,14952.889,14980.499,14925.278999999999,27.610000000000582,TP,26.110000000000582,0.9456718580224568
2022-02-10 13:30:00,2022-02-10 20:32:00,corto,14878.779,15062.689,14694.869,183.90999999999985,TP,182.40999999999985,0.9918438366592355
2022-02-11 00:45:00,2022-02-11 01:17:00,largo,14651.149,14627.799,14674.498999999998,23.349999999998545,TP,21.849999999998545,0.9357601713062058
2022-02-11 03:42:00,2022-02-11 03:49:00,largo,14638.609,14629.639,14647.579000000002,8.970000000001164,TP,7.470000000001164,0.8327759197324631
2022-02-11 03:57:00,2022-02-11 04:31:00,largo,14656.889,14629.639,14684.139,27.25,SL,-28.75,-1.055045871559633
2022-02-14 20:54:00,2022-02-15 08:09:00,largo,14264.379,14182.429,14346.329000000002,81.95000000000073,TP,80.45000000000073,0.9816961561928006
2022-02-15 20:30:00,2022-02-15 20:50:00,corto,14566.459,14604.187,14528.731000000002,37.727999999999156,SL,-39.227999999999156,-1.0397582697201027
2022-02-16 12:51:00,2022-02-16 13:55:00,corto,14580.519,14628.909,14532.129,48.38999999999942,TP,46.88999999999942,0.9690018598884064
2022-02-16 14:45:00,2022-02-16 14:50:00,largo,14454.787,14431.579,14477.995,23.20800000000054,SL,-24.70800000000054,-1.0646328852119944
2022-02-16 20:18:00,2022-02-16 20:30:00,corto,14621.819,14650.909,14592.729,29.090000000000146,SL,-30.590000000000146,-1.0515641113784804
2022-02-16 20:30:00,2022-02-17 03:55:00,corto,14604.809,14652.187,14557.430999999999,47.37800000000061,TP,45.87800000000061,0.9683397357423281
2022-02-17 17:30:00,2022-02-17 18:11:00,largo,14371.529,14321.559,14421.499000000002,49.970000000001164,SL,-51.470000000001164,-1.0300180108064831
2022-02-18 00:51:00,2022-02-18 01:32:00,largo,14160.269,14136.549,14183.989,23.719999999999345,TP,22.219999999999345,0.9367622259696441
2022-02-18 15:12:00,2022-02-18 15:15:00,largo,14152.219,14122.719,14181.719,29.5,TP,28.0,0.9491525423728814
2022-02-18 16:24:00,2022-02-18 16:58:00,largo,14054.699,13983.999,14125.399000000001,70.70000000000073,SL,-72.20000000000073,-1.021216407355021
2022-02-23 16:30:00,2022-02-23 16:55:00,largo,13772.589,13722.149,13823.029,50.44000000000051,TP,48.94000000000051,0.9702616970658211
2022-02-24 00:09:00,2022-02-24 00:29:00,largo,13508.029,13474.279,13541.779,33.75,SL,-35.25,-1.0444444444444445
2022-02-24 16:39:00,2022-02-24 18:36:00,corto,13490.369,13570.699,13410.039,80.32999999999993,SL,-81.82999999999993,-1.018672973982323
2022-02-27 23:09:00,2022-02-27 23:34:00,largo,13783.909,13691.239,13876.579,92.67000000000007,TP,91.17000000000007,0.9838135318873422
2022-02-28 00:42:00,2022-02-28 01:07:00,largo,13853.379,13819.629,13887.129,33.75,TP,32.25,0.9555555555555556
2022-03-01 07:27:00,2022-03-01 08:23:00,corto,14294.689,14332.699,14256.679,38.01000000000022,TP,36.51000000000022,0.9605367008681928
2022-03-01 08:21:00,2022-03-01 09:28:00,corto,14225.539,14312.859,14138.219000000001,87.31999999999971,TP,85.81999999999971,0.9828218048557031
2022-03-03 16:57:00,2022-03-03 17:36:00,largo,14118.199,14034.589,14201.809000000001,83.61000000000058,TP,82.11000000000058,0.9820595622533191
2022-03-03 17:54:00,2022-03-03 19:51:00,largo,14141.679,14049.309,14234.049,92.3700000000008,SL,-93.8700000000008,-1.0162390386489117
2022-03-04 16:48:00,2022-03-04 17:17:00,largo,13809.639,13734.909,13884.368999999999,74.72999999999956,TP,73.22999999999956,0.9799277398635086
2022-03-04 19:30:00,2022-03-04 19:58:00,largo,13830.619,13771.319,13889.919000000002,59.30000000000109,SL,-60.80000000000109,-1.0252951096121412
2022-03-07 17:09:00,2022-03-07 17:18:00,largo,13555.079,13523.009,13587.149,32.06999999999971,SL,-33.56999999999971,-1.0467726847521053
2022-03-08 05:12:00,2022-03-08 05:29:00,largo,13273.519,13259.419,13287.619,14.100000000000364,SL,-15.600000000000364,-1.1063829787234014
2022-03-08 14:33:00,2022-03-08 14:40:00,largo,13354.099,13234.909,13473.289,119.19000000000051,SL,-120.69000000000051,-1.0125849484017115
2022-03-08 14:42:00,2022-03-08 15:00:00,largo,13346.939,13222.439,13471.439,124.5,SL,-126.0,-1.0120481927710843
2022-03-10 18:00:00,2022-03-10 18:04:00,largo,13452.129,13429.649,13474.609000000002,22.480000000001382,SL,-23.980000000001382,-1.0667259786476828
2022-03-10 18:15:00,2022-03-10 18:28:00,largo,13452.819,13424.399,13481.239,28.420000000000073,TP,26.920000000000073,0.9472202674173119
2022-03-10 18:45:00,2022-03-10 19:05:00,largo,13516.699,13424.399,13608.999000000002,92.30000000000109,TP,90.80000000000109,0.9837486457204769
2022-03-11 07:15:00,2022-03-11 07:34:00,corto,13638.289,13665.599,13610.979000000001,27.30999999999949,TP,25.80999999999949,0.9450750640790909
2022-03-11 07:54:00,2022-03-11 08:20:00,corto,13605.399,13665.599,13545.198999999999,60.20000000000073,TP,58.70000000000073,0.9750830564784057
2022-03-11 09:27:00,2022-03-11 09:49:00,corto,13623.109,13644.989,13601.229000000001,21.8799999999992,SL,-23.3799999999992,-1.068555758683732
2022-03-14 04:45:00,2022-03-14 05:18:00,largo,13346.299,13315.999,13376.599000000002,30.30000000000109,SL,-31.80000000000109,-1.0495049504950478
2022-03-14 06:24:00,2022-03-14 06:49:00,corto,13377.809,13403.007,13352.610999999999,25.19800000000032,TP,23.69800000000032,0.940471465989365
2022-03-14 08:30:00,2022-03-14 08:42:00,largo,13347.399,13321.949,13372.848999999998,25.44999999999891,TP,23.94999999999891,0.9410609037328069
2022-03-14 18:00:00,2022-03-14 18:08:00,largo,13118.009,13073.089,13162.929,44.92000000000007,SL,-46.42000000000007,-1.0333926981300088
2022-03-15 13:00:00,2022-03-15 13:04:00,corto,13175.209,13206.579,13143.839000000002,31.36999999999898,SL,-32.86999999999898,-1.0478163850812894
2022-03-16 17:51:00,2022-03-16 19:12:00,largo,13714.939,13464.449,13965.429,250.48999999999978,TP,248.98999999999978,0.9940117369954888
2022-03-16 23:27:00,2022-03-16 23:51:00,corto,13974.109,13989.397,13958.821,15.288000000000466,SL,-16.788000000000466,-1.098116169544738
2022-03-17 13:12:00,2022-03-17 13:31:00,corto,13965.389,14015.589,13915.188999999998,50.20000000000073,TP,48.70000000000073,0.9701195219123511
2022-03-17 13:30:00,2022-03-17 16:26:00,corto,13920.237,14015.589,13824.884999999998,95.35200000000077,SL,-96.85200000000077,-1.0157311855021394
2022-03-18 16:18:00,2022-03-18 16:33:00,corto,14295.779,14325.109,14266.449,29.329999999999927,SL,-30.829999999999927,-1.0511421752471872
2022-03-18 16:57:00,2022-03-18 17:08:00,corto,14315.689,14333.197,14298.181,17.50799999999981,TP,16.00799999999981,0.9143248800548311
2022-03-20 21:15:00,2022-03-20 23:01:00,corto,14421.329,14441.349,14401.309,20.020000000000437,TP,18.520000000000437,0.9250749250749267
2022-03-21 10:36:00,2022-03-21 10:55:00,corto,14419.539,14434.599,14404.479000000001,15.05999999999949,TP,13.55999999999949,0.9003984063744986
2022-03-21 16:30:00,2022-03-21 17:21:00,largo,14248.399,14189.789,14307.008999999998,58.60999999999876,TP,57.10999999999876,0.974407097764886
2022-03-22 12:45:00,2022-03-22 13:00:00,corto,14431.779,14493.337,14370.221000000001,61.55799999999908,SL,-63.05799999999908,-1.0243672633938727
2022-03-24 13:30:00,2022-03-24 14:01:00,largo,14494.499,14435.459,14553.538999999999,59.039999999999054,TP,57.539999999999054,0.9745934959349589
2022-03-24 17:06:00,2022-03-24 18:09:00,corto,14663.409,14691.719,14635.099,28.30999999999949,SL,-29.80999999999949,-1.0529848110208417
2022-03-24 21:54:00,2022-03-24 23:24:00,corto,14753.009,14778.169,14727.849,25.159999999999854,TP,23.659999999999854,0.9403815580286166
2022-03-25 02:15:00,2022-03-25 03:49:00,corto,14759.179,14773.899,14744.459,14.719999999999345,SL,-16.219999999999345,-1.1019021739130481
2022-03-25 09:03:00,2022-03-25 09:21:00,corto,14761.187,14774.899,14747.475,13.711999999999534,SL,-15.211999999999534,-1.1093932322053712
2022-03-25 14:39:00,2022-03-25 16:18:00,largo,14625.209,14572.669,14677.749000000002,52.54000000000087,TP,51.04000000000087,0.9714503235630001
2022-03-27 22:39:00,2022-03-28 00:01:00,corto,14743.429,14777.659,14709.199,34.22999999999956,TP,32.72999999999956,0.9561787905346182
2022-03-28 11:12:00,2022-03-28 11:18:00,corto,14768.309,14778.299,14758.318999999998,9.9900000000016,SL,-11.4900000000016,-1.1501501501501261
2022-03-28 17:51:00,2022-03-28 18:03:00,corto,14837.219,14851.737,14822.701,14.518000000000029,SL,-16.01800000000003,-1.1033200165312025
2022-03-29 18:57:00,2022-03-29 19:00:00,corto,15217.249,15226.409,15208.089,9.159999999999854,TP,7.6599999999998545,0.8362445414847136
2022-03-31 13:57:00,2022-03-31 14:00:00,largo,15022.009,14975.799,15068.219,46.20999999999913,SL,-47.70999999999913,-1.0324605063839003
2022-03-31 14:42:00,2022-03-31 18:16:00,largo,15046.219,14962.619,15129.818999999998,83.59999999999854,SL,-85.09999999999854,-1.0179425837320577
2022-03-31 18:36:00,2022-03-31 19:00:00,largo,14997.009,14956.119,15037.899,40.88999999999942,TP,39.38999999999942,0.9633162142333084
2022-03-31 19:45:00,2022-03-31 19:50:00,largo,14966.339,14942.529,14990.149,23.80999999999949,SL,-25.30999999999949,-1.0629987400252008
2022-04-06 01:03:00,2022-04-06 01:18:00,largo,14780.679,14766.889,14794.469000000001,13.790000000000873,TP,12.290000000000873,0.8912255257432992
2022-04-06 15:39:00,2022-04-06 15:49:00,largo,14472.809,14438.599,14507.018999999998,34.20999999999913,TP,32.70999999999913,0.9561531715872541
2022-04-06 18:30:00,2022-04-07 15:33:00,largo,14522.317,14387.209,14657.424999999997,135.10799999999836,SL,-136.60799999999836,-1.011102229327649
2022-04-07 15:45:00,2022-04-07 15:52:00,largo,14406.989,14376.049,14437.928999999998,30.93999999999869,SL,-32.43999999999869,-1.048480930833874
2022-04-07 19:54:00,2022-04-08 08:04:00,corto,14534.169,14628.797,14439.541,94.62800000000061,SL,-96.12800000000061,-1.0158515449972523
2022-04-08 08:09:00,2022-04-08 08:16:00,corto,14626.589,14635.809,14617.369,9.219999999999345,TP,7.719999999999345,0.8373101952277542
2022-04-10 23:03:00,2022-04-10 23:20:00,corto,14359.049,14366.819,14351.279000000002,7.769999999998618,TP,6.269999999998618,0.8069498069497726
2022-04-10 23:24:00,2022-04-10 23:53:00,corto,14347.359,14366.819,14327.899000000001,19.459999999999127,TP,17.959999999999127,0.9229188078108906
2022-04-12 19:45:00,2022-04-13 03:04:00,largo,13953.947,13875.319,14032.575,78.62800000000061,TP,77.12800000000061,0.9809228264740297
2022-04-14 16:00:00,2022-04-14 16:18:00,largo,14020.119,13998.479,14041.759000000002,21.640000000001237,SL,-23.140000000001237,-1.0693160813308649
2022-04-18 11:18:00,2022-04-18 11:31:00,corto,13859.459,13868.397,13850.521,8.938000000000102,TP,7.438000000000102,0.8321772208547793
2022-04-18 11:54:00,2022-04-18 12:15:00,corto,13835.689,13868.397,13802.981,32.70800000000054,TP,31.20800000000054,0.9541396600220137
2022-04-18 13:24:00,2022-04-18 13:30:00,corto,13842.289,13865.509,13819.069000000001,23.219999999999345,SL,-24.719999999999345,-1.064599483204136
2022-04-19 05:36:00,2022-04-19 06:17:00,corto,13978.379,14000.397,13956.361,22.01800000000003,SL,-23.51800000000003,-1.068126078662912
2022-04-19 06:36:00,2022-04-19 07:00:00,corto,13989.879,14006.499,13973.259000000002,16.61999999999898,TP,15.119999999998981,0.9097472924187671
2022-04-20 02:51:00,2022-04-20 03:02:00,largo,14075.139,14054.689,14095.588999999998,20.44999999999891,TP,18.94999999999891,0.9266503667481624
2022-04-20 14:09:00,2022-04-20 14:16:00,largo,14070.089,14034.677,14105.501,35.41200000000026,TP,33.91200000000026,0.9576414774652663
2022-04-20 17:54:00,2022-04-20 18:19:00,largo,14073.489,14034.329,14112.649,39.159999999999854,SL,-40.659999999999854,-1.0383043922369766
2022-04-21 05:45:00,2022-04-21 05:58:00,corto,14109.599,14129.479,14089.719000000001,19.8799999999992,TP,18.3799999999992,0.9245472837022103
2022-04-21 16:18:00,2022-04-21 16:23:00,largo,13956.809,13936.089,13977.528999999999,20.719999999999345,SL,-22.219999999999345,-1.0723938223938247
2022-04-21 16:45:00,2022-04-21 16:50:00,largo,13962.189,13925.499,13998.879,36.69000000000051,SL,-38.19000000000051,-1.0408830744071949
2022-04-22 03:18:00,2022-04-22 04:21:00,largo,13672.519,13647.949,13697.089,24.56999999999971,TP,23.06999999999971,0.9389499389499383
2022-04-22 04:48:00,2022-04-22 05:15:00,largo,13696.769,13663.609,13729.929,33.159999999999854,TP,31.659999999999854,0.9547647768395655
2022-04-22 07:36:00,2022-04-22 07:50:00,largo,13684.499,13658.649,13710.349,25.850000000000364,TP,24.350000000000364,0.9419729206963258
2022-04-24 22:42:00,2022-04-24 23:29:00,largo,13316.609,13285.039,13348.179,31.56999999999971,TP,30.06999999999971,0.9524865378523911
2022-04-24 23:54:00,2022-04-25 00:07:00,corto,13323.099,13356.289,13289.909,33.19000000000051,TP,31.69000000000051,0.9548056643567346
2022-04-27 13:51:00,2022-04-27 14:02:00,corto,13196.589,13257.199,13135.979,60.61000000000058,TP,59.11000000000058,0.9752516086454383
2022-05-02 09:39:00,2022-05-02 09:46:00,corto,12925.749,12933.109,12918.389,7.360000000000582,TP,5.860000000000582,0.7961956521739292
2022-05-02 10:18:00,2022-05-02 10:34:00,corto,12922.029,12935.107,12908.951000000001,13.07799999999952,SL,-14.57799999999952,-1.1146964367640355
2022-05-02 10:54:00,2022-05-02 11:16:00,corto,12910.289,12940.599,12879.979000000001,30.30999999999949,TP,28.80999999999949,0.9505113823820514
2022-05-02 16:45:00,2022-05-02 16:54:00,largo,12868.717,12832.889,12904.545000000002,35.82800000000134,SL,-37.32800000000134,-1.0418666964385381
2022-05-02 17:54:00,2022-05-02 18:02:00,largo,12768.387,12739.109,12797.665,29.278000000000247,TP,27.778000000000247,0.9487669922808939
2022-05-02 18:21:00,2022-05-02 18:43:00,largo,12756.709,12724.089,12789.329000000002,32.6200000000008,SL,-34.1200000000008,-1.0459840588595941
2022-05-02 18:51:00,2022-05-02 19:16:00,largo,12816.489,12710.099,12922.878999999999,106.38999999999942,TP,104.88999999999942,0.9859009305385844
2022-05-04 14:45:00,2022-05-04 14:51:00,largo,12974.377,12926.629,13022.125,47.74799999999959,SL,-49.24799999999959,-1.0314149283739635
2022-05-04 18:06:00,2022-05-04 18:46:00,corto,13084.249,13232.889,12935.609,148.63999999999942,SL,-150.13999999999942,-1.010091496232508
2022-05-06 13:09:00,2022-05-06 13:28:00,largo,12738.549,12706.789,12770.309000000001,31.76000000000022,TP,30.26000000000022,0.9527707808564235
2022-05-06 16:33:00,2022-05-06 17:53:00,largo,12813.419,12699.419,12927.419,114.0,SL,-115.5,-1.013157894736842
2022-05-09 00:21:00,2022-05-09 00:35:00,largo,12572.099,12557.719,12586.479000000001,14.380000000001019,SL,-15.880000000001019,-1.104311543810841
2022-05-09 01:15:00,2022-05-09 01:34:00,largo,12534.089,12508.0,12560.178,26.088999999999942,TP,24.588999999999942,0.9425045038138677
2022-05-09 03:30:00,2022-05-09 05:25:00,largo,12598.489,12559.289,12637.688999999998,39.19999999999891,SL,-40.69999999999891,-1.03826530612245
2022-05-09 05:51:00,2022-05-09 06:02:00,largo,12564.009,12549.509,12578.509,14.5,TP,13.0,0.896551724137931
2022-05-09 07:30:00,2022-05-09 07:54:00,largo,12584.679,12550.159,12619.199,34.52000000000044,SL,-36.02000000000044,-1.043453070683661
2022-05-09 15:48:00,2022-05-09 17:52:00,largo,12341.499,12238.089,12444.909,103.40999999999985,SL,-104.90999999999985,-1.0145053669857849
2022-05-10 12:42:00,2022-05-10 12:53:00,corto,12416.609,12436.109,12397.109,19.5,SL,-21.0,-1.0769230769230769
2022-05-12 00:27:00,2022-05-12 00:37:00,largo,11943.159,11919.729,11966.589,23.43000000000029,TP,21.93000000000029,0.935979513444303
2022-05-12 15:30:00,2022-05-12 16:00:00,corto,11986.499,12128.897,11844.100999999999,142.39800000000105,TP,140.89800000000105,0.9894661441874184
2022-05-12 20:03:00,2022-05-12 20:11:00,largo,11950.369,11930.829,11969.909000000001,19.540000000000873,SL,-21.040000000000873,-1.0767656090071613
2022-05-13 03:45:00,2022-05-13 04:01:00,corto,12126.199,12147.799,12104.599,21.600000000000364,TP,20.100000000000364,0.9305555555555567
2022-05-13 05:48:00,2022-05-13 06:12:00,corto,12118.819,12140.899,12096.739,22.079999999999927,TP,20.579999999999927,0.9320652173913041
2022-05-13 15:39:00,2022-05-13 15:52:00,corto,12332.409,12362.089,12302.729,29.68000000000029,SL,-31.18000000000029,-1.050539083557951
2022-05-16 15:15:00,2022-05-16 16:02:00,largo,12262.719,12187.309,12338.128999999999,75.40999999999985,TP,73.90999999999985,0.9801087388940458
2022-05-17 08:57:00,2022-05-17 09:56:00,corto,12492.879,12525.589,12460.169000000002,32.70999999999913,SL,-34.20999999999913,-1.0458575359217377
2022-05-17 11:57:00,2022-05-17 12:31:00,corto,12472.889,12506.397,12439.380999999998,33.50800000000163,TP,32.00800000000163,0.9552345708487547
2022-05-17 17:21:00,2022-05-17 17:42:00,corto,12494.187,12507.797,12480.577,13.610000000000582,TP,12.110000000000582,0.889786921381342
2022-05-17 17:39:00,2022-05-17 18:02:00,corto,12481.857,12507.797,12455.917,25.94000000000051,TP,24.44000000000051,0.9421742482652286
2022-05-17 18:18:00,2022-05-17 18:49:00,corto,12415.869,12533.399,12298.339000000002,117.52999999999884,SL,-119.02999999999884,-1.012762698885391
2022-05-18 13:30:00,2022-05-18 13:39:00,largo,12372.779,12345.119,12400.439,27.659999999999854,SL,-29.159999999999854,-1.0542299349240785
2022-05-19 17:51:00,2022-05-19 17:55:00,largo,11892.177,11846.909,11937.445,45.26800000000003,TP,43.76800000000003,0.9668640098966157
2022-05-19 19:42:00,2022-05-19 19:51:00,largo,11920.009,11862.719,11977.299,57.29000000000087,SL,-58.79000000000087,-1.0261825798568682
2022-05-20 08:57:00,2022-05-20 09:14:00,corto,12061.327,12084.479,12038.175,23.152000000000044,SL,-24.652000000000044,-1.064789219073946
2022-05-20 09:42:00,2022-05-20 13:32:00,corto,12045.379,12093.107,11997.651000000002,47.727999999999156,TP,46.227999999999156,0.9685719074756951
2022-05-23 08:54:00,2022-05-23 09:29:00,largo,11888.349,11861.559,11915.139000000001,26.790000000000873,TP,25.290000000000873,0.9440089585666311
2022-05-23 12:42:00,2022-05-23 13:36:00,corto,11897.209,11952.307,11842.111,55.097999999999956,TP,53.597999999999956,0.9727757813350757
2022-05-23 14:48:00,2022-05-23 14:52:00,corto,11895.859,11940.699,11851.019,44.840000000000146,TP,43.340000000000146,0.9665477252453167
2022-05-23 16:51:00,2022-05-23 18:45:00,corto,11975.529,12050.689,11900.369,75.15999999999985,SL,-76.65999999999985,-1.0199574241617881
2022-05-24 12:36:00,2022-05-24 13:31:00,largo,11835.147,11800.049,11870.245,35.097999999999956,SL,-36.597999999999956,-1.0427374779189698
2022-05-24 13:30:00,2022-05-24 13:34:00,largo,11836.119,11790.219,11882.019000000002,45.900000000001455,SL,-47.400000000001455,-1.0326797385620905
2022-05-24 23:36:00,2022-05-25 00:04:00,corto,11851.599,11866.469,11836.729000000001,14.869999999998981,TP,13.369999999998981,0.8991257565568189
2022-05-25 13:45:00,2022-05-25 14:18:00,corto,11793.279,11855.699,11730.859,62.42000000000007,SL,-63.92000000000007,-1.0240307593719962
2022-05-25 14:39:00,2022-05-25 15:35:00,corto,11871.899,11924.199,11819.598999999998,52.30000000000109,TP,50.80000000000109,0.9713193116634805
2022-05-26 15:33:00,2022-05-26 16:01:00,corto,12186.639,12235.569,12137.708999999999,48.93000000000029,SL,-50.43000000000029,-1.0306560392397301
2022-05-27 08:42:00,2022-05-27 09:51:00,corto,12321.989,12342.499,12301.479,20.51000000000022,SL,-22.01000000000022,-1.0731350560702089
2022-05-27 12:27:00,2022-05-27 12:30:00,corto,12312.669,12344.007,12281.331,31.337999999999738,SL,-32.83799999999974,-1.0478652115642355
2022-05-31 16:24:00,2022-05-31 16:35:00,largo,12687.889,12660.789,12714.988999999998,27.099999999998545,TP,25.599999999998545,0.9446494464944619
2022-05-31 16:54:00,2022-05-31 17:29:00,largo,12747.419,12660.789,12834.048999999999,86.6299999999992,SL,-88.1299999999992,-1.0173150178921853
2022-06-01 16:30:00,2022-06-01 16:48:00,largo,12519.509,12456.039,12582.979,63.469999999999345,SL,-64.96999999999935,-1.0236332125413583
2022-06-02 13:42:00,2022-06-02 15:03:00,largo,12540.489,12439.589,12641.389,100.89999999999964,TP,99.39999999999964,0.9851337958374627
2022-06-02 17:51:00,2022-06-02 17:55:00,corto,12820.309,12830.917,12809.701,10.608000000000175,TP,9.108000000000175,0.8585972850678756
2022-06-03 04:48:00,2022-06-03 06:54:00,corto,12894.719,12906.287,12883.150999999998,11.56800000000112,TP,10.06800000000112,0.8703319502074814
2022-06-07 08:00:00,2022-06-07 08:06:00,largo,12538.059,12525.219,12550.899,12.840000000000146,TP,11.340000000000146,0.8831775700934593
2022-06-07 10:00:00,2022-06-07 10:16:00,largo,12528.029,12522.579,12533.479000000001,5.450000000000728,SL,-6.950000000000728,-1.2752293577981284
2022-06-08 16:03:00,2022-06-08 16:24:00,corto,12717.729,12745.817,12689.641,28.087999999999738,TP,26.587999999999738,0.9465964112788374
2022-06-08 16:36:00,2022-06-09 12:44:00,corto,12646.029,12745.817,12546.241000000002,99.78799999999865,TP,98.28799999999865,0.9849681324407742
2022-06-09 14:33:00,2022-06-09 15:06:00,largo,12655.469,12549.649,12761.288999999999,105.81999999999971,SL,-107.31999999999971,-1.0141750141750143
2022-06-10 16:18:00,2022-06-10 16:32:00,largo,11853.759,11833.319,11874.199,20.44000000000051,TP,18.94000000000051,0.9266144814090038
2022-06-10 16:57:00,2022-06-10 17:36:00,largo,11859.909,11833.319,11886.499,26.590000000000146,TP,25.090000000000146,0.9435878149680335
2022-06-10 17:42:00,2022-06-10 18:58:00,largo,11889.859,11833.259,11946.459,56.600000000000364,TP,55.100000000000364,0.9734982332155478
2022-06-12 23:57:00,2022-06-13 00:04:00,largo,11664.009,11647.479,11680.539,16.530000000000655,SL,-18.030000000000655,-1.0907441016333903
2022-06-14 14:36:00,2022-06-14 14:42:00,largo,11288.669,11250.249,11327.089,38.42000000000007,SL,-39.92000000000007,-1.0390421655387818
2022-06-14 15:54:00,2022-06-14 19:08:00,largo,11339.369,11251.919,11426.819000000001,87.45000000000073,SL,-88.95000000000073,-1.0171526586620925
2022-06-14 19:36:00,2022-06-15 12:49:00,largo,11334.209,11203.059,11465.359000000002,131.15000000000146,TP,129.65000000000146,0.9885627144491042
2022-06-15 13:51:00,2022-06-15 14:04:00,corto,11486.817,11517.249,11456.384999999998,30.4320000000007,SL,-31.9320000000007,-1.0492902208201882
2022-06-15 14:24:00,2022-06-15 17:59:00,corto,11487.389,11542.679,11432.098999999998,55.29000000000087,SL,-56.79000000000087,-1.027129679869777
2022-06-17 18:57:00,2022-06-17 19:13:00,corto,11294.567,11349.599,11239.534999999998,55.03200000000106,TP,53.53200000000106,0.9727431312690803
2022-06-17 19:39:00,2022-06-19 22:01:00,corto,11287.839,11322.419,11253.259,34.57999999999993,SL,-36.07999999999993,-1.0433776749566224
2022-06-20 07:03:00,2022-06-20 07:16:00,corto,11330.779,11361.859,11299.699,31.079999999999927,TP,29.579999999999927,0.9517374517374516
2022-06-20 07:39:00,2022-06-20 10:07:00,corto,11322.169,11361.859,11282.479,39.69000000000051,SL,-41.19000000000051,-1.0377928949357516
2022-06-20 10:09:00,2022-06-20 10:15:00,corto,11356.779,11365.987,11347.571000000002,9.20799999999872,TP,7.707999999998719,0.8370981754995429
2022-06-20 11:54:00,2022-06-20 12:00:00,corto,11354.719,11361.197,11348.240999999998,6.478000000000975,SL,-7.978000000000975,-1.231552948440842
2022-06-20 12:03:00,2022-06-20 12:53:00,corto,11349.879,11363.099,11336.659000000001,13.219999999999345,TP,11.719999999999345,0.8865355521936403
2022-06-20 15:27:00,2022-06-20 15:33:00,corto,11357.599,11362.499,11352.699,4.899999999999636,SL,-6.399999999999636,-1.3061224489796146
2022-06-21 15:09:00,2022-06-21 15:36:00,corto,11622.329,11641.319,11603.339,18.98999999999978,TP,17.48999999999978,0.9210110584518159
2022-06-22 13:36:00,2022-06-22 14:14:00,largo,11470.729,11350.549,11590.908999999998,120.17999999999847,TP,118.67999999999847,0.9875187219171242
2022-06-22 19:57:00,2022-06-23 10:49:00,corto,11521.809,11646.019,11397.598999999998,124.21000000000095,SL,-125.71000000000095,-1.012076322357298
2022-06-23 14:48:00,2022-06-23 14:57:00,corto,11664.717,11690.899,11638.535000000002,26.18199999999888,SL,-27.68199999999888,-1.0572912688106357
2022-06-23 19:51:00,2022-06-23 20:00:00,corto,11705.907,11732.399,11679.414999999999,26.49200000000019,TP,24.99200000000019,0.9433791333232678
2022-06-27 19:39:00,2022-06-27 19:45:00,largo,11996.229,11969.759,12022.698999999999,26.469999999999345,TP,24.969999999999345,0.9433320740460885
2022-06-27 19:54:00,2022-06-27 20:00:00,largo,11990.329,11959.859,12020.798999999999,30.469999999999345,TP,28.969999999999345,0.9507712504102385
2022-06-28 02:57:00,2022-06-28 05:01:00,largo,11969.297,11935.669,12002.925000000001,33.62800000000061,TP,32.12800000000061,0.9553943142619254
2022-06-28 07:39:00,2022-06-28 13:33:00,corto,12030.669,12122.799,11938.538999999999,92.13000000000102,SL,-93.63000000000102,-1.0162813415825462
2022-06-28 13:45:00,2022-06-28 14:03:00,corto,12090.899,12141.039,12040.758999999998,50.14000000000124,TP,48.64000000000124,0.9700837654567219
2022-06-29 00:48:00,2022-06-29 01:04:00,largo,11629.259,11621.709,11636.809,7.549999999999272,TP,6.049999999999272,0.8013245033112392
2022-06-29 01:33:00,2022-06-29 05:23:00,largo,11655.669,11624.629,11686.708999999999,31.039999999999054,TP,29.539999999999054,0.9516752577319573
2022-06-29 08:00:00,2022-06-29 08:04:00,largo,11639.709,11623.329,11656.089000000002,16.38000000000102,TP,14.880000000001019,0.9084249084249141
2022-06-29 14:39:00,2022-06-29 16:23:00,largo,11660.979,11594.759,11727.198999999999,66.21999999999935,SL,-67.71999999999935,-1.0226517668378137
2022-07-01 19:48:00,2022-07-03 23:45:00,corto,11569.299,11600.389,11538.209000000003,31.089999999998327,TP,29.589999999998327,0.9517529752331914
2022-07-05 17:42:00,2022-07-05 17:48:00,corto,11649.639,11675.359,11623.918999999998,25.720000000001164,TP,24.220000000001164,0.9416796267496138
2022-07-05 23:21:00,2022-07-05 23:29:00,corto,11774.999,11786.789,11763.208999999999,11.790000000000873,TP,10.290000000000873,0.8727735368956837
2022-07-05 23:42:00,2022-07-06 00:43:00,corto,11751.609,11786.789,11716.429,35.18000000000029,SL,-36.68000000000029,-1.0426378624218302
2022-07-06 03:54:00,2022-07-06 03:59:00,corto,11782.309,11788.897,11775.720999999998,6.588000000001557,SL,-8.088000000001557,-1.2276867030964853
2022-07-06 08:24:00,2022-07-06 08:36:00,corto,11775.387,11808.809,11741.965000000002,33.42199999999866,TP,31.92199999999866,0.9551193824427006
2022-07-06 13:03:00,2022-07-06 13:10:00,corto,11772.619,11784.989,11760.249000000002,12.369999999998981,SL,-13.869999999998981,-1.1212611156022736
2022-07-06 13:33:00,2022-07-06 13:46:00,corto,11789.829,11852.669,11726.989,62.840000000000146,TP,61.340000000000146,0.9761298535964354
2022-07-06 13:45:00,2022-07-06 18:06:00,corto,11739.049,11852.669,11625.429000000002,113.61999999999898,SL,-115.11999999999898,-1.0132019010737547
2022-07-06 18:24:00,2022-07-06 18:33:00,corto,11766.489,11880.299,11652.678999999998,113.81000000000131,SL,-115.31000000000131,-1.0131798611721288
2022-07-07 15:18:00,2022-07-07 15:26:00,corto,12023.059,12043.899,12002.219,20.840000000000146,TP,19.340000000000146,0.9280230326295591
2022-07-12 13:54:00,2022-07-12 19:03:00,corto,11884.939,12000.699,11769.179,115.76000000000022,TP,114.26000000000022,0.9870421561852109
2022-07-12 20:06:00,2022-07-12 22:00:00,largo,11741.419,11732.519,11750.319,8.899999999999636,TP,7.399999999999636,0.8314606741572965
2022-07-14 17:48:00,2022-07-14 18:06:00,corto,11692.099,11714.899,11669.299,22.799999999999272,SL,-24.299999999999272,-1.0657894736842126
2022-07-15 08:54:00,2022-07-15 09:24:00,corto,11807.319,11822.709,11791.928999999998,15.390000000001237,TP,13.890000000001237,0.9025341130604367
2022-07-15 11:51:00,2022-07-15 12:17:00,corto,11787.889,11811.889,11763.889,24.0,TP,22.5,0.9375
2022-07-15 15:15:00,2022-07-15 15:30:00,corto,11953.019,11970.899,11935.139000000001,17.8799999999992,TP,16.3799999999992,0.9161073825503319
2022-07-15 15:48:00,2022-07-15 16:01:00,corto,11944.559,11970.899,11918.219,26.340000000000146,TP,24.840000000000146,0.9430523917995447
2022-07-15 19:12:00,2022-07-15 19:21:00,corto,11948.549,11958.799,11938.299,10.25,SL,-11.75,-1.146341463414634
2022-07-15 19:21:00,2022-07-15 19:30:00,corto,11948.729,11959.889,11937.569,11.159999999999854,TP,9.659999999999854,0.8655913978494606
2022-07-15 19:27:00,2022-07-15 19:34:00,corto,11946.889,11959.889,11933.889,13.0,TP,11.5,0.8846153846153846
2022-07-15 19:36:00,2022-07-15 19:55:00,corto,11933.189,11959.889,11906.489000000001,26.69999999999891,SL,-28.19999999999891,-1.0561797752809012
2022-07-17 23:51:00,2022-07-18 00:11:00,corto,12030.279,12037.119,12023.439,6.8400000000001455,TP,5.3400000000001455,0.7807017543859696
2022-07-18 00:09:00,2022-07-18 00:39:00,corto,12019.119,12032.589,12005.649000000001,13.469999999999345,TP,11.969999999999345,0.8886414253897496
2022-07-18 00:36:00,2022-07-18 03:02:00,corto,12013.169,12032.589,11993.749,19.420000000000073,SL,-20.920000000000073,-1.077239958805355
2022-07-20 13:30:00,2022-07-20 13:34:00,corto,12241.589,12267.349,12215.829,25.76000000000022,SL,-27.26000000000022,-1.0582298136645958
2022-07-20 14:15:00,2022-07-20 14:21:00,corto,12291.369,12312.409,12270.329000000002,21.039999999999054,SL,-22.539999999999054,-1.0712927756654025
2022-07-21 14:09:00,2022-07-21 15:37:00,corto,12418.219,12514.089,12322.348999999998,95.8700000000008,SL,-97.3700000000008,-1.0156461875456346
2022-07-22 18:51:00,2022-07-22 19:21:00,largo,12351.289,12315.869,12386.709,35.42000000000007,TP,33.92000000000007,0.9576510446075664
2022-07-22 19:18:00,2022-07-25 08:36:00,largo,12382.299,12336.549,12428.049,45.75,TP,44.25,0.9672131147540983
2022-07-25 14:51:00,2022-07-25 18:58:00,largo,12333.199,12261.599,12404.799,71.60000000000036,SL,-73.10000000000036,-1.020949720670391
2022-07-27 13:21:00,2022-07-27 13:30:00,corto,12272.347,12285.199,12259.494999999999,12.852000000000771,SL,-14.352000000000771,-1.1167133520074626
2022-07-27 13:30:00,2022-07-27 13:37:00,corto,12261.687,12301.479,12221.895,39.79199999999946,SL,-41.29199999999946,-1.0376960193003624
2022-07-29 05:09:00,2022-07-29 05:20:00,corto,12869.909,12879.099,12860.719,9.19000000000051,SL,-10.69000000000051,-1.163220892274202
2022-07-29 14:06:00,2022-07-29 14:15:00,corto,12874.239,12892.119,12856.358999999999,17.88000000000102,TP,16.38000000000102,0.9161073825503403
2022-07-29 14:18:00,2022-07-29 14:26:00,corto,12856.159,12892.119,12820.198999999999,35.960000000000946,SL,-37.460000000000946,-1.0417130144605107
2022-07-29 14:30:00,2022-07-29 14:59:00,corto,12876.249,12909.389,12843.109,33.13999999999942,TP,31.639999999999418,0.9547374773687379
2022-08-01 00:27:00,2022-08-01 01:05:00,largo,12899.639,12884.729,12914.548999999999,14.909999999999854,SL,-16.409999999999854,-1.1006036217303832
2022-08-01 04:27:00,2022-08-01 05:39:00,largo,12903.039,12890.859,12915.219000000001,12.180000000000291,SL,-13.680000000000291,-1.123152709359603
2022-08-01 13:57:00,2022-08-01 14:00:00,corto,12969.299,13002.789,12935.809000000001,33.48999999999978,SL,-34.98999999999978,-1.044789489399821
2022-08-02 01:57:00,2022-08-02 02:21:00,largo,12883.889,12868.919,12898.858999999999,14.969999999999345,SL,-16.469999999999345,-1.1002004008016075
2022-08-02 06:42:00,2022-08-02 07:01:00,largo,12880.289,12873.549,12887.029,6.739999999999782,SL,-8.239999999999782,-1.22255192878339
2022-08-02 14:12:00,2022-08-02 14:43:00,largo,12854.459,12797.419,12911.499000000002,57.04000000000087,TP,55.54000000000087,0.9737026647966344
2022-08-02 14:48:00,2022-08-02 16:41:00,largo,12936.689,12797.419,13075.959,139.27000000000044,TP,137.77000000000044,0.98922955410354
2022-08-03 15:18:00,2022-08-03 15:27:00,corto,13149.249,13165.789,13132.708999999999,16.540000000000873,SL,-18.040000000000873,-1.0906892382103943
2022-08-04 16:36:00,2022-08-04 16:46:00,corto,13271.619,13295.797,13247.441,24.177999999999884,TP,22.677999999999884,0.9379601290429312
2022-08-05 00:57:00,2022-08-05 01:07:00,corto,13323.309,13331.519,13315.098999999998,8.210000000000946,SL,-9.710000000000946,-1.1827040194884078
2022-08-05 12:36:00,2022-08-05 12:45:00,largo,13187.009,13157.489,13216.529,29.520000000000437,SL,-31.020000000000437,-1.0508130081300806
2022-08-05 12:51:00,2022-08-08 13:42:00,corto,13117.019,13329.089,12904.949,212.0699999999997,SL,-213.5699999999997,-1.0070731362286038
2022-08-09 16:54:00,2022-08-09 17:00:00,largo,12957.689,12942.049,12973.329,15.639999999999418,TP,14.139999999999418,0.9040920716112496
2022-08-10 15:33:00,2022-08-10 16:00:00,corto,13331.279,13359.289,13303.269,28.01000000000022,SL,-29.51000000000022,-1.053552302749018
2022-08-11 15:27:00,2022-08-11 15:51:00,largo,13395.589,13354.519,13436.659,41.06999999999971,SL,-42.56999999999971,-1.0365230094959828
2022-08-11 16:18:00,2022-08-11 16:29:00,corto,13361.979,13385.989,13337.969,24.01000000000022,SL,-25.51000000000022,-1.062473969179508
2022-08-15 15:06:00,2022-08-15 15:21:00,corto,13540.689,13561.989,13519.389000000001,21.299999999999272,SL,-22.799999999999272,-1.07042253521127
2022-08-16 14:42:00,2022-08-16 15:13:00,largo,13541.769,13502.209,13581.329,39.55999999999949,TP,38.05999999999949,0.9620829120323554
2022-08-16 16:18:00,2022-08-16 16:27:00,corto,13652.519,13668.499,13636.539,15.979999999999563,TP,14.479999999999563,0.9061326658322878
2022-08-16 18:45:00,2022-08-17 14:37:00,corto,13575.289,13724.789,13425.789,149.5,TP,148.0,0.9899665551839465
2022-08-18 15:42:00,2022-08-18 15:55:00,corto,13535.109,13549.597,13520.621000000001,14.487999999999374,SL,-15.987999999999374,-1.103533959138602
2022-08-18 17:54:00,2022-08-18 18:35:00,corto,13517.789,13540.579,13494.999000000002,22.789999999999054,TP,21.289999999999054,0.9341816586222
2022-08-18 19:39:00,2022-08-18 19:50:00,corto,13533.019,13552.709,13513.329,19.69000000000051,TP,18.19000000000051,0.9238191975622163
2022-08-19 15:18:00,2022-08-19 15:46:00,largo,13245.569,13227.519,13263.618999999999,18.049999999999272,TP,16.549999999999272,0.9168975069252044
2022-08-22 15:48:00,2022-08-22 17:25:00,largo,12969.727,12926.239,13013.215000000002,43.48800000000119,SL,-44.98800000000119,-1.0344922737306834
2022-08-23 05:36:00,2022-08-23 05:43:00,largo,12866.069,12856.899,12875.239,9.170000000000073,TP,7.670000000000073,0.8364231188658683
2022-08-23 13:45:00,2022-08-23 13:50:00,largo,12899.249,12847.109,12951.389,52.13999999999942,TP,50.63999999999942,0.9712313003452241
2022-08-23 14:21:00,2022-08-23 14:29:00,corto,12970.089,13001.107,12939.071,31.01800000000003,TP,29.51800000000003,0.9516409826552324
2022-08-23 14:45:00,2022-08-24 01:48:00,corto,12918.027,13001.107,12834.947,83.07999999999993,TP,81.57999999999993,0.9819451131439576
2022-08-24 13:30:00,2022-08-24 13:34:00,largo,12878.379,12850.519,12906.239000000001,27.860000000000582,SL,-29.360000000000582,-1.053840631730078
2022-08-24 13:36:00,2022-08-24 14:20:00,largo,12880.889,12836.169,12925.608999999999,44.719999999999345,TP,43.219999999999345,0.9664579606440067
2022-08-29 07:54:00,2022-08-29 13:34:00,largo,12488.437,12426.769,12550.105,61.667999999999665,TP,60.167999999999665,0.9756762015956411
2022-08-30 07:54:00,2022-08-30 08:01:00,corto,12591.779,12606.909,12576.649000000001,15.1299999999992,SL,-16.6299999999992,-1.099140779907474
2022-08-30 12:30:00,2022-08-30 13:44:00,corto,12559.509,12615.107,12503.911,55.597999999999956,TP,54.097999999999956,0.9730206122522392
2022-09-01 12:06:00,2022-09-01 12:14:00,largo,12206.039,12193.209,12218.869,12.829999999999927,SL,-14.329999999999927,-1.1169134840218244
2022-09-01 19:15:00,2022-09-01 19:20:00,corto,12221.299,12241.989,12200.609000000002,20.68999999999869,TP,19.18999999999869,0.9275012083131902
2022-09-02 16:54:00,2022-09-02 17:01:00,largo,12234.209,12190.599,12277.819000000001,43.61000000000058,SL,-45.11000000000058,-1.0343957807842235
2022-09-04 23:30:00,2022-09-04 23:51:00,corto,12105.139,12113.607,12096.670999999998,8.468000000000757,SL,-9.968000000000757,-1.1771374586679104
2022-09-05 09:00:00,2022-09-05 12:08:00,corto,12084.759,12114.419,12055.099,29.659999999999854,TP,28.159999999999854,0.9494268374915709
2022-09-05 13:21:00,2022-09-05 13:35:00,corto,12104.869,12117.209,12092.529,12.340000000000146,SL,-13.840000000000146,-1.1215559157212303
2022-09-05 15:27:00,2022-09-05 16:23:00,corto,12124.699,12155.599,12093.799,30.899999999999636,SL,-32.399999999999636,-1.048543689320389
2022-09-05 16:30:00,2022-09-05 16:45:00,corto,12145.109,12161.399,12128.819000000001,16.289999999999054,TP,14.789999999999054,0.907918968692444
2022-09-06 12:45:00,2022-09-06 13:26:00,corto,12162.649,12196.197,12129.100999999999,33.548000000000684,TP,32.048000000000684,0.9552879456301427
2022-09-06 13:45:00,2022-09-06 14:12:00,corto,12057.849,12181.647,11934.051,123.79800000000068,TP,122.29800000000068,0.9878834876169245
2022-09-06 16:54:00,2022-09-06 17:07:00,largo,12058.989,12006.529,12111.448999999999,52.45999999999913,SL,-53.95999999999913,-1.0285932138772402
2022-09-07 00:45:00,2022-09-07 00:58:00,largo,11930.659,11915.649,11945.669,15.010000000000218,TP,13.510000000000218,0.9000666222518335
2022-09-07 15:42:00,2022-09-07 15:52:00,corto,12110.779,12146.589,12074.969000000001,35.80999999999949,SL,-37.30999999999949,-1.0418877408545104
2022-09-07 18:06:00,2022-09-07 18:20:00,corto,12225.589,12249.319,12201.859,23.729999999999563,TP,22.229999999999563,0.936788874841971
2022-09-08 07:15:00,2022-09-08 07:23:00,corto,12278.649,12303.759,12253.538999999999,25.110000000000582,TP,23.610000000000582,0.9402628434886513
2022-09-08 07:30:00,2022-09-08 13:07:00,corto,12235.199,12303.759,12166.639000000001,68.55999999999949,TP,67.05999999999949,0.9781213535589264
2022-09-08 15:36:00,2022-09-08 16:01:00,corto,12334.239,12377.199,12291.278999999999,42.960000000000946,TP,41.460000000000946,0.9650837988826824
2022-09-12 08:15:00,2022-09-12 08:25:00,largo,12634.709,12623.049,12646.369,11.659999999999854,TP,10.159999999999854,0.8713550600343037
2022-09-12 12:54:00,2022-09-12 13:32:00,largo,12639.859,12604.879,12674.839,34.97999999999956,TP,33.47999999999956,0.9571183533447679
2022-09-12 23:09:00,2022-09-12 23:37:00,corto,12763.559,12767.389,12759.729,3.8299999999999272,TP,2.3299999999999272,0.6083550913838046
2022-09-13 00:27:00,2022-09-13 05:54:00,corto,12750.0,12768.299,12731.701,18.299000000000888,SL,-19.799000000000888,-1.081971692442206
2022-09-14 12:00:00,2022-09-14 12:06:00,largo,12012.049,12000.009,12024.089000000002,12.040000000000873,TP,10.540000000000873,0.8754152823920356
2022-09-14 12:24:00,2022-09-14 13:45:00,largo,12053.099,12000.009,12106.189,53.090000000000146,TP,51.590000000000146,0.9717460915426634
2022-09-14 15:24:00,2022-09-14 17:46:00,corto,12131.409,12172.689,12090.128999999999,41.280000000000655,TP,39.780000000000655,0.963662790697675
2022-09-15 15:30:00,2022-09-15 17:01:00,largo,11975.569,11909.099,12042.038999999999,66.46999999999935,TP,64.96999999999935,0.9774334286144123
2022-09-15 19:54:00,2022-09-15 22:00:00,largo,11938.789,11862.009,12015.569000000001,76.78000000000065,SL,-78.28000000000065,-1.0195363375879134
2022-09-16 06:42:00,2022-09-16 06:54:00,largo,11816.899,11804.119,11829.678999999998,12.779999999998836,SL,-14.279999999998836,-1.1173708920187901
2022-09-16 16:30:00,2022-09-16 16:42:00,largo,11723.527,11704.859,11742.195,18.667999999999665,TP,17.167999999999665,0.9196485965288179
2022-09-16 19:09:00,2022-09-16 19:30:00,corto,11840.009,11870.809,11809.209,30.799999999999272,TP,29.299999999999272,0.9512987012987002
2022-09-19 00:48:00,2022-09-19 01:19:00,corto,11868.669,11877.589,11859.749,8.920000000000073,TP,7.420000000000073,0.8318385650224229
2022-09-19 04:30:00,2022-09-19 05:56:00,largo,11808.149,11795.247,11821.051,12.902000000000044,SL,-14.402000000000044,-1.1162610447992556
2022-09-19 14:18:00,2022-09-19 14:35:00,corto,11810.079,11863.219,11756.939,53.13999999999942,SL,-54.63999999999942,-1.0282273240496804
2022-09-19 23:39:00,2022-09-19 23:51:00,corto,11992.267,12002.669,11981.865,10.402000000000044,SL,-11.902000000000044,-1.1442030378773307
2022-09-20 07:51:00,2022-09-20 10:02:00,corto,11946.189,12018.719,11873.659000000001,72.52999999999884,TP,71.02999999999884,0.9793189025230936
2022-09-21 16:36:00,2022-09-21 17:02:00,corto,11924.289,11940.299,11908.279,16.01000000000022,TP,14.510000000000218,0.9063085571517814
2022-09-21 18:06:00,2022-09-21 18:35:00,largo,11808.329,11694.017,11922.641,114.3119999999999,TP,112.8119999999999,0.9868780180558472
2022-09-21 18:51:00,2022-09-21 19:44:00,largo,11982.249,11694.017,12270.481,288.23199999999997,SL,-289.73199999999997,-1.0052041411085515
2022-09-22 13:45:00,2022-09-22 13:51:00,largo,11547.119,11512.309,11581.929000000002,34.81000000000131,SL,-36.31000000000131,-1.0430910657856922
2022-09-22 18:36:00,2022-09-22 18:54:00,largo,11490.389,11457.649,11523.128999999999,32.73999999999978,TP,31.23999999999978,0.9541844838118506
2022-09-26 08:33:00,2022-09-26 09:15:00,corto,11323.139,11346.099,11300.178999999998,22.960000000000946,TP,21.460000000000946,0.934668989547041
2022-09-26 11:54:00,2022-09-26 12:49:00,largo,11254.819,11221.349,11288.288999999999,33.469999999999345,TP,31.969999999999345,0.9551837466387801
2022-09-26 12:57:00,2022-09-26 13:52:00,largo,11320.689,11227.219,11414.159000000001,93.47000000000116,TP,91.97000000000116,0.9839520701829466
2022-09-27 16:24:00,2022-09-27 16:54:00,largo,11207.539,11169.229,11245.849000000002,38.31000000000131,TP,36.81000000000131,0.9608457321848095
2022-09-27 18:33:00,2022-09-27 18:40:00,largo,11229.489,11191.059,11267.919,38.43000000000029,TP,36.93000000000029,0.9609679937548793
2022-09-28 06:48:00,2022-09-28 06:56:00,largo,11180.309,11163.619,11196.998999999998,16.68999999999869,SL,-18.18999999999869,-1.0898741761533923
2022-09-28 15:36:00,2022-09-28 15:54:00,corto,11353.299,11403.639,11302.959000000003,50.33999999999833,SL,-51.83999999999833,-1.0297973778307519
2022-09-29 08:00:00,2022-09-29 08:07:00,largo,11330.009,11310.659,11349.359,19.350000000000364,TP,17.850000000000364,0.9224806201550402
2022-09-29 08:39:00,2022-09-29 09:43:00,largo,11352.519,11310.659,11394.379,41.86000000000058,TP,40.36000000000058,0.9641662685140951
2022-09-30 12:30:00,2022-09-30 14:33:00,corto,11149.589,11243.909,11055.269,94.31999999999971,SL,-95.81999999999971,-1.0159033078880408
2022-09-30 14:45:00,2022-09-30 15:04:00,corto,11213.299,11256.549,11170.049,43.25,SL,-44.75,-1.0346820809248556
2022-09-30 15:27:00,2022-09-30 15:38:00,corto,11269.869,11297.589,11242.149000000001,27.719999999999345,TP,26.219999999999345,0.9458874458874446
2022-09-30 19:27:00,2022-09-30 19:50:00,largo,11068.799,11027.719,11109.879000000003,41.080000000001746,SL,-42.580000000001746,-1.0365141187925984
2022-10-03 09:48:00,2022-10-03 11:16:00,largo,10935.899,10882.089,10989.708999999999,53.80999999999949,TP,52.30999999999949,0.9721241404943316
2022-10-03 11:18:00,2022-10-03 11:37:00,corto,10979.769,10992.089,10967.449,12.319999999999709,SL,-13.819999999999709,-1.1217532467532496
2022-10-03 11:48:00,2022-10-03 11:59:00,corto,10980.709,11001.899,10959.519000000002,21.18999999999869,SL,-22.68999999999869,-1.070788107597928
2022-10-03 15:18:00,2022-10-03 15:37:00,corto,11155.759,11179.789,11131.729,24.030000000000655,TP,22.530000000000655,0.9375780274656697
2022-10-03 15:54:00,2022-10-03 17:22:00,corto,11101.299,11179.789,11022.809000000001,78.48999999999978,SL,-79.98999999999978,-1.0191107147407314
2022-10-03 19:39:00,2022-10-03 19:52:00,corto,11268.129,11299.899,11236.359000000002,31.769999999998618,TP,30.269999999998618,0.9527856468366362
2022-10-05 12:36:00,2022-10-05 12:56:00,largo,11470.399,11444.549,11496.248999999998,25.849999999998545,SL,-27.349999999998545,-1.0580270793036783
2022-10-05 19:09:00,2022-10-05 19:13:00,corto,11598.819,11614.489,11583.149,15.670000000000073,SL,-17.170000000000073,-1.0957243139757493
2022-10-06 01:09:00,2022-10-06 01:25:00,corto,11636.339,11652.799,11619.878999999999,16.460000000000946,TP,14.960000000000946,0.9088699878493369
2022-10-06 01:39:00,2022-10-06 05:32:00,corto,11615.409,11652.799,11578.018999999998,37.39000000000124,SL,-38.89000000000124,-1.040117678523668
2022-10-06 13:54:00,2022-10-06 14:00:00,corto,11614.789,11661.797,11567.781,47.00799999999981,TP,45.50799999999981,0.9680905377808031
2022-10-07 08:18:00,2022-10-07 09:03:00,largo,11430.519,11406.409,11454.629,24.110000000000582,TP,22.610000000000582,0.9377851513894665
2022-10-09 22:12:00,2022-10-09 22:25:00,largo,10991.619,10961.819,11021.419000000002,29.80000000000109,SL,-31.30000000000109,-1.0503355704697968
2022-10-10 05:48:00,2022-10-10 07:13:00,corto,10978.229,11016.697,10939.760999999999,38.46800000000076,SL,-39.96800000000076,-1.0389934491005504
2022-10-10 07:48:00,2022-10-10 08:03:00,corto,11008.649,11037.029,10980.268999999998,28.38000000000102,TP,26.88000000000102,0.9471458773784374
2022-10-10 13:39:00,2022-10-10 13:53:00,largo,10995.697,10967.049,11024.345,28.64799999999923,SL,-30.14799999999923,-1.0523596760681388
2022-10-10 14:15:00,2022-10-10 14:27:00,largo,10962.709,10928.609,10996.809000000001,34.100000000000364,TP,32.600000000000364,0.9560117302052791
2022-10-10 14:30:00,2022-10-10 14:39:00,corto,10956.769,11015.099,10898.439,58.32999999999993,TP,56.82999999999993,0.9742842448139893
2022-10-10 15:33:00,2022-10-10 16:23:00,largo,10916.849,10870.369,10963.329,46.47999999999956,SL,-47.97999999999956,-1.0322719449225477
2022-10-11 15:51:00,2022-10-11 16:01:00,corto,10915.999,10941.609,10890.389,25.610000000000582,TP,24.110000000000582,0.9414291292463894
2022-10-11 19:33:00,2022-10-11 22:00:00,largo,10764.419,10712.759,10816.079,51.659999999999854,TP,50.159999999999854,0.9709639953542392
2022-10-13 07:06:00,2022-10-13 07:15:00,largo,10767.889,10747.669,10788.108999999999,20.219999999999345,TP,18.719999999999345,0.92581602373887
2022-10-13 08:48:00,2022-10-13 09:20:00,largo,10799.239,10767.809,10830.669,31.43000000000029,TP,29.93000000000029,0.9522748965956097
2022-10-13 11:42:00,2022-10-13 12:29:00,corto,10861.549,10889.549,10833.549,28.0,SL,-29.5,-1.0535714285714286
2022-10-17 01:51:00,2022-10-17 05:08:00,corto,10739.699,10756.409,10722.989000000001,16.709999999999127,SL,-18.209999999999127,-1.089766606822267
2022-10-17 18:21:00,2022-10-17 22:00:00,corto,11060.059,11092.587,11027.530999999999,32.52800000000025,SL,-34.02800000000025,-1.0461141170683714
2022-10-19 04:21:00,2022-10-19 04:27:00,corto,11278.089,11285.989,11270.189,7.899999999999636,TP,6.399999999999636,0.8101265822784722
2022-10-19 04:36:00,2022-10-19 05:33:00,corto,11262.039,11285.989,11238.089000000002,23.94999999999891,TP,22.44999999999891,0.9373695198329826
2022-10-19 17:24:00,2022-10-19 20:01:00,largo,11058.269,11000.729,11115.809000000001,57.54000000000087,TP,56.04000000000087,0.9739311783107407
2022-10-20 15:54:00,2022-10-20 16:01:00,corto,11237.529,11280.299,11194.759,42.77000000000044,TP,41.27000000000044,0.964928688332944
2022-10-20 23:30:00,2022-10-21 00:11:00,largo,10964.659,10946.599,10982.719,18.05999999999949,SL,-19.55999999999949,-1.083056478405318
2022-10-21 01:36:00,2022-10-21 03:03:00,largo,10983.399,10961.289,11005.508999999998,22.109999999998763,TP,20.609999999998763,0.9321573948439582
2022-10-21 05:21:00,2022-10-21 05:46:00,largo,10963.739,10953.889,10973.589,9.850000000000364,TP,8.350000000000364,0.8477157360406148
2022-10-21 07:15:00,2022-10-21 07:23:00,largo,10985.779,10955.879,11015.679,29.899999999999636,TP,28.399999999999636,0.9498327759197318
2022-10-21 07:42:00,2022-10-21 08:02:00,largo,11013.229,10955.879,11070.578999999998,57.349999999998545,SL,-58.849999999998545,-1.0261551874455106
2022-10-21 16:09:00,2022-10-21 16:50:00,corto,11160.799,11204.499,11117.099000000002,43.69999999999891,SL,-45.19999999999891,-1.034324942791763
2022-10-24 04:03:00,2022-10-24 04:20:00,corto,11326.659,11337.899,11315.419,11.239999999999782,SL,-12.739999999999782,-1.1334519572953763
2022-10-24 07:36:00,2022-10-24 11:31:00,corto,11278.849,11372.769,11184.929,93.92000000000007,SL,-95.42000000000007,-1.0159710391822827
2022-10-24 16:39:00,2022-10-24 18:42:00,corto,11367.097,11410.589,11323.605,43.49200000000019,SL,-44.99200000000019,-1.0344891014439435
2022-10-25 13:24:00,2022-10-25 13:30:00,corto,11470.049,11481.399,11458.699000000002,11.349999999998545,SL,-12.849999999998545,-1.132158590308387
2022-10-26 13:36:00,2022-10-26 14:01:00,largo,11448.359,11385.819,11510.899000000001,62.54000000000087,TP,61.04000000000087,0.9760153501758878
2022-10-27 09:09:00,2022-10-27 09:14:00,largo,11377.039,11363.829,11390.249000000002,13.210000000000946,SL,-14.710000000000946,-1.1135503406510139
2022-10-28 15:27:00,2022-10-28 16:24:00,corto,11410.799,11455.109,11366.489000000001,44.30999999999949,SL,-45.80999999999949,-1.0338524035206504
2022-10-28 17:15:00,2022-10-28 17:36:00,corto,11487.209,11501.387,11473.031,14.177999999999884,SL,-15.677999999999884,-1.1057977147693618
2022-11-01 13:21:00,2022-11-01 13:40:00,largo,11388.279,11335.089,11441.469000000001,53.19000000000051,SL,-54.69000000000051,-1.0282007896221093
2022-11-01 13:48:00,2022-11-01 13:58:00,largo,11335.769,11316.799,11354.739,18.969999999999345,SL,-20.469999999999345,-1.0790722192936242
2022-11-02 12:39:00,2022-11-02 13:14:00,largo,11277.829,11229.029,11326.628999999999,48.79999999999927,SL,-50.29999999999927,-1.0307377049180333
2022-11-02 17:15:00,2022-11-02 17:30:00,corto,11293.409,11400.487,11186.331,107.07799999999952,SL,-108.57799999999952,-1.0140084797997722
2022-11-02 17:36:00,2022-11-02 18:21:00,corto,11231.359,11419.669,11043.049,188.3099999999995,TP,186.8099999999995,0.9920344113429982
2022-11-02 21:39:00,2022-11-03 00:28:00,largo,10896.539,10859.849,10933.229000000001,36.69000000000051,TP,35.19000000000051,0.9591169255928051
2022-11-03 07:39:00,2022-11-03 07:53:00,largo,10873.779,10862.359,10885.199,11.420000000000073,SL,-12.920000000000073,-1.1313485113835369
2022-11-03 09:09:00,2022-11-03 09:15:00,largo,10872.309,10856.829,10887.788999999999,15.479999999999563,SL,-16.979999999999563,-1.0968992248062044
2022-11-04 15:06:00,2022-11-04 15:17:00,largo,10680.789,10642.529,10719.049,38.26000000000022,TP,36.76000000000022,0.9607945635128073
2022-11-04 16:03:00,2022-11-04 16:09:00,largo,10694.549,10657.359,10731.739000000001,37.19000000000051,SL,-38.69000000000051,-1.0403334229631616
2022-11-04 16:21:00,2022-11-04 17:06:00,largo,10682.039,10631.509,10732.569000000001,50.530000000000655,SL,-52.030000000000655,-1.02968533544429
2022-11-08 19:33:00,2022-11-08 19:37:00,largo,10921.299,10890.909,10951.689000000002,30.390000000001237,TP,28.890000000001237,0.9506416584402784
2022-11-09 18:12:00,2022-11-09 18:28:00,largo,10911.599,10885.609,10937.589,25.98999999999978,SL,-27.48999999999978,-1.0577145055790693
2022-11-11 04:51:00,2022-11-11 05:05:00,corto,11614.659,11622.399,11606.919,7.739999999999782,SL,-9.239999999999782,-1.1937984496124086
2022-11-14 18:30:00,2022-11-14 18:38:00,corto,11838.589,11852.997,11824.181,14.407999999999447,SL,-15.907999999999447,-1.1041088284286547
2022-11-14 18:45:00,2022-11-14 18:59:00,corto,11840.409,11860.599,11820.219,20.19000000000051,SL,-21.69000000000051,-1.0742942050520041
2022-11-14 20:27:00,2022-11-14 20:54:00,corto,11792.079,11851.779,11732.378999999999,59.70000000000073,TP,58.20000000000073,0.9748743718592968
2022-11-14 20:51:00,2022-11-15 12:22:00,corto,11739.149,11851.779,11626.518999999998,112.63000000000102,SL,-114.13000000000102,-1.0133179437094912
2022-11-15 19:27:00,2022-11-16 14:46:00,largo,11875.899,11743.239,12008.559,132.65999999999985,SL,-134.15999999999985,-1.0113071008593397
2022-11-16 14:51:00,2022-11-16 15:15:00,largo,11735.539,11709.589,11761.489000000001,25.950000000000728,SL,-27.450000000000728,-1.0578034682080908
2022-11-18 09:36:00,2022-11-18 09:46:00,corto,11733.769,11740.667,11726.871000000001,6.897999999999229,TP,5.397999999999229,0.7825456654102395
2022-11-18 09:54:00,2022-11-18 10:38:00,corto,11717.419,11740.667,11694.171,23.247999999999593,SL,-24.747999999999593,-1.0645216792842407
2022-11-18 12:30:00,2022-11-18 13:06:00,corto,11782.349,11798.759,11765.939,16.409999999999854,SL,-17.909999999999854,-1.0914076782449733
2022-11-18 16:24:00,2022-11-18 17:15:00,largo,11676.309,11613.599,11739.018999999998,62.70999999999913,SL,-64.20999999999913,-1.0239196300430558
2022-11-21 12:09:00,2022-11-21 12:55:00,largo,11577.229,11562.529,11591.928999999998,14.699999999998909,TP,13.199999999998909,0.8979591836734618
2022-11-22 16:12:00,2022-11-22 16:34:00,corto,11612.407,11630.369,11594.444999999998,17.962000000001353,TP,16.462000000001353,0.9164903685558464
2022-11-22 16:42:00,2022-11-22 17:04:00,corto,11601.709,11630.369,11573.049,28.659999999999854,SL,-30.159999999999854,-1.0523377529658062
2022-11-22 17:24:00,2022-11-22 18:07:00,corto,11623.089,11642.899,11603.279,19.80999999999949,SL,-21.30999999999949,-1.0757193336698656
2022-11-24 00:36:00,2022-11-24 01:09:00,corto,11865.309,11872.889,11857.729,7.579999999999927,SL,-9.079999999999927,-1.1978891820580493
2022-11-25 00:54:00,2022-11-25 06:26:00,largo,11885.769,11873.139,11898.399000000001,12.630000000001019,SL,-14.130000000001019,-1.1187648456056911
2022-11-29 15:15:00,2022-11-29 16:03:00,largo,11578.009,11538.739,11617.279,39.27000000000044,SL,-40.77000000000044,-1.038197097020626
2022-11-30 16:51:00,2022-11-30 17:20:00,largo,11549.797,11487.709,11611.885,62.08799999999974,SL,-63.58799999999974,-1.0241592578275995
2022-12-01 04:54:00,2022-12-01 05:14:00,corto,12031.079,12040.569,12021.589,9.489999999999782,SL,-10.989999999999782,-1.1580611169652302
2022-12-01 13:09:00,2022-12-01 13:21:00,corto,12032.889,12040.597,12025.180999999999,7.708000000000538,SL,-9.208000000000538,-1.1946030098598723
2022-12-07 16:54:00,2022-12-07 18:14:00,largo,11490.689,11443.179,11538.199,47.51000000000022,TP,46.01000000000022,0.9684276994316987
2022-12-07 19:24:00,2022-12-07 20:09:00,largo,11496.769,11467.249,11526.289,29.520000000000437,SL,-31.020000000000437,-1.0508130081300806
2022-12-08 01:57:00,2022-12-08 03:10:00,largo,11441.999,11418.259,11465.739,23.73999999999978,TP,22.23999999999978,0.9368155012636894
2022-12-08 13:39:00,2022-12-08 14:15:00,corto,11563.299,11583.219,11543.379000000003,19.919999999998254,TP,18.419999999998254,0.9246987951807163
2022-12-08 20:33:00,2022-12-08 20:48:00,corto,11636.809,11661.909,11611.708999999999,25.100000000000364,TP,23.600000000000364,0.940239043824702
2022-12-09 03:57:00,2022-12-09 06:55:00,corto,11667.269,11676.759,11657.779,9.489999999999782,SL,-10.989999999999782,-1.1580611169652302
2022-12-12 08:39:00,2022-12-12 10:41:00,largo,11567.909,11540.849,11594.969,27.05999999999949,TP,25.55999999999949,0.9445676274944558
2022-12-12 14:48:00,2022-12-12 15:49:00,largo,11591.057,11535.169,11646.945000000002,55.88800000000083,SL,-57.38800000000083,-1.0268393930718576
2022-12-12 18:03:00,2022-12-12 19:51:00,corto,11580.299,11618.589,11542.009000000002,38.289999999999054,SL,-39.789999999999054,-1.0391747192478464
2022-12-13 00:12:00,2022-12-13 00:51:00,corto,11704.839,11711.599,11698.079,6.760000000000218,TP,5.260000000000218,0.7781065088757468
2022-12-14 16:06:00,2022-12-14 16:39:00,corto,11894.309,11930.789,11857.828999999998,36.48000000000138,SL,-37.98000000000138,-1.04111842105263
2022-12-14 16:51:00,2022-12-14 17:18:00,corto,11910.709,11937.889,11883.529000000002,27.179999999998472,TP,25.679999999998472,0.944812362030902
2022-12-15 08:30:00,2022-12-15 08:40:00,largo,11616.199,11594.209,11638.189,21.98999999999978,SL,-23.48999999999978,-1.0682128240109148
2022-12-16 16:12:00,2022-12-16 16:48:00,largo,11247.109,11199.909,11294.309000000001,47.20000000000073,SL,-48.70000000000073,-1.0317796610169487
2022-12-19 16:15:00,2022-12-19 16:32:00,largo,11130.269,11106.209,11154.329,24.05999999999949,SL,-25.55999999999949,-1.0623441396508742
2022-12-19 18:03:00,2022-12-19 18:08:00,largo,11128.759,11116.129,11141.389,12.6299999999992,SL,-14.1299999999992,-1.1187648456057082
2022-12-21 13:33:00,2022-12-21 14:16:00,corto,11129.039,11145.617,11112.461000000001,16.57799999999952,TP,15.07799999999952,0.9095186391603304
2022-12-21 16:39:00,2022-12-21 19:04:00,corto,11229.309,11276.179,11182.438999999998,46.8700000000008,SL,-48.3700000000008,-1.0320034136974605
2022-12-27 14:51:00,2022-12-27 15:02:00,largo,10841.907,10810.459,10873.354999999998,31.4479999999985,SL,-32.9479999999985,-1.0476977868226938
2022-12-27 15:45:00,2022-12-28 00:52:00,largo,10912.419,10800.659,11024.179,111.76000000000022,SL,-113.26000000000022,-1.0134216177523263
2022-12-28 01:00:00,2022-12-28 01:29:00,largo,10808.329,10799.329,10817.329,9.0,TP,7.5,0.8333333333333334
2022-12-28 09:51:00,2022-12-28 10:55:00,largo,10816.369,10798.039,10834.699,18.329999999999927,TP,16.829999999999927,0.9181669394435349
2022-12-28 16:03:00,2022-12-28 16:14:00,largo,10736.119,10718.599,10753.639000000001,17.520000000000437,SL,-19.020000000000437,-1.0856164383561622
2022-12-28 16:24:00,2022-12-28 16:38:00,largo,10741.319,10709.139,10773.499,32.18000000000029,SL,-33.68000000000029,-1.046612802983219
2022-12-29 16:06:00,2022-12-29 16:32:00,corto,10928.829,10951.397,10906.260999999999,22.56800000000112,SL,-24.06800000000112,-1.0664657922722405
2023-01-04 16:57:00,2023-01-04 17:55:00,corto,10961.859,10983.649,10940.069000000001,21.789999999999054,TP,20.289999999999054,0.9311610830656234
2023-01-05 15:42:00,2023-01-05 16:01:00,largo,10796.699,10758.329,10835.069000000001,38.3700000000008,SL,-39.8700000000008,-1.039093041438623
2023-01-05 20:54:00,2023-01-05 21:00:00,largo,10739.919,10728.539,10751.298999999999,11.3799999999992,TP,9.8799999999992,0.8681898066783739
2023-01-06 16:12:00,2023-01-06 16:51:00,corto,10904.199,10944.109,10864.289,39.909999999999854,SL,-41.409999999999854,-1.0375845652718618
2023-01-06 17:12:00,2023-01-06 17:24:00,corto,10948.609,10961.889,10935.329000000002,13.279999999998836,TP,11.779999999998836,0.8870481927710744
2023-01-06 17:21:00,2023-01-06 17:57:00,corto,10941.499,10961.889,10921.109,20.389999999999418,TP,18.889999999999418,0.9264345267287866
2023-01-09 07:21:00,2023-01-09 07:35:00,corto,11080.039,11090.199,11069.879,10.159999999999854,TP,8.659999999999854,0.8523622047244074
2023-01-09 10:00:00,2023-01-09 10:18:00,corto,11081.069,11088.497,11073.641,7.427999999999884,SL,-8.927999999999884,-1.2019386106623617
2023-01-09 10:48:00,2023-01-09 12:33:00,corto,11075.299,11099.699,11050.899000000001,24.399999999999636,SL,-25.899999999999636,-1.0614754098360666
2023-01-09 16:39:00,2023-01-09 18:36:00,corto,11274.159,11308.007,11240.311,33.847999999999956,TP,32.347999999999956,0.9556842354053414
2023-01-11 00:33:00,2023-01-11 01:24:00,corto,11210.419,11224.597,11196.241,14.177999999999884,TP,12.677999999999884,0.8942022852306382
2023-01-11 02:42:00,2023-01-11 03:10:00,corto,11204.399,11214.287,11194.510999999999,9.88800000000083,TP,8.38800000000083,0.8483009708737992
2023-01-12 12:27:00,2023-01-12 12:31:00,corto,11397.099,11401.299,11392.899,4.200000000000728,SL,-5.700000000000728,-1.3571428571427953
2023-01-12 13:33:00,2023-01-13 15:20:00,largo,11417.899,11214.369,11621.428999999998,203.52999999999884,tiempo,3.8100000000013097,0.01871959907630979
2023-01-13 19:39:00,2023-01-13 20:11:00,corto,11498.099,11511.159,11485.039,13.05999999999949,SL,-14.55999999999949,-1.1148545176110305
2023-01-17 14:33:00,2023-01-17 14:39:00,corto,11524.599,11553.049,11496.149,28.450000000000728,TP,26.950000000000728,0.9472759226713546
2023-01-17 14:51:00,2023-01-17 15:12:00,largo,11549.009,11482.029,11615.989,66.97999999999956,TP,65.47999999999956,0.9776052553000895
2023-01-17 15:51:00,2023-01-18 02:44:00,corto,11535.239,11618.289,11452.188999999998,83.05000000000109,SL,-84.55000000000109,-1.0180614087898854
2023-01-18 13:33:00,2023-01-18 14:31:00,corto,11594.869,11653.209,11536.529,58.340000000000146,SL,-59.840000000000146,-1.0257113472745971
2023-01-20 15:09:00,2023-01-20 15:22:00,corto,11406.789,11423.399,11390.179000000002,16.609999999998763,SL,-18.109999999998763,-1.0903070439494347
2023-01-20 15:24:00,2023-01-20 15:29:00,corto,11396.089,11427.389,11364.789,31.299999999999272,SL,-32.79999999999927,-1.0479233226837072
2023-01-20 15:45:00,2023-01-20 16:07:00,corto,11406.989,11439.119,11374.858999999999,32.13000000000102,SL,-33.63000000000102,-1.0466853408029864
2023-01-23 07:18:00,2023-01-23 07:26:00,corto,11618.299,11631.389,11605.209000000003,13.089999999998327,TP,11.589999999998327,0.8854087089381061
2023-01-23 07:45:00,2023-01-23 08:05:00,corto,11606.179,11631.389,11580.969000000001,25.209999999999127,SL,-26.709999999999127,-1.0595001983339964
2023-01-23 10:03:00,2023-01-23 12:38:00,corto,11604.409,11624.099,11584.719,19.69000000000051,SL,-21.19000000000051,-1.0761808024377837
2023-01-24 23:39:00,2023-01-25 00:47:00,largo,11782.239,11757.639,11806.839,24.600000000000364,SL,-26.100000000000364,-1.0609756097560967
2023-01-25 08:48:00,2023-01-25 09:12:00,largo,11775.679,11761.149,11790.209,14.530000000000655,SL,-16.030000000000655,-1.1032346868547787
2023-01-26 00:21:00,2023-01-26 00:45:00,corto,11852.627,11862.339,11842.915,9.711999999999534,TP,8.211999999999534,0.8455518945634193
2023-01-26 04:30:00,2023-01-26 05:53:00,corto,11849.749,11862.059,11837.439,12.30999999999949,SL,-13.80999999999949,-1.1218521527213698
2023-01-26 16:54:00,2023-01-26 16:59:00,corto,11901.819,11919.169,11884.469,17.350000000000364,SL,-18.850000000000364,-1.086455331412102
2023-01-30 16:57:00,2023-01-30 17:50:00,largo,12006.709,11955.659,12057.759000000002,51.05000000000109,SL,-52.55000000000109,-1.0293829578844265
2023-01-30 18:03:00,2023-01-30 18:17:00,largo,11971.219,11952.239,11990.198999999999,18.979999999999563,TP,17.479999999999563,0.9209694415173849
2023-01-30 18:15:00,2023-01-30 18:42:00,largo,11996.049,11952.239,12039.859000000002,43.81000000000131,SL,-45.31000000000131,-1.0342387582743655
2023-01-31 16:24:00,2023-01-31 16:33:00,corto,12022.549,12039.539,12005.559000000001,16.98999999999978,SL,-18.48999999999978,-1.088287227781049
2023-01-31 17:21:00,2023-01-31 17:41:00,corto,12018.989,12036.519,12001.458999999999,17.530000000000655,SL,-19.030000000000655,-1.0855675984027349
2023-02-01 13:21:00,2023-02-01 14:33:00,corto,12086.109,12103.399,12068.819000000001,17.289999999999054,TP,15.789999999999054,0.9132446500867506
2023-02-01 15:21:00,2023-02-01 15:50:00,corto,12079.609,12103.407,12055.811000000002,23.797999999998865,TP,22.297999999998865,0.9369694932347226
2023-02-01 15:48:00,2023-02-01 18:59:00,corto,12052.209,12103.407,12001.011000000002,51.1979999999985,SL,-52.6979999999985,-1.0292980194538859
2023-02-01 19:03:00,2023-02-01 19:10:00,largo,12085.809,12020.979,12150.639,64.82999999999993,TP,63.32999999999993,0.97686256362795
2023-02-02 16:15:00,2023-02-02 16:34:00,corto,12737.729,12779.029,12696.428999999998,41.30000000000109,SL,-42.80000000000109,-1.036319612590798
2023-02-03 08:39:00,2023-02-03 09:11:00,largo,12544.259,12526.059,12562.459,18.200000000000728,TP,16.700000000000728,0.9175824175824209
2023-02-03 13:51:00,2023-02-03 14:08:00,largo,12541.549,12514.099,12568.999000000002,27.450000000000728,SL,-28.950000000000728,-1.054644808743168
2023-02-03 16:36:00,2023-02-03 16:39:00,corto,12805.079,12830.099,12780.059,25.020000000000437,TP,23.520000000000437,0.9400479616306965
2023-02-03 16:54:00,2023-02-03 17:58:00,corto,12763.689,12830.099,12697.279,66.40999999999985,TP,64.90999999999985,0.9774130402047884
2023-02-06 00:54:00,2023-02-06 01:31:00,largo,12532.789,12517.849,12547.729000000001,14.94000000000051,SL,-16.44000000000051,-1.1004016064256994
2023-02-06 01:33:00,2023-02-06 04:05:00,largo,12539.759,12511.329,12568.189,28.43000000000029,SL,-29.93000000000029,-1.052761167780513
2023-02-06 05:39:00,2023-02-06 05:48:00,largo,12500.419,12489.919,12510.919,10.5,TP,9.0,0.8571428571428571
2023-02-06 05:51:00,2023-02-06 08:28:00,largo,12513.699,12489.919,12537.479000000001,23.780000000000655,SL,-25.280000000000655,-1.0630782169890647
2023-02-06 16:33:00,2023-02-06 16:48:00,corto,12539.579,12562.889,12516.269,23.30999999999949,TP,21.80999999999949,0.9356499356499343
2023-02-06 16:45:00,2023-02-06 16:57:00,corto,12523.319,12562.889,12483.749,39.56999999999971,TP,38.06999999999971,0.9620924943138739
2023-02-06 16:54:00,2023-02-06 20:30:00,corto,12497.249,12562.889,12431.609,65.63999999999942,TP,64.13999999999942,0.9771480804387567
2023-02-07 18:36:00,2023-02-07 18:41:00,largo,12451.179,12412.789,12489.569,38.38999999999942,TP,36.88999999999942,0.9609273248241724
2023-02-09 17:51:00,2023-02-09 17:57:00,largo,12476.989,12456.099,12497.878999999999,20.889999999999418,TP,19.389999999999418,0.9281953087601703
2023-02-13 13:39:00,2023-02-13 14:33:00,corto,12356.179,12381.219,12331.139000000001,25.039999999999054,TP,23.539999999999054,0.9400958466453652
2023-02-14 09:21:00,2023-02-14 10:29:00,corto,12491.719,12531.859,12451.578999999998,40.14000000000124,SL,-41.64000000000124,-1.037369207772794
2023-02-15 20:21:00,2023-02-15 20:50:00,corto,12626.607,12656.099,12597.115,29.49200000000019,SL,-30.99200000000019,-1.0508612505086121
2023-02-16 00:36:00,2023-02-16 01:03:00,corto,12709.329,12725.909,12692.749,16.579999999999927,SL,-18.079999999999927,-1.090470446320869
2023-02-16 14:21:00,2023-02-16 14:29:00,largo,12485.289,12472.049,12498.529,13.239999999999782,SL,-14.739999999999782,-1.1132930513595185
2023-02-16 14:30:00,2023-02-16 14:36:00,largo,12505.899,12468.209,12543.588999999998,37.68999999999869,SL,-39.18999999999869,-1.039798355001328
2023-02-16 14:39:00,2023-02-16 15:26:00,largo,12517.319,12451.889,12582.749,65.43000000000029,TP,63.93000000000029,0.9770747363594683
2023-02-17 16:57:00,2023-02-17 17:09:00,largo,12268.139,12239.819,12296.458999999999,28.31999999999971,TP,26.81999999999971,0.9470338983050842
2023-02-20 12:36:00,2023-02-20 16:00:00,corto,12361.529,12382.699,12340.359,21.170000000000073,TP,19.670000000000073,0.9291450165328298
2023-02-21 01:03:00,2023-02-21 01:09:00,largo,12312.389,12306.599,12318.178999999998,5.789999999999054,SL,-7.289999999999054,-1.2590673575129956
2023-02-21 04:54:00,2023-02-21 05:08:00,largo,12311.219,12306.019,12316.418999999998,5.199999999998909,TP,3.6999999999989086,0.711538461538401
2023-02-22 10:39:00,2023-02-22 12:22:00,largo,12069.869,12047.059,12092.679000000002,22.81000000000131,TP,21.31000000000131,0.9342393686979433
2023-02-22 17:30:00,2023-02-22 18:39:00,largo,12097.619,12058.089,12137.149000000001,39.530000000000655,TP,38.030000000000655,0.9620541360991658
2023-02-22 18:45:00,2023-02-22 18:54:00,corto,12124.409,12139.389,12109.429,14.979999999999563,TP,13.479999999999563,0.8998664886515325
2023-02-22 18:51:00,2023-02-22 20:00:00,corto,12112.669,12139.389,12085.949,26.719999999999345,TP,25.219999999999345,0.9438622754491004
2023-02-23 00:51:00,2023-02-23 01:29:00,corto,12135.249,12145.197,12125.301,9.94800000000032,SL,-11.44800000000032,-1.1507840772014426
2023-02-23 20:39:00,2023-02-23 20:51:00,corto,12201.889,12221.417,12182.360999999999,19.528000000000247,TP,18.028000000000247,0.9231872183531349
2023-02-23 20:57:00,2023-02-24 01:32:00,corto,12179.319,12221.417,12137.221,42.097999999999956,TP,40.597999999999956,0.9643688536272507
2023-02-27 03:24:00,2023-02-27 03:32:00,corto,12011.629,12016.889,12006.369000000002,5.259999999998399,TP,3.7599999999983993,0.7148288973383162
2023-02-27 03:33:00,2023-02-27 05:23:00,corto,12005.209,12016.889,11993.529000000002,11.679999999998472,TP,10.179999999998472,0.8715753424657366
2023-03-01 16:39:00,2023-03-02 01:09:00,largo,11959.349,11903.109,12015.589,56.23999999999978,SL,-57.73999999999978,-1.0266714082503556
2023-03-02 01:18:00,2023-03-02 01:38:00,largo,11906.589,11886.379,11926.798999999999,20.209999999999127,SL,-21.709999999999127,-1.0742206828302852
2023-03-03 08:48:00,2023-03-03 09:03:00,corto,12043.369,12054.667,12032.071000000002,11.297999999998865,SL,-12.797999999998865,-1.1327668613914101
2023-03-03 09:39:00,2023-03-03 10:01:00,corto,12046.869,12069.099,12024.639000000001,22.229999999999563,SL,-23.729999999999563,-1.0674763832658583
2023-03-06 23:24:00,2023-03-07 00:08:00,largo,12303.899,12292.029,12315.768999999998,11.869999999998981,TP,10.369999999998981,0.8736310025273691
2023-03-07 14:30:00,2023-03-07 14:35:00,largo,12312.079,12293.609,12330.548999999999,18.469999999999345,TP,16.969999999999345,0.9187872225230074
2023-03-08 16:24:00,2023-03-08 16:30:00,corto,12198.389,12219.137,12177.640999999998,20.74800000000141,TP,19.24800000000141,0.927703875072301
2023-03-08 18:51:00,2023-03-08 20:00:00,largo,12144.629,12126.279,12162.979000000001,18.350000000000364,TP,16.850000000000364,0.9182561307901923
2023-03-10 20:06:00,2023-03-10 20:11:00,largo,11861.739,11835.239,11888.239,26.5,TP,25.0,0.9433962264150944
2023-03-13 05:15:00,2023-03-13 05:54:00,corto,12059.169,12080.579,12037.759,21.409999999999854,SL,-22.909999999999854,-1.0700607192900518
2023-03-13 18:15:00,2023-03-13 18:22:00,corto,12019.019,12055.179,11982.859,36.159999999999854,TP,34.659999999999854,0.958517699115044
2023-03-13 18:45:00,2023-03-13 19:00:00,corto,11983.889,12055.179,11912.598999999998,71.29000000000087,TP,69.79000000000087,0.9789591808107732
2023-03-14 11:30:00,2023-03-14 11:35:00,corto,12002.069,12062.319,11941.819,60.25,TP,58.75,0.975103734439834
2023-03-14 11:48:00,2023-03-14 13:00:00,corto,12015.649,12062.319,11968.979,46.67000000000007,SL,-48.17000000000007,-1.0321405613884722
2023-03-15 03:36:00,2023-03-15 03:45:00,corto,12206.529,12212.989,12200.069000000001,6.459999999999127,TP,4.959999999999127,0.7678018575851079
2023-03-15 07:48:00,2023-03-15 08:23:00,corto,12199.067,12228.589,12169.544999999998,29.522000000000844,TP,28.022000000000844,0.9491904342524233
2023-03-16 10:51:00,2023-03-16 12:00:00,corto,12282.019,12297.197,12266.841,15.177999999999884,TP,13.677999999999884,0.9011727500329416
2023-03-17 12:33:00,2023-03-17 12:39:00,corto,12562.899,12598.969,12526.829,36.06999999999971,SL,-37.56999999999971,-1.0415858053784313
2023-03-17 14:06:00,2023-03-17 14:23:00,largo,12512.259,12481.749,12542.769,30.51000000000022,SL,-32.01000000000022,-1.0491642084562436
2023-03-17 16:24:00,2023-03-17 18:00:00,corto,12532.639,12564.999,12500.278999999999,32.36000000000058,TP,30.860000000000582,0.9536464771322629
2023-03-20 06:54:00,2023-03-20 07:00:00,largo,12447.049,12420.779,12473.319000000001,26.270000000000437,TP,24.770000000000437,0.9429006471260002
2023-03-20 23:27:00,2023-03-21 00:03:00,corto,12588.299,12607.609,12568.989000000001,19.30999999999949,TP,17.80999999999949,0.9223200414293092
2023-03-21 04:39:00,2023-03-21 05:49:00,corto,12562.769,12577.999,12547.539,15.229999999999563,SL,-16.729999999999563,-1.098489822718322
2023-03-21 07:39:00,2023-03-21 10:05:00,corto,12582.969,12604.589,12561.348999999998,21.6200000000008,SL,-23.1200000000008,-1.069380203515261
2023-03-22 18:30:00,2023-03-22 18:45:00,corto,12785.029,12858.549,12711.509,73.52000000000044,TP,72.02000000000044,0.9795973884657238
2023-03-27 13:39:00,2023-03-27 13:50:00,largo,12795.119,12758.219,12832.019000000002,36.900000000001455,TP,35.400000000001455,0.9593495934959365
2023-03-27 14:18:00,2023-03-27 14:29:00,largo,12794.499,12770.639,12818.359,23.860000000000582,SL,-25.360000000000582,-1.0628667225481963
2023-03-27 14:57:00,2023-03-27 17:11:00,corto,12738.329,12825.349,12651.309,87.02000000000044,TP,85.52000000000044,0.9827625833141808
2023-03-28 13:27:00,2023-03-28 13:31:00,largo,12653.789,12637.529,12670.049,16.26000000000022,SL,-17.76000000000022,-1.0922509225092238
2023-03-28 16:42:00,2023-03-28 18:00:00,largo,12564.329,12542.849,12585.809,21.479999999999563,SL,-22.979999999999563,-1.0698324022346384
2023-03-30 07:21:00,2023-03-30 07:28:00,corto,12865.539,12874.177,12856.901000000002,8.63799999999901,SL,-10.13799999999901,-1.173651308173208
2023-03-30 08:18:00,2023-03-30 09:26:00,corto,12869.149,12880.799,12857.498999999998,11.650000000001455,SL,-13.150000000001455,-1.128755364806851
2023-03-30 19:54:00,2023-03-30 23:36:00,corto,12957.649,12969.989,12945.309,12.340000000000146,SL,-13.840000000000146,-1.1215559157212303
2023-03-31 12:39:00,2023-03-31 12:47:00,corto,12987.259,13006.119,12968.399,18.860000000000582,TP,17.360000000000582,0.92046659597031
2023-04-04 15:42:00,2023-04-04 19:00:00,largo,13114.219,13084.119,13144.318999999998,30.099999999998545,SL,-31.599999999998545,-1.0498338870431918
2023-04-06 10:18:00,2023-04-06 11:47:00,largo,12911.259,12869.729,12952.789,41.530000000000655,TP,40.030000000000655,0.9638815314230682
2023-04-10 00:09:00,2023-04-10 00:21:00,corto,13043.029,13050.989,13035.069000000001,7.959999999999127,TP,6.459999999999127,0.811557788944703
2023-04-10 00:30:00,2023-04-10 05:52:00,corto,13031.879,13050.989,13012.769000000002,19.109999999998763,TP,17.609999999998763,0.9215070643642022
2023-04-12 12:30:00,2023-04-12 15:00:00,largo,13094.649,12941.719,13247.579,152.9300000000003,SL,-154.4300000000003,-1.0098084090760477
2023-04-12 18:12:00,2023-04-12 18:27:00,largo,12975.029,12934.217,13015.841,40.8119999999999,SL,-42.3119999999999,-1.036753895912967
2023-04-14 11:21:00,2023-04-14 11:30:00,largo,13034.169,13021.249,13047.089,12.920000000000073,TP,11.420000000000073,0.8839009287925703
2023-04-14 11:48:00,2023-04-14 13:00:00,largo,13038.789,13021.249,13056.329000000002,17.540000000000873,SL,-19.040000000000873,-1.0855188141391063
2023-04-17 00:45:00,2023-04-17 00:50:00,largo,13088.309,13082.729,13093.889,5.579999999999927,SL,-7.079999999999927,-1.2688172043010788
2023-04-17 08:21:00,2023-04-17 09:15:00,corto,13095.189,13111.839,13078.539,16.649999999999636,TP,15.149999999999636,0.9099099099099079
2023-04-18 06:57:00,2023-04-18 08:01:00,corto,13089.109,13101.089,13077.129,11.979999999999563,SL,-13.479999999999563,-1.12520868113523
2023-04-21 16:06:00,2023-04-21 16:18:00,corto,12984.339,13001.669,12967.009,17.329999999999927,SL,-18.829999999999927,-1.0865551067512986
2023-04-24 13:33:00,2023-04-24 14:36:00,largo,13011.299,12965.549,13057.049,45.75,SL,-47.25,-1.0327868852459017
2023-04-26 03:39:00,2023-04-26 03:57:00,corto,12899.549,12910.799,12888.299,11.25,TP,9.75,0.8666666666666667
2023-04-26 06:48:00,2023-04-26 07:53:00,corto,12887.259,12910.109,12864.409,22.850000000000364,TP,21.350000000000364,0.9343544857768062
2023-04-26 18:48:00,2023-04-26 18:51:00,largo,12810.319,12804.169,12816.469,6.149999999999636,TP,4.649999999999636,0.7560975609755953
2023-04-28 18:21:00,2023-04-28 20:00:00,corto,13191.299,13217.789,13164.809000000001,26.48999999999978,SL,-27.98999999999978,-1.0566251415628545
2023-05-01 00:03:00,2023-05-01 00:19:00,largo,13231.689,13225.309,13238.069000000001,6.380000000001019,SL,-7.880000000001019,-1.235109717868301
2023-05-01 03:09:00,2023-05-01 03:39:00,corto,13253.799,13260.499,13247.099000000002,6.699999999998909,SL,-8.199999999998909,-1.2238805970149618
2023-05-03 07:39:00,2023-05-03 07:53:00,corto,13127.699,13138.887,13116.511,11.188000000000102,TP,9.688000000000102,0.8659277797640341
2023-05-03 09:03:00,2023-05-03 09:23:00,corto,13133.699,13140.099,13127.299,6.399999999999636,SL,-7.899999999999636,-1.2343750000000133
2023-05-03 13:39:00,2023-05-03 13:43:00,corto,13130.149,13146.989,13113.309,16.840000000000146,SL,-18.340000000000146,-1.0890736342042748
2023-05-03 15:18:00,2023-05-03 15:27:00,largo,13132.749,13111.089,13154.409,21.659999999999854,SL,-23.159999999999854,-1.0692520775623273
2023-05-03 15:51:00,2023-05-03 16:51:00,largo,13127.389,13105.559,13149.219,21.829999999999927,TP,20.329999999999927,0.9312872194228125
2023-05-04 17:15:00,2023-05-04 19:00:00,largo,13046.249,13014.519,13077.979,31.729999999999563,SL,-33.22999999999956,-1.0472738733060203
2023-05-05 10:51:00,2023-05-05 12:00:00,corto,13053.759,13067.179,13040.339,13.420000000000073,SL,-14.920000000000073,-1.1117734724292094
2023-05-08 03:48:00,2023-05-08 07:13:00,corto,13246.059,13263.299,13228.818999999998,17.2400000000016,SL,-18.7400000000016,-1.0870069605568364
2023-05-08 07:30:00,2023-05-08 08:01:00,largo,13256.219,13243.239,13269.198999999999,12.979999999999563,SL,-14.479999999999563,-1.1155624036980007
2023-05-08 11:54:00,2023-05-08 13:00:00,largo,13246.549,13240.709,13252.389000000001,5.8400000000001455,SL,-7.3400000000001455,-1.2568493150684867
2023-05-10 17:24:00,2023-05-10 19:00:00,corto,13220.389,13284.127,13156.650999999998,63.73800000000119,SL,-65.2380000000012,-1.023533841664313
2023-05-11 08:51:00,2023-05-11 09:23:00,corto,13381.069,13400.259,13361.878999999999,19.19000000000051,SL,-20.69000000000051,-1.0781657113079708
2023-05-11 18:51:00,2023-05-11 19:35:00,corto,13400.719,13414.399,13387.038999999999,13.680000000000291,TP,12.180000000000291,0.8903508771929848
2023-05-12 00:33:00,2023-05-12 00:56:00,corto,13406.499,13419.279,13393.719,12.780000000000655,SL,-14.280000000000655,-1.1173708920187733
2023-05-12 13:24:00,2023-05-12 13:30:00,corto,13405.729,13414.699,13396.758999999998,8.970000000001164,SL,-10.470000000001164,-1.1672240802675369
2023-05-17 08:12:00,2023-05-17 11:10:00,largo,13439.129,13423.719,13454.539000000002,15.410000000001673,TP,13.910000000001673,0.9026606099935213
2023-05-18 08:27:00,2023-05-18 09:03:00,corto,13606.079,13615.287,13596.871,9.208000000000538,TP,7.708000000000538,0.8370981754995751
2023-05-22 23:33:00,2023-05-23 00:01:00,corto,13888.469,13898.009,13878.928999999998,9.540000000000873,SL,-11.040000000000873,-1.1572327044025013
2023-05-23 00:48:00,2023-05-23 01:46:00,corto,13888.959,13900.399,13877.519000000002,11.43999999999869,SL,-12.93999999999869,-1.1311188811188961
2023-05-26 11:36:00,2023-05-26 11:42:00,corto,13990.919,13997.419,13984.419,6.5,SL,-8.0,-1.2307692307692308
2023-05-26 12:03:00,2023-05-26 12:30:00,corto,13987.059,13997.139,13976.979,10.079999999999927,SL,-11.579999999999927,-1.1488095238095248
2023-05-26 12:36:00,2023-05-26 15:00:00,corto,13946.999,13999.789,13894.208999999999,52.79000000000087,SL,-54.29000000000087,-1.0284144724379614
2023-05-29 22:27:00,2023-05-30 02:31:00,corto,14355.969,14370.399,14341.538999999999,14.430000000000291,TP,12.930000000000291,0.8960498960498982
2023-05-30 06:36:00,2023-05-30 07:09:00,corto,14363.409,14373.889,14352.929,10.479999999999563,SL,-11.979999999999563,-1.1431297709923725
2023-05-30 07:09:00,2023-05-30 07:36:00,corto,14363.089,14378.409,14347.769,15.319999999999709,SL,-16.81999999999971,-1.0979112271540488
2023-05-31 08:06:00,2023-05-31 08:39:00,largo,14317.809,14305.707,14329.910999999998,12.101999999998952,SL,-13.601999999998952,-1.123946455131394
2023-06-01 01:57:00,2023-06-01 06:14:00,largo,14236.199,14206.819,14265.579000000002,29.38000000000102,TP,27.88000000000102,0.948944860449287
2023-06-02 06:36:00,2023-06-02 06:42:00,corto,14472.399,14479.387,14465.410999999998,6.988000000001193,SL,-8.488000000001193,-1.2146536920434665
2023-06-05 13:57:00,2023-06-05 15:00:00,largo,14567.189,14524.229,14610.149000000001,42.960000000000946,TP,41.460000000000946,0.9650837988826824
2023-06-06 13:57:00,2023-06-06 15:00:00,largo,14515.519,14474.399,14556.639000000001,41.1200000000008,TP,39.6200000000008,0.9635214007782108
2023-06-14 18:42:00,2023-06-15 16:00:00,largo,14943.289,14779.559,15107.019000000002,163.73000000000138,TP,162.23000000000138,0.9908385757039029
2023-06-16 13:30:00,2023-06-16 13:43:00,corto,15227.989,15287.909,15168.069,59.92000000000007,TP,58.42000000000007,0.9749666221628839
2023-06-19 08:48:00,2023-06-19 09:34:00,largo,15078.379,15067.019,15089.739000000001,11.360000000000582,TP,9.860000000000582,0.86795774647888
2023-06-19 09:42:00,2023-06-19 11:14:00,largo,15089.729,15067.799,15111.658999999998,21.929999999998472,SL,-23.429999999998472,-1.0683994528043823
2023-06-19 23:57:00,2023-06-20 01:56:00,largo,15063.719,15047.029,15080.408999999998,16.68999999999869,SL,-18.18999999999869,-1.0898741761533923
2023-06-20 04:30:00,2023-06-20 05:00:00,largo,15050.379,15045.619,15055.139000000001,4.760000000000218,SL,-6.260000000000218,-1.3151260504201536
2023-06-20 08:00:00,2023-06-20 08:06:00,corto,15057.129,15067.497,15046.761000000002,10.367999999998574,TP,8.867999999998574,0.8553240740740542
2023-06-26 15:30:00,2023-06-26 15:43:00,largo,14847.759,14815.089,14880.429,32.67000000000007,SL,-34.17000000000007,-1.0459136822773185
2023-06-26 15:45:00,2023-06-26 16:05:00,largo,14834.789,14810.569,14859.009000000002,24.220000000001164,SL,-25.720000000001164,-1.0619322873658104
2023-06-27 03:33:00,2023-06-27 03:51:00,largo,14716.339,14708.519,14724.159,7.819999999999709,SL,-9.319999999999709,-1.1918158567775008
2023-06-28 01:51:00,2023-06-28 02:38:00,largo,14875.509,14866.009,14885.009,9.5,TP,8.0,0.8421052631578947
2023-06-28 12:51:00,2023-06-28 14:00:00,largo,14875.859,14863.119,14888.599,12.739999999999782,TP,11.239999999999782,0.8822605965463088
2023-06-28 16:42:00,2023-06-30 05:14:00,corto,14921.729,15054.089,14789.368999999999,132.36000000000058,tiempo,-57.08799999999974,-0.4313085524327553
2023-06-30 07:27:00,2023-06-30 07:51:00,corto,14974.639,14984.779,14964.498999999998,10.140000000001237,SL,-11.640000000001237,-1.1479289940828221
2023-07-03 13:54:00,2023-07-03 15:00:00,corto,15204.219,15232.299,15176.138999999997,28.080000000001746,TP,26.580000000001746,0.9465811965811999
2023-07-05 19:42:00,2023-07-05 19:59:00,corto,15221.209,15236.529,15205.889000000001,15.319999999999709,TP,13.819999999999709,0.9020887728459511
2023-07-06 07:21:00,2023-07-06 08:12:00,largo,15124.259,15110.129,15138.389,14.1299999999992,TP,12.6299999999992,0.8938428874734548
2023-07-07 12:54:00,2023-07-07 17:00:00,corto,15091.789,15168.789,15014.789,77.0,SL,-78.5,-1.0194805194805194
2023-07-09 23:54:00,2023-07-10 00:02:00,largo,15039.089,15028.819,15049.359,10.270000000000437,SL,-11.770000000000437,-1.146056475170393
2023-07-13 06:51:00,2023-07-13 07:12:00,corto,15359.129,15374.399,15343.859000000002,15.269999999998618,SL,-16.769999999998618,-1.098231827111993
2023-07-13 22:18:00,2023-07-14 00:04:00,corto,15571.649,15578.149,15565.149,6.5,TP,5.0,0.7692307692307693
2023-07-14 19:48:00,2023-07-16 23:24:00,largo,15554.269,15530.709,15577.829,23.55999999999949,SL,-25.05999999999949,-1.0636672325976244
2023-07-16 23:27:00,2023-07-16 23:43:00,largo,15532.659,15527.059,15538.259,5.600000000000364,TP,4.100000000000364,0.7321428571428745
2023-07-16 23:42:00,2023-07-17 01:10:00,largo,15538.569,15527.059,15550.079,11.510000000000218,TP,10.010000000000218,0.869678540399655
2023-07-19 16:21:00,2023-07-19 18:08:00,corto,15863.259,15934.209,15792.309,70.95000000000073,TP,69.45000000000073,0.9788583509513744
2023-07-20 07:36:00,2023-07-20 08:14:00,largo,15721.079,15706.789,15735.368999999999,14.289999999999054,SL,-15.789999999999054,-1.1049685094471728
2023-07-21 01:24:00,2023-07-21 01:34:00,largo,15462.339,15449.289,15475.389,13.049999999999272,TP,11.549999999999272,0.8850574712643614
2023-07-24 02:21:00,2023-07-24 04:24:00,largo,15438.059,15424.309,15451.809,13.75,SL,-15.25,-1.1090909090909091
2023-07-24 18:06:00,2023-07-24 18:10:00,corto,15477.239,15484.799,15469.678999999998,7.56000000000131,TP,6.06000000000131,0.8015873015873359
2023-07-24 18:27:00,2023-07-24 18:42:00,corto,15464.749,15484.799,15444.698999999999,20.05000000000109,TP,18.55000000000109,0.9251870324189567
2023-07-26 12:27:00,2023-07-26 14:23:00,largo,15520.169,15493.859,15546.479,26.30999999999949,SL,-27.80999999999949,-1.0570125427594081
2023-07-26 14:30:00,2023-07-26 14:40:00,largo,15509.329,15490.679,15527.979,18.649999999999636,SL,-20.149999999999636,-1.080428954423594
2023-07-26 16:57:00,2023-07-26 18:00:00,largo,15443.379,15432.169,15454.589000000002,11.210000000000946,SL,-12.710000000000946,-1.133809099018722
2023-07-26 18:18:00,2023-07-26 18:39:00,largo,15482.939,15429.009,15536.869,53.93000000000029,TP,52.43000000000029,0.9721861672538478
2023-07-31 15:30:00,2023-08-01 01:55:00,corto,15727.189,15781.089,15673.289,53.899999999999636,SL,-55.399999999999636,-1.0278293135435994
2023-08-01 09:54:00,2023-08-01 10:24:00,largo,15699.629,15684.039,15715.219000000001,15.590000000000146,TP,14.090000000000146,0.9037844772289938
2023-08-01 19:12:00,2023-08-01 19:24:00,corto,15742.909,15752.299,15733.518999999998,9.390000000001237,TP,7.890000000001237,0.8402555910543341
2023-08-03 18:33:00,2023-08-03 18:42:00,corto,15376.789,15394.299,15359.279,17.51000000000022,SL,-19.01000000000022,-1.085665334094802
2023-08-04 01:45:00,2023-08-04 02:06:00,corto,15436.849,15449.799,15423.899,12.950000000000728,TP,11.450000000000728,0.8841698841698907
2023-08-04 02:21:00,2023-08-04 05:24:00,corto,15418.819,15445.989,15391.649,27.170000000000073,SL,-28.670000000000073,-1.055207949944792
2023-08-04 05:39:00,2023-08-04 05:47:00,corto,15439.439,15447.989,15430.889000000001,8.549999999999272,SL,-10.049999999999272,-1.175438596491243
2023-08-04 12:39:00,2023-08-04 13:34:00,largo,15390.999,15314.399,15467.599,76.60000000000036,TP,75.10000000000036,0.9804177545691907
2023-08-04 14:15:00,2023-08-04 14:32:00,largo,15364.019,15309.009,15419.029,55.01000000000022,TP,53.51000000000022,0.972732230503545
2023-08-04 14:51:00,2023-08-04 18:39:00,largo,15427.429,15309.009,15545.849,118.42000000000007,SL,-119.92000000000007,-1.0126667792602602
2023-08-07 15:33:00,2023-08-07 15:55:00,largo,15283.557,15252.409,15314.705000000002,31.148000000001048,TP,29.648000000001048,0.9518428149479918
2023-08-08 15:12:00,2023-08-08 15:29:00,largo,15166.109,15145.207,15187.011,20.902000000000044,TP,19.402000000000044,0.9282365323892452
2023-08-08 15:27:00,2023-08-08 17:17:00,largo,15184.607,15145.207,15224.007,39.399999999999636,TP,37.899999999999636,0.9619289340101519
2023-08-09 00:51:00,2023-08-09 01:12:00,corto,15293.139,15304.159,15282.118999999999,11.020000000000437,SL,-12.520000000000437,-1.1361161524500853
2023-08-09 15:00:00,2023-08-09 15:13:00,largo,15138.779,15123.379,15154.179,15.399999999999636,SL,-16.899999999999636,-1.0974025974025996
2023-08-10 14:18:00,2023-08-10 14:37:00,corto,15334.719,15369.669,15299.768999999998,34.95000000000073,TP,33.45000000000073,0.9570815450643786
2023-08-10 16:36:00,2023-08-10 17:22:00,largo,15181.219,15126.829,15235.608999999999,54.38999999999942,SL,-55.88999999999942,-1.0275785990071706
2023-08-11 15:36:00,2023-08-11 16:05:00,largo,14999.639,14968.609,15030.668999999998,31.029999999998836,TP,29.529999999998836,0.9516596841766015
2023-08-13 22:18:00,2023-08-13 22:23:00,corto,15065.999,15071.099,15060.899,5.100000000000364,SL,-6.600000000000364,-1.2941176470588025
2023-08-13 22:45:00,2023-08-14 00:09:00,corto,15067.929,15077.749,15058.109,9.819999999999709,SL,-11.319999999999709,-1.152749490835035
2023-08-14 00:54:00,2023-08-14 01:35:00,corto,15043.839,15080.319,15007.359,36.47999999999956,TP,34.97999999999956,0.9588815789473679
2023-08-14 13:36:00,2023-08-14 13:53:00,largo,15012.009,14967.709,15056.309,44.29999999999927,TP,42.79999999999927,0.9661399548532725
2023-08-15 03:30:00,2023-08-15 03:59:00,corto,15240.839,15248.699,15232.979,7.860000000000582,SL,-9.360000000000582,-1.1908396946564743
2023-08-15 10:45:00,2023-08-15 12:32:00,largo,15110.869,15089.609,15132.129,21.26000000000022,SL,-22.76000000000022,-1.0705550329256812
2023-08-16 11:30:00,2023-08-16 12:54:00,largo,15034.399,15007.719,15061.079,26.68000000000029,SL,-28.18000000000029,-1.0562218890554715
2023-08-16 14:51:00,2023-08-16 15:47:00,largo,15046.279,15003.549,15089.009,42.72999999999956,SL,-44.22999999999956,-1.0351041422887903
2023-08-17 05:09:00,2023-08-17 05:18:00,largo,14867.429,14862.029,14872.829,5.399999999999636,SL,-6.899999999999636,-1.2777777777777966
2023-08-18 06:09:00,2023-08-18 06:23:00,largo,14699.309,14692.319,14706.298999999999,6.989999999999782,TP,5.489999999999782,0.7854077253218817
2023-08-18 06:21:00,2023-08-18 07:02:00,largo,14705.419,14692.319,14718.519,13.100000000000364,SL,-14.600000000000364,-1.1145038167938899
2023-08-18 07:45:00,2023-08-18 09:29:00,largo,14682.429,14661.949,14702.909,20.479999999999563,SL,-21.979999999999563,-1.0732421875000016
2023-08-22 16:36:00,2023-08-22 17:53:00,largo,14925.749,14881.169,14970.329,44.57999999999993,SL,-46.07999999999993,-1.0336473755047106
2023-08-23 07:39:00,2023-08-23 08:11:00,corto,14991.009,15016.599,14965.419,25.590000000000146,SL,-27.090000000000146,-1.058616647127784
2023-08-23 10:03:00,2023-08-23 10:26:00,corto,15000.899,15008.699,14993.098999999998,7.800000000001091,TP,6.300000000001091,0.8076923076923346
2023-08-23 15:39:00,2023-08-23 15:56:00,corto,15128.439,15147.009,15109.869,18.56999999999971,SL,-20.06999999999971,-1.0807754442649447
2023-08-24 00:42:00,2023-08-24 01:36:00,corto,15282.609,15294.299,15270.919,11.69000000000051,SL,-13.19000000000051,-1.128314798973476
2023-08-24 23:15:00,2023-08-24 23:30:00,largo,14800.889,14789.249,14812.528999999999,11.639999999999418,TP,10.139999999999418,0.8711340206185503
2023-08-25 03:18:00,2023-08-25 03:23:00,largo,14799.059,14793.249,14804.868999999999,5.809999999999491,SL,-7.309999999999491,-1.2581755593804014
2023-08-25 14:42:00,2023-08-28 12:20:00,corto,14784.389,15006.789,14561.988999999998,222.40000000000146,SL,-223.90000000000146,-1.0067446043165467
2023-08-29 10:36:00,2023-08-29 10:50:00,corto,15061.549,15074.259,15048.839000000002,12.709999999999127,TP,11.209999999999127,0.8819826907946418
2023-08-29 10:54:00,2023-08-29 12:23:00,corto,15049.587,15074.259,15024.914999999999,24.67200000000048,TP,23.17200000000048,0.9392023346303514
2023-08-30 00:39:00,2023-08-30 01:25:00,corto,15394.909,15409.599,15380.219,14.69000000000051,SL,-16.19000000000051,-1.102110279101426
2023-08-30 16:51:00,2023-08-30 17:56:00,corto,15457.989,15484.199,15431.778999999999,26.210000000000946,TP,24.710000000000946,0.9427699351392619
2023-08-31 02:45:00,2023-08-31 03:02:00,corto,15479.419,15491.379,15467.458999999999,11.960000000000946,TP,10.460000000000946,0.8745819397993411
2023-09-04 15:24:00,2023-09-04 16:02:00,largo,15493.549,15485.129,15501.969000000001,8.420000000000073,TP,6.920000000000073,0.8218527315914504
2023-09-05 04:21:00,2023-09-05 05:37:00,largo,15478.749,15470.269,15487.229,8.479999999999563,SL,-9.979999999999563,-1.1768867924528392
2023-09-05 06:09:00,2023-09-05 06:27:00,largo,15475.679,15464.809,15486.549,10.8700000000008,SL,-12.3700000000008,-1.137994480220781
2023-09-06 14:15:00,2023-09-06 14:30:00,largo,15400.289,15361.129,15439.449,39.159999999999854,SL,-40.659999999999854,-1.0383043922369766
2023-09-06 15:03:00,2023-09-06 15:06:00,largo,15351.299,15340.389,15362.209000000003,10.910000000001673,SL,-12.410000000001673,-1.1374885426214272
2023-09-06 15:36:00,2023-09-06 16:29:00,largo,15371.419,15323.609,15419.229,47.80999999999949,SL,-49.30999999999949,-1.031374189500105
2023-09-08 14:36:00,2023-09-08 14:46:00,corto,15343.039,15376.589,15309.489000000001,33.54999999999927,TP,32.04999999999927,0.955290611028315
2023-09-08 14:57:00,2023-09-11 07:24:00,corto,15283.319,15376.589,15190.048999999999,93.27000000000044,SL,-94.77000000000044,-1.0160823415889353
2023-09-11 07:51:00,2023-09-11 08:51:00,corto,15373.299,15389.109,15357.489000000001,15.80999999999949,TP,14.30999999999949,0.9051233396584409
2023-09-11 08:48:00,2023-09-11 11:30:00,corto,15359.089,15386.189,15331.989,27.100000000000364,SL,-28.600000000000364,-1.0553505535055343
2023-09-11 16:51:00,2023-09-11 17:05:00,corto,15369.759,15391.099,15348.419,21.340000000000146,SL,-22.840000000000146,-1.0702905342080595
2023-09-12 15:00:00,2023-09-12 15:09:00,largo,15349.089,15331.109,15367.069,17.979999999999563,SL,-19.479999999999563,-1.0834260289210254
2023-09-12 15:27:00,2023-09-12 16:05:00,largo,15336.359,15308.229,15364.489000000001,28.13000000000102,TP,26.63000000000102,0.946676146462853
2023-09-12 18:15:00,2023-09-12 18:19:00,largo,15335.589,15319.399,15351.779,16.19000000000051,SL,-17.69000000000051,-1.0926497838171683
2023-09-12 19:39:00,2023-09-13 02:12:00,largo,15294.009,15276.379,15311.639,17.6299999999992,SL,-19.1299999999992,-1.0850822461713028
2023-09-13 13:39:00,2023-09-13 14:07:00,largo,15351.519,15270.349,15432.689,81.17000000000007,SL,-82.67000000000007,-1.0184797338918319
2023-09-13 14:30:00,2023-09-13 17:35:00,largo,15331.219,15250.869,15411.568999999998,80.34999999999854,TP,78.84999999999854,0.981331673926571
2023-09-14 11:33:00,2023-09-14 12:18:00,corto,15409.889,15430.589,15389.188999999998,20.700000000000728,SL,-22.200000000000728,-1.0724637681159395
2023-09-14 12:45:00,2023-09-14 13:07:00,corto,15386.049,15436.599,15335.499000000002,50.54999999999927,SL,-52.04999999999927,-1.0296735905044514
2023-09-14 15:33:00,2023-09-14 16:15:00,corto,15454.869,15497.809,15411.929000000002,42.93999999999869,SL,-44.43999999999869,-1.0349324639031217
2023-09-15 03:54:00,2023-09-15 04:41:00,corto,15511.279,15520.609,15501.949,9.329999999999927,SL,-10.829999999999927,-1.1607717041800656
2023-09-15 15:27:00,2023-09-15 15:36:00,largo,15242.067,15224.619,15259.514999999998,17.4479999999985,SL,-18.9479999999985,-1.085969738652002
2023-09-15 15:39:00,2023-09-15 16:37:00,largo,15244.249,15222.659,15265.839,21.590000000000146,TP,20.090000000000146,0.930523390458546
2023-09-18 13:39:00,2023-09-18 13:46:00,corto,15218.169,15249.399,15186.939,31.229999999999563,TP,29.729999999999563,0.9519692603266083
2023-09-18 15:45:00,2023-09-18 15:52:00,corto,15243.799,15258.899,15228.699000000002,15.099999999998545,SL,-16.599999999998545,-1.0993377483443805
2023-09-19 13:39:00,2023-09-19 13:50:00,largo,15181.289,15135.039,15227.539,46.25,SL,-47.75,-1.0324324324324323
2023-09-20 09:21:00,2023-09-20 11:20:00,corto,15210.569,15225.889,15195.249,15.319999999999709,SL,-16.81999999999971,-1.0979112271540488
2023-09-20 11:21:00,2023-09-20 11:27:00,corto,15220.229,15227.989,15212.469,7.760000000000218,TP,6.260000000000218,0.8067010309278405
2023-09-20 11:42:00,2023-09-20 12:19:00,corto,15219.549,15227.989,15211.109000000002,8.43999999999869,SL,-9.93999999999869,-1.1777251184834399
2023-09-20 15:06:00,2023-09-20 15:17:00,largo,15183.989,15162.769,15205.208999999999,21.219999999999345,SL,-22.719999999999345,-1.0706880301602284
2023-09-21 23:57:00,2023-09-22 00:00:00,largo,14683.679,14676.239,14691.119,7.440000000000509,TP,5.940000000000509,0.7983870967742074
2023-09-22 01:15:00,2023-09-22 01:31:00,largo,14689.599,14675.069,14704.129,14.530000000000655,TP,13.030000000000655,0.8967653131452215
2023-09-22 14:39:00,2023-09-22 14:51:00,corto,14817.799,14837.599,14797.999000000002,19.799999999999272,SL,-21.299999999999272,-1.0757575757575786
2023-09-22 14:51:00,2023-09-22 14:55:00,corto,14821.749,14841.989,14801.509,20.23999999999978,SL,-21.73999999999978,-1.0741106719367597
2023-09-22 15:00:00,2023-09-22 15:10:00,corto,14837.099,14851.289,14822.909,14.19000000000051,TP,12.69000000000051,0.8942917547568748
2023-09-22 15:21:00,2023-09-22 15:32:00,corto,14817.789,14851.319,14784.259000000002,33.529999999998836,SL,-35.029999999998836,-1.044736057262155
2023-09-22 15:51:00,2023-09-22 17:23:00,corto,14823.249,14861.297,14785.201,38.048000000000684,TP,36.548000000000684,0.9605761143818342
2023-09-22 18:33:00,2023-09-22 19:07:00,largo,14727.099,14697.809,14756.389000000001,29.290000000000873,TP,27.790000000000873,0.9487879822465021
2023-09-22 19:06:00,2023-09-22 19:47:00,largo,14782.089,14716.609,14847.569,65.47999999999956,SL,-66.97999999999956,-1.0229077580940746
2023-09-25 00:06:00,2023-09-25 00:15:00,largo,14722.079,14712.019,14732.139,10.05999999999949,SL,-11.55999999999949,-1.1491053677932481
2023-09-25 02:21:00,2023-09-25 02:35:00,corto,14743.029,14748.669,14737.389000000001,5.639999999999418,SL,-7.139999999999418,-1.2659574468085382
2023-09-25 09:24:00,2023-09-25 09:45:00,largo,14692.249,14664.229,14720.269,28.020000000000437,SL,-29.520000000000437,-1.0535331905781575
2023-09-26 13:54:00,2023-09-26 13:57:00,largo,14619.519,14608.229,14630.809000000001,11.290000000000873,SL,-12.790000000000873,-1.132860938883958
2023-09-26 16:06:00,2023-09-26 16:41:00,largo,14587.589,14559.239,14615.939,28.350000000000364,TP,26.850000000000364,0.9470899470899478
2023-09-26 16:39:00,2023-09-26 17:37:00,largo,14615.369,14559.239,14671.499000000002,56.13000000000102,SL,-57.63000000000102,-1.0267236771779793
2023-09-27 13:54:00,2023-09-27 14:06:00,corto,14608.609,14647.299,14569.919,38.69000000000051,TP,37.19000000000051,0.9612302920651337
2023-09-27 16:39:00,2023-09-27 17:17:00,largo,14515.599,14483.229,14547.969000000001,32.3700000000008,SL,-33.8700000000008,-1.046339202965708
2023-09-29 08:15:00,2023-09-29 08:25:00,corto,14788.639,14806.319,14770.958999999999,17.68000000000029,SL,-19.18000000000029,-1.0848416289592746
2023-09-29 16:42:00,2023-09-29 16:54:00,corto,14772.269,14811.289,14733.249,39.02000000000044,TP,37.52000000000044,0.9615581752947211
2023-10-02 06:15:00,2023-10-02 06:59:00,largo,14802.529,14779.099,14825.959,23.43000000000029,TP,21.93000000000029,0.935979513444303
2023-10-02 07:39:00,2023-10-02 07:54:00,corto,14847.309,14861.599,14833.018999999998,14.290000000000873,TP,12.790000000000873,0.8950314905528406
2023-10-03 12:45:00,2023-10-03 12:55:00,largo,14716.209,14696.609,14735.809000000001,19.600000000000364,SL,-21.100000000000364,-1.0765306122448965
2023-10-05 12:06:00,2023-10-05 12:13:00,corto,14801.409,14815.379,14787.438999999998,13.970000000001164,TP,12.470000000001164,0.8926270579813976
2023-10-05 12:21:00,2023-10-05 12:34:00,corto,14781.739,14815.379,14748.098999999998,33.64000000000124,TP,32.14000000000124,0.9554102259215237
2023-10-06 14:09:00,2023-10-06 14:13:00,largo,14603.039,14572.519,14633.559000000001,30.520000000000437,TP,29.020000000000437,0.9508519003931855
2023-10-06 14:21:00,2023-10-06 15:04:00,largo,14670.599,14572.519,14768.679,98.07999999999993,TP,96.57999999999993,0.9847063621533442
2023-10-09 01:39:00,2023-10-09 03:55:00,largo,14865.689,14851.639,14879.739000000001,14.050000000001091,SL,-15.550000000001091,-1.1067615658362906
2023-10-09 08:09:00,2023-10-09 08:24:00,largo,14864.719,14848.109,14881.328999999998,16.609999999998763,SL,-18.109999999998763,-1.0903070439494347
2023-10-09 08:30:00,2023-10-09 08:52:00,largo,14859.219,14837.109,14881.328999999998,22.109999999998763,TP,20.609999999998763,0.9321573948439582
2023-10-11 15:54:00,2023-10-11 19:59:00,corto,15176.269,15247.289,15105.249,71.02000000000044,SL,-72.52000000000044,-1.0211208110391439
2023-10-12 16:54:00,2023-10-12 17:03:00,corto,15301.019,15339.287,15262.751,38.26800000000003,TP,36.76800000000003,0.9608027594857322
2023-10-12 18:27:00,2023-10-12 19:18:00,largo,15134.659,15085.039,15184.278999999999,49.61999999999898,TP,48.11999999999898,0.9697702539298664
2023-10-13 15:09:00,2023-10-13 15:23:00,largo,15066.399,15040.849,15091.948999999999,25.549999999999272,SL,-27.049999999999272,-1.0587084148728
2023-10-15 23:33:00,2023-10-15 23:59:00,corto,15034.379,15041.379,15027.379,7.0,SL,-8.5,-1.2142857142857142
2023-10-16 19:30:00,2023-10-16 19:59:00,corto,15193.289,15212.559,15174.019000000002,19.269999999998618,TP,17.769999999998618,0.9221587960560401
2023-10-16 19:57:00,2023-10-17 08:40:00,corto,15166.749,15212.559,15120.939,45.80999999999949,TP,44.30999999999949,0.9672560576293382
2023-10-18 18:21:00,2023-10-18 18:39:00,largo,14980.519,14960.839,15000.199,19.68000000000029,SL,-21.18000000000029,-1.0762195121951208
2023-10-19 08:15:00,2023-10-19 08:32:00,largo,14873.729,14857.579,14889.878999999999,16.149999999999636,TP,14.649999999999636,0.9071207430340537
2023-10-19 08:30:00,2023-10-19 09:46:00,largo,14890.139,14857.579,14922.698999999999,32.55999999999949,TP,31.05999999999949,0.9539312039312032
2023-10-19 15:33:00,2023-10-19 16:02:00,largo,14921.599,14856.629,14986.569,64.96999999999935,TP,63.469999999999345,0.9769124211174386
2023-10-19 16:24:00,2023-10-19 16:34:00,corto,14951.787,15029.799,14873.775,78.01200000000063,TP,76.51200000000063,0.9807721888940164
2023-10-19 16:39:00,2023-10-19 16:47:00,largo,14851.109,14816.249,14885.969000000001,34.86000000000058,TP,33.36000000000058,0.956970740103271
2023-10-19 17:30:00,2023-10-19 17:39:00,corto,14944.747,15009.109,14880.384999999998,64.36200000000099,TP,62.86200000000099,0.9766943227370191
2023-10-19 17:51:00,2023-10-19 20:02:00,corto,14877.219,15009.109,14745.328999999998,131.89000000000124,TP,130.39000000000124,0.9886268860413983
2023-10-19 23:36:00,2023-10-20 01:15:00,largo,14732.669,14714.579,14750.759,18.090000000000146,SL,-19.590000000000146,-1.082918739635157
2023-10-20 08:30:00,2023-10-20 12:24:00,largo,14763.309,14714.719,14811.899,48.590000000000146,SL,-50.090000000000146,-1.0308705494957808
2023-10-20 19:27:00,2023-10-20 19:41:00,largo,14595.349,14575.649,14615.049,19.700000000000728,SL,-21.200000000000728,-1.0761421319796927
2023-10-23 05:09:00,2023-10-23 06:01:00,corto,14596.039,14606.319,14585.759000000002,10.279999999998836,SL,-11.779999999998836,-1.1459143968871761
2023-10-23 06:45:00,2023-10-23 07:00:00,corto,14601.219,14608.099,14594.338999999998,6.880000000001019,TP,5.380000000001019,0.7819767441860788
2023-10-24 19:33:00,2023-10-24 19:46:00,corto,14751.099,14761.609,14740.589,10.510000000000218,SL,-12.010000000000218,-1.142721217887723
2023-10-27 15:42:00,2023-10-27 16:50:00,corto,14273.559,14326.389,14220.729,52.82999999999993,TP,51.32999999999993,0.9716070414537195
2023-10-30 01:48:00,2023-10-30 05:24:00,corto,14250.709,14265.239,14236.179000000002,14.529999999998836,SL,-16.029999999998836,-1.1032346868547915
2023-11-01 11:42:00,2023-11-01 12:18:00,corto,14410.579,14432.669,14388.489,22.090000000000146,SL,-23.590000000000146,-1.0679040289723853
2023-11-03 16:09:00,2023-11-03 16:22:00,corto,15105.839,15118.689,15092.989,12.850000000000364,TP,11.350000000000364,0.8832684824902757
2023-11-06 15:09:00,2023-11-06 15:39:00,corto,15117.499,15151.397,15083.600999999999,33.89800000000105,SL,-35.39800000000105,-1.044250398253583
2023-11-06 16:09:00,2023-11-06 16:41:00,corto,15148.289,15164.609,15131.969000000001,16.31999999999971,TP,14.819999999999709,0.908088235294116
2023-11-08 16:42:00,2023-11-08 17:00:00,largo,15288.319,15256.169,15320.469,32.149999999999636,SL,-33.649999999999636,-1.0466562986003116
2023-11-09 14:45:00,2023-11-09 14:59:00,corto,15305.199,15350.399,15259.999000000002,45.19999999999891,SL,-46.69999999999891,-1.0331858407079655
2023-11-09 16:39:00,2023-11-09 16:50:00,corto,15339.639,15363.169,15316.108999999999,23.530000000000655,SL,-25.030000000000655,-1.063748406289841
2023-11-14 08:18:00,2023-11-14 08:33:00,corto,15511.309,15525.799,15496.818999999998,14.4900000000016,SL,-15.9900000000016,-1.1035196687370485
2023-11-14 10:30:00,2023-11-14 10:43:00,corto,15529.019,15536.999,15521.039,7.979999999999563,TP,6.479999999999563,0.8120300751879597
2023-11-14 13:24:00,2023-11-14 13:30:00,corto,15526.989,15532.797,15521.180999999999,5.808000000000902,SL,-7.308000000000902,-1.2582644628098771
2023-11-14 20:33:00,2023-11-14 20:50:00,corto,15836.679,15850.889,15822.469000000001,14.209999999999127,TP,12.709999999999127,0.894440534834617
2023-11-15 19:57:00,2023-11-15 20:54:00,largo,15841.849,15807.389,15876.309000000001,34.460000000000946,SL,-35.960000000000946,-1.043528728961113
2023-11-16 13:18:00,2023-11-16 13:30:00,largo,15766.779,15756.309,15777.249000000002,10.470000000001164,TP,8.970000000001164,0.8567335243553168
2023-11-16 13:30:00,2023-11-16 13:55:00,largo,15785.539,15756.309,15814.769000000002,29.230000000001382,TP,27.730000000001382,0.9486828600752676
2023-11-16 15:57:00,2023-11-16 16:17:00,largo,15774.799,15749.909,15799.689000000002,24.890000000001237,SL,-26.390000000001237,-1.060265166733625
2023-11-16 16:39:00,2023-11-16 16:46:00,largo,15751.059,15733.709,15768.408999999998,17.349999999998545,TP,15.849999999998545,0.913544668587889
2023-11-17 08:45:00,2023-11-17 08:55:00,corto,15842.749,15851.169,15834.329,8.420000000000073,TP,6.920000000000073,0.8218527315914504
2023-11-17 09:51:00,2023-11-17 11:42:00,corto,15838.579,15857.619,15819.538999999999,19.040000000000873,TP,17.540000000000873,0.9212184873949616
2023-11-17 12:18:00,2023-11-17 12:40:00,corto,15835.889,15847.337,15824.440999999999,11.44800000000032,SL,-12.94800000000032,-1.1310272536687593
2023-11-17 13:36:00,2023-11-17 13:40:00,corto,15841.569,15858.489,15824.649,16.920000000000073,TP,15.420000000000073,0.9113475177304968
2023-11-17 16:18:00,2023-11-17 16:57:00,largo,15789.009,15763.659,15814.359,25.350000000000364,TP,23.850000000000364,0.9408284023668647
2023-11-17 19:36:00,2023-11-17 20:33:00,corto,15847.749,15880.199,15815.298999999999,32.45000000000073,TP,30.950000000000728,0.9537750385208023
2023-11-21 03:48:00,2023-11-21 06:14:00,corto,16050.869,16064.999,16036.739000000001,14.1299999999992,TP,12.6299999999992,0.8938428874734548
2023-11-24 10:42:00,2023-11-24 10:48:00,largo,15994.609,15984.829,16004.389000000001,9.780000000000655,TP,8.280000000000655,0.846625766871176
2023-11-24 10:54:00,2023-11-24 11:13:00,largo,16008.109,15984.829,16031.389000000001,23.280000000000655,SL,-24.780000000000655,-1.0644329896907199
2023-11-24 11:15:00,2023-11-24 13:45:00,largo,15993.299,15980.159,16006.439000000002,13.140000000001237,TP,11.640000000001237,0.8858447488584582
2023-11-27 08:15:00,2023-11-27 08:25:00,largo,15944.269,15935.359,15953.179,8.909999999999854,TP,7.4099999999998545,0.8316498316498289
2023-11-27 14:57:00,2023-11-27 15:10:00,largo,15965.559,15927.519,16003.598999999998,38.039999999999054,TP,36.539999999999054,0.9605678233438476
2023-11-28 01:54:00,2023-11-28 04:06:00,largo,15966.669,15953.059,15980.279,13.610000000000582,SL,-15.110000000000582,-1.1102130786186581
2023-11-29 02:36:00,2023-11-29 07:43:00,corto,16027.989,16039.609,16016.368999999999,11.6200000000008,TP,10.1200000000008,0.8709122203098195
2023-11-29 16:21:00,2023-11-29 16:27:00,largo,16018.859,16006.929,16030.789,11.930000000000291,SL,-13.430000000000291,-1.1257334450963925
2023-11-29 16:39:00,2023-11-29 17:30:00,largo,16022.399,15992.869,16051.928999999998,29.529999999998836,TP,28.029999999998836,0.9492041991195375
2023-11-29 17:27:00,2023-11-29 19:36:00,largo,16049.859,16014.379,16085.339,35.47999999999956,SL,-36.97999999999956,-1.042277339346111
2023-11-30 20:36:00,2023-11-30 20:43:00,largo,15860.589,15834.809,15886.369,25.780000000000655,TP,24.280000000000655,0.9418153607447649
2023-12-04 14:36:00,2023-12-04 14:44:00,largo,15836.609,15804.099,15869.119,32.51000000000022,SL,-34.01000000000022,-1.0461396493386648
2023-12-06 16:45:00,2023-12-06 16:57:00,largo,15858.149,15836.659,15879.639,21.48999999999978,TP,19.98999999999978,0.9302000930665418
2023-12-06 19:36:00,2023-12-06 20:08:00,largo,15856.399,15831.059,15881.739,25.340000000000146,SL,-26.840000000000146,-1.0591949486977108
2023-12-07 06:33:00,2023-12-07 06:56:00,largo,15785.409,15775.139,15795.679,10.270000000000437,SL,-11.770000000000437,-1.146056475170393
2023-12-07 14:45:00,2023-12-07 15:21:00,corto,15899.719,15962.809,15836.628999999999,63.090000000000146,SL,-64.59000000000015,-1.02377555872563
2023-12-07 16:09:00,2023-12-07 16:14:00,corto,15969.279,15990.659,15947.899000000001,21.3799999999992,TP,19.8799999999992,0.9298409728718402
2023-12-13 17:48:00,2023-12-13 18:02:00,largo,16378.069,16366.779,16389.358999999997,11.289999999999054,SL,-12.789999999999054,-1.1328609388839792
2023-12-14 16:51:00,2023-12-14 17:59:00,largo,16571.389,16526.639,16616.139,44.75,SL,-46.25,-1.0335195530726258
2023-12-15 15:42:00,2023-12-15 15:53:00,corto,16632.369,16653.909,16610.828999999998,21.540000000000873,SL,-23.040000000000873,-1.0696378830083537
2023-12-19 12:18:00,2023-12-19 14:42:00,corto,16755.009,16780.429,16729.588999999996,25.42000000000189,SL,-26.92000000000189,-1.0590086546026707
2023-12-19 16:00:00,2023-12-19 16:04:00,corto,16787.079,16799.089,16775.069000000003,12.0099999999984,SL,-13.5099999999984,-1.1248959200666278
2023-12-19 19:12:00,2023-12-19 20:08:00,corto,16788.599,16801.789,16775.408999999996,13.190000000002328,TP,11.690000000002328,0.8862774829416425
2023-12-26 14:48:00,2023-12-26 15:25:00,corto,16838.099,16855.849,16820.349,17.75,SL,-19.25,-1.0845070422535212
2023-12-26 16:15:00,2023-12-26 16:25:00,corto,16841.149,16854.419,16827.879,13.270000000000437,TP,11.770000000000437,0.8869630746043745
2023-12-27 14:45:00,2023-12-27 15:00:00,corto,16891.459,16916.499,16866.418999999998,25.040000000000873,SL,-26.540000000000873,-1.0599041533546305
2023-12-27 15:39:00,2023-12-27 18:11:00,corto,16869.139,16919.299,16818.979,50.159999999999854,SL,-51.659999999999854,-1.0299043062200959
2023-12-27 18:12:00,2023-12-27 19:00:00,corto,16907.169,16927.599,16886.739000000005,20.429999999996653,TP,18.929999999996653,0.9265785609397824
2023-12-28 18:30:00,2023-12-28 20:16:00,largo,16932.709,16901.139,16964.279,31.56999999999971,SL,-33.06999999999971,-1.047513462147609
2023-12-28 20:18:00,2023-12-28 20:54:00,largo,16916.839,16899.929,16933.749,16.909999999999854,SL,-18.409999999999854,-1.088704908338262
2023-12-29 13:27:00,2023-12-29 14:32:00,largo,16894.829,16878.349,16911.309000000005,16.4800000000032,TP,14.980000000003201,0.9089805825242895
2023-12-29 14:48:00,2023-12-29 15:34:00,largo,16917.789,16886.269,16949.309,31.520000000000437,SL,-33.02000000000044,-1.047588832487309
2024-01-03 19:42:00,2024-01-03 20:50:00,largo,16448.589,16354.899,16542.279000000002,93.69000000000051,SL,-95.19000000000051,-1.016010246557797
2024-01-03 20:54:00,2024-01-03 23:02:00,largo,16372.349,16348.949,16395.749,23.399999999999636,TP,21.899999999999636,0.9358974358974349
2024-01-04 12:42:00,2024-01-04 13:06:00,largo,16362.019,16337.469,16386.569000000003,24.55000000000109,SL,-26.05000000000109,-1.0610997963340094
2024-01-04 16:27:00,2024-01-04 16:31:00,corto,16403.429,16421.879,16384.979,18.450000000000728,TP,16.950000000000728,0.9186991869918731
2024-01-04 16:57:00,2024-01-04 20:50:00,corto,16360.709,16421.879,16299.539,61.17000000000007,TP,59.67000000000007,0.9754781755762629
2024-01-04 21:03:00,2024-01-04 23:12:00,largo,16289.189,16273.899,16304.479000000001,15.290000000000873,TP,13.790000000000873,0.9018966644865981
2024-01-05 18:18:00,2024-01-05 18:25:00,largo,16280.979,16269.279,16292.678999999998,11.699999999998909,TP,10.199999999998909,0.8717948717948598
2024-01-15 08:51:00,2024-01-16 00:00:00,corto,16839.089,16884.099,16794.079,45.0099999999984,TP,43.5099999999984,0.966674072428348
2024-01-16 16:12:00,2024-01-16 16:22:00,largo,16838.065,16797.253,16878.876999999997,40.81199999999808,TP,39.31199999999808,0.9632461040870315
2024-01-16 16:21:00,2024-01-16 17:03:00,largo,16869.289,16797.253,16941.325,72.03600000000006,SL,-73.53600000000006,-1.0208229218723972
2024-01-18 06:18:00,2024-01-18 06:27:00,corto,16751.786,16759.553,16744.019,7.766999999999825,SL,-9.266999999999825,-1.193124758594056
2024-01-18 17:30:00,2024-01-18 19:24:00,corto,16875.71,16955.086,16796.334,79.3760000000002,SL,-80.8760000000002,-1.0188973997177988
2024-01-18 23:45:00,2024-01-18 23:54:00,corto,16994.243,17002.353,16986.132999999998,8.110000000000582,SL,-9.610000000000582,-1.1849568434031927
2024-01-19 16:33:00,2024-01-19 17:02:00,corto,17118.864,17145.095,17092.633,26.230999999999767,SL,-27.730999999999767,-1.0571842476459157
2024-01-22 18:45:00,2024-01-23 08:40:00,largo,17339.108,17303.054,17375.162,36.05400000000009,SL,-37.55400000000009,-1.041604260276252
2024-01-23 08:42:00,2024-01-23 09:12:00,largo,17309.765,17293.131,17326.398999999998,16.633999999998196,TP,15.133999999998196,0.9098232535770011
2024-01-23 14:48:00,2024-01-23 21:00:00,largo,17349.608,17282.62,17416.596,66.9880000000012,TP,65.4880000000012,0.9776079297784682
2024-01-24 17:12:00,2024-01-24 17:28:00,corto,17618.653,17643.521,17593.784999999996,24.868000000002212,SL,-26.368000000002212,-1.0603184815827515
2024-01-24 20:21:00,2024-01-24 20:29:00,largo,17506.665,17491.375,17521.955,15.290000000000873,SL,-16.790000000000873,-1.0981033355134018
2024-01-24 20:30:00,2024-01-24 20:40:00,largo,17508.564,17486.521,17530.606999999996,22.042999999997846,TP,20.542999999997846,0.9319511863176452
2024-01-25 16:54:00,2024-01-25 17:05:00,corto,17605.532,17632.897,17578.166999999998,27.3650000000016,TP,25.8650000000016,0.9451854558742951
2024-01-25 19:18:00,2024-01-25 19:56:00,largo,17454.087,17421.597,17486.576999999997,32.48999999999796,TP,30.989999999997963,0.9538319482917792
2024-01-25 20:30:00,2024-01-25 20:59:00,largo,17495.764,17471.197,17520.331,24.566999999999098,TP,23.066999999999098,0.938942483819756
2024-01-25 23:45:00,2024-01-26 00:21:00,largo,17430.742,17412.62,17448.863999999998,18.12199999999939,SL,-19.62199999999939,-1.082772320935882
2024-01-26 00:42:00,2024-01-26 01:00:00,largo,17423.489,17410.865,17436.113,12.623999999999796,SL,-14.123999999999796,-1.1188212927756673
2024-01-26 15:42:00,2024-01-28 23:00:00,largo,17486.742,17390.098,17583.385999999995,96.6439999999966,SL,-98.1439999999966,-1.0155208807582472
2024-01-29 16:48:00,2024-01-29 19:16:00,largo,17461.065,17408.71,17513.42,52.35499999999956,TP,50.85499999999956,0.9713494413141054
2024-01-29 19:48:00,2024-01-29 20:00:00,corto,17510.186,17524.098,17496.274,13.912000000000262,SL,-15.412000000000262,-1.1078205865439887
2024-01-30 08:39:00,2024-01-30 08:46:00,corto,17596.986,17607.443,17586.529000000002,10.456999999998516,SL,-11.956999999998516,-1.1434445825762851
2024-01-31 20:18:00,2024-01-31 20:51:00,largo,17197.232,17139.242,17255.222,57.9900000000016,SL,-59.4900000000016,-1.0258665287118462
2024-02-01 16:06:00,2024-02-01 16:24:00,largo,17186.719,17169.008,17204.43,17.71099999999933,TP,16.21099999999933,0.9153068714358277
2024-02-01 16:30:00,2024-02-01 16:41:00,largo,17201.42,17169.008,17233.831999999995,32.411999999996624,TP,30.911999999996624,0.9537208441317983
2024-02-01 16:48:00,2024-02-01 17:52:00,largo,17235.198,17169.008,17301.388,66.18999999999869,TP,64.68999999999869,0.9773379664601899
2024-02-06 14:45:00,2024-02-06 15:00:00,corto,17617.764,17680.165,17555.362999999998,62.40100000000166,TP,60.90100000000166,0.9759619236871211
2024-02-06 19:30:00,2024-02-06 20:07:00,largo,17519.319,17474.064,17564.574,45.25500000000102,TP,43.75500000000102,0.966854491216441
2024-02-08 17:39:00,2024-02-08 19:08:00,corto,17792.289,17816.553,17768.025,24.263999999999214,TP,22.763999999999214,0.9381800197823916
2024-02-08 20:15:00,2024-02-08 20:27:00,corto,17784.731,17794.031,17775.431,9.299999999999272,SL,-10.799999999999272,-1.1612903225806577
2024-02-09 16:51:00,2024-02-09 17:42:00,corto,17910.965,17928.699,17893.231,17.73400000000038,SL,-19.23400000000038,-1.0845832863426168
2024-02-12 23:39:00,2024-02-13 06:13:00,largo,17856.321,17838.875,17873.767,17.445999999999913,TP,15.945999999999913,0.914020405823684
2024-02-14 16:21:00,2024-02-14 17:02:00,largo,17672.342,17631.186,17713.498,41.15599999999904,SL,-42.65599999999904,-1.0364466906404908
2024-02-16 07:57:00,2024-02-16 08:05:00,corto,17898.61,17908.908,17888.312,10.297999999998865,SL,-11.797999999998865,-1.1456593513303714
2024-02-16 19:54:00,2024-02-16 20:11:00,largo,17723.831,17706.621,17741.040999999997,17.209999999999127,SL,-18.709999999999127,-1.087158628704246
2024-02-20 00:36:00,2024-02-20 01:21:00,largo,17674.632,17658.964,17690.300000000003,15.668000000001484,TP,14.168000000001484,0.904263466938993
2024-02-20 17:51:00,2024-02-20 19:49:00,largo,17450.753,17392.086,17509.420000000002,58.66700000000128,TP,57.16700000000128,0.9744319634547537
2024-02-21 18:42:00,2024-02-21 19:01:00,largo,17402.789,17368.297,17437.281000000003,34.49200000000201,SL,-35.99200000000201,-1.0434883451235044
2024-02-21 19:15:00,2024-02-21 19:23:00,largo,17407.354,17363.075,17451.632999999998,44.27899999999863,SL,-45.77899999999863,-1.033876103796383
2024-02-22 16:54:00,2024-02-22 17:20:00,corto,17900.02,17930.02,17870.02,30.0,SL,-31.5,-1.05
2024-02-23 15:15:00,2024-02-23 15:23:00,corto,18024.097,18043.889,18004.305000000004,19.791999999997643,TP,18.291999999997643,0.9242118027485763
2024-02-23 15:21:00,2024-02-23 16:00:00,corto,18000.698,18043.889,17957.507,43.190999999998894,TP,41.690999999998894,0.9652705424741257
2024-02-23 19:36:00,2024-02-23 20:09:00,largo,17973.276,17938.275,18008.277000000002,35.001000000000204,SL,-36.501000000000204,-1.0428559184023312
2024-02-26 03:30:00,2024-02-26 04:26:00,largo,17901.289,17894.308,17908.27,6.980999999999767,SL,-8.480999999999767,-1.214868929952736
2024-02-26 04:54:00,2024-02-26 06:38:00,largo,17901.242,17889.531,17912.952999999998,11.71099999999933,SL,-13.21099999999933,-1.1280847066860291
2024-02-26 17:33:00,2024-02-26 17:52:00,corto,17996.187,18015.087,17977.287000000004,18.899999999997817,TP,17.399999999997817,0.9206349206349115
2024-02-26 17:51:00,2024-02-26 20:59:00,corto,17974.52,18015.087,17933.953,40.5669999999991,TP,39.0669999999991,0.963024132915916
2024-02-27 00:36:00,2024-02-27 05:40:00,largo,17919.054,17892.875,17945.233,26.179000000000087,SL,-27.679000000000087,-1.0572978341418693
2024-02-27 18:09:00,2024-02-27 19:15:00,largo,17904.221,17863.897,17944.545000000002,40.324000000000524,TP,38.824000000000524,0.9628013093939098
2024-02-28 14:39:00,2024-02-28 14:48:00,largo,17899.119,17856.286,17941.951999999997,42.83299999999872,SL,-44.33299999999872,-1.0350197277799837
2024-02-28 17:42:00,2024-02-28 18:08:00,largo,17868.231,17853.21,17883.252,15.02100000000064,SL,-16.52100000000064,-1.0998601957259793
2024-02-28 20:54:00,2024-02-28 21:02:00,largo,17872.71,17848.831,17896.589,23.879000000000815,SL,-25.379000000000815,-1.0628167008668683
2024-02-29 00:12:00,2024-02-29 00:47:00,largo,17843.598,17825.92,17861.276000000005,17.67800000000352,TP,16.17800000000352,0.9151487724855922
2024-02-29 10:39:00,2024-02-29 10:46:00,largo,17829.387,17821.465,17837.308999999997,7.921999999998661,SL,-9.421999999998661,-1.1893461247160129
2024-02-29 12:54:00,2024-02-29 13:30:00,largo,17833.075,17815.71,17850.440000000002,17.3650000000016,TP,15.8650000000016,0.9136193492657725
2024-03-01 13:18:00,2024-03-01 13:23:00,corto,18064.443,18071.189,18057.697,6.745999999999185,TP,5.245999999999185,0.7776460124517964
2024-03-04 09:18:00,2024-03-04 10:01:00,corto,18315.265,18340.932,18289.597999999998,25.66700000000128,TP,24.16700000000128,0.9415592005298662
2024-03-07 02:39:00,2024-03-07 03:41:00,largo,17920.075,17907.443,17932.707000000002,12.632000000001426,TP,11.132000000001426,0.8812539582014067
2024-03-07 16:30:00,2024-03-07 16:42:00,corto,18250.821,18271.81,18229.832,20.989000000001397,SL,-22.489000000001397,-1.0714660060031398
2024-03-07 16:45:00,2024-03-07 16:55:00,corto,18253.075,18274.831,18231.319000000003,21.755999999997584,SL,-23.255999999997584,-1.0689464975179337
2024-03-08 13:57:00,2024-03-08 14:02:00,corto,18331.108,18349.243,18312.973,18.1349999999984,SL,-19.6349999999984,-1.0827129859387996
2024-03-08 14:12:00,2024-03-08 14:37:00,corto,18314.231,18354.098,18274.363999999998,39.86700000000201,TP,38.36700000000201,0.9623748965309673
2024-03-11 00:57:00,2024-03-11 02:57:00,corto,18010.41,18039.098,17981.721999999998,28.68800000000192,TP,27.18800000000192,0.9477133296151736
2024-03-11 03:06:00,2024-03-11 03:21:00,largo,17965.986,17956.053,17975.919,9.933000000000902,TP,8.433000000000902,0.848988221081258
2024-03-11 06:18:00,2024-03-11 07:04:00,corto,18011.931,18032.498,17991.364,20.566999999999098,TP,19.066999999999098,0.9270676326153515
2024-03-11 08:18:00,2024-03-11 09:21:00,largo,18024.699,17992.932,18056.466,31.766999999999825,SL,-33.266999999999825,-1.047218811974691
2024-03-11 23:36:00,2024-03-12 03:54:00,corto,18034.021,18049.476,18018.566000000003,15.454999999998108,SL,-16.95499999999811,-1.0970559689421018
2024-03-12 10:15:00,2024-03-12 10:26:00,corto,18018.91,18033.965,18003.855,15.055000000000291,SL,-16.55500000000029,-1.0996346728661555
2024-03-13 13:09:00,2024-03-13 14:42:00,largo,18091.187,18042.419,18139.955,48.76800000000003,SL,-50.26800000000003,-1.030757874015748
2024-03-14 14:33:00,2024-03-14 14:37:00,largo,18034.797,18011.62,18057.974,23.17699999999968,TP,21.67699999999968,0.9352806661776752
2024-03-14 14:45:00,2024-03-14 15:06:00,largo,18041.62,18011.62,18071.62,30.0,SL,-31.5,-1.05
2024-03-14 15:30:00,2024-03-14 16:02:00,largo,18036.154,17990.832,18081.476,45.322000000000116,SL,-46.822000000000116,-1.033096509421473
2024-03-19 04:24:00,2024-03-19 04:51:00,largo,17936.886,17924.142,17949.629999999997,12.743999999998778,TP,11.243999999998778,0.8822975517890659
2024-03-19 05:18:00,2024-03-19 06:01:00,largo,17940.489,17924.687,17956.291,15.80199999999968,SL,-17.30199999999968,-1.0949246930768277
2024-03-19 06:03:00,2024-03-19 07:06:00,largo,17938.789,17920.419,17957.159,18.36999999999898,SL,-19.86999999999898,-1.0816548720740382
2024-03-19 07:48:00,2024-03-19 10:01:00,largo,17987.764,17909.82,18065.708,77.9439999999995,SL,-79.4439999999995,-1.0192445858565125
2024-03-19 17:54:00,2024-03-19 18:14:00,corto,18013.232,18042.043,17984.421,28.811000000001513,TP,27.311000000001513,0.9479365520113873
2024-03-21 02:03:00,2024-03-21 02:07:00,corto,18344.276,18347.199,18341.353000000003,2.922999999998865,SL,-4.422999999998865,-1.513171399247548
2024-03-21 17:18:00,2024-03-21 17:35:00,largo,18367.543,18341.809,18393.277000000002,25.73400000000038,SL,-27.23400000000038,-1.0582886453718807
2024-03-22 16:18:00,2024-03-22 16:49:00,corto,18360.554,18374.608,18346.5,14.054000000000087,SL,-15.554000000000087,-1.106731179735306
2024-03-24 23:45:00,2024-03-25 00:41:00,corto,18348.365,18362.032,18334.698000000004,13.666999999997643,SL,-15.166999999997643,-1.1097534206482957
2024-03-25 00:54:00,2024-03-25 01:17:00,corto,18351.532,18365.542,18337.521999999997,14.010000000002037,TP,12.510000000002037,0.8929336188436987
2024-03-25 04:39:00,2024-03-25 05:01:00,largo,18321.775,18314.42,18329.130000000005,7.355000000003201,SL,-8.855000000003201,-1.2039428959890344
2024-03-25 17:30:00,2024-03-25 17:53:00,corto,18320.576,18337.943,18303.209000000003,17.36699999999837,SL,-18.86699999999837,-1.086370703057531
2024-03-26 13:21:00,2024-03-26 13:28:00,corto,18358.886,18379.409,18338.362999999998,20.523000000001048,TP,19.023000000001048,0.9269112702821263
2024-03-26 14:15:00,2024-03-26 14:22:00,corto,18337.331,18347.989,18326.672999999995,10.658000000003085,SL,-12.158000000003085,-1.1407393507224213
2024-03-26 14:27:00,2024-03-26 14:47:00,corto,18339.398,18351.775,18327.021,12.377000000000407,TP,10.877000000000407,0.8788074654601317
2024-03-26 16:03:00,2024-03-26 18:18:00,largo,18316.954,18300.331,18333.577000000005,16.62300000000323,SL,-18.12300000000323,-1.0902364194188598
2024-03-27 16:54:00,2024-03-27 17:26:00,largo,18212.375,18185.61,18239.14,26.764999999999418,TP,25.264999999999418,0.9439566598169239
2024-03-28 13:18:00,2024-03-31 22:03:00,corto,18263.143,18318.354,18207.932,55.21099999999933,SL,-56.71099999999933,-1.0271684990309906
2024-04-01 04:18:00,2024-04-01 04:45:00,corto,18362.51,18370.609,18354.410999999996,8.099000000001979,SL,-9.599000000001979,-1.1852080503765445
2024-04-01 14:15:00,2024-04-01 14:19:00,corto,18351.597,18389.807,18313.387000000002,38.20999999999913,TP,36.70999999999913,0.9607432609264581
2024-04-01 14:27:00,2024-04-01 15:02:00,corto,18321.221,18389.807,18252.635000000002,68.58599999999933,TP,67.08599999999933,0.9781296474499167
2024-04-01 15:42:00,2024-04-01 15:54:00,largo,18250.332,18212.642,18288.021999999997,37.68999999999869,SL,-39.18999999999869,-1.039798355001328
2024-04-03 23:45:00,2024-04-04 12:39:00,corto,18233.789,18281.31,18186.268,47.52100000000064,SL,-49.02100000000064,-1.0315649923191847
2024-04-05 02:39:00,2024-04-05 03:53:00,largo,17889.698,17870.82,17908.576,18.87800000000061,TP,17.37800000000061,0.9205424303421998
2024-04-05 12:42:00,2024-04-05 14:57:00,largo,17985.687,17858.219,18113.155000000002,127.46800000000076,TP,125.96800000000076,0.9882323406658927
2024-04-05 15:12:00,2024-04-05 15:43:00,corto,18077.619,18131.408,18023.829999999998,53.78900000000067,SL,-55.28900000000067,-1.0278867426425473
2024-04-08 00:15:00,2024-04-08 00:21:00,largo,18113.799,18103.798,18123.8,10.001000000000204,SL,-11.501000000000204,-1.149985001499847
2024-04-09 13:33:00,2024-04-09 14:27:00,corto,18176.519,18212.943,18140.095,36.42399999999907,TP,34.92399999999907,0.958818361519876
2024-04-09 20:12:00,2024-04-09 22:13:00,corto,18201.986,18216.843,18187.129,14.856999999999971,TP,13.356999999999971,0.8990374907451031
2024-04-10 09:42:00,2024-04-10 12:29:00,corto,18181.508,18222.289,18140.727000000003,40.78099999999904,SL,-42.28099999999904,-1.0367818346779145
2024-04-10 12:30:00,2024-04-11 14:24:00,corto,17950.797,18279.921,17621.673,329.1239999999998,tiempo,-87.65600000000268,-0.2663312307823274
2024-04-11 15:42:00,2024-04-11 15:56:00,corto,18081.253,18112.589,18049.917,31.33599999999933,SL,-32.83599999999933,-1.047868266530509
2024-04-15 00:30:00,2024-04-15 01:15:00,corto,18054.808,18076.654,18032.962000000003,21.84599999999773,TP,20.34599999999773,0.9313375446305888
2024-04-15 04:48:00,2024-04-15 05:00:00,corto,18069.71,18081.81,18057.609999999997,12.100000000002183,SL,-13.600000000002183,-1.123966942148738
2024-04-15 15:24:00,2024-04-15 15:28:00,largo,18002.819,17986.12,18019.518,16.699000000000524,TP,15.199000000000524,0.910174261931855
2024-04-15 15:48:00,2024-04-15 16:23:00,largo,18023.399,17986.12,18060.678000000004,37.27900000000227,SL,-38.77900000000227,-1.0402371308243223
2024-04-16 04:06:00,2024-04-16 04:16:00,largo,17670.154,17665.465,17674.842999999997,4.688999999998487,SL,-6.188999999998487,-1.3198976327576208
2024-04-16 06:45:00,2024-04-16 08:04:00,largo,17682.22,17657.453,17706.987,24.766999999999825,TP,23.266999999999825,0.939435539225582
2024-04-16 17:54:00,2024-04-16 18:07:00,largo,17711.599,17651.376,17771.821999999996,60.22299999999814,TP,58.72299999999814,0.97509257260515
2024-04-16 18:12:00,2024-04-16 18:21:00,corto,17755.742,17821.343,17690.140999999996,65.60100000000239,TP,64.10100000000239,0.9771344949009932
2024-04-16 18:27:00,2024-04-17 16:04:00,corto,17690.864,17821.343,17560.385000000002,130.47899999999936,TP,128.97899999999936,0.9885038971788563
2024-04-18 17:27:00,2024-04-18 18:09:00,largo,17435.175,17384.465,17485.885,50.70999999999913,SL,-52.20999999999913,-1.029579964504043
2024-04-18 18:12:00,2024-04-18 18:21:00,largo,17400.987,17372.609,17429.365,28.37800000000061,TP,26.87800000000061,0.9471421523715565
2024-04-21 23:03:00,2024-04-21 23:43:00,corto,17108.732,17121.754,17095.71,13.022000000000844,SL,-14.522000000000844,-1.1151896790047537
2024-04-21 23:48:00,2024-04-21 23:58:00,corto,17117.609,17127.642,17107.576,10.032999999999447,SL,-11.532999999999447,-1.1495066281271886
2024-04-22 15:15:00,2024-04-22 15:29:00,largo,17034.675,17004.92,17064.43,29.75500000000102,TP,28.25500000000102,0.9495883044866427
2024-04-23 15:00:00,2024-04-23 15:22:00,corto,17405.021,17462.432,17347.61,57.41100000000006,SL,-58.91100000000006,-1.026127397188692
2024-04-23 17:09:00,2024-04-23 17:13:00,corto,17455.489,17474.799,17436.179000000004,19.30999999999767,TP,17.80999999999767,0.9223200414293019
2024-04-23 17:30:00,2024-04-23 17:43:00,corto,17449.065,17474.799,17423.331,25.73400000000038,SL,-27.23400000000038,-1.0582886453718807
2024-04-24 15:36:00,2024-04-24 15:44:00,largo,17538.799,17497.52,17580.077999999998,41.27899999999863,SL,-42.77899999999863,-1.0363380895855048
2024-04-25 00:42:00,2024-04-25 02:51:00,largo,17351.199,17324.021,17378.377,27.177999999999884,SL,-28.677999999999884,-1.0551916991684454
2024-04-25 12:27:00,2024-04-25 12:30:00,largo,17341.697,17322.964,17360.43,18.733000000000175,SL,-20.233000000000175,-1.0800725991565678
2024-04-26 14:27:00,2024-04-26 14:42:00,corto,17664.91,17711.31,17618.51,46.400000000001455,SL,-47.900000000001455,-1.0323275862068955
2024-04-26 15:21:00,2024-04-26 17:00:00,corto,17699.275,17758.486,17640.064000000002,59.21099999999933,SL,-60.71099999999933,-1.0253331306682882
2024-04-28 23:00:00,2024-04-28 23:07:00,corto,17727.532,17733.731,17721.333,6.199000000000524,SL,-7.699000000000524,-1.241974512018047
2024-04-28 23:24:00,2024-04-28 23:31:00,largo,17733.164,17724.331,17741.997000000003,8.833000000002357,TP,7.333000000002357,0.8301822710291408
2024-04-29 04:03:00,2024-04-29 04:10:00,corto,17772.175,17775.799,17768.551,3.6239999999997963,SL,-5.123999999999796,-1.4139072847682352
2024-04-29 16:51:00,2024-04-29 17:06:00,corto,17768.71,17788.665,17748.754999999997,19.955000000001746,TP,18.455000000001746,0.9248308694562832
2024-05-01 16:03:00,2024-05-01 16:12:00,largo,17310.776,17282.331,17339.221000000005,28.445000000003347,TP,26.945000000003347,0.9472666549481518
2024-05-01 16:09:00,2024-05-01 18:00:00,largo,17332.619,17282.331,17382.907,50.288000000000466,TP,48.788000000000466,0.9701718103722561
2024-05-01 18:09:00,2024-05-01 18:26:00,corto,17361.82,17413.197,17310.443,51.37700000000041,SL,-52.87700000000041,-1.0291959437102203
2024-05-02 14:45:00,2024-05-02 17:24:00,largo,17381.82,17282.131,17481.509,99.68899999999849,TP,98.18899999999849,0.9849532044658886
2024-05-06 10:33:00,2024-05-06 12:21:00,corto,17933.02,17950.699,17915.341,17.679000000000087,SL,-19.179000000000087,-1.0848464279653822
2024-05-07 15:27:00,2024-05-07 16:10:00,corto,18137.964,18154.875,18121.053,16.911000000000058,SL,-18.411000000000058,-1.0886996629412806
2024-05-08 17:30:00,2024-05-08 17:45:00,largo,18049.097,18034.042,18064.152000000002,15.055000000000291,TP,13.555000000000291,0.9003653271338445
2024-05-09 07:00:00,2024-05-09 07:06:00,largo,18045.775,18032.464,18059.086000000003,13.311000000001513,TP,11.811000000001513,0.8873112463376284
2024-05-09 07:33:00,2024-05-09 07:56:00,largo,18036.176,18025.41,18046.942,10.765999999999622,SL,-12.265999999999622,-1.139327512539481
2024-05-09 14:21:00,2024-05-09 14:37:00,largo,18064.809,18031.409,18098.209000000003,33.400000000001455,TP,31.900000000001455,0.9550898203592834
2024-05-09 15:36:00,2024-05-09 15:46:00,corto,18121.608,18140.089,18103.127,18.480999999999767,TP,16.980999999999767,0.9188355608462735
2024-05-09 15:54:00,2024-05-09 20:13:00,corto,18082.764,18140.089,18025.439,57.32500000000073,SL,-58.82500000000073,-1.026166593981683
2024-05-10 16:27:00,2024-05-10 16:37:00,corto,18137.042,18147.389,18126.695000000003,10.346999999997934,TP,8.846999999997934,0.8550304436068136
2024-05-10 16:42:00,2024-05-10 16:48:00,corto,18130.231,18147.389,18113.073,17.157999999999447,SL,-18.657999999999447,-1.087422776547386
2024-05-12 23:51:00,2024-05-13 00:07:00,corto,18150.409,18159.043,18141.774999999998,8.634000000001834,TP,7.1340000000018335,0.8262682418346443
2024-05-13 00:24:00,2024-05-13 00:57:00,corto,18144.387,18158.799,18129.975,14.412000000000262,SL,-15.912000000000262,-1.1040799333888407
2024-05-13 17:51:00,2024-05-14 12:30:00,largo,18181.731,18138.831,18224.631,42.900000000001455,SL,-44.400000000001455,-1.0349650349650337
2024-05-14 17:54:00,2024-05-14 18:04:00,corto,18231.789,18246.109,18217.469,14.319999999999709,SL,-15.819999999999709,-1.1047486033519573
2024-05-15 02:45:00,2024-05-15 04:29:00,corto,18330.619,18340.819,18320.418999999998,10.200000000000728,TP,8.700000000000728,0.8529411764705987
2024-05-15 22:36:00,2024-05-15 22:56:00,corto,18607.089,18611.099,18603.079,4.009999999998399,SL,-5.509999999998399,-1.3740648379053861
2024-05-16 15:24:00,2024-05-16 17:21:00,corto,18639.343,18670.932,18607.754,31.588999999999942,TP,30.088999999999942,0.9525151160213998
2024-05-16 18:30:00,2024-05-16 19:39:00,largo,18591.653,18568.553,18614.752999999997,23.099999999998545,SL,-24.599999999998545,-1.064935064935069
2024-05-17 15:24:00,2024-05-17 15:48:00,largo,18565.831,18540.432,18591.229999999996,25.398999999997613,SL,-26.898999999997613,-1.059057443206431
2024-05-17 15:51:00,2024-05-17 16:43:00,largo,18555.008,18533.432,18576.584000000003,21.57600000000093,SL,-23.07600000000093,-1.0695216907675165
2024-05-17 19:06:00,2024-05-17 19:22:00,largo,18533.542,18519.942,18547.142000000003,13.600000000002183,TP,12.100000000002183,0.8897058823529589
2024-05-17 19:57:00,2024-05-19 23:49:00,largo,18551.71,18519.942,18583.478,31.76800000000003,TP,30.26800000000003,0.9527826743893226
2024-05-20 19:18:00,2024-05-20 19:26:00,corto,18677.519,18686.887,18668.151,9.367999999998574,SL,-10.867999999998574,-1.1601195559351225
2024-05-20 19:39:00,2024-05-20 20:12:00,corto,18673.431,18695.864,18650.998,22.433000000000902,TP,20.933000000000902,0.9331342219052315
2024-05-21 13:39:00,2024-05-21 14:30:00,largo,18620.698,18590.643,18650.753,30.05500000000029,TP,28.55500000000029,0.9500914989186496
2024-05-21 15:45:00,2024-05-21 16:12:00,corto,18659.498,18678.942,18640.054,19.443999999999505,SL,-20.943999999999505,-1.0771446204484694
2024-05-21 16:33:00,2024-05-21 16:58:00,corto,18672.209,18687.521,18656.896999999997,15.312000000001717,TP,13.812000000001717,0.9020376175548699
2024-05-22 04:24:00,2024-05-22 04:38:00,corto,18725.664,18728.275,18723.053,2.611000000000786,TP,1.1110000000007858,0.4255074684030837
2024-05-22 04:42:00,2024-05-22 05:19:00,corto,18722.676,18728.275,18717.076999999997,5.599000000001979,SL,-7.099000000001979,-1.2679049830325897
2024-05-22 11:09:00,2024-05-22 12:15:00,corto,18713.732,18725.697,18701.767,11.965000000000146,TP,10.465000000000146,0.87463435018805
2024-05-22 13:06:00,2024-05-22 13:30:00,corto,18711.654,18727.332,18695.976,15.677999999999884,SL,-17.177999999999884,-1.0956754688097978
2024-05-22 16:45:00,2024-05-22 17:37:00,corto,18719.92,18750.719,18689.120999999996,30.799000000002707,TP,29.299000000002707,0.9512971200363691
2024-05-27 07:45:00,2024-05-27 13:30:00,corto,18802.532,18816.953,18788.110999999997,14.421000000002095,SL,-15.921000000002095,-1.1040149781568396
2024-05-28 13:12:00,2024-05-28 13:36:00,largo,18851.354,18832.553,18870.155,18.800999999999476,SL,-20.300999999999476,-1.0797829902664775
2024-05-28 18:39:00,2024-05-28 18:58:00,largo,18775.565,18750.487,18800.642999999996,25.0779999999977,TP,23.5779999999977,0.9401866177526064
2024-05-29 08:21:00,2024-05-29 08:33:00,largo,18765.442,18749.419,18781.464999999997,16.02299999999741,SL,-17.52299999999741,-1.0936154278225203
2024-05-29 19:12:00,2024-05-29 19:23:00,largo,18768.742,18750.199,18787.284999999996,18.542999999997846,TP,17.042999999997846,0.9191069406244851
2024-05-29 23:15:00,2024-05-29 23:27:00,largo,18665.276,18652.876,18677.676000000003,12.400000000001455,SL,-13.900000000001455,-1.1209677419354698
2024-05-30 00:06:00,2024-05-30 00:14:00,largo,18661.309,18655.642,18666.976000000002,5.667000000001281,TP,4.167000000001281,0.7353096876654912
2024-05-30 00:12:00,2024-05-30 00:37:00,largo,18668.432,18655.142,18681.722,13.290000000000873,SL,-14.790000000000873,-1.1128668171557488
2024-05-30 13:45:00,2024-05-30 14:12:00,largo,18680.908,18634.854,18726.962,46.05400000000009,SL,-47.55400000000009,-1.0325704607634516
2024-05-30 15:15:00,2024-05-30 15:41:00,largo,18594.11,18559.32,18628.9,34.79000000000087,TP,33.29000000000087,0.9568841621155515
2024-05-30 15:39:00,2024-05-30 19:24:00,largo,18630.11,18559.32,18700.9,70.79000000000087,SL,-72.29000000000087,-1.0211894335358098
2024-06-05 23:30:00,2024-06-06 00:14:00,corto,19047.542,19062.086,19032.998000000003,14.54399999999805,TP,13.04399999999805,0.896864686468633
2024-06-06 08:09:00,2024-06-06 08:18:00,corto,19044.499,19057.389,19031.609,12.889999999999418,SL,-14.389999999999418,-1.1163692785104784
2024-06-06 11:36:00,2024-06-06 11:45:00,corto,19050.242,19055.989,19044.494999999995,5.747000000003027,TP,4.247000000003027,0.7389942578738107
2024-06-06 18:12:00,2024-06-06 18:42:00,largo,18994.42,18973.21,19015.629999999997,21.209999999999127,TP,19.709999999999127,0.9292786421499264
2024-06-07 03:00:00,2024-06-07 03:23:00,corto,19048.909,19053.489,19044.328999999998,4.580000000001746,TP,3.0800000000017462,0.6724890829695572
2024-06-07 12:57:00,2024-06-07 16:55:00,corto,18944.198,19097.686,18790.71,153.4880000000012,SL,-154.9880000000012,-1.0097727509642447
2024-06-07 18:39:00,2024-06-10 07:02:00,largo,19017.398,18957.854,19076.942000000003,59.54400000000169,SL,-61.04400000000169,-1.0251914550584436
2024-06-11 11:12:00,2024-06-11 11:53:00,largo,19007.187,18993.664,19020.710000000003,13.523000000001048,TP,12.023000000001048,0.8890778673371379
2024-06-11 11:51:00,2024-06-11 13:34:00,largo,19021.264,18993.664,19048.863999999998,27.599999999998545,TP,26.099999999998545,0.9456521739130406
2024-06-11 14:09:00,2024-06-11 14:41:00,largo,19034.019,18995.775,19072.263,38.24399999999878,TP,36.74399999999878,0.9607781612801995
2024-06-11 14:39:00,2024-06-11 18:04:00,largo,19070.553,18995.775,19145.331,74.77799999999843,TP,73.27799999999843,0.979940624247773
2024-06-12 00:18:00,2024-06-12 00:33:00,corto,19220.475,19228.097,19212.852999999996,7.622000000003027,TP,6.122000000003027,0.8032012595120173
2024-06-12 02:18:00,2024-06-12 03:26:00,corto,19221.098,19227.953,19214.243000000002,6.854999999999563,SL,-8.354999999999563,-1.2188183807439965
2024-06-14 02:57:00,2024-06-14 03:18:00,corto,19610.486,19614.732,19606.24,4.245999999999185,SL,-5.745999999999185,-1.3532736693359133
2024-06-14 13:54:00,2024-06-14 13:59:00,corto,19601.142,19615.689,19586.595,14.546999999998661,SL,-16.04699999999866,-1.1031140441328204
2024-06-14 19:51:00,2024-06-14 19:59:00,corto,19632.364,19658.52,19606.208000000002,26.15599999999904,SL,-27.65599999999904,-1.0573482183820178
2024-06-17 01:45:00,2024-06-17 06:01:00,largo,19678.565,19664.62,19692.51,13.944999999999709,SL,-15.444999999999709,-1.1075654356400166
2024-06-17 06:30:00,2024-06-17 07:03:00,largo,19673.853,19655.053,19692.653,18.799999999999272,TP,17.299999999999272,0.9202127659574437
2024-06-17 08:03:00,2024-06-17 08:07:00,corto,19699.386,19707.099,19691.673,7.712999999999738,SL,-9.212999999999738,-1.1944768572539934
2024-06-17 11:42:00,2024-06-17 12:31:00,corto,19695.786,19705.599,19685.973,9.812999999998283,TP,8.312999999998283,0.8471415469275183
2024-06-17 12:39:00,2024-06-17 12:53:00,largo,19676.065,19663.819,19688.310999999998,12.245999999999185,SL,-13.745999999999185,-1.1224889759921688
2024-06-17 13:27:00,2024-06-17 13:31:00,largo,19675.609,19661.275,19689.943,14.333999999998923,TP,12.833999999998923,0.8953537044788535
2024-06-17 14:03:00,2024-06-17 14:16:00,largo,19681.299,19661.821,19700.777,19.477999999999156,TP,17.977999999999156,0.9229900400451758
2024-06-17 14:39:00,2024-06-17 15:00:00,corto,19680.397,19704.597,19656.197,24.200000000000728,SL,-25.700000000000728,-1.0619834710743783
2024-06-17 15:09:00,2024-06-17 15:16:00,corto,19717.042,19734.599,19699.485000000004,17.55699999999706,SL,-19.05699999999706,-1.0854360084297006
2024-06-17 15:33:00,2024-06-17 15:46:00,corto,19726.82,19740.409,19713.231,13.588999999999942,SL,-15.088999999999942,-1.1103833983368907
2024-06-20 13:36:00,2024-06-20 13:44:00,largo,19940.91,19913.365,19968.454999999998,27.544999999998254,TP,26.044999999998254,0.9455436558359014
2024-06-21 08:57:00,2024-06-21 09:33:00,largo,19703.82,19675.587,19732.053,28.233000000000175,TP,26.733000000000175,0.9468706832430138
2024-06-21 13:57:00,2024-06-21 14:13:00,largo,19681.142,19640.897,19721.387,40.24499999999898,TP,38.74499999999898,0.9627282892284746
2024-06-21 14:39:00,2024-06-21 14:47:00,largo,19689.232,19669.887,19708.577,19.345000000001164,TP,17.845000000001164,0.9224605841302709
2024-06-21 14:45:00,2024-06-21 15:03:00,largo,19711.297,19669.887,19752.707,41.409999999999854,TP,39.909999999999854,0.963776865491427
2024-06-21 16:06:00,2024-06-21 16:25:00,corto,19786.043,19803.989,19768.097,17.945999999999913,TP,16.445999999999913,0.916415914409896
2024-06-21 16:42:00,2024-06-21 17:20:00,corto,19753.643,19803.989,19703.297,50.34600000000137,TP,48.84600000000137,0.970206173280897
2024-06-21 17:45:00,2024-06-21 17:52:00,largo,19694.286,19677.098,19711.474,17.187999999998283,TP,15.687999999998283,0.9127298114963841
2024-06-23 23:48:00,2024-06-24 01:12:00,corto,19733.098,19753.987,19712.209000000003,20.888999999999214,TP,19.388999999999214,0.9281918713198307
2024-06-24 08:48:00,2024-06-24 09:15:00,corto,19735.62,19754.897,19716.342999999997,19.277000000001863,TP,17.777000000001863,0.922187062302233
2024-06-24 17:15:00,2024-06-24 17:32:00,largo,19565.942,19530.342,19601.541999999998,35.599999999998545,SL,-37.099999999998545,-1.042134831460676
2024-06-24 19:30:00,2024-06-24 19:38:00,largo,19564.108,19544.608,19583.608,19.5,SL,-21.0,-1.0769230769230769
2024-06-27 00:15:00,2024-06-27 00:38:00,largo,19654.608,19646.154,19663.062,8.454000000001543,SL,-9.954000000001543,-1.1774308019871926
2024-06-27 13:48:00,2024-06-27 14:14:00,corto,19786.043,19842.919,19729.167,56.876000000000204,SL,-58.376000000000204,-1.0263731626696673
2024-06-28 08:03:00,2024-06-28 08:28:00,corto,19847.386,19859.51,19835.262,12.123999999999796,SL,-13.623999999999796,-1.1237215440448718
2024-06-28 17:18:00,2024-06-28 18:22:00,largo,19814.042,19769.22,19858.864,44.822000000000116,SL,-46.322000000000116,-1.0334657088037125
2024-06-30 23:36:00,2024-07-01 00:01:00,largo,19721.875,19689.176,19754.574,32.699000000000524,SL,-34.199000000000524,-1.045872962475916
2024-07-01 00:15:00,2024-07-01 05:43:00,largo,19723.999,19686.698,19761.3,37.300999999999476,TP,35.800999999999476,0.9597866008954178
2024-07-01 08:30:00,2024-07-01 08:36:00,corto,19733.153,19746.065,19720.240999999998,12.912000000000262,TP,11.412000000000262,0.8838289962825302
2024-07-01 08:45:00,2024-07-01 09:07:00,largo,19703.865,19671.354,19736.376000000004,32.51100000000224,SL,-34.01100000000224,-1.0461382301374889
2024-07-01 09:30:00,2024-07-01 10:02:00,largo,19677.342,19656.276,19698.408,21.065999999998894,TP,19.565999999998894,0.9287952150384469
2024-07-01 12:24:00,2024-07-01 12:32:00,corto,19737.887,19746.408,19729.365999999998,8.52100000000064,TP,7.02100000000064,0.8239643234362296
2024-07-01 13:30:00,2024-07-01 13:46:00,corto,19702.809,19749.099,19656.519000000004,46.289999999997235,TP,44.789999999997235,0.9675955930006461
2024-07-01 15:24:00,2024-07-01 16:09:00,largo,19699.098,19643.597,19754.599000000002,55.501000000000204,TP,54.001000000000204,0.9729734599376589
2024-07-02 13:48:00,2024-07-02 14:40:00,corto,19811.142,19859.11,19763.174,47.96800000000076,SL,-49.46800000000076,-1.031270847231487
2024-07-03 06:15:00,2024-07-03 07:01:00,corto,20007.286,20020.708,19993.864,13.421999999998661,TP,11.921999999998661,0.8882431828341417
2024-07-03 12:15:00,2024-07-03 12:31:00,corto,19996.143,20015.499,19976.787,19.355999999999767,TP,17.855999999999767,0.9225046497210158
2024-07-08 07:18:00,2024-07-08 08:33:00,largo,20366.742,20355.186,20378.297999999995,11.555999999996857,TP,10.055999999996857,0.8701973001038068
2024-07-10 14:30:00,2024-07-10 14:55:00,corto,20538.731,20571.807,20505.655,33.07600000000093,TP,31.57600000000093,0.9546498972064349
2024-07-10 16:09:00,2024-07-10 16:15:00,corto,20541.02,20550.62,20531.420000000002,9.599999999998545,SL,-11.099999999998545,-1.1562500000000238
2024-07-11 12:57:00,2024-07-11 14:11:00,corto,20666.053,20758.354,20573.752,92.30099999999948,TP,90.80099999999948,0.9837488217895797
2024-07-12 15:15:00,2024-07-12 15:58:00,corto,20436.02,20458.276,20413.764,22.256000000001222,TP,20.756000000001222,0.932602444284691
2024-07-15 17:39:00,2024-07-15 17:47:00,largo,20380.708,20356.276,20405.139999999996,24.43199999999706,SL,-25.93199999999706,-1.0613948919449976
2024-07-16 14:15:00,2024-07-16 14:20:00,largo,20311.489,20282.764,20340.214000000004,28.725000000002183,TP,27.225000000002183,0.9477806788511789
2024-07-16 17:42:00,2024-07-16 17:48:00,largo,20304.92,20292.432,20317.407999999996,12.487999999997555,TP,10.987999999997555,0.8798846893017062
2024-07-16 18:54:00,2024-07-17 06:15:00,largo,20375.31,20283.199,20467.421000000002,92.11100000000079,SL,-93.61100000000079,-1.0162846999815438
2024-07-18 06:51:00,2024-07-18 07:01:00,corto,19953.542,19969.475,19937.609000000004,15.932999999997264,TP,14.432999999997264,0.9058557710412191
2024-07-18 13:36:00,2024-07-18 13:45:00,corto,19907.208,19969.689,19844.727,62.48099999999977,TP,60.98099999999977,0.9759927017813415
2024-07-18 13:51:00,2024-07-18 14:41:00,corto,19846.975,19969.689,19724.261,122.71399999999994,TP,121.21399999999994,0.9877764558241113
2024-07-22 14:06:00,2024-07-22 14:35:00,corto,19740.697,19804.019,19677.375,63.322000000000116,SL,-64.82200000000012,-1.023688449512018
2024-07-22 15:15:00,2024-07-22 17:31:00,corto,19701.854,19815.31,19588.397999999997,113.45600000000195,SL,-114.95600000000195,-1.0132209843463542
2024-07-22 18:27:00,2024-07-22 19:00:00,corto,19836.932,19861.72,19812.144,24.788000000000466,TP,23.288000000000466,0.9394868484750697
2024-07-23 14:36:00,2024-07-23 15:14:00,corto,19803.576,19874.309,19732.843,70.73300000000017,SL,-72.23300000000017,-1.0212065089844908
2024-07-23 16:15:00,2024-07-23 16:22:00,corto,19841.119,19865.642,19816.595999999998,24.523000000001048,TP,23.023000000001048,0.9388329323492258
2024-07-25 06:45:00,2024-07-25 08:04:00,largo,19105.919,18991.209,19220.629000000004,114.71000000000276,SL,-116.21000000000276,-1.0130764536657655
2024-07-25 09:27:00,2024-07-25 09:39:00,largo,19021.876,18999.521,19044.231,22.354999999999563,SL,-23.854999999999563,-1.0670990829792006
2024-07-25 15:18:00,2024-07-25 15:42:00,corto,19060.264,19118.419,19002.108999999997,58.155000000002474,TP,56.655000000002474,0.9742068609749818
2024-07-29 02:09:00,2024-07-29 02:14:00,corto,19135.875,19154.31,19117.44,18.43500000000131,SL,-19.93500000000131,-1.0813669650121993
2024-07-29 02:54:00,2024-07-29 05:30:00,corto,19137.842,19165.642,19110.042,27.799999999999272,SL,-29.299999999999272,-1.0539568345323755
2024-07-29 12:03:00,2024-07-29 12:22:00,corto,19141.82,19161.754,19121.886,19.934000000001106,SL,-21.434000000001106,-1.0752483194541946
2024-07-29 15:03:00,2024-07-29 15:09:00,largo,19076.854,19044.908,19108.8,31.945999999999913,SL,-33.44599999999991,-1.0469542352720216
2024-07-29 18:18:00,2024-07-29 18:30:00,largo,19090.475,19066.197,19114.752999999997,24.27799999999843,SL,-25.77799999999843,-1.0617843314935373
2024-07-29 18:54:00,2024-07-29 19:22:00,largo,19071.965,19039.487,19104.443,32.477999999999156,TP,30.977999999999156,0.9538148900794372
2024-07-31 02:57:00,2024-07-31 03:58:00,corto,18963.221,18976.732,18949.710000000003,13.510999999998603,SL,-15.010999999998603,-1.111020649840882
2024-07-31 12:36:00,2024-07-31 12:42:00,corto,19157.286,19179.676,19134.896,22.389999999999418,SL,-23.889999999999418,-1.066994193836536
2024-07-31 15:39:00,2024-07-31 16:26:00,corto,19330.743,19368.076,19293.409999999996,37.33300000000236,TP,35.83300000000236,0.9598210698309831
2024-08-01 12:33:00,2024-08-01 12:41:00,corto,19476.875,19503.687,19450.063,26.812000000001717,TP,25.312000000001717,0.9440549007906943
2024-08-01 23:03:00,2024-08-01 23:08:00,largo,18747.532,18724.731,18770.333,22.800999999999476,TP,21.300999999999476,0.9342134116924681
2024-08-05 16:54:00,2024-08-06 00:00:00,corto,17908.197,18176.087,17640.307,267.8899999999994,SL,-269.3899999999994,-1.0055993131509202
2024-08-06 01:39:00,2024-08-06 08:08:00,corto,18200.619,18321.399,18079.838999999996,120.78000000000247,TP,119.28000000000247,0.9875807252856436
2024-08-07 20:03:00,2024-08-07 22:00:00,largo,17873.154,17848.531,17897.777,24.622999999999593,SL,-26.122999999999593,-1.0609186532916388
2024-08-08 05:45:00,2024-08-08 06:02:00,largo,17858.621,17820.642,17896.6,37.97899999999936,SL,-39.47899999999936,-1.0394955106769537
2024-08-08 16:30:00,2024-08-08 17:26:00,corto,18298.286,18357.832,18238.74,59.54599999999846,SL,-61.04599999999846,-1.0251906089409875
2024-08-08 20:09:00,2024-08-08 23:02:00,corto,18428.176,18465.775,18390.576999999997,37.59900000000198,SL,-39.09900000000198,-1.039894678049946
2024-08-09 04:39:00,2024-08-09 04:58:00,corto,18409.076,18487.799,18330.353000000003,78.72299999999814,TP,77.22299999999814,0.9809458481003006
2024-08-09 14:57:00,2024-08-09 15:04:00,corto,18427.91,18468.008,18387.811999999998,40.098000000001775,SL,-41.598000000001775,-1.0374083495436164
2024-08-09 15:27:00,2024-08-09 17:14:00,corto,18410.164,18481.587,18338.741,71.42299999999886,SL,-72.92299999999886,-1.0210016381277742
2024-08-09 17:39:00,2024-08-09 17:54:00,corto,18536.397,18573.876,18498.918,37.47899999999936,TP,35.97899999999936,0.9599775874489708
2024-08-09 17:54:00,2024-08-11 22:15:00,corto,18511.408,18573.876,18448.94,62.46800000000076,TP,60.96800000000076,0.9759877057053215
2024-08-12 03:36:00,2024-08-12 07:40:00,corto,18520.521,18561.831,18479.211000000003,41.30999999999767,SL,-42.80999999999767,-1.0363108206245482
2024-08-13 12:18:00,2024-08-13 12:30:00,corto,18651.475,18669.198,18633.751999999997,17.723000000001775,SL,-19.223000000001775,-1.0846357840094707
2024-08-13 22:36:00,2024-08-14 01:31:00,corto,18996.598,19024.899,18968.297000000002,28.300999999999476,SL,-29.800999999999476,-1.0530016607187036
2024-08-14 10:54:00,2024-08-14 12:29:00,corto,19006.099,19023.376,18988.821999999996,17.277000000001863,SL,-18.777000000001863,-1.0868206285813415
2024-08-14 14:36:00,2024-08-14 14:47:00,largo,18879.598,18833.01,18926.186000000005,46.588000000003376,TP,45.088000000003376,0.9678028676912533
2024-08-15 15:27:00,2024-08-15 15:42:00,corto,19398.81,19425.819,19371.801000000003,27.008999999998196,SL,-28.508999999998196,-1.0555370432078233
2024-08-15 23:51:00,2024-08-16 00:35:00,corto,19512.042,19542.353,19481.731000000003,30.310999999997875,TP,28.810999999997875,0.9505130150770312
2024-08-16 12:54:00,2024-08-16 13:15:00,largo,19374.599,19349.886,19399.311999999998,24.712999999999738,TP,23.212999999999738,0.9393032007445468
2024-08-16 13:48:00,2024-08-16 14:16:00,largo,19423.565,19364.765,19482.364999999998,58.79999999999927,TP,57.29999999999927,0.974489795918367
2024-08-20 04:39:00,2024-08-20 05:29:00,corto,19780.832,19801.487,19760.176999999996,20.655000000002474,SL,-22.155000000002474,-1.0726216412490834
2024-08-21 16:30:00,2024-08-21 18:00:00,largo,19755.686,19684.41,19826.962000000003,71.27600000000166,TP,69.77600000000166,0.9789550479824911
2024-08-22 10:42:00,2024-08-22 11:00:00,corto,19858.575,19869.497,19847.653000000002,10.921999999998661,SL,-12.421999999998661,-1.1373374839773103
2024-08-22 11:54:00,2024-08-22 12:04:00,corto,19886.964,19899.186,19874.742,12.222000000001572,SL,-13.722000000001572,-1.1227295041727874
2024-08-22 12:45:00,2024-08-22 13:16:00,corto,19874.264,19906.165,19842.362999999998,31.90100000000166,SL,-33.40100000000166,-1.0470204695777536
2024-08-22 14:42:00,2024-08-22 15:33:00,corto,19799.009,19898.889,19699.128999999997,99.88000000000102,TP,98.38000000000102,0.984981978374049
2024-08-25 22:24:00,2024-08-25 22:33:00,corto,19730.509,19753.864,19707.153999999995,23.3550000000032,TP,21.8550000000032,0.9357739242132393
2024-08-25 22:39:00,2024-08-26 01:19:00,corto,19679.075,19753.864,19604.286,74.78900000000067,SL,-76.28900000000067,-1.0200564254101536
2024-08-26 01:27:00,2024-08-26 01:39:00,corto,19743.875,19758.321,19729.429,14.445999999999913,TP,12.945999999999913,0.8961650283815583
2024-08-26 01:42:00,2024-08-26 03:35:00,corto,19731.675,19758.321,19705.029,26.64600000000064,TP,25.14600000000064,0.9437063724386413
2024-08-26 07:36:00,2024-08-26 08:07:00,corto,19746.542,19763.121,19729.963000000003,16.578999999997905,SL,-18.078999999997905,-1.0904759032511122
2024-08-27 08:15:00,2024-08-27 08:52:00,corto,19563.131,19575.097,19551.165,11.96600000000035,TP,10.46600000000035,0.8746448270098649
2024-08-27 09:36:00,2024-08-27 10:06:00,corto,19560.099,19575.699,19544.498999999996,15.600000000002183,TP,14.100000000002183,0.9038461538461673
2024-08-27 13:27:00,2024-08-27 13:38:00,largo,19451.598,19404.165,19499.031000000003,47.4330000000009,SL,-48.9330000000009,-1.0316235532224394
2024-08-27 15:24:00,2024-08-27 15:33:00,corto,19569.143,19622.397,19515.889,53.254000000000815,TP,51.754000000000815,0.971833101738837
2024-08-27 15:39:00,2024-08-28 14:45:00,corto,19525.875,19622.397,19429.353,96.52200000000084,TP,95.02200000000084,0.984459501460807
2024-08-29 11:51:00,2024-08-29 11:57:00,corto,19412.01,19428.289,19395.730999999996,16.27900000000227,TP,14.77900000000227,0.9078567479575042
2024-08-29 12:33:00,2024-08-29 13:31:00,corto,19406.797,19449.365,19364.228999999996,42.56800000000294,SL,-44.06800000000294,-1.0352377372674284
2024-08-29 16:42:00,2024-08-29 16:47:00,corto,19609.542,19624.397,19594.687,14.854999999999563,SL,-16.354999999999563,-1.1009761023224534
2024-08-29 16:48:00,2024-08-29 17:11:00,corto,19594.119,19626.608,19561.629999999997,32.4890000000014,TP,30.989000000001397,0.9538305272553808
2024-08-29 19:36:00,2024-08-30 12:16:00,largo,19389.254,19272.898,19505.61,116.35599999999977,TP,114.85599999999977,0.9871085289972155
2024-08-30 15:09:00,2024-08-30 15:31:00,largo,19447.076,19391.72,19502.432,55.35599999999977,SL,-56.85599999999977,-1.0270973336223717
2024-08-30 15:39:00,2024-08-30 16:29:00,largo,19411.276,19362.664,19459.888000000003,48.61200000000099,SL,-50.11200000000099,-1.0308565786225616
2024-08-30 17:24:00,2024-08-30 17:57:00,largo,19419.576,19393.731,19445.421000000002,25.845000000001164,SL,-27.345000000001164,-1.0580383052814832
2024-09-02 00:57:00,2024-09-02 01:02:00,corto,19557.664,19570.409,19544.919,12.744999999998981,SL,-14.244999999998981,-1.117693213024725
2024-09-02 01:48:00,2024-09-02 02:02:00,corto,19564.375,19576.999,19551.751,12.623999999999796,TP,11.123999999999796,0.8811787072243327
2024-09-02 04:15:00,2024-09-02 05:33:00,largo,19527.61,19513.197,19542.023,14.413000000000466,TP,12.913000000000466,0.8959272878651251
2024-09-02 12:33:00,2024-09-02 12:46:00,corto,19562.643,19573.889,19551.397,11.245999999999185,TP,9.745999999999185,0.8666192423972872
2024-09-02 12:57:00,2024-09-02 13:14:00,corto,19556.989,19573.889,19540.089000000004,16.899999999997817,SL,-18.399999999997817,-1.0887573964497157
2024-09-02 13:24:00,2024-09-02 13:44:00,corto,19568.11,19587.198,19549.022,19.087999999999738,SL,-20.587999999999738,-1.0785834031852484
2024-09-02 15:12:00,2024-09-02 15:26:00,corto,19612.321,19620.209,19604.433,7.8879999999990105,TP,6.3879999999990105,0.8098377281947023
2024-09-02 22:24:00,2024-09-02 22:37:00,corto,19610.299,19634.575,19586.022999999997,24.27600000000166,TP,22.77600000000166,0.9382105783489909
2024-09-02 23:06:00,2024-09-02 23:21:00,largo,19567.575,19559.254,19575.896,8.320999999999913,SL,-9.820999999999913,-1.1802667948563894
2024-09-02 23:18:00,2024-09-02 23:21:00,largo,19569.799,19559.254,19580.343999999997,10.544999999998254,SL,-12.044999999998254,-1.1422475106685868
2024-09-03 15:33:00,2024-09-03 15:56:00,largo,19174.286,19104.121,19244.451,70.16500000000087,SL,-71.66500000000087,-1.0213781800042754
2024-09-04 15:06:00,2024-09-04 15:17:00,corto,19035.264,19070.699,18999.828999999998,35.43500000000131,TP,33.93500000000131,0.9576689713560055
2024-09-04 19:36:00,2024-09-04 23:41:00,largo,18920.943,18861.997,18979.889,58.94599999999991,SL,-60.44599999999991,-1.0254470193058054
2024-09-05 09:30:00,2024-09-05 09:51:00,largo,18874.021,18851.643,18896.399,22.37800000000061,TP,20.87800000000061,0.9329698811332577
2024-09-05 09:57:00,2024-09-05 12:04:00,largo,18893.019,18851.643,18934.395,41.376000000000204,SL,-42.876000000000204,-1.0362529002320184
2024-09-05 14:27:00,2024-09-05 14:45:00,corto,19064.353,19109.542,19019.163999999997,45.189000000002125,TP,43.689000000002125,0.9668060811259392
2024-09-05 14:57:00,2024-09-06 01:02:00,corto,18940.987,19109.542,18772.432,168.5550000000003,TP,167.0550000000003,0.9911008276230311
2024-09-06 01:24:00,2024-09-06 01:51:00,largo,18798.687,18755.42,18841.954000000005,43.26700000000346,TP,41.76700000000346,0.9653315459819289
2024-09-06 05:45:00,2024-09-06 05:51:00,largo,18812.508,18794.764,18830.252000000004,17.744000000002416,TP,16.244000000002416,0.9154643823264317
2024-09-06 15:21:00,2024-09-06 15:45:00,largo,18491.242,18447.165,18535.318999999996,44.0769999999975,SL,-45.5769999999975,-1.0340313542210242
2024-09-08 23:36:00,2024-09-09 00:09:00,corto,18407.319,18429.731,18384.907,22.412000000000262,SL,-23.912000000000262,-1.066928431197572
2024-09-09 17:18:00,2024-09-09 17:31:00,corto,18680.054,18696.698,18663.41,16.644000000000233,TP,15.144000000000233,0.9098774333093019
2024-09-09 17:54:00,2024-09-09 18:21:00,corto,18630.999,18696.698,18565.3,65.69900000000052,TP,64.19900000000052,0.9771686022618307
2024-09-10 18:21:00,2024-09-10 19:28:00,corto,18790.131,18819.432,18760.83,29.300999999999476,SL,-30.800999999999476,-1.0511927920548796
2024-09-11 13:51:00,2024-09-11 14:17:00,corto,18766.289,18900.275,18632.303,133.9860000000008,TP,132.4860000000008,0.988804800501545
2024-09-11 15:12:00,2024-09-11 15:46:00,largo,18663.999,18544.521,18783.477,119.47799999999916,TP,117.97799999999916,0.9874453874353436
2024-09-11 15:57:00,2024-09-11 17:42:00,largo,18765.286,18544.521,18986.051,220.76499999999942,TP,219.26499999999942,0.9932054447036441
2024-09-12 08:18:00,2024-09-12 08:33:00,corto,19253.21,19266.389,19240.031,13.179000000000087,SL,-14.679000000000087,-1.1138174368313218
2024-09-12 15:15:00,2024-09-12 15:44:00,corto,19307.976,19366.997,19248.954999999998,59.02100000000064,TP,57.52100000000064,0.9745853170905274
2024-09-12 15:42:00,2024-09-12 17:00:00,corto,19248.653,19366.997,19130.308999999997,118.34400000000096,SL,-119.84400000000096,-1.012674913810586
2024-09-13 15:15:00,2024-09-13 15:21:00,corto,19500.409,19518.789,19482.029,18.38000000000102,SL,-19.88000000000102,-1.081610446137101
2024-09-13 15:36:00,2024-09-13 15:57:00,corto,19489.565,19523.532,19455.597999999998,33.96700000000055,SL,-35.46700000000055,-1.0441605087290597
2024-09-13 16:33:00,2024-09-13 17:17:00,corto,19475.831,19543.609,19408.052999999996,67.77800000000207,SL,-69.27800000000207,-1.0221310749800814
2024-09-16 06:36:00,2024-09-16 07:08:00,largo,19471.818,19462.275,19481.360999999997,9.542999999997846,TP,8.042999999997846,0.8428167243004989
2024-09-16 13:54:00,2024-09-16 14:34:00,largo,19435.264,19309.765,19560.763,125.4989999999998,SL,-126.9989999999998,-1.0119522864724022
2024-09-18 18:21:00,2024-09-18 19:01:00,corto,19541.909,19653.097,19430.720999999998,111.18800000000192,TP,109.68800000000192,0.9865093355398067
2024-09-20 05:39:00,2024-09-20 05:45:00,largo,19795.354,19789.186,19801.521999999997,6.167999999997846,SL,-7.667999999997846,-1.243190661478684
2024-09-20 15:39:00,2024-09-20 19:38:00,largo,19731.608,19624.065,19839.151,107.54300000000148,TP,106.04300000000148,0.9860520907915905
2024-09-23 10:21:00,2024-09-23 11:04:00,corto,19841.576,19858.419,19824.733,16.843000000000757,TP,15.343000000000757,0.9109422311939718
2024-09-23 12:09:00,2024-09-23 12:19:00,corto,19844.643,19856.889,19832.397,12.245999999999185,TP,10.745999999999185,0.8775110240078311
2024-09-23 12:30:00,2024-09-23 12:37:00,corto,19848.342,19856.889,19839.795000000002,8.546999999998661,SL,-10.046999999998661,-1.175500175500203
2024-09-23 20:03:00,2024-09-23 20:08:00,corto,19849.708,19860.343,19839.072999999997,10.635000000002037,TP,9.135000000002037,0.8589562764457251
2024-09-24 13:39:00,2024-09-24 14:00:00,corto,19880.02,19930.254,19829.786,50.23400000000038,TP,48.73400000000038,0.9701397459887727
2024-09-25 06:33:00,2024-09-25 07:07:00,largo,19855.331,19842.776,19867.885999999995,12.554999999996653,TP,11.054999999996653,0.8805256869772681
2024-09-26 15:27:00,2024-09-26 18:15:00,largo,20030.731,19960.886,20100.576,69.84500000000116,TP,68.34500000000116,0.9785238742930779
2024-09-27 13:18:00,2024-09-27 13:30:00,corto,20159.42,20174.189,20144.650999999998,14.769000000000233,TP,13.269000000000233,0.8984359130611432
2024-09-27 13:30:00,2024-09-27 13:37:00,corto,20134.909,20174.189,20095.629,39.279999999998836,TP,37.779999999998836,0.9618126272912413
2024-09-27 13:39:00,2024-09-27 14:35:00,corto,20114.886,20174.189,20055.583,59.302999999999884,TP,57.802999999999884,0.9747061700082627
2024-09-27 18:54:00,2024-09-30 02:10:00,largo,20034.053,19952.289,20115.817,81.76399999999921,SL,-83.26399999999921,-1.0183454821192703
2024-09-30 02:51:00,2024-09-30 03:58:00,largo,19970.175,19935.932,20004.417999999998,34.242999999998574,TP,32.742999999998574,0.9561954268025563
2024-09-30 06:48:00,2024-09-30 07:09:00,largo,19967.153,19927.81,20006.495999999996,39.34299999999712,TP,37.84299999999712,0.961873776783669
2024-09-30 09:45:00,2024-09-30 11:06:00,largo,19979.142,19951.92,20006.364,27.22200000000157,SL,-28.72200000000157,-1.0551024906325734
2024-09-30 18:33:00,2024-09-30 19:45:00,largo,19914.619,19841.375,19987.862999999998,73.24399999999878,TP,71.74399999999878,0.9795205067991914
2024-10-01 04:09:00,2024-10-01 04:14:00,corto,20065.665,20074.508,20056.822,8.843000000000757,TP,7.343000000000757,0.8303743073617695
2024-10-01 04:48:00,2024-10-01 07:10:00,corto,20046.42,20074.508,20018.331999999995,28.088000000003376,TP,26.588000000003376,0.9465964112788443
2024-10-01 12:15:00,2024-10-01 12:26:00,corto,20051.221,20074.289,20028.153000000002,23.0679999999993,SL,-24.5679999999993,-1.0650251430553166
2024-10-01 16:48:00,2024-10-01 16:53:00,largo,19697.11,19653.053,19741.167,44.0570000000007,TP,42.5570000000007,0.9659531969948028
2024-10-01 17:39:00,2024-10-01 17:55:00,largo,19703.497,19644.254,19762.739999999998,59.242999999998574,TP,57.742999999998574,0.9746805529767224
2024-10-02 15:51:00,2024-10-02 16:56:00,corto,19844.575,19883.064,19806.086000000003,38.48899999999776,TP,36.98899999999776,0.9610278261321393
2024-10-03 01:48:00,2024-10-03 02:48:00,largo,19764.486,19746.631,19782.341,17.854999999999563,TP,16.354999999999563,0.9159899187902528
2024-10-03 14:36:00,2024-10-04 12:30:00,corto,19779.153,19912.619,19645.686999999998,133.46600000000035,SL,-134.96600000000035,-1.0112388173767102
2024-10-04 14:06:00,2024-10-04 14:17:00,corto,19849.208,19921.608,19776.807999999997,72.40000000000146,SL,-73.90000000000146,-1.0207182320441985
2024-10-04 14:36:00,2024-10-04 14:52:00,corto,19855.898,19923.199,19788.597,67.30099999999948,SL,-68.80099999999948,-1.0222879303427885
2024-10-07 01:42:00,2024-10-07 01:48:00,corto,20054.564,20067.565,20041.563,13.001000000000204,TP,11.501000000000204,0.8846242596723347
2024-10-07 22:57:00,2024-10-08 00:15:00,largo,19774.186,19712.831,19835.541000000005,61.3550000000032,TP,59.8550000000032,0.975552114742076
2024-10-08 07:27:00,2024-10-08 07:37:00,largo,19783.276,19751.731,19814.821000000004,31.54500000000189,TP,30.04500000000189,0.9524488825487427
2024-10-08 14:54:00,2024-10-08 16:08:00,corto,20046.689,20081.486,20011.891999999996,34.7970000000023,TP,33.2970000000023,0.9568928355892777
2024-10-08 18:42:00,2024-10-08 18:53:00,corto,20057.831,20075.599,20040.063,17.76800000000003,SL,-19.26800000000003,-1.084421431787483
2024-10-10 16:42:00,2024-10-10 18:43:00,corto,20251.443,20319.21,20183.676,67.76699999999983,TP,66.26699999999983,0.9778653326840497
2024-10-11 09:06:00,2024-10-11 12:30:00,largo,20197.421,20172.619,20222.222999999998,24.80199999999968,TP,23.30199999999968,0.9395210063704532
2024-10-11 13:54:00,2024-10-11 14:09:00,largo,20180.565,20132.199,20228.930999999997,48.36599999999817,TP,46.86599999999817,0.9689864781044524
2024-10-13 23:27:00,2024-10-13 23:43:00,corto,20256.71,20270.898,20242.521999999997,14.18800000000192,SL,-15.68800000000192,-1.1057231463208201
2024-10-14 01:12:00,2024-10-14 01:30:00,largo,20235.408,20223.276,20247.539999999997,12.131999999997788,SL,-13.631999999997788,-1.1236399604352352
2024-10-15 15:30:00,2024-10-15 15:53:00,largo,20241.364,20189.953,20292.775,51.41100000000006,SL,-52.91100000000006,-1.0291766353504113
2024-10-17 18:42:00,2024-10-17 18:52:00,largo,20221.298,20190.932,20251.663999999997,30.365999999998166,TP,28.865999999998166,0.9506026476980804
2024-10-17 18:51:00,2024-10-17 19:38:00,largo,20247.976,20190.932,20305.019999999997,57.04399999999805,SL,-58.54399999999805,-1.0262954911997766
2024-10-17 20:12:00,2024-10-17 22:31:00,corto,20219.465,20241.387,20197.543,21.92199999999866,SL,-23.42199999999866,-1.068424413830859
2024-10-18 17:42:00,2024-10-18 18:01:00,corto,20333.91,20361.787,20306.033,27.877000000000407,TP,26.377000000000407,0.9461922014563985
2024-10-21 07:21:00,2024-10-21 09:24:00,largo,20290.253,20266.22,20314.286,24.032999999999447,SL,-25.532999999999447,-1.0624141805018115
2024-10-21 15:36:00,2024-10-21 15:40:00,largo,20217.265,20181.754,20252.775999999998,35.5109999999986,TP,34.0109999999986,0.9577595674579691
2024-10-22 19:18:00,2024-10-22 19:30:00,corto,20385.21,20395.808,20374.611999999997,10.598000000001775,SL,-12.098000000001775,-1.1415361388941072
2024-10-22 19:36:00,2024-10-22 19:48:00,corto,20390.765,20404.242,20377.288,13.476999999998952,SL,-14.976999999998952,-1.111300734584857
2024-10-23 14:09:00,2024-10-23 14:34:00,largo,20238.787,20193.099,20284.475000000002,45.68800000000192,TP,44.18800000000192,0.967168621957627
2024-10-23 15:57:00,2024-10-23 16:03:00,largo,20207.497,20152.01,20262.984,55.48700000000099,SL,-56.98700000000099,-1.0270333591652094
2024-10-28 11:09:00,2024-10-28 11:16:00,largo,20453.653,20436.197,20471.108999999997,17.455999999998312,TP,15.955999999998312,0.9140696608615866
2024-10-28 23:36:00,2024-10-29 02:54:00,largo,20375.11,20334.287,20415.933,40.82300000000032,SL,-42.32300000000032,-1.0367439923572492
2024-10-29 04:24:00,2024-10-29 05:04:00,largo,20354.676,20339.721,20369.630999999998,14.954999999998108,TP,13.454999999998108,0.8996990972918629
2024-10-29 07:42:00,2024-10-29 11:10:00,largo,20398.22,20339.286,20457.154000000002,58.934000000001106,SL,-60.434000000001106,-1.025452200766959
2024-10-29 11:27:00,2024-10-29 12:30:00,largo,20351.965,20319.264,20384.666,32.70100000000093,TP,31.20100000000093,0.9541298431240648
2024-10-29 16:21:00,2024-10-29 16:43:00,corto,20529.808,20544.489,20515.127,14.681000000000495,TP,13.181000000000495,0.8978271234929535
2024-10-29 17:03:00,2024-10-29 17:20:00,corto,20523.853,20539.098,20508.607999999997,15.24500000000262,SL,-16.74500000000262,-1.098392915710052
2024-10-30 05:54:00,2024-10-30 06:01:00,corto,20602.865,20610.097,20595.633,7.231999999999971,SL,-8.731999999999971,-1.2074115044247795
2024-10-30 06:39:00,2024-10-30 07:04:00,corto,20608.221,20620.643,20595.799000000003,12.421999999998661,SL,-13.921999999998661,-1.1207535018515666
2024-10-30 08:36:00,2024-10-30 08:41:00,corto,20603.309,20610.597,20596.021,7.288000000000466,TP,5.788000000000466,0.7941822173435916
2024-10-30 23:42:00,2024-10-31 04:13:00,largo,20297.41,20262.398,20332.422,35.01199999999881,SL,-36.51199999999881,-1.0428424540157675
2024-10-31 16:48:00,2024-10-31 17:01:00,largo,19925.854,19893.32,19958.388,32.53399999999965,SL,-34.03399999999965,-1.0461056125899064
2024-11-01 11:57:00,2024-11-01 12:21:00,corto,19988.299,20021.343,19955.254999999997,33.04400000000169,TP,31.544000000001688,0.9546059799055827
2024-11-04 00:51:00,2024-11-04 01:21:00,largo,20012.498,19998.064,20026.932,14.434000000001106,TP,12.934000000001106,0.8960787030622221
2024-11-04 14:57:00,2024-11-05 14:49:00,largo,20013.108,19893.61,20132.606,119.49799999999959,TP,117.99799999999959,0.987447488660898
2024-11-05 20:21:00,2024-11-05 20:29:00,corto,20201.086,20212.919,20189.252999999997,11.833000000002357,SL,-13.333000000002357,-1.1267641342009382
2024-11-07 03:30:00,2024-11-07 03:37:00,corto,20798.953,20809.209,20788.697000000004,10.255999999997584,TP,8.755999999997584,0.8537441497659561
2024-11-07 16:00:00,2024-11-07 16:06:00,corto,21033.599,21053.754,21013.443999999996,20.155000000002474,TP,18.655000000002474,0.9255767799553553
2024-11-07 16:42:00,2024-11-07 16:48:00,corto,21046.209,21055.208,21037.21,8.998999999999796,SL,-10.498999999999796,-1.1666851872430308
2024-11-08 08:03:00,2024-11-08 10:08:00,corto,21114.143,21135.221,21093.065,21.07800000000134,TP,19.57800000000134,0.9288357529177387
2024-11-11 15:06:00,2024-11-11 15:31:00,largo,21073.776,21046.531,21101.021000000004,27.24500000000262,TP,25.74500000000262,0.9449440264268726
2024-11-11 15:48:00,2024-11-11 18:00:00,largo,21093.198,21046.531,21139.865,46.66700000000128,SL,-48.16700000000128,-1.0321426275526595
2024-11-11 18:12:00,2024-11-11 18:21:00,largo,21020.031,20996.543,21043.518999999997,23.487999999997555,SL,-24.987999999997555,-1.0638623978201702
2024-11-11 18:24:00,2024-11-11 18:36:00,largo,21015.775,20987.721,21043.829,28.054000000000087,TP,26.554000000000087,0.9465316888857206
2024-11-11 19:48:00,2024-11-11 20:09:00,largo,21063.119,21045.631,21080.606999999996,17.487999999997555,TP,15.987999999997555,0.9142268984446358
2024-11-12 02:30:00,2024-11-12 02:48:00,corto,21119.264,21134.12,21104.408,14.855999999999767,TP,13.355999999999767,0.8990306946688191
2024-11-12 14:39:00,2024-11-12 14:42:00,corto,21119.853,21134.309,21105.396999999997,14.45600000000195,TP,12.95600000000195,0.8962368566685254
2024-11-12 14:57:00,2024-11-12 15:03:00,corto,21128.399,21144.999,21111.799000000003,16.599999999998545,TP,15.099999999998545,0.9096385542168596
2024-11-12 15:39:00,2024-11-12 15:45:00,corto,21115.543,21136.309,21094.777000000002,20.76599999999962,TP,19.26599999999962,0.9277665414620039
2024-11-14 15:33:00,2024-11-14 19:00:00,largo,20991.365,20931.042,21051.688000000002,60.32300000000032,SL,-61.82300000000032,-1.0248661372942325
2024-11-14 23:30:00,2024-11-15 00:31:00,largo,20845.389,20830.553,20860.225,14.83599999999933,SL,-16.33599999999933,-1.1011054192504763
2024-11-19 16:57:00,2024-11-19 17:34:00,corto,20579.264,20611.076,20547.451999999997,31.812000000001717,SL,-33.31200000000172,-1.0471520181063725
2024-11-19 18:21:00,2024-11-19 18:25:00,corto,20627.286,20635.732,20618.84,8.445999999999913,SL,-9.945999999999913,-1.1775988633672763
2024-11-21 12:27:00,2024-11-21 12:44:00,corto,20702.464,20723.419,20681.509,20.955000000001746,SL,-22.455000000001746,-1.071581961345735
2024-11-21 18:36:00,2024-11-21 20:08:00,corto,20743.954,20781.889,20706.019000000004,37.93499999999767,SL,-39.43499999999767,-1.0395413206801132
2024-11-27 02:57:00,2024-11-27 03:16:00,corto,20930.632,20944.643,20916.621000000003,14.010999999998603,TP,12.510999999998603,0.8929412604382164
2024-11-27 16:18:00,2024-11-27 17:02:00,largo,20668.931,20630.908,20706.954,38.02300000000105,SL,-39.52300000000105,-1.039449806695946
2024-11-28 01:18:00,2024-11-28 01:36:00,corto,20783.621,20788.465,20778.777,4.84400000000096,TP,3.3440000000009604,0.6903385631709945
2024-11-28 01:33:00,2024-11-28 01:47:00,corto,20779.564,20788.465,20770.662999999997,8.901000000001659,SL,-10.401000000001659,-1.1685203909672757
2024-11-28 16:24:00,2024-11-28 16:34:00,corto,20833.097,20845.399,20820.795000000002,12.30199999999968,TP,10.80199999999968,0.8780686067306097
2024-11-29 08:18:00,2024-11-29 09:12:00,corto,20828.843,20847.099,20810.587000000003,18.255999999997584,SL,-19.755999999997584,-1.0821647677476007
2024-11-29 09:33:00,2024-11-29 10:03:00,corto,20842.919,20850.889,20834.949000000004,7.969999999997526,TP,6.469999999997526,0.8117942283562778
2024-11-29 10:30:00,2024-11-29 11:15:00,corto,20834.098,20850.599,20817.597000000005,16.500999999996566,TP,15.000999999996566,0.909096418398866
2024-11-29 13:06:00,2024-11-29 13:16:00,largo,20798.142,20790.697,20805.587,7.444999999999709,SL,-8.944999999999709,-1.2014775016789871
2024-11-29 16:33:00,2024-11-29 16:49:00,corto,20916.221,20937.789,20894.653000000002,21.5679999999993,SL,-23.0679999999993,-1.0695474777448093
2024-12-04 16:30:00,2024-12-04 19:18:00,corto,21404.354,21444.442,21364.266,40.08799999999974,SL,-41.58799999999974,-1.0374176811015767
2024-12-05 14:48:00,2024-12-05 17:12:00,corto,21460.086,21500.031,21420.141,39.94499999999971,SL,-41.44499999999971,-1.0375516334960573
2024-12-05 18:33:00,2024-12-05 19:02:00,largo,21462.832,21429.531,21496.132999999998,33.300999999999476,SL,-34.800999999999476,-1.0450436923816109
2024-12-05 19:48:00,2024-12-05 20:26:00,largo,21442.042,21421.81,21462.274,20.23199999999997,SL,-21.73199999999997,-1.0741399762752077
2024-12-05 23:30:00,2024-12-06 07:18:00,largo,21406.521,21376.132,21436.91,30.388999999999214,TP,28.888999999999214,0.9506400342229083
2024-12-06 11:33:00,2024-12-06 11:43:00,largo,21407.732,21397.12,21418.344,10.61200000000099,SL,-12.11200000000099,-1.1413494157557351
2024-12-06 18:42:00,2024-12-06 19:11:00,corto,21601.798,21625.41,21578.185999999998,23.61200000000099,TP,22.11200000000099,0.9364729798407616
2024-12-08 23:45:00,2024-12-09 00:00:00,corto,21617.276,21627.243,21607.309000000005,9.966999999996915,TP,8.466999999996915,0.8495033610915557
2024-12-09 16:57:00,2024-12-10 14:45:00,largo,21472.508,21397.497,21547.519000000004,75.01100000000224,TP,73.51100000000224,0.9800029329031748
2024-12-10 17:18:00,2024-12-10 17:33:00,largo,21432.332,21406.853,21457.810999999998,25.47899999999936,TP,23.97899999999936,0.9411279877546199
2024-12-10 17:30:00,2024-12-10 19:01:00,largo,21454.919,21406.853,21502.985000000004,48.06600000000253,SL,-49.56600000000253,-1.0312070902509034
2024-12-12 23:21:00,2024-12-12 23:38:00,corto,21702.508,21719.019,21685.997000000003,16.510999999998603,SL,-18.010999999998603,-1.0908485252256148
2024-12-13 00:30:00,2024-12-13 01:00:00,corto,21736.319,21744.519,21728.119,8.200000000000728,TP,6.700000000000728,0.8170731707317236
2024-12-13 06:33:00,2024-12-13 06:51:00,corto,21708.487,21716.786,21700.188000000002,8.298999999999069,SL,-9.798999999999069,-1.1807446680323133
2024-12-13 08:48:00,2024-12-13 09:12:00,corto,21727.387,21742.099,21712.675,14.711999999999534,SL,-16.211999999999534,-1.101957585644375
2024-12-13 16:09:00,2024-12-13 16:18:00,largo,21673.343,21642.398,21704.288,30.94499999999971,TP,29.44499999999971,0.9515269025690737
2024-12-13 17:51:00,2024-12-13 18:48:00,largo,21694.298,21654.975,21733.621,39.32300000000032,TP,37.82300000000032,0.9618543854741503
2024-12-16 12:21:00,2024-12-16 12:46:00,corto,21854.453,21862.719,21846.187,8.265999999999622,TP,6.765999999999622,0.8185337527219854
2024-12-17 23:06:00,2024-12-18 00:07:00,largo,21923.709,21883.264,21964.154,40.44499999999971,TP,38.94499999999971,0.9629125973544317
2024-12-18 11:42:00,2024-12-18 12:18:00,corto,22048.853,22062.619,22035.087,13.765999999999622,SL,-15.265999999999622,-1.108964114484966
2024-12-18 12:24:00,2024-12-18 12:41:00,corto,22056.031,22065.764,22046.298,9.733000000000175,TP,8.233000000000175,0.8458851330525046
2024-12-18 14:51:00,2024-12-18 15:46:00,largo,21958.01,21889.389,22026.630999999998,68.62099999999919,TP,67.12099999999919,0.9781408023782805
2024-12-19 16:54:00,2024-12-19 17:28:00,largo,21305.243,21179.72,21430.765999999996,125.52299999999741,SL,-127.02299999999741,-1.0119500011950004
2024-12-19 18:36:00,2024-12-19 20:11:00,largo,21250.031,21157.11,21342.951999999997,92.92099999999846,SL,-94.42099999999846,-1.0161427449123452
2024-12-23 17:48:00,2024-12-23 18:08:00,corto,21437.521,21468.064,21406.978000000003,30.542999999997846,SL,-32.042999999997846,-1.0491110892839637
2024-12-24 16:03:00,2024-12-24 16:12:00,corto,21700.919,21723.254,21678.584000000003,22.334999999999127,SL,-23.834999999999127,-1.067159167226329
2024-12-26 17:18:00,2024-12-26 17:28:00,corto,21819.087,21842.021,21796.153,22.934000000001106,TP,21.434000000001106,0.9345949245661495
2024-12-26 18:30:00,2024-12-26 18:33:00,corto,21799.409,21807.299,21791.519,7.889999999999418,TP,6.389999999999418,0.8098859315589213
2024-12-31 18:48:00,2024-12-31 19:02:00,largo,21049.765,20999.22,21100.309999999998,50.544999999998254,SL,-52.044999999998254,-1.0296765258680394
2025-01-02 00:51:00,2025-01-02 05:18:00,largo,21029.221,20914.776,21143.666,114.44499999999971,TP,112.94499999999971,0.9868932675084101
2025-01-03 14:45:00,2025-01-03 15:17:00,corto,21175.52,21243.708,21107.332000000002,68.18799999999828,TP,66.68799999999828,0.9780019944858327
2025-01-03 17:27:00,2025-01-03 18:20:00,corto,21250.919,21288.375,21213.463000000003,37.45599999999831,SL,-38.95599999999831,-1.0400469884664691
2025-01-07 17:54:00,2025-01-07 18:08:00,largo,21247.798,21202.743,21292.853,45.05500000000029,TP,43.55500000000029,0.9667073576739543
2025-01-08 15:33:00,2025-01-08 17:27:00,largo,21148.275,21044.376,21252.174000000003,103.89900000000125,SL,-105.39900000000125,-1.0144370975659052
2025-01-10 11:42:00,2025-01-10 12:05:00,corto,21162.875,21197.853,21127.897,34.977999999999156,TP,33.477999999999156,0.957115901423751
2025-01-13 03:27:00,2025-01-13 06:05:00,largo,20714.787,20691.853,20737.721,22.934000000001106,TP,21.434000000001106,0.9345949245661495
2025-01-13 19:51:00,2025-01-13 20:50:00,corto,20710.853,20761.387,20660.319,50.53399999999965,SL,-52.03399999999965,-1.0296829857125898
2025-01-16 06:42:00,2025-01-16 06:59:00,corto,21270.332,21287.51,21253.154,17.177999999999884,SL,-18.677999999999884,-1.0873209919664693
2025-01-17 14:57:00,2025-01-20 13:56:00,corto,21355.117,21525.131,21185.102999999996,170.01400000000285,SL,-171.51400000000285,-1.0088228028280022
2025-01-21 00:33:00,2025-01-21 00:49:00,corto,21562.032,21597.289,21526.774999999998,35.257000000001426,TP,33.757000000001426,0.9574552571120646
2025-01-21 00:57:00,2025-01-21 18:10:00,corto,21320.675,21597.289,21044.060999999998,276.6140000000014,SL,-278.1140000000014,-1.0054227190236213
2025-01-21 20:57:00,2025-01-21 21:00:00,corto,21564.975,21606.089,21523.860999999997,41.1140000000014,SL,-42.6140000000014,-1.036483922751373
2025-01-22 19:24:00,2025-01-22 20:42:00,corto,21872.997,21894.42,21851.574,21.422999999998865,TP,19.922999999998865,0.9299817952667656
2025-01-24 14:12:00,2025-01-24 14:18:00,corto,21894.375,21907.689,21881.061,13.313999999998487,SL,-14.813999999998487,-1.1126633618747312
2025-01-24 16:18:00,2025-01-24 17:29:00,largo,21867.92,21834.121,21901.718999999997,33.79899999999907,SL,-35.29899999999907,-1.0443800112429373
2025-01-28 10:27:00,2025-01-28 10:58:00,corto,21281.297,21297.053,21265.540999999997,15.756000000001222,TP,14.256000000001222,0.9047981721249122
2025-01-29 18:12:00,2025-01-29 19:41:00,largo,21335.986,21245.865,21426.107,90.12099999999919,TP,88.62099999999919,0.9833557106556738
2025-01-29 19:45:00,2025-01-30 23:17:00,largo,21451.189,21264.965,21637.412999999997,186.22399999999834,tiempo,130.77600000000166,0.702251052495934
2025-01-31 03:54:00,2025-01-31 04:52:00,corto,21625.275,21640.987,21609.563000000002,15.711999999999534,TP,14.211999999999534,0.9045315682281031
2025-01-31 05:24:00,2025-01-31 05:38:00,corto,21623.72,21629.964,21617.476000000002,6.243999999998778,TP,4.743999999998778,0.7597693786034123
2025-01-31 16:15:00,2025-01-31 16:26:00,corto,21823.132,21848.954,21797.31,25.822000000000116,TP,24.322000000000116,0.9419099992254669
2025-01-31 16:24:00,2025-01-31 16:43:00,corto,21805.632,21848.954,21762.31,43.322000000000116,TP,41.822000000000116,0.9653755597617839
2025-02-03 16:48:00,2025-02-03 16:56:00,corto,21320.999,21358.008,21283.989999999998,37.00900000000183,TP,35.50900000000183,0.9594693182739353
2025-02-03 16:54:00,2025-02-03 18:55:00,corto,21294.421,21358.008,21230.833999999995,63.58700000000317,SL,-65.08700000000317,-1.0235897274600143
2025-02-04 16:42:00,2025-02-04 16:50:00,corto,21556.187,21583.598,21528.776,27.411000000000058,TP,25.911000000000058,0.945277443362154
2025-02-06 00:45:00,2025-02-06 04:50:00,corto,21670.632,21693.799,21647.465000000004,23.166999999997643,SL,-24.666999999997643,-1.0647472698234624
2025-02-07 08:54:00,2025-02-07 13:30:00,corto,21749.065,21784.91,21713.219999999998,35.845000000001164,SL,-37.345000000001164,-1.0418468405635362
2025-02-07 15:45:00,2025-02-07 15:53:00,largo,21680.508,21588.931,21772.085000000003,91.57700000000114,SL,-93.07700000000114,-1.0163796586479135
2025-02-07 16:06:00,2025-02-07 16:46:00,largo,21610.318,21531.531,21689.105,78.78700000000026,SL,-80.28700000000026,-1.0190386738929011
2025-02-07 17:27:00,2025-02-07 17:41:00,largo,21532.742,21491.541,21573.942999999996,41.20099999999729,TP,39.70099999999729,0.963593116671923
2025-02-07 17:54:00,2025-02-07 19:21:00,largo,21579.131,21491.541,21666.721,87.59000000000015,SL,-89.09000000000015,-1.0171252426076036
2025-02-07 19:48:00,2025-02-07 20:11:00,largo,21525.989,21472.799,21579.179000000004,53.19000000000233,SL,-54.69000000000233,-1.0282007896221081
2025-02-11 12:48:00,2025-02-11 13:20:00,largo,21662.464,21634.275,21690.653,28.188999999998487,SL,-29.688999999998487,-1.0532122459115287
2025-02-14 14:33:00,2025-02-14 14:51:00,corto,22017.099,22055.153,21979.045,38.05400000000009,SL,-39.55400000000009,-1.0394176696273716
2025-02-17 00:12:00,2025-02-17 00:39:00,corto,22138.319,22150.175,22126.463,11.855999999999767,TP,10.355999999999767,0.8734817813765158
2025-02-18 19:39:00,2025-02-18 20:57:00,largo,22082.175,22024.686,22139.663999999997,57.48899999999776,TP,55.98899999999776,0.9739080519751594
2025-02-18 23:45:00,2025-02-19 00:07:00,corto,22166.719,22174.643,22158.795000000002,7.923999999999069,SL,-9.423999999999069,-1.1892983341746814
2025-02-19 19:30:00,2025-02-19 19:35:00,corto,22194.189,22211.309,22177.068999999996,17.12000000000262,SL,-18.62000000000262,-1.0876168224298932
2025-02-21 14:36:00,2025-02-21 15:27:00,corto,22053.008,22167.999,21938.017000000003,114.99099999999817,TP,113.49099999999817,0.9869555008652849
2025-02-21 15:57:00,2025-02-21 17:16:00,largo,21940.189,21874.308,22006.069999999996,65.88099999999758,SL,-67.38099999999758,-1.022768324706669
2025-02-24 23:39:00,2025-02-24 23:47:00,largo,21342.289,21329.189,21355.389000000003,13.100000000002183,SL,-14.600000000002183,-1.1145038167938741
2025-02-25 16:42:00,2025-02-25 16:56:00,largo,21000.61,20926.532,21074.688000000002,74.07800000000134,TP,72.57800000000134,0.9797510731931212
2025-02-26 17:39:00,2025-02-26 17:59:00,corto,21261.164,21350.098,21172.23,88.9340000000011,TP,87.4340000000011,0.9831335597184431
2025-02-28 01:48:00,2025-02-28 03:24:00,largo,20598.71,20490.209,20707.211,108.5010000000002,SL,-110.0010000000002,-1.013824757375508
2025-02-28 14:42:00,2025-02-28 15:29:00,largo,20560.808,20412.175,20709.441000000003,148.63300000000163,TP,147.13300000000163,0.9899080284997276
2025-02-28 15:57:00,2025-02-28 17:50:00,largo,20712.064,20506.208,20917.92,205.85599999999977,SL,-207.35599999999977,-1.0072866469765274
2025-03-03 16:36:00,2025-03-03 18:13:00,corto,20806.343,20940.565,20672.121000000003,134.22199999999793,TP,132.72199999999793,0.9888244848087495
2025-03-03 20:15:00,2025-03-03 20:21:00,largo,20444.376,20382.131,20506.621,62.24499999999898,SL,-63.74499999999898,-1.0240983211502936
2025-03-04 13:39:00,2025-03-04 14:59:00,largo,20305.589,20219.354,20391.824,86.23500000000058,SL,-87.73500000000058,-1.0173943294485996
2025-03-05 16:27:00,2025-03-05 16:33:00,largo,20262.898,20214.309,20311.487,48.58899999999994,SL,-50.08899999999994,-1.030871184836074
2025-03-07 19:57:00,2025-03-07 20:41:00,corto,20161.721,20242.719,20080.723,80.99799999999959,TP,79.49799999999959,0.9814810242228202
2025-03-10 04:42:00,2025-03-10 06:03:00,corto,20072.365,20104.319,20040.411000000004,31.953999999997905,SL,-33.453999999997905,-1.0469424798147366
2025-03-10 07:03:00,2025-03-10 07:42:00,corto,20028.653,20084.399,19972.906999999996,55.74600000000282,TP,54.24600000000282,0.9730922398019602
2025-03-10 07:42:00,2025-03-10 12:31:00,corto,19954.775,20084.399,19825.151,129.6239999999998,TP,128.1239999999998,0.988428068876134
2025-03-12 16:48:00,2025-03-12 16:56:00,corto,19619.554,19697.665,19541.443,78.11100000000079,TP,76.61100000000079,0.980796558743327
2025-03-14 14:51:00,2025-03-14 15:17:00,corto,19644.642,19686.798,19602.486,42.15599999999904,TP,40.65599999999904,0.9644178764588662
2025-03-14 15:45:00,2025-03-14 15:50:00,corto,19653.842,19676.909,19630.775,23.066999999999098,SL,-24.566999999999098,-1.0650279620236727
2025-03-14 16:03:00,2025-03-14 16:26:00,corto,19664.864,19692.021,19637.707000000002,27.156999999999243,TP,25.656999999999243,0.9447656221232079
2025-03-14 16:36:00,2025-03-14 18:12:00,corto,19618.81,19692.021,19545.599000000002,73.21099999999933,SL,-74.71099999999933,-1.0204887243720209
2025-03-14 18:15:00,2025-03-14 18:22:00,corto,19679.275,19695.586,19662.964000000004,16.310999999997875,TP,14.810999999997875,0.9080375206915459
2025-03-14 18:27:00,2025-03-14 18:54:00,corto,19650.153,19695.586,19604.719999999998,45.4330000000009,SL,-46.9330000000009,-1.0330156494178233
2025-03-18 23:45:00,2025-03-18 23:51:00,corto,19568.276,19576.853,19559.699000000004,8.576999999997497,SL,-10.076999999997497,-1.1748863238895229
2025-03-19 09:15:00,2025-03-19 09:31:00,corto,19556.542,19571.099,19541.985000000004,14.55699999999706,SL,-16.05699999999706,-1.103043209452518
2025-03-19 09:48:00,2025-03-19 10:44:00,corto,19545.043,19573.121,19516.965000000004,28.0779999999977,SL,-29.5779999999977,-1.0534226084478995
2025-03-19 11:03:00,2025-03-19 11:24:00,corto,19557.619,19571.553,19543.684999999998,13.934000000001106,TP,12.434000000001106,0.8923496483421931
2025-03-19 12:33:00,2025-03-19 12:42:00,corto,19559.176,19603.599,19514.753,44.422999999998865,TP,42.922999999998865,0.9662337077639953
2025-03-19 12:39:00,2025-03-19 12:54:00,corto,19534.376,19603.599,19465.153000000002,69.22299999999814,SL,-70.72299999999814,-1.0216690984210457
2025-03-19 18:45:00,2025-03-20 09:08:00,corto,19806.898,19927.542,19686.254,120.64400000000023,TP,119.14400000000023,0.9875667252412056
2025-03-20 12:30:00,2025-03-20 12:45:00,largo,19619.564,19540.597,19698.530999999995,78.96699999999691,TP,77.46699999999691,0.9810047234920909
2025-03-20 12:45:00,2025-03-20 13:23:00,largo,19689.743,19540.597,19838.888999999996,149.145999999997,TP,147.645999999997,0.9899427406702156
2025-03-21 08:12:00,2025-03-21 09:04:00,largo,19590.989,19560.931,19621.047000000002,30.058000000000902,TP,28.558000000000902,0.9500964801384006
2025-03-21 10:24:00,2025-03-21 10:54:00,largo,19610.476,19586.597,19634.354999999996,23.878999999997177,SL,-25.378999999997177,-1.0628167008668779
2025-03-24 18:33:00,2025-03-24 18:54:00,corto,20160.231,20185.72,20134.742,25.489000000001397,SL,-26.989000000001397,-1.0588489152183262
2025-03-24 18:57:00,2025-03-25 07:08:00,corto,20160.532,20202.419,20118.644999999997,41.887000000002445,TP,40.387000000002445,0.9641893666292666
2025-03-25 23:45:00,2025-03-26 00:00:00,corto,20330.253,20337.153,20323.353000000003,6.899999999997817,TP,5.399999999997817,0.7826086956521051
2025-03-26 14:30:00,2025-03-26 14:43:00,largo,20096.754,20055.621,20137.887000000002,41.13300000000163,SL,-42.63300000000163,-1.0364670702355758
2025-03-26 16:24:00,2025-03-26 16:28:00,largo,19933.719,19916.575,19950.863,17.144000000000233,SL,-18.644000000000233,-1.0874941670555285
2025-03-27 07:36:00,2025-03-27 12:26:00,largo,19891.698,19822.763,19960.633,68.93500000000131,SL,-70.43500000000131,-1.021759628635671
2025-03-27 12:48:00,2025-03-27 13:29:00,largo,19831.988,19741.186,19922.79,90.80199999999968,TP,89.30199999999968,0.9834805400762097
2025-03-27 13:51:00,2025-03-27 15:56:00,largo,19979.141,19828.364,20129.917999999998,150.77699999999822,SL,-152.27699999999822,-1.0099484669412444
2025-03-27 23:36:00,2025-03-28 05:56:00,largo,19780.674,19740.286,19821.061999999998,40.38799999999901,SL,-41.88799999999901,-1.0371397444785588
2025-03-28 16:15:00,2025-03-28 16:26:00,largo,19313.42,19267.474,19359.365999999998,45.94599999999991,SL,-47.44599999999991,-1.0326470204152702
2025-03-31 16:42:00,2025-03-31 16:58:00,corto,19075.153,19108.998,19041.307999999997,33.845000000001164,TP,32.345000000001164,0.9556803072832044
2025-03-31 17:15:00,2025-03-31 17:22:00,corto,19085.218,19129.096,19041.34,43.87800000000061,TP,42.37800000000061,0.9658143032955017
2025-03-31 20:09:00,2025-03-31 22:06:00,largo,19245.119,19214.807,19275.430999999997,30.31199999999808,SL,-31.81199999999808,-1.0494853523357117
2025-04-01 10:06:00,2025-04-01 10:30:00,corto,19262.552,19316.709,19208.395,54.15699999999924,TP,52.65699999999924,0.9723027494137412
2025-04-01 23:06:00,2025-04-01 23:15:00,corto,19465.164,19475.242,19455.086000000003,10.0779999999977,SL,-11.5779999999977,-1.1488390553681624
2025-04-02 00:06:00,2025-04-02 00:25:00,corto,19432.031,19473.841,19390.220999999998,41.81000000000131,TP,40.31000000000131,0.9641234154508502
2025-04-03 15:15:00,2025-04-03 16:13:00,largo,18666.72,18546.821,18786.619000000002,119.89900000000125,TP,118.39900000000125,0.9874894703041728
2025-04-03 19:24:00,2025-04-03 19:28:00,largo,18597.364,18562.564,18632.164000000004,34.80000000000291,SL,-36.30000000000291,-1.0431034482758585
2025-04-04 17:33:00,2025-04-04 18:00:00,largo,17611.143,17469.354,17752.932,141.78900000000067,TP,140.28900000000067,0.9894209000698221
2025-04-07 00:24:00,2025-04-07 01:20:00,largo,16556.476,16368.321,16744.630999999998,188.15499999999884,TP,186.65499999999884,0.992027849379501
2025-04-07 04:09:00,2025-04-07 04:27:00,corto,16655.132,16720.32,16589.944000000003,65.18799999999828,TP,63.68799999999828,0.9769896299932497
2025-04-07 05:39:00,2025-04-07 06:44:00,corto,16598.165,16770.787,16425.543,172.6219999999994,TP,171.1219999999994,0.9913104934481121
2025-04-07 08:30:00,2025-04-07 08:36:00,corto,16687.82,16790.21,16585.43,102.38999999999942,SL,-103.88999999999942,-1.0146498681511866
2025-04-08 00:42:00,2025-04-08 00:57:00,corto,17671.564,17721.753,17621.374999999996,50.189000000002125,TP,48.689000000002125,0.9701129729622041
2025-04-08 14:39:00,2025-04-08 14:45:00,corto,18155.299,18222.942,18087.656,67.64300000000003,TP,66.14300000000003,0.9778247564419082
2025-04-08 14:48:00,2025-04-08 15:08:00,corto,18090.854,18222.942,17958.766,132.08799999999974,TP,130.58799999999974,0.9886439343467991
2025-04-08 16:48:00,2025-04-08 16:57:00,largo,17616.289,17536.064,17696.514000000003,80.22500000000218,SL,-81.72500000000218,-1.018697413524462
2025-04-09 11:24:00,2025-04-09 11:39:00,largo,16955.354,16819.253,17091.454999999998,136.10099999999875,SL,-137.60099999999875,-1.0110212268829768
2025-04-09 17:06:00,2025-04-09 17:19:00,corto,17435.765,17574.589,17296.941,138.82400000000052,SL,-140.32400000000052,-1.010805048118481
2025-04-10 15:03:00,2025-04-10 15:09:00,largo,18471.998,18419.898,18524.097999999998,52.099999999998545,TP,50.599999999998545,0.9712092130518226
2025-04-11 10:36:00,2025-04-11 10:45:00,corto,18528.986,18566.875,18491.097,37.888999999999214,TP,36.388999999999214,0.9604106732824822
2025-04-14 14:15:00,2025-04-14 14:41:00,corto,18900.097,19038.608,18761.586000000003,138.5109999999986,SL,-140.0109999999986,-1.0108294648078493
2025-04-14 16:48:00,2025-04-14 16:58:00,corto,18705.521,18762.687,18648.355,57.16600000000108,TP,55.66600000000108,0.9737606269460873
2025-04-14 17:36:00,2025-04-14 17:53:00,corto,18727.319,18792.708,18661.93,65.38899999999921,SL,-66.88899999999921,-1.022939638165441
2025-04-20 23:21:00,2025-04-21 00:00:00,corto,18163.31,18207.075,18119.545000000002,43.76499999999942,SL,-45.26499999999942,-1.0342739632126132
2025-04-21 01:18:00,2025-04-21 01:32:00,largo,18158.999,18136.087,18181.911,22.912000000000262,TP,21.412000000000262,0.9345321229050286
2025-04-21 20:06:00,2025-04-21 22:16:00,largo,17811.331,17775.397,17847.264999999996,35.93399999999747,SL,-37.43399999999747,-1.041743195859078
2025-04-23 00:57:00,2025-04-23 01:52:00,corto,18588.554,18658.754,18518.354,70.20000000000073,TP,68.70000000000073,0.9786324786324788
2025-04-23 06:33:00,2025-04-23 06:39:00,corto,18642.664,18658.399,18626.929,15.735000000000582,TP,14.235000000000582,0.904671115347954
2025-04-23 07:45:00,2025-04-23 07:48:00,corto,18648.108,18660.153,18636.063000000002,12.044999999998254,SL,-13.544999999998254,-1.124533001245348
2025-04-24 04:33:00,2025-04-24 04:42:00,largo,18623.632,18598.643,18648.621000000003,24.989000000001397,TP,23.489000000001397,0.9399735883788901
2025-04-24 14:39:00,2025-04-24 14:43:00,corto,19039.589,19069.887,19009.291,30.297999999998865,TP,28.797999999998865,0.9504917816357497
2025-04-24 15:18:00,2025-04-24 15:28:00,corto,19067.332,19098.886,19035.778,31.554000000000087,TP,30.054000000000087,0.9524624453318122
2025-04-24 22:30:00,2025-04-24 22:35:00,corto,19292.199,19300.576,19283.822,8.377000000000407,TP,6.8770000000004075,0.8209382833950188
2025-04-25 14:18:00,2025-04-25 14:22:00,corto,19241.408,19302.289,19180.527,60.88100000000122,TP,59.38100000000122,0.9753617713243874
2025-04-25 14:45:00,2025-04-25 16:23:00,corto,19238.186,19302.289,19174.083000000002,64.10299999999916,SL,-65.60299999999916,-1.0233998408810823
2025-04-25 16:45:00,2025-04-25 16:59:00,corto,19320.308,19362.164,19278.452,41.85599999999977,SL,-43.35599999999977,-1.035837155963303
2025-04-27 23:09:00,2025-04-27 23:25:00,largo,19356.831,19332.021,19381.640999999996,24.80999999999767,SL,-26.30999999999767,-1.0604594921402717
2025-04-27 23:54:00,2025-04-28 00:11:00,largo,19365.576,19328.698,19402.454,36.87800000000061,SL,-38.37800000000061,-1.0406746569770589
2025-04-28 07:42:00,2025-04-28 08:07:00,corto,19372.899,19411.843,19333.955,38.943999999999505,TP,37.443999999999505,0.9614831552999173
2025-04-28 08:27:00,2025-04-28 08:41:00,largo,19352.042,19332.131,19371.953,19.911000000000058,TP,18.411000000000058,0.924664758173874
2025-04-28 08:54:00,2025-04-28 13:03:00,largo,19387.109,19332.131,19442.087,54.977999999999156,TP,53.477999999999156,0.9727163592709807
2025-04-28 19:54:00,2025-04-28 20:00:00,corto,19444.931,19475.421,19414.441000000003,30.489999999997963,TP,28.989999999997963,0.9508035421449623
2025-04-29 03:12:00,2025-04-29 04:12:00,corto,19472.289,19489.698,19454.88,17.40899999999965,TP,15.90899999999965,0.9138376701705997
2025-04-29 14:09:00,2025-04-29 14:21:00,corto,19452.709,19500.498,19404.92,47.78900000000067,TP,46.28900000000067,0.9686120236874599
2025-04-30 16:48:00,2025-04-30 17:10:00,largo,19326.465,19257.643,19395.287,68.82200000000012,SL,-70.32200000000012,-1.0217953561361193
2025-05-01 00:15:00,2025-05-01 00:26:00,corto,19828.797,19840.731,19816.862999999998,11.934000000001106,SL,-13.434000000001106,-1.1256913021618788
2025-05-01 00:27:00,2025-05-01 03:35:00,corto,19826.299,19858.51,19794.088,32.21099999999933,SL,-33.71099999999933,-1.0465679426282957
2025-05-01 15:48:00,2025-05-01 16:16:00,corto,19923.21,20027.575,19818.844999999998,104.3650000000016,TP,102.8650000000016,0.9856273654960956
2025-05-01 22:42:00,2025-05-02 00:23:00,largo,19694.589,19655.064,19734.114,39.525000000001455,TP,38.025000000001455,0.962049335863379
2025-05-02 13:33:00,2025-05-02 14:10:00,corto,19984.932,20048.499,19921.365,63.5669999999991,SL,-65.0669999999991,-1.023597149464345
2025-05-04 23:03:00,2025-05-04 23:18:00,largo,20018.819,20005.575,20032.063,13.243999999998778,SL,-14.743999999998778,-1.1132588341890772
2025-05-05 15:36:00,2025-05-05 16:06:00,corto,19982.342,20034.853,19929.831000000002,52.5109999999986,SL,-54.0109999999986,-1.028565443430901
2025-05-05 23:36:00,2025-05-05 23:51:00,largo,19933.386,19921.998,19944.773999999998,11.38799999999901,SL,-12.88799999999901,-1.1317175974710336
2025-05-07 16:12:00,2025-05-07 16:22:00,largo,19757.632,19734.308,19780.956000000002,23.324000000000524,SL,-24.824000000000524,-1.0643114388612573
2025-05-14 12:33:00,2025-05-14 13:01:00,corto,21257.842,21283.899,21231.785,26.0570000000007,TP,24.5570000000007,0.942433894922671
2025-05-14 16:54:00,2025-05-14 17:16:00,corto,21292.554,21340.889,21244.219,48.33499999999913,TP,46.83499999999913,0.968966587359056
2025-05-15 10:21:00,2025-05-15 11:02:00,largo,21164.089,21140.976,21187.202,23.113000000001193,TP,21.613000000001193,0.9351014580539124
2025-05-16 19:54:00,2025-05-16 19:58:00,corto,21413.92,21426.508,21401.331999999995,12.588000000003376,SL,-14.088000000003376,-1.11916110581503
2025-05-18 22:30:00,2025-05-18 23:29:00,largo,21263.654,21231.008,21296.299999999996,32.645999999997,TP,31.145999999997002,0.954052563866932
2025-05-20 00:30:00,2025-05-20 01:00:00,corto,21459.131,21486.289,21431.973,27.157999999999447,TP,25.657999999999447,0.9447676559393169
2025-05-20 14:12:00,2025-05-20 14:18:00,largo,21313.11,21288.842,21337.378,24.26800000000003,TP,22.76800000000003,0.9381902093291579
2025-05-20 14:33:00,2025-05-20 16:37:00,largo,21334.331,21288.842,21379.819999999996,45.48899999999776,TP,43.98899999999776,0.9670249950537476
2025-05-21 11:03:00,2025-05-21 11:07:00,largo,21228.153,21222.621,21233.684999999998,5.531999999999243,TP,4.031999999999243,0.7288503253795725
2025-05-21 17:36:00,2025-05-21 19:06:00,largo,21219.289,21087.565,21351.013000000003,131.72400000000198,SL,-133.22400000000198,-1.0113874464790014
2025-05-22 19:51:00,2025-05-23 06:08:00,corto,21165.564,21267.587,21063.540999999997,102.02300000000105,TP,100.52300000000105,0.9852974329317901
2025-05-23 09:48:00,2025-05-23 11:19:00,largo,21098.276,21054.354,21142.198000000004,43.9220000000023,SL,-45.4220000000023,-1.0341514502982543
2025-05-25 22:30:00,2025-05-26 02:24:00,corto,21113.52,21171.286,21055.754,57.76599999999962,SL,-59.26599999999962,-1.0259668317003083
2025-05-26 06:39:00,2025-05-26 06:48:00,corto,21166.989,21192.753,21141.225000000002,25.763999999999214,SL,-27.263999999999214,-1.0582207731718696
2025-05-26 15:57:00,2025-05-27 00:22:00,largo,21218.286,21159.665,21276.907,58.620999999999185,SL,-60.120999999999185,-1.0255880998277072
2025-05-27 07:27:00,2025-05-27 07:31:00,corto,21232.376,21248.799,21215.953,16.422999999998865,SL,-17.922999999998865,-1.0913353224136944
2025-05-28 17:12:00,2025-05-28 17:19:00,corto,21421.086,21433.875,21408.297,12.78900000000067,SL,-14.28900000000067,-1.11728829462819
2025-05-28 17:21:00,2025-05-28 17:26:00,corto,21426.221,21437.119,21415.323000000004,10.89799999999741,TP,9.39799999999741,0.8623600660671356
2025-05-28 19:12:00,2025-05-28 19:26:00,corto,21430.309,21460.542,21400.076,30.233000000000175,TP,28.733000000000175,0.9503853405219465
2025-05-29 16:39:00,2025-05-30 01:05:00,largo,21393.154,21248.032,21538.275999999998,145.1219999999994,SL,-146.6219999999994,-1.0103361309794519
2025-05-30 12:42:00,2025-05-30 16:27:00,largo,21309.165,21177.919,21440.411,131.24599999999919,SL,-132.74599999999919,-1.0114289197385065
2025-06-01 23:18:00,2025-06-01 23:30:00,largo,21264.043,21247.108,21280.978000000003,16.93500000000131,SL,-18.43500000000131,-1.088573959255972
2025-06-01 23:39:00,2025-06-02 01:43:00,largo,21262.754,21231.81,21293.698,30.943999999999505,SL,-32.443999999999505,-1.0484746639089977
2025-06-02 17:12:00,2025-06-02 17:50:00,corto,21407.864,21431.799,21383.929000000004,23.93499999999767,TP,22.43499999999767,0.9373302694798351
2025-06-02 18:06:00,2025-06-02 18:09:00,corto,21404.499,21416.397,21392.601,11.898000000001048,TP,10.398000000001048,0.8739283913262844
2025-06-03 15:06:00,2025-06-03 15:20:00,corto,21616.364,21637.809,21594.919,21.44499999999971,SL,-22.94499999999971,-1.0699463744462587
2025-06-04 10:30:00,2025-06-04 12:07:00,corto,21680.732,21723.708,21637.756,42.97599999999875,SL,-44.47599999999875,-1.034903201787045
2025-06-04 14:36:00,2025-06-04 14:59:00,corto,21687.665,21720.899,21654.431,33.23400000000038,SL,-34.73400000000038,-1.0451345008124204
2025-06-04 18:06:00,2025-06-04 18:30:00,corto,21746.831,21761.898,21731.763999999996,15.067000000002736,SL,-16.567000000002736,-1.0995553195725578
2025-06-04 18:45:00,2025-06-04 18:50:00,corto,21752.131,21764.697,21739.565000000002,12.565999999998894,TP,11.065999999998894,0.880630272162969
2025-06-04 18:57:00,2025-06-04 19:50:00,corto,21745.099,21764.697,21725.500999999997,19.598000000001775,TP,18.098000000001775,0.9234615777120183
2025-06-05 13:30:00,2025-06-05 13:39:00,corto,21755.342,21803.864,21706.82,48.522000000000844,TP,47.022000000000844,0.9690861877086687
2025-06-05 13:57:00,2025-06-05 14:42:00,corto,21686.886,21803.864,21569.907999999996,116.9780000000028,SL,-118.4780000000028,-1.012822923968609
2025-06-05 18:33:00,2025-06-05 19:15:00,largo,21684.287,21570.319,21798.255,113.96800000000076,SL,-115.46800000000076,-1.0131615892180261
2025-06-08 23:42:00,2025-06-09 02:21:00,largo,21727.353,21696.332,21758.374,31.02100000000064,SL,-32.52100000000064,-1.0483543406079743
2025-06-09 05:48:00,2025-06-09 06:52:00,largo,21712.043,21697.076,21727.010000000002,14.967000000000553,TP,13.467000000000553,0.899779514932856
2025-06-09 12:39:00,2025-06-09 12:58:00,corto,21776.397,21786.986,21765.808,10.588999999999942,TP,9.088999999999942,0.858343564075927
2025-06-09 13:12:00,2025-06-09 13:16:00,corto,21775.121,21783.653,21766.589,8.531999999999243,TP,7.031999999999243,0.8241912798874669
2025-06-09 18:27:00,2025-06-09 18:38:00,corto,21837.01,21846.599,21827.421,9.588999999999942,TP,8.088999999999942,0.8435707581603912
2025-06-10 05:51:00,2025-06-10 07:44:00,largo,21796.353,21728.843,21863.862999999998,67.5099999999984,SL,-69.0099999999984,-1.022218930528811
2025-06-11 12:06:00,2025-06-11 12:30:00,corto,21902.198,21968.286,21836.11,66.08799999999974,SL,-67.58799999999974,-1.02269701004721
2025-06-11 14:06:00,2025-06-11 14:09:00,corto,21964.875,21977.643,21952.107,12.768000000000029,SL,-14.268000000000029,-1.1174812030075185
2025-06-11 18:36:00,2025-06-12 00:50:00,largo,21876.62,21767.331,21985.909,109.28900000000067,SL,-110.78900000000067,-1.013725077546688
2025-06-12 15:30:00,2025-06-12 23:59:00,corto,21873.131,21955.997,21790.265000000003,82.86599999999817,TP,81.36599999999817,0.9818984867134889
2025-06-15 22:12:00,2025-06-15 22:44:00,largo,21590.075,21534.542,21645.608,55.53299999999945,TP,54.03299999999945,0.9729890335476201
2025-06-15 22:42:00,2025-06-16 11:46:00,largo,21660.875,21534.542,21787.208,126.33299999999872,TP,124.83299999999872,0.9881266177483317
2025-06-16 17:42:00,2025-06-16 18:36:00,corto,21941.22,21969.799,21912.641000000003,28.578999999997905,TP,27.078999999997905,0.9475139088141604
2025-06-16 23:36:00,2025-06-16 23:48:00,largo,21844.365,21809.999,21878.731000000003,34.366000000001804,SL,-35.866000000001804,-1.0436477914217517
2025-06-17 12:39:00,2025-06-17 12:49:00,largo,21843.754,21821.131,21866.377,22.622999999999593,SL,-24.122999999999593,-1.066304203686515
2025-06-19 00:27:00,2025-06-19 01:04:00,largo,21662.042,21618.687,21705.397,43.35499999999956,SL,-44.85499999999956,-1.0345980855725987
2025-06-20 00:15:00,2025-06-20 01:05:00,corto,21682.042,21704.187,21659.897,22.145000000000437,TP,20.645000000000437,0.9322646195529478
2025-06-20 08:54:00,2025-06-20 11:44:00,corto,21644.632,21726.789,21562.475000000002,82.15699999999924,SL,-83.65699999999924,-1.0182577260610783
2025-06-20 15:09:00,2025-06-20 15:33:00,largo,21614.608,21555.987,21673.229,58.620999999999185,TP,57.120999999999185,0.9744119001722928
2025-06-20 15:30:00,2025-06-20 17:37:00,largo,21660.819,21555.987,21765.650999999998,104.83199999999852,SL,-106.33199999999852,-1.0143086080586083
2025-06-20 17:39:00,2025-06-20 17:58:00,largo,21582.01,21545.121,21618.898999999998,36.888999999999214,TP,35.388999999999214,0.9593374718750839
2025-06-23 13:51:00,2025-06-23 16:37:00,largo,21700.786,21539.754,21861.818,161.03199999999924,SL,-162.53199999999924,-1.0093149187739083
2025-06-23 16:39:00,2025-06-23 17:22:00,largo,21632.998,21518.253,21747.743,114.74499999999898,TP,113.24499999999898,0.9869275349688439
2025-06-24 15:51:00,2025-06-24 16:26:00,corto,22147.053,22167.008,22127.097999999998,19.955000000001746,SL,-21.455000000001746,-1.0751691305437168
2025-06-25 09:36:00,2025-06-25 10:57:00,corto,22206.92,22232.399,22181.440999999995,25.479000000002998,SL,-26.979000000002998,-1.0588720122453716
2025-06-25 17:39:00,2025-06-25 19:59:00,corto,22183.308,22242.154,22124.462000000003,58.84599999999773,SL,-60.34599999999773,-1.025490262719642
2025-06-26 07:24:00,2025-06-26 08:16:00,corto,22306.719,22337.631,22275.807,30.912000000000262,SL,-32.41200000000026,-1.0485248447204965
2025-06-26 22:12:00,2025-06-26 22:26:00,corto,22467.676,22482.389,22452.963,14.712999999999738,SL,-16.212999999999738,-1.1019506558825547
2025-06-27 00:48:00,2025-06-27 02:18:00,corto,22459.376,22476.789,22441.963,17.413000000000466,SL,-18.913000000000466,-1.0861425371848596
2025-06-29 23:18:00,2025-06-29 23:35:00,corto,22617.164,22628.043,22606.285,10.879000000000815,TP,9.379000000000815,0.8621196801176682
2025-06-29 23:42:00,2025-06-30 02:14:00,corto,22592.32,22628.043,22556.596999999998,35.723000000001775,SL,-37.223000000001775,-1.0419897544999
2025-07-01 12:42:00,2025-07-01 13:09:00,largo,22569.61,22540.632,22598.588,28.977999999999156,TP,27.477999999999156,0.9482365932776574
2025-07-01 14:30:00,2025-07-01 14:33:00,largo,22561.565,22534.376,22588.753999999997,27.188999999998487,SL,-28.688999999998487,-1.055169369965798
2025-07-02 12:45:00,2025-07-02 13:04:00,largo,22403.308,22371.589,22435.027000000002,31.71900000000096,TP,30.21900000000096,0.9527097323370864
2025-07-02 16:24:00,2025-07-02 16:40:00,corto,22617.865,22636.389,22599.341000000004,18.523999999997613,SL,-20.023999999997613,-1.0809760310948064
2025-07-02 18:15:00,2025-07-02 18:34:00,corto,22608.387,22625.208,22591.566,16.820999999999913,SL,-18.320999999999913,-1.0891742464776177
2025-07-02 19:15:00,2025-07-02 19:57:00,corto,22613.231,22640.698,22585.764,27.467000000000553,SL,-28.967000000000553,-1.0546109877307304
2025-07-03 01:42:00,2025-07-03 02:28:00,corto,22641.064,22656.699,22625.428999999996,15.635000000002037,TP,14.135000000002037,0.9040614007035622
2025-07-06 23:57:00,2025-07-07 01:02:00,largo,22790.199,22765.386,22815.012000000002,24.81300000000192,SL,-26.31300000000192,-1.0604521823237771
2025-07-07 04:06:00,2025-07-07 04:14:00,largo,22789.799,22777.032,22802.566,12.766999999999825,SL,-14.266999999999825,-1.117490404950264
2025-07-09 06:42:00,2025-07-09 06:54:00,largo,22672.876,22648.154,22697.598,24.72200000000157,TP,23.22200000000157,0.9393252973060471
2025-07-09 15:57:00,2025-07-09 16:38:00,corto,22756.51,22797.587,22715.432999999997,41.077000000001135,SL,-42.577000000001135,-1.0365167855490898
2025-07-10 14:15:00,2025-07-10 15:52:00,largo,22771.91,22712.487,22831.333,59.422999999998865,TP,57.922999999998865,0.9747572488766971
2025-07-10 23:09:00,2025-07-10 23:21:00,corto,22857.765,22864.199,22851.331,6.434000000001106,TP,4.934000000001106,0.7668635374572984
2025-07-11 00:54:00,2025-07-11 14:16:00,largo,22726.343,22647.532,22805.154000000002,78.81100000000151,TP,77.31100000000151,0.9809671238786467
2025-07-11 15:45:00,2025-07-11 15:50:00,corto,22811.309,22829.443,22793.175000000003,18.133999999998196,TP,16.633999999998196,0.9172824528509899
2025-07-11 17:00:00,2025-07-11 17:03:00,corto,22816.819,22825.809,22807.828999999998,8.9900000000016,SL,-10.4900000000016,-1.166852057842017
2025-07-11 18:15:00,2025-07-11 18:36:00,corto,22818.619,22832.799,22804.439,14.180000000000291,SL,-15.680000000000291,-1.1057827926657242
2025-07-13 22:48:00,2025-07-14 06:04:00,largo,22703.876,22636.298,22771.454,67.57800000000134,SL,-69.07800000000134,-1.0221965728491516
2025-07-14 06:18:00,2025-07-14 07:01:00,largo,22650.71,22634.531,22666.889,16.179000000000087,TP,14.679000000000087,0.9072872241794925
2025-07-14 09:15:00,2025-07-14 09:19:00,corto,22705.387,22710.364,22700.409999999996,4.97700000000259,TP,3.4770000000025902,0.6986136226644124
2025-07-14 09:24:00,2025-07-14 09:41:00,corto,22706.32,22717.589,22695.051,11.269000000000233,SL,-12.769000000000233,-1.1331085278196795
2025-07-14 11:21:00,2025-07-14 11:42:00,corto,22685.043,22713.489,22656.597,28.445999999999913,SL,-29.945999999999913,-1.0527314912465726
2025-07-14 12:03:00,2025-07-14 12:07:00,corto,22706.499,22711.989,22701.009,5.490000000001601,TP,3.9900000000016007,0.7267759562842326
2025-07-15 17:27:00,2025-07-15 17:54:00,largo,22942.989,22909.832,22976.146000000004,33.15700000000288,TP,31.65700000000288,0.9547606840184616
2025-07-16 05:57:00,2025-07-16 06:27:00,largo,22831.819,22817.853,22845.785,13.96600000000035,SL,-15.46600000000035,-1.1074036946870947
2025-07-16 19:48:00,2025-07-16 20:07:00,corto,22908.242,22928.519,22887.964999999997,20.277000000001863,TP,18.777000000001863,0.9260245598461379
2025-07-17 05:54:00,2025-07-17 06:05:00,corto,22916.631,22929.989,22903.273,13.358000000000175,SL,-14.858000000000175,-1.112292259320256
2025-07-17 12:18:00,2025-07-17 12:30:00,corto,22909.52,22931.776,22887.264,22.256000000001222,SL,-23.756000000001222,-1.067397555715309
2025-07-18 14:03:00,2025-07-18 14:25:00,corto,23078.509,23116.064,23040.953999999998,37.55500000000029,TP,36.05500000000029,0.9600585807482362
2025-07-18 14:39:00,2025-07-18 14:45:00,largo,23045.376,23021.587,23069.165,23.78900000000067,TP,22.28900000000067,0.9369456471478432
2025-07-18 17:12:00,2025-07-20 22:37:00,largo,23044.821,23012.408,23077.234,32.413000000000466,TP,30.913000000000466,0.9537222719279308
2025-07-20 23:24:00,2025-07-20 23:54:00,corto,23081.197,23093.108,23069.286,11.911000000000058,SL,-13.411000000000058,-1.1259340105784563
2025-07-22 03:54:00,2025-07-22 04:11:00,largo,23172.475,23161.731,23183.218999999997,10.743999999998778,SL,-12.243999999998778,-1.1396128071481917
2025-07-22 12:03:00,2025-07-22 12:13:00,largo,23175.876,23167.91,23183.842,7.966000000000349,SL,-9.46600000000035,-1.1883002761737302
2025-07-22 15:24:00,2025-07-22 15:34:00,largo,23055.654,23038.498,23072.809999999998,17.15599999999904,TP,15.65599999999904,0.9125670319421728
2025-07-22 15:45:00,2025-07-22 16:02:00,largo,23077.899,23038.498,23117.300000000003,39.40100000000166,SL,-40.90100000000166,-1.0380700997436598
2025-07-22 16:03:00,2025-07-22 16:25:00,largo,23056.453,23033.653,23079.253000000004,22.80000000000291,SL,-24.30000000000291,-1.0657894736842022
2025-07-22 18:30:00,2025-07-23 07:15:00,largo,23067.797,23015.286,23120.307999999997,52.5109999999986,TP,51.0109999999986,0.971434556569099
2025-07-23 14:06:00,2025-07-23 14:12:00,largo,23023.108,23000.831,23045.385000000002,22.277000000001863,SL,-23.777000000001863,-1.06733402163666
2025-07-24 00:57:00,2025-07-24 01:15:00,corto,23243.076,23255.689,23230.463000000003,12.612999999997555,SL,-14.112999999997555,-1.118924918734662
2025-07-24 17:39:00,2025-07-25 00:12:00,corto,23240.443,23271.899,23208.986999999997,31.45600000000195,SL,-32.95600000000195,-1.0476856561546257
2025-07-25 00:30:00,2025-07-25 01:43:00,corto,23268.164,23278.397,23257.931,10.233000000000175,SL,-11.733000000000175,-1.1465845793022549
2025-07-25 14:30:00,2025-07-25 14:34:00,corto,23252.999,23274.553,23231.445,21.554000000000087,SL,-23.054000000000087,-1.0695926510160525
2025-07-28 19:36:00,2025-07-28 19:53:00,largo,23322.576,23308.264,23336.888000000003,14.312000000001717,TP,12.812000000001717,0.8951928451649092
2025-07-28 22:36:00,2025-07-28 22:53:00,corto,23383.098,23389.332,23376.864000000005,6.23399999999674,SL,-7.73399999999674,-1.2406159769009921
2025-07-28 23:18:00,2025-07-29 00:25:00,corto,23380.41,23391.689,23369.131,11.278999999998632,SL,-12.778999999998632,-1.1329905133433977
2025-07-29 02:24:00,2025-07-29 03:01:00,corto,23388.376,23400.399,23376.353,12.023000000001048,SL,-13.523000000001048,-1.1247608749895923
2025-07-29 19:51:00,2025-07-30 03:02:00,largo,23319.997,23280.887,23359.107,39.11000000000058,TP,37.61000000000058,0.9616466376885713
2025-07-30 14:57:00,2025-07-30 15:11:00,corto,23377.899,23404.399,23351.399,26.5,TP,25.0,0.9433962264150944
2025-07-30 23:30:00,2025-07-31 00:00:00,corto,23595.397,23606.289,23584.505,10.891999999999825,TP,9.391999999999825,0.8622842453176621
2025-07-31 15:36:00,2025-07-31 17:25:00,largo,23429.343,23347.198,23511.488,82.14500000000044,SL,-83.64500000000044,-1.0182603932071337
2025-07-31 18:18:00,2025-07-31 18:30:00,largo,23237.199,23170.643,23303.755,66.5560000000005,TP,65.0560000000005,0.9774625878959073
2025-07-31 22:27:00,2025-07-31 22:35:00,largo,23177.742,23167.821,23187.662999999997,9.920999999998457,SL,-11.420999999998457,-1.151194436044777
2025-08-01 00:30:00,2025-08-01 00:43:00,largo,23124.989,23100.597,23149.381,24.391999999999825,TP,22.891999999999825,0.9385044276812066
2025-08-01 04:24:00,2025-08-01 05:45:00,largo,23187.289,23165.331,23209.247000000003,21.958000000002357,SL,-23.458000000002357,-1.0683122324437488
2025-08-04 23:30:00,2025-08-05 00:46:00,corto,23199.021,23233.097,23164.945,34.07600000000093,SL,-35.57600000000093,-1.044019251085807
2025-08-05 02:39:00,2025-08-05 03:35:00,corto,23219.797,23231.508,23208.085999999996,11.711000000002969,SL,-13.211000000002969,-1.1280847066859891
2025-08-05 08:12:00,2025-08-05 08:27:00,corto,23198.354,23223.419,23173.288999999997,25.06500000000233,SL,-26.56500000000233,-1.0598444045481692
2025-08-05 08:42:00,2025-08-05 09:35:00,corto,23210.498,23227.099,23193.897,16.60099999999875,SL,-18.10099999999875,-1.0903560026504495
2025-08-05 18:57:00,2025-08-05 22:06:00,largo,23035.031,23002.121,23067.941,32.909999999999854,SL,-34.409999999999854,-1.0455788514129445
2025-08-06 10:51:00,2025-08-06 10:59:00,largo,23015.498,22995.71,23035.286,19.788000000000466,TP,18.288000000000466,0.9241964827167999
2025-08-06 14:21:00,2025-08-06 15:00:00,corto,23056.387,23174.064,22938.71,117.67699999999968,SL,-119.17699999999968,-1.0127467559506107
2025-08-07 16:21:00,2025-08-07 16:40:00,largo,23400.399,23353.087,23447.711000000003,47.31200000000172,SL,-48.81200000000172,-1.0317044301657072
2025-08-08 09:24:00,2025-08-08 11:15:00,corto,23464.797,23477.819,23451.774999999998,13.022000000000844,SL,-14.522000000000844,-1.1151896790047537
2025-08-08 14:12:00,2025-08-08 14:27:00,corto,23535.619,23575.099,23496.139,39.47999999999956,SL,-40.97999999999956,-1.0379939209726448
2025-08-08 15:09:00,2025-08-08 15:36:00,corto,23551.91,23578.199,23525.621,26.28900000000067,TP,24.78900000000067,0.9429419148693384
2025-08-08 16:21:00,2025-08-08 16:54:00,corto,23588.008,23600.553,23575.463000000003,12.544999999998254,TP,11.044999999998254,0.8804304503786202
2025-08-11 02:18:00,2025-08-11 02:22:00,corto,23658.32,23665.532,23651.108,7.211999999999534,SL,-8.711999999999534,-1.2079866888519268
2025-08-11 02:24:00,2025-08-11 02:48:00,corto,23657.419,23666.599,23648.239000000005,9.179999999996653,TP,7.679999999996653,0.8366013071894829
2025-08-11 03:18:00,2025-08-11 03:33:00,corto,23658.786,23668.775,23648.797,9.989000000001397,TP,8.489000000001397,0.8498348183001512
2025-08-11 03:30:00,2025-08-11 04:51:00,corto,23650.097,23668.775,23631.419,18.677999999999884,TP,17.177999999999884,0.9196916158046895
2025-08-11 12:12:00,2025-08-11 12:20:00,corto,23637.431,23650.776,23624.086,13.345000000001164,SL,-14.845000000001164,-1.1124016485575023
2025-08-11 12:51:00,2025-08-11 14:12:00,corto,23604.975,23651.999,23557.950999999997,47.02400000000125,SL,-48.52400000000125,-1.0318986049676753
2025-08-11 14:15:00,2025-08-11 14:48:00,largo,23654.41,23618.321,23690.499,36.08899999999994,SL,-37.58899999999994,-1.0415639114411595
2025-08-11 16:51:00,2025-08-11 18:04:00,corto,23639.964,23701.689,23578.239,61.724999999998545,TP,60.224999999998545,0.9756986634264879
2025-08-12 12:57:00,2025-08-12 13:10:00,corto,23689.02,23720.808,23657.232,31.788000000000466,TP,30.288000000000466,0.9528123820309558
2025-08-12 23:51:00,2025-08-12 23:54:00,corto,23837.453,23861.043,23813.863,23.590000000000146,SL,-25.090000000000146,-1.0635862653666803
2025-08-13 17:42:00,2025-08-13 18:14:00,corto,23806.321,23850.497,23762.145,44.175999999999476,SL,-45.675999999999476,-1.0339550887359656
2025-08-13 19:24:00,2025-08-13 19:41:00,corto,23837.065,23856.719,23817.410999999996,19.65400000000227,TP,18.15400000000227,0.9236796580848771
2025-08-13 20:12:00,2025-08-13 22:06:00,largo,23834.586,23830.831,23838.341,3.7550000000010186,SL,-5.255000000001019,-1.3994673768307837
2025-08-14 00:15:00,2025-08-14 00:35:00,corto,23856.92,23862.699,23851.140999999996,5.77900000000227,TP,4.27900000000227,0.7404395224088232
2025-08-14 12:30:00,2025-08-14 14:31:00,corto,23761.021,23868.887,23653.155000000002,107.86599999999817,SL,-109.36599999999817,-1.0139061428068161
2025-08-14 16:15:00,2025-08-14 16:50:00,largo,23797.142,23766.675,23827.609,30.467000000000553,TP,28.967000000000553,0.9507664029934035
2025-08-14 20:06:00,2025-08-14 20:11:00,largo,23793.632,23783.321,23803.943000000003,10.311000000001513,SL,-11.811000000001513,-1.1454757055571505
2025-08-15 14:21:00,2025-08-15 15:40:00,largo,23778.076,23682.689,23873.463000000003,95.38700000000244,SL,-96.88700000000244,-1.0157254133162796
2025-08-15 16:24:00,2025-08-15 16:29:00,largo,23697.832,23678.376,23717.287999999997,19.455999999998312,SL,-20.955999999998312,-1.077097039473691
2025-08-15 19:21:00,2025-08-17 22:17:00,largo,23722.075,23686.343,23757.807,35.73199999999997,TP,34.23199999999997,0.9580208216724504
2025-08-18 16:48:00,2025-08-18 17:28:00,largo,23658.943,23635.308,23682.577999999998,23.6349999999984,TP,22.1349999999984,0.936534800084616
2025-08-19 16:15:00,2025-08-19 16:39:00,largo,23461.476,23432.22,23490.731999999996,29.255999999997584,SL,-30.755999999997584,-1.0512715340443028
2025-08-19 23:39:00,2025-08-20 00:01:00,largo,23348.742,23331.698,23365.785999999996,17.04399999999805,SL,-18.54399999999805,-1.0880075099741946
2025-08-21 17:45:00,2025-08-22 06:41:00,largo,23139.02,23041.742,23236.298000000003,97.27800000000207,SL,-98.77800000000207,-1.0154197249121073
2025-08-22 15:57:00,2025-08-22 16:14:00,corto,23516.31,23562.299,23470.321000000004,45.98899999999776,SL,-47.48899999999776,-1.0326164952488655
2025-08-25 04:06:00,2025-08-25 04:16:00,largo,23475.589,23471.221,23479.957,4.367999999998574,TP,2.867999999998574,0.6565934065932945
2025-08-26 03:30:00,2025-08-26 05:01:00,largo,23384.432,23372.409,23396.455,12.023000000001048,TP,10.523000000001048,0.8752391250104076
2025-08-26 08:30:00,2025-08-26 10:26:00,largo,23399.497,23371.753,23427.240999999998,27.743999999998778,TP,26.243999999998778,0.945934256055361
2025-08-26 12:39:00,2025-08-26 13:32:00,largo,23405.376,23371.653,23439.099000000002,33.723000000001775,TP,32.223000000001775,0.9555199715327841
2025-08-26 16:42:00,2025-08-26 17:10:00,corto,23474.732,23491.287,23458.177,16.55500000000029,TP,15.055000000000291,0.9093929326487482
2025-08-26 23:03:00,2025-08-26 23:36:00,corto,23548.665,23555.597,23541.733,6.9320000000006985,SL,-8.432000000000698,-1.216387766878224
2025-08-27 04:54:00,2025-08-27 05:07:00,corto,23550.665,23556.331,23544.999000000003,5.665999999997439,TP,4.165999999997439,0.7352629721142467
2025-08-27 12:39:00,2025-08-27 15:48:00,corto,23500.898,23555.789,23446.007,54.89099999999962,SL,-56.39099999999962,-1.027326884188665
2025-08-28 00:09:00,2025-08-28 00:18:00,largo,23452.299,23433.353,23471.245,18.945999999999913,SL,-20.445999999999913,-1.0791723846722268
2025-08-29 08:24:00,2025-08-29 08:51:00,largo,23619.131,23600.969,23637.293,18.162000000000262,SL,-19.662000000000262,-1.0825900231252052
2025-08-29 14:27:00,2025-08-29 14:52:00,largo,23445.029,23374.392,23515.665999999997,70.6369999999988,SL,-72.1369999999988,-1.0212353299262429
2025-08-31 23:18:00,2025-09-01 00:07:00,corto,23487.631,23499.088,23476.174000000003,11.456999999998516,SL,-12.956999999998516,-1.1309243257397394
2025-09-01 03:03:00,2025-09-01 03:23:00,largo,23429.036,23404.558,23453.514,24.477999999999156,SL,-25.977999999999156,-1.0612795163003534
2025-09-01 08:06:00,2025-09-01 08:32:00,largo,23426.529,23410.797,23442.261,15.731999999999971,TP,14.231999999999971,0.9046529366895498
2025-09-01 08:30:00,2025-09-01 11:31:00,largo,23439.231,23410.797,23467.665,28.434000000001106,SL,-29.934000000001106,-1.0527537455159295
2025-09-01 12:24:00,2025-09-01 13:21:00,largo,23424.131,23412.011,23436.251000000004,12.12000000000262,TP,10.62000000000262,0.876237623762403
2025-09-01 13:48:00,2025-09-01 23:20:00,largo,23439.772,23394.772,23484.772,45.0,SL,-46.5,-1.0333333333333334
2025-09-04 00:27:00,2025-09-04 02:03:00,corto,23455.536,23474.069,23437.003,18.532999999999447,SL,-20.032999999999447,-1.0809367074947416
2025-09-04 11:09:00,2025-09-04 11:23:00,corto,23468.381,23480.12,23456.642000000003,11.738999999997759,TP,10.238999999997759,0.8722208024533362
2025-09-04 11:45:00,2025-09-04 12:35:00,corto,23457.153,23480.12,23434.185999999998,22.967000000000553,TP,21.467000000000553,0.9346889014673243
2025-09-04 12:39:00,2025-09-04 13:33:00,corto,23434.414,23480.308,23388.52,45.89400000000023,SL,-47.39400000000023,-1.0326840109818276
2025-09-04 13:36:00,2025-09-04 14:16:00,corto,23440.186,23507.62,23372.752000000004,67.43399999999747,TP,65.93399999999747,0.9777560281163796
2025-09-04 15:30:00,2025-09-04 16:48:00,corto,23487.141,23512.671,23461.611,25.529999999998836,SL,-27.029999999998836,-1.0587544065804961
2025-09-04 23:54:00,2025-09-05 00:09:00,corto,23671.5,23680.279,23662.721,8.778999999998632,SL,-10.278999999998632,-1.170862284998318
2025-09-05 15:33:00,2025-09-07 23:31:00,largo,23607.779,23467.338,23748.219999999998,140.4409999999989,TP,138.9409999999989,0.989319358307047
2025-09-09 07:39:00,2025-09-09 08:07:00,corto,23833.779,23853.381,23814.176999999996,19.60200000000259,TP,18.10200000000259,0.923477196204479
2025-09-09 19:57:00,2025-09-09 22:00:00,corto,23834.31,23855.339,23813.281000000003,21.028999999998632,SL,-22.528999999998632,-1.0713300680013362
2025-09-10 02:36:00,2025-09-10 03:43:00,corto,23877.036,23888.631,23865.441,11.595000000001164,SL,-13.095000000001164,-1.129366106080194
2025-09-10 17:39:00,2025-09-10 18:16:00,largo,23872.59,23844.788,23900.392,27.80199999999968,SL,-29.30199999999968,-1.053952953024963
2025-09-11 15:33:00,2025-09-11 15:40:00,corto,24004.366,24017.18,23991.552000000003,12.813999999998487,TP,11.313999999998487,0.8829405337911521
2025-09-11 16:33:00,2025-09-11 19:50:00,corto,23989.415,24013.969,23964.861,24.554000000000087,SL,-26.054000000000087,-1.061089842795471
2025-09-11 20:09:00,2025-09-11 20:14:00,corto,23986.439,23996.089,23976.788999999997,9.650000000001455,TP,8.150000000001455,0.8445595854922514
2025-09-12 08:57:00,2025-09-12 11:55:00,largo,23983.197,23948.5,24017.894,34.697000000000116,TP,33.197000000000116,0.9567685967086493
2025-09-12 16:57:00,2025-09-12 17:35:00,corto,24090.775,24103.588,24077.962000000003,12.812999999998283,TP,11.312999999998283,0.8829313977990946
2025-09-15 03:54:00,2025-09-15 04:33:00,corto,24105.392,24113.536,24097.248,8.144000000000233,SL,-9.644000000000233,-1.1841846758349652
2025-09-15 07:57:00,2025-09-15 08:01:00,corto,24121.055,24141.653,24100.457000000002,20.597999999998137,TP,19.097999999998137,0.9271773958636695
2025-09-15 12:36:00,2025-09-15 13:00:00,corto,24125.399,24155.011,24095.787000000004,29.61199999999735,SL,-31.11199999999735,-1.0506551398081905
2025-09-15 15:33:00,2025-09-15 15:39:00,corto,24235.889,24250.832,24220.946,14.942999999999302,SL,-16.4429999999993,-1.1003814495081357
2025-09-16 01:39:00,2025-09-16 01:43:00,corto,24293.169,24300.729,24285.609000000004,7.559999999997672,SL,-9.059999999997672,-1.1984126984127594
2025-09-16 15:18:00,2025-09-16 15:41:00,largo,24280.537,24254.217,24306.857,26.31999999999971,SL,-27.81999999999971,-1.0569908814589672
2025-09-16 15:51:00,2025-09-16 16:03:00,largo,24269.504,24246.644,24292.364,22.860000000000582,SL,-24.360000000000582,-1.0656167979002609
2025-09-16 19:09:00,2025-09-16 19:31:00,corto,24292.859,24305.109,24280.609,12.25,TP,10.75,0.8775510204081632
2025-09-16 19:51:00,2025-09-16 19:59:00,corto,24290.04,24307.537,24272.543,17.49699999999939,TP,15.996999999999389,0.914271017888778
2025-09-17 10:57:00,2025-09-17 11:06:00,largo,24250.566,24239.522,24261.609999999997,11.04399999999805,SL,-12.54399999999805,-1.135820354943885
2025-09-17 15:42:00,2025-09-17 16:07:00,largo,24166.219,24149.947,24182.491,16.272000000000844,SL,-17.772000000000844,-1.0921828908554525
2025-09-18 15:27:00,2025-09-18 15:50:00,corto,24529.642,24564.066,24495.218,34.42399999999907,TP,32.92399999999907,0.9564257494771078
2025-09-19 08:09:00,2025-09-19 09:22:00,largo,24453.033,24432.881,24473.184999999998,20.151999999998225,TP,18.651999999998225,0.9255657006748644
2025-09-19 18:06:00,2025-09-19 18:19:00,corto,24568.214,24573.949,24562.479,5.735000000000582,TP,4.235000000000582,0.7384481255449263
2025-09-19 18:45:00,2025-09-19 19:01:00,corto,24565.819,24582.201,24549.436999999998,16.382000000001426,SL,-17.882000000001426,-1.091563911610296
2025-09-22 06:18:00,2025-09-22 06:40:00,largo,24581.099,24571.686,24590.511999999995,9.412999999996828,SL,-10.912999999996828,-1.1593540847764268
2025-09-22 15:09:00,2025-09-22 16:09:00,corto,24668.5,24694.186,24642.814,25.686000000001513,SL,-27.186000000001513,-1.058397570661057
2025-09-23 16:36:00,2025-09-23 17:03:00,largo,24696.568,24671.752,24721.384,24.815999999998894,SL,-26.315999999998894,-1.0604448742746642
2025-09-25 16:48:00,2025-09-25 17:14:00,largo,24391.718,24376.849,24406.587000000003,14.869000000002416,TP,13.369000000002416,0.8991189723586148
2025-09-29 17:36:00,2025-09-29 17:52:00,largo,24598.557,24576.282,24620.832000000002,22.275000000001455,TP,20.775000000001455,0.9326599326599371
2025-09-30 08:15:00,2025-09-30 12:34:00,largo,24568.308,24539.253,24597.363,29.05500000000029,TP,27.55500000000029,0.9483737738771301
2025-09-30 14:39:00,2025-09-30 14:48:00,largo,24563.436,24522.525,24604.347,40.91100000000006,TP,39.41100000000006,0.9633350443645964
2025-09-30 15:24:00,2025-10-01 06:56:00,corto,24558.544,24689.146,24427.942000000003,130.60199999999895,TP,129.10199999999895,0.9885147241236734
2025-10-01 15:09:00,2025-10-01 15:37:00,corto,24675.892,24702.529,24649.255,26.636999999998807,SL,-28.136999999998807,-1.056312647820703
2025-10-02 15:39:00,2025-10-02 15:55:00,largo,24815.499,24779.569,24851.429,35.93000000000029,TP,34.43000000000029,0.9582521569718901
2025-10-03 04:09:00,2025-10-03 05:06:00,corto,24962.653,24968.797,24956.509,6.144000000000233,SL,-7.644000000000233,-1.2441406249999907
2025-10-06 23:48:00,2025-10-07 00:11:00,largo,24945.627,24924.225,24967.029000000002,21.402000000001863,SL,-22.902000000001863,-1.0700869077656232
2025-10-07 00:21:00,2025-10-07 00:45:00,largo,24937.583,24921.649,24953.516999999996,15.933999999997468,SL,-17.433999999997468,-1.094138320572376
2025-10-07 08:51:00,2025-10-07 11:59:00,largo,24961.566,24919.849,25003.283,41.71700000000055,TP,40.21700000000055,0.9640434355298804
2025-10-07 14:33:00,2025-10-07 15:04:00,corto,24995.425,25050.399,24940.450999999997,54.97400000000198,TP,53.47400000000198,0.9727143740677421
2025-10-07 16:21:00,2025-10-07 16:26:00,largo,24817.599,24789.566,24845.631999999998,28.032999999999447,TP,26.532999999999447,0.9464916348589152
2025-10-07 16:30:00,2025-10-07 18:03:00,largo,24849.458,24789.566,24909.35,59.891999999999825,SL,-61.391999999999825,-1.025045081146063
2025-10-07 18:18:00,2025-10-08 01:33:00,largo,24835.914,24787.469,24884.359,48.44499999999971,TP,46.94499999999971,0.9690370523273814
2025-10-08 17:33:00,2025-10-08 17:37:00,corto,25060.708,25069.425,25051.990999999998,8.717000000000553,SL,-10.217000000000553,-1.1720775496156826
2025-10-09 07:21:00,2025-10-09 07:33:00,corto,25139.349,25151.149,25127.548999999995,11.80000000000291,TP,10.30000000000291,0.8728813559322347
2025-10-09 07:48:00,2025-10-09 08:14:00,corto,25138.272,25151.149,25125.395,12.877000000000407,TP,11.377000000000407,0.8835132406616485
2025-10-09 08:30:00,2025-10-09 08:54:00,corto,25119.029,25143.779,25094.279,24.75,TP,23.25,0.9393939393939394
2025-10-09 17:45:00,2025-10-09 19:08:00,largo,25007.631,24963.131,25052.131,44.5,TP,43.0,0.9662921348314607
2025-10-09 23:39:00,2025-10-09 23:48:00,corto,25131.327,25139.077,25123.577,7.75,SL,-9.25,-1.1935483870967742
2025-10-10 04:36:00,2025-10-10 04:52:00,corto,25132.5,25138.779,25126.221,6.278999999998632,TP,4.778999999998632,0.7611084567605786
2025-10-10 12:54:00,2025-10-10 13:31:00,corto,25103.588,25147.149,25060.027,43.56100000000151,SL,-45.06100000000151,-1.0344344712013027
2025-10-10 13:48:00,2025-10-10 14:59:00,corto,25151.631,25199.779,25103.483000000004,48.14799999999741,TP,46.64799999999741,0.968846057987869
2025-10-13 17:36:00,2025-10-13 18:30:00,corto,24717.62,24777.75,24657.489999999998,60.13000000000102,SL,-61.63000000000102,-1.0249459504407115
2025-10-13 18:33:00,2025-10-13 18:42:00,corto,24761.914,24781.566,24742.262000000002,19.651999999998225,TP,18.151999999998225,0.9236718909016824
2025-10-14 03:51:00,2025-10-14 04:09:00,corto,24736.099,24782.316,24689.881999999998,46.21700000000055,TP,44.71700000000055,0.9675444100655607
2025-10-14 11:48:00,2025-10-14 13:35:00,largo,24467.149,24368.316,24565.982000000004,98.83300000000236,SL,-100.33300000000236,-1.015177116954863
2025-10-15 17:57:00,2025-10-16 14:37:00,largo,24729.108,24488.694,24969.522,240.41400000000067,TP,238.91400000000067,0.9937607626843695
2025-10-16 15:03:00,2025-10-16 15:08:00,corto,24906.099,24947.5,24864.697999999997,41.40100000000166,SL,-42.90100000000166,-1.0362310089128268
2025-10-16 15:21:00,2025-10-16 15:26:00,corto,24917.327,24954.925,24879.729000000003,37.59799999999814,TP,36.09799999999814,0.9601042608649376
2025-10-16 15:39:00,2025-10-16 16:30:00,corto,24817.153,24954.925,24679.380999999998,137.77200000000084,TP,136.27200000000084,0.9891124466509886
2025-10-16 18:33:00,2025-10-16 18:44:00,largo,24536.827,24471.881,24601.773,64.94599999999991,TP,63.44599999999991,0.9769038893850275
2025-10-17 16:33:00,2025-10-17 17:09:00,corto,24753.533,24808.294,24698.771999999997,54.76100000000224,TP,53.26100000000224,0.9726082430927131
2025-10-20 01:09:00,2025-10-20 01:18:00,corto,24877.642,24896.029,24859.255,18.386999999998807,SL,-19.886999999998807,-1.081579376733567
2025-10-20 15:27:00,2025-10-20 15:38:00,corto,25153.544,25163.779,25143.309000000005,10.234999999996944,TP,8.734999999996944,0.8534440644845679
2025-10-20 15:36:00,2025-10-20 15:48:00,corto,25145.849,25163.779,25127.918999999998,17.93000000000029,SL,-19.43000000000029,-1.0836586726157265
2025-10-20 15:51:00,2025-10-20 17:19:00,corto,25149.914,25178.599,25121.229000000003,28.68499999999767,SL,-30.18499999999767,-1.0522921387484792
2025-10-21 01:57:00,2025-10-21 02:21:00,corto,25180.381,25194.458,25166.304000000004,14.076999999997497,SL,-15.576999999997497,-1.1065567947716322
2025-10-21 06:39:00,2025-10-21 07:06:00,largo,25122.149,25101.12,25143.178000000004,21.02900000000227,SL,-22.52900000000227,-1.0713300680013238
2025-10-21 15:54:00,2025-10-21 16:01:00,corto,25150.088,25163.649,25136.527,13.561000000001513,SL,-15.061000000001513,-1.1106113118501462
2025-10-23 15:57:00,2025-10-23 16:06:00,corto,25037.131,25059.849,25014.413000000004,22.71799999999712,SL,-24.21799999999712,-1.0660269389911168
2025-10-24 00:36:00,2025-10-24 01:03:00,corto,25146.533,25155.675,25137.391,9.141999999999825,SL,-10.641999999999825,-1.1640778823014688
2025-10-24 15:27:00,2025-10-24 15:31:00,corto,25385.208,25395.033,25375.382999999998,9.825000000000728,SL,-11.325000000000728,-1.1526717557251795
2025-10-24 16:33:00,2025-10-24 16:50:00,corto,25378.447,25403.197,25353.697,24.75,SL,-26.25,-1.0606060606060606
2025-10-28 00:18:00,2025-10-28 00:33:00,corto,25823.529,25835.899,25811.158999999996,12.37000000000262,SL,-13.87000000000262,-1.1212611156022378
2025-10-28 00:36:00,2025-10-28 01:50:00,corto,25830.783,25839.447,25822.119,8.66400000000067,TP,7.164000000000669,0.8268698060941962
2025-10-28 02:30:00,2025-10-28 02:51:00,corto,25832.0,25842.838,25821.162,10.837999999999738,SL,-12.337999999999738,-1.1384019191732826
2025-10-28 05:54:00,2025-10-28 09:19:00,corto,25817.522,25842.947,25792.097,25.424999999999272,SL,-26.924999999999272,-1.0589970501474943
2025-10-28 16:42:00,2025-10-28 16:46:00,corto,25998.838,26005.675,25992.001,6.836999999999534,TP,5.336999999999534,0.7806055287406608
2025-10-29 19:03:00,2025-10-30 02:04:00,corto,26095.036,26231.536,25958.536,136.5,SL,-138.0,-1.010989010989011
2025-10-30 21:03:00,2025-10-30 23:25:00,corto,26012.261,26047.12,25977.402,34.85900000000038,SL,-36.35900000000038,-1.0430304942769437
2025-10-31 16:42:00,2025-10-31 17:11:00,largo,25806.12,25752.164,25860.075999999997,53.95599999999831,TP,52.45599999999831,0.9721995700200154
2025-11-03 14:33:00,2025-11-03 14:50:00,corto,26075.044,26132.149,26017.939000000002,57.10499999999956,TP,55.60499999999956,0.9737325978460728
2025-11-03 14:48:00,2025-11-04 00:22:00,corto,25999.436,26132.149,25866.723,132.71299999999974,TP,131.21299999999974,0.988697414721994
2025-11-04 17:21:00,2025-11-04 18:18:00,largo,25573.022,25512.25,25633.794,60.772000000000844,SL,-62.272000000000844,-1.024682419535312
2025-11-04 18:48:00,2025-11-04 19:38:00,largo,25533.208,25474.533,25591.882999999998,58.67499999999927,SL,-60.17499999999927,-1.0255645504899875
2025-11-06 18:30:00,2025-11-06 20:59:00,largo,25225.48,25110.444,25340.516,115.03600000000006,SL,-116.53600000000006,-1.0130393963628777
2025-11-10 19:12:00,2025-11-10 19:19:00,corto,25557.509,25571.232,25543.785999999996,13.723000000001775,SL,-15.223000000001775,-1.1093055454346576
2025-11-11 01:36:00,2025-11-11 04:12:00,corto,25639.294,25667.279,25611.309000000005,27.984999999996944,TP,26.484999999996944,0.9463998570662796
2025-11-11 16:45:00,2025-11-11 17:20:00,largo,25431.512,25376.655,25486.369,54.85699999999997,TP,53.35699999999997,0.9726561787921323
2025-11-12 16:21:00,2025-11-12 16:31:00,largo,25441.641,25392.794,25490.487999999998,48.846999999997934,TP,47.346999999997934,0.9692918705345249
2025-11-12 17:03:00,2025-11-12 17:06:00,largo,25439.396,25417.767,25461.025,21.629000000000815,TP,20.129000000000815,0.9306486661426814
2025-11-12 17:12:00,2025-11-12 17:37:00,largo,25453.801,25417.767,25489.835,36.03399999999965,TP,34.53399999999965,0.9583726480546146
2025-11-14 05:48:00,2025-11-14 07:15:00,largo,25007.033,24879.153,25134.913,127.88000000000102,SL,-129.38000000000102,-1.0117297466374726
2025-11-18 14:30:00,2025-11-18 14:43:00,largo,24708.936,24578.794,24839.078,130.14199999999983,SL,-131.64199999999983,-1.0115258717400992
2025-11-18 16:18:00,2025-11-18 17:59:00,largo,24495.861,24295.772,24695.95,200.08899999999994,TP,198.58899999999994,0.9925033360154731
2025-11-19 15:30:00,2025-11-19 15:39:00,corto,24866.779,24906.208,24827.35,39.42900000000009,TP,37.92900000000009,0.9619569352507039
2025-11-19 15:45:00,2025-11-19 15:56:00,corto,24801.881,24906.208,24697.554000000004,104.3269999999975,TP,102.8269999999975,0.985622130416862
2025-11-19 17:39:00,2025-11-19 17:43:00,largo,24493.437,24428.822,24558.052000000003,64.6150000000016,TP,63.1150000000016,0.9767855761046202
2025-11-20 17:21:00,2025-11-20 17:35:00,largo,24376.198,24273.998,24478.398,102.20000000000073,SL,-103.70000000000073,-1.0146771037181994
2025-11-27 16:06:00,2025-11-27 23:00:00,largo,25234.099,25222.266,25245.931999999997,11.83299999999872,TP,10.33299999999872,0.8732358657990229
2025-11-28 16:39:00,2025-11-28 17:10:00,corto,25339.417,25380.939,25297.895000000004,41.521999999997206,SL,-43.021999999997206,-1.0361254274842278
2025-12-01 01:15:00,2025-12-01 03:10:00,largo,25268.279,25215.055,25321.502999999997,53.22399999999834,SL,-54.72399999999834,-1.0281827746881116
2025-12-01 17:48:00,2025-12-01 19:06:00,corto,25417.293,25444.669,25389.917,27.376000000000204,TP,25.876000000000204,0.9452074810052605
2025-12-02 11:24:00,2025-12-02 11:29:00,corto,25438.327,25449.761,25426.893000000004,11.433999999997468,SL,-12.933999999997468,-1.1311876858492507
2025-12-02 11:33:00,2025-12-02 12:10:00,corto,25441.392,25461.029,25421.755,19.636999999998807,TP,18.136999999998807,0.923613586596726
2025-12-03 05:51:00,2025-12-03 06:32:00,corto,25614.283,25631.142,25597.424,16.85900000000038,TP,15.359000000000378,0.9110267512901141
2025-12-03 13:15:00,2025-12-03 14:00:00,corto,25610.577,25631.153,25590.001000000004,20.575999999997293,TP,19.075999999997293,0.9270995334370044
2025-12-04 14:51:00,2025-12-05 06:12:00,corto,25529.272,25689.186,25369.358,159.91400000000067,SL,-161.41400000000067,-1.0093800417724526
2025-12-05 06:18:00,2025-12-05 06:33:00,corto,25679.175,25690.649,25667.700999999997,11.474000000001979,TP,9.974000000001979,0.8692696531288355
2025-12-05 06:30:00,2025-12-05 08:02:00,corto,25670.197,25690.649,25649.745,20.452000000001135,SL,-21.952000000001135,-1.0733424603950674
2025-12-05 12:36:00,2025-12-05 13:20:00,corto,25670.469,25693.088,25647.850000000002,22.618999999998778,TP,21.118999999998778,0.9336840709138299
2025-12-05 14:39:00,2025-12-05 14:53:00,corto,25655.664,25737.399,25573.929,81.73500000000058,SL,-83.23500000000058,-1.0183519911910441
2025-12-09 14:48:00,2025-12-09 16:01:00,largo,25592.675,25526.175,25659.175,66.5,TP,65.0,0.9774436090225563
2025-12-09 20:51:00,2025-12-09 23:16:00,corto,25665.759,25688.476,25643.041999999998,22.717000000000553,TP,21.217000000000553,0.93397015450984
2025-12-10 14:36:00,2025-12-10 15:40:00,largo,25603.436,25536.881,25669.991,66.55500000000029,SL,-68.05500000000029,-1.0225377507324769
2025-12-10 16:48:00,2025-12-10 19:34:00,largo,25608.919,25499.215,25718.623000000003,109.70400000000154,TP,108.20400000000154,0.9863268431415447
2025-12-11 08:57:00,2025-12-11 09:49:00,largo,25510.131,25446.62,25573.642000000003,63.51100000000224,TP,62.01100000000224,0.9763820440553613
2025-12-11 20:18:00,2025-12-11 20:31:00,corto,25663.621,25683.646,25643.595999999998,20.025000000001455,TP,18.525000000001455,0.925093632958807
2025-12-12 19:27:00,2025-12-12 19:30:00,largo,25209.396,25197.485,25221.307,11.911000000000058,TP,10.411000000000058,0.8740659894215437
2025-12-12 19:39:00,2025-12-12 20:26:00,largo,25235.847,25197.485,25274.209000000003,38.36200000000099,SL,-39.86200000000099,-1.0391011938897858
2025-12-15 16:03:00,2025-12-15 16:07:00,largo,25133.306,25100.795,25165.817000000003,32.51100000000224,TP,31.01100000000224,0.9538617698625113
2025-12-15 16:48:00,2025-12-15 17:50:00,largo,25136.021,25098.03,25174.012000000002,37.991000000001804,SL,-39.491000000001804,-1.039483035455764
2025-12-15 18:03:00,2025-12-15 18:25:00,largo,25119.347,25081.007,25157.687,38.340000000000146,SL,-39.840000000000146,-1.0391236306729263
2025-12-16 12:03:00,2025-12-16 12:12:00,largo,25025.805,25013.327,25038.283,12.477999999999156,TP,10.977999999999156,0.8797884276326253
2025-12-16 12:39:00,2025-12-16 13:05:00,largo,25053.414,25013.327,25093.501,40.086999999999534,SL,-41.586999999999534,-1.0374186145134336
2025-12-16 13:12:00,2025-12-16 13:18:00,largo,25016.969,24998.414,25035.524,18.55500000000029,SL,-20.05500000000029,-1.080840743734841
2025-12-16 15:51:00,2025-12-16 18:03:00,largo,25029.805,24911.447,25148.163,118.35800000000017,SL,-119.85800000000017,-1.0126734145558391
2025-12-17 16:00:00,2025-12-17 16:07:00,largo,24840.022,24806.458,24873.586000000003,33.564000000002125,TP,32.064000000002125,0.9553092599213471
2025-12-17 16:42:00,2025-12-17 16:50:00,largo,24801.436,24760.381,24842.491,41.05500000000029,SL,-42.55500000000029,-1.0365363536719032
2025-12-17 16:57:00,2025-12-17 18:39:00,largo,24796.349,24744.805,24847.892999999996,51.54399999999805,SL,-53.04399999999805,-1.0291013503026551
2025-12-18 16:12:00,2025-12-18 17:05:00,corto,25129.794,25164.639,25094.949000000004,34.844999999997526,TP,33.344999999997526,0.9569522169608234
2025-12-23 13:54:00,2025-12-23 14:30:00,largo,25403.494,25375.897,25431.090999999997,27.596999999997934,TP,26.096999999997934,0.9456462658984631
2025-12-23 14:48:00,2025-12-23 14:55:00,corto,25493.479,25520.277,25466.681,26.797999999998865,TP,25.297999999998865,0.9440256735577258
2025-12-23 23:21:00,2025-12-24 00:06:00,corto,25582.744,25594.233,25571.254999999997,11.489000000001397,SL,-12.989000000001397,-1.1305596657672397
2025-12-25 23:15:00,2025-12-26 00:07:00,corto,25662.381,25678.969,25645.793,16.587999999999738,SL,-18.087999999999738,-1.090426814564747
2025-12-26 05:42:00,2025-12-26 07:11:00,corto,25658.599,25670.279,25646.918999999998,11.680000000000291,TP,10.180000000000291,0.8715753424657566
2025-12-26 10:30:00,2025-12-26 11:46:00,corto,25662.697,25672.055,25653.339,9.358000000000175,TP,7.858000000000175,0.8397093396024822
2025-12-26 11:45:00,2025-12-26 12:36:00,corto,25651.469,25669.838,25633.100000000002,18.368999999998778,SL,-19.868999999998778,-1.0816593173281126
2025-12-26 15:42:00,2025-12-26 15:55:00,corto,25664.208,25680.37,25648.046,16.162000000000262,SL,-17.662000000000262,-1.0928102957554744
2025-12-29 02:39:00,2025-12-29 04:40:00,largo,25628.675,25608.5,25648.85,20.174999999999272,TP,18.674999999999272,0.9256505576208152
2025-12-30 16:24:00,2025-12-30 16:37:00,corto,25559.987,25580.28,25539.694000000003,20.292999999997846,TP,18.792999999997846,0.9260828857241334
2026-01-02 16:12:00,2026-01-02 18:49:00,largo,25188.549,25104.229,25272.869,84.31999999999971,SL,-85.81999999999971,-1.0177893738140418
2026-01-06 16:24:00,2026-01-06 17:06:00,corto,25492.738,25527.259,25458.217000000004,34.520999999997,SL,-36.020999999997,-1.0434518119405618
2026-01-06 23:57:00,2026-01-07 02:31:00,corto,25642.529,25662.779,25622.279,20.25,TP,18.75,0.9259259259259259
2026-01-07 20:21:00,2026-01-07 20:37:00,corto,25688.438,25734.799,25642.076999999997,46.361000000000786,TP,44.861000000000786,0.9676452190418676
2026-01-08 00:30:00,2026-01-08 00:38:00,largo,25643.169,25629.729,25656.609000000004,13.440000000002328,TP,11.940000000002328,0.8883928571428765
2026-01-08 00:57:00,2026-01-08 02:40:00,largo,25665.788,25629.729,25701.847,36.059000000001106,SL,-37.559000000001106,-1.0415984913613787
2026-01-09 16:21:00,2026-01-09 16:35:00,corto,25702.257,25729.549,25674.965000000004,27.291999999997643,TP,25.791999999997643,0.9450388392202795
2026-01-13 03:42:00,2026-01-13 03:54:00,largo,25702.425,25695.164,25709.685999999998,7.260999999998603,TP,5.760999999998603,0.7934168847265819
2026-01-13 14:54:00,2026-01-13 15:15:00,corto,25800.881,25878.099,25723.663000000004,77.21799999999712,TP,75.71799999999712,0.9805744774534427
2026-01-14 20:00:00,2026-01-14 20:07:00,largo,25359.663,25301.264,25418.062,58.39900000000125,TP,56.89900000000125,0.9743146286751491
2026-01-14 20:51:00,2026-01-15 06:20:00,largo,25425.278,25301.264,25549.291999999998,124.01399999999921,TP,122.51399999999921,0.987904591417098
2026-01-15 08:00:00,2026-01-15 08:05:00,corto,25517.022,25534.783,25499.261000000002,17.760999999998603,SL,-19.260999999998603,-1.0844547041270265
2026-01-15 14:57:00,2026-01-15 19:30:00,corto,25703.164,25792.529,25613.799000000003,89.36499999999796,TP,87.86499999999796,0.9832149051642138
2026-01-19 17:51:00,2026-01-19 23:00:00,corto,25245.054,25260.859,25229.249,15.805000000000291,TP,14.305000000000291,0.9050933248971862
2026-01-20 16:51:00,2026-01-20 17:52:00,corto,25199.307,25284.646,25113.968,85.33899999999994,TP,83.83899999999994,0.9824230422198525
2026-01-21 16:12:00,2026-01-21 16:32:00,corto,25311.738,25349.472,25274.004,37.73400000000038,TP,36.23400000000038,0.960248052154556
2026-01-21 16:30:00,2026-01-21 16:37:00,corto,25287.336,25349.472,25225.199999999997,62.13600000000224,TP,60.63600000000224,0.9758594051757444
2026-01-22 20:33:00,2026-01-22 21:00:00,corto,25453.86,25521.765,25385.955,67.90499999999884,SL,-69.40499999999884,-1.0220896841175175
2026-01-23 16:03:00,2026-01-23 16:27:00,corto,25687.602,25710.244,25664.96,22.641999999999825,TP,21.141999999999825,0.9337514353855662
2026-01-27 20:42:00,2026-01-27 21:00:00,corto,25959.992,25983.416,25936.567999999996,23.424000000002707,TP,21.924000000002707,0.9359631147541058
2026-01-28 20:09:00,2026-01-28 20:34:00,largo,26071.385,26024.515,26118.254999999997,46.86999999999898,SL,-48.36999999999898,-1.0320034136974618
2026-01-29 06:45:00,2026-01-29 07:35:00,corto,26114.192,26141.638,26086.746,27.445999999999913,SL,-28.945999999999913,-1.054652772717336
2026-01-29 08:48:00,2026-01-29 10:56:00,corto,26110.138,26153.42,26066.856,43.28199999999924,TP,41.78199999999924,0.9653435608336023
2026-01-30 21:09:00,2026-02-01 23:00:00,largo,25533.813,25507.998,25559.627999999997,25.81499999999869,SL,-27.31499999999869,-1.0581057524694975
2026-02-02 17:24:00,2026-02-02 17:32:00,corto,25792.032,25809.106,25774.958,17.074000000000524,SL,-18.574000000000524,-1.0878528757174624
2026-02-05 12:57:00,2026-02-05 14:30:00,largo,24693.447,24607.469,24779.425,85.97799999999916,SL,-87.47799999999916,-1.0174463234780993
2026-02-05 16:15:00,2026-02-05 16:28:00,largo,24562.089,24448.799,24675.379,113.29000000000087,TP,111.79000000000087,0.9867596433930621
2026-02-06 08:18:00,2026-02-06 09:14:00,largo,24482.599,24398.772,24566.425999999996,83.8269999999975,TP,82.3269999999975,0.9821060040321132
2026-02-06 15:48:00,2026-02-06 16:05:00,corto,24773.229,24870.935,24675.522999999997,97.70600000000195,SL,-99.20600000000195,-1.015352178985937
2026-02-06 21:06:00,2026-02-08 23:00:00,corto,25047.807,25076.364,25019.25,28.5570000000007,SL,-30.0570000000007,-1.052526525895576
2026-02-09 04:12:00,2026-02-09 04:31:00,corto,25127.794,25137.279,25118.309000000005,9.484999999996944,TP,7.984999999996944,0.841855561412706
2026-02-09 06:00:00,2026-02-09 07:22:00,corto,25099.272,25136.338,25062.206000000002,37.065999999998894,TP,35.565999999998894,0.9595316462526292
2026-02-09 16:18:00,2026-02-09 16:26:00,corto,25233.777,25255.349,25212.204999999998,21.572000000000116,SL,-23.072000000000116,-1.0695345818653808
2026-02-10 15:39:00,2026-02-10 16:22:00,corto,25310.544,25362.044,25259.044,51.5,TP,50.0,0.970873786407767
2026-02-11 16:09:00,2026-02-11 16:30:00,largo,25152.321,25100.298,25204.344,52.02300000000105,SL,-53.52300000000105,-1.0288334006112676
2026-02-13 12:30:00,2026-02-13 12:58:00,largo,24652.153,24597.529,24706.777,54.623999999999796,SL,-56.123999999999796,-1.0274604569420036
2026-02-17 20:45:00,2026-02-18 04:42:00,corto,24693.418,24774.629,24612.207000000002,81.21099999999933,SL,-82.71099999999933,-1.0184704042555812
2026-02-19 19:54:00,2026-02-19 20:03:00,largo,24716.508,24686.028,24746.988000000005,30.4800000000032,TP,28.9800000000032,0.9507874015748083
2026-02-20 06:45:00,2026-02-20 07:54:00,corto,24877.816,24898.529,24857.103,20.712999999999738,TP,19.212999999999738,0.9275817119683282
2026-02-20 09:45:00,2026-02-20 10:56:00,corto,24891.033,24926.577,24855.488999999998,35.54400000000169,TP,34.04400000000169,0.9577987846049987
2026-02-20 14:57:00,2026-02-20 15:53:00,largo,24835.569,24619.588,25051.55,215.98099999999977,TP,214.48099999999977,0.9930549446479089
2026-02-20 16:03:00,2026-02-20 16:15:00,corto,25042.016,25080.439,25003.593,38.422999999998865,TP,36.922999999998865,0.960960882804569
2026-02-23 16:39:00,2026-02-24 02:33:00,largo,24716.02,24612.843,24819.197,103.17699999999968,TP,101.67699999999968,0.9854618761933376
2026-02-24 16:06:00,2026-02-24 16:12:00,corto,24955.054,24977.512,24932.596,22.45799999999872,SL,-23.95799999999872,-1.066791343841842
2026-02-24 16:42:00,2026-02-24 17:09:00,corto,24933.467,24991.259,24875.675000000003,57.79199999999764,SL,-59.29199999999764,-1.0259551495016621
2026-02-24 17:18:00,2026-02-24 18:03:00,corto,24995.103,25020.749,24969.457,25.64600000000064,SL,-27.14600000000064,-1.0584886532012774
2026-02-24 18:57:00,2026-02-25 00:52:00,corto,24973.799,25023.528,24924.07,49.72899999999936,SL,-51.22899999999936,-1.0301634860946334
2026-02-25 09:27:00,2026-02-25 10:36:00,corto,25018.242,25037.249,24999.234999999997,19.007000000001426,SL,-20.507000000001426,-1.0789182932603718
2026-02-25 23:30:00,2026-02-25 23:41:00,corto,25314.279,25371.75,25256.807999999997,57.47100000000137,TP,55.97100000000137,0.9738998799394484
2026-02-26 16:48:00,2026-02-26 16:55:00,largo,24958.509,24929.318,24987.699999999997,29.190999999998894,SL,-30.690999999998894,-1.0513857010722503
2026-03-02 04:24:00,2026-03-02 05:06:00,largo,24744.079,24700.097,24788.061,43.98199999999997,SL,-45.48199999999997,-1.0341048610795325
2026-03-02 16:24:00,2026-03-02 16:41:00,corto,24851.239,24950.116,24752.362,98.87700000000041,SL,-100.37700000000041,-1.0151703631784945
2026-03-02 19:57:00,2026-03-02 20:06:00,corto,25042.385,25060.122,25024.647999999997,17.73700000000099,TP,16.23700000000099,0.9154310199019047
2026-03-03 04:39:00,2026-03-03 04:48:00,largo,24778.197,24762.899,24793.495,15.297999999998865,SL,-16.797999999998865,-1.0980520329454904
2026-03-03 13:57:00,2026-03-03 14:24:00,largo,24460.0,24417.403,24502.597,42.59700000000157,TP,41.09700000000157,0.964786252552998
2026-03-03 14:27:00,2026-03-03 14:31:00,largo,24497.469,24419.37,24575.568000000003,78.09900000000198,TP,76.59900000000198,0.9807936081127804
2026-03-03 15:03:00,2026-03-03 15:06:00,largo,24461.969,24424.664,24499.274,37.30500000000029,TP,35.80500000000029,0.9597909127462809
2026-03-03 17:51:00,2026-03-03 18:20:00,corto,24611.519,24674.74,24548.298,63.22100000000137,SL,-64.72100000000137,-1.0237262934784324
2026-03-04 10:24:00,2026-03-04 11:01:00,corto,24765.403,24831.033,24699.772999999997,65.63000000000102,SL,-67.13000000000102,-1.0228554014932192
2026-03-05 00:30:00,2026-03-05 01:16:00,corto,25176.219,25208.969,25143.469,32.75,TP,31.25,0.9541984732824428
2026-03-05 01:15:00,2026-03-05 01:42:00,corto,25124.903,25183.899,25065.906999999996,58.99600000000282,TP,57.49600000000282,0.9745745474269454
2026-03-09 08:45:00,2026-03-09 08:54:00,corto,24418.5,24469.392,24367.608,50.891999999999825,TP,49.391999999999825,0.970525819382221
2026-03-09 11:30:00,2026-03-09 11:39:00,corto,24400.75,24433.899,24367.601,33.14900000000125,TP,31.64900000000125,0.9547497662071271
2026-03-09 11:48:00,2026-03-09 12:30:00,corto,24336.077,24433.899,24238.255,97.82200000000012,SL,-99.32200000000012,-1.0153339739526897
2026-03-10 17:39:00,2026-03-11 09:00:00,corto,25013.085,25154.167,24872.002999999997,141.08200000000215,TP,139.58200000000215,0.9893678853432757
2026-03-11 14:33:00,2026-03-11 14:45:00,largo,24913.729,24886.572,24940.886,27.156999999999243,SL,-28.656999999999243,-1.055234377876792
2026-03-13 13:33:00,2026-03-13 13:56:00,corto,24626.779,24748.577,24504.980999999996,121.7980000000025,TP,120.2980000000025,0.9876845268395215
2026-03-16 18:18:00,2026-03-17 04:54:00,corto,24674.58,24797.616,24551.544,123.03600000000006,TP,121.53600000000006,0.9878084463083976
2026-03-19 01:15:00,2026-03-19 04:38:00,largo,24467.392,24378.099,24556.685,89.29300000000148,SL,-90.79300000000148,-1.0167986292318545
2026-03-19 06:45:00,2026-03-19 06:55:00,largo,24365.925,24333.881,24397.968999999997,32.04399999999805,SL,-33.54399999999805,-1.0468106353763604
2026-03-19 18:18:00,2026-03-19 18:35:00,corto,24407.229,24471.271,24343.186999999998,64.04200000000128,TP,62.54200000000128,0.9765778707723062
2026-03-20 16:21:00,2026-03-20 16:32:00,largo,24042.259,24013.88,24070.637999999995,28.378999999997177,SL,-29.878999999997177,-1.0528559850593802
2026-03-23 10:36:00,2026-03-23 10:44:00,corto,24397.353,24489.521,24305.184999999998,92.16800000000148,TP,90.66800000000148,0.98372537106154
2026-03-23 13:36:00,2026-03-23 14:37:00,corto,24401.598,24466.953,24336.243000000002,65.35499999999956,TP,63.85499999999956,0.9770484278173054
2026-03-23 14:42:00,2026-03-23 14:58:00,corto,24315.364,24466.42,24164.308000000005,151.05599999999686,TP,149.55599999999686,0.9900699078487446
2026-03-23 23:21:00,2026-03-23 23:39:00,largo,24152.199,24084.042,24220.356,68.15699999999924,SL,-69.65699999999924,-1.0220080109159737
2026-03-23 23:51:00,2026-03-24 00:06:00,largo,24120.776,24050.942,24190.610000000004,69.83400000000256,SL,-71.33400000000256,-1.0214795085488435
2026-03-24 08:15:00,2026-03-24 08:40:00,largo,24129.088,24089.5,24168.676,39.58799999999974,TP,38.08799999999974,0.9621097302212789
2026-03-25 00:12:00,2026-03-25 00:59:00,corto,24226.653,24258.308,24194.997999999996,31.655000000002474,TP,30.155000000002474,0.9526141209919481
2026-03-25 00:57:00,2026-03-25 02:15:00,corto,24185.32,24258.308,24112.332,72.9880000000012,TP,71.4880000000012,0.9794486764947666
2026-03-25 08:42:00,2026-03-25 09:02:00,corto,24230.531,24271.175,24189.887,40.64400000000023,SL,-42.14400000000023,-1.0369058163566576
2026-03-25 09:54:00,2026-03-25 10:23:00,corto,24242.831,24277.631,24208.030999999995,34.80000000000291,SL,-36.30000000000291,-1.0431034482758585
2026-03-25 12:42:00,2026-03-25 12:52:00,corto,24238.119,24316.589,24159.648999999998,78.47000000000116,TP,76.97000000000116,0.9808844144258956
2026-03-25 12:57:00,2026-03-26 06:20:00,corto,24156.589,24316.589,23996.589,160.0,TP,158.5,0.990625
2026-03-26 16:15:00,2026-03-26 16:20:00,largo,23779.781,23761.782,23797.78,17.998999999999796,SL,-19.498999999999796,-1.0833379632201798
2026-03-30 00:33:00,2026-03-30 00:40:00,corto,23030.697,23082.414,22978.98,51.71700000000055,TP,50.21700000000055,0.9709959974476481
2026-03-31 00:33:00,2026-03-31 00:38:00,largo,22841.381,22779.544,22903.218,61.836999999999534,TP,60.336999999999534,0.975742678331743
2026-03-31 00:42:00,2026-03-31 01:32:00,largo,22976.761,22779.544,23173.977999999996,197.21699999999691,TP,195.71699999999691,0.9923941648032369
2026-03-31 13:42:00,2026-03-31 13:46:00,corto,23233.969,23286.469,23181.469,52.5,SL,-54.0,-1.0285714285714285
2026-03-31 15:18:00,2026-03-31 15:59:00,corto,23321.299,23375.014,23267.584,53.715000000000146,TP,52.215000000000146,0.9720748394303268
2026-03-31 16:30:00,2026-03-31 16:37:00,corto,23356.076,23383.837,23328.315000000002,27.760999999998603,SL,-29.260999999998603,-1.0540326357119727
2026-03-31 22:45:00,2026-03-31 23:29:00,corto,23772.302,23793.944,23750.66,21.641999999999825,SL,-23.141999999999825,-1.0693096756307185
2026-04-02 02:33:00,2026-04-02 02:37:00,largo,23704.773,23684.817,23724.729000000003,19.95600000000195,SL,-21.45600000000195,-1.0751653638003535
2026-04-02 03:21:00,2026-04-02 03:38:00,largo,23709.24,23676.37,23742.110000000004,32.87000000000262,SL,-34.37000000000262,-1.045634317006385
2026-04-02 15:30:00,2026-04-02 15:50:00,corto,23989.381,24039.697,23939.065000000002,50.315999999998894,TP,48.815999999998894,0.9701884092535171
2026-04-07 03:21:00,2026-04-07 04:25:00,largo,24046.261,24022.392,24070.129999999997,23.868999999998778,TP,22.368999999998778,0.9371569818593122
2026-04-07 11:21:00,2026-04-07 11:35:00,largo,24074.261,24024.892,24123.629999999997,49.36899999999878,SL,-50.86899999999878,-1.0303834390001831
2026-04-07 12:51:00,2026-04-07 13:30:00,largo,24042.892,23970.731,24115.053,72.16100000000006,TP,70.66100000000006,0.9792131483765469
2026-04-07 13:36:00,2026-04-07 13:41:00,largo,24061.75,24028.029,24095.471,33.72100000000137,SL,-35.22100000000137,-1.0444826665875846
2026-04-09 16:30:00,2026-04-09 19:50:00,corto,25029.566,25091.383,24967.748999999996,61.817000000002736,SL,-63.317000000002736,-1.0242651697753034
2026-04-10 10:00:00,2026-04-10 10:06:00,corto,25091.152,25103.902,25078.402,12.75,TP,11.25,0.8823529411764706
2026-04-14 00:39:00,2026-04-14 00:47:00,corto,25432.75,25440.12,25425.38,7.369999999998981,TP,5.869999999998981,0.7964721845318579
2026-04-14 02:18:00,2026-04-14 03:25:00,corto,25427.772,25437.529,25418.015000000003,9.756999999997788,TP,8.256999999997788,0.8462642205595634
2026-04-14 05:48:00,2026-04-14 07:02:00,corto,25416.029,25438.62,25393.438,22.59100000000035,SL,-24.09100000000035,-1.0663981231463846
2026-04-14 22:33:00,2026-04-14 23:26:00,corto,25833.083,25851.464,25814.701999999997,18.381000000001222,SL,-19.881000000001222,-1.081606006202051
2026-04-15 08:15:00,2026-04-15 08:25:00,corto,25840.029,25852.816,25827.242,12.787000000000262,SL,-14.287000000000262,-1.1173066395557965
2026-04-15 12:09:00,2026-04-15 13:21:00,corto,25810.349,25844.029,25776.668999999998,33.68000000000029,SL,-35.18000000000029,-1.0445368171021374
2026-04-15 22:24:00,2026-04-15 22:31:00,corto,26208.044,26216.436,26199.652000000002,8.391999999999825,SL,-9.891999999999825,-1.1787416587225967
2026-04-16 15:27:00,2026-04-16 15:36:00,corto,26299.162,26343.141,26255.183,43.97899999999936,SL,-45.47899999999936,-1.0341071875213175
2026-04-16 20:06:00,2026-04-16 22:29:00,corto,26281.61,26329.558,26233.662,47.94800000000032,SL,-49.44800000000032,-1.0312838908817883
2026-04-19 23:18:00,2026-04-20 00:07:00,corto,26499.033,26525.87,26472.196,26.836999999999534,TP,25.336999999999534,0.9441070164325363
2026-04-21 00:24:00,2026-04-21 00:47:00,corto,26646.099,26665.279,26626.918999999998,19.18000000000029,SL,-20.68000000000029,-1.0782064650677778
2026-04-21 02:21:00,2026-04-21 02:34:00,corto,26664.37,26669.436,26659.303999999996,5.066000000002532,TP,3.566000000002532,0.7039084090013323
2026-04-21 08:30:00,2026-04-21 08:41:00,corto,26666.783,26678.533,26655.033,11.75,SL,-13.25,-1.127659574468085
2026-04-21 15:30:00,2026-04-21 17:05:00,largo,26594.055,26507.399,26680.711,86.65599999999904,SL,-88.15599999999904,-1.0173098227474153
2026-04-22 12:27:00,2026-04-22 12:48:00,corto,26717.574,26750.183,26684.965,32.60900000000038,TP,31.10900000000038,0.9540004293293268
2026-04-22 12:57:00,2026-04-22 14:07:00,corto,26670.857,26750.183,26591.531,79.32600000000093,SL,-80.82600000000093,-1.018909310944709
2026-04-23 00:18:00,2026-04-23 17:40:00,largo,26860.881,26700.066,27021.696000000004,160.81500000000233,SL,-162.31500000000233,-1.0093274881074525
2026-04-24 08:51:00,2026-04-24 10:18:00,corto,26948.392,27011.414,26885.37,63.022000000000844,SL,-64.52200000000084,-1.0238012122750781
2026-04-27 00:30:00,2026-04-27 00:38:00,corto,27275.838,27285.779,27265.897,9.940999999998894,SL,-11.440999999998894,-1.150890252489706
2026-04-27 09:18:00,2026-04-27 09:31:00,corto,27308.779,27320.327,27297.230999999996,11.548000000002503,SL,-13.048000000002503,-1.1298926220990366
2026-04-27 14:42:00,2026-04-27 15:21:00,largo,27239.534,27184.425,27294.643,55.10900000000038,SL,-56.60900000000038,-1.0272187845905385
2026-04-28 00:24:00,2026-04-28 01:50:00,corto,27339.447,27378.219,27300.675,38.772000000000844,TP,37.272000000000844,0.9613122872175806
2026-04-28 08:36:00,2026-04-28 09:33:00,largo,27222.522,27167.0,27278.044,55.522000000000844,SL,-57.022000000000844,-1.0270163178559846
2026-04-30 10:42:00,2026-04-30 11:12:00,corto,27246.139,27291.073,27201.204999999998,44.934000000001106,SL,-46.434000000001106,-1.033382294031245
2026-04-30 12:39:00,2026-04-30 13:30:00,corto,27363.584,27413.498,27313.67,49.91400000000067,TP,48.41400000000067,0.969948311095084
2026-05-01 13:24:00,2026-05-01 13:28:00,corto,27484.316,27501.029,27467.603,16.712999999999738,SL,-18.212999999999738,-1.0897504936277163
2026-05-03 22:48:00,2026-05-04 02:53:00,corto,27732.366,27807.127,27657.605000000003,74.7609999999986,SL,-76.2609999999986,-1.0200639370794937
2026-05-04 14:21:00,2026-05-04 14:29:00,corto,27774.225,27793.572,27754.877999999997,19.34700000000157,TP,17.84700000000157,0.9224685997829184
2026-05-04 14:27:00,2026-05-04 14:40:00,corto,27751.269,27793.572,27708.966,42.302999999999884,SL,-43.802999999999884,-1.035458478122119
2026-05-04 15:57:00,2026-05-05 07:36:00,corto,27614.486,27794.758,27434.214,180.27200000000084,SL,-181.77200000000084,-1.0083207597408361
2026-05-05 16:15:00,2026-05-05 16:27:00,corto,28013.388,28034.044,27992.731999999996,20.656000000002678,TP,19.156000000002678,0.9273818745158886
2026-05-05 16:36:00,2026-05-05 17:51:00,corto,27990.995,28034.044,27947.945999999996,43.04900000000271,SL,-44.54900000000271,-1.034844014959695
2026-05-06 18:30:00,2026-05-06 18:34:00,corto,28506.662,28519.449,28493.875,12.787000000000262,SL,-14.287000000000262,-1.1173066395557965
2026-05-07 08:36:00,2026-05-07 10:11:00,corto,28640.142,28699.279,28581.005,59.13699999999881,TP,57.63699999999881,0.9746351691834211
2026-05-07 16:21:00,2026-05-07 16:33:00,largo,28581.917,28517.045,28646.789000000004,64.87200000000303,TP,63.37200000000303,0.9768775434702194
2026-05-08 13:03:00,2026-05-08 13:12:00,corto,28789.664,28816.164,28763.164,26.5,TP,25.0,0.9433962264150944
2026-05-08 15:09:00,2026-05-08 15:12:00,corto,29058.936,29071.925,29045.947000000004,12.988999999997759,TP,11.488999999997759,0.8845176687966542
2026-05-10 23:33:00,2026-05-11 00:05:00,corto,29194.389,29239.012,29149.766,44.62299999999959,SL,-46.12299999999959,-1.033614951930619
2026-05-11 01:33:00,2026-05-11 01:46:00,corto,29200.99,29233.143,29168.837000000003,32.15299999999843,SL,-33.65299999999843,-1.046651945386125
2026-05-11 15:42:00,2026-05-11 15:49:00,corto,29310.665,29331.728,29289.602000000003,21.062999999998283,SL,-22.562999999998283,-1.0712149266486313
2026-05-12 04:33:00,2026-05-12 04:47:00,largo,29222.183,29209.347,29235.019,12.83599999999933,SL,-14.33599999999933,-1.1168588345278965
2026-05-13 01:30:00,2026-05-13 01:45:00,corto,29079.056,29099.806,29058.306,20.75,SL,-22.25,-1.072289156626506
2026-05-13 22:18:00,2026-05-13 22:45:00,corto,29445.458,29470.029,29420.887,24.570999999999913,SL,-26.070999999999913,-1.0610475764112166
2026-05-13 23:48:00,2026-05-14 00:17:00,corto,29500.566,29542.033,29459.099,41.46700000000055,SL,-42.96700000000055,-1.0361733426580166
2026-05-14 07:03:00,2026-05-14 07:13:00,corto,29493.958,29513.5,29474.415999999997,19.54200000000128,TP,18.04200000000128,0.9232422474669992
2026-05-14 07:21:00,2026-05-14 07:36:00,corto,29489.12,29513.5,29464.739999999998,24.38000000000102,SL,-25.88000000000102,-1.0615258408531558
2026-05-14 07:54:00,2026-05-14 08:02:00,corto,29490.349,29527.088,29453.609999999997,36.7390000000014,TP,35.2390000000014,0.9591714526797152
2026-05-14 12:12:00,2026-05-14 12:15:00,corto,29453.469,29459.903,29447.035000000003,6.433999999997468,SL,-7.933999999997468,-1.2331364625428334
2026-05-14 12:36:00,2026-05-14 12:55:00,corto,29424.142,29469.149,29379.135,45.007000000001426,TP,43.507000000001426,0.966671851045394
2026-05-15 18:24:00,2026-05-15 19:11:00,corto,29300.48,29389.882,29211.077999999998,89.40200000000186,TP,87.90200000000186,0.9832218518601377
2026-05-17 23:48:00,2026-05-18 00:05:00,largo,29046.965,28914.334,29179.596,132.63100000000122,SL,-134.13100000000122,-1.011309573176708
2026-05-18 10:39:00,2026-05-18 10:47:00,largo,29010.544,28982.697,29038.391000000003,27.84700000000157,TP,26.34700000000157,0.9461342334901456
2026-05-18 11:18:00,2026-05-18 11:39:00,largo,29029.599,28954.805,29104.392999999996,74.79399999999805,TP,73.29399999999805,0.9799449153675424
2026-05-18 14:21:00,2026-05-18 14:32:00,corto,29110.627,29200.894,29020.36,90.26699999999983,TP,88.76699999999983,0.9833826315264714
2026-05-18 16:06:00,2026-05-18 16:11:00,largo,28886.012,28853.729,28918.295,32.28299999999945,TP,30.782999999999447,0.953535916736362
2026-05-18 23:03:00,2026-05-18 23:54:00,corto,29056.399,29089.077,29023.721,32.677999999999884,TP,31.177999999999884,0.9540975579900849
2026-05-19 00:33:00,2026-05-19 00:39:00,corto,29059.511,29092.62,29026.402,33.10900000000038,TP,31.60900000000038,0.9546950980096052
2026-05-19 00:57:00,2026-05-19 02:03:00,corto,28988.099,29092.62,28883.577999999998,104.52100000000064,TP,103.02100000000064,0.9856488169841469
2026-05-19 13:27:00,2026-05-19 13:30:00,largo,28753.338,28705.62,28801.056,47.71800000000076,TP,46.21800000000076,0.9685653212624172
2026-05-19 13:45:00,2026-05-19 14:07:00,largo,28853.349,28705.62,29001.077999999998,147.72899999999936,SL,-149.22899999999936,-1.0101537274333408
2026-05-19 16:15:00,2026-05-19 16:25:00,largo,28740.597,28696.565,28784.629000000004,44.03200000000288,TP,42.53200000000288,0.965933866279072
2026-05-19 16:51:00,2026-05-20 14:30:00,largo,28920.712,28696.565,29144.859,224.14700000000084,TP,222.64700000000084,0.9933079630778017
2026-05-20 14:45:00,2026-05-20 14:55:00,corto,29091.539,29172.749,29010.329,81.20999999999913,SL,-82.70999999999913,-1.0184706316956043
2026-05-21 08:51:00,2026-05-21 10:26:00,corto,29271.903,29372.805,29171.000999999997,100.90200000000186,TP,99.40200000000186,0.9851340905036573
2026-05-21 17:21:00,2026-05-21 17:40:00,corto,29309.228,29389.094,29229.361999999997,79.8660000000018,SL,-81.3660000000018,-1.0187814589437303
2026-05-21 23:27:00,2026-05-21 23:42:00,corto,29456.446,29470.011,29442.881,13.56499999999869,SL,-15.06499999999869,-1.1105786951714076
2026-05-22 17:42:00,2026-05-22 18:04:00,corto,29626.469,29668.321,29584.617000000002,41.85199999999895,TP,40.35199999999895,0.9641594189047109
2026-05-24 23:15:00,2026-05-24 23:32:00,corto,29740.164,29755.511,29724.817000000003,15.346999999997934,SL,-16.846999999997934,-1.09773897178603
2026-05-25 23:54:00,2026-05-26 00:06:00,largo,29809.622,29760.133,29859.110999999997,49.48899999999776,SL,-50.98899999999776,-1.0303097658065443
2026-05-27 00:36:00,2026-05-27 00:45:00,corto,30025.272,30054.649,29995.895,29.377000000000407,SL,-30.877000000000407,-1.0510603533376444
2026-05-27 04:12:00,2026-05-27 04:18:00,corto,30038.186,30054.077,30022.295000000002,15.890999999999622,TP,14.390999999999622,0.9056069473286744
2026-05-27 06:18:00,2026-05-27 06:32:00,corto,30022.12,30040.219,30004.020999999997,18.09900000000198,TP,16.59900000000198,0.9171224929554209
2026-05-27 06:54:00,2026-05-27 07:07:00,corto,30001.588,30040.219,29962.957,38.63100000000122,SL,-40.13100000000122,-1.0388289197794505
2026-05-27 15:24:00,2026-05-27 15:33:00,largo,29856.319,29807.667,29904.970999999998,48.651999999998225,TP,47.151999999998225,0.9691687905944246
2026-05-27 15:57:00,2026-05-27 16:11:00,largo,29861.022,29807.667,29914.377,53.35499999999956,TP,51.85499999999956,0.9718864211414111
2026-05-28 11:33:00,2026-05-28 11:40:00,largo,29826.131,29800.664,29851.598,25.467000000000553,TP,23.967000000000553,0.9411002473789623
2026-05-28 14:45:00,2026-05-28 14:56:00,corto,30061.312,30105.418,30017.206000000002,44.10599999999977,SL,-45.60599999999977,-1.03400897837029
2026-05-28 22:21:00,2026-05-29 01:03:00,corto,30222.893,30288.829,30156.957,65.93600000000151,TP,64.43600000000151,0.9772506673137593
2026-05-29 09:21:00,2026-05-29 09:42:00,corto,30277.698,30296.329,30259.067,18.631000000001222,TP,17.131000000001222,0.9194890236702323
2026-06-01 13:45:00,2026-06-01 17:40:00,largo,30395.483,30229.538,30561.428,165.9449999999997,TP,164.4449999999997,0.9909608605260779
2026-06-03 09:57:00,2026-06-03 10:07:00,corto,30687.349,30724.279,30650.418999999998,36.93000000000029,SL,-38.43000000000029,-1.0406173842404547
2026-06-03 23:48:00,2026-06-04 00:00:00,largo,30342.969,30313.197,30372.741,29.772000000000844,TP,28.272000000000844,0.9496170898831131
2026-06-04 02:18:00,2026-06-04 02:49:00,largo,30338.066,30295.529,30380.603,42.53700000000026,TP,41.03700000000026,0.9647365822695538
2026-06-04 08:36:00,2026-06-04 08:49:00,largo,30334.414,30282.719,30386.109,51.69499999999971,SL,-53.19499999999971,-1.029016345874843
2026-06-05 06:24:00,2026-06-05 06:39:00,largo,30092.208,30073.675,30110.740999999998,18.532999999999447,SL,-20.032999999999447,-1.0809367074947416
2026-06-05 08:18:00,2026-06-05 08:22:00,largo,30096.295,30062.512,30130.077999999998,33.78299999999945,TP,32.28299999999945,0.9555989698961008
2026-06-05 11:36:00,2026-06-05 12:01:00,largo,30134.012,30082.914,30185.109999999997,51.09799999999814,SL,-52.59799999999814,-1.0293553563740274
2026-06-08 16:21:00,2026-06-08 16:34:00,corto,29592.818,29648.067,29537.569,55.248999999999796,TP,53.748999999999796,0.9728501873337073
2026-06-09 00:48:00,2026-06-09 00:56:00,largo,29311.153,29268.469,29353.836999999996,42.68399999999747,SL,-44.18399999999747,-1.035141973573238
2026-06-09 00:57:00,2026-06-09 01:13:00,largo,29298.208,29264.522,29331.893999999997,33.685999999997875,TP,32.185999999997875,0.9554711155969811
2026-06-09 13:30:00,2026-06-09 13:43:00,corto,29644.914,29708.838,29580.99,63.92399999999907,SL,-65.42399999999907,-1.0234653651210817
2026-06-09 15:39:00,2026-06-09 15:55:00,largo,28873.207,28771.35,28975.064,101.85699999999997,SL,-103.35699999999997,-1.0147265283682025
2026-06-09 20:03:00,2026-06-09 20:13:00,largo,29134.009,29044.249,29223.768999999997,89.7599999999984,SL,-91.2599999999984,-1.0167112299465244
2026-06-10 22:30:00,2026-06-10 22:56:00,largo,28412.099,28324.581,28499.617,87.51800000000003,SL,-89.01800000000003,-1.0171393313375534
2026-06-10 23:24:00,2026-06-11 00:16:00,largo,28339.136,28232.636,28445.636,106.5,TP,105.0,0.9859154929577465
2026-06-11 14:30:00,2026-06-11 17:29:00,corto,28767.529,29016.222,28518.835999999996,248.69300000000294,SL,-250.19300000000294,-1.0060315328537595
2026-06-11 17:45:00,2026-06-11 18:03:00,corto,29172.989,29267.587,29078.391000000003,94.59799999999814,TP,93.09799999999814,0.9841434279794495
2026-06-11 18:33:00,2026-06-11 18:48:00,corto,29151.799,29232.12,29071.478,80.32099999999991,SL,-81.82099999999991,-1.0186750662964854
2026-06-12 00:09:00,2026-06-12 00:29:00,corto,29539.41,29575.964,29502.856,36.55400000000009,SL,-38.05400000000009,-1.0410351808283633
2026-06-12 04:36:00,2026-06-12 04:46:00,corto,29498.342,29518.21,29478.474000000002,19.867999999998574,SL,-21.367999999998574,-1.0754982887054614
2026-06-12 08:30:00,2026-06-12 08:35:00,corto,29497.943,29538.865,29457.020999999997,40.9220000000023,TP,39.4220000000023,0.9633449000537628
2026-06-12 08:39:00,2026-06-12 09:16:00,corto,29436.364,29538.865,29333.863,102.5010000000002,SL,-104.0010000000002,-1.0146340035706969
2026-06-12 15:36:00,2026-06-12 15:48:00,corto,29617.853,29737.51,29498.196,119.65699999999924,TP,118.15699999999924,0.9874641684147186
2026-06-12 15:48:00,2026-06-14 22:00:00,corto,29477.021,29737.51,29216.532000000003,260.48899999999776,SL,-261.98899999999776,-1.0057584005466642
2026-06-16 13:33:00,2026-06-16 14:19:00,largo,30510.549,30428.489,30592.608999999997,82.05999999999767,SL,-83.55999999999767,-1.0182793078235444
2026-06-18 13:42:00,2026-06-18 14:18:00,corto,30083.009,30295.398,29870.619999999995,212.38900000000285,SL,-213.88900000000285,-1.0070625126536683
2026-06-18 15:27:00,2026-06-18 16:21:00,corto,30265.442,30358.499,30172.385,93.0570000000007,SL,-94.5570000000007,-1.01611915277733
2026-06-19 04:06:00,2026-06-19 04:46:00,largo,30184.632,30147.797,30221.467000000004,36.835000000002765,SL,-38.335000000002765,-1.0407221392697132
2026-06-19 15:30:00,2026-06-19 15:37:00,corto,30370.71,30394.898,30346.521999999997,24.18800000000192,TP,22.68800000000192,0.9379857780717761
2026-06-19 15:42:00,2026-06-21 22:00:00,corto,30348.509,30394.898,30302.119999999995,46.38900000000285,TP,44.88900000000285,0.9676647481083898
2026-06-22 08:45:00,2026-06-22 11:04:00,corto,30402.827,30455.709,30349.945000000003,52.88199999999779,SL,-54.38199999999779,-1.028365039143755
2026-06-22 11:27:00,2026-06-22 12:32:00,corto,30427.632,30518.354,30336.910000000003,90.72199999999793,SL,-92.22199999999793,-1.0165340270276233
2026-06-22 16:18:00,2026-06-23 00:21:00,largo,30296.639,30183.886,30409.392,112.75300000000061,SL,-114.25300000000061,-1.013303415430188
2026-06-23 00:30:00,2026-06-23 00:44:00,largo,30213.566,30150.783,30276.349,62.78299999999945,TP,61.28299999999945,0.9761081821512191
2026-06-23 00:57:00,2026-06-23 01:45:00,largo,30291.511,30150.783,30432.238999999998,140.72799999999916,SL,-142.22799999999916,-1.0106588596441364
2026-06-23 03:42:00,2026-06-23 03:52:00,largo,30021.055,29991.131,30050.979,29.92399999999907,TP,28.42399999999907,0.9498730116294597
2026-06-23 18:48:00,2026-06-23 18:54:00,largo,29346.459,29284.578,29408.339999999997,61.880999999997584,SL,-63.380999999997584,-1.024240073689825
2026-06-24 13:48:00,2026-06-24 14:20:00,largo,29414.069,29258.367,29569.771,155.70200000000114,SL,-157.20200000000114,-1.0096337876199406
2026-06-24 14:21:00,2026-06-24 14:32:00,largo,29343.349,29219.925,29466.772999999997,123.42399999999907,TP,121.92399999999907,0.9878467721026704
2026-06-24 14:42:00,2026-06-24 17:16:00,largo,29481.608,29219.925,29743.291,261.6830000000009,SL,-263.1830000000009,-1.0057321262749204
2026-06-25 07:33:00,2026-06-25 08:00:00,corto,29861.519,29887.521,29835.517,26.002000000000407,SL,-27.502000000000407,-1.0576878701638326
2026-06-25 12:09:00,2026-06-25 12:13:00,corto,29858.75,29877.029,29840.471,18.278999999998632,TP,16.778999999998632,0.9179386180863224
2026-06-26 04:39:00,2026-06-26 04:48:00,largo,29008.148,28978.665,29037.631,29.483000000000175,SL,-30.983000000000175,-1.050876776447444
2026-06-26 13:21:00,2026-06-26 13:33:00,largo,28995.995,28913.065,29078.925,82.93000000000029,SL,-84.43000000000029,-1.018087543711564
2026-06-26 15:45:00,2026-06-26 15:51:00,corto,29339.81,29416.049,29263.571000000004,76.23899999999776,TP,74.73899999999776,0.9803250304962021
2026-06-26 20:06:00,2026-06-28 22:01:00,largo,29024.547,28972.787,29076.306999999997,51.7599999999984,TP,50.2599999999984,0.9710200927357023
2026-06-29 14:33:00,2026-06-29 17:14:00,largo,29347.931,28981.198,29714.664,366.7330000000002,TP,365.2330000000002,0.9959098308578721
2026-06-30 00:27:00,2026-06-30 03:36:00,corto,29721.044,29809.783,29632.305000000004,88.73899999999776,SL,-90.23899999999776,-1.0169035035328327
2026-07-02 00:21:00,2026-07-02 01:03:00,largo,29779.958,29691.953,29867.962999999996,88.00499999999738,TP,86.50499999999738,0.9829555138912557
2026-07-02 15:09:00,2026-07-02 15:19:00,largo,29517.321,29375.697,29658.945,141.6239999999998,SL,-143.1239999999998,-1.0105914251821726
2026-07-02 15:30:00,2026-07-02 16:02:00,largo,29481.0,29368.761,29593.239,112.2390000000014,SL,-113.7390000000014,-1.0133643385988826
2026-07-03 05:36:00,2026-07-03 05:46:00,corto,29585.522,29600.209,29570.835000000003,14.68699999999808,TP,13.18699999999808,0.8978688636208758
2026-07-05 22:27:00,2026-07-06 00:30:00,largo,29703.097,29615.881,29790.313000000002,87.21600000000035,SL,-88.71600000000035,-1.0171986791414418
2026-07-06 08:00:00,2026-07-06 08:11:00,largo,29631.889,29612.143,29651.635,19.745999999999185,SL,-21.245999999999185,-1.0759647523549105
2026-07-06 09:06:00,2026-07-06 09:20:00,largo,29625.175,29607.619,29642.731,17.556000000000495,SL,-19.056000000000495,-1.0854408749145568
2026-07-06 11:12:00,2026-07-06 11:20:00,largo,29624.865,29607.843,29641.887000000002,17.022000000000844,TP,15.522000000000844,0.9118787451533353
2026-07-06 13:57:00,2026-07-06 14:11:00,corto,29687.232,29763.65,29610.814,76.41800000000148,SL,-77.91800000000148,-1.019628883247402
2026-07-06 15:33:00,2026-07-06 15:42:00,corto,29787.331,29828.229,29746.432999999997,40.89800000000105,SL,-42.39800000000105,-1.0366766101031826
2026-07-08 18:12:00,2026-07-08 18:16:00,corto,29183.529,29202.589,29164.468999999997,19.06000000000131,TP,17.56000000000131,0.9213011542497431
2026-07-08 18:27:00,2026-07-08 19:00:00,corto,29149.518,29202.589,29096.447,53.07099999999991,SL,-54.57099999999991,-1.0282640236664091
2026-07-09 00:57:00,2026-07-09 02:53:00,corto,29288.042,29366.705,29209.379,78.66300000000047,TP,77.16300000000047,0.9809313145951719
2026-07-09 03:39:00,2026-07-09 03:43:00,corto,29264.742,29283.175,29246.308999999997,18.433000000000902,SL,-19.933000000000902,-1.0813757934139818
2026-07-10 12:09:00,2026-07-10 12:13:00,largo,29578.3,29558.219,29598.380999999998,20.080999999998312,TP,18.580999999998312,0.9253025247746564
2026-07-10 12:24:00,2026-07-10 13:36:00,largo,29639.85,29558.219,29721.480999999996,81.63099999999758,TP,80.13099999999758,0.9816246278987144
2026-07-10 14:42:00,2026-07-13 04:00:00,largo,29678.34,29464.058,29892.622,214.28199999999924,SL,-215.78199999999924,-1.0070001213354365
2026-07-13 12:54:00,2026-07-13 13:30:00,largo,29506.272,29442.597,29569.947,63.67499999999927,SL,-65.17499999999927,-1.0235571260306244
2026-07-14 02:27:00,2026-07-14 02:34:00,largo,29196.066,29167.425,29224.707,28.64099999999962,SL,-30.14099999999962,-1.0523724730281772
2026-07-15 15:18:00,2026-07-15 16:03:00,largo,29395.976,29334.42,29457.532,61.556000000000495,SL,-63.056000000000495,-1.024368055104295
2026-07-16 00:15:00,2026-07-16 00:27:00,corto,29519.289,29568.289,29470.289,49.0,TP,47.5,0.9693877551020408
2026-07-16 03:36:00,2026-07-16 04:14:00,corto,29530.975,29557.064,29504.886,26.088999999999942,SL,-27.588999999999942,-1.0574954961861323
2026-07-16 04:15:00,2026-07-16 04:40:00,corto,29531.289,29561.189,29501.389000000003,29.899999999997817,TP,28.399999999997817,0.9498327759197288
2026-07-16 12:27:00,2026-07-16 12:37:00,largo,29211.064,29182.553,29239.574999999997,28.510999999998603,SL,-30.010999999998603,-1.0526112728420636
2026-07-16 13:00:00,2026-07-16 13:07:00,largo,29214.065,29191.498,29236.631999999998,22.566999999999098,TP,21.066999999999098,0.9335312624628856
2026-07-16 15:24:00,2026-07-16 16:05:00,largo,29250.742,29141.087,29360.396999999997,109.65499999999884,SL,-111.15499999999884,-1.0136792667913002
2026-07-17 00:15:00,2026-07-17 00:22:00,largo,28885.231,28842.732,28927.73,42.498999999999796,SL,-43.998999999999796,-1.0352949481164264
2026-07-19 23:45:00,2026-07-19 23:58:00,corto,28651.476,28690.997,28611.954999999998,39.52100000000064,SL,-41.02100000000064,-1.0379545051997665
2026-07-21 09:21:00,2026-07-21 09:30:00,corto,29008.342,29026.189,28990.495000000003,17.846999999997934,TP,16.346999999997934,0.9159522608841725
2026-07-21 12:12:00,2026-07-21 12:15:00,corto,29007.42,29025.089,28989.750999999997,17.669000000001688,TP,16.169000000001688,0.9151055520969009
2026-07-21 12:39:00,2026-07-21 13:26:00,corto,28945.386,29025.089,28865.682999999997,79.70300000000134,SL,-81.20300000000134,-1.0188198687627814
2026-07-21 13:39:00,2026-07-21 14:45:00,corto,28975.819,29076.409,28875.229,100.59000000000015,SL,-102.09000000000015,-1.0149120190873844
2026-07-22 05:24:00,2026-07-22 05:30:00,largo,29011.276,28995.321,29027.231000000003,15.955000000001746,SL,-17.455000000001746,-1.0940144155437064
2026-07-22 23:30:00,2026-07-22 23:46:00,largo,28905.776,28859.908,28951.644000000004,45.86800000000221,TP,44.36800000000221,0.9672974622830748
2026-07-22 23:57:00,2026-07-23 00:51:00,largo,28975.943,28859.908,29091.978,116.03499999999985,TP,114.53499999999985,0.9870728659456198
2026-07-23 03:18:00,2026-07-23 03:30:00,largo,28891.576,28862.619,28920.533000000003,28.957000000002154,TP,27.457000000002154,0.9481990537693861
2026-07-23 03:27:00,2026-07-23 04:15:00,largo,28916.864,28862.619,28971.109000000004,54.24500000000262,TP,52.74500000000262,0.9723476818139934
2026-07-23 08:24:00,2026-07-23 11:35:00,largo,28882.265,28790.886,28973.644,91.37900000000081,SL,-92.87900000000081,-1.016415150089189
2026-07-23 16:33:00,2026-07-23 17:41:00,largo,28548.054,28412.832,28683.276,135.22200000000157,SL,-136.72200000000157,-1.011092869503483
2026-07-26 22:51:00,2026-07-26 23:48:00,corto,28467.908,28529.697,28406.119,61.78900000000067,SL,-63.28900000000067,-1.0242761656605541
2026-07-27 01:45:00,2026-07-27 05:11:00,largo,28445.132,28373.775,28516.489,71.35699999999997,TP,69.85699999999997,0.9789789368947686
2026-07-27 12:30:00,2026-07-27 13:00:00,corto,28480.899,28545.109,28416.689000000002,64.20999999999913,SL,-65.70999999999913,-1.0233608472200595
2026-07-28 01:42:00,2026-07-28 02:32:00,largo,27928.676,27817.608,28039.744,111.0679999999993,SL,-112.5679999999993,-1.013505240033133
2026-07-28 02:36:00,2026-07-28 03:06:00,largo,27831.786,27800.099,27863.473,31.687000000001717,SL,-33.18700000000172,-1.047338025057592
2026-07-28 03:12:00,2026-07-28 03:17:00,largo,27817.231,27781.775,27852.686999999998,35.45599999999831,TP,33.95599999999831,0.9576940433212976
2026-07-28 04:45:00,2026-07-28 04:53:00,largo,27837.81,27808.242,27867.378000000004,29.56800000000294,SL,-31.06800000000294,-1.0507305194805145
2026-07-28 16:06:00,2026-07-28 16:31:00,corto,27866.099,27919.475,27812.722999999998,53.376000000000204,TP,51.876000000000204,0.9718974820143886
2026-07-29 03:42:00,2026-07-29 03:51:00,largo,27625.009,27593.965,27656.052999999996,31.04399999999805,SL,-32.54399999999805,-1.0483185156552022
2026-07-29 15:15:00,2026-07-29 15:19:00,largo,27460.643,27421.343,27499.943,39.29999999999927,SL,-40.79999999999927,-1.0381679389312983
2026-07-29 16:45:00,2026-07-29 17:03:00,largo,27386.142,27267.297,27504.987,118.84500000000116,TP,117.34500000000116,0.9873785182380412
2026-07-30 14:03:00,2026-07-30 14:07:00,corto,28009.342,28046.864,27971.82,37.522000000000844,TP,36.022000000000844,0.9600234529076285
2026-07-30 23:36:00,2026-07-30 23:52:00,corto,28253.032,28298.719,28207.344999999998,45.68700000000172,SL,-47.18700000000172,-1.0328320966576914
